-6.88598e-23 -6.88144e-23 -6.8769e-23 -6.87236e-23 -6.86782e-23 -6.86328e-23 -6.85874e-23 -6.85419e-23 -6.84965e-23 -6.84511e-23 -6.84057e-23 -6.83603e-23 -6.83149e-23 -6.82695e-23 -6.82241e-23 -6.81787e-23 -6.81333e-23
-6.19527e-23 -6.1806e-23 -6.16593e-23 -6.15126e-23 -6.13659e-23 -6.12192e-23 -6.10725e-23 -6.09258e-23 -6.07791e-23 -6.06324e-23 -6.04857e-23 -6.0339e-23 -6.01923e-23 -6.00456e-23 -5.98989e-23 -5.97522e-23 -5.96055e-23
-1.44554e-22 -1.44004e-22 -1.43454e-22 -1.42904e-22 -1.42354e-22 -1.41804e-22 -1.41254e-22 -1.40704e-22 -1.40154e-22 -1.39604e-22 -1.39054e-22 -1.38504e-22 -1.37954e-22 -1.37404e-22 -1.36854e-22 -1.36304e-22 -1.35754e-22
-8.19426e-23 -8.12405e-23 -8.05385e-23 -7.98364e-23 -7.91344e-23 -7.84323e-23 -7.77303e-23 -7.70282e-23 -7.63262e-23 -7.56241e-23 -7.49221e-23 -7.422e-23 -7.3518e-23 -7.28159e-23 -7.21139e-23 -7.14118e-23 -7.07098e-23
9.38089e-24 1.0493e-23 1.16051e-23 1.27173e-23 1.38294e-23 1.49415e-23 1.60536e-23 1.71658e-23 1.82779e-23 1.939e-23 2.05021e-23 2.16143e-23 2.27264e-23 2.38385e-23 2.49506e-23 2.60628e-23 2.71749e-23
-1.83996e-22 -1.81594e-22 -1.79193e-22 -1.76791e-22 -1.74389e-22 -1.71988e-22 -1.69586e-22 -1.67184e-22 -1.64783e-22 -1.62381e-22 -1.5998e-22 -1.57578e-22 -1.55176e-22 -1.52775e-22 -1.50373e-22 -1.47972e-22 -1.4557e-22
-3.91998e-22 -3.85462e-22 -3.78926e-22 -3.7239e-22 -3.65854e-22 -3.59319e-22 -4.4115e-22 -4.34614e-22 -4.28078e-22 -4.21543e-22 -4.15007e-22 -4.08471e-22 -4.46119e-22 -4.39583e-22 -4.33047e-22 -4.26511e-22 -5.08343e-22
4.81305e-23 5.42137e-23 6.02968e-23 6.63799e-23 7.2463e-23 7.85461e-23 -3.73838e-24 2.34474e-24 8.42786e-24 1.4511e-23 2.05941e-23 2.66772e-23 -1.14235e-23 -5.34037e-24 7.42751e-25 6.82587e-24 1.39916e-23
-3.50528e-22 -3.41413e-22 -3.32299e-22 -3.23185e-22 -3.14071e-22 -3.04956e-22 -3.8421e-22 -3.75096e-22 -3.65981e-22 -3.56867e-22 -3.47753e-22 -3.38639e-22 -3.73708e-22 -3.64594e-22 -3.5548e-22 -3.46366e-22 -3.36169e-22
9.46107e-23 1.03557e-22 1.12502e-22 1.21448e-22 1.30394e-22 1.3934e-22 5.99183e-23 6.88642e-23 7.78101e-23 8.6756e-23 9.57018e-23 1.04648e-22 6.94098e-23 7.83557e-23 8.73015e-23 9.62474e-23 1.06276e-22
9.16977e-07 8.59252e-07 8.01583e-07 7.43971e-07 6.86414e-07 6.28913e-07 5.71467e-07 5.14076e-07 4.56741e-07 3.99459e-07 3.42233e-07 2.8506e-07 2.27941e-07 1.70876e-07 1.13864e-07 5.69056e-08 3.55032e-15
7.5944e-07 7.11561e-07 6.63738e-07 6.15972e-07 5.68261e-07 5.20606e-07 4.73006e-07 4.25462e-07 3.77972e-07 3.30537e-07 2.83156e-07 2.35829e-07 1.88557e-07 1.41338e-07 9.41721e-08 4.70596e-08 -1.32988e-13
6.01903e-07 5.6387e-07 5.25893e-07 4.87973e-07 4.50108e-07 4.12299e-07 3.74545e-07 3.36847e-07 2.99203e-07 2.61614e-07 2.2408e-07 1.86599e-07 1.49172e-07 1.11799e-07 7.44799e-08 3.72135e-08 -1.31972e-13
4.44366e-07 4.16179e-07 3.88048e-07 3.59974e-07 3.31955e-07 3.03992e-07 2.76085e-07 2.48232e-07 2.20435e-07 1.92692e-07 1.65003e-07 1.37369e-07 1.09788e-07 8.22613e-08 5.47878e-08 2.73674e-08 -2.9858e-13
-1.25647e-07 -1.18201e-07 -1.107e-07 -1.03143e-07 -9.55318e-08 -8.78657e-08 -8.0145e-08 -7.23702e-08 -6.45414e-08 -5.66589e-08 -4.87231e-08 -4.0734e-08 -3.2692e-08 -2.45974e-08 -1.64503e-08 -8.25111e-09 -1.98396e-13
-6.98981e-07 -6.55448e-07 -6.11893e-07 -5.68318e-07 -5.24721e-07 -4.81104e-07 -4.37466e-07 -3.93809e-07 -3.50131e-07 -3.06432e-07 -2.62715e-07 -2.18977e-07 -1.7522e-07 -1.31444e-07 -8.76481e-08 -4.38335e-08 6.17077e-13
-1.27374e-06 -1.19369e-06 -1.1137e-06 -1.03377e-06 -9.53901e-07 -8.74091e-07 -7.94341e-07 -7.14649e-07 -6.35016e-07 -5.5544e-07 -4.75922e-07 -3.96462e-07 -3.17057e-07 -2.3771e-07 -1.58418e-07 -7.91813e-08 6.14937e-13
-2.11464e-06 -1.98051e-06 -1.84665e-06 -1.71307e-06 -1.57976e-06 -1.44671e-06 -1.31393e-06 -1.18141e-06 -1.04915e-06 -9.17143e-07 -7.85389e-07 -6.53885e-07 -5.22626e-07 -3.91611e-07 -2.60837e-07 -1.30301e-07 1.95399e-12
-2.96195e-06 -2.77246e-06 -2.5836e-06 -2.39536e-06 -2.20772e-06 -2.02068e-06 -1.83423e-06 -1.64836e-06 -1.46305e-06 -1.27831e-06 -1.09411e-06 -9.10454e-07 -7.27331e-07 -5.44732e-07 -3.62649e-07 -1.81074e-07 1.67604e-12
-4.12774e-06 -3.65721e-06 -3.30786e-06 -3.02638e-06 -2.78789e-06 -2.55042e-06 -2.31395e-06 -2.07846e-06 -1.84393e-06 -1.61034e-06 -1.37767e-06 -1.1459e-06 -9.15018e-07 -6.85003e-07 -4.55839e-07 -2.2751e-07 2.51798e-14
-4.59068e-06 -4.0612e-06 -3.61095e-06 -3.29975e-06 -3.00289e-06 -2.74659e-06 -2.49148e-06 -2.23752e-06 -1.98469e-06 -1.73297e-06 -1.48233e-06 -1.23276e-06 -9.84214e-07 -7.36688e-07 -4.90157e-07 -2.44601e-07 3.6154e-14
-5.10283e-06 -4.44686e-06 -3.94634e-06 -3.55839e-06 -3.22762e-06 -2.92761e-06 -2.65523e-06 -2.38419e-06 -2.11444e-06 -1.84597e-06 -1.57875e-06 -1.31274e-06 -1.04791e-06 -7.84255e-07 -5.21732e-07 -2.60322e-07 -8.62277e-13
-5.58873e-06 -4.86058e-06 -4.27421e-06 -3.83028e-06 -3.44758e-06 -3.1021e-06 -2.80679e-06 -2.51988e-06 -2.23445e-06 -1.95046e-06 -1.66787e-06 -1.38664e-06 -1.10676e-06 -8.28185e-07 -5.50885e-07 -2.74833e-07 1.64014e-14
-5.87066e-06 -5.11401e-06 -4.46406e-06 -3.99933e-06 -3.57339e-06 -3.21378e-06 -2.89341e-06 -2.59741e-06 -2.303e-06 -2.01012e-06 -1.71874e-06 -1.42883e-06 -1.14034e-06 -8.53249e-07 -5.67515e-07 -2.83109e-07 -1.77897e-12
-6.1991e-06 -5.3557e-06 -4.65472e-06 -4.16376e-06 -3.69931e-06 -3.32273e-06 -2.97572e-06 -2.67108e-06 -2.36811e-06 -2.06679e-06 -1.76706e-06 -1.46889e-06 -1.17222e-06 -8.77041e-07 -5.83298e-07 -2.90962e-07 7.57595e-15
-6.5163e-06 -5.59559e-06 -4.8694e-06 -4.32389e-06 -3.841e-06 -3.42745e-06 -3.0548e-06 -2.74184e-06 -2.43066e-06 -2.12121e-06 -1.81345e-06 -1.50734e-06 -1.20283e-06 -8.99874e-07 -5.98443e-07 -2.98497e-07 -1.13847e-14
-6.88993e-06 -5.87796e-06 -5.12197e-06 -4.51217e-06 -4.00754e-06 -3.55046e-06 -3.16151e-06 -2.82491e-06 -2.50407e-06 -2.18508e-06 -1.86789e-06 -1.55245e-06 -1.23872e-06 -9.26653e-07 -6.16204e-07 -3.07332e-07 3.96003e-13
-7.24202e-06 -6.18804e-06 -5.35968e-06 -4.7083e-06 -4.16761e-06 -3.66606e-06 -3.26482e-06 -2.90293e-06 -2.573e-06 -2.24503e-06 -1.91898e-06 -1.59479e-06 -1.2724e-06 -9.51774e-07 -6.32862e-07 -3.15618e-07 1.75308e-15
-7.57941e-06 -6.49583e-06 -5.59053e-06 -4.9146e-06 -4.32047e-06 -3.79887e-06 -3.36316e-06 -2.97643e-06 -2.63792e-06 -2.30149e-06 -1.96709e-06 -1.63464e-06 -1.3041e-06 -9.75417e-07 -6.48537e-07 -3.23413e-07 -8.01088e-13
-8.07912e-06 -6.93546e-06 -5.92115e-06 -5.20888e-06 -4.53836e-06 -3.99013e-06 -3.50319e-06 -3.08349e-06 -2.73031e-06 -2.38183e-06 -2.03552e-06 -1.69132e-06 -1.34918e-06 -1.00903e-06 -6.70819e-07 -3.34493e-07 6.19844e-15
-8.64133e-06 -7.35751e-06 -6.29411e-06 -5.49418e-06 -4.77833e-06 -4.1768e-06 -3.63716e-06 -3.19903e-06 -2.81863e-06 -2.4586e-06 -2.1009e-06 -1.74547e-06 -1.39223e-06 -1.04113e-06 -6.92091e-07 -3.45068e-07 -1.69559e-14
-9.19004e-06 -7.77643e-06 -6.6728e-06 -5.77773e-06 -5.02907e-06 -4.36112e-06 -3.78801e-06 -3.31528e-06 -2.9044e-06 -2.53314e-06 -2.16437e-06 -1.79802e-06 -1.43401e-06 -1.07226e-06 -7.12724e-07 -3.55323e-07 -4.83789e-13
-9.82775e-06 -8.29808e-06 -7.11222e-06 -6.13152e-06 -5.31959e-06 -4.5745e-06 -3.9736e-06 -3.44971e-06 -3.00355e-06 -2.61928e-06 -2.2377e-06 -1.85871e-06 -1.48224e-06 -1.10821e-06 -7.36541e-07 -3.67159e-07 -1.01027e-14
-1.04226e-05 -8.84604e-06 -7.52146e-06 -6.50632e-06 -5.59595e-06 -4.80875e-06 -4.14834e-06 -3.57447e-06 -3.09908e-06 -2.69915e-06 -2.30567e-06 -1.91496e-06 -1.52694e-06 -1.14151e-06 -7.58599e-07 -3.78119e-07 -1.59081e-13
-1.10124e-05 -9.38874e-06 -7.93654e-06 -6.87698e-06 -5.87146e-06 -5.05043e-06 -4.32436e-06 -3.70053e-06 -3.20371e-06 -2.77785e-06 -2.37263e-06 -1.97037e-06 -1.57095e-06 -1.1743e-06 -7.8031e-07 -3.88904e-07 -8.5797e-14
-1.1744e-05 -1.00545e-05 -8.50112e-06 -7.3309e-06 -6.25555e-06 -5.34593e-06 -4.53939e-06 -3.88553e-06 -3.33597e-06 -2.87384e-06 -2.45428e-06 -2.0379e-06 -1.62459e-06 -1.21425e-06 -8.06759e-07 -4.0204e-07 -1.91895e-13
-1.25686e-05 -1.0703e-05 -9.09516e-06 -7.77807e-06 -6.65679e-06 -5.64016e-06 -4.7768e-06 -4.06482e-06 -3.46407e-06 -2.96675e-06 -2.53329e-06 -2.10323e-06 -1.67647e-06 -1.25287e-06 -8.32324e-07 -4.14735e-07 -2.2271e-13
-1.33855e-05 -1.13453e-05 -9.6828e-06 -8.23663e-06 -7.05304e-06 -5.93222e-06 -5.03058e-06 -4.24696e-06 -3.59018e-06 -3.05816e-06 -2.611e-06 -2.16748e-06 -1.72746e-06 -1.29083e-06 -8.57445e-07 -4.27206e-07 -1.84036e-13
-1.34134e-05 -1.13673e-05 -9.7029e-06 -8.25497e-06 -7.06658e-06 -5.9422e-06 -5.03924e-06 -4.2532e-06 -3.59448e-06 -3.06128e-06 -2.61365e-06 -2.16967e-06 -1.7292e-06 -1.29212e-06 -8.58301e-07 -4.27631e-07 2.64602e-14
-1.34018e-05 -1.13582e-05 -9.69451e-06 -8.24721e-06 -7.06086e-06 -5.93797e-06 -5.03552e-06 -4.25049e-06 -3.5926e-06 -3.0599e-06 -2.61246e-06 -2.16868e-06 -1.72841e-06 -1.29153e-06 -8.57907e-07 -4.27434e-07 -1.22749e-13
-1.33902e-05 -1.13492e-05 -9.68613e-06 -8.23945e-06 -7.05515e-06 -5.93373e-06 -5.03179e-06 -4.24779e-06 -3.59071e-06 -3.05852e-06 -2.61128e-06 -2.1677e-06 -1.72763e-06 -1.29094e-06 -8.57513e-07 -4.27237e-07 -1.24321e-13
-1.24907e-05 -1.06503e-05 -9.03703e-06 -7.73487e-06 -6.61301e-06 -5.60613e-06 -4.74347e-06 -4.04021e-06 -3.44487e-06 -2.95185e-06 -2.51985e-06 -2.0915e-06 -1.66667e-06 -1.24522e-06 -8.27036e-07 -4.11998e-07 -3.47497e-13
-1.15877e-05 -9.89366e-06 -8.33452e-06 -7.21246e-06 -6.13479e-06 -5.25806e-06 -4.47432e-06 -3.82134e-06 -3.28712e-06 -2.83647e-06 -2.42096e-06 -2.00909e-06 -1.60074e-06 -1.19577e-06 -7.94071e-07 -3.95515e-07 -1.68593e-13
-1.07288e-05 -9.09324e-06 -7.72453e-06 -6.66296e-06 -5.71642e-06 -4.89498e-06 -4.208e-06 -3.61419e-06 -3.12398e-06 -2.71444e-06 -2.31636e-06 -1.92193e-06 -1.53101e-06 -1.14348e-06 -7.59206e-07 -3.78083e-07 -1.16514e-12
-9.87112e-06 -8.32554e-06 -7.13115e-06 -6.12858e-06 -5.3139e-06 -4.56766e-06 -3.94888e-06 -3.42678e-06 -2.9816e-06 -2.5926e-06 -2.21192e-06 -1.8349e-06 -1.46139e-06 -1.09126e-06 -7.24394e-07 -3.60677e-07 2.21179e-15
-8.92924e-06 -7.61148e-06 -6.47895e-06 -5.63976e-06 -4.87848e-06 -4.24642e-06 -3.68439e-06 -3.22217e-06 -2.82868e-06 -2.4588e-06 -2.09723e-06 -1.73932e-06 -1.38493e-06 -1.03391e-06 -6.86164e-07 -3.41562e-07 -1.79838e-12
-8.04242e-06 -6.86214e-06 -5.8817e-06 -5.13491e-06 -4.48591e-06 -3.91391e-06 -3.44063e-06 -3.02617e-06 -2.66568e-06 -2.31617e-06 -1.97498e-06 -1.63744e-06 -1.30342e-06 -9.72786e-07 -6.45412e-07 -3.21186e-07 3.79214e-14
-7.26846e-06 -6.19062e-06 -5.35268e-06 -4.69135e-06 -4.13059e-06 -3.63619e-06 -3.20938e-06 -2.85002e-06 -2.5091e-06 -2.17916e-06 -1.85754e-06 -1.53958e-06 -1.22513e-06 -9.14069e-07 -6.06267e-07 -3.01614e-07 2.00911e-14
-6.43717e-06 -5.56435e-06 -4.81445e-06 -4.26827e-06 -3.77339e-06 -3.35605e-06 -2.99001e-06 -2.65844e-06 -2.3388e-06 -2.03015e-06 -1.72982e-06 -1.43315e-06 -1.13999e-06 -8.50209e-07 -5.63694e-07 -2.80327e-07 1.18263e-14
-5.70115e-06 -4.9192e-06 -4.31655e-06 -3.84012e-06 -3.43967e-06 -3.07918e-06 -2.7581e-06 -2.44972e-06 -2.15328e-06 -1.86782e-06 -1.59068e-06 -1.31719e-06 -1.04722e-06 -7.80637e-07 -5.17312e-07 -2.57136e-07 1.89066e-14
-5.01613e-06 -4.39576e-06 -3.87213e-06 -3.48698e-06 -3.13963e-06 -2.83064e-06 -2.53216e-06 -2.24638e-06 -1.97252e-06 -1.70966e-06 -1.45511e-06 -1.20422e-06 -9.56847e-07 -7.12854e-07 -4.72124e-07 -2.34542e-07 -1.21101e-12
-4.41423e-06 -3.88707e-06 -3.46303e-06 -3.14221e-06 -2.84812e-06 -2.56403e-06 -2.28981e-06 -2.02826e-06 -1.77864e-06 -1.54001e-06 -1.3097e-06 -1.08305e-06 -8.59906e-07 -6.40149e-07 -4.23654e-07 -2.10307e-07 5.4933e-13
-3.73712e-06 -3.38844e-06 -3.09368e-06 -2.81547e-06 -2.54727e-06 -2.28889e-06 -2.03973e-06 -1.80318e-06 -1.57858e-06 -1.36495e-06 -1.15965e-06 -9.58005e-07 -7.59872e-07 -5.65123e-07 -3.73637e-07 -1.85298e-07 -1.69864e-13
-3.23922e-06 -2.96207e-06 -2.69783e-06 -2.4493e-06 -2.21011e-06 -1.98052e-06 -1.75941e-06 -1.55093e-06 -1.35436e-06 -1.16877e-06 -9.91495e-07 -8.17874e-07 -6.47767e-07 -4.81044e-07 -3.17584e-07 -1.57272e-07 7.89416e-14
-2.77878e-06 -2.53294e-06 -2.29941e-06 -2.08077e-06 -1.87076e-06 -1.67015e-06 -1.47727e-06 -1.29701e-06 -1.12866e-06 -9.71293e-07 -8.22241e-07 -6.76836e-07 -5.34938e-07 -3.96422e-07 -2.61169e-07 -1.29065e-07 -6.88306e-16
-2.31834e-06 -2.10382e-06 -1.90101e-06 -1.71223e-06 -1.53142e-06 -1.35978e-06 -1.19514e-06 -1.04309e-06 -9.02957e-07 -7.73802e-07 -6.52964e-07 -5.35774e-07 -4.22094e-07 -3.11794e-07 -2.04753e-07 -1.00858e-07 -1.52741e-15
-1.80913e-06 -1.62924e-06 -1.46039e-06 -1.30466e-06 -1.15613e-06 -1.01653e-06 -8.83111e-07 -7.62263e-07 -6.53337e-07 -5.55384e-07 -4.65749e-07 -3.79762e-07 -2.97285e-07 -2.18188e-07 -1.4235e-07 -6.96565e-08 -4.9068e-17
-1.29554e-06 -1.15059e-06 -1.016e-06 -8.93586e-07 -7.77621e-07 -6.70341e-07 -5.68407e-07 -4.7903e-07 -4.01575e-07 -3.35093e-07 -2.76929e-07 -2.22412e-07 -1.71404e-07 -1.23778e-07 -7.94098e-08 -3.81865e-08 -1.58158e-16
-7.81618e-07 -6.71706e-07 -5.71477e-07 -4.82473e-07 -3.99137e-07 -3.24229e-07 -2.53831e-07 -1.95955e-07 -1.4998e-07 -1.14949e-07 -8.82337e-08 -6.51661e-08 -4.56082e-08 -2.94306e-08 -1.65118e-08 -6.73756e-09 -3.60911e-16
-3.55253e-07 -2.74339e-07 -2.0255e-07 -1.41213e-07 -8.49233e-08 -3.68557e-08 7.38819e-09 3.91298e-08 5.89701e-08 6.78529e-08 6.84319e-08 6.53714e-08 5.88086e-08 4.88725e-08 3.56841e-08 1.93575e-08 -1.37413e-15
6.19696e-08 1.1467e-07 1.58743e-07 1.93087e-07 2.2298e-07 2.44863e-07 2.63607e-07 2.69859e-07 2.64305e-07 2.4766e-07 2.22624e-07 1.93963e-07 1.61792e-07 1.26188e-07 8.72757e-08 4.51756e-08 2.37334e-14
4.75685e-07 5.01501e-07 5.18953e-07 5.27171e-07 5.31424e-07 5.27668e-07 5.21402e-07 5.02333e-07 4.71068e-07 4.28589e-07 3.7764e-07 3.23038e-07 2.64928e-07 2.03445e-07 1.38717e-07 7.08644e-08 4.20363e-14
1.09145e-06 1.03933e-06 1.01767e-06 9.87879e-07 9.55058e-07 9.14586e-07 8.72626e-07 8.17958e-07 7.5118e-07 6.73281e-07 5.8702e-07 4.97223e-07 4.04036e-07 3.07596e-07 2.08031e-07 1.05461e-07 -2.32018e-13
1.77052e-06 1.64785e-06 1.52916e-06 1.44177e-06 1.37214e-06 1.29527e-06 1.21797e-06 1.1281e-06 1.02625e-06 9.13423e-07 7.92379e-07 6.67959e-07 5.40309e-07 4.09564e-07 2.75852e-07 1.39293e-07 -1.61387e-14
2.54576e-06 2.29075e-06 2.0691e-06 1.90754e-06 1.75749e-06 1.64676e-06 1.53662e-06 1.4141e-06 1.27975e-06 1.13459e-06 9.81403e-07 8.25023e-07 6.65597e-07 5.0326e-07 3.38137e-07 1.70347e-07 -1.37888e-14
2.79998e-06 2.52284e-06 2.26123e-06 2.0675e-06 1.89768e-06 1.75919e-06 1.6385e-06 1.5055e-06 1.36074e-06 1.20522e-06 1.04174e-06 8.75142e-07 7.05562e-07 5.33136e-07 3.57991e-07 1.80242e-07 -1.97484e-14
2.9967e-06 2.70635e-06 2.42594e-06 2.19114e-06 2.01072e-06 1.84604e-06 1.71719e-06 1.57608e-06 1.42326e-06 1.25975e-06 1.08832e-06 9.13818e-07 7.36397e-07 5.56185e-07 3.73305e-07 1.87873e-07 -6.56329e-15
3.22466e-06 2.88746e-06 2.58845e-06 2.31307e-06 2.12282e-06 1.93164e-06 1.79474e-06 1.64563e-06 1.48486e-06 1.31345e-06 1.13418e-06 9.51905e-07 7.66759e-07 5.78876e-07 3.88379e-07 1.95385e-07 4.00075e-14
3.48908e-06 3.08708e-06 2.773e-06 2.46565e-06 2.24625e-06 2.03989e-06 1.88009e-06 1.72216e-06 1.55263e-06 1.37253e-06 1.18463e-06 9.93788e-07 8.00141e-07 6.03821e-07 4.04949e-07 2.0364e-07 2.3494e-14
3.75133e-06 3.29104e-06 2.95662e-06 2.62948e-06 2.36846e-06 2.14917e-06 1.96454e-06 1.79787e-06 1.61967e-06 1.43096e-06 1.23452e-06 1.0352e-06 8.33143e-07 6.28478e-07 4.21325e-07 2.11797e-07 -1.63154e-14
4.00056e-06 3.52306e-06 3.13098e-06 2.78499e-06 2.48441e-06 2.25496e-06 2.04462e-06 1.86965e-06 1.68322e-06 1.48634e-06 1.28179e-06 1.07444e-06 8.64407e-07 6.51833e-07 4.36834e-07 2.19521e-07 1.74042e-13
4.61558e-06 4.0824e-06 3.57205e-06 3.17176e-06 2.80117e-06 2.50931e-06 2.24919e-06 2.04209e-06 1.83584e-06 1.6193e-06 1.39526e-06 1.16859e-06 9.39412e-07 7.07851e-07 4.74025e-07 2.38041e-07 3.43894e-14
5.28388e-06 4.67286e-06 4.10756e-06 3.57159e-06 3.1602e-06 2.7713e-06 2.48356e-06 2.21948e-06 1.99277e-06 1.75597e-06 1.51186e-06 1.2653e-06 1.01643e-06 7.65351e-07 5.12187e-07 2.57037e-07 5.27315e-15
6.01554e-06 5.23519e-06 4.61014e-06 4.01507e-06 3.49951e-06 3.06194e-06 2.70244e-06 2.38906e-06 2.13762e-06 1.88206e-06 1.61939e-06 1.35446e-06 1.0874e-06 8.18326e-07 5.47334e-07 2.74528e-07 6.532e-14
6.68424e-06 5.85531e-06 5.07769e-06 4.43172e-06 3.81374e-06 3.33775e-06 2.90134e-06 2.56299e-06 2.26909e-06 1.99647e-06 1.71693e-06 1.43531e-06 1.15174e-06 8.66329e-07 5.79174e-07 2.90368e-07 4.39086e-13
7.33496e-06 6.45113e-06 5.58448e-06 4.84072e-06 4.17897e-06 3.60662e-06 3.11929e-06 2.73302e-06 2.39469e-06 2.10573e-06 1.81004e-06 1.51247e-06 1.21312e-06 9.12116e-07 6.09535e-07 3.05469e-07 9.54102e-15
8.02538e-06 7.03553e-06 6.12333e-06 5.24442e-06 4.53622e-06 3.86935e-06 3.34807e-06 2.89893e-06 2.52019e-06 2.21224e-06 1.90078e-06 1.58764e-06 1.27291e-06 9.56698e-07 6.39089e-07 3.20164e-07 8.90977e-14
8.75659e-06 7.59928e-06 6.62971e-06 5.68765e-06 4.87831e-06 4.1601e-06 3.56921e-06 3.05419e-06 2.6527e-06 2.31182e-06 1.98559e-06 1.65787e-06 1.32876e-06 9.98331e-07 6.66681e-07 3.33881e-07 5.33445e-15
9.45024e-06 8.2026e-06 7.10979e-06 6.12709e-06 5.2053e-06 4.44723e-06 3.77853e-06 3.22101e-06 2.78184e-06 2.40565e-06 2.06548e-06 1.72401e-06 1.38133e-06 1.03752e-06 6.92645e-07 3.46785e-07 -4.12802e-15
1.01254e-05 8.82577e-06 7.58825e-06 6.5537e-06 5.54593e-06 4.72553e-06 3.98124e-06 3.39557e-06 2.90676e-06 2.49636e-06 2.1427e-06 1.78792e-06 1.43212e-06 1.07536e-06 7.17715e-07 3.59242e-07 1.19627e-12
1.09765e-05 9.61044e-06 8.26567e-06 7.08986e-06 6.03392e-06 5.08468e-06 4.27936e-06 3.61813e-06 3.06311e-06 2.60983e-06 2.23925e-06 1.86782e-06 1.4956e-06 1.12265e-06 7.49031e-07 3.74798e-07 2.15653e-12
1.18635e-05 1.04065e-05 8.99622e-06 7.6465e-06 6.52743e-06 5.44871e-06 4.59593e-06 3.84633e-06 3.22063e-06 2.74049e-06 2.33643e-06 1.9482e-06 1.55944e-06 1.17019e-06 7.80509e-07 3.90432e-07 2.21375e-13
1.282e-05 1.11604e-05 9.68711e-06 8.24079e-06 6.99321e-06 5.85907e-06 4.89506e-06 4.06107e-06 3.40112e-06 2.86816e-06 2.42771e-06 2.02368e-06 1.61937e-06 1.21481e-06 8.1004e-07 4.05094e-07 1.01427e-14
1.32945e-05 1.1538e-05 1.00295e-05 8.55311e-06 7.22583e-06 6.06703e-06 5.04715e-06 4.17029e-06 3.49115e-06 2.9315e-06 2.47271e-06 2.06088e-06 1.6489e-06 1.23679e-06 8.24587e-07 4.12315e-07 1.04095e-13
1.3691e-05 1.18652e-05 1.03154e-05 8.81373e-06 7.42324e-06 6.24041e-06 5.17389e-06 4.27932e-06 3.56612e-06 2.98422e-06 2.51016e-06 2.09184e-06 1.67347e-06 1.25508e-06 8.36686e-07 4.18321e-07 8.26525e-14
1.40757e-05 1.22188e-05 1.05925e-05 9.06625e-06 7.61446e-06 6.40829e-06 5.29655e-06 4.3848e-06 3.63937e-06 3.03519e-06 2.54637e-06 2.12176e-06 1.69722e-06 1.27275e-06 8.48377e-07 4.24123e-07 7.00492e-13
1.47337e-05 1.28232e-05 1.10661e-05 9.49754e-06 7.95866e-06 6.6947e-06 5.50569e-06 4.56459e-06 3.76722e-06 3.12199e-06 2.608e-06 2.17269e-06 1.73762e-06 1.30281e-06 8.68266e-07 4.33992e-07 1.17731e-13
1.54261e-05 1.34584e-05 1.15677e-05 9.95028e-06 8.36877e-06 6.99494e-06 5.75977e-06 4.75281e-06 3.90099e-06 3.21276e-06 2.67242e-06 2.22591e-06 1.77984e-06 1.33422e-06 8.89038e-07 4.44298e-07 5.61676e-14
1.61827e-05 1.40802e-05 1.21005e-05 1.03929e-05 8.76939e-06 7.29118e-06 6.02168e-06 4.93632e-06 4.03132e-06 3.30114e-06 2.73822e-06 2.2777e-06 1.82092e-06 1.36477e-06 9.0924e-07 4.5432e-07 1.1571e-13
1.66782e-05 1.43346e-05 1.23329e-05 1.05739e-05 8.93307e-06 7.4141e-06 6.12859e-06 5.01294e-06 4.08447e-06 3.34049e-06 2.76771e-06 2.29881e-06 1.83766e-06 1.37722e-06 9.17468e-07 4.58401e-07 8.14292e-15
1.7097e-05 1.45316e-05 1.25128e-05 1.07139e-05 9.05968e-06 7.50917e-06 6.21126e-06 5.07268e-06 4.12554e-06 3.37478e-06 2.7905e-06 2.31511e-06 1.85058e-06 1.38683e-06 9.23823e-07 4.61552e-07 -1.37463e-14
1.75181e-05 1.47284e-05 1.26925e-05 1.08538e-05 9.18616e-06 7.60411e-06 6.2938e-06 5.13231e-06 4.16653e-06 3.40899e-06 2.81324e-06 2.33137e-06 1.86348e-06 1.39641e-06 9.30161e-07 4.64696e-07 2.51405e-12
1.71813e-05 1.44153e-05 1.2402e-05 1.06302e-05 8.98088e-06 7.44971e-06 6.15781e-06 5.03322e-06 4.09768e-06 3.35081e-06 2.77421e-06 2.3032e-06 1.84094e-06 1.37951e-06 9.18893e-07 4.59062e-07 1.23928e-13
1.6745e-05 1.40097e-05 1.20255e-05 1.03405e-05 8.71492e-06 7.24973e-06 5.98168e-06 4.907e-06 4.00849e-06 3.28534e-06 2.72365e-06 2.26671e-06 1.81175e-06 1.35762e-06 9.04299e-07 4.51765e-07 3.86468e-14
1.62999e-05 1.35959e-05 1.16855e-05 1.0045e-05 8.44338e-06 7.0506e-06 5.802e-06 4.78027e-06 3.91751e-06 3.223e-06 2.67852e-06 2.22949e-06 1.78198e-06 1.33529e-06 8.89411e-07 4.44321e-07 3.27204e-13
1.54258e-05 1.2783e-05 1.10536e-05 9.46417e-06 7.92474e-06 6.6612e-06 5.48316e-06 4.53131e-06 3.73883e-06 3.10057e-06 2.5908e-06 2.15639e-06 1.7235e-06 1.29143e-06 8.60171e-07 4.29701e-07 6.77167e-14
1.4442e-05 1.19212e-05 1.03455e-05 8.81046e-06 7.43095e-06 6.22304e-06 5.16137e-06 4.25097e-06 3.54172e-06 2.9628e-06 2.49209e-06 2.07414e-06 1.65769e-06 1.24208e-06 8.27268e-07 4.13249e-07 8.33946e-15
1.34104e-05 1.11188e-05 9.60323e-06 8.13174e-06 6.92583e-06 5.76382e-06 4.82879e-06 4.00813e-06 3.3382e-06 2.81841e-06 2.38864e-06 1.98793e-06 1.58872e-06 1.19035e-06 7.92784e-07 3.96007e-07 2.77813e-13
1.24082e-05 1.03281e-05 8.87004e-06 7.57471e-06 6.42899e-06 5.3786e-06 4.50602e-06 3.77395e-06 3.16496e-06 2.67997e-06 2.28645e-06 1.90277e-06 1.5206e-06 1.13925e-06 7.58721e-07 3.78976e-07 3.09154e-13
1.15331e-05 9.52128e-06 8.16048e-06 7.02033e-06 5.92195e-06 5.0031e-06 4.18129e-06 3.53744e-06 2.99865e-06 2.55551e-06 2.18219e-06 1.81588e-06 1.45109e-06 1.08712e-06 7.23967e-07 3.61599e-07 1.00839e-12
1.06296e-05 8.68219e-06 7.52391e-06 6.44584e-06 5.45737e-06 4.62465e-06 3.90496e-06 3.29746e-06 2.82569e-06 2.42901e-06 2.07376e-06 1.72552e-06 1.3788e-06 1.03291e-06 6.87823e-07 3.43527e-07 7.03167e-13
9.83075e-06 8.0449e-06 6.97345e-06 5.93652e-06 5.0792e-06 4.29051e-06 3.66064e-06 3.11234e-06 2.67458e-06 2.31715e-06 1.97788e-06 1.64563e-06 1.31489e-06 9.84971e-07 6.55865e-07 3.27548e-07 1.12773e-14
9.01139e-06 7.42975e-06 6.40761e-06 5.48617e-06 4.70131e-06 3.99156e-06 3.41475e-06 2.93589e-06 2.53114e-06 2.20244e-06 1.87955e-06 1.56369e-06 1.24933e-06 9.35806e-07 6.23089e-07 3.1116e-07 9.72269e-15
8.25922e-06 6.79618e-06 5.82982e-06 5.0476e-06 4.31185e-06 3.70468e-06 3.16363e-06 2.7528e-06 2.39509e-06 2.0834e-06 1.77752e-06 1.47866e-06 1.18131e-06 8.84791e-07 5.89078e-07 2.94154e-07 5.20207e-13
7.59535e-06 6.18516e-06 5.37187e-06 4.63757e-06 3.97595e-06 3.42987e-06 2.96637e-06 2.57837e-06 2.26402e-06 1.96871e-06 1.67922e-06 1.39674e-06 1.11577e-06 8.35637e-07 5.56309e-07 2.7777e-07 2.59897e-12
6.91351e-06 5.6288e-06 4.90196e-06 4.21404e-06 3.66243e-06 3.15338e-06 2.76318e-06 2.41293e-06 2.12826e-06 1.84992e-06 1.57739e-06 1.31189e-06 1.04789e-06 7.84726e-07 5.22368e-07 2.60799e-07 1.28073e-12
6.18051e-06 5.07865e-06 4.40858e-06 3.82422e-06 3.32733e-06 2.8964e-06 2.54477e-06 2.24875e-06 1.98232e-06 1.72223e-06 1.46794e-06 1.22068e-06 9.74926e-07 7.30001e-07 4.85885e-07 2.42558e-07 6.60833e-14
5.55155e-06 4.53567e-06 3.93333e-06 3.45044e-06 2.99605e-06 2.65114e-06 2.33299e-06 2.08164e-06 1.83378e-06 1.59225e-06 1.35653e-06 1.12784e-06 9.00653e-07 6.74297e-07 4.48749e-07 2.2399e-07 -3.40952e-13
4.93126e-06 3.97481e-06 3.51414e-06 3.07066e-06 2.70954e-06 2.39732e-06 2.14066e-06 1.90868e-06 1.68004e-06 1.45773e-06 1.24123e-06 1.03175e-06 8.23783e-07 6.16644e-07 4.10314e-07 2.04772e-07 -9.71073e-15
4.27269e-06 3.48072e-06 3.06155e-06 2.69133e-06 2.40672e-06 2.13905e-06 1.9311e-06 1.72023e-06 1.51252e-06 1.31115e-06 1.11559e-06 9.27055e-07 7.40026e-07 5.53826e-07 3.68435e-07 1.83833e-07 -8.17307e-15
3.69281e-06 3.01883e-06 2.65436e-06 2.37989e-06 2.1256e-06 1.92083e-06 1.73327e-06 1.54232e-06 1.35438e-06 1.17278e-06 9.96987e-07 8.28217e-07 6.60955e-07 4.94523e-07 3.289e-07 1.64065e-07 -7.8734e-15
3.17646e-06 2.5629e-06 2.30634e-06 2.06263e-06 1.87637e-06 1.69606e-06 1.5295e-06 1.35908e-06 1.1915e-06 1.03025e-06 8.74825e-07 7.26415e-07 5.79514e-07 4.33442e-07 2.88179e-07 1.43705e-07 1.0982e-13
2.63351e-06 2.15706e-06 1.93486e-06 1.76409e-06 1.61065e-06 1.45388e-06 1.30996e-06 1.16164e-06 1.016e-06 8.76692e-07 7.43201e-07 6.16728e-07 4.91764e-07 3.6763e-07 2.44305e-07 1.21767e-07 -1.30051e-13
2.39996e-06 1.97146e-06 1.78085e-06 1.63143e-06 1.48916e-06 1.34316e-06 1.20958e-06 1.07137e-06 9.3576e-07 8.06483e-07 6.83021e-07 5.66579e-07 4.51645e-07 3.37541e-07 2.24245e-07 1.11738e-07 1.5932e-13
2.25291e-06 1.83666e-06 1.67506e-06 1.53416e-06 1.40009e-06 1.26197e-06 1.13598e-06 1.00518e-06 8.76928e-07 7.55005e-07 6.38897e-07 5.29809e-07 4.22229e-07 3.15478e-07 2.09537e-07 1.04384e-07 -2.39147e-14
2.10498e-06 1.7043e-06 1.56863e-06 1.4363e-06 1.31047e-06 1.1803e-06 1.06194e-06 9.386e-07 8.17742e-07 7.03216e-07 5.94507e-07 4.92817e-07 3.92635e-07 2.93283e-07 1.9474e-07 9.69852e-08 1.6359e-13
1.88108e-06 1.52662e-06 1.40757e-06 1.28818e-06 1.17485e-06 1.0567e-06 9.49887e-07 8.37833e-07 7.28171e-07 6.24842e-07 5.27329e-07 4.36835e-07 3.4785e-07 2.59694e-07 1.72347e-07 8.57889e-08 -1.90085e-13
1.63975e-06 1.33795e-06 1.23356e-06 1.12816e-06 1.02834e-06 9.23162e-07 8.2883e-07 7.28968e-07 6.31402e-07 5.40169e-07 4.54752e-07 3.76355e-07 2.99465e-07 2.23406e-07 1.48155e-07 7.36927e-08 7.13251e-14
1.4095e-06 1.14857e-06 1.05889e-06 9.67537e-07 8.81266e-07 7.89126e-07 7.07318e-07 6.19694e-07 5.3427e-07 4.55178e-07 3.81903e-07 3.15647e-07 2.50899e-07 1.86981e-07 1.23872e-07 6.15512e-08 4.17457e-14
9.49302e-07 7.23803e-07 6.67121e-07 6.07263e-07 5.51334e-07 4.88494e-07 4.34778e-07 3.74602e-07 3.1641e-07 2.64551e-07 2.18509e-07 1.79485e-07 1.4197e-07 1.05284e-07 6.94071e-08 3.43188e-08 1.83052e-14
4.26849e-07 2.41575e-07 2.22351e-07 1.98239e-07 1.76759e-07 1.47149e-07 1.25368e-07 9.63525e-08 6.9077e-08 4.81349e-08 3.30089e-08 2.49017e-08 1.83031e-08 1.25342e-08 7.5739e-09 3.40216e-09 1.8603e-14
-9.55976e-08 -2.40647e-07 -2.22413e-07 -2.1078e-07 -1.97824e-07 -1.94224e-07 -1.84038e-07 -1.81893e-07 -1.78252e-07 -1.68278e-07 -1.52488e-07 -1.29679e-07 -1.05361e-07 -8.02142e-08 -5.42584e-08 -2.7514e-08 -6.87907e-15
-5.94158e-07 -7.00823e-07 -6.46843e-07 -6.01099e-07 -5.55281e-07 -5.20007e-07 -4.7935e-07 -4.47416e-07 -4.14273e-07 -3.74796e-07 -3.29503e-07 -2.77192e-07 -2.23372e-07 -1.68722e-07 -1.13263e-07 -5.70165e-08 1.8917e-14
-1.15352e-06 -1.16449e-06 -1.05827e-06 -9.79458e-07 -9.01785e-07 -8.35807e-07 -7.6563e-07 -7.04803e-07 -6.43061e-07 -5.74986e-07 -5.01095e-07 -4.20184e-07 -3.37766e-07 -2.54518e-07 -1.70461e-07 -8.56151e-08 4.14181e-13
-1.70119e-06 -1.66934e-06 -1.48062e-06 -1.34445e-06 -1.23605e-06 -1.14045e-06 -1.04181e-06 -9.53141e-07 -8.63767e-07 -7.68104e-07 -6.66624e-07 -5.58126e-07 -4.48119e-07 -3.37282e-07 -2.25637e-07 -1.13203e-07 -3.39083e-13
-2.19311e-06 -2.05455e-06 -1.83691e-06 -1.63856e-06 -1.48982e-06 -1.37174e-06 -1.25148e-06 -1.14169e-06 -1.03133e-06 -9.14719e-07 -7.92295e-07 -6.62851e-07 -5.31899e-07 -4.00117e-07 -2.67527e-07 -1.34148e-07 2.37362e-13
-2.63892e-06 -2.46099e-06 -2.14426e-06 -1.9204e-06 -1.7093e-06 -1.57126e-06 -1.43236e-06 -1.30435e-06 -1.17588e-06 -1.0412e-06 -9.00705e-07 -7.53194e-07 -6.04173e-07 -4.54323e-07 -3.03664e-07 -1.52217e-07 1.17775e-12
-3.07615e-06 -2.8622e-06 -2.49404e-06 -2.19431e-06 -1.95521e-06 -1.7641e-06 -1.60718e-06 -1.46157e-06 -1.31561e-06 -1.16344e-06 -1.00549e-06 -8.40511e-07 -6.74027e-07 -5.06713e-07 -3.38591e-07 -1.6968e-07 1.62827e-13
-3.5563e-06 -3.25916e-06 -2.85435e-06 -2.488e-06 -2.20082e-06 -1.96349e-06 -1.77793e-06 -1.61512e-06 -1.45209e-06 -1.28284e-06 -1.10783e-06 -9.25793e-07 -7.42253e-07 -5.57883e-07 -3.72704e-07 -1.86737e-07 -4.42671e-13
-4.04786e-06 -3.68006e-06 -3.1973e-06 -2.79445e-06 -2.42959e-06 -2.17025e-06 -1.93698e-06 -1.75815e-06 -1.57922e-06 -1.39405e-06 -1.20315e-06 -1.00523e-06 -8.05804e-07 -6.05546e-07 -4.0448e-07 -2.02625e-07 8.45553e-15
-4.51907e-06 -4.11783e-06 -3.52859e-06 -3.09663e-06 -2.68869e-06 -2.37016e-06 -2.0992e-06 -1.89489e-06 -1.70077e-06 -1.5004e-06 -1.29429e-06 -1.08118e-06 -8.66565e-07 -6.51117e-07 -4.3486e-07 -2.17815e-07 2.47309e-14
-5.27638e-06 -4.80784e-06 -4.16214e-06 -3.56955e-06 -3.11588e-06 -2.68441e-06 -2.38035e-06 -2.10818e-06 -1.89036e-06 -1.66628e-06 -1.43647e-06 -1.19965e-06 -9.61334e-07 -7.22192e-07 -4.82244e-07 -2.41506e-07 -2.20102e-12
-6.16153e-06 -5.53072e-06 -4.81859e-06 -4.15417e-06 -3.56201e-06 -3.07842e-06 -2.6708e-06 -2.34387e-06 -2.08464e-06 -1.83627e-06 -1.58217e-06 -1.32107e-06 -1.05846e-06 -7.95035e-07 -5.30802e-07 -2.65784e-07 1.58633e-14
-7.03712e-06 -6.33487e-06 -5.43211e-06 -4.70592e-06 -4.02241e-06 -3.45113e-06 -2.95583e-06 -2.58192e-06 -2.26232e-06 -1.99175e-06 -1.71544e-06 -1.43212e-06 -1.14731e-06 -8.61666e-07 -5.75221e-07 -2.87993e-07 7.83576e-14
-7.73505e-06 -6.97904e-06 -6.01187e-06 -5.15395e-06 -4.42159e-06 -3.74581e-06 -3.21456e-06 -2.77075e-06 -2.403e-06 -2.11454e-06 -1.82069e-06 -1.51983e-06 -1.21747e-06 -9.1429e-07 -6.10304e-07 -3.05535e-07 -1.11501e-13
-8.41358e-06 -7.5637e-06 -6.55117e-06 -5.57981e-06 -4.78575e-06 -4.04986e-06 -3.45507e-06 -2.9411e-06 -2.54925e-06 -2.22532e-06 -1.91564e-06 -1.59896e-06 -1.28077e-06 -9.61764e-07 -6.41953e-07 -3.21359e-07 -2.11271e-13
-9.1429e-06 -8.12472e-06 -7.05627e-06 -6.04686e-06 -5.13419e-06 -4.35824e-06 -3.68141e-06 -3.12289e-06 -2.69107e-06 -2.32907e-06 -2.00457e-06 -1.67306e-06 -1.34006e-06 -1.00623e-06 -6.71596e-07 -3.3618e-07 2.49823e-13
-1.01271e-05 -9.04176e-06 -7.7504e-06 -6.67711e-06 -5.64311e-06 -4.77709e-06 -3.9974e-06 -3.38869e-06 -2.88244e-06 -2.46907e-06 -2.12457e-06 -1.77306e-06 -1.42006e-06 -1.06623e-06 -7.11596e-07 -3.5618e-07 -3.84336e-13
-1.11591e-05 -1.00034e-05 -8.5973e-06 -7.34228e-06 -6.25144e-06 -5.22795e-06 -4.39412e-06 -3.6772e-06 -3.08343e-06 -2.62798e-06 -2.25059e-06 -1.87805e-06 -1.50402e-06 -1.12919e-06 -7.53561e-07 -3.77159e-07 1.76835e-14
-1.22452e-05 -1.09224e-05 -9.45013e-06 -8.0256e-06 -6.83274e-06 -5.71547e-06 -4.77465e-06 -3.95323e-06 -3.31003e-06 -2.79449e-06 -2.37126e-06 -1.97858e-06 -1.58443e-06 -1.18947e-06 -7.93741e-07 -3.97244e-07 -1.57781e-12
-1.33786e-05 -1.18875e-05 -1.03221e-05 -8.82204e-06 -7.42601e-06 -6.24343e-06 -5.157e-06 -4.26073e-06 -3.53359e-06 -2.94964e-06 -2.48086e-06 -2.06992e-06 -1.65758e-06 -1.24438e-06 -8.30352e-07 -4.15544e-07 -1.12962e-12
-1.4626e-05 -1.2949e-05 -1.11538e-05 -9.57944e-06 -8.03487e-06 -6.74645e-06 -5.5372e-06 -4.5765e-06 -3.75813e-06 -3.1021e-06 -2.58888e-06 -2.15937e-06 -1.72857e-06 -1.2972e-06 -8.65296e-07 -4.32885e-07 6.15761e-14
-1.60659e-05 -1.39701e-05 -1.20025e-05 -1.03066e-05 -8.69325e-06 -7.23085e-06 -5.96785e-06 -4.87949e-06 -3.97252e-06 -3.24801e-06 -2.69778e-06 -2.24462e-06 -1.7962e-06 -1.3475e-06 -8.9856e-07 -4.49387e-07 -7.23112e-14
-1.76117e-05 -1.46985e-05 -1.26677e-05 -1.08245e-05 -9.16154e-06 -7.58246e-06 -6.27361e-06 -5.10045e-06 -4.12444e-06 -3.37485e-06 -2.78208e-06 -2.30493e-06 -1.84402e-06 -1.38306e-06 -9.22073e-07 -4.61049e-07 2.23708e-12
-1.95271e-05 -1.53094e-05 -1.32249e-05 -1.12581e-05 -9.55332e-06 -7.88361e-06 -6.52905e-06 -5.28491e-06 -4.27519e-06 -3.48061e-06 -2.85436e-06 -2.35517e-06 -1.88385e-06 -1.41268e-06 -9.41648e-07 -4.70756e-07 -2.82629e-13
-2.22354e-05 -1.58427e-05 -1.37108e-05 -1.16427e-05 -9.89458e-06 -8.19011e-06 -6.75128e-06 -5.44528e-06 -4.41115e-06 -3.57247e-06 -2.91756e-06 -2.39878e-06 -1.91841e-06 -1.43837e-06 -9.58628e-07 -4.79175e-07 -1.18665e-13
-2.62358e-05 -1.69697e-05 -1.43431e-05 -1.22017e-05 -1.03381e-05 -8.58814e-06 -7.0397e-06 -5.67651e-06 -4.58738e-06 -3.69359e-06 -2.99939e-06 -2.45522e-06 -1.96315e-06 -1.47161e-06 -9.80595e-07 -4.90064e-07 -5.89327e-13
-3.06173e-05 -1.85031e-05 -1.49421e-05 -1.27449e-05 -1.07577e-05 -8.96439e-06 -7.31624e-06 -5.9171e-06 -4.75364e-06 -3.80972e-06 -3.07649e-06 -2.50838e-06 -2.00527e-06 -1.50291e-06 -1.00127e-06 -5.00313e-07 9.88405e-14
-3.12317e-05 -1.87346e-05 -1.50175e-05 -1.28132e-05 -1.08105e-05 -9.01167e-06 -7.35139e-06 -5.94731e-06 -4.77451e-06 -3.82429e-06 -3.08617e-06 -2.51505e-06 -2.01055e-06 -1.50684e-06 -1.00386e-06 -5.01597e-07 -1.17672e-14
-2.97977e-05 -1.75794e-05 -1.39513e-05 -1.18398e-05 -1.00582e-05 -8.32589e-06 -6.84973e-06 -5.51689e-06 -4.46381e-06 -3.60603e-06 -2.93878e-06 -2.41239e-06 -1.92842e-06 -1.44524e-06 -9.62799e-07 -4.81065e-07 5.35117e-14
-3.04266e-05 -1.8086e-05 -1.44189e-05 -1.22607e-05 -1.03881e-05 -8.62647e-06 -7.06762e-06 -5.69706e-06 -4.60007e-06 -3.70099e-06 -3.00342e-06 -2.45741e-06 -1.96444e-06 -1.47225e-06 -9.80808e-07 -4.90069e-07 1.81212e-14
-3.09995e-05 -1.85475e-05 -1.48448e-05 -1.26536e-05 -1.06886e-05 -8.90027e-06 -7.26855e-06 -5.87511e-06 -4.72419e-06 -3.7887e-06 -3.0623e-06 -2.49842e-06 -1.99725e-06 -1.49686e-06 -9.97213e-07 -4.98272e-07 1.24838e-14
-3.12348e-05 -1.87358e-05 -1.50179e-05 -1.28134e-05 -1.08108e-05 -9.01179e-06 -7.35161e-06 -5.94748e-06 -4.77461e-06 -3.82436e-06 -3.08621e-06 -2.51509e-06 -2.01058e-06 -1.50686e-06 -1.00388e-06 -5.01604e-07 -2.84832e-13
-4.64499e-05 -1.66508e-05 -1.30935e-05 -1.1173e-05 -9.45278e-06 -7.80789e-06 -6.45013e-06 -5.22637e-06 -4.21372e-06 -3.43547e-06 -2.82022e-06 -2.3298e-06 -1.86235e-06 -1.39569e-06 -9.29764e-07 -4.64547e-07 1.21505e-14
-4.8074e-05 -1.66503e-05 -1.30931e-05 -1.11726e-05 -9.45248e-06 -7.80766e-06 -6.44993e-06 -5.22622e-06 -4.21359e-06 -3.43539e-06 -2.82016e-06 -2.32976e-06 -1.86232e-06 -1.39566e-06 -9.29747e-07 -4.64539e-07 3.26485e-14
-5.01013e-05 -1.67004e-05 -1.31393e-05 -1.12082e-05 -9.4851e-06 -7.83215e-06 -6.47148e-06 -5.24188e-06 -4.22707e-06 -3.44458e-06 -2.82655e-06 -2.33421e-06 -1.86588e-06 -1.39833e-06 -9.31528e-07 -4.65429e-07 3.26105e-14
-5.23499e-05 -1.67496e-05 -1.31847e-05 -1.12431e-05 -9.51708e-06 -7.85615e-06 -6.4926e-06 -5.25724e-06 -4.24027e-06 -3.4536e-06 -2.83282e-06 -2.33858e-06 -1.86937e-06 -1.40095e-06 -9.33274e-07 -4.66302e-07 2.39388e-14
-5.4626e-05 -1.67919e-05 -1.32238e-05 -1.12732e-05 -9.54467e-06 -7.87685e-06 -6.51082e-06 -5.27049e-06 -4.25167e-06 -3.46137e-06 -2.83823e-06 -2.34234e-06 -1.87238e-06 -1.40321e-06 -9.3478e-07 -4.67055e-07 1.65161e-14
-5.54981e-05 -1.68062e-05 -1.3237e-05 -1.12833e-05 -9.55399e-06 -7.88385e-06 -6.51698e-06 -5.27496e-06 -4.25552e-06 -3.464e-06 -2.84005e-06 -2.34362e-06 -1.8734e-06 -1.40397e-06 -9.35289e-07 -4.6731e-07 -1.17077e-14
-5.58491e-05 -1.68117e-05 -1.3242e-05 -1.12872e-05 -9.55753e-06 -7.88651e-06 -6.51932e-06 -5.27667e-06 -4.25699e-06 -3.465e-06 -2.84075e-06 -2.3441e-06 -1.87379e-06 -1.40426e-06 -9.35483e-07 -4.67407e-07 -2.69954e-13
-5.62009e-05 -1.6817e-05 -1.32469e-05 -1.12909e-05 -9.56096e-06 -7.88908e-06 -6.52159e-06 -5.27831e-06 -4.2584e-06 -3.46597e-06 -2.84142e-06 -2.34457e-06 -1.87416e-06 -1.40454e-06 -9.3567e-07 -4.675e-07 -1.65144e-13
-5.53097e-05 -1.62198e-05 -1.26956e-05 -1.08669e-05 -9.17181e-06 -7.59723e-06 -6.26475e-06 -5.0916e-06 -4.11575e-06 -3.35635e-06 -2.76686e-06 -2.2915e-06 -1.83171e-06 -1.3727e-06 -9.14443e-07 -4.56887e-07 1.44906e-13
-5.40277e-05 -1.53606e-05 -1.19483e-05 -1.02567e-05 -8.61174e-06 -7.18149e-06 -5.89523e-06 -4.82637e-06 -3.92912e-06 -3.21384e-06 -2.66327e-06 -2.21515e-06 -1.77063e-06 -1.32689e-06 -8.83902e-07 -4.41616e-07 -1.02591e-14
-5.27127e-05 -1.44794e-05 -1.12665e-05 -9.63035e-06 -8.05652e-06 -6.76292e-06 -5.53692e-06 -4.55967e-06 -3.7377e-06 -3.08268e-06 -2.5693e-06 -2.13684e-06 -1.70798e-06 -1.27991e-06 -8.52578e-07 -4.25954e-07 -6.54815e-14
-5.12721e-05 -1.35139e-05 -1.05222e-05 -8.94414e-06 -7.53855e-06 -6.30434e-06 -5.20044e-06 -4.26729e-06 -3.52977e-06 -2.93899e-06 -2.46635e-06 -2.05104e-06 -1.63934e-06 -1.22843e-06 -8.18261e-07 -4.08796e-07 2.66286e-15
-4.97766e-05 -1.25129e-05 -9.74946e-06 -8.25059e-06 -7.01449e-06 -5.82829e-06 -4.85363e-06 -4.00056e-06 -3.31952e-06 -2.78982e-06 -2.35947e-06 -1.96198e-06 -1.56809e-06 -1.17499e-06 -7.82636e-07 -3.90983e-07 -4.00646e-14
-4.81814e-05 -1.16106e-05 -8.92521e-06 -7.62596e-06 -6.45708e-06 -5.38872e-06 -4.49286e-06 -3.73928e-06 -3.11647e-06 -2.63413e-06 -2.24548e-06 -1.86699e-06 -1.4921e-06 -1.118e-06 -7.44638e-07 -3.71984e-07 -7.08079e-14
-4.64962e-05 -1.06659e-05 -8.14071e-06 -6.98364e-06 -5.86821e-06 -4.95404e-06 -4.11151e-06 -3.46447e-06 -2.92437e-06 -2.48749e-06 -2.12505e-06 -1.76663e-06 -1.41181e-06 -1.05778e-06 -7.04496e-07 -3.51913e-07 -6.63834e-13
-4.4724e-05 -9.67232e-06 -7.39917e-06 -6.30814e-06 -5.34456e-06 -4.51063e-06 -3.78773e-06 -3.18413e-06 -2.72235e-06 -2.33974e-06 -1.9984e-06 -1.66109e-06 -1.32738e-06 -9.9446e-07 -6.6228e-07 -3.30805e-07 -4.45736e-13
-4.29161e-05 -8.67152e-06 -6.65134e-06 -5.65934e-06 -4.8361e-06 -4.05883e-06 -3.4577e-06 -2.93861e-06 -2.5198e-06 -2.18902e-06 -1.86922e-06 -1.55343e-06 -1.24126e-06 -9.29865e-07 -6.19217e-07 -3.09274e-07 -2.1519e-13
-4.08783e-05 -7.73799e-06 -5.83119e-06 -5.0302e-06 -4.27737e-06 -3.64811e-06 -3.09656e-06 -2.6774e-06 -2.3189e-06 -2.01923e-06 -1.72368e-06 -1.43216e-06 -1.14424e-06 -8.571e-07 -5.70707e-07 -2.85019e-07 -1.79246e-13
-3.87087e-05 -6.76656e-06 -5.10598e-06 -4.38048e-06 -3.74398e-06 -3.21427e-06 -2.767e-06 -2.40237e-06 -2.11285e-06 -1.83894e-06 -1.56915e-06 -1.30338e-06 -1.04121e-06 -7.7983e-07 -5.19194e-07 -2.59262e-07 -5.30166e-13
-3.60271e-05 -5.91851e-06 -4.4729e-06 -3.82346e-06 -3.31572e-06 -2.8375e-06 -2.49038e-06 -2.18208e-06 -1.92845e-06 -1.67759e-06 -1.43085e-06 -1.18813e-06 -9.49012e-07 -7.10681e-07 -4.73095e-07 -2.36212e-07 3.92795e-14
-3.34598e-05 -5.43731e-06 -4.04368e-06 -3.50454e-06 -3.02714e-06 -2.62882e-06 -2.30151e-06 -2.04042e-06 -1.80255e-06 -1.56743e-06 -1.33642e-06 -1.10944e-06 -8.86061e-07 -6.63468e-07 -4.41619e-07 -2.20475e-07 4.97574e-14
-3.12645e-05 -4.98916e-06 -3.67971e-06 -3.20767e-06 -2.76427e-06 -2.43472e-06 -2.13192e-06 -1.90855e-06 -1.68535e-06 -1.46488e-06 -1.24852e-06 -1.03619e-06 -8.27462e-07 -6.19519e-07 -4.1232e-07 -2.05825e-07 -5.11318e-15
-2.89975e-05 -4.5496e-06 -3.35398e-06 -2.91307e-06 -2.53048e-06 -2.23848e-06 -1.98325e-06 -1.77523e-06 -1.56687e-06 -1.36121e-06 -1.15966e-06 -9.62139e-07 -7.6822e-07 -5.75088e-07 -3.82699e-07 -1.91015e-07 -1.6122e-14
-2.69285e-05 -4.15767e-06 -3.063e-06 -2.65402e-06 -2.33796e-06 -2.06697e-06 -1.85044e-06 -1.65613e-06 -1.46102e-06 -1.26859e-06 -1.08027e-06 -8.95984e-07 -7.15296e-07 -5.35395e-07 -3.56237e-07 -1.77784e-07 -1.20489e-14
-2.49141e-05 -3.78345e-06 -2.79236e-06 -2.43697e-06 -2.15414e-06 -1.92016e-06 -1.72362e-06 -1.54242e-06 -1.35996e-06 -1.18016e-06 -1.00448e-06 -8.32818e-07 -6.64764e-07 -4.97495e-07 -3.3097e-07 -1.6515e-07 -7.35255e-15
-2.2838e-05 -3.46825e-06 -2.52075e-06 -2.23367e-06 -1.97054e-06 -1.7782e-06 -1.59537e-06 -1.4274e-06 -1.25774e-06 -1.09072e-06 -9.27816e-07 -7.68935e-07 -6.13657e-07 -4.59165e-07 -3.05417e-07 -1.52374e-07 -7.56269e-15
-2.10035e-05 -3.17436e-06 -2.29586e-06 -2.03799e-06 -1.80651e-06 -1.64156e-06 -1.47193e-06 -1.31671e-06 -1.15937e-06 -1.00464e-06 -8.54034e-07 -7.0745e-07 -5.64469e-07 -4.22274e-07 -2.80823e-07 -1.40077e-07 -1.24134e-14
-1.94398e-05 -2.846e-06 -2.05682e-06 -1.82025e-06 -1.63762e-06 -1.48819e-06 -1.33337e-06 -1.19247e-06 -1.04895e-06 -9.08022e-07 -7.71218e-07 -6.38437e-07 -5.09258e-07 -3.80866e-07 -2.53218e-07 -1.26274e-07 -2.12892e-15
-1.78625e-05 -2.52464e-06 -1.816e-06 -1.61681e-06 -1.46747e-06 -1.33367e-06 -1.19378e-06 -1.06729e-06 -9.37699e-07 -8.10681e-07 -6.87783e-07 -5.68908e-07 -4.53635e-07 -3.39149e-07 -2.25406e-07 -1.12368e-07 -2.11577e-14
-1.60016e-05 -2.17655e-06 -1.53964e-06 -1.39884e-06 -1.26862e-06 -1.1531e-06 -1.03065e-06 -9.21007e-07 -8.07688e-07 -6.96922e-07 -5.90275e-07 -4.87651e-07 -3.8863e-07 -2.90395e-07 -1.92903e-07 -9.61169e-08 1.36627e-14
-1.4124e-05 -1.8156e-06 -1.25254e-06 -1.14227e-06 -1.03456e-06 -9.40541e-07 -8.38626e-07 -7.48814e-07 -6.54655e-07 -5.63018e-07 -4.755e-07 -3.92005e-07 -3.12113e-07 -2.33007e-07 -1.54645e-07 -7.69877e-08 -9.67732e-16
-1.24508e-05 -1.41026e-06 -9.37193e-07 -8.5327e-07 -7.709e-07 -7.01113e-07 -6.22326e-07 -5.54852e-07 -4.82274e-07 -4.12184e-07 -3.46214e-07 -2.84267e-07 -2.25922e-07 -1.68364e-07 -1.1155e-07 -5.54401e-08 -2.07677e-14
-1.07791e-05 -1.04008e-06 -6.20164e-07 -5.62725e-07 -5.05841e-07 -4.6041e-07 -4.04874e-07 -3.59856e-07 -3.08974e-07 -2.60547e-07 -2.16239e-07 -1.75954e-07 -1.39273e-07 -1.03377e-07 -6.82249e-08 -3.37777e-08 -5.98353e-14
-9.30671e-06 -6.54501e-07 -2.67207e-07 -2.39254e-07 -2.10742e-07 -1.92428e-07 -1.62778e-07 -1.42761e-07 -1.16034e-07 -9.17248e-08 -7.15344e-08 -5.53672e-08 -4.28028e-08 -3.10246e-08 -1.999e-08 -9.66024e-09 -7.17818e-14
-7.90039e-06 -2.56479e-07 9.71437e-08 9.46587e-08 9.38827e-08 8.42048e-08 8.71332e-08 8.1341e-08 8.31335e-08 8.2547e-08 7.78414e-08 6.91127e-08 5.67812e-08 4.36634e-08 2.9802e-08 1.52358e-08 -3.34878e-13
-6.53143e-06 1.34086e-07 4.54744e-07 4.22313e-07 3.92798e-07 3.55652e-07 3.3236e-07 3.01243e-07 2.78568e-07 2.53552e-07 2.24417e-07 1.91259e-07 1.54498e-07 1.16951e-07 7.86606e-08 3.96651e-08 -4.95424e-14
-5.35524e-06 5.69896e-07 8.36586e-07 7.72228e-07 7.11946e-07 6.45474e-07 5.94186e-07 5.3603e-07 4.87232e-07 4.36133e-07 3.80915e-07 3.21674e-07 2.5883e-07 1.952e-07 1.30827e-07 6.57482e-08 3.98004e-14
-4.11467e-06 1.02868e-06 1.22159e-06 1.1029e-06 1.01358e-06 9.19336e-07 8.41594e-07 7.57888e-07 6.84405e-07 6.08659e-07 5.28795e-07 4.44907e-07 3.57417e-07 2.6914e-07 1.8012e-07 9.03947e-08 -2.22432e-15
-3.1224e-06 1.49758e-06 1.65205e-06 1.45719e-06 1.31957e-06 1.19716e-06 1.09255e-06 9.82928e-07 8.84406e-07 7.8366e-07 6.78796e-07 5.69908e-07 4.57417e-07 3.44141e-07 2.3012e-07 1.15395e-07 1.93731e-13
-2.20882e-06 2.00841e-06 2.06452e-06 1.83465e-06 1.62128e-06 1.46283e-06 1.33249e-06 1.19809e-06 1.07563e-06 9.50978e-07 8.22211e-07 6.89421e-07 5.53027e-07 4.15848e-07 2.77925e-07 1.39297e-07 3.33183e-14
-1.41486e-06 2.55792e-06 2.56013e-06 2.21034e-06 1.96128e-06 1.72609e-06 1.57028e-06 1.41129e-06 1.26511e-06 1.11677e-06 9.64321e-07 8.07846e-07 6.47767e-07 4.86903e-07 3.25295e-07 1.62982e-07 9.81624e-15
-2.78511e-07 3.32833e-06 3.25344e-06 2.8233e-06 2.43027e-06 2.13597e-06 1.89067e-06 1.69852e-06 1.52038e-06 1.34013e-06 1.15577e-06 9.67389e-07 7.75402e-07 5.82629e-07 3.89113e-07 1.94891e-07 1.29967e-14
1.08614e-06 4.27654e-06 4.07946e-06 3.47786e-06 3.01532e-06 2.57468e-06 2.2663e-06 1.99134e-06 1.78055e-06 1.56779e-06 1.3509e-06 1.13e-06 9.05489e-07 6.80195e-07 4.54156e-07 2.27413e-07 3.9479e-14
2.37386e-06 5.1915e-06 4.91399e-06 4.21851e-06 3.58016e-06 3.07635e-06 2.63244e-06 2.29724e-06 2.02518e-06 1.78184e-06 1.53438e-06 1.28289e-06 1.02781e-06 7.71931e-07 5.15314e-07 2.57992e-07 5.78773e-14
4.13977e-06 6.59403e-06 6.12831e-06 5.24488e-06 4.47722e-06 3.75824e-06 3.20612e-06 2.73252e-06 2.35614e-06 2.06482e-06 1.77693e-06 1.48502e-06 1.18951e-06 8.93209e-07 5.96166e-07 2.98418e-07 -6.87011e-14
6.44031e-06 8.09961e-06 7.51017e-06 6.43681e-06 5.41846e-06 4.58386e-06 3.81943e-06 3.22073e-06 2.73658e-06 2.34564e-06 2.01763e-06 1.6856e-06 1.34997e-06 1.01356e-06 6.76399e-07 3.38534e-07 1.10249e-14
8.82498e-06 9.7739e-06 8.843e-06 7.54443e-06 6.40298e-06 5.32921e-06 4.45569e-06 3.69503e-06 3.06916e-06 2.6066e-06 2.22607e-06 1.8593e-06 1.48893e-06 1.11778e-06 7.45878e-07 3.73274e-07 -5.36875e-13
1.11105e-05 1.1071e-05 9.98482e-06 8.4801e-06 7.17756e-06 5.99677e-06 4.96545e-06 4.07515e-06 3.38257e-06 2.82861e-06 2.3854e-06 1.99207e-06 1.59515e-06 1.19744e-06 7.98986e-07 3.99828e-07 9.5505e-14
1.37573e-05 1.20927e-05 1.0864e-05 9.29157e-06 7.78803e-06 6.54128e-06 5.36541e-06 4.42321e-06 3.63032e-06 2.99983e-06 2.5081e-06 2.09431e-06 1.67694e-06 1.25878e-06 8.39877e-07 4.20273e-07 7.63613e-15
1.63103e-05 1.32357e-05 1.17141e-05 1.00704e-05 8.47101e-06 7.06389e-06 5.81546e-06 4.75729e-06 3.87012e-06 3.16417e-06 2.62951e-06 2.19245e-06 1.75545e-06 1.31766e-06 8.79131e-07 4.39899e-07 1.50131e-14
1.93508e-05 1.42098e-05 1.25766e-05 1.07344e-05 9.08049e-06 7.51955e-06 6.21916e-06 5.05074e-06 4.07537e-06 3.33283e-06 2.7458e-06 2.27621e-06 1.82244e-06 1.36789e-06 9.12613e-07 4.56638e-07 4.78404e-14
2.3045e-05 1.50143e-05 1.32967e-05 1.12938e-05 9.58518e-06 7.91268e-06 6.54783e-06 5.28699e-06 4.27484e-06 3.46765e-06 2.83841e-06 2.34013e-06 1.87335e-06 1.4059e-06 9.37835e-07 4.69188e-07 1.17876e-13
2.6552e-05 1.63357e-05 1.3928e-05 1.18053e-05 1.00284e-05 8.31064e-06 6.83629e-06 5.4966e-06 4.45127e-06 3.58785e-06 2.92039e-06 2.3967e-06 1.91819e-06 1.43923e-06 9.5986e-07 4.80108e-07 2.22074e-14
2.94918e-05 1.73473e-05 1.4404e-05 1.22372e-05 1.03621e-05 8.61008e-06 7.05323e-06 5.68826e-06 4.58379e-06 3.68044e-06 2.98191e-06 2.43912e-06 1.95181e-06 1.46422e-06 9.7637e-07 4.88292e-07 8.71838e-14
3.20596e-05 1.84016e-05 1.47759e-05 1.25745e-05 1.06227e-05 8.8437e-06 7.22472e-06 5.83767e-06 4.68704e-06 3.75255e-06 3.02979e-06 2.47214e-06 1.97797e-06 1.48365e-06 9.89214e-07 4.94658e-07 3.06336e-14
4.13071e-05 1.73826e-05 1.38351e-05 1.17263e-05 9.95891e-06 8.23878e-06 6.78393e-06 5.45794e-06 4.41269e-06 3.55909e-06 2.89966e-06 2.38149e-06 1.90545e-06 1.42927e-06 9.52955e-07 4.76529e-07 5.36963e-13
5.15688e-05 1.65897e-05 1.31031e-05 1.11571e-05 9.44239e-06 7.79618e-06 6.44265e-06 5.20982e-06 4.19922e-06 3.41339e-06 2.7984e-06 2.31096e-06 1.84902e-06 1.38695e-06 9.24741e-07 4.62422e-07 -8.3226e-15
5.90133e-05 1.67733e-05 1.32726e-05 1.12875e-05 9.56199e-06 7.88595e-06 6.52167e-06 5.26727e-06 4.24865e-06 3.44712e-06 2.82184e-06 2.32729e-06 1.86209e-06 1.39675e-06 9.31274e-07 4.65688e-07 3.23638e-14
6.69276e-05 1.68416e-05 1.33357e-05 1.1336e-05 9.60648e-06 7.91935e-06 6.55107e-06 5.28864e-06 4.26704e-06 3.45967e-06 2.83057e-06 2.33337e-06 1.86695e-06 1.40039e-06 9.33704e-07 4.66903e-07 2.36127e-14
7.36698e-05 1.69436e-05 1.34298e-05 1.14084e-05 9.67288e-06 7.9779e-06 6.59494e-06 5.32054e-06 4.29449e-06 3.4784e-06 2.84358e-06 2.34244e-06 1.8742e-06 1.40583e-06 9.37331e-07 4.68717e-07 -1.59682e-14
7.9948e-05 1.70133e-05 1.34942e-05 1.14582e-05 9.71831e-06 8.01929e-06 6.62495e-06 5.34236e-06 4.31326e-06 3.49121e-06 2.85249e-06 2.34864e-06 1.87917e-06 1.40955e-06 9.39812e-07 4.69957e-07 9.06899e-16
8.63838e-05 1.70451e-05 1.35236e-05 1.14813e-05 9.73905e-06 8.0382e-06 6.63866e-06 5.35233e-06 4.32183e-06 3.49707e-06 2.85656e-06 2.35147e-06 1.88143e-06 1.41125e-06 9.40946e-07 4.70524e-07 2.20384e-14
9.2706e-05 1.7041e-05 1.35197e-05 1.14783e-05 9.73632e-06 8.03571e-06 6.63685e-06 5.35102e-06 4.32071e-06 3.4963e-06 2.85602e-06 2.3511e-06 1.88114e-06 1.41103e-06 9.40797e-07 4.7045e-07 2.7557e-14
9.89382e-05 1.70208e-05 1.35011e-05 1.14637e-05 9.72319e-06 8.02374e-06 6.62818e-06 5.34471e-06 4.31528e-06 3.49259e-06 2.85345e-06 2.34931e-06 1.8797e-06 1.40995e-06 9.40079e-07 4.70091e-07 2.81017e-14
0.000105244 1.69829e-05 1.34661e-05 1.14364e-05 9.69851e-06 8.00125e-06 6.61187e-06 5.33285e-06 4.30508e-06 3.48563e-06 2.84861e-06 2.34594e-06 1.877e-06 1.40793e-06 9.38731e-07 4.69417e-07 2.92787e-14
0.000108059 1.69598e-05 1.34447e-05 1.14199e-05 9.68344e-06 7.98752e-06 6.60191e-06 5.32561e-06 4.29885e-06 3.48138e-06 2.84565e-06 2.34388e-06 1.87536e-06 1.4067e-06 9.37908e-07 4.69005e-07 2.91806e-14
0.000108717 1.6954e-05 1.34394e-05 1.14158e-05 9.67966e-06 7.98408e-06 6.59942e-06 5.3238e-06 4.29729e-06 3.48031e-06 2.84491e-06 2.34336e-06 1.87494e-06 1.40639e-06 9.37701e-07 4.68902e-07 -3.79771e-16
0.000109376 1.69479e-05 1.34338e-05 1.14115e-05 9.67572e-06 7.98049e-06 6.59682e-06 5.32191e-06 4.29566e-06 3.4792e-06 2.84414e-06 2.34282e-06 1.87451e-06 1.40606e-06 9.37486e-07 4.68794e-07 3.56234e-13
0.000109184 1.68308e-05 1.33257e-05 1.13284e-05 9.59943e-06 7.91405e-06 6.54641e-06 5.28526e-06 4.26413e-06 3.45768e-06 2.82918e-06 2.3324e-06 1.86618e-06 1.39981e-06 9.33319e-07 4.66711e-07 -1.14268e-12
0.000108756 1.65695e-05 1.30845e-05 1.11428e-05 9.42924e-06 7.78631e-06 6.43396e-06 5.2035e-06 4.19379e-06 3.40968e-06 2.79582e-06 2.30916e-06 1.84759e-06 1.38587e-06 9.24022e-07 4.62062e-07 1.59318e-14
0.000108332 1.63109e-05 1.28273e-05 1.09591e-05 9.26075e-06 7.65984e-06 6.32264e-06 5.12257e-06 4.12415e-06 3.36215e-06 2.76279e-06 2.28616e-06 1.82918e-06 1.37206e-06 9.14819e-07 4.57461e-07 7.354e-13
0.000106941 1.54622e-05 1.20585e-05 1.03564e-05 8.70788e-06 7.246e-06 5.95736e-06 4.85699e-06 3.93697e-06 3.2062e-06 2.65782e-06 2.21066e-06 1.76878e-06 1.32677e-06 8.84621e-07 4.42362e-07 -6.9523e-13
0.000104871 1.41994e-05 1.10787e-05 9.45942e-06 7.92315e-06 6.64587e-06 5.43944e-06 4.47401e-06 3.66242e-06 3.0179e-06 2.51744e-06 2.09832e-06 1.67891e-06 1.25936e-06 8.39686e-07 4.19894e-07 1.3514e-14
0.000102756 1.29089e-05 1.00844e-05 8.5424e-06 7.23629e-06 6.03253e-06 4.9893e-06 4.08312e-06 3.38504e-06 2.82561e-06 2.37967e-06 1.98352e-06 1.58707e-06 1.19048e-06 7.93763e-07 3.96933e-07 3.47631e-14
0.000100533 1.16897e-05 9.03921e-06 7.70377e-06 6.52866e-06 5.42842e-06 4.526e-06 3.7446e-06 3.10025e-06 2.62399e-06 2.23487e-06 1.86285e-06 1.49053e-06 1.11808e-06 7.45496e-07 3.72799e-07 2.50491e-13
9.81996e-05 1.04999e-05 8.03543e-06 6.89081e-06 5.78591e-06 4.88012e-06 4.04534e-06 3.39631e-06 2.85781e-06 2.42926e-06 2.08288e-06 1.73619e-06 1.38921e-06 1.04208e-06 6.94833e-07 3.47468e-07 2.39476e-13
9.57825e-05 9.2254e-06 7.11754e-06 6.05169e-06 5.13895e-06 4.32822e-06 3.62947e-06 3.04662e-06 2.60668e-06 2.24558e-06 1.92545e-06 1.60499e-06 1.28425e-06 9.63365e-07 6.42354e-07 3.21228e-07 7.68164e-14
9.31917e-05 8.04059e-06 6.14158e-06 5.26378e-06 4.48128e-06 3.76806e-06 3.19901e-06 2.72844e-06 2.34255e-06 2.04871e-06 1.7567e-06 1.46437e-06 1.17175e-06 8.78991e-07 5.86104e-07 2.93103e-07 2.45327e-14
9.03656e-05 6.91407e-06 5.24458e-06 4.50049e-06 3.79518e-06 3.2634e-06 2.76392e-06 2.40725e-06 2.10191e-06 1.83989e-06 1.57771e-06 1.31521e-06 1.05243e-06 7.89499e-07 5.26443e-07 2.63273e-07 3.39855e-14
8.67271e-05 5.94812e-06 4.53219e-06 3.85723e-06 3.31769e-06 2.83696e-06 2.45625e-06 2.13625e-06 1.89676e-06 1.66039e-06 1.42385e-06 1.187e-06 9.49854e-07 7.12569e-07 4.75156e-07 2.37629e-07 2.97861e-14
8.28468e-05 5.32342e-06 3.98369e-06 3.41386e-06 2.94412e-06 2.52354e-06 2.2145e-06 1.95236e-06 1.73557e-06 1.51934e-06 1.30296e-06 1.08625e-06 8.69257e-07 6.52121e-07 4.34858e-07 2.1748e-07 3.78596e-14
7.90206e-05 4.79263e-06 3.52642e-06 3.06187e-06 2.63226e-06 2.29327e-06 2.0102e-06 1.7959e-06 1.59651e-06 1.39767e-06 1.19866e-06 9.99341e-07 7.99729e-07 5.99975e-07 4.00094e-07 2.00098e-07 4.46763e-14
7.49813e-05 4.3017e-06 3.16311e-06 2.73206e-06 2.36118e-06 2.07443e-06 1.83986e-06 1.6472e-06 1.46436e-06 1.28204e-06 1.09955e-06 9.16747e-07 7.33654e-07 5.50418e-07 3.67056e-07 1.83579e-07 -6.5838e-15
7.18864e-05 3.94551e-06 2.89823e-06 2.49631e-06 2.18556e-06 1.91701e-06 1.71873e-06 1.5388e-06 1.36802e-06 1.19774e-06 1.02729e-06 8.56533e-07 6.85482e-07 5.1429e-07 3.4297e-07 1.71536e-07 3.12515e-14
6.94829e-05 3.67777e-06 2.70123e-06 2.32218e-06 2.05357e-06 1.80257e-06 1.62771e-06 1.45734e-06 1.29562e-06 1.13439e-06 9.72995e-07 8.11283e-07 6.49283e-07 4.8714e-07 3.2487e-07 1.62486e-07 4.3034e-14
6.70143e-05 3.42061e-06 2.51185e-06 2.18014e-06 1.92373e-06 1.70339e-06 1.53815e-06 1.37719e-06 1.22439e-06 1.07206e-06 9.19574e-07 7.66765e-07 6.13668e-07 4.60429e-07 3.07063e-07 1.53583e-07 2.71002e-14
6.42423e-05 3.19219e-06 2.30895e-06 2.02795e-06 1.78488e-06 1.59712e-06 1.44221e-06 1.29132e-06 1.14808e-06 1.00529e-06 8.62338e-07 7.19069e-07 5.75511e-07 4.31812e-07 2.87985e-07 1.44044e-07 -9.35204e-15
6.12667e-05 2.95232e-06 2.11084e-06 1.86813e-06 1.64364e-06 1.48552e-06 1.34144e-06 1.20114e-06 1.06793e-06 9.35162e-07 8.02231e-07 6.6898e-07 5.3544e-07 4.01758e-07 2.67949e-07 1.34026e-07 4.30927e-15
5.83596e-05 2.68791e-06 1.91894e-06 1.69197e-06 1.50355e-06 1.36251e-06 1.23038e-06 1.10175e-06 9.79593e-07 8.57865e-07 7.35976e-07 6.13768e-07 4.9127e-07 3.68631e-07 2.45864e-07 1.22983e-07 -6.16293e-15
5.55525e-05 2.4221e-06 1.72443e-06 1.51557e-06 1.36594e-06 1.23783e-06 1.1178e-06 1.001e-06 8.90053e-07 7.79518e-07 6.68822e-07 5.57805e-07 4.465e-07 3.35053e-07 2.23479e-07 1.11791e-07 -1.7766e-14
5.27518e-05 2.17478e-06 1.53894e-06 1.35402e-06 1.23471e-06 1.11893e-06 1.01044e-06 9.04917e-07 8.04663e-07 7.04802e-07 6.04779e-07 5.04437e-07 4.03805e-07 3.03032e-07 2.02132e-07 1.01117e-07 3.84721e-14
4.98925e-05 1.93777e-06 1.36117e-06 1.21605e-06 1.10895e-06 1.00498e-06 9.07561e-07 8.12842e-07 7.22833e-07 6.33201e-07 5.43407e-07 4.53293e-07 3.6289e-07 2.72346e-07 1.81674e-07 9.08883e-08 -2.17497e-14
4.76265e-05 1.76335e-06 1.22462e-06 1.10734e-06 1.00986e-06 9.15193e-07 8.26494e-07 7.40291e-07 6.58355e-07 5.76782e-07 4.95048e-07 4.12994e-07 3.30651e-07 2.48167e-07 1.65555e-07 8.28285e-08 -1.45339e-15
4.58026e-05 1.64064e-06 1.116e-06 1.02025e-06 9.30467e-07 8.43259e-07 7.61545e-07 6.82165e-07 6.06696e-07 5.31581e-07 4.56304e-07 3.80707e-07 3.04822e-07 2.28794e-07 1.5264e-07 7.63711e-08 -5.86134e-15
4.39677e-05 1.51824e-06 1.01941e-06 9.33371e-07 8.51274e-07 7.71505e-07 6.96758e-07 6.24184e-07 5.55166e-07 4.86492e-07 4.17656e-07 3.48501e-07 2.79057e-07 2.09471e-07 1.39757e-07 6.99299e-08 -7.02754e-15
4.24256e-05 1.41581e-06 9.39986e-07 8.60675e-07 7.85009e-07 7.11464e-07 6.42547e-07 5.75668e-07 5.12048e-07 4.48764e-07 3.85318e-07 3.21552e-07 2.57498e-07 1.93301e-07 1.28978e-07 6.45401e-08 -1.77303e-14
4.11056e-05 1.32916e-06 8.72789e-07 7.99172e-07 7.28947e-07 6.60667e-07 5.96683e-07 5.34621e-07 4.75569e-07 4.16844e-07 3.57958e-07 2.98753e-07 2.39258e-07 1.79622e-07 1.19858e-07 5.99803e-08 3.58069e-14
3.97789e-05 1.24397e-06 8.06725e-07 7.38706e-07 6.73829e-07 6.10727e-07 5.51592e-07 4.94267e-07 4.39705e-07 3.85463e-07 3.3106e-07 2.76337e-07 2.21326e-07 1.66173e-07 1.10892e-07 5.54971e-08 5.54992e-13
3.78719e-05 1.12854e-06 7.17213e-07 6.56779e-07 5.99149e-07 5.43061e-07 4.90496e-07 4.3959e-07 3.91111e-07 3.42944e-07 2.94615e-07 2.45966e-07 1.97029e-07 1.4795e-07 9.87436e-08 4.9423e-08 -8.62521e-14
3.5375e-05 1.01923e-06 6.32445e-07 5.79194e-07 5.28427e-07 4.78982e-07 4.32639e-07 3.87811e-07 3.45093e-07 3.02678e-07 2.60101e-07 2.17205e-07 1.7402e-07 1.30693e-07 8.72391e-08 4.36707e-08 4.16902e-14
3.32981e-05 8.18838e-07 4.77045e-07 4.36961e-07 3.98776e-07 3.61508e-07 3.26573e-07 2.92887e-07 2.60731e-07 2.28861e-07 1.9683e-07 1.64479e-07 1.31839e-07 9.90573e-08 6.61485e-08 3.31254e-08 -1.83052e-14
3.10628e-05 6.03551e-07 3.04836e-07 2.79345e-07 2.55102e-07 2.31329e-07 2.09034e-07 1.87695e-07 1.67243e-07 1.4706e-07 1.26714e-07 1.06049e-07 8.50953e-08 6.39996e-08 4.27767e-08 2.14395e-08 4.60248e-14
2.85121e-05 4.25703e-07 1.49575e-07 1.37239e-07 1.25567e-07 1.13961e-07 1.03062e-07 9.2856e-08 8.29562e-08 7.33084e-08 6.34989e-08 5.33698e-08 4.29518e-08 3.2392e-08 2.17049e-08 1.09037e-08 4.45667e-14
2.5913e-05 2.63132e-07 1.63055e-09 1.83131e-09 2.13739e-09 2.12433e-09 2.08502e-09 2.48648e-09 2.64164e-09 3.03317e-09 3.26294e-09 3.17317e-09 2.7945e-09 2.27401e-09 1.62624e-09 8.64304e-10 8.26166e-15
2.30385e-05 8.51004e-08 -1.60383e-07 -1.46455e-07 -1.33031e-07 -1.20348e-07 -1.08496e-07 -9.64775e-08 -8.53112e-08 -7.39256e-08 -6.27017e-08 -5.17974e-08 -4.11819e-08 -3.07083e-08 -2.0362e-08 -1.01298e-08 -1.44144e-14
2.01337e-05 -1.42445e-07 -3.67457e-07 -3.35981e-07 -3.05793e-07 -2.76883e-07 -2.49831e-07 -2.22965e-07 -1.97725e-07 -1.72288e-07 -1.47012e-07 -1.22056e-07 -9.73889e-08 -7.28636e-08 -4.84654e-08 -2.41815e-08 3.15316e-14
1.74554e-05 -4.12997e-07 -6.13653e-07 -5.61317e-07 -5.11195e-07 -4.62993e-07 -4.17869e-07 -3.73351e-07 -3.31378e-07 -2.89234e-07 -2.47252e-07 -2.05589e-07 -1.64215e-07 -1.22983e-07 -8.18787e-08 -4.08881e-08 5.64871e-14
1.45966e-05 -7.2079e-07 -8.8183e-07 -8.0677e-07 -7.34936e-07 -6.65718e-07 -6.0091e-07 -5.37163e-07 -4.76964e-07 -4.16622e-07 -3.56441e-07 -2.96581e-07 -2.37008e-07 -1.77578e-07 -1.18275e-07 -5.90864e-08 -2.35978e-14
1.15402e-05 -1.07039e-06 -1.15775e-06 -1.05842e-06 -9.64325e-07 -8.73562e-07 -7.88571e-07 -7.05111e-07 -6.26225e-07 -5.47226e-07 -4.68387e-07 -3.89869e-07 -3.11639e-07 -2.33551e-07 -1.55591e-07 -7.77441e-08 -9.23799e-15
8.71541e-06 -1.46619e-06 -1.51239e-06 -1.33918e-06 -1.22024e-06 -1.10544e-06 -9.97937e-07 -8.92483e-07 -7.92749e-07 -6.92934e-07 -5.9328e-07 -4.93946e-07 -3.94901e-07 -2.95998e-07 -1.97221e-07 -9.85596e-08 -5.50089e-14
5.77988e-06 -1.9027e-06 -1.907e-06 -1.68025e-06 -1.4993e-06 -1.35829e-06 -1.22623e-06 -1.09679e-06 -9.74328e-07 -8.51815e-07 -7.29464e-07 -6.07433e-07 -4.8569e-07 -3.64089e-07 -2.42616e-07 -1.21257e-07 4.77595e-14
2.81793e-06 -2.45775e-06 -2.34698e-06 -2.06223e-06 -1.81559e-06 -1.6249e-06 -1.46696e-06 -1.31223e-06 -1.1658e-06 -1.01935e-06 -8.73065e-07 -7.271e-07 -5.81424e-07 -4.3589e-07 -2.90483e-07 -1.4519e-07 4.87024e-15
2.22044e-07 -3.0839e-06 -2.90909e-06 -2.50645e-06 -2.19804e-06 -1.92855e-06 -1.73088e-06 -1.54843e-06 -1.37571e-06 -1.20303e-06 -1.0305e-06 -8.58299e-07 -6.86383e-07 -5.14609e-07 -3.42962e-07 -1.7143e-07 -8.04765e-13
-2.54302e-06 -3.8259e-06 -3.53206e-06 -3.06649e-06 -2.63668e-06 -2.30096e-06 -2.01782e-06 -1.80325e-06 -1.60218e-06 -1.40119e-06 -1.20035e-06 -9.99841e-07 -7.99617e-07 -5.99535e-07 -3.9958e-07 -1.99739e-07 -1.57141e-13
-5.54773e-06 -4.65764e-06 -4.27535e-06 -3.63596e-06 -3.14652e-06 -2.68672e-06 -2.35036e-06 -2.05624e-06 -1.82702e-06 -1.59792e-06 -1.36899e-06 -1.14037e-06 -9.12038e-07 -6.8385e-07 -4.5579e-07 -2.27844e-07 4.01264e-14
-8.23698e-06 -5.52701e-06 -5.0603e-06 -4.33478e-06 -3.67673e-06 -3.15605e-06 -2.69289e-06 -2.34179e-06 -2.05535e-06 -1.79771e-06 -1.54023e-06 -1.28307e-06 -1.0262e-06 -7.69473e-07 -5.12872e-07 -2.56385e-07 1.72839e-14
-1.07284e-05 -6.40906e-06 -5.79038e-06 -4.99115e-06 -4.23932e-06 -3.59492e-06 -3.04721e-06 -2.62108e-06 -2.26282e-06 -1.97924e-06 -1.69583e-06 -1.41274e-06 -1.12993e-06 -8.47272e-07 -5.64738e-07 -2.82318e-07 -4.55386e-13
-1.33546e-05 -7.21194e-06 -6.51251e-06 -5.54329e-06 -4.72921e-06 -3.96418e-06 -3.36661e-06 -2.85033e-06 -2.44618e-06 -2.12826e-06 -1.82356e-06 -1.51918e-06 -1.21509e-06 -9.11137e-07 -6.07314e-07 -3.03606e-07 2.69619e-13
-1.60962e-05 -7.94238e-06 -7.18514e-06 -6.11179e-06 -5.18643e-06 -4.37014e-06 -3.66342e-06 -3.0755e-06 -2.62952e-06 -2.26383e-06 -1.93976e-06 -1.61601e-06 -1.29255e-06 -9.69237e-07 -6.46048e-07 -3.22973e-07 -1.79772e-13
-1.9038e-05 -8.78487e-06 -7.90664e-06 -6.77392e-06 -5.67842e-06 -4.80385e-06 -3.98052e-06 -3.35029e-06 -2.82755e-06 -2.40866e-06 -2.06391e-06 -1.71947e-06 -1.37532e-06 -1.03131e-06 -6.8743e-07 -3.43664e-07 -1.88182e-14
-2.26088e-05 -9.68785e-06 -8.56548e-06 -7.35652e-06 -6.2111e-06 -5.19706e-06 -4.32223e-06 -3.59951e-06 -3.0018e-06 -2.54018e-06 -2.17314e-06 -1.8105e-06 -1.44814e-06 -1.08593e-06 -7.23842e-07 -3.6187e-07 9.18393e-14
-2.63421e-05 -1.05127e-05 -9.28618e-06 -7.89621e-06 -6.699e-06 -5.55726e-06 -4.63788e-06 -3.82818e-06 -3.17111e-06 -2.67539e-06 -2.27292e-06 -1.89365e-06 -1.51466e-06 -1.13582e-06 -7.57103e-07 -3.785e-07 7.25657e-13
-2.94973e-05 -1.1204e-05 -9.89012e-06 -8.3632e-06 -7.10787e-06 -5.91459e-06 -4.90437e-06 -4.01981e-06 -3.33559e-06 -2.7921e-06 -2.35654e-06 -1.96333e-06 -1.57041e-06 -1.17763e-06 -7.84976e-07 -3.92437e-07 -1.41534e-14
-3.21017e-05 -1.17691e-05 -1.03839e-05 -8.81836e-06 -7.44215e-06 -6.21909e-06 -5.12781e-06 -4.20263e-06 -3.47007e-06 -2.88752e-06 -2.42491e-06 -2.0203e-06 -1.61599e-06 -1.21181e-06 -8.07764e-07 -4.03831e-07 3.35831e-14
-3.47941e-05 -1.23094e-05 -1.08553e-05 -9.25287e-06 -7.76989e-06 -6.50978e-06 -5.34112e-06 -4.38784e-06 -3.60217e-06 -2.97861e-06 -2.49017e-06 -2.07469e-06 -1.6595e-06 -1.24444e-06 -8.29519e-07 -4.14708e-07 2.42547e-13
-3.82908e-05 -1.2828e-05 -1.12853e-05 -9.64925e-06 -8.06941e-06 -6.77496e-06 -5.53573e-06 -4.5568e-06 -3.72342e-06 -3.06171e-06 -2.54971e-06 -2.1243e-06 -1.69919e-06 -1.27421e-06 -8.49364e-07 -4.24631e-07 1.35869e-14
-4.2112e-05 -1.34556e-05 -1.17458e-05 -1.00737e-05 -8.44647e-06 -7.05893e-06 -5.78545e-06 -4.73773e-06 -3.85327e-06 -3.1507e-06 -2.61346e-06 -2.17743e-06 -1.74169e-06 -1.30609e-06 -8.70616e-07 -4.35257e-07 -5.05254e-14
-4.59311e-05 -1.40747e-05 -1.22139e-05 -1.04925e-05 -8.83052e-06 -7.34003e-06 -6.03912e-06 -4.91815e-06 -3.98138e-06 -3.24321e-06 -2.68392e-06 -2.22985e-06 -1.78362e-06 -1.33754e-06 -8.91583e-07 -4.4574e-07 2.04201e-13
-4.91832e-05 -1.48098e-05 -1.26723e-05 -1.08451e-05 -9.15391e-06 -7.58275e-06 -6.25272e-06 -5.07345e-06 -4.08925e-06 -3.33437e-06 -2.74507e-06 -2.27399e-06 -1.81893e-06 -1.36402e-06 -9.09238e-07 -4.54568e-07 -3.79574e-14
-5.19916e-05 -1.55378e-05 -1.30647e-05 -1.11469e-05 -9.4307e-06 -7.7905e-06 -6.43555e-06 -5.20636e-06 -4.19515e-06 -3.4124e-06 -2.79865e-06 -2.31177e-06 -1.84916e-06 -1.38669e-06 -9.24349e-07 -4.62123e-07 2.25141e-14
-5.48013e-05 -1.62607e-05 -1.34541e-05 -1.14465e-05 -9.70546e-06 -8.00646e-06 -6.61703e-06 -5.3383e-06 -4.30864e-06 -3.48986e-06 -2.85248e-06 -2.34927e-06 -1.87916e-06 -1.40919e-06 -9.39349e-07 -4.69623e-07 -3.08985e-14
-5.54823e-05 -1.64352e-05 -1.35482e-05 -1.15198e-05 -9.77178e-06 -8.06689e-06 -6.66084e-06 -5.37016e-06 -4.33603e-06 -3.50855e-06 -2.86548e-06 -2.35832e-06 -1.8864e-06 -1.41462e-06 -9.4297e-07 -4.71434e-07 -1.80633e-14
-5.48349e-05 -1.60012e-05 -1.31476e-05 -1.12107e-05 -9.48922e-06 -7.83442e-06 -6.4742e-06 -5.23447e-06 -4.21932e-06 -3.4289e-06 -2.81011e-06 -2.31975e-06 -1.85555e-06 -1.39148e-06 -9.27544e-07 -4.63721e-07 -8.66912e-14
-5.41819e-05 -1.55635e-05 -1.27436e-05 -1.09e-05 -9.20421e-06 -7.62051e-06 -6.28595e-06 -5.09761e-06 -4.10603e-06 -3.34855e-06 -2.75459e-06 -2.28085e-06 -1.82443e-06 -1.36814e-06 -9.11984e-07 -4.55941e-07 9.51178e-15
-5.29725e-05 -1.47529e-05 -1.20231e-05 -1.03244e-05 -8.67641e-06 -7.22667e-06 -5.93733e-06 -4.84461e-06 -3.92997e-06 -3.20327e-06 -2.65478e-06 -2.20882e-06 -1.7668e-06 -1.32492e-06 -8.83169e-07 -4.41534e-07 -5.67427e-14
-5.11465e-05 -1.35289e-05 -1.1075e-05 -9.45543e-06 -7.92295e-06 -6.6453e-06 -5.44058e-06 -4.47419e-06 -3.66413e-06 -3.02109e-06 -2.52061e-06 -2.10004e-06 -1.67978e-06 -1.25966e-06 -8.3966e-07 -4.19779e-07 -3.73703e-14
-4.92698e-05 -1.23227e-05 -1.01061e-05 -8.56231e-06 -7.2541e-06 -6.0478e-06 -5.00215e-06 -4.0935e-06 -3.39442e-06 -2.83385e-06 -2.38646e-06 -1.98825e-06 -1.59035e-06 -1.19258e-06 -7.94944e-07 -3.97421e-07 -2.05413e-13
-4.73615e-05 -1.12511e-05 -9.12094e-06 -7.77068e-06 -6.58714e-06 -5.4747e-06 -4.56555e-06 -3.77577e-06 -3.1261e-06 -2.6438e-06 -2.25006e-06 -1.87458e-06 -1.49941e-06 -1.12438e-06 -7.49477e-07 -3.74687e-07 -4.50618e-13
-4.54579e-05 -1.01847e-05 -8.2048e-06 -7.04096e-06 -5.9218e-06 -4.98355e-06 -4.1351e-06 -3.46394e-06 -2.90742e-06 -2.46712e-06 -2.11399e-06 -1.76119e-06 -1.4087e-06 -1.05634e-06 -7.04119e-07 -3.52009e-07 -2.19864e-13
-4.34797e-05 -9.07643e-06 -7.37506e-06 -6.28678e-06 -5.3165e-06 -4.48481e-06 -3.74729e-06 -3.14814e-06 -2.68187e-06 -2.30215e-06 -1.97258e-06 -1.64335e-06 -1.31443e-06 -9.85642e-07 -6.56984e-07 -3.28441e-07 -1.91525e-13
-4.14676e-05 -8.09817e-06 -6.54255e-06 -5.56574e-06 -4.74917e-06 -3.98235e-06 -3.37993e-06 -2.85967e-06 -2.45419e-06 -2.13435e-06 -1.82876e-06 -1.5235e-06 -1.21854e-06 -9.1373e-07 -6.09043e-07 -3.0447e-07 -2.35843e-13
-3.94052e-05 -7.17023e-06 -5.72234e-06 -4.92851e-06 -4.18375e-06 -3.55409e-06 -3.0115e-06 -2.59507e-06 -2.24353e-06 -1.96236e-06 -1.68134e-06 -1.40065e-06 -1.12026e-06 -8.40019e-07 -5.59902e-07 -2.799e-07 -1.12561e-12
-3.72688e-05 -6.21029e-06 -5.00586e-06 -4.28624e-06 -3.64087e-06 -3.12336e-06 -2.66974e-06 -2.32098e-06 -2.03991e-06 -1.7842e-06 -1.52862e-06 -1.27339e-06 -1.01845e-06 -7.63663e-07 -5.08998e-07 -2.54448e-07 -6.2762e-13
-3.47433e-05 -5.47673e-06 -4.38268e-06 -3.71722e-06 -3.21976e-06 -2.75114e-06 -2.3977e-06 -2.09176e-06 -1.85857e-06 -1.62552e-06 -1.39261e-06 -1.16005e-06 -9.27781e-07 -6.95658e-07 -4.63662e-07 -2.3178e-07 4.7248e-14
-3.18454e-05 -4.88246e-06 -3.85311e-06 -3.32201e-06 -2.86304e-06 -2.4681e-06 -2.16444e-06 -1.9168e-06 -1.70307e-06 -1.48946e-06 -1.27599e-06 -1.06286e-06 -8.50035e-07 -6.37348e-07 -4.24788e-07 -2.12343e-07 -7.67766e-15
-2.88336e-05 -4.30828e-06 -3.38433e-06 -2.93046e-06 -2.51617e-06 -2.21204e-06 -1.94821e-06 -1.74285e-06 -1.54848e-06 -1.35419e-06 -1.16005e-06 -9.66242e-07 -7.72737e-07 -5.79375e-07 -3.8614e-07 -1.93019e-07 1.42664e-15
-2.61862e-05 -3.76687e-06 -2.98173e-06 -2.5711e-06 -2.24626e-06 -1.97087e-06 -1.7642e-06 -1.57817e-06 -1.40212e-06 -1.22613e-06 -1.05028e-06 -8.74768e-07 -6.99559e-07 -5.24491e-07 -3.4955e-07 -1.74724e-07 -5.68807e-16
-2.38341e-05 -3.34593e-06 -2.64057e-06 -2.28244e-06 -2.01656e-06 -1.77872e-06 -1.60583e-06 -1.43644e-06 -1.27615e-06 -1.11591e-06 -9.55803e-07 -7.96038e-07 -6.36575e-07 -4.77253e-07 -3.18058e-07 -1.58978e-07 -3.90641e-14
-2.13974e-05 -2.9666e-06 -2.30371e-06 -2.02985e-06 -1.78701e-06 -1.6024e-06 -1.44663e-06 -1.29396e-06 -1.14953e-06 -1.00511e-06 -8.60837e-07 -7.169e-07 -5.73264e-07 -4.2977e-07 -2.86403e-07 -1.4315e-07 -6.77451e-15
-1.9001e-05 -2.60237e-06 -2.02363e-06 -1.78733e-06 -1.58193e-06 -1.43311e-06 -1.29378e-06 -1.15717e-06 -1.02796e-06 -8.98736e-07 -7.69658e-07 -6.40918e-07 -5.12478e-07 -3.84181e-07 -2.5601e-07 -1.27954e-07 -3.29935e-14
-1.68983e-05 -2.21005e-06 -1.73009e-06 -1.52119e-06 -1.37433e-06 -1.24501e-06 -1.12395e-06 -1.00518e-06 -8.92879e-07 -7.80539e-07 -6.68347e-07 -5.56491e-07 -4.44937e-07 -3.33525e-07 -2.2224e-07 -1.11069e-07 -4.79771e-16
-1.48808e-05 -1.80906e-06 -1.41237e-06 -1.26171e-06 -1.14964e-06 -1.04142e-06 -9.40127e-07 -8.40668e-07 -7.46675e-07 -6.52611e-07 -5.58694e-07 -4.65114e-07 -3.71835e-07 -2.78698e-07 -1.85688e-07 -9.27931e-08 -5.25772e-15
-1.2813e-05 -1.45596e-06 -1.10521e-06 -1.01122e-06 -9.21302e-07 -8.34536e-07 -7.53328e-07 -6.73493e-07 -5.981e-07 -5.22608e-07 -4.47262e-07 -3.72254e-07 -2.97548e-07 -2.22983e-07 -1.48545e-07 -7.42212e-08 -1.21519e-14
-1.07423e-05 -1.09578e-06 -8.26055e-07 -7.55712e-07 -6.88398e-07 -6.23509e-07 -5.62791e-07 -5.02972e-07 -4.46552e-07 -3.90003e-07 -3.33601e-07 -2.77537e-07 -2.21774e-07 -1.66152e-07 -1.10658e-07 -5.52777e-08 -2.70402e-14
-8.95149e-06 -6.81087e-07 -4.9879e-07 -4.56177e-07 -4.15361e-07 -3.76116e-07 -3.39421e-07 -3.03067e-07 -2.6889e-07 -2.34548e-07 -2.00354e-07 -1.66498e-07 -1.32942e-07 -9.95285e-08 -6.62421e-08 -3.30699e-08 -9.07922e-15
-7.03978e-06 -2.96978e-07 -1.53117e-07 -1.39795e-07 -1.26965e-07 -1.14809e-07 -1.03487e-07 -9.19174e-08 -8.12339e-08 -7.03495e-08 -5.96125e-08 -4.92128e-08 -3.91143e-08 -2.91576e-08 -1.93281e-08 -9.61288e-09 -1.73962e-13
-4.94741e-06 9.10018e-08 1.99955e-07 1.8336e-07 1.67604e-07 1.52092e-07 1.37498e-07 1.23752e-07 1.10439e-07 9.73645e-08 8.41424e-08 7.05829e-08 5.67223e-08 4.27198e-08 2.85901e-08 1.43462e-08 -4.38212e-15
-2.64185e-06 4.38519e-07 5.16206e-07 4.72813e-07 4.31453e-07 3.91159e-07 3.53351e-07 3.1693e-07 2.82123e-07 2.47588e-07 2.12905e-07 1.77885e-07 1.42564e-07 1.07101e-07 7.15111e-08 3.58068e-08 1.86032e-15
-4.27827e-07 8.55546e-07 8.64969e-07 7.92024e-07 7.22426e-07 6.54802e-07 5.91394e-07 5.29966e-07 4.71456e-07 4.13254e-07 3.54905e-07 2.96218e-07 2.37231e-07 1.78101e-07 1.18844e-07 5.94733e-08 -9.06475e-15
1.86971e-06 1.31123e-06 1.23457e-06 1.11543e-06 1.01723e-06 9.21914e-07 8.32569e-07 7.45806e-07 6.6328e-07 5.811e-07 4.98773e-07 4.16109e-07 3.33143e-07 2.50035e-07 1.668e-07 8.34515e-08 -5.2587e-13
4.28182e-06 1.73396e-06 1.61793e-06 1.42103e-06 1.29071e-06 1.16971e-06 1.0563e-06 9.46037e-07 8.41233e-07 7.36809e-07 6.32237e-07 5.27329e-07 4.22119e-07 3.16767e-07 2.11288e-07 1.05695e-07 -9.10389e-14
6.90377e-06 2.1979e-06 1.98651e-06 1.75401e-06 1.55147e-06 1.40597e-06 1.26963e-06 1.13695e-06 1.01091e-06 8.85272e-07 7.59492e-07 6.33374e-07 5.06955e-07 3.80395e-07 2.53707e-07 1.26904e-07 1.82035e-13
9.6509e-06 2.70558e-06 2.40438e-06 2.09972e-06 1.8502e-06 1.64737e-06 1.48759e-06 1.33201e-06 1.18426e-06 1.03696e-06 8.89511e-07 7.41723e-07 5.93634e-07 4.45404e-07 2.97046e-07 1.48574e-07 8.32537e-14
1.2399e-05 3.203e-06 2.84908e-06 2.45266e-06 2.15319e-06 1.88869e-06 1.69655e-06 1.51903e-06 1.35047e-06 1.18239e-06 1.01416e-06 8.45602e-07 6.76737e-07 5.07731e-07 3.38598e-07 1.6935e-07 2.38187e-15
1.52188e-05 3.65911e-06 3.23986e-06 2.80048e-06 2.41234e-06 2.12097e-06 1.87528e-06 1.67898e-06 1.49263e-06 1.30678e-06 1.12078e-06 9.3445e-07 7.47816e-07 5.61041e-07 3.74137e-07 1.8712e-07 4.48477e-13
1.78e-05 4.17133e-06 3.62673e-06 3.14898e-06 2.70953e-06 2.35055e-06 2.06032e-06 1.83498e-06 1.63127e-06 1.42809e-06 1.22476e-06 1.0211e-06 8.17137e-07 6.13031e-07 4.08798e-07 2.0445e-07 6.31537e-14
2.03611e-05 4.66473e-06 4.08116e-06 3.48699e-06 3.01065e-06 2.57171e-06 2.25813e-06 1.98525e-06 1.76482e-06 1.54495e-06 1.32493e-06 1.10457e-06 8.83912e-07 6.63112e-07 4.42185e-07 2.21144e-07 2.58574e-13
2.33616e-05 5.12998e-06 4.49902e-06 3.8267e-06 3.29565e-06 2.81778e-06 2.4423e-06 2.1243e-06 1.88762e-06 1.6524e-06 1.41703e-06 1.18132e-06 9.45313e-07 7.09163e-07 4.72885e-07 2.36494e-07 -3.91293e-13
2.68568e-05 5.57658e-06 4.90021e-06 4.19347e-06 3.56711e-06 3.05702e-06 2.61773e-06 2.27624e-06 2.00459e-06 1.75475e-06 1.50476e-06 1.25443e-06 1.0038e-06 7.53027e-07 5.02128e-07 2.51115e-07 -3.50917e-13
3.0287e-05 6.04884e-06 5.31502e-06 4.56343e-06 3.85294e-06 3.30649e-06 2.79535e-06 2.43498e-06 2.12258e-06 1.85799e-06 1.59325e-06 1.32817e-06 1.06279e-06 7.97274e-07 5.31626e-07 2.65864e-07 2.12231e-13
3.35948e-05 6.7345e-06 5.82699e-06 5.02733e-06 4.27156e-06 3.61437e-06 3.0647e-06 2.63096e-06 2.2682e-06 1.98541e-06 1.70246e-06 1.41918e-06 1.1356e-06 8.51881e-07 5.68031e-07 2.84067e-07 4.17384e-14
3.74397e-05 7.42711e-06 6.46207e-06 5.50386e-06 4.69443e-06 3.93338e-06 3.3411e-06 2.82894e-06 2.42881e-06 2.11411e-06 1.81279e-06 1.51112e-06 1.20915e-06 9.07041e-07 6.04805e-07 3.02453e-07 8.19351e-15
4.16678e-05 7.99728e-06 6.98729e-06 5.93173e-06 5.05046e-06 4.25048e-06 3.57301e-06 2.99801e-06 2.57174e-06 2.22007e-06 1.9036e-06 1.5868e-06 1.2697e-06 9.5245e-07 6.35077e-07 3.17589e-07 3.02798e-13
4.59418e-05 8.58011e-06 7.50923e-06 6.41272e-06 5.40787e-06 4.5656e-06 3.80347e-06 3.19773e-06 2.7157e-06 2.32536e-06 1.99385e-06 1.66201e-06 1.32986e-06 9.97574e-07 6.6516e-07 3.32631e-07 1.87493e-14
5.02793e-05 9.25014e-06 8.03767e-06 6.8929e-06 5.78792e-06 4.88235e-06 4.04743e-06 3.3984e-06 2.85941e-06 2.43047e-06 2.08395e-06 1.73709e-06 1.38992e-06 1.04262e-06 6.95191e-07 3.47647e-07 8.87271e-13
5.45577e-05 9.93511e-06 8.57323e-06 7.35927e-06 6.21552e-06 5.19803e-06 4.32416e-06 3.59889e-06 2.99899e-06 2.5385e-06 2.17145e-06 1.81001e-06 1.44826e-06 1.08637e-06 7.24359e-07 3.62231e-07 2.83745e-13
5.88104e-05 1.06062e-05 9.19193e-06 7.82233e-06 6.63446e-06 5.50733e-06 4.59528e-06 3.79532e-06 3.14387e-06 2.65458e-06 2.25718e-06 1.88145e-06 1.50542e-06 1.12924e-06 7.52937e-07 3.7652e-07 9.66334e-14
6.31672e-05 1.12433e-05 9.77607e-06 8.26616e-06 7.03001e-06 5.84498e-06 4.85216e-06 3.98078e-06 3.30309e-06 2.76755e-06 2.33812e-06 1.9489e-06 1.55938e-06 1.16971e-06 7.79918e-07 3.9001e-07 -2.24886e-14
6.79327e-05 1.17735e-05 1.02398e-05 8.68815e-06 7.34399e-06 6.13101e-06 5.0621e-06 4.14673e-06 3.42949e-06 2.85723e-06 2.40238e-06 2.00245e-06 1.60221e-06 1.20184e-06 8.01336e-07 4.00719e-07 -1.0614e-14
7.27072e-05 1.22831e-05 1.06835e-05 9.09723e-06 7.65035e-06 6.40473e-06 5.26301e-06 4.32119e-06 3.55302e-06 2.94305e-06 2.46387e-06 2.05369e-06 1.6432e-06 1.23258e-06 8.21831e-07 4.10967e-07 -1.29879e-15
7.74304e-05 1.28125e-05 1.11132e-05 9.49335e-06 7.94969e-06 6.66978e-06 5.45755e-06 4.49012e-06 3.67428e-06 3.02615e-06 2.5234e-06 2.1033e-06 1.6829e-06 1.26235e-06 8.41677e-07 4.2089e-07 1.17675e-14
8.21236e-05 1.33825e-05 1.15319e-05 9.87935e-06 8.27078e-06 6.92805e-06 5.66957e-06 4.65473e-06 3.79244e-06 3.10713e-06 2.58142e-06 2.15165e-06 1.72157e-06 1.29136e-06 8.61016e-07 4.30559e-07 -1.88051e-16
8.63571e-05 1.38881e-05 1.19068e-05 1.02216e-05 8.58472e-06 7.15708e-06 5.87699e-06 4.8007e-06 3.89722e-06 3.17893e-06 2.63544e-06 2.19452e-06 1.75587e-06 1.31708e-06 8.78165e-07 4.39134e-07 -9.15745e-16
8.99316e-05 1.43091e-05 1.22364e-05 1.05067e-05 8.84618e-06 7.34956e-06 6.04974e-06 4.9249e-06 3.98449e-06 3.24647e-06 2.68491e-06 2.23023e-06 1.78444e-06 1.33851e-06 8.92448e-07 4.46275e-07 -3.55802e-13
9.34808e-05 1.47424e-05 1.25995e-05 1.07861e-05 9.10242e-06 7.54189e-06 6.21904e-06 5.04799e-06 4.07001e-06 3.31874e-06 2.7334e-06 2.26522e-06 1.81243e-06 1.3595e-06 9.06445e-07 4.53274e-07 -5.89371e-15
9.66428e-05 1.5329e-05 1.29165e-05 1.10299e-05 9.32606e-06 7.70976e-06 6.3668e-06 5.15543e-06 4.15263e-06 3.38182e-06 2.77655e-06 2.29576e-06 1.83686e-06 1.37783e-06 9.18661e-07 4.59382e-07 2.35963e-14
9.93979e-05 1.5836e-05 1.31904e-05 1.12406e-05 9.51929e-06 7.8548e-06 6.49447e-06 5.24825e-06 4.2325e-06 3.43633e-06 2.81444e-06 2.32215e-06 1.85798e-06 1.39366e-06 9.29217e-07 4.6466e-07 3.59041e-16
0.000102195 1.63235e-05 1.34536e-05 1.14431e-05 9.70502e-06 8.00787e-06 6.61718e-06 5.33748e-06 4.30926e-06 3.48872e-06 2.85085e-06 2.34751e-06 1.87827e-06 1.40888e-06 9.39362e-07 4.69732e-07 -3.57819e-14
0.000104358 1.66339e-05 1.36212e-05 1.15748e-05 9.82328e-06 8.11564e-06 6.69532e-06 5.39429e-06 4.35814e-06 3.52207e-06 2.87403e-06 2.36366e-06 1.89119e-06 1.41857e-06 9.45822e-07 4.72962e-07 -8.45426e-14
0.000105655 1.66516e-05 1.36307e-05 1.15823e-05 9.83002e-06 8.12178e-06 6.69977e-06 5.39752e-06 4.36092e-06 3.52397e-06 2.87535e-06 2.36458e-06 1.89192e-06 1.41912e-06 9.4619e-07 4.73146e-07 9.63831e-15
0.000107068 1.66356e-05 1.3616e-05 1.15708e-05 9.81963e-06 8.11231e-06 6.69291e-06 5.39253e-06 4.35663e-06 3.52104e-06 2.87332e-06 2.36316e-06 1.89079e-06 1.41827e-06 9.45623e-07 4.72863e-07 -1.67566e-15
0.000108115 1.66237e-05 1.3605e-05 1.15621e-05 9.81186e-06 8.10523e-06 6.68777e-06 5.3888e-06 4.35341e-06 3.51885e-06 2.87179e-06 2.3621e-06 1.88994e-06 1.41763e-06 9.45198e-07 4.7265e-07 6.35804e-13
0.000108592 1.66182e-05 1.36e-05 1.15582e-05 9.80832e-06 8.102e-06 6.68543e-06 5.3871e-06 4.35195e-06 3.51785e-06 2.8711e-06 2.36162e-06 1.88955e-06 1.41734e-06 9.45005e-07 4.72554e-07 -1.41597e-14
0.000109067 1.66135e-05 1.35956e-05 1.15547e-05 9.80524e-06 8.0992e-06 6.6834e-06 5.38562e-06 4.35068e-06 3.51698e-06 2.8705e-06 2.3612e-06 1.88922e-06 1.41709e-06 9.44837e-07 4.7247e-07 4.30726e-15
0.000108993 1.6569e-05 1.35545e-05 1.15224e-05 9.77621e-06 8.07275e-06 6.66422e-06 5.37168e-06 4.33868e-06 3.5088e-06 2.86481e-06 2.35724e-06 1.88604e-06 1.41471e-06 9.43251e-07 4.71677e-07 -8.40931e-13
0.000108597 1.63294e-05 1.33333e-05 1.13505e-05 9.62013e-06 7.93051e-06 6.5611e-06 5.2967e-06 4.27417e-06 3.46477e-06 2.83421e-06 2.33592e-06 1.86899e-06 1.40192e-06 9.34725e-07 4.67414e-07 1.5673e-14
0.000108194 1.60857e-05 1.31083e-05 1.11775e-05 9.46142e-06 7.81136e-06 6.45623e-06 5.22045e-06 4.20858e-06 3.42e-06 2.80309e-06 2.31425e-06 1.85165e-06 1.38892e-06 9.26055e-07 4.63079e-07 1.44711e-14
0.000107182 1.5473e-05 1.25427e-05 1.07423e-05 9.0623e-06 7.51178e-06 6.19254e-06 5.02872e-06 4.05662e-06 3.30743e-06 2.72581e-06 2.25974e-06 1.80805e-06 1.35621e-06 9.04253e-07 4.52178e-07 2.01815e-14
0.000105137 1.42361e-05 1.1515e-05 9.86381e-06 8.25653e-06 6.91765e-06 5.66015e-06 4.6481e-06 3.78769e-06 3.10387e-06 2.57908e-06 2.1497e-06 1.72002e-06 1.29019e-06 8.60238e-07 4.3017e-07 9.92664e-15
0.000103021 1.29564e-05 1.05292e-05 8.95495e-06 7.54283e-06 6.30953e-06 5.19314e-06 4.26051e-06 3.50947e-06 2.9132e-06 2.44248e-06 2.03586e-06 1.62895e-06 1.22189e-06 8.14703e-07 4.07403e-07 1.73652e-14
0.000100836 1.17774e-05 9.51072e-06 8.06455e-06 6.85033e-06 5.68129e-06 4.735e-06 3.89653e-06 3.23077e-06 2.71623e-06 2.30136e-06 1.91826e-06 1.53486e-06 1.15133e-06 7.67661e-07 3.83882e-07 3.4105e-14
9.85481e-05 1.06209e-05 8.45214e-06 7.26418e-06 6.12834e-06 5.13369e-06 4.26775e-06 3.55801e-06 2.97053e-06 2.51447e-06 2.15361e-06 1.79514e-06 1.43637e-06 1.07745e-06 7.18412e-07 3.59257e-07 2.38567e-14
9.61636e-05 9.41548e-06 7.54261e-06 6.44348e-06 5.43073e-06 4.58578e-06 3.81822e-06 3.21049e-06 2.7249e-06 2.33209e-06 1.99962e-06 1.66681e-06 1.33371e-06 1.00046e-06 6.67083e-07 3.33593e-07 3.98153e-14
9.36947e-05 8.26899e-06 6.62055e-06 5.62225e-06 4.79948e-06 4.02909e-06 3.4111e-06 2.87811e-06 2.47099e-06 2.14608e-06 1.84019e-06 1.53395e-06 1.22742e-06 9.20742e-07 6.13938e-07 3.0702e-07 2.72701e-13
9.10853e-05 7.2035e-06 5.68267e-06 4.89437e-06 4.15356e-06 3.52763e-06 2.98879e-06 2.57571e-06 2.22715e-06 1.94948e-06 1.67167e-06 1.39353e-06 1.11508e-06 8.36486e-07 5.57767e-07 2.78935e-07 2.03503e-13
8.83415e-05 6.11273e-06 4.86824e-06 4.16496e-06 3.546e-06 3.03811e-06 2.60411e-06 2.26442e-06 1.99549e-06 1.74678e-06 1.49793e-06 1.24874e-06 9.99247e-07 7.49613e-07 4.99852e-07 2.49977e-07 3.82479e-14
8.5124e-05 5.37894e-06 4.24195e-06 3.60661e-06 3.12031e-06 2.66354e-06 2.32901e-06 2.03841e-06 1.81206e-06 1.58628e-06 1.36036e-06 1.13409e-06 9.07532e-07 6.80827e-07 4.53995e-07 2.27049e-07 4.34863e-14
8.20045e-05 4.87031e-06 3.78853e-06 3.26935e-06 2.81615e-06 2.42935e-06 2.12919e-06 1.88848e-06 1.67881e-06 1.46968e-06 1.26042e-06 1.05081e-06 8.40905e-07 6.30857e-07 4.20682e-07 2.10392e-07 3.13499e-14
7.86973e-05 4.40361e-06 3.40681e-06 2.95178e-06 2.53478e-06 2.22157e-06 1.95164e-06 1.74729e-06 1.55333e-06 1.35989e-06 1.16631e-06 9.72389e-07 7.78167e-07 5.83804e-07 3.89313e-07 1.94708e-07 1.2203e-14
7.52113e-05 3.95849e-06 3.07562e-06 2.65427e-06 2.3034e-06 2.02205e-06 1.80016e-06 1.61173e-06 1.43285e-06 1.25447e-06 1.07595e-06 8.97089e-07 7.17927e-07 5.38624e-07 3.59193e-07 1.79648e-07 7.92599e-15
7.16017e-05 3.53044e-06 2.75732e-06 2.3708e-06 2.09219e-06 1.8352e-06 1.6545e-06 1.48136e-06 1.31699e-06 1.1531e-06 9.89056e-07 8.24678e-07 6.59998e-07 4.95177e-07 3.30228e-07 1.65165e-07 2.59293e-14
6.78313e-05 3.18396e-06 2.4547e-06 2.13747e-06 1.88468e-06 1.67378e-06 1.51138e-06 1.35328e-06 1.20316e-06 1.0535e-06 9.03683e-07 7.53533e-07 6.03083e-07 4.5249e-07 3.0177e-07 1.50936e-07 2.18844e-15
6.37931e-05 2.82392e-06 2.14292e-06 1.89756e-06 1.66963e-06 1.50626e-06 1.36013e-06 1.21792e-06 1.08286e-06 9.4823e-07 8.13456e-07 6.78344e-07 5.42931e-07 4.07377e-07 2.71695e-07 1.35898e-07 -1.57191e-14
5.95846e-05 2.34806e-06 1.79301e-06 1.57648e-06 1.41454e-06 1.28196e-06 1.15761e-06 1.03668e-06 9.21783e-07 8.07291e-07 6.9265e-07 5.77673e-07 4.62394e-07 3.46974e-07 2.31426e-07 1.15764e-07 -2.59625e-16
5.50943e-05 1.94225e-06 1.48863e-06 1.3151e-06 1.19921e-06 1.08685e-06 9.8145e-07 8.79021e-07 7.81667e-07 6.84688e-07 5.87563e-07 4.901e-07 3.92336e-07 2.9443e-07 1.96397e-07 9.82497e-08 5.14775e-14
5.18e-05 1.69029e-06 1.27349e-06 1.14663e-06 1.04564e-06 9.47709e-07 8.55817e-07 7.66586e-07 6.81742e-07 5.97254e-07 5.12619e-07 4.27647e-07 3.42373e-07 2.56958e-07 1.71416e-07 8.57591e-08 -3.17661e-14
5.08924e-05 1.62799e-06 1.21835e-06 1.10242e-06 1.00533e-06 9.1119e-07 8.22844e-07 7.37077e-07 6.55516e-07 5.74306e-07 4.9295e-07 4.11256e-07 3.29261e-07 2.47124e-07 1.64859e-07 8.24809e-08 2.95003e-14
4.99826e-05 1.56616e-06 1.16362e-06 1.05853e-06 9.65332e-07 8.74945e-07 7.90118e-07 7.07789e-07 6.29487e-07 5.51531e-07 4.73428e-07 3.94988e-07 3.16246e-07 2.37363e-07 1.58352e-07 7.92272e-08 2.29692e-14
4.8146e-05 1.44401e-06 1.06145e-06 9.71827e-07 8.86298e-07 8.03334e-07 7.25461e-07 6.49924e-07 5.7806e-07 5.06532e-07 4.34858e-07 3.62846e-07 2.90533e-07 2.18078e-07 1.45495e-07 7.27988e-08 -1.14937e-14
4.4508e-05 1.20928e-06 8.79426e-07 8.05227e-07 7.34435e-07 6.65736e-07 6.01223e-07 5.38737e-07 4.79244e-07 4.20069e-07 3.60746e-07 3.01086e-07 2.41125e-07 1.81022e-07 1.20791e-07 6.04469e-08 5.11372e-14
4.08593e-05 9.7688e-07 6.99204e-07 6.40276e-07 5.84075e-07 5.29499e-07 4.78215e-07 4.28651e-07 3.81407e-07 3.34461e-07 2.87368e-07 2.39938e-07 1.92206e-07 1.44333e-07 9.6332e-08 4.82172e-08 1.17543e-14
3.77433e-05 7.66331e-07 5.33815e-07 4.88901e-07 4.4609e-07 4.04474e-07 3.6533e-07 3.27625e-07 2.91622e-07 2.55899e-07 2.20029e-07 1.83822e-07 1.47313e-07 1.10663e-07 7.38857e-08 3.6994e-08 -6.13461e-14
3.57533e-05 5.80169e-07 3.84809e-07 3.52521e-07 3.21775e-07 2.91835e-07 2.63628e-07 2.36607e-07 2.10731e-07 1.85119e-07 1.59361e-07 1.33265e-07 1.06868e-07 8.03291e-08 5.3663e-08 2.68827e-08 -1.7516e-14
3.37644e-05 4.12571e-07 2.3245e-07 2.13072e-07 1.94662e-07 1.76661e-07 1.59638e-07 1.43541e-07 1.2802e-07 1.12747e-07 9.73275e-08 8.15705e-08 6.55124e-08 4.93124e-08 3.29852e-08 1.65438e-08 -7.22516e-14
3.17251e-05 2.55702e-07 8.96952e-08 8.24134e-08 7.55608e-08 6.87472e-08 6.22025e-08 5.63411e-08 5.05218e-08 4.49367e-08 3.92042e-08 3.31345e-08 2.67636e-08 2.02508e-08 1.36108e-08 6.85662e-09 6.69251e-14
2.95706e-05 1.22791e-07 -3.12575e-08 -2.82905e-08 -2.53504e-08 -2.26857e-08 -2.03522e-08 -1.75413e-08 -1.51401e-08 -1.25174e-08 -1.00422e-08 -7.90427e-09 -6.06747e-09 -4.37251e-09 -2.80481e-09 -1.35129e-09 2.54233e-13
2.74117e-05 -9.296e-09 -1.51461e-07 -1.38308e-07 -1.25636e-07 -1.13552e-07 -1.02395e-07 -9.09656e-08 -8.03949e-08 -6.96154e-08 -5.89833e-08 -4.86884e-08 -3.86948e-08 -2.88429e-08 -1.91184e-08 -9.50797e-09 8.94452e-14
2.4655e-05 -1.74519e-07 -3.01818e-07 -2.75925e-07 -2.5108e-07 -2.27213e-07 -2.0502e-07 -1.82809e-07 -1.6202e-07 -1.41037e-07 -1.20202e-07 -9.9704e-08 -7.95072e-08 -5.94523e-08 -3.95246e-08 -1.97111e-08 4.25064e-14
2.09952e-05 -4.71327e-07 -5.71922e-07 -5.23142e-07 -4.76428e-07 -4.31395e-07 -3.89376e-07 -3.47799e-07 -3.08651e-07 -2.6934e-07 -2.30176e-07 -1.91349e-07 -1.52823e-07 -1.14439e-07 -7.61824e-08 -3.804e-08 6.31813e-14
1.75731e-05 -8.32014e-07 -8.79914e-07 -8.05036e-07 -7.33386e-07 -6.64218e-07 -5.99591e-07 -5.35931e-07 -4.75851e-07 -4.1564e-07 -3.55576e-07 -2.95849e-07 -2.36423e-07 -1.77139e-07 -1.17982e-07 -5.894e-08 2.07512e-14
1.39327e-05 -1.19878e-06 -1.16848e-06 -1.06716e-06 -9.72326e-07 -8.80715e-07 -7.95066e-07 -7.10871e-07 -6.31327e-07 -5.51681e-07 -4.72182e-07 -3.93021e-07 -3.14161e-07 -2.35443e-07 -1.56851e-07 -7.83746e-08 -4.55623e-15
1.04366e-05 -1.64471e-06 -1.56928e-06 -1.3835e-06 -1.26068e-06 -1.14199e-06 -1.03097e-06 -9.21992e-07 -8.18958e-07 -7.15858e-07 -6.12905e-07 -5.1029e-07 -4.07976e-07 -3.05804e-07 -2.03759e-07 -1.01828e-07 -1.957e-13
7.10889e-06 -2.15022e-06 -1.99285e-06 -1.75911e-06 -1.56023e-06 -1.4134e-06 -1.27603e-06 -1.14131e-06 -1.01387e-06 -8.86405e-07 -7.59089e-07 -6.3211e-07 -5.05432e-07 -3.78896e-07 -2.52487e-07 -1.26192e-07 4.16239e-14
3.5722e-06 -2.78853e-06 -2.52225e-06 -2.19381e-06 -1.93557e-06 -1.71683e-06 -1.54999e-06 -1.38649e-06 -1.23177e-06 -1.07707e-06 -9.22518e-07 -7.68301e-07 -6.14385e-07 -4.6061e-07 -3.06963e-07 -1.5343e-07 -1.24783e-14
-1.5116e-07 -3.69259e-06 -3.31663e-06 -2.86925e-06 -2.46837e-06 -2.1713e-06 -1.91735e-06 -1.71526e-06 -1.52397e-06 -1.33274e-06 -1.14166e-06 -9.5092e-07 -7.6048e-07 -5.70182e-07 -3.80011e-07 -1.89954e-07 1.45029e-14
-4.00684e-06 -4.62711e-06 -4.10308e-06 -3.50803e-06 -3.02927e-06 -2.58974e-06 -2.27466e-06 -1.99952e-06 -1.77659e-06 -1.55379e-06 -1.33113e-06 -1.10881e-06 -8.86793e-07 -6.64916e-07 -4.43167e-07 -2.21533e-07 3.39139e-13
-7.38992e-06 -5.70482e-06 -5.07684e-06 -4.34966e-06 -3.68787e-06 -3.16606e-06 -2.70013e-06 -2.34828e-06 -2.06021e-06 -1.80195e-06 -1.54384e-06 -1.28607e-06 -1.0286e-06 -7.71273e-07 -5.14071e-07 -2.56984e-07 -1.93278e-13
-1.0943e-05 -7.01639e-06 -6.15689e-06 -5.27793e-06 -4.49384e-06 -3.78205e-06 -3.21099e-06 -2.74026e-06 -2.35178e-06 -2.05674e-06 -1.76224e-06 -1.46807e-06 -1.1742e-06 -8.8047e-07 -5.8687e-07 -2.93384e-07 4.3879e-15
-1.5077e-05 -8.13121e-06 -7.18096e-06 -6.1081e-06 -5.18383e-06 -4.36769e-06 -3.66182e-06 -3.07413e-06 -2.62855e-06 -2.26315e-06 -1.93915e-06 -1.6155e-06 -1.29214e-06 -9.68929e-07 -6.45842e-07 -3.2287e-07 5.17815e-15
-1.88585e-05 -9.233e-06 -8.10597e-06 -6.95253e-06 -5.84077e-06 -4.92361e-06 -4.08275e-06 -3.42608e-06 -2.8811e-06 -2.44786e-06 -2.09748e-06 -1.74744e-06 -1.39769e-06 -1.04809e-06 -6.98618e-07 -3.49258e-07 -3.88376e-14
-2.25048e-05 -1.00971e-05 -8.81506e-06 -7.54056e-06 -6.37986e-06 -5.32156e-06 -4.43152e-06 -3.67874e-06 -3.05696e-06 -2.58678e-06 -2.20773e-06 -1.83931e-06 -1.4712e-06 -1.10322e-06 -7.35369e-07 -3.67633e-07 7.22369e-14
-2.63058e-05 -1.09195e-05 -9.54242e-06 -8.09069e-06 -6.87227e-06 -5.69976e-06 -4.75009e-06 -3.90953e-06 -3.24094e-06 -2.72496e-06 -2.30844e-06 -1.92324e-06 -1.53833e-06 -1.15357e-06 -7.68937e-07 -3.84417e-07 1.4916e-14
-2.99972e-05 -1.17201e-05 -1.02424e-05 -8.68801e-06 -7.34615e-06 -6.13142e-06 -5.06375e-06 -4.14707e-06 -3.43158e-06 -2.86022e-06 -2.40535e-06 -2.004e-06 -1.60294e-06 -1.20203e-06 -8.01242e-07 -4.0057e-07 -6.46557e-14
-3.35654e-05 -1.24919e-05 -1.09132e-05 -9.30633e-06 -7.81005e-06 -6.54509e-06 -5.36728e-06 -4.41063e-06 -3.61854e-06 -2.98985e-06 -2.49823e-06 -2.08139e-06 -1.66486e-06 -1.24847e-06 -8.322e-07 -4.16049e-07 -2.2445e-14
-3.7766e-05 -1.31637e-05 -1.14338e-05 -9.78618e-06 -8.18257e-06 -6.86611e-06 -5.61112e-06 -4.61516e-06 -3.76534e-06 -3.09044e-06 -2.5703e-06 -2.14145e-06 -1.71291e-06 -1.2845e-06 -8.56225e-07 -4.28061e-07 6.84972e-14
-4.20195e-05 -1.38521e-05 -1.1943e-05 -1.02523e-05 -8.61e-06 -7.17791e-06 -5.89344e-06 -4.81383e-06 -3.90791e-06 -3.18815e-06 -2.64228e-06 -2.19979e-06 -1.75958e-06 -1.31951e-06 -8.7956e-07 -4.39729e-07 -1.15766e-14
-4.62812e-05 -1.47602e-05 -1.25001e-05 -1.07126e-05 -9.03221e-06 -7.49111e-06 -6.17232e-06 -5.0151e-06 -4.04875e-06 -3.30015e-06 -2.72212e-06 -2.25742e-06 -1.80568e-06 -1.35408e-06 -9.0261e-07 -4.51254e-07 -6.59694e-14
-5.0442e-05 -1.5822e-05 -1.3077e-05 -1.11564e-05 -9.43913e-06 -7.79653e-06 -6.44109e-06 -5.2105e-06 -4.19873e-06 -3.41486e-06 -2.80036e-06 -2.31296e-06 -1.85011e-06 -1.3874e-06 -9.24825e-07 -4.62361e-07 2.39497e-15
-5.42887e-05 -1.67933e-05 -1.36043e-05 -1.15639e-05 -9.81114e-06 -8.10283e-06 -6.68681e-06 -5.38914e-06 -4.3524e-06 -3.51973e-06 -2.87325e-06 -2.36373e-06 -1.89073e-06 -1.41787e-06 -9.45135e-07 -4.72516e-07 1.08554e-12
-5.76434e-05 -1.74614e-05 -1.39667e-05 -1.18489e-05 -1.00668e-05 -8.33583e-06 -6.85571e-06 -5.51195e-06 -4.45802e-06 -3.59212e-06 -2.92335e-06 -2.39863e-06 -1.91865e-06 -1.43881e-06 -9.59095e-07 -4.79496e-07 1.18821e-13
-6.25344e-05 -1.75782e-05 -1.40301e-05 -1.19034e-05 -1.01115e-05 -8.37656e-06 -6.88523e-06 -5.53379e-06 -4.47649e-06 -3.60516e-06 -2.93211e-06 -2.40473e-06 -1.92353e-06 -1.44247e-06 -9.61535e-07 -4.80716e-07 -2.59971e-15
-6.83052e-05 -1.75658e-05 -1.40187e-05 -1.18929e-05 -1.01035e-05 -8.36925e-06 -6.87994e-06 -5.52957e-06 -4.47317e-06 -3.60282e-06 -2.93054e-06 -2.40364e-06 -1.92265e-06 -1.44181e-06 -9.61097e-07 -4.80497e-07 -1.98694e-15
-7.48682e-05 -1.77022e-05 -1.40974e-05 -1.19655e-05 -1.0159e-05 -8.4198e-06 -6.91658e-06 -5.5619e-06 -4.49609e-06 -3.61901e-06 -2.94141e-06 -2.41121e-06 -1.92871e-06 -1.44635e-06 -9.64125e-07 -4.82011e-07 2.66037e-14
-8.14096e-05 -1.7852e-05 -1.41786e-05 -1.20405e-05 -1.02163e-05 -8.47204e-06 -6.95444e-06 -5.59587e-06 -4.51977e-06 -3.63575e-06 -2.95264e-06 -2.41903e-06 -1.93497e-06 -1.45105e-06 -9.67255e-07 -4.83576e-07 6.27106e-15
-8.78085e-05 -1.78915e-05 -1.42e-05 -1.20602e-05 -1.02314e-05 -8.4858e-06 -6.96442e-06 -5.60482e-06 -4.52601e-06 -3.64015e-06 -2.9556e-06 -2.42109e-06 -1.93662e-06 -1.45229e-06 -9.6808e-07 -4.83989e-07 -6.47289e-15
-9.31234e-05 -1.78891e-05 -1.41978e-05 -1.20582e-05 -1.02299e-05 -8.48437e-06 -6.96338e-06 -5.60389e-06 -4.52536e-06 -3.6397e-06 -2.95529e-06 -2.42088e-06 -1.93645e-06 -1.45216e-06 -9.67994e-07 -4.83946e-07 -5.21443e-15
-9.85056e-05 -1.78712e-05 -1.41814e-05 -1.2043e-05 -1.02182e-05 -8.47378e-06 -6.95571e-06 -5.59701e-06 -4.52056e-06 -3.6363e-06 -2.95302e-06 -2.41929e-06 -1.93518e-06 -1.45121e-06 -9.6736e-07 -4.83629e-07 -7.63928e-15
-0.00010433 -1.78246e-05 -1.41383e-05 -1.20033e-05 -1.01879e-05 -8.44612e-06 -6.93566e-06 -5.57902e-06 -4.50802e-06 -3.62745e-06 -2.94707e-06 -2.41515e-06 -1.93186e-06 -1.44872e-06 -9.65703e-07 -4.828e-07 6.32789e-14
-0.000111246 -1.77227e-05 -1.40443e-05 -1.19165e-05 -1.01215e-05 -8.38565e-06 -6.89182e-06 -5.5397e-06 -4.48061e-06 -3.60807e-06 -2.93407e-06 -2.40609e-06 -1.92462e-06 -1.44328e-06 -9.62079e-07 -4.80989e-07 1.00901e-14
-0.000118192 -1.76109e-05 -1.39411e-05 -1.18287e-05 -1.00487e-05 -8.31933e-06 -6.84375e-06 -5.50326e-06 -4.45054e-06 -3.58683e-06 -2.9198e-06 -2.39616e-06 -1.91667e-06 -1.43732e-06 -9.58106e-07 -4.79002e-07 4.67908e-15
-0.000123699 -1.75561e-05 -1.38905e-05 -1.1789e-05 -1.0013e-05 -8.2868e-06 -6.82017e-06 -5.48612e-06 -4.4358e-06 -3.57664e-06 -2.91281e-06 -2.39129e-06 -1.91277e-06 -1.4344e-06 -9.56157e-07 -4.78027e-07 6.6847e-15
-0.000125767 -1.7535e-05 -1.38711e-05 -1.17737e-05 -9.99934e-06 -8.27431e-06 -6.81112e-06 -5.47953e-06 -4.43014e-06 -3.57278e-06 -2.91012e-06 -2.38942e-06 -1.91128e-06 -1.43328e-06 -9.55409e-07 -4.77653e-07 5.78174e-13
-0.000127836 -1.75137e-05 -1.38514e-05 -1.17582e-05 -9.98547e-06 -8.26168e-06 -6.80196e-06 -5.47288e-06 -4.42441e-06 -3.56887e-06 -2.90741e-06 -2.38752e-06 -1.90976e-06 -1.43214e-06 -9.54652e-07 -4.77275e-07 5.32278e-13
-0.000128489 -1.7507e-05 -1.38452e-05 -1.17533e-05 -9.98107e-06 -8.25767e-06 -6.79905e-06 -5.47076e-06 -4.42259e-06 -3.56763e-06 -2.90655e-06 -2.38692e-06 -1.90928e-06 -1.43178e-06 -9.54412e-07 -4.77155e-07 -6.14841e-15
-0.000127561 -1.69547e-05 -1.33355e-05 -1.13553e-05 -9.62151e-06 -7.93341e-06 -6.56156e-06 -5.2981e-06 -4.27407e-06 -3.46627e-06 -2.83609e-06 -2.33785e-06 -1.87002e-06 -1.40234e-06 -9.34782e-07 -4.6734e-07 1.36736e-14
-0.000126618 -1.63933e-05 -1.28174e-05 -1.09567e-05 -9.25598e-06 -7.65906e-06 -6.32012e-06 -5.12257e-06 -4.12339e-06 -3.36323e-06 -2.76447e-06 -2.28796e-06 -1.83011e-06 -1.3724e-06 -9.14826e-07 -4.57362e-07 -5.18407e-13
-0.000125267 -1.55883e-05 -1.20903e-05 -1.03852e-05 -8.73183e-06 -7.26678e-06 -5.97391e-06 -4.87087e-06 -3.94855e-06 -3.216e-06 -2.66532e-06 -2.21642e-06 -1.77288e-06 -1.32948e-06 -8.86211e-07 -4.43054e-07 -1.16389e-15
-0.000122647 -1.40286e-05 -1.08822e-05 -9.27779e-06 -7.78843e-06 -6.52594e-06 -5.35324e-06 -4.39846e-06 -3.60979e-06 -2.98385e-06 -2.49394e-06 -2.07781e-06 -1.66199e-06 -1.24632e-06 -8.30767e-07 -4.15333e-07 -2.31028e-15
-0.00011996 -1.24397e-05 -9.64966e-06 -8.17221e-06 -6.94482e-06 -5.76584e-06 -4.79703e-06 -3.94358e-06 -3.27013e-06 -2.74567e-06 -2.32328e-06 -1.9356e-06 -1.54822e-06 -1.16099e-06 -7.73883e-07 -3.8689e-07 -1.29745e-14
-0.000117218 -1.10674e-05 -8.41376e-06 -7.22823e-06 -6.09341e-06 -5.11012e-06 -4.24621e-06 -3.54454e-06 -2.96352e-06 -2.50815e-06 -2.14916e-06 -1.7905e-06 -1.43214e-06 -1.07393e-06 -7.15841e-07 -3.57869e-07 -4.2607e-14
-0.000114797 -9.86222e-06 -7.50649e-06 -6.40805e-06 -5.4066e-06 -4.5641e-06 -3.80542e-06 -3.19861e-06 -2.71822e-06 -2.32874e-06 -1.99538e-06 -1.66235e-06 -1.32962e-06 -9.97038e-07 -6.64582e-07 -3.3224e-07 -6.01151e-14
-0.000112308 -8.63886e-06 -6.59172e-06 -5.60268e-06 -4.78188e-06 -4.012e-06 -3.40176e-06 -2.87512e-06 -2.4674e-06 -2.14436e-06 -1.83735e-06 -1.53065e-06 -1.22427e-06 -9.1802e-07 -6.11903e-07 -3.059e-07 -8.2623e-14
-0.000109644 -7.55635e-06 -5.66008e-06 -4.87127e-06 -4.1329e-06 -3.51662e-06 -2.97884e-06 -2.57141e-06 -2.22592e-06 -1.94695e-06 -1.66814e-06 -1.38965e-06 -1.11146e-06 -8.33415e-07 -5.555e-07 -2.77699e-07 -1.6383e-13
-0.00010679 -6.48615e-06 -4.8613e-06 -4.15747e-06 -3.54554e-06 -3.03768e-06 -2.60819e-06 -2.26721e-06 -1.99891e-06 -1.74832e-06 -1.49788e-06 -1.24777e-06 -9.97955e-07 -7.48288e-07 -4.98748e-07 -2.49323e-07 3.80495e-14
-0.000103209 -5.62633e-06 -4.19152e-06 -3.57384e-06 -3.08948e-06 -2.63643e-06 -2.31357e-06 -2.02876e-06 -1.80252e-06 -1.57647e-06 -1.35058e-06 -1.12502e-06 -8.99757e-07 -6.74639e-07 -4.49649e-07 -2.24773e-07 -2.12788e-14
-9.8979e-05 -4.96844e-06 -3.60949e-06 -3.13786e-06 -2.69983e-06 -2.34757e-06 -2.05867e-06 -1.83507e-06 -1.63038e-06 -1.42585e-06 -1.22148e-06 -1.01743e-06 -8.13688e-07 -6.10087e-07 -4.06615e-07 -2.03256e-07 -2.39007e-14
-9.4347e-05 -4.37595e-06 -3.17382e-06 -2.74216e-06 -2.37361e-06 -2.08524e-06 -1.85203e-06 -1.65686e-06 -1.472e-06 -1.28727e-06 -1.10269e-06 -9.18444e-07 -7.34498e-07 -5.50695e-07 -3.67019e-07 -1.83459e-07 -9.13486e-15
-8.94856e-05 -3.83673e-06 -2.77369e-06 -2.38528e-06 -2.10781e-06 -1.84931e-06 -1.66876e-06 -1.49284e-06 -1.32623e-06 -1.15973e-06 -9.9337e-07 -8.2734e-07 -6.61615e-07 -4.96032e-07 -3.30578e-07 -1.65238e-07 1.58301e-14
-8.4412e-05 -3.35731e-06 -2.40546e-06 -2.10626e-06 -1.85541e-06 -1.65564e-06 -1.49474e-06 -1.3371e-06 -1.18782e-06 -1.03861e-06 -8.89557e-07 -7.40829e-07 -5.92406e-07 -4.44126e-07 -2.95974e-07 -1.47936e-07 3.77795e-15
-7.92016e-05 -2.96296e-06 -2.08494e-06 -1.84366e-06 -1.62526e-06 -1.47234e-06 -1.32924e-06 -1.18898e-06 -1.05618e-06 -9.2343e-07 -7.90831e-07 -6.58558e-07 -5.26589e-07 -3.94763e-07 -2.63065e-07 -1.31481e-07 3.74524e-15
-7.37327e-05 -2.6205e-06 -1.83651e-06 -1.61576e-06 -1.44957e-06 -1.31315e-06 -1.18551e-06 -1.06035e-06 -9.41864e-07 -8.23402e-07 -7.05093e-07 -5.8711e-07 -4.6943e-07 -3.51894e-07 -2.34486e-07 -1.17192e-07 -7.83884e-15
-6.85654e-05 -2.20638e-06 -1.52796e-06 -1.35148e-06 -1.23136e-06 -1.11544e-06 -1.00699e-06 -9.00589e-07 -7.99875e-07 -6.99161e-07 -5.98601e-07 -4.98366e-07 -3.98436e-07 -2.98648e-07 -1.98988e-07 -9.9443e-08 4.75548e-14
-6.32963e-05 -1.81961e-06 -1.23304e-06 -1.11896e-06 -1.0194e-06 -9.23391e-07 -8.33591e-07 -7.45407e-07 -6.61959e-07 -5.78485e-07 -4.95164e-07 -4.12169e-07 -3.29478e-07 -2.4693e-07 -1.64509e-07 -8.22035e-08 4.42416e-15
-5.79477e-05 -1.49313e-06 -9.69825e-07 -8.87352e-07 -8.08285e-07 -7.32103e-07 -6.60878e-07 -5.90837e-07 -5.24587e-07 -4.58285e-07 -3.92135e-07 -3.26311e-07 -2.60792e-07 -1.95415e-07 -1.30166e-07 -6.5032e-08 3.56028e-15
-5.25715e-05 -1.17085e-06 -7.20035e-07 -6.58728e-07 -5.99884e-07 -5.43277e-07 -4.90386e-07 -4.38256e-07 -3.88983e-07 -3.39631e-07 -2.90432e-07 -2.41559e-07 -1.9299e-07 -1.44563e-07 -9.62654e-08 -4.80815e-08 2.00428e-14
-4.71646e-05 -8.55977e-07 -4.75266e-07 -4.347e-07 -3.95673e-07 -3.58247e-07 -3.23323e-07 -2.88742e-07 -2.56105e-07 -2.23363e-07 -1.90773e-07 -1.5851e-07 -1.26551e-07 -9.47342e-08 -6.30459e-08 -3.14717e-08 2.13715e-14
-4.15664e-05 -5.91764e-07 -2.61119e-07 -2.38698e-07 -2.17009e-07 -1.96365e-07 -1.77159e-07 -1.57933e-07 -1.3985e-07 -1.2164e-07 -1.03583e-07 -8.58509e-08 -6.84234e-08 -5.11388e-08 -3.39823e-08 -1.69399e-08 5.26139e-15
-3.61503e-05 -3.28028e-07 -2.11106e-08 -1.90269e-08 -1.67702e-08 -1.49331e-08 -1.33451e-08 -1.13279e-08 -9.55695e-09 -7.63331e-09 -5.86247e-09 -4.41752e-09 -3.2767e-09 -2.27878e-09 -1.40896e-09 -6.53314e-10 -3.98299e-14
-3.10272e-05 -4.72414e-08 2.34413e-07 2.14845e-07 1.96414e-07 1.78227e-07 1.61059e-07 1.44755e-07 1.2916e-07 1.13744e-07 9.8175e-08 8.22804e-08 6.60816e-08 4.974e-08 3.32703e-08 1.66864e-08 3.72815e-14
-2.58906e-05 2.30982e-07 4.87604e-07 4.46582e-07 4.07651e-07 3.69624e-07 3.33871e-07 2.99413e-07 2.6661e-07 2.34013e-07 2.01263e-07 1.68187e-07 1.34807e-07 1.01284e-07 6.76328e-08 3.38676e-08 2.30464e-14
-2.11366e-05 5.26603e-07 7.56627e-07 6.9281e-07 6.32098e-07 5.72989e-07 5.1749e-07 4.63743e-07 4.12655e-07 3.61802e-07 3.10796e-07 2.59465e-07 2.07829e-07 1.56051e-07 1.04144e-07 5.21232e-08 -2.72088e-14
-1.72889e-05 8.1485e-07 9.89653e-07 9.0609e-07 8.26512e-07 7.49143e-07 6.76538e-07 6.06083e-07 5.39158e-07 4.72492e-07 4.05674e-07 3.38529e-07 2.71081e-07 2.03489e-07 1.3577e-07 6.79361e-08 2.9624e-14
-1.34824e-05 1.11892e-06 1.24279e-06 1.122e-06 1.02333e-06 9.27471e-07 8.37551e-07 7.50181e-07 6.67223e-07 5.84549e-07 5.01722e-07 4.1857e-07 3.35113e-07 2.51514e-07 1.67786e-07 8.39442e-08 1.89796e-14
-9.79672e-06 1.41173e-06 1.50762e-06 1.32983e-06 1.21277e-06 1.09912e-06 9.92533e-07 8.88882e-07 7.90492e-07 6.92409e-07 5.94174e-07 4.95613e-07 3.96748e-07 2.97739e-07 1.98603e-07 9.93528e-08 4.37728e-14
-6.56237e-06 1.66734e-06 1.74138e-06 1.5306e-06 1.37814e-06 1.24896e-06 1.12782e-06 1.00996e-06 8.98099e-07 7.86566e-07 6.7488e-07 5.62868e-07 4.50551e-07 3.38092e-07 2.25505e-07 1.12804e-07 -4.74599e-14
-3.619e-06 2.00783e-06 2.02261e-06 1.78708e-06 1.57711e-06 1.42924e-06 1.29059e-06 1.15563e-06 1.02756e-06 8.99845e-07 7.71976e-07 6.43781e-07 5.15282e-07 3.86641e-07 2.57871e-07 1.28986e-07 1.31147e-14
-5.42032e-07 2.41988e-06 2.36584e-06 2.0708e-06 1.82393e-06 1.62735e-06 1.46947e-06 1.31572e-06 1.16983e-06 1.02433e-06 8.78681e-07 7.32702e-07 5.86419e-07 4.39993e-07 2.93439e-07 1.46771e-07 2.2632e-14
3.43431e-06 2.95856e-06 2.84938e-06 2.45286e-06 2.15355e-06 1.88903e-06 1.6968e-06 1.51917e-06 1.35065e-06 1.18255e-06 1.01429e-06 8.45712e-07 6.76827e-07 5.07799e-07 3.38643e-07 1.69373e-07 8.38082e-15
7.75641e-06 3.39972e-06 3.2546e-06 2.81353e-06 2.42227e-06 2.13e-06 1.88214e-06 1.68503e-06 1.49806e-06 1.31153e-06 1.12485e-06 9.37842e-07 7.50531e-07 5.63077e-07 3.75495e-07 1.87799e-07 4.27347e-14
1.20632e-05 3.92593e-06 3.66961e-06 3.18088e-06 2.73804e-06 2.37163e-06 2.07873e-06 1.84921e-06 1.64397e-06 1.43921e-06 1.23428e-06 1.02904e-06 8.23488e-07 6.17795e-07 4.11973e-07 2.06038e-07 2.79605e-14
1.63158e-05 4.56126e-06 4.25477e-06 3.61612e-06 3.12931e-06 2.67141e-06 2.33481e-06 2.04271e-06 1.81594e-06 1.58968e-06 1.36326e-06 1.13652e-06 9.09471e-07 6.82282e-07 4.54965e-07 2.27534e-07 8.35026e-14
2.03456e-05 5.22562e-06 4.85335e-06 4.1516e-06 3.53644e-06 3.02964e-06 2.59791e-06 2.25897e-06 1.99137e-06 1.74318e-06 1.49483e-06 1.24616e-06 9.97187e-07 7.48069e-07 4.98823e-07 2.49462e-07 3.44423e-13
2.50051e-05 5.73351e-06 5.32113e-06 4.5688e-06 3.85825e-06 3.31039e-06 2.79876e-06 2.43736e-06 2.12443e-06 1.8596e-06 1.59463e-06 1.32932e-06 1.06372e-06 7.97965e-07 5.32087e-07 2.66095e-07 -5.04855e-14
2.9607e-05 6.31302e-06 5.76755e-06 4.97249e-06 4.2233e-06 3.57886e-06 3.03364e-06 2.60826e-06 2.25141e-06 1.97071e-06 1.68986e-06 1.40869e-06 1.12721e-06 8.45583e-07 5.63832e-07 2.81967e-07 -5.64437e-14
3.3734e-05 7.03472e-06 6.38151e-06 5.4433e-06 4.64109e-06 3.88614e-06 3.30556e-06 2.80386e-06 2.40738e-06 2.09788e-06 1.79886e-06 1.49952e-06 1.19987e-06 9.00082e-07 6.00165e-07 3.00134e-07 5.72263e-14
3.78371e-05 7.80507e-06 7.05435e-06 5.99345e-06 5.09642e-06 4.29093e-06 3.60264e-06 3.02353e-06 2.59025e-06 2.2336e-06 1.9152e-06 1.59647e-06 1.27743e-06 9.58252e-07 6.38945e-07 3.19524e-07 2.23152e-14
4.3493e-05 8.52644e-06 7.67134e-06 6.56203e-06 5.51891e-06 4.66344e-06 3.87506e-06 3.25962e-06 2.76043e-06 2.35807e-06 2.02188e-06 1.68537e-06 1.34855e-06 1.01159e-06 6.74506e-07 3.37304e-07 -1.8221e-13
4.91343e-05 9.30842e-06 8.26865e-06 7.09972e-06 5.97766e-06 5.02235e-06 4.17019e-06 3.4872e-06 2.92135e-06 2.47577e-06 2.12277e-06 1.76944e-06 1.41581e-06 1.06204e-06 7.08134e-07 3.54118e-07 8.74388e-14
5.44961e-05 1.00901e-05 8.90649e-06 7.6054e-06 6.44123e-06 5.36458e-06 4.4702e-06 3.70456e-06 3.07267e-06 2.60072e-06 2.21763e-06 1.84849e-06 1.47905e-06 1.10947e-06 7.39756e-07 3.69929e-07 7.9155e-14
5.89312e-05 1.07311e-05 9.46791e-06 8.03196e-06 6.82138e-06 5.65477e-06 4.71622e-06 3.8828e-06 3.21912e-06 2.70797e-06 2.29543e-06 1.91332e-06 1.53092e-06 1.14837e-06 7.65687e-07 3.82895e-07 -2.01115e-14
6.33199e-05 1.13609e-05 1.00195e-05 8.48505e-06 7.19492e-06 5.99506e-06 4.9624e-06 4.05994e-06 3.36948e-06 2.81466e-06 2.37187e-06 1.97702e-06 1.58188e-06 1.18659e-06 7.91167e-07 3.95635e-07 3.12795e-15
6.76561e-05 1.19793e-05 1.05612e-05 8.98436e-06 7.56516e-06 6.32915e-06 5.20761e-06 4.27288e-06 3.51852e-06 2.9194e-06 2.44692e-06 2.03956e-06 1.63191e-06 1.22411e-06 8.16184e-07 4.08143e-07 4.32831e-13
7.24759e-05 1.24689e-05 1.09866e-05 9.37661e-06 7.86157e-06 6.5916e-06 5.40024e-06 4.44015e-06 3.63859e-06 3.00169e-06 2.50587e-06 2.08869e-06 1.67121e-06 1.25359e-06 8.35835e-07 4.17969e-07 -8.24198e-15
7.74285e-05 1.29529e-05 1.13758e-05 9.73537e-06 8.13884e-06 6.83165e-06 5.58234e-06 4.59315e-06 3.74841e-06 3.07695e-06 2.55979e-06 2.13363e-06 1.70716e-06 1.28055e-06 8.5381e-07 4.26956e-07 5.89923e-14
8.23343e-05 1.34719e-05 1.17578e-05 1.00872e-05 8.46149e-06 7.06703e-06 5.79551e-06 4.74317e-06 3.8561e-06 3.15075e-06 2.61267e-06 2.17769e-06 1.74241e-06 1.30699e-06 8.71435e-07 4.35769e-07 5.70707e-15
8.71396e-05 1.42489e-05 1.21364e-05 1.04287e-05 8.77473e-06 7.29578e-06 6.00247e-06 4.89033e-06 3.96064e-06 3.22631e-06 2.67138e-06 2.22047e-06 1.77663e-06 1.33265e-06 8.88545e-07 4.44324e-07 1.37164e-13
9.18907e-05 1.50461e-05 1.25705e-05 1.07637e-05 9.08202e-06 7.52643e-06 6.2055e-06 5.03795e-06 4.0632e-06 3.31299e-06 2.72952e-06 2.26243e-06 1.8102e-06 1.35783e-06 9.05331e-07 4.52717e-07 4.36334e-14
9.68291e-05 1.58668e-05 1.30186e-05 1.11084e-05 9.39817e-06 7.76373e-06 6.41438e-06 5.18982e-06 4.18244e-06 3.40216e-06 2.79068e-06 2.30561e-06 1.84474e-06 1.38374e-06 9.22601e-07 4.61352e-07 3.24948e-14
0.000102686 1.68331e-05 1.35457e-05 1.15155e-05 9.7701e-06 8.06702e-06 6.66012e-06 5.36849e-06 4.33616e-06 3.50707e-06 2.86359e-06 2.3564e-06 1.88538e-06 1.41421e-06 9.42918e-07 4.7151e-07 -1.08431e-12
0.000109324 1.75082e-05 1.39138e-05 1.18049e-05 1.00298e-05 8.3037e-06 6.83172e-06 5.49327e-06 4.44351e-06 3.58067e-06 2.91451e-06 2.39187e-06 1.91375e-06 1.43549e-06 9.57106e-07 4.78604e-07 -1.01748e-12
0.000117399 1.74278e-05 1.38396e-05 1.17465e-05 9.97744e-06 8.25597e-06 6.79711e-06 5.4681e-06 4.42186e-06 3.56555e-06 2.90424e-06 2.38471e-06 1.90803e-06 1.4312e-06 9.54244e-07 4.77173e-07 -8.18822e-16
0.000121009 1.73907e-05 1.38054e-05 1.17196e-05 9.95329e-06 8.23396e-06 6.78115e-06 5.4565e-06 4.41187e-06 3.55874e-06 2.89951e-06 2.38142e-06 1.90539e-06 1.42922e-06 9.52925e-07 4.76514e-07 -3.22591e-14
0.000124623 1.7353e-05 1.37705e-05 1.16922e-05 9.92871e-06 8.21156e-06 6.76491e-06 5.4447e-06 4.40172e-06 3.55181e-06 2.89469e-06 2.37806e-06 1.90271e-06 1.42721e-06 9.51582e-07 4.75842e-07 4.81961e-14
0.000129213 1.73042e-05 1.37255e-05 1.16568e-05 9.89694e-06 8.18261e-06 6.74392e-06 5.42943e-06 4.38858e-06 3.54285e-06 2.88846e-06 2.37372e-06 1.89923e-06 1.4246e-06 9.49847e-07 4.74974e-07 -2.71106e-14
0.00013931 1.7194e-05 1.36238e-05 1.15768e-05 9.82516e-06 8.1172e-06 6.6965e-06 5.39495e-06 4.35892e-06 3.5226e-06 2.87439e-06 2.36392e-06 1.89139e-06 1.41872e-06 9.45925e-07 4.73014e-07 5.52611e-14
0.000149421 1.70803e-05 1.35187e-05 1.14942e-05 9.75106e-06 8.04967e-06 6.64754e-06 5.35935e-06 4.32829e-06 3.5017e-06 2.85986e-06 2.3538e-06 1.8833e-06 1.41265e-06 9.41878e-07 4.7099e-07 -4.71868e-14
0.000159091 1.69677e-05 1.34148e-05 1.14132e-05 9.67771e-06 7.98284e-06 6.59908e-06 5.32412e-06 4.29798e-06 3.48101e-06 2.84548e-06 2.34378e-06 1.87528e-06 1.40664e-06 9.37871e-07 4.68987e-07 2.20586e-14
0.000166088 1.68809e-05 1.33347e-05 1.13516e-05 9.62121e-06 7.93135e-06 6.56175e-06 5.29698e-06 4.27462e-06 3.46507e-06 2.8344e-06 2.33607e-06 1.86911e-06 1.40201e-06 9.34785e-07 4.67444e-07 -3.30311e-14
0.000173081 1.6793e-05 1.32535e-05 1.12891e-05 9.56392e-06 7.88814e-06 6.5239e-06 5.26946e-06 4.25095e-06 3.44892e-06 2.82317e-06 2.32824e-06 1.86285e-06 1.39732e-06 9.31655e-07 4.65879e-07 -1.64765e-13
0.000178774 1.67206e-05 1.31867e-05 1.12377e-05 9.51675e-06 7.85274e-06 6.49273e-06 5.2468e-06 4.23145e-06 3.43561e-06 2.81393e-06 2.3218e-06 1.8577e-06 1.39345e-06 9.29079e-07 4.6459e-07 -1.93894e-13
0.000178101 1.63403e-05 1.28356e-05 1.09676e-05 9.26904e-06 7.66681e-06 6.32907e-06 5.1278e-06 4.12907e-06 3.36574e-06 2.76536e-06 2.28797e-06 1.83064e-06 1.37316e-06 9.15547e-07 4.57825e-07 3.4615e-15
0.000177426 1.59585e-05 1.24831e-05 1.06964e-05 9.02031e-06 7.48011e-06 6.16473e-06 5.00831e-06 4.04261e-06 3.29558e-06 2.71785e-06 2.25401e-06 1.80346e-06 1.35277e-06 9.0196e-07 4.51031e-07 -1.54648e-13
0.000176556 1.54666e-05 1.20459e-05 1.03471e-05 8.69988e-06 7.24094e-06 5.95302e-06 4.85438e-06 3.93566e-06 3.20527e-06 2.65722e-06 2.21025e-06 1.76845e-06 1.32652e-06 8.84457e-07 4.4228e-07 1.50418e-14
0.000174395 1.42448e-05 1.10981e-05 9.47935e-06 7.93921e-06 6.66035e-06 5.45071e-06 4.48398e-06 3.67004e-06 3.02324e-06 2.52131e-06 2.10156e-06 1.68151e-06 1.26131e-06 8.40983e-07 4.20543e-07 1.86916e-14
0.000172187 1.29966e-05 1.01365e-05 8.59284e-06 7.27409e-06 6.06718e-06 5.01534e-06 4.10592e-06 3.40135e-06 2.83727e-06 2.38807e-06 1.99052e-06 1.59268e-06 1.19469e-06 7.96568e-07 3.98335e-07 2.02245e-14
0.000169879 1.18143e-05 9.13154e-06 7.77637e-06 6.5936e-06 5.47707e-06 4.56882e-06 3.77602e-06 3.12743e-06 2.64291e-06 2.24881e-06 1.87448e-06 1.49984e-06 1.12506e-06 7.5015e-07 3.75126e-07 2.29619e-14
0.000167439 1.06616e-05 8.14246e-06 6.98665e-06 5.87398e-06 4.94582e-06 4.10311e-06 3.43861e-06 2.88751e-06 2.45102e-06 2.10155e-06 1.75176e-06 1.40167e-06 1.05143e-06 7.01063e-07 3.50583e-07 2.45573e-14
0.000164904 9.46384e-06 7.24723e-06 6.17116e-06 5.22848e-06 4.40737e-06 3.6878e-06 3.09734e-06 2.64344e-06 2.27251e-06 1.94854e-06 1.62425e-06 1.29966e-06 9.74924e-07 6.5006e-07 3.25081e-07 4.05852e-14
0.000162274 8.30483e-06 6.3293e-06 5.40428e-06 4.60646e-06 3.86067e-06 3.2825e-06 2.78767e-06 2.39347e-06 2.08734e-06 1.78983e-06 1.49199e-06 1.19385e-06 8.95565e-07 5.97154e-07 2.98628e-07 1.02755e-13
0.000159458 7.22799e-06 5.43951e-06 4.67435e-06 3.95502e-06 3.38156e-06 2.86103e-06 2.48269e-06 2.15809e-06 1.88906e-06 1.61987e-06 1.35036e-06 1.08055e-06 8.10588e-07 5.40502e-07 2.70302e-07 1.02826e-13
0.00015647 6.14276e-06 4.63478e-06 3.95167e-06 3.38846e-06 2.89944e-06 2.5023e-06 2.17617e-06 1.92761e-06 1.68738e-06 1.44701e-06 1.20631e-06 9.65304e-07 7.24157e-07 4.82882e-07 2.41492e-07 -1.15181e-14
0.000152691 5.33151e-06 3.95294e-06 3.39159e-06 2.92473e-06 2.5095e-06 2.20178e-06 1.94291e-06 1.72722e-06 1.51205e-06 1.29672e-06 1.08107e-06 8.65114e-07 6.49014e-07 4.32786e-07 2.16444e-07 3.34995e-14
0.000148262 4.67796e-06 3.41248e-06 2.95691e-06 2.5396e-06 2.2251e-06 1.95435e-06 1.74967e-06 1.55548e-06 1.36177e-06 1.16791e-06 9.7373e-07 7.79241e-07 5.8461e-07 3.8985e-07 1.94976e-07 1.59257e-14
0.000143481 4.09696e-06 2.98019e-06 2.56925e-06 2.24027e-06 1.96515e-06 1.75663e-06 1.57272e-06 1.39822e-06 1.22417e-06 1.04997e-06 8.75442e-07 7.00611e-07 5.25637e-07 3.50535e-07 1.75319e-07 3.23154e-14
0.000138508 3.55727e-06 2.5847e-06 2.23494e-06 1.97397e-06 1.74197e-06 1.57297e-06 1.40835e-06 1.25214e-06 1.09635e-06 9.40411e-07 7.84144e-07 6.27573e-07 4.70858e-07 3.14016e-07 1.57059e-07 -5.42611e-15
0.000133375 3.14595e-06 2.23396e-06 1.97185e-06 1.73547e-06 1.55826e-06 1.4071e-06 1.25991e-06 1.12022e-06 9.80918e-07 8.41467e-07 7.0169e-07 5.61609e-07 4.21386e-07 2.81034e-07 1.40568e-07 8.47081e-15
0.000127921 2.81275e-06 1.98207e-06 1.74983e-06 1.5484e-06 1.40323e-06 1.26713e-06 1.13464e-06 1.00888e-06 8.835e-07 7.57966e-07 6.32106e-07 5.05942e-07 3.79635e-07 2.532e-07 1.26651e-07 -9.4558e-15
0.000122288 2.51761e-06 1.76784e-06 1.55406e-06 1.39683e-06 1.2659e-06 1.14313e-06 1.02367e-06 9.1026e-07 7.97208e-07 6.84001e-07 5.70468e-07 4.56632e-07 3.42653e-07 2.28545e-07 1.14324e-07 2.44183e-14
0.000116462 2.26518e-06 1.57874e-06 1.38614e-06 1.26306e-06 1.14469e-06 1.03369e-06 9.25724e-07 8.23212e-07 7.2104e-07 6.18714e-07 5.16063e-07 4.13108e-07 3.1001e-07 2.06783e-07 1.03443e-07 -2.10601e-14
0.000110574 2.02344e-06 1.39742e-06 1.24427e-06 1.13478e-06 1.02846e-06 9.28751e-07 8.31808e-07 7.39745e-07 6.48007e-07 5.56114e-07 4.63896e-07 3.71374e-07 2.7871e-07 1.85917e-07 9.30095e-08 2.08385e-14
0.000104864 1.74826e-06 1.18137e-06 1.07272e-06 9.78404e-07 8.86774e-07 8.00819e-07 7.17315e-07 6.37992e-07 5.58972e-07 4.79799e-07 4.003e-07 3.20498e-07 2.40552e-07 1.60478e-07 8.02903e-08 1.04743e-14
9.91035e-05 1.48305e-06 9.66086e-07 8.84482e-07 8.06817e-07 7.31304e-07 6.60445e-07 5.91688e-07 5.26342e-07 4.61279e-07 3.96062e-07 3.30519e-07 2.64673e-07 1.98683e-07 1.32566e-07 6.63341e-08 2.22947e-14
9.33132e-05 1.22261e-06 7.64122e-07 6.99632e-07 6.38318e-07 5.78632e-07 5.22597e-07 4.68321e-07 4.16702e-07 3.65344e-07 3.13832e-07 2.61994e-07 2.09853e-07 1.57568e-07 1.05156e-07 5.26291e-08 3.24172e-14
8.76465e-05 9.73139e-07 5.70661e-07 5.22564e-07 4.76913e-07 4.32387e-07 3.90553e-07 3.50148e-07 3.11677e-07 2.73447e-07 2.35063e-07 1.96354e-07 1.5734e-07 1.18184e-07 7.88996e-08 3.9501e-08 5.5612e-14
8.33316e-05 7.87771e-07 4.25857e-07 3.9003e-07 3.56103e-07 3.22924e-07 2.91719e-07 2.61697e-07 2.33067e-07 2.04663e-07 1.76106e-07 1.47223e-07 1.18035e-07 8.87053e-08 5.92471e-08 2.96748e-08 3.75458e-15
7.90037e-05 6.08828e-07 2.82629e-07 2.58939e-07 2.36608e-07 2.14652e-07 1.93961e-07 1.74208e-07 1.55313e-07 1.36628e-07 1.1779e-07 9.86261e-08 7.91582e-08 5.95474e-08 3.98085e-08 1.99555e-08 3.43345e-15
7.4561e-05 4.43339e-07 1.37545e-07 1.26148e-07 1.15564e-07 1.04978e-07 9.49354e-08 8.55852e-08 7.65507e-08 6.77115e-08 5.87183e-08 4.93998e-08 3.97772e-08 3.00116e-08 2.0118e-08 1.01102e-08 7.78403e-15
6.89674e-05 2.85876e-07 -5.75025e-09 -5.00537e-09 -3.98796e-09 -3.34497e-09 -2.86898e-09 -1.94482e-09 -1.24033e-09 -3.5559e-10 3.75017e-10 7.80396e-10 8.81651e-10 8.40003e-10 6.70256e-10 3.86331e-10 7.18186e-15
6.32328e-05 1.55191e-07 -1.24678e-07 -1.13856e-07 -1.0321e-07 -9.32471e-08 -8.40416e-08 -7.45902e-08 -6.58028e-08 -5.68478e-08 -4.80469e-08 -3.95712e-08 -3.13996e-08 -2.3371e-08 -1.54704e-08 -7.68401e-09 7.82134e-15
5.75864e-05 6.72679e-09 -2.59785e-07 -2.37514e-07 -2.15929e-07 -1.95379e-07 -1.76257e-07 -1.57118e-07 -1.39148e-07 -1.21025e-07 -1.03056e-07 -8.54121e-08 -6.80723e-08 -5.08755e-08 -3.38067e-08 -1.68522e-08 1.101e-14
5.23061e-05 -2.22638e-07 -4.68513e-07 -4.28556e-07 -3.90072e-07 -3.53165e-07 -3.18721e-07 -2.84617e-07 -2.52461e-07 -2.20174e-07 -1.8804e-07 -1.56232e-07 -1.24729e-07 -9.33677e-08 -6.21349e-08 -3.10162e-08 -2.22253e-14
4.69843e-05 -4.44112e-07 -6.70061e-07 -6.13026e-07 -5.58224e-07 -5.05523e-07 -4.56286e-07 -4.0773e-07 -3.61876e-07 -3.15912e-07 -2.70102e-07 -2.24617e-07 -1.79436e-07 -1.34398e-07 -8.94887e-08 -4.46931e-08 -2.94176e-15
4.15331e-05 -6.16057e-07 -8.26536e-07 -7.56242e-07 -6.88771e-07 -6.23809e-07 -5.63085e-07 -5.0331e-07 -4.46821e-07 -3.90239e-07 -3.33811e-07 -2.77708e-07 -2.21909e-07 -1.66253e-07 -1.10725e-07 -5.53113e-08 1.51812e-14
3.73934e-05 -7.61338e-07 -9.4405e-07 -8.63799e-07 -7.86814e-07 -7.12642e-07 -6.43293e-07 -5.75092e-07 -5.10617e-07 -4.4606e-07 -3.81657e-07 -3.1758e-07 -2.53807e-07 -1.90176e-07 -1.26674e-07 -6.32857e-08 2.89544e-14
3.32497e-05 -9.07369e-07 -1.0606e-06 -9.70476e-07 -8.84055e-07 -8.0075e-07 -7.22845e-07 -6.46287e-07 -5.7389e-07 -5.01424e-07 -4.29113e-07 -3.57126e-07 -2.85443e-07 -2.13904e-07 -1.42492e-07 -7.11949e-08 3.34744e-14
2.90924e-05 -1.09996e-06 -1.2182e-06 -1.1071e-06 -1.0086e-06 -9.13593e-07 -8.24731e-07 -7.3747e-07 -6.54928e-07 -5.72332e-07 -4.89891e-07 -4.07774e-07 -3.25962e-07 -2.44293e-07 -1.62752e-07 -8.13246e-08 -1.10647e-14
2.3087e-05 -1.47812e-06 -1.55869e-06 -1.37536e-06 -1.25313e-06 -1.13516e-06 -1.02478e-06 -9.16504e-07 -8.14041e-07 -7.11556e-07 -6.09226e-07 -5.0722e-07 -4.05519e-07 -3.0396e-07 -2.0253e-07 -1.01214e-07 8.28286e-15
1.71489e-05 -1.86229e-06 -1.90996e-06 -1.68309e-06 -1.50155e-06 -1.36024e-06 -1.22801e-06 -1.09839e-06 -9.75687e-07 -8.52996e-07 -7.3046e-07 -6.08249e-07 -4.86341e-07 -3.64577e-07 -2.42941e-07 -1.21419e-07 1.97576e-14
1.12128e-05 -2.31333e-06 -2.26089e-06 -1.99792e-06 -1.7587e-06 -1.58e-06 -1.42643e-06 -1.27596e-06 -1.13351e-06 -9.91088e-07 -8.48824e-07 -7.06886e-07 -5.65251e-07 -4.2376e-07 -2.82396e-07 -1.41147e-07 -1.0062e-14
4.83979e-06 -2.81083e-06 -2.70992e-06 -2.33463e-06 -2.06416e-06 -1.81504e-06 -1.63865e-06 -1.46588e-06 -1.3023e-06 -1.13878e-06 -9.75416e-07 -8.12379e-07 -6.49646e-07 -4.87056e-07 -3.24594e-07 -1.62246e-07 -2.27086e-13
-1.25811e-06 -3.35233e-06 -3.20414e-06 -2.76922e-06 -2.39376e-06 -2.10353e-06 -1.86591e-06 -1.66927e-06 -1.48305e-06 -1.29694e-06 -1.11098e-06 -9.25351e-07 -7.40024e-07 -5.54839e-07 -3.69782e-07 -1.8484e-07 -1.37278e-15
-7.28548e-06 -3.96203e-06 -3.69923e-06 -3.20783e-06 -2.76181e-06 -2.39333e-06 -2.09866e-06 -1.86613e-06 -1.65801e-06 -1.45003e-06 -1.2422e-06 -1.0347e-06 -8.27501e-07 -6.20447e-07 -4.13521e-07 -2.06709e-07 -7.81676e-14
-1.33108e-05 -4.60438e-06 -4.29061e-06 -3.64762e-06 -3.15712e-06 -2.69593e-06 -2.35724e-06 -2.06151e-06 -1.83165e-06 -1.60196e-06 -1.37243e-06 -1.14323e-06 -9.14323e-07 -6.85563e-07 -4.56932e-07 -2.28415e-07 1.89491e-13
-1.93399e-05 -5.22218e-06 -4.8468e-06 -4.14464e-06 -3.53606e-06 -3.02932e-06 -2.60204e-06 -2.26187e-06 -1.99483e-06 -1.74475e-06 -1.49482e-06 -1.24521e-06 -9.95914e-07 -7.46757e-07 -4.97727e-07 -2.48812e-07 -1.52467e-12
-2.54879e-05 -5.80242e-06 -5.38101e-06 -4.62101e-06 -3.90487e-06 -3.34892e-06 -2.83212e-06 -2.46467e-06 -2.14665e-06 -1.87759e-06 -1.60868e-06 -1.3401e-06 -1.07182e-06 -8.03689e-07 -5.35682e-07 -2.6779e-07 -4.15423e-13
-3.15335e-05 -6.47274e-06 -5.90375e-06 -5.08895e-06 -4.32606e-06 -3.65867e-06 -3.10304e-06 -2.66177e-06 -2.29308e-06 -2.00571e-06 -1.7185e-06 -1.43162e-06 -1.14504e-06 -8.58598e-07 -5.72289e-07 -2.86093e-07 8.5191e-14
-3.74844e-05 -7.18228e-06 -6.52335e-06 -5.55163e-06 -4.7366e-06 -3.97073e-06 -3.37155e-06 -2.85389e-06 -2.44923e-06 -2.13059e-06 -1.82554e-06 -1.52082e-06 -1.2164e-06 -9.12118e-07 -6.07968e-07 -3.03933e-07 4.89499e-17
-4.30532e-05 -7.95343e-06 -7.1967e-06 -6.1226e-06 -5.19454e-06 -4.37712e-06 -3.66868e-06 -3.08011e-06 -2.63286e-06 -2.26631e-06 -1.94187e-06 -1.61776e-06 -1.29395e-06 -9.70282e-07 -6.46744e-07 -3.23321e-07 3.54831e-16
-4.92331e-05 -8.61951e-06 -7.76422e-06 -6.64552e-06 -5.58306e-06 -4.71965e-06 -3.91912e-06 -3.29712e-06 -2.78926e-06 -2.38069e-06 -2.03991e-06 -1.69946e-06 -1.35931e-06 -1.0193e-06 -6.79426e-07 -3.39662e-07 2.10598e-14
-5.53014e-05 -9.36649e-06 -8.33256e-06 -7.1555e-06 -6.02677e-06 -5.0609e-06 -4.20301e-06 -3.51325e-06 -2.94178e-06 -2.49225e-06 -2.13553e-06 -1.77914e-06 -1.42306e-06 -1.06711e-06 -7.11299e-07 -3.55598e-07 -5.86994e-14
-6.1272e-05 -1.0138e-05 -8.96902e-06 -7.65515e-06 -6.48409e-06 -5.39849e-06 -4.49887e-06 -3.72759e-06 -3.09097e-06 -2.6155e-06 -2.22906e-06 -1.85708e-06 -1.48541e-06 -1.11388e-06 -7.42475e-07 -3.71186e-07 -1.4555e-14
-6.69799e-05 -1.08719e-05 -9.61163e-06 -8.14335e-06 -6.91914e-06 -5.74242e-06 -4.78033e-06 -3.93149e-06 -3.2598e-06 -2.73834e-06 -2.31803e-06 -1.93123e-06 -1.54472e-06 -1.15836e-06 -7.72133e-07 -3.86015e-07 1.47146e-14
-7.261e-05 -1.15928e-05 -1.02428e-05 -8.68841e-06 -7.34645e-06 -6.13167e-06 -5.06386e-06 -4.14718e-06 -3.4317e-06 -2.86031e-06 -2.40543e-06 -2.00405e-06 -1.60299e-06 -1.20206e-06 -8.01263e-07 -4.0058e-07 1.10192e-14
-7.83385e-05 -1.22748e-05 -1.084e-05 -9.23886e-06 -7.75907e-06 -6.49992e-06 -5.33407e-06 -4.38181e-06 -3.59791e-06 -2.97571e-06 -2.4881e-06 -2.07295e-06 -1.6581e-06 -1.2434e-06 -8.28823e-07 -4.1436e-07 1.38821e-14
-8.48363e-05 -1.28184e-05 -1.13076e-05 -9.66993e-06 -8.08478e-06 -6.7883e-06 -5.54569e-06 -4.56555e-06 -3.72978e-06 -3.06607e-06 -2.55285e-06 -2.12691e-06 -1.70127e-06 -1.27577e-06 -8.50405e-07 -4.25151e-07 3.40907e-13
-9.11e-05 -1.37256e-05 -1.17392e-05 -1.00677e-05 -8.44077e-06 -7.05443e-06 -5.78152e-06 -4.73511e-06 -3.85147e-06 -3.14947e-06 -2.6126e-06 -2.1767e-06 -1.7411e-06 -1.30565e-06 -8.70321e-07 -4.35109e-07 1.76627e-14
-9.73023e-05 -1.46487e-05 -1.21729e-05 -1.04596e-05 -8.80016e-06 -7.31691e-06 -6.0189e-06 -4.9036e-06 -3.97135e-06 -3.23473e-06 -2.67824e-06 -2.22575e-06 -1.78034e-06 -1.33508e-06 -8.89942e-07 -4.4492e-07 6.39806e-14
-0.000102479 -1.54165e-05 -1.25944e-05 -1.07853e-05 -9.09882e-06 -7.54108e-06 -6.21617e-06 -5.04702e-06 -4.07097e-06 -3.31893e-06 -2.73472e-06 -2.26651e-06 -1.81295e-06 -1.35954e-06 -9.06247e-07 -4.53072e-07 3.90798e-14
-0.000108022 -1.60488e-05 -1.29429e-05 -1.10533e-05 -9.34464e-06 -7.72558e-06 -6.37854e-06 -5.16506e-06 -4.15971e-06 -3.38822e-06 -2.78185e-06 -2.30006e-06 -1.83979e-06 -1.37967e-06 -9.19667e-07 -4.59782e-07 -1.75114e-14
-0.000113592 -1.6668e-05 -1.32838e-05 -1.13156e-05 -9.58517e-06 -7.90611e-06 -6.53741e-06 -5.28056e-06 -4.25906e-06 -3.45603e-06 -2.82898e-06 -2.33289e-06 -1.86606e-06 -1.39936e-06 -9.32799e-07 -4.66348e-07 -2.24974e-14
-0.000119084 -1.72603e-05 -1.36097e-05 -1.15683e-05 -9.81511e-06 -8.10646e-06 -6.68929e-06 -5.39098e-06 -4.35404e-06 -3.52085e-06 -2.87403e-06 -2.36427e-06 -1.89116e-06 -1.41819e-06 -9.45352e-07 -4.72625e-07 -5.02712e-15
-0.000125447 -1.75401e-05 -1.37637e-05 -1.16893e-05 -9.92372e-06 -8.20543e-06 -6.76103e-06 -5.44314e-06 -4.39891e-06 -3.55147e-06 -2.89531e-06 -2.3791e-06 -1.90302e-06 -1.42709e-06 -9.51282e-07 -4.7559e-07 2.62515e-15
-0.000132763 -1.74547e-05 -1.36848e-05 -1.16273e-05 -9.86805e-06 -8.1547e-06 -6.72426e-06 -5.41641e-06 -4.37591e-06 -3.53577e-06 -2.8844e-06 -2.3715e-06 -1.89694e-06 -1.42253e-06 -9.48243e-07 -4.7407e-07 1.56499e-14
-0.000132542 -1.73248e-05 -1.35649e-05 -1.15331e-05 -9.78349e-06 -8.07765e-06 -6.66841e-06 -5.3758e-06 -4.34098e-06 -3.51194e-06 -2.86784e-06 -2.35996e-06 -1.88771e-06 -1.4156e-06 -9.43626e-07 -4.71762e-07 9.2922e-13
-0.000132321 -1.71948e-05 -1.34449e-05 -1.14395e-05 -9.69884e-06 -8.00051e-06 -6.61249e-06 -5.33515e-06 -4.30602e-06 -3.48807e-06 -2.85125e-06 -2.34841e-06 -1.87847e-06 -1.40867e-06 -9.39004e-07 -4.69451e-07 -5.28241e-15
-0.000132064 -1.70437e-05 -1.33055e-05 -1.13323e-05 -9.60049e-06 -7.91761e-06 -6.54753e-06 -5.28792e-06 -4.26539e-06 -3.46035e-06 -2.83198e-06 -2.33498e-06 -1.86773e-06 -1.40062e-06 -9.33635e-07 -4.66767e-07 7.15553e-13
-0.000130049 -1.58574e-05 -1.22106e-05 -1.049e-05 -8.82806e-06 -7.33785e-06 -6.03733e-06 -4.917e-06 -3.98065e-06 -3.2426e-06 -2.68352e-06 -2.22956e-06 -1.78339e-06 -1.33736e-06 -8.91465e-07 -4.45682e-07 2.70977e-13
-0.000127967 -1.46321e-05 -1.12536e-05 -9.6201e-06 -8.04714e-06 -6.75497e-06 -5.52123e-06 -4.54431e-06 -3.71453e-06 -3.05563e-06 -2.54537e-06 -2.12067e-06 -1.69628e-06 -1.27203e-06 -8.4791e-07 -4.23904e-07 -1.36443e-14
-0.000125829 -1.33741e-05 -1.02846e-05 -8.72693e-06 -7.37474e-06 -6.15743e-06 -5.08277e-06 -4.1636e-06 -3.44308e-06 -2.86838e-06 -2.41121e-06 -2.00887e-06 -1.60684e-06 -1.20495e-06 -8.03192e-07 -4.01545e-07 -1.97806e-14
-0.000123607 -1.21299e-05 -9.27756e-06 -7.88955e-06 -6.69298e-06 -5.55269e-06 -4.63401e-06 -3.82549e-06 -3.16881e-06 -2.67378e-06 -2.27178e-06 -1.89268e-06 -1.51389e-06 -1.13524e-06 -7.56715e-07 -3.78306e-07 -1.70332e-14
-0.000121255 -1.09715e-05 -8.26453e-06 -7.09456e-06 -5.97091e-06 -5.01966e-06 -4.16687e-06 -3.48707e-06 -2.92356e-06 -2.47892e-06 -2.12411e-06 -1.76962e-06 -1.41544e-06 -1.0614e-06 -7.07491e-07 -3.53694e-07 -1.5799e-14
-0.000118807 -9.76781e-06 -7.36257e-06 -6.27544e-06 -5.3081e-06 -4.47724e-06 -3.74188e-06 -3.14354e-06 -2.67857e-06 -2.29974e-06 -1.97052e-06 -1.64164e-06 -1.31305e-06 -9.8461e-07 -6.56296e-07 -3.28097e-07 -5.51653e-14
-0.000116294 -8.56247e-06 -6.44967e-06 -5.49662e-06 -4.68779e-06 -3.92627e-06 -3.33904e-06 -2.83105e-06 -2.42963e-06 -2.11574e-06 -1.81281e-06 -1.51021e-06 -1.20791e-06 -9.05754e-07 -6.03726e-07 -3.01812e-07 -9.06875e-14
-0.0001136 -7.48269e-06 -5.54541e-06 -4.76759e-06 -4.03924e-06 -3.44774e-06 -2.91855e-06 -2.52755e-06 -2.19337e-06 -1.91847e-06 -1.64372e-06 -1.3693e-06 -1.09518e-06 -8.21207e-07 -5.47361e-07 -2.73629e-07 -1.70052e-13
-0.000110692 -6.41074e-06 -4.74815e-06 -4.05413e-06 -3.46908e-06 -2.97039e-06 -2.55877e-06 -2.2244e-06 -1.96599e-06 -1.71951e-06 -1.47319e-06 -1.22719e-06 -9.81492e-07 -7.3594e-07 -4.90517e-07 -2.45207e-07 3.20775e-14
-0.000107025 -5.55841e-06 -4.07453e-06 -3.48691e-06 -3.00978e-06 -2.57585e-06 -2.26206e-06 -1.99012e-06 -1.7682e-06 -1.54644e-06 -1.32484e-06 -1.10357e-06 -8.82597e-07 -6.61769e-07 -4.41069e-07 -2.20483e-07 -9.0054e-15
-0.000102716 -4.9016e-06 -3.51581e-06 -3.05165e-06 -2.62346e-06 -2.29119e-06 -2.00935e-06 -1.79675e-06 -1.59634e-06 -1.39607e-06 -1.19595e-06 -9.9616e-07 -7.96671e-07 -5.97324e-07 -3.98106e-07 -1.99002e-07 -4.3129e-15
-9.80717e-05 -4.30924e-06 -3.07868e-06 -2.65753e-06 -2.31058e-06 -2.02797e-06 -1.80857e-06 -1.61794e-06 -1.43743e-06 -1.25702e-06 -1.07677e-06 -8.9684e-07 -7.17215e-07 -5.37732e-07 -3.58378e-07 -1.79138e-07 -1.11669e-14
-9.34663e-05 -3.78254e-06 -2.69069e-06 -2.32019e-06 -2.05095e-06 -1.80496e-06 -1.62955e-06 -1.45774e-06 -1.29505e-06 -1.13244e-06 -9.69984e-07 -8.07852e-07 -6.46025e-07 -4.8434e-07 -3.22783e-07 -1.6134e-07 3.28964e-14
-8.86738e-05 -3.31757e-06 -2.3264e-06 -2.04702e-06 -1.80209e-06 -1.61428e-06 -1.45739e-06 -1.30366e-06 -1.15812e-06 -1.01262e-06 -8.67283e-07 -7.22268e-07 -5.77557e-07 -4.32989e-07 -2.88549e-07 -1.44223e-07 2.68266e-14
-8.37336e-05 -2.91984e-06 -2.01793e-06 -1.78217e-06 -1.57788e-06 -1.4294e-06 -1.29047e-06 -1.15427e-06 -1.02535e-06 -8.96454e-07 -7.6771e-07 -6.3929e-07 -5.11175e-07 -3.83202e-07 -2.55358e-07 -1.27628e-07 5.8196e-15
-7.88017e-05 -2.58389e-06 -1.77424e-06 -1.56048e-06 -1.40554e-06 -1.27325e-06 -1.14948e-06 -1.02809e-06 -9.13212e-07 -7.98331e-07 -6.83604e-07 -5.69202e-07 -4.55104e-07 -3.41149e-07 -2.27323e-07 -1.1361e-07 2.67351e-14
-7.4074e-05 -2.20173e-06 -1.48878e-06 -1.3211e-06 -1.20366e-06 -1.09034e-06 -9.84325e-07 -8.80287e-07 -7.81854e-07 -6.83393e-07 -5.85085e-07 -4.87103e-07 -3.89425e-07 -2.9189e-07 -1.94483e-07 -9.71904e-08 -4.10405e-14
-6.92148e-05 -1.8524e-06 -1.22772e-06 -1.1147e-06 -1.01552e-06 -9.19869e-07 -8.3041e-07 -7.42541e-07 -6.59435e-07 -5.76276e-07 -4.93271e-07 -4.10591e-07 -3.28215e-07 -2.45983e-07 -1.63878e-07 -8.1888e-08 -2.21385e-14
-6.33484e-05 -1.50821e-06 -9.51461e-07 -8.70537e-07 -7.92957e-07 -7.18208e-07 -6.48331e-07 -5.79589e-07 -5.14614e-07 -4.49557e-07 -3.84655e-07 -3.20078e-07 -2.55805e-07 -1.91675e-07 -1.27673e-07 -6.37853e-08 1.21149e-14
-5.74196e-05 -1.17234e-06 -6.91135e-07 -6.3227e-07 -5.75767e-07 -5.21418e-07 -4.7065e-07 -4.20573e-07 -3.7329e-07 -3.25899e-07 -2.78662e-07 -2.31751e-07 -1.85143e-07 -1.38679e-07 -9.23422e-08 -4.61199e-08 4.14251e-14
-5.13896e-05 -8.5906e-07 -4.47703e-07 -4.09465e-07 -3.7267e-07 -3.37398e-07 -3.04498e-07 -2.71876e-07 -2.41138e-07 -2.10266e-07 -1.79548e-07 -1.49155e-07 -1.19067e-07 -8.91215e-08 -5.93041e-08 -2.96008e-08 2.4741e-14
-4.43775e-05 -5.46228e-07 -1.89768e-07 -1.73386e-07 -1.57475e-07 -1.42415e-07 -1.28448e-07 -1.1432e-07 -1.01112e-07 -8.77434e-08 -7.45288e-08 -6.16395e-08 -4.90542e-08 -3.66119e-08 -2.42977e-08 -1.20977e-08 1.23052e-14
-3.75404e-05 -2.21051e-07 1.06152e-07 9.74589e-08 8.94118e-08 8.12826e-08 7.35282e-08 6.64385e-08 5.95343e-08 5.28222e-08 4.5956e-08 3.87645e-08 3.12689e-08 2.36304e-08 1.58639e-08 7.9831e-09 -2.8092e-14
-3.08175e-05 1.25784e-07 4.21782e-07 3.86344e-07 3.52743e-07 3.1988e-07 2.88957e-07 2.59237e-07 2.30881e-07 2.02751e-07 1.74466e-07 1.45856e-07 1.16942e-07 8.78855e-08 5.87006e-08 2.94015e-08 2.75266e-15
-2.53456e-05 4.03343e-07 6.74369e-07 6.17528e-07 5.63476e-07 5.1082e-07 4.61357e-07 4.13526e-07 3.68003e-07 3.22732e-07 2.77308e-07 2.31558e-07 1.85503e-07 1.39306e-07 9.29811e-08 4.65418e-08 6.44034e-15
-1.95577e-05 6.20707e-07 8.64054e-07 7.9114e-07 7.21731e-07 6.5421e-07 5.90824e-07 5.29392e-07 4.70978e-07 4.12835e-07 3.54538e-07 2.95917e-07 2.36991e-07 1.77922e-07 1.18725e-07 5.94135e-08 -6.54315e-14
-1.42867e-05 9.66498e-07 1.14183e-06 1.04107e-06 9.4955e-07 8.60631e-07 7.77201e-07 6.9619e-07 6.19217e-07 5.42545e-07 4.65718e-07 3.88566e-07 3.1111e-07 2.33512e-07 1.55785e-07 7.79435e-08 -3.84478e-14
-7.48327e-06 1.43643e-06 1.56529e-06 1.37461e-06 1.25359e-06 1.13611e-06 1.02593e-06 9.18794e-07 8.17053e-07 7.15651e-07 6.14095e-07 5.12214e-07 4.10028e-07 3.077e-07 2.05244e-07 1.02673e-07 2.16088e-14
-6.78774e-07 1.9227e-06 1.99364e-06 1.76051e-06 1.55663e-06 1.41069e-06 1.27385e-06 1.14066e-06 1.01424e-06 8.88187e-07 7.61983e-07 6.35453e-07 5.0862e-07 3.81644e-07 2.54539e-07 1.27321e-07 -2.68961e-14
6.14506e-06 2.45418e-06 2.43996e-06 2.12646e-06 1.87481e-06 1.66622e-06 1.50456e-06 1.34714e-06 1.19774e-06 1.04875e-06 8.99611e-07 7.50144e-07 6.00373e-07 4.50458e-07 3.00416e-07 1.50259e-07 -2.97924e-15
1.39717e-05 3.02177e-06 2.95149e-06 2.54381e-06 2.22131e-06 1.94851e-06 1.74354e-06 1.56102e-06 1.38782e-06 1.21507e-06 1.04217e-06 8.68944e-07 6.95412e-07 5.21738e-07 3.47936e-07 1.74019e-07 2.84613e-13
2.15184e-05 3.67168e-06 3.51031e-06 3.04708e-06 2.61949e-06 2.2841e-06 2.00217e-06 1.78976e-06 1.59111e-06 1.39295e-06 1.19464e-06 9.95998e-07 7.97056e-07 5.97971e-07 3.98757e-07 1.9943e-07 -8.1761e-15
2.89797e-05 4.37911e-06 4.14115e-06 3.53171e-06 3.05191e-06 2.60331e-06 2.28479e-06 2.00521e-06 1.78259e-06 1.56049e-06 1.33825e-06 1.11567e-06 8.92796e-07 6.69776e-07 4.46628e-07 2.23365e-07 -1.06345e-14
3.71059e-05 4.89147e-06 4.60329e-06 3.92282e-06 3.36711e-06 2.88065e-06 2.48848e-06 2.16422e-06 1.9184e-06 1.67933e-06 1.44011e-06 1.20056e-06 9.60704e-07 7.20707e-07 4.80581e-07 2.40342e-07 -9.37978e-14
4.53489e-05 5.38785e-06 5.03089e-06 4.31007e-06 3.65374e-06 3.13593e-06 2.67371e-06 2.32633e-06 2.04191e-06 1.7874e-06 1.53274e-06 1.27775e-06 1.02246e-06 7.67022e-07 5.11458e-07 2.5578e-07 -1.15235e-14
5.30453e-05 6.01667e-06 5.56199e-06 4.78375e-06 4.05533e-06 3.45533e-06 2.92553e-06 2.52965e-06 2.19298e-06 1.91959e-06 1.64604e-06 1.37217e-06 1.09799e-06 8.23673e-07 5.49225e-07 2.74664e-07 3.945e-14
6.06705e-05 6.73392e-06 6.12484e-06 5.25177e-06 4.47113e-06 3.76114e-06 3.19307e-06 2.72431e-06 2.33912e-06 2.04615e-06 1.75452e-06 1.46257e-06 1.17031e-06 8.77912e-07 5.85385e-07 2.92744e-07 -5.62282e-14
6.86867e-05 7.32445e-06 6.64135e-06 5.63754e-06 4.81378e-06 4.04173e-06 3.42036e-06 2.88458e-06 2.47661e-06 2.15034e-06 1.84383e-06 1.53699e-06 1.22985e-06 9.22567e-07 6.15155e-07 3.07629e-07 2.53652e-15
7.6356e-05 7.97094e-06 7.20676e-06 6.13412e-06 5.20095e-06 4.38309e-06 3.67e-06 3.08196e-06 2.63236e-06 2.2644e-06 1.94159e-06 1.61846e-06 1.29503e-06 9.71449e-07 6.47743e-07 3.23923e-07 2.98152e-14
8.63922e-05 8.83453e-06 7.94176e-06 6.80712e-06 5.70937e-06 4.8243e-06 3.9965e-06 3.36143e-06 2.83378e-06 2.41172e-06 2.06787e-06 1.72369e-06 1.37921e-06 1.03459e-06 6.89834e-07 3.44968e-07 3.23788e-13
9.63438e-05 9.8525e-06 8.71827e-06 7.46637e-06 6.31383e-06 5.27054e-06 4.38769e-06 3.64484e-06 3.03109e-06 2.5656e-06 2.19156e-06 1.82677e-06 1.46167e-06 1.09643e-06 7.31066e-07 3.65584e-07 -7.95323e-15
0.000106211 1.08522e-05 9.59482e-06 8.12845e-06 6.90737e-06 5.73311e-06 4.77181e-06 3.92314e-06 3.25373e-06 2.73253e-06 2.31302e-06 1.92799e-06 1.54265e-06 1.15716e-06 7.71553e-07 3.85828e-07 -1.64834e-13
0.000113799 1.15839e-05 1.02364e-05 8.68503e-06 7.3418e-06 6.12886e-06 5.06053e-06 4.14523e-06 3.42861e-06 2.85661e-06 2.40192e-06 2.00207e-06 1.60191e-06 1.20161e-06 8.01187e-07 4.00645e-07 9.26741e-14
0.000121323 1.2268e-05 1.08362e-05 9.23801e-06 7.75683e-06 6.49886e-06 5.3321e-06 4.38105e-06 3.59616e-06 2.97261e-06 2.48504e-06 2.07133e-06 1.65732e-06 1.24317e-06 8.28891e-07 4.14497e-07 -1.00052e-13
0.000129193 1.29725e-05 1.1339e-05 9.70151e-06 8.10777e-06 6.80899e-06 5.5617e-06 4.57872e-06 3.73805e-06 3.06985e-06 2.5547e-06 2.12939e-06 1.70377e-06 1.278e-06 8.52113e-07 4.26108e-07 -1.44777e-14
0.000137012 1.38842e-05 1.17613e-05 1.00903e-05 8.46439e-06 7.06916e-06 5.79733e-06 4.74454e-06 3.85707e-06 3.15142e-06 2.61315e-06 2.17809e-06 1.74273e-06 1.30723e-06 8.71594e-07 4.35848e-07 -3.54706e-13
0.00014522 1.46436e-05 1.21199e-05 1.04139e-05 8.76117e-06 7.28567e-06 5.99341e-06 4.88384e-06 3.95613e-06 3.2225e-06 2.66882e-06 2.21862e-06 1.77515e-06 1.33154e-06 8.87806e-07 4.43954e-07 3.85516e-15
0.00015355 1.53362e-05 1.24992e-05 1.07088e-05 9.03166e-06 7.48864e-06 6.17212e-06 5.01377e-06 4.0464e-06 3.29879e-06 2.72e-06 2.25556e-06 1.8047e-06 1.35371e-06 9.02581e-07 4.51342e-07 5.31969e-15
0.000160911 1.58481e-05 1.27823e-05 1.09266e-05 9.2314e-06 7.63857e-06 6.3041e-06 5.10973e-06 4.11352e-06 3.35513e-06 2.75799e-06 2.28284e-06 1.82653e-06 1.37007e-06 9.13492e-07 4.56797e-07 -4.2848e-14
0.000169005 1.60535e-05 1.28958e-05 1.1014e-05 9.31154e-06 7.69872e-06 6.35705e-06 5.14823e-06 4.14665e-06 3.37774e-06 2.7737e-06 2.29378e-06 1.83528e-06 1.37664e-06 9.1787e-07 4.58986e-07 4.58637e-14
0.000178159 1.59328e-05 1.27844e-05 1.09283e-05 9.23291e-06 7.6397e-06 6.30509e-06 5.11045e-06 4.11415e-06 3.35556e-06 2.75828e-06 2.28304e-06 1.82669e-06 1.3702e-06 9.13575e-07 4.56839e-07 -9.07106e-15
0.000178487 1.59285e-05 1.27804e-05 1.09252e-05 9.23009e-06 7.63758e-06 6.30323e-06 5.1091e-06 4.11298e-06 3.35476e-06 2.75773e-06 2.28266e-06 1.82638e-06 1.36997e-06 9.13421e-07 4.56762e-07 1.84651e-14
0.000178377 1.58672e-05 1.27239e-05 1.08817e-05 9.1902e-06 7.60764e-06 6.27687e-06 5.08993e-06 4.09932e-06 3.34351e-06 2.75e-06 2.27721e-06 1.82202e-06 1.3667e-06 9.11242e-07 4.55672e-07 4.39868e-15
0.000178267 1.58059e-05 1.26673e-05 1.08382e-05 9.15028e-06 7.57767e-06 6.2505e-06 5.07076e-06 4.086e-06 3.33225e-06 2.74245e-06 2.27176e-06 1.81766e-06 1.36343e-06 9.09061e-07 4.54582e-07 -1.26984e-13
0.000176187 1.46454e-05 1.16778e-05 1.00139e-05 8.39428e-06 7.01801e-06 5.751e-06 4.71194e-06 3.83367e-06 3.13538e-06 2.60166e-06 2.16852e-06 1.73507e-06 1.30148e-06 8.67764e-07 4.33933e-07 4.75861e-14
0.000173861 1.33477e-05 1.06781e-05 9.09222e-06 7.64666e-06 6.40132e-06 5.26051e-06 4.31888e-06 3.55153e-06 2.94203e-06 2.46313e-06 2.05307e-06 1.64272e-06 1.23222e-06 8.21588e-07 4.10845e-07 2.52253e-14
0.000171473 1.20954e-05 9.65184e-06 8.17177e-06 6.94598e-06 5.76828e-06 4.7968e-06 3.94124e-06 3.26928e-06 2.74356e-06 2.32093e-06 1.93457e-06 1.54792e-06 1.16112e-06 7.74187e-07 3.87145e-07 3.70484e-15
0.000168483 1.07016e-05 8.388e-06 7.20685e-06 6.07588e-06 5.09487e-06 4.2337e-06 3.53327e-06 2.95341e-06 2.50001e-06 2.14287e-06 1.78619e-06 1.42921e-06 1.07209e-06 7.14835e-07 3.57469e-07 1.86568e-14
0.000165309 9.22146e-06 7.27728e-06 6.19911e-06 5.24924e-06 4.42567e-06 3.70114e-06 3.10895e-06 2.65181e-06 2.27862e-06 1.95379e-06 1.62862e-06 1.30316e-06 9.77545e-07 6.51807e-07 3.25955e-07 3.86365e-14
0.000161958 7.85328e-06 6.12325e-06 5.25059e-06 4.47009e-06 3.76037e-06 3.1924e-06 2.72382e-06 2.33869e-06 2.04583e-06 1.75424e-06 1.46234e-06 1.17013e-06 8.77775e-07 5.85293e-07 2.92698e-07 -2.7074e-15
0.000158382 6.51611e-06 5.0708e-06 4.34567e-06 3.6801e-06 3.15993e-06 2.69074e-06 2.34161e-06 2.05326e-06 1.79733e-06 1.54125e-06 1.28484e-06 1.02813e-06 7.71279e-07 5.14296e-07 2.57199e-07 5.29515e-14
0.000154282 5.34439e-06 4.11642e-06 3.51332e-06 3.03506e-06 2.58915e-06 2.27389e-06 1.99703e-06 1.77532e-06 1.55413e-06 1.3328e-06 1.11113e-06 8.89162e-07 6.6705e-07 4.4481e-07 2.22456e-07 -3.07905e-14
0.00014897 4.49407e-06 3.39769e-06 2.9434e-06 2.52764e-06 2.21626e-06 1.94763e-06 1.74366e-06 1.55014e-06 1.3571e-06 1.16391e-06 9.70394e-07 7.76573e-07 5.82608e-07 3.88516e-07 1.94309e-07 -2.7406e-14
0.000144154 3.90196e-06 2.95713e-06 2.54883e-06 2.22507e-06 1.9518e-06 1.74613e-06 1.56333e-06 1.38988e-06 1.21687e-06 1.04371e-06 8.70228e-07 6.9644e-07 5.22508e-07 3.48449e-07 1.74276e-07 2.32113e-14
0.000139212 3.39242e-06 2.56618e-06 2.22113e-06 1.96137e-06 1.73233e-06 1.56426e-06 1.40056e-06 1.24522e-06 1.09029e-06 9.35217e-07 7.79816e-07 6.2411e-07 4.68261e-07 3.12284e-07 1.56193e-07 -7.58708e-15
0.000134053 2.98161e-06 2.20124e-06 1.94739e-06 1.71387e-06 1.54118e-06 1.39168e-06 1.24611e-06 1.10795e-06 9.70185e-07 8.32267e-07 6.94024e-07 5.55476e-07 4.16786e-07 2.77968e-07 1.39035e-07 -1.63551e-14
0.000128525 2.6163e-06 1.93205e-06 1.70397e-06 1.51307e-06 1.37121e-06 1.23821e-06 1.10876e-06 9.85884e-07 8.63378e-07 7.40718e-07 6.17733e-07 4.94444e-07 3.71012e-07 2.47451e-07 1.23777e-07 -8.27611e-15
0.000122971 2.25717e-06 1.6647e-06 1.46253e-06 1.32394e-06 1.19984e-06 1.08347e-06 9.70283e-07 8.62813e-07 7.55691e-07 6.48415e-07 5.40813e-07 4.32908e-07 3.2486e-07 2.16683e-07 1.08393e-07 -1.22433e-14
0.000117354 1.91004e-06 1.40433e-06 1.24969e-06 1.13974e-06 1.03294e-06 9.32782e-07 8.35422e-07 7.42957e-07 6.50817e-07 5.58523e-07 4.65904e-07 3.7298e-07 2.79914e-07 1.8672e-07 9.3411e-08 3.26408e-14
0.000111813 1.62787e-06 1.16018e-06 1.05579e-06 9.62987e-07 8.7279e-07 7.88184e-07 7.06014e-07 6.27948e-07 5.50184e-07 4.72266e-07 3.94023e-07 3.15476e-07 2.36786e-07 1.57967e-07 7.90349e-08 -2.07214e-13
0.000106241 1.35991e-06 9.4541e-07 8.656e-07 7.89624e-07 7.15711e-07 6.46357e-07 5.79086e-07 5.15142e-07 4.51479e-07 3.87662e-07 3.23519e-07 2.59073e-07 1.94483e-07 1.29766e-07 6.49341e-08 1.50878e-14
0.000100642 1.09687e-06 7.41429e-07 6.78904e-07 6.19443e-07 5.61514e-07 5.07133e-07 4.54487e-07 4.04407e-07 3.54586e-07 3.04611e-07 2.5431e-07 2.03705e-07 1.52958e-07 1.02082e-07 5.10922e-08 6.52075e-15
9.49493e-05 8.44717e-07 5.45751e-07 4.99807e-07 4.56189e-07 4.13594e-07 3.73575e-07 3.3496e-07 2.98179e-07 2.61636e-07 2.2494e-07 1.87918e-07 1.50591e-07 1.13122e-07 7.55251e-08 3.78137e-08 2.89051e-15
8.9184e-05 6.13047e-07 3.60321e-07 3.30089e-07 3.01484e-07 2.7342e-07 2.47012e-07 2.21693e-07 1.97514e-07 1.73555e-07 1.49441e-07 1.25002e-07 1.00259e-07 7.5373e-08 5.03589e-08 2.52307e-08 3.19781e-14
8.33817e-05 4.0838e-07 1.77926e-07 1.63149e-07 1.49311e-07 1.3554e-07 1.22521e-07 1.10279e-07 9.84971e-08 8.69146e-08 7.51781e-08 6.31163e-08 5.07504e-08 3.82415e-08 2.56046e-08 1.28535e-08 3.44715e-14
7.62666e-05 1.68423e-07 -4.04417e-08 -3.67155e-08 -3.28735e-08 -2.95326e-08 -2.65232e-08 -2.31077e-08 -2.00485e-08 -1.68128e-08 -1.37311e-08 -1.09747e-08 -8.52245e-09 -6.21307e-09 -4.03179e-09 -1.96469e-09 -1.98513e-15
6.86928e-05 -2.29072e-08 -2.14558e-07 -1.96078e-07 -1.78139e-07 -1.61154e-07 -1.45364e-07 -1.29464e-07 -1.14571e-07 -9.95201e-08 -8.46231e-08 -7.00514e-08 -5.57838e-08 -4.16591e-08 -2.76625e-08 -1.378e-08 6.06323e-14
6.1629e-05 -3.11053e-07 -4.76778e-07 -4.36079e-07 -3.9691e-07 -3.59377e-07 -3.24339e-07 -2.89638e-07 -2.56923e-07 -2.24078e-07 -1.91387e-07 -1.59022e-07 -1.2696e-07 -9.50412e-08 -6.32506e-08 -3.15741e-08 1.45395e-13
5.45762e-05 -6.01175e-07 -7.40798e-07 -6.77727e-07 -6.17182e-07 -5.58959e-07 -5.04542e-07 -4.5091e-07 -4.00252e-07 -3.49491e-07 -2.98884e-07 -2.48602e-07 -1.98624e-07 -1.48789e-07 -9.90826e-08 -4.94901e-08 1.89197e-14
4.71718e-05 -8.44699e-07 -9.40679e-07 -8.60672e-07 -7.83943e-07 -7.10057e-07 -6.40968e-07 -5.73005e-07 -5.08762e-07 -4.44437e-07 -3.80266e-07 -3.16421e-07 -2.52879e-07 -1.89481e-07 -1.2621e-07 -6.30539e-08 3.11077e-14
3.97518e-05 -1.09473e-06 -1.13626e-06 -1.03968e-06 -9.47116e-07 -8.57903e-07 -7.74458e-07 -6.92472e-07 -6.14936e-07 -5.3734e-07 -4.59897e-07 -3.8278e-07 -3.05966e-07 -2.29296e-07 -1.52754e-07 -7.63257e-08 1.99599e-14
3.24984e-05 -1.40158e-06 -1.40662e-06 -1.25736e-06 -1.14554e-06 -1.03769e-06 -9.36789e-07 -8.37749e-07 -7.44049e-07 -6.50314e-07 -5.56732e-07 -4.63475e-07 -3.70523e-07 -2.77713e-07 -1.85032e-07 -9.24648e-08 1.0955e-16
2.5666e-05 -1.79579e-06 -1.76707e-06 -1.55412e-06 -1.40045e-06 -1.26866e-06 -1.14533e-06 -1.02438e-06 -9.09917e-07 -7.95448e-07 -6.81132e-07 -5.67143e-07 -4.53457e-07 -3.39914e-07 -2.26499e-07 -1.13198e-07 -9.42536e-14
1.89127e-05 -2.24975e-06 -2.12693e-06 -1.88223e-06 -1.65645e-06 -1.49925e-06 -1.35353e-06 -1.21071e-06 -1.07552e-06 -9.40347e-07 -8.05332e-07 -6.70642e-07 -5.36256e-07 -4.02013e-07 -2.67899e-07 -1.33898e-07 -1.76228e-15
1.16388e-05 -2.61981e-06 -2.44514e-06 -2.13606e-06 -1.88262e-06 -1.67643e-06 -1.51351e-06 -1.35388e-06 -1.20275e-06 -1.05168e-06 -9.00761e-07 -7.50166e-07 -5.99875e-07 -4.49728e-07 -2.99708e-07 -1.49803e-07 2.47829e-14
4.5737e-06 -3.04408e-06 -2.8227e-06 -2.4297e-06 -2.14087e-06 -1.87833e-06 -1.69157e-06 -1.51324e-06 -1.34438e-06 -1.1756e-06 -1.00698e-06 -8.38682e-07 -6.70688e-07 -5.02837e-07 -3.35115e-07 -1.67506e-07 9.3484e-15
-1.9171e-06 -3.5843e-06 -3.31106e-06 -2.86436e-06 -2.4646e-06 -2.1679e-06 -1.91477e-06 -1.713e-06 -1.52191e-06 -1.33094e-06 -1.14013e-06 -9.4964e-07 -7.59455e-07 -5.69412e-07 -3.79498e-07 -1.89698e-07 -1.93948e-14
-8.24838e-06 -4.19028e-06 -3.79364e-06 -3.27803e-06 -2.82396e-06 -2.43923e-06 -2.13881e-06 -1.89732e-06 -1.68573e-06 -1.47428e-06 -1.26299e-06 -1.05202e-06 -8.41361e-07 -6.30842e-07 -4.20451e-07 -2.10174e-07 -8.63626e-14
-1.45337e-05 -4.77567e-06 -4.33258e-06 -3.67883e-06 -3.18569e-06 -2.7211e-06 -2.37573e-06 -2.07538e-06 -1.84397e-06 -1.61275e-06 -1.38167e-06 -1.15093e-06 -9.20485e-07 -6.90185e-07 -4.60013e-07 -2.29955e-07 -1.33256e-14
-2.10914e-05 -5.27908e-06 -4.78231e-06 -4.08562e-06 -3.49234e-06 -2.99089e-06 -2.57382e-06 -2.23744e-06 -1.97602e-06 -1.72829e-06 -1.48071e-06 -1.23346e-06 -9.8651e-07 -7.39704e-07 -4.93025e-07 -2.46462e-07 3.38491e-13
-2.75188e-05 -5.7884e-06 -5.24953e-06 -4.50377e-06 -3.80179e-06 -3.26987e-06 -2.77373e-06 -2.41437e-06 -2.10929e-06 -1.8449e-06 -1.58066e-06 -1.31675e-06 -1.05314e-06 -7.89677e-07 -5.26341e-07 -2.63119e-07 1.23289e-14
-3.36692e-05 -6.404e-06 -5.73886e-06 -4.94395e-06 -4.19734e-06 -3.56404e-06 -3.02027e-06 -2.60157e-06 -2.24835e-06 -1.96658e-06 -1.68496e-06 -1.40366e-06 -1.12267e-06 -8.41826e-07 -5.61107e-07 -2.80502e-07 -1.34951e-15
-3.97674e-05 -7.04076e-06 -6.29593e-06 -5.38183e-06 -4.58586e-06 -3.84977e-06 -3.2712e-06 -2.78338e-06 -2.38875e-06 -2.08476e-06 -1.78626e-06 -1.48808e-06 -1.19021e-06 -8.92476e-07 -5.94874e-07 -2.97386e-07 -2.01858e-14
-4.6519e-05 -7.83766e-06 -7.02454e-06 -5.96399e-06 -5.07664e-06 -4.27322e-06 -3.59272e-06 -3.01429e-06 -2.58543e-06 -2.23161e-06 -1.91213e-06 -1.59297e-06 -1.27412e-06 -9.55413e-07 -6.36832e-07 -3.18365e-07 -9.08017e-14
-5.38097e-05 -8.57152e-06 -7.65277e-06 -6.54284e-06 -5.50671e-06 -4.65238e-06 -3.86993e-06 -3.25451e-06 -2.75855e-06 -2.35823e-06 -2.02066e-06 -1.68342e-06 -1.34648e-06 -1.00968e-06 -6.73009e-07 -3.36453e-07 -1.71097e-12
-6.09919e-05 -9.39474e-06 -8.28087e-06 -7.10921e-06 -5.98424e-06 -5.02957e-06 -4.17554e-06 -3.49336e-06 -2.92794e-06 -2.48212e-06 -2.12685e-06 -1.77191e-06 -1.41727e-06 -1.06277e-06 -7.08406e-07 -3.54152e-07 -3.51772e-14
-6.72903e-05 -1.0158e-05 -8.89976e-06 -7.60321e-06 -6.43713e-06 -5.36388e-06 -4.46854e-06 -3.70562e-06 -3.07568e-06 -2.60259e-06 -2.21948e-06 -1.8491e-06 -1.47902e-06 -1.10909e-06 -7.39281e-07 -3.69589e-07 -4.05697e-15
-7.33978e-05 -1.08951e-05 -9.54568e-06 -8.09326e-06 -6.87441e-06 -5.70175e-06 -4.75144e-06 -3.91057e-06 -3.24184e-06 -2.7256e-06 -2.30891e-06 -1.92362e-06 -1.53864e-06 -1.1538e-06 -7.69091e-07 -3.84494e-07 1.08879e-16
-7.94274e-05 -1.16201e-05 -1.01811e-05 -8.63147e-06 -7.30456e-06 -6.09357e-06 -5.0359e-06 -4.12291e-06 -3.41489e-06 -2.84838e-06 -2.39688e-06 -1.99693e-06 -1.59729e-06 -1.19779e-06 -7.98414e-07 -3.99156e-07 1.72023e-14
-8.52358e-05 -1.23164e-05 -1.07912e-05 -9.19392e-06 -7.72503e-06 -6.46985e-06 -5.31201e-06 -4.36265e-06 -3.58417e-06 -2.96629e-06 -2.48136e-06 -2.06733e-06 -1.65361e-06 -1.24003e-06 -8.26574e-07 -4.13236e-07 5.21735e-14
-9.1412e-05 -1.30891e-05 -1.12727e-05 -9.63779e-06 -8.06043e-06 -6.7668e-06 -5.5299e-06 -4.55185e-06 -3.71995e-06 -3.05934e-06 -2.54803e-06 -2.12289e-06 -1.69805e-06 -1.27336e-06 -8.48797e-07 -4.24347e-07 3.45144e-14
-9.7699e-05 -1.39728e-05 -1.16847e-05 -1.00175e-05 -8.39475e-06 -7.02084e-06 -5.75109e-06 -4.71371e-06 -3.83612e-06 -3.13895e-06 -2.60506e-06 -2.17042e-06 -1.73608e-06 -1.30188e-06 -8.67809e-07 -4.33853e-07 5.42788e-15
-0.000101997 -1.45718e-05 -1.19678e-05 -1.02747e-05 -8.63056e-06 -7.19286e-06 -5.90685e-06 -4.82331e-06 -3.91478e-06 -3.19285e-06 -2.64617e-06 -2.2026e-06 -1.76183e-06 -1.32119e-06 -8.80683e-07 -4.4029e-07 3.57653e-13
-0.000105909 -1.51057e-05 -1.22284e-05 -1.05037e-05 -8.84061e-06 -7.34725e-06 -6.04559e-06 -4.92301e-06 -3.98484e-06 -3.24614e-06 -2.68589e-06 -2.23127e-06 -1.78476e-06 -1.33839e-06 -8.9215e-07 -4.46024e-07 1.52916e-14
-0.000110061 -1.55401e-05 -1.24705e-05 -1.06899e-05 -9.0114e-06 -7.47544e-06 -6.1584e-06 -5.00502e-06 -4.04181e-06 -3.29428e-06 -2.71819e-06 -2.25458e-06 -1.80341e-06 -1.35238e-06 -9.01475e-07 -4.50686e-07 9.98433e-15
-0.000116289 -1.61888e-05 -1.28318e-05 -1.09678e-05 -9.26627e-06 -7.66673e-06 -6.32675e-06 -5.12741e-06 -4.12734e-06 -3.36613e-06 -2.76649e-06 -2.28937e-06 -1.83124e-06 -1.37325e-06 -9.15389e-07 -4.57643e-07 -3.10959e-14
-0.00012295 -1.68788e-05 -1.32157e-05 -1.12632e-05 -9.53714e-06 -7.87003e-06 -6.50566e-06 -5.25748e-06 -4.23922e-06 -3.44249e-06 -2.81957e-06 -2.32634e-06 -1.86081e-06 -1.39543e-06 -9.30177e-07 -4.65037e-07 5.70151e-15
-0.000129609 -1.75615e-05 -1.35953e-05 -1.15569e-05 -9.80492e-06 -8.09714e-06 -6.68253e-06 -5.38607e-06 -4.34983e-06 -3.51798e-06 -2.87203e-06 -2.36288e-06 -1.89005e-06 -1.41736e-06 -9.44796e-07 -4.72347e-07 2.44029e-14
-0.000136105 -1.75633e-05 -1.35963e-05 -1.15577e-05 -9.80561e-06 -8.09777e-06 -6.68299e-06 -5.3864e-06 -4.35012e-06 -3.51817e-06 -2.87217e-06 -2.36298e-06 -1.89013e-06 -1.41742e-06 -9.44834e-07 -4.72366e-07 -1.21117e-15
-0.000142476 -1.74865e-05 -1.35254e-05 -1.1502e-05 -9.75562e-06 -8.05221e-06 -6.64997e-06 -5.3624e-06 -4.32947e-06 -3.50408e-06 -2.86237e-06 -2.35616e-06 -1.88467e-06 -1.41332e-06 -9.42104e-07 -4.71001e-07 1.455e-14
-0.00014885 -1.74091e-05 -1.3454e-05 -1.14465e-05 -9.70522e-06 -8.0063e-06 -6.61668e-06 -5.3382e-06 -4.30865e-06 -3.48987e-06 -2.8525e-06 -2.34928e-06 -1.87916e-06 -1.40919e-06 -9.39353e-07 -4.69625e-07 1.65055e-14
-0.000151456 -1.73773e-05 -1.34246e-05 -1.14239e-05 -9.68452e-06 -7.98743e-06 -6.603e-06 -5.32825e-06 -4.3001e-06 -3.48403e-06 -2.84844e-06 -2.34645e-06 -1.8769e-06 -1.4075e-06 -9.38223e-07 -4.6906e-07 1.4301e-14
-0.000153216 -1.73558e-05 -1.34048e-05 -1.14086e-05 -9.6705e-06 -7.97466e-06 -6.59375e-06 -5.32152e-06 -4.29431e-06 -3.48008e-06 -2.8457e-06 -2.34454e-06 -1.87537e-06 -1.40635e-06 -9.37458e-07 -4.68678e-07 1.3847e-14
-0.000154976 -1.73343e-05 -1.33849e-05 -1.13933e-05 -9.65647e-06 -7.96187e-06 -6.58448e-06 -5.31478e-06 -4.28852e-06 -3.47613e-06 -2.84295e-06 -2.34262e-06 -1.87384e-06 -1.4052e-06 -9.36691e-07 -4.68294e-07 1.64391e-14
-0.000155308 -1.73302e-05 -1.33811e-05 -1.13904e-05 -9.65382e-06 -7.95945e-06 -6.58273e-06 -5.31351e-06 -4.28742e-06 -3.47538e-06 -2.84243e-06 -2.34226e-06 -1.87355e-06 -1.40499e-06 -9.36547e-07 -4.68222e-07 8.5477e-15
-0.000155308 -1.73302e-05 -1.33811e-05 -1.13904e-05 -9.65382e-06 -7.95945e-06 -6.58273e-06 -5.31351e-06 -4.28742e-06 -3.47538e-06 -2.84243e-06 -2.34226e-06 -1.87355e-06 -1.40499e-06 -9.36547e-07 -4.68222e-07 3.62763e-15
-0.000155308 -1.73302e-05 -1.33811e-05 -1.13904e-05 -9.65382e-06 -7.95945e-06 -6.58273e-06 -5.31351e-06 -4.28742e-06 -3.47538e-06 -2.84243e-06 -2.34226e-06 -1.87355e-06 -1.40499e-06 -9.36547e-07 -4.68222e-07 2.45669e-15
-0.000155308 -1.73302e-05 -1.33811e-05 -1.13904e-05 -9.65382e-06 -7.95945e-06 -6.58273e-06 -5.31351e-06 -4.28742e-06 -3.47538e-06 -2.84243e-06 -2.34226e-06 -1.87355e-06 -1.40499e-06 -9.36547e-07 -4.68222e-07 2.75097e-15
-0.000155308 -1.73302e-05 -1.33811e-05 -1.13904e-05 -9.65382e-06 -7.95945e-06 -6.58273e-06 -5.31351e-06 -4.28742e-06 -3.47538e-06 -2.84243e-06 -2.34226e-06 -1.87355e-06 -1.40499e-06 -9.36547e-07 -4.68222e-07 3.07283e-15
-0.000155308 -1.73302e-05 -1.33811e-05 -1.13904e-05 -9.65382e-06 -7.95945e-06 -6.58273e-06 -5.31351e-06 -4.28742e-06 -3.47538e-06 -2.84243e-06 -2.34226e-06 -1.87355e-06 -1.40499e-06 -9.36547e-07 -4.68222e-07 3.25626e-15
-0.000161089 -1.72591e-05 -1.33155e-05 -1.134e-05 -9.60753e-06 -7.92287e-06 -6.55215e-06 -5.29128e-06 -4.2683e-06 -3.46233e-06 -2.83336e-06 -2.33594e-06 -1.8685e-06 -1.40119e-06 -9.3402e-07 -4.66959e-07 6.77687e-15
-0.000168315 -1.71697e-05 -1.3233e-05 -1.12765e-05 -9.54935e-06 -7.8792e-06 -6.51372e-06 -5.26335e-06 -4.24427e-06 -3.44593e-06 -2.82196e-06 -2.328e-06 -1.86215e-06 -1.39643e-06 -9.30843e-07 -4.65371e-07 1.21727e-13
-0.000175543 -1.70799e-05 -1.31501e-05 -1.12127e-05 -9.49083e-06 -7.83528e-06 -6.47507e-06 -5.23525e-06 -4.2201e-06 -3.42944e-06 -2.81049e-06 -2.32002e-06 -1.85576e-06 -1.39164e-06 -9.27649e-07 -4.63773e-07 1.40191e-13
-0.000184477 -1.69634e-05 -1.30426e-05 -1.113e-05 -9.41502e-06 -7.77837e-06 -6.42499e-06 -5.19884e-06 -4.18878e-06 -3.40806e-06 -2.79564e-06 -2.30967e-06 -1.84748e-06 -1.38543e-06 -9.23509e-07 -4.61704e-07 5.21609e-16
-0.000193884 -1.68327e-05 -1.29219e-05 -1.10372e-05 -9.32988e-06 -7.71448e-06 -6.36876e-06 -5.15796e-06 -4.15361e-06 -3.38406e-06 -2.77896e-06 -2.29805e-06 -1.83818e-06 -1.37846e-06 -9.18862e-07 -4.5938e-07 -6.60169e-16
-0.00020336 -1.66846e-05 -1.27853e-05 -1.09321e-05 -9.2335e-06 -7.64213e-06 -6.3051e-06 -5.11167e-06 -4.1159e-06 -3.35689e-06 -2.76019e-06 -2.28489e-06 -1.82766e-06 -1.37057e-06 -9.136e-07 -4.56749e-07 -2.91439e-13
-0.000205221 -1.66555e-05 -1.27584e-05 -1.09114e-05 -9.21454e-06 -7.6279e-06 -6.29258e-06 -5.10257e-06 -4.10957e-06 -3.35155e-06 -2.75661e-06 -2.28231e-06 -1.82559e-06 -1.36901e-06 -9.12565e-07 -4.56231e-07 4.00172e-16
-0.00020517 -1.66276e-05 -1.27327e-05 -1.08916e-05 -9.19636e-06 -7.61426e-06 -6.28057e-06 -5.09384e-06 -4.10351e-06 -3.34642e-06 -2.75317e-06 -2.27983e-06 -1.8236e-06 -1.36752e-06 -9.11572e-07 -4.55735e-07 1.48278e-14
-0.00020512 -1.65997e-05 -1.27069e-05 -1.08718e-05 -9.17818e-06 -7.60061e-06 -6.26856e-06 -5.08511e-06 -4.09744e-06 -3.3413e-06 -2.74973e-06 -2.27734e-06 -1.82162e-06 -1.36603e-06 -9.1058e-07 -4.55239e-07 1.37617e-14
-0.00020345 -1.56777e-05 -1.19041e-05 -1.02172e-05 -8.57789e-06 -7.15443e-06 -5.87206e-06 -4.79883e-06 -3.8972e-06 -3.18081e-06 -2.63621e-06 -2.19541e-06 -1.75607e-06 -1.31688e-06 -8.77807e-07 -4.38853e-07 -6.6243e-16
-0.000201269 -1.44729e-05 -1.09734e-05 -9.36181e-06 -7.85189e-06 -6.58217e-06 -5.39442e-06 -4.43421e-06 -3.63553e-06 -3.00149e-06 -2.50657e-06 -2.08834e-06 -1.67042e-06 -1.25263e-06 -8.3498e-07 -4.17439e-07 -4.51135e-15
-0.000199051 -1.32479e-05 -1.00298e-05 -8.49206e-06 -7.20217e-06 -6.00031e-06 -4.96747e-06 -4.06418e-06 -3.3737e-06 -2.81915e-06 -2.37594e-06 -1.97948e-06 -1.58333e-06 -1.18732e-06 -7.91434e-07 -3.95666e-07 -1.17042e-14
-0.000196244 -1.18152e-05 -8.83571e-06 -7.55592e-06 -6.39377e-06 -5.33188e-06 -4.44049e-06 -3.6853e-06 -3.06154e-06 -2.59065e-06 -2.21061e-06 -1.84171e-06 -1.47311e-06 -1.10465e-06 -7.36325e-07 -3.68111e-07 1.64003e-14
-0.00019313 -1.03776e-05 -7.69043e-06 -6.57754e-06 -5.53249e-06 -4.67512e-06 -3.88655e-06 -3.26891e-06 -2.76893e-06 -2.36582e-06 -2.02717e-06 -1.68884e-06 -1.35081e-06 -1.01293e-06 -6.75178e-07 -3.37538e-07 -1.88542e-13
-0.000189898 -8.8855e-06 -6.58841e-06 -5.60025e-06 -4.77966e-06 -4.01e-06 -3.40026e-06 -2.87408e-06 -2.46654e-06 -2.14371e-06 -1.83679e-06 -1.53019e-06 -1.22389e-06 -9.1774e-07 -6.11717e-07 -3.05807e-07 -6.49214e-15
-0.000186419 -7.53668e-06 -5.49005e-06 -4.71826e-06 -3.99394e-06 -3.41446e-06 -2.88945e-06 -2.50639e-06 -2.17764e-06 -1.90471e-06 -1.63192e-06 -1.35947e-06 -1.08732e-06 -8.1531e-07 -5.4343e-07 -2.71664e-07 -6.43591e-14
-0.000182734 -6.20014e-06 -4.50343e-06 -3.8287e-06 -3.30219e-06 -2.82359e-06 -2.45098e-06 -2.13183e-06 -1.89414e-06 -1.65664e-06 -1.4193e-06 -1.18228e-06 -9.45567e-07 -7.08997e-07 -4.72554e-07 -2.36226e-07 -6.98256e-15
-0.000177922 -5.22019e-06 -3.68348e-06 -3.19614e-06 -2.7514e-06 -2.38566e-06 -2.09196e-06 -1.86093e-06 -1.65338e-06 -1.44598e-06 -1.23873e-06 -1.03181e-06 -8.2519e-07 -6.18714e-07 -4.12365e-07 -2.06132e-07 -1.34975e-14
-0.000172177 -4.45856e-06 -3.11768e-06 -2.69227e-06 -2.33641e-06 -2.05146e-06 -1.82639e-06 -1.6339e-06 -1.45161e-06 -1.26943e-06 -1.08741e-06 -9.05704e-07 -7.24306e-07 -5.4305e-07 -3.61923e-07 -1.80911e-07 -1.7928e-14
-0.000166 -3.78997e-06 -2.62637e-06 -2.27199e-06 -2.00684e-06 -1.77129e-06 -1.59916e-06 -1.43054e-06 -1.27088e-06 -1.11129e-06 -9.51854e-07 -7.92743e-07 -6.33937e-07 -4.75274e-07 -3.16739e-07 -1.58318e-07 1.85623e-14
-0.000159391 -3.25579e-06 -2.2066e-06 -1.9554e-06 -1.72108e-06 -1.5503e-06 -1.39962e-06 -1.25197e-06 -1.11218e-06 -9.72425e-07 -8.32828e-07 -6.93555e-07 -5.54587e-07 -4.15761e-07 -2.77064e-07 -1.38481e-07 8.05664e-15
-0.000152334 -2.88591e-06 -1.93829e-06 -1.70909e-06 -1.52154e-06 -1.37837e-06 -1.24439e-06 -1.11304e-06 -9.88707e-07 -8.64389e-07 -7.40225e-07 -6.16386e-07 -4.92852e-07 -3.6946e-07 -2.46196e-07 -1.23047e-07 7.53488e-15
-0.000145118 -2.56127e-06 -1.7028e-06 -1.49708e-06 -1.355e-06 -1.22747e-06 -1.10814e-06 -9.91109e-07 -8.8034e-07 -7.69568e-07 -6.5895e-07 -5.48657e-07 -4.38668e-07 -3.28822e-07 -2.19105e-07 -1.09501e-07 3.91871e-14
-0.000137733 -2.28132e-06 -1.49371e-06 -1.32496e-06 -1.20713e-06 -1.09349e-06 -9.87172e-07 -8.82846e-07 -7.84123e-07 -6.85378e-07 -5.86787e-07 -4.88522e-07 -3.9056e-07 -2.92741e-07 -1.95051e-07 -9.7474e-08 3.98342e-14
-0.00013034 -1.99209e-06 -1.28013e-06 -1.15674e-06 -1.05379e-06 -9.54562e-07 -8.61732e-07 -7.70583e-07 -6.84351e-07 -5.98078e-07 -5.11958e-07 -4.26164e-07 -3.40674e-07 -2.55327e-07 -1.70108e-07 -8.50026e-08 1.11281e-14
-0.00012318 -1.67147e-06 -1.03314e-06 -9.45327e-07 -8.6108e-07 -7.79949e-07 -7.04073e-07 -6.29487e-07 -5.58954e-07 -4.88355e-07 -4.1791e-07 -3.47791e-07 -2.77975e-07 -2.08303e-07 -1.38758e-07 -6.93279e-08 -1.38327e-14
-0.000115956 -1.38029e-06 -8.07451e-07 -7.38762e-07 -6.72788e-07 -6.09342e-07 -5.50033e-07 -4.91628e-07 -4.36434e-07 -3.8115e-07 -3.2602e-07 -2.71216e-07 -2.16715e-07 -1.62358e-07 -1.08128e-07 -5.40129e-08 1.08809e-14
-0.00010869 -1.09583e-06 -5.86979e-07 -5.36971e-07 -4.88847e-07 -4.42678e-07 -3.99552e-07 -3.56955e-07 -3.16746e-07 -2.76423e-07 -2.36254e-07 -1.9641e-07 -1.56871e-07 -1.17474e-07 -7.82061e-08 -3.90519e-08 -3.49918e-14
-0.00010139 -8.19311e-07 -3.71287e-07 -3.39555e-07 -3.08894e-07 -2.79628e-07 -2.52334e-07 -2.25203e-07 -1.99652e-07 -1.73966e-07 -1.48434e-07 -1.23227e-07 -9.83244e-08 -7.35646e-08 -4.89328e-08 -2.44152e-08 -3.42334e-14
-9.40554e-05 -5.61084e-07 -1.59697e-07 -1.45895e-07 -1.32365e-07 -1.19679e-07 -1.07916e-07 -9.59564e-08 -8.47865e-08 -7.34585e-08 -6.22846e-08 -5.1436e-08 -4.08914e-08 -3.04898e-08 -2.02163e-08 -1.0057e-08 -2.71065e-14
-8.66235e-05 -3.42962e-07 3.87995e-08 3.57823e-08 3.32413e-08 3.03722e-08 2.75649e-08 2.52924e-08 2.29717e-08 2.08299e-08 1.8534e-08 1.59129e-08 1.29876e-08 9.91948e-09 6.72323e-09 3.4128e-09 -5.38018e-14
-7.89395e-05 -1.72669e-07 1.93771e-07 1.77622e-07 1.62534e-07 1.47521e-07 1.33339e-07 1.19955e-07 1.07101e-07 9.44434e-08 8.16313e-08 6.8494e-08 5.50525e-08 4.14681e-08 2.77557e-08 1.39291e-08 2.73171e-14
-7.10553e-05 -4.03891e-08 3.1415e-07 2.87801e-07 2.62967e-07 2.3852e-07 2.15502e-07 1.93486e-07 1.72452e-07 1.51625e-07 1.30644e-07 1.09338e-07 8.77276e-08 6.59745e-08 4.40932e-08 2.20978e-08 2.85524e-14
-6.37654e-05 2.07071e-07 5.39345e-07 4.93915e-07 4.50848e-07 4.08754e-07 3.69206e-07 3.31044e-07 2.94704e-07 2.58596e-07 2.22333e-07 1.85745e-07 1.48854e-07 1.11819e-07 7.46563e-08 3.73793e-08 -2.06014e-15
-5.64134e-05 4.43583e-07 7.54579e-07 6.9091e-07 6.30417e-07 5.71458e-07 5.1611e-07 4.62516e-07 4.11548e-07 3.60834e-07 3.09966e-07 2.58773e-07 2.07276e-07 1.55636e-07 1.03867e-07 5.19848e-08 2.22394e-14
-4.88949e-05 6.61064e-07 9.38925e-07 8.59636e-07 7.84218e-07 7.10812e-07 6.41934e-07 5.75122e-07 5.11624e-07 4.48401e-07 3.85024e-07 3.21321e-07 2.57314e-07 1.93164e-07 1.28886e-07 6.44944e-08 -8.93989e-15
-4.13846e-05 8.8992e-07 1.12235e-06 1.02542e-06 9.35341e-07 8.47741e-07 7.65567e-07 6.85767e-07 6.09959e-07 5.34443e-07 4.58774e-07 3.8278e-07 3.06481e-07 2.3004e-07 1.5347e-07 7.67862e-08 2.13911e-14
-3.38839e-05 1.11971e-06 1.32575e-06 1.18852e-06 1.08401e-06 9.82445e-07 8.87191e-07 7.94614e-07 7.06695e-07 6.19088e-07 5.31327e-07 4.4324e-07 3.54849e-07 2.66316e-07 1.77654e-07 8.88783e-08 4.27931e-16
-2.66362e-05 1.40156e-06 1.58331e-06 1.39022e-06 1.26636e-06 1.14767e-06 1.03637e-06 9.28125e-07 8.2535e-07 7.22911e-07 6.20318e-07 5.174e-07 4.14177e-07 3.10812e-07 2.07318e-07 1.0371e-07 -3.60447e-15
-1.87003e-05 1.79167e-06 1.94007e-06 1.7113e-06 1.51876e-06 1.37636e-06 1.24286e-06 1.11292e-06 9.89583e-07 8.66614e-07 7.43492e-07 6.20045e-07 4.96293e-07 3.72399e-07 2.48376e-07 1.24239e-07 1.33811e-14
-1.0149e-05 2.20125e-06 2.26666e-06 1.99643e-06 1.75725e-06 1.57546e-06 1.42262e-06 1.2738e-06 1.13256e-06 9.91721e-07 8.50726e-07 7.09406e-07 5.67782e-07 4.26016e-07 2.84121e-07 1.42112e-07 9.53809e-15
-1.52451e-06 2.5866e-06 2.61724e-06 2.2594e-06 1.99639e-06 1.75908e-06 1.58841e-06 1.42217e-06 1.26443e-06 1.10711e-06 9.49627e-07 7.91824e-07 6.33716e-07 4.75466e-07 3.17088e-07 1.58595e-07 3.92899e-15
5.98675e-06 2.93847e-06 2.93547e-06 2.5295e-06 2.21072e-06 1.9392e-06 1.73623e-06 1.55447e-06 1.382e-06 1.20998e-06 1.03781e-06 8.65307e-07 6.92503e-07 5.19556e-07 3.46481e-07 1.73292e-07 1.83852e-14
1.32284e-05 3.238e-06 3.21059e-06 2.77437e-06 2.39317e-06 2.10356e-06 1.86207e-06 1.66708e-06 1.48209e-06 1.29755e-06 1.11287e-06 9.27859e-07 7.42545e-07 5.57087e-07 3.71502e-07 1.85802e-07 -6.57061e-15
1.99369e-05 3.69574e-06 3.57608e-06 3.10759e-06 2.67318e-06 2.32373e-06 2.03684e-06 1.81668e-06 1.61504e-06 1.41389e-06 1.21259e-06 1.01096e-06 8.09023e-07 6.06946e-07 4.04741e-07 2.02422e-07 2.63931e-14
2.74702e-05 4.27602e-06 4.07922e-06 3.4856e-06 3.00971e-06 2.57106e-06 2.25751e-06 1.98474e-06 1.7644e-06 1.54458e-06 1.3246e-06 1.1043e-06 8.83701e-07 6.62955e-07 4.4208e-07 2.21091e-07 1.1244e-14
3.59602e-05 4.71752e-06 4.46589e-06 3.79612e-06 3.27343e-06 2.79821e-06 2.42794e-06 2.1126e-06 1.87803e-06 1.64401e-06 1.40983e-06 1.17533e-06 9.40519e-07 7.05568e-07 4.70489e-07 2.35296e-07 -7.35434e-14
4.45086e-05 5.14067e-06 4.82578e-06 4.12706e-06 3.51837e-06 3.01374e-06 2.58623e-06 2.24886e-06 1.98358e-06 1.73636e-06 1.48899e-06 1.24129e-06 9.93291e-07 7.45147e-07 4.96875e-07 2.48489e-07 1.63816e-14
5.29254e-05 5.59452e-06 5.22318e-06 4.48149e-06 3.78071e-06 3.25159e-06 2.75576e-06 2.39994e-06 2.09662e-06 1.83527e-06 1.57377e-06 1.31194e-06 1.04981e-06 7.87536e-07 5.25134e-07 2.62618e-07 4.42657e-14
6.08908e-05 6.17641e-06 5.69037e-06 4.90143e-06 4.16034e-06 3.53256e-06 2.9931e-06 2.5788e-06 2.22951e-06 1.95155e-06 1.67344e-06 1.395e-06 1.11626e-06 8.3737e-07 5.58357e-07 2.7923e-07 -4.12434e-13
6.88199e-05 6.80637e-06 6.20741e-06 5.31337e-06 4.5259e-06 3.80142e-06 3.22878e-06 2.74994e-06 2.36111e-06 2.06281e-06 1.76881e-06 1.47447e-06 1.17984e-06 8.85055e-07 5.90147e-07 2.95125e-07 -1.49962e-14
7.55762e-05 7.40512e-06 6.73161e-06 5.70488e-06 4.87563e-06 4.09626e-06 3.46024e-06 2.91259e-06 2.50132e-06 2.16856e-06 1.85944e-06 1.55001e-06 1.24026e-06 9.30375e-07 6.2036e-07 3.10231e-07 -1.84357e-15
8.21631e-05 7.89204e-06 7.15789e-06 6.08897e-06 5.16753e-06 4.35362e-06 3.64846e-06 3.06326e-06 2.61889e-06 2.25455e-06 1.93315e-06 1.61143e-06 1.2894e-06 9.67229e-07 6.44929e-07 3.22516e-07 3.49629e-14
8.87363e-05 8.38582e-06 7.5817e-06 6.47953e-06 5.45774e-06 4.60949e-06 3.83558e-06 3.22543e-06 2.73578e-06 2.34004e-06 2.00643e-06 1.67249e-06 1.33825e-06 1.00387e-06 6.69356e-07 3.34729e-07 1.98343e-13
9.70917e-05 9.05694e-06 8.12838e-06 6.97418e-06 5.8627e-06 4.93749e-06 4.09574e-06 3.43329e-06 2.88383e-06 2.44832e-06 2.09924e-06 1.74984e-06 1.40013e-06 1.05027e-06 7.00293e-07 3.50198e-07 -6.36905e-15
0.000106078 9.87485e-06 8.76983e-06 7.50435e-06 6.34879e-06 5.29635e-06 4.41032e-06 3.66121e-06 3.0425e-06 2.57524e-06 2.19872e-06 1.83273e-06 1.46644e-06 1.10001e-06 7.33451e-07 3.66777e-07 6.26169e-15
0.000114995 1.06845e-05 9.48041e-06 8.04141e-06 6.82996e-06 5.66258e-06 4.72171e-06 3.88682e-06 3.22257e-06 2.71042e-06 2.29718e-06 1.91479e-06 1.53209e-06 1.14924e-06 7.66273e-07 3.83188e-07 -1.44443e-13
0.000122937 1.14041e-05 1.01119e-05 8.57031e-06 7.25755e-06 6.05211e-06 5.00421e-06 4.09628e-06 3.3947e-06 2.83255e-06 2.38468e-06 1.98771e-06 1.59042e-06 1.19299e-06 7.9544e-07 3.97771e-07 -8.13311e-15
0.000130427 1.20974e-05 1.07064e-05 9.11843e-06 7.66648e-06 6.41886e-06 5.27339e-06 4.33003e-06 3.55956e-06 2.94753e-06 2.46707e-06 2.05636e-06 1.64534e-06 1.23419e-06 8.22902e-07 4.11502e-07 1.47073e-15
0.000137882 1.30473e-05 1.12528e-05 9.62209e-06 8.04709e-06 6.75586e-06 5.52074e-06 4.54482e-06 3.71374e-06 3.05319e-06 2.54277e-06 2.11944e-06 1.69581e-06 1.27204e-06 8.48136e-07 4.24119e-07 3.16025e-14
0.000145382 1.41048e-05 1.17463e-05 1.00769e-05 8.45206e-06 7.06016e-06 5.78918e-06 4.73877e-06 3.85296e-06 3.1486e-06 2.61113e-06 2.17641e-06 1.74138e-06 1.30622e-06 8.70921e-07 4.35512e-07 -1.39216e-14
0.000153645 1.48699e-05 1.21105e-05 1.04055e-05 8.75347e-06 7.28004e-06 5.98832e-06 4.88009e-06 3.95356e-06 3.22032e-06 2.66736e-06 2.21757e-06 1.77431e-06 1.33091e-06 8.87385e-07 4.43744e-07 -1.87834e-15
0.000162225 1.54987e-05 1.24557e-05 1.06754e-05 9.00099e-06 7.46561e-06 6.15186e-06 4.999e-06 4.03617e-06 3.29014e-06 2.7142e-06 2.25137e-06 1.80135e-06 1.35119e-06 9.00906e-07 4.50504e-07 3.95143e-13
0.000170444 1.5835e-05 1.26432e-05 1.08196e-05 9.13328e-06 7.56491e-06 6.23927e-06 5.06255e-06 4.08032e-06 3.32745e-06 2.73923e-06 2.26944e-06 1.81581e-06 1.36203e-06 9.08133e-07 4.54118e-07 5.00558e-14
0.000179603 1.57001e-05 1.25186e-05 1.07238e-05 9.04539e-06 7.49894e-06 6.1812e-06 5.02033e-06 4.05099e-06 3.30266e-06 2.7226e-06 2.25743e-06 1.8062e-06 1.35483e-06 9.03332e-07 4.51717e-07 2.16066e-14
0.000188775 1.55621e-05 1.23912e-05 1.06258e-05 8.95553e-06 7.43149e-06 6.12182e-06 4.97716e-06 4.021e-06 3.27732e-06 2.7056e-06 2.24516e-06 1.79639e-06 1.34747e-06 8.98423e-07 4.49263e-07 1.82449e-14
0.000197811 1.54249e-05 1.22646e-05 1.05284e-05 8.86617e-06 7.36441e-06 6.06278e-06 4.93423e-06 3.99117e-06 3.25211e-06 2.68869e-06 2.23296e-06 1.78662e-06 1.34015e-06 8.93541e-07 4.46822e-07 -5.76513e-15
0.000210423 1.43527e-05 1.14097e-05 9.7668e-06 8.16767e-06 6.85269e-06 5.60128e-06 4.60653e-06 3.75804e-06 3.08355e-06 2.56452e-06 2.13757e-06 1.71031e-06 1.28291e-06 8.55386e-07 4.27744e-07 -2.23382e-14
0.000220118 1.40148e-05 1.11495e-05 9.52687e-06 7.97513e-06 6.69215e-06 5.47398e-06 4.50421e-06 3.68459e-06 3.03322e-06 2.52846e-06 2.10752e-06 1.68627e-06 1.26488e-06 8.43365e-07 4.21734e-07 -7.58208e-13
0.000229898 1.36739e-05 1.08868e-05 9.2847e-06 7.79213e-06 6.53011e-06 5.35504e-06 4.40094e-06 3.61046e-06 2.98241e-06 2.49206e-06 2.07718e-06 1.662e-06 1.24668e-06 8.31232e-07 4.15667e-07 -2.22231e-13
0.000239726 1.3331e-05 1.06226e-05 9.04115e-06 7.60808e-06 6.36715e-06 5.23544e-06 4.29707e-06 3.53591e-06 2.93132e-06 2.45545e-06 2.04668e-06 1.6376e-06 1.22838e-06 8.1903e-07 4.09566e-07 -1.14649e-14
0.000249555 1.29878e-05 1.03583e-05 8.79746e-06 7.42439e-06 6.2041e-06 5.11576e-06 4.19315e-06 3.46186e-06 2.8802e-06 2.41883e-06 2.01616e-06 1.61318e-06 1.21007e-06 8.06821e-07 4.03462e-07 2.28229e-14
0.000258108 1.26891e-05 1.01282e-05 8.58531e-06 7.26857e-06 6.06214e-06 5.01157e-06 4.10268e-06 3.39913e-06 2.83569e-06 2.38694e-06 1.98958e-06 1.59192e-06 1.19412e-06 7.96192e-07 3.98147e-07 -9.47274e-15
0.000266009 1.24321e-05 9.9155e-06 8.38926e-06 7.12457e-06 5.93097e-06 4.9153e-06 4.02496e-06 3.34117e-06 2.79457e-06 2.35747e-06 1.96503e-06 1.57228e-06 1.17939e-06 7.86369e-07 3.93236e-07 -5.87236e-15
0.000273862 1.21977e-05 9.70405e-06 8.21133e-06 6.98139e-06 5.80053e-06 4.81971e-06 3.95782e-06 3.28353e-06 2.75367e-06 2.32817e-06 1.94061e-06 1.55275e-06 1.16474e-06 7.76602e-07 3.88352e-07 -8.24547e-14
0.000274815 1.21693e-05 9.67839e-06 8.19183e-06 6.96401e-06 5.7847e-06 4.80847e-06 3.94967e-06 3.27654e-06 2.74871e-06 2.32462e-06 1.93765e-06 1.55038e-06 1.16296e-06 7.75417e-07 3.8776e-07 2.24801e-14
0.000273993 1.18203e-05 9.35773e-06 7.9482e-06 6.74688e-06 5.59023e-06 4.66795e-06 3.84787e-06 3.18913e-06 2.68669e-06 2.28018e-06 1.90062e-06 1.52075e-06 1.14074e-06 7.60606e-07 3.80354e-07 5.73397e-15
0.00027316 1.14677e-05 9.03263e-06 7.70119e-06 6.52675e-06 5.42772e-06 4.52548e-06 3.74465e-06 3.10059e-06 2.62429e-06 2.23513e-06 1.86308e-06 1.49072e-06 1.11822e-06 7.4559e-07 3.72846e-07 -8.24259e-13
0.000271187 1.06321e-05 8.30174e-06 7.12947e-06 6.00508e-06 5.0426e-06 4.18788e-06 3.50005e-06 2.9303e-06 2.48232e-06 2.12838e-06 1.77412e-06 1.41955e-06 1.06484e-06 7.10006e-07 3.55054e-07 5.52915e-15
0.00026854 9.51143e-06 7.45903e-06 6.36649e-06 5.37374e-06 4.53544e-06 3.78142e-06 3.17849e-06 2.70195e-06 2.3153e-06 1.98522e-06 1.65482e-06 1.32411e-06 9.93264e-07 6.62286e-07 3.31194e-07 1.90145e-14
0.000265815 8.42362e-06 6.60642e-06 5.61138e-06 4.79035e-06 4.02067e-06 3.40496e-06 2.87375e-06 2.46733e-06 2.1433e-06 1.8378e-06 1.53197e-06 1.22583e-06 9.19551e-07 6.13145e-07 3.06623e-07 5.93866e-15
0.00026282 7.3944e-06 5.70164e-06 4.91182e-06 4.16955e-06 3.53934e-06 2.99903e-06 2.58311e-06 2.23271e-06 1.95435e-06 1.67584e-06 1.397e-06 1.11786e-06 8.38572e-07 5.59158e-07 2.7963e-07 1.43518e-14
0.00025966 6.32111e-06 4.90026e-06 4.1935e-06 3.56755e-06 3.05739e-06 2.618e-06 2.27639e-06 2.00477e-06 1.7549e-06 1.50488e-06 1.25453e-06 1.00388e-06 7.53092e-07 5.02172e-07 2.51137e-07 1.97275e-14
0.000256365 5.33875e-06 4.08845e-06 3.49248e-06 3.01601e-06 2.57556e-06 2.26158e-06 1.98779e-06 1.76711e-06 1.54695e-06 1.32664e-06 1.106e-06 8.85058e-07 6.63972e-07 4.42758e-07 2.2143e-07 1.5621e-14
0.000253018 4.42869e-06 3.33068e-06 2.88166e-06 2.47299e-06 2.17591e-06 1.91699e-06 1.71624e-06 1.52577e-06 1.33578e-06 1.14563e-06 9.55163e-07 7.64388e-07 5.73469e-07 3.82423e-07 1.91263e-07 1.23885e-14
0.000249553 3.53876e-06 2.67165e-06 2.30023e-06 2.0337e-06 1.78758e-06 1.61414e-06 1.4452e-06 1.28489e-06 1.12501e-06 9.64976e-07 8.04614e-07 6.43949e-07 4.8314e-07 3.22204e-07 1.61153e-07 -1.89447e-14
0.000245401 2.89927e-06 2.1237e-06 1.87989e-06 1.65425e-06 1.49407e-06 1.34914e-06 1.20803e-06 1.07411e-06 9.40579e-07 8.0689e-07 6.72877e-07 5.38559e-07 4.04098e-07 2.69509e-07 1.34806e-07 3.30451e-14
0.000240699 2.34841e-06 1.71951e-06 1.51119e-06 1.36272e-06 1.23498e-06 1.1152e-06 9.98673e-07 8.88049e-07 7.77772e-07 6.67342e-07 5.56586e-07 4.45526e-07 3.34323e-07 2.22993e-07 1.11547e-07 1.48202e-14
0.000235409 1.92555e-06 1.40234e-06 1.24814e-06 1.13834e-06 1.03167e-06 9.31633e-07 8.34389e-07 7.42044e-07 6.50018e-07 5.57838e-07 4.65333e-07 3.72524e-07 2.79572e-07 1.86491e-07 9.32968e-08 5.86793e-15
0.000229699 1.63921e-06 1.15776e-06 1.05384e-06 9.61223e-07 8.71194e-07 7.86736e-07 7.04713e-07 6.26797e-07 5.49177e-07 4.71403e-07 3.93303e-07 3.149e-07 2.36354e-07 1.57679e-07 7.88909e-08 -2.40029e-14
0.000223743 1.40118e-06 9.6649e-07 8.84889e-07 8.0722e-07 7.31656e-07 6.60747e-07 5.9196e-07 5.26589e-07 4.61494e-07 3.96246e-07 3.30673e-07 2.64796e-07 1.98776e-07 1.32627e-07 6.63649e-08 -1.05068e-14
0.000217682 1.17844e-06 7.93765e-07 7.26801e-07 6.63116e-07 6.01086e-07 5.42857e-07 4.86453e-07 4.32822e-07 3.79448e-07 3.25921e-07 2.72069e-07 2.17912e-07 1.63613e-07 1.09186e-07 5.4644e-08 6.11173e-16
0.000211561 9.68705e-07 6.31118e-07 5.77936e-07 5.27419e-07 4.78135e-07 4.31844e-07 3.87103e-07 3.44526e-07 3.02189e-07 2.59699e-07 2.16884e-07 1.73764e-07 1.30502e-07 8.71115e-08 4.3607e-08 4.89056e-14
0.000205507 7.85649e-07 4.87652e-07 4.46626e-07 4.07725e-07 3.69684e-07 3.33923e-07 2.99468e-07 2.66642e-07 2.34041e-07 2.01286e-07 1.68206e-07 1.34822e-07 1.01295e-07 6.76406e-08 3.38715e-08 1.98246e-14
0.000199479 6.23298e-07 3.57705e-07 3.2769e-07 2.9931e-07 2.71452e-07 2.4523e-07 2.20092e-07 1.96097e-07 1.72314e-07 1.48378e-07 1.24116e-07 9.955e-08 7.48413e-08 5.00044e-08 2.50534e-08 -1.56913e-14
0.000193376 4.86504e-07 2.38618e-07 2.18694e-07 1.99956e-07 1.81429e-07 1.63949e-07 1.4735e-07 1.31448e-07 1.15746e-07 9.9891e-08 8.37104e-08 6.72256e-08 5.0598e-08 3.38422e-08 1.69723e-08 -1.89341e-14
0.000187051 3.93093e-07 1.53612e-07 1.4089e-07 1.29035e-07 1.1717e-07 1.05928e-07 9.54245e-08 8.53007e-08 7.53671e-08 6.52802e-08 5.4868e-08 4.41518e-08 3.32926e-08 2.23053e-08 1.12038e-08 -6.76634e-15
0.000180592 3.22752e-07 8.95995e-08 8.23021e-08 7.56291e-08 6.87802e-08 6.22377e-08 5.63235e-08 5.05503e-08 4.49605e-08 3.92174e-08 3.3149e-08 2.67766e-08 2.02612e-08 1.36177e-08 6.86004e-09 -2.90613e-15
0.000174043 2.69608e-07 4.12369e-08 3.80375e-08 3.528e-08 3.22211e-08 2.92285e-08 2.67819e-08 2.42957e-08 2.19877e-08 1.95264e-08 1.67399e-08 1.36492e-08 1.04157e-08 7.05404e-09 3.57822e-09 1.38429e-14
0.000166112 2.34602e-07 9.38027e-09 8.88022e-09 8.702e-09 8.1394e-09 7.48519e-09 7.32272e-09 7.00159e-09 6.85539e-09 6.55585e-09 5.93109e-09 5.0022e-09 3.93041e-09 2.73052e-09 1.41645e-09 8.23994e-16
0.000158339 1.98879e-08 -1.86015e-07 -1.69959e-07 -1.54317e-07 -1.39568e-07 -1.2588e-07 -1.12032e-07 -9.90732e-08 -8.59601e-08 -7.30002e-08 -6.03656e-08 -4.80352e-08 -3.58476e-08 -2.37882e-08 -1.18429e-08 2.11976e-14
0.000150691 -2.18669e-07 -4.03109e-07 -3.68657e-07 -3.35439e-07 -3.03677e-07 -2.74054e-07 -2.44641e-07 -2.16927e-07 -1.89082e-07 -1.61391e-07 -1.34024e-07 -1.06962e-07 -8.00429e-08 -5.32517e-08 -2.65746e-08 2.43784e-14
0.000144007 -4.2698e-07 -5.92678e-07 -5.42163e-07 -4.93597e-07 -4.4698e-07 -4.03442e-07 -3.60436e-07 -3.19839e-07 -2.7913e-07 -2.38574e-07 -1.98344e-07 -1.58418e-07 -1.18635e-07 -7.89796e-08 -3.94386e-08 3.01139e-14
0.000137919 -6.13793e-07 -7.62683e-07 -6.97763e-07 -6.35432e-07 -5.75493e-07 -5.19477e-07 -4.64281e-07 -4.1213e-07 -3.59885e-07 -3.07793e-07 -2.56026e-07 -2.04563e-07 -1.53244e-07 -1.02052e-07 -5.09749e-08 -1.13592e-14
0.000131732 -7.97878e-07 -9.13201e-07 -8.35527e-07 -7.6101e-07 -6.89276e-07 -6.22211e-07 -5.56223e-07 -4.93842e-07 -4.31382e-07 -3.69077e-07 -3.07096e-07 -2.45419e-07 -1.83886e-07 -1.2248e-07 -6.11889e-08 1.41289e-14
0.000123775 -1.02877e-06 -1.09502e-06 -1.00194e-06 -9.12699e-07 -8.26718e-07 -7.46307e-07 -6.67283e-07 -5.92544e-07 -5.17747e-07 -4.43104e-07 -3.68785e-07 -2.94771e-07 -2.20899e-07 -1.47156e-07 -7.35268e-08 -4.79237e-14
0.000114652 -1.28074e-06 -1.31002e-06 -1.18068e-06 -1.07563e-06 -9.74349e-07 -8.79603e-07 -7.86577e-07 -6.98565e-07 -6.10515e-07 -5.22619e-07 -4.35048e-07 -3.47781e-07 -2.60657e-07 -1.73661e-07 -8.67793e-08 1.15192e-14
0.000105304 -1.48284e-06 -1.49258e-06 -1.32405e-06 -1.20632e-06 -1.09276e-06 -9.86517e-07 -8.82259e-07 -7.83601e-07 -6.84922e-07 -5.86396e-07 -4.88196e-07 -3.90299e-07 -2.92546e-07 -1.9492e-07 -9.74089e-08 -5.41234e-15
9.68661e-05 -1.66102e-06 -1.6555e-06 -1.45505e-06 -1.32154e-06 -1.19716e-06 -1.08078e-06 -9.66616e-07 -8.58572e-07 -7.50522e-07 -6.42624e-07 -5.35052e-07 -4.27785e-07 -3.2066e-07 -2.13663e-07 -1.0678e-07 1.87368e-14
8.89125e-05 -1.79783e-06 -1.78059e-06 -1.56612e-06 -1.41001e-06 -1.27732e-06 -1.15315e-06 -1.03139e-06 -9.16138e-07 -8.00891e-07 -6.85799e-07 -5.71031e-07 -4.56567e-07 -3.42247e-07 -2.28054e-07 -1.13976e-07 9.22286e-16
8.07472e-05 -1.89062e-06 -1.86544e-06 -1.64217e-06 -1.47001e-06 -1.33168e-06 -1.20224e-06 -1.07532e-06 -9.5518e-07 -8.35054e-07 -7.1508e-07 -5.95432e-07 -4.76089e-07 -3.56888e-07 -2.37815e-07 -1.18856e-07 -2.82858e-15
7.3152e-05 -2.1248e-06 -2.04418e-06 -1.80626e-06 -1.59642e-06 -1.44622e-06 -1.30565e-06 -1.16787e-06 -1.03743e-06 -9.07026e-07 -7.76771e-07 -6.46841e-07 -5.17216e-07 -3.87733e-07 -2.58378e-07 -1.29138e-07 1.57792e-14
6.54752e-05 -2.33486e-06 -2.20165e-06 -1.95082e-06 -1.71705e-06 -1.54712e-06 -1.39676e-06 -1.2494e-06 -1.1099e-06 -9.7043e-07 -8.31117e-07 -6.9213e-07 -5.53447e-07 -4.14906e-07 -2.76494e-07 -1.38196e-07 6.32073e-15
5.7828e-05 -2.54415e-06 -2.39017e-06 -2.09483e-06 -1.84493e-06 -1.64765e-06 -1.48753e-06 -1.33064e-06 -1.18209e-06 -1.0336e-06 -8.85263e-07 -7.37251e-07 -5.89544e-07 -4.41979e-07 -2.94542e-07 -1.4722e-07 5.60846e-14
5.00781e-05 -2.75999e-06 -2.58283e-06 -2.23931e-06 -1.97699e-06 -1.7485e-06 -1.57858e-06 -1.41213e-06 -1.25451e-06 -1.09697e-06 -9.3958e-07 -7.82516e-07 -6.25755e-07 -4.69138e-07 -3.12648e-07 -1.56273e-07 2.16084e-14
4.22488e-05 -2.97609e-06 -2.77473e-06 -2.38626e-06 -2.10853e-06 -1.84995e-06 -1.66927e-06 -1.49329e-06 -1.32665e-06 -1.16009e-06 -9.93682e-07 -8.276e-07 -6.61823e-07 -4.96188e-07 -3.30682e-07 -1.6529e-07 6.04102e-15
3.44562e-05 -3.18951e-06 -2.9699e-06 -2.56069e-06 -2.23844e-06 -1.96397e-06 -1.75885e-06 -1.57345e-06 -1.39789e-06 -1.22243e-06 -1.04711e-06 -8.72126e-07 -6.97444e-07 -5.22904e-07 -3.48493e-07 -1.74195e-07 2.23159e-14
2.58097e-05 -3.42831e-06 -3.18917e-06 -2.75585e-06 -2.38379e-06 -2.0945e-06 -1.85907e-06 -1.66315e-06 -1.4776e-06 -1.29217e-06 -1.1069e-06 -9.21947e-07 -7.37301e-07 -5.52797e-07 -3.68421e-07 -1.84159e-07 -1.68986e-13
1.66357e-05 -3.72988e-06 -3.43199e-06 -2.97445e-06 -2.55504e-06 -2.24071e-06 -1.97005e-06 -1.76247e-06 -1.56588e-06 -1.36941e-06 -1.1731e-06 -9.77117e-07 -7.81436e-07 -5.85899e-07 -3.90489e-07 -1.95193e-07 6.60783e-15
7.97917e-06 -4.16794e-06 -3.78876e-06 -3.27438e-06 -2.82074e-06 -2.43686e-06 -2.13674e-06 -1.89572e-06 -1.6843e-06 -1.47303e-06 -1.26192e-06 -1.05113e-06 -8.40647e-07 -6.30306e-07 -4.20094e-07 -2.09996e-07 -2.79331e-14
-6.73542e-07 -4.58313e-06 -4.17101e-06 -3.55865e-06 -3.07551e-06 -2.62416e-06 -2.30456e-06 -2.022e-06 -1.79653e-06 -1.57124e-06 -1.3461e-06 -1.12128e-06 -8.96765e-07 -6.72395e-07 -4.48153e-07 -2.24025e-07 3.22925e-13
-9.55411e-06 -4.93153e-06 -4.4881e-06 -3.81449e-06 -3.29172e-06 -2.81438e-06 -2.44423e-06 -2.12677e-06 -1.88964e-06 -1.6527e-06 -1.41592e-06 -1.17947e-06 -9.43318e-07 -7.0731e-07 -4.71429e-07 -2.35664e-07 7.29214e-15
-1.8525e-05 -5.24752e-06 -4.76968e-06 -4.07392e-06 -3.48371e-06 -2.9833e-06 -2.56826e-06 -2.23262e-06 -1.97232e-06 -1.72505e-06 -1.47793e-06 -1.23114e-06 -9.84657e-07 -7.38314e-07 -4.92099e-07 -2.45998e-07 -4.37992e-13
-2.77717e-05 -5.52264e-06 -5.02087e-06 -4.2998e-06 -3.65087e-06 -3.13239e-06 -2.67625e-06 -2.3269e-06 -2.0443e-06 -1.78804e-06 -1.53192e-06 -1.27613e-06 -1.02065e-06 -7.65309e-07 -5.10096e-07 -2.54997e-07 -4.87674e-15
-3.69782e-05 -5.80269e-06 -5.2787e-06 -4.52972e-06 -3.82114e-06 -3.28739e-06 -2.78617e-06 -2.42554e-06 -2.11758e-06 -1.85215e-06 -1.58688e-06 -1.32193e-06 -1.05729e-06 -7.92787e-07 -5.28414e-07 -2.64156e-07 6.17957e-15
-4.57518e-05 -6.2089e-06 -5.60801e-06 -4.82338e-06 -4.09035e-06 -3.48537e-06 -2.95148e-06 -2.55152e-06 -2.21117e-06 -1.93404e-06 -1.65707e-06 -1.38042e-06 -1.10408e-06 -8.27882e-07 -5.51811e-07 -2.75854e-07 -3.01621e-14
-5.41376e-05 -6.73602e-06 -6.03352e-06 -5.18581e-06 -4.41198e-06 -3.7219e-06 -3.15835e-06 -2.70203e-06 -2.32298e-06 -2.03188e-06 -1.74093e-06 -1.45031e-06 -1.15999e-06 -8.69811e-07 -5.79764e-07 -2.89831e-07 -5.34804e-15
-6.24698e-05 -7.27181e-06 -6.51507e-06 -5.54541e-06 -4.73105e-06 -3.96572e-06 -3.36791e-06 -2.85134e-06 -2.44704e-06 -2.12893e-06 -1.82412e-06 -1.51963e-06 -1.21545e-06 -9.11407e-07 -6.07495e-07 -3.03696e-07 1.17839e-14
-7.07158e-05 -7.81926e-06 -6.99403e-06 -5.93577e-06 -5.05573e-06 -4.2548e-06 -3.57926e-06 -3.00262e-06 -2.57703e-06 -2.22547e-06 -1.90686e-06 -1.58859e-06 -1.27061e-06 -9.5278e-07 -6.35076e-07 -3.17487e-07 2.4175e-14
-7.89753e-05 -8.35449e-06 -7.45455e-06 -6.36009e-06 -5.37099e-06 -4.53274e-06 -3.78248e-06 -3.17872e-06 -2.70393e-06 -2.31829e-06 -1.98642e-06 -1.65488e-06 -1.32365e-06 -9.92559e-07 -6.61596e-07 -3.30746e-07 -1.09348e-12
-8.72277e-05 -8.90834e-06 -7.91734e-06 -6.78351e-06 -5.68571e-06 -4.81009e-06 -3.98526e-06 -3.35444e-06 -2.83057e-06 -2.41091e-06 -2.06581e-06 -1.72104e-06 -1.37658e-06 -1.03225e-06 -6.88059e-07 -3.43978e-07 -3.6976e-15
-9.53354e-05 -9.54985e-06 -8.3813e-06 -7.19906e-06 -6.06668e-06 -5.09043e-06 -4.22891e-06 -3.53202e-06 -2.95485e-06 -2.50181e-06 -2.14373e-06 -1.78597e-06 -1.42852e-06 -1.07121e-06 -7.1403e-07 -3.56964e-07 2.77049e-13
-0.000102787 -1.0099e-05 -8.83425e-06 -7.55474e-06 -6.39276e-06 -5.33114e-06 -4.43987e-06 -3.68485e-06 -3.06122e-06 -2.59038e-06 -2.21041e-06 -1.84154e-06 -1.47298e-06 -1.10455e-06 -7.36259e-07 -3.68078e-07 1.23204e-14
-0.000109607 -1.05903e-05 -9.26527e-06 -7.88013e-06 -6.68455e-06 -5.54654e-06 -4.62864e-06 -3.8216e-06 -3.16548e-06 -2.67142e-06 -2.27009e-06 -1.89127e-06 -1.51276e-06 -1.13439e-06 -7.56151e-07 -3.78024e-07 1.09965e-13
-0.000116398 -1.10794e-05 -9.6942e-06 -8.206e-06 -6.97494e-06 -5.79333e-06 -4.81651e-06 -3.9577e-06 -3.28231e-06 -2.75431e-06 -2.32948e-06 -1.94076e-06 -1.55235e-06 -1.16409e-06 -7.75947e-07 -3.87923e-07 5.93123e-13
-0.000123089 -1.1561e-05 -1.01166e-05 -8.57211e-06 -7.26092e-06 -6.05383e-06 -5.00677e-06 -4.09761e-06 -3.39736e-06 -2.83594e-06 -2.38797e-06 -1.9895e-06 -1.59135e-06 -1.19333e-06 -7.95443e-07 -3.97671e-07 6.36467e-13
-0.000129706 -1.20493e-05 -1.0533e-05 -8.95593e-06 -7.54517e-06 -6.31061e-06 -5.19519e-06 -4.26121e-06 -3.51137e-06 -2.91641e-06 -2.44562e-06 -2.03755e-06 -1.62978e-06 -1.22216e-06 -8.1466e-07 -4.07279e-07 4.07569e-14
-0.000136356 -1.26524e-05 -1.09132e-05 -9.30637e-06 -7.80997e-06 -6.54506e-06 -5.36722e-06 -4.41059e-06 -3.61858e-06 -2.98987e-06 -2.49825e-06 -2.08141e-06 -1.66487e-06 -1.24847e-06 -8.32206e-07 -4.16052e-07 3.98721e-14
-0.000143755 -1.35014e-05 -1.13286e-05 -9.6893e-06 -8.09932e-06 -6.80124e-06 -5.55521e-06 -4.57381e-06 -3.73572e-06 -3.07015e-06 -2.55577e-06 -2.12934e-06 -1.70321e-06 -1.27723e-06 -8.51378e-07 -4.25638e-07 3.00021e-14
-0.000151765 -1.44524e-05 -1.17758e-05 -1.01015e-05 -8.47171e-06 -7.077e-06 -5.80198e-06 -4.74951e-06 -3.86181e-06 -3.15656e-06 -2.61768e-06 -2.18093e-06 -1.74449e-06 -1.30819e-06 -8.72015e-07 -4.35957e-07 5.12566e-13
-0.000160525 -1.51199e-05 -1.20962e-05 -1.03905e-05 -8.73671e-06 -7.27032e-06 -5.97702e-06 -4.87315e-06 -3.95021e-06 -3.21714e-06 -2.66626e-06 -2.2171e-06 -1.77342e-06 -1.32989e-06 -8.86483e-07 -4.4319e-07 6.562e-14
-0.000167917 -1.55666e-05 -1.23324e-05 -1.05837e-05 -8.91393e-06 -7.4023e-06 -6.09408e-06 -4.95825e-06 -4.00932e-06 -3.26683e-06 -2.69977e-06 -2.24129e-06 -1.79277e-06 -1.3444e-06 -8.96158e-07 -4.48028e-07 8.9757e-15
-0.000175536 -1.54116e-05 -1.21893e-05 -1.04737e-05 -8.81301e-06 -7.32655e-06 -6.02741e-06 -4.90978e-06 -3.97566e-06 -3.23838e-06 -2.68069e-06 -2.22752e-06 -1.78176e-06 -1.33614e-06 -8.90648e-07 -4.45273e-07 -3.1547e-14
-0.000183745 -1.51e-05 -1.19432e-05 -1.02525e-05 -8.61017e-06 -7.178e-06 -5.89344e-06 -4.81387e-06 -3.908e-06 -3.18821e-06 -2.64233e-06 -2.19983e-06 -1.75961e-06 -1.31953e-06 -8.79574e-07 -4.39736e-07 2.65762e-13
-0.000190027 -1.48616e-05 -1.17559e-05 -1.00832e-05 -8.45489e-06 -7.06473e-06 -5.79088e-06 -4.7417e-06 -3.8562e-06 -3.15272e-06 -2.61493e-06 -2.17864e-06 -1.74265e-06 -1.30681e-06 -8.71097e-07 -4.35498e-07 1.86865e-13
-0.00019465 -1.4686e-05 -1.16207e-05 -9.95854e-06 -8.3406e-06 -6.98136e-06 -5.71539e-06 -4.68858e-06 -3.81808e-06 -3.12659e-06 -2.59621e-06 -2.16304e-06 -1.73017e-06 -1.29745e-06 -8.64858e-07 -4.32378e-07 2.17553e-14
-0.000199273 -1.45105e-05 -1.14855e-05 -9.83389e-06 -8.22629e-06 -6.89797e-06 -5.63988e-06 -4.63544e-06 -3.77995e-06 -3.10046e-06 -2.57749e-06 -2.14744e-06 -1.71769e-06 -1.28809e-06 -8.58617e-07 -4.29257e-07 2.17999e-14
-0.000204244 -1.43217e-05 -1.13401e-05 -9.69983e-06 -8.10728e-06 -6.80829e-06 -5.56038e-06 -4.5783e-06 -3.73894e-06 -3.07236e-06 -2.55735e-06 -2.13066e-06 -1.70427e-06 -1.27802e-06 -8.51905e-07 -4.25901e-07 4.19567e-13
-0.000209498 -1.41221e-05 -1.11863e-05 -9.55814e-06 -8.00021e-06 -6.71349e-06 -5.49082e-06 -4.5179e-06 -3.69559e-06 -3.04265e-06 -2.53607e-06 -2.11292e-06 -1.69008e-06 -1.26738e-06 -8.44811e-07 -4.22354e-07 2.30994e-14
-0.000214751 -1.39225e-05 -1.10326e-05 -9.41641e-06 -7.89312e-06 -6.61868e-06 -5.42125e-06 -4.45749e-06 -3.65224e-06 -3.01294e-06 -2.51478e-06 -2.09518e-06 -1.67589e-06 -1.25674e-06 -8.37715e-07 -4.18806e-07 1.62412e-14
-0.000217481 -1.38187e-05 -1.09527e-05 -9.34278e-06 -7.83748e-06 -6.56942e-06 -5.3851e-06 -4.42611e-06 -3.62971e-06 -2.9975e-06 -2.50372e-06 -2.08597e-06 -1.66852e-06 -1.25121e-06 -8.34029e-07 -4.16963e-07 1.6449e-14
-0.000217935 -1.38015e-05 -1.09394e-05 -9.33051e-06 -7.82821e-06 -6.56121e-06 -5.37908e-06 -4.42088e-06 -3.62596e-06 -2.99493e-06 -2.50188e-06 -2.08443e-06 -1.66729e-06 -1.25029e-06 -8.33414e-07 -4.16656e-07 -2.79227e-13
-0.00021839 -1.37842e-05 -1.09261e-05 -9.31825e-06 -7.81894e-06 -6.553e-06 -5.37306e-06 -4.41565e-06 -3.62221e-06 -2.99236e-06 -2.50004e-06 -2.0829e-06 -1.66606e-06 -1.24937e-06 -8.328e-07 -4.16349e-07 -5.19188e-13
-0.000217542 -1.33373e-05 -1.05819e-05 -9.00097e-06 -7.5792e-06 -6.34074e-06 -5.2173e-06 -4.28041e-06 -3.52515e-06 -2.92585e-06 -2.45238e-06 -2.04318e-06 -1.63429e-06 -1.22554e-06 -8.16915e-07 -4.08406e-07 1.40873e-14
-0.000215777 -1.24319e-05 -9.86594e-06 -8.34101e-06 -7.0912e-06 -5.89923e-06 -4.89333e-06 -4.01219e-06 -3.32908e-06 -2.78749e-06 -2.35326e-06 -1.96058e-06 -1.56821e-06 -1.17598e-06 -7.83873e-07 -3.91885e-07 6.04826e-15
-0.000213913 -1.16049e-05 -9.10943e-06 -7.76173e-06 -6.57905e-06 -5.46866e-06 -4.56039e-06 -3.77216e-06 -3.12304e-06 -2.64171e-06 -2.24851e-06 -1.87329e-06 -1.49838e-06 -1.1236e-06 -7.48959e-07 -3.74428e-07 4.16508e-15
-0.000211791 -1.06702e-05 -8.29511e-06 -7.12186e-06 -5.9959e-06 -5.03819e-06 -4.18312e-06 -3.49885e-06 -2.93176e-06 -2.48492e-06 -2.12925e-06 -1.77391e-06 -1.41887e-06 -1.06397e-06 -7.09205e-07 -3.54551e-07 -1.41429e-14
-0.00020939 -9.6131e-06 -7.50053e-06 -6.40246e-06 -5.40247e-06 -4.56049e-06 -3.80277e-06 -3.1963e-06 -2.7166e-06 -2.32755e-06 -1.99437e-06 -1.6615e-06 -1.32895e-06 -9.96531e-07 -6.64244e-07 -3.32071e-07 -6.42346e-15
-0.00020693 -8.56956e-06 -6.7005e-06 -5.68388e-06 -4.85478e-06 -4.07764e-06 -3.44974e-06 -2.90884e-06 -2.49636e-06 -2.16631e-06 -1.85615e-06 -1.54633e-06 -1.2368e-06 -9.27424e-07 -6.18173e-07 -3.09035e-07 8.48201e-15
-0.000203828 -7.45779e-06 -5.72429e-06 -4.93047e-06 -4.18541e-06 -3.55527e-06 -3.01262e-06 -2.596e-06 -2.24421e-06 -1.96296e-06 -1.68185e-06 -1.40108e-06 -1.1206e-06 -8.40274e-07 -5.60073e-07 -2.79985e-07 -1.7555e-14
-0.000200114 -6.14601e-06 -4.74804e-06 -4.05399e-06 -3.46896e-06 -2.97032e-06 -2.55873e-06 -2.22437e-06 -1.96596e-06 -1.71949e-06 -1.47317e-06 -1.22717e-06 -9.8148e-07 -7.35931e-07 -4.9051e-07 -2.45204e-07 -5.21298e-15
-0.000196182 -4.9812e-06 -3.74478e-06 -3.24168e-06 -2.79177e-06 -2.41547e-06 -2.11804e-06 -1.88119e-06 -1.67138e-06 -1.46173e-06 -1.25223e-06 -1.04306e-06 -8.3419e-07 -6.25464e-07 -4.16866e-07 -2.08382e-07 1.63424e-14
-0.000191679 -3.91916e-06 -2.93688e-06 -2.53131e-06 -2.21656e-06 -1.94476e-06 -1.74376e-06 -1.55995e-06 -1.38589e-06 -1.21192e-06 -1.03811e-06 -8.64625e-07 -6.91443e-07 -5.18403e-07 -3.45492e-07 -1.72695e-07 4.99696e-14
-0.000186195 -3.13602e-06 -2.30345e-06 -2.02982e-06 -1.78686e-06 -1.60226e-06 -1.44655e-06 -1.29396e-06 -1.1495e-06 -1.00508e-06 -8.60817e-07 -7.16879e-07 -5.73246e-07 -4.29756e-07 -2.86394e-07 -1.43146e-07 4.27114e-14
-0.000180149 -2.51331e-06 -1.83464e-06 -1.61412e-06 -1.44824e-06 -1.31195e-06 -1.18443e-06 -1.05938e-06 -9.4101e-07 -8.22654e-07 -7.04452e-07 -5.86576e-07 -4.69003e-07 -3.51574e-07 -2.34272e-07 -1.17085e-07 -8.05516e-15
-0.000173407 -2.06206e-06 -1.49638e-06 -1.32701e-06 -1.20902e-06 -1.0952e-06 -9.88722e-07 -8.84228e-07 -7.8535e-07 -6.86452e-07 -5.87708e-07 -4.89289e-07 -3.91174e-07 -2.93201e-07 -1.95357e-07 -9.76275e-08 3.33895e-14
-0.000166289 -1.72744e-06 -1.22191e-06 -1.11006e-06 -1.01126e-06 -9.16015e-07 -8.26938e-07 -7.3944e-07 -6.56672e-07 -5.73859e-07 -4.91199e-07 -4.08865e-07 -3.26834e-07 -2.44947e-07 -1.63188e-07 -8.15427e-08 1.63856e-14
-0.00015904 -1.44001e-06 -9.90361e-07 -9.06156e-07 -8.25391e-07 -7.47605e-07 -6.74881e-07 -6.03357e-07 -5.3573e-07 -4.68034e-07 -4.00492e-07 -3.33276e-07 -2.66363e-07 -1.99594e-07 -1.32952e-07 -6.64249e-08 -1.04169e-14
-0.000151714 -1.16434e-06 -7.76702e-07 -7.10602e-07 -6.47135e-07 -5.86093e-07 -5.29051e-07 -4.72846e-07 -4.19741e-07 -3.66544e-07 -3.13501e-07 -2.60783e-07 -2.08369e-07 -1.56098e-07 -1.03955e-07 -5.19263e-08 2.46764e-14
-0.000144324 -8.9902e-07 -5.70899e-07 -5.22237e-07 -4.75433e-07 -4.30518e-07 -3.88583e-07 -3.47134e-07 -3.08016e-07 -2.68785e-07 -2.29707e-07 -1.90955e-07 -1.52506e-07 -1.14201e-07 -7.60237e-08 -3.79606e-08 2.77665e-14
-0.000136871 -6.53823e-07 -3.74724e-07 -3.42685e-07 -3.11763e-07 -2.82221e-07 -2.54686e-07 -2.27303e-07 -2.01518e-07 -1.75599e-07 -1.49833e-07 -1.24393e-07 -9.92573e-08 -7.42642e-08 -4.93992e-08 -2.46484e-08 2.63597e-14
-0.000129358 -4.49141e-07 -1.90352e-07 -1.73935e-07 -1.57941e-07 -1.42847e-07 -1.28845e-07 -1.14682e-07 -1.01428e-07 -8.80199e-08 -7.47657e-08 -6.18369e-08 -4.92121e-08 -3.67303e-08 -2.43766e-08 -1.21371e-08 -4.54675e-15
-0.000121537 -3.10985e-07 -6.46253e-08 -5.88624e-08 -5.30475e-08 -4.7806e-08 -4.30325e-08 -3.78842e-08 -3.31744e-08 -2.82983e-08 -2.35758e-08 -1.91786e-08 -1.50856e-08 -1.11354e-08 -7.31335e-09 -3.60547e-09 2.1803e-14
-0.000113647 -1.8596e-07 4.91512e-08 4.52733e-08 4.18764e-08 3.82021e-08 3.46241e-08 3.16146e-08 2.85917e-08 2.5747e-08 2.27487e-08 1.94252e-08 1.57975e-08 1.20269e-08 8.12816e-09 4.11528e-09 2.10702e-14
-0.000106284 4.212e-08 2.5671e-07 2.35245e-07 2.15043e-07 1.95104e-07 1.76291e-07 1.58399e-07 1.4127e-07 1.2434e-07 1.07257e-07 8.98488e-08 7.21364e-08 5.42811e-08 3.62976e-08 1.82e-08 2.50951e-14
-9.88814e-05 2.6618e-07 4.60611e-07 4.21868e-07 3.85158e-07 3.49241e-07 3.15461e-07 2.82949e-07 2.51962e-07 2.21196e-07 1.90276e-07 1.59031e-07 1.27482e-07 9.57906e-08 6.39706e-08 3.20365e-08 3.1008e-14
-9.12911e-05 4.54544e-07 6.32028e-07 5.7876e-07 5.28172e-07 4.78821e-07 4.32459e-07 3.87657e-07 3.45019e-07 3.02621e-07 2.60069e-07 2.17192e-07 1.74011e-07 1.30687e-07 8.7235e-08 4.36687e-08 -1.0089e-14
-8.3647e-05 6.4316e-07 7.9537e-07 7.28261e-07 6.64448e-07 6.02298e-07 5.43946e-07 4.87432e-07 4.33692e-07 3.8021e-07 3.26574e-07 2.72613e-07 2.18348e-07 1.6394e-07 1.09403e-07 5.47529e-08 -1.02527e-14
-7.59813e-05 8.43522e-07 9.55637e-07 8.74948e-07 7.98159e-07 7.2345e-07 6.53334e-07 5.85329e-07 5.20697e-07 4.56339e-07 3.91828e-07 3.26991e-07 2.6185e-07 1.96566e-07 1.31154e-07 6.56284e-08 -1.1785e-14
-6.81766e-05 1.0189e-06 1.09164e-06 9.99429e-07 9.11628e-07 8.26261e-07 7.46162e-07 6.68405e-07 5.9453e-07 5.20943e-07 4.47203e-07 3.73137e-07 2.98767e-07 2.24254e-07 1.49613e-07 7.48576e-08 -7.52039e-16
-6.03162e-05 1.17619e-06 1.22913e-06 1.11106e-06 1.01339e-06 9.18464e-07 8.29412e-07 7.42909e-07 6.60745e-07 5.78881e-07 4.96863e-07 4.14521e-07 3.31874e-07 2.49084e-07 1.66166e-07 8.31344e-08 -1.35743e-15
-5.24582e-05 1.32983e-06 1.36623e-06 1.22011e-06 1.11279e-06 1.00853e-06 9.10732e-07 8.15687e-07 7.25425e-07 6.35476e-07 5.45373e-07 4.54946e-07 3.64214e-07 2.73339e-07 1.82336e-07 9.12194e-08 -9.21814e-15
-4.45949e-05 1.48177e-06 1.50519e-06 1.32796e-06 1.2111e-06 1.0976e-06 9.91155e-07 8.87661e-07 7.89391e-07 6.91446e-07 5.93348e-07 4.94925e-07 3.96197e-07 2.97326e-07 1.98328e-07 9.92151e-08 -1.55807e-14
-3.67332e-05 1.6323e-06 1.64285e-06 1.4431e-06 1.30848e-06 1.18584e-06 1.07083e-06 9.58963e-07 8.52759e-07 7.46893e-07 6.40874e-07 5.3453e-07 4.27881e-07 3.21089e-07 2.1417e-07 1.07136e-07 3.27281e-16
-2.90925e-05 1.82701e-06 1.82092e-06 1.60193e-06 1.43446e-06 1.29999e-06 1.17389e-06 1.0512e-06 9.34732e-07 8.18619e-07 7.02354e-07 5.85763e-07 4.68867e-07 3.51829e-07 2.34663e-07 1.17383e-07 -4.76027e-15
-2.14485e-05 2.05033e-06 1.99183e-06 1.75883e-06 1.55538e-06 1.40954e-06 1.27281e-06 1.13973e-06 1.01341e-06 8.87463e-07 7.61362e-07 6.34936e-07 5.08206e-07 3.81334e-07 2.54333e-07 1.27217e-07 1.34522e-14
-1.29659e-05 2.26074e-06 2.14965e-06 1.90371e-06 1.67529e-06 1.51071e-06 1.36415e-06 1.22147e-06 1.08606e-06 9.51032e-07 8.1585e-07 6.80343e-07 5.44532e-07 4.08578e-07 2.72495e-07 1.36299e-07 1.23989e-14
-3.67363e-06 2.48756e-06 2.35124e-06 2.05988e-06 1.81399e-06 1.61976e-06 1.46261e-06 1.30959e-06 1.16438e-06 1.01956e-06 8.74587e-07 7.2929e-07 5.83689e-07 4.37946e-07 2.92074e-07 1.46088e-07 2.67177e-16
5.61865e-06 2.71758e-06 2.55652e-06 2.21386e-06 1.95475e-06 1.72728e-06 1.55969e-06 1.39647e-06 1.24159e-06 1.08712e-06 9.32496e-07 7.77548e-07 6.22296e-07 4.66901e-07 3.11377e-07 1.5574e-07 2.53657e-15
1.49327e-05 2.94636e-06 2.75974e-06 2.37298e-06 2.0941e-06 1.83684e-06 1.6558e-06 1.48248e-06 1.31803e-06 1.15401e-06 9.89828e-07 8.25325e-07 6.60517e-07 4.95567e-07 3.30488e-07 1.65295e-07 4.31872e-15
2.42409e-05 3.17254e-06 2.96738e-06 2.55789e-06 2.23187e-06 1.95777e-06 1.75082e-06 1.56752e-06 1.39361e-06 1.22014e-06 1.04651e-06 8.72561e-07 6.98306e-07 5.23908e-07 3.49382e-07 1.74742e-07 -1.23581e-15
3.35634e-05 3.39482e-06 3.17155e-06 2.73962e-06 2.36727e-06 2.08004e-06 1.8442e-06 1.65109e-06 1.46788e-06 1.28513e-06 1.10222e-06 9.18981e-07 7.35442e-07 5.5176e-07 3.6795e-07 1.84026e-07 -4.14166e-15
4.29426e-05 3.62146e-06 3.35563e-06 2.90461e-06 2.49333e-06 2.19094e-06 1.9284e-06 1.72645e-06 1.53485e-06 1.34372e-06 1.15244e-06 9.60836e-07 7.68926e-07 5.76873e-07 3.84692e-07 1.92397e-07 3.68659e-15
5.19243e-05 3.954e-06 3.60439e-06 3.13242e-06 2.69517e-06 2.33998e-06 2.05104e-06 1.82772e-06 1.62486e-06 1.42248e-06 1.21995e-06 1.01709e-06 8.13929e-07 6.10626e-07 4.07194e-07 2.03648e-07 6.91664e-14
6.0791e-05 4.30172e-06 3.92465e-06 3.37063e-06 2.90622e-06 2.49584e-06 2.18938e-06 1.93362e-06 1.71897e-06 1.50483e-06 1.29054e-06 1.07591e-06 8.60989e-07 6.4592e-07 4.30724e-07 2.15413e-07 2.73251e-13
6.96601e-05 4.64467e-06 4.24052e-06 3.60557e-06 3.1197e-06 2.66296e-06 2.32859e-06 2.03807e-06 1.8118e-06 1.58605e-06 1.36016e-06 1.13393e-06 9.07402e-07 6.8073e-07 4.5393e-07 2.27016e-07 -5.30328e-15
7.88426e-05 4.90606e-06 4.47676e-06 3.80612e-06 3.28082e-06 2.80473e-06 2.43272e-06 2.11619e-06 1.88123e-06 1.6468e-06 1.41223e-06 1.17732e-06 9.42116e-07 7.06765e-07 4.71287e-07 2.35695e-07 -7.11127e-14
8.8338e-05 5.09116e-06 4.64177e-06 3.95817e-06 3.39337e-06 2.90376e-06 2.50545e-06 2.1789e-06 1.92972e-06 1.68924e-06 1.4486e-06 1.20763e-06 9.66362e-07 7.2495e-07 4.83411e-07 2.41757e-07 -6.87032e-13
9.68655e-05 5.33401e-06 4.8601e-06 4.15765e-06 3.54102e-06 3.03367e-06 2.60086e-06 2.26154e-06 1.99334e-06 1.7449e-06 1.49631e-06 1.24739e-06 9.98173e-07 7.48808e-07 4.99316e-07 2.49709e-07 1.33631e-14
0.000104516 5.56491e-06 5.07277e-06 4.34733e-06 3.68141e-06 3.16113e-06 2.69159e-06 2.34236e-06 2.05384e-06 1.79784e-06 1.54168e-06 1.2852e-06 1.02842e-06 7.71493e-07 5.14439e-07 2.57271e-07 1.13231e-14
0.000112164 5.79462e-06 5.28434e-06 4.53602e-06 3.82829e-06 3.28837e-06 2.78184e-06 2.42336e-06 2.11401e-06 1.85049e-06 1.58682e-06 1.32281e-06 1.05851e-06 7.94061e-07 5.29484e-07 2.64793e-07 -5.78964e-13
0.000121505 6.16603e-06 5.58203e-06 4.80157e-06 4.07172e-06 3.4674e-06 2.93608e-06 2.53732e-06 2.19869e-06 1.92458e-06 1.65032e-06 1.37574e-06 1.10085e-06 8.25814e-07 5.50653e-07 2.75378e-07 8.06284e-15
0.00013305 6.72752e-06 6.03089e-06 5.18151e-06 4.40887e-06 3.71537e-06 3.15302e-06 2.69516e-06 2.31597e-06 2.0272e-06 1.73828e-06 1.44904e-06 1.15949e-06 8.69794e-07 5.79973e-07 2.90038e-07 1.74967e-15
0.000144523 7.30345e-06 6.5354e-06 5.55831e-06 4.74325e-06 3.97779e-06 3.37359e-06 2.85171e-06 2.44842e-06 2.12898e-06 1.82552e-06 1.52173e-06 1.21764e-06 9.13412e-07 6.09051e-07 3.04577e-07 -7.09718e-13
0.000155923 7.87486e-06 7.03591e-06 5.97652e-06 5.08397e-06 4.27997e-06 3.59458e-06 3.01658e-06 2.58525e-06 2.22994e-06 1.91206e-06 1.59385e-06 1.27534e-06 9.56683e-07 6.37899e-07 3.19001e-07 4.66028e-15
0.000167273 8.45568e-06 7.53357e-06 6.43513e-06 5.42474e-06 4.58043e-06 3.81432e-06 3.20701e-06 2.72251e-06 2.33034e-06 1.99811e-06 1.66556e-06 1.33271e-06 9.99708e-07 6.66582e-07 3.33342e-07 2.94643e-14
0.000178695 9.05035e-06 8.00792e-06 6.86623e-06 5.7637e-06 4.86444e-06 4.03168e-06 3.3869e-06 2.85153e-06 2.4247e-06 2.079e-06 1.73297e-06 1.38663e-06 1.04015e-06 6.93544e-07 3.46823e-07 5.46184e-15
0.000190242 9.44654e-06 8.2948e-06 7.1232e-06 5.99932e-06 5.03838e-06 4.18417e-06 3.49737e-06 2.92844e-06 2.48096e-06 2.12721e-06 1.77315e-06 1.41877e-06 1.06426e-06 7.09617e-07 3.54859e-07 -4.4944e-15
0.000200919 9.80974e-06 8.57277e-06 7.35877e-06 6.2153e-06 5.19783e-06 4.32395e-06 3.59864e-06 2.99894e-06 2.53846e-06 2.17141e-06 1.80998e-06 1.44824e-06 1.08636e-06 7.2435e-07 3.62226e-07 8.43673e-15
0.000211571 1.01704e-05 8.8895e-06 7.59268e-06 6.42977e-06 5.35616e-06 4.46274e-06 3.6992e-06 3.06895e-06 2.59758e-06 2.2153e-06 1.84655e-06 1.4775e-06 1.1083e-06 7.38979e-07 3.69541e-07 2.9087e-17
0.000221018 1.03695e-05 9.06435e-06 7.72524e-06 6.54817e-06 5.44356e-06 4.53936e-06 3.75471e-06 3.10916e-06 2.63022e-06 2.23953e-06 1.86674e-06 1.49365e-06 1.12042e-06 7.47055e-07 3.73579e-07 -7.84209e-13
0.000227636 1.04332e-05 9.12025e-06 7.76772e-06 6.58602e-06 5.47151e-06 4.56386e-06 3.77246e-06 3.1244e-06 2.64076e-06 2.24728e-06 1.8732e-06 1.49882e-06 1.12429e-06 7.49637e-07 3.7487e-07 1.45514e-14
0.000235108 1.02797e-05 8.97882e-06 7.66026e-06 6.49025e-06 5.40081e-06 4.50188e-06 3.72756e-06 3.08869e-06 2.61425e-06 2.22768e-06 1.85687e-06 1.48575e-06 1.11449e-06 7.43104e-07 3.71603e-07 4.88747e-14
0.000245713 9.88166e-06 8.61181e-06 7.3876e-06 6.24174e-06 5.21735e-06 4.34106e-06 3.61104e-06 3.00757e-06 2.54575e-06 2.17682e-06 1.81449e-06 1.45185e-06 1.08906e-06 7.26153e-07 3.63128e-07 2.59858e-14
0.000262028 8.78923e-06 7.75297e-06 6.63731e-06 5.57498e-06 4.71289e-06 3.91119e-06 3.29096e-06 2.78302e-06 2.37459e-06 2.03605e-06 1.69717e-06 1.358e-06 1.01868e-06 6.79227e-07 3.39665e-07 2.43048e-14
0.000275592 8.45291e-06 7.4518e-06 6.35978e-06 5.36875e-06 4.53106e-06 3.77821e-06 3.17572e-06 2.69996e-06 2.31384e-06 1.98397e-06 1.65378e-06 1.32328e-06 9.92639e-07 6.61869e-07 3.30986e-07 1.64498e-14
0.000283177 8.2137e-06 7.23759e-06 6.16237e-06 5.22207e-06 4.40173e-06 3.68363e-06 3.09375e-06 2.64087e-06 2.27063e-06 1.94693e-06 1.62291e-06 1.29859e-06 9.74119e-07 6.49523e-07 3.24813e-07 -8.09917e-15
0.000282514 7.99498e-06 7.03991e-06 5.9802e-06 5.08671e-06 4.28239e-06 3.59635e-06 3.01811e-06 2.58635e-06 2.23075e-06 1.91275e-06 1.59443e-06 1.2758e-06 9.57029e-07 6.3813e-07 3.19116e-07 4.43641e-15
0.000281848 7.7795e-06 6.84142e-06 5.79728e-06 4.95079e-06 4.16254e-06 3.50871e-06 2.94666e-06 2.53161e-06 2.19071e-06 1.87843e-06 1.56583e-06 1.25292e-06 9.39868e-07 6.26689e-07 3.13396e-07 -1.39037e-13
0.000281443 7.64822e-06 6.72048e-06 5.69654e-06 4.86797e-06 4.08953e-06 3.45531e-06 2.90913e-06 2.49825e-06 2.16631e-06 1.85752e-06 1.5484e-06 1.23898e-06 9.29412e-07 6.19718e-07 3.0991e-07 1.44882e-14
0.000281443 7.64822e-06 6.72048e-06 5.69654e-06 4.86797e-06 4.08953e-06 3.45531e-06 2.90913e-06 2.49825e-06 2.16631e-06 1.85752e-06 1.5484e-06 1.23898e-06 9.29412e-07 6.19718e-07 3.0991e-07 1.31817e-14
0.000281443 7.64822e-06 6.72048e-06 5.69654e-06 4.86797e-06 4.08953e-06 3.45531e-06 2.90913e-06 2.49825e-06 2.16631e-06 1.85752e-06 1.5484e-06 1.23898e-06 9.29412e-07 6.19718e-07 3.0991e-07 1.25905e-14
0.000280257 7.2642e-06 6.36672e-06 5.43233e-06 4.63145e-06 3.87907e-06 3.29911e-06 2.79937e-06 2.40352e-06 2.09495e-06 1.79635e-06 1.49743e-06 1.1982e-06 8.98829e-07 5.99329e-07 2.99716e-07 3.36948e-13
0.000277177 6.267e-06 5.52199e-06 4.74798e-06 4.02262e-06 3.43129e-06 2.9045e-06 2.51434e-06 2.18161e-06 1.90964e-06 1.63751e-06 1.36506e-06 1.09231e-06 8.1941e-07 5.46384e-07 2.73243e-07 7.70951e-15
0.000273946 5.3686e-06 4.74314e-06 4.05159e-06 3.46251e-06 2.96459e-06 2.55013e-06 2.2176e-06 1.95951e-06 1.7153e-06 1.47094e-06 1.22625e-06 9.81258e-07 7.36123e-07 4.90859e-07 2.45481e-07 1.41438e-14
0.00027031 4.42771e-06 3.89237e-06 3.34662e-06 2.88495e-06 2.48013e-06 2.17515e-06 1.92295e-06 1.70949e-06 1.49653e-06 1.28342e-06 1.06998e-06 8.56245e-07 6.42362e-07 4.28352e-07 2.14227e-07 1.89141e-14
0.000266022 3.37895e-06 3.02508e-06 2.60926e-06 2.27014e-06 1.99181e-06 1.77721e-06 1.59115e-06 1.4146e-06 1.2385e-06 1.06225e-06 8.8568e-07 7.08802e-07 5.3178e-07 3.5463e-07 1.77366e-07 8.62537e-15
0.000261505 2.45379e-06 2.1909e-06 1.93962e-06 1.70702e-06 1.53578e-06 1.38679e-06 1.24173e-06 1.10407e-06 9.66786e-07 8.29354e-07 6.91596e-07 5.53534e-07 4.15329e-07 2.76996e-07 1.38549e-07 1.79658e-14
0.000256757 1.5794e-06 1.47951e-06 1.30804e-06 1.19293e-06 1.08114e-06 9.76293e-07 8.74363e-07 7.7757e-07 6.81103e-07 5.84483e-07 4.87537e-07 3.90287e-07 2.92894e-07 1.95373e-07 9.77376e-08 1.92878e-14
0.000251132 9.22622e-07 9.19496e-07 8.41877e-07 7.68006e-07 6.96129e-07 6.28666e-07 5.63255e-07 5.01077e-07 4.39171e-07 3.77112e-07 3.14728e-07 2.5204e-07 1.89209e-07 1.26249e-07 6.31759e-08 -2.4665e-14
0.000244268 5.42993e-07 6.08545e-07 5.57274e-07 5.08579e-07 4.61069e-07 4.1643e-07 3.73314e-07 3.3227e-07 2.91466e-07 2.50507e-07 2.09224e-07 1.67637e-07 1.25906e-07 8.40478e-08 4.20751e-08 3.22173e-14
0.000236876 2.79388e-07 3.68657e-07 3.37713e-07 3.08439e-07 2.79728e-07 2.52698e-07 2.26782e-07 2.02041e-07 1.77516e-07 1.52836e-07 1.27831e-07 1.02522e-07 7.70705e-08 5.14906e-08 2.57965e-08 -2.88056e-14
0.000229208 4.12855e-08 1.51977e-07 1.39393e-07 1.27663e-07 1.15931e-07 1.04805e-07 9.44258e-08 8.44119e-08 7.45896e-08 6.46139e-08 5.43128e-08 4.37075e-08 3.29594e-08 2.20832e-08 1.10928e-08 -1.82779e-14
0.00022143 -1.75653e-07 -4.54441e-08 -4.12997e-08 -3.70458e-08 -3.33073e-08 -2.99415e-08 -2.61659e-08 -2.27622e-08 -1.91877e-08 -1.57667e-08 -1.2671e-08 -9.8795e-09 -7.23087e-09 -4.71034e-09 -2.30399e-09 -2.91144e-14
0.000214251 -3.60789e-07 -2.13923e-07 -1.95503e-07 -1.77608e-07 -1.60667e-07 -1.44935e-07 -1.29079e-07 -1.14225e-07 -9.92173e-08 -8.43635e-08 -6.98351e-08 -5.56107e-08 -4.15293e-08 -2.75759e-08 -1.37368e-08 6.58113e-14
0.000208169 -5.08934e-07 -3.48739e-07 -3.18895e-07 -2.90085e-07 -2.62579e-07 -2.36951e-07 -2.11429e-07 -1.87412e-07 -1.63256e-07 -1.39254e-07 -1.15577e-07 -9.22045e-08 -6.89746e-08 -4.58728e-08 -2.28852e-08 -1.73332e-14
0.000202054 -6.50718e-07 -4.77766e-07 -4.36989e-07 -3.97733e-07 -3.60116e-07 -3.25017e-07 -2.90244e-07 -2.57458e-07 -2.24546e-07 -1.91788e-07 -1.59356e-07 -1.27227e-07 -9.52416e-08 -6.33841e-08 -3.16409e-08 6.16114e-14
0.000194124 -8.45242e-07 -6.37113e-07 -5.82834e-07 -5.30676e-07 -4.80573e-07 -4.33777e-07 -3.87579e-07 -3.43962e-07 -3.00238e-07 -2.56667e-07 -2.13421e-07 -1.7048e-07 -1.27681e-07 -8.50104e-08 -4.2454e-08 3.96304e-14
0.000183036 -1.11122e-06 -8.46001e-07 -7.74022e-07 -7.04952e-07 -6.38479e-07 -5.76351e-07 -5.15175e-07 -4.57362e-07 -3.99462e-07 -3.41716e-07 -2.84296e-07 -2.27179e-07 -1.70206e-07 -1.1336e-07 -5.66289e-08 8.29206e-14
0.000171455 -1.27335e-06 -9.71658e-07 -8.89031e-07 -8.09788e-07 -7.33468e-07 -6.62116e-07 -5.9193e-07 -5.25577e-07 -4.59151e-07 -3.92878e-07 -3.2693e-07 -2.61287e-07 -1.95786e-07 -1.30414e-07 -6.51558e-08 3.00074e-14
0.000163797 -1.31934e-06 -1.0073e-06 -9.2165e-07 -8.39522e-07 -7.60409e-07 -6.86442e-07 -6.137e-07 -5.44925e-07 -4.7608e-07 -4.07389e-07 -3.39023e-07 -2.70961e-07 -2.03042e-07 -1.35251e-07 -6.75743e-08 1.03853e-14
0.000163797 -1.31934e-06 -1.0073e-06 -9.2165e-07 -8.39522e-07 -7.60409e-07 -6.86442e-07 -6.137e-07 -5.44925e-07 -4.7608e-07 -4.07389e-07 -3.39023e-07 -2.70961e-07 -2.03042e-07 -1.35251e-07 -6.75743e-08 8.64783e-15
0.000163797 -1.31934e-06 -1.0073e-06 -9.2165e-07 -8.39522e-07 -7.60409e-07 -6.86442e-07 -6.137e-07 -5.44925e-07 -4.7608e-07 -4.07389e-07 -3.39023e-07 -2.70961e-07 -2.03042e-07 -1.35251e-07 -6.75743e-08 1.05936e-14
0.000159104 -1.38926e-06 -1.06149e-06 -9.71248e-07 -8.84732e-07 -8.01373e-07 -7.23427e-07 -6.46801e-07 -5.74342e-07 -5.0182e-07 -4.29452e-07 -3.57409e-07 -2.8567e-07 -2.14073e-07 -1.42605e-07 -7.12515e-08 -2.16056e-14
0.000146632 -1.73399e-06 -1.3538e-06 -1.21578e-06 -1.10763e-06 -1.00334e-06 -9.05782e-07 -8.09999e-07 -7.19382e-07 -6.2873e-07 -5.38232e-07 -4.48059e-07 -3.5819e-07 -2.68463e-07 -1.78865e-07 -8.93815e-08 -2.20694e-15
0.000134141 -2.08924e-06 -1.65647e-06 -1.4559e-06 -1.32223e-06 -1.19778e-06 -1.08134e-06 -9.67118e-07 -8.5902e-07 -7.50913e-07 -6.4296e-07 -5.35332e-07 -4.28008e-07 -3.20827e-07 -2.13775e-07 -1.06836e-07 2.0246e-14
0.000120143 -2.52703e-06 -1.98464e-06 -1.7516e-06 -1.55432e-06 -1.40807e-06 -1.27121e-06 -1.13704e-06 -1.01004e-06 -8.83053e-07 -7.56223e-07 -6.29718e-07 -5.03517e-07 -3.77459e-07 -2.51529e-07 -1.25713e-07 -5.27469e-13
0.000103126 -3.00282e-06 -2.35809e-06 -2.07078e-06 -1.82307e-06 -1.63086e-06 -1.47237e-06 -1.31707e-06 -1.17004e-06 -1.02305e-06 -8.76222e-07 -7.29717e-07 -5.83516e-07 -4.37458e-07 -2.91529e-07 -1.45713e-07 1.07429e-14
8.58801e-05 -3.41288e-06 -2.72223e-06 -2.34384e-06 -2.07255e-06 -1.82147e-06 -1.64447e-06 -1.47109e-06 -1.30691e-06 -1.14282e-06 -9.78881e-07 -8.15266e-07 -6.51955e-07 -4.88788e-07 -3.25748e-07 -1.62823e-07 1.54114e-14
6.99706e-05 -3.7406e-06 -2.99529e-06 -2.58328e-06 -2.25528e-06 -1.97874e-06 -1.77046e-06 -1.58384e-06 -1.40712e-06 -1.23051e-06 -1.05404e-06 -8.77898e-07 -7.02061e-07 -5.26367e-07 -3.50801e-07 -1.75349e-07 8.43665e-14
5.67617e-05 -3.97975e-06 -3.17313e-06 -2.74157e-06 -2.37317e-06 -2.08484e-06 -1.85174e-06 -1.65659e-06 -1.47177e-06 -1.28707e-06 -1.10253e-06 -9.18304e-07 -7.34386e-07 -5.50611e-07 -3.66963e-07 -1.83431e-07 3.64387e-15
4.35879e-05 -4.19828e-06 -3.33563e-06 -2.8862e-06 -2.48089e-06 -2.18269e-06 -1.92601e-06 -1.72305e-06 -1.53085e-06 -1.33876e-06 -1.14683e-06 -9.55224e-07 -7.63922e-07 -5.72763e-07 -3.81732e-07 -1.90815e-07 7.40744e-15
2.99253e-05 -4.60478e-06 -3.6404e-06 -3.16404e-06 -2.72301e-06 -2.36471e-06 -2.07365e-06 -1.8467e-06 -1.64074e-06 -1.43492e-06 -1.22925e-06 -1.02391e-06 -8.18867e-07 -6.13971e-07 -4.09204e-07 -2.04551e-07 5.48558e-15
1.41469e-05 -5.07267e-06 -4.06543e-06 -3.48013e-06 -3.00354e-06 -2.57142e-06 -2.25807e-06 -1.98712e-06 -1.76554e-06 -1.54411e-06 -1.32285e-06 -1.1019e-06 -8.81266e-07 -6.60771e-07 -4.40404e-07 -2.20151e-07 5.68962e-15
-1.69633e-06 -5.51809e-06 -4.46225e-06 -3.79066e-06 -3.2741e-06 -2.79888e-06 -2.43285e-06 -2.11823e-06 -1.88205e-06 -1.64607e-06 -1.41023e-06 -1.17473e-06 -9.39524e-07 -7.04464e-07 -4.69532e-07 -2.34715e-07 1.73589e-14
-1.65287e-05 -5.89933e-06 -4.80188e-06 -4.10357e-06 -3.50567e-06 -3.00262e-06 -2.58245e-06 -2.24491e-06 -1.98177e-06 -1.73332e-06 -1.48503e-06 -1.23705e-06 -9.89385e-07 -7.4186e-07 -4.94463e-07 -2.4718e-07 -7.63564e-14
-2.86328e-05 -6.40856e-06 -5.20404e-06 -4.46312e-06 -3.77176e-06 -3.24251e-06 -2.75435e-06 -2.39697e-06 -2.09636e-06 -1.83359e-06 -1.57097e-06 -1.30867e-06 -1.04668e-06 -7.8483e-07 -5.2311e-07 -2.61504e-07 -3.51614e-15
-4.06682e-05 -6.94389e-06 -5.6036e-06 -4.81942e-06 -4.08675e-06 -3.48272e-06 -2.94917e-06 -2.54983e-06 -2.20991e-06 -1.93295e-06 -1.65613e-06 -1.37964e-06 -1.10346e-06 -8.27413e-07 -5.51498e-07 -2.75698e-07 -5.66532e-17
-5.30369e-05 -7.49258e-06 -6.04793e-06 -5.19656e-06 -4.42153e-06 -3.72892e-06 -3.1645e-06 -2.70649e-06 -2.3263e-06 -2.03478e-06 -1.74342e-06 -1.45238e-06 -1.16165e-06 -8.71057e-07 -5.80594e-07 -2.90246e-07 4.87314e-15
-6.56222e-05 -8.1936e-06 -6.69103e-06 -5.6768e-06 -4.84831e-06 -4.07193e-06 -3.44557e-06 -2.9059e-06 -2.49384e-06 -2.1644e-06 -1.85452e-06 -1.54497e-06 -1.23572e-06 -9.26608e-07 -6.17629e-07 -3.08763e-07 1.5627e-15
-7.80966e-05 -8.90171e-06 -7.31876e-06 -6.23495e-06 -5.27804e-06 -4.45079e-06 -3.72257e-06 -3.12679e-06 -2.66652e-06 -2.29092e-06 -1.96297e-06 -1.63534e-06 -1.30801e-06 -9.80831e-07 -6.53777e-07 -3.26837e-07 3.93779e-15
-9.28468e-05 -9.74572e-06 -7.9462e-06 -6.80934e-06 -5.70942e-06 -4.82703e-06 -3.99778e-06 -3.36516e-06 -2.8383e-06 -2.41656e-06 -2.07066e-06 -1.72508e-06 -1.37981e-06 -1.03468e-06 -6.89675e-07 -3.44786e-07 5.78304e-15
-0.00011162 -1.08093e-05 -8.80507e-06 -7.53316e-06 -6.37301e-06 -5.31657e-06 -4.42709e-06 -3.67558e-06 -3.05478e-06 -2.58494e-06 -2.20638e-06 -1.83818e-06 -1.47029e-06 -1.10254e-06 -7.34913e-07 -3.67405e-07 2.96041e-14
-0.000130937 -1.16949e-05 -9.62121e-06 -8.15052e-06 -6.92553e-06 -5.74833e-06 -4.78455e-06 -3.93454e-06 -3.26243e-06 -2.74021e-06 -2.31937e-06 -1.93234e-06 -1.54562e-06 -1.15903e-06 -7.7258e-07 -3.86239e-07 4.66533e-15
-0.000151485 -1.22333e-05 -1.01174e-05 -8.57284e-06 -7.26146e-06 -6.05432e-06 -5.00713e-06 -4.0979e-06 -3.39757e-06 -2.83609e-06 -2.38808e-06 -1.98959e-06 -1.59142e-06 -1.19339e-06 -7.9548e-07 -3.97689e-07 2.82561e-14
-0.0001728 -1.16696e-05 -9.59788e-06 -8.13279e-06 -6.90974e-06 -5.73394e-06 -4.77433e-06 -3.92713e-06 -3.25608e-06 -2.7357e-06 -2.31614e-06 -1.92965e-06 -1.54346e-06 -1.15742e-06 -7.71503e-07 -3.857e-07 -3.36711e-14
-0.000198539 -9.94139e-06 -8.09488e-06 -6.9425e-06 -5.8315e-06 -4.91683e-06 -4.07676e-06 -3.42178e-06 -2.87813e-06 -2.44569e-06 -2.09563e-06 -1.74589e-06 -1.39645e-06 -1.04716e-06 -6.97997e-07 -3.48947e-07 2.19933e-13
-0.000216137 -8.99746e-06 -7.38948e-06 -6.30011e-06 -5.32646e-06 -4.49348e-06 -3.75377e-06 -3.15383e-06 -2.68601e-06 -2.30517e-06 -1.97518e-06 -1.64552e-06 -1.31616e-06 -9.8694e-07 -6.5785e-07 -3.28874e-07 2.23503e-14
-0.000220658 -8.74438e-06 -7.18409e-06 -6.11087e-06 -5.18585e-06 -4.36952e-06 -3.66314e-06 -3.0753e-06 -2.62941e-06 -2.26378e-06 -1.9397e-06 -1.61595e-06 -1.2925e-06 -9.69198e-07 -6.46022e-07 -3.2296e-07 1.63318e-14
-0.000225361 -8.46701e-06 -6.93579e-06 -5.88208e-06 -5.01587e-06 -4.21965e-06 -3.55357e-06 -2.98179e-06 -2.56098e-06 -2.21373e-06 -1.8968e-06 -1.5802e-06 -1.2639e-06 -9.4775e-07 -6.31723e-07 -3.1581e-07 4.25305e-14
-0.000233429 -7.99651e-06 -6.51196e-06 -5.54308e-06 -4.729e-06 -3.96386e-06 -3.36655e-06 -2.85038e-06 -2.44622e-06 -2.12831e-06 -1.82359e-06 -1.51919e-06 -1.21509e-06 -9.1114e-07 -6.07317e-07 -3.03607e-07 1.09862e-14
-0.000246422 -7.76637e-06 -6.30003e-06 -5.38482e-06 -4.58858e-06 -3.85177e-06 -3.27303e-06 -2.78467e-06 -2.38985e-06 -2.08559e-06 -1.78697e-06 -1.48868e-06 -1.19068e-06 -8.92834e-07 -5.95112e-07 -2.97505e-07 2.97683e-14
-0.000259364 -7.54683e-06 -6.09787e-06 -5.23385e-06 -4.45462e-06 -3.75326e-06 -3.18579e-06 -2.72198e-06 -2.3378e-06 -2.04485e-06 -1.75205e-06 -1.45957e-06 -1.1674e-06 -8.75371e-07 -5.83471e-07 -2.91684e-07 5.98163e-13
-0.000278524 -5.59722e-06 -4.53262e-06 -3.8555e-06 -3.32208e-06 -2.84109e-06 -2.46385e-06 -2.14219e-06 -1.90271e-06 -1.66414e-06 -1.42573e-06 -1.18764e-06 -9.49854e-07 -7.12212e-07 -4.74698e-07 -2.37298e-07 6.52377e-15
-0.000293355 -4.51844e-06 -3.57347e-06 -3.10472e-06 -2.67045e-06 -2.3259e-06 -2.03972e-06 -1.82034e-06 -1.61731e-06 -1.41442e-06 -1.21168e-06 -1.00926e-06 -8.07153e-07 -6.05186e-07 -4.03347e-07 -2.01622e-07 5.76845e-15
-0.000304529 -4.33196e-06 -3.4348e-06 -2.97704e-06 -2.55734e-06 -2.24241e-06 -1.97134e-06 -1.76362e-06 -1.5669e-06 -1.37031e-06 -1.17387e-06 -9.77758e-07 -7.81949e-07 -5.86283e-07 -3.90745e-07 -1.95321e-07 2.17588e-14
-0.000316277 -4.3058e-06 -3.41535e-06 -2.95913e-06 -2.54148e-06 -2.23069e-06 -1.96245e-06 -1.75567e-06 -1.55983e-06 -1.36412e-06 -1.16857e-06 -9.73338e-07 -7.78413e-07 -5.83631e-07 -3.88977e-07 -1.94437e-07 2.30974e-14
-0.000330908 -4.2728e-06 -3.39081e-06 -2.93653e-06 -2.52146e-06 -2.21591e-06 -1.95123e-06 -1.74563e-06 -1.55091e-06 -1.35631e-06 -1.16188e-06 -9.67761e-07 -7.73952e-07 -5.80285e-07 -3.86746e-07 -1.93322e-07 3.0145e-14
-0.00034554 -4.23946e-06 -3.36602e-06 -2.91371e-06 -2.50124e-06 -2.20099e-06 -1.9399e-06 -1.73549e-06 -1.5419e-06 -1.34843e-06 -1.15512e-06 -9.62129e-07 -7.69446e-07 -5.76906e-07 -3.84494e-07 -1.92196e-07 2.96416e-14
-0.000358301 -4.24742e-06 -3.37193e-06 -2.91916e-06 -2.50606e-06 -2.20455e-06 -1.94261e-06 -1.73791e-06 -1.54405e-06 -1.35031e-06 -1.15673e-06 -9.63473e-07 -7.70521e-07 -5.77712e-07 -3.85031e-07 -1.92464e-07 2.75238e-14
-0.000366545 -4.34251e-06 -3.44265e-06 -2.98426e-06 -2.56374e-06 -2.24713e-06 -1.97493e-06 -1.76683e-06 -1.56975e-06 -1.3728e-06 -1.17601e-06 -9.7954e-07 -7.83375e-07 -5.87352e-07 -3.91458e-07 -1.95678e-07 2.54431e-14
-0.000374788 -4.43742e-06 -3.51323e-06 -3.04925e-06 -2.62131e-06 -2.28963e-06 -2.008e-06 -1.7957e-06 -1.59541e-06 -1.39525e-06 -1.19525e-06 -9.95576e-07 -7.96203e-07 -5.96974e-07 -3.97872e-07 -1.98885e-07 8.37057e-13
-0.000381535 -4.51498e-06 -3.5709e-06 -3.10235e-06 -2.66834e-06 -2.32435e-06 -2.03836e-06 -1.81929e-06 -1.61637e-06 -1.4136e-06 -1.21098e-06 -1.00868e-06 -8.06686e-07 -6.04835e-07 -4.03113e-07 -2.01505e-07 1.96947e-14
-0.000384532 -4.54938e-06 -3.59648e-06 -3.1259e-06 -2.68921e-06 -2.33976e-06 -2.05184e-06 -1.82976e-06 -1.62568e-06 -1.42174e-06 -1.21795e-06 -1.01449e-06 -8.11336e-07 -6.08323e-07 -4.05439e-07 -2.02668e-07 1.88581e-14
-0.000387883 -4.49356e-06 -3.55497e-06 -3.08768e-06 -2.65535e-06 -2.31476e-06 -2.02998e-06 -1.81277e-06 -1.61058e-06 -1.40853e-06 -1.20663e-06 -1.00506e-06 -8.0379e-07 -6.02664e-07 -4.01666e-07 -2.00782e-07 -7.0613e-15
-0.000388004 -4.49133e-06 -3.55331e-06 -3.08615e-06 -2.654e-06 -2.31376e-06 -2.0291e-06 -1.8121e-06 -1.60998e-06 -1.408e-06 -1.20618e-06 -1.00468e-06 -8.03489e-07 -6.02438e-07 -4.01515e-07 -2.00706e-07 -4.32672e-16
-0.0003844 -3.6447e-06 -2.92374e-06 -2.51961e-06 -2.20785e-06 -1.93712e-06 -1.73776e-06 -1.55458e-06 -1.38111e-06 -1.20775e-06 -1.03453e-06 -8.61641e-07 -6.89056e-07 -5.16613e-07 -3.44298e-07 -1.72098e-07 1.29432e-14
-0.00038017 -2.83112e-06 -2.20742e-06 -1.95612e-06 -1.72174e-06 -1.55082e-06 -1.4001e-06 -1.25239e-06 -1.11255e-06 -9.72755e-07 -8.3311e-07 -6.93791e-07 -5.54775e-07 -4.15903e-07 -2.77158e-07 -1.38528e-07 2.15605e-13
-0.000375723 -2.00602e-06 -1.59369e-06 -1.40252e-06 -1.27784e-06 -1.15756e-06 -1.04503e-06 -9.34617e-07 -8.30134e-07 -7.25638e-07 -6.21295e-07 -5.17278e-07 -4.13565e-07 -3.09995e-07 -2.06553e-07 -1.03225e-07 4.70766e-15
-0.000370359 -1.38602e-06 -1.05846e-06 -9.68493e-07 -8.82213e-07 -7.99088e-07 -7.21365e-07 -6.44956e-07 -5.72702e-07 -5.00385e-07 -4.28221e-07 -3.56383e-07 -2.84849e-07 -2.13458e-07 -1.42195e-07 -7.10464e-08 2.13154e-14
-0.000363562 -1.07295e-06 -8.15816e-07 -7.46406e-07 -6.79771e-07 -6.15661e-07 -5.55748e-07 -4.96738e-07 -4.40975e-07 -3.85124e-07 -3.29426e-07 -2.74054e-07 -2.18986e-07 -1.64061e-07 -1.09264e-07 -5.45806e-08 6.18723e-15
-0.000355389 -9.43361e-07 -7.15035e-07 -6.54165e-07 -5.9569e-07 -5.39477e-07 -4.86962e-07 -4.35178e-07 -3.86264e-07 -3.37252e-07 -2.88393e-07 -2.3986e-07 -1.91631e-07 -1.43544e-07 -9.55858e-08 -4.77417e-08 1.89202e-14
-0.000345393 -8.95985e-07 -6.77131e-07 -6.19473e-07 -5.64066e-07 -5.10824e-07 -4.61091e-07 -4.12025e-07 -3.65687e-07 -3.19247e-07 -2.7296e-07 -2.26999e-07 -1.81342e-07 -1.35828e-07 -9.04416e-08 -4.51696e-08 2.22564e-14
-0.000335566 -8.12829e-07 -6.10601e-07 -5.5858e-07 -5.0856e-07 -4.60531e-07 -4.15682e-07 -3.71385e-07 -3.2957e-07 -2.87644e-07 -2.45872e-07 -2.04426e-07 -1.63283e-07 -1.22284e-07 -8.14122e-08 -4.06549e-08 1.39916e-14
-0.000326964 -5.78551e-07 -4.1133e-07 -3.76194e-07 -3.42307e-07 -3.09894e-07 -2.79672e-07 -2.49663e-07 -2.21391e-07 -1.92988e-07 -1.64738e-07 -1.36814e-07 -1.09194e-07 -8.17166e-08 -5.43675e-08 -2.71326e-08 9.91894e-15
-0.0003195 -3.82061e-07 -2.32518e-07 -2.12534e-07 -1.93125e-07 -1.74724e-07 -1.57626e-07 -1.40439e-07 -1.24319e-07 -1.0805e-07 -9.19346e-08 -7.61443e-08 -6.06581e-08 -4.53148e-08 -3.00996e-08 -1.49986e-08 9.80595e-15
-0.00031198 -1.9617e-07 -6.33517e-08 -5.77014e-08 -5.19886e-08 -4.68442e-08 -4.2164e-08 -3.71058e-08 -3.24836e-08 -2.76939e-08 -2.30577e-08 -1.87469e-08 -1.47402e-08 -1.08764e-08 -7.14068e-09 -3.51914e-09 1.09487e-14
-0.000303098 1.12159e-08 1.25375e-07 1.15034e-07 1.05467e-07 9.58217e-08 8.66489e-08 7.81753e-08 6.99708e-08 6.19537e-08 5.37831e-08 4.52871e-08 3.6487e-08 2.7544e-08 1.84729e-08 9.28767e-09 3.27555e-14
-0.000290409 3.02828e-07 3.9075e-07 3.57922e-07 3.2687e-07 2.96429e-07 2.67777e-07 2.40276e-07 2.14035e-07 1.8801e-07 1.61832e-07 1.35327e-07 1.08519e-07 8.15682e-08 5.44891e-08 2.72957e-08 9.89187e-15
-0.000276502 3.63555e-07 4.46013e-07 4.08503e-07 3.72976e-07 3.38205e-07 3.05496e-07 2.74033e-07 2.44036e-07 2.14261e-07 1.84332e-07 1.54078e-07 1.2352e-07 9.28185e-08 6.19893e-08 3.10458e-08 8.20474e-15
-0.000262524 3.51645e-07 4.35175e-07 3.98583e-07 3.63933e-07 3.30012e-07 2.98099e-07 2.67412e-07 2.38152e-07 2.09113e-07 1.79919e-07 1.50401e-07 1.20578e-07 9.06122e-08 6.05183e-08 3.03104e-08 -3.65979e-15
-0.000250105 4.60868e-07 5.34571e-07 4.89557e-07 4.4686e-07 4.05149e-07 3.6594e-07 3.28127e-07 2.92112e-07 2.56327e-07 2.20389e-07 1.84125e-07 1.47557e-07 1.10847e-07 7.40082e-08 3.70553e-08 2.81152e-14
-0.000237647 5.62792e-07 6.27325e-07 5.74451e-07 5.24245e-07 4.75266e-07 4.29249e-07 3.84785e-07 3.42465e-07 3.00386e-07 2.58154e-07 2.15596e-07 1.72734e-07 1.29729e-07 8.65966e-08 4.33495e-08 2.40818e-14
-0.000223988 9.92466e-07 9.74639e-07 8.92336e-07 8.1401e-07 7.37814e-07 6.66303e-07 5.96937e-07 5.31012e-07 4.65365e-07 3.99564e-07 3.33438e-07 2.67008e-07 2.00435e-07 1.33733e-07 6.69178e-08 -4.99412e-14
-0.000202016 1.42885e-06 1.34299e-06 1.20207e-06 1.09634e-06 9.9363e-07 8.9728e-07 8.03649e-07 7.14725e-07 6.26113e-07 5.37349e-07 4.48258e-07 3.58864e-07 2.69327e-07 1.79661e-07 8.98819e-08 1.61116e-14
-0.000179466 1.73651e-06 1.62433e-06 1.42665e-06 1.29538e-06 1.17397e-06 1.06011e-06 9.49374e-07 8.44236e-07 7.39436e-07 6.34482e-07 5.29203e-07 4.2362e-07 3.17894e-07 2.12039e-07 1.06071e-07 -4.7316e-14
-0.000155541 2.1299e-06 1.94732e-06 1.71795e-06 1.52388e-06 1.38101e-06 1.24704e-06 1.11667e-06 9.92918e-07 8.69532e-07 7.45993e-07 6.22129e-07 4.9796e-07 3.73649e-07 2.4921e-07 1.24656e-07 -3.37803e-14
-0.000126389 2.54282e-06 2.27444e-06 2.00227e-06 1.7624e-06 1.57954e-06 1.4263e-06 1.27709e-06 1.13549e-06 9.94283e-07 8.52923e-07 7.11237e-07 5.69247e-07 4.27114e-07 2.84853e-07 1.42477e-07 -1.62452e-13
-9.64621e-05 2.76875e-06 2.47636e-06 2.15373e-06 1.89978e-06 1.6853e-06 1.52179e-06 1.36255e-06 1.21144e-06 1.06074e-06 9.09885e-07 7.58705e-07 6.07222e-07 4.55595e-07 3.0384e-07 1.51971e-07 -1.08993e-14
-6.71639e-05 2.85771e-06 2.55539e-06 2.21301e-06 1.95397e-06 1.72669e-06 1.55916e-06 1.396e-06 1.24117e-06 1.08675e-06 9.32179e-07 7.77284e-07 6.22084e-07 4.66742e-07 3.11272e-07 1.55687e-07 -1.53546e-14
-4.1692e-05 2.9219e-06 2.61241e-06 2.25578e-06 1.99307e-06 1.75656e-06 1.58613e-06 1.42013e-06 1.26261e-06 1.10552e-06 9.48266e-07 7.9069e-07 6.32809e-07 4.74786e-07 3.16634e-07 1.58368e-07 9.42245e-15
-1.62144e-05 2.98477e-06 2.66826e-06 2.29767e-06 2.03137e-06 1.78581e-06 1.61254e-06 1.44377e-06 1.28362e-06 1.1239e-06 9.64021e-07 8.03819e-07 6.43312e-07 4.82663e-07 3.21886e-07 1.60994e-07 8.89805e-15
8.4918e-06 3.04461e-06 2.72142e-06 2.33769e-06 2.06782e-06 1.81378e-06 1.63768e-06 1.46627e-06 1.30362e-06 1.14139e-06 9.79018e-07 8.16316e-07 6.5331e-07 4.90161e-07 3.26884e-07 1.63493e-07 9.17713e-15
3.05956e-05 3.09723e-06 2.76833e-06 2.38071e-06 2.09987e-06 1.84191e-06 1.65978e-06 1.48605e-06 1.3212e-06 1.15678e-06 9.92204e-07 8.27305e-07 6.62101e-07 4.96755e-07 3.3128e-07 1.65691e-07 3.79222e-13
5.27021e-05 3.149e-06 2.81588e-06 2.42303e-06 2.1314e-06 1.86959e-06 1.68153e-06 1.50551e-06 1.3385e-06 1.17191e-06 1.00518e-06 8.38117e-07 6.70751e-07 5.03242e-07 3.35605e-07 1.67853e-07 2.80471e-13
7.40366e-05 3.19816e-06 2.86104e-06 2.46323e-06 2.16135e-06 1.89588e-06 1.70218e-06 1.524e-06 1.35493e-06 1.18629e-06 1.0175e-06 8.48384e-07 6.78964e-07 5.09402e-07 3.39711e-07 1.69907e-07 1.90931e-13
9.26968e-05 3.24053e-06 2.89995e-06 2.49786e-06 2.18715e-06 1.91853e-06 1.71998e-06 1.53993e-06 1.36908e-06 1.19868e-06 1.02812e-06 8.57231e-07 6.86042e-07 5.1471e-07 3.43251e-07 1.71676e-07 -2.39525e-13
0.00011136 3.28231e-06 2.93833e-06 2.53202e-06 2.21261e-06 1.94087e-06 1.73754e-06 1.55564e-06 1.38304e-06 1.21089e-06 1.03859e-06 8.65957e-07 6.93023e-07 5.19946e-07 3.46741e-07 1.73422e-07 5.52432e-15
0.000130043 3.32356e-06 2.97622e-06 2.56575e-06 2.23773e-06 1.96292e-06 1.75486e-06 1.57114e-06 1.39683e-06 1.22295e-06 1.04892e-06 8.74571e-07 6.99914e-07 5.25115e-07 3.50187e-07 1.75145e-07 -3.52776e-13
0.000148792 3.36438e-06 3.01371e-06 2.59912e-06 2.26259e-06 1.98496e-06 1.77201e-06 1.58649e-06 1.41046e-06 1.23489e-06 1.05915e-06 8.83095e-07 7.06734e-07 5.30229e-07 3.53596e-07 1.76849e-07 5.15979e-15
0.000167543 3.40458e-06 3.05063e-06 2.63198e-06 2.28708e-06 2.0072e-06 1.7889e-06 1.6016e-06 1.4239e-06 1.24664e-06 1.06923e-06 8.9149e-07 7.1345e-07 5.35266e-07 3.56954e-07 1.78528e-07 1.23804e-14
0.000185548 3.44251e-06 3.08548e-06 2.663e-06 2.31019e-06 2.02819e-06 1.80484e-06 1.61587e-06 1.43657e-06 1.25773e-06 1.07873e-06 8.99413e-07 7.19788e-07 5.4002e-07 3.60123e-07 1.80113e-07 6.38012e-15
0.000200799 3.47428e-06 3.11466e-06 2.68896e-06 2.32954e-06 2.04577e-06 1.81818e-06 1.62781e-06 1.44719e-06 1.26702e-06 1.08669e-06 9.06047e-07 7.25095e-07 5.44e-07 3.62777e-07 1.8144e-07 1.30202e-14
0.000216052 3.5057e-06 3.14352e-06 2.71466e-06 2.34868e-06 2.06316e-06 1.83138e-06 1.63963e-06 1.45769e-06 1.27621e-06 1.09457e-06 9.1261e-07 7.30345e-07 5.47938e-07 3.65402e-07 1.82752e-07 6.76902e-15
0.000232301 3.53882e-06 3.17394e-06 2.74173e-06 2.36885e-06 2.08148e-06 1.84529e-06 1.65207e-06 1.46875e-06 1.28589e-06 1.10287e-06 9.19525e-07 7.35877e-07 5.52087e-07 3.68168e-07 1.84135e-07 1.29514e-14
0.000252329 3.58459e-06 3.21095e-06 2.77467e-06 2.3934e-06 2.10378e-06 1.86222e-06 1.66723e-06 1.48222e-06 1.29767e-06 1.11297e-06 9.27941e-07 7.4261e-07 5.57136e-07 3.71534e-07 1.85818e-07 9.14859e-15
0.000272355 3.63365e-06 3.24745e-06 2.80716e-06 2.4176e-06 2.12577e-06 1.87892e-06 1.68217e-06 1.4955e-06 1.30929e-06 1.12293e-06 9.3624e-07 7.49249e-07 5.62116e-07 3.74854e-07 1.87478e-07 1.19335e-14
0.000291935 3.68096e-06 3.28266e-06 2.8385e-06 2.44095e-06 2.14697e-06 1.89502e-06 1.69658e-06 1.5083e-06 1.32049e-06 1.13253e-06 9.44244e-07 7.55652e-07 5.66918e-07 3.78056e-07 1.89079e-07 9.09795e-15
0.000309749 3.72346e-06 3.31428e-06 2.86664e-06 2.46192e-06 2.16602e-06 1.90948e-06 1.70952e-06 1.5198e-06 1.33056e-06 1.14116e-06 9.51433e-07 7.61404e-07 5.71232e-07 3.80931e-07 1.90517e-07 1.27081e-14
0.000327563 3.76544e-06 3.34551e-06 2.89527e-06 2.48506e-06 2.18484e-06 1.92377e-06 1.72231e-06 1.53117e-06 1.3405e-06 1.14968e-06 9.58535e-07 7.67085e-07 5.75493e-07 3.83772e-07 1.91937e-07 8.42348e-15
0.000344881 3.80577e-06 3.37553e-06 2.9229e-06 2.50955e-06 2.20292e-06 1.9375e-06 1.73459e-06 1.54209e-06 1.35005e-06 1.15787e-06 9.65359e-07 7.72544e-07 5.79587e-07 3.86502e-07 1.93302e-07 1.28099e-14
0.000360187 3.84104e-06 3.40176e-06 2.94706e-06 2.53095e-06 2.21872e-06 1.9495e-06 1.74533e-06 1.55163e-06 1.35841e-06 1.16503e-06 9.71324e-07 7.77316e-07 5.83166e-07 3.88888e-07 1.94495e-07 8.15841e-15
0.000375494 3.87594e-06 3.42774e-06 2.97098e-06 2.55214e-06 2.23437e-06 1.96138e-06 1.75596e-06 1.56108e-06 1.36667e-06 1.17211e-06 9.77229e-07 7.82041e-07 5.8671e-07 3.9125e-07 1.95676e-07 -1.00318e-12
0.000388514 3.90536e-06 3.44962e-06 2.99113e-06 2.56999e-06 2.24756e-06 1.97139e-06 1.76492e-06 1.56904e-06 1.37364e-06 1.17809e-06 9.82206e-07 7.86022e-07 5.89695e-07 3.9324e-07 1.96671e-07 8.49783e-15
0.000391891 3.91295e-06 3.45527e-06 2.99633e-06 2.5746e-06 2.25096e-06 1.97397e-06 1.76723e-06 1.5711e-06 1.37544e-06 1.17963e-06 9.8349e-07 7.87049e-07 5.90466e-07 3.93754e-07 1.96928e-07 1.25355e-14
0.000395267 3.92053e-06 3.46091e-06 3.00152e-06 2.5792e-06 2.25435e-06 1.97655e-06 1.76954e-06 1.57314e-06 1.37723e-06 1.18116e-06 9.84771e-07 7.88074e-07 5.91234e-07 3.94266e-07 1.97184e-07 9.81514e-15
0.000399648 3.93032e-06 3.4682e-06 3.00823e-06 2.58515e-06 2.25875e-06 1.97999e-06 1.77252e-06 1.5758e-06 1.37955e-06 1.18315e-06 9.86429e-07 7.894e-07 5.92229e-07 3.9493e-07 1.97516e-07 1.29659e-14
0.000408411 3.94985e-06 3.48272e-06 3.0216e-06 2.59699e-06 2.26749e-06 1.98765e-06 1.77847e-06 1.58108e-06 1.38418e-06 1.18712e-06 9.89731e-07 7.92042e-07 5.9421e-07 3.9625e-07 1.98176e-07 1.13918e-14
0.000417175 3.96926e-06 3.49717e-06 3.0349e-06 2.60878e-06 2.2762e-06 1.99526e-06 1.78438e-06 1.58634e-06 1.38877e-06 1.19106e-06 9.93015e-07 7.94669e-07 5.96181e-07 3.97564e-07 1.98833e-07 1.13083e-14
0.000425527 3.98766e-06 3.51086e-06 3.0475e-06 2.61994e-06 2.28444e-06 2.00247e-06 1.78998e-06 1.59132e-06 1.39313e-06 1.19479e-06 9.96128e-07 7.97159e-07 5.98048e-07 3.98809e-07 1.99456e-07 1.07849e-14
0.000432009 4.00187e-06 3.52143e-06 3.05724e-06 2.62857e-06 2.29081e-06 2.00804e-06 1.79431e-06 1.59516e-06 1.3965e-06 1.19768e-06 9.98532e-07 7.99083e-07 5.99491e-07 3.99771e-07 1.99937e-07 1.22465e-14
0.000438492 4.01603e-06 3.53197e-06 3.06694e-06 2.63717e-06 2.29716e-06 2.01359e-06 1.79862e-06 1.599e-06 1.39985e-06 1.20055e-06 1.00093e-06 8.00999e-07 6.00928e-07 4.00729e-07 2.00416e-07 1.04298e-14
0.000442283 4.02429e-06 3.53811e-06 3.0726e-06 2.64218e-06 2.30086e-06 2.01683e-06 1.80114e-06 1.60123e-06 1.40181e-06 1.20223e-06 1.00232e-06 8.02116e-07 6.01766e-07 4.01288e-07 2.00695e-07 1.2666e-14
0.000437832 3.08425e-06 2.75664e-06 2.3701e-06 2.09196e-06 1.83497e-06 1.65433e-06 1.48117e-06 1.31686e-06 1.15298e-06 9.88952e-07 8.24594e-07 6.59933e-07 4.95128e-07 3.30196e-07 1.65149e-07 1.08404e-14
0.000432856 2.14744e-06 1.96047e-06 1.73003e-06 1.53318e-06 1.38944e-06 1.25466e-06 1.12348e-06 9.98972e-07 8.7483e-07 7.50534e-07 6.25913e-07 5.00988e-07 3.75919e-07 2.50723e-07 1.25413e-07 3.96797e-15
0.000427707 1.32269e-06 1.24865e-06 1.12671e-06 1.02765e-06 9.31387e-07 8.41081e-07 7.53354e-07 6.70026e-07 5.87002e-07 5.03824e-07 4.20321e-07 3.36514e-07 2.52565e-07 1.68487e-07 8.42945e-08 1.57177e-14
0.000422505 5.53212e-07 6.1858e-07 5.66451e-07 5.16948e-07 4.68655e-07 4.23279e-07 3.79443e-07 3.37718e-07 2.96232e-07 2.54593e-07 2.12629e-07 1.7036e-07 1.27949e-07 8.54097e-08 4.2756e-08 1.12293e-14
0.000417247 -1.267e-07 -1.5905e-10 1.40677e-10 7.33137e-10 9.25598e-10 9.67288e-10 1.49452e-09 1.82185e-09 2.32337e-09 2.67136e-09 2.69401e-09 2.41254e-09 1.98817e-09 1.43569e-09 7.6904e-10 1.12425e-14
0.000411143 -7.57043e-07 -5.66008e-07 -5.17761e-07 -4.71356e-07 -4.26822e-07 -3.85245e-07 -3.44146e-07 -3.05362e-07 -2.66462e-07 -2.27716e-07 -1.89296e-07 -1.51179e-07 -1.13206e-07 -7.53601e-08 -3.76288e-08 4.8796e-14
0.00040103 -1.19707e-06 -9.12058e-07 -8.34489e-07 -7.60066e-07 -6.88415e-07 -6.21437e-07 -5.55526e-07 -4.93222e-07 -4.3084e-07 -3.68612e-07 -3.06709e-07 -2.4511e-07 -1.83653e-07 -1.22325e-07 -6.11115e-08 4.41309e-14
0.000390295 -1.50759e-06 -1.15294e-06 -1.05477e-06 -9.60862e-07 -8.70351e-07 -7.85707e-07 -7.0254e-07 -6.23878e-07 -5.45164e-07 -4.66604e-07 -3.88369e-07 -3.10438e-07 -2.32649e-07 -1.54989e-07 -7.74435e-08 -2.36114e-14
0.000378742 -1.77138e-06 -1.38668e-06 -1.2419e-06 -1.13144e-06 -1.02491e-06 -9.25257e-07 -8.2743e-07 -7.34873e-07 -6.42284e-07 -5.4985e-07 -4.5774e-07 -3.65935e-07 -2.74272e-07 -1.82738e-07 -9.13178e-08 -2.84146e-14
0.000363976 -2.07167e-06 -1.64298e-06 -1.44394e-06 -1.3127e-06 -1.18914e-06 -1.07354e-06 -9.60138e-07 -8.52815e-07 -7.45484e-07 -6.38306e-07 -5.31454e-07 -4.24906e-07 -3.18501e-07 -2.12223e-07 -1.0606e-07 4.02279e-14
0.000349054 -2.36081e-06 -1.85973e-06 -1.63694e-06 -1.46599e-06 -1.32803e-06 -1.19895e-06 -1.07237e-06 -9.52557e-07 -8.32758e-07 -7.13113e-07 -5.93793e-07 -4.74777e-07 -3.55904e-07 -2.37159e-07 -1.18528e-07 5.41038e-14
0.000334741 -2.59398e-06 -2.03452e-06 -1.79739e-06 -1.5896e-06 -1.44003e-06 -1.30007e-06 -1.16287e-06 -1.03299e-06 -9.03137e-07 -7.73437e-07 -6.44063e-07 -5.14993e-07 -3.86066e-07 -2.57267e-07 -1.28582e-07 -2.74084e-14
0.000324662 -2.74046e-06 -2.14174e-06 -1.89582e-06 -1.66846e-06 -1.50874e-06 -1.3621e-06 -1.21839e-06 -1.08233e-06 -9.46309e-07 -8.10442e-07 -6.74901e-07 -5.39663e-07 -4.04569e-07 -2.69602e-07 -1.3475e-07 5.35382e-14
0.000314535 -2.87353e-06 -2.24294e-06 -1.98443e-06 -1.74677e-06 -1.57059e-06 -1.41795e-06 -1.26837e-06 -1.12675e-06 -9.85177e-07 -8.43757e-07 -7.02663e-07 -5.61873e-07 -4.21226e-07 -2.80707e-07 -1.40302e-07 5.47401e-14
0.000304161 -2.99538e-06 -2.35114e-06 -2.06557e-06 -1.81846e-06 -1.62723e-06 -1.46909e-06 -1.31413e-06 -1.16742e-06 -1.02077e-06 -8.74262e-07 -7.28083e-07 -5.82209e-07 -4.36478e-07 -2.90875e-07 -1.45386e-07 4.61158e-14
0.000292516 -3.10726e-06 -2.45049e-06 -2.14007e-06 -1.88629e-06 -1.67923e-06 -1.51604e-06 -1.35615e-06 -1.20477e-06 -1.05344e-06 -9.02271e-07 -7.51425e-07 -6.00883e-07 -4.50483e-07 -3.00212e-07 -1.50055e-07 -1.59017e-14
0.000280787 -3.19907e-06 -2.53202e-06 -2.20121e-06 -1.94218e-06 -1.72191e-06 -1.55458e-06 -1.39064e-06 -1.23542e-06 -1.08026e-06 -9.25257e-07 -7.7058e-07 -6.16206e-07 -4.61976e-07 -3.07874e-07 -1.53886e-07 -1.54943e-14
0.000268767 -3.28267e-06 -2.60626e-06 -2.25688e-06 -1.99306e-06 -1.76076e-06 -1.58966e-06 -1.42204e-06 -1.26332e-06 -1.10468e-06 -9.46186e-07 -7.8802e-07 -6.30159e-07 -4.7244e-07 -3.1485e-07 -1.57374e-07 -1.47491e-14
0.000255205 -3.36686e-06 -2.68102e-06 -2.31294e-06 -2.04431e-06 -1.7999e-06 -1.62499e-06 -1.45366e-06 -1.29143e-06 -1.12927e-06 -9.67264e-07 -8.05585e-07 -6.44211e-07 -4.82979e-07 -3.21876e-07 -1.60887e-07 -2.10252e-14
0.000241608 -3.44289e-06 -2.74854e-06 -2.36357e-06 -2.09059e-06 -1.83524e-06 -1.6569e-06 -1.48222e-06 -1.3168e-06 -1.15147e-06 -9.86298e-07 -8.21447e-07 -6.569e-07 -4.92496e-07 -3.28221e-07 -1.64059e-07 2.34045e-14
0.000228004 -3.51166e-06 -2.80998e-06 -2.41835e-06 -2.13245e-06 -1.87093e-06 -1.68576e-06 -1.50805e-06 -1.33976e-06 -1.17156e-06 -1.00352e-06 -8.35795e-07 -6.68378e-07 -5.01105e-07 -3.3396e-07 -1.66929e-07 2.62021e-14
0.000214435 -3.57196e-06 -2.86536e-06 -2.46763e-06 -2.16915e-06 -1.90315e-06 -1.71107e-06 -1.5307e-06 -1.35989e-06 -1.18917e-06 -1.01861e-06 -8.48376e-07 -6.78443e-07 -5.08654e-07 -3.38992e-07 -1.69445e-07 3.28996e-14
0.000200776 -3.61463e-06 -2.90154e-06 -2.49983e-06 -2.19313e-06 -1.9242e-06 -1.72761e-06 -1.54549e-06 -1.37304e-06 -1.20068e-06 -1.02848e-06 -8.56596e-07 -6.85019e-07 -5.13586e-07 -3.4228e-07 -1.71089e-07 2.56077e-14
0.000187069 -3.65575e-06 -2.93212e-06 -2.52705e-06 -2.21341e-06 -1.94199e-06 -1.74159e-06 -1.558e-06 -1.38416e-06 -1.21041e-06 -1.03681e-06 -8.63544e-07 -6.90578e-07 -5.17755e-07 -3.45059e-07 -1.72479e-07 8.85082e-15
0.0001732 -3.69457e-06 -2.96098e-06 -2.55274e-06 -2.23254e-06 -1.95878e-06 -1.75478e-06 -1.56981e-06 -1.39465e-06 -1.21959e-06 -1.04468e-06 -8.70101e-07 -6.95824e-07 -5.21689e-07 -3.47682e-07 -1.7379e-07 9.12533e-15
0.000159324 -3.73136e-06 -2.98834e-06 -2.57709e-06 -2.25067e-06 -1.9747e-06 -1.76728e-06 -1.581e-06 -1.4046e-06 -1.22829e-06 -1.05214e-06 -8.76318e-07 -7.00797e-07 -5.25419e-07 -3.50169e-07 -1.75033e-07 9.44705e-15
0.000145249 -3.76716e-06 -3.01496e-06 -2.60078e-06 -2.26832e-06 -1.99019e-06 -1.77945e-06 -1.59189e-06 -1.41427e-06 -1.23676e-06 -1.0594e-06 -8.82366e-07 -7.05636e-07 -5.29048e-07 -3.52588e-07 -1.76243e-07 9.59693e-15
0.000129835 -3.80506e-06 -3.04314e-06 -2.62587e-06 -2.287e-06 -2.00658e-06 -1.79233e-06 -1.60342e-06 -1.42452e-06 -1.24573e-06 -1.06709e-06 -8.8877e-07 -7.10759e-07 -5.3289e-07 -3.5515e-07 -1.77524e-07 9.38614e-15
0.000114417 -3.84194e-06 -3.07057e-06 -2.65028e-06 -2.30519e-06 -2.02308e-06 -1.80487e-06 -1.61464e-06 -1.43449e-06 -1.25445e-06 -1.07456e-06 -8.95002e-07 -7.15744e-07 -5.36629e-07 -3.57643e-07 -1.7877e-07 9.54901e-15
9.8989e-05 -3.87806e-06 -3.09743e-06 -2.67418e-06 -2.32299e-06 -2.03926e-06 -1.81714e-06 -1.62562e-06 -1.44425e-06 -1.26299e-06 -1.08189e-06 -9.01104e-07 -7.20626e-07 -5.4029e-07 -3.60083e-07 -1.79991e-07 9.63482e-15
8.35024e-05 -3.91367e-06 -3.12391e-06 -2.69775e-06 -2.34054e-06 -2.0552e-06 -1.82925e-06 -1.63646e-06 -1.45388e-06 -1.27142e-06 -1.08911e-06 -9.07121e-07 -7.25439e-07 -5.43901e-07 -3.6249e-07 -1.81194e-07 9.67395e-15
6.80137e-05 -3.94876e-06 -3.15e-06 -2.72098e-06 -2.35784e-06 -2.07091e-06 -1.84117e-06 -1.64713e-06 -1.46337e-06 -1.27972e-06 -1.09622e-06 -9.13049e-07 -7.30182e-07 -5.47458e-07 -3.64862e-07 -1.8238e-07 1.06801e-12
5.2727e-05 -3.98295e-06 -3.17542e-06 -2.7436e-06 -2.37469e-06 -2.08622e-06 -1.85279e-06 -1.65753e-06 -1.47261e-06 -1.2878e-06 -1.10315e-06 -9.18825e-07 -7.34803e-07 -5.50923e-07 -3.67172e-07 -1.83535e-07 9.66781e-15
3.90047e-05 -4.0133e-06 -3.198e-06 -2.76369e-06 -2.38965e-06 -2.09981e-06 -1.86311e-06 -1.66676e-06 -1.48081e-06 -1.29498e-06 -1.10931e-06 -9.23953e-07 -7.38905e-07 -5.54e-07 -3.69223e-07 -1.8456e-07 9.98232e-15
2.52814e-05 -4.04338e-06 -3.22036e-06 -2.7836e-06 -2.40448e-06 -2.11328e-06 -1.87333e-06 -1.67591e-06 -1.48894e-06 -1.3021e-06 -1.1154e-06 -9.29035e-07 -7.42971e-07 -5.57049e-07 -3.71256e-07 -1.85577e-07 9.98281e-15
1.09729e-05 -4.07384e-06 -3.24301e-06 -2.80376e-06 -2.4195e-06 -2.12692e-06 -1.88368e-06 -1.68517e-06 -1.49718e-06 -1.3093e-06 -1.12158e-06 -9.34182e-07 -7.47088e-07 -5.60137e-07 -3.73315e-07 -1.86606e-07 5.44965e-15
-8.06599e-06 -4.11378e-06 -3.27271e-06 -2.83019e-06 -2.43918e-06 -2.1448e-06 -1.89726e-06 -1.69732e-06 -1.50798e-06 -1.31875e-06 -1.12968e-06 -9.4093e-07 -7.52486e-07 -5.64186e-07 -3.76014e-07 -1.87956e-07 8.88803e-15
-2.71064e-05 -4.15331e-06 -3.30211e-06 -2.85636e-06 -2.45867e-06 -2.1625e-06 -1.91069e-06 -1.70935e-06 -1.51866e-06 -1.3281e-06 -1.13769e-06 -9.47609e-07 -7.5783e-07 -5.68193e-07 -3.78685e-07 -1.89291e-07 8.8755e-15
-4.53993e-05 -4.19093e-06 -3.33008e-06 -2.88125e-06 -2.47721e-06 -2.17935e-06 -1.92348e-06 -1.72079e-06 -1.52883e-06 -1.337e-06 -1.14532e-06 -9.53964e-07 -7.62914e-07 -5.72007e-07 -3.81228e-07 -1.90563e-07 8.80834e-15
-5.72475e-05 -4.21511e-06 -3.34806e-06 -2.89726e-06 -2.48913e-06 -2.19018e-06 -1.9317e-06 -1.72814e-06 -1.53537e-06 -1.34272e-06 -1.15022e-06 -9.5805e-07 -7.66183e-07 -5.74458e-07 -3.82862e-07 -1.9138e-07 1.02557e-14
-6.90957e-05 -4.23912e-06 -3.36592e-06 -2.9136e-06 -2.50115e-06 -2.20093e-06 -1.93986e-06 -1.73545e-06 -1.54186e-06 -1.3484e-06 -1.15509e-06 -9.62107e-07 -7.69428e-07 -5.76892e-07 -3.84485e-07 -1.92191e-07 1.00594e-14
-8.09759e-05 -4.26304e-06 -3.3837e-06 -2.92997e-06 -2.51566e-06 -2.21163e-06 -1.94799e-06 -1.74272e-06 -1.54832e-06 -1.35405e-06 -1.15994e-06 -9.66147e-07 -7.7266e-07 -5.79316e-07 -3.86101e-07 -1.92999e-07 1.02263e-14
-9.31614e-05 -4.28743e-06 -3.40184e-06 -2.94667e-06 -2.53045e-06 -2.22256e-06 -1.95628e-06 -1.75014e-06 -1.55492e-06 -1.35982e-06 -1.16488e-06 -9.70268e-07 -7.75957e-07 -5.81789e-07 -3.87749e-07 -1.93823e-07 1.01568e-14
-0.000105347 -4.31169e-06 -3.41988e-06 -2.96328e-06 -2.54517e-06 -2.23342e-06 -1.96452e-06 -1.75752e-06 -1.56148e-06 -1.36556e-06 -1.1698e-06 -9.74367e-07 -7.79236e-07 -5.84248e-07 -3.89389e-07 -1.94643e-07 1.01559e-14
-0.000117522 -4.33579e-06 -3.4378e-06 -2.97979e-06 -2.55979e-06 -2.24421e-06 -1.97271e-06 -1.76485e-06 -1.56799e-06 -1.37126e-06 -1.17469e-06 -9.78439e-07 -7.82494e-07 -5.86692e-07 -3.91018e-07 -1.95458e-07 1.0162e-14
-0.000129579 -4.35954e-06 -3.45546e-06 -2.99605e-06 -2.57419e-06 -2.25485e-06 -1.98078e-06 -1.77207e-06 -1.57441e-06 -1.37688e-06 -1.1795e-06 -9.82451e-07 -7.85704e-07 -5.89099e-07 -3.92623e-07 -1.9626e-07 1.01797e-14
-0.000141636 -4.38316e-06 -3.47303e-06 -3.01222e-06 -2.58852e-06 -2.26542e-06 -1.98881e-06 -1.77926e-06 -1.5808e-06 -1.38247e-06 -1.18429e-06 -9.86443e-07 -7.88897e-07 -5.91494e-07 -3.94219e-07 -1.97058e-07 1.01764e-14
-0.000153698 -4.40668e-06 -3.49051e-06 -3.02832e-06 -2.60278e-06 -2.27595e-06 -1.99681e-06 -1.78641e-06 -1.58715e-06 -1.38803e-06 -1.18906e-06 -9.90416e-07 -7.92075e-07 -5.93878e-07 -3.95808e-07 -1.97853e-07 1.01805e-14
-0.000165805 -4.43016e-06 -3.50798e-06 -3.0444e-06 -2.61702e-06 -2.28647e-06 -2.00523e-06 -1.79355e-06 -1.5935e-06 -1.39358e-06 -1.19382e-06 -9.94383e-07 -7.95249e-07 -5.96258e-07 -3.97395e-07 -1.98646e-07 1.01725e-14
-0.000177912 -4.45352e-06 -3.52535e-06 -3.06039e-06 -2.63119e-06 -2.29693e-06 -2.01438e-06 -1.80066e-06 -1.59982e-06 -1.39911e-06 -1.19856e-06 -9.9833e-07 -7.98407e-07 -5.98626e-07 -3.98974e-07 -1.99436e-07 1.01711e-14
-0.000189866 -4.47647e-06 -3.54242e-06 -3.07611e-06 -2.64512e-06 -2.3072e-06 -2.02337e-06 -1.80764e-06 -1.60602e-06 -1.40454e-06 -1.20321e-06 -1.00221e-06 -8.01509e-07 -6.00953e-07 -4.00525e-07 -2.00211e-07 1.02003e-14
-0.000200107 -4.49605e-06 -3.55697e-06 -3.08951e-06 -2.65699e-06 -2.31597e-06 -2.03103e-06 -1.8136e-06 -1.61131e-06 -1.40917e-06 -1.20718e-06 -1.00552e-06 -8.04155e-07 -6.02937e-07 -4.01848e-07 -2.00873e-07 1.29205e-14
-0.000210348 -4.51554e-06 -3.57147e-06 -3.10286e-06 -2.66881e-06 -2.3247e-06 -2.03867e-06 -1.81952e-06 -1.61658e-06 -1.41378e-06 -1.21113e-06 -1.00881e-06 -8.0679e-07 -6.04913e-07 -4.03165e-07 -2.01531e-07 1.29192e-14
-0.000220193 -4.53421e-06 -3.58535e-06 -3.11564e-06 -2.68013e-06 -2.33306e-06 -2.04597e-06 -1.8252e-06 -1.62163e-06 -1.4182e-06 -1.21492e-06 -1.01196e-06 -8.09312e-07 -6.06806e-07 -4.04427e-07 -2.02162e-07 1.22632e-14
-0.000225281 -4.54382e-06 -3.5925e-06 -3.12222e-06 -2.68597e-06 -2.33736e-06 -2.04974e-06 -1.82813e-06 -1.62423e-06 -1.42047e-06 -1.21687e-06 -1.01359e-06 -8.10612e-07 -6.07781e-07 -4.05077e-07 -2.02487e-07 9.46783e-15
-0.000230369 -4.55342e-06 -3.59964e-06 -3.12879e-06 -2.69179e-06 -2.34166e-06 -2.0535e-06 -1.83105e-06 -1.62682e-06 -1.42274e-06 -1.21881e-06 -1.01521e-06 -8.1191e-07 -6.08753e-07 -4.05725e-07 -2.02812e-07 9.47119e-15
-0.00023626 -4.56451e-06 -3.60788e-06 -3.13638e-06 -2.69851e-06 -2.34662e-06 -2.05784e-06 -1.83442e-06 -1.62982e-06 -1.42536e-06 -1.22106e-06 -1.01708e-06 -8.13408e-07 -6.09878e-07 -4.06475e-07 -2.03186e-07 9.2377e-15
-0.000252621 -4.59517e-06 -3.63144e-06 -3.15737e-06 -2.71711e-06 -2.36035e-06 -2.06984e-06 -1.84375e-06 -1.63811e-06 -1.43262e-06 -1.22728e-06 -1.02226e-06 -8.17552e-07 -6.12986e-07 -4.08547e-07 -2.04222e-07 9.1631e-15
-0.00026898 -4.62562e-06 -3.65948e-06 -3.17823e-06 -2.73558e-06 -2.37399e-06 -2.08177e-06 -1.85301e-06 -1.64634e-06 -1.43982e-06 -1.23345e-06 -1.02741e-06 -8.21669e-07 -6.16073e-07 -4.10605e-07 -2.05251e-07 9.17018e-15
-0.000284722 -4.65475e-06 -3.68629e-06 -3.19817e-06 -2.75324e-06 -2.38703e-06 -2.09317e-06 -1.86187e-06 -1.65421e-06 -1.44671e-06 -1.23936e-06 -1.03233e-06 -8.25605e-07 -6.19025e-07 -4.12573e-07 -2.06235e-07 9.3041e-15
-0.000291693 -4.66759e-06 -3.69812e-06 -3.20696e-06 -2.76103e-06 -2.39278e-06 -2.0982e-06 -1.86577e-06 -1.65768e-06 -1.44974e-06 -1.24196e-06 -1.0345e-06 -8.27341e-07 -6.20327e-07 -4.13441e-07 -2.06669e-07 9.85484e-15
-0.000298665 -4.68039e-06 -3.70991e-06 -3.21573e-06 -2.7688e-06 -2.39851e-06 -2.10322e-06 -1.86967e-06 -1.66115e-06 -1.45277e-06 -1.24456e-06 -1.03666e-06 -8.29072e-07 -6.21625e-07 -4.14306e-07 -2.07102e-07 9.87641e-15
-0.00030554 -4.69299e-06 -3.7215e-06 -3.22435e-06 -2.77644e-06 -2.40415e-06 -2.10815e-06 -1.8735e-06 -1.66455e-06 -1.45575e-06 -1.24711e-06 -1.03879e-06 -8.30774e-07 -6.22902e-07 -4.15158e-07 -2.07528e-07 9.78368e-15
-0.000310901 -4.70279e-06 -3.73052e-06 -3.23106e-06 -2.78238e-06 -2.40854e-06 -2.11198e-06 -1.87648e-06 -1.6672e-06 -1.45807e-06 -1.2491e-06 -1.04044e-06 -8.32099e-07 -6.23895e-07 -4.1582e-07 -2.07859e-07 9.43304e-15
-0.000316263 -4.71257e-06 -3.73953e-06 -3.23775e-06 -2.78831e-06 -2.41292e-06 -2.11581e-06 -1.87945e-06 -1.66984e-06 -1.46038e-06 -1.25108e-06 -1.0421e-06 -8.3342e-07 -6.24886e-07 -4.16481e-07 -2.08189e-07 9.43049e-15
-0.000321709 -4.72248e-06 -3.74865e-06 -3.24454e-06 -2.79433e-06 -2.41736e-06 -2.11969e-06 -1.88247e-06 -1.67252e-06 -1.46273e-06 -1.25309e-06 -1.04377e-06 -8.3476e-07 -6.25891e-07 -4.17151e-07 -2.08524e-07 9.40823e-15
-0.0003286 -4.73499e-06 -3.76017e-06 -3.25311e-06 -2.80191e-06 -2.42296e-06 -2.12459e-06 -1.88627e-06 -1.67591e-06 -1.46569e-06 -1.25562e-06 -1.04589e-06 -8.36451e-07 -6.2716e-07 -4.17996e-07 -2.08947e-07 9.85832e-15
-0.000335491 -4.74747e-06 -3.77166e-06 -3.26165e-06 -2.80948e-06 -2.42855e-06 -2.12948e-06 -1.89007e-06 -1.67928e-06 -1.46864e-06 -1.25815e-06 -1.04799e-06 -8.38138e-07 -6.28425e-07 -4.18839e-07 -2.09369e-07 9.87723e-15
-0.000342352 -4.75986e-06 -3.78307e-06 -3.27013e-06 -2.817e-06 -2.4341e-06 -2.13433e-06 -1.89384e-06 -1.68263e-06 -1.47157e-06 -1.26067e-06 -1.05009e-06 -8.39812e-07 -6.29681e-07 -4.19677e-07 -2.09787e-07 9.85779e-15
-0.000348617 -4.77115e-06 -3.79346e-06 -3.27786e-06 -2.82384e-06 -2.43915e-06 -2.13875e-06 -1.89727e-06 -1.68568e-06 -1.47424e-06 -1.26295e-06 -1.05199e-06 -8.41338e-07 -6.30825e-07 -4.2044e-07 -2.10169e-07 9.44008e-15
-0.000354883 -4.78241e-06 -3.80382e-06 -3.28557e-06 -2.83067e-06 -2.44419e-06 -2.14316e-06 -1.9007e-06 -1.68872e-06 -1.4769e-06 -1.26524e-06 -1.0539e-06 -8.4286e-07 -6.31966e-07 -4.21201e-07 -2.10549e-07 9.46038e-15
-0.000361247 -4.79382e-06 -3.81433e-06 -3.29338e-06 -2.83759e-06 -2.4493e-06 -2.14763e-06 -1.90417e-06 -1.69181e-06 -1.4796e-06 -1.26755e-06 -1.05582e-06 -8.44402e-07 -6.33123e-07 -4.21972e-07 -2.10935e-07 9.50333e-15
-0.000369766 -4.80904e-06 -3.82835e-06 -3.30381e-06 -2.84683e-06 -2.45612e-06 -2.15364e-06 -1.9088e-06 -1.69592e-06 -1.4832e-06 -1.27064e-06 -1.0584e-06 -8.4646e-07 -6.34667e-07 -4.23001e-07 -2.11449e-07 1.63604e-14
-0.000378285 -4.82422e-06 -3.84232e-06 -3.3142e-06 -2.85604e-06 -2.46291e-06 -2.15979e-06 -1.91342e-06 -1.70003e-06 -1.48679e-06 -1.27372e-06 -1.06096e-06 -8.48512e-07 -6.36205e-07 -4.24027e-07 -2.11962e-07 1.64635e-14
-0.000386587 -4.83896e-06 -3.8559e-06 -3.32429e-06 -2.86498e-06 -2.46952e-06 -2.16577e-06 -1.9179e-06 -1.70401e-06 -1.49028e-06 -1.2767e-06 -1.06345e-06 -8.50505e-07 -6.377e-07 -4.25023e-07 -2.1246e-07 1.52324e-14
-0.00038942 -4.84399e-06 -3.86052e-06 -3.32773e-06 -2.86802e-06 -2.47176e-06 -2.16781e-06 -1.91943e-06 -1.70537e-06 -1.49147e-06 -1.27772e-06 -1.0643e-06 -8.51183e-07 -6.38209e-07 -4.25362e-07 -2.1263e-07 1.05312e-14
-0.000392254 -4.849e-06 -3.86514e-06 -3.33117e-06 -2.87107e-06 -2.47401e-06 -2.16984e-06 -1.92095e-06 -1.70673e-06 -1.49266e-06 -1.27874e-06 -1.06515e-06 -8.51861e-07 -6.38717e-07 -4.25701e-07 -2.12799e-07 1.05372e-14
-0.000394776 -4.85346e-06 -3.86924e-06 -3.33422e-06 -2.87377e-06 -2.47601e-06 -2.17165e-06 -1.92231e-06 -1.70793e-06 -1.49371e-06 -1.27964e-06 -1.0659e-06 -8.52464e-07 -6.39169e-07 -4.26003e-07 -2.1295e-07 1.05995e-14
-0.000391517 -4.08761e-06 -3.25325e-06 -2.81287e-06 -2.42628e-06 -2.13308e-06 -1.88836e-06 -1.68936e-06 -1.5009e-06 -1.31256e-06 -1.12437e-06 -9.36507e-07 -7.48948e-07 -5.61532e-07 -3.74245e-07 -1.87071e-07 1.17942e-14
-0.000387917 -3.30953e-06 -2.63011e-06 -2.27477e-06 -2.00941e-06 -1.77325e-06 -1.60093e-06 -1.43213e-06 -1.27229e-06 -1.11252e-06 -9.5291e-07 -7.93624e-07 -6.34642e-07 -4.75803e-07 -3.17092e-07 -1.58495e-07 1.12989e-14
-0.000384155 -2.59503e-06 -2.03531e-06 -1.79811e-06 -1.59015e-06 -1.44053e-06 -1.30053e-06 -1.16328e-06 -1.03335e-06 -9.03453e-07 -7.73708e-07 -6.44289e-07 -5.15174e-07 -3.86202e-07 -2.57358e-07 -1.28628e-07 1.56761e-14
-0.000379458 -1.77167e-06 -1.38695e-06 -1.24211e-06 -1.13163e-06 -1.02508e-06 -9.2541e-07 -8.27567e-07 -7.34994e-07 -6.42391e-07 -5.49941e-07 -4.57816e-07 -3.65995e-07 -2.74318e-07 -1.82768e-07 -9.1333e-08 4.07834e-15
-0.000374641 -1.04457e-06 -7.93858e-07 -7.26306e-07 -6.61452e-07 -5.99063e-07 -5.40762e-07 -4.83326e-07 -4.29055e-07 -3.74694e-07 -3.20486e-07 -2.66604e-07 -2.13026e-07 -1.59591e-07 -1.06284e-07 -5.30906e-08 1.59636e-14
-0.000369774 -3.73177e-07 -2.2446e-07 -2.05156e-07 -1.86402e-07 -1.68633e-07 -1.52127e-07 -1.35517e-07 -1.19945e-07 -1.04223e-07 -8.86538e-08 -7.34103e-08 -5.84709e-08 -4.36744e-08 -2.9006e-08 -1.44518e-08 6.77136e-15
-0.000367316 -5.71733e-08 6.3112e-08 5.80488e-08 5.35203e-08 4.87546e-08 4.41521e-08 4.01428e-08 3.61699e-08 3.23779e-08 2.84324e-08 2.41615e-08 1.95866e-08 1.48687e-08 1.00227e-08 5.06255e-09 -6.78156e-14
-0.000354995 5.88517e-07 6.50709e-07 5.95856e-07 5.43754e-07 4.92942e-07 4.45209e-07 3.99068e-07 3.5516e-07 3.11494e-07 2.67675e-07 2.2353e-07 1.79081e-07 1.3449e-07 8.97701e-08 4.49362e-08 -2.97836e-14
-0.000338687 1.01251e-06 9.90175e-07 9.06557e-07 8.26971e-07 7.49558e-07 6.76907e-07 6.06426e-07 5.39446e-07 4.72745e-07 4.0589e-07 3.38709e-07 2.71225e-07 2.03597e-07 1.35842e-07 6.79721e-08 5.8852e-14
-0.000321348 1.36183e-06 1.2833e-06 1.15449e-06 1.05297e-06 9.54333e-07 8.61798e-07 7.71895e-07 6.86504e-07 6.0142e-07 5.16183e-07 4.3062e-07 3.44753e-07 2.58744e-07 1.72606e-07 8.63542e-08 -2.77272e-14
-0.000303266 1.65448e-06 1.54932e-06 1.3622e-06 1.24231e-06 1.12589e-06 1.01669e-06 9.10518e-07 8.09703e-07 7.0922e-07 6.08583e-07 5.0762e-07 4.06353e-07 3.04944e-07 2.03406e-07 1.01754e-07 -3.88043e-14
-0.00028457 1.89395e-06 1.76831e-06 1.5545e-06 1.39724e-06 1.26626e-06 1.14344e-06 1.02395e-06 9.10513e-07 7.97429e-07 6.8419e-07 5.70626e-07 4.56758e-07 3.42748e-07 2.28609e-07 1.14356e-07 5.06382e-14
-0.000269193 2.08526e-06 1.91384e-06 1.68722e-06 1.5002e-06 1.35955e-06 1.22767e-06 1.09933e-06 9.77507e-07 8.56048e-07 7.34435e-07 6.12497e-07 4.90255e-07 3.6787e-07 2.45357e-07 1.2273e-07 7.05489e-14
-0.000253469 2.25021e-06 2.03756e-06 1.80079e-06 1.58772e-06 1.43886e-06 1.29927e-06 1.16341e-06 1.03446e-06 9.05881e-07 7.7715e-07 6.48093e-07 5.18731e-07 3.89227e-07 2.59595e-07 1.29849e-07 -3.91944e-14
-0.000237475 2.39241e-06 2.14422e-06 1.89871e-06 1.67088e-06 1.50723e-06 1.36101e-06 1.21866e-06 1.08356e-06 9.48845e-07 8.13975e-07 6.78781e-07 5.43282e-07 4.0764e-07 2.7187e-07 1.35986e-07 6.56548e-14
-0.000221226 2.51554e-06 2.2494e-06 1.98349e-06 1.7458e-06 1.56642e-06 1.41445e-06 1.26649e-06 1.12607e-06 9.86042e-07 8.45859e-07 7.0535e-07 5.64538e-07 4.23582e-07 2.82498e-07 1.413e-07 4.66938e-14
-0.000204809 2.62539e-06 2.34902e-06 2.05821e-06 1.81247e-06 1.6186e-06 1.46156e-06 1.30866e-06 1.16354e-06 1.01883e-06 8.73962e-07 7.28769e-07 5.83273e-07 4.37634e-07 2.91866e-07 1.45984e-07 -3.3851e-12
-0.000188257 2.7258e-06 2.43823e-06 2.12512e-06 1.87363e-06 1.66532e-06 1.50375e-06 1.34641e-06 1.1971e-06 1.04819e-06 8.99127e-07 7.4974e-07 6.0005e-07 4.50216e-07 3.00254e-07 1.50178e-07 -3.69227e-15
