-2.60519e-05 8.33436e-11 -3.41816e-27
-5.21038e-05 1.65389e-10 -6.7831e-27
-7.81557e-05 2.46129e-10 -1.00945e-26
-0.000104208 3.25555e-10 -1.33519e-26
-0.00013026 4.03658e-10 -1.65552e-26
-0.000156312 4.8043e-10 -1.97038e-26
-0.000182364 5.55863e-10 -2.27975e-26
-0.000208416 6.29948e-10 -2.5836e-26
-0.000234468 7.02676e-10 -2.88188e-26
-0.00026052 7.74039e-10 -3.17456e-26
-0.00026052 9.52339e-10 -3.90582e-26
-0.00026052 1.73985e-09 -7.13563e-26
-0.00026052 3.51525e-09 -1.44171e-25
-0.00026052 6.51886e-09 -2.67357e-25
-0.00026052 1.0754e-08 -4.41054e-25
-0.00026052 1.57491e-08 -6.45918e-25
-0.00026052 2.07793e-08 -8.52218e-25
-0.00026052 2.51232e-08 -1.03038e-24
-0.00026052 2.79742e-08 -1.1473e-24
-0.00026052 2.83397e-08 -1.16229e-24
-0.00026052 2.51455e-08 -1.03129e-24
-0.00026052 1.73513e-08 -7.11626e-25
-0.00026052 4.09709e-09 -1.68033e-25
-0.00026052 -1.5144e-08 6.21101e-25
-0.00026052 -4.06975e-08 1.66912e-24
-0.00026052 -7.28396e-08 2.98736e-24
-0.00026052 -1.11618e-07 4.57777e-24
-0.00026052 -1.56655e-07 6.42488e-24
-0.00026052 -2.07336e-07 8.50344e-24
-0.00026052 -2.63013e-07 1.07869e-23
-0.00026052 -3.22693e-07 1.32346e-23
-0.00026052 -3.8469e-07 1.57773e-23
-0.00026052 -4.46964e-07 1.83313e-23
-0.00026052 -5.07505e-07 2.08142e-23
-0.00026052 -5.64463e-07 2.31503e-23
-0.00026052 -6.16289e-07 2.52758e-23
-0.00026052 -6.61629e-07 2.71353e-23
-0.00026052 -6.99218e-07 2.86769e-23
-0.00026052 -7.27959e-07 2.98557e-23
-0.00026052 -7.47021e-07 3.06375e-23
-0.00026052 -7.55758e-07 3.09958e-23
-0.00026052 -7.53631e-07 3.09086e-23
-0.00026052 -7.4036e-07 3.03643e-23
-0.00026052 -7.16105e-07 2.93695e-23
-0.00026052 -6.81292e-07 2.79417e-23
-0.00026052 -6.36426e-07 2.61017e-23
-0.00026052 -5.82134e-07 2.3875e-23
-0.00026052 -5.19214e-07 2.12945e-23
-0.00026052 -4.48566e-07 1.8397e-23
-0.00026052 -3.71117e-07 1.52206e-23
-0.00026052 -2.87699e-07 1.17994e-23
-0.00026052 -1.98932e-07 8.15877e-24
-0.00026052 -1.05306e-07 4.31888e-24
-0.00026052 -7.2939e-09 2.99144e-25
-0.00026052 9.43989e-08 -3.87157e-24
-0.00026052 1.98572e-07 -8.14402e-24
-0.00026052 3.03791e-07 -1.24594e-23
-0.00026052 4.08686e-07 -1.67614e-23
-0.00026052 5.11861e-07 -2.09929e-23
-0.00026052 6.11797e-07 -2.50916e-23
-0.00026052 7.06961e-07 -2.89945e-23
-0.00026052 7.95925e-07 -3.26432e-23
-0.00026052 8.7733e-07 -3.59818e-23
-0.00026052 9.49821e-07 -3.89549e-23
-0.00026052 1.01212e-06 -4.15098e-23
-0.00026052 1.06306e-06 -4.35992e-23
-0.00026052 1.10188e-06 -4.51912e-23
-0.00026052 1.12845e-06 -4.6281e-23
-0.00026052 1.14304e-06 -4.68793e-23
-0.00026052 1.14602e-06 -4.70016e-23
-0.00026052 1.13803e-06 -4.6674e-23
-0.00026052 1.12018e-06 -4.59417e-23
-0.00026052 1.09381e-06 -4.48602e-23
-0.00026052 1.06031e-06 -4.34862e-23
-0.00026052 1.02121e-06 -4.18826e-23
-0.00026052 9.78334e-07 -4.01243e-23
-0.00026052 9.33638e-07 -3.82912e-23
-0.00026052 8.89011e-07 -3.64609e-23
-0.00026052 8.46149e-07 -3.4703e-23
-0.00026052 8.06412e-07 -3.30733e-23
-0.00026052 7.70926e-07 -3.16179e-23
-0.00026052 7.40705e-07 -3.03784e-23
-0.00026052 7.16469e-07 -2.93845e-23
-0.00026052 6.98455e-07 -2.86457e-23
-0.00026052 6.8659e-07 -2.81591e-23
-0.00026052 6.80695e-07 -2.79173e-23
-0.00026052 6.80338e-07 -2.79026e-23
-0.00026052 6.84679e-07 -2.80807e-23
-0.00026052 6.92641e-07 -2.84072e-23
-0.00026052 7.03093e-07 -2.88359e-23
-0.00026052 7.15184e-07 -2.93318e-23
-0.00026052 7.28685e-07 -2.98855e-23
-0.00026052 7.43699e-07 -3.05013e-23
-0.00026052 7.60329e-07 -3.11833e-23
-0.00026052 7.78692e-07 -3.19364e-23
-0.00026052 7.98954e-07 -3.27674e-23
-0.00026052 8.2131e-07 -3.36843e-23
-0.00026052 8.45971e-07 -3.46957e-23
-0.00026052 8.72941e-07 -3.58018e-23
-0.00026052 9.01781e-07 -3.69846e-23
-0.00026052 9.31828e-07 -3.82169e-23
-0.00026052 9.62455e-07 -3.94731e-23
-0.00026052 9.93119e-07 -4.07307e-23
-0.00026052 1.0234e-06 -4.19724e-23
-0.00026052 1.05295e-06 -4.31847e-23
-0.00026052 1.0815e-06 -4.43554e-23
-0.00026052 1.10885e-06 -4.54771e-23
-0.00026052 1.13501e-06 -4.65499e-23
-0.00026052 1.16009e-06 -4.75784e-23
-0.00026052 1.18422e-06 -4.85681e-23
-0.00026052 1.20763e-06 -4.95283e-23
-0.00026052 1.23073e-06 -5.04757e-23
-0.00026052 1.25401e-06 -5.14305e-23
-0.00026052 1.27794e-06 -5.24121e-23
-0.00026052 1.3027e-06 -5.34277e-23
-0.00026052 1.32785e-06 -5.44588e-23
-0.00026052 1.35258e-06 -5.54732e-23
-0.00026052 1.37609e-06 -5.64375e-23
-0.00026052 1.39738e-06 -5.73106e-23
-0.00026052 1.41506e-06 -5.80356e-23
-0.00026052 1.42754e-06 -5.85476e-23
-0.00026052 1.43327e-06 -5.87824e-23
-0.00026052 1.43091e-06 -5.86859e-23
-0.00026052 1.41967e-06 -5.82249e-23
-0.00026052 1.39903e-06 -5.73783e-23
-0.00026052 1.36852e-06 -5.61269e-23
-0.00026052 1.328e-06 -5.44652e-23
-0.00026052 1.278e-06 -5.24145e-23
-0.00026052 1.21939e-06 -5.00108e-23
-0.00026052 1.15311e-06 -4.72924e-23
-0.00026052 1.08033e-06 -4.43073e-23
-0.00026052 1.00267e-06 -4.11225e-23
-0.00026052 9.22029e-07 -3.78151e-23
-0.00026052 8.40291e-07 -3.44628e-23
-0.00026052 7.59204e-07 -3.11371e-23
-0.00026052 6.80199e-07 -2.78969e-23
-0.00026052 6.04527e-07 -2.47934e-23
-0.00026052 5.33423e-07 -2.18772e-23
-0.00026052 4.67908e-07 -1.91903e-23
-0.00026052 4.0859e-07 -1.67574e-23
-0.00026052 3.55838e-07 -1.4594e-23
-0.00026052 3.1e-07 -1.2714e-23
-0.00026052 2.71407e-07 -1.11312e-23
-0.00026052 2.40383e-07 -9.85878e-24
-0.00026052 2.17239e-07 -8.9096e-24
-0.00026052 2.02259e-07 -8.29521e-24
-0.00026052 1.95693e-07 -8.02593e-24
-0.00026052 1.97754e-07 -8.11046e-24
-0.00026052 2.08618e-07 -8.55603e-24
-0.00026052 2.28427e-07 -9.36844e-24
-0.00026052 2.57135e-07 -1.05459e-23
-0.00026052 2.94351e-07 -1.20722e-23
-0.00026052 3.3948e-07 -1.39231e-23
-0.00026052 3.91895e-07 -1.60728e-23
-0.00026052 4.50923e-07 -1.84936e-23
-0.00026052 5.15828e-07 -2.11556e-23
-0.00026052 5.85832e-07 -2.40267e-23
-0.00026052 6.60131e-07 -2.70739e-23
-0.00026052 7.38016e-07 -3.02682e-23
-0.00026052 8.18999e-07 -3.35895e-23
-0.00026052 9.02698e-07 -3.70223e-23
-0.00026052 9.88708e-07 -4.05498e-23
-0.00026052 1.07667e-06 -4.41572e-23
-0.00026052 1.16633e-06 -4.78345e-23
-0.00026052 1.2575e-06 -5.15739e-23
-0.00026052 1.34997e-06 -5.53661e-23
-0.00026052 1.44331e-06 -5.91942e-23
-0.00026052 1.53675e-06 -6.30266e-23
-0.00026052 1.62933e-06 -6.68234e-23
-0.00026052 1.72005e-06 -7.05443e-23
-0.00026052 1.80783e-06 -7.41442e-23
-0.00026052 1.89132e-06 -7.75687e-23
-0.00026052 1.96911e-06 -8.07589e-23
-0.00026052 2.03978e-06 -8.36574e-23
-0.00026052 2.10214e-06 -8.62146e-23
-0.00026052 2.15533e-06 -8.83965e-23
-0.00026052 2.19878e-06 -9.01783e-23
-0.00026052 2.23194e-06 -9.15384e-23
-0.00026052 2.25455e-06 -9.24657e-23
-0.00026052 2.26683e-06 -9.29692e-23
-0.00026052 2.26928e-06 -9.30699e-23
-0.00026052 2.2625e-06 -9.27916e-23
-0.00026052 2.2472e-06 -9.21644e-23
-0.00026052 2.22439e-06 -9.12288e-23
-0.00026052 2.1952e-06 -9.00315e-23
-0.00026052 2.16081e-06 -8.86212e-23
-0.00026052 2.12228e-06 -8.70409e-23
-0.00026052 2.08033e-06 -8.53202e-23
-0.00026052 2.0355e-06 -8.34819e-23
-0.00026052 1.98839e-06 -8.15498e-23
-0.00026052 1.93962e-06 -7.95494e-23
-0.00026052 1.88989e-06 -7.75097e-23
-0.00026052 1.83993e-06 -7.5461e-23
-0.00026052 1.79051e-06 -7.34339e-23
-0.00026052 1.74229e-06 -7.14562e-23
-0.00026052 1.69583e-06 -6.95509e-23
-0.00026052 1.65163e-06 -6.7738e-23
-0.00026052 1.61014e-06 -6.60364e-23
-0.00026052 1.57182e-06 -6.4465e-23
-0.00026052 1.53717e-06 -6.30439e-23
-0.00026052 1.50667e-06 -6.17929e-23
-0.00026052 1.48076e-06 -6.07302e-23
-0.00026052 1.45966e-06 -5.98651e-23
-0.00026052 1.44323e-06 -5.91911e-23
-0.00026052 1.43107e-06 -5.86924e-23
-0.00026052 1.42276e-06 -5.83513e-23
-0.00026052 1.41787e-06 -5.81511e-23
-0.00026052 1.4161e-06 -5.80784e-23
-0.00026052 1.41714e-06 -5.81211e-23
-0.00026052 1.42067e-06 -5.8266e-23
-0.00026052 1.42624e-06 -5.84944e-23
-0.00026052 1.43319e-06 -5.87791e-23
-0.00026052 1.44071e-06 -5.90876e-23
-0.00026052 1.44801e-06 -5.9387e-23
-0.00026052 1.45419e-06 -5.96405e-23
-0.00026052 1.45819e-06 -5.98046e-23
-0.00026052 1.45887e-06 -5.98325e-23
-0.00026052 1.4551e-06 -5.9678e-23
-0.00026052 1.44609e-06 -5.93081e-23
-0.00026052 1.43166e-06 -5.87166e-23
-0.00026052 1.41204e-06 -5.79118e-23
-0.00026052 1.38745e-06 -5.69032e-23
-0.00026052 1.35822e-06 -5.57046e-23
-0.00026052 1.3249e-06 -5.43379e-23
-0.00026052 1.28812e-06 -5.28293e-23
-0.00026052 1.24853e-06 -5.12057e-23
-0.00026052 1.20685e-06 -4.94964e-23
-0.00026052 1.16393e-06 -4.77361e-23
-0.00026052 1.12068e-06 -4.59622e-23
-0.00026052 1.07799e-06 -4.42115e-23
-0.00026052 1.03642e-06 -4.25065e-23
-0.00026052 9.95803e-07 -4.08407e-23
-0.00026052 9.55605e-07 -3.91921e-23
-0.00026052 9.15287e-07 -3.75386e-23
-0.00026052 8.74273e-07 -3.58564e-23
-0.00026052 8.31899e-07 -3.41186e-23
-0.00026052 7.87478e-07 -3.22968e-23
-0.00026052 7.40352e-07 -3.0364e-23
-0.00026052 6.90101e-07 -2.83031e-23
-0.00026052 6.36756e-07 -2.61152e-23
-0.00026052 5.80611e-07 -2.38125e-23
-0.00026052 5.22004e-07 -2.14089e-23
-0.00026052 4.61366e-07 -1.8922e-23
-0.00026052 3.99275e-07 -1.63754e-23
-0.00026052 3.364e-07 -1.37967e-23
-0.00026052 2.73437e-07 -1.12145e-23
-0.00026052 2.11139e-07 -8.6594e-24
-0.00026052 1.5033e-07 -6.16548e-24
-0.00026052 9.18801e-08 -3.76827e-24
-0.00026052 3.6656e-08 -1.50337e-24
-0.00026052 -1.44254e-08 5.91629e-25
-0.00026052 -6.03461e-08 2.47497e-24
-0.00026052 -1.00052e-07 4.10342e-24
-0.00026052 -1.32527e-07 5.4353e-24
-0.00026052 -1.56795e-07 6.43061e-24
-0.00026052 -1.71924e-07 7.0511e-24
-0.00026052 -1.77039e-07 7.26089e-24
-0.00026052 -1.71338e-07 7.02706e-24
-0.00026052 -1.54337e-07 6.32981e-24
-0.00026052 -1.26138e-07 5.1733e-24
-0.00026052 -8.7188e-08 3.57583e-24
-0.00026052 -3.80064e-08 1.55875e-24
-0.00026052 2.03645e-08 -8.35205e-25
-0.00026052 8.58735e-08 -3.52192e-24
-0.00026052 1.5593e-07 -6.39514e-24
-0.00026052 2.27932e-07 -9.34813e-24
-0.00026052 2.9928e-07 -1.22744e-23
-0.00026052 3.67382e-07 -1.50674e-23
-0.00026052 4.29686e-07 -1.76226e-23
-0.00026052 4.83712e-07 -1.98384e-23
-0.00026052 5.27288e-07 -2.16256e-23
-0.00026052 5.58784e-07 -2.29174e-23
-0.00026052 5.76919e-07 -2.36611e-23
-0.00026052 5.80531e-07 -2.38092e-23
-0.00026052 5.69144e-07 -2.33423e-23
-0.00026052 5.43585e-07 -2.2294e-23
-0.00026052 5.05403e-07 -2.0728e-23
-0.00026052 4.56231e-07 -1.87113e-23
-0.00026052 3.97976e-07 -1.63221e-23
-0.00026052 3.33055e-07 -1.36596e-23
-0.00026052 2.64139e-07 -1.08331e-23
-0.00026052 1.93875e-07 -7.95137e-24
-0.00026052 1.2471e-07 -5.11474e-24
-0.00026052 5.87146e-08 -2.40806e-24
-0.00026052 -2.29935e-09 9.4303e-26
-0.00026052 -5.66253e-08 2.32237e-24
-0.00026052 -1.02863e-07 4.21872e-24
-0.00026052 -1.40131e-07 5.7472e-24
-0.00026052 -1.67887e-07 6.88552e-24
-0.00026052 -1.85717e-07 7.61677e-24
-0.00026052 -1.93654e-07 7.94229e-24
-0.00026052 -1.92514e-07 7.89556e-24
-0.00026052 -1.8357e-07 7.52872e-24
-0.00026052 -1.68174e-07 6.8973e-24
-0.00026052 -1.47597e-07 6.05339e-24
-0.00026052 -1.22856e-07 5.03866e-24
-0.00026052 -9.48312e-08 3.8893e-24
-0.00026052 -6.44177e-08 2.64195e-24
-0.00026052 -3.24664e-08 1.33154e-24
-0.00026052 2.69136e-10 -1.1038e-26
-0.00026052 3.31096e-08 -1.35792e-24
-0.00026052 6.542e-08 -2.68306e-24
-0.00026052 9.65228e-08 -3.95868e-24
-0.00026052 1.25604e-07 -5.15138e-24
-0.00026052 1.51816e-07 -6.22643e-24
-0.00026052 1.74397e-07 -7.15254e-24
-0.00026052 1.93109e-07 -7.91995e-24
-0.00026052 2.08706e-07 -8.55964e-24
-0.00026052 2.22503e-07 -9.12551e-24
-0.00026052 2.3588e-07 -9.6741e-24
-0.00026052 2.50263e-07 -1.0264e-23
-0.00026052 2.67132e-07 -1.09559e-23
-0.00026052 2.87985e-07 -1.18111e-23
-0.00026052 3.14317e-07 -1.2891e-23
-0.00026052 3.47184e-07 -1.4239e-23
-0.00026052 3.86743e-07 -1.58615e-23
-0.00026052 4.32652e-07 -1.77443e-23
-0.00026052 4.84532e-07 -1.98721e-23
-0.00026052 5.41482e-07 -2.22078e-23
-0.00026052 6.01543e-07 -2.4671e-23
-0.00026052 6.62199e-07 -2.71587e-23
-0.00026052 7.20938e-07 -2.95678e-23
-0.00026052 7.75337e-07 -3.17988e-23
-0.00026052 8.23131e-07 -3.3759e-23
-0.00026052 8.62176e-07 -3.53603e-23
-0.00026052 8.90399e-07 -3.65178e-23
-0.00026052 9.0629e-07 -3.71696e-23
-0.00026052 9.09419e-07 -3.72979e-23
-0.00026052 8.99972e-07 -3.69105e-23
-0.00026052 8.7822e-07 -3.60183e-23
-0.00026052 8.44944e-07 -3.46536e-23
-0.00026052 8.01905e-07 -3.28884e-23
-0.00026052 7.51393e-07 -3.08168e-23
-0.00026052 6.95725e-07 -2.85337e-23
-0.00026052 6.36963e-07 -2.61237e-23
-0.00026052 5.7664e-07 -2.36497e-23
-0.00026052 5.15984e-07 -2.1162e-23
-0.00026052 4.5619e-07 -1.87097e-23
-0.00026052 3.98187e-07 -1.63308e-23
-0.00026052 3.42384e-07 -1.40422e-23
-0.00026052 2.88894e-07 -1.18484e-23
-0.00026052 2.37786e-07 -9.75229e-24
-0.00026052 1.88786e-07 -7.74264e-24
-0.00026052 1.40942e-07 -5.78045e-24
-0.00026052 9.29465e-08 -3.81201e-24
-0.00026052 4.34833e-08 -1.78338e-24
-0.00026052 -8.63307e-09 3.54067e-25
-0.00026052 -6.43262e-08 2.6382e-24
-0.00026052 -1.2436e-07 5.10035e-24
-0.00026052 -1.89461e-07 7.77035e-24
-0.00026052 -2.60134e-07 1.06689e-23
-0.00026052 -3.36457e-07 1.37991e-23
-0.00026052 -4.18265e-07 1.71543e-23
-0.00026052 -5.05351e-07 2.07259e-23
-0.00026052 -5.97493e-07 2.45049e-23
-0.00026052 -6.94462e-07 2.84819e-23
-0.00026052 -7.96027e-07 3.26474e-23
-0.00026052 -9.01935e-07 3.6991e-23
-0.00026052 -1.01191e-06 4.15014e-23
-0.00026052 -1.12565e-06 4.61662e-23
-0.00026052 -1.24283e-06 5.09721e-23
-0.00026052 -1.36315e-06 5.59066e-23
-0.00026052 -1.48615e-06 6.09515e-23
-0.00026052 -1.61111e-06 6.60764e-23
-0.00026052 -1.73714e-06 7.12453e-23
-0.00026052 -1.86343e-06 7.64244e-23
-0.00026052 -1.98908e-06 8.15779e-23
-0.00026052 -2.11306e-06 8.66626e-23
-0.00026052 -2.23427e-06 9.1634e-23
-0.00026052 -2.35172e-06 9.6451e-23
-0.00026052 -2.46438e-06 1.01071e-22
-0.00026052 -2.57106e-06 1.05447e-22
-0.00026052 -2.67054e-06 1.09527e-22
-0.00026052 -2.76172e-06 1.13266e-22
-0.00026052 -2.84373e-06 1.1663e-22
-0.00026052 -2.91603e-06 1.19595e-22
-0.00026052 -2.97831e-06 1.22149e-22
-0.00026052 -3.03036e-06 1.24284e-22
-0.00026052 -3.07241e-06 1.26009e-22
-0.00026052 -3.10547e-06 1.27364e-22
-0.000260521 -3.13117e-06 1.28418e-22
-0.000260522 -3.15086e-06 1.29226e-22
-0.000260522 -3.16589e-06 1.29842e-22
-0.000260523 -3.17796e-06 1.30337e-22
-0.000260524 -3.18865e-06 1.30776e-22
-0.000260525 -3.19956e-06 1.31223e-22
-0.000260525 -3.21221e-06 1.31742e-22
-0.000260526 -3.22813e-06 1.32395e-22
-0.000260526 -3.24877e-06 1.33241e-22
-0.000260527 -3.27544e-06 1.34335e-22
-0.000260528 -3.30875e-06 1.35701e-22
-0.000260528 -3.34794e-06 1.37309e-22
-0.000260529 -3.39151e-06 1.39096e-22
-0.000260529 -3.43782e-06 1.40995e-22
-0.000260529 -3.48493e-06 1.42927e-22
-0.00026053 -3.53043e-06 1.44793e-22
-0.00026053 -3.57162e-06 1.46482e-22
-0.00026053 -3.60578e-06 1.47884e-22
-0.00026053 -3.63059e-06 1.48901e-22
-0.00026053 -3.64455e-06 1.49473e-22
-0.00026053 -3.64661e-06 1.49558e-22
-0.00026053 -3.63582e-06 1.49116e-22
-0.00026053 -3.61158e-06 1.48121e-22
-0.00026053 -3.57406e-06 1.46583e-22
-0.00026053 -3.52389e-06 1.44525e-22
-0.000260529 -3.46176e-06 1.41977e-22
-0.000260529 -3.38826e-06 1.38962e-22
-0.000260528 -3.3038e-06 1.35498e-22
-0.000260528 -3.20866e-06 1.31596e-22
-0.000260527 -3.10319e-06 1.27271e-22
-0.000260526 -2.98743e-06 1.22523e-22
-0.000260526 -2.86062e-06 1.17322e-22
-0.000260525 -2.72165e-06 1.11623e-22
-0.000260524 -2.56948e-06 1.05382e-22
-0.000260523 -2.40355e-06 9.85764e-23
-0.000260522 -2.22412e-06 9.12178e-23
-0.000260521 -2.03199e-06 8.33379e-23
-0.000260521 -1.82828e-06 7.49831e-23
-0.000260521 -1.61426e-06 6.62054e-23
-0.000260521 -1.3921e-06 5.70941e-23
-0.000260521 -1.16486e-06 4.77744e-23
-0.000260521 -9.35419e-07 3.83642e-23
-0.000260521 -7.06445e-07 2.89733e-23
-0.000260521 -4.80056e-07 1.96885e-23
-0.000260521 -2.58035e-07 1.05828e-23
-0.000260521 -4.2079e-08 1.72578e-24
-0.000260521 1.66562e-07 -6.83121e-24
-0.000260521 3.67426e-07 -1.50692e-23
-0.000260521 5.60538e-07 -2.29893e-23
-0.000260521 7.46019e-07 -3.05964e-23
-0.000260521 9.24353e-07 -3.79104e-23
-0.000260521 1.09664e-06 -4.49762e-23
-0.000260521 1.26433e-06 -5.18538e-23
-0.000260521 1.42893e-06 -5.86047e-23
-0.000260521 1.5915e-06 -6.52721e-23
-0.000260521 1.7521e-06 -7.18585e-23
-0.000260521 1.91025e-06 -7.83449e-23
-0.000260521 2.06551e-06 -8.47127e-23
-0.000260521 2.21725e-06 -9.09359e-23
-0.000260521 2.36444e-06 -9.69726e-23
-0.000260521 2.50586e-06 -1.02772e-22
-0.000260521 2.64029e-06 -1.08286e-22
-0.000260521 2.76688e-06 -1.13478e-22
-0.000260521 2.8855e-06 -1.18343e-22
-0.000260521 2.9964e-06 -1.22891e-22
-0.000260521 3.09985e-06 -1.27134e-22
-0.000260521 3.19629e-06 -1.31089e-22
-0.000260521 3.28654e-06 -1.34791e-22
-0.000260521 3.3716e-06 -1.38279e-22
-0.000260521 3.45246e-06 -1.41595e-22
-0.000260521 3.53035e-06 -1.4479e-22
-0.000260521 3.6071e-06 -1.47937e-22
-0.000260521 3.68477e-06 -1.51123e-22
-0.000260521 3.7654e-06 -1.5443e-22
-0.000260521 3.85057e-06 -1.57923e-22
-0.000260521 3.9413e-06 -1.61644e-22
-0.000260522 4.03789e-06 -1.65606e-22
-0.000260523 4.14045e-06 -1.69812e-22
-0.000260524 4.24866e-06 -1.7425e-22
-0.000260525 4.36061e-06 -1.78841e-22
-0.000260525 4.47372e-06 -1.8348e-22
-0.000260526 4.58541e-06 -1.88061e-22
-0.000260527 4.69292e-06 -1.9247e-22
-0.000260528 4.79318e-06 -1.96582e-22
-0.000260529 4.88299e-06 -2.00266e-22
-0.00026053 4.9593e-06 -2.03395e-22
-0.00026053 5.01974e-06 -2.05874e-22
-0.000260531 5.06324e-06 -2.07658e-22
-0.000260532 5.08948e-06 -2.08734e-22
-0.000260533 5.09834e-06 -2.09098e-22
-0.000260533 5.09043e-06 -2.08773e-22
-0.000260534 5.06759e-06 -2.07836e-22
-0.000260535 5.03239e-06 -2.06393e-22
-0.000260535 4.98755e-06 -2.04554e-22
-0.000260536 4.93569e-06 -2.02427e-22
-0.000260536 4.87915e-06 -2.00108e-22
-0.000260537 4.82012e-06 -1.97687e-22
-0.000260537 4.7608e-06 -1.95254e-22
-0.000260538 4.70283e-06 -1.92877e-22
-0.000260539 4.64663e-06 -1.90572e-22
-0.000260539 4.59196e-06 -1.8833e-22
-0.00026054 4.53854e-06 -1.86139e-22
-0.00026054 4.48592e-06 -1.8398e-22
-0.000260542 4.43324e-06 -1.8182e-22
-0.000260545 4.37957e-06 -1.79619e-22
-0.000260547 4.32389e-06 -1.77335e-22
-0.000260549 4.26561e-06 -1.74945e-22
-0.000260551 4.20504e-06 -1.72461e-22
-0.000260553 4.14295e-06 -1.69914e-22
-0.000260555 4.08009e-06 -1.67336e-22
-0.000260557 4.01726e-06 -1.64759e-22
-0.000260561 3.95542e-06 -1.62223e-22
-0.000260565 3.89559e-06 -1.59769e-22
-0.000260568 3.83875e-06 -1.57438e-22
-0.000260572 3.78571e-06 -1.55263e-22
-0.000260575 3.73705e-06 -1.53267e-22
-0.000260578 3.69319e-06 -1.51469e-22
-0.000260582 3.65449e-06 -1.49881e-22
-0.000260585 3.6211e-06 -1.48512e-22
-0.000260588 3.59281e-06 -1.47352e-22
-0.000260592 3.56922e-06 -1.46384e-22
-0.000260595 3.54988e-06 -1.45591e-22
-0.000260598 3.53437e-06 -1.44955e-22
-0.000260601 3.52238e-06 -1.44463e-22
-0.000260604 3.51361e-06 -1.44103e-22
-0.000260607 3.50781e-06 -1.43865e-22
-0.00026061 3.505e-06 -1.4375e-22
-0.000260612 3.50585e-06 -1.43785e-22
-0.000260615 3.51139e-06 -1.44012e-22
-0.000260617 3.52262e-06 -1.44473e-22
-0.000260619 3.54072e-06 -1.45215e-22
-0.000260621 3.56727e-06 -1.46304e-22
-0.000260623 3.60401e-06 -1.47811e-22
-0.000260625 3.65263e-06 -1.49805e-22
-0.000260627 3.71403e-06 -1.52323e-22
-0.000260628 3.78754e-06 -1.55338e-22
-0.00026063 3.87162e-06 -1.58786e-22
-0.000260631 3.96468e-06 -1.62603e-22
-0.000260632 4.06437e-06 -1.66692e-22
-0.000260633 4.16678e-06 -1.70892e-22
-0.000260634 4.26722e-06 -1.75011e-22
-0.000260635 4.36102e-06 -1.78858e-22
-0.000260635 4.4436e-06 -1.82245e-22
-0.000260635 4.51047e-06 -1.84988e-22
-0.000260635 4.55725e-06 -1.86906e-22
-0.000260635 4.57971e-06 -1.87827e-22
-0.000260635 4.57409e-06 -1.87597e-22
-0.000260634 4.53728e-06 -1.86087e-22
-0.000260633 4.46666e-06 -1.83191e-22
-0.000260632 4.35984e-06 -1.7881e-22
-0.00026063 4.21536e-06 -1.72884e-22
-0.000260628 4.03346e-06 -1.65424e-22
-0.000260626 3.81535e-06 -1.56479e-22
-0.000260624 3.56244e-06 -1.46106e-22
-0.000260621 3.27688e-06 -1.34394e-22
-0.000260617 2.96234e-06 -1.21494e-22
-0.000260614 2.62324e-06 -1.07587e-22
-0.00026061 2.26401e-06 -9.28536e-23
-0.000260605 1.88925e-06 -7.74837e-23
-0.000260601 1.50401e-06 -6.16838e-23
-0.000260596 1.11344e-06 -4.56653e-23
-0.00026059 7.22494e-07 -2.96316e-23
-0.000260585 3.35739e-07 -1.37696e-23
-0.000260579 -4.286e-08 1.75781e-24
-0.000260574 -4.09806e-07 1.68073e-23
-0.000260568 -7.61926e-07 3.12488e-23
-0.000260562 -1.09672e-06 4.49796e-23
-0.000260558 -1.41199e-06 5.79096e-23
-0.000260556 -1.70731e-06 7.00219e-23
-0.000260552 -1.98292e-06 8.13255e-23
-0.000260548 -2.23856e-06 9.18099e-23
-0.000260544 -2.47516e-06 1.01514e-22
-0.00026054 -2.69389e-06 1.10484e-22
-0.000260536 -2.89621e-06 1.18782e-22
-0.000260532 -3.0836e-06 1.26467e-22
-0.000260529 -3.25748e-06 1.33599e-22
-0.000260529 -3.41932e-06 1.40236e-22
-0.000260529 -3.57045e-06 1.46435e-22
-0.000260529 -3.712e-06 1.5224e-22
-0.000260529 -3.84443e-06 1.57671e-22
-0.000260529 -3.96779e-06 1.62731e-22
-0.000260529 -4.08216e-06 1.67421e-22
-0.000260531 -4.18802e-06 1.71763e-22
-0.000260534 -4.28429e-06 1.75711e-22
-0.000260537 -4.36941e-06 1.79202e-22
-0.000260539 -4.44266e-06 1.82206e-22
-0.000260542 -4.50277e-06 1.84672e-22
-0.000260544 -4.54869e-06 1.86555e-22
-0.000260546 -4.57918e-06 1.87806e-22
-0.000260548 -4.59307e-06 1.88375e-22
-0.00026055 -4.58936e-06 1.88223e-22
-0.000260552 -4.56742e-06 1.87323e-22
-0.000260554 -4.52687e-06 1.8566e-22
-0.000260559 -4.46726e-06 1.83215e-22
-0.000260564 -4.38872e-06 1.79994e-22
-0.000260569 -4.29196e-06 1.76026e-22
-0.000260574 -4.17803e-06 1.71353e-22
-0.000260579 -4.04807e-06 1.66023e-22
-0.000260583 -3.90348e-06 1.60093e-22
-0.000260587 -3.74629e-06 1.53646e-22
-0.000260591 -3.57882e-06 1.46778e-22
-0.000260594 -3.40339e-06 1.39583e-22
-0.000260597 -3.2224e-06 1.3216e-22
-0.0002606 -3.03849e-06 1.24617e-22
-0.000260606 -2.8544e-06 1.17067e-22
-0.000260611 -2.67269e-06 1.09615e-22
-0.000260616 -2.49573e-06 1.02357e-22
-0.000260621 -2.32535e-06 9.53692e-23
-0.000260625 -2.16308e-06 8.87142e-23
-0.000260629 -2.01027e-06 8.2447e-23
-0.000260633 -1.86783e-06 7.66049e-23
-0.000260637 -1.736e-06 7.11982e-23
-0.000260641 -1.61457e-06 6.6218e-23
-0.000260646 -1.50313e-06 6.16475e-23
-0.000260651 -1.40093e-06 5.74561e-23
-0.000260655 -1.30679e-06 5.35951e-23
-0.000260659 -1.21919e-06 5.00025e-23
-0.000260662 -1.13647e-06 4.66097e-23
-0.000260665 -1.05726e-06 4.33612e-23
-0.000260668 -9.81044e-07 4.02354e-23
-0.000260671 -9.07691e-07 3.7227e-23
-0.000260673 -8.36943e-07 3.43254e-23
-0.000260675 -7.69017e-07 3.15396e-23
-0.000260677 -7.05247e-07 2.89242e-23
-0.000260678 -6.47504e-07 2.6556e-23
-0.000260679 -5.97542e-07 2.45069e-23
-0.00026068 -5.57028e-07 2.28453e-23
-0.00026068 -5.27587e-07 2.16379e-23
-0.00026068 -5.10767e-07 2.0948e-23
-0.00026068 -5.08007e-07 2.08348e-23
-0.00026068 -5.20287e-07 2.13385e-23
-0.00026068 -5.47762e-07 2.24653e-23
-0.000260679 -5.90129e-07 2.42029e-23
-0.000260678 -6.4704e-07 2.6537e-23
-0.000260677 -7.17773e-07 2.94379e-23
-0.000260676 -8.00872e-07 3.28461e-23
-0.000260674 -8.94534e-07 3.66874e-23
-0.000260673 -9.97028e-07 4.0891e-23
-0.000260671 -1.10638e-06 4.53759e-23
-0.000260669 -1.22003e-06 5.00368e-23
-0.000260667 -1.33518e-06 5.47594e-23
-0.000260665 -1.44926e-06 5.94384e-23
-0.000260662 -1.55966e-06 6.39663e-23
-0.00026066 -1.66343e-06 6.8222e-23
-0.000260657 -1.75757e-06 7.20831e-23
-0.000260654 -1.83943e-06 7.54405e-23
-0.000260651 -1.90705e-06 7.82137e-23
-0.000260648 -1.95957e-06 8.03676e-23
-0.000260645 -1.99686e-06 8.18969e-23
-0.000260641 -2.01911e-06 8.28095e-23
-0.000260638 -2.0275e-06 8.31538e-23
-0.000260634 -2.02495e-06 8.3049e-23
-0.00026063 -2.01534e-06 8.26547e-23
-0.000260625 -2.0027e-06 8.21363e-23
-0.000260621 -1.99139e-06 8.16728e-23
-0.000260616 -1.98636e-06 8.14662e-23
-0.000260612 -1.99274e-06 8.17281e-23
-0.000260607 -2.01559e-06 8.2665e-23
-0.000260602 -2.05976e-06 8.44768e-23
-0.000260597 -2.12996e-06 8.73557e-23
-0.000260594 -2.23058e-06 9.14825e-23
-0.000260591 -2.36568e-06 9.70233e-23
-0.000260587 -2.53868e-06 1.04119e-22
-0.000260584 -2.75214e-06 1.12873e-22
-0.000260584 -3.00789e-06 1.23362e-22
-0.000260584 -3.30729e-06 1.35642e-22
-0.000260584 -3.65118e-06 1.49745e-22
-0.000260584 -4.03974e-06 1.65681e-22
-0.000260584 -4.47262e-06 1.83435e-22
-0.000260584 -4.94903e-06 2.02974e-22
-0.000260583 -5.46751e-06 2.24239e-22
-0.000260583 -6.02578e-06 2.47135e-22
-0.000260583 -6.62095e-06 2.71544e-22
-0.000260583 -7.24983e-06 2.97336e-22
-0.000260582 -7.90859e-06 3.24354e-22
-0.000260582 -8.59243e-06 3.524e-22
-0.000260584 -9.29593e-06 3.81253e-22
-0.000260586 -1.00137e-05 4.10693e-22
-0.000260588 -1.07402e-05 4.40486e-22
-0.000260591 -1.1469e-05 4.70376e-22
-0.000260593 -1.21937e-05 5.001e-22
-0.000260596 -1.29082e-05 5.29403e-22
-0.000260598 -1.36062e-05 5.58031e-22
-0.000260601 -1.42813e-05 5.85717e-22
-0.000260603 -1.49271e-05 6.12202e-22
-0.000260606 -1.55376e-05 6.37241e-22
-0.000260609 -1.61076e-05 6.60621e-22
-0.000260612 -1.66331e-05 6.82173e-22
-0.000260615 -1.71107e-05 7.01759e-22
-0.000260619 -1.75376e-05 7.19266e-22
-0.000260623 -1.79119e-05 7.34618e-22
-0.000260627 -1.82332e-05 7.47797e-22
-0.000260631 -1.85022e-05 7.58828e-22
-0.000260635 -1.87197e-05 7.67751e-22
-0.000260638 -1.88875e-05 7.74633e-22
-0.00026064 -1.90081e-05 7.79576e-22
-0.000260643 -1.90844e-05 7.82706e-22
-0.000260645 -1.91198e-05 7.84157e-22
-0.000260646 -1.91172e-05 7.84054e-22
-0.000260647 -1.90791e-05 7.8249e-22
-0.000260648 -1.90073e-05 7.79545e-22
-0.000260649 -1.89038e-05 7.75298e-22
-0.000260649 -1.87704e-05 7.69829e-22
-0.000260648 -1.86091e-05 7.63214e-22
-0.000260647 -1.84217e-05 7.55526e-22
-0.000260646 -1.82098e-05 7.46838e-22
-0.000260644 -1.7975e-05 7.37209e-22
-0.000260642 -1.77183e-05 7.26677e-22
-0.000260641 -1.74401e-05 7.1527e-22
-0.00026064 -1.71413e-05 7.03012e-22
-0.000260639 -1.68222e-05 6.89929e-22
-0.00026064 -1.64837e-05 6.76045e-22
-0.000260641 -1.61266e-05 6.61398e-22
-0.000260643 -1.57516e-05 6.4602e-22
-0.000260644 -1.53596e-05 6.29942e-22
-0.000260645 -1.49514e-05 6.132e-22
-0.000260647 -1.45278e-05 5.95828e-22
-0.000260648 -1.40899e-05 5.77865e-22
-0.000260649 -1.36385e-05 5.59353e-22
-0.000260649 -1.31748e-05 5.40337e-22
-0.00026065 -1.27001e-05 5.20869e-22
-0.000260651 -1.22158e-05 5.01004e-22
-0.000260651 -1.17232e-05 4.80803e-22
-0.000260651 -1.12243e-05 4.60341e-22
-0.000260651 -1.07209e-05 4.39697e-22
-0.000260651 -1.02152e-05 4.18956e-22
-0.000260651 -9.70883e-06 3.98187e-22
-0.000260651 -9.20262e-06 3.77426e-22
-0.00026065 -8.69705e-06 3.56691e-22
-0.000260653 -8.19261e-06 3.36003e-22
-0.000260657 -7.68952e-06 3.1537e-22
-0.00026066 -7.18751e-06 2.9478e-22
-0.000260663 -6.68594e-06 2.7421e-22
-0.000260666 -6.18422e-06 2.53633e-22
-0.000260668 -5.6816e-06 2.33019e-22
-0.000260673 -5.17701e-06 2.12324e-22
-0.000260678 -4.66924e-06 1.91499e-22
-0.000260682 -4.157e-06 1.70491e-22
-0.000260686 -3.63954e-06 1.49268e-22
-0.00026069 -3.11719e-06 1.27845e-22
-0.000260694 -2.59086e-06 1.06258e-22
-0.000260697 -2.0613e-06 8.45397e-23
-0.0002607 -1.52948e-06 6.27284e-23
-0.000260702 -9.96905e-07 4.08859e-23
-0.000260704 -4.65253e-07 1.90814e-23
-0.000260706 6.39785e-08 -2.62394e-24
-0.000260707 5.89741e-07 -2.4187e-23
-0.000260707 1.11169e-06 -4.55936e-23
-0.000260708 1.62995e-06 -6.68491e-23
-0.000260708 2.14484e-06 -8.79662e-23
-0.00026071 2.65593e-06 -1.08927e-22
-0.000260714 3.16439e-06 -1.29781e-22
-0.000260716 3.67196e-06 -1.50598e-22
-0.000260718 4.17927e-06 -1.71404e-22
-0.000260719 4.68735e-06 -1.92242e-22
-0.000260721 5.19636e-06 -2.13118e-22
-0.000260721 5.70631e-06 -2.34032e-22
-0.000260721 6.21714e-06 -2.54983e-22
-0.000260721 6.7282e-06 -2.75943e-22
-0.00026072 7.23758e-06 -2.96834e-22
-0.000260719 7.74267e-06 -3.17549e-22
-0.000260721 8.24184e-06 -3.38022e-22
-0.000260723 8.7317e-06 -3.58112e-22
-0.000260724 9.2082e-06 -3.77655e-22
-0.000260724 9.66831e-06 -3.96525e-22
-0.000260724 1.01083e-05 -4.14572e-22
-0.000260723 1.05248e-05 -4.31652e-22
-0.000260722 1.09139e-05 -4.47611e-22
-0.000260719 1.12719e-05 -4.62294e-22
-0.000260716 1.15951e-05 -4.75548e-22
-0.000260713 1.188e-05 -4.87232e-22
-0.000260709 1.21239e-05 -4.97237e-22
-0.000260703 1.23245e-05 -5.05464e-22
-0.000260698 1.24796e-05 -5.11826e-22
-0.000260691 1.2587e-05 -5.1623e-22
-0.000260684 1.26442e-05 -5.18575e-22
-0.000260676 1.26486e-05 -5.18756e-22
-0.000260668 1.2598e-05 -5.16682e-22
-0.000260658 1.24908e-05 -5.12284e-22
-0.000260652 1.23262e-05 -5.05534e-22
-0.000260646 1.21041e-05 -4.96424e-22
-0.000260638 1.18246e-05 -4.8496e-22
-0.000260631 1.14888e-05 -4.71188e-22
-0.000260623 1.10992e-05 -4.5521e-22
-0.000260615 1.06592e-05 -4.37166e-22
-0.000260606 1.01726e-05 -4.1721e-22
-0.000260596 9.64352e-06 -3.95509e-22
-0.000260594 9.07648e-06 -3.72252e-22
-0.000260594 8.4765e-06 -3.47646e-22
-0.000260591 7.84869e-06 -3.21897e-22
-0.00026059 7.19822e-06 -2.9522e-22
-0.000260588 6.53027e-06 -2.67825e-22
-0.000260586 5.84995e-06 -2.39923e-22
-0.000260587 5.16232e-06 -2.11722e-22
-0.000260589 4.47228e-06 -1.83421e-22
-0.000260591 3.7841e-06 -1.55197e-22
-0.000260594 3.10154e-06 -1.27203e-22
-0.000260596 2.42831e-06 -9.95921e-23
-0.000260603 1.76761e-06 -7.24949e-23
-0.000260612 1.12188e-06 -4.60115e-23
-0.00026062 4.93087e-07 -2.02229e-23
-0.000260631 -1.17021e-07 4.79939e-24
-0.000260641 -7.06912e-07 2.89925e-23
-0.000260652 -1.27526e-06 5.23023e-23
-0.000260662 -1.821e-06 7.46845e-23
-0.000260673 -2.34271e-06 9.60813e-23
-0.000260685 -2.83988e-06 1.16472e-22
-0.000260696 -3.31219e-06 1.35842e-22
-0.000260707 -3.75873e-06 1.54156e-22
-0.000260718 -4.17917e-06 1.714e-22
-0.000260728 -4.57304e-06 1.87554e-22
-0.000260738 -4.93983e-06 2.02597e-22
-0.000260747 -5.27905e-06 2.16509e-22
-0.000260756 -5.59037e-06 2.29277e-22
-0.000260764 -5.8734e-06 2.40885e-22
-0.000260771 -6.12723e-06 2.51295e-22
-0.000260779 -6.35083e-06 2.60466e-22
-0.000260785 -6.54333e-06 2.68361e-22
-0.000260791 -6.70423e-06 2.7496e-22
-0.000260797 -6.83344e-06 2.80259e-22
-0.000260802 -6.93123e-06 2.8427e-22
-0.000260806 -6.998e-06 2.87008e-22
-0.00026081 -7.03443e-06 2.88502e-22
-0.000260813 -7.04153e-06 2.88794e-22
-0.000260816 -7.02053e-06 2.87932e-22
-0.000260818 -6.97277e-06 2.85973e-22
-0.00026082 -6.89993e-06 2.82986e-22
-0.00026082 -6.80434e-06 2.79066e-22
-0.000260821 -6.68865e-06 2.74321e-22
-0.00026082 -6.55551e-06 2.6886e-22
-0.000260819 -6.40752e-06 2.62791e-22
-0.000260818 -6.24716e-06 2.56214e-22
-0.000260816 -6.07682e-06 2.49228e-22
-0.000260813 -5.8988e-06 2.41927e-22
-0.00026081 -5.71515e-06 2.34395e-22
-0.000260806 -5.52753e-06 2.267e-22
-0.000260801 -5.33734e-06 2.189e-22
-0.000260797 -5.14582e-06 2.11045e-22
-0.000260791 -4.95385e-06 2.03172e-22
-0.000260785 -4.76165e-06 1.95289e-22
-0.000260779 -4.56901e-06 1.87388e-22
-0.000260772 -4.37564e-06 1.79458e-22
-0.000260765 -4.18105e-06 1.71477e-22
-0.000260757 -3.9844e-06 1.63412e-22
-0.000260749 -3.78468e-06 1.55221e-22
-0.00026074 -3.58086e-06 1.46861e-22
-0.000260731 -3.37193e-06 1.38293e-22
-0.000260721 -3.1569e-06 1.29473e-22
-0.000260712 -2.93482e-06 1.20366e-22
-0.000260701 -2.70486e-06 1.10934e-22
-0.000260692 -2.46599e-06 1.01137e-22
-0.000260683 -2.21798e-06 9.09657e-23
-0.000260673 -1.96097e-06 8.04249e-23
-0.000260663 -1.69477e-06 6.95076e-23
-0.000260652 -1.41986e-06 5.82327e-23
-0.000260642 -1.13718e-06 4.6639e-23
-0.000260631 -8.4815e-07 3.47851e-23
-0.000260622 -5.54344e-07 2.27353e-23
-0.000260614 -2.57479e-07 1.056e-23
-0.000260605 4.05876e-08 -1.66461e-24
-0.000260602 3.3789e-07 -1.38578e-23
-0.000260599 6.3227e-07 -2.59312e-23
-0.000260595 9.21724e-07 -3.78025e-23
-0.000260592 1.20446e-06 -4.93985e-23
-0.000260588 1.47883e-06 -6.0651e-23
-0.000260583 1.74307e-06 -7.14885e-23
-0.000260582 1.9954e-06 -8.18371e-23
-0.000260583 2.23452e-06 -9.16443e-23
-0.000260582 2.45917e-06 -1.00858e-22
-0.000260581 2.66797e-06 -1.09421e-22
-0.000260582 2.85924e-06 -1.17266e-22
-0.000260584 3.03055e-06 -1.24291e-22
-0.000260588 3.17913e-06 -1.30385e-22
-0.000260594 3.30226e-06 -1.35435e-22
-0.000260599 3.39729e-06 -1.39333e-22
-0.000260604 3.46187e-06 -1.41981e-22
-0.000260608 3.49385e-06 -1.43293e-22
-0.000260614 3.49175e-06 -1.43207e-22
-0.00026062 3.45353e-06 -1.41639e-22
-0.00026063 3.37737e-06 -1.38516e-22
-0.000260641 3.26212e-06 -1.33789e-22
-0.000260651 3.10654e-06 -1.27408e-22
-0.000260661 2.9098e-06 -1.19339e-22
-0.00026067 2.67112e-06 -1.0955e-22
-0.00026068 2.39001e-06 -9.80214e-23
-0.000260689 2.06609e-06 -8.47365e-23
-0.000260697 1.69849e-06 -6.96601e-23
-0.000260705 1.28508e-06 -5.2705e-23
-0.000260717 8.2186e-07 -3.37069e-23
-0.000260731 3.06954e-07 -1.25891e-23
-0.000260743 -2.6102e-07 1.07052e-23
-0.000260756 -8.85156e-07 3.63028e-23
-0.000260768 -1.5676e-06 6.42918e-23
-0.000260781 -2.31064e-06 9.47661e-23
-0.000260793 -3.11597e-06 1.27795e-22
-0.000260805 -3.98484e-06 1.6343e-22
-0.000260816 -4.91809e-06 2.01705e-22
-0.000260828 -5.91617e-06 2.42639e-22
-0.00026084 -6.97955e-06 2.86252e-22
-0.000260851 -8.10895e-06 3.32571e-22
-0.000260862 -9.30515e-06 3.81631e-22
-0.000260874 -1.05685e-05 4.33445e-22
-0.000260885 -1.1899e-05 4.88013e-22
-0.000260896 -1.32962e-05 5.45314e-22
-0.000260906 -1.47591e-05 6.05313e-22
-0.000260917 -1.62866e-05 6.67959e-22
-0.000260928 -1.78765e-05 7.33168e-22
-0.000260939 -1.95257e-05 8.00806e-22
-0.000260949 -2.123e-05 8.70704e-22
-0.00026096 -2.29851e-05 9.42685e-22
-0.000260971 -2.47854e-05 1.01652e-21
-0.000260982 -2.66234e-05 1.0919e-21
-0.000260993 -2.84899e-05 1.16845e-21
-0.000261004 -3.03762e-05 1.24581e-21
-0.000261015 -3.2273e-05 1.32361e-21
-0.000261027 -3.41703e-05 1.40142e-21
-0.000261039 -3.60579e-05 1.47884e-21
-0.000261051 -3.79259e-05 1.55545e-21
-0.000261064 -3.97642e-05 1.63085e-21
-0.000261077 -4.15622e-05 1.70459e-21
-0.000261091 -4.33092e-05 1.77623e-21
-0.000261105 -4.4995e-05 1.84538e-21
-0.00026112 -4.66113e-05 1.91166e-21
-0.000261135 -4.81523e-05 1.97486e-21
-0.000261151 -4.96142e-05 2.03482e-21
-0.000261167 -5.09937e-05 2.0914e-21
-0.000261184 -5.22893e-05 2.14454e-21
-0.000261201 -5.35016e-05 2.19425e-21
-0.000261218 -5.46327e-05 2.24064e-21
-0.000261236 -5.56853e-05 2.28382e-21
-0.000261254 -5.66627e-05 2.3239e-21
-0.000261272 -5.7568e-05 2.36103e-21
-0.00026129 -5.84047e-05 2.39535e-21
-0.000261309 -5.91768e-05 2.42701e-21
-0.000261327 -5.98879e-05 2.45617e-21
-0.000261346 -6.0541e-05 2.48296e-21
-0.000261365 -6.11392e-05 2.50749e-21
-0.000261384 -6.16852e-05 2.52989e-21
-0.000261403 -6.21813e-05 2.55024e-21
-0.000261423 -6.26279e-05 2.56855e-21
-0.000261442 -6.30243e-05 2.58481e-21
-0.000261462 -6.337e-05 2.59899e-21
-0.000261482 -6.36638e-05 2.61104e-21
-0.000261502 -6.39032e-05 2.62085e-21
-0.000261522 -6.4085e-05 2.62831e-21
-0.000261542 -6.4206e-05 2.63327e-21
-0.000261562 -6.42634e-05 2.63563e-21
-0.000261582 -6.42555e-05 2.6353e-21
-0.000261602 -6.41807e-05 2.63223e-21
-0.000261622 -6.40378e-05 2.62637e-21
-0.000261642 -6.38258e-05 2.61768e-21
-0.000261661 -6.35444e-05 2.60614e-21
-0.000261681 -6.31937e-05 2.59176e-21
-0.0002617 -6.2774e-05 2.57454e-21
-0.000261718 -6.22859e-05 2.55452e-21
-0.000261737 -6.17305e-05 2.53174e-21
-0.000261754 -6.11094e-05 2.50627e-21
-0.000261772 -6.04244e-05 2.47818e-21
-0.000261788 -5.96773e-05 2.44754e-21
-0.000261804 -5.88699e-05 2.41442e-21
-0.00026182 -5.80041e-05 2.37891e-21
-0.000261834 -5.70818e-05 2.34109e-21
-0.000261848 -5.61051e-05 2.30103e-21
-0.000261862 -5.50754e-05 2.2588e-21
-0.000261874 -5.39942e-05 2.21446e-21
-0.000261886 -5.28629e-05 2.16806e-21
-0.000261896 -5.16827e-05 2.11966e-21
-0.000261906 -5.04542e-05 2.06927e-21
-0.000261915 -4.91776e-05 2.01691e-21
-0.000261922 -4.78532e-05 1.9626e-21
-0.000261929 -4.64818e-05 1.90635e-21
-0.000261935 -4.50648e-05 1.84824e-21
-0.000261939 -4.36044e-05 1.78834e-21
-0.000261942 -4.21024e-05 1.72674e-21
-0.000261944 -4.05614e-05 1.66354e-21
-0.000261945 -3.89847e-05 1.59887e-21
-0.000261944 -3.7376e-05 1.5329e-21
-0.000261942 -3.57392e-05 1.46577e-21
-0.000261938 -3.4079e-05 1.39768e-21
-0.000261934 -3.24025e-05 1.32892e-21
-0.000261927 -3.07179e-05 1.25983e-21
-0.00026192 -2.90333e-05 1.19074e-21
-0.000261911 -2.73573e-05 1.122e-21
-0.0002619 -2.56999e-05 1.05403e-21
-0.000261889 -2.4072e-05 9.87261e-22
-0.000261876 -2.24838e-05 9.22125e-22
-0.000261862 -2.09461e-05 8.59058e-22
-0.000261847 -1.94707e-05 7.98549e-22
-0.000261831 -1.807e-05 7.41102e-22
-0.000261814 -1.67556e-05 6.87197e-22
-0.000261796 -1.55389e-05 6.37296e-22
-0.000261777 -1.44307e-05 5.91844e-22
-0.000261758 -1.34413e-05 5.51269e-22
-0.000261738 -1.25806e-05 5.15967e-22
-0.000261717 -1.18569e-05 4.86287e-22
-0.000261696 -1.1277e-05 4.62503e-22
-0.000261675 -1.08463e-05 4.44838e-22
-0.000261653 -1.05695e-05 4.33487e-22
-0.000261631 -1.045e-05 4.28583e-22
-0.000261609 -1.04883e-05 4.30154e-22
-0.000261586 -1.06836e-05 4.38164e-22
-0.000261563 -1.10345e-05 4.52559e-22
-0.00026154 -1.15385e-05 4.73225e-22
-0.000261517 -1.21899e-05 4.99945e-22
-0.000261494 -1.29823e-05 5.3244e-22
-0.000261471 -1.39085e-05 5.70429e-22
-0.000261447 -1.49615e-05 6.13616e-22
-0.000261423 -1.61334e-05 6.61677e-22
-0.0002614 -1.74159e-05 7.14277e-22
-0.000261376 -1.88011e-05 7.71089e-22
-0.000261352 -2.02812e-05 8.31789e-22
-0.000261328 -2.1848e-05 8.96048e-22
-0.000261304 -2.34936e-05 9.63542e-22
-0.00026128 -2.52106e-05 1.03396e-21
-0.000261257 -2.6992e-05 1.10702e-21
-0.000261233 -2.88323e-05 1.1825e-21
-0.00026121 -3.07264e-05 1.26018e-21
-0.000261187 -3.26698e-05 1.33988e-21
-0.000261164 -3.46587e-05 1.42145e-21
-0.000261141 -3.66901e-05 1.50477e-21
-0.000261119 -3.8762e-05 1.58974e-21
-0.000261096 -4.08723e-05 1.67629e-21
-0.000261075 -4.30186e-05 1.76432e-21
-0.000261054 -4.51966e-05 1.85364e-21
-0.000261033 -4.74015e-05 1.94407e-21
-0.000261013 -4.96284e-05 2.0354e-21
-0.000260993 -5.18709e-05 2.12738e-21
-0.000260982 -5.412e-05 2.21962e-21
-0.000260988 -5.63647e-05 2.31168e-21
-0.000260996 -5.85942e-05 2.40312e-21
-0.000261004 -6.07966e-05 2.49344e-21
-0.000261021 -6.2957e-05 2.58205e-21
-0.00026104 -6.50591e-05 2.66826e-21
-0.00026107 -6.70872e-05 2.75144e-21
-0.000261105 -6.90253e-05 2.83093e-21
-0.000261136 -7.08567e-05 2.90604e-21
-0.00026117 -7.25645e-05 2.97608e-21
-0.000261202 -7.4133e-05 3.04041e-21
-0.000261235 -7.55471e-05 3.0984e-21
-0.000261267 -7.67934e-05 3.14952e-21
-0.000261299 -7.78597e-05 3.19325e-21
-0.00026133 -7.87349e-05 3.22915e-21
-0.00026136 -7.94094e-05 3.25681e-21
-0.000261389 -7.98762e-05 3.27595e-21
-0.000261417 -8.01296e-05 3.28635e-21
-0.000261442 -8.01654e-05 3.28781e-21
-0.000261466 -7.99814e-05 3.28027e-21
-0.000261488 -7.95787e-05 3.26375e-21
-0.000261508 -7.89605e-05 3.2384e-21
-0.000261524 -7.81308e-05 3.20437e-21
-0.000261538 -7.70955e-05 3.16191e-21
-0.000261548 -7.58627e-05 3.11135e-21
-0.000261555 -7.44422e-05 3.05309e-21
-0.000261559 -7.28442e-05 2.98755e-21
-0.000261558 -7.10792e-05 2.91517e-21
-0.000261554 -6.91592e-05 2.83642e-21
-0.000261546 -6.70965e-05 2.75182e-21
-0.000261534 -6.49029e-05 2.66185e-21
-0.000261518 -6.25897e-05 2.56699e-21
-0.000261498 -6.01673e-05 2.46764e-21
-0.000261474 -5.7645e-05 2.36419e-21
-0.000261447 -5.50313e-05 2.25699e-21
-0.000261415 -5.2334e-05 2.14637e-21
-0.00026138 -4.95597e-05 2.03259e-21
-0.000261342 -4.67138e-05 1.91587e-21
-0.0002613 -4.38012e-05 1.79641e-21
-0.000261266 -4.08255e-05 1.67437e-21
-0.000261235 -3.77893e-05 1.54985e-21
-0.000261198 -3.4694e-05 1.4229e-21
-0.00026116 -3.15406e-05 1.29357e-21
-0.000261119 -2.83296e-05 1.16188e-21
-0.0002611 -2.50618e-05 1.02786e-21
-0.000261086 -2.17376e-05 8.91524e-22
-0.000261065 -1.83575e-05 7.52893e-22
-0.000261047 -1.49219e-05 6.11991e-22
-0.000261034 -1.14325e-05 4.68881e-22
-0.000261023 -7.89144e-06 3.23651e-22
-0.000261008 -4.30089e-06 1.76392e-22
-0.000260993 -6.63494e-07 2.72118e-23
-0.000260976 3.01786e-06 -1.23771e-22
-0.000260983 6.7323e-06 -2.76111e-22
-0.000260996 1.04793e-05 -4.29787e-22
-0.000261028 1.42686e-05 -5.85196e-22
-0.00026107 1.80883e-05 -7.41853e-22
-0.000261103 2.19287e-05 -8.99359e-22
-0.000261138 2.57867e-05 -1.05759e-21
-0.000261169 2.96544e-05 -1.21621e-21
-0.0002612 3.35268e-05 -1.37503e-21
-0.000261227 3.73968e-05 -1.53375e-21
-0.000261254 4.12577e-05 -1.6921e-21
-0.000261277 4.51017e-05 -1.84975e-21
-0.000261299 4.89195e-05 -2.00633e-21
-0.000261319 5.27009e-05 -2.16142e-21
-0.000261337 5.64355e-05 -2.31458e-21
-0.000261353 6.01127e-05 -2.4654e-21
-0.000261366 6.37214e-05 -2.6134e-21
-0.000261386 6.72507e-05 -2.75814e-21
-0.000261405 7.06892e-05 -2.89917e-21
-0.000261422 7.40261e-05 -3.03602e-21
-0.000261437 7.72513e-05 -3.1683e-21
-0.00026145 8.03552e-05 -3.2956e-21
-0.000261462 8.33286e-05 -3.41754e-21
-0.000261475 8.61629e-05 -3.53379e-21
-0.000261493 8.88512e-05 -3.64405e-21
-0.00026151 9.13876e-05 -3.74807e-21
-0.000261525 9.37666e-05 -3.84564e-21
-0.000261539 9.59842e-05 -3.93659e-21
-0.000261551 9.80383e-05 -4.02084e-21
-0.000261562 9.99284e-05 -4.09835e-21
-0.000261571 0.000101654 -4.16914e-21
-0.000261579 0.000103217 -4.23324e-21
-0.000261585 0.000104619 -4.29073e-21
-0.000261589 0.000105863 -4.34173e-21
-0.000261592 0.000106951 -4.38639e-21
-0.000261594 0.000107889 -4.42485e-21
-0.000261594 0.00010868 -4.45729e-21
-0.000261593 0.000109329 -4.48388e-21
-0.00026159 0.00010984 -4.50484e-21
-0.000261587 0.000110218 -4.52037e-21
-0.000261582 0.00011047 -4.53071e-21
-0.000261575 0.000110602 -4.53612e-21
-0.000261568 0.00011062 -4.53685e-21
-0.000261582 0.00011053 -4.53317e-21
-0.000261603 0.000110339 -4.52533e-21
-0.000261629 0.000110052 -4.51355e-21
-0.000261687 0.000109675 -4.49807e-21
-0.000261747 0.000109213 -4.47914e-21
-0.000261811 0.000108673 -4.45698e-21
-0.000261884 0.000108059 -4.43181e-21
-0.000261958 0.000107378 -4.40388e-21
-0.000262033 0.000106636 -4.37343e-21
-0.000262107 0.000105839 -4.34076e-21
-0.000262182 0.000104996 -4.30619e-21
-0.000262256 0.000104115 -4.27004e-21
-0.000262331 0.000103203 -4.23263e-21
-0.000262406 0.000102266 -4.19421e-21
-0.00026248 0.000101309 -4.15498e-21
-0.000262555 0.000100339 -4.1152e-21
-0.000262629 9.93613e-05 -4.07509e-21
-0.000262704 9.83798e-05 -4.03484e-21
-0.000262777 9.73987e-05 -3.9946e-21
-0.000262851 9.64225e-05 -3.95457e-21
-0.000262924 9.54553e-05 -3.9149e-21
-0.000262996 9.44997e-05 -3.87571e-21
-0.000263068 9.3558e-05 -3.83708e-21
-0.000263139 9.26327e-05 -3.79914e-21
-0.000263209 9.17269e-05 -3.76199e-21
-0.000263278 9.08437e-05 -3.72576e-21
-0.000263346 8.99864e-05 -3.6906e-21
-0.000263413 8.91586e-05 -3.65665e-21
-0.000263479 8.83637e-05 -3.62405e-21
-0.000263543 8.76044e-05 -3.59291e-21
-0.000263606 8.68826e-05 -3.56331e-21
-0.000263667 8.62007e-05 -3.53534e-21
-0.000263726 8.55606e-05 -3.50909e-21
-0.000263784 8.49644e-05 -3.48463e-21
-0.00026384 8.44139e-05 -3.46206e-21
-0.000263893 8.39106e-05 -3.44141e-21
-0.000263945 8.34564e-05 -3.42279e-21
-0.000263994 8.30548e-05 -3.40632e-21
-0.00026404 8.27095e-05 -3.39216e-21
-0.000264084 8.24236e-05 -3.38043e-21
-0.000264126 8.22006e-05 -3.37128e-21
-0.000264165 8.20461e-05 -3.36495e-21
-0.000264201 8.19659e-05 -3.36166e-21
-0.000264233 8.19649e-05 -3.36162e-21
-0.000264263 8.2048e-05 -3.36502e-21
-0.00026429 8.22207e-05 -3.37211e-21
-0.000264314 8.24884e-05 -3.38309e-21
-0.000264335 8.28554e-05 -3.39814e-21
-0.000264352 8.33251e-05 -3.4174e-21
-0.000264367 8.39006e-05 -3.441e-21
-0.000264379 8.45843e-05 -3.46905e-21
-0.000264387 8.53775e-05 -3.50158e-21
-0.000264392 8.62804e-05 -3.53861e-21
-0.000264395 8.72929e-05 -3.58014e-21
-0.000264394 8.84144e-05 -3.62613e-21
-0.000264391 8.9643e-05 -3.67652e-21
-0.000264385 9.09755e-05 -3.73117e-21
-0.000264377 9.24077e-05 -3.78991e-21
-0.000264365 9.39341e-05 -3.85251e-21
-0.000264352 9.55485e-05 -3.91872e-21
-0.000264336 9.7245e-05 -3.9883e-21
-0.000264317 9.90188e-05 -4.06105e-21
-0.000264297 0.000100866 -4.13679e-21
-0.000264274 0.000102781 -4.21534e-21
-0.000264249 0.00010476 -4.29649e-21
-0.000264221 0.000106797 -4.38006e-21
-0.000264192 0.000108889 -4.46586e-21
-0.000264162 0.000111031 -4.55369e-21
-0.000264129 0.000113217 -4.64337e-21
-0.000264095 0.000115444 -4.73469e-21
-0.000264059 0.000117707 -4.82749e-21
-0.000264022 0.00012 -4.92156e-21
-0.000263983 0.000122321 -5.01672e-21
-0.000263943 0.000124661 -5.1127e-21
-0.000263903 0.000127015 -5.20924e-21
-0.000263861 0.000129376 -5.30608e-21
-0.000263819 0.000131738 -5.40295e-21
-0.000263776 0.000134095 -5.49961e-21
-0.000263733 0.00013644 -5.59581e-21
-0.000263689 0.000138769 -5.69131e-21
-0.000263645 0.000141075 -5.78589e-21
-0.000263601 0.000143354 -5.87935e-21
-0.000263557 0.000145601 -5.97153e-21
-0.000263513 0.000147813 -6.06225e-21
-0.000263468 0.000149986 -6.15134e-21
-0.000263424 0.000152113 -6.2386e-21
-0.000263374 0.000154184 -1.07633e-20
-0.000263293 0.000156155 -1.08463e-20
-0.000263248 0.000158072 -1.0927e-20
-0.000263203 0.000159926 -1.1005e-20
-0.00026316 0.000161711 -1.10802e-20
-0.000263118 0.000163424 -1.11523e-20
-0.000263077 0.000165059 -1.12211e-20
-0.000263038 0.000166609 -1.12864e-20
-0.000263001 0.000168069 -1.13478e-20
-0.000262965 0.000169434 -1.14053e-20
-0.000262903 0.000170666 -1.7219e-20
-0.000262829 0.000171745 -1.42164e-20
-0.0002628 0.000172719 -1.06393e-20
-0.000262775 0.000173581 -1.39819e-20
-0.000262753 0.000174325 -9.06293e-21
-0.000262734 0.000174944 -9.80654e-21
-0.000262719 0.000175433 -1.32642e-20
-0.000262708 0.000175786 -6.58334e-21
-0.000262699 0.000175998 -6.58348e-21
-0.000262695 0.000176064 -6.58459e-21
-0.000262683 0.000175968 -1.24781e-20
-0.000262669 0.000175703 -1.24673e-20
-0.000262658 0.000175268 -1.24494e-20
-0.000262653 0.00017466 -1.24245e-20
-0.00026265 0.00017388 -1.23925e-20
-0.000262647 0.000172927 -1.23534e-20
-0.000262646 0.000171804 -1.23074e-20
-0.000262644 0.000170514 -1.22545e-20
-0.000262642 0.000169061 -1.21949e-20
-0.000262641 0.000167449 -1.21288e-20
-0.000262639 0.000165686 -1.20564e-20
-0.000262637 0.000163775 -1.19781e-20
-0.000262634 0.000161724 -1.1894e-20
-0.000262631 0.00015954 -1.18044e-20
-0.000262628 0.000157228 -1.17096e-20
-0.000262623 0.000154799 -1.161e-20
-0.000262618 0.000152261 -1.15059e-20
-0.000262611 0.000149623 -1.13977e-20
-0.000262604 0.000146893 -1.12857e-20
-0.000262596 0.00014408 -1.11703e-20
-0.000262586 0.00014119 -1.10518e-20
-0.000262576 0.000138231 -1.09304e-20
-0.000262564 0.000135207 -1.08064e-20
-0.000262557 0.000132125 -1.068e-20
-0.00026255 0.000128986 -1.05513e-20
-0.000262542 0.000125795 -1.04204e-20
-0.000262534 0.000122552 -1.02874e-20
-0.000262525 0.00011926 -1.01524e-20
-0.000262515 0.000115919 -1.00154e-20
-0.000262505 0.000112529 -9.87633e-21
-0.000262495 0.00010909 -9.73529e-21
-0.000262484 0.000105602 -9.59225e-21
-0.000262473 0.000102066 -9.4472e-21
-0.000262461 9.84802e-05 -9.30016e-21
-0.000262448 9.48468e-05 -9.15114e-21
-0.000262434 9.11675e-05 -9.00024e-21
-0.00026242 8.74455e-05 -8.84759e-21
-0.000262404 8.36841e-05 -8.69333e-21
-0.000262388 7.98872e-05 -8.5376e-21
-0.000262371 7.60587e-05 -8.38059e-21
-0.000262353 7.22029e-05 -8.22245e-21
-0.000262334 6.83247e-05 -8.06339e-21
-0.000262314 6.44297e-05 -7.90365e-21
-0.000262293 6.05252e-05 -7.74351e-21
-0.000262271 5.66192e-05 -7.58332e-21
-0.000262248 5.27204e-05 -7.42342e-21
-0.000262224 4.88375e-05 -7.26416e-21
-0.000262199 4.49787e-05 -7.1059e-21
-0.000262173 4.11522e-05 -6.94897e-21
-0.000262146 3.73666e-05 -6.79371e-21
-0.000262119 3.36311e-05 -6.64051e-21
-0.00026209 2.99558e-05 -6.48977e-21
-0.000262061 2.63512e-05 -6.34194e-21
-0.000262031 2.28281e-05 -6.19744e-21
-0.000262 1.93963e-05 -6.0567e-21
-0.000261969 1.60645e-05 -5.92005e-21
-0.000261937 1.28404e-05 -5.78782e-21
-0.000261905 9.73136e-06 -5.66031e-21
-0.000261872 6.74477e-06 -5.53782e-21
-0.000261838 3.88825e-06 -5.42067e-21
-0.000261804 1.16932e-06 -5.30916e-21
-0.00026177 -1.40513e-06 -5.20357e-21
-0.000261735 -3.82939e-06 -5.10414e-21
-0.000261699 -6.0995e-06 -5.01104e-21
-0.000261663 -8.21281e-06 -4.92437e-21
-0.000261627 -1.01674e-05 -4.8442e-21
-0.00026159 -1.19625e-05 -4.77058e-21
-0.000261553 -1.35984e-05 -4.70349e-21
-0.000261526 -1.50737e-05 -4.64298e-21
-0.000261501 -1.63921e-05 -4.58891e-21
-0.000261472 -1.75596e-05 -4.54103e-21
-0.000261444 -1.85788e-05 -4.49923e-21
-0.000261413 -1.94557e-05 -4.46326e-21
-0.000261388 -2.01977e-05 -4.43283e-21
-0.000261364 -2.08098e-05 -4.40773e-21
-0.000261336 -2.12963e-05 -4.38777e-21
-0.000261307 -2.16649e-05 -4.37266e-21
-0.000261275 -2.19221e-05 -4.36211e-21
-0.000261242 -2.20749e-05 -4.35584e-21
-0.000261207 -2.21301e-05 -4.35358e-21
-0.00026117 -2.20944e-05 -4.35504e-21
-0.000261131 -2.19745e-05 -4.35996e-21
-0.000261091 -2.17776e-05 -4.36804e-21
-0.00026105 -2.15109e-05 -4.37897e-21
-0.000261007 -2.11821e-05 -4.39246e-21
-0.000260963 -2.07987e-05 -4.40818e-21
-0.000260918 -2.03684e-05 -4.42583e-21
-0.000260871 -1.98997e-05 -4.44506e-21
-0.000260824 -1.94007e-05 -4.46552e-21
-0.000260776 -1.88801e-05 -4.48687e-21
-0.000260742 -1.8347e-05 -4.50874e-21
-0.000260713 -1.781e-05 -4.53076e-21
-0.000260708 -1.72782e-05 -4.55257e-21
-0.000260715 -1.67615e-05 -4.57376e-21
-0.000260729 -1.62683e-05 -4.59399e-21
-0.000260777 -1.5809e-05 -4.61282e-21
-0.000260831 -1.53932e-05 -4.62988e-21
-0.000260886 -1.50304e-05 -4.64476e-21
-0.00026094 -1.47305e-05 -4.65706e-21
-0.000260995 -1.45028e-05 -4.6664e-21
-0.00026105 -1.43569e-05 -4.67238e-21
-0.000261105 -1.43022e-05 -4.67462e-21
-0.00026116 -1.43474e-05 -4.67277e-21
-0.000261215 -1.44998e-05 -4.66652e-21
-0.00026127 -1.47661e-05 -4.6556e-21
-0.000261325 -1.51524e-05 -4.63975e-21
-0.00026138 -1.56653e-05 -4.61872e-21
-0.000261435 -1.63105e-05 -4.59226e-21
-0.000261489 -1.70942e-05 -4.56012e-21
-0.000261544 -1.80217e-05 -4.52208e-21
-0.000261597 -1.90976e-05 -4.47795e-21
-0.000261651 -2.03244e-05 -4.42764e-21
-0.000261703 -2.17033e-05 -4.37108e-21
-0.000261756 -2.32353e-05 -4.30825e-21
-0.000261807 -2.49209e-05 -4.23912e-21
-0.000261858 -2.67608e-05 -4.16366e-21
-0.000261908 -2.87554e-05 -4.08186e-21
-0.000261956 -3.09046e-05 -3.99371e-21
-0.000262004 -3.32075e-05 -3.89926e-21
-0.000262051 -3.56617e-05 -3.79861e-21
-0.000262097 -3.82638e-05 -3.69189e-21
-0.000262141 -4.101e-05 -3.57926e-21
-0.000262185 -4.38965e-05 -3.46088e-21
-0.000262227 -4.69193e-05 -3.3369e-21
-0.000262267 -5.00747e-05 -3.20749e-21
-0.000262307 -5.33583e-05 -3.07282e-21
-0.000262345 -5.67648e-05 -2.93311e-21
-0.000262382 -6.02873e-05 -2.78864e-21
-0.000262418 -6.39178e-05 -2.63974e-21
-0.000262452 -6.76481e-05 -2.48675e-21
-0.000262486 -7.14699e-05 -2.33001e-21
-0.000262518 -7.5375e-05 -2.16985e-21
-0.000262549 -7.93554e-05 -2.0066e-21
-0.00026258 -8.34029e-05 -1.84061e-21
-0.000262609 -8.75089e-05 -1.6722e-21
-0.000262637 -9.16648e-05 -1.50176e-21
-0.000262665 -9.58612e-05 -1.32965e-21
-0.000262692 -0.000100089 -1.15624e-21
-0.000262719 -0.00010434 -9.81908e-22
-0.000262745 -0.000108604 -8.07043e-22
-0.00026277 -0.000112871 -6.32045e-22
-0.000262796 -0.000117131 -4.57303e-22
-0.000262822 -0.000121377 -2.83197e-22
-0.000262847 -0.000125597 -1.10114e-22
-0.000262873 -0.000129783 6.15676e-23
-0.000262899 -0.000133926 2.31485e-22
-0.000262925 -0.000138018 3.99299e-22
-0.000262952 -0.00014205 5.64695e-22
-0.000262979 -0.000146017 7.27384e-22
-0.000263007 -0.000149911 8.87093e-22
-0.000263036 -0.000153727 1.04358e-21
-0.00026302 -0.000157404 8.63642e-21
-0.000263005 -0.000160947 1.50041e-20
-0.000263031 -0.000164402 9.8979e-21
-0.000263057 -0.000167764 7.37682e-21
-0.000263034 -0.000170975 7.70589e-21
-0.000262894 -0.000173909 8.31092e-21
-0.000262911 -0.000176758 9.03825e-21
-0.000262933 -0.00017951 1.42551e-20
-0.000262948 -0.000182154 9.92282e-21
-0.000262973 -0.000184698 1.46649e-20
-0.000263002 -0.000187146 4.13496e-21
-0.000263032 -0.000189497 1.26362e-20
-0.000263064 -0.000191752 9.90171e-21
-0.000262928 -0.000193714 9.91612e-21
-0.000262985 -0.000195107 1.35707e-20
-0.00026306 -0.000196077 1.27419e-20
-0.000263114 -0.000197041 8.05004e-21
-0.000263159 -0.000197914 1.04941e-20
-0.0002632 -0.000198749 1.55519e-20
-0.000263246 -0.00019954 1.45451e-20
-0.000263293 -0.000200284 1.35762e-20
-0.000263343 -0.000200981 5.87861e-21
-0.000263395 -0.000201625 1.06989e-20
-0.000263449 -0.000202213 1.09337e-20
-0.000263506 -0.000202742 1.02251e-20
-0.000263565 -0.000203207 -4.99662e-19
-0.000263627 -0.000203604 1.29132e-20
-0.000263691 -0.000203929 1.91147e-20
-0.000263757 -0.000204179 1.27585e-20
-0.000263826 -0.000204352 1.20105e-20
-0.000263895 -0.000204444 1.13774e-20
-0.000263967 -0.000204451 1.13788e-20
-0.000264038 -0.000204367 1.25028e-20
-0.00026409 -0.000204164 1.24945e-20
-0.000264141 -0.000203819 1.24803e-20
-0.000264191 -0.000203309 1.24594e-20
-0.000264242 -0.000202635 1.24318e-20
-0.000264293 -0.0002018 1.23975e-20
-0.000264342 -0.000200803 1.23567e-20
-0.000264391 -0.000199649 1.23093e-20
-0.000264439 -0.000198343 1.22558e-20
-0.000264486 -0.00019689 1.21962e-20
-0.000264531 -0.000195298 1.21309e-20
-0.000264574 -0.000193575 1.20602e-20
-0.000264616 -0.00019173 1.19845e-20
-0.000264655 -0.000189773 1.19043e-20
-0.000264691 -0.000187714 1.18198e-20
-0.000264726 -0.000185565 1.17317e-20
-0.000264757 -0.000183335 1.16403e-20
-0.000264787 -0.000181037 1.1546e-20
-0.000264813 -0.00017868 1.14494e-20
-0.000264837 -0.000176276 1.13507e-20
-0.000264858 -0.000173833 1.12506e-20
-0.000264876 -0.000171361 1.11492e-20
-0.000264892 -0.000168869 1.1047e-20
-0.000264905 -0.000166364 1.09442e-20
-0.000264916 -0.000163853 1.08412e-20
-0.000264924 -0.000161342 1.07382e-20
-0.00026493 -0.000158835 1.06354e-20
-0.000264934 -0.000156339 1.05331e-20
-0.000264935 -0.000153858 1.04313e-20
-0.000264933 -0.000151398 1.03304e-20
-0.000264929 -0.000148965 1.02306e-20
-0.000264923 -0.000146562 1.01321e-20
-0.000264914 -0.000144197 1.00351e-20
-0.000264902 -0.000141873 9.93978e-21
-0.000264888 -0.000139596 9.84639e-21
-0.000264872 -0.000137371 9.75513e-21
-0.000264853 -0.000135203 9.66621e-21
-0.000264832 -0.000133098 9.57987e-21
-0.000264808 -0.00013106 9.49631e-21
-0.000264782 -0.000129096 9.41576e-21
-0.000264753 -0.000127211 9.33846e-21
-0.000264722 -0.000125412 9.26464e-21
-0.000264689 -0.000123702 9.19453e-21
-0.000264653 -0.000122088 9.12833e-21
-0.000264615 -0.000120574 9.06624e-21
-0.000264574 -0.000119165 9.00846e-21
-0.000264532 -0.000117865 8.95513e-21
-0.000264487 -0.000116677 8.90641e-21
-0.000264441 -0.000115604 8.86242e-21
-0.000264392 -0.00011465 8.82328e-21
-0.000264341 -0.000113816 8.78908e-21
-0.000264289 -0.000113104 8.75985e-21
-0.000264234 -0.000112513 8.73563e-21
-0.000264178 -0.000112044 8.71641e-21
-0.000264121 -0.000111696 8.70213e-21
-0.000264061 -0.000111466 8.69271e-21
-0.000264001 -0.00011135 8.68792e-21
-0.000263939 -0.000111339 8.6875e-21
-0.000263877 -0.000111428 8.69115e-21
-0.000263814 -0.000111608 8.69853e-21
-0.000263749 -0.00011187 8.70928e-21
-0.000263685 -0.000112205 8.723e-21
-0.000263619 -0.000112602 8.73929e-21
-0.000263553 -0.000113052 8.75772e-21
-0.000263487 -0.000113542 8.77783e-21
-0.000263421 -0.000114062 8.79916e-21
-0.000263355 -0.0001146 8.82123e-21
-0.000263288 -0.000115145 8.84358e-21
-0.000263222 -0.000115685 8.86574e-21
-0.000263156 -0.00011621 8.88725e-21
-0.00026309 -0.000116708 8.90766e-21
-0.000263025 -0.000117168 8.92654e-21
-0.00026296 -0.000117581 8.94347e-21
-0.000262896 -0.000117936 8.95806e-21
-0.000262832 -0.000118226 8.96992e-21
-0.000262769 -0.00011844 8.97873e-21
-0.000262706 -0.000118574 8.98419e-21
-0.000262644 -0.000118619 8.98606e-21
-0.000262583 -0.000118572 8.98411e-21
-0.000262522 -0.000118427 8.97817e-21
-0.000262461 -0.000118182 8.96813e-21
-0.000262402 -0.000117835 8.9539e-21
-0.000262342 -0.000117385 8.93546e-21
-0.000262283 -0.000116832 8.91277e-21
-0.000262225 -0.000116174 8.88579e-21
-0.000262167 -0.000115411 8.85449e-21
-0.00026211 -0.000114542 8.81887e-21
-0.000262053 -0.000113569 8.77893e-21
-0.000261997 -0.000112491 8.73474e-21
-0.000261941 -0.000111313 8.6864e-21
-0.000261894 -0.000110035 8.634e-21
-0.00026185 -0.000108661 8.57763e-21
-0.000261804 -0.00010719 8.51733e-21
-0.000261759 -0.000105625 8.45312e-21
-0.000261722 -0.000103964 8.38502e-21
-0.000261686 -0.000102208 8.31301e-21
-0.000261649 -0.000100354 8.23696e-21
-0.000261626 -9.83972e-05 8.1567e-21
-0.000261607 -9.63338e-05 8.07208e-21
-0.000261584 -9.41592e-05 7.98289e-21
-0.000261561 -9.18676e-05 7.88891e-21
-0.000261535 -8.94526e-05 7.78986e-21
-0.00026152 -8.69081e-05 7.6855e-21
-0.000261506 -8.42281e-05 7.57559e-21
-0.000261486 -8.14069e-05 7.45988e-21
-0.000261466 -7.8439e-05 7.33816e-21
-0.000261442 -7.53195e-05 7.21022e-21
-0.000261415 -7.20443e-05 7.0759e-21
-0.000261385 -6.86108e-05 6.93508e-21
-0.000261352 -6.50175e-05 6.7877e-21
-0.000261315 -6.12633e-05 6.63373e-21
-0.000261276 -5.73481e-05 6.47316e-21
-0.000261232 -5.32732e-05 6.30604e-21
-0.000261186 -4.90407e-05 6.13245e-21
-0.000261135 -4.46531e-05 5.9525e-21
-0.000261081 -4.01141e-05 5.76635e-21
-0.000261023 -3.54282e-05 5.57416e-21
-0.000260962 -3.06009e-05 5.37618e-21
-0.000260897 -2.56379e-05 5.17263e-21
-0.000260844 -2.05448e-05 4.96375e-21
-0.000260793 -1.53284e-05 4.74981e-21
-0.000260735 -9.99511e-06 4.53108e-21
-0.000260676 -4.55135e-06 4.30781e-21
-0.000260628 9.95475e-07 4.08032e-21
-0.000260619 6.6288e-06 3.84928e-21
-0.000260655 1.23581e-05 3.61431e-21
-0.000260695 1.81806e-05 3.37551e-21
-0.000260728 2.40757e-05 3.13374e-21
-0.000260764 3.00429e-05 2.88901e-21
-0.000260796 3.60704e-05 2.6418e-21
-0.000260829 4.21517e-05 2.39239e-21
-0.000260859 4.82769e-05 2.14117e-21
-0.00026089 5.44338e-05 1.88866e-21
-0.000260919 6.06092e-05 1.63539e-21
-0.000260949 6.67893e-05 1.38193e-21
-0.000260982 7.29606e-05 1.12883e-21
-0.000261016 7.91067e-05 8.76756e-22
-0.000261049 8.52112e-05 6.26392e-22
-0.000261084 9.12576e-05 3.78414e-22
-0.000261119 9.72297e-05 1.3348e-22
-0.000261155 0.00010311 -1.07703e-22
-0.000261192 0.000108883 -3.44441e-22
-0.000261231 0.00011453 -5.7606e-22
-0.000261271 0.000120037 -8.01914e-22
-0.000261314 0.000125388 -1.02136e-21
-0.000261358 0.000130567 -1.23377e-21
-0.000261405 0.00013556 -1.43857e-21
-0.000261455 0.000140354 -1.63519e-21
-0.000261507 0.000144936 -1.82309e-21
-0.000261561 0.000149292 -2.00174e-21
-0.000261619 0.00015341 -2.17064e-21
-0.000261679 0.00015728 -2.32936e-21
-0.000261742 0.000160892 -2.47748e-21
-0.000261807 0.000164235 -2.61461e-21
-0.000261876 0.000167303 -2.74042e-21
-0.000261947 0.000170088 -2.85463e-21
-0.00026202 0.000172585 -2.95705e-21
-0.000262132 0.000174747 -6.4551e-21
-0.000262183 0.000176555 -1.71978e-20
-0.000262254 0.00017808 -1.72649e-20
-0.000262332 0.000179123 -1.73113e-20
-0.00026241 0.000179667 -1.73361e-20
-0.000262494 0.000179967 -1.73502e-20
-0.000262582 0.000180069 -1.73555e-20
-0.000262669 0.000179969 -1.7352e-20
-0.000262757 0.000179686 -1.73405e-20
-0.000262844 0.000179221 -8.21372e-21
-0.00026293 0.000178589 -8.18778e-21
-0.000263014 0.000177806 -8.15568e-21
-0.000263097 0.00017689 -8.11813e-21
-0.000263179 0.00017586 -8.07585e-21
-0.000263258 0.00017473 -8.02953e-21
-0.000263335 0.000173518 -7.97981e-21
-0.000263409 0.000172214 -7.92632e-21
-0.000263482 0.000170828 -7.86949e-21
-0.000263552 0.000169385 -7.81029e-21
-0.000263619 0.000167895 -7.74919e-21
-0.000263685 0.000166376 -7.68691e-21
-0.000263748 0.000164841 -7.62392e-21
-0.000263809 0.000163301 -7.5608e-21
-0.000263867 0.000161769 -7.49795e-21
-0.000263924 0.000160254 -7.43581e-21
-0.000263978 0.000158765 -7.37474e-21
-0.000264031 0.00015731 -7.31507e-21
-0.000264082 0.000155896 -7.2571e-21
-0.00026413 0.000154531 -7.20111e-21
-0.000264177 0.00015322 -7.14734e-21
-0.000264221 0.000151969 -7.09601e-21
-0.000264264 0.000150781 -7.04731e-21
-0.000264305 0.000149662 -7.00142e-21
-0.000264345 0.000148616 -6.9585e-21
-0.000264382 0.000147646 -6.91871e-21
-0.000264417 0.000146756 -6.88224e-21
-0.000264451 0.000145953 -6.84929e-21
-0.000264482 0.00014524 -6.82004e-21
-0.000264512 0.000144622 -6.7947e-21
-0.000264539 0.000144104 -6.77345e-21
-0.000264565 0.00014369 -6.75648e-21
-0.000264588 0.000143385 -6.74397e-21
-0.00026461 0.000143193 -6.7361e-21
-0.00026463 0.000143117 -6.73297e-21
-0.000264648 0.000143158 -6.73468e-21
-0.000264663 0.00014332 -6.74131e-21
-0.000264677 0.000143602 -6.75288e-21
-0.00026469 0.000144003 -6.76931e-21
-0.000264701 0.000144518 -6.79043e-21
-0.00026471 0.000145144 -6.8161e-21
-0.000264718 0.000145876 -6.84612e-21
-0.000264724 0.000146707 -6.8802e-21
-0.000264729 0.000147628 -6.91801e-21
-0.000264733 0.000148633 -6.95923e-21
-0.000264735 0.000149713 -7.00349e-21
-0.000264737 0.000150855 -7.05035e-21
-0.000264737 0.000152049 -7.09929e-21
-0.000264737 0.000153281 -7.14984e-21
-0.000264735 0.000154542 -7.20156e-21
-0.000264733 0.000155822 -7.25406e-21
-0.00026473 0.000157113 -7.30701e-21
-0.000264725 0.000158407 -7.36008e-21
-0.00026472 0.000159698 -7.41303e-21
-0.000264713 0.000160982 -7.46567e-21
-0.000264702 0.000162011 -7.50787e-21
-0.000264691 0.00016285 -7.54227e-21
-0.000264679 0.000163718 -7.57788e-21
-0.000264665 0.000164557 -7.61232e-21
-0.00026465 0.000165395 -7.64665e-21
-0.000264632 0.000166235 -7.68111e-21
-0.000264612 0.000167087 -7.71606e-21
-0.000264589 0.00016795 -7.75144e-21
-0.000264564 0.000168828 -7.78748e-21
-0.000264538 0.000169729 -7.8244e-21
-0.000264509 0.000170656 -7.86242e-21
-0.000264479 0.000171615 -7.90176e-21
-0.000264447 0.000172611 -7.94262e-21
-0.000264405 0.000173632 -8.61495e-21
-0.000264375 0.000174646 -8.65975e-21
-0.000264337 0.000175706 -8.70652e-21
-0.000264298 0.000176799 -8.75471e-21
-0.000264251 0.000177818 -1.34782e-20
-0.00026421 0.000178801 -1.3522e-20
-0.000264125 0.000179799 -9.97218e-21
-0.000264048 0.000180809 -1.21261e-20
-0.000264 0.000181867 -1.32751e-20
-0.000263953 0.000182964 -1.57983e-20
-0.000263906 0.000184096 -1.40933e-20
-0.000263858 0.000185259 -1.28309e-20
-0.000263809 0.000186448 -6.88214e-21
-0.000263762 0.000187656 -1.56288e-20
-0.000263715 0.000188877 -1.09964e-20
-0.00026367 0.000190074 -4.14455e-21
-0.000263627 0.00019122 -9.87015e-21
-0.000263586 0.00019231 -7.98089e-21
-0.000263546 0.000193333 -1.44459e-20
-0.000263508 0.000194284 -8.69801e-21
-0.000263472 0.000195152 -1.72677e-20
-0.00026344 0.00019593 -1.92708e-20
-0.000263382 0.000196579 -1.29414e-20
-0.00026335 0.000197118 -9.89016e-21
-0.000263333 0.000197547 -8.37906e-21
-0.000263321 0.000197858 -1.17264e-20
-0.000263305 0.00019803 -1.46613e-20
-0.000263276 0.000198027 -1.46612e-20
-0.000263248 0.00019784 -1.46535e-20
-0.000263222 0.000197459 -1.46379e-20
-0.000263197 0.000196871 -1.46138e-20
-0.000263174 0.000196066 -1.45808e-20
-0.000263153 0.000195034 -1.45384e-20
-0.000263133 0.000193767 -1.44865e-20
-0.000263115 0.000192257 -1.44245e-20
-0.000263097 0.000190497 -1.43523e-20
-0.000263081 0.000188482 -1.42697e-20
-0.000263065 0.000186211 -1.41765e-20
-0.000263049 0.00018368 -1.40728e-20
-0.000263033 0.000180893 -1.39584e-20
-0.000263017 0.000177851 -1.38337e-20
-0.000263001 0.00017456 -1.36987e-20
-0.000262983 0.000171029 -1.35539e-20
-0.000262964 0.000167268 -1.33996e-20
-0.000262944 0.00016329 -1.32365e-20
-0.000262922 0.000159108 -1.3065e-20
-0.000262898 0.000154739 -1.28858e-20
-0.000262872 0.000150198 -1.26996e-20
-0.000262844 0.000145504 -1.2507e-20
-0.000262813 0.000140674 -1.2309e-20
-0.000262781 0.000135727 -1.21061e-20
-0.000262746 0.000130681 -1.18991e-20
-0.000262709 0.000125555 -1.16889e-20
-0.000262671 0.000120368 -1.14761e-20
-0.00026263 0.000115136 -1.12616e-20
-0.000262587 0.000109878 -1.10459e-20
-0.000262543 0.000104609 -1.08298e-20
-0.000262497 9.9346e-05 -1.0614e-20
-0.000262449 9.4104e-05 -1.0399e-20
-0.0002624 8.88971e-05 -1.01854e-20
-0.00026235 8.37389e-05 -9.97389e-21
-0.000262298 7.86421e-05 -9.76485e-21
-0.000262246 7.36178e-05 -9.55879e-21
-0.000262193 6.86761e-05 -9.35612e-21
-0.000262138 6.38263e-05 -9.15721e-21
-0.000262083 5.90764e-05 -8.96241e-21
-0.000262028 5.44327e-05 -8.77196e-21
-0.000261971 4.99004e-05 -8.58608e-21
-0.000261915 4.54836e-05 -8.40493e-21
-0.000261858 4.11856e-05 -8.22866e-21
-0.0002618 3.70088e-05 -8.05735e-21
-0.000261742 3.29543e-05 -7.89107e-21
-0.000261683 2.90229e-05 -7.72983e-21
-0.000261625 2.5214e-05 -7.57361e-21
-0.000261565 2.15255e-05 -7.42234e-21
-0.000261506 1.79545e-05 -7.27588e-21
-0.000261446 1.44972e-05 -7.13409e-21
-0.000261385 1.11493e-05 -6.99678e-21
-0.000261324 7.90626e-06 -6.86377e-21
-0.000261263 4.76311e-06 -6.73486e-21
-0.0002612 1.71437e-06 -6.60983e-21
-0.000261138 -1.24603e-06 -6.48841e-21
-0.000261074 -4.12483e-06 -6.37034e-21
-0.00026101 -6.92928e-06 -6.25533e-21
-0.000260945 -9.66699e-06 -6.14304e-21
-0.000260901 -1.23391e-05 -6.03345e-21
-0.000260865 -1.49563e-05 -5.92612e-21
-0.000260843 -1.75386e-05 -5.82021e-21
-0.000260832 -2.00879e-05 -5.71565e-21
-0.000260811 -2.2608e-05 -5.6123e-21
-0.000260794 -2.51091e-05 -5.50972e-21
-0.000260773 -2.75974e-05 -5.40766e-21
-0.000260752 -3.00815e-05 -5.30579e-21
-0.000260728 -3.25683e-05 -5.2038e-21
-0.000260725 -3.50661e-05 -5.10135e-21
-0.000260727 -3.75811e-05 -4.99821e-21
-0.000260727 -4.01198e-05 -4.89409e-21
-0.000260746 -4.26881e-05 -4.78875e-21
-0.000260766 -4.52903e-05 -4.68203e-21
-0.000260783 -4.79299e-05 -4.57377e-21
-0.000260799 -5.06092e-05 -4.46389e-21
-0.000260813 -5.33307e-05 -4.35227e-21
-0.000260827 -5.60953e-05 -4.23889e-21
-0.000260855 -5.89037e-05 -4.1237e-21
-0.000260887 -6.17562e-05 -4.00672e-21
-0.000260915 -6.46517e-05 -3.88796e-21
-0.000260945 -6.75881e-05 -3.76753e-21
-0.00026099 -7.05619e-05 -3.64557e-21
-0.000261051 -7.35692e-05 -3.52223e-21
-0.000261109 -7.66061e-05 -3.39768e-21
-0.000261169 -7.96675e-05 -3.27212e-21
-0.000261237 -8.27482e-05 -3.14577e-21
-0.000261309 -8.58428e-05 -3.01885e-21
-0.000261379 -8.89458e-05 -2.89159e-21
-0.000261452 -9.20522e-05 -2.76419e-21
-0.000261523 -9.51569e-05 -2.63685e-21
-0.000261596 -9.82553e-05 -2.50978e-21
-0.000261669 -0.000101343 -2.38316e-21
-0.000261742 -0.000104416 -2.25712e-21
-0.000261816 -0.000107472 -2.13177e-21
-0.00026189 -0.000110509 -2.00723e-21
-0.000261965 -0.000113523 -1.88361e-21
-0.00026204 -0.000116512 -1.76103e-21
-0.000262115 -0.000119472 -1.63962e-21
-0.00026219 -0.000122401 -1.51949e-21
-0.000262266 -0.000125296 -1.40075e-21
-0.000262343 -0.000128156 -1.28348e-21
-0.00026242 -0.000130977 -1.16776e-21
-0.000262496 -0.00013376 -1.05365e-21
-0.000262574 -0.000136502 -9.4119e-22
-0.000262651 -0.000139201 -8.3046e-22
-0.000262729 -0.000141858 -7.21525e-22
-0.000262806 -0.000144469 -6.14423e-22
-0.000262884 -0.000147035 -5.09174e-22
-0.000262962 -0.000149556 -4.05794e-22
-0.00026304 -0.000152031 -3.04279e-22
-0.000263118 -0.000154462 -2.04596e-22
-0.000263196 -0.000156849 -1.06678e-22
-0.000263274 -0.000159196 -1.04282e-23
-0.000263351 -0.000161505 8.42785e-23
-0.000263427 -0.00016378 1.77595e-22
-0.000263503 -0.000166026 2.69683e-22
-0.000263578 -0.000168219 3.59619e-22
-0.000263647 -0.000169866 4.27172e-22
-0.000263716 -0.000171165 4.80452e-22
-0.000263787 -0.000172564 5.37818e-22
-0.000263856 -0.000173918 5.93381e-22
-0.000263924 -0.000175286 6.4947e-22
-0.000263987 -0.000176642 5.71052e-21
-0.000264053 -0.000177923 5.76818e-21
-0.000264116 -0.000179234 5.82716e-21
-0.000264176 -0.000180577 5.88753e-21
-0.000264235 -0.000181961 5.94965e-21
-0.000264288 -0.000183441 6.01594e-21
-0.000264334 -0.00018512 6.09074e-21
-0.000264376 -0.000186914 6.17047e-21
-0.000264418 -0.000188734 6.25139e-21
-0.000264457 -0.000190614 6.33488e-21
-0.000264491 -0.000192281 6.40938e-21
-0.000264523 -0.000193774 6.47652e-21
-0.000264557 -0.000195353 6.54734e-21
-0.000264587 -0.000196995 6.62091e-21
-0.000264622 -0.000198696 6.69699e-21
-0.000264646 -0.000200391 1.58352e-20
-0.00026468 -0.000201842 1.08819e-20
-0.000264999 -0.000203176 1.31827e-20
-0.000265434 -0.000204306 1.00346e-20
-0.000265639 -0.000205326 9.1065e-21
-0.00026599 -0.000206366 1.40091e-20
-0.000266344 -0.000207415 1.66938e-20
-0.000266696 -0.000208471 1.20833e-20
-0.00026673 -0.000208577 1.47497e-20
-0.000266765 -0.000208683 1.29295e-20
-0.0002668 -0.000208789 1.85013e-20
-0.000266835 -0.000208895 1.65976e-20
-0.000266869 -0.000209001 1.08503e-20
-0.000266903 -0.000209107 1.29292e-20
-0.000266932 -0.000209212 1.40819e-20
-0.000266958 -0.000209317 1.44107e-20
-0.000266986 -0.000209423 1.72481e-20
-0.000267013 -0.000209529 2.02186e-20
-0.000267044 -0.000209635 1.14279e-20
-0.000267079 -0.000209741 1.3415e-20
-0.000267119 -0.000209847 1.46919e-20
-0.000267163 -0.000209953 1.18358e-19
-0.000267209 -0.000210059 1.40957e-20
-0.000267257 -0.000210165 1.65284e-20
-0.000267776 -0.000211221 -6.89533e-19
-0.000268304 -0.000212264 3.76739e-20
-0.000268821 -0.000213287 7.99528e-21
-0.000269341 -0.000214295 1.3721e-20
-0.00026985 -0.000215284 1.85505e-17
-0.000270347 -0.000216248 -8.69053e-18
-0.000270972 -0.000217188 8.16664e-19
-0.000271409 -0.000217922 -3.28635e-20
-0.000272066 -0.000218628 1.26141e-18
-0.000272715 -0.000219297 -1.99104e-20
-0.000273342 -0.000219925 2.50344e-18
-0.000273944 -0.000220514 1.14981e-20
-0.000274511 -0.000221058 -2.67327e-20
-0.000275043 -0.000221553 -2.39672e-20
-0.000275544 -0.000222 -2.09263e-20
-0.000276014 -0.000222394 -1.70358e-20
-0.000276451 -0.000222737 -2.47989e-20
-0.000276855 -0.000223028 -2.84284e-19
-0.000277225 -0.000223267 -1.95362e-20
-0.000277561 -0.000223454 9.95783e-19
-0.000277864 -0.00022359 -7.1536e-19
-0.000278131 -0.000223677 2.27551e-19
-0.000278361 -0.000223714 -2.36361e-20
-0.000278574 -0.000223705 9.88932e-19
-0.000278764 -0.000223649 9.75302e-20
-0.000278935 -0.000223545 4.11232e-19
-0.000279038 -0.000223338 1.15197e-20
-0.000279111 -0.00022304 1.15075e-20
-0.000279165 -0.000222623 1.14903e-20
-0.000279207 -0.00022206 1.14672e-20
-0.000279239 -0.000221359 1.14384e-20
-0.000279259 -0.000220521 1.1404e-20
-0.000279276 -0.00021956 1.13645e-20
-0.000279293 -0.000218482 1.13203e-20
-0.000279306 -0.000217298 1.12716e-20
-0.000279318 -0.000216013 1.12189e-20
-0.000279326 -0.000214633 1.11622e-20
-0.000279332 -0.000213164 1.11019e-20
-0.000279335 -0.00021161 1.1038e-20
-0.000279336 -0.000209976 1.09709e-20
-0.000279335 -0.000208266 1.09007e-20
-0.000279331 -0.000206481 1.08274e-20
-0.000279325 -0.000204624 1.07511e-20
-0.000279316 -0.000202695 1.06719e-20
-0.000279306 -0.000200694 1.05897e-20
-0.000279293 -0.000198623 1.05046e-20
-0.000279279 -0.000196479 1.04166e-20
-0.000279262 -0.000194264 1.03256e-20
-0.000279243 -0.000191976 1.02316e-20
-0.000279222 -0.000189614 1.01346e-20
-0.000279199 -0.000187173 1.00344e-20
-0.000279175 -0.000184652 9.9308e-21
-0.000279149 -0.000182046 9.82378e-21
-0.00027912 -0.000179354 9.71318e-21
-0.00027909 -0.000176572 9.59892e-21
-0.000279058 -0.000173698 9.4809e-21
-0.000279023 -0.000170731 9.35904e-21
-0.000278986 -0.000167669 9.23325e-21
-0.000278947 -0.000164508 9.10344e-21
-0.000278906 -0.000161248 8.96953e-21
-0.000278863 -0.000157886 8.83146e-21
-0.000278817 -0.000154423 8.68919e-21
-0.000278768 -0.000150856 8.54271e-21
-0.000278717 -0.000147188 8.39205e-21
-0.000278663 -0.000143418 8.23722e-21
-0.000278606 -0.000139548 8.07823e-21
-0.000278546 -0.000135576 7.91511e-21
-0.000278484 -0.000131505 7.74788e-21
-0.000278418 -0.000127334 7.57659e-21
-0.00027835 -0.000123067 7.40132e-21
-0.000278278 -0.000118706 7.22221e-21
-0.000278203 -0.000114255 7.03939e-21
-0.000278125 -0.000109717 6.85302e-21
-0.000278043 -0.000105097 6.66327e-21
-0.000277958 -0.0001004 6.47033e-21
-0.00027787 -9.56289e-05 6.27438e-21
-0.000277778 -9.07898e-05 6.07562e-21
-0.000277683 -8.58884e-05 5.87431e-21
-0.000277585 -8.09317e-05 5.67073e-21
-0.000277483 -7.59267e-05 5.46516e-21
-0.000277377 -7.08812e-05 5.25793e-21
-0.000277269 -6.58038e-05 5.04939e-21
-0.000277157 -6.07047e-05 4.83995e-21
-0.000277041 -5.55937e-05 4.63003e-21
-0.000276923 -5.04812e-05 4.42005e-21
-0.000276802 -4.53772e-05 4.21041e-21
-0.000276678 -4.02918e-05 4.00154e-21
-0.000276551 -3.5235e-05 3.79385e-21
-0.000276422 -3.02165e-05 3.58772e-21
-0.00027629 -2.52456e-05 3.38356e-21
-0.000276157 -2.03319e-05 3.18173e-21
-0.000276022 -1.5484e-05 2.98262e-21
-0.000275884 -1.07107e-05 2.78656e-21
-0.000275746 -6.02064e-06 2.59393e-21
-0.000275606 -1.42232e-06 2.40506e-21
-0.000275465 3.07614e-06 2.22029e-21
-0.000275323 7.467e-06 2.03994e-21
-0.000275181 1.17428e-05 1.86432e-21
-0.000275038 1.58961e-05 1.69373e-21
-0.000274894 1.99203e-05 1.52844e-21
-0.000274766 2.38135e-05 1.36853e-21
-0.000274663 2.75736e-05 1.21408e-21
-0.000274563 3.11877e-05 1.06563e-21
-0.00027446 3.4647e-05 9.23539e-22
-0.000274359 3.79494e-05 7.87895e-22
-0.000274257 4.10919e-05 6.58813e-22
-0.000274194 4.40746e-05 5.36299e-22
-0.000274155 4.69002e-05 4.20232e-22
-0.000274207 4.95644e-05 3.10794e-22
-0.000274299 5.20748e-05 2.07676e-22
-0.000274388 5.44456e-05 1.10288e-22
-0.000274518 5.66802e-05 1.84974e-23
-0.000274634 5.8789e-05 -6.81276e-23
-0.000274758 6.07819e-05 -1.49994e-22
-0.000274876 6.26717e-05 -2.27627e-22
-0.000274997 6.44719e-05 -3.01578e-22
-0.000275115 6.61957e-05 -3.72391e-22
-0.000275233 6.78577e-05 -4.40665e-22
-0.000275349 6.94725e-05 -5.06999e-22
-0.000275464 7.10549e-05 -5.72005e-22
-0.000275578 7.2619e-05 -6.36258e-22
-0.00027569 7.41785e-05 -7.00321e-22
-0.0002758 7.57463e-05 -7.64724e-22
-0.000275909 7.73345e-05 -8.29968e-22
-0.000276016 7.89547e-05 -8.96521e-22
-0.00027612 8.06176e-05 -9.64828e-22
-0.000276223 8.23335e-05 -1.03531e-21
-0.000276324 8.41116e-05 -1.10835e-21
-0.000276422 8.596e-05 -1.18428e-21
-0.000276518 8.78853e-05 -1.26336e-21
-0.00027661 8.99218e-05 -1.347e-21
-0.000276697 9.21415e-05 -1.43817e-21
-0.000276781 9.44812e-05 -1.53427e-21
-0.000276863 9.68825e-05 -1.6329e-21
-0.000276942 9.93646e-05 -1.73484e-21
-0.000277018 0.000101913 -1.83952e-21
-0.000277093 0.000104531 -1.94702e-21
-0.000277165 0.000107206 -2.05691e-21
-0.000277233 0.000109727 -2.16043e-21
-0.000277297 0.000111797 -2.24547e-21
-0.000277358 0.000113677 -2.32273e-21
-0.000277419 0.000115628 -2.40289e-21
-0.000277477 0.000117581 -2.48308e-21
-0.000277533 0.000119536 -2.56343e-21
-0.000277587 0.000121484 -2.64344e-21
-0.000277639 0.000123415 -2.72276e-21
-0.000277689 0.000125319 -2.80102e-21
-0.000277737 0.00012719 -2.87786e-21
-0.000277784 0.000129018 -2.95298e-21
-0.000277828 0.000130798 -3.02613e-21
-0.00027787 0.000132526 -3.09709e-21
-0.000277911 0.000134196 -3.1657e-21
-0.000277949 0.000135806 -3.23186e-21
-0.000277986 0.000137355 -3.29549e-21
-0.000278021 0.000138841 -3.35658e-21
-0.000278053 0.000140266 -3.41513e-21
-0.000278053 0.000141595 -9.88602e-21
-0.000278069 0.000142859 -9.93917e-21
-0.000278093 0.000144074 -9.99028e-21
-0.000278115 0.000145245 -1.00395e-20
-0.000278141 0.000146368 -9.66986e-21
-0.000278183 0.000147429 -9.71696e-21
-0.000278196 0.000148473 -9.76331e-21
-0.000278209 0.000149506 -9.80919e-21
-0.000278219 0.000150538 -9.85501e-21
-0.000278227 0.000151578 -9.90119e-21
-0.000278233 0.000152636 -9.94809e-21
-0.000278235 0.00015372 -9.99609e-21
-0.000278235 0.000154837 -1.00455e-20
-0.000278231 0.000155995 -1.00967e-20
-0.000278226 0.0001572 -1.01499e-20
-0.000278217 0.00015846 -1.02055e-20
-0.000278206 0.000159778 -1.02636e-20
-0.000278192 0.000161159 -1.03243e-20
-0.000278176 0.000162604 -1.03879e-20
-0.000278259 0.000164011 -1.165e-20
-0.000278274 0.000165459 -1.17485e-20
-0.000278266 0.000166971 -1.1851e-20
-0.000278193 0.000168469 -1.56957e-20
-0.000278104 0.000169951 -1.01493e-20
-0.000278072 0.0001715 -6.71784e-21
-0.000278033 0.000173105 -1.40334e-20
-0.000277996 0.000174762 -1.09215e-20
-0.000277963 0.000176466 2.0231e-19
-0.00027793 0.000178213 -1.3313e-20
-0.000277896 0.000179995 -9.97044e-21
-0.000277861 0.000181807 -1.64971e-20
-0.000277826 0.000183641 -1.26498e-20
-0.000277791 0.000185489 -1.40706e-20
-0.000277755 0.000187342 -1.25379e-20
-0.000277721 0.000189192 -9.47261e-21
-0.000277686 0.00019103 2.64754e-20
-0.000277653 0.000192847 -1.26686e-20
-0.00027762 0.000194633 -8.54045e-21
-0.000277589 0.000196381 -8.51372e-21
-0.000277558 0.000198072 -1.47216e-20
-0.000277504 0.000199682 -1.08005e-20
-0.000277474 0.000201229 -1.61945e-20
-0.000277448 0.000202705 -1.42832e-20
-0.000277424 0.000204102 -1.27483e-20
-0.000277402 0.000205413 -9.60993e-21
-0.000277382 0.00020663 -1.24824e-20
-0.000277285 0.000207669 -1.4502e-20
-0.000277251 0.000208577 -1.3573e-20
-0.000277244 0.000209352 -1.09177e-20
-0.000277242 0.000209991 -1.40487e-20
-0.000277269 0.000210459 -1.20778e-20
-0.000277276 0.000210782 -9.14859e-21
-0.000277269 0.000210971 -4.63657e-21
-0.000277261 0.000210977 -1.31361e-20
-0.000277254 0.000210754 -1.3127e-20
-0.000277247 0.0002103 -1.31084e-20
-0.000277241 0.000209611 -1.30801e-20
-0.000277236 0.000208685 -1.30421e-20
-0.000277232 0.000207519 -1.29943e-20
-0.000277229 0.000206111 -1.29365e-20
-0.000277226 0.000204461 -1.28689e-20
-0.000277224 0.00020257 -1.27913e-20
-0.000277221 0.000200439 -1.27039e-20
-0.000277219 0.000198072 -1.26068e-20
-0.000277216 0.000195472 -1.25002e-20
-0.000277212 0.000192644 -1.23842e-20
-0.000277207 0.000189598 -1.22593e-20
-0.000277201 0.00018634 -1.21257e-20
-0.000277194 0.000182882 -1.19838e-20
-0.000277186 0.000179233 -1.18342e-20
-0.000277175 0.000175406 -1.16772e-20
-0.000277163 0.000171413 -1.15135e-20
-0.000277149 0.000167268 -1.13435e-20
-0.000277133 0.000162986 -1.11678e-20
-0.000277114 0.000158583 -1.09873e-20
-0.000277093 0.000154078 -1.08025e-20
-0.00027707 0.000149487 -1.06142e-20
-0.000277044 0.000144828 -1.04231e-20
-0.000277016 0.000140118 -1.023e-20
-0.000276986 0.000135374 -1.00354e-20
-0.000276953 0.000130612 -9.84011e-21
-0.000276919 0.00012585 -9.64479e-21
-0.000276882 0.000121103 -9.45011e-21
-0.000276843 0.000116387 -9.2567e-21
-0.000276802 0.000111718 -9.0652e-21
-0.00027676 0.000107109 -8.87618e-21
-0.000276715 0.000102574 -8.69021e-21
-0.000276669 9.81262e-05 -8.50777e-21
-0.000276622 9.37758e-05 -8.32935e-21
-0.000276573 8.95349e-05 -8.15541e-21
-0.000276524 8.54149e-05 -7.98644e-21
-0.000276472 8.14259e-05 -7.82284e-21
-0.00027642 7.75769e-05 -7.66498e-21
-0.000276367 7.38753e-05 -7.51317e-21
-0.000276313 7.03274e-05 -7.36766e-21
-0.000276259 6.69378e-05 -7.22864e-21
-0.000276204 6.37101e-05 -7.09626e-21
-0.000276149 6.06464e-05 -6.97061e-21
-0.000276093 5.77479e-05 -6.85174e-21
-0.000276037 5.50148e-05 -6.73964e-21
-0.000275981 5.24456e-05 -6.63428e-21
-0.000275925 5.00382e-05 -6.53554e-21
-0.000275868 4.77891e-05 -6.4433e-21
-0.000275812 4.56939e-05 -6.35737e-21
-0.000275756 4.3748e-05 -6.27756e-21
-0.0002757 4.19464e-05 -6.20367e-21
-0.000275644 4.02844e-05 -6.13551e-21
-0.000275589 3.87571e-05 -6.07287e-21
-0.000275534 3.73594e-05 -6.01555e-21
-0.000275479 3.60864e-05 -5.96334e-21
-0.000275425 3.49332e-05 -5.91604e-21
-0.000275371 3.38956e-05 -5.87348e-21
-0.000275317 3.29689e-05 -5.83548e-21
-0.000275264 3.21481e-05 -5.80181e-21
-0.000275212 3.14275e-05 -5.77226e-21
-0.00027516 3.0802e-05 -5.74661e-21
-0.000275108 3.02672e-05 -5.72468e-21
-0.000275058 2.98195e-05 -5.70632e-21
-0.000275008 2.94563e-05 -5.69142e-21
-0.000274959 2.91756e-05 -5.67991e-21
-0.00027491 2.89761e-05 -5.67172e-21
-0.000274863 2.8855e-05 -5.66676e-21
-0.000274816 2.88092e-05 -5.66488e-21
-0.00027477 2.88356e-05 -5.66596e-21
-0.000274724 2.89318e-05 -5.66991e-21
-0.00027468 2.90956e-05 -5.67662e-21
-0.000274636 2.93246e-05 -5.68602e-21
-0.000274593 2.96171e-05 -5.69801e-21
-0.000274551 2.99714e-05 -5.71254e-21
-0.00027451 3.03845e-05 -5.72949e-21
-0.000274469 3.08528e-05 -5.74869e-21
-0.000274429 3.13725e-05 -5.77001e-21
-0.000274391 3.19399e-05 -5.79328e-21
-0.000274353 3.25509e-05 -5.81834e-21
-0.000274316 3.3201e-05 -5.845e-21
-0.00027431 3.38857e-05 -5.87308e-21
-0.000274315 3.46006e-05 -5.9024e-21
-0.000274314 3.53424e-05 -5.93282e-21
-0.000274329 3.6108e-05 -5.96422e-21
-0.000274365 3.68945e-05 -5.99648e-21
-0.000274404 3.76991e-05 -6.02948e-21
-0.00027444 3.85193e-05 -6.06312e-21
-0.000274478 3.93528e-05 -6.0973e-21
-0.000274513 4.01974e-05 -6.13194e-21
-0.000274549 4.10504e-05 -6.16693e-21
-0.000274582 4.19093e-05 -6.20215e-21
-0.000274615 4.27712e-05 -6.2375e-21
-0.000274646 4.36333e-05 -6.27286e-21
-0.000274675 4.44921e-05 -6.30808e-21
-0.000274706 4.53445e-05 -6.34304e-21
-0.000274735 4.61871e-05 -6.37759e-21
-0.000274762 4.70161e-05 -6.4116e-21
-0.000274788 4.7828e-05 -6.4449e-21
-0.000274811 4.86196e-05 -6.47736e-21
-0.000274831 4.93882e-05 -6.50888e-21
-0.00027485 5.01312e-05 -6.53935e-21
-0.000274866 5.08453e-05 -6.56864e-21
-0.000274881 5.15271e-05 -6.5966e-21
-0.000274892 5.21729e-05 -6.62309e-21
-0.000274902 5.27787e-05 -6.64794e-21
-0.000274909 5.33403e-05 -6.67097e-21
-0.000274913 5.38538e-05 -6.69203e-21
-0.000274915 5.43154e-05 -6.71096e-21
-0.000274915 5.47214e-05 -6.72761e-21
-0.000274913 5.50677e-05 -6.74181e-21
-0.000274908 5.53498e-05 -6.75338e-21
-0.000274901 5.55631e-05 -6.76213e-21
-0.000274892 5.57029e-05 -6.76787e-21
-0.000274885 5.57644e-05 -6.77039e-21
-0.000274877 5.5744e-05 -6.76955e-21
-0.000274865 5.56386e-05 -6.76523e-21
-0.000274852 5.54452e-05 -6.7573e-21
-0.000274837 5.51614e-05 -6.74566e-21
-0.000274819 5.47848e-05 -6.73021e-21
-0.000274799 5.43132e-05 -6.71087e-21
-0.000274777 5.3745e-05 -6.68757e-21
-0.000274753 5.3079e-05 -6.66025e-21
-0.000274727 5.2314e-05 -6.62888e-21
-0.000274699 5.14491e-05 -6.5934e-21
-0.000274669 5.04841e-05 -6.55383e-21
-0.000274637 4.94193e-05 -6.51016e-21
-0.000274603 4.82553e-05 -6.46242e-21
-0.000274568 4.69933e-05 -6.41066e-21
-0.000274531 4.5635e-05 -6.35495e-21
-0.000274493 4.4183e-05 -6.2954e-21
-0.000274453 4.264e-05 -6.23212e-21
-0.000274411 4.1009e-05 -6.16523e-21
-0.000274371 3.92938e-05 -6.09488e-21
-0.000274335 3.74992e-05 -6.02128e-21
-0.000274306 3.56317e-05 -5.94469e-21
-0.000274279 3.36987e-05 -5.86541e-21
-0.00027425 3.17085e-05 -5.78379e-21
-0.000274238 2.96706e-05 -5.70021e-21
-0.000274231 2.7595e-05 -5.61508e-21
-0.00027422 2.5492e-05 -5.52883e-21
-0.000274219 2.33729e-05 -5.44192e-21
-0.000274237 2.125e-05 -5.35485e-21
-0.000274269 1.91348e-05 -5.2681e-21
-0.0002743 1.70401e-05 -5.18219e-21
-0.000274336 1.49772e-05 -5.09759e-21
-0.000274374 1.29601e-05 -5.01486e-21
-0.00027441 1.10035e-05 -4.93462e-21
-0.000274448 9.12014e-06 -4.85737e-21
-0.000274484 7.32373e-06 -4.7837e-21
-0.00027452 5.62721e-06 -4.71412e-21
-0.000274556 4.04324e-06 -4.64915e-21
-0.000274591 2.58369e-06 -4.58929e-21
-0.000274626 1.25991e-06 -4.535e-21
-0.000274661 8.28174e-08 -4.48673e-21
-0.000274694 -9.37063e-07 -4.4449e-21
-0.000274727 -1.78963e-06 -4.40993e-21
-0.000274759 -2.46561e-06 -4.38221e-21
-0.000274791 -2.95687e-06 -4.36206e-21
-0.000274821 -3.25707e-06 -4.34975e-21
-0.000274856 -3.3631e-06 -4.3454e-21
-0.000274891 -3.27117e-06 -4.34917e-21
-0.000274926 -2.97807e-06 -4.36119e-21
-0.000274961 -2.48416e-06 -4.38145e-21
-0.000274994 -1.79054e-06 -4.40989e-21
-0.000275027 -9.00052e-07 -4.44642e-21
-0.00027506 1.83397e-07 -4.49085e-21
-0.000275091 1.45437e-06 -4.54298e-21
-0.000275122 2.90599e-06 -4.60251e-21
-0.000275151 4.53039e-06 -4.66913e-21
-0.00027518 6.31858e-06 -4.74247e-21
-0.000275207 8.26057e-06 -4.82212e-21
-0.000275234 1.03453e-05 -4.90762e-21
-0.000275259 1.2561e-05 -4.99849e-21
-0.000275283 1.48953e-05 -5.09423e-21
-0.000275305 1.73349e-05 -5.19429e-21
-0.000275327 1.98663e-05 -5.2981e-21
-0.000275348 2.24752e-05 -5.4051e-21
-0.000275367 2.51476e-05 -5.5147e-21
-0.000275386 2.78695e-05 -5.62634e-21
-0.000275403 3.06273e-05 -5.73944e-21
-0.00027542 3.34077e-05 -5.85348e-21
-0.000275435 3.61976e-05 -5.9679e-21
-0.00027545 3.89842e-05 -6.08218e-21
-0.000275465 4.17554e-05 -6.19584e-21
-0.000275479 4.44996e-05 -6.30839e-21
-0.000275492 4.72061e-05 -6.41939e-21
-0.000275504 4.9866e-05 -6.52848e-21
-0.000275517 5.24725e-05 -6.63538e-21
-0.000275528 5.50195e-05 -6.73984e-21
-0.00027554 5.75013e-05 -6.84162e-21
-0.000275551 5.99125e-05 -6.94051e-21
-0.000275561 6.22479e-05 -7.03629e-21
-0.000275572 6.45028e-05 -7.12878e-21
-0.000275582 6.66732e-05 -7.21779e-21
-0.000275592 6.87566e-05 -7.30324e-21
-0.000275602 7.07514e-05 -7.38505e-21
-0.000275611 7.26568e-05 -7.46319e-21
-0.000275621 7.44723e-05 -7.53765e-21
-0.00027563 7.61979e-05 -7.60843e-21
-0.000275639 7.78337e-05 -7.67551e-21
-0.000275648 7.93801e-05 -7.73894e-21
-0.000275656 8.08379e-05 -7.79873e-21
-0.000275665 8.22086e-05 -7.85494e-21
-0.000275673 8.34941e-05 -7.90766e-21
-0.000275681 8.46965e-05 -7.95698e-21
-0.000275689 8.5818e-05 -8.00297e-21
-0.000275696 8.68593e-05 -8.04568e-21
-0.000275704 8.78204e-05 -8.0851e-21
-0.000275711 8.87012e-05 -8.12122e-21
-0.000275718 8.95016e-05 -8.15405e-21
-0.000275725 9.02216e-05 -8.18358e-21
-0.000275732 9.08616e-05 -8.20983e-21
-0.000275739 9.1422e-05 -8.23281e-21
-0.000275746 9.19036e-05 -8.25256e-21
-0.000275752 9.23087e-05 -8.26918e-21
-0.000275758 9.26407e-05 -8.28279e-21
-0.000275764 9.29032e-05 -8.29356e-21
-0.00027577 9.30995e-05 -8.30161e-21
-0.000275775 9.32316e-05 -8.30703e-21
-0.00027578 9.33006e-05 -8.30986e-21
-0.000275785 9.33071e-05 -8.31012e-21
-0.00027579 9.32517e-05 -8.30785e-21
-0.000275794 9.3136e-05 -8.30311e-21
-0.000275798 9.29617e-05 -8.29596e-21
-0.000275802 9.27309e-05 -8.28649e-21
-0.000275805 9.24448e-05 -8.27476e-21
-0.000275808 9.21038e-05 -8.26077e-21
-0.000275811 9.17066e-05 -8.24448e-21
-0.000275814 9.1252e-05 -8.22584e-21
-0.000275816 9.07387e-05 -8.20479e-21
-0.000275818 9.01662e-05 -8.1813e-21
-0.000275819 8.95347e-05 -8.15541e-21
-0.000275821 8.88448e-05 -8.12711e-21
-0.000275821 8.80962e-05 -8.09641e-21
-0.000275822 8.72871e-05 -8.06323e-21
-0.000275822 8.64144e-05 -8.02744e-21
-0.000275822 8.54746e-05 -7.98889e-21
-0.000275821 8.44643e-05 -7.94745e-21
-0.00027582 8.3381e-05 -7.90302e-21
-0.000275818 8.22226e-05 -7.85552e-21
-0.000275816 8.09875e-05 -7.80486e-21
-0.000275814 7.96741e-05 -7.75099e-21
-0.000275811 7.82795e-05 -7.6938e-21
-0.000275807 7.68006e-05 -7.63314e-21
-0.000275803 7.52341e-05 -7.5689e-21
-0.000275798 7.35779e-05 -7.50097e-21
-0.000275792 7.18312e-05 -7.42933e-21
-0.000275786 6.99951e-05 -7.35403e-21
-0.000275778 6.80713e-05 -7.27513e-21
-0.00027577 6.60621e-05 -7.19273e-21
-0.000275761 6.39693e-05 -7.1069e-21
-0.00027575 6.17947e-05 -7.01771e-21
-0.000275739 5.95404e-05 -6.92525e-21
-0.000275727 5.72093e-05 -6.82965e-21
-0.000275713 5.48052e-05 -6.73105e-21
-0.000275698 5.23329e-05 -6.62965e-21
-0.000275682 4.97976e-05 -6.52567e-21
-0.000275665 4.72052e-05 -6.41935e-21
-0.000275646 4.45612e-05 -6.31091e-21
-0.000275626 4.18713e-05 -6.20059e-21
-0.000275605 3.91416e-05 -6.08864e-21
-0.000275583 3.63782e-05 -5.97531e-21
-0.000275559 3.35878e-05 -5.86086e-21
-0.000275533 3.07769e-05 -5.74558e-21
-0.000275507 2.79524e-05 -5.62974e-21
-0.000275479 2.51212e-05 -5.51362e-21
-0.000275449 2.22896e-05 -5.39749e-21
-0.000275418 1.94638e-05 -5.2816e-21
-0.000275386 1.66495e-05 -5.16617e-21
-0.000275353 1.38522e-05 -5.05145e-21
-0.000275318 1.10766e-05 -4.93761e-21
-0.000275281 8.32616e-06 -4.82481e-21
-0.000275243 5.60424e-06 -4.71318e-21
-0.000275204 2.9135e-06 -4.60282e-21
-0.000275163 2.55923e-07 -4.49383e-21
-0.000275121 -2.36728e-06 -4.38624e-21
-0.000275077 -4.95544e-06 -4.28009e-21
-0.000275032 -7.50829e-06 -4.17539e-21
-0.000274985 -1.00258e-05 -4.07214e-21
-0.000274945 -1.25105e-05 -3.97024e-21
-0.000274914 -1.49646e-05 -3.86959e-21
-0.000274883 -1.73859e-05 -3.77028e-21
-0.000274849 -1.97736e-05 -3.67236e-21
-0.000274815 -2.21284e-05 -3.57578e-21
-0.000274779 -2.44502e-05 -3.48056e-21
-0.000274741 -2.674e-05 -3.38664e-21
-0.000274703 -2.89989e-05 -3.294e-21
-0.000274662 -3.12284e-05 -3.20256e-21
-0.000274621 -3.34307e-05 -3.11224e-21
-0.000274578 -3.56082e-05 -3.02293e-21
-0.000274533 -3.77635e-05 -2.93454e-21
-0.000274487 -3.98991e-05 -2.84695e-21
-0.00027444 -4.20182e-05 -2.76004e-21
-0.000274392 -4.41239e-05 -2.67368e-21
-0.000274361 -4.62134e-05 -2.58799e-21
-0.000274336 -4.82917e-05 -2.50275e-21
-0.000274306 -5.03664e-05 -2.41766e-21
-0.000274299 -5.24372e-05 -2.33273e-21
-0.000274296 -5.45087e-05 -2.24777e-21
-0.000274288 -5.65828e-05 -2.1627e-21
-0.000274305 -5.86626e-05 -2.07741e-21
-0.000274328 -6.07502e-05 -1.99179e-21
-0.000274361 -6.28478e-05 -1.90576e-21
-0.000274403 -6.49594e-05 -1.81916e-21
-0.000274446 -6.70873e-05 -1.73189e-21
-0.000274493 -6.92355e-05 -1.64378e-21
-0.000274554 -7.14073e-05 -1.55471e-21
-0.000274623 -7.36066e-05 -1.46451e-21
-0.000274687 -7.58373e-05 -1.37302e-21
-0.000274754 -7.81033e-05 -1.28009e-21
-0.000274819 -8.04086e-05 -1.18554e-21
-0.000274893 -8.27576e-05 -1.0892e-21
-0.000274967 -8.51547e-05 -9.90889e-22
-0.000275041 -8.76038e-05 -8.90447e-22
-0.000275115 -9.01088e-05 -7.87707e-22
-0.000275188 -9.26739e-05 -6.82506e-22
-0.000275262 -9.53025e-05 -5.74697e-22
-0.000275335 -9.79986e-05 -4.64122e-22
-0.000275407 -0.000100767 -3.5057e-22
-0.000275479 -0.000103615 -2.33779e-22
-0.000275551 -0.000106548 -1.13495e-22
-0.000275621 -0.000109572 1.05198e-23
-0.000275691 -0.000112692 1.38498e-22
-0.000275759 -0.000115915 2.70667e-22
-0.000275827 -0.000119244 4.07226e-22
-0.000275893 -0.000122685 5.48335e-22
-0.000275959 -0.000126239 6.94085e-22
-0.000276023 -0.000129906 8.44504e-22
-0.000276087 -0.000133688 9.99583e-22
-0.000276149 -0.000137581 1.15925e-21
-0.000276211 -0.00014158 1.32328e-21
-0.000276272 -0.000145678 1.49136e-21
-0.000276333 -0.000149865 1.66309e-21
-0.000276394 -0.000154132 1.83806e-21
-0.000276407 -0.000158408 1.45948e-20
-0.000276402 -0.000162667 1.47752e-20
-0.000276509 -0.0001669 1.42454e-20
-0.000276614 -0.0001711 1.44295e-20
-0.000276675 -0.0001752 1.46094e-20
-0.000276727 -0.000178461 1.47536e-20
-0.000276782 -0.000181148 1.48735e-20
-0.000276847 -0.000183935 1.98513e-20
-0.000276913 -0.000186649 1.09387e-20
-0.000276977 -0.000189317 1.6468e-20
-0.000276951 -0.000191823 1.82808e-20
-0.000276853 -0.000194097 1.20889e-20
-0.000277 -0.000196197 1.1551e-20
-0.000277181 -0.000198109 1.3623e-20
-0.000277245 -0.000200089 6.17469e-21
-0.000277307 -0.000202064 9.66674e-21
-0.000277372 -0.000203941 1.07509e-20
-0.000277445 -0.000205754 2.60243e-18
-0.00027752 -0.000207489 9.25428e-21
-0.000277586 -0.000209152 1.61574e-20
-0.000277652 -0.000210746 1.50052e-20
-0.000277719 -0.000212276 1.66025e-20
-0.000277785 -0.000213744 1.48125e-20
-0.00027785 -0.000215157 8.79437e-21
-0.000277948 -0.000216523 9.73345e-21
-0.000278178 -0.000217852 1.68844e-20
-0.000278407 -0.000219141 1.0412e-20
-0.00027862 -0.000220388 1.29771e-20
-0.000278838 -0.000221596 1.94894e-20
-0.000279047 -0.000222785 1.45737e-20
-0.000279253 -0.000223959 8.60152e-21
-0.000278829 -0.000224657 -1.83863e-20
-0.000278704 -0.000225215 -1.64226e-20
-0.000278799 -0.000225778 -2.24656e-20
-0.000279116 -0.000226191 -1.04503e-19
-0.00027951 -0.000226524 -2.54462e-20
-0.000279981 -0.000226809 6.88917e-19
-0.000280396 -0.000227135 -1.71971e-20
-0.00028081 -0.000227428 -2.38359e-20
-0.0002812 -0.000227677 -3.29479e-20
-0.000281651 -0.000227986 -7.1385e-20
-0.000282138 -0.000228345 -2.87397e-21
-0.000282628 -0.000228735 -1.5199e-19
-0.000283106 -0.000229144 -4.36548e-21
-0.000283581 -0.000229586 4.15455e-20
-0.000284055 -0.000230064 2.02259e-20
-0.000284521 -0.000230569 -8.13676e-21
-0.000284989 -0.000231102 -1.73296e-19
-0.000286045 -0.000231702 -4.27103e-21
-0.00028731 -0.000232359 -4.35014e-21
-0.000288633 -0.00023305 -1.21731e-20
-0.000290001 -0.000233772 -7.21803e-21
-0.000291309 -0.000234459 1.52732e-17
-0.000292497 -0.000235085 6.74187e-20
-0.000293659 -0.00023572 7.54799e-20
-0.000294871 -0.000236397 9.14487e-21
-0.00029612 -0.000237109 3.35682e-19
-0.000297416 -0.000237854 1.06083e-19
-0.000298213 -0.000238452 1.14133e-19
-0.000299293 -0.000239027 5.808e-20
-0.000300552 -0.000239625 1.27168e-19
-0.000301869 -0.000240247 1.51101e-19
-0.000303356 -0.000240838 8.80247e-19
-0.00030491 -0.000241406 1.61521e-19
-0.00030639 -0.000242005 -7.90092e-20
-0.000307899 -0.000242625 2.80279e-19
-0.000309467 -0.000243275 1.94005e-19
-0.000311071 -0.000243948 1.95925e-19
-0.000312709 -0.000244641 8.59912e-19
-0.000314389 -0.000245354 3.0756e-19
-0.000316108 -0.000246087 1.89142e-19
-0.000317863 -0.000246835 4.52879e-19
-0.000321294 -0.000247739 1.66796e-18
-0.000324961 -0.000248687 -4.29899e-18
-0.000328707 -0.000249643 2.08167e-19
-0.000332494 -0.000250603 2.07435e-20
-0.0003363 -0.000251562 2.58258e-19
-0.000340107 -0.000252514 1.11965e-19
-0.000343894 -0.000253455 7.97792e-19
-0.00034764 -0.00025438 7.87223e-18
-0.000351326 -0.000255283 3.44718e-18
-0.000354935 -0.000256162 3.6769e-19
-0.000358463 -0.000257016 3.96419e-19
-0.000361865 -0.000257836 -5.58818e-18
-0.00036514 -0.000258618 5.32655e-19
-0.000368274 -0.000259361 -5.65348e-19
-0.000371251 -0.000260059 6.40564e-19
-0.000373743 -0.000260653 -2.39037e-19
-0.00037604 -0.000261158 -6.08374e-19
-0.000378356 -0.000261612 -1.68694e-18
-0.000380537 -0.000262022 1.37618e-18
-0.000382544 -0.000262387 1.03362e-18
-0.000384364 -0.000262709 7.27998e-19
-0.000385995 -0.000262988 -3.31862e-19
-0.000387435 -0.000263224 -1.50046e-18
-0.000388687 -0.000263419 -5.27315e-19
-0.000390452 -0.000263635 2.44734e-19
-0.000391907 -0.000263811 3.07385e-19
-0.000393108 -0.000263942 5.37454e-19
-0.000394058 -0.000264031 -6.59654e-18
-0.00039476 -0.000264079 3.0625e-17
-0.000395229 -0.000264089 5.58078e-19
-0.000395488 -0.000264067 1.98862e-18
-0.000395593 -0.000264019 3.97966e-19
-0.000395688 -0.000263958 4.12309e-19
-0.000395778 -0.000263888 5.41865e-18
-0.000395866 -0.000263812 2.04803e-18
-0.000395952 -0.000263731 8.18226e-19
-0.000396045 -0.000263634 -1.03607e-17
-0.000396068 -0.000263469 -2.57547e-18
-0.000396086 -0.000263246 -2.5754e-18
-0.000396102 -0.000262938 -2.5753e-18
-0.000396119 -0.000262522 -2.57516e-18
-0.000396138 -0.000262002 -2.57498e-18
-0.000396158 -0.00026138 -2.57477e-18
-0.00039618 -0.000260657 -2.57452e-18
-0.000396201 -0.000259839 -2.57423e-18
-0.000396223 -0.000258928 -2.57391e-18
-0.000396244 -0.000257924 -2.57355e-18
-0.000396266 -0.00025683 -2.57315e-18
-0.000396287 -0.000255645 -2.57272e-18
-0.000396307 -0.00025437 -2.57226e-18
-0.000396327 -0.000253006 -2.57176e-18
-0.000396347 -0.000251552 -2.57123e-18
-0.000396367 -0.000250007 -2.57066e-18
-0.000396387 -0.000248369 -2.57006e-18
-0.000396407 -0.000246636 -2.56942e-18
-0.000396428 -0.000244805 -2.56874e-18
-0.000396448 -0.000242873 -2.56802e-18
-0.000396469 -0.000240837 -2.56727e-18
-0.00039649 -0.000238695 -2.56648e-18
-0.000396511 -0.000236443 -2.56564e-18
-0.000396532 -0.000234079 -2.56477e-18
-0.000396553 -0.000231599 -2.56386e-18
-0.000396574 -0.000229002 -2.5629e-18
-0.000396594 -0.000226286 -2.5619e-18
-0.000396614 -0.000223449 -2.56086e-18
-0.000396633 -0.000220492 -2.55978e-18
-0.00039665 -0.000217417 -2.55865e-18
-0.000396666 -0.000214225 -2.55749e-18
-0.000396681 -0.000210916 -2.55628e-18
-0.000396693 -0.000207494 -2.55504e-18
-0.000396705 -0.000203959 -2.55375e-18
-0.000396714 -0.000200316 -2.55243e-18
-0.00039672 -0.000196567 -2.55108e-18
-0.000396725 -0.000192717 -2.54969e-18
-0.000396726 -0.000188772 -2.54826e-18
-0.000396724 -0.000184737 -2.54681e-18
-0.00039672 -0.000180618 -2.54532e-18
-0.000396713 -0.000176418 -2.54381e-18
-0.000396703 -0.000172143 -2.54228e-18
-0.00039669 -0.000167799 -2.54072e-18
-0.000396674 -0.000163392 -2.53913e-18
-0.000396653 -0.000158932 -2.53753e-18
-0.000396629 -0.000154428 -2.53591e-18
-0.0003966 -0.000149889 -2.53428e-18
-0.000396567 -0.000145324 -2.53264e-18
-0.000396531 -0.000140738 -2.531e-18
-0.000396491 -0.000136138 -2.52934e-18
-0.000396448 -0.000131532 -2.52769e-18
-0.000396402 -0.000126924 -2.52603e-18
-0.000396352 -0.00012232 -2.52437e-18
-0.000396299 -0.000117725 -2.52271e-18
-0.000396243 -0.000113144 -2.52106e-18
-0.000396185 -0.000108581 -2.51941e-18
-0.000396124 -0.000104038 -2.51777e-18
-0.00039606 -9.9519e-05 -2.51614e-18
-0.000395994 -9.50249e-05 -2.51451e-18
-0.000395925 -9.05587e-05 -2.51289e-18
-0.000395854 -8.61227e-05 -2.51128e-18
-0.000395781 -8.17193e-05 -2.50969e-18
-0.000395705 -7.73508e-05 -2.5081e-18
-0.000395627 -7.30192e-05 -2.50652e-18
-0.000395547 -6.87269e-05 -2.50496e-18
-0.000395465 -6.44761e-05 -2.50341e-18
-0.00039538 -6.02686e-05 -2.50188e-18
-0.000395294 -5.61055e-05 -2.50036e-18
-0.000395206 -5.19873e-05 -2.49885e-18
-0.000395117 -4.79143e-05 -2.49737e-18
-0.000395026 -4.38871e-05 -2.49589e-18
-0.000394933 -3.99067e-05 -2.49443e-18
-0.000394839 -3.5975e-05 -2.49299e-18
-0.000394743 -3.20938e-05 -2.49157e-18
-0.000394645 -2.82649e-05 -2.49016e-18
-0.000394546 -2.44893e-05 -2.48878e-18
-0.000394446 -2.07676e-05 -2.4874e-18
-0.000394345 -1.70999e-05 -2.48605e-18
-0.000394242 -1.34867e-05 -2.48472e-18
-0.000394139 -9.92814e-06 -2.4834e-18
-0.000394033 -6.48042e-06 -2.48211e-18
-0.000393924 -3.24636e-06 -2.48087e-18
-0.000393816 -1.09494e-07 -2.47965e-18
-0.00039371 3.00093e-06 -2.47845e-18
-0.000393611 6.03498e-06 -2.48387e-18
-0.000393552 8.97423e-06 -2.48009e-18
-0.000393448 1.18661e-05 -2.48031e-18
-0.000393343 1.47171e-05 -2.4775e-18
-0.000393238 1.75281e-05 -2.48046e-18
-0.000393133 2.03029e-05 -2.47834e-18
-0.000393027 2.30409e-05 -2.4773e-18
-0.000392926 2.57479e-05 -2.47121e-18
-0.000392826 2.84272e-05 -2.4748e-18
-0.000392725 3.1083e-05 -2.47229e-18
-0.000392623 3.37198e-05 -2.47268e-18
-0.000392602 3.62633e-05 -2.47579e-18
-0.000392603 3.87341e-05 -2.47037e-18
-0.000392584 4.12012e-05 -2.46892e-18
-0.00039257 4.36664e-05 -2.46917e-18
-0.000392514 4.60799e-05 -2.46877e-18
-0.000392473 4.84717e-05 -2.46735e-18
-0.000392486 5.08808e-05 -2.46426e-18
-0.000392512 5.33113e-05 -2.46234e-18
-0.00039253 5.57688e-05 -2.46712e-18
-0.00039261 5.82528e-05 -2.46077e-18
-0.000392703 6.07699e-05 -2.4631e-18
-0.000392785 6.33335e-05 -2.45788e-18
-0.000392875 6.59478e-05 -2.46001e-18
-0.00039296 6.86186e-05 -2.46145e-18
-0.000393047 7.13514e-05 -2.45464e-18
-0.000393133 7.41502e-05 -2.45133e-18
-0.000393219 7.70188e-05 -2.44721e-18
-0.000393273 7.97443e-05 -2.47755e-18
-0.000393367 8.23141e-05 -2.47123e-18
-0.000393454 8.49598e-05 -2.46533e-18
-0.000393549 8.767e-05 -2.46168e-18
-0.000393645 9.04475e-05 -2.46293e-18
-0.000393739 9.32922e-05 -2.46125e-18
-0.000393825 9.62023e-05 -2.46346e-18
-0.000393899 9.91758e-05 -2.45135e-18
-0.00039397 0.000102214 -2.45358e-18
-0.000394039 0.000105315 -2.45035e-18
-0.000394106 0.000108477 -2.45006e-18
-0.000394167 0.000111666 -2.44284e-18
-0.000394188 0.000114274 -2.44514e-18
-0.000394206 0.000116393 -2.43604e-18
-0.000394254 0.000118609 -2.43441e-18
-0.000394298 0.000120835 -2.46631e-18
-0.000394479 0.000122962 -2.46102e-18
-0.000394557 0.00012509 -2.46167e-18
-0.000394639 0.000127208 -2.46422e-18
-0.000394458 0.000129057 -2.51369e-18
-0.000394467 0.000130879 -2.51576e-18
-0.000394501 0.000132682 -2.51433e-18
-0.000394532 0.000134461 -2.51487e-18
-0.000394558 0.000136214 -2.50692e-18
-0.000394583 0.000137942 -2.51114e-18
-0.000394605 0.000139645 -2.50609e-18
-0.000394627 0.000141326 -2.50103e-18
-0.000394646 0.000142985 -2.50023e-18
-0.000394663 0.000144625 -2.49571e-18
-0.000394679 0.000146249 -2.48901e-18
-0.000394694 0.000147859 -2.49355e-18
-0.000394707 0.00014946 -2.49082e-18
-0.000394718 0.000151056 -2.48879e-18
-0.000394731 0.000152652 -2.48197e-18
-0.000394755 0.000154252 -2.48378e-18
-0.000394788 0.000155861 -2.47958e-18
-0.000394821 0.000157484 -2.47746e-18
-0.000394847 0.000159126 -2.47025e-18
-0.000394897 0.000160783 -2.51439e-18
-0.000395238 0.000162354 -2.51874e-18
-0.000395401 0.000163902 -2.52084e-18
-0.000395367 0.000165454 -2.53238e-18
-0.000395369 0.000167036 -2.52174e-18
-0.000395356 0.000168645 -2.51946e-18
-0.000394984 0.00017003 -2.52426e-18
-0.000394906 0.000171453 -2.53156e-18
-0.000394856 0.00017291 -2.51302e-18
-0.000394808 0.000174401 -2.52149e-18
-0.000394758 0.000175928 -2.51665e-18
-0.000394706 0.00017749 -2.51514e-18
-0.000394649 0.000179084 -2.51725e-18
-0.000394585 0.000180709 -2.51763e-18
-0.000394526 0.000182366 -2.51171e-18
-0.000394455 0.000184048 -2.50967e-18
-0.000394371 0.000185752 -2.50616e-18
-0.000394305 0.000187501 -2.49931e-18
-0.000394246 0.000189343 -2.49922e-18
-0.000394195 0.000191247 -2.49709e-18
-0.000394146 0.000193164 -2.49083e-18
-0.000394096 0.0001951 -2.4941e-18
-0.000394015 0.000197035 -2.48596e-18
-0.000393512 0.000198717 -2.48566e-18
-0.00039335 0.000200412 -2.46151e-18
-0.000393242 0.000202111 -2.48422e-18
-0.000393083 0.000203759 -2.41504e-18
-0.000392506 0.000205239 -2.49438e-18
-0.000392254 0.000206696 -2.47009e-18
-0.000392018 0.000208076 -2.47548e-18
-0.000391832 0.000209434 -2.46067e-18
-0.00039159 0.000210699 -2.55372e-18
-0.000391335 0.000211916 -2.41491e-18
-0.000390402 0.000212905 -2.43974e-18
-0.000389978 0.00021383 -2.97013e-18
-0.000389677 0.000214716 -2.47139e-18
-0.00038941 0.000215569 -2.48206e-18
-0.000389139 0.000216385 -2.54494e-18
-0.000388875 0.000217167 -2.49499e-18
-0.000388213 0.000217936 -2.57252e-18
-0.000387709 0.000218705 -2.58247e-18
-0.000387466 0.000219482 -3.12836e-18
-0.00038726 0.000220252 -2.6557e-18
-0.000387049 0.000220998 -2.42553e-18
-0.000386889 0.000221748 -2.36083e-18
-0.000386799 0.000222526 -3.72417e-18
-0.000386665 0.00022328 -3.34411e-18
-0.000386538 0.000224012 -2.88047e-18
-0.000386445 0.000224728 -1.98564e-18
-0.000385631 0.000225297 -1.20279e-19
-0.000386419 0.000225887 -1.33453e-18
-0.000387384 0.000226452 -3.24365e-18
-0.000388403 0.000226981 -8.67628e-19
-0.000389403 0.000227479 -1.35803e-18
-0.000390369 0.000227948 -8.2559e-19
-0.000391295 0.000228386 -9.58573e-19
-0.000392198 0.0002288 -1.71174e-18
-0.000393047 0.000229185 -9.97605e-19
-0.000393841 0.000229539 -4.09886e-18
-0.000394577 0.000229857 2.4123e-18
-0.000395261 0.000230144 -2.53882e-18
-0.000395898 0.000230398 -6.47843e-19
-0.000396496 0.000230614 -3.01453e-18
-0.000397033 0.000230797 -3.57495e-18
-0.000397511 0.000230949 -3.64599e-18
-0.000397555 0.000230963 4.74207e-18
-0.000397599 0.000230976 -2.19088e-17
-0.000397635 0.000230989 -2.26952e-18
-0.000397672 0.000231001 1.94051e-19
-0.000397715 0.000231013 -1.48596e-18
-0.000397757 0.000231024 1.0913e-18
-0.000397799 0.000231036 -9.38974e-19
-0.000397824 0.000231047 -2.7858e-18
-0.000397839 0.000231059 -1.22364e-17
-0.000397867 0.00023107 -1.64481e-18
-0.0003979 0.000231081 -2.73435e-18
-0.000397935 0.000231091 -3.10706e-18
-0.000398269 0.000231175 6.29552e-18
-0.000398568 0.00023123 -1.65094e-17
-0.000398873 0.000231254 -1.8601e-18
-0.000399181 0.000231249 -1.47387e-18
-0.000399443 0.000231218 -1.74685e-18
-0.000399654 0.000231163 -1.11247e-18
-0.000399819 0.000231088 -8.09687e-19
-0.000399983 0.000230997 -5.9286e-18
-0.000400145 0.000230892 -1.87422e-18
-0.000400308 0.000230773 -2.26596e-18
-0.000400475 0.000230641 -1.45175e-18
-0.000400653 0.000230491 -1.32351e-18
-0.000400748 0.000230257 -1.5382e-18
-0.000400825 0.00022994 -1.53204e-18
-0.000400901 0.000229542 -1.53212e-18
-0.000400975 0.000229069 -1.53223e-18
-0.000401047 0.000228524 -1.53236e-18
-0.000401118 0.000227886 -1.53252e-18
-0.000401188 0.000227145 -1.53271e-18
-0.000401257 0.000226306 -1.53292e-18
-0.000401323 0.000225373 -1.53315e-18
-0.000401388 0.000224353 -1.53341e-18
-0.000401449 0.000223244 -1.53369e-18
-0.000401509 0.000222047 -1.534e-18
-0.000401566 0.000220766 -1.53433e-18
-0.000401621 0.000219403 -1.53468e-18
-0.000401673 0.000217961 -1.53506e-18
-0.000401722 0.000216445 -1.53545e-18
-0.000401769 0.000214855 -1.53587e-18
-0.000401812 0.000213192 -1.5363e-18
-0.000401852 0.000211457 -1.53676e-18
-0.000401889 0.000209651 -1.53723e-18
-0.000401923 0.000207779 -1.53773e-18
-0.000401956 0.000205842 -1.53824e-18
-0.000401987 0.000203839 -1.53877e-18
-0.000402018 0.000201772 -1.53932e-18
-0.000402047 0.00019964 -1.53989e-18
-0.000402075 0.000197443 -1.54048e-18
-0.000402102 0.00019518 -1.54108e-18
-0.000402127 0.000192852 -1.54171e-18
-0.000402151 0.000190458 -1.54235e-18
-0.000402174 0.000187998 -1.54301e-18
-0.000402194 0.000185473 -1.54369e-18
-0.000402213 0.000182884 -1.54438e-18
-0.000402231 0.000180232 -1.5451e-18
-0.000402245 0.00017752 -1.54583e-18
-0.000402258 0.000174751 -1.54657e-18
-0.000402268 0.000171927 -1.54734e-18
-0.000402276 0.000169053 -1.54811e-18
-0.000402281 0.000166133 -1.5489e-18
-0.000402282 0.000163171 -1.5497e-18
-0.000402281 0.000160173 -1.55051e-18
-0.000402276 0.000157147 -1.55133e-18
-0.000402268 0.000154098 -1.55215e-18
-0.000402256 0.000151033 -1.55298e-18
-0.000402241 0.00014796 -1.55382e-18
-0.000402222 0.000144886 -1.55465e-18
-0.0004022 0.000141816 -1.55549e-18
-0.000402174 0.000138758 -1.55632e-18
-0.000402144 0.000135718 -1.55715e-18
-0.000402111 0.000132702 -1.55798e-18
-0.000402074 0.000129716 -1.5588e-18
-0.000402034 0.000126767 -1.55961e-18
-0.000401991 0.000123858 -1.56041e-18
-0.000401945 0.000120995 -1.5612e-18
-0.000401895 0.000118182 -1.56198e-18
-0.000401843 0.000115421 -1.56274e-18
-0.000401788 0.000112717 -1.5635e-18
-0.00040173 0.000110071 -1.56424e-18
-0.00040167 0.000107486 -1.56496e-18
-0.000401607 0.000104962 -1.56567e-18
-0.000401542 0.0001025 -1.56637e-18
-0.000401475 0.000100098 -1.56705e-18
-0.000401407 9.77527e-05 -1.56772e-18
-0.000401337 9.5463e-05 -1.56837e-18
-0.000401266 9.32254e-05 -1.56901e-18
-0.000401193 9.10368e-05 -1.56964e-18
-0.00040112 8.88938e-05 -1.57025e-18
-0.000401045 8.67927e-05 -1.57086e-18
-0.000400969 8.47293e-05 -1.57145e-18
-0.000400893 8.26995e-05 -1.57204e-18
-0.000400816 8.06987e-05 -1.57262e-18
-0.000400738 7.87232e-05 -1.57319e-18
-0.00040066 7.67695e-05 -1.57376e-18
-0.000400581 7.48351e-05 -1.57431e-18
-0.000400501 7.29173e-05 -1.57487e-18
-0.000400421 7.10143e-05 -1.57542e-18
-0.000400339 6.9124e-05 -1.57597e-18
-0.000400258 6.72452e-05 -1.57651e-18
-0.000400176 6.53764e-05 -1.57705e-18
-0.000400093 6.35167e-05 -1.57758e-18
-0.00040001 6.16649e-05 -1.57812e-18
-0.000399926 5.98198e-05 -1.57865e-18
-0.000399842 5.79804e-05 -1.57918e-18
-0.000399758 5.61458e-05 -1.5797e-18
-0.000399674 5.43149e-05 -1.58023e-18
-0.000399589 5.24868e-05 -1.58076e-18
-0.000399504 5.06601e-05 -1.58128e-18
-0.00039942 4.88342e-05 -1.5818e-18
-0.000399335 4.70079e-05 -1.58233e-18
-0.00039925 4.51807e-05 -1.58286e-18
-0.000399165 4.33514e-05 -1.58338e-18
-0.000399081 4.15191e-05 -1.58391e-18
-0.000398996 3.96819e-05 -1.58444e-18
-0.000398912 3.78381e-05 -1.58497e-18
-0.000398828 3.59853e-05 -1.5855e-18
-0.000398745 3.41213e-05 -1.58604e-18
-0.000398673 3.2244e-05 -1.58658e-18
-0.000398604 3.03514e-05 -1.58713e-18
-0.000398533 2.84411e-05 -1.58768e-18
-0.000398465 2.65107e-05 -1.58824e-18
-0.000398395 2.45569e-05 -1.58881e-18
-0.00039835 2.25761e-05 -1.58938e-18
-0.000398319 2.05645e-05 -1.58997e-18
-0.000398288 1.85186e-05 -1.59056e-18
-0.000398259 1.64338e-05 -1.59117e-18
-0.000398229 1.4298e-05 -1.59178e-18
-0.000398221 1.21181e-05 -1.59241e-18
-0.000398218 9.89525e-06 -1.59305e-18
-0.000398209 7.62346e-06 -1.59371e-18
-0.000398201 5.42159e-06 -1.59436e-18
-0.000398189 3.30766e-06 -1.595e-18
-0.00039818 1.15113e-06 -1.59566e-18
-0.000398168 -1.06756e-06 -1.59634e-18
-0.00039818 -3.34154e-06 -1.59703e-18
-0.000398198 -5.68044e-06 -1.59774e-18
-0.00039821 -8.08524e-06 -1.59846e-18
-0.000398224 -1.05598e-05 -1.59921e-18
-0.000398236 -1.31068e-05 -1.59997e-18
-0.000398257 -1.57298e-05 -1.60075e-18
-0.000398277 -1.84292e-05 -1.60155e-18
-0.000398316 -2.12054e-05 -1.60238e-18
-0.000398361 -2.40585e-05 -1.60322e-18
-0.000398399 -2.69877e-05 -1.60408e-18
-0.000398438 -2.99929e-05 -1.60496e-18
-0.000398472 -3.30728e-05 -1.60586e-18
-0.000398506 -3.6226e-05 -1.60678e-18
-0.000398536 -3.94506e-05 -1.60771e-18
-0.000398565 -4.27447e-05 -1.60867e-18
-0.000398591 -4.61066e-05 -1.60964e-18
-0.000398642 -4.95283e-05 -1.61063e-18
-0.000398709 -5.30082e-05 -1.61163e-18
-0.000398777 -5.65496e-05 -1.61265e-18
-0.000398847 -6.01498e-05 -1.61369e-18
-0.000398917 -6.38027e-05 -1.61186e-18
-0.000399054 -6.74284e-05 -1.607e-18
-0.000399124 -7.11091e-05 -1.6105e-18
-0.000399192 -7.4837e-05 -1.61389e-18
-0.000399257 -7.86089e-05 -1.61653e-18
-0.000399321 -8.24209e-05 -1.61822e-18
-0.000399383 -8.6269e-05 -1.61759e-18
-0.000399443 -9.01485e-05 -1.61591e-18
-0.000399421 -9.3957e-05 -1.62178e-18
-0.000399526 -9.7663e-05 -1.61696e-18
-0.000399618 -0.000101334 -1.61692e-18
-0.000399663 -0.000105004 -1.62052e-18
-0.0003997 -0.00010867 -1.61549e-18
-0.000399734 -0.000112332 -1.6208e-18
-0.000399766 -0.000115986 -1.62222e-18
-0.000399799 -0.000119627 -1.61923e-18
-0.000399583 -0.000122947 -1.23143e-18
-0.000399561 -0.00012622 -1.78743e-18
-0.000399571 -0.000129466 -1.75636e-18
-0.000399581 -0.00013268 -2.10714e-18
-0.00039959 -0.000135855 -1.45746e-18
-0.000399592 -0.000138986 -1.44782e-18
-0.000399669 -0.000141977 -2.81897e-18
-0.000399728 -0.00014486 -4.4493e-18
-0.000399755 -0.000147674 -1.64243e-18
-0.000399782 -0.000150418 -8.28247e-19
-0.000399807 -0.000153091 -2.59592e-18
-0.000399831 -0.000155692 -1.86452e-18
-0.000399864 -0.00015821 4.20091e-19
-0.000399674 -0.000160437 -2.07522e-17
-0.000399596 -0.00016252 -3.73483e-18
-0.000399599 -0.000164535 -1.70892e-18
-0.000399605 -0.000166478 -1.33889e-18
-0.000399612 -0.000168349 2.23126e-18
-0.00039962 -0.000170146 -2.11967e-18
-0.000399629 -0.00017187 -9.56082e-19
-0.000399638 -0.000173518 -1.28472e-18
-0.000399649 -0.000175091 -5.91374e-19
-0.000399662 -0.000176586 -5.48871e-19
-0.000399683 -0.000178003 -1.58767e-18
-0.000399712 -0.00017934 -4.07115e-19
-0.00039974 -0.000180599 -1.39251e-18
-0.000399767 -0.000181778 -2.65486e-18
-0.000399795 -0.000182878 -1.61203e-18
-0.000399852 -0.000183873 -1.87921e-18
-0.000399899 -0.00018477 -2.51044e-18
-0.000399921 -0.000185589 -3.27934e-18
-0.000399941 -0.000186327 1.43585e-19
-0.000399962 -0.000186986 -2.84088e-18
-0.000399984 -0.000187566 -2.08174e-18
-0.000400005 -0.000188067 -1.89257e-18
-0.000400027 -0.000188488 -1.70741e-18
-0.000400048 -0.000188828 -1.82034e-18
-0.00040007 -0.000189089 -1.7939e-18
-0.000400092 -0.000189269 -1.72254e-18
-0.000400114 -0.000189371 -1.64807e-18
-0.000400136 -0.000189394 -6.33128e-19
-0.00040016 -0.000189322 -1.65181e-18
-0.000400183 -0.000189123 -1.65176e-18
-0.000400206 -0.000188794 -1.65168e-18
-0.000400229 -0.000188335 -1.65155e-18
-0.000400251 -0.00018775 -1.65139e-18
-0.000400272 -0.000187043 -1.65119e-18
-0.000400292 -0.000186219 -1.65095e-18
-0.000400311 -0.00018528 -1.65068e-18
-0.000400329 -0.000184232 -1.65038e-18
-0.000400346 -0.00018308 -1.65004e-18
-0.000400362 -0.00018183 -1.64968e-18
-0.000400377 -0.000180486 -1.64928e-18
-0.00040039 -0.000179054 -1.64886e-18
-0.000400402 -0.000177541 -1.64842e-18
-0.000400413 -0.000175954 -1.64795e-18
-0.000400422 -0.000174299 -1.64746e-18
-0.00040043 -0.000172583 -1.64695e-18
-0.000400436 -0.000170814 -1.64643e-18
-0.000400441 -0.000168998 -1.64588e-18
-0.000400444 -0.000167143 -1.64533e-18
-0.000400445 -0.000165255 -1.64477e-18
-0.000400445 -0.000163342 -1.64419e-18
-0.000400444 -0.00016141 -1.64361e-18
-0.00040044 -0.000159468 -1.64302e-18
-0.000400436 -0.00015752 -1.64243e-18
-0.000400429 -0.000155575 -1.64185e-18
-0.000400421 -0.000153637 -1.64126e-18
-0.000400412 -0.000151712 -1.64067e-18
-0.000400401 -0.000149804 -1.64009e-18
-0.000400389 -0.000147918 -1.63951e-18
-0.000400376 -0.000146056 -1.63894e-18
-0.000400361 -0.000144221 -1.63837e-18
-0.000400344 -0.000142415 -1.63782e-18
-0.000400326 -0.000140638 -1.63727e-18
-0.000400307 -0.000138892 -1.63673e-18
-0.000400287 -0.000137176 -1.6362e-18
-0.000400265 -0.000135489 -1.63567e-18
-0.000400243 -0.000133831 -1.63516e-18
-0.000400218 -0.000132199 -1.63465e-18
-0.000400193 -0.000130593 -1.63415e-18
-0.000400166 -0.000129009 -1.63365e-18
-0.000400138 -0.000127447 -1.63316e-18
-0.000400108 -0.000125905 -1.63268e-18
-0.000400077 -0.00012438 -1.6322e-18
-0.000400045 -0.000122871 -1.63173e-18
-0.000400011 -0.000121375 -1.63126e-18
-0.000399976 -0.000119891 -1.63079e-18
-0.00039994 -0.000118416 -1.63033e-18
-0.000399902 -0.000116949 -1.62986e-18
-0.000399862 -0.000115488 -1.6294e-18
-0.000399822 -0.000114032 -1.62894e-18
-0.000399779 -0.00011258 -1.62848e-18
-0.000399735 -0.000111132 -1.62802e-18
-0.00039969 -0.000109687 -1.62756e-18
-0.000399643 -0.000108246 -1.6271e-18
-0.000399595 -0.00010681 -1.62665e-18
-0.000399545 -0.000105378 -1.62619e-18
-0.000399493 -0.000103952 -1.62573e-18
-0.00039944 -0.000102532 -1.62527e-18
-0.000399386 -0.000101118 -1.62481e-18
-0.00039933 -9.97112e-05 -1.62435e-18
-0.000399273 -9.83117e-05 -1.6239e-18
-0.000399214 -9.69194e-05 -1.62344e-18
-0.000399154 -9.55342e-05 -1.62299e-18
-0.000399093 -9.41556e-05 -1.62253e-18
-0.00039903 -9.27822e-05 -1.62207e-18
-0.000398966 -9.14119e-05 -1.62162e-18
-0.000398901 -9.00415e-05 -1.62116e-18
-0.000398834 -8.86677e-05 -1.6207e-18
-0.000398766 -8.72869e-05 -1.62023e-18
-0.000398697 -8.58958e-05 -1.61977e-18
-0.000398627 -8.44914e-05 -1.61929e-18
-0.000398556 -8.30706e-05 -1.61881e-18
-0.000398483 -8.16301e-05 -1.61833e-18
-0.00039841 -8.01666e-05 -1.61783e-18
-0.000398335 -7.8677e-05 -1.61733e-18
-0.000398259 -7.71581e-05 -1.61682e-18
-0.000398182 -7.56071e-05 -1.61629e-18
-0.000398105 -7.40217e-05 -1.61576e-18
-0.000398026 -7.24001e-05 -1.61522e-18
-0.000397947 -7.07408e-05 -1.61466e-18
-0.000397866 -6.90421e-05 -1.61409e-18
-0.000397785 -6.73014e-05 -1.61351e-18
-0.000397703 -6.55157e-05 -1.61292e-18
-0.00039762 -6.36821e-05 -1.61231e-18
-0.000397536 -6.17983e-05 -1.61169e-18
-0.000397452 -5.98619e-05 -1.61105e-18
-0.000397366 -5.78713e-05 -1.61039e-18
-0.00039728 -5.58248e-05 -1.60972e-18
-0.0003972 -5.37213e-05 -1.60903e-18
-0.000397134 -5.156e-05 -1.60832e-18
-0.000397079 -4.93397e-05 -1.6076e-18
-0.00039704 -4.70591e-05 -1.60686e-18
-0.000397007 -4.47174e-05 -1.6061e-18
-0.000396968 -4.23147e-05 -1.60532e-18
-0.000396952 -3.98445e-05 -1.60453e-18
-0.000396942 -3.73101e-05 -1.60371e-18
-0.000396926 -3.47169e-05 -1.60288e-18
-0.000396952 -3.20613e-05 -1.60203e-18
-0.000396988 -2.93452e-05 -1.60117e-18
-0.000397019 -2.65675e-05 -1.60028e-18
-0.000397057 -2.37279e-05 -1.59938e-18
-0.000397088 -2.08259e-05 -1.59846e-18
-0.000397121 -1.78602e-05 -1.59751e-18
-0.000397151 -1.483e-05 -1.59655e-18
-0.000397181 -1.1734e-05 -1.59557e-18
-0.000397208 -8.5715e-06 -1.59457e-18
-0.000397261 -5.34902e-06 -1.59355e-18
-0.000397322 -2.06247e-06 -1.59251e-18
-0.000397375 1.29578e-06 -1.59145e-18
-0.000397431 4.72287e-06 -1.59036e-18
-0.000397484 8.22119e-06 -1.58926e-18
-0.000397537 1.17903e-05 -1.58814e-18
-0.000397587 1.54303e-05 -1.58699e-18
-0.000397638 1.91402e-05 -1.58583e-18
-0.000397686 2.29181e-05 -1.58464e-18
-0.000397734 2.6762e-05 -1.58344e-18
-0.000397781 3.06693e-05 -1.58222e-18
-0.000397826 3.46377e-05 -1.58098e-18
-0.000397871 3.86646e-05 -1.57972e-18
-0.000397914 4.27468e-05 -1.57845e-18
-0.000397957 4.68808e-05 -1.57716e-18
-0.000397998 5.10613e-05 -1.57586e-18
-0.000398039 5.52822e-05 -1.57454e-18
-0.000398079 5.95368e-05 -1.57322e-18
-0.000398119 6.38183e-05 -1.57189e-18
-0.000398158 6.81191e-05 -1.57056e-18
-0.000398198 7.24318e-05 -1.56922e-18
-0.000398237 7.67485e-05 -1.56788e-18
-0.000398276 8.1061e-05 -1.56654e-18
-0.000398315 8.53603e-05 -1.56521e-18
-0.000398347 8.96285e-05 -1.56116e-18
-0.000398272 9.37332e-05 -1.55862e-18
-0.000398303 9.78053e-05 -1.56028e-18
-0.000398336 0.000101828 -1.55944e-18
-0.00039837 0.000105795 -1.55766e-18
-0.000398406 0.000109695 -1.55726e-18
-0.000398443 0.00011352 -1.54859e-18
-0.000398482 0.000117263 -1.55682e-18
-0.000398524 0.000120915 -1.55657e-18
-0.000398571 0.000124469 -1.55187e-18
-0.000398623 0.000127919 -1.55083e-18
-0.000398561 0.000131137 -1.03926e-17
-0.000398447 0.000134078 -1.48959e-18
-0.000398488 0.000136917 -2.01997e-18
-0.000398533 0.000139644 -1.50243e-18
-0.000398597 0.000142232 -2.63875e-18
-0.000398697 0.000144636 -9.63064e-19
-0.000398752 0.000146931 -1.21483e-18
-0.000398808 0.000149111 -3.00821e-18
-0.000398872 0.000151177 -1.01599e-18
-0.000398944 0.000153128 -1.49509e-18
-0.000399018 0.00015497 -1.82006e-18
-0.000399091 0.000156704 -1.49052e-18
-0.000399164 0.000158333 -1.17529e-18
-0.000399236 0.000159858 -1.69499e-18
-0.000399309 0.000161283 1.27514e-17
-0.000399381 0.000162609 -2.07209e-17
-0.000399453 0.000163837 -1.58201e-18
-0.000399525 0.00016497 -1.43172e-18
-0.000399596 0.000166009 -2.52375e-18
-0.000399667 0.000166953 -8.63689e-18
-0.000399782 0.000167749 1.24108e-17
-0.000399874 0.000168433 -1.72873e-17
-0.000399941 0.000169032 -7.14576e-18
-0.000400007 0.000169546 -3.266e-18
-0.000400072 0.000169974 -1.60249e-18
-0.000400136 0.000170316 -7.14073e-18
-0.000400199 0.000170571 -1.53745e-18
-0.000400262 0.000170737 -2.53778e-19
-0.000400323 0.000170816 -1.08288e-18
-0.000400383 0.000170808 -1.59601e-18
-0.000400441 0.000170703 -1.54998e-18
-0.000400496 0.000170488 -1.55003e-18
-0.00040055 0.000170164 -1.55011e-18
-0.000400603 0.000169732 -1.55022e-18
-0.000400655 0.000169193 -1.55036e-18
-0.000400705 0.000168548 -1.55054e-18
-0.000400753 0.0001678 -1.55074e-18
-0.0004008 0.000166953 -1.55098e-18
-0.000400845 0.00016601 -1.55124e-18
-0.000400887 0.000164977 -1.55153e-18
-0.000400927 0.000163859 -1.55184e-18
-0.000400965 0.000162662 -1.55218e-18
-0.000401 0.000161391 -1.55254e-18
-0.000401032 0.000160052 -1.55292e-18
-0.000401062 0.000158652 -1.55332e-18
-0.000401088 0.000157198 -1.55373e-18
-0.000401112 0.000155696 -1.55416e-18
-0.000401132 0.000154153 -1.5546e-18
-0.00040115 0.000152573 -1.55506e-18
-0.000401165 0.000150962 -1.55552e-18
-0.000401177 0.000149323 -1.55599e-18
-0.000401187 0.000147661 -1.55647e-18
-0.000401193 0.000145979 -1.55696e-18
-0.000401197 0.000144282 -1.55745e-18
-0.000401198 0.000142571 -1.55795e-18
-0.000401197 0.000140851 -1.55845e-18
-0.000401193 0.000139124 -1.55896e-18
-0.000401186 0.000137391 -1.55946e-18
-0.000401177 0.000135653 -1.55997e-18
-0.000401166 0.000133913 -1.56048e-18
-0.000401152 0.000132173 -1.56099e-18
-0.000401135 0.000130434 -1.5615e-18
-0.000401116 0.000128699 -1.56202e-18
-0.000401095 0.00012697 -1.56252e-18
-0.00040107 0.00012525 -1.56303e-18
-0.000401044 0.000123541 -1.56354e-18
-0.000401014 0.000121845 -1.56404e-18
-0.000400982 0.000120166 -1.56454e-18
-0.000400948 0.000118506 -1.56503e-18
-0.000400911 0.000116868 -1.56552e-18
-0.000400872 0.000115256 -1.566e-18
-0.00040083 0.000113672 -1.56647e-18
-0.000400785 0.00011212 -1.56693e-18
-0.000400739 0.000110601 -1.56739e-18
-0.00040069 0.000109119 -1.56783e-18
-0.000400639 0.000107676 -1.56827e-18
-0.000400585 0.000106273 -1.56869e-18
-0.00040053 0.000104911 -1.56911e-18
-0.000400473 0.000103592 -1.56951e-18
-0.000400414 0.000102316 -1.5699e-18
-0.000400354 0.000101082 -1.57028e-18
-0.000400292 9.98895e-05 -1.57065e-18
-0.000400228 9.87371e-05 -1.57101e-18
-0.000400164 9.76231e-05 -1.57136e-18
-0.000400098 9.65457e-05 -1.5717e-18
-0.00040003 9.55024e-05 -1.57203e-18
-0.000399962 9.44909e-05 -1.57235e-18
-0.000399893 9.35084e-05 -1.57267e-18
-0.000399823 9.25522e-05 -1.57298e-18
-0.000399753 9.16191e-05 -1.57328e-18
-0.000399681 9.07058e-05 -1.57358e-18
-0.000399609 8.98086e-05 -1.57387e-18
-0.000399537 8.8923e-05 -1.57416e-18
-0.000399464 8.80439e-05 -1.57445e-18
-0.000399391 8.71659e-05 -1.57475e-18
-0.000399318 8.6284e-05 -1.57504e-18
-0.000399245 8.53936e-05 -1.57534e-18
-0.000399172 8.44908e-05 -1.57564e-18
-0.000399098 8.35717e-05 -1.57594e-18
-0.000399025 8.26313e-05 -1.57626e-18
-0.000398952 8.1663e-05 -1.57658e-18
-0.00039888 8.06587e-05 -1.57691e-18
-0.000398808 7.96102e-05 -1.57726e-18
-0.000398737 7.85098e-05 -1.57762e-18
-0.000398666 7.73517e-05 -1.57799e-18
-0.000398596 7.61309e-05 -1.57839e-18
-0.000398527 7.48431e-05 -1.5788e-18
-0.000398457 7.34832e-05 -1.57924e-18
-0.000398389 7.20455e-05 -1.57969e-18
-0.000398321 7.05234e-05 -1.58017e-18
-0.000398254 6.89107e-05 -1.58068e-18
-0.000398188 6.72019e-05 -1.58121e-18
-0.000398131 6.53932e-05 -1.58177e-18
-0.000398076 6.3482e-05 -1.58236e-18
-0.00039802 6.14665e-05 -1.58298e-18
-0.000397965 5.93446e-05 -1.58363e-18
-0.000397909 5.71139e-05 -1.58431e-18
-0.000397854 5.47716e-05 -1.58502e-18
-0.000397817 5.23152e-05 -1.58576e-18
-0.000397787 4.9743e-05 -1.58654e-18
-0.000397758 4.70547e-05 -1.58734e-18
-0.000397733 4.42504e-05 -1.58818e-18
-0.000397703 4.13313e-05 -1.58906e-18
-0.000397674 3.8298e-05 -1.58996e-18
-0.000397645 3.51509e-05 -1.5909e-18
-0.00039763 3.18847e-05 -1.59186e-18
-0.000397616 2.85011e-05 -1.59287e-18
-0.000397597 2.50055e-05 -1.5939e-18
-0.000397577 2.13984e-05 -1.59496e-18
-0.000397554 1.76823e-05 -1.59605e-18
-0.00039753 1.38585e-05 -1.59718e-18
-0.000397503 9.92988e-06 -1.59833e-18
-0.000397495 5.89923e-06 -1.59951e-18
-0.000397501 1.95332e-06 -1.60069e-18
-0.000397508 -1.97613e-06 -1.60189e-18
-0.000397517 -6.02773e-06 -1.60312e-18
-0.000397522 -1.01475e-05 -1.60436e-18
-0.000397526 -1.4359e-05 -1.60564e-18
-0.000397526 -1.86427e-05 -1.60693e-18
-0.000397525 -2.30028e-05 -1.60824e-18
-0.000397541 -2.74298e-05 -1.60958e-18
-0.000397562 -3.19199e-05 -1.61093e-18
-0.00039761 -3.64563e-05 -1.6123e-18
-0.00039768 -4.10355e-05 -1.61369e-18
-0.000397747 -4.56584e-05 -1.61509e-18
-0.000397819 -5.03208e-05 -1.6165e-18
-0.000397885 -5.50193e-05 -1.61792e-18
-0.000397952 -5.97492e-05 -1.61935e-18
-0.000398016 -6.45049e-05 -1.62078e-18
-0.000398079 -6.92806e-05 -1.62222e-18
-0.000398141 -7.407e-05 -1.62367e-18
-0.000398201 -7.88681e-05 -1.62512e-18
-0.00039826 -8.36704e-05 -1.62657e-18
-0.000398318 -8.8474e-05 -1.62802e-18
-0.000398375 -9.3276e-05 -1.62947e-18
-0.000398431 -9.80731e-05 -1.63092e-18
-0.000398486 -0.000102862 -1.63236e-18
-0.000398539 -0.000107637 -1.63381e-18
-0.000398593 -0.000112395 -1.63524e-18
-0.000398645 -0.000117133 -1.63667e-18
-0.000398697 -0.000121848 -1.6381e-18
-0.000398748 -0.000126538 -1.63951e-18
-0.000398798 -0.000131203 -1.64092e-18
-0.000398848 -0.000135842 -1.64232e-18
-0.000398956 -0.000140385 -1.64724e-18
-0.00039902 -0.00014489 -1.64895e-18
-0.000399078 -0.000149351 -1.65738e-18
-0.00039908 -0.000153706 -1.65314e-18
-0.000399054 -0.000157936 -1.64565e-18
-0.00039908 -0.000162125 -1.65423e-18
-0.000399328 -0.000166019 -1.64541e-18
-0.000399426 -0.000169823 -1.64855e-18
-0.000399468 -0.000173589 -1.64889e-18
-0.00039951 -0.000177316 -1.65486e-18
-0.000399555 -0.000181002 -1.65445e-18
-0.000399386 -0.000184341 2.68432e-17
-0.000399104 -0.000187304 -1.14146e-18
-0.000399418 -0.000189693 -1.52261e-18
-0.000399505 -0.000192054 1.93364e-18
-0.000399088 -0.000194027 -8.77757e-18
-0.000399063 -0.000196 -3.71015e-18
-0.000399066 -0.00019797 -1.14033e-17
-0.000399085 -0.000199889 -6.67209e-17
-0.000399122 -0.000201323 -1.19926e-18
-0.000399167 -0.000202396 -7.47632e-19
-0.0003992 -0.000203537 6.12305e-18
-0.000399232 -0.0002047 6.48279e-17
-0.000399264 -0.00020589 -1.71545e-18
-0.000399292 -0.000207103 8.63639e-19
-0.000399325 -0.000208338 -1.10173e-18
-0.000399355 -0.00020963 -9.10446e-19
-0.000399388 -0.000210995 -2.68146e-18
-0.00039944 -0.000212384 -1.72214e-18
-0.000399492 -0.000213773 -2.08008e-18
-0.000399531 -0.00021516 -1.64199e-18
-0.000399569 -0.00021654 -1.61e-19
-0.000399612 -0.000217899 -3.31467e-18
-0.000399661 -0.000219241 -1.85457e-18
-0.000399725 -0.000220553 -1.77058e-18
-0.000399807 -0.000221829 -1.39874e-18
-0.00039986 -0.000223061 -1.70145e-18
-0.000398941 -0.000223634 -1.27753e-18
-0.000399523 -0.000224395 -8.59496e-19
-0.000399757 -0.000225044 -2.6946e-18
-0.000399852 -0.000225654 -3.33545e-18
-0.000399935 -0.000226215 -3.83283e-18
-0.000400018 -0.000226723 -9.743e-19
-0.000400102 -0.000227175 -2.16295e-18
-0.000400189 -0.00022757 -4.16749e-19
-0.000400278 -0.000227908 -7.36157e-19
-0.000400372 -0.000228184 -3.2736e-18
-0.00040047 -0.000228397 -1.43713e-18
-0.000400569 -0.000228548 -1.8041e-18
-0.00040067 -0.000228638 -2.03107e-18
-0.000400773 -0.000228669 -1.95312e-18
-0.000400875 -0.000228642 4.84718e-19
-0.000400978 -0.00022856 -1.90024e-18
-0.00040108 -0.000228427 2.92697e-19
-0.000401181 -0.000228245 -7.49938e-19
-0.000401281 -0.000228018 -1.92902e-18
-0.000401379 -0.00022775 -3.26581e-18
-0.000401476 -0.000227444 -2.98333e-18
-0.00040157 -0.000227104 -1.89822e-18
-0.000401662 -0.000226735 -3.41354e-18
-0.000401752 -0.000226339 -2.98079e-18
-0.000401838 -0.000225921 -2.67767e-19
-0.000401921 -0.000225485 -2.61592e-18
-0.000402002 -0.000225036 -2.07747e-18
-0.000402082 -0.000224541 -1.91849e-18
-0.000402149 -0.000223997 -1.91849e-18
-0.000402211 -0.000223418 -1.91848e-18
-0.000402271 -0.000222821 -1.91845e-18
-0.000402326 -0.000222212 -1.91842e-18
-0.000402379 -0.000221601 -1.91838e-18
-0.000402491 -0.000221 -1.91834e-18
-0.000402676 -0.000220422 -1.91832e-18
-0.000402861 -0.000219882 -1.91829e-18
-0.000403032 -0.000219379 -1.91827e-18
-0.000403194 -0.000218907 -1.91825e-18
-0.000403344 -0.000218472 -1.91822e-18
-0.000403483 -0.000218077 -1.91821e-18
-0.000403611 -0.000217728 -1.91819e-18
-0.000403727 -0.000217425 -1.91818e-18
-0.000403832 -0.000217171 -1.91818e-18
-0.000403925 -0.00021697 -1.91818e-18
-0.000404005 -0.000216821 -1.91818e-18
-0.000404074 -0.000216727 -1.9182e-18
-0.000404131 -0.000216688 -1.91822e-18
-0.000404176 -0.000216703 -1.91825e-18
-0.000404209 -0.000216773 -1.91828e-18
-0.000404231 -0.000216896 -1.91832e-18
-0.000404242 -0.000217072 -1.91837e-18
-0.000404243 -0.000217301 -1.91843e-18
-0.000404242 -0.000217589 -1.91849e-18
-0.000404239 -0.000217931 -1.91856e-18
-0.000404235 -0.000218306 -1.91863e-18
-0.000404229 -0.000218703 -1.91871e-18
-0.000404223 -0.000219115 -1.93236e-18
-0.000404216 -0.000219537 -1.92018e-18
-0.000404174 -0.000219935 -2.30761e-18
-0.000404061 -0.000220246 -4.06556e-19
-0.000404079 -0.000220506 -7.34877e-19
-0.000404116 -0.00022073 -1.53836e-18
-0.000404127 -0.000220943 -4.42406e-19
-0.000404121 -0.00022115 -2.72993e-19
-0.000404114 -0.000221344 6.64785e-19
-0.000404107 -0.000221524 -3.61849e-18
-0.000404101 -0.000221683 -6.64931e-18
-0.000404096 -0.00022182 -2.29196e-18
-0.000404088 -0.000221904 -1.97777e-18
-0.000404078 -0.000221902 -1.97773e-18
-0.000404068 -0.000221805 -1.97766e-18
-0.000404059 -0.000221605 -1.97757e-18
-0.00040405 -0.000221293 -1.97745e-18
-0.000404042 -0.000220861 -1.97729e-18
-0.000404033 -0.000220302 -1.9771e-18
-0.000404025 -0.00021961 -1.97687e-18
-0.000404017 -0.00021878 -1.97661e-18
-0.000404008 -0.000217809 -1.97631e-18
-0.000403999 -0.000216692 -1.97597e-18
-0.000403989 -0.000215427 -1.97559e-18
-0.000403979 -0.000214013 -1.97518e-18
-0.000403969 -0.000212447 -1.97472e-18
-0.000403957 -0.00021073 -1.97422e-18
-0.000403944 -0.000208863 -1.97369e-18
-0.000403929 -0.00020685 -1.97311e-18
-0.000403913 -0.000204694 -1.9725e-18
-0.000403895 -0.000202401 -1.97185e-18
-0.000403874 -0.000199975 -1.97116e-18
-0.000403852 -0.000197423 -1.97044e-18
-0.000403827 -0.000194754 -1.96969e-18
-0.000403799 -0.000191974 -1.96891e-18
-0.000403769 -0.000189092 -1.9681e-18
-0.000403736 -0.000186118 -1.96727e-18
-0.0004037 -0.000183061 -1.96641e-18
-0.000403661 -0.000179932 -1.96553e-18
-0.000403619 -0.000176739 -1.96463e-18
-0.000403574 -0.000173493 -1.96371e-18
-0.000403527 -0.000170203 -1.96278e-18
-0.000403476 -0.000166878 -1.96184e-18
-0.000403422 -0.000163527 -1.96089e-18
-0.000403366 -0.000160162 -1.95994e-18
-0.000403306 -0.000156789 -1.95897e-18
-0.000403244 -0.000153417 -1.95801e-18
-0.000403179 -0.000150054 -1.95704e-18
-0.000403112 -0.000146707 -1.95608e-18
-0.000403042 -0.000143381 -1.95511e-18
-0.00040297 -0.000140081 -1.95415e-18
-0.000402896 -0.00013681 -1.9532e-18
-0.00040282 -0.000133572 -1.95225e-18
-0.000402742 -0.000130367 -1.9513e-18
-0.000402663 -0.000127196 -1.95036e-18
-0.000402582 -0.000124058 -1.94943e-18
-0.000402501 -0.000120951 -1.9485e-18
-0.000402418 -0.000117872 -1.94757e-18
-0.000402334 -0.000114819 -1.94665e-18
-0.000402249 -0.000111787 -1.94573e-18
-0.000402164 -0.000108771 -1.94481e-18
-0.000402077 -0.000105767 -1.94389e-18
-0.000401991 -0.000102768 -1.94298e-18
-0.000401903 -9.97675e-05 -1.94206e-18
-0.000401815 -9.67591e-05 -1.94113e-18
-0.000401727 -9.37356e-05 -1.9402e-18
-0.000401639 -9.06894e-05 -1.93927e-18
-0.00040155 -8.76123e-05 -1.93832e-18
-0.000401461 -8.44956e-05 -1.93736e-18
-0.000401372 -8.13311e-05 -1.93639e-18
-0.000401283 -7.81104e-05 -1.93541e-18
-0.000401194 -7.48259e-05 -1.93441e-18
-0.000401104 -7.14703e-05 -1.93339e-18
-0.000401014 -6.80371e-05 -1.93235e-18
-0.000400923 -6.45201e-05 -1.93128e-18
-0.000400832 -6.09143e-05 -1.9302e-18
-0.00040074 -5.72152e-05 -1.92909e-18
-0.000400648 -5.34192e-05 -1.92796e-18
-0.000400555 -4.95239e-05 -1.9268e-18
-0.00040046 -4.55278e-05 -1.92561e-18
-0.000400365 -4.14306e-05 -1.92441e-18
-0.000400269 -3.72331e-05 -1.92317e-18
-0.000400172 -3.29292e-05 -1.92191e-18
-0.000400074 -2.85399e-05 -1.92063e-18
-0.000399973 -2.4211e-05 -1.91934e-18
-0.000399873 -1.98459e-05 -1.91804e-18
-0.000399771 -1.53635e-05 -1.91671e-18
-0.000399667 -1.08232e-05 -1.91537e-18
-0.000399589 -6.20167e-06 -1.91401e-18
-0.000399553 -1.51497e-06 -1.91264e-18
-0.000399521 3.23571e-06 -1.91126e-18
-0.000399507 8.02625e-06 -1.90987e-18
-0.000399503 1.2856e-05 -1.90848e-18
-0.000399489 1.77105e-05 -1.90707e-18
-0.00039948 2.25824e-05 -1.90567e-18
-0.000399465 2.74603e-05 -1.90426e-18
-0.000399476 3.23355e-05 -1.90285e-18
-0.000399511 3.71966e-05 -1.90146e-18
-0.000399579 4.20241e-05 -1.90007e-18
-0.000399666 4.6812e-05 -1.8987e-18
-0.000399747 5.15581e-05 -1.89735e-18
-0.000399829 5.62497e-05 -1.896e-18
-0.00039991 6.08789e-05 -1.89467e-18
-0.000399956 6.53941e-05 -1.89611e-18
-0.000399964 6.97469e-05 -1.89496e-18
-0.000400036 7.40187e-05 -1.89384e-18
-0.000400111 7.81967e-05 -1.89274e-18
-0.00040019 8.22757e-05 -1.89166e-18
-0.000400272 8.62513e-05 -1.89061e-18
-0.000400405 9.00592e-05 -1.88924e-18
-0.000400241 9.34356e-05 1.0483e-17
-0.000400281 9.66977e-05 -8.54569e-19
-0.00040035 9.98604e-05 -2.68606e-18
-0.000400419 0.000102924 -2.36697e-18
-0.000400496 0.000105887 -3.43656e-18
-0.000400584 0.000108748 -4.50343e-19
-0.000400674 0.000111514 -2.63959e-18
-0.000400761 0.000114186 -2.59525e-18
-0.000400847 0.000116769 -4.33228e-20
-0.000400946 0.000119251 -3.82763e-18
-0.000401105 0.000121564 1.23499e-19
-0.000401201 0.000123797 -8.376e-19
-0.000401295 0.000125951 -1.73282e-18
-0.000401389 0.000128035 -9.51245e-18
-0.00040148 0.000130054 1.65101e-19
-0.000401569 0.000132013 -7.4276e-18
-0.000401656 0.000133917 -4.44106e-18
-0.000401741 0.000135783 2.03809e-19
-0.000401819 0.000137716 -1.28295e-17
-0.000401892 0.000139671 -6.26609e-18
-0.000401962 0.000141566 -1.72495e-17
-0.000402 0.0001434 -8.88859e-17
-0.000401892 0.000144859 -6.96629e-18
-0.000401976 0.000145848 -2.95248e-18
-0.000402053 0.000146557 -1.69356e-17
-0.000402111 0.0001473 -2.06451e-17
-0.000402168 0.000148033 -2.64734e-18
-0.000402223 0.000148766 -4.74491e-18
-0.000402276 0.0001495 -7.44174e-18
-0.000402328 0.000150238 -6.22281e-18
-0.000402377 0.000150981 -6.38638e-18
-0.000402425 0.000151733 -5.08954e-18
-0.00040247 0.000152496 1.38245e-18
-0.000402513 0.000153273 -1.82708e-18
-0.000402555 0.000154066 -1.35093e-18
-0.000402594 0.000154879 -1.87569e-18
-0.00040263 0.000155714 -4.39225e-18
-0.000402665 0.000156573 -1.45565e-17
-0.000402713 0.000157444 -2.76144e-17
-0.000402854 0.000158234 -4.0494e-17
-0.000402898 0.00015906 6.32949e-17
-0.000402937 0.000159913 -1.5678e-17
-0.000402975 0.000160796 -1.0459e-16
-0.000403011 0.000161709 8.72409e-18
-0.000403045 0.000162654 -1.32392e-17
-0.000403078 0.00016363 4.15933e-18
-0.00040311 0.000164635 1.68103e-17
-0.000403141 0.000165671 7.84044e-17
-0.00040317 0.000166734 2.34346e-17
-0.000403201 0.000167823 4.49874e-17
-0.000403239 0.000168931 4.48014e-17
-0.000403282 0.00017006 3.00262e-17
-0.00040332 0.000171211 1.09371e-17
-0.000403349 0.00017238 7.37198e-18
-0.000403377 0.000173568 -1.73239e-17
-0.000403401 0.000174767 7.88672e-18
-0.000403424 0.000175976 -4.73298e-17
-0.00040337 0.000177184 -8.25409e-19
-0.000403236 0.000178387 -9.8003e-19
-0.000403102 0.000179588 -2.44812e-17
-0.000402964 0.000180785 4.27634e-17
-0.000402825 0.000181974 2.64505e-17
-0.000402687 0.00018315 -3.73326e-18
-0.000402552 0.000184311 3.50886e-19
-0.000402423 0.000185453 -4.43713e-17
-0.000402292 0.00018657 -2.37234e-17
-0.000402196 0.000187654 2.7101e-20
-0.000400892 0.000187641 -1.03664e-17
-0.000401851 0.000188539 1.28816e-17
-0.0004019 0.000189354 -8.60723e-18
-0.000401911 0.000190139 8.36975e-18
-0.000401917 0.000190888 1.10529e-18
-0.000401926 0.000191602 -1.22172e-17
-0.000401934 0.000192278 2.34862e-18
-0.00040196 0.000192905 -4.46866e-19
-0.000402071 0.00019342 -4.91081e-17
-0.000402092 0.000193905 -1.17131e-18
-0.000402106 0.000194358 -1.02773e-18
-0.000402123 0.000194776 1.73455e-18
-0.000402137 0.000195164 2.89098e-17
-0.000402151 0.000195524 -4.81893e-17
-0.000402163 0.000195859 -2.33171e-17
-0.000402174 0.000196173 8.09245e-18
-0.000402184 0.000196469 2.75321e-18
-0.000402191 0.000196749 -1.72281e-18
-0.000402197 0.000197018 3.04972e-18
-0.0004022 0.00019728 -5.22721e-18
-0.000402201 0.000197542 3.26425e-18
-0.000402201 0.000197808 4.563e-18
-0.000402198 0.000198083 -1.04344e-17
-0.000402193 0.000198371 1.89526e-18
-0.000402185 0.000198676 6.55492e-18
-0.000402176 0.000199 -7.39405e-18
-0.000402167 0.000199345 3.52715e-18
-0.000402155 0.000199715 -3.00276e-18
-0.00040214 0.000200113 -9.26297e-18
-0.000402125 0.000200538 -1.11726e-17
-0.000402108 0.000200993 -1.23669e-17
-0.00040209 0.000201477 -1.76872e-18
-0.000402071 0.000201988 1.9361e-18
-0.000402052 0.000202526 6.92597e-18
-0.000402033 0.000203087 3.93116e-18
-0.000402014 0.000203669 7.54335e-18
-0.000401995 0.000204268 -2.20435e-18
-0.000401977 0.000204879 -3.22932e-18
-0.000401961 0.000205498 1.66459e-17
-0.000401946 0.000206118 -8.33503e-19
-0.000401933 0.000206733 -6.25947e-17
-0.000401921 0.00020733 -2.97852e-17
-0.000401912 0.000207898 -3.34974e-18
-0.000401905 0.000208434 -5.06382e-18
-0.0004019 0.000208931 -9.29538e-18
-0.000401898 0.000209384 1.27921e-18
-0.000401899 0.000209786 -1.65708e-20
-0.000401903 0.000210133 -1.95318e-18
-0.000401913 0.000210418 -2.27263e-18
-0.000401924 0.000210638 4.29485e-19
-0.000401937 0.000210788 -1.04948e-17
-0.000401951 0.000210863 -5.68924e-19
-0.000401965 0.000210795 -1.7703e-18
-0.000401979 0.000210567 -1.77037e-18
-0.000401996 0.000210173 -1.77048e-18
-0.000402014 0.000209608 -1.77063e-18
-0.000402034 0.000208868 -1.77082e-18
-0.000402055 0.000207953 -1.77105e-18
-0.000402077 0.00020686 -1.77133e-18
-0.0004021 0.000205593 -1.77164e-18
-0.000402123 0.000204151 -1.772e-18
-0.000402147 0.000202539 -1.77239e-18
-0.00040217 0.000200762 -1.77283e-18
-0.000402193 0.000198827 -1.7733e-18
-0.000402214 0.000196742 -1.77381e-18
-0.000402235 0.000194515 -1.77435e-18
-0.000402254 0.000192156 -1.77493e-18
-0.000402271 0.000189673 -1.77553e-18
-0.000402287 0.000187077 -1.77616e-18
-0.000402301 0.000184378 -1.77682e-18
-0.000402312 0.000181586 -1.7775e-18
-0.000402321 0.000178713 -1.7782e-18
-0.000402328 0.00017577 -1.77892e-18
-0.000402332 0.000172769 -1.77966e-18
-0.000402334 0.00016972 -1.78041e-18
-0.000402333 0.000166633 -1.78117e-18
-0.00040233 0.000163517 -1.78193e-18
-0.000402324 0.000160381 -1.78271e-18
-0.000402316 0.000157233 -1.78349e-18
-0.000402305 0.000154085 -1.78427e-18
-0.000402292 0.000150942 -1.78505e-18
-0.000402276 0.000147815 -1.78582e-18
-0.000402258 0.000144709 -1.7866e-18
-0.000402238 0.000141632 -1.78737e-18
-0.000402216 0.000138589 -1.78813e-18
-0.000402191 0.000135586 -1.78889e-18
-0.000402165 0.000132628 -1.78963e-18
-0.000402137 0.00012972 -1.79037e-18
-0.000402107 0.000126864 -1.79109e-18
-0.000402076 0.000124065 -1.7918e-18
-0.000402043 0.000121325 -1.7925e-18
-0.000402009 0.000118643 -1.79318e-18
-0.000401973 0.000116021 -1.79385e-18
-0.000401937 0.00011346 -1.7945e-18
-0.000401899 0.000110957 -1.79515e-18
-0.000401861 0.000108511 -1.79578e-18
-0.000401822 0.000106121 -1.79639e-18
-0.000401781 0.000103785 -1.79699e-18
-0.00040174 0.000101502 -1.79759e-18
-0.000401699 9.92681e-05 -1.79816e-18
-0.000401656 9.70833e-05 -1.79873e-18
-0.000401613 9.49446e-05 -1.79929e-18
-0.000401569 9.28487e-05 -1.79983e-18
-0.000401525 9.07911e-05 -1.80037e-18
-0.00040148 8.87675e-05 -1.8009e-18
-0.000401435 8.67731e-05 -1.80142e-18
-0.000401389 8.48033e-05 -1.80193e-18
-0.000401343 8.28529e-05 -1.80244e-18
-0.000401296 8.09171e-05 -1.80295e-18
-0.000401249 7.89904e-05 -1.80345e-18
-0.000401202 7.70669e-05 -1.80395e-18
-0.000401155 7.51397e-05 -1.80446e-18
-0.000401107 7.32023e-05 -1.80496e-18
-0.000401059 7.12484e-05 -1.80547e-18
-0.00040101 6.92732e-05 -1.80598e-18
-0.000400961 6.72726e-05 -1.8065e-18
-0.000400911 6.52427e-05 -1.80703e-18
-0.00040086 6.31799e-05 -1.80756e-18
-0.000400809 6.10806e-05 -1.8081e-18
-0.000400757 5.8941e-05 -1.80865e-18
-0.000400705 5.6758e-05 -1.80921e-18
-0.000400652 5.45291e-05 -1.80978e-18
-0.000400598 5.22535e-05 -1.81036e-18
-0.000400543 4.99317e-05 -1.81095e-18
-0.000400486 4.75648e-05 -1.81155e-18
-0.000400429 4.51539e-05 -1.81216e-18
-0.000400371 4.26996e-05 -1.81278e-18
-0.000400312 4.02023e-05 -1.81341e-18
-0.000400252 3.76627e-05 -1.81405e-18
-0.000400191 3.50824e-05 -1.8147e-18
-0.000400129 3.24645e-05 -1.81536e-18
-0.000400066 2.98133e-05 -1.81603e-18
-0.000400001 2.71334e-05 -1.8167e-18
-0.000399935 2.44297e-05 -1.81737e-18
-0.000399869 2.17071e-05 -1.81806e-18
-0.000399801 1.89703e-05 -1.81874e-18
-0.000399732 1.62243e-05 -1.81943e-18
-0.000399661 1.34748e-05 -1.82012e-18
-0.00039959 1.07297e-05 -1.82081e-18
-0.000399517 7.9979e-06 -1.82149e-18
-0.000399444 5.28848e-06 -1.82217e-18
-0.000399369 2.60983e-06 -1.82285e-18
-0.000399301 -3.10041e-08 -1.82352e-18
-0.000399234 -2.62789e-06 -1.82418e-18
-0.000399164 -5.17557e-06 -1.82482e-18
-0.000399095 -7.66914e-06 -1.82546e-18
-0.000399024 -1.0104e-05 -1.82609e-18
-0.000398953 -1.24762e-05 -1.8267e-18
-0.000398897 -1.47823e-05 -1.8273e-18
-0.000398847 -1.70206e-05 -1.82788e-18
-0.000398792 -1.91717e-05 -1.82845e-18
-0.000398738 -2.11401e-05 -1.82899e-18
-0.000398688 -2.30031e-05 -1.82952e-18
-0.00039864 -2.4828e-05 -1.83003e-18
-0.000398612 -2.6586e-05 -1.83054e-18
-0.000398631 -2.83031e-05 -1.83104e-18
-0.000398656 -2.99694e-05 -1.83153e-18
-0.000398675 -3.16002e-05 -1.83202e-18
-0.000398698 -3.31993e-05 -1.8325e-18
-0.000398718 -3.47792e-05 -1.83297e-18
-0.00039874 -3.63483e-05 -1.83345e-18
-0.00039876 -3.79181e-05 -1.83392e-18
-0.000398781 -3.94983e-05 -1.8344e-18
-0.000398826 -4.11006e-05 -1.83489e-18
-0.000398879 -4.2734e-05 -1.83538e-18
-0.000398926 -4.44078e-05 -1.83589e-18
-0.000398976 -4.61303e-05 -1.8364e-18
-0.000399044 -4.79021e-05 -1.83694e-18
-0.000399122 -4.97318e-05 -1.83748e-18
-0.000399192 -5.16304e-05 -1.83804e-18
-0.000399265 -5.36027e-05 -1.83862e-18
-0.000399335 -5.56566e-05 -1.83921e-18
-0.000399449 -5.77489e-05 -1.83076e-18
-0.00039954 -5.9915e-05 -1.83132e-18
-0.000399615 -6.21768e-05 -1.8319e-18
-0.000399689 -6.4536e-05 -1.8325e-18
-0.000399762 -6.69939e-05 -1.83312e-18
-0.000399834 -6.95513e-05 -1.83375e-18
-0.000399904 -7.22089e-05 -1.83441e-18
-0.000399973 -7.49672e-05 -1.83508e-18
-0.000400041 -7.78254e-05 -1.83578e-18
-0.000400107 -8.07815e-05 -1.83649e-18
-0.000400172 -8.38309e-05 -1.83722e-18
-0.000400235 -8.69672e-05 -1.83797e-18
-0.000400296 -9.0183e-05 -1.83873e-18
-0.000400169 -9.3233e-05 -1.83476e-18
-0.000400307 -9.64824e-05 -1.83746e-18
-0.000400431 -9.96945e-05 -1.83486e-18
-0.000400513 -0.000102927 -1.83916e-18
-0.000400572 -0.00010619 -1.83466e-18
-0.000400629 -0.000109476 -1.83966e-18
-0.000400684 -0.000112775 -1.83468e-18
-0.000400738 -0.000116076 -1.83979e-18
-0.00040079 -0.00011937 -1.83506e-18
-0.000400848 -0.000122643 -1.83687e-18
-0.00040091 -0.000125886 -1.84035e-18
-0.000400628 -0.00012869 -1.84326e-18
-0.000400723 -0.000131557 -2.32677e-18
-0.000400759 -0.000134364 -1.80139e-18
-0.000400794 -0.000137112 -1.17793e-18
-0.000400825 -0.000139789 -1.89741e-17
-0.000400852 -0.000142388 -8.15932e-18
-0.000400879 -0.000144905 1.26274e-18
-0.000400919 -0.000147333 -1.88529e-18
-0.000400969 -0.000149669 -3.50085e-18
-0.000401013 -0.000151915 -1.25837e-18
-0.000401051 -0.000154068 -6.09289e-18
-0.000401083 -0.000156125 5.23747e-19
-0.000401112 -0.000158086 -1.85767e-18
-0.000401143 -0.000159952 -9.51138e-18
-0.000401175 -0.000161727 -6.48979e-18
-0.000401206 -0.000163408 1.5143e-17
-0.000401236 -0.000164996 -1.87126e-18
-0.000401266 -0.000166493 -2.45682e-18
-0.000401296 -0.0001679 1.08701e-18
-0.000400948 -0.000168718 -2.00085e-18
-0.000401271 -0.000169691 -1.58755e-18
-0.000401309 -0.000170585 -3.22707e-18
-0.000401338 -0.000171416 -1.47522e-18
-0.000401366 -0.000172184 -1.67241e-18
-0.000401395 -0.000172892 -2.49183e-18
-0.000401423 -0.000173541 -1.42011e-18
-0.000401451 -0.000174136 -1.23553e-18
-0.000401479 -0.00017468 -2.48193e-18
-0.000401506 -0.000175175 -1.59326e-18
-0.000401533 -0.000175623 -2.30821e-18
-0.000401559 -0.000176029 -1.402e-18
-0.000401584 -0.000176394 -1.70548e-17
-0.000401609 -0.00017672 -2.60219e-17
-0.000401633 -0.000177009 7.31424e-18
-0.000401656 -0.000177266 5.32631e-18
-0.000401678 -0.000177492 1.08273e-17
-0.0004017 -0.000177692 1.38665e-18
-0.00040172 -0.000177869 -1.89305e-18
-0.000401739 -0.000178024 -9.52784e-18
-0.000401757 -0.00017816 -4.03669e-18
-0.000401774 -0.000178278 8.57669e-19
-0.00040179 -0.00017838 -2.77921e-18
-0.000401805 -0.000178468 -1.88823e-18
-0.00040182 -0.000178543 -1.78037e-18
-0.000401832 -0.000178609 -1.89041e-18
-0.000401844 -0.000178666 -2.15858e-18
-0.000401855 -0.000178714 -2.59576e-18
-0.000401865 -0.000178754 -2.16257e-18
-0.000401874 -0.000178782 -2.1688e-18
-0.000401883 -0.000178797 -2.03432e-18
-0.00040189 -0.000178789 -1.8928e-18
-0.000401895 -0.000178757 -1.89278e-18
-0.0004019 -0.000178702 -1.89275e-18
-0.000401904 -0.000178621 -1.89272e-18
-0.000401906 -0.000178513 -1.89267e-18
-0.000401908 -0.000178374 -1.89261e-18
-0.000401909 -0.000178199 -1.89253e-18
-0.00040191 -0.000177985 -1.89244e-18
-0.000401909 -0.00017773 -1.89234e-18
-0.000401908 -0.000177432 -1.89222e-18
-0.000401905 -0.00017709 -1.89209e-18
-0.000401902 -0.000176701 -1.89194e-18
-0.000401898 -0.000176263 -1.89178e-18
-0.000401893 -0.000175771 -1.8916e-18
-0.000401887 -0.000175222 -1.8914e-18
-0.000401881 -0.000174611 -1.89118e-18
-0.000401873 -0.000173937 -1.89094e-18
-0.000401865 -0.000173196 -1.89068e-18
-0.000401856 -0.000172386 -1.89039e-18
-0.000401847 -0.000171506 -1.89009e-18
-0.000401836 -0.000170553 -1.88976e-18
-0.000401824 -0.000169524 -1.88941e-18
-0.000401812 -0.000168416 -1.88903e-18
-0.000401799 -0.000167228 -1.88863e-18
-0.000401785 -0.000165958 -1.88821e-18
-0.000401769 -0.00016461 -1.88776e-18
-0.000401753 -0.000163184 -1.88729e-18
-0.000401735 -0.000161683 -1.88679e-18
-0.000401717 -0.00016011 -1.88628e-18
-0.000401696 -0.000158468 -1.88574e-18
-0.000401675 -0.000156761 -1.88518e-18
-0.000401652 -0.000154995 -1.8846e-18
-0.000401628 -0.000153174 -1.88401e-18
-0.000401603 -0.000151306 -1.8834e-18
-0.000401575 -0.000149399 -1.88278e-18
-0.000401547 -0.000147459 -1.88215e-18
-0.000401517 -0.000145495 -1.88152e-18
-0.000401485 -0.000143514 -1.88087e-18
-0.000401452 -0.000141525 -1.88023e-18
-0.000401418 -0.000139535 -1.87958e-18
-0.000401382 -0.000137551 -1.87893e-18
-0.000401345 -0.00013558 -1.87829e-18
-0.000401306 -0.000133626 -1.87765e-18
-0.000401266 -0.000131697 -1.87702e-18
-0.000401225 -0.000129798 -1.87639e-18
-0.000401183 -0.000127937 -1.87578e-18
-0.000401139 -0.00012612 -1.87517e-18
-0.000401095 -0.000124352 -1.87458e-18
-0.000401049 -0.000122638 -1.87401e-18
-0.000401002 -0.000120981 -1.87345e-18
-0.000400954 -0.000119382 -1.87291e-18
-0.000400905 -0.000117844 -1.87238e-18
-0.000400856 -0.000116366 -1.87187e-18
-0.000400805 -0.00011495 -1.87138e-18
-0.000400754 -0.000113595 -1.8709e-18
-0.000400702 -0.000112301 -1.87044e-18
-0.00040065 -0.000111062 -1.87e-18
-0.000400597 -0.000109874 -1.86957e-18
-0.000400543 -0.000108731 -1.86915e-18
-0.000400489 -0.000107626 -1.86874e-18
-0.000400435 -0.000106554 -1.86835e-18
-0.00040038 -0.000105512 -1.86796e-18
-0.000400324 -0.000104494 -1.86757e-18
-0.000400269 -0.000103494 -1.86719e-18
-0.000400213 -0.000102508 -1.86682e-18
-0.000400157 -0.000101526 -1.86644e-18
-0.0004001 -0.000100542 -1.86606e-18
-0.000400044 -9.95474e-05 -1.86568e-18
-0.000399987 -9.85363e-05 -1.8653e-18
-0.00039993 -9.75022e-05 -1.8649e-18
-0.000399873 -9.64394e-05 -1.8645e-18
-0.000399815 -9.53417e-05 -1.86409e-18
-0.000399758 -9.42029e-05 -1.86366e-18
-0.000399701 -9.30162e-05 -1.86322e-18
-0.000399643 -9.17755e-05 -1.86277e-18
-0.000399585 -9.04752e-05 -1.86229e-18
-0.000399528 -8.91112e-05 -1.8618e-18
-0.00039947 -8.76805e-05 -1.86129e-18
-0.000399412 -8.61805e-05 -1.86075e-18
-0.000399353 -8.46093e-05 -1.8602e-18
-0.000399295 -8.29647e-05 -1.85962e-18
-0.000399237 -8.12447e-05 -1.85902e-18
-0.000399178 -7.94478e-05 -1.8584e-18
-0.000399119 -7.75733e-05 -1.85775e-18
-0.000399061 -7.56208e-05 -1.85708e-18
-0.000399001 -7.35907e-05 -1.85639e-18
-0.000398942 -7.1484e-05 -1.85568e-18
-0.000398883 -6.93026e-05 -1.85494e-18
-0.000398823 -6.70502e-05 -1.85418e-18
-0.000398763 -6.4732e-05 -1.8534e-18
-0.000398708 -6.23535e-05 -1.8526e-18
-0.000398665 -5.9921e-05 -1.85179e-18
-0.000398628 -5.74403e-05 -1.85097e-18
-0.0003986 -5.49174e-05 -1.85013e-18
-0.000398576 -5.23588e-05 -1.84928e-18
-0.000398549 -4.97712e-05 -1.84843e-18
-0.000398523 -4.71627e-05 -1.84757e-18
-0.000398496 -4.45418e-05 -1.8467e-18
-0.00039848 -4.19142e-05 -1.84583e-18
-0.000398474 -3.92871e-05 -1.84497e-18
-0.00039847 -3.66718e-05 -1.84411e-18
-0.000398465 -3.40757e-05 -1.84325e-18
-0.00039846 -3.15052e-05 -1.8424e-18
-0.000398461 -2.89668e-05 -1.84156e-18
-0.000398471 -2.6467e-05 -1.84074e-18
-0.000398481 -2.40119e-05 -1.83993e-18
-0.00039849 -2.16074e-05 -1.83913e-18
-0.000398512 -1.92582e-05 -1.83835e-18
-0.000398538 -1.69679e-05 -1.8376e-18
-0.000398562 -1.47389e-05 -1.83685e-18
-0.000398587 -1.25727e-05 -1.83613e-18
-0.00039861 -1.04709e-05 -1.83543e-18
-0.000398634 -8.43454e-06 -1.83475e-18
-0.000398658 -6.46501e-06 -1.83409e-18
-0.000398697 -4.56782e-06 -1.83345e-18
-0.000398742 -2.74085e-06 -1.83284e-18
-0.000398782 -9.78505e-07 -1.83224e-18
-0.000398824 7.19736e-07 -1.83167e-18
-0.000398864 2.35793e-06 -1.83111e-18
-0.000398904 3.93873e-06 -1.83058e-18
-0.000398942 5.46517e-06 -1.83006e-18
-0.00039898 6.94017e-06 -1.82955e-18
-0.000399018 8.3665e-06 -1.82906e-18
-0.000399054 9.7472e-06 -1.82859e-18
-0.00039909 1.1085e-05 -1.82813e-18
-0.000399125 1.23826e-05 -1.82769e-18
-0.000399159 1.36427e-05 -1.82725e-18
-0.000399192 1.48679e-05 -1.82683e-18
-0.000399225 1.60603e-05 -1.82642e-18
-0.000399256 1.72221e-05 -1.82602e-18
-0.000399287 1.8355e-05 -1.82563e-18
-0.000399317 1.9461e-05 -1.82525e-18
-0.000399346 2.05422e-05 -1.82488e-18
-0.000399374 2.16009e-05 -1.82452e-18
-0.000399401 2.26393e-05 -1.82417e-18
-0.000399427 2.36595e-05 -1.82382e-18
-0.000399452 2.46639e-05 -1.82348e-18
-0.000399476 2.56547e-05 -1.82314e-18
-0.000399499 2.66342e-05 -1.82281e-18
-0.000399521 2.76044e-05 -1.82249e-18
-0.000399543 2.85673e-05 -1.82217e-18
-0.000399563 2.95246e-05 -1.82185e-18
-0.000399582 3.04779e-05 -1.82153e-18
-0.0003996 3.14286e-05 -1.82122e-18
-0.000399618 3.23782e-05 -1.82091e-18
-0.000399634 3.33281e-05 -1.8206e-18
-0.000399649 3.42793e-05 -1.8203e-18
-0.000399663 3.52323e-05 -1.81999e-18
-0.000399677 3.61871e-05 -1.81969e-18
-0.000399689 3.71428e-05 -1.81938e-18
-0.000399701 3.80984e-05 -1.81908e-18
-0.000399712 3.90522e-05 -1.81878e-18
-0.000399722 4.00025e-05 -1.81849e-18
-0.000399732 4.09472e-05 -1.81819e-18
-0.00039974 4.18838e-05 -1.8179e-18
-0.000399748 4.28097e-05 -1.81762e-18
-0.000399756 4.37223e-05 -1.81734e-18
-0.000399762 4.46191e-05 -1.81707e-18
-0.000399769 4.54973e-05 -1.8168e-18
-0.000399774 4.63537e-05 -1.81654e-18
-0.000399779 4.71844e-05 -1.81629e-18
-0.000399784 4.7985e-05 -1.81605e-18
-0.000399788 4.87512e-05 -1.81582e-18
-0.000399792 4.94787e-05 -1.81561e-18
-0.000399796 5.0164e-05 -1.8154e-18
-0.000399799 5.08036e-05 -1.81521e-18
-0.000399802 5.13947e-05 -1.81504e-18
-0.000399805 5.1934e-05 -1.81488e-18
-0.000399807 5.24173e-05 -1.81474e-18
-0.000399809 5.28395e-05 -1.81461e-18
-0.000399811 5.31963e-05 -1.81451e-18
-0.000399813 5.34834e-05 -1.81442e-18
-0.000399815 5.36972e-05 -1.81436e-18
-0.000399817 5.38347e-05 -1.81432e-18
-0.000399818 5.38934e-05 -1.81431e-18
-0.000399819 5.38715e-05 -1.81432e-18
-0.00039982 5.37681e-05 -1.81435e-18
-0.00039982 5.35826e-05 -1.81441e-18
-0.00039982 5.33155e-05 -1.81449e-18
-0.00039982 5.29682e-05 -1.8146e-18
-0.000399819 5.25437e-05 -1.81473e-18
-0.000399817 5.20464e-05 -1.81488e-18
-0.000399815 5.1481e-05 -1.81505e-18
-0.000399812 5.08532e-05 -1.81524e-18
-0.000399808 5.01692e-05 -1.81545e-18
-0.000399803 4.94356e-05 -1.81567e-18
-0.000399797 4.86597e-05 -1.8159e-18
-0.000399791 4.78484e-05 -1.81615e-18
-0.000399783 4.70092e-05 -1.81641e-18
-0.000399775 4.61494e-05 -1.81667e-18
-0.000399765 4.52761e-05 -1.81694e-18
-0.000399755 4.43964e-05 -1.81721e-18
-0.000399744 4.35171e-05 -1.81748e-18
-0.000399731 4.26446e-05 -1.81776e-18
-0.000399718 4.17851e-05 -1.81802e-18
-0.000399704 4.09439e-05 -1.81829e-18
-0.000399689 4.01259e-05 -1.81855e-18
-0.000399673 3.93349e-05 -1.8188e-18
-0.000399656 3.85745e-05 -1.81905e-18
-0.000399639 3.78471e-05 -1.81928e-18
-0.000399621 3.71545e-05 -1.81951e-18
-0.000399602 3.64977e-05 -1.81973e-18
-0.000399583 3.58768e-05 -1.81994e-18
-0.000399563 3.52912e-05 -1.82014e-18
-0.000399542 3.47393e-05 -1.82033e-18
-0.000399522 3.42184e-05 -1.82051e-18
-0.0003995 3.37255e-05 -1.82069e-18
-0.000399479 3.3257e-05 -1.82086e-18
-0.000399457 3.28095e-05 -1.82103e-18
-0.000399434 3.23793e-05 -1.82119e-18
-0.000399412 3.19628e-05 -1.82135e-18
-0.000399389 3.15557e-05 -1.8215e-18
-0.000399366 3.11534e-05 -1.82166e-18
-0.000399342 3.0751e-05 -1.82181e-18
-0.000399319 3.03436e-05 -1.82197e-18
-0.000399295 2.99262e-05 -1.82213e-18
-0.000399272 2.94949e-05 -1.8223e-18
-0.000399248 2.90458e-05 -1.82247e-18
-0.000399224 2.85756e-05 -1.82265e-18
-0.0003992 2.80811e-05 -1.82284e-18
-0.000399176 2.75597e-05 -1.82303e-18
-0.000399151 2.70094e-05 -1.82323e-18
-0.000399127 2.64286e-05 -1.82344e-18
-0.000399102 2.58158e-05 -1.82367e-18
-0.000399077 2.51693e-05 -1.8239e-18
-0.000399052 2.4488e-05 -1.82414e-18
-0.000399027 2.37708e-05 -1.82439e-18
-0.000399002 2.30166e-05 -1.82466e-18
-0.000398977 2.22247e-05 -1.82493e-18
-0.000398952 2.13939e-05 -1.82522e-18
-0.000398927 2.05236e-05 -1.82552e-18
-0.000398901 1.96132e-05 -1.82583e-18
-0.000398876 1.86615e-05 -1.82615e-18
-0.00039885 1.76674e-05 -1.82648e-18
-0.000398825 1.663e-05 -1.82683e-18
-0.000398799 1.55487e-05 -1.82719e-18
-0.000398773 1.44239e-05 -1.82756e-18
-0.000398748 1.32566e-05 -1.82795e-18
-0.000398722 1.20481e-05 -1.82835e-18
-0.000398698 1.08002e-05 -1.82876e-18
-0.000398675 9.51518e-06 -1.82918e-18
-0.000398651 8.19589e-06 -1.82961e-18
-0.000398628 6.84547e-06 -1.83005e-18
-0.000398604 5.46713e-06 -1.8305e-18
-0.000398586 4.06407e-06 -1.83095e-18
-0.000398569 2.63944e-06 -1.83142e-18
-0.000398561 1.19374e-06 -1.83189e-18
-0.000398556 -2.68217e-07 -1.83236e-18
-0.000398549 -1.74083e-06 -1.83284e-18
-0.000398545 -3.22217e-06 -1.83332e-18
-0.000398544 -4.70778e-06 -1.8338e-18
-0.000398545 -6.19443e-06 -1.83428e-18
-0.000398545 -7.67116e-06 -1.83476e-18
-0.000398545 -9.09844e-06 -1.83523e-18
-0.000398544 -1.05004e-05 -1.8357e-18
-0.000398544 -1.18949e-05 -1.83616e-18
-0.000398544 -1.32645e-05 -1.83661e-18
-0.000398543 -1.46137e-05 -1.83706e-18
-0.000398543 -1.59342e-05 -1.8375e-18
-0.000398542 -1.72258e-05 -1.83793e-18
-0.000398541 -1.84836e-05 -1.83835e-18
-0.000398542 -1.97058e-05 -1.83876e-18
-0.000398544 -2.08892e-05 -1.83916e-18
-0.00039855 -2.20317e-05 -1.83955e-18
-0.000398558 -2.31309e-05 -1.83992e-18
-0.000398565 -2.41854e-05 -1.84029e-18
-0.000398572 -2.51937e-05 -1.84063e-18
-0.000398578 -2.61545e-05 -1.84097e-18
-0.000398585 -2.70668e-05 -1.84129e-18
-0.00039859 -2.79298e-05 -1.84159e-18
-0.000398597 -2.8743e-05 -1.84188e-18
-0.000398602 -2.95065e-05 -1.84216e-18
-0.000398608 -3.02217e-05 -1.84242e-18
-0.000398613 -3.08906e-05 -1.84266e-18
-0.000398619 -3.15157e-05 -1.8429e-18
-0.000398624 -3.21002e-05 -1.84312e-18
-0.000398629 -3.26475e-05 -1.84333e-18
-0.000398635 -3.31614e-05 -1.84353e-18
-0.000398647 -3.36442e-05 -1.84372e-18
-0.00039867 -3.41013e-05 -1.84391e-18
-0.000398694 -3.4538e-05 -1.84409e-18
-0.000398717 -3.49574e-05 -1.84426e-18
-0.00039874 -3.53639e-05 -1.84443e-18
-0.000398762 -3.57612e-05 -1.84459e-18
-0.000398785 -3.61533e-05 -1.84476e-18
-0.000398807 -3.65438e-05 -1.84492e-18
-0.000398828 -3.69362e-05 -1.84508e-18
-0.00039885 -3.73338e-05 -1.84524e-18
-0.00039887 -3.77395e-05 -1.8454e-18
-0.000398891 -3.81558e-05 -1.84557e-18
-0.000398911 -3.85851e-05 -1.84574e-18
-0.00039893 -3.9029e-05 -1.84591e-18
-0.000398949 -3.94891e-05 -1.84608e-18
-0.000398967 -3.99663e-05 -1.84626e-18
-0.000398985 -4.04612e-05 -1.84644e-18
-0.000399002 -4.09739e-05 -1.84663e-18
-0.000399019 -4.1504e-05 -1.84682e-18
-0.000399036 -4.20509e-05 -1.84701e-18
-0.000399051 -4.26132e-05 -1.8472e-18
-0.000399066 -4.31895e-05 -1.8474e-18
-0.000399081 -4.37784e-05 -1.8476e-18
-0.000399095 -4.43783e-05 -1.8478e-18
-0.000399108 -4.49874e-05 -1.84801e-18
-0.000399121 -4.56036e-05 -1.84821e-18
-0.000399133 -4.62252e-05 -1.84841e-18
-0.000399145 -4.68502e-05 -1.84862e-18
-0.000399156 -4.74767e-05 -1.84882e-18
-0.000399166 -4.81029e-05 -1.84902e-18
-0.000399176 -4.87274e-05 -1.84922e-18
-0.000399186 -4.93496e-05 -1.84942e-18
-0.000399195 -4.99685e-05 -1.84962e-18
-0.000399203 -5.05832e-05 -1.84981e-18
-0.000399211 -5.11926e-05 -1.85e-18
-0.000399218 -5.17956e-05 -1.85019e-18
-0.000399225 -5.2391e-05 -1.85037e-18
-0.000399232 -5.29777e-05 -1.85056e-18
-0.000399238 -5.35543e-05 -1.85074e-18
-0.000399244 -5.41199e-05 -1.85091e-18
-0.000399249 -5.46731e-05 -1.85108e-18
-0.000399255 -5.5213e-05 -1.85125e-18
-0.000399259 -5.57381e-05 -1.85141e-18
-0.000399264 -5.62469e-05 -1.85157e-18
-0.000399268 -5.67382e-05 -1.85172e-18
-0.000399272 -5.72108e-05 -1.85187e-18
-0.000399275 -5.76634e-05 -1.85201e-18
-0.000399278 -5.80949e-05 -1.85215e-18
-0.000399281 -5.85044e-05 -1.85228e-18
-0.000399284 -5.88913e-05 -1.8524e-18
-0.000399286 -5.92548e-05 -1.85251e-18
-0.000399289 -5.95945e-05 -1.85262e-18
-0.000399291 -5.99101e-05 -1.85273e-18
-0.000399292 -6.02017e-05 -1.85282e-18
-0.000399294 -6.04696e-05 -1.85291e-18
-0.000399295 -6.07141e-05 -1.85299e-18
-0.000399297 -6.09363e-05 -1.85307e-18
-0.000399297 -6.11371e-05 -1.85314e-18
-0.000399298 -6.13182e-05 -1.8532e-18
-0.000399299 -6.14811e-05 -1.85326e-18
-0.000399299 -6.16279e-05 -1.85332e-18
-0.000399299 -6.17609e-05 -1.85337e-18
-0.000399299 -6.1883e-05 -1.85342e-18
-0.000399299 -6.19974e-05 -1.85346e-18
-0.000399298 -6.21074e-05 -1.85351e-18
-0.000399297 -6.22165e-05 -1.85355e-18
-0.000399296 -6.23277e-05 -1.85359e-18
-0.000399295 -6.24442e-05 -1.85364e-18
-0.000399294 -6.25688e-05 -1.85369e-18
-0.000399292 -6.27043e-05 -1.85374e-18
-0.000399291 -6.28524e-05 -1.85379e-18
-0.000399289 -6.30147e-05 -1.85385e-18
-0.000399287 -6.31922e-05 -1.85392e-18
-0.000399284 -6.33859e-05 -1.85398e-18
-0.000399282 -6.35958e-05 -1.85406e-18
-0.000399279 -6.38216e-05 -1.85413e-18
-0.000399277 -6.40628e-05 -1.85421e-18
-0.000399274 -6.43187e-05 -1.8543e-18
-0.000399271 -6.45893e-05 -1.85438e-18
-0.000399268 -6.48746e-05 -1.85447e-18
-0.000399264 -6.51744e-05 -1.85457e-18
-0.000399261 -6.54884e-05 -1.85467e-18
-0.000399258 -6.58159e-05 -1.85477e-18
-0.000399254 -6.61559e-05 -1.85488e-18
-0.000399251 -6.65072e-05 -1.85498e-18
-0.000399247 -6.68683e-05 -1.8551e-18
-0.000399243 -6.72374e-05 -1.85521e-18
-0.000399239 -6.76125e-05 -1.85532e-18
-0.000399236 -6.79915e-05 -1.85544e-18
-0.000399232 -6.83718e-05 -1.85555e-18
-0.000399228 -6.8751e-05 -1.85566e-18
-0.000399225 -6.91263e-05 -1.85577e-18
-0.000399221 -6.94948e-05 -1.85588e-18
-0.000399217 -6.98537e-05 -1.85599e-18
-0.000399214 -7.02003e-05 -1.85609e-18
-0.00039921 -7.05317e-05 -1.85619e-18
-0.000399207 -7.08452e-05 -1.85628e-18
-0.000399203 -7.11381e-05 -1.85636e-18
-0.0003992 -7.1407e-05 -1.85644e-18
-0.000399197 -7.16486e-05 -1.8565e-18
-0.000399194 -7.1859e-05 -1.85656e-18
-0.000399191 -7.20348e-05 -1.85661e-18
-0.000399188 -7.2174e-05 -1.85665e-18
-0.000399186 -7.22745e-05 -1.85667e-18
-0.000399183 -7.23346e-05 -1.85668e-18
-0.000399181 -7.23533e-05 -1.85668e-18
-0.000399178 -7.233e-05 -1.85667e-18
-0.000399176 -7.22648e-05 -1.85664e-18
-0.000399174 -7.21581e-05 -1.8566e-18
-0.000399172 -7.20106e-05 -1.85655e-18
-0.000399169 -7.18236e-05 -1.85649e-18
-0.000399167 -7.15986e-05 -1.85641e-18
-0.000399165 -7.13375e-05 -1.85633e-18
-0.000399164 -7.10419e-05 -1.85623e-18
-0.000399162 -7.07126e-05 -1.85613e-18
-0.00039916 -7.03498e-05 -1.85601e-18
-0.000399158 -6.99537e-05 -1.85588e-18
-0.000399157 -6.95245e-05 -1.85575e-18
-0.000399155 -6.9062e-05 -1.8556e-18
-0.000399153 -6.8566e-05 -1.85544e-18
-0.000399152 -6.80362e-05 -1.85528e-18
-0.00039915 -6.74727e-05 -1.8551e-18
-0.000399149 -6.68768e-05 -1.85491e-18
-0.000399147 -6.625e-05 -1.85471e-18
-0.000399146 -6.55943e-05 -1.85451e-18
-0.000399144 -6.49117e-05 -1.8543e-18
-0.000399142 -6.42041e-05 -1.85407e-18
-0.00039914 -6.34733e-05 -1.85385e-18
-0.000399138 -6.27213e-05 -1.85361e-18
-0.000399136 -6.19501e-05 -1.85337e-18
-0.000399134 -6.11618e-05 -1.85313e-18
-0.000399132 -6.03586e-05 -1.85287e-18
-0.000399129 -5.95425e-05 -1.85262e-18
-0.000399127 -5.87159e-05 -1.85236e-18
-0.000399124 -5.78807e-05 -1.8521e-18
-0.000399121 -5.70389e-05 -1.85184e-18
-0.000399118 -5.61923e-05 -1.85157e-18
-0.000399114 -5.5343e-05 -1.85131e-18
-0.000399111 -5.44932e-05 -1.85104e-18
-0.000399107 -5.36449e-05 -1.85077e-18
-0.000399102 -5.28004e-05 -1.8505e-18
-0.000399098 -5.19617e-05 -1.85024e-18
-0.000399093 -5.11313e-05 -1.84998e-18
-0.000399088 -5.03114e-05 -1.84971e-18
-0.000399083 -4.95043e-05 -1.84946e-18
-0.000399077 -4.87119e-05 -1.8492e-18
-0.000399071 -4.79363e-05 -1.84895e-18
-0.000399065 -4.71797e-05 -1.84871e-18
-0.000399058 -4.64436e-05 -1.84847e-18
-0.000399051 -4.57297e-05 -1.84824e-18
-0.000399044 -4.50397e-05 -1.84801e-18
-0.000399036 -4.43754e-05 -1.84779e-18
-0.000399029 -4.37381e-05 -1.84758e-18
-0.00039902 -4.3129e-05 -1.84738e-18
-0.000399012 -4.25482e-05 -1.84718e-18
-0.000399003 -4.19958e-05 -1.84699e-18
-0.000398994 -4.14712e-05 -1.84681e-18
-0.000398985 -4.09732e-05 -1.84664e-18
-0.000398975 -4.05001e-05 -1.84648e-18
-0.000398965 -4.0049e-05 -1.84632e-18
-0.000398954 -3.9617e-05 -1.84616e-18
-0.000398944 -3.9201e-05 -1.84602e-18
-0.000398933 -3.87973e-05 -1.84587e-18
-0.000398922 -3.84023e-05 -1.84573e-18
-0.00039891 -3.80122e-05 -1.84559e-18
-0.000398898 -3.76231e-05 -1.84545e-18
-0.000398886 -3.72316e-05 -1.84531e-18
-0.000398873 -3.68341e-05 -1.84517e-18
-0.000398861 -3.64276e-05 -1.84502e-18
-0.000398847 -3.60089e-05 -1.84487e-18
-0.000398834 -3.55759e-05 -1.84472e-18
-0.00039882 -3.51264e-05 -1.84456e-18
-0.000398806 -3.4659e-05 -1.8444e-18
-0.000398791 -3.41724e-05 -1.84423e-18
-0.000398777 -3.3666e-05 -1.84406e-18
-0.000398761 -3.31397e-05 -1.84388e-18
-0.000398746 -3.25937e-05 -1.8437e-18
-0.000398734 -3.20275e-05 -1.84351e-18
-0.000398724 -3.14434e-05 -1.84332e-18
-0.000398712 -3.08447e-05 -1.84312e-18
-0.000398701 -3.02334e-05 -1.84291e-18
-0.000398693 -2.9613e-05 -1.84271e-18
-0.000398686 -2.8987e-05 -1.8425e-18
-0.000398678 -2.83595e-05 -1.8423e-18
-0.000398671 -2.7735e-05 -1.84209e-18
-0.000398662 -2.71176e-05 -1.84189e-18
-0.000398654 -2.65111e-05 -1.84169e-18
-0.000398646 -2.59189e-05 -1.84149e-18
-0.000398638 -2.53444e-05 -1.8413e-18
-0.000398629 -2.47906e-05 -1.84112e-18
-0.00039862 -2.42604e-05 -1.84094e-18
-0.000398612 -2.37563e-05 -1.84077e-18
-0.000398603 -2.32807e-05 -1.84061e-18
-0.000398594 -2.28353e-05 -1.84045e-18
-0.000398585 -2.24217e-05 -1.84031e-18
-0.000398576 -2.20405e-05 -1.84018e-18
-0.000398567 -2.16923e-05 -1.84005e-18
-0.000398561 -2.13773e-05 -1.83994e-18
-0.000398556 -2.1095e-05 -1.83983e-18
-0.000398549 -2.08445e-05 -1.83974e-18
-0.000398544 -2.06248e-05 -1.83965e-18
-0.000398538 -2.04344e-05 -1.83957e-18
-0.000398537 -2.02711e-05 -1.83951e-18
-0.000398538 -2.01325e-05 -1.83944e-18
-0.000398537 -2.00159e-05 -1.83939e-18
-0.000398538 -1.99185e-05 -1.83934e-18
-0.000398538 -1.98376e-05 -1.8393e-18
-0.000398538 -1.97701e-05 -1.83926e-18
-0.000398538 -1.97132e-05 -1.83922e-18
-0.000398538 -1.96643e-05 -1.83919e-18
-0.000398538 -1.96217e-05 -1.83916e-18
-0.000398538 -1.95842e-05 -1.83913e-18
-0.000398538 -1.95508e-05 -1.8391e-18
-0.000398538 -1.95204e-05 -1.83908e-18
-0.000398538 -1.94918e-05 -1.83905e-18
-0.000398538 -1.94636e-05 -1.83902e-18
-0.000398538 -1.94344e-05 -1.839e-18
-0.000398538 -1.9403e-05 -1.83897e-18
-0.000398538 -1.93678e-05 -1.83895e-18
-0.000398538 -1.93271e-05 -1.83892e-18
-0.000398537 -1.92792e-05 -1.83889e-18
-0.000398537 -1.9223e-05 -1.83886e-18
-0.000398537 -1.9158e-05 -1.83882e-18
-0.000398541 -1.90845e-05 -1.83879e-18
-0.000398546 -1.90029e-05 -1.83875e-18
-0.000398554 -1.89132e-05 -1.83871e-18
-0.000398564 -1.88157e-05 -1.83867e-18
-0.000398572 -1.87102e-05 -1.83862e-18
-0.00039858 -1.85963e-05 -1.83857e-18
-0.000398588 -1.84739e-05 -1.83853e-18
-0.000398596 -1.83421e-05 -1.83847e-18
-0.000398602 -1.81999e-05 -1.83842e-18
-0.000398609 -1.80461e-05 -1.83836e-18
-0.000398615 -1.78797e-05 -1.8383e-18
-0.00039862 -1.76995e-05 -1.83823e-18
-0.000398625 -1.75039e-05 -1.83816e-18
-0.000398631 -1.72917e-05 -1.83809e-18
-0.000398636 -1.70618e-05 -1.83801e-18
-0.000398641 -1.68135e-05 -1.83793e-18
-0.000398645 -1.65465e-05 -1.83784e-18
-0.000398648 -1.62607e-05 -1.83774e-18
-0.000398651 -1.59564e-05 -1.83764e-18
-0.000398654 -1.56347e-05 -1.83754e-18
-0.000398656 -1.5297e-05 -1.83743e-18
-0.000398658 -1.49452e-05 -1.83731e-18
-0.000398659 -1.45812e-05 -1.8372e-18
-0.00039866 -1.42071e-05 -1.83708e-18
-0.00039866 -1.38251e-05 -1.83696e-18
-0.00039866 -1.34372e-05 -1.83684e-18
-0.00039866 -1.30461e-05 -1.83672e-18
-0.000398659 -1.26545e-05 -1.83659e-18
-0.000398658 -1.22652e-05 -1.83647e-18
-0.000398656 -1.18813e-05 -1.83636e-18
-0.000398654 -1.1506e-05 -1.83624e-18
-0.000398652 -1.11424e-05 -1.83613e-18
-0.000398649 -1.07941e-05 -1.83602e-18
-0.000398647 -1.04643e-05 -1.83592e-18
-0.000398644 -1.01564e-05 -1.83583e-18
-0.00039864 -9.87303e-06 -1.83574e-18
-0.000398637 -9.61696e-06 -1.83567e-18
-0.000398633 -9.39055e-06 -1.8356e-18
-0.000398629 -9.19597e-06 -1.83554e-18
-0.000398625 -9.03489e-06 -1.83549e-18
-0.00039862 -8.9086e-06 -1.83546e-18
-0.000398616 -8.81813e-06 -1.83543e-18
-0.000398612 -8.76419e-06 -1.83542e-18
-0.000398609 -8.74689e-06 -1.83542e-18
-0.000398605 -8.76595e-06 -1.83543e-18
-0.000398601 -8.82078e-06 -1.83545e-18
-0.000398597 -8.91046e-06 -1.83548e-18
-0.000398592 -9.03348e-06 -1.83552e-18
-0.000398588 -9.18789e-06 -1.83557e-18
-0.000398583 -9.37153e-06 -1.83563e-18
-0.000398578 -9.58198e-06 -1.8357e-18
-0.000398573 -9.81633e-06 -1.83577e-18
-0.000398567 -1.00714e-05 -1.83586e-18
-0.000398564 -1.03437e-05 -1.83595e-18
-0.000398563 -1.06299e-05 -1.83604e-18
-0.00039856 -1.09256e-05 -1.83614e-18
-0.000398557 -1.12262e-05 -1.83624e-18
-0.000398554 -1.15271e-05 -1.83634e-18
-0.000398551 -1.1824e-05 -1.83644e-18
-0.000398548 -1.21134e-05 -1.83654e-18
-0.000398547 -1.23917e-05 -1.83663e-18
-0.000398548 -1.26562e-05 -1.83672e-18
-0.000398547 -1.29043e-05 -1.83681e-18
-0.000398547 -1.31343e-05 -1.83689e-18
-0.000398547 -1.33414e-05 -1.83697e-18
-0.000398547 -1.35175e-05 -1.83704e-18
-0.000398547 -1.36698e-05 -1.83711e-18
-0.000398546 -1.38034e-05 -1.83716e-18
-0.000398546 -1.39162e-05 -1.83722e-18
-0.000398546 -1.40114e-05 -1.83727e-18
-0.000398546 -1.40891e-05 -1.83731e-18
-0.000398546 -1.41516e-05 -1.83735e-18
-0.000398545 -1.41997e-05 -1.83738e-18
-0.000398545 -1.42354e-05 -1.83741e-18
-0.000398545 -1.42603e-05 -1.83744e-18
-0.000398545 -1.42763e-05 -1.83747e-18
-0.000398545 -1.42853e-05 -1.83749e-18
-0.000398545 -1.42896e-05 -1.83751e-18
-0.000398545 -1.42913e-05 -1.83754e-18
-0.000398545 -1.42927e-05 -1.83756e-18
-0.000398545 -1.42966e-05 -1.83758e-18
-0.000398545 -1.43054e-05 -1.8376e-18
-0.000398545 -1.43215e-05 -1.83763e-18
-0.000398546 -1.43474e-05 -1.83766e-18
-0.000398549 -1.43854e-05 -1.83769e-18
-0.000398553 -1.44374e-05 -1.83772e-18
-0.000398557 -1.45054e-05 -1.83776e-18
-0.000398561 -1.45911e-05 -1.83781e-18
-0.000398565 -1.46961e-05 -1.83786e-18
-0.000398569 -1.48217e-05 -1.83791e-18
-0.000398572 -1.49686e-05 -1.83797e-18
-0.000398576 -1.51365e-05 -1.83804e-18
-0.00039858 -1.53243e-05 -1.83811e-18
-0.000398585 -1.55305e-05 -1.83819e-18
-0.00039859 -1.57538e-05 -1.83827e-18
-0.000398594 -1.59931e-05 -1.83836e-18
-0.000398598 -1.62474e-05 -1.83845e-18
-0.000398603 -1.65159e-05 -1.83854e-18
-0.000398607 -1.67974e-05 -1.83864e-18
-0.000398611 -1.70906e-05 -1.83874e-18
-0.000398615 -1.7394e-05 -1.83885e-18
-0.000398619 -1.77062e-05 -1.83895e-18
-0.000398623 -1.80253e-05 -1.83906e-18
-0.000398627 -1.83496e-05 -1.83917e-18
-0.00039863 -1.86768e-05 -1.83928e-18
-0.000398634 -1.90051e-05 -1.83939e-18
-0.000398637 -1.93325e-05 -1.8395e-18
-0.00039864 -1.9658e-05 -1.8396e-18
-0.000398644 -1.9981e-05 -1.83971e-18
-0.000398646 -2.03011e-05 -1.83981e-18
-0.000398649 -2.06176e-05 -1.83992e-18
-0.000398652 -2.09294e-05 -1.84002e-18
-0.000398654 -2.12353e-05 -1.84012e-18
-0.000398656 -2.15338e-05 -1.84021e-18
-0.000398658 -2.18236e-05 -1.84031e-18
-0.00039866 -2.21031e-05 -1.8404e-18
-0.000398662 -2.23708e-05 -1.84048e-18
-0.000398663 -2.26249e-05 -1.84057e-18
-0.000398664 -2.28639e-05 -1.84064e-18
-0.000398665 -2.30861e-05 -1.84071e-18
-0.000398666 -2.329e-05 -1.84078e-18
-0.000398666 -2.34738e-05 -1.84084e-18
-0.000398667 -2.36364e-05 -1.84089e-18
-0.000398667 -2.37769e-05 -1.84093e-18
-0.000398666 -2.38954e-05 -1.84097e-18
-0.000398666 -2.39916e-05 -1.841e-18
-0.000398665 -2.40657e-05 -1.84102e-18
-0.000398664 -2.41177e-05 -1.84104e-18
-0.000398663 -2.41481e-05 -1.84105e-18
-0.000398662 -2.4157e-05 -1.84105e-18
-0.00039866 -2.41442e-05 -1.84105e-18
-0.000398659 -2.41086e-05 -1.84104e-18
-0.000398657 -2.40488e-05 -1.84102e-18
-0.000398654 -2.39636e-05 -1.84099e-18
-0.000398652 -2.38517e-05 -1.84096e-18
-0.00039865 -2.37125e-05 -1.84091e-18
-0.000398647 -2.35458e-05 -1.84086e-18
-0.000398644 -2.33516e-05 -1.8408e-18
-0.000398641 -2.313e-05 -1.84073e-18
-0.000398638 -2.28819e-05 -1.84065e-18
-0.000398634 -2.26085e-05 -1.84057e-18
-0.000398631 -2.23112e-05 -1.84047e-18
-0.000398627 -2.19915e-05 -1.84037e-18
-0.000398624 -2.16512e-05 -1.84026e-18
-0.00039862 -2.12922e-05 -1.84015e-18
-0.000398616 -2.09163e-05 -1.84003e-18
-0.000398612 -2.05257e-05 -1.83991e-18
-0.000398608 -2.01222e-05 -1.83978e-18
-0.000398604 -1.97079e-05 -1.83964e-18
-0.0003986 -1.92845e-05 -1.83951e-18
-0.000398596 -1.8854e-05 -1.83937e-18
-0.000398592 -1.84187e-05 -1.83923e-18
-0.000398588 -1.79806e-05 -1.83909e-18
-0.000398584 -1.75419e-05 -1.83894e-18
-0.00039858 -1.71045e-05 -1.8388e-18
-0.000398576 -1.66704e-05 -1.83865e-18
-0.000398573 -1.6241e-05 -1.83851e-18
-0.00039857 -1.58179e-05 -1.83837e-18
-0.000398567 -1.5402e-05 -1.83823e-18
-0.000398564 -1.49938e-05 -1.83809e-18
-0.000398561 -1.45931e-05 -1.83795e-18
-0.000398558 -1.41996e-05 -1.83781e-18
-0.000398555 -1.38122e-05 -1.83768e-18
-0.000398552 -1.34295e-05 -1.83754e-18
-0.000398548 -1.30493e-05 -1.83741e-18
-0.000398545 -1.26691e-05 -1.83727e-18
-0.000398542 -1.22866e-05 -1.83713e-18
-0.000398538 -1.1899e-05 -1.83699e-18
-0.000398537 -1.15039e-05 -1.83685e-18
-0.000398536 -1.10986e-05 -1.83671e-18
-0.000398535 -1.06806e-05 -1.83656e-18
-0.000398535 -1.0248e-05 -1.8364e-18
-0.000398534 -9.79908e-06 -1.83624e-18
-0.000398533 -9.33224e-06 -1.83608e-18
-0.000398531 -8.84578e-06 -1.8359e-18
-0.00039853 -8.33761e-06 -1.83572e-18
-0.000398529 -7.80537e-06 -1.83554e-18
-0.000398528 -7.24682e-06 -1.83534e-18
-0.000398526 -6.65985e-06 -1.83514e-18
-0.000398525 -6.04243e-06 -1.83493e-18
-0.000398523 -5.39269e-06 -1.83471e-18
-0.000398521 -4.70901e-06 -1.83447e-18
-0.000398519 -3.98985e-06 -1.83423e-18
-0.000398517 -3.23355e-06 -1.83397e-18
-0.000398515 -2.43852e-06 -1.83371e-18
-0.000398512 -1.60337e-06 -1.83343e-18
-0.00039851 -7.27278e-07 -1.83314e-18
-0.000398507 1.89821e-07 -1.83283e-18
-0.00039851 1.14748e-06 -1.83252e-18
-0.000398514 2.14459e-06 -1.83219e-18
-0.000398516 3.17998e-06 -1.83185e-18
-0.000398527 4.25042e-06 -1.8315e-18
-0.00039854 5.35552e-06 -1.83115e-18
-0.000398551 6.49574e-06 -1.83077e-18
-0.000398563 7.66836e-06 -1.83039e-18
-0.000398575 8.87171e-06 -1.83e-18
-0.000398588 1.0103e-05 -1.82961e-18
-0.0003986 1.13597e-05 -1.8292e-18
-0.000398612 1.26392e-05 -1.82879e-18
-0.000398625 1.39387e-05 -1.82837e-18
-0.000398638 1.52558e-05 -1.82794e-18
-0.000398654 1.6588e-05 -1.82751e-18
-0.000398672 1.79327e-05 -1.82707e-18
-0.00039869 1.92872e-05 -1.82663e-18
-0.000398708 2.06485e-05 -1.82619e-18
-0.000398726 2.20139e-05 -1.82575e-18
-0.000398745 2.33805e-05 -1.82531e-18
-0.000398764 2.47453e-05 -1.82486e-18
-0.000398784 2.61052e-05 -1.82442e-18
-0.000398803 2.74574e-05 -1.82398e-18
-0.000398824 2.87989e-05 -1.82354e-18
-0.000398844 3.01269e-05 -1.8231e-18
-0.000398865 3.14386e-05 -1.82267e-18
-0.000398886 3.27315e-05 -1.82225e-18
-0.000398909 3.40033e-05 -1.82183e-18
-0.000398933 3.52525e-05 -1.82141e-18
-0.000398957 3.64779e-05 -1.82101e-18
-0.000398981 3.76787e-05 -1.82061e-18
-0.000399005 3.88542e-05 -1.82021e-18
-0.00039903 4.00039e-05 -1.81983e-18
-0.000399055 4.11273e-05 -1.81945e-18
-0.00039908 4.22241e-05 -1.81908e-18
-0.000399106 4.32943e-05 -1.81872e-18
-0.000399132 4.43382e-05 -1.81837e-18
-0.000399158 4.53561e-05 -1.81802e-18
-0.000399184 4.63486e-05 -1.81768e-18
-0.00039921 4.73167e-05 -1.81735e-18
-0.000399236 4.82614e-05 -1.81703e-18
-0.000399262 4.9184e-05 -1.81671e-18
-0.000399289 5.00862e-05 -1.8164e-18
-0.000399315 5.09696e-05 -1.8161e-18
-0.000399341 5.18362e-05 -1.8158e-18
-0.000399367 5.26885e-05 -1.8155e-18
-0.000399394 5.35288e-05 -1.81521e-18
-0.00039942 5.43595e-05 -1.81492e-18
-0.000399446 5.51832e-05 -1.81464e-18
-0.000399471 5.60024e-05 -1.81435e-18
-0.000399497 5.68196e-05 -1.81407e-18
-0.000399522 5.76373e-05 -1.81379e-18
-0.000399547 5.84584e-05 -1.81351e-18
-0.000399572 5.92857e-05 -1.81322e-18
-0.000399597 6.01221e-05 -1.81294e-18
-0.000399622 6.09697e-05 -1.81265e-18
-0.000399646 6.18304e-05 -1.81236e-18
-0.00039967 6.27052e-05 -1.81206e-18
-0.000399693 6.35948e-05 -1.81176e-18
-0.000399717 6.44999e-05 -1.81146e-18
-0.00039974 6.54204e-05 -1.81115e-18
-0.000399764 6.6356e-05 -1.81084e-18
-0.000399787 6.73061e-05 -1.81052e-18
-0.00039981 6.82695e-05 -1.8102e-18
-0.000399832 6.92441e-05 -1.80988e-18
-0.000399855 7.02269e-05 -1.80955e-18
-0.000399878 7.12146e-05 -1.80923e-18
-0.000399901 7.22038e-05 -1.8089e-18
-0.000399924 7.31906e-05 -1.80857e-18
-0.000399947 7.41707e-05 -1.80825e-18
-0.00039997 7.514e-05 -1.80793e-18
-0.000399993 7.60942e-05 -1.80762e-18
-0.000400016 7.70284e-05 -1.80731e-18
-0.000400039 7.79381e-05 -1.80701e-18
-0.000400062 7.88184e-05 -1.80672e-18
-0.000400086 7.96648e-05 -1.80644e-18
-0.000400109 8.04729e-05 -1.80618e-18
-0.000400133 8.12384e-05 -1.80592e-18
-0.000400157 8.19572e-05 -1.80568e-18
-0.00040018 8.26257e-05 -1.80546e-18
-0.000400204 8.3241e-05 -1.80525e-18
-0.000400228 8.38006e-05 -1.80506e-18
-0.000400251 8.43027e-05 -1.80489e-18
-0.000400274 8.47453e-05 -1.80474e-18
-0.000400298 8.51272e-05 -1.8046e-18
-0.00040032 8.54472e-05 -1.80449e-18
-0.000400343 8.57046e-05 -1.80439e-18
-0.000400365 8.58988e-05 -1.80431e-18
-0.000400387 8.60302e-05 -1.80426e-18
-0.000400409 8.60995e-05 -1.80422e-18
-0.00040043 8.61078e-05 -1.8042e-18
-0.00040045 8.60563e-05 -1.8042e-18
-0.00040047 8.5947e-05 -1.80422e-18
-0.000400488 8.57825e-05 -1.80426e-18
-0.000400507 8.55654e-05 -1.80431e-18
-0.000400524 8.52985e-05 -1.80438e-18
-0.00040054 8.49852e-05 -1.80447e-18
-0.000400556 8.4629e-05 -1.80457e-18
-0.00040057 8.42336e-05 -1.80468e-18
-0.000400584 8.38027e-05 -1.8048e-18
-0.000400596 8.334e-05 -1.80494e-18
-0.000400608 8.28493e-05 -1.80508e-18
-0.000400618 8.23343e-05 -1.80523e-18
-0.000400628 8.17988e-05 -1.80539e-18
-0.000400636 8.12467e-05 -1.80556e-18
-0.000400643 8.0682e-05 -1.80573e-18
-0.000400648 8.01086e-05 -1.80591e-18
-0.000400653 7.95302e-05 -1.80608e-18
-0.000400656 7.89507e-05 -1.80626e-18
-0.000400659 7.83734e-05 -1.80644e-18
-0.00040066 7.78019e-05 -1.80662e-18
-0.00040066 7.72391e-05 -1.8068e-18
-0.000400658 7.66875e-05 -1.80697e-18
-0.000400656 7.6149e-05 -1.80714e-18
-0.000400652 7.56255e-05 -1.80731e-18
-0.000400648 7.51183e-05 -1.80748e-18
-0.000400642 7.46283e-05 -1.80764e-18
-0.000400636 7.4156e-05 -1.80779e-18
-0.000400628 7.37017e-05 -1.80795e-18
-0.00040062 7.32653e-05 -1.80809e-18
-0.00040061 7.28463e-05 -1.80824e-18
-0.0004006 7.24442e-05 -1.80838e-18
-0.000400588 7.2058e-05 -1.80851e-18
-0.000400576 7.16867e-05 -1.80864e-18
-0.000400563 7.13295e-05 -1.80877e-18
-0.000400549 7.09858e-05 -1.8089e-18
-0.000400534 7.06546e-05 -1.80902e-18
-0.000400518 7.03346e-05 -1.80914e-18
-0.000400502 7.00237e-05 -1.80926e-18
-0.000400485 6.97195e-05 -1.80937e-18
-0.000400467 6.9419e-05 -1.80949e-18
-0.000400448 6.91192e-05 -1.80961e-18
-0.000400429 6.88171e-05 -1.80972e-18
-0.00040041 6.85093e-05 -1.80984e-18
-0.00040039 6.81925e-05 -1.80997e-18
-0.000400369 6.78632e-05 -1.81009e-18
-0.000400347 6.75178e-05 -1.81023e-18
-0.000400326 6.71524e-05 -1.81037e-18
-0.000400304 6.67634e-05 -1.81051e-18
-0.000400281 6.63471e-05 -1.81067e-18
-0.000400258 6.59001e-05 -1.81083e-18
-0.000400234 6.54188e-05 -1.81101e-18
-0.00040021 6.49002e-05 -1.81119e-18
-0.000400186 6.43414e-05 -1.81139e-18
-0.000400161 6.37401e-05 -1.8116e-18
-0.000400136 6.30944e-05 -1.81183e-18
-0.00040011 6.24027e-05 -1.81207e-18
-0.000400084 6.16639e-05 -1.81232e-18
-0.000400058 6.08772e-05 -1.81259e-18
-0.000400031 6.00421e-05 -1.81287e-18
-0.000400003 5.91586e-05 -1.81317e-18
-0.000399975 5.8227e-05 -1.81348e-18
-0.000399946 5.72487e-05 -1.81381e-18
-0.000399917 5.62254e-05 -1.81415e-18
-0.000399887 5.51592e-05 -1.8145e-18
-0.000399857 5.40527e-05 -1.81486e-18
-0.000399826 5.2909e-05 -1.81524e-18
-0.000399794 5.17315e-05 -1.81563e-18
-0.000399762 5.0524e-05 -1.81603e-18
-0.000399729 4.92903e-05 -1.81643e-18
-0.000399696 4.80344e-05 -1.81684e-18
-0.000399662 4.67602e-05 -1.81726e-18
-0.000399627 4.54718e-05 -1.81768e-18
-0.000399592 4.41732e-05 -1.81811e-18
-0.000399556 4.28689e-05 -1.81854e-18
-0.00039952 4.15635e-05 -1.81897e-18
-0.000399483 4.02614e-05 -1.8194e-18
-0.000399445 3.89668e-05 -1.81983e-18
-0.000399408 3.76836e-05 -1.82025e-18
-0.000399369 3.64153e-05 -1.82068e-18
-0.000399331 3.51652e-05 -1.82109e-18
-0.000399292 3.39358e-05 -1.82151e-18
-0.000399253 3.27287e-05 -1.82191e-18
-0.000399217 3.15445e-05 -1.82231e-18
-0.000399182 3.03836e-05 -1.82271e-18
-0.000399146 2.92458e-05 -1.8231e-18
-0.00039911 2.81305e-05 -1.82348e-18
-0.000399074 2.70367e-05 -1.82385e-18
-0.000399038 2.5963e-05 -1.82423e-18
-0.000399001 2.49079e-05 -1.82459e-18
-0.000398965 2.38693e-05 -1.82495e-18
-0.000398929 2.28452e-05 -1.82531e-18
-0.000398892 2.18331e-05 -1.82567e-18
-0.000398856 2.08305e-05 -1.82602e-18
-0.000398827 1.98342e-05 -1.82637e-18
-0.000398801 1.88411e-05 -1.82672e-18
-0.000398773 1.78478e-05 -1.82707e-18
-0.000398746 1.68507e-05 -1.82743e-18
-0.000398719 1.5846e-05 -1.82778e-18
-0.000398692 1.48296e-05 -1.82814e-18
-0.000398665 1.37974e-05 -1.8285e-18
-0.000398638 1.27458e-05 -1.82887e-18
-0.000398624 1.1672e-05 -1.82925e-18
-0.000398613 1.05732e-05 -1.82963e-18
-0.0003986 9.44762e-06 -1.83002e-18
-0.0003986 8.29058e-06 -1.83043e-18
-0.000398603 7.10319e-06 -1.83084e-18
-0.000398603 5.8889e-06 -1.83125e-18
-0.000398605 4.6469e-06 -1.83168e-18
-0.000398612 3.37938e-06 -1.83211e-18
-0.000398621 2.08739e-06 -1.83256e-18
-0.000398628 7.72981e-07 -1.833e-18
-0.000398636 -5.61801e-07 -1.83345e-18
-0.000398644 -1.91179e-06 -1.83391e-18
-0.000398653 -3.23037e-06 -1.83436e-18
-0.000398661 -4.54705e-06 -1.83482e-18
-0.00039867 -5.88848e-06 -1.83528e-18
-0.000398678 -7.23485e-06 -1.83574e-18
-0.000398686 -8.59398e-06 -1.8362e-18
-0.000398694 -9.95619e-06 -1.83666e-18
-0.000398701 -1.13219e-05 -1.83712e-18
-0.000398708 -1.26851e-05 -1.83759e-18
-0.000398716 -1.40442e-05 -1.83804e-18
-0.000398723 -1.5395e-05 -1.8385e-18
-0.000398729 -1.6735e-05 -1.83895e-18
-0.000398736 -1.80607e-05 -1.83939e-18
-0.000398748 -1.93703e-05 -1.83983e-18
-0.000398762 -2.06612e-05 -1.84027e-18
-0.000398775 -2.19315e-05 -1.84069e-18
-0.000398787 -2.31791e-05 -1.84111e-18
-0.000398799 -2.44022e-05 -1.84152e-18
-0.000398811 -2.55989e-05 -1.84192e-18
-0.00039883 -2.67653e-05 -1.84231e-18
-0.000398851 -2.79005e-05 -1.84269e-18
-0.00039887 -2.90045e-05 -1.84306e-18
-0.000398889 -3.00746e-05 -1.84342e-18
-0.000398907 -3.11094e-05 -1.84376e-18
-0.000398925 -3.21068e-05 -1.8441e-18
-0.000398942 -3.30643e-05 -1.84442e-18
-0.000398959 -3.39796e-05 -1.84472e-18
-0.000398974 -3.48498e-05 -1.84501e-18
-0.000398989 -3.56727e-05 -1.84529e-18
-0.000399004 -3.64466e-05 -1.84555e-18
-0.000399018 -3.71701e-05 -1.84579e-18
-0.000399031 -3.78422e-05 -1.84602e-18
-0.000399044 -3.84618e-05 -1.84623e-18
-0.000399056 -3.90277e-05 -1.84642e-18
-0.000399067 -3.95387e-05 -1.8466e-18
-0.000399078 -3.99936e-05 -1.84675e-18
-0.000399088 -4.03917e-05 -1.84689e-18
-0.000399098 -4.07325e-05 -1.84701e-18
-0.000399107 -4.1016e-05 -1.84711e-18
-0.000399115 -4.12423e-05 -1.8472e-18
-0.000399123 -4.14117e-05 -1.84726e-18
-0.00039913 -4.15246e-05 -1.84731e-18
-0.000399137 -4.15812e-05 -1.84734e-18
-0.000399142 -4.15821e-05 -1.84735e-18
-0.000399147 -4.15284e-05 -1.84735e-18
-0.000399152 -4.14225e-05 -1.84732e-18
-0.000399155 -4.12675e-05 -1.84729e-18
-0.000399158 -4.10666e-05 -1.84723e-18
-0.000399161 -4.08234e-05 -1.84716e-18
-0.000399162 -4.05401e-05 -1.84708e-18
-0.000399163 -4.02201e-05 -1.84699e-18
-0.000399163 -3.98671e-05 -1.84688e-18
-0.000399162 -3.94846e-05 -1.84677e-18
-0.000399161 -3.90765e-05 -1.84665e-18
-0.000399158 -3.86463e-05 -1.84651e-18
-0.000399155 -3.81976e-05 -1.84637e-18
-0.000399151 -3.77339e-05 -1.84623e-18
-0.000399147 -3.72588e-05 -1.84608e-18
-0.000399142 -3.67757e-05 -1.84593e-18
-0.000399135 -3.6288e-05 -1.84577e-18
-0.000399129 -3.57989e-05 -1.84561e-18
-0.000399121 -3.53125e-05 -1.84545e-18
-0.000399113 -3.48331e-05 -1.84529e-18
-0.000399104 -3.43648e-05 -1.84514e-18
-0.000399094 -3.39112e-05 -1.84498e-18
-0.000399084 -3.34753e-05 -1.84483e-18
-0.000399073 -3.30596e-05 -1.84469e-18
-0.000399061 -3.2666e-05 -1.84455e-18
-0.000399049 -3.22957e-05 -1.84441e-18
-0.000399036 -3.19482e-05 -1.84428e-18
-0.000399022 -3.16221e-05 -1.84416e-18
-0.000399008 -3.13151e-05 -1.84404e-18
-0.000398993 -3.10247e-05 -1.84393e-18
-0.000398978 -3.07477e-05 -1.84381e-18
-0.000398962 -3.048e-05 -1.8437e-18
-0.000398946 -3.02177e-05 -1.8436e-18
-0.000398929 -2.99568e-05 -1.84349e-18
-0.000398912 -2.96938e-05 -1.84338e-18
-0.000398894 -2.94256e-05 -1.84326e-18
-0.000398875 -2.91493e-05 -1.84315e-18
-0.000398856 -2.8862e-05 -1.84303e-18
-0.000398837 -2.85617e-05 -1.84291e-18
-0.000398822 -2.82449e-05 -1.84278e-18
-0.000398809 -2.79108e-05 -1.84265e-18
-0.000398795 -2.75594e-05 -1.84251e-18
-0.00039878 -2.71893e-05 -1.84237e-18
-0.000398767 -2.68004e-05 -1.84222e-18
-0.00039876 -2.63923e-05 -1.84207e-18
-0.000398753 -2.59653e-05 -1.84192e-18
-0.000398745 -2.55201e-05 -1.84175e-18
-0.000398737 -2.50581e-05 -1.84159e-18
-0.000398728 -2.4581e-05 -1.84141e-18
-0.00039872 -2.40904e-05 -1.84124e-18
-0.000398711 -2.35875e-05 -1.84106e-18
-0.000398701 -2.30735e-05 -1.84088e-18
-0.000398692 -2.25494e-05 -1.8407e-18
-0.000398682 -2.20168e-05 -1.84051e-18
-0.000398672 -2.14773e-05 -1.84032e-18
-0.000398662 -2.0933e-05 -1.84013e-18
-0.000398651 -2.03858e-05 -1.83994e-18
-0.00039864 -1.98375e-05 -1.83975e-18
-0.00039863 -1.92888e-05 -1.83956e-18
-0.000398618 -1.87396e-05 -1.83937e-18
-0.000398607 -1.81899e-05 -1.83918e-18
-0.000398596 -1.76397e-05 -1.839e-18
-0.000398594 -1.709e-05 -1.83881e-18
-0.000398594 -1.6542e-05 -1.83862e-18
-0.000398593 -1.59972e-05 -1.83844e-18
-0.000398593 -1.54568e-05 -1.83825e-18
-0.000398592 -1.49215e-05 -1.83807e-18
-0.000398592 -1.43921e-05 -1.83789e-18
-0.000398591 -1.38688e-05 -1.83771e-18
-0.000398591 -1.33524e-05 -1.83753e-18
-0.00039859 -1.28434e-05 -1.83736e-18
-0.00039859 -1.23426e-05 -1.83719e-18
-0.000398589 -1.18508e-05 -1.83702e-18
-0.000398589 -1.13682e-05 -1.83685e-18
-0.000398588 -1.08949e-05 -1.83669e-18
-0.000398588 -1.04302e-05 -1.83653e-18
-0.000398588 -9.97346e-06 -1.83637e-18
-0.000398587 -9.52431e-06 -1.83622e-18
-0.000398587 -9.08277e-06 -1.83606e-18
-0.000398592 -8.6493e-06 -1.83591e-18
-0.000398605 -8.22422e-06 -1.83577e-18
-0.000398617 -7.80774e-06 -1.83562e-18
-0.000398631 -7.39914e-06 -1.83548e-18
-0.000398646 -6.997e-06 -1.83534e-18
-0.000398661 -6.59984e-06 -1.83521e-18
-0.000398675 -6.20636e-06 -1.83507e-18
-0.000398689 -5.81604e-06 -1.83493e-18
-0.000398703 -5.42875e-06 -1.8348e-18
-0.000398716 -5.04445e-06 -1.83466e-18
-0.000398729 -4.66289e-06 -1.83453e-18
-0.000398741 -4.28354e-06 -1.83439e-18
-0.000398753 -3.90564e-06 -1.83426e-18
-0.000398765 -3.52833e-06 -1.83413e-18
-0.000398776 -3.15086e-06 -1.83399e-18
-0.000398787 -2.77289e-06 -1.83386e-18
-0.000398798 -2.39433e-06 -1.83372e-18
-0.000398808 -2.01505e-06 -1.83359e-18
-0.000398818 -1.63442e-06 -1.83345e-18
-0.000398827 -1.25075e-06 -1.83332e-18
-0.00039884 -8.62875e-07 -1.83318e-18
-0.000398854 -4.67634e-07 -1.83304e-18
-0.000398867 -6.11722e-08 -1.8329e-18
-0.000398879 3.58928e-07 -1.83275e-18
-0.000398891 7.96125e-07 -1.8326e-18
-0.000398903 1.25338e-06 -1.83244e-18
-0.000398914 1.73338e-06 -1.83227e-18
-0.000398924 2.23785e-06 -1.8321e-18
-0.000398934 2.76778e-06 -1.83192e-18
-0.000398944 3.3239e-06 -1.83173e-18
-0.000398953 3.90669e-06 -1.83154e-18
-0.000398961 4.51642e-06 -1.83134e-18
-0.000398969 5.15308e-06 -1.83112e-18
-0.000398977 5.81644e-06 -1.83091e-18
-0.000398984 6.5055e-06 -1.83068e-18
-0.000398991 7.2179e-06 -1.83045e-18
-0.000398997 7.95024e-06 -1.83021e-18
-0.000399003 8.69877e-06 -1.82997e-18
-0.000399008 9.46002e-06 -1.82972e-18
-0.000399013 1.02314e-05 -1.82947e-18
-0.000399018 1.10111e-05 -1.82922e-18
-0.000399023 1.1797e-05 -1.82897e-18
-0.000399026 1.25867e-05 -1.82872e-18
-0.00039903 1.3377e-05 -1.82847e-18
-0.000399033 1.41641e-05 -1.82822e-18
-0.000399036 1.49439e-05 -1.82797e-18
-0.000399039 1.57128e-05 -1.82773e-18
-0.000399042 1.64683e-05 -1.82749e-18
-0.000399044 1.72085e-05 -1.82726e-18
-0.000399046 1.79316e-05 -1.82703e-18
-0.000399047 1.86357e-05 -1.82681e-18
-0.000399048 1.93191e-05 -1.8266e-18
-0.000399049 1.99795e-05 -1.82639e-18
-0.00039905 2.0615e-05 -1.82619e-18
-0.000399051 2.12239e-05 -1.826e-18
-0.000399051 2.18046e-05 -1.82582e-18
-0.000399052 2.23561e-05 -1.82565e-18
-0.000399052 2.28775e-05 -1.82549e-18
-0.000399051 2.33673e-05 -1.82533e-18
-0.000399051 2.38235e-05 -1.82519e-18
-0.000399051 2.42432e-05 -1.82506e-18
-0.00039905 2.46238e-05 -1.82495e-18
-0.00039905 2.4963e-05 -1.82484e-18
-0.000399049 2.52593e-05 -1.82475e-18
-0.000399048 2.55118e-05 -1.82467e-18
-0.000399047 2.57201e-05 -1.82461e-18
-0.000399046 2.58839e-05 -1.82456e-18
-0.000399045 2.60033e-05 -1.82452e-18
-0.000399043 2.60787e-05 -1.8245e-18
-0.000399042 2.61108e-05 -1.82449e-18
-0.00039904 2.61005e-05 -1.82449e-18
-0.000399038 2.60487e-05 -1.82451e-18
-0.000399036 2.59565e-05 -1.82454e-18
-0.000399034 2.58251e-05 -1.82458e-18
-0.000399033 2.56557e-05 -1.82464e-18
-0.000399031 2.54486e-05 -1.8247e-18
-0.000399029 2.52039e-05 -1.82478e-18
-0.000399027 2.49217e-05 -1.82487e-18
-0.000399024 2.46024e-05 -1.82497e-18
-0.000399021 2.42463e-05 -1.82509e-18
-0.000399019 2.3854e-05 -1.82521e-18
-0.000399015 2.34265e-05 -1.82535e-18
-0.000399012 2.29644e-05 -1.8255e-18
-0.000399008 2.24691e-05 -1.82565e-18
-0.000399004 2.19418e-05 -1.82582e-18
-0.000398999 2.13839e-05 -1.826e-18
-0.000398995 2.07969e-05 -1.82619e-18
-0.000398989 2.01823e-05 -1.82639e-18
-0.000398984 1.95418e-05 -1.82659e-18
-0.000398978 1.88767e-05 -1.8268e-18
-0.000398972 1.8189e-05 -1.82703e-18
-0.000398965 1.74806e-05 -1.82725e-18
-0.000398958 1.67539e-05 -1.82749e-18
-0.000398951 1.60111e-05 -1.82773e-18
-0.000398943 1.52545e-05 -1.82797e-18
-0.000398934 1.44862e-05 -1.82822e-18
-0.000398926 1.37083e-05 -1.82848e-18
-0.000398917 1.29225e-05 -1.82873e-18
-0.000398907 1.21309e-05 -1.82899e-18
-0.000398897 1.13354e-05 -1.82925e-18
-0.000398887 1.05382e-05 -1.82951e-18
-0.000398876 9.74114e-06 -1.82978e-18
-0.000398865 8.94557e-06 -1.83004e-18
-0.000398854 8.15133e-06 -1.8303e-18
-0.000398842 7.35731e-06 -1.83056e-18
-0.000398831 6.56211e-06 -1.83083e-18
-0.000398819 5.76442e-06 -1.83109e-18
-0.000398806 4.9632e-06 -1.83136e-18
-0.000398794 4.15767e-06 -1.83163e-18
-0.000398781 3.34701e-06 -1.8319e-18
-0.000398768 2.53034e-06 -1.83217e-18
-0.000398754 1.70646e-06 -1.83244e-18
-0.000398748 8.72049e-07 -1.83272e-18
-0.000398743 2.67569e-08 -1.833e-18
-0.000398736 -8.28804e-07 -1.83329e-18
-0.000398731 -1.69593e-06 -1.83357e-18
-0.000398724 -2.57408e-06 -1.83386e-18
-0.000398718 -3.46324e-06 -1.83416e-18
-0.000398711 -4.36318e-06 -1.83446e-18
-0.000398704 -5.27423e-06 -1.83476e-18
-0.000398697 -6.19693e-06 -1.83506e-18
-0.000398689 -7.13175e-06 -1.83537e-18
-0.000398682 -8.07879e-06 -1.83568e-18
-0.000398674 -9.03739e-06 -1.836e-18
-0.000398666 -1.00064e-05 -1.83632e-18
-0.000398658 -1.09844e-05 -1.83664e-18
-0.000398654 -1.19701e-05 -1.83696e-18
-0.000398652 -1.29625e-05 -1.83729e-18
-0.000398649 -1.39603e-05 -1.83761e-18
-0.000398646 -1.49456e-05 -1.83794e-18
-0.000398642 -1.59146e-05 -1.83826e-18
-0.000398638 -1.68845e-05 -1.83859e-18
-0.000398637 -1.78558e-05 -1.83891e-18
-0.000398638 -1.88256e-05 -1.83924e-18
-0.000398638 -1.97935e-05 -1.83956e-18
-0.000398638 -2.07581e-05 -1.83989e-18
-0.000398637 -2.17187e-05 -1.84021e-18
-0.000398637 -2.26747e-05 -1.84053e-18
-0.000398637 -2.36252e-05 -1.84085e-18
-0.000398637 -2.45693e-05 -1.84117e-18
-0.000398636 -2.55057e-05 -1.84148e-18
-0.000398636 -2.64334e-05 -1.84179e-18
-0.000398636 -2.73514e-05 -1.84211e-18
-0.000398635 -2.82586e-05 -1.84241e-18
-0.000398635 -2.91543e-05 -1.84272e-18
-0.000398634 -3.00376e-05 -1.84302e-18
-0.000398634 -3.09081e-05 -1.84331e-18
-0.000398633 -3.17653e-05 -1.84361e-18
-0.000398633 -3.26092e-05 -1.84389e-18
-0.000398633 -3.34398e-05 -1.84418e-18
-0.000398632 -3.42572e-05 -1.84446e-18
-0.000398632 -3.50618e-05 -1.84474e-18
-0.000398638 -3.58519e-05 -1.84501e-18
-0.000398647 -3.66287e-05 -1.84528e-18
-0.000398659 -3.73942e-05 -1.84555e-18
-0.000398675 -3.81477e-05 -1.84582e-18
-0.000398689 -3.88898e-05 -1.84608e-18
-0.000398704 -3.96204e-05 -1.84634e-18
-0.00039872 -4.03396e-05 -1.84659e-18
-0.000398738 -4.1048e-05 -1.84685e-18
-0.000398755 -4.17459e-05 -1.8471e-18
-0.000398772 -4.24341e-05 -1.84734e-18
-0.000398797 -4.31135e-05 -1.84759e-18
-0.000398825 -4.37852e-05 -1.84783e-18
-0.00039885 -4.44505e-05 -1.84807e-18
-0.000398877 -4.51112e-05 -1.84831e-18
-0.000398904 -4.57686e-05 -1.84855e-18
-0.00039893 -4.64247e-05 -1.84879e-18
-0.000398957 -4.7081e-05 -1.84903e-18
-0.000398984 -4.77393e-05 -1.84927e-18
-0.00039901 -4.84017e-05 -1.84951e-18
-0.000399037 -4.90711e-05 -1.84976e-18
-0.000399064 -4.97508e-05 -1.85001e-18
-0.000399091 -5.04442e-05 -1.85026e-18
-0.000399117 -5.11546e-05 -1.85052e-18
-0.000399144 -5.18852e-05 -1.85078e-18
-0.00039917 -5.26387e-05 -1.85105e-18
-0.000399197 -5.34182e-05 -1.85133e-18
-0.000399223 -5.42262e-05 -1.85162e-18
-0.00039925 -5.50661e-05 -1.85192e-18
-0.000399276 -5.59411e-05 -1.85223e-18
-0.000399302 -5.68544e-05 -1.85255e-18
-0.000399328 -5.78086e-05 -1.85288e-18
-0.000399354 -5.88058e-05 -1.85323e-18
-0.000399379 -5.98474e-05 -1.85359e-18
-0.000399405 -6.09345e-05 -1.85396e-18
-0.00039943 -6.20679e-05 -1.85435e-18
-0.000399456 -6.32483e-05 -1.85475e-18
-0.000399481 -6.44756e-05 -1.85517e-18
-0.000399506 -6.575e-05 -1.85561e-18
-0.000399531 -6.70708e-05 -1.85605e-18
-0.000399555 -6.84366e-05 -1.85651e-18
-0.00039958 -6.98451e-05 -1.85699e-18
-0.000399604 -7.12941e-05 -1.85748e-18
-0.000399628 -7.27807e-05 -1.85797e-18
-0.000399652 -7.4302e-05 -1.85848e-18
-0.000399677 -7.58547e-05 -1.85901e-18
-0.0003997 -7.74353e-05 -1.85953e-18
-0.000399724 -7.90403e-05 -1.86007e-18
-0.000399748 -8.06654e-05 -1.86062e-18
-0.000399772 -8.23062e-05 -1.86117e-18
-0.000399795 -8.39583e-05 -1.86172e-18
-0.000399819 -8.56171e-05 -1.86227e-18
-0.000399843 -8.72776e-05 -1.86283e-18
-0.000399867 -8.89343e-05 -1.86339e-18
-0.000399891 -9.05821e-05 -1.86394e-18
-0.000399914 -9.22156e-05 -1.86449e-18
-0.000399938 -9.38291e-05 -1.86504e-18
-0.000399963 -9.54165e-05 -1.86558e-18
-0.000399987 -9.69721e-05 -1.8661e-18
-0.000400011 -9.84902e-05 -1.86662e-18
-0.000400036 -9.99648e-05 -1.86713e-18
-0.000400061 -0.00010139 -1.86761e-18
-0.000400086 -0.00010276 -1.86809e-18
-0.000400111 -0.00010407 -1.86854e-18
-0.000400137 -0.000105315 -1.86898e-18
-0.000400162 -0.000106492 -1.86939e-18
-0.000400188 -0.000107598 -1.86978e-18
-0.000400214 -0.00010863 -1.87015e-18
-0.00040024 -0.000109586 -1.8705e-18
-0.000400266 -0.000110463 -1.87082e-18
-0.000400291 -0.000111261 -1.87111e-18
-0.000400317 -0.000111978 -1.87138e-18
-0.000400343 -0.000112615 -1.87163e-18
-0.000400368 -0.000113174 -1.87185e-18
-0.000400394 -0.000113657 -1.87204e-18
-0.000400418 -0.000114066 -1.87221e-18
-0.000400443 -0.000114403 -1.87236e-18
-0.000400467 -0.000114671 -1.87248e-18
-0.000400491 -0.000114872 -1.87258e-18
-0.000400514 -0.000115008 -1.87266e-18
-0.000400536 -0.000115084 -1.87272e-18
-0.000400558 -0.000115103 -1.87276e-18
-0.000400579 -0.00011507 -1.87278e-18
-0.0004006 -0.000114987 -1.87279e-18
-0.00040062 -0.00011486 -1.87277e-18
-0.000400639 -0.000114692 -1.87275e-18
-0.000400657 -0.000114486 -1.8727e-18
-0.000400674 -0.000114247 -1.87265e-18
-0.00040069 -0.000113977 -1.87258e-18
-0.000400706 -0.000113681 -1.8725e-18
-0.00040072 -0.000113362 -1.87242e-18
-0.000400734 -0.000113021 -1.87232e-18
-0.000400747 -0.000112661 -1.87222e-18
-0.000400758 -0.000112284 -1.8721e-18
-0.000400769 -0.000111893 -1.87198e-18
-0.000400779 -0.000111489 -1.87186e-18
-0.000400788 -0.000111073 -1.87173e-18
-0.000400796 -0.000110648 -1.87159e-18
-0.000400803 -0.000110216 -1.87145e-18
-0.00040081 -0.000109776 -1.87131e-18
-0.000400815 -0.000109329 -1.87116e-18
-0.000400819 -0.000108875 -1.87101e-18
-0.000400823 -0.000108413 -1.87085e-18
-0.000400825 -0.000107942 -1.87069e-18
-0.000400827 -0.00010746 -1.87053e-18
-0.000400828 -0.000106966 -1.87036e-18
-0.000400828 -0.000106459 -1.87018e-18
-0.000400828 -0.000105937 -1.87e-18
-0.000400826 -0.000105398 -1.86981e-18
-0.000400824 -0.000104843 -1.86962e-18
-0.000400821 -0.000104268 -1.86942e-18
-0.000400816 -0.000103675 -1.86921e-18
-0.000400811 -0.000103061 -1.869e-18
-0.000400806 -0.000102426 -1.86878e-18
-0.000400799 -0.00010177 -1.86855e-18
-0.000400791 -0.000101093 -1.86832e-18
-0.000400783 -0.000100393 -1.86808e-18
-0.000400773 -9.967e-05 -1.86783e-18
-0.000400763 -9.89242e-05 -1.86758e-18
-0.000400752 -9.81552e-05 -1.86731e-18
-0.00040074 -9.73633e-05 -1.86704e-18
-0.000400727 -9.65494e-05 -1.86677e-18
-0.000400714 -9.57142e-05 -1.86648e-18
-0.000400699 -9.4859e-05 -1.8662e-18
-0.000400684 -9.39844e-05 -1.8659e-18
-0.000400667 -9.30912e-05 -1.8656e-18
-0.00040065 -9.21805e-05 -1.86529e-18
-0.000400632 -9.12532e-05 -1.86498e-18
-0.000400613 -9.03099e-05 -1.86467e-18
-0.000400593 -8.93512e-05 -1.86435e-18
-0.000400572 -8.83779e-05 -1.86402e-18
-0.000400551 -8.73907e-05 -1.8637e-18
-0.000400528 -8.639e-05 -1.86336e-18
-0.000400505 -8.53763e-05 -1.86303e-18
-0.000400481 -8.43501e-05 -1.86269e-18
-0.000400456 -8.33122e-05 -1.86234e-18
-0.000400431 -8.22641e-05 -1.862e-18
-0.000400404 -8.12075e-05 -1.86165e-18
-0.000400377 -8.01445e-05 -1.8613e-18
-0.000400349 -7.90773e-05 -1.86094e-18
-0.00040032 -7.80081e-05 -1.86059e-18
-0.00040029 -7.69397e-05 -1.86024e-18
-0.000400259 -7.58745e-05 -1.85988e-18
-0.000400228 -7.48151e-05 -1.85953e-18
-0.000400196 -7.37639e-05 -1.85918e-18
-0.000400163 -7.27232e-05 -1.85884e-18
-0.000400129 -7.16951e-05 -1.85849e-18
-0.000400094 -7.06816e-05 -1.85815e-18
-0.000400059 -6.96849e-05 -1.85782e-18
-0.000400023 -6.87069e-05 -1.85748e-18
-0.000399987 -6.77496e-05 -1.85716e-18
-0.00039995 -6.68148e-05 -1.85684e-18
-0.000399912 -6.59048e-05 -1.85652e-18
-0.000399873 -6.50225e-05 -1.85622e-18
-0.000399834 -6.41701e-05 -1.85592e-18
-0.000399794 -6.33494e-05 -1.85563e-18
-0.000399754 -6.25615e-05 -1.85535e-18
-0.000399713 -6.18064e-05 -1.85507e-18
-0.000399672 -6.10838e-05 -1.85481e-18
-0.000399631 -6.03928e-05 -1.85455e-18
-0.000399589 -5.97315e-05 -1.8543e-18
-0.000399546 -5.90977e-05 -1.85406e-18
-0.000399504 -5.84882e-05 -1.85382e-18
-0.000399461 -5.78997e-05 -1.85359e-18
-0.000399417 -5.73283e-05 -1.85337e-18
-0.000399374 -5.67694e-05 -1.85314e-18
-0.00039933 -5.62182e-05 -1.85292e-18
-0.000399286 -5.56697e-05 -1.8527e-18
-0.000399242 -5.51181e-05 -1.85247e-18
-0.000399198 -5.45576e-05 -1.85224e-18
-0.000399154 -5.39821e-05 -1.85201e-18
-0.000399109 -5.33856e-05 -1.85177e-18
-0.000399065 -5.27621e-05 -1.85152e-18
-0.00039902 -5.21057e-05 -1.85125e-18
-0.000398976 -5.14107e-05 -1.85098e-18
-0.000398931 -5.06717e-05 -1.8507e-18
-0.00039889 -4.98835e-05 -1.8504e-18
-0.000398849 -4.90411e-05 -1.85008e-18
-0.000398809 -4.81402e-05 -1.84974e-18
-0.000398782 -4.7177e-05 -1.84939e-18
-0.000398758 -4.61479e-05 -1.84902e-18
-0.000398741 -4.50502e-05 -1.84863e-18
-0.000398727 -4.38817e-05 -1.84822e-18
-0.00039871 -4.26409e-05 -1.84778e-18
-0.000398695 -4.13261e-05 -1.84733e-18
-0.000398678 -3.9936e-05 -1.84685e-18
-0.000398662 -3.847e-05 -1.84635e-18
-0.000398653 -3.6925e-05 -1.84582e-18
-0.000398652 -3.53013e-05 -1.84528e-18
-0.000398649 -3.3602e-05 -1.84471e-18
-0.000398647 -3.18281e-05 -1.84412e-18
-0.000398644 -2.99811e-05 -1.84351e-18
-0.000398641 -2.80627e-05 -1.84287e-18
-0.000398643 -2.60748e-05 -1.84222e-18
-0.000398647 -2.40197e-05 -1.84155e-18
-0.000398651 -2.19004e-05 -1.84085e-18
-0.000398654 -1.97202e-05 -1.84014e-18
-0.000398666 -1.74831e-05 -1.83942e-18
-0.000398683 -1.51936e-05 -1.83867e-18
-0.000398697 -1.28566e-05 -1.83792e-18
-0.000398712 -1.0477e-05 -1.83715e-18
-0.000398725 -8.06028e-06 -1.83637e-18
-0.000398738 -5.61168e-06 -1.83558e-18
-0.000398751 -3.13687e-06 -1.83478e-18
-0.000398763 -6.41467e-07 -1.83397e-18
-0.000398774 1.86873e-06 -1.83316e-18
-0.000398801 4.38336e-06 -1.83235e-18
-0.000398833 6.89892e-06 -1.83154e-18
-0.000398861 9.41407e-06 -1.83073e-18
-0.000398891 1.19217e-05 -1.82992e-18
-0.000398919 1.44179e-05 -1.82911e-18
-0.000398949 1.68979e-05 -1.82831e-18
-0.000398977 1.93578e-05 -1.82751e-18
-0.000399006 2.17941e-05 -1.82672e-18
-0.000399034 2.42036e-05 -1.82594e-18
-0.000399062 2.65836e-05 -1.82517e-18
-0.00039909 2.89319e-05 -1.8244e-18
-0.000399118 3.1247e-05 -1.82365e-18
-0.000399146 3.35277e-05 -1.8229e-18
-0.000399174 3.57731e-05 -1.82217e-18
-0.000399202 3.79828e-05 -1.82144e-18
-0.00039923 4.01566e-05 -1.82073e-18
-0.000399257 4.22946e-05 -1.82003e-18
-0.000399285 4.4397e-05 -1.81933e-18
-0.000399313 4.64643e-05 -1.81865e-18
-0.00039934 4.84967e-05 -1.81798e-18
-0.000399368 5.04949e-05 -1.81732e-18
-0.000399395 5.24596e-05 -1.81667e-18
-0.000399423 5.43925e-05 -1.81603e-18
-0.00039945 5.62955e-05 -1.8154e-18
-0.000399477 5.8171e-05 -1.81477e-18
-0.000399504 6.00209e-05 -1.81416e-18
-0.000399531 6.18473e-05 -1.81355e-18
-0.000399558 6.3652e-05 -1.81295e-18
-0.000399585 6.54366e-05 -1.81236e-18
-0.000399612 6.72031e-05 -1.81177e-18
-0.000399638 6.89533e-05 -1.81119e-18
-0.000399665 7.0689e-05 -1.81061e-18
-0.000399691 7.24121e-05 -1.81003e-18
-0.000399717 7.41245e-05 -1.80947e-18
-0.000399743 7.58284e-05 -1.8089e-18
-0.000399769 7.7526e-05 -1.80834e-18
-0.000399795 7.92196e-05 -1.80778e-18
-0.000399821 8.09117e-05 -1.80721e-18
-0.000399846 8.26058e-05 -1.80665e-18
-0.000399871 8.4306e-05 -1.80609e-18
-0.000399896 8.60161e-05 -1.80553e-18
-0.000399921 8.77397e-05 -1.80496e-18
-0.000399945 8.94804e-05 -1.80439e-18
-0.000399969 9.12411e-05 -1.80382e-18
-0.000399992 9.30245e-05 -1.80323e-18
-0.000400016 9.4833e-05 -1.80264e-18
-0.000400025 9.66528e-05 -1.80743e-18
-0.000400013 9.84631e-05 -1.80689e-18
-0.000400031 0.000100306 -1.80634e-18
-0.000400048 0.000102181 -1.80578e-18
-0.000400066 0.000104088 -1.80522e-18
-0.000400083 0.000106028 -1.80464e-18
-0.000400101 0.000108001 -1.80406e-18
-0.000400118 0.000110005 -1.80347e-18
-0.000400135 0.000112038 -1.80287e-18
-0.000400153 0.000114097 -1.80226e-18
-0.000400171 0.00011618 -1.80164e-18
-0.000400189 0.000118281 -1.80102e-18
-0.000400208 0.000120394 -1.8004e-18
-0.000400228 0.00012251 -1.79977e-18
-0.00040025 0.000124623 -1.79915e-18
-0.000400272 0.000126722 -1.79852e-18
-0.000400296 0.000128798 -1.79791e-18
-0.000400322 0.000130842 -1.7973e-18
-0.000400349 0.000132842 -1.7967e-18
-0.000400378 0.00013479 -1.79612e-18
-0.000400409 0.000136675 -1.79555e-18
-0.000400441 0.000138488 -1.795e-18
-0.000400476 0.000140219 -1.79448e-18
-0.000400513 0.000141859 -1.79398e-18
-0.000400551 0.000143401 -1.7935e-18
-0.000400592 0.000144838 -1.79306e-18
-0.000400634 0.000146162 -1.79264e-18
-0.000400591 0.000147275 -1.79759e-18
-0.000400635 0.000148276 -3.90672e-19
-0.000400686 0.000149158 -7.43317e-19
-0.00040074 0.000149919 -7.42319e-19
-0.000400795 0.000150557 -1.63322e-18
-0.000400852 0.000151071 -4.72866e-18
-0.00040091 0.000151463 -6.19831e-19
-0.000400969 0.000151733 -2.11518e-18
-0.000401029 0.000151885 -1.94871e-18
-0.000401089 0.000151922 -1.14282e-18
-0.00040115 0.000151848 7.65463e-17
-0.000401208 0.000151666 -1.59167e-18
-0.000401258 0.000151372 -1.59173e-18
-0.000401306 0.000150973 -1.59185e-18
-0.000401354 0.000150476 -1.59201e-18
-0.000401401 0.000149889 -1.59221e-18
-0.000401447 0.000149219 -1.59246e-18
-0.000401491 0.000148474 -1.59274e-18
-0.000401534 0.000147662 -1.59305e-18
-0.000401575 0.000146789 -1.5934e-18
-0.000401615 0.000145865 -1.59377e-18
-0.000401653 0.000144895 -1.59417e-18
-0.000401689 0.00014389 -1.59459e-18
-0.000401723 0.000142856 -1.59503e-18
-0.000401755 0.000141801 -1.59548e-18
-0.000401784 0.000140732 -1.59594e-18
-0.000401812 0.000139657 -1.59641e-18
-0.000401838 0.000138583 -1.59688e-18
-0.000401861 0.000137516 -1.59735e-18
-0.000401882 0.000136462 -1.59783e-18
-0.000401901 0.000135425 -1.5983e-18
-0.000401918 0.00013441 -1.59876e-18
-0.000401933 0.000133421 -1.59922e-18
-0.000401946 0.00013246 -1.59967e-18
-0.000401957 0.00013153 -1.60011e-18
-0.000401966 0.000130631 -1.60054e-18
-0.000401974 0.000129766 -1.60096e-18
-0.000401979 0.000128935 -1.60136e-18
-0.000401982 0.000128141 -1.60176e-18
-0.000401984 0.000127384 -1.60214e-18
-0.000401983 0.000126664 -1.6025e-18
-0.000401981 0.000125981 -1.60286e-18
-0.000401977 0.000125333 -1.6032e-18
-0.000401972 0.000124719 -1.60352e-18
-0.000401965 0.000124135 -1.60384e-18
-0.000401957 0.000123578 -1.60414e-18
-0.000401947 0.000123043 -1.60444e-18
-0.000401936 0.000122525 -1.60473e-18
-0.000401924 0.00012202 -1.60501e-18
-0.000401912 0.00012152 -1.6053e-18
-0.000401898 0.00012102 -1.60558e-18
-0.000401883 0.000120512 -1.60587e-18
-0.000401867 0.000119991 -1.60616e-18
-0.00040185 0.000119449 -1.60647e-18
-0.000401833 0.00011888 -1.60678e-18
-0.000401814 0.00011828 -1.60711e-18
-0.000401795 0.000117642 -1.60746e-18
-0.000401774 0.000116961 -1.60782e-18
-0.000401753 0.000116234 -1.60821e-18
-0.00040173 0.000115457 -1.60862e-18
-0.000401707 0.000114626 -1.60905e-18
-0.000401682 0.00011374 -1.6095e-18
-0.000401657 0.000112795 -1.60998e-18
-0.00040163 0.000111791 -1.61049e-18
-0.000401602 0.000110727 -1.61102e-18
-0.000401573 0.000109602 -1.61158e-18
-0.000401543 0.000108417 -1.61216e-18
-0.000401511 0.000107176 -1.61277e-18
-0.000401477 0.000105879 -1.6134e-18
-0.000401443 0.000104529 -1.61406e-18
-0.000401407 0.00010313 -1.61474e-18
-0.000401369 0.000101683 -1.61544e-18
-0.00040133 0.000100194 -1.61615e-18
-0.00040129 9.86658e-05 -1.61689e-18
-0.000401248 9.71051e-05 -1.61764e-18
-0.000401204 9.55173e-05 -1.6184e-18
-0.000401159 9.3908e-05 -1.61917e-18
-0.000401112 9.22826e-05 -1.61995e-18
-0.000401064 9.06459e-05 -1.62074e-18
-0.000401014 8.90026e-05 -1.62153e-18
-0.000400963 8.73579e-05 -1.62232e-18
-0.00040091 8.5717e-05 -1.62311e-18
-0.000400856 8.40856e-05 -1.6239e-18
-0.000400801 8.24692e-05 -1.62469e-18
-0.000400744 8.08726e-05 -1.62546e-18
-0.000400687 7.93006e-05 -1.62623e-18
-0.000400627 7.77574e-05 -1.62699e-18
-0.000400567 7.62466e-05 -1.62773e-18
-0.000400506 7.47714e-05 -1.62846e-18
-0.000400444 7.33353e-05 -1.62918e-18
-0.00040038 7.19411e-05 -1.62988e-18
-0.000400316 7.05912e-05 -1.63056e-18
-0.000400251 6.92868e-05 -1.63123e-18
-0.000400186 6.80273e-05 -1.63188e-18
-0.00040012 6.68107e-05 -1.63251e-18
-0.000400053 6.56341e-05 -1.63313e-18
-0.000399986 6.44937e-05 -1.63373e-18
-0.000399919 6.33847e-05 -1.63433e-18
-0.000399852 6.23015e-05 -1.63491e-18
-0.000399785 6.12378e-05 -1.63549e-18
-0.000399718 6.01865e-05 -1.63607e-18
-0.000399651 5.91397e-05 -1.63664e-18
-0.000399584 5.80886e-05 -1.63723e-18
-0.000399522 5.70241e-05 -1.63782e-18
-0.000399461 5.59371e-05 -1.63842e-18
-0.000399399 5.4819e-05 -1.63904e-18
-0.000399339 5.36618e-05 -1.63968e-18
-0.000399277 5.24575e-05 -1.64035e-18
-0.000399217 5.1198e-05 -1.64104e-18
-0.000399156 4.98754e-05 -1.64175e-18
-0.000399095 4.84818e-05 -1.64251e-18
-0.000399048 4.70095e-05 -1.6433e-18
-0.000399007 4.54511e-05 -1.64413e-18
-0.000398961 4.37996e-05 -1.645e-18
-0.000398918 4.20482e-05 -1.64592e-18
-0.000398873 4.01908e-05 -1.64688e-18
-0.000398829 3.82216e-05 -1.6479e-18
-0.000398784 3.6135e-05 -1.64897e-18
-0.000398756 3.39268e-05 -1.65009e-18
-0.000398747 3.15915e-05 -1.65128e-18
-0.000398742 2.9126e-05 -1.65252e-18
-0.000398737 2.65279e-05 -1.65382e-18
-0.000398731 2.37951e-05 -1.65518e-18
-0.000398723 2.0927e-05 -1.6566e-18
-0.000398733 1.7918e-05 -1.65808e-18
-0.000398753 1.47711e-05 -1.65963e-18
-0.000398769 1.14942e-05 -1.66123e-18
-0.000398785 8.09005e-06 -1.66288e-18
-0.000398799 4.56406e-06 -1.66459e-18
-0.000398813 9.21752e-07 -1.66636e-18
-0.00039884 -2.82277e-06 -1.66816e-18
-0.00039887 -6.57913e-06 -1.67e-18
-0.000398895 -1.03976e-05 -1.67186e-18
-0.000398921 -1.43187e-05 -1.67377e-18
-0.000398944 -1.82994e-05 -1.6757e-18
-0.000398992 -2.2341e-05 -1.67766e-18
-0.000399047 -2.64226e-05 -1.67965e-18
-0.000399095 -3.05461e-05 -1.68165e-18
-0.000399146 -3.46921e-05 -1.68366e-18
-0.000399193 -3.88529e-05 -1.68567e-18
-0.00039924 -4.30142e-05 -1.68769e-18
-0.000399286 -4.71654e-05 -1.6897e-18
-0.000399332 -5.12938e-05 -1.6917e-18
-0.000399376 -5.53881e-05 -1.69369e-18
-0.000399421 -5.94371e-05 -1.69566e-18
-0.000399464 -6.34309e-05 -1.6976e-18
-0.000399508 -6.73602e-05 -1.69951e-18
-0.000399551 -7.12164e-05 -1.70139e-18
-0.000399594 -7.49919e-05 -1.70324e-18
-0.000399638 -7.8679e-05 -1.70504e-18
-0.000399681 -8.22712e-05 -1.70681e-18
-0.000399724 -8.57621e-05 -1.70852e-18
-0.000399767 -8.91472e-05 -1.7102e-18
-0.000399811 -9.24228e-05 -1.71182e-18
-0.000399855 -9.55869e-05 -1.71339e-18
-0.000399899 -9.86384e-05 -1.71491e-18
-0.000399943 -0.000101577 -1.71638e-18
-0.000399988 -0.000104401 -1.7178e-18
-0.000400032 -0.000107113 -1.71917e-18
-0.000400077 -0.000109711 -1.72048e-18
-0.000400122 -0.000112199 -1.72175e-18
-0.000400167 -0.000114578 -1.72296e-18
-0.000400212 -0.000116852 -1.72413e-18
-0.000400302 -0.000118971 -1.733e-18
-0.000400362 -0.000120981 -1.73407e-18
-0.00040041 -0.000122901 -1.73509e-18
-0.000400457 -0.000124733 -1.73607e-18
-0.000400505 -0.000126482 -1.73701e-18
-0.000400551 -0.000128153 -1.73791e-18
-0.000400598 -0.00012975 -1.73877e-18
-0.000400644 -0.00013128 -1.7396e-18
-0.00040069 -0.000132748 -1.74039e-18
-0.000400735 -0.000134159 -1.74116e-18
-0.00040078 -0.000135518 -1.7419e-18
-0.000400825 -0.000136831 -1.74262e-18
-0.000400868 -0.000138102 -1.74331e-18
-0.000400912 -0.000139337 -1.74398e-18
-0.000400954 -0.000140541 -1.74463e-18
-0.000400997 -0.000141716 -1.74527e-18
-0.000401038 -0.000142868 -1.74589e-18
-0.000401079 -0.000144 -1.7465e-18
-0.000401119 -0.000145116 -1.7471e-18
-0.000401159 -0.000146216 -1.74768e-18
-0.000401198 -0.000147305 -1.74826e-18
-0.000401237 -0.000148383 -1.74883e-18
-0.000401274 -0.000149452 -1.74939e-18
-0.000401311 -0.000150511 -1.74994e-18
-0.000401348 -0.000151561 -1.75048e-18
-0.000401384 -0.000152601 -1.75101e-18
-0.000401419 -0.000153628 -1.75154e-18
-0.000401454 -0.000154643 -1.75205e-18
-0.000401488 -0.000155643 -1.75256e-18
-0.000401522 -0.000156624 -1.75305e-18
-0.000401555 -0.000157586 -1.75353e-18
-0.000401587 -0.000158524 -1.754e-18
-0.000401619 -0.000159437 -1.75445e-18
-0.000401651 -0.000160321 -1.75489e-18
-0.000401681 -0.000161173 -1.75531e-18
-0.000401711 -0.000161991 -1.75571e-18
-0.000401741 -0.000162773 -1.75609e-18
-0.00040177 -0.000163517 -1.75645e-18
-0.000401798 -0.000164221 -1.7568e-18
-0.000401826 -0.000164882 -1.75712e-18
-0.000401853 -0.000165499 -1.75742e-18
-0.00040188 -0.00016607 -1.7577e-18
-0.000401906 -0.000166597 -1.75796e-18
-0.000401932 -0.000167077 -1.75819e-18
-0.000401959 -0.000167512 -1.75841e-18
-0.000401983 -0.000167902 -1.7586e-18
-0.000402005 -0.000168249 -1.75878e-18
-0.000402027 -0.000168555 -1.75893e-18
-0.000402048 -0.000168822 -1.75907e-18
-0.000402068 -0.000169053 -1.75919e-18
-0.000402087 -0.000169248 -1.75929e-18
-0.000402105 -0.000169412 -1.75938e-18
-0.000402122 -0.000169547 -1.75946e-18
-0.000402139 -0.000169657 -1.75953e-18
-0.000402154 -0.000169743 -1.75959e-18
-0.000402169 -0.000169808 -1.75963e-18
-0.000402183 -0.000169856 -1.75968e-18
-0.000402196 -0.000169888 -1.75971e-18
-0.000402208 -0.000169909 -1.75974e-18
-0.000402219 -0.000169922 -1.75977e-18
-0.000402229 -0.00016993 -1.7598e-18
-0.000402238 -0.000169938 -1.75983e-18
-0.000402247 -0.00016995 -1.75986e-18
-0.000402254 -0.00016997 -1.75989e-18
-0.000402261 -0.000170003 -1.75993e-18
-0.000402266 -0.000170051 -1.75998e-18
-0.000402271 -0.000170121 -1.76005e-18
-0.000402274 -0.000170215 -1.76012e-18
-0.000402277 -0.000170337 -1.7602e-18
-0.000402278 -0.000170491 -1.7603e-18
-0.000402279 -0.00017068 -1.76042e-18
-0.000402278 -0.000170909 -1.76056e-18
-0.000402276 -0.00017118 -1.76071e-18
-0.000402273 -0.000171497 -1.76089e-18
-0.000402268 -0.000171864 -1.76108e-18
-0.00040226 -0.00017226 1.74345e-19
-0.000402173 -0.000172617 -1.88009e-18
-0.000402157 -0.000173015 1.03121e-17
-0.000402164 -0.000173431 7.78006e-18
-0.000402145 -0.000173894 1.98985e-17
-0.000402125 -0.000174402 -1.22761e-17
-0.000402103 -0.000174955 2.46152e-17
-0.00040208 -0.000175553 4.87355e-18
-0.000402058 -0.000176193 1.78381e-17
-0.000402038 -0.000176873 -3.72396e-18
-0.00040202 -0.00017759 -1.76068e-17
-0.000402002 -0.00017834 9.1373e-18
-0.000401984 -0.00017912 -5.23639e-18
-0.000401967 -0.000179925 2.71339e-17
-0.00040195 -0.000180748 -1.66208e-17
-0.000401934 -0.000181586 -1.41992e-17
-0.000401918 -0.000182431 -2.20712e-18
-0.000401903 -0.00018328 -3.31434e-18
-0.000401888 -0.000184126 -2.27585e-18
-0.000401873 -0.000184963 -1.47692e-18
-0.000401859 -0.000185784 -1.66885e-18
-0.000401845 -0.000186583 -2.54009e-18
-0.000401829 -0.000187353 -2.05791e-18
-0.000401812 -0.000188087 9.60005e-19
-0.000401796 -0.000188782 -1.60391e-18
-0.000401781 -0.000189432 -1.86246e-18
-0.000401767 -0.000190031 -1.94299e-18
-0.000401755 -0.000190577 -2.97069e-18
-0.000401744 -0.000191062 -1.95111e-17
-0.000401735 -0.000191483 2.71493e-18
-0.000401727 -0.000191835 -2.86328e-18
-0.000401721 -0.000192115 -1.18258e-19
-0.000401716 -0.00019232 -1.96823e-18
-0.000401713 -0.000192446 -2.13466e-18
-0.000401711 -0.000192485 -1.94251e-18
-0.000401706 -0.000192395 -1.94246e-18
-0.000401701 -0.000192173 -1.94238e-18
-0.000401697 -0.000191816 -1.94226e-18
-0.000401694 -0.000191325 -1.94209e-18
-0.00040169 -0.000190698 -1.94189e-18
-0.000401687 -0.000189938 -1.94165e-18
-0.000401683 -0.000189046 -1.94137e-18
-0.000401679 -0.000188027 -1.94105e-18
-0.000401675 -0.000186883 -1.9407e-18
-0.00040167 -0.00018562 -1.94031e-18
-0.000401665 -0.000184243 -1.93989e-18
-0.000401659 -0.000182759 -1.93943e-18
-0.000401652 -0.000181173 -1.93894e-18
-0.000401645 -0.00017949 -1.93843e-18
-0.000401636 -0.000177717 -1.93789e-18
-0.000401627 -0.000175859 -1.93732e-18
-0.000401618 -0.000173923 -1.93673e-18
-0.000401607 -0.000171914 -1.93611e-18
-0.000401595 -0.000169839 -1.93548e-18
-0.000401582 -0.000167703 -1.93482e-18
-0.000401569 -0.000165512 -1.93415e-18
-0.000401554 -0.000163269 -1.93346e-18
-0.000401539 -0.00016098 -1.93276e-18
-0.000401522 -0.000158649 -1.93204e-18
-0.000401505 -0.00015628 -1.93131e-18
-0.000401486 -0.000153876 -1.93056e-18
-0.000401467 -0.000151441 -1.92981e-18
-0.000401446 -0.000148979 -1.92905e-18
-0.000401425 -0.000146492 -1.92828e-18
-0.000401403 -0.000143983 -1.9275e-18
-0.00040138 -0.000141451 -1.92671e-18
-0.000401356 -0.000138901 -1.92591e-18
-0.00040133 -0.000136331 -1.92511e-18
-0.000401304 -0.000133743 -1.9243e-18
-0.000401278 -0.000131138 -1.92349e-18
-0.00040125 -0.000128517 -1.92267e-18
-0.000401221 -0.000125879 -1.92184e-18
-0.000401191 -0.000123226 -1.92101e-18
-0.00040116 -0.000120559 -1.92017e-18
-0.000401128 -0.000117877 -1.91932e-18
-0.000401095 -0.000115181 -1.91847e-18
-0.000401061 -0.000112475 -1.91762e-18
-0.000401026 -0.000109757 -1.91676e-18
-0.000400989 -0.000107031 -1.9159e-18
-0.000400952 -0.000104297 -1.91504e-18
-0.000400913 -0.000101557 -1.91417e-18
-0.000400873 -9.88117e-05 -1.9133e-18
-0.000400833 -9.60625e-05 -1.91243e-18
-0.000400791 -9.33108e-05 -1.91156e-18
-0.000400747 -9.05579e-05 -1.91068e-18
-0.000400703 -8.78053e-05 -1.90981e-18
-0.000400658 -8.50542e-05 -1.90894e-18
-0.000400611 -8.23064e-05 -1.90806e-18
-0.000400563 -7.95636e-05 -1.90719e-18
-0.000400514 -7.68277e-05 -1.90632e-18
-0.000400464 -7.41002e-05 -1.90545e-18
-0.000400413 -7.13833e-05 -1.90458e-18
-0.000400361 -6.8679e-05 -1.90372e-18
-0.000400307 -6.59891e-05 -1.90286e-18
-0.000400253 -6.33157e-05 -1.902e-18
-0.000400197 -6.06601e-05 -1.90115e-18
-0.000400141 -5.80238e-05 -1.90031e-18
-0.000400083 -5.5408e-05 -1.89947e-18
-0.000400025 -5.28139e-05 -1.89863e-18
-0.000399965 -5.02432e-05 -1.89781e-18
-0.000399905 -4.76976e-05 -1.89699e-18
-0.000399844 -4.51789e-05 -1.89618e-18
-0.000399782 -4.26887e-05 -1.89537e-18
-0.000399719 -4.02282e-05 -1.89458e-18
-0.000399655 -3.77982e-05 -1.8938e-18
-0.000399591 -3.53997e-05 -1.89302e-18
-0.000399526 -3.30334e-05 -1.89225e-18
-0.00039946 -3.06996e-05 -1.8915e-18
-0.000399394 -2.83983e-05 -1.89075e-18
-0.000399327 -2.61294e-05 -1.89002e-18
-0.00039926 -2.38933e-05 -1.88929e-18
-0.000399192 -2.16905e-05 -1.88857e-18
-0.000399123 -1.95222e-05 -1.88787e-18
-0.000399054 -1.73894e-05 -1.88717e-18
-0.000398985 -1.52933e-05 -1.88649e-18
-0.000398932 -1.323e-05 -1.88582e-18
-0.000398885 -1.12036e-05 -1.88516e-18
-0.000398833 -9.21935e-06 -1.88451e-18
-0.000398783 -7.28281e-06 -1.88388e-18
-0.000398748 -5.3946e-06 -1.88326e-18
-0.00039872 -3.54853e-06 -1.88266e-18
-0.000398686 -1.74614e-06 -1.88207e-18
-0.000398656 1.3341e-08 -1.88149e-18
-0.000398623 1.73118e-06 -1.88092e-18
-0.000398592 3.40963e-06 -1.88036e-18
-0.00039856 5.05136e-06 -1.87982e-18
-0.000398551 6.6588e-06 -1.87929e-18
-0.000398551 8.23437e-06 -1.87877e-18
-0.000398545 9.77994e-06 -1.87825e-18
-0.000398542 1.12978e-05 -1.87775e-18
-0.000398537 1.27901e-05 -1.87725e-18
-0.000398553 1.42592e-05 -1.87676e-18
-0.000398589 1.57062e-05 -1.87628e-18
-0.000398643 1.71281e-05 -1.87581e-18
-0.000398702 1.85292e-05 -1.87534e-18
-0.000398765 1.99148e-05 -1.87488e-18
-0.000398831 2.12855e-05 -1.87443e-18
-0.000398894 2.26446e-05 -1.87397e-18
-0.000398959 2.39947e-05 -1.87352e-18
-0.000399022 2.53399e-05 -1.87307e-18
-0.000399086 2.66846e-05 -1.87262e-18
-0.000399149 2.80335e-05 -1.87217e-18
-0.000399211 2.93915e-05 -1.87172e-18
-0.000399273 3.07626e-05 -1.87126e-18
-0.000399334 3.21508e-05 -1.87079e-18
-0.000399395 3.35599e-05 -1.87032e-18
-0.000399454 3.49938e-05 -1.86984e-18
-0.000399513 3.64562e-05 -1.86936e-18
-0.000399571 3.79508e-05 -1.86886e-18
-0.000399629 3.9481e-05 -1.86835e-18
-0.000399685 4.10502e-05 -1.86784e-18
-0.00039974 4.26614e-05 -1.86731e-18
-0.000399794 4.43177e-05 -1.86676e-18
-0.000399848 4.60216e-05 -1.86621e-18
-0.0003999 4.77754e-05 -1.86564e-18
-0.00039995 4.95807e-05 -1.86505e-18
-0.0004 5.14385e-05 -1.86445e-18
-0.000400049 5.33494e-05 -1.86383e-18
-0.000400096 5.53138e-05 -1.8632e-18
-0.000400142 5.73313e-05 -1.86256e-18
-0.000400187 5.94014e-05 -1.8619e-18
-0.00040023 6.1523e-05 -1.86122e-18
-0.000400273 6.36948e-05 -1.86053e-18
-0.000400314 6.59148e-05 -1.85983e-18
-0.000400353 6.8181e-05 -1.85911e-18
-0.000400392 7.04909e-05 -1.85838e-18
-0.000400429 7.28418e-05 -1.85764e-18
-0.000400465 7.52315e-05 -1.85689e-18
-0.0004005 7.7658e-05 -1.85613e-18
-0.000400473 8.00466e-05 -1.85466e-18
-0.000400499 8.24689e-05 -1.85396e-18
-0.000400524 8.49189e-05 -1.85325e-18
-0.000400549 8.7393e-05 -1.85253e-18
-0.000400572 8.98868e-05 -1.85181e-18
-0.000400595 9.23965e-05 -1.85109e-18
-0.000400617 9.4918e-05 -1.85036e-18
-0.000400638 9.74478e-05 -1.84963e-18
-0.000400658 9.9982e-05 -1.84889e-18
-0.000400677 0.000102517 -1.84816e-18
-0.000400696 0.000105048 -1.84743e-18
-0.000400714 0.00010757 -1.8467e-18
-0.000400732 0.00011008 -1.84598e-18
-0.000400749 0.000112572 -1.84526e-18
-0.000400766 0.000115044 -1.84455e-18
-0.000400782 0.000117493 -1.84384e-18
-0.000400798 0.000119916 -1.84314e-18
-0.000400813 0.000122312 -1.84245e-18
-0.000400828 0.000124676 -1.84177e-18
-0.000400844 0.000127005 -1.8411e-18
-0.000400863 0.000129294 -1.84044e-18
-0.000400882 0.000131541 -1.83979e-18
-0.0004009 0.000133744 -1.83915e-18
-0.000400918 0.000135902 -1.83853e-18
-0.000400938 0.000138011 -1.83792e-18
-0.00040088 0.000139981 -7.4381e-18
-0.00040084 0.000141837 -2.11366e-18
-0.00040086 0.000143648 -1.15525e-17
-0.000400899 0.000145386 -1.72031e-18
-0.000400923 0.000147072 -8.52798e-18
-0.000400945 0.000148708 -1.21999e-18
-0.000400967 0.000150293 -1.09945e-18
-0.000400989 0.000151829 -7.62532e-18
-0.00040101 0.000153314 -8.40952e-19
-0.00040103 0.000154748 -1.78185e-18
-0.000401051 0.000156131 -3.93129e-18
-0.000401077 0.000157327 -1.43655e-17
-0.000401106 0.000158244 -3.67665e-18
-0.000401129 0.000159045 7.25784e-18
-0.000401148 0.000159826 -5.14108e-18
-0.000401169 0.000160565 -9.54398e-18
-0.000401189 0.000161264 -2.31297e-18
-0.000401209 0.000161922 3.21181e-18
-0.000401229 0.000162536 -1.63707e-19
-0.00040125 0.000163106 -3.75927e-18
-0.00040127 0.000163631 -1.65798e-18
-0.00040129 0.00016411 -3.82747e-18
-0.00040131 0.000164541 5.50267e-18
-0.00040133 0.000164925 1.93034e-18
-0.00040135 0.000165261 -3.1678e-18
-0.00040137 0.00016555 -2.96574e-19
-0.000401389 0.00016579 2.8048e-18
-0.000401408 0.000165983 -3.49344e-18
-0.000401427 0.000166129 -1.99025e-18
-0.000401446 0.000166229 -1.73411e-18
-0.000401464 0.000166283 -1.71914e-18
-0.000401481 0.000166293 -1.7578e-17
-0.000401496 0.000166247 -1.82006e-18
-0.000401508 0.000166129 -1.8201e-18
-0.000401519 0.000165939 -1.82016e-18
-0.000401531 0.000165681 -1.82024e-18
-0.000401541 0.000165355 -1.82034e-18
-0.000401551 0.000164964 -1.82046e-18
-0.000401561 0.000164507 -1.8206e-18
-0.00040157 0.000163987 -1.82076e-18
-0.000401579 0.000163403 -1.82094e-18
-0.000401587 0.000162759 -1.82114e-18
-0.000401595 0.000162054 -1.82136e-18
-0.000401602 0.000161292 -1.8216e-18
-0.000401608 0.000160474 -1.82185e-18
-0.000401613 0.0001596 -1.82212e-18
-0.000401618 0.000158673 -1.82241e-18
-0.000401623 0.000157691 -1.82271e-18
-0.000401626 0.000156656 -1.82303e-18
-0.000401629 0.00015557 -1.82336e-18
-0.000401631 0.000154433 -1.82371e-18
-0.000401633 0.000153249 -1.82408e-18
-0.000401633 0.000152018 -1.82446e-18
-0.000401632 0.000150742 -1.82485e-18
-0.000401631 0.000149423 -1.82526e-18
-0.000401629 0.000148062 -1.82567e-18
-0.000401626 0.000146661 -1.8261e-18
-0.000401622 0.000145223 -1.82655e-18
-0.000401617 0.00014375 -1.827e-18
-0.000401611 0.000142245 -1.82746e-18
-0.000401603 0.000140712 -1.82793e-18
-0.000401595 0.000139153 -1.8284e-18
-0.000401586 0.00013757 -1.82889e-18
-0.000401576 0.000135966 -1.82938e-18
-0.000401564 0.000134344 -1.82987e-18
-0.000401552 0.000132708 -1.83037e-18
-0.000401538 0.00013106 -1.83088e-18
-0.000401523 0.000129405 -1.83138e-18
-0.000401507 0.000127746 -1.83189e-18
-0.00040149 0.000126087 -1.8324e-18
-0.000401471 0.000124433 -1.8329e-18
-0.000401452 0.000122788 -1.83341e-18
-0.000401431 0.000121157 -1.83391e-18
-0.000401409 0.000119544 -1.8344e-18
-0.000401385 0.000117954 -1.83489e-18
-0.00040136 0.000116392 -1.83537e-18
-0.000401334 0.000114863 -1.83584e-18
-0.000401307 0.00011337 -1.8363e-18
-0.000401279 0.000111917 -1.83675e-18
-0.00040125 0.000110509 -1.83719e-18
-0.000401219 0.000109148 -1.83761e-18
-0.000401188 0.000107837 -1.83802e-18
-0.000401155 0.000106579 -1.83842e-18
-0.000401121 0.000105377 -1.8388e-18
-0.000401087 0.000104233 -1.83916e-18
-0.000401051 0.000103149 -1.8395e-18
-0.000401015 0.000102126 -1.83983e-18
-0.000400978 0.000101166 -1.84014e-18
-0.00040094 0.00010027 -1.84044e-18
-0.000400902 9.94387e-05 -1.84071e-18
-0.000400862 9.86722e-05 -1.84097e-18
-0.000400823 9.79702e-05 -1.8412e-18
-0.000400782 9.73317e-05 -1.84142e-18
-0.000400742 9.67541e-05 -1.84162e-18
-0.000400701 9.62341e-05 -1.84181e-18
-0.00040066 9.57675e-05 -1.84198e-18
-0.000400619 9.53498e-05 -1.84213e-18
-0.000400578 9.49747e-05 -1.84227e-18
-0.000400537 9.46351e-05 -1.84241e-18
-0.000400497 9.43235e-05 -1.84253e-18
-0.000400457 9.40323e-05 -1.84264e-18
-0.000400417 9.37527e-05 -1.84276e-18
-0.000400378 9.34753e-05 -1.84287e-18
-0.000400339 9.31911e-05 -1.84298e-18
-0.000400301 9.28912e-05 -1.8431e-18
-0.000400263 9.25669e-05 -1.84322e-18
-0.000400226 9.22098e-05 -1.84335e-18
-0.00040019 9.18121e-05 -1.84349e-18
-0.000400154 9.13667e-05 -1.84364e-18
-0.000400119 9.08676e-05 -1.84381e-18
-0.000400084 9.03093e-05 -1.844e-18
-0.00040005 8.96875e-05 -1.8442e-18
-0.000400016 8.89977e-05 -1.84442e-18
-0.000399982 8.82356e-05 -1.84467e-18
-0.000399949 8.73968e-05 -1.84493e-18
-0.000399917 8.64774e-05 -1.84522e-18
-0.000399884 8.54745e-05 -1.84553e-18
-0.000399852 8.43863e-05 -1.84587e-18
-0.00039982 8.32118e-05 -1.84623e-18
-0.000399789 8.19507e-05 -1.84661e-18
-0.000399757 8.06029e-05 -1.84703e-18
-0.000399725 7.91686e-05 -1.84746e-18
-0.000399693 7.76484e-05 -1.84793e-18
-0.000399661 7.6043e-05 -1.84841e-18
-0.000399628 7.43536e-05 -1.84893e-18
-0.000399596 7.25825e-05 -1.84947e-18
-0.000399563 7.07328e-05 -1.85003e-18
-0.000399534 6.88076e-05 -1.85061e-18
-0.000399506 6.68102e-05 -1.85122e-18
-0.000399476 6.47445e-05 -1.85185e-18
-0.000399446 6.26142e-05 -1.8525e-18
-0.000399414 6.04232e-05 -1.85317e-18
-0.000399383 5.81754e-05 -1.85386e-18
-0.00039935 5.58748e-05 -1.85456e-18
-0.000399316 5.35256e-05 -1.85528e-18
-0.000399282 5.11319e-05 -1.85601e-18
-0.000399247 4.86975e-05 -1.85676e-18
-0.000399211 4.62264e-05 -1.85752e-18
-0.000399174 4.37227e-05 -1.85829e-18
-0.000399136 4.11899e-05 -1.85907e-18
-0.000399097 3.86318e-05 -1.85986e-18
-0.000399057 3.6052e-05 -1.86066e-18
-0.000399017 3.34544e-05 -1.86146e-18
-0.000398979 3.08424e-05 -1.86227e-18
-0.000398943 2.82195e-05 -1.86309e-18
-0.000398904 2.55894e-05 -1.86391e-18
-0.000398864 2.29555e-05 -1.86473e-18
-0.000398824 2.03213e-05 -1.86555e-18
-0.000398783 1.769e-05 -1.86637e-18
-0.000398741 1.50644e-05 -1.86719e-18
-0.000398699 1.2447e-05 -1.86801e-18
-0.000398656 9.84027e-06 -1.86882e-18
-0.000398622 7.24357e-06 -1.86964e-18
-0.000398602 4.65642e-06 -1.87045e-18
-0.000398584 2.08431e-06 -1.87126e-18
-0.000398579 -4.69301e-07 -1.87207e-18
-0.00039858 -3.00517e-06 -1.87287e-18
-0.000398576 -5.52226e-06 -1.87366e-18
-0.000398575 -8.02083e-06 -1.87445e-18
-0.000398572 -1.05013e-05 -1.87524e-18
-0.00039857 -1.29638e-05 -1.87602e-18
-0.000398567 -1.53372e-05 -1.87678e-18
-0.000398564 -1.76653e-05 -1.87753e-18
-0.000398562 -1.99937e-05 -1.87828e-18
-0.000398559 -2.22948e-05 -1.87902e-18
-0.000398556 -2.45854e-05 -1.87976e-18
-0.000398571 -2.68499e-05 -1.88049e-18
-0.000398594 -2.90965e-05 -1.88122e-18
-0.000398611 -3.13255e-05 -1.88194e-18
-0.000398631 -3.35369e-05 -1.88265e-18
-0.000398661 -3.57303e-05 -1.88336e-18
-0.000398696 -3.79055e-05 -1.88406e-18
-0.000398727 -4.00612e-05 -1.88476e-18
-0.000398759 -4.21976e-05 -1.88544e-18
-0.000398794 -4.43138e-05 -1.88612e-18
-0.000398831 -4.64095e-05 -1.8868e-18
-0.000398866 -4.84837e-05 -1.88746e-18
-0.000398901 -5.0536e-05 -1.88812e-18
-0.000398935 -5.25655e-05 -1.88876e-18
-0.00039897 -5.45714e-05 -1.8894e-18
-0.000399003 -5.65525e-05 -1.89003e-18
-0.000399036 -5.8507e-05 -1.89065e-18
-0.000399069 -6.04332e-05 -1.89126e-18
-0.000399101 -6.23286e-05 -1.89186e-18
-0.000399134 -6.41909e-05 -1.89245e-18
-0.000399165 -6.6017e-05 -1.89302e-18
-0.000399197 -6.78039e-05 -1.89358e-18
-0.000399233 -6.95481e-05 -1.89413e-18
-0.00039927 -7.1246e-05 -1.89467e-18
-0.000399306 -7.28931e-05 -1.89518e-18
-0.000399342 -7.44846e-05 -1.89568e-18
-0.000399378 -7.60158e-05 -1.89616e-18
-0.000399415 -7.74816e-05 -1.89662e-18
-0.000399452 -7.88771e-05 -1.89706e-18
-0.000399488 -8.01972e-05 -1.89748e-18
-0.000399525 -8.14372e-05 -1.89787e-18
-0.000399562 -8.25926e-05 -1.89824e-18
-0.000399599 -8.36589e-05 -1.89858e-18
-0.000399636 -8.46321e-05 -1.89889e-18
-0.000399673 -8.55089e-05 -1.89918e-18
-0.000399709 -8.62861e-05 -1.89943e-18
-0.000399746 -8.69615e-05 -1.89966e-18
-0.000399783 -8.75335e-05 -1.89985e-18
-0.000399819 -8.80012e-05 -1.90002e-18
-0.000399856 -8.83643e-05 -1.90015e-18
-0.000399892 -8.86235e-05 -1.90026e-18
-0.000399928 -8.87801e-05 -1.90033e-18
-0.000399963 -8.88363e-05 -1.90038e-18
-0.000399998 -8.87951e-05 -1.9004e-18
-0.000400032 -8.86604e-05 -1.90039e-18
-0.000400066 -8.84372e-05 -1.90036e-18
-0.000400099 -8.8131e-05 -1.9003e-18
-0.000400131 -8.77482e-05 -1.90022e-18
-0.000400162 -8.72957e-05 -1.90012e-18
-0.000400193 -8.67814e-05 -1.9e-18
-0.000400223 -8.62135e-05 -1.89987e-18
-0.000400251 -8.56003e-05 -1.89972e-18
-0.000400279 -8.49501e-05 -1.89956e-18
-0.000400306 -8.42708e-05 -1.89939e-18
-0.000400331 -8.35706e-05 -1.89922e-18
-0.000400356 -8.28577e-05 -1.89904e-18
-0.000400379 -8.21404e-05 -1.89886e-18
-0.000400401 -8.14268e-05 -1.89868e-18
-0.000400422 -8.07251e-05 -1.8985e-18
-0.000400442 -8.0043e-05 -1.89833e-18
-0.000400461 -7.9388e-05 -1.89816e-18
-0.000400478 -7.87671e-05 -1.898e-18
-0.000400494 -7.81868e-05 -1.89785e-18
-0.000400509 -7.76533e-05 -1.89772e-18
-0.000400523 -7.71726e-05 -1.89759e-18
-0.000400535 -7.67501e-05 -1.89749e-18
-0.000400546 -7.63906e-05 -1.8974e-18
-0.000400556 -7.60982e-05 -1.89732e-18
-0.000400565 -7.58754e-05 -1.89727e-18
-0.000400572 -7.57235e-05 -1.89723e-18
-0.000400578 -7.56431e-05 -1.89722e-18
-0.000400583 -7.5634e-05 -1.89722e-18
-0.000400587 -7.56946e-05 -1.89724e-18
-0.00040059 -7.58225e-05 -1.89728e-18
-0.000400591 -7.60143e-05 -1.89733e-18
-0.000400592 -7.62665e-05 -1.8974e-18
-0.000400591 -7.65751e-05 -1.89749e-18
-0.00040059 -7.69358e-05 -1.89759e-18
-0.000400587 -7.73439e-05 -1.8977e-18
-0.000400583 -7.77944e-05 -1.89782e-18
-0.000400578 -7.82819e-05 -1.89796e-18
-0.000400572 -7.88013e-05 -1.8981e-18
-0.000400565 -7.93466e-05 -1.89825e-18
-0.000400558 -7.99126e-05 -1.8984e-18
-0.000400549 -8.0494e-05 -1.89856e-18
-0.000400539 -8.10865e-05 -1.89872e-18
-0.000400529 -8.16854e-05 -1.89888e-18
-0.000400517 -8.22862e-05 -1.89904e-18
-0.000400505 -8.28845e-05 -1.8992e-18
-0.000400492 -8.34758e-05 -1.89935e-18
-0.000400478 -8.40557e-05 -1.89951e-18
-0.000400463 -8.46201e-05 -1.89965e-18
-0.000400448 -8.51646e-05 -1.8998e-18
-0.000400431 -8.5685e-05 -1.89993e-18
-0.000400415 -8.61769e-05 -1.90006e-18
-0.000400397 -8.66366e-05 -1.90017e-18
-0.000400379 -8.70606e-05 -1.90028e-18
-0.00040036 -8.74458e-05 -1.90038e-18
-0.000400341 -8.77891e-05 -1.90046e-18
-0.000400321 -8.80881e-05 -1.90053e-18
-0.0004003 -8.83408e-05 -1.90059e-18
-0.000400279 -8.85455e-05 -1.90063e-18
-0.000400258 -8.87011e-05 -1.90066e-18
-0.000400235 -8.88064e-05 -1.90067e-18
-0.000400213 -8.88612e-05 -1.90067e-18
-0.000400189 -8.88654e-05 -1.90065e-18
-0.000400165 -8.88192e-05 -1.90062e-18
-0.000400141 -8.8723e-05 -1.90058e-18
-0.000400116 -8.85771e-05 -1.90052e-18
-0.000400091 -8.8382e-05 -1.90044e-18
-0.000400065 -8.81381e-05 -1.90035e-18
-0.000400039 -8.78463e-05 -1.90025e-18
-0.000400013 -8.75076e-05 -1.90013e-18
-0.000399986 -8.71232e-05 -1.9e-18
-0.000399958 -8.66943e-05 -1.89986e-18
-0.00039993 -8.62226e-05 -1.8997e-18
-0.000399902 -8.571e-05 -1.89953e-18
-0.000399874 -8.51588e-05 -1.89935e-18
-0.000399845 -8.45713e-05 -1.89916e-18
-0.000399815 -8.39495e-05 -1.89895e-18
-0.000399786 -8.3295e-05 -1.89874e-18
-0.000399756 -8.26088e-05 -1.89851e-18
-0.000399725 -8.18919e-05 -1.89828e-18
-0.000399695 -8.1145e-05 -1.89803e-18
-0.000399664 -8.03682e-05 -1.89778e-18
-0.000399633 -7.95612e-05 -1.89752e-18
-0.000399602 -7.87234e-05 -1.89724e-18
-0.000399571 -7.78545e-05 -1.89696e-18
-0.00039954 -7.6954e-05 -1.89667e-18
-0.000399508 -7.60216e-05 -1.89636e-18
-0.000399476 -7.50569e-05 -1.89605e-18
-0.000399444 -7.40593e-05 -1.89572e-18
-0.000399412 -7.30287e-05 -1.89539e-18
-0.00039938 -7.19647e-05 -1.89504e-18
-0.000399347 -7.08669e-05 -1.89468e-18
-0.000399314 -6.9735e-05 -1.89431e-18
-0.000399283 -6.8568e-05 -1.89393e-18
-0.000399252 -6.7365e-05 -1.89354e-18
-0.00039922 -6.6125e-05 -1.89313e-18
-0.000399188 -6.48467e-05 -1.89272e-18
-0.000399156 -6.35295e-05 -1.89229e-18
-0.000399123 -6.21726e-05 -1.89185e-18
-0.00039909 -6.07751e-05 -1.89139e-18
-0.000399057 -5.93364e-05 -1.89093e-18
-0.000399023 -5.78556e-05 -1.89045e-18
-0.000398989 -5.63317e-05 -1.88995e-18
-0.000398954 -5.47638e-05 -1.88945e-18
-0.00039892 -5.31511e-05 -1.88893e-18
-0.000398885 -5.14929e-05 -1.88839e-18
-0.00039885 -4.97887e-05 -1.88785e-18
-0.000398814 -4.8038e-05 -1.88728e-18
-0.000398779 -4.62403e-05 -1.88671e-18
-0.000398754 -4.43949e-05 -1.88612e-18
-0.000398732 -4.25002e-05 -1.88552e-18
-0.000398707 -4.0555e-05 -1.8849e-18
-0.000398683 -3.85589e-05 -1.88427e-18
-0.000398658 -3.65123e-05 -1.88363e-18
-0.000398633 -3.44169e-05 -1.88297e-18
-0.00039861 -3.22743e-05 -1.88229e-18
-0.000398604 -3.00822e-05 -1.88161e-18
-0.000398602 -2.78456e-05 -1.88092e-18
-0.000398597 -2.5572e-05 -1.88021e-18
-0.000398594 -2.32628e-05 -1.8795e-18
-0.000398588 -2.09232e-05 -1.87877e-18
-0.000398584 -1.8558e-05 -1.87804e-18
-0.000398578 -1.61714e-05 -1.87731e-18
-0.000398573 -1.37669e-05 -1.87657e-18
-0.000398568 -1.13492e-05 -1.87582e-18
-0.000398562 -8.92297e-06 -1.87508e-18
-0.000398556 -6.49284e-06 -1.87433e-18
-0.00039855 -4.06371e-06 -1.87359e-18
-0.000398544 -1.64063e-06 -1.87285e-18
-0.000398538 7.71011e-07 -1.87211e-18
-0.000398532 3.16571e-06 -1.87138e-18
-0.000398526 5.53781e-06 -1.87065e-18
-0.000398521 7.88154e-06 -1.86993e-18
-0.000398523 1.0191e-05 -1.86923e-18
-0.000398542 1.24553e-05 -1.86854e-18
-0.000398565 1.46702e-05 -1.86787e-18
-0.000398586 1.68333e-05 -1.86721e-18
-0.000398608 1.8937e-05 -1.86656e-18
-0.000398629 2.09768e-05 -1.86594e-18
-0.00039865 2.29471e-05 -1.86534e-18
-0.000398672 2.48435e-05 -1.86476e-18
-0.000398693 2.66615e-05 -1.8642e-18
-0.000398715 2.83972e-05 -1.86367e-18
-0.000398737 3.0047e-05 -1.86316e-18
-0.000398758 3.1608e-05 -1.86267e-18
-0.00039878 3.30781e-05 -1.86222e-18
-0.000398807 3.44555e-05 -1.86179e-18
-0.000398836 3.57393e-05 -1.86138e-18
-0.000398864 3.69289e-05 -1.86101e-18
-0.000398893 3.8024e-05 -1.86066e-18
-0.000398922 3.90246e-05 -1.86034e-18
-0.000398951 3.99312e-05 -1.86005e-18
-0.00039898 4.0745e-05 -1.85979e-18
-0.000399009 4.14681e-05 -1.85955e-18
-0.000399038 4.21033e-05 -1.85934e-18
-0.000399066 4.26541e-05 -1.85915e-18
-0.000399095 4.31238e-05 -1.85899e-18
-0.000399123 4.35164e-05 -1.85885e-18
-0.000399152 4.38361e-05 -1.85873e-18
-0.000399182 4.40871e-05 -1.85863e-18
-0.000399213 4.42738e-05 -1.85855e-18
-0.000399243 4.44008e-05 -1.85849e-18
-0.000399273 4.44726e-05 -1.85845e-18
-0.000399302 4.44937e-05 -1.85842e-18
-0.000399331 4.44685e-05 -1.85841e-18
-0.000399359 4.44014e-05 -1.85841e-18
-0.000399387 4.42963e-05 -1.85842e-18
-0.000399415 4.41571e-05 -1.85844e-18
-0.000399441 4.39878e-05 -1.85848e-18
-0.000399468 4.37924e-05 -1.85852e-18
-0.000399493 4.35754e-05 -1.85857e-18
-0.000399518 4.33408e-05 -1.85862e-18
-0.000399542 4.30926e-05 -1.85868e-18
-0.000399565 4.28341e-05 -1.85875e-18
-0.000399588 4.25686e-05 -1.85881e-18
-0.00039961 4.2299e-05 -1.85888e-18
-0.000399631 4.20279e-05 -1.85895e-18
-0.000399651 4.17574e-05 -1.85903e-18
-0.000399671 4.14893e-05 -1.8591e-18
-0.00039969 4.1225e-05 -1.85917e-18
-0.000399708 4.09658e-05 -1.85924e-18
-0.000399725 4.07121e-05 -1.85931e-18
-0.000399742 4.04639e-05 -1.85938e-18
-0.000399757 4.02211e-05 -1.85945e-18
-0.000399772 3.99835e-05 -1.85952e-18
-0.000399787 3.97512e-05 -1.85958e-18
-0.0003998 3.95245e-05 -1.85965e-18
-0.000399812 3.93035e-05 -1.85972e-18
-0.000399824 3.90885e-05 -1.85978e-18
-0.000399835 3.88798e-05 -1.85984e-18
-0.000399845 3.86779e-05 -1.8599e-18
-0.000399854 3.84832e-05 -1.85996e-18
-0.000399862 3.82962e-05 -1.86002e-18
-0.000399869 3.81176e-05 -1.86007e-18
-0.000399875 3.79486e-05 -1.86012e-18
-0.00039988 3.779e-05 -1.86017e-18
-0.000399885 3.76427e-05 -1.86022e-18
-0.000399888 3.75077e-05 -1.86026e-18
-0.000399891 3.73855e-05 -1.8603e-18
-0.000399892 3.7277e-05 -1.86034e-18
-0.000399893 3.71827e-05 -1.86037e-18
-0.000399893 3.71035e-05 -1.8604e-18
-0.000399891 3.70403e-05 -1.86042e-18
-0.000399889 3.69938e-05 -1.86044e-18
-0.000399886 3.69648e-05 -1.86045e-18
-0.000399882 3.69534e-05 -1.86046e-18
-0.000399878 3.69599e-05 -1.86046e-18
-0.000399872 3.69842e-05 -1.86046e-18
-0.000399865 3.70262e-05 -1.86045e-18
-0.000399858 3.70854e-05 -1.86044e-18
-0.00039985 3.71614e-05 -1.86042e-18
-0.000399841 3.72534e-05 -1.8604e-18
-0.000399831 3.73609e-05 -1.86037e-18
-0.000399821 3.74832e-05 -1.86034e-18
-0.00039981 3.76196e-05 -1.8603e-18
-0.000399798 3.77693e-05 -1.86026e-18
-0.000399785 3.79316e-05 -1.86022e-18
-0.000399772 3.81061e-05 -1.86017e-18
-0.000399758 3.82921e-05 -1.86012e-18
-0.000399744 3.84892e-05 -1.86007e-18
-0.000399728 3.86968e-05 -1.86001e-18
-0.000399713 3.89143e-05 -1.85995e-18
-0.000399696 3.91411e-05 -1.85989e-18
-0.000399679 3.93766e-05 -1.85982e-18
-0.000399662 3.962e-05 -1.85975e-18
-0.000399644 3.98704e-05 -1.85968e-18
-0.000399625 4.01266e-05 -1.85961e-18
-0.000399606 4.03876e-05 -1.85954e-18
-0.000399587 4.06523e-05 -1.85947e-18
-0.000399567 4.09201e-05 -1.85939e-18
-0.000399547 4.11908e-05 -1.85932e-18
-0.000399527 4.14638e-05 -1.85924e-18
-0.000399506 4.17387e-05 -1.85917e-18
-0.000399484 4.20147e-05 -1.85909e-18
-0.000399463 4.22906e-05 -1.85902e-18
-0.000399441 4.25653e-05 -1.85894e-18
-0.000399419 4.28373e-05 -1.85887e-18
-0.000399396 4.31049e-05 -1.8588e-18
-0.000399374 4.33662e-05 -1.85873e-18
-0.000399351 4.36191e-05 -1.85867e-18
-0.000399328 4.38614e-05 -1.85861e-18
-0.000399306 4.40904e-05 -1.85855e-18
-0.000399283 4.43034e-05 -1.8585e-18
-0.00039926 4.44977e-05 -1.85846e-18
-0.000399237 4.46703e-05 -1.85842e-18
-0.000399214 4.48185e-05 -1.85839e-18
-0.000399194 4.49401e-05 -1.85837e-18
-0.000399175 4.50323e-05 -1.85836e-18
-0.000399156 4.50927e-05 -1.85836e-18
-0.000399137 4.51186e-05 -1.85837e-18
-0.000399118 4.51075e-05 -1.85839e-18
-0.000399099 4.50569e-05 -1.85842e-18
-0.000399079 4.49641e-05 -1.85847e-18
-0.00039906 4.48265e-05 -1.85853e-18
-0.000399041 4.46414e-05 -1.85861e-18
-0.000399023 4.44062e-05 -1.8587e-18
-0.000399004 4.41182e-05 -1.8588e-18
-0.000398985 4.37744e-05 -1.85892e-18
-0.000398967 4.33716e-05 -1.85906e-18
-0.000398953 4.29069e-05 -1.85922e-18
-0.000398942 4.23775e-05 -1.8594e-18
-0.000398929 4.17814e-05 -1.8596e-18
-0.000398917 4.1117e-05 -1.85982e-18
-0.000398903 4.03829e-05 -1.86005e-18
-0.000398891 3.95784e-05 -1.86031e-18
-0.000398877 3.87034e-05 -1.86059e-18
-0.000398864 3.77584e-05 -1.86089e-18
-0.00039885 3.67446e-05 -1.86121e-18
-0.000398836 3.56633e-05 -1.86155e-18
-0.000398822 3.45168e-05 -1.8619e-18
-0.000398807 3.33078e-05 -1.86228e-18
-0.000398792 3.20395e-05 -1.86267e-18
-0.000398777 3.0715e-05 -1.86308e-18
-0.000398761 2.93376e-05 -1.8635e-18
-0.000398746 2.79105e-05 -1.86394e-18
-0.00039873 2.6437e-05 -1.86439e-18
-0.000398713 2.49207e-05 -1.86486e-18
-0.000398697 2.33651e-05 -1.86533e-18
-0.00039868 2.17738e-05 -1.86582e-18
-0.000398662 2.01506e-05 -1.86631e-18
-0.000398645 1.84994e-05 -1.86682e-18
-0.000398627 1.68245e-05 -1.86733e-18
-0.000398614 1.51305e-05 -1.86784e-18
-0.000398609 1.34201e-05 -1.86836e-18
-0.000398609 1.16969e-05 -1.86889e-18
-0.00039861 9.96775e-06 -1.86942e-18
-0.000398611 8.23767e-06 -1.86994e-18
-0.000398611 6.51094e-06 -1.87047e-18
-0.000398611 4.79194e-06 -1.871e-18
-0.000398612 3.08458e-06 -1.87152e-18
-0.000398611 1.3925e-06 -1.87203e-18
-0.000398611 -2.80835e-07 -1.87255e-18
-0.000398611 -1.93209e-06 -1.87305e-18
-0.000398611 -3.55813e-06 -1.87355e-18
-0.00039861 -5.15594e-06 -1.87404e-18
-0.00039861 -6.7227e-06 -1.87452e-18
-0.000398609 -8.25565e-06 -1.87499e-18
-0.000398609 -9.75206e-06 -1.87545e-18
-0.000398608 -1.12092e-05 -1.8759e-18
-0.000398608 -1.26246e-05 -1.87633e-18
-0.000398607 -1.39957e-05 -1.87676e-18
-0.000398606 -1.532e-05 -1.87716e-18
-0.000398606 -1.65821e-05 -1.87756e-18
-0.000398605 -1.77724e-05 -1.87793e-18
-0.000398605 -1.89075e-05 -1.87829e-18
-0.000398604 -1.99893e-05 -1.87863e-18
-0.000398604 -2.1012e-05 -1.87895e-18
-0.000398604 -2.19747e-05 -1.87926e-18
-0.000398603 -2.28739e-05 -1.87954e-18
-0.000398603 -2.3708e-05 -1.87981e-18
-0.000398603 -2.44748e-05 -1.88005e-18
-0.000398603 -2.51728e-05 -1.88028e-18
-0.000398603 -2.58002e-05 -1.88048e-18
-0.000398603 -2.6356e-05 -1.88067e-18
-0.000398607 -2.6838e-05 -1.88083e-18
-0.000398613 -2.72462e-05 -1.88096e-18
-0.000398617 -2.75814e-05 -1.88108e-18
-0.000398622 -2.78439e-05 -1.88117e-18
-0.000398625 -2.80352e-05 -1.88124e-18
-0.000398628 -2.81568e-05 -1.88129e-18
-0.000398631 -2.82105e-05 -1.88132e-18
-0.000398633 -2.81977e-05 -1.88133e-18
-0.000398635 -2.81198e-05 -1.88132e-18
-0.000398636 -2.79786e-05 -1.88129e-18
-0.000398636 -2.77756e-05 -1.88124e-18
-0.000398636 -2.75128e-05 -1.88117e-18
-0.000398635 -2.71917e-05 -1.88108e-18
-0.000398634 -2.68147e-05 -1.88097e-18
-0.000398636 -2.6385e-05 -1.88085e-18
-0.000398639 -2.59057e-05 -1.88072e-18
-0.000398641 -2.53805e-05 -1.88056e-18
-0.000398643 -2.48128e-05 -1.8804e-18
-0.000398644 -2.42062e-05 -1.88022e-18
-0.000398645 -2.35637e-05 -1.88003e-18
-0.000398646 -2.28884e-05 -1.87983e-18
-0.00039865 -2.21818e-05 -1.87962e-18
-0.000398655 -2.14472e-05 -1.87941e-18
-0.000398662 -2.06887e-05 -1.87918e-18
-0.000398671 -1.99092e-05 -1.87895e-18
-0.000398678 -1.9112e-05 -1.87871e-18
-0.000398686 -1.83002e-05 -1.87846e-18
-0.000398694 -1.74767e-05 -1.87821e-18
-0.000398702 -1.66443e-05 -1.87796e-18
-0.000398709 -1.58055e-05 -1.8777e-18
-0.000398717 -1.4963e-05 -1.87745e-18
-0.000398724 -1.41196e-05 -1.87719e-18
-0.000398731 -1.32783e-05 -1.87693e-18
-0.000398738 -1.24418e-05 -1.87667e-18
-0.000398744 -1.16128e-05 -1.87642e-18
-0.00039875 -1.07929e-05 -1.87617e-18
-0.000398756 -9.98355e-06 -1.87591e-18
-0.000398762 -9.18636e-06 -1.87567e-18
-0.000398767 -8.40153e-06 -1.87542e-18
-0.000398772 -7.6294e-06 -1.87518e-18
-0.000398776 -6.87068e-06 -1.87495e-18
-0.00039878 -6.12567e-06 -1.87471e-18
-0.000398783 -5.39491e-06 -1.87448e-18
-0.000398786 -4.6787e-06 -1.87426e-18
-0.000398789 -3.9774e-06 -1.87404e-18
-0.00039879 -3.2914e-06 -1.87383e-18
-0.000398792 -2.62142e-06 -1.87362e-18
-0.000398792 -1.96879e-06 -1.87341e-18
-0.000398793 -1.33536e-06 -1.87321e-18
-0.000398792 -7.23077e-07 -1.87302e-18
-0.000398791 -1.3377e-07 -1.87284e-18
-0.00039879 4.31209e-07 -1.87266e-18
-0.000398787 9.70835e-07 -1.87249e-18
-0.000398785 1.48406e-06 -1.87233e-18
-0.000398781 1.96963e-06 -1.87218e-18
-0.000398777 2.42577e-06 -1.87203e-18
-0.000398773 2.85042e-06 -1.8719e-18
-0.000398768 3.24143e-06 -1.87177e-18
-0.000398762 3.59658e-06 -1.87166e-18
-0.000398756 3.91338e-06 -1.87156e-18
-0.000398749 4.18925e-06 -1.87147e-18
-0.000398742 4.42165e-06 -1.87139e-18
-0.000398734 4.60851e-06 -1.87133e-18
-0.000398726 4.74861e-06 -1.87128e-18
-0.000398718 4.84146e-06 -1.87124e-18
-0.000398709 4.88678e-06 -1.87122e-18
-0.000398699 4.88465e-06 -1.87121e-18
-0.000398689 4.83555e-06 -1.87122e-18
-0.000398679 4.74046e-06 -1.87124e-18
-0.000398668 4.60046e-06 -1.87127e-18
-0.000398657 4.41702e-06 -1.87131e-18
-0.000398646 4.19193e-06 -1.87137e-18
-0.000398634 3.92739e-06 -1.87144e-18
-0.000398622 3.62572e-06 -1.87152e-18
-0.00039861 3.28924e-06 -1.87161e-18
-0.000398601 2.91986e-06 -1.87171e-18
-0.000398601 2.51934e-06 -1.87182e-18
-0.000398603 2.08948e-06 -1.87194e-18
-0.000398603 1.63237e-06 -1.87206e-18
-0.000398604 1.15066e-06 -1.8722e-18
-0.000398604 6.47447e-07 -1.87234e-18
-0.000398605 1.25892e-07 -1.87248e-18
-0.000398606 -4.10948e-07 -1.87263e-18
-0.000398606 -9.60647e-07 -1.87278e-18
-0.000398607 -1.52108e-06 -1.87294e-18
-0.000398607 -2.09021e-06 -1.8731e-18
-0.000398608 -2.6657e-06 -1.87326e-18
-0.000398608 -3.24483e-06 -1.87342e-18
-0.000398616 -3.82455e-06 -1.87358e-18
-0.000398627 -4.40177e-06 -1.87374e-18
-0.000398635 -4.97341e-06 -1.8739e-18
-0.000398651 -5.53667e-06 -1.87406e-18
-0.000398669 -6.08926e-06 -1.87422e-18
-0.000398687 -6.6288e-06 -1.87437e-18
-0.000398705 -7.15268e-06 -1.87451e-18
-0.000398722 -7.65797e-06 -1.87465e-18
-0.000398738 -8.14141e-06 -1.87479e-18
-0.000398754 -8.59977e-06 -1.87491e-18
-0.00039877 -9.02998e-06 -1.87503e-18
-0.000398785 -9.42936e-06 -1.87514e-18
-0.000398799 -9.7955e-06 -1.87524e-18
-0.000398813 -1.01261e-05 -1.87533e-18
-0.000398826 -1.04188e-05 -1.8754e-18
-0.000398838 -1.06705e-05 -1.87547e-18
-0.00039885 -1.08781e-05 -1.87552e-18
-0.00039886 -1.10382e-05 -1.87556e-18
-0.000398871 -1.11481e-05 -1.87558e-18
-0.00039888 -1.12052e-05 -1.87559e-18
-0.000398888 -1.12076e-05 -1.87558e-18
-0.000398896 -1.11535e-05 -1.87555e-18
-0.000398903 -1.10415e-05 -1.87551e-18
-0.000398909 -1.087e-05 -1.87545e-18
-0.000398914 -1.06382e-05 -1.87538e-18
-0.000398919 -1.03451e-05 -1.87528e-18
-0.000398922 -9.99033e-06 -1.87517e-18
-0.000398925 -9.57391e-06 -1.87504e-18
-0.000398927 -9.09671e-06 -1.87489e-18
-0.000398928 -8.5592e-06 -1.87473e-18
-0.000398928 -7.96238e-06 -1.87454e-18
-0.000398928 -7.30857e-06 -1.87434e-18
-0.000398926 -6.60063e-06 -1.87413e-18
-0.000398924 -5.84188e-06 -1.8739e-18
-0.000398921 -5.03557e-06 -1.87366e-18
-0.000398917 -4.18473e-06 -1.8734e-18
-0.000398913 -3.29216e-06 -1.87313e-18
-0.000398908 -2.36085e-06 -1.87285e-18
-0.000398902 -1.3941e-06 -1.87257e-18
-0.000398895 -3.95814e-07 -1.87227e-18
-0.000398888 6.29684e-07 -1.87196e-18
-0.000398881 1.67793e-06 -1.87165e-18
-0.000398873 2.74468e-06 -1.87133e-18
-0.000398864 3.82633e-06 -1.87101e-18
-0.000398855 4.91972e-06 -1.87068e-18
-0.000398851 6.02008e-06 -1.87035e-18
-0.00039885 7.1248e-06 -1.87002e-18
-0.000398846 8.23139e-06 -1.86969e-18
-0.000398843 9.33479e-06 -1.86936e-18
-0.000398839 1.0431e-05 -1.86904e-18
-0.000398836 1.1516e-05 -1.86871e-18
-0.000398832 1.25863e-05 -1.8684e-18
-0.000398828 1.36392e-05 -1.86808e-18
-0.000398824 1.4672e-05 -1.86777e-18
-0.000398819 1.56819e-05 -1.86747e-18
-0.000398815 1.66659e-05 -1.86718e-18
-0.000398813 1.76206e-05 -1.86689e-18
-0.000398812 1.85429e-05 -1.86662e-18
-0.00039881 1.943e-05 -1.86635e-18
-0.000398808 2.02798e-05 -1.8661e-18
-0.000398807 2.10908e-05 -1.86586e-18
-0.000398805 2.18616e-05 -1.86563e-18
-0.000398803 2.25913e-05 -1.86541e-18
-0.000398802 2.32787e-05 -1.8652e-18
-0.0003988 2.39231e-05 -1.86501e-18
-0.000398798 2.45235e-05 -1.86483e-18
-0.0003988 2.50796e-05 -1.86466e-18
-0.000398804 2.55915e-05 -1.86451e-18
-0.000398806 2.60595e-05 -1.86437e-18
-0.000398808 2.64842e-05 -1.86425e-18
-0.00039881 2.68658e-05 -1.86413e-18
-0.000398812 2.72038e-05 -1.86403e-18
-0.000398814 2.74973e-05 -1.86395e-18
-0.000398815 2.77451e-05 -1.86387e-18
-0.000398816 2.79462e-05 -1.86382e-18
-0.000398817 2.80996e-05 -1.86377e-18
-0.000398817 2.82045e-05 -1.86374e-18
-0.000398817 2.826e-05 -1.86373e-18
-0.000398817 2.82653e-05 -1.86373e-18
-0.000398816 2.82197e-05 -1.86375e-18
-0.000398816 2.81227e-05 -1.86378e-18
-0.000398814 2.7974e-05 -1.86383e-18
-0.000398813 2.77733e-05 -1.86389e-18
-0.000398811 2.75208e-05 -1.86397e-18
-0.000398808 2.72167e-05 -1.86407e-18
-0.000398806 2.68617e-05 -1.86418e-18
-0.000398803 2.64564e-05 -1.8643e-18
-0.000398799 2.60019e-05 -1.86444e-18
-0.000398795 2.54994e-05 -1.8646e-18
-0.000398791 2.49503e-05 -1.86476e-18
-0.000398786 2.43561e-05 -1.86495e-18
-0.000398781 2.37177e-05 -1.86514e-18
-0.000398775 2.30359e-05 -1.86535e-18
-0.000398769 2.23118e-05 -1.86557e-18
-0.000398763 2.15463e-05 -1.86581e-18
-0.000398756 2.07411e-05 -1.86605e-18
-0.000398749 1.98982e-05 -1.86631e-18
-0.000398742 1.90196e-05 -1.86658e-18
-0.000398734 1.8107e-05 -1.86685e-18
-0.000398726 1.71611e-05 -1.86714e-18
-0.000398717 1.61822e-05 -1.86744e-18
-0.000398709 1.51702e-05 -1.86775e-18
-0.0003987 1.41257e-05 -1.86807e-18
-0.00039869 1.30491e-05 -1.86839e-18
-0.000398681 1.19416e-05 -1.86873e-18
-0.000398671 1.08042e-05 -1.86908e-18
-0.000398668 9.63577e-06 -1.86943e-18
-0.000398668 8.43821e-06 -1.86979e-18
-0.000398669 7.21399e-06 -1.87017e-18
-0.000398672 5.96287e-06 -1.87055e-18
-0.000398674 4.6867e-06 -1.87093e-18
-0.000398676 3.38738e-06 -1.87133e-18
-0.000398677 2.06793e-06 -1.87173e-18
-0.000398679 7.31424e-07 -1.87213e-18
-0.00039868 -6.19183e-07 -1.87254e-18
-0.000398681 -1.98136e-06 -1.87295e-18
-0.000398681 -3.35296e-06 -1.87337e-18
-0.000398682 -4.73174e-06 -1.87378e-18
-0.000398684 -6.11533e-06 -1.8742e-18
-0.000398685 -7.50093e-06 -1.87462e-18
-0.000398686 -8.88551e-06 -1.87504e-18
-0.000398687 -1.0266e-05 -1.87546e-18
-0.000398689 -1.16392e-05 -1.87587e-18
-0.000398692 -1.30029e-05 -1.87628e-18
-0.000398694 -1.43548e-05 -1.87669e-18
-0.000398696 -1.56926e-05 -1.87709e-18
-0.000398697 -1.70142e-05 -1.87749e-18
-0.000398698 -1.83174e-05 -1.87789e-18
-0.000398698 -1.95997e-05 -1.87828e-18
-0.000398698 -2.08588e-05 -1.87866e-18
-0.000398698 -2.20925e-05 -1.87903e-18
-0.000398697 -2.32948e-05 -1.8794e-18
-0.000398695 -2.44463e-05 -1.87975e-18
-0.000398693 -2.55602e-05 -1.88009e-18
-0.000398691 -2.66452e-05 -1.88043e-18
-0.000398688 -2.76925e-05 -1.88075e-18
-0.000398685 -2.87045e-05 -1.88106e-18
-0.000398681 -2.96771e-05 -1.88137e-18
-0.000398677 -3.06103e-05 -1.88166e-18
-0.000398673 -3.15015e-05 -1.88193e-18
-0.000398668 -3.23497e-05 -1.8822e-18
-0.000398663 -3.3153e-05 -1.88245e-18
-0.000398657 -3.39108e-05 -1.88269e-18
-0.000398656 -3.4621e-05 -1.88292e-18
-0.000398659 -3.52848e-05 -1.88313e-18
-0.00039866 -3.5904e-05 -1.88333e-18
-0.000398665 -3.64787e-05 -1.88352e-18
-0.000398672 -3.70095e-05 -1.8837e-18
-0.000398678 -3.74965e-05 -1.88386e-18
-0.000398684 -3.79401e-05 -1.88402e-18
-0.000398689 -3.83411e-05 -1.88415e-18
-0.000398695 -3.87004e-05 -1.88428e-18
-0.0003987 -3.90193e-05 -1.8844e-18
-0.000398705 -3.92995e-05 -1.8845e-18
-0.00039871 -3.95426e-05 -1.8846e-18
-0.000398715 -3.97508e-05 -1.88468e-18
-0.00039872 -3.99263e-05 -1.88475e-18
-0.000398725 -4.00715e-05 -1.88482e-18
-0.000398729 -4.01893e-05 -1.88488e-18
-0.000398733 -4.02827e-05 -1.88493e-18
-0.000398738 -4.03551e-05 -1.88497e-18
-0.000398742 -4.041e-05 -1.88501e-18
-0.000398753 -4.0451e-05 -1.88504e-18
-0.000398767 -4.04811e-05 -1.88508e-18
-0.000398779 -4.05035e-05 -1.88511e-18
-0.0003988 -4.05215e-05 -1.88514e-18
-0.000398823 -4.05379e-05 -1.88517e-18
-0.000398846 -4.05558e-05 -1.8852e-18
-0.000398872 -4.05787e-05 -1.88523e-18
-0.000398898 -4.06097e-05 -1.88527e-18
-0.000398925 -4.0652e-05 -1.8853e-18
-0.000398951 -4.07089e-05 -1.88534e-18
-0.000398977 -4.07836e-05 -1.88539e-18
-0.000399003 -4.0879e-05 -1.88544e-18
-0.000399029 -4.0998e-05 -1.8855e-18
-0.000399055 -4.11434e-05 -1.88557e-18
-0.000399081 -4.13174e-05 -1.88564e-18
-0.000399107 -4.15224e-05 -1.88573e-18
-0.000399132 -4.17603e-05 -1.88582e-18
-0.000399158 -4.20325e-05 -1.88592e-18
-0.000399183 -4.23399e-05 -1.88604e-18
-0.000399208 -4.26832e-05 -1.88616e-18
-0.000399234 -4.30632e-05 -1.8863e-18
-0.000399259 -4.34807e-05 -1.88644e-18
-0.000399283 -4.3937e-05 -1.8866e-18
-0.000399308 -4.4433e-05 -1.88677e-18
-0.000399332 -4.49695e-05 -1.88695e-18
-0.000399356 -4.55469e-05 -1.88714e-18
-0.00039938 -4.61653e-05 -1.88735e-18
-0.000399404 -4.68246e-05 -1.88757e-18
-0.000399427 -4.75244e-05 -1.88779e-18
-0.00039945 -4.82633e-05 -1.88804e-18
-0.000399473 -4.90395e-05 -1.88829e-18
-0.000399495 -4.98507e-05 -1.88855e-18
-0.000399517 -5.06948e-05 -1.88882e-18
-0.000399539 -5.15687e-05 -1.88911e-18
-0.000399561 -5.24692e-05 -1.8894e-18
-0.000399582 -5.33928e-05 -1.88969e-18
-0.000399603 -5.43364e-05 -1.89e-18
-0.000399624 -5.52969e-05 -1.89031e-18
-0.000399644 -5.62712e-05 -1.89062e-18
-0.000399664 -5.72566e-05 -1.89094e-18
-0.000399684 -5.82502e-05 -1.89126e-18
-0.000399703 -5.92486e-05 -1.89158e-18
-0.000399723 -6.02483e-05 -1.8919e-18
-0.000399741 -6.1246e-05 -1.89223e-18
-0.00039976 -6.22383e-05 -1.89255e-18
-0.000399777 -6.32224e-05 -1.89287e-18
-0.000399795 -6.41953e-05 -1.89318e-18
-0.000399812 -6.51544e-05 -1.8935e-18
-0.000399829 -6.60973e-05 -1.8938e-18
-0.000399846 -6.70216e-05 -1.89411e-18
-0.000399862 -6.7925e-05 -1.8944e-18
-0.000399877 -6.88055e-05 -1.89469e-18
-0.000399892 -6.96611e-05 -1.89498e-18
-0.000399907 -7.04905e-05 -1.89525e-18
-0.000399921 -7.12928e-05 -1.89552e-18
-0.000399935 -7.2067e-05 -1.89577e-18
-0.000399949 -7.28128e-05 -1.89602e-18
-0.000399961 -7.35299e-05 -1.89626e-18
-0.000399974 -7.42187e-05 -1.89649e-18
-0.000399985 -7.48795e-05 -1.89671e-18
-0.000399997 -7.55129e-05 -1.89692e-18
-0.000400007 -7.61194e-05 -1.89713e-18
-0.000400017 -7.66998e-05 -1.89732e-18
-0.000400027 -7.72547e-05 -1.89751e-18
-0.000400036 -7.77849e-05 -1.89768e-18
-0.000400044 -7.82913e-05 -1.89785e-18
-0.000400052 -7.87751e-05 -1.89801e-18
-0.000400059 -7.92373e-05 -1.89817e-18
-0.000400065 -7.96787e-05 -1.89831e-18
-0.000400071 -8.00997e-05 -1.89845e-18
-0.000400076 -8.05004e-05 -1.89858e-18
-0.000400081 -8.08806e-05 -1.8987e-18
-0.000400085 -8.12401e-05 -1.89882e-18
-0.000400088 -8.15786e-05 -1.89892e-18
-0.000400091 -8.18958e-05 -1.89902e-18
-0.000400094 -8.21912e-05 -1.89911e-18
-0.000400096 -8.24642e-05 -1.89919e-18
-0.000400097 -8.27142e-05 -1.89927e-18
-0.000400098 -8.29406e-05 -1.89933e-18
-0.000400098 -8.31424e-05 -1.89939e-18
-0.000400098 -8.33189e-05 -1.89944e-18
-0.000400097 -8.34688e-05 -1.89948e-18
-0.000400096 -8.35913e-05 -1.89951e-18
-0.000400094 -8.3686e-05 -1.89953e-18
-0.000400091 -8.37524e-05 -1.89954e-18
-0.000400088 -8.37898e-05 -1.89954e-18
-0.000400085 -8.37973e-05 -1.89953e-18
-0.000400081 -8.37738e-05 -1.89951e-18
-0.000400077 -8.37185e-05 -1.89948e-18
-0.000400072 -8.36301e-05 -1.89944e-18
-0.000400067 -8.35075e-05 -1.89939e-18
-0.000400062 -8.33496e-05 -1.89933e-18
-0.000400056 -8.31549e-05 -1.89925e-18
-0.000400049 -8.29221e-05 -1.89917e-18
-0.000400042 -8.26493e-05 -1.89907e-18
-0.000400035 -8.2335e-05 -1.89896e-18
-0.000400028 -8.19777e-05 -1.89884e-18
-0.00040002 -8.1576e-05 -1.8987e-18
-0.000400011 -8.11289e-05 -1.89855e-18
-0.000400002 -8.06353e-05 -1.89839e-18
-0.000399993 -8.00947e-05 -1.89821e-18
-0.000399983 -7.95067e-05 -1.89802e-18
-0.000399973 -7.88715e-05 -1.89782e-18
-0.000399963 -7.81892e-05 -1.8976e-18
-0.000399952 -7.74604e-05 -1.89736e-18
-0.00039994 -7.66856e-05 -1.89712e-18
-0.000399928 -7.58657e-05 -1.89686e-18
-0.000399916 -7.50015e-05 -1.89659e-18
-0.000399903 -7.40944e-05 -1.8963e-18
-0.000399889 -7.31459e-05 -1.89601e-18
-0.000399875 -7.2158e-05 -1.8957e-18
-0.000399861 -7.11328e-05 -1.89538e-18
-0.000399846 -7.00726e-05 -1.89505e-18
-0.000399831 -6.89795e-05 -1.89471e-18
-0.000399815 -6.78558e-05 -1.89436e-18
-0.000399798 -6.67037e-05 -1.89401e-18
-0.000399781 -6.55259e-05 -1.89364e-18
-0.000399763 -6.43254e-05 -1.89328e-18
-0.000399745 -6.31054e-05 -1.8929e-18
-0.000399727 -6.18694e-05 -1.89252e-18
-0.000399708 -6.06206e-05 -1.89214e-18
-0.000399688 -5.93621e-05 -1.89175e-18
-0.000399668 -5.80968e-05 -1.89136e-18
-0.000399647 -5.68275e-05 -1.89097e-18
-0.000399626 -5.55569e-05 -1.89058e-18
-0.000399605 -5.42882e-05 -1.89019e-18
-0.000399582 -5.30242e-05 -1.8898e-18
-0.00039956 -5.17679e-05 -1.88941e-18
-0.000399537 -5.05219e-05 -1.88902e-18
-0.000399513 -4.92884e-05 -1.88864e-18
-0.00039949 -4.80692e-05 -1.88826e-18
-0.000399465 -4.68659e-05 -1.88789e-18
-0.00039944 -4.568e-05 -1.88752e-18
-0.000399415 -4.4513e-05 -1.88716e-18
-0.00039939 -4.33659e-05 -1.8868e-18
-0.000399364 -4.22401e-05 -1.88644e-18
-0.000399337 -4.11362e-05 -1.88609e-18
-0.00039931 -4.00549e-05 -1.88575e-18
-0.000399283 -3.89967e-05 -1.88541e-18
-0.000399256 -3.79615e-05 -1.88508e-18
-0.000399228 -3.69493e-05 -1.88476e-18
-0.000399199 -3.59598e-05 -1.88444e-18
-0.000399171 -3.49923e-05 -1.88413e-18
-0.000399142 -3.4046e-05 -1.88382e-18
-0.000399112 -3.31196e-05 -1.88352e-18
-0.000399083 -3.22115e-05 -1.88322e-18
-0.000399053 -3.13198e-05 -1.88293e-18
-0.000399022 -3.04422e-05 -1.88264e-18
-0.000398992 -2.95764e-05 -1.88235e-18
-0.000398961 -2.87203e-05 -1.88206e-18
-0.000398929 -2.78719e-05 -1.88178e-18
-0.000398898 -2.70291e-05 -1.8815e-18
-0.000398866 -2.61898e-05 -1.88122e-18
-0.000398834 -2.53523e-05 -1.88094e-18
-0.000398801 -2.45151e-05 -1.88065e-18
-0.000398778 -2.36769e-05 -1.88037e-18
-0.000398766 -2.28332e-05 -1.88009e-18
-0.000398756 -2.19834e-05 -1.87981e-18
-0.000398744 -2.11281e-05 -1.87953e-18
-0.000398733 -2.02642e-05 -1.87924e-18
-0.000398721 -1.9391e-05 -1.87895e-18
-0.00039871 -1.85063e-05 -1.87866e-18
-0.000398698 -1.76094e-05 -1.87836e-18
-0.000398686 -1.67026e-05 -1.87806e-18
-0.000398676 -1.57815e-05 -1.87776e-18
-0.000398667 -1.48428e-05 -1.87745e-18
-0.000398664 -1.38868e-05 -1.87714e-18
-0.000398664 -1.29114e-05 -1.87682e-18
-0.000398662 -1.19165e-05 -1.8765e-18
-0.00039866 -1.09005e-05 -1.87617e-18
-0.000398658 -9.8631e-06 -1.87583e-18
-0.000398657 -8.80334e-06 -1.87549e-18
-0.000398654 -7.72088e-06 -1.87515e-18
-0.000398653 -6.61534e-06 -1.87479e-18
-0.00039865 -5.48662e-06 -1.87443e-18
-0.000398648 -4.33475e-06 -1.87407e-18
-0.000398646 -3.16015e-06 -1.87369e-18
-0.000398643 -1.9637e-06 -1.87332e-18
-0.000398641 -7.46695e-07 -1.87293e-18
-0.000398646 4.89638e-07 -1.87254e-18
-0.000398662 1.74316e-06 -1.87215e-18
-0.000398677 3.01142e-06 -1.87176e-18
-0.000398691 4.29188e-06 -1.87136e-18
-0.000398706 5.58155e-06 -1.87096e-18
-0.00039872 6.87774e-06 -1.87056e-18
-0.000398735 8.17774e-06 -1.87015e-18
-0.000398749 9.47911e-06 -1.86975e-18
-0.000398776 1.07766e-05 -1.86935e-18
-0.000398806 1.20692e-05 -1.86895e-18
-0.000398833 1.33575e-05 -1.86855e-18
-0.000398861 1.46387e-05 -1.86815e-18
-0.000398889 1.59121e-05 -1.86775e-18
-0.000398917 1.7176e-05 -1.86736e-18
-0.000398944 1.8429e-05 -1.86697e-18
-0.000398971 1.96695e-05 -1.86659e-18
-0.000398998 2.0896e-05 -1.8662e-18
-0.000399025 2.21072e-05 -1.86583e-18
-0.000399052 2.33016e-05 -1.86545e-18
-0.000399078 2.44778e-05 -1.86508e-18
-0.000399104 2.56346e-05 -1.86472e-18
-0.00039913 2.6771e-05 -1.86436e-18
-0.000399156 2.78863e-05 -1.86401e-18
-0.000399182 2.89797e-05 -1.86367e-18
-0.000399207 3.00509e-05 -1.86333e-18
-0.000399232 3.10997e-05 -1.86299e-18
-0.000399257 3.21263e-05 -1.86267e-18
-0.000399281 3.31311e-05 -1.86235e-18
-0.000399305 3.41149e-05 -1.86204e-18
-0.000399329 3.50784e-05 -1.86173e-18
-0.000399352 3.60227e-05 -1.86143e-18
-0.000399375 3.69487e-05 -1.86113e-18
-0.000399398 3.78577e-05 -1.86084e-18
-0.00039942 3.87511e-05 -1.86055e-18
-0.000399442 3.96301e-05 -1.86027e-18
-0.000399464 4.04962e-05 -1.85999e-18
-0.000399485 4.1351e-05 -1.85972e-18
-0.000399505 4.21958e-05 -1.85944e-18
-0.000399525 4.30325e-05 -1.85918e-18
-0.000399545 4.38626e-05 -1.85891e-18
-0.000399564 4.4688e-05 -1.85865e-18
-0.000399582 4.551e-05 -1.85838e-18
-0.0003996 4.63294e-05 -1.85812e-18
-0.000399618 4.71467e-05 -1.85786e-18
-0.000399635 4.7962e-05 -1.85761e-18
-0.000399652 4.87753e-05 -1.85735e-18
-0.000399668 4.9586e-05 -1.85709e-18
-0.000399684 5.03932e-05 -1.85684e-18
-0.0003997 5.11958e-05 -1.85659e-18
-0.000399715 5.19927e-05 -1.85634e-18
-0.000399729 5.27828e-05 -1.85609e-18
-0.000399743 5.35652e-05 -1.85585e-18
-0.000399757 5.43389e-05 -1.85561e-18
-0.00039977 5.51028e-05 -1.85537e-18
-0.000399783 5.58562e-05 -1.85514e-18
-0.000399796 5.65986e-05 -1.85491e-18
-0.000399808 5.73293e-05 -1.85469e-18
-0.000399819 5.80478e-05 -1.85447e-18
-0.000399831 5.87531e-05 -1.85425e-18
-0.000399841 5.94442e-05 -1.85404e-18
-0.000399852 6.01199e-05 -1.85384e-18
-0.000399862 6.07793e-05 -1.85364e-18
-0.000399872 6.14214e-05 -1.85344e-18
-0.000399881 6.20457e-05 -1.85325e-18
-0.00039989 6.26515e-05 -1.85307e-18
-0.000399898 6.32378e-05 -1.85289e-18
-0.000399907 6.38036e-05 -1.85272e-18
-0.000399914 6.43472e-05 -1.85256e-18
-0.000399922 6.4867e-05 -1.8524e-18
-0.000399929 6.53616e-05 -1.85225e-18
-0.000399936 6.58299e-05 -1.85211e-18
-0.000399943 6.62708e-05 -1.85198e-18
-0.000399949 6.66836e-05 -1.85186e-18
-0.000399955 6.70673e-05 -1.85175e-18
-0.000399961 6.74212e-05 -1.85164e-18
-0.000399966 6.77444e-05 -1.85155e-18
-0.000399971 6.8036e-05 -1.85146e-18
-0.000399976 6.82956e-05 -1.85138e-18
-0.00039998 6.85227e-05 -1.85132e-18
-0.000399984 6.87172e-05 -1.85126e-18
-0.000399988 6.8879e-05 -1.85121e-18
-0.000399992 6.90082e-05 -1.85117e-18
-0.000399995 6.91049e-05 -1.85115e-18
-0.000399997 6.91692e-05 -1.85113e-18
-0.0004 6.92015e-05 -1.85112e-18
-0.000400002 6.9202e-05 -1.85112e-18
-0.000400004 6.91708e-05 -1.85113e-18
-0.000400005 6.9108e-05 -1.85115e-18
-0.000400006 6.90137e-05 -1.85118e-18
-0.000400007 6.88884e-05 -1.85121e-18
-0.000400007 6.87329e-05 -1.85126e-18
-0.000400007 6.85482e-05 -1.85132e-18
-0.000400007 6.83357e-05 -1.85138e-18
-0.000400006 6.80965e-05 -1.85145e-18
-0.000400004 6.78315e-05 -1.85153e-18
-0.000400003 6.75414e-05 -1.85162e-18
-0.000400001 6.7227e-05 -1.85171e-18
-0.000399999 6.68893e-05 -1.85181e-18
-0.000399996 6.65295e-05 -1.85192e-18
-0.000399992 6.61489e-05 -1.85203e-18
-0.000399989 6.57493e-05 -1.85215e-18
-0.000399985 6.5332e-05 -1.85228e-18
-0.00039998 6.48986e-05 -1.85241e-18
-0.000399975 6.44506e-05 -1.85254e-18
-0.00039997 6.39894e-05 -1.85268e-18
-0.000399964 6.35164e-05 -1.85282e-18
-0.000399957 6.30334e-05 -1.85297e-18
-0.00039995 6.2542e-05 -1.85312e-18
-0.000399943 6.20439e-05 -1.85327e-18
-0.000399935 6.15403e-05 -1.85342e-18
-0.000399927 6.10319e-05 -1.85358e-18
-0.000399918 6.05188e-05 -1.85373e-18
-0.000399909 6.00007e-05 -1.85389e-18
-0.000399899 5.94775e-05 -1.85406e-18
-0.000399889 5.89488e-05 -1.85422e-18
-0.000399879 5.84142e-05 -1.85439e-18
-0.000399868 5.7873e-05 -1.85455e-18
-0.000399857 5.73249e-05 -1.85473e-18
-0.000399845 5.67693e-05 -1.8549e-18
-0.000399833 5.62062e-05 -1.85508e-18
-0.00039982 5.56351e-05 -1.85526e-18
-0.000399808 5.5056e-05 -1.85544e-18
-0.000399794 5.4469e-05 -1.85563e-18
-0.00039978 5.38747e-05 -1.85581e-18
-0.000399766 5.32734e-05 -1.85601e-18
-0.000399752 5.26654e-05 -1.8562e-18
-0.000399737 5.20501e-05 -1.8564e-18
-0.000399721 5.14266e-05 -1.85659e-18
-0.000399706 5.07939e-05 -1.8568e-18
-0.00039969 5.01504e-05 -1.857e-18
-0.000399673 4.94944e-05 -1.85721e-18
-0.000399657 4.88236e-05 -1.85743e-18
-0.00039964 4.81356e-05 -1.85765e-18
-0.000399622 4.74283e-05 -1.85787e-18
-0.000399605 4.66998e-05 -1.8581e-18
-0.000399587 4.59485e-05 -1.85834e-18
-0.000399569 4.51729e-05 -1.85859e-18
-0.000399551 4.43717e-05 -1.85884e-18
-0.000399532 4.35437e-05 -1.8591e-18
-0.000399513 4.26884e-05 -1.85937e-18
-0.000399494 4.18051e-05 -1.85965e-18
-0.000399474 4.08935e-05 -1.85994e-18
-0.000399454 3.99534e-05 -1.86023e-18
-0.000399434 3.8985e-05 -1.86053e-18
-0.000399413 3.79886e-05 -1.86084e-18
-0.000399392 3.69647e-05 -1.86116e-18
-0.00039937 3.59138e-05 -1.86149e-18
-0.000399349 3.48368e-05 -1.86182e-18
-0.000399326 3.37344e-05 -1.86216e-18
-0.000399304 3.26078e-05 -1.86251e-18
-0.000399281 3.14583e-05 -1.86287e-18
-0.000399258 3.02878e-05 -1.86323e-18
-0.000399234 2.9098e-05 -1.86359e-18
-0.00039921 2.78909e-05 -1.86397e-18
-0.000399185 2.66682e-05 -1.86434e-18
-0.00039916 2.54316e-05 -1.86472e-18
-0.000399135 2.41829e-05 -1.86511e-18
-0.000399109 2.29238e-05 -1.8655e-18
-0.000399083 2.16563e-05 -1.86589e-18
-0.000399056 2.03821e-05 -1.86628e-18
-0.000399029 1.91032e-05 -1.86668e-18
-0.000399002 1.78214e-05 -1.86707e-18
-0.000398975 1.65385e-05 -1.86747e-18
-0.000398947 1.52564e-05 -1.86787e-18
-0.000398919 1.39769e-05 -1.86826e-18
-0.00039889 1.27015e-05 -1.86866e-18
-0.000398863 1.1432e-05 -1.86905e-18
-0.000398836 1.01701e-05 -1.86945e-18
-0.000398812 8.91643e-06 -1.86984e-18
-0.000398795 7.67042e-06 -1.87023e-18
-0.00039878 6.43424e-06 -1.87062e-18
-0.000398764 5.2094e-06 -1.871e-18
-0.000398748 3.99495e-06 -1.87138e-18
-0.000398732 2.79102e-06 -1.87176e-18
-0.000398715 1.59678e-06 -1.87214e-18
-0.000398699 4.11532e-07 -1.87252e-18
-0.000398687 -7.65677e-07 -1.87289e-18
-0.000398687 -1.93558e-06 -1.87326e-18
-0.000398688 -3.09955e-06 -1.87363e-18
-0.000398687 -4.25897e-06 -1.874e-18
-0.000398688 -5.4148e-06 -1.87437e-18
-0.000398688 -6.5683e-06 -1.87474e-18
-0.000398688 -7.72062e-06 -1.87511e-18
-0.000398688 -8.87297e-06 -1.87548e-18
-0.000398688 -1.00265e-05 -1.87585e-18
-0.000398688 -1.11822e-05 -1.87621e-18
-0.000398688 -1.23411e-05 -1.87658e-18
-0.000398687 -1.35041e-05 -1.87696e-18
-0.000398687 -1.46718e-05 -1.87733e-18
-0.000398687 -1.5845e-05 -1.8777e-18
-0.000398687 -1.70237e-05 -1.87808e-18
-0.000398686 -1.81869e-05 -1.87845e-18
-0.000398686 -1.93384e-05 -1.87882e-18
-0.000398692 -2.04963e-05 -1.8792e-18
-0.000398699 -2.16576e-05 -1.87957e-18
-0.000398705 -2.28234e-05 -1.87995e-18
-0.000398712 -2.39921e-05 -1.88033e-18
-0.000398728 -2.51614e-05 -1.88071e-18
-0.00039875 -2.6332e-05 -1.88109e-18
-0.00039877 -2.75069e-05 -1.88147e-18
-0.000398791 -2.86849e-05 -1.88185e-18
-0.00039882 -2.98675e-05 -1.88224e-18
-0.000398852 -3.10542e-05 -1.88262e-18
-0.000398882 -3.22454e-05 -1.88301e-18
-0.000398913 -3.34413e-05 -1.8834e-18
-0.000398943 -3.46421e-05 -1.88379e-18
-0.000398974 -3.58477e-05 -1.88418e-18
-0.000399004 -3.7058e-05 -1.88457e-18
-0.000399034 -3.8273e-05 -1.88497e-18
-0.000399064 -3.94921e-05 -1.88536e-18
-0.000399093 -4.07149e-05 -1.88576e-18
-0.000399123 -4.19403e-05 -1.88615e-18
-0.000399152 -4.31673e-05 -1.88655e-18
-0.000399181 -4.43951e-05 -1.88694e-18
-0.00039921 -4.56225e-05 -1.88734e-18
-0.000399238 -4.68485e-05 -1.88774e-18
-0.000399267 -4.80719e-05 -1.88813e-18
-0.000399295 -4.92915e-05 -1.88852e-18
-0.000399323 -5.05059e-05 -1.88891e-18
-0.000399351 -5.17135e-05 -1.8893e-18
-0.000399379 -5.29126e-05 -1.88969e-18
-0.000399406 -5.41016e-05 -1.89007e-18
-0.000399433 -5.52788e-05 -1.89045e-18
-0.00039946 -5.64425e-05 -1.89083e-18
-0.000399487 -5.75912e-05 -1.8912e-18
-0.000399513 -5.87232e-05 -1.89156e-18
-0.00039954 -5.98375e-05 -1.89192e-18
-0.000399566 -6.09333e-05 -1.89228e-18
-0.000399592 -6.20097e-05 -1.89262e-18
-0.000399617 -6.30661e-05 -1.89297e-18
-0.000399642 -6.41021e-05 -1.8933e-18
-0.000399667 -6.51177e-05 -1.89363e-18
-0.000399692 -6.61126e-05 -1.89396e-18
-0.000399716 -6.70868e-05 -1.89427e-18
-0.000399741 -6.80399e-05 -1.89458e-18
-0.000399764 -6.89712e-05 -1.89489e-18
-0.000399788 -6.98803e-05 -1.89519e-18
-0.000399811 -7.07668e-05 -1.89548e-18
-0.000399834 -7.16301e-05 -1.89576e-18
-0.000399857 -7.24701e-05 -1.89604e-18
-0.000399879 -7.32865e-05 -1.89631e-18
-0.000399901 -7.40792e-05 -1.89657e-18
-0.000399923 -7.48485e-05 -1.89683e-18
-0.000399944 -7.55945e-05 -1.89708e-18
-0.000399965 -7.63178e-05 -1.89732e-18
-0.000399986 -7.70187e-05 -1.89755e-18
-0.000400006 -7.76978e-05 -1.89778e-18
-0.000400026 -7.83556e-05 -1.898e-18
-0.000400045 -7.89924e-05 -1.89821e-18
-0.000400064 -7.96091e-05 -1.89842e-18
-0.000400083 -8.02067e-05 -1.89862e-18
-0.000400101 -8.07866e-05 -1.89882e-18
-0.000400118 -8.13499e-05 -1.89901e-18
-0.000400135 -8.18981e-05 -1.89919e-18
-0.000400152 -8.24329e-05 -1.89937e-18
-0.000400168 -8.29561e-05 -1.89955e-18
-0.000400183 -8.34693e-05 -1.89972e-18
-0.000400198 -8.39743e-05 -1.89989e-18
-0.000400213 -8.44723e-05 -1.90006e-18
-0.000400227 -8.49644e-05 -1.90022e-18
-0.00040024 -8.54518e-05 -1.90038e-18
-0.000400253 -8.59352e-05 -1.90054e-18
-0.000400266 -8.64151e-05 -1.90069e-18
-0.000400277 -8.68922e-05 -1.90085e-18
-0.000400289 -8.73666e-05 -1.901e-18
-0.0004003 -8.78383e-05 -1.90115e-18
-0.00040031 -8.83063e-05 -1.9013e-18
-0.00040032 -8.87695e-05 -1.90145e-18
-0.000400329 -8.92262e-05 -1.90159e-18
-0.000400338 -8.96748e-05 -1.90173e-18
-0.000400347 -9.01139e-05 -1.90187e-18
-0.000400355 -9.05421e-05 -1.902e-18
-0.000400362 -9.09578e-05 -1.90213e-18
-0.00040037 -9.13594e-05 -1.90225e-18
-0.000400376 -9.17449e-05 -1.90237e-18
-0.000400383 -9.21117e-05 -1.90248e-18
-0.000400389 -9.24576e-05 -1.90258e-18
-0.000400395 -9.27802e-05 -1.90268e-18
-0.0004004 -9.30775e-05 -1.90277e-18
-0.000400405 -9.33476e-05 -1.90285e-18
-0.000400409 -9.35887e-05 -1.90292e-18
-0.000400413 -9.3799e-05 -1.90299e-18
-0.000400417 -9.3977e-05 -1.90304e-18
-0.00040042 -9.41208e-05 -1.90308e-18
-0.000400423 -9.42291e-05 -1.90311e-18
-0.000400425 -9.43004e-05 -1.90314e-18
-0.000400427 -9.43336e-05 -1.90315e-18
-0.000400429 -9.43274e-05 -1.90314e-18
-0.00040043 -9.42806e-05 -1.90313e-18
-0.000400431 -9.4193e-05 -1.9031e-18
-0.000400431 -9.40641e-05 -1.90306e-18
-0.000400431 -9.38938e-05 -1.90301e-18
-0.00040043 -9.36823e-05 -1.90295e-18
-0.000400429 -9.34299e-05 -1.90287e-18
-0.000400427 -9.31377e-05 -1.90279e-18
-0.000400425 -9.28071e-05 -1.90269e-18
-0.000400422 -9.24399e-05 -1.90258e-18
-0.000400418 -9.20377e-05 -1.90245e-18
-0.000400414 -9.16025e-05 -1.90232e-18
-0.000400409 -9.11361e-05 -1.90218e-18
-0.000400403 -9.06406e-05 -1.90203e-18
-0.000400397 -9.01178e-05 -1.90187e-18
-0.00040039 -8.95694e-05 -1.90171e-18
-0.000400383 -8.89965e-05 -1.90153e-18
-0.000400375 -8.84006e-05 -1.90135e-18
-0.000400366 -8.77828e-05 -1.90116e-18
-0.000400357 -8.71447e-05 -1.90096e-18
-0.000400347 -8.64874e-05 -1.90076e-18
-0.000400336 -8.58125e-05 -1.90055e-18
-0.000400325 -8.51211e-05 -1.90034e-18
-0.000400313 -8.44148e-05 -1.90012e-18
-0.000400301 -8.36949e-05 -1.89989e-18
-0.000400287 -8.29629e-05 -1.89966e-18
-0.000400274 -8.22201e-05 -1.89943e-18
-0.000400259 -8.14678e-05 -1.89919e-18
-0.000400244 -8.07073e-05 -1.89896e-18
-0.000400228 -7.99397e-05 -1.89871e-18
-0.000400212 -7.9166e-05 -1.89847e-18
-0.000400195 -7.83867e-05 -1.89822e-18
-0.000400177 -7.7602e-05 -1.89797e-18
-0.000400159 -7.6812e-05 -1.89772e-18
-0.000400141 -7.60167e-05 -1.89746e-18
-0.000400122 -7.52163e-05 -1.8972e-18
-0.000400102 -7.44111e-05 -1.89694e-18
-0.000400082 -7.36012e-05 -1.89668e-18
-0.000400061 -7.2787e-05 -1.89642e-18
-0.00040004 -7.19693e-05 -1.89615e-18
-0.000400018 -7.11489e-05 -1.89589e-18
-0.000399995 -7.0327e-05 -1.89562e-18
-0.000399973 -6.95043e-05 -1.89535e-18
-0.000399949 -6.86812e-05 -1.89508e-18
-0.000399926 -6.78579e-05 -1.89481e-18
-0.000399901 -6.70343e-05 -1.89454e-18
-0.000399877 -6.62105e-05 -1.89427e-18
-0.000399852 -6.53859e-05 -1.894e-18
-0.000399827 -6.45602e-05 -1.89373e-18
-0.000399801 -6.37326e-05 -1.89345e-18
-0.000399775 -6.29027e-05 -1.89318e-18
-0.000399748 -6.20698e-05 -1.8929e-18
-0.000399721 -6.12333e-05 -1.89263e-18
-0.000399694 -6.03924e-05 -1.89235e-18
-0.000399667 -5.95465e-05 -1.89207e-18
-0.000399639 -5.86942e-05 -1.89178e-18
-0.000399611 -5.78342e-05 -1.8915e-18
-0.000399583 -5.69649e-05 -1.89121e-18
-0.000399554 -5.60847e-05 -1.89092e-18
-0.000399526 -5.51919e-05 -1.89063e-18
-0.000399497 -5.42844e-05 -1.89033e-18
-0.000399467 -5.33602e-05 -1.89002e-18
-0.000399438 -5.24176e-05 -1.88972e-18
-0.000399408 -5.14553e-05 -1.8894e-18
-0.000399378 -5.04722e-05 -1.88908e-18
-0.000399348 -4.94674e-05 -1.88876e-18
-0.000399318 -4.84404e-05 -1.88842e-18
-0.000399287 -4.73913e-05 -1.88808e-18
-0.000399257 -4.63211e-05 -1.88774e-18
-0.000399225 -4.52304e-05 -1.88739e-18
-0.000399194 -4.41206e-05 -1.88703e-18
-0.000399163 -4.29929e-05 -1.88667e-18
-0.000399131 -4.18489e-05 -1.88631e-18
-0.000399099 -4.06904e-05 -1.88594e-18
-0.000399068 -3.95189e-05 -1.88556e-18
-0.000399035 -3.83365e-05 -1.88519e-18
-0.000399003 -3.71448e-05 -1.88481e-18
-0.000398971 -3.59457e-05 -1.88443e-18
-0.000398939 -3.47411e-05 -1.88404e-18
-0.000398906 -3.35327e-05 -1.88366e-18
-0.000398873 -3.2322e-05 -1.88328e-18
-0.000398841 -3.11107e-05 -1.88289e-18
-0.000398816 -2.99005e-05 -1.88251e-18
-0.000398794 -2.8693e-05 -1.88213e-18
-0.000398773 -2.74901e-05 -1.88175e-18
-0.000398754 -2.62939e-05 -1.88137e-18
-0.000398733 -2.51057e-05 -1.88099e-18
-0.000398723 -2.39238e-05 -1.88062e-18
-0.000398715 -2.275e-05 -1.88025e-18
-0.000398712 -2.15869e-05 -1.87988e-18
-0.000398712 -2.04334e-05 -1.87952e-18
-0.00039871 -1.92934e-05 -1.87915e-18
-0.000398709 -1.81684e-05 -1.8788e-18
-0.000398707 -1.70539e-05 -1.87844e-18
-0.000398706 -1.59486e-05 -1.87809e-18
-0.000398704 -1.48527e-05 -1.87774e-18
-0.000398703 -1.37656e-05 -1.87739e-18
-0.000398701 -1.26867e-05 -1.87705e-18
-0.000398699 -1.16155e-05 -1.8767e-18
-0.000398698 -1.05508e-05 -1.87636e-18
-0.000398696 -9.49169e-06 -1.87602e-18
-0.000398695 -8.43681e-06 -1.87568e-18
-0.000398693 -7.385e-06 -1.87535e-18
-0.000398691 -6.33521e-06 -1.87501e-18
-0.00039869 -5.28648e-06 -1.87467e-18
-0.000398688 -4.2379e-06 -1.87434e-18
-0.000398688 -3.18854e-06 -1.874e-18
-0.000398692 -2.13768e-06 -1.87366e-18
-0.000398704 -1.08435e-06 -1.87333e-18
-0.000398719 -2.82319e-08 -1.87299e-18
-0.000398732 1.03107e-06 -1.87265e-18
-0.000398745 2.09376e-06 -1.87231e-18
-0.000398758 3.15961e-06 -1.87197e-18
-0.000398771 4.22849e-06 -1.87163e-18
-0.000398784 5.30011e-06 -1.87129e-18
-0.000398796 6.37424e-06 -1.87095e-18
-0.000398809 7.45053e-06 -1.87061e-18
-0.000398822 8.52864e-06 -1.87027e-18
-0.000398844 9.60565e-06 -1.86993e-18
-0.000398868 1.06824e-05 -1.86959e-18
-0.00039889 1.1761e-05 -1.86925e-18
-0.000398914 1.284e-05 -1.86891e-18
-0.000398936 1.39198e-05 -1.86857e-18
-0.000398958 1.50005e-05 -1.86823e-18
-0.000398979 1.60823e-05 -1.86789e-18
-0.000399001 1.71658e-05 -1.86755e-18
-0.000399022 1.82511e-05 -1.86721e-18
-0.000399042 1.9338e-05 -1.86687e-18
-0.000399063 2.04263e-05 -1.86653e-18
-0.000399082 2.15156e-05 -1.8662e-18
-0.000399102 2.26051e-05 -1.86586e-18
-0.000399121 2.36939e-05 -1.86552e-18
-0.00039914 2.47807e-05 -1.86518e-18
-0.000399159 2.58643e-05 -1.86485e-18
-0.000399177 2.69431e-05 -1.86451e-18
-0.000399195 2.80153e-05 -1.86418e-18
-0.000399212 2.90788e-05 -1.86385e-18
-0.00039923 3.01317e-05 -1.86353e-18
-0.000399247 3.11719e-05 -1.86321e-18
-0.000399264 3.21974e-05 -1.86289e-18
-0.00039928 3.32065e-05 -1.86258e-18
-0.000399296 3.41973e-05 -1.86228e-18
-0.000399312 3.51682e-05 -1.86198e-18
-0.000399328 3.61174e-05 -1.86169e-18
-0.000399343 3.70433e-05 -1.8614e-18
-0.000399359 3.79442e-05 -1.86112e-18
-0.000399373 3.88186e-05 -1.86085e-18
-0.000399388 3.96647e-05 -1.86059e-18
-0.000399403 4.04807e-05 -1.86034e-18
-0.000399417 4.1265e-05 -1.8601e-18
-0.000399431 4.20161e-05 -1.85987e-18
-0.000399445 4.27328e-05 -1.85965e-18
-0.000399458 4.3414e-05 -1.85944e-18
-0.000399472 4.40589e-05 -1.85924e-18
-0.000399485 4.4667e-05 -1.85905e-18
-0.000399497 4.52379e-05 -1.85887e-18
-0.00039951 4.57716e-05 -1.8587e-18
-0.000399522 4.62682e-05 -1.85854e-18
-0.000399534 4.67278e-05 -1.8584e-18
-0.000399546 4.71505e-05 -1.85826e-18
-0.000399557 4.75363e-05 -1.85814e-18
-0.000399568 4.78851e-05 -1.85803e-18
-0.000399579 4.81972e-05 -1.85793e-18
-0.000399589 4.84725e-05 -1.85784e-18
-0.000399599 4.87114e-05 -1.85776e-18
-0.000399609 4.8914e-05 -1.85769e-18
-0.000399618 4.90808e-05 -1.85763e-18
-0.000399627 4.92123e-05 -1.85759e-18
-0.000399636 4.93094e-05 -1.85755e-18
-0.000399644 4.93727e-05 -1.85753e-18
-0.000399652 4.94034e-05 -1.85751e-18
-0.000399659 4.94028e-05 -1.8575e-18
-0.000399666 4.93726e-05 -1.85751e-18
-0.000399672 4.93145e-05 -1.85752e-18
-0.000399678 4.92301e-05 -1.85754e-18
-0.000399684 4.91212e-05 -1.85757e-18
-0.000399688 4.89895e-05 -1.8576e-18
-0.000399693 4.88364e-05 -1.85764e-18
-0.000399697 4.86635e-05 -1.85769e-18
-0.0003997 4.84726e-05 -1.85775e-18
-0.000399703 4.82657e-05 -1.85781e-18
-0.000399705 4.80445e-05 -1.85787e-18
-0.000399706 4.78106e-05 -1.85794e-18
-0.000399707 4.75656e-05 -1.85801e-18
-0.000399708 4.73106e-05 -1.85809e-18
-0.000399708 4.70469e-05 -1.85817e-18
-0.000399707 4.67753e-05 -1.85825e-18
-0.000399706 4.64967e-05 -1.85834e-18
-0.000399705 4.62116e-05 -1.85843e-18
-0.000399702 4.59206e-05 -1.85852e-18
-0.0003997 4.56237e-05 -1.85861e-18
-0.000399696 4.53208e-05 -1.85871e-18
-0.000399693 4.50113e-05 -1.85881e-18
-0.000399689 4.46947e-05 -1.85891e-18
-0.000399684 4.43703e-05 -1.85901e-18
-0.000399679 4.40376e-05 -1.85912e-18
-0.000399673 4.36962e-05 -1.85923e-18
-0.000399667 4.33458e-05 -1.85934e-18
-0.000399661 4.2986e-05 -1.85945e-18
-0.000399654 4.26163e-05 -1.85957e-18
-0.000399646 4.22362e-05 -1.85969e-18
-0.000399638 4.18454e-05 -1.85982e-18
-0.00039963 4.14432e-05 -1.85995e-18
-0.000399621 4.10282e-05 -1.86008e-18
-0.000399612 4.05989e-05 -1.86022e-18
-0.000399602 4.01534e-05 -1.86036e-18
-0.000399592 3.96904e-05 -1.86051e-18
-0.000399582 3.9209e-05 -1.86066e-18
-0.000399571 3.87087e-05 -1.86082e-18
-0.000399559 3.81892e-05 -1.86098e-18
-0.000399547 3.76505e-05 -1.86115e-18
-0.000399535 3.70926e-05 -1.86133e-18
-0.000399522 3.65158e-05 -1.86151e-18
-0.000399509 3.59206e-05 -1.8617e-18
-0.000399495 3.53077e-05 -1.86189e-18
-0.000399481 3.46781e-05 -1.86209e-18
-0.000399466 3.4033e-05 -1.86229e-18
-0.000399451 3.33737e-05 -1.86249e-18
-0.000399436 3.27016e-05 -1.8627e-18
-0.00039942 3.20176e-05 -1.86292e-18
-0.000399403 3.13228e-05 -1.86313e-18
-0.000399386 3.06179e-05 -1.86335e-18
-0.000399369 2.9904e-05 -1.86357e-18
-0.000399351 2.91821e-05 -1.8638e-18
-0.000399332 2.84535e-05 -1.86403e-18
-0.000399314 2.77193e-05 -1.86425e-18
-0.000399294 2.69807e-05 -1.86448e-18
-0.000399275 2.6239e-05 -1.86472e-18
-0.000399255 2.54957e-05 -1.86495e-18
-0.000399235 2.47522e-05 -1.86518e-18
-0.000399214 2.40094e-05 -1.86541e-18
-0.000399193 2.32682e-05 -1.86565e-18
-0.000399171 2.25288e-05 -1.86588e-18
-0.00039915 2.17916e-05 -1.86611e-18
-0.000399127 2.10567e-05 -1.86634e-18
-0.000399105 2.03242e-05 -1.86657e-18
-0.000399082 1.95941e-05 -1.8668e-18
-0.000399059 1.88663e-05 -1.86703e-18
-0.000399036 1.81407e-05 -1.86726e-18
-0.000399013 1.74172e-05 -1.86749e-18
-0.000398989 1.66956e-05 -1.86772e-18
-0.000398965 1.59754e-05 -1.86795e-18
-0.000398941 1.52564e-05 -1.86818e-18
-0.000398919 1.45384e-05 -1.8684e-18
-0.000398897 1.3821e-05 -1.86863e-18
-0.000398875 1.3104e-05 -1.86886e-18
-0.000398853 1.2387e-05 -1.86909e-18
-0.00039883 1.16693e-05 -1.86932e-18
-0.000398812 1.09487e-05 -1.86955e-18
-0.000398798 1.02246e-05 -1.86978e-18
-0.000398783 9.49745e-06 -1.87002e-18
-0.000398768 8.76652e-06 -1.87025e-18
-0.000398753 8.03131e-06 -1.87049e-18
-0.000398743 7.29119e-06 -1.87073e-18
-0.000398736 6.54559e-06 -1.87097e-18
-0.000398727 5.79403e-06 -1.87121e-18
-0.000398726 5.03623e-06 -1.87146e-18
-0.000398728 4.27139e-06 -1.87171e-18
-0.000398728 3.49896e-06 -1.87196e-18
-0.000398729 2.71862e-06 -1.87221e-18
-0.000398729 1.93016e-06 -1.87246e-18
-0.00039873 1.1335e-06 -1.87272e-18
-0.00039873 3.28259e-07 -1.87298e-18
-0.000398731 -4.85837e-07 -1.87325e-18
-0.000398731 -1.3093e-06 -1.87351e-18
-0.000398731 -2.14253e-06 -1.87378e-18
-0.000398732 -2.986e-06 -1.87406e-18
-0.000398732 -3.84009e-06 -1.87433e-18
-0.000398733 -4.70514e-06 -1.87461e-18
-0.000398733 -5.58146e-06 -1.87489e-18
-0.000398733 -6.46919e-06 -1.87518e-18
-0.000398739 -7.36815e-06 -1.87547e-18
-0.000398745 -8.27785e-06 -1.87576e-18
-0.000398751 -9.19778e-06 -1.87605e-18
-0.000398757 -1.01274e-05 -1.87635e-18
-0.000398764 -1.10665e-05 -1.87665e-18
-0.000398772 -1.20148e-05 -1.87695e-18
-0.000398779 -1.29721e-05 -1.87726e-18
-0.000398786 -1.39381e-05 -1.87757e-18
-0.000398793 -1.49121e-05 -1.87788e-18
-0.0003988 -1.58841e-05 -1.87819e-18
-0.000398807 -1.68465e-05 -1.8785e-18
-0.000398814 -1.78123e-05 -1.87881e-18
-0.00039882 -1.87848e-05 -1.87912e-18
-0.000398827 -1.97603e-05 -1.87943e-18
-0.000398833 -2.07392e-05 -1.87974e-18
-0.000398853 -2.17174e-05 -1.88006e-18
-0.000398878 -2.26947e-05 -1.88037e-18
-0.000398898 -2.36706e-05 -1.88069e-18
-0.000398921 -2.46427e-05 -1.881e-18
-0.000398942 -2.56094e-05 -1.88131e-18
-0.000398964 -2.65695e-05 -1.88162e-18
-0.000398985 -2.7522e-05 -1.88192e-18
-0.000399005 -2.8466e-05 -1.88222e-18
-0.000399026 -2.94006e-05 -1.88252e-18
-0.000399046 -3.0325e-05 -1.88282e-18
-0.000399065 -3.12385e-05 -1.88311e-18
-0.000399085 -3.21402e-05 -1.8834e-18
-0.000399104 -3.30293e-05 -1.88369e-18
-0.000399122 -3.39053e-05 -1.88397e-18
-0.000399141 -3.47673e-05 -1.88424e-18
-0.000399159 -3.56148e-05 -1.88451e-18
-0.000399177 -3.64471e-05 -1.88478e-18
-0.000399194 -3.7263e-05 -1.88504e-18
-0.000399211 -3.80614e-05 -1.8853e-18
-0.000399228 -3.88412e-05 -1.88555e-18
-0.000399245 -3.96013e-05 -1.88579e-18
-0.000399261 -4.03414e-05 -1.88603e-18
-0.000399277 -4.10615e-05 -1.88627e-18
-0.000399292 -4.17616e-05 -1.88649e-18
-0.000399307 -4.24417e-05 -1.88671e-18
-0.000399322 -4.31019e-05 -1.88693e-18
-0.000399337 -4.37419e-05 -1.88713e-18
-0.000399351 -4.43614e-05 -1.88733e-18
-0.000399365 -4.49604e-05 -1.88753e-18
-0.000399378 -4.55388e-05 -1.88772e-18
-0.000399391 -4.60965e-05 -1.8879e-18
-0.000399404 -4.66335e-05 -1.88807e-18
-0.000399416 -4.71497e-05 -1.88824e-18
-0.000399428 -4.76453e-05 -1.88841e-18
-0.00039944 -4.81205e-05 -1.88856e-18
-0.000399451 -4.85756e-05 -1.88871e-18
-0.000399462 -4.90106e-05 -1.88885e-18
-0.000399473 -4.94259e-05 -1.88899e-18
-0.000399483 -4.98219e-05 -1.88912e-18
-0.000399492 -5.01989e-05 -1.88924e-18
-0.000399502 -5.0557e-05 -1.88936e-18
-0.000399511 -5.0896e-05 -1.88947e-18
-0.000399519 -5.12155e-05 -1.88958e-18
-0.000399527 -5.15151e-05 -1.88968e-18
-0.000399535 -5.17943e-05 -1.88977e-18
-0.000399542 -5.2053e-05 -1.88985e-18
-0.000399549 -5.22911e-05 -1.88993e-18
-0.000399556 -5.25088e-05 -1.89e-18
-0.000399562 -5.27058e-05 -1.89007e-18
-0.000399567 -5.28822e-05 -1.89012e-18
-0.000399573 -5.30376e-05 -1.89017e-18
-0.000399577 -5.31718e-05 -1.89022e-18
-0.000399582 -5.32847e-05 -1.89026e-18
-0.000399586 -5.33765e-05 -1.89029e-18
-0.000399589 -5.34474e-05 -1.89031e-18
-0.000399592 -5.3498e-05 -1.89033e-18
-0.000399595 -5.35285e-05 -1.89034e-18
-0.000399597 -5.3539e-05 -1.89034e-18
-0.000399598 -5.3529e-05 -1.89034e-18
-0.0003996 -5.34982e-05 -1.89033e-18
-0.0003996 -5.34468e-05 -1.89031e-18
-0.000399601 -5.33746e-05 -1.89029e-18
-0.000399601 -5.32819e-05 -1.89026e-18
-0.0003996 -5.31687e-05 -1.89022e-18
-0.000399599 -5.30353e-05 -1.89018e-18
-0.000399598 -5.28819e-05 -1.89013e-18
-0.000399596 -5.27089e-05 -1.89008e-18
-0.000399594 -5.25166e-05 -1.89001e-18
-0.000399591 -5.23054e-05 -1.88995e-18
-0.000399588 -5.20753e-05 -1.88987e-18
-0.000399584 -5.18266e-05 -1.8898e-18
-0.00039958 -5.15592e-05 -1.88971e-18
-0.000399575 -5.12736e-05 -1.88962e-18
-0.00039957 -5.09702e-05 -1.88952e-18
-0.000399565 -5.06499e-05 -1.88942e-18
-0.000399559 -5.03138e-05 -1.88931e-18
-0.000399553 -4.99626e-05 -1.8892e-18
-0.000399546 -4.95969e-05 -1.88909e-18
-0.000399539 -4.92174e-05 -1.88897e-18
-0.000399531 -4.88243e-05 -1.88884e-18
-0.000399523 -4.84181e-05 -1.88871e-18
-0.000399515 -4.79995e-05 -1.88858e-18
-0.000399506 -4.75688e-05 -1.88844e-18
-0.000399496 -4.71266e-05 -1.8883e-18
-0.000399487 -4.66732e-05 -1.88816e-18
-0.000399476 -4.62086e-05 -1.88801e-18
-0.000399466 -4.57325e-05 -1.88786e-18
-0.000399455 -4.52444e-05 -1.8877e-18
-0.000399444 -4.47439e-05 -1.88754e-18
-0.000399432 -4.4231e-05 -1.88738e-18
-0.00039942 -4.37054e-05 -1.88721e-18
-0.000399407 -4.31672e-05 -1.88704e-18
-0.000399394 -4.26161e-05 -1.88686e-18
-0.00039938 -4.20515e-05 -1.88668e-18
-0.000399367 -4.14724e-05 -1.8865e-18
-0.000399352 -4.08779e-05 -1.88631e-18
-0.000399338 -4.02673e-05 -1.88612e-18
-0.000399323 -3.96399e-05 -1.88592e-18
-0.000399307 -3.89954e-05 -1.88571e-18
-0.000399291 -3.83334e-05 -1.8855e-18
-0.000399275 -3.7654e-05 -1.88529e-18
-0.000399258 -3.69576e-05 -1.88507e-18
-0.000399241 -3.62454e-05 -1.88484e-18
-0.000399224 -3.55182e-05 -1.88461e-18
-0.000399206 -3.47774e-05 -1.88438e-18
-0.000399187 -3.40247e-05 -1.88414e-18
-0.000399168 -3.32619e-05 -1.8839e-18
-0.000399149 -3.24912e-05 -1.88365e-18
-0.00039913 -3.17143e-05 -1.88341e-18
-0.00039911 -3.0933e-05 -1.88316e-18
-0.000399089 -3.01489e-05 -1.88291e-18
-0.000399069 -2.93636e-05 -1.88266e-18
-0.000399047 -2.85784e-05 -1.88241e-18
-0.000399026 -2.77944e-05 -1.88216e-18
-0.000399004 -2.70124e-05 -1.88191e-18
-0.000398982 -2.62333e-05 -1.88166e-18
-0.00039896 -2.54577e-05 -1.88141e-18
-0.000398937 -2.46862e-05 -1.88116e-18
-0.000398915 -2.39196e-05 -1.88091e-18
-0.000398891 -2.31582e-05 -1.88066e-18
-0.000398868 -2.24025e-05 -1.88041e-18
-0.000398846 -2.16525e-05 -1.88017e-18
-0.000398835 -2.09063e-05 -1.87993e-18
-0.000398828 -2.01638e-05 -1.87969e-18
-0.000398819 -1.94256e-05 -1.87945e-18
-0.000398812 -1.869e-05 -1.87921e-18
-0.000398803 -1.79553e-05 -1.87897e-18
-0.000398795 -1.72213e-05 -1.87873e-18
-0.000398787 -1.64889e-05 -1.87849e-18
-0.000398778 -1.57522e-05 -1.87825e-18
-0.000398771 -1.50077e-05 -1.878e-18
-0.000398765 -1.42546e-05 -1.87776e-18
-0.000398758 -1.34904e-05 -1.87751e-18
-0.000398751 -1.27143e-05 -1.87725e-18
-0.000398744 -1.1925e-05 -1.877e-18
-0.000398742 -1.11218e-05 -1.87674e-18
-0.000398742 -1.03037e-05 -1.87647e-18
-0.00039874 -9.4703e-06 -1.87621e-18
-0.000398739 -8.62123e-06 -1.87593e-18
-0.000398738 -7.75624e-06 -1.87566e-18
-0.000398736 -6.87515e-06 -1.87537e-18
-0.000398735 -5.97777e-06 -1.87509e-18
-0.000398733 -5.06392e-06 -1.87479e-18
-0.000398732 -4.13354e-06 -1.8745e-18
-0.00039873 -3.18686e-06 -1.8742e-18
-0.000398728 -2.22476e-06 -1.87389e-18
-0.000398727 -1.24854e-06 -1.87358e-18
-0.000398725 -2.59642e-07 -1.87327e-18
-0.000398723 7.40411e-07 -1.87295e-18
-0.000398721 1.74995e-06 -1.87263e-18
-0.000398719 2.7672e-06 -1.87231e-18
-0.000398717 3.79042e-06 -1.87199e-18
-0.000398715 4.81807e-06 -1.87166e-18
-0.00039872 5.84937e-06 -1.87134e-18
-0.000398728 6.88348e-06 -1.87101e-18
-0.000398738 7.91981e-06 -1.87069e-18
-0.000398751 8.95803e-06 -1.87036e-18
-0.000398762 9.99794e-06 -1.87003e-18
-0.000398773 1.10397e-05 -1.86971e-18
-0.000398784 1.20834e-05 -1.86938e-18
-0.000398804 1.31265e-05 -1.86905e-18
-0.000398826 1.41697e-05 -1.86872e-18
-0.000398846 1.52141e-05 -1.8684e-18
-0.000398868 1.62579e-05 -1.86807e-18
-0.000398888 1.73007e-05 -1.86774e-18
-0.000398911 1.83417e-05 -1.86741e-18
-0.000398933 1.93803e-05 -1.86709e-18
-0.000398956 2.0416e-05 -1.86676e-18
-0.000398978 2.14482e-05 -1.86644e-18
-0.000399 2.24766e-05 -1.86612e-18
-0.000399022 2.35008e-05 -1.8658e-18
-0.000399044 2.45204e-05 -1.86548e-18
-0.000399066 2.55351e-05 -1.86516e-18
-0.000399087 2.65444e-05 -1.86484e-18
-0.000399109 2.75477e-05 -1.86453e-18
-0.00039913 2.85442e-05 -1.86422e-18
-0.000399151 2.95332e-05 -1.86391e-18
-0.000399172 3.05134e-05 -1.8636e-18
-0.000399193 3.14836e-05 -1.86329e-18
-0.000399213 3.24421e-05 -1.86299e-18
-0.000399234 3.33876e-05 -1.8627e-18
-0.000399254 3.43187e-05 -1.8624e-18
-0.000399274 3.52342e-05 -1.86212e-18
-0.000399294 3.61329e-05 -1.86183e-18
-0.000399314 3.70137e-05 -1.86155e-18
-0.000399334 3.78762e-05 -1.86128e-18
-0.000399353 3.87203e-05 -1.86101e-18
-0.000399372 3.95461e-05 -1.86075e-18
-0.000399391 4.03538e-05 -1.8605e-18
-0.00039941 4.11436e-05 -1.86025e-18
-0.000399429 4.19161e-05 -1.86e-18
-0.000399447 4.2672e-05 -1.85976e-18
-0.000399465 4.34118e-05 -1.85953e-18
-0.000399483 4.41365e-05 -1.85929e-18
-0.0003995 4.48468e-05 -1.85907e-18
-0.000399517 4.55438e-05 -1.85885e-18
-0.000399534 4.62287e-05 -1.85863e-18
-0.000399551 4.69028e-05 -1.85841e-18
-0.000399567 4.75679e-05 -1.8582e-18
-0.000399583 4.82258e-05 -1.85799e-18
-0.000399599 4.88783e-05 -1.85779e-18
-0.000399614 4.95271e-05 -1.85758e-18
-0.000399629 5.01743e-05 -1.85737e-18
-0.000399643 5.08214e-05 -1.85717e-18
-0.000399657 5.14699e-05 -1.85697e-18
-0.000399671 5.21204e-05 -1.85676e-18
-0.000399685 5.27729e-05 -1.85656e-18
-0.000399698 5.34271e-05 -1.85636e-18
-0.000399711 5.40827e-05 -1.85615e-18
-0.000399723 5.47385e-05 -1.85595e-18
-0.000399736 5.53933e-05 -1.85575e-18
-0.000399748 5.60457e-05 -1.85554e-18
-0.000399759 5.66938e-05 -1.85535e-18
-0.000399771 5.73359e-05 -1.85515e-18
-0.000399782 5.79699e-05 -1.85495e-18
-0.000399794 5.85935e-05 -1.85476e-18
-0.000399805 5.92047e-05 -1.85458e-18
-0.000399815 5.98018e-05 -1.85439e-18
-0.000399826 6.03834e-05 -1.85422e-18
-0.000399836 6.09479e-05 -1.85404e-18
-0.000399846 6.1494e-05 -1.85388e-18
-0.000399856 6.20201e-05 -1.85372e-18
-0.000399866 6.25246e-05 -1.85356e-18
-0.000399875 6.3006e-05 -1.85341e-18
-0.000399885 6.34628e-05 -1.85327e-18
-0.000399894 6.38935e-05 -1.85314e-18
-0.000399903 6.42967e-05 -1.85302e-18
-0.000399911 6.4671e-05 -1.8529e-18
-0.00039992 6.50155e-05 -1.8528e-18
-0.000399928 6.53293e-05 -1.8527e-18
-0.000399936 6.56123e-05 -1.85261e-18
-0.000399944 6.58642e-05 -1.85253e-18
-0.000399952 6.60851e-05 -1.85246e-18
-0.000399959 6.62753e-05 -1.8524e-18
-0.000399966 6.64351e-05 -1.85235e-18
-0.000399972 6.65653e-05 -1.8523e-18
-0.000399979 6.66667e-05 -1.85227e-18
-0.000399984 6.67401e-05 -1.85224e-18
-0.00039999 6.67867e-05 -1.85222e-18
-0.000399995 6.68077e-05 -1.85221e-18
-0.0004 6.68043e-05 -1.85221e-18
-0.000400005 6.67777e-05 -1.85221e-18
-0.000400009 6.67293e-05 -1.85222e-18
-0.000400012 6.66603e-05 -1.85224e-18
-0.000400015 6.6572e-05 -1.85226e-18
-0.000400018 6.64658e-05 -1.85229e-18
-0.000400021 6.6343e-05 -1.85233e-18
-0.000400023 6.6205e-05 -1.85236e-18
-0.000400024 6.60528e-05 -1.85241e-18
-0.000400025 6.58871e-05 -1.85246e-18
-0.000400026 6.57077e-05 -1.85251e-18
-0.000400026 6.55146e-05 -1.85256e-18
-0.000400026 6.53077e-05 -1.85262e-18
-0.000400026 6.5087e-05 -1.85269e-18
-0.000400025 6.48525e-05 -1.85276e-18
-0.000400024 6.46044e-05 -1.85283e-18
-0.000400022 6.43426e-05 -1.85291e-18
-0.00040002 6.40677e-05 -1.853e-18
-0.000400017 6.37801e-05 -1.85308e-18
-0.000400014 6.34804e-05 -1.85318e-18
-0.000400011 6.3169e-05 -1.85327e-18
-0.000400007 6.28462e-05 -1.85337e-18
-0.000400003 6.2512e-05 -1.85347e-18
-0.000399998 6.21665e-05 -1.85358e-18
-0.000399993 6.18097e-05 -1.85369e-18
-0.000399987 6.14417e-05 -1.8538e-18
-0.000399981 6.10627e-05 -1.85392e-18
-0.000399975 6.06728e-05 -1.85404e-18
-0.000399968 6.02722e-05 -1.85417e-18
-0.000399961 5.98614e-05 -1.8543e-18
-0.000399953 5.94409e-05 -1.85443e-18
-0.000399945 5.90114e-05 -1.85456e-18
-0.000399936 5.85734e-05 -1.8547e-18
-0.000399927 5.81285e-05 -1.85484e-18
-0.000399917 5.76783e-05 -1.85498e-18
-0.000399907 5.72246e-05 -1.85513e-18
-0.000399896 5.67688e-05 -1.85527e-18
-0.000399885 5.63118e-05 -1.85542e-18
-0.000399873 5.58541e-05 -1.85557e-18
-0.000399862 5.5396e-05 -1.85571e-18
-0.000399849 5.49373e-05 -1.85586e-18
-0.000399837 5.44775e-05 -1.85601e-18
-0.000399824 5.40155e-05 -1.85616e-18
-0.00039981 5.35501e-05 -1.85631e-18
-0.000399797 5.308e-05 -1.85646e-18
-0.000399783 5.26033e-05 -1.85662e-18
-0.000399769 5.21178e-05 -1.85677e-18
-0.000399754 5.16212e-05 -1.85693e-18
-0.00039974 5.11116e-05 -1.8571e-18
-0.000399725 5.05869e-05 -1.85727e-18
-0.00039971 5.00455e-05 -1.85744e-18
-0.000399695 4.94858e-05 -1.85762e-18
-0.000399679 4.89066e-05 -1.85781e-18
-0.000399663 4.83064e-05 -1.858e-18
-0.000399647 4.76843e-05 -1.8582e-18
-0.000399631 4.70396e-05 -1.8584e-18
-0.000399614 4.63713e-05 -1.85861e-18
-0.000399597 4.56789e-05 -1.85883e-18
-0.00039958 4.49617e-05 -1.85905e-18
-0.000399563 4.42192e-05 -1.85928e-18
-0.000399545 4.34514e-05 -1.85952e-18
-0.000399527 4.26588e-05 -1.85977e-18
-0.000399509 4.18422e-05 -1.86002e-18
-0.00039949 4.10029e-05 -1.86028e-18
-0.000399472 4.01418e-05 -1.86055e-18
-0.000399452 3.92597e-05 -1.86082e-18
-0.000399433 3.83573e-05 -1.8611e-18
-0.000399413 3.74352e-05 -1.86138e-18
-0.000399393 3.64941e-05 -1.86167e-18
-0.000399373 3.5535e-05 -1.86197e-18
-0.000399352 3.45589e-05 -1.86227e-18
-0.000399331 3.35671e-05 -1.86257e-18
-0.00039931 3.25604e-05 -1.86288e-18
-0.000399289 3.15397e-05 -1.8632e-18
-0.000399267 3.05055e-05 -1.86351e-18
-0.000399244 2.94582e-05 -1.86384e-18
-0.000399222 2.83985e-05 -1.86416e-18
-0.000399199 2.73276e-05 -1.86449e-18
-0.000399176 2.62471e-05 -1.86483e-18
-0.000399152 2.51588e-05 -1.86516e-18
-0.000399129 2.4064e-05 -1.8655e-18
-0.000399104 2.29644e-05 -1.86584e-18
-0.00039908 2.18611e-05 -1.86618e-18
-0.000399057 2.07554e-05 -1.86653e-18
-0.000399034 1.96485e-05 -1.86687e-18
-0.000399011 1.85416e-05 -1.86721e-18
-0.000398987 1.74357e-05 -1.86756e-18
-0.000398963 1.63318e-05 -1.8679e-18
-0.000398939 1.52307e-05 -1.86825e-18
-0.000398915 1.41329e-05 -1.86859e-18
-0.00039889 1.30387e-05 -1.86894e-18
-0.000398865 1.19482e-05 -1.86928e-18
-0.000398846 1.08596e-05 -1.86962e-18
-0.000398832 9.77235e-06 -1.86997e-18
-0.000398817 8.68799e-06 -1.87031e-18
-0.000398803 7.60584e-06 -1.87066e-18
-0.000398792 6.52528e-06 -1.871e-18
-0.000398784 5.44563e-06 -1.87134e-18
-0.000398774 4.36626e-06 -1.87169e-18
-0.000398772 3.2867e-06 -1.87203e-18
-0.000398773 2.20596e-06 -1.87238e-18
-0.000398773 1.12298e-06 -1.87273e-18
-0.000398773 3.66125e-08 -1.87307e-18
-0.000398773 -1.05416e-06 -1.87342e-18
-0.000398774 -2.15001e-06 -1.87377e-18
-0.000398774 -3.2511e-06 -1.87413e-18
-0.000398774 -4.35696e-06 -1.87448e-18
-0.000398774 -5.46708e-06 -1.87483e-18
-0.000398774 -6.58076e-06 -1.87519e-18
-0.000398774 -7.69721e-06 -1.87554e-18
-0.000398774 -8.81544e-06 -1.8759e-18
-0.000398774 -9.93446e-06 -1.87626e-18
-0.000398774 -1.10531e-05 -1.87661e-18
-0.000398774 -1.21701e-05 -1.87697e-18
-0.000398774 -1.32839e-05 -1.87732e-18
-0.000398774 -1.43931e-05 -1.87767e-18
-0.000398773 -1.54964e-05 -1.87803e-18
-0.000398778 -1.65931e-05 -1.87837e-18
-0.000398784 -1.76725e-05 -1.87872e-18
-0.000398789 -1.87267e-05 -1.87906e-18
-0.000398795 -1.97713e-05 -1.8794e-18
-0.0003988 -2.08107e-05 -1.87973e-18
-0.000398806 -2.18419e-05 -1.88007e-18
-0.00039882 -2.28643e-05 -1.8804e-18
-0.000398838 -2.38779e-05 -1.88073e-18
-0.000398855 -2.48852e-05 -1.88105e-18
-0.00039888 -2.58849e-05 -1.88138e-18
-0.000398907 -2.68774e-05 -1.8817e-18
-0.000398932 -2.78617e-05 -1.88202e-18
-0.000398958 -2.88376e-05 -1.88234e-18
-0.000398984 -2.9804e-05 -1.88265e-18
-0.000399009 -3.07604e-05 -1.88296e-18
-0.000399034 -3.17057e-05 -1.88327e-18
-0.000399058 -3.26394e-05 -1.88357e-18
-0.000399083 -3.35612e-05 -1.88387e-18
-0.000399107 -3.44706e-05 -1.88416e-18
-0.000399131 -3.5367e-05 -1.88445e-18
-0.000399154 -3.62498e-05 -1.88474e-18
-0.000399178 -3.71185e-05 -1.88502e-18
-0.000399201 -3.79722e-05 -1.88529e-18
-0.000399224 -3.88102e-05 -1.88556e-18
-0.000399246 -3.96317e-05 -1.88583e-18
-0.000399268 -4.04358e-05 -1.88609e-18
-0.00039929 -4.12216e-05 -1.88634e-18
-0.000399312 -4.19883e-05 -1.88659e-18
-0.000399333 -4.27352e-05 -1.88683e-18
-0.000399354 -4.34622e-05 -1.88707e-18
-0.000399374 -4.41688e-05 -1.8873e-18
-0.000399395 -4.48546e-05 -1.88752e-18
-0.000399414 -4.55191e-05 -1.88774e-18
-0.000399434 -4.61618e-05 -1.88795e-18
-0.000399453 -4.6782e-05 -1.88815e-18
-0.000399472 -4.73794e-05 -1.88835e-18
-0.000399491 -4.79542e-05 -1.88854e-18
-0.000399509 -4.85068e-05 -1.88872e-18
-0.000399527 -4.9038e-05 -1.8889e-18
-0.000399544 -4.95483e-05 -1.88907e-18
-0.000399561 -5.00384e-05 -1.88923e-18
-0.000399578 -5.05089e-05 -1.88939e-18
-0.000399594 -5.09607e-05 -1.88954e-18
-0.00039961 -5.13943e-05 -1.88968e-18
-0.000399625 -5.18107e-05 -1.88983e-18
-0.00039964 -5.22103e-05 -1.88996e-18
-0.000399655 -5.2594e-05 -1.89009e-18
-0.000399669 -5.29625e-05 -1.89022e-18
-0.000399683 -5.3316e-05 -1.89034e-18
-0.000399696 -5.36549e-05 -1.89046e-18
-0.000399709 -5.39793e-05 -1.89057e-18
-0.000399721 -5.42896e-05 -1.89068e-18
-0.000399733 -5.45866e-05 -1.89078e-18
-0.000399745 -5.48712e-05 -1.89088e-18
-0.000399756 -5.51446e-05 -1.89097e-18
-0.000399766 -5.54078e-05 -1.89106e-18
-0.000399776 -5.56623e-05 -1.89115e-18
-0.000399786 -5.59094e-05 -1.89124e-18
-0.000399795 -5.61506e-05 -1.89132e-18
-0.000399803 -5.63871e-05 -1.8914e-18
-0.000399811 -5.66201e-05 -1.89148e-18
-0.000399818 -5.68502e-05 -1.89156e-18
-0.000399825 -5.7078e-05 -1.89164e-18
-0.000399831 -5.73042e-05 -1.89171e-18
-0.000399837 -5.75291e-05 -1.89179e-18
-0.000399842 -5.77532e-05 -1.89186e-18
-0.000399847 -5.79767e-05 -1.89193e-18
-0.000399851 -5.81996e-05 -1.892e-18
-0.000399855 -5.84217e-05 -1.89207e-18
-0.000399858 -5.86424e-05 -1.89214e-18
-0.000399861 -5.88609e-05 -1.89221e-18
-0.000399863 -5.90766e-05 -1.89227e-18
-0.000399865 -5.9289e-05 -1.89234e-18
-0.000399866 -5.9498e-05 -1.8924e-18
-0.000399866 -5.97032e-05 -1.89246e-18
-0.000399867 -5.99042e-05 -1.89252e-18
-0.000399866 -6.01001e-05 -1.89258e-18
-0.000399866 -6.02899e-05 -1.89263e-18
-0.000399864 -6.04723e-05 -1.89268e-18
-0.000399863 -6.06463e-05 -1.89273e-18
-0.000399861 -6.08105e-05 -1.89277e-18
-0.000399858 -6.0964e-05 -1.89281e-18
-0.000399855 -6.11052e-05 -1.89285e-18
-0.000399852 -6.12328e-05 -1.89288e-18
-0.000399848 -6.13454e-05 -1.89291e-18
-0.000399844 -6.14416e-05 -1.89293e-18
-0.00039984 -6.15199e-05 -1.89295e-18
-0.000399835 -6.1579e-05 -1.89296e-18
-0.00039983 -6.16175e-05 -1.89296e-18
-0.000399824 -6.16344e-05 -1.89296e-18
-0.000399818 -6.16283e-05 -1.89295e-18
-0.000399812 -6.15983e-05 -1.89294e-18
-0.000399805 -6.15431e-05 -1.89291e-18
-0.000399798 -6.14613e-05 -1.89288e-18
-0.000399791 -6.13519e-05 -1.89284e-18
-0.000399783 -6.12135e-05 -1.89279e-18
-0.000399775 -6.10452e-05 -1.89274e-18
-0.000399766 -6.08455e-05 -1.89267e-18
-0.000399758 -6.06136e-05 -1.89259e-18
-0.000399748 -6.03484e-05 -1.8925e-18
-0.000399739 -6.00492e-05 -1.89241e-18
-0.000399729 -5.97154e-05 -1.8923e-18
-0.000399719 -5.93468e-05 -1.89218e-18
-0.000399708 -5.8943e-05 -1.89206e-18
-0.000399697 -5.85046e-05 -1.89192e-18
-0.000399685 -5.80324e-05 -1.89177e-18
-0.000399674 -5.75272e-05 -1.89161e-18
-0.000399661 -5.69903e-05 -1.89144e-18
-0.000399648 -5.64232e-05 -1.89126e-18
-0.000399635 -5.58281e-05 -1.89108e-18
-0.000399621 -5.52067e-05 -1.89088e-18
-0.000399607 -5.45612e-05 -1.89068e-18
-0.000399593 -5.38936e-05 -1.89047e-18
-0.000399578 -5.3206e-05 -1.89025e-18
-0.000399563 -5.25003e-05 -1.89003e-18
-0.000399547 -5.17785e-05 -1.88981e-18
-0.000399531 -5.10428e-05 -1.88957e-18
-0.000399514 -5.02951e-05 -1.88934e-18
-0.000399497 -4.95375e-05 -1.8891e-18
-0.00039948 -4.8772e-05 -1.88886e-18
-0.000399462 -4.80004e-05 -1.88861e-18
-0.000399444 -4.72248e-05 -1.88836e-18
-0.000399426 -4.64468e-05 -1.88812e-18
-0.000399407 -4.56681e-05 -1.88787e-18
-0.000399388 -4.48901e-05 -1.88762e-18
-0.000399369 -4.41138e-05 -1.88737e-18
-0.000399349 -4.33403e-05 -1.88712e-18
-0.000399329 -4.257e-05 -1.88687e-18
-0.000399309 -4.18033e-05 -1.88662e-18
-0.000399289 -4.10396e-05 -1.88637e-18
-0.000399268 -4.02785e-05 -1.88612e-18
-0.000399248 -3.95193e-05 -1.88588e-18
-0.000399227 -3.8761e-05 -1.88563e-18
-0.000399206 -3.80022e-05 -1.88538e-18
-0.000399185 -3.72416e-05 -1.88513e-18
-0.000399163 -3.64778e-05 -1.88488e-18
-0.000399142 -3.57095e-05 -1.88463e-18
-0.00039912 -3.49352e-05 -1.88438e-18
-0.000399098 -3.41538e-05 -1.88412e-18
-0.000399076 -3.3364e-05 -1.88387e-18
-0.000399054 -3.2565e-05 -1.88361e-18
-0.000399032 -3.17563e-05 -1.88334e-18
-0.000399009 -3.09372e-05 -1.88308e-18
-0.000398987 -3.01073e-05 -1.88281e-18
-0.000398964 -2.92662e-05 -1.88254e-18
-0.000398941 -2.84138e-05 -1.88226e-18
-0.000398923 -2.75498e-05 -1.88198e-18
-0.000398908 -2.66741e-05 -1.8817e-18
-0.000398892 -2.57862e-05 -1.88142e-18
-0.000398877 -2.48858e-05 -1.88113e-18
-0.000398861 -2.39728e-05 -1.88084e-18
-0.000398853 -2.30445e-05 -1.88054e-18
-0.000398847 -2.21016e-05 -1.88024e-18
-0.000398839 -2.11457e-05 -1.87994e-18
-0.000398832 -2.01751e-05 -1.87963e-18
-0.000398825 -1.91973e-05 -1.87932e-18
-0.000398817 -1.82076e-05 -1.87901e-18
-0.000398809 -1.72021e-05 -1.87869e-18
-0.000398803 -1.61836e-05 -1.87837e-18
-0.000398797 -1.51508e-05 -1.87805e-18
-0.000398791 -1.41057e-05 -1.87772e-18
-0.000398789 -1.30486e-05 -1.87739e-18
-0.000398788 -1.19812e-05 -1.87705e-18
-0.000398786 -1.09044e-05 -1.87672e-18
-0.000398785 -9.82039e-06 -1.87638e-18
-0.000398783 -8.73119e-06 -1.87604e-18
-0.000398781 -7.63916e-06 -1.8757e-18
-0.00039878 -6.54639e-06 -1.87536e-18
-0.000398778 -5.45503e-06 -1.87501e-18
-0.000398776 -4.36698e-06 -1.87467e-18
-0.000398774 -3.2842e-06 -1.87434e-18
-0.000398773 -2.20858e-06 -1.874e-18
-0.000398771 -1.14211e-06 -1.87367e-18
-0.000398769 -8.67811e-08 -1.87334e-18
-0.000398768 9.55477e-07 -1.87301e-18
-0.000398766 1.9828e-06 -1.87269e-18
-0.000398764 2.99335e-06 -1.87237e-18
-0.000398763 3.98538e-06 -1.87206e-18
-0.000398761 4.95722e-06 -1.87175e-18
-0.00039876 5.90746e-06 -1.87145e-18
-0.000398759 6.83504e-06 -1.87116e-18
-0.000398757 7.73927e-06 -1.87087e-18
-0.000398762 8.61977e-06 -1.87059e-18
-0.000398769 9.47591e-06 -1.87032e-18
-0.000398779 1.03074e-05 -1.87006e-18
-0.000398792 1.11144e-05 -1.8698e-18
-0.000398803 1.18968e-05 -1.86955e-18
-0.000398815 1.26551e-05 -1.86931e-18
-0.000398827 1.339e-05 -1.86907e-18
-0.000398845 1.41006e-05 -1.86885e-18
-0.000398865 1.47891e-05 -1.86863e-18
-0.000398884 1.54581e-05 -1.86841e-18
-0.000398904 1.61076e-05 -1.8682e-18
-0.000398923 1.67389e-05 -1.868e-18
-0.000398942 1.73523e-05 -1.8678e-18
-0.00039896 1.7949e-05 -1.8676e-18
-0.00039898 1.85298e-05 -1.86741e-18
-0.000399 1.90959e-05 -1.86723e-18
-0.00039902 1.96485e-05 -1.86705e-18
-0.000399039 2.01886e-05 -1.86687e-18
-0.000399058 2.07174e-05 -1.8667e-18
-0.000399077 2.12359e-05 -1.86653e-18
-0.000399096 2.17448e-05 -1.86636e-18
-0.000399114 2.22454e-05 -1.86619e-18
-0.000399132 2.2739e-05 -1.86603e-18
-0.00039915 2.3227e-05 -1.86587e-18
-0.000399167 2.37111e-05 -1.86571e-18
-0.000399184 2.41926e-05 -1.86556e-18
-0.000399201 2.46733e-05 -1.8654e-18
-0.000399218 2.5155e-05 -1.86524e-18
-0.000399234 2.56393e-05 -1.86508e-18
-0.00039925 2.61274e-05 -1.86493e-18
-0.000399265 2.662e-05 -1.86477e-18
-0.00039928 2.71168e-05 -1.86461e-18
-0.000399295 2.76175e-05 -1.86445e-18
-0.000399309 2.81216e-05 -1.86429e-18
-0.000399323 2.86279e-05 -1.86413e-18
-0.000399337 2.91348e-05 -1.86397e-18
-0.00039935 2.96406e-05 -1.86381e-18
-0.000399363 3.01435e-05 -1.86365e-18
-0.000399376 3.06415e-05 -1.86349e-18
-0.000399388 3.11324e-05 -1.86334e-18
-0.0003994 3.16142e-05 -1.86319e-18
-0.000399412 3.20847e-05 -1.86304e-18
-0.000399423 3.25423e-05 -1.8629e-18
-0.000399434 3.29852e-05 -1.86277e-18
-0.000399444 3.3412e-05 -1.86263e-18
-0.000399455 3.3821e-05 -1.86251e-18
-0.000399464 3.42104e-05 -1.86239e-18
-0.000399474 3.4578e-05 -1.86227e-18
-0.000399483 3.49221e-05 -1.86217e-18
-0.000399491 3.52408e-05 -1.86207e-18
-0.0003995 3.55328e-05 -1.86198e-18
-0.000399508 3.57973e-05 -1.8619e-18
-0.000399515 3.60336e-05 -1.86182e-18
-0.000399522 3.6241e-05 -1.86176e-18
-0.000399528 3.64192e-05 -1.8617e-18
-0.000399535 3.65681e-05 -1.86166e-18
-0.00039954 3.66876e-05 -1.86162e-18
-0.000399545 3.67779e-05 -1.86159e-18
-0.00039955 3.68393e-05 -1.86157e-18
-0.000399554 3.68723e-05 -1.86156e-18
-0.000399558 3.68774e-05 -1.86155e-18
-0.000399562 3.68553e-05 -1.86156e-18
-0.000399564 3.68072e-05 -1.86157e-18
-0.000399567 3.67341e-05 -1.86159e-18
-0.000399568 3.66372e-05 -1.86162e-18
-0.00039957 3.65178e-05 -1.86165e-18
-0.00039957 3.63767e-05 -1.86169e-18
-0.000399571 3.62143e-05 -1.86174e-18
-0.00039957 3.60312e-05 -1.8618e-18
-0.000399569 3.5828e-05 -1.86186e-18
-0.000399568 3.56059e-05 -1.86192e-18
-0.000399566 3.53664e-05 -1.86199e-18
-0.000399564 3.5111e-05 -1.86207e-18
-0.000399561 3.4841e-05 -1.86215e-18
-0.000399557 3.45575e-05 -1.86224e-18
-0.000399553 3.42611e-05 -1.86232e-18
-0.000399549 3.39527e-05 -1.86242e-18
-0.000399544 3.36327e-05 -1.86252e-18
-0.000399538 3.3302e-05 -1.86262e-18
-0.000399532 3.2961e-05 -1.86272e-18
-0.000399526 3.26105e-05 -1.86283e-18
-0.000399518 3.22511e-05 -1.86294e-18
-0.000399511 3.18836e-05 -1.86305e-18
-0.000399502 3.15091e-05 -1.86317e-18
-0.000399494 3.11284e-05 -1.86329e-18
-0.000399484 3.07425e-05 -1.86341e-18
-0.000399475 3.03524e-05 -1.86353e-18
-0.000399464 2.99591e-05 -1.86365e-18
-0.000399454 2.95635e-05 -1.86378e-18
-0.000399442 2.91665e-05 -1.8639e-18
-0.00039943 2.87688e-05 -1.86403e-18
-0.000399418 2.83707e-05 -1.86416e-18
-0.000399405 2.79726e-05 -1.86429e-18
-0.000399392 2.75746e-05 -1.86441e-18
-0.000399378 2.71764e-05 -1.86454e-18
-0.000399364 2.67773e-05 -1.86467e-18
-0.00039935 2.63765e-05 -1.8648e-18
-0.000399335 2.59733e-05 -1.86494e-18
-0.00039932 2.5567e-05 -1.86507e-18
-0.000399304 2.51572e-05 -1.8652e-18
-0.000399288 2.47435e-05 -1.86534e-18
-0.000399272 2.4325e-05 -1.86548e-18
-0.000399255 2.3901e-05 -1.86562e-18
-0.000399238 2.34703e-05 -1.86576e-18
-0.000399221 2.30316e-05 -1.86591e-18
-0.000399203 2.25839e-05 -1.86605e-18
-0.000399185 2.21264e-05 -1.8662e-18
-0.000399167 2.16584e-05 -1.86636e-18
-0.000399148 2.11794e-05 -1.86652e-18
-0.000399129 2.06888e-05 -1.86668e-18
-0.00039911 2.01861e-05 -1.86684e-18
-0.000399091 1.96706e-05 -1.86701e-18
-0.000399072 1.91418e-05 -1.86718e-18
-0.000399052 1.85993e-05 -1.86736e-18
-0.000399032 1.80432e-05 -1.86754e-18
-0.000399012 1.74736e-05 -1.86772e-18
-0.000398992 1.68907e-05 -1.86791e-18
-0.000398971 1.6295e-05 -1.8681e-18
-0.000398951 1.56868e-05 -1.86829e-18
-0.000398932 1.50665e-05 -1.86849e-18
-0.000398913 1.44344e-05 -1.8687e-18
-0.000398894 1.37913e-05 -1.8689e-18
-0.000398879 1.31368e-05 -1.86911e-18
-0.000398867 1.2472e-05 -1.86932e-18
-0.000398855 1.17995e-05 -1.86954e-18
-0.000398843 1.11203e-05 -1.86975e-18
-0.000398831 1.04358e-05 -1.86997e-18
-0.000398818 9.74691e-06 -1.87019e-18
-0.000398811 9.05488e-06 -1.87041e-18
-0.000398805 8.36084e-06 -1.87063e-18
-0.000398799 7.66587e-06 -1.87085e-18
-0.000398799 6.97117e-06 -1.87107e-18
-0.0003988 6.27752e-06 -1.87129e-18
-0.0003988 5.58578e-06 -1.87152e-18
-0.0003988 4.89651e-06 -1.87174e-18
-0.000398801 4.21005e-06 -1.87196e-18
-0.000398801 3.52679e-06 -1.87217e-18
-0.000398802 2.84694e-06 -1.87239e-18
-0.000398802 2.17053e-06 -1.87261e-18
-0.000398802 1.49742e-06 -1.87282e-18
-0.000398803 8.27461e-07 -1.87304e-18
-0.000398803 1.60469e-07 -1.87325e-18
-0.000398803 -5.03792e-07 -1.87346e-18
-0.000398804 -1.16557e-06 -1.87368e-18
-0.000398804 -1.82515e-06 -1.87389e-18
-0.000398804 -2.48287e-06 -1.8741e-18
-0.000398805 -3.13936e-06 -1.87431e-18
-0.000398805 -3.79537e-06 -1.87452e-18
-0.000398805 -4.45169e-06 -1.87473e-18
-0.00039881 -5.10899e-06 -1.87494e-18
-0.000398815 -5.76776e-06 -1.87515e-18
-0.00039882 -6.4284e-06 -1.87536e-18
-0.000398827 -7.09124e-06 -1.87558e-18
-0.000398833 -7.75666e-06 -1.87579e-18
-0.00039884 -8.42521e-06 -1.876e-18
-0.000398846 -9.09757e-06 -1.87622e-18
-0.000398852 -9.77439e-06 -1.87643e-18
-0.000398858 -1.04562e-05 -1.87665e-18
-0.000398864 -1.1143e-05 -1.87687e-18
-0.000398869 -1.18348e-05 -1.87709e-18
-0.000398875 -1.25315e-05 -1.87731e-18
-0.00039888 -1.32327e-05 -1.87753e-18
-0.000398885 -1.39383e-05 -1.87776e-18
-0.00039889 -1.46481e-05 -1.87798e-18
-0.000398894 -1.53618e-05 -1.87821e-18
-0.000398899 -1.60794e-05 -1.87843e-18
-0.000398903 -1.67854e-05 -1.87866e-18
-0.000398907 -1.74891e-05 -1.87888e-18
-0.000398911 -1.81991e-05 -1.87911e-18
-0.000398915 -1.89092e-05 -1.87934e-18
-0.000398919 -1.96223e-05 -1.87957e-18
-0.000398927 -2.03353e-05 -1.87979e-18
-0.000398941 -2.10469e-05 -1.88002e-18
-0.000398957 -2.17558e-05 -1.88025e-18
-0.000398971 -2.24628e-05 -1.88048e-18
-0.000398985 -2.31656e-05 -1.8807e-18
-0.000398999 -2.38637e-05 -1.88092e-18
-0.000399013 -2.45559e-05 -1.88115e-18
-0.000399026 -2.5242e-05 -1.88137e-18
-0.00039904 -2.59222e-05 -1.88158e-18
-0.000399052 -2.65967e-05 -1.8818e-18
-0.000399065 -2.72658e-05 -1.88201e-18
-0.000399077 -2.79296e-05 -1.88223e-18
-0.000399089 -2.85881e-05 -1.88244e-18
-0.000399101 -2.92414e-05 -1.88264e-18
-0.000399112 -2.98893e-05 -1.88285e-18
-0.000399123 -3.05317e-05 -1.88305e-18
-0.000399134 -3.11681e-05 -1.88326e-18
-0.000399145 -3.1798e-05 -1.88346e-18
-0.000399155 -3.2421e-05 -1.88365e-18
-0.000399165 -3.30366e-05 -1.88385e-18
-0.000399174 -3.36444e-05 -1.88404e-18
-0.000399184 -3.42437e-05 -1.88423e-18
-0.000399193 -3.48341e-05 -1.88442e-18
-0.000399202 -3.54151e-05 -1.8846e-18
-0.00039921 -3.59863e-05 -1.88478e-18
-0.000399219 -3.65472e-05 -1.88495e-18
-0.000399227 -3.70972e-05 -1.88513e-18
-0.000399234 -3.76354e-05 -1.88529e-18
-0.000399242 -3.81609e-05 -1.88546e-18
-0.000399249 -3.86726e-05 -1.88562e-18
-0.000399256 -3.91695e-05 -1.88577e-18
-0.000399263 -3.96501e-05 -1.88592e-18
-0.00039927 -4.0113e-05 -1.88607e-18
-0.000399276 -4.05567e-05 -1.88621e-18
-0.000399282 -4.098e-05 -1.88634e-18
-0.000399288 -4.13818e-05 -1.88646e-18
-0.000399294 -4.17618e-05 -1.88658e-18
-0.000399299 -4.21193e-05 -1.88669e-18
-0.000399305 -4.2454e-05 -1.8868e-18
-0.00039931 -4.27657e-05 -1.8869e-18
-0.000399314 -4.30541e-05 -1.88699e-18
-0.000399319 -4.33192e-05 -1.88707e-18
-0.000399323 -4.3561e-05 -1.88715e-18
-0.000399327 -4.37797e-05 -1.88722e-18
-0.000399331 -4.39757e-05 -1.88728e-18
-0.000399335 -4.41494e-05 -1.88734e-18
-0.000399338 -4.43014e-05 -1.88739e-18
-0.000399341 -4.4432e-05 -1.88743e-18
-0.000399344 -4.45416e-05 -1.88747e-18
-0.000399347 -4.46307e-05 -1.88749e-18
-0.000399349 -4.46997e-05 -1.88752e-18
-0.000399352 -4.47489e-05 -1.88754e-18
-0.000399354 -4.47783e-05 -1.88755e-18
-0.000399355 -4.47882e-05 -1.88755e-18
-0.000399357 -4.47787e-05 -1.88755e-18
-0.000399358 -4.47503e-05 -1.88754e-18
-0.000399359 -4.47034e-05 -1.88753e-18
-0.00039936 -4.46388e-05 -1.88751e-18
-0.00039936 -4.4557e-05 -1.88749e-18
-0.00039936 -4.44587e-05 -1.88746e-18
-0.00039936 -4.43441e-05 -1.88742e-18
-0.00039936 -4.42138e-05 -1.88738e-18
-0.000399359 -4.4068e-05 -1.88734e-18
-0.000399358 -4.39068e-05 -1.88729e-18
-0.000399357 -4.37302e-05 -1.88723e-18
-0.000399355 -4.35383e-05 -1.88717e-18
-0.000399354 -4.33309e-05 -1.88711e-18
-0.000399352 -4.3108e-05 -1.88704e-18
-0.00039935 -4.28693e-05 -1.88697e-18
-0.000399347 -4.26145e-05 -1.88689e-18
-0.000399344 -4.23435e-05 -1.8868e-18
-0.000399341 -4.20563e-05 -1.88671e-18
-0.000399338 -4.17531e-05 -1.88662e-18
-0.000399334 -4.1434e-05 -1.88652e-18
-0.00039933 -4.10992e-05 -1.88642e-18
-0.000399326 -4.07488e-05 -1.88631e-18
-0.000399322 -4.03829e-05 -1.88619e-18
-0.000399317 -4.00015e-05 -1.88607e-18
-0.000399312 -3.9605e-05 -1.88595e-18
-0.000399306 -3.91937e-05 -1.88582e-18
-0.000399301 -3.87681e-05 -1.88569e-18
-0.000399295 -3.83287e-05 -1.88555e-18
-0.000399288 -3.78762e-05 -1.88541e-18
-0.000399282 -3.74111e-05 -1.88527e-18
-0.000399275 -3.6934e-05 -1.88512e-18
-0.000399268 -3.64454e-05 -1.88497e-18
-0.00039926 -3.59459e-05 -1.88482e-18
-0.000399252 -3.54364e-05 -1.88466e-18
-0.000399244 -3.49178e-05 -1.8845e-18
-0.000399236 -3.4391e-05 -1.88433e-18
-0.000399227 -3.38571e-05 -1.88417e-18
-0.000399218 -3.33171e-05 -1.884e-18
-0.000399208 -3.2772e-05 -1.88383e-18
-0.000399198 -3.22229e-05 -1.88366e-18
-0.000399188 -3.16707e-05 -1.88348e-18
-0.000399178 -3.11159e-05 -1.88331e-18
-0.000399167 -3.05589e-05 -1.88313e-18
-0.000399156 -3e-05 -1.88296e-18
-0.000399145 -2.94392e-05 -1.88278e-18
-0.000399133 -2.88762e-05 -1.8826e-18
-0.000399121 -2.83106e-05 -1.88242e-18
-0.000399109 -2.77418e-05 -1.88224e-18
-0.000399096 -2.7169e-05 -1.88206e-18
-0.000399084 -2.65916e-05 -1.88188e-18
-0.00039907 -2.60087e-05 -1.8817e-18
-0.000399057 -2.54194e-05 -1.88151e-18
-0.000399043 -2.48229e-05 -1.88132e-18
-0.000399029 -2.42187e-05 -1.88113e-18
-0.000399014 -2.3606e-05 -1.88093e-18
-0.000399 -2.29844e-05 -1.88073e-18
-0.000398984 -2.23532e-05 -1.88053e-18
-0.000398969 -2.17117e-05 -1.88033e-18
-0.000398953 -2.1059e-05 -1.88012e-18
-0.000398937 -2.03944e-05 -1.87991e-18
-0.000398929 -1.97157e-05 -1.8797e-18
-0.000398925 -1.90229e-05 -1.87948e-18
-0.000398919 -1.83168e-05 -1.87926e-18
-0.000398914 -1.75964e-05 -1.87903e-18
-0.000398908 -1.68616e-05 -1.8788e-18
-0.000398902 -1.6116e-05 -1.87857e-18
-0.000398895 -1.53581e-05 -1.87833e-18
-0.000398889 -1.45846e-05 -1.87809e-18
-0.000398883 -1.3796e-05 -1.87784e-18
-0.000398876 -1.29922e-05 -1.87759e-18
-0.000398869 -1.21739e-05 -1.87733e-18
-0.000398862 -1.13414e-05 -1.87707e-18
-0.000398855 -1.04953e-05 -1.8768e-18
-0.000398848 -9.63633e-06 -1.87653e-18
-0.000398841 -8.76503e-06 -1.87626e-18
-0.000398833 -7.88207e-06 -1.87598e-18
-0.000398827 -6.98828e-06 -1.8757e-18
-0.000398821 -6.08482e-06 -1.87541e-18
-0.000398815 -5.17311e-06 -1.87513e-18
-0.000398809 -4.25454e-06 -1.87484e-18
-0.000398807 -3.33054e-06 -1.87454e-18
-0.000398806 -2.40268e-06 -1.87425e-18
-0.000398804 -1.47264e-06 -1.87396e-18
-0.000398803 -5.41988e-07 -1.87366e-18
-0.000398801 3.87779e-07 -1.87337e-18
-0.0003988 1.31518e-06 -1.87307e-18
-0.000398798 2.23881e-06 -1.87278e-18
-0.000398796 3.1574e-06 -1.87249e-18
-0.000398795 4.06961e-06 -1.87219e-18
-0.000398793 4.97382e-06 -1.8719e-18
-0.000398792 5.8682e-06 -1.87162e-18
-0.00039879 6.75105e-06 -1.87133e-18
-0.000398789 7.62082e-06 -1.87105e-18
-0.000398787 8.47612e-06 -1.87078e-18
-0.000398786 9.3157e-06 -1.8705e-18
-0.000398784 1.01385e-05 -1.87023e-18
-0.000398783 1.09436e-05 -1.86997e-18
-0.000398782 1.17303e-05 -1.86971e-18
-0.000398788 1.24985e-05 -1.86946e-18
-0.000398797 1.32477e-05 -1.86922e-18
-0.000398804 1.39775e-05 -1.86898e-18
-0.000398819 1.46866e-05 -1.86874e-18
-0.000398837 1.53762e-05 -1.86852e-18
-0.000398858 1.60493e-05 -1.86829e-18
-0.000398881 1.67056e-05 -1.86808e-18
-0.000398902 1.73474e-05 -1.86787e-18
-0.000398925 1.79763e-05 -1.86766e-18
-0.000398946 1.85942e-05 -1.86745e-18
-0.000398968 1.9203e-05 -1.86725e-18
-0.000398989 1.98044e-05 -1.86705e-18
-0.00039901 2.04003e-05 -1.86686e-18
-0.000399031 2.09922e-05 -1.86666e-18
-0.000399052 2.15817e-05 -1.86647e-18
-0.000399072 2.21704e-05 -1.86628e-18
-0.000399092 2.276e-05 -1.86608e-18
-0.000399114 2.33521e-05 -1.86589e-18
-0.000399136 2.39477e-05 -1.8657e-18
-0.000399157 2.45478e-05 -1.8655e-18
-0.000399178 2.51529e-05 -1.86531e-18
-0.000399199 2.57632e-05 -1.86511e-18
-0.000399219 2.63789e-05 -1.86492e-18
-0.00039924 2.70002e-05 -1.86472e-18
-0.00039926 2.76271e-05 -1.86452e-18
-0.000399279 2.82597e-05 -1.86432e-18
-0.000399299 2.88977e-05 -1.86412e-18
-0.000399318 2.95407e-05 -1.86392e-18
-0.000399337 3.01879e-05 -1.86371e-18
-0.000399355 3.08386e-05 -1.86351e-18
-0.000399374 3.14918e-05 -1.8633e-18
-0.000399392 3.21468e-05 -1.8631e-18
-0.000399409 3.28028e-05 -1.8629e-18
-0.000399427 3.3459e-05 -1.86269e-18
-0.000399444 3.41145e-05 -1.86249e-18
-0.000399461 3.47685e-05 -1.86228e-18
-0.000399477 3.54202e-05 -1.86208e-18
-0.000399493 3.60688e-05 -1.86188e-18
-0.000399509 3.67135e-05 -1.86168e-18
-0.000399525 3.7354e-05 -1.86148e-18
-0.00039954 3.79898e-05 -1.86128e-18
-0.000399555 3.86206e-05 -1.86109e-18
-0.00039957 3.92461e-05 -1.8609e-18
-0.000399584 3.98653e-05 -1.8607e-18
-0.000399598 4.04773e-05 -1.86051e-18
-0.000399612 4.1081e-05 -1.86033e-18
-0.000399625 4.16752e-05 -1.86014e-18
-0.000399638 4.22583e-05 -1.85996e-18
-0.000399651 4.28288e-05 -1.85978e-18
-0.000399663 4.3385e-05 -1.85961e-18
-0.000399676 4.39252e-05 -1.85944e-18
-0.000399687 4.44483e-05 -1.85928e-18
-0.000399699 4.49528e-05 -1.85912e-18
-0.00039971 4.54376e-05 -1.85897e-18
-0.000399721 4.59019e-05 -1.85882e-18
-0.000399732 4.63447e-05 -1.85868e-18
-0.000399742 4.67655e-05 -1.85855e-18
-0.000399752 4.7164e-05 -1.85842e-18
-0.000399761 4.75397e-05 -1.8583e-18
-0.00039977 4.78925e-05 -1.85819e-18
-0.000399779 4.82224e-05 -1.85808e-18
-0.000399787 4.85295e-05 -1.85798e-18
-0.000399795 4.88139e-05 -1.85789e-18
-0.000399803 4.9076e-05 -1.8578e-18
-0.00039981 4.93162e-05 -1.85772e-18
-0.000399816 4.9535e-05 -1.85765e-18
-0.000399823 4.9733e-05 -1.85758e-18
-0.000399829 4.99105e-05 -1.85752e-18
-0.000399834 5.00679e-05 -1.85747e-18
-0.000399839 5.02054e-05 -1.85742e-18
-0.000399843 5.03236e-05 -1.85737e-18
-0.000399847 5.04227e-05 -1.85734e-18
-0.000399851 5.05033e-05 -1.85731e-18
-0.000399854 5.05659e-05 -1.85728e-18
-0.000399856 5.06108e-05 -1.85726e-18
-0.000399859 5.06388e-05 -1.85725e-18
-0.00039986 5.06505e-05 -1.85724e-18
-0.000399861 5.06466e-05 -1.85724e-18
-0.000399862 5.06279e-05 -1.85724e-18
-0.000399862 5.05953e-05 -1.85725e-18
-0.000399862 5.055e-05 -1.85726e-18
-0.000399861 5.04929e-05 -1.85727e-18
-0.000399859 5.04249e-05 -1.85729e-18
-0.000399857 5.03464e-05 -1.85731e-18
-0.000399855 5.02578e-05 -1.85734e-18
-0.000399852 5.01593e-05 -1.85737e-18
-0.000399848 5.00511e-05 -1.85741e-18
-0.000399844 4.99333e-05 -1.85744e-18
-0.00039984 4.98063e-05 -1.85749e-18
-0.000399835 4.96701e-05 -1.85753e-18
-0.000399829 4.95245e-05 -1.85758e-18
-0.000399823 4.93695e-05 -1.85763e-18
-0.000399816 4.92048e-05 -1.85769e-18
-0.000399809 4.90299e-05 -1.85775e-18
-0.000399802 4.88443e-05 -1.85781e-18
-0.000399794 4.86477e-05 -1.85788e-18
-0.000399786 4.844e-05 -1.85795e-18
-0.000399777 4.82208e-05 -1.85802e-18
-0.000399768 4.79896e-05 -1.8581e-18
-0.000399758 4.77455e-05 -1.85819e-18
-0.000399748 4.74874e-05 -1.85828e-18
-0.000399738 4.72139e-05 -1.85837e-18
-0.000399727 4.69237e-05 -1.85847e-18
-0.000399716 4.66151e-05 -1.85858e-18
-0.000399705 4.62863e-05 -1.85869e-18
-0.000399693 4.59356e-05 -1.85881e-18
-0.000399681 4.55612e-05 -1.85893e-18
-0.000399669 4.51615e-05 -1.85907e-18
-0.000399656 4.47349e-05 -1.85921e-18
-0.000399644 4.42797e-05 -1.85936e-18
-0.00039963 4.37947e-05 -1.85951e-18
-0.000399617 4.32787e-05 -1.85968e-18
-0.000399603 4.27307e-05 -1.85986e-18
-0.000399589 4.215e-05 -1.86004e-18
-0.000399575 4.1536e-05 -1.86024e-18
-0.000399561 4.08882e-05 -1.86044e-18
-0.000399546 4.02063e-05 -1.86066e-18
-0.000399531 3.94905e-05 -1.86088e-18
-0.000399515 3.87408e-05 -1.86112e-18
-0.000399499 3.79581e-05 -1.86136e-18
-0.000399483 3.71433e-05 -1.86161e-18
-0.000399467 3.62979e-05 -1.86188e-18
-0.00039945 3.5423e-05 -1.86215e-18
-0.000399433 3.45199e-05 -1.86242e-18
-0.000399416 3.35899e-05 -1.86271e-18
-0.000399398 3.2634e-05 -1.863e-18
-0.00039938 3.16538e-05 -1.86331e-18
-0.000399361 3.06508e-05 -1.86361e-18
-0.000399342 2.96269e-05 -1.86393e-18
-0.000399323 2.85839e-05 -1.86424e-18
-0.000399304 2.75238e-05 -1.86457e-18
-0.000399284 2.64487e-05 -1.8649e-18
-0.000399263 2.53609e-05 -1.86523e-18
-0.000399243 2.42628e-05 -1.86557e-18
-0.000399222 2.31566e-05 -1.8659e-18
-0.0003992 2.20448e-05 -1.86625e-18
-0.000399178 2.09298e-05 -1.86659e-18
-0.000399156 1.98138e-05 -1.86693e-18
-0.000399134 1.86992e-05 -1.86727e-18
-0.000399111 1.75881e-05 -1.86761e-18
-0.000399088 1.64826e-05 -1.86795e-18
-0.000399064 1.53844e-05 -1.86829e-18
-0.000399042 1.42953e-05 -1.86863e-18
-0.00039902 1.32162e-05 -1.86897e-18
-0.000398997 1.21477e-05 -1.8693e-18
-0.000398975 1.10902e-05 -1.86963e-18
-0.00039896 1.00415e-05 -1.86996e-18
-0.000398949 9.00344e-06 -1.87028e-18
-0.000398934 7.97855e-06 -1.8706e-18
-0.000398921 6.9662e-06 -1.87092e-18
-0.000398907 5.96727e-06 -1.87124e-18
-0.000398893 4.98159e-06 -1.87155e-18
-0.000398879 4.00921e-06 -1.87186e-18
-0.000398865 3.04991e-06 -1.87217e-18
-0.00039885 2.10332e-06 -1.87247e-18
-0.00039884 1.16896e-06 -1.87277e-18
-0.000398839 2.46316e-07 -1.87306e-18
-0.00039884 -6.65568e-07 -1.87336e-18
-0.00039884 -1.56785e-06 -1.87365e-18
-0.000398841 -2.46177e-06 -1.87394e-18
-0.000398841 -3.34904e-06 -1.87423e-18
-0.000398841 -4.23119e-06 -1.87451e-18
-0.000398841 -5.10989e-06 -1.8748e-18
-0.000398841 -5.98641e-06 -1.87508e-18
-0.000398841 -6.862e-06 -1.87537e-18
-0.000398841 -7.73772e-06 -1.87565e-18
-0.000398842 -8.61482e-06 -1.87594e-18
-0.000398842 -9.49482e-06 -1.87622e-18
-0.000398842 -1.03795e-05 -1.87651e-18
-0.000398842 -1.12705e-05 -1.8768e-18
-0.000398842 -1.21694e-05 -1.87709e-18
-0.000398842 -1.30777e-05 -1.87738e-18
-0.000398842 -1.39966e-05 -1.87767e-18
-0.000398842 -1.49273e-05 -1.87797e-18
-0.000398847 -1.58706e-05 -1.87827e-18
-0.000398854 -1.6827e-05 -1.87858e-18
-0.000398859 -1.77921e-05 -1.87889e-18
-0.000398866 -1.87522e-05 -1.8792e-18
-0.000398871 -1.97213e-05 -1.87951e-18
-0.000398877 -2.07075e-05 -1.87983e-18
-0.000398891 -2.17035e-05 -1.88015e-18
-0.00039891 -2.27135e-05 -1.88047e-18
-0.000398927 -2.37374e-05 -1.8808e-18
-0.000398946 -2.47753e-05 -1.88114e-18
-0.00039897 -2.58267e-05 -1.88147e-18
-0.000398997 -2.68913e-05 -1.88181e-18
-0.000399022 -2.79679e-05 -1.88216e-18
-0.000399048 -2.90564e-05 -1.88251e-18
-0.000399073 -3.01555e-05 -1.88286e-18
-0.000399098 -3.12646e-05 -1.88321e-18
-0.000399123 -3.23823e-05 -1.88357e-18
-0.000399148 -3.35072e-05 -1.88392e-18
-0.000399173 -3.4637e-05 -1.88428e-18
-0.000399197 -3.57697e-05 -1.88464e-18
-0.000399221 -3.69033e-05 -1.885e-18
-0.000399246 -3.80359e-05 -1.88536e-18
-0.00039927 -3.9166e-05 -1.88572e-18
-0.000399294 -4.02918e-05 -1.88608e-18
-0.000399317 -4.1412e-05 -1.88643e-18
-0.000399341 -4.25253e-05 -1.88679e-18
-0.000399364 -4.36308e-05 -1.88714e-18
-0.000399387 -4.47275e-05 -1.88749e-18
-0.00039941 -4.58148e-05 -1.88783e-18
-0.000399433 -4.68919e-05 -1.88817e-18
-0.000399456 -4.79585e-05 -1.88851e-18
-0.000399478 -4.90143e-05 -1.88885e-18
-0.000399501 -5.00588e-05 -1.88918e-18
-0.000399523 -5.10918e-05 -1.88952e-18
-0.000399545 -5.21127e-05 -1.88984e-18
-0.000399567 -5.31211e-05 -1.89017e-18
-0.000399588 -5.41169e-05 -1.89049e-18
-0.00039961 -5.50998e-05 -1.8908e-18
-0.000399631 -5.60696e-05 -1.89112e-18
-0.000399652 -5.70265e-05 -1.89142e-18
-0.000399673 -5.79703e-05 -1.89173e-18
-0.000399694 -5.89005e-05 -1.89203e-18
-0.000399715 -5.98164e-05 -1.89233e-18
-0.000399735 -6.07174e-05 -1.89262e-18
-0.000399756 -6.16028e-05 -1.89291e-18
-0.000399776 -6.24721e-05 -1.89319e-18
-0.000399796 -6.33251e-05 -1.89347e-18
-0.000399815 -6.41612e-05 -1.89375e-18
-0.000399835 -6.49805e-05 -1.89402e-18
-0.000399854 -6.57831e-05 -1.89428e-18
-0.000399873 -6.65694e-05 -1.89454e-18
-0.000399892 -6.73399e-05 -1.89479e-18
-0.000399911 -6.80953e-05 -1.89504e-18
-0.000399929 -6.88366e-05 -1.89529e-18
-0.000399947 -6.95649e-05 -1.89553e-18
-0.000399965 -7.02812e-05 -1.89577e-18
-0.000399982 -7.09869e-05 -1.896e-18
-0.0004 -7.16832e-05 -1.89624e-18
-0.000400017 -7.23713e-05 -1.89646e-18
-0.000400033 -7.30525e-05 -1.89669e-18
-0.000400049 -7.37278e-05 -1.89691e-18
-0.000400065 -7.43975e-05 -1.89713e-18
-0.000400081 -7.50619e-05 -1.89735e-18
-0.000400096 -7.57208e-05 -1.89757e-18
-0.000400111 -7.63741e-05 -1.89778e-18
-0.000400126 -7.70222e-05 -1.89799e-18
-0.000400141 -7.76653e-05 -1.8982e-18
-0.000400155 -7.83037e-05 -1.89841e-18
-0.000400168 -7.89375e-05 -1.89861e-18
-0.000400182 -7.95659e-05 -1.89881e-18
-0.000400195 -8.01881e-05 -1.89901e-18
-0.000400207 -8.08028e-05 -1.89921e-18
-0.00040022 -8.14088e-05 -1.8994e-18
-0.000400232 -8.20045e-05 -1.89959e-18
-0.000400244 -8.25885e-05 -1.89978e-18
-0.000400255 -8.3159e-05 -1.89995e-18
-0.000400267 -8.37142e-05 -1.90013e-18
-0.000400278 -8.42518e-05 -1.9003e-18
-0.000400288 -8.47695e-05 -1.90046e-18
-0.000400299 -8.52647e-05 -1.90061e-18
-0.000400309 -8.5735e-05 -1.90076e-18
-0.000400319 -8.61781e-05 -1.9009e-18
-0.000400329 -8.65916e-05 -1.90103e-18
-0.000400338 -8.69736e-05 -1.90115e-18
-0.000400347 -8.73219e-05 -1.90125e-18
-0.000400356 -8.76348e-05 -1.90135e-18
-0.000400365 -8.79108e-05 -1.90144e-18
-0.000400373 -8.81487e-05 -1.90151e-18
-0.000400381 -8.8347e-05 -1.90158e-18
-0.000400389 -8.85044e-05 -1.90163e-18
-0.000400396 -8.86192e-05 -1.90167e-18
-0.000400403 -8.869e-05 -1.90169e-18
-0.00040041 -8.87159e-05 -1.9017e-18
-0.000400416 -8.86965e-05 -1.9017e-18
-0.000400422 -8.8632e-05 -1.90168e-18
-0.000400428 -8.85221e-05 -1.90166e-18
-0.000400433 -8.83672e-05 -1.90161e-18
-0.000400437 -8.81678e-05 -1.90156e-18
-0.000400442 -8.79244e-05 -1.90149e-18
-0.000400445 -8.76377e-05 -1.90141e-18
-0.000400448 -8.73086e-05 -1.90131e-18
-0.000400451 -8.69383e-05 -1.9012e-18
-0.000400453 -8.65282e-05 -1.90108e-18
-0.000400455 -8.60799e-05 -1.90095e-18
-0.000400456 -8.55951e-05 -1.90081e-18
-0.000400456 -8.50761e-05 -1.90066e-18
-0.000400455 -8.45251e-05 -1.9005e-18
-0.000400454 -8.39444e-05 -1.90033e-18
-0.000400453 -8.33365e-05 -1.90015e-18
-0.00040045 -8.27039e-05 -1.89996e-18
-0.000400447 -8.20492e-05 -1.89976e-18
-0.000400444 -8.13749e-05 -1.89956e-18
-0.000400439 -8.06834e-05 -1.89935e-18
-0.000400434 -7.99774e-05 -1.89914e-18
-0.000400428 -7.92593e-05 -1.89892e-18
-0.000400422 -7.85317e-05 -1.8987e-18
-0.000400415 -7.77967e-05 -1.89848e-18
-0.000400407 -7.70563e-05 -1.89825e-18
-0.000400398 -7.63121e-05 -1.89802e-18
-0.000400389 -7.55656e-05 -1.89779e-18
-0.000400379 -7.48182e-05 -1.89756e-18
-0.000400368 -7.40712e-05 -1.89733e-18
-0.000400357 -7.33263e-05 -1.89709e-18
-0.000400345 -7.25846e-05 -1.89686e-18
-0.000400332 -7.18472e-05 -1.89663e-18
-0.000400319 -7.11146e-05 -1.8964e-18
-0.000400305 -7.03871e-05 -1.89617e-18
-0.00040029 -6.96647e-05 -1.89594e-18
-0.000400275 -6.89473e-05 -1.89571e-18
-0.000400259 -6.82347e-05 -1.89548e-18
-0.000400243 -6.75266e-05 -1.89525e-18
-0.000400226 -6.68225e-05 -1.89502e-18
-0.000400208 -6.61221e-05 -1.8948e-18
-0.00040019 -6.54246e-05 -1.89457e-18
-0.000400172 -6.47297e-05 -1.89434e-18
-0.000400153 -6.40367e-05 -1.89412e-18
-0.000400133 -6.33449e-05 -1.89389e-18
-0.000400113 -6.2654e-05 -1.89366e-18
-0.000400092 -6.19637e-05 -1.89344e-18
-0.000400071 -6.12737e-05 -1.89321e-18
-0.000400049 -6.05834e-05 -1.89298e-18
-0.000400027 -5.98923e-05 -1.89275e-18
-0.000400004 -5.91994e-05 -1.89252e-18
-0.000399981 -5.85036e-05 -1.89229e-18
-0.000399957 -5.7804e-05 -1.89206e-18
-0.000399933 -5.70996e-05 -1.89183e-18
-0.000399908 -5.63892e-05 -1.89159e-18
-0.000399883 -5.56719e-05 -1.89135e-18
-0.000399858 -5.49466e-05 -1.89111e-18
-0.000399832 -5.42121e-05 -1.89087e-18
-0.000399806 -5.34674e-05 -1.89062e-18
-0.000399779 -5.27113e-05 -1.89037e-18
-0.000399752 -5.19427e-05 -1.89012e-18
-0.000399725 -5.11601e-05 -1.88986e-18
-0.000399697 -5.03622e-05 -1.88959e-18
-0.000399669 -4.95474e-05 -1.88933e-18
-0.00039964 -4.87145e-05 -1.88905e-18
-0.000399612 -4.78619e-05 -1.88877e-18
-0.000399582 -4.69882e-05 -1.88849e-18
-0.000399553 -4.6092e-05 -1.8882e-18
-0.000399523 -4.51723e-05 -1.8879e-18
-0.000399493 -4.42284e-05 -1.88759e-18
-0.000399462 -4.326e-05 -1.88728e-18
-0.000399431 -4.22668e-05 -1.88696e-18
-0.0003994 -4.12489e-05 -1.88663e-18
-0.000399368 -4.02067e-05 -1.8863e-18
-0.000399337 -3.91408e-05 -1.88596e-18
-0.000399304 -3.80518e-05 -1.88561e-18
-0.000399272 -3.69407e-05 -1.88525e-18
-0.000399239 -3.58081e-05 -1.88489e-18
-0.000399206 -3.46549e-05 -1.88452e-18
-0.000399172 -3.34819e-05 -1.88415e-18
-0.000399139 -3.22902e-05 -1.88377e-18
-0.000399105 -3.10811e-05 -1.88339e-18
-0.00039907 -2.9856e-05 -1.883e-18
-0.000399036 -2.86164e-05 -1.8826e-18
-0.000399001 -2.73639e-05 -1.88221e-18
-0.000398966 -2.61002e-05 -1.8818e-18
-0.000398942 -2.4827e-05 -1.8814e-18
-0.000398922 -2.35458e-05 -1.88099e-18
-0.000398899 -2.22579e-05 -1.88059e-18
-0.000398888 -2.09623e-05 -1.88018e-18
-0.00039888 -1.96622e-05 -1.87977e-18
-0.000398869 -1.83713e-05 -1.87936e-18
-0.000398867 -1.70858e-05 -1.87895e-18
-0.000398866 -1.58013e-05 -1.87854e-18
-0.000398863 -1.45215e-05 -1.87813e-18
-0.000398862 -1.32464e-05 -1.87772e-18
-0.00039886 -1.19783e-05 -1.87732e-18
-0.000398858 -1.07175e-05 -1.87691e-18
-0.000398856 -9.4651e-06 -1.87651e-18
-0.000398854 -8.22125e-06 -1.87611e-18
-0.000398852 -6.9864e-06 -1.87571e-18
-0.000398849 -5.76019e-06 -1.87532e-18
-0.000398847 -4.54223e-06 -1.87492e-18
-0.000398845 -3.33173e-06 -1.87453e-18
-0.000398843 -2.12788e-06 -1.87414e-18
-0.000398841 -9.29404e-07 -1.87375e-18
-0.000398839 2.6504e-07 -1.87336e-18
-0.000398842 1.45698e-06 -1.87297e-18
-0.000398857 2.64824e-06 -1.87259e-18
-0.000398874 3.84026e-06 -1.8722e-18
-0.00039889 5.03468e-06 -1.87182e-18
-0.000398906 6.23338e-06 -1.87143e-18
-0.000398921 7.43778e-06 -1.87104e-18
-0.000398936 8.6493e-06 -1.87065e-18
-0.000398951 9.86888e-06 -1.87026e-18
-0.000398966 1.10974e-05 -1.86987e-18
-0.000398992 1.23326e-05 -1.86947e-18
-0.000399022 1.35766e-05 -1.86908e-18
-0.00039905 1.48329e-05 -1.86868e-18
-0.000399078 1.61008e-05 -1.86827e-18
-0.000399106 1.73814e-05 -1.86787e-18
-0.000399133 1.86749e-05 -1.86746e-18
-0.00039916 1.99818e-05 -1.86705e-18
-0.000399187 2.13022e-05 -1.86663e-18
-0.000399213 2.26361e-05 -1.86622e-18
-0.000399239 2.39831e-05 -1.86579e-18
-0.000399265 2.53426e-05 -1.86537e-18
-0.00039929 2.67136e-05 -1.86494e-18
-0.000399315 2.8095e-05 -1.86451e-18
-0.000399339 2.94849e-05 -1.86408e-18
-0.000399364 3.08813e-05 -1.86365e-18
-0.000399387 3.22818e-05 -1.86321e-18
-0.000399411 3.36837e-05 -1.86278e-18
-0.000399434 3.50846e-05 -1.86235e-18
-0.000399457 3.64814e-05 -1.86192e-18
-0.00039948 3.78714e-05 -1.86149e-18
-0.000399503 3.92515e-05 -1.86106e-18
-0.000399525 4.06192e-05 -1.86064e-18
-0.000399547 4.19716e-05 -1.86023e-18
-0.000399569 4.33063e-05 -1.85982e-18
-0.000399591 4.46206e-05 -1.85941e-18
-0.000399612 4.59124e-05 -1.85901e-18
-0.000399634 4.71794e-05 -1.85862e-18
-0.000399655 4.84197e-05 -1.85824e-18
-0.000399676 4.96315e-05 -1.85787e-18
-0.000399697 5.0813e-05 -1.8575e-18
-0.000399717 5.1963e-05 -1.85715e-18
-0.000399737 5.30802e-05 -1.8568e-18
-0.000399758 5.41633e-05 -1.85647e-18
-0.000399778 5.52113e-05 -1.85614e-18
-0.000399797 5.62235e-05 -1.85583e-18
-0.000399817 5.7199e-05 -1.85552e-18
-0.000399836 5.81372e-05 -1.85523e-18
-0.000399855 5.90372e-05 -1.85495e-18
-0.000399874 5.98983e-05 -1.85468e-18
-0.000399893 6.07196e-05 -1.85442e-18
-0.000399912 6.15006e-05 -1.85418e-18
-0.00039993 6.22413e-05 -1.85394e-18
-0.000399948 6.29415e-05 -1.85372e-18
-0.000399966 6.36015e-05 -1.85351e-18
-0.000399983 6.42216e-05 -1.85331e-18
-0.0004 6.48021e-05 -1.85313e-18
-0.000400017 6.53434e-05 -1.85295e-18
-0.000400034 6.5846e-05 -1.85279e-18
-0.00040005 6.63105e-05 -1.85264e-18
-0.000400066 6.67374e-05 -1.8525e-18
-0.000400082 6.71273e-05 -1.85237e-18
-0.000400097 6.74807e-05 -1.85225e-18
-0.000400112 6.77983e-05 -1.85215e-18
-0.000400127 6.80809e-05 -1.85205e-18
-0.000400141 6.83292e-05 -1.85196e-18
-0.000400154 6.85442e-05 -1.85189e-18
-0.000400168 6.87267e-05 -1.85182e-18
-0.00040018 6.88781e-05 -1.85177e-18
-0.000400193 6.89998e-05 -1.85172e-18
-0.000400204 6.90933e-05 -1.85168e-18
-0.000400216 6.91602e-05 -1.85165e-18
-0.000400226 6.92024e-05 -1.85163e-18
-0.000400237 6.92219e-05 -1.85162e-18
-0.000400246 6.92208e-05 -1.85161e-18
-0.000400255 6.92012e-05 -1.85161e-18
-0.000400264 6.91651e-05 -1.85161e-18
-0.000400271 6.91144e-05 -1.85162e-18
-0.000400278 6.90511e-05 -1.85163e-18
-0.000400285 6.8977e-05 -1.85165e-18
-0.000400291 6.88938e-05 -1.85167e-18
-0.000400296 6.88031e-05 -1.85169e-18
-0.000400301 6.87063e-05 -1.85172e-18
-0.000400305 6.86046e-05 -1.85175e-18
-0.000400308 6.84994e-05 -1.85178e-18
-0.000400311 6.8392e-05 -1.85181e-18
-0.000400313 6.82836e-05 -1.85185e-18
-0.000400314 6.81749e-05 -1.85188e-18
-0.000400315 6.80665e-05 -1.85192e-18
-0.000400315 6.79587e-05 -1.85195e-18
-0.000400314 6.78516e-05 -1.85199e-18
-0.000400313 6.77448e-05 -1.85202e-18
-0.000400312 6.76378e-05 -1.85206e-18
-0.00040031 6.75294e-05 -1.8521e-18
-0.000400307 6.74184e-05 -1.85214e-18
-0.000400304 6.73034e-05 -1.85218e-18
-0.0004003 6.7183e-05 -1.85223e-18
-0.000400296 6.70558e-05 -1.85228e-18
-0.000400292 6.69203e-05 -1.85233e-18
-0.000400287 6.67749e-05 -1.85238e-18
-0.000400281 6.66178e-05 -1.85244e-18
-0.000400275 6.64475e-05 -1.8525e-18
-0.000400269 6.6262e-05 -1.85256e-18
-0.000400262 6.60599e-05 -1.85263e-18
-0.000400255 6.58396e-05 -1.85271e-18
-0.000400247 6.55996e-05 -1.85279e-18
-0.000400239 6.53387e-05 -1.85288e-18
-0.00040023 6.50556e-05 -1.85297e-18
-0.000400221 6.4749e-05 -1.85307e-18
-0.000400212 6.44174e-05 -1.85318e-18
-0.000400203 6.40597e-05 -1.8533e-18
-0.000400192 6.36749e-05 -1.85342e-18
-0.000400182 6.32621e-05 -1.85355e-18
-0.000400171 6.2821e-05 -1.85369e-18
-0.00040016 6.23511e-05 -1.85384e-18
-0.000400148 6.18527e-05 -1.85399e-18
-0.000400136 6.13262e-05 -1.85416e-18
-0.000400123 6.07728e-05 -1.85433e-18
-0.00040011 6.01937e-05 -1.85451e-18
-0.000400097 5.95903e-05 -1.8547e-18
-0.000400083 5.89641e-05 -1.85489e-18
-0.000400068 5.83164e-05 -1.85509e-18
-0.000400053 5.7649e-05 -1.85529e-18
-0.000400037 5.69636e-05 -1.8555e-18
-0.000400021 5.62623e-05 -1.85572e-18
-0.000400005 5.55474e-05 -1.85594e-18
-0.000399988 5.48211e-05 -1.85616e-18
-0.00039997 5.40859e-05 -1.85639e-18
-0.000399952 5.33437e-05 -1.85661e-18
-0.000399933 5.25968e-05 -1.85684e-18
-0.000399914 5.1847e-05 -1.85707e-18
-0.000399895 5.10962e-05 -1.85731e-18
-0.000399875 5.03461e-05 -1.85754e-18
-0.000399855 4.95984e-05 -1.85777e-18
-0.000399834 4.88545e-05 -1.858e-18
-0.000399812 4.81156e-05 -1.85823e-18
-0.000399791 4.73823e-05 -1.85846e-18
-0.000399769 4.66547e-05 -1.85869e-18
-0.000399747 4.5933e-05 -1.85892e-18
-0.000399724 4.52167e-05 -1.85915e-18
-0.000399701 4.45055e-05 -1.85937e-18
-0.000399678 4.37988e-05 -1.8596e-18
-0.000399654 4.30957e-05 -1.85982e-18
-0.00039963 4.23954e-05 -1.86005e-18
-0.000399607 4.16971e-05 -1.86027e-18
-0.000399582 4.09997e-05 -1.86049e-18
-0.000399558 4.03023e-05 -1.86072e-18
-0.000399533 3.96039e-05 -1.86095e-18
-0.000399509 3.89034e-05 -1.86117e-18
-0.000399484 3.81997e-05 -1.8614e-18
-0.000399458 3.74918e-05 -1.86163e-18
-0.000399433 3.67786e-05 -1.86186e-18
-0.000399408 3.6059e-05 -1.86209e-18
-0.000399382 3.5332e-05 -1.86233e-18
-0.000399357 3.45967e-05 -1.86257e-18
-0.000399331 3.38519e-05 -1.86281e-18
-0.000399305 3.30962e-05 -1.86306e-18
-0.000399279 3.2328e-05 -1.8633e-18
-0.000399254 3.15459e-05 -1.86356e-18
-0.000399229 3.0748e-05 -1.86382e-18
-0.000399205 2.99327e-05 -1.86408e-18
-0.000399181 2.90982e-05 -1.86435e-18
-0.000399157 2.82426e-05 -1.86462e-18
-0.000399132 2.73642e-05 -1.8649e-18
-0.000399108 2.64613e-05 -1.86519e-18
-0.000399084 2.55319e-05 -1.86549e-18
-0.00039906 2.45744e-05 -1.86579e-18
-0.000399035 2.35874e-05 -1.86611e-18
-0.000399011 2.25697e-05 -1.86643e-18
-0.000398987 2.15205e-05 -1.86676e-18
-0.000398963 2.04394e-05 -1.8671e-18
-0.000398943 1.93259e-05 -1.86745e-18
-0.000398925 1.81801e-05 -1.86781e-18
-0.000398906 1.70021e-05 -1.86818e-18
-0.000398897 1.57896e-05 -1.86856e-18
-0.000398891 1.45446e-05 -1.86894e-18
-0.00039889 1.32705e-05 -1.86934e-18
-0.000398892 1.19669e-05 -1.86975e-18
-0.000398892 1.06358e-05 -1.87016e-18
-0.000398894 9.27837e-06 -1.87059e-18
-0.000398894 7.89645e-06 -1.87101e-18
-0.000398896 6.49221e-06 -1.87145e-18
-0.000398896 5.06778e-06 -1.87189e-18
-0.000398897 3.62559e-06 -1.87234e-18
-0.000398897 2.16794e-06 -1.87279e-18
-0.000398897 6.97436e-07 -1.87324e-18
-0.000398897 -7.83441e-07 -1.8737e-18
-0.000398897 -2.27193e-06 -1.87416e-18
-0.000398897 -3.76518e-06 -1.87462e-18
-0.000398897 -5.26007e-06 -1.87508e-18
-0.000398897 -6.75358e-06 -1.87554e-18
-0.000398897 -8.24274e-06 -1.876e-18
-0.000398896 -9.72494e-06 -1.87646e-18
-0.000398896 -1.11978e-05 -1.87691e-18
-0.000398899 -1.26589e-05 -1.87736e-18
-0.000398904 -1.41061e-05 -1.87781e-18
-0.000398907 -1.55374e-05 -1.87825e-18
-0.000398911 -1.69506e-05 -1.87869e-18
-0.000398916 -1.83439e-05 -1.87912e-18
-0.000398922 -1.97155e-05 -1.87955e-18
-0.000398926 -2.10393e-05 -1.87997e-18
-0.000398931 -2.23294e-05 -1.88038e-18
-0.000398946 -2.35971e-05 -1.88078e-18
-0.000398964 -2.48329e-05 -1.88117e-18
-0.000398979 -2.60438e-05 -1.88156e-18
-0.000398996 -2.72237e-05 -1.88194e-18
-0.000399011 -2.83744e-05 -1.88231e-18
-0.000399027 -2.94935e-05 -1.88267e-18
-0.00039905 -3.05822e-05 -1.88302e-18
-0.000399075 -3.164e-05 -1.88336e-18
-0.000399098 -3.26679e-05 -1.8837e-18
-0.000399123 -3.36666e-05 -1.88402e-18
-0.000399146 -3.46371e-05 -1.88434e-18
-0.00039917 -3.55806e-05 -1.88465e-18
-0.000399194 -3.64986e-05 -1.88496e-18
-0.000399217 -3.73925e-05 -1.88525e-18
-0.00039924 -3.82636e-05 -1.88554e-18
-0.000399263 -3.91134e-05 -1.88582e-18
-0.000399286 -3.99431e-05 -1.8861e-18
-0.000399309 -4.07544e-05 -1.88637e-18
-0.000399331 -4.15486e-05 -1.88663e-18
-0.000399353 -4.23271e-05 -1.88689e-18
-0.000399375 -4.30916e-05 -1.88714e-18
-0.000399397 -4.38431e-05 -1.88739e-18
-0.000399419 -4.45827e-05 -1.88764e-18
-0.00039944 -4.53111e-05 -1.88788e-18
-0.000399461 -4.60288e-05 -1.88812e-18
-0.000399482 -4.67362e-05 -1.88836e-18
-0.000399503 -4.74336e-05 -1.88859e-18
-0.000399523 -4.81212e-05 -1.88882e-18
-0.000399543 -4.8799e-05 -1.88904e-18
-0.000399563 -4.94669e-05 -1.88926e-18
-0.000399583 -5.01248e-05 -1.88948e-18
-0.000399602 -5.07721e-05 -1.88969e-18
-0.000399621 -5.14086e-05 -1.8899e-18
-0.000399639 -5.20336e-05 -1.8901e-18
-0.000399658 -5.26468e-05 -1.8903e-18
-0.000399676 -5.32478e-05 -1.8905e-18
-0.000399693 -5.38364e-05 -1.89069e-18
-0.000399711 -5.44118e-05 -1.89087e-18
-0.000399728 -5.49737e-05 -1.89106e-18
-0.000399744 -5.55214e-05 -1.89123e-18
-0.000399761 -5.6054e-05 -1.89141e-18
-0.000399777 -5.6571e-05 -1.89157e-18
-0.000399793 -5.70711e-05 -1.89173e-18
-0.000399808 -5.75533e-05 -1.89189e-18
-0.000399823 -5.80162e-05 -1.89204e-18
-0.000399838 -5.84587e-05 -1.89218e-18
-0.000399852 -5.88796e-05 -1.89231e-18
-0.000399866 -5.92778e-05 -1.89244e-18
-0.000399879 -5.9652e-05 -1.89256e-18
-0.000399893 -6.00013e-05 -1.89268e-18
-0.000399905 -6.03245e-05 -1.89278e-18
-0.000399918 -6.06206e-05 -1.89288e-18
-0.00039993 -6.08886e-05 -1.89297e-18
-0.000399942 -6.11279e-05 -1.89305e-18
-0.000399953 -6.13377e-05 -1.89312e-18
-0.000399964 -6.15179e-05 -1.89318e-18
-0.000399974 -6.16684e-05 -1.89323e-18
-0.000399984 -6.1789e-05 -1.89327e-18
-0.000399993 -6.18798e-05 -1.89331e-18
-0.000400002 -6.1941e-05 -1.89333e-18
-0.000400011 -6.19727e-05 -1.89335e-18
-0.000400019 -6.19755e-05 -1.89336e-18
-0.000400027 -6.19499e-05 -1.89336e-18
-0.000400034 -6.18967e-05 -1.89335e-18
-0.00040004 -6.18168e-05 -1.89333e-18
-0.000400046 -6.17112e-05 -1.8933e-18
-0.000400052 -6.15809e-05 -1.89327e-18
-0.000400057 -6.14268e-05 -1.89323e-18
-0.000400061 -6.12499e-05 -1.89318e-18
-0.000400065 -6.10511e-05 -1.89313e-18
-0.000400068 -6.08317e-05 -1.89307e-18
-0.000400071 -6.0593e-05 -1.893e-18
-0.000400073 -6.03362e-05 -1.89293e-18
-0.000400074 -6.00626e-05 -1.89286e-18
-0.000400075 -5.97739e-05 -1.89277e-18
-0.000400075 -5.94714e-05 -1.89269e-18
-0.000400075 -5.91568e-05 -1.8926e-18
-0.000400073 -5.88316e-05 -1.8925e-18
-0.000400072 -5.84976e-05 -1.8924e-18
-0.000400069 -5.81565e-05 -1.8923e-18
-0.000400066 -5.78102e-05 -1.8922e-18
-0.000400063 -5.74601e-05 -1.8921e-18
-0.000400058 -5.71077e-05 -1.89199e-18
-0.000400053 -5.67541e-05 -1.89188e-18
-0.000400048 -5.64005e-05 -1.89177e-18
-0.000400042 -5.60477e-05 -1.89167e-18
-0.000400035 -5.56969e-05 -1.89156e-18
-0.000400027 -5.53492e-05 -1.89145e-18
-0.000400019 -5.50054e-05 -1.89134e-18
-0.00040001 -5.46665e-05 -1.89123e-18
-0.000400001 -5.43334e-05 -1.89112e-18
-0.000399991 -5.40071e-05 -1.89102e-18
-0.00039998 -5.36884e-05 -1.89091e-18
-0.000399969 -5.3378e-05 -1.89081e-18
-0.000399957 -5.30764e-05 -1.89071e-18
-0.000399945 -5.27839e-05 -1.89061e-18
-0.000399932 -5.25006e-05 -1.89051e-18
-0.000399919 -5.22264e-05 -1.89041e-18
-0.000399905 -5.19606e-05 -1.89032e-18
-0.00039989 -5.17023e-05 -1.89023e-18
-0.000399875 -5.14501e-05 -1.89014e-18
-0.00039986 -5.12027e-05 -1.89004e-18
-0.000399844 -5.09577e-05 -1.88995e-18
-0.000399828 -5.07129e-05 -1.88986e-18
-0.000399811 -5.04654e-05 -1.88977e-18
-0.000399794 -5.02128e-05 -1.88968e-18
-0.000399777 -4.99526e-05 -1.88958e-18
-0.000399759 -4.96825e-05 -1.88948e-18
-0.000399741 -4.94003e-05 -1.88937e-18
-0.000399723 -4.91038e-05 -1.88926e-18
-0.000399704 -4.87909e-05 -1.88915e-18
-0.000399684 -4.84598e-05 -1.88903e-18
-0.000399665 -4.81086e-05 -1.88891e-18
-0.000399645 -4.77356e-05 -1.88878e-18
-0.000399625 -4.7339e-05 -1.88864e-18
-0.000399604 -4.69172e-05 -1.88849e-18
-0.000399583 -4.64688e-05 -1.88834e-18
-0.000399562 -4.59926e-05 -1.88817e-18
-0.000399541 -4.54874e-05 -1.888e-18
-0.000399519 -4.49527e-05 -1.88783e-18
-0.000399497 -4.43877e-05 -1.88764e-18
-0.000399475 -4.37923e-05 -1.88744e-18
-0.000399452 -4.31661e-05 -1.88723e-18
-0.000399429 -4.25092e-05 -1.88702e-18
-0.000399406 -4.18218e-05 -1.8868e-18
-0.000399382 -4.11043e-05 -1.88656e-18
-0.000399358 -4.03572e-05 -1.88632e-18
-0.000399334 -3.95814e-05 -1.88607e-18
-0.00039931 -3.87778e-05 -1.88581e-18
-0.000399285 -3.79476e-05 -1.88555e-18
-0.000399261 -3.70914e-05 -1.88527e-18
-0.000399235 -3.62101e-05 -1.88499e-18
-0.00039921 -3.53046e-05 -1.8847e-18
-0.000399185 -3.43759e-05 -1.88441e-18
-0.000399159 -3.34255e-05 -1.88411e-18
-0.000399133 -3.24551e-05 -1.8838e-18
-0.000399107 -3.14666e-05 -1.88349e-18
-0.00039908 -3.04618e-05 -1.88317e-18
-0.000399053 -2.94422e-05 -1.88284e-18
-0.000399027 -2.84092e-05 -1.88252e-18
-0.000399009 -2.73643e-05 -1.88219e-18
-0.000398993 -2.63086e-05 -1.88185e-18
-0.000398975 -2.52429e-05 -1.88151e-18
-0.000398959 -2.4168e-05 -1.88117e-18
-0.000398942 -2.30844e-05 -1.88083e-18
-0.000398928 -2.19919e-05 -1.88049e-18
-0.00039892 -2.08897e-05 -1.88014e-18
-0.000398919 -1.97839e-05 -1.87979e-18
-0.000398918 -1.86792e-05 -1.87944e-18
-0.000398916 -1.75693e-05 -1.87909e-18
-0.000398915 -1.64529e-05 -1.87874e-18
-0.000398914 -1.53316e-05 -1.87838e-18
-0.000398912 -1.4205e-05 -1.87802e-18
-0.000398911 -1.30738e-05 -1.87766e-18
-0.000398909 -1.19379e-05 -1.8773e-18
-0.000398907 -1.07976e-05 -1.87694e-18
-0.000398906 -9.65276e-06 -1.87658e-18
-0.000398904 -8.50362e-06 -1.87621e-18
-0.000398902 -7.35012e-06 -1.87585e-18
-0.0003989 -6.19238e-06 -1.87548e-18
-0.000398898 -5.03042e-06 -1.87511e-18
-0.000398896 -3.86432e-06 -1.87474e-18
-0.000398894 -2.6942e-06 -1.87436e-18
-0.000398892 -1.52029e-06 -1.87399e-18
-0.00039889 -3.42757e-07 -1.87362e-18
-0.000398888 8.38185e-07 -1.87324e-18
-0.000398885 2.02229e-06 -1.87286e-18
-0.000398883 3.20928e-06 -1.87248e-18
-0.000398881 4.39887e-06 -1.87211e-18
-0.000398886 5.59115e-06 -1.87173e-18
-0.000398894 6.7859e-06 -1.87135e-18
-0.000398904 7.98324e-06 -1.87097e-18
-0.000398916 9.18346e-06 -1.87059e-18
-0.000398926 1.03866e-05 -1.87021e-18
-0.000398937 1.15925e-05 -1.86983e-18
-0.000398948 1.28008e-05 -1.86945e-18
-0.000398968 1.40083e-05 -1.86907e-18
-0.000398991 1.52157e-05 -1.86869e-18
-0.000399012 1.64249e-05 -1.86831e-18
-0.000399034 1.76338e-05 -1.86793e-18
-0.000399055 1.88422e-05 -1.86755e-18
-0.000399077 2.00492e-05 -1.86717e-18
-0.000399098 2.12542e-05 -1.86679e-18
-0.000399119 2.24566e-05 -1.86641e-18
-0.00039914 2.36558e-05 -1.86604e-18
-0.00039916 2.48512e-05 -1.86567e-18
-0.00039918 2.60419e-05 -1.86529e-18
-0.000399201 2.72271e-05 -1.86492e-18
-0.000399221 2.84059e-05 -1.86456e-18
-0.000399242 2.95773e-05 -1.86419e-18
-0.000399263 3.07401e-05 -1.86383e-18
-0.000399284 3.18932e-05 -1.86347e-18
-0.000399305 3.30352e-05 -1.86312e-18
-0.000399326 3.41649e-05 -1.86277e-18
-0.000399346 3.52806e-05 -1.86242e-18
-0.000399367 3.63805e-05 -1.86208e-18
-0.000399387 3.74627e-05 -1.86174e-18
-0.000399408 3.85253e-05 -1.86141e-18
-0.000399428 3.95663e-05 -1.86109e-18
-0.000399448 4.05841e-05 -1.86078e-18
-0.000399468 4.15766e-05 -1.86047e-18
-0.000399488 4.25421e-05 -1.86017e-18
-0.000399508 4.34794e-05 -1.85988e-18
-0.000399528 4.4387e-05 -1.8596e-18
-0.000399548 4.5264e-05 -1.85932e-18
-0.000399567 4.61093e-05 -1.85906e-18
-0.000399587 4.69219e-05 -1.85881e-18
-0.000399606 4.77011e-05 -1.85856e-18
-0.000399625 4.84459e-05 -1.85833e-18
-0.000399644 4.91556e-05 -1.85811e-18
-0.000399663 4.98292e-05 -1.85789e-18
-0.000399682 5.04657e-05 -1.85769e-18
-0.000399701 5.1064e-05 -1.8575e-18
-0.00039972 5.16236e-05 -1.85732e-18
-0.000399738 5.21442e-05 -1.85716e-18
-0.000399757 5.26258e-05 -1.857e-18
-0.000399775 5.30689e-05 -1.85686e-18
-0.000399792 5.34741e-05 -1.85672e-18
-0.00039981 5.38424e-05 -1.8566e-18
-0.000399827 5.4175e-05 -1.85649e-18
-0.000399844 5.44735e-05 -1.85639e-18
-0.000399861 5.47394e-05 -1.8563e-18
-0.000399877 5.49743e-05 -1.85621e-18
-0.000399893 5.51799e-05 -1.85614e-18
-0.000399909 5.53578e-05 -1.85607e-18
-0.000399924 5.55097e-05 -1.85602e-18
-0.000399939 5.56371e-05 -1.85597e-18
-0.000399953 5.57415e-05 -1.85592e-18
-0.000399967 5.58243e-05 -1.85589e-18
-0.00039998 5.5887e-05 -1.85586e-18
-0.000399993 5.59309e-05 -1.85584e-18
-0.000400006 5.59575e-05 -1.85582e-18
-0.000400018 5.59683e-05 -1.85581e-18
-0.000400029 5.59647e-05 -1.8558e-18
-0.00040004 5.59483e-05 -1.8558e-18
-0.00040005 5.59208e-05 -1.8558e-18
-0.00040006 5.58837e-05 -1.8558e-18
-0.000400069 5.58388e-05 -1.85581e-18
-0.000400078 5.57872e-05 -1.85582e-18
-0.000400086 5.57304e-05 -1.85583e-18
-0.000400093 5.56696e-05 -1.85584e-18
-0.0004001 5.56057e-05 -1.85586e-18
-0.000400107 5.55397e-05 -1.85587e-18
-0.000400112 5.54721e-05 -1.85589e-18
-0.000400117 5.54035e-05 -1.85591e-18
-0.000400122 5.53342e-05 -1.85593e-18
-0.000400126 5.52646e-05 -1.85595e-18
-0.000400129 5.51948e-05 -1.85597e-18
-0.000400132 5.5125e-05 -1.85599e-18
-0.000400134 5.50552e-05 -1.85601e-18
-0.000400136 5.49853e-05 -1.85604e-18
-0.000400137 5.49149e-05 -1.85606e-18
-0.000400137 5.48438e-05 -1.85608e-18
-0.000400137 5.47713e-05 -1.85611e-18
-0.000400136 5.46964e-05 -1.85614e-18
-0.000400135 5.46179e-05 -1.85616e-18
-0.000400134 5.45344e-05 -1.85619e-18
-0.000400132 5.44447e-05 -1.85622e-18
-0.000400129 5.43473e-05 -1.85626e-18
-0.000400126 5.42409e-05 -1.85629e-18
-0.000400122 5.41243e-05 -1.85633e-18
-0.000400118 5.39963e-05 -1.85638e-18
-0.000400113 5.38561e-05 -1.85643e-18
-0.000400108 5.37033e-05 -1.85648e-18
-0.000400102 5.35376e-05 -1.85653e-18
-0.000400096 5.33587e-05 -1.85659e-18
-0.000400089 5.31666e-05 -1.85665e-18
-0.000400082 5.29614e-05 -1.85672e-18
-0.000400074 5.27434e-05 -1.85679e-18
-0.000400066 5.25124e-05 -1.85687e-18
-0.000400057 5.22682e-05 -1.85695e-18
-0.000400047 5.20099e-05 -1.85703e-18
-0.000400038 5.17367e-05 -1.85712e-18
-0.000400027 5.1448e-05 -1.85721e-18
-0.000400017 5.11436e-05 -1.85731e-18
-0.000400005 5.08237e-05 -1.85741e-18
-0.000399994 5.04882e-05 -1.85752e-18
-0.000399981 5.01376e-05 -1.85763e-18
-0.000399969 4.9772e-05 -1.85774e-18
-0.000399955 4.93922e-05 -1.85786e-18
-0.000399942 4.89984e-05 -1.85799e-18
-0.000399928 4.85913e-05 -1.85812e-18
-0.000399913 4.81707e-05 -1.85825e-18
-0.000399898 4.77368e-05 -1.85839e-18
-0.000399883 4.72892e-05 -1.85853e-18
-0.000399867 4.68278e-05 -1.85868e-18
-0.00039985 4.63525e-05 -1.85883e-18
-0.000399834 4.5863e-05 -1.85898e-18
-0.000399817 4.5359e-05 -1.85914e-18
-0.000399799 4.48404e-05 -1.8593e-18
-0.000399781 4.43068e-05 -1.85947e-18
-0.000399763 4.37581e-05 -1.85965e-18
-0.000399745 4.3194e-05 -1.85982e-18
-0.000399726 4.26146e-05 -1.86001e-18
-0.000399706 4.202e-05 -1.86019e-18
-0.000399687 4.14107e-05 -1.86039e-18
-0.000399666 4.07873e-05 -1.86058e-18
-0.000399646 4.01503e-05 -1.86078e-18
-0.000399625 3.95002e-05 -1.86099e-18
-0.000399604 3.88374e-05 -1.8612e-18
-0.000399583 3.81622e-05 -1.86141e-18
-0.000399561 3.74752e-05 -1.86163e-18
-0.000399539 3.67765e-05 -1.86185e-18
-0.000399517 3.60668e-05 -1.86208e-18
-0.000399494 3.53462e-05 -1.86231e-18
-0.000399471 3.46151e-05 -1.86254e-18
-0.000399448 3.38736e-05 -1.86277e-18
-0.000399425 3.31216e-05 -1.86301e-18
-0.000399401 3.23592e-05 -1.86326e-18
-0.000399377 3.15862e-05 -1.8635e-18
-0.000399353 3.08024e-05 -1.86375e-18
-0.000399329 3.00075e-05 -1.86401e-18
-0.000399304 2.92011e-05 -1.86426e-18
-0.000399281 2.8383e-05 -1.86452e-18
-0.000399259 2.75527e-05 -1.86479e-18
-0.000399235 2.67101e-05 -1.86506e-18
-0.000399212 2.58548e-05 -1.86533e-18
-0.000399189 2.49864e-05 -1.86561e-18
-0.000399165 2.41047e-05 -1.86589e-18
-0.000399141 2.32091e-05 -1.86618e-18
-0.000399117 2.22993e-05 -1.86647e-18
-0.000399093 2.13748e-05 -1.86676e-18
-0.000399069 2.04348e-05 -1.86706e-18
-0.000399045 1.94786e-05 -1.86737e-18
-0.00039902 1.85053e-05 -1.86768e-18
-0.000398996 1.75141e-05 -1.86799e-18
-0.000398972 1.65039e-05 -1.86831e-18
-0.000398956 1.54721e-05 -1.86864e-18
-0.000398949 1.44169e-05 -1.86898e-18
-0.00039894 1.33391e-05 -1.86932e-18
-0.000398932 1.22384e-05 -1.86967e-18
-0.000398932 1.11145e-05 -1.87002e-18
-0.000398934 9.96694e-06 -1.87039e-18
-0.000398934 8.79549e-06 -1.87076e-18
-0.000398935 7.60045e-06 -1.87113e-18
-0.000398936 6.38215e-06 -1.87152e-18
-0.000398937 5.14141e-06 -1.87191e-18
-0.000398937 3.87889e-06 -1.8723e-18
-0.000398938 2.59559e-06 -1.8727e-18
-0.000398938 1.29245e-06 -1.87311e-18
-0.000398938 -2.93198e-08 -1.87352e-18
-0.000398939 -1.36843e-06 -1.87394e-18
-0.000398939 -2.72339e-06 -1.87436e-18
-0.000398939 -4.09266e-06 -1.87478e-18
-0.000398939 -5.4745e-06 -1.87521e-18
-0.000398939 -6.86707e-06 -1.87564e-18
-0.000398939 -8.26824e-06 -1.87608e-18
-0.000398938 -9.67572e-06 -1.87651e-18
-0.000398938 -1.10872e-05 -1.87695e-18
-0.000398941 -1.25002e-05 -1.87739e-18
-0.000398946 -1.39126e-05 -1.87782e-18
-0.00039895 -1.53223e-05 -1.87826e-18
-0.000398954 -1.67271e-05 -1.8787e-18
-0.000398958 -1.8125e-05 -1.87913e-18
-0.000398962 -1.95107e-05 -1.87956e-18
-0.000398966 -2.0862e-05 -1.87998e-18
-0.000398972 -2.21926e-05 -1.8804e-18
-0.000398987 -2.35093e-05 -1.88082e-18
-0.000399005 -2.48037e-05 -1.88123e-18
-0.000399021 -2.60809e-05 -1.88163e-18
-0.000399038 -2.73352e-05 -1.88203e-18
-0.000399055 -2.85674e-05 -1.88242e-18
-0.000399078 -2.97745e-05 -1.88281e-18
-0.000399104 -3.09558e-05 -1.88318e-18
-0.000399127 -3.21091e-05 -1.88355e-18
-0.000399152 -3.32336e-05 -1.88392e-18
-0.000399176 -3.43286e-05 -1.88427e-18
-0.0003992 -3.53939e-05 -1.88461e-18
-0.000399224 -3.64293e-05 -1.88495e-18
-0.000399248 -3.74351e-05 -1.88528e-18
-0.000399272 -3.84118e-05 -1.88559e-18
-0.000399295 -3.93599e-05 -1.8859e-18
-0.000399319 -4.02802e-05 -1.88621e-18
-0.000399342 -4.11737e-05 -1.8865e-18
-0.000399365 -4.20415e-05 -1.88678e-18
-0.000399388 -4.28845e-05 -1.88706e-18
-0.000399411 -4.3704e-05 -1.88733e-18
-0.000399433 -4.45011e-05 -1.8876e-18
-0.000399455 -4.52771e-05 -1.88786e-18
-0.000399478 -4.60331e-05 -1.88811e-18
-0.000399499 -4.677e-05 -1.88835e-18
-0.000399521 -4.7489e-05 -1.88859e-18
-0.000399543 -4.8191e-05 -1.88882e-18
-0.000399564 -4.88771e-05 -1.88905e-18
-0.000399585 -4.95481e-05 -1.88928e-18
-0.000399605 -5.0205e-05 -1.88949e-18
-0.000399626 -5.08485e-05 -1.88971e-18
-0.000399646 -5.14797e-05 -1.88992e-18
-0.000399666 -5.20994e-05 -1.89012e-18
-0.000399685 -5.2708e-05 -1.89033e-18
-0.000399704 -5.33058e-05 -1.89052e-18
-0.000399723 -5.38926e-05 -1.89072e-18
-0.000399742 -5.44679e-05 -1.89091e-18
-0.000399761 -5.50314e-05 -1.89109e-18
-0.000399779 -5.55828e-05 -1.89128e-18
-0.000399797 -5.61217e-05 -1.89145e-18
-0.000399814 -5.66479e-05 -1.89163e-18
-0.000399831 -5.71611e-05 -1.8918e-18
-0.000399848 -5.76614e-05 -1.89196e-18
-0.000399865 -5.81494e-05 -1.89212e-18
-0.000399881 -5.86255e-05 -1.89228e-18
-0.000399897 -5.90903e-05 -1.89243e-18
-0.000399912 -5.95446e-05 -1.89258e-18
-0.000399927 -5.99895e-05 -1.89273e-18
-0.000399942 -6.04262e-05 -1.89287e-18
-0.000399956 -6.08555e-05 -1.89301e-18
-0.00039997 -6.12781e-05 -1.89315e-18
-0.000399984 -6.16946e-05 -1.89328e-18
-0.000399997 -6.21051e-05 -1.89342e-18
-0.00040001 -6.25101e-05 -1.89355e-18
-0.000400022 -6.29098e-05 -1.89368e-18
-0.000400035 -6.33042e-05 -1.8938e-18
-0.000400046 -6.36936e-05 -1.89393e-18
-0.000400058 -6.40778e-05 -1.89405e-18
-0.000400069 -6.44563e-05 -1.89417e-18
-0.000400079 -6.48281e-05 -1.89429e-18
-0.000400089 -6.51923e-05 -1.8944e-18
-0.000400099 -6.55479e-05 -1.89452e-18
-0.000400109 -6.58939e-05 -1.89463e-18
-0.000400118 -6.62293e-05 -1.89473e-18
-0.000400127 -6.6553e-05 -1.89484e-18
-0.000400135 -6.68642e-05 -1.89493e-18
-0.000400143 -6.71618e-05 -1.89503e-18
-0.000400151 -6.74449e-05 -1.89512e-18
-0.000400158 -6.77128e-05 -1.8952e-18
-0.000400165 -6.79645e-05 -1.89528e-18
-0.000400171 -6.81995e-05 -1.89536e-18
-0.000400178 -6.84172e-05 -1.89543e-18
-0.000400183 -6.86172e-05 -1.89549e-18
-0.000400189 -6.8799e-05 -1.89555e-18
-0.000400194 -6.89627e-05 -1.89561e-18
-0.000400198 -6.91083e-05 -1.89565e-18
-0.000400203 -6.92361e-05 -1.8957e-18
-0.000400206 -6.93463e-05 -1.89574e-18
-0.00040021 -6.94394e-05 -1.89577e-18
-0.000400213 -6.95156e-05 -1.8958e-18
-0.000400215 -6.95753e-05 -1.89582e-18
-0.000400217 -6.96192e-05 -1.89584e-18
-0.000400219 -6.9648e-05 -1.89585e-18
-0.00040022 -6.96629e-05 -1.89586e-18
-0.000400221 -6.96648e-05 -1.89586e-18
-0.000400222 -6.96548e-05 -1.89586e-18
-0.000400222 -6.96338e-05 -1.89586e-18
-0.000400221 -6.96026e-05 -1.89585e-18
-0.00040022 -6.95619e-05 -1.89584e-18
-0.000400219 -6.95125e-05 -1.89583e-18
-0.000400217 -6.94548e-05 -1.89582e-18
-0.000400215 -6.9389e-05 -1.8958e-18
-0.000400212 -6.93152e-05 -1.89578e-18
-0.000400209 -6.92337e-05 -1.89575e-18
-0.000400205 -6.91449e-05 -1.89573e-18
-0.000400201 -6.90493e-05 -1.8957e-18
-0.000400197 -6.89473e-05 -1.89567e-18
-0.000400192 -6.88394e-05 -1.89563e-18
-0.000400187 -6.87263e-05 -1.89559e-18
-0.000400181 -6.86088e-05 -1.89556e-18
-0.000400175 -6.84877e-05 -1.89552e-18
-0.000400168 -6.83636e-05 -1.89547e-18
-0.000400161 -6.82368e-05 -1.89543e-18
-0.000400154 -6.81071e-05 -1.89539e-18
-0.000400146 -6.79746e-05 -1.89534e-18
-0.000400138 -6.78389e-05 -1.89529e-18
-0.000400129 -6.76994e-05 -1.89524e-18
-0.00040012 -6.75554e-05 -1.89519e-18
-0.000400111 -6.7406e-05 -1.89513e-18
-0.000400101 -6.72506e-05 -1.89508e-18
-0.000400091 -6.70892e-05 -1.89502e-18
-0.00040008 -6.6922e-05 -1.89495e-18
-0.00040007 -6.67495e-05 -1.89489e-18
-0.000400059 -6.65718e-05 -1.89482e-18
-0.000400047 -6.63887e-05 -1.89476e-18
-0.000400036 -6.62e-05 -1.89469e-18
-0.000400024 -6.60052e-05 -1.89461e-18
-0.000400011 -6.58035e-05 -1.89454e-18
-0.000399999 -6.5594e-05 -1.89446e-18
-0.000399986 -6.53753e-05 -1.89438e-18
-0.000399974 -6.51462e-05 -1.8943e-18
-0.00039996 -6.49051e-05 -1.89421e-18
-0.000399947 -6.46508e-05 -1.89412e-18
-0.000399934 -6.4382e-05 -1.89402e-18
-0.00039992 -6.40974e-05 -1.89392e-18
-0.000399907 -6.37958e-05 -1.89381e-18
-0.000399893 -6.34756e-05 -1.8937e-18
-0.000399879 -6.31354e-05 -1.89358e-18
-0.000399865 -6.2774e-05 -1.89346e-18
-0.000399851 -6.23899e-05 -1.89333e-18
-0.000399836 -6.1982e-05 -1.89319e-18
-0.000399822 -6.15489e-05 -1.89305e-18
-0.000399807 -6.10897e-05 -1.8929e-18
-0.000399793 -6.06034e-05 -1.89274e-18
-0.000399778 -6.00886e-05 -1.89257e-18
-0.000399763 -5.95443e-05 -1.89239e-18
-0.000399748 -5.89692e-05 -1.89221e-18
-0.000399733 -5.83628e-05 -1.89201e-18
-0.000399717 -5.77247e-05 -1.89181e-18
-0.000399702 -5.70551e-05 -1.8916e-18
-0.000399686 -5.63545e-05 -1.89138e-18
-0.000399671 -5.56234e-05 -1.89115e-18
-0.000399655 -5.48625e-05 -1.89091e-18
-0.000399639 -5.40727e-05 -1.89066e-18
-0.000399622 -5.32548e-05 -1.89041e-18
-0.000399606 -5.24099e-05 -1.89015e-18
-0.000399589 -5.15393e-05 -1.88987e-18
-0.000399572 -5.06443e-05 -1.8896e-18
-0.000399555 -4.97263e-05 -1.88931e-18
-0.000399538 -4.87868e-05 -1.88902e-18
-0.00039952 -4.78271e-05 -1.88872e-18
-0.000399503 -4.68483e-05 -1.88842e-18
-0.000399485 -4.58517e-05 -1.88811e-18
-0.000399466 -4.48387e-05 -1.8878e-18
-0.000399448 -4.38108e-05 -1.88748e-18
-0.000399429 -4.27696e-05 -1.88716e-18
-0.000399411 -4.1717e-05 -1.88683e-18
-0.000399392 -4.06544e-05 -1.8865e-18
-0.000399372 -3.95833e-05 -1.88617e-18
-0.000399353 -3.85048e-05 -1.88584e-18
-0.000399333 -3.74201e-05 -1.8855e-18
-0.000399313 -3.63303e-05 -1.88516e-18
-0.000399293 -3.52365e-05 -1.88482e-18
-0.000399272 -3.414e-05 -1.88447e-18
-0.000399252 -3.30419e-05 -1.88413e-18
-0.000399231 -3.19431e-05 -1.88379e-18
-0.00039921 -3.0844e-05 -1.88344e-18
-0.000399188 -2.97448e-05 -1.8831e-18
-0.000399167 -2.86455e-05 -1.88275e-18
-0.000399145 -2.75461e-05 -1.88241e-18
-0.000399123 -2.64472e-05 -1.88206e-18
-0.000399101 -2.5349e-05 -1.88171e-18
-0.000399079 -2.42523e-05 -1.88137e-18
-0.000399056 -2.31573e-05 -1.88102e-18
-0.00039904 -2.20648e-05 -1.88067e-18
-0.000399025 -2.09747e-05 -1.88033e-18
-0.000399018 -1.98847e-05 -1.87999e-18
-0.000399014 -1.87976e-05 -1.87964e-18
-0.000399008 -1.7724e-05 -1.8793e-18
-0.000399003 -1.66563e-05 -1.87896e-18
-0.000398998 -1.55905e-05 -1.87862e-18
-0.000398993 -1.45298e-05 -1.87829e-18
-0.000398987 -1.34722e-05 -1.87795e-18
-0.000398981 -1.24189e-05 -1.87761e-18
-0.000398976 -1.1369e-05 -1.87728e-18
-0.00039897 -1.0323e-05 -1.87694e-18
-0.000398964 -9.28045e-06 -1.87661e-18
-0.000398959 -8.24198e-06 -1.87628e-18
-0.000398954 -7.2075e-06 -1.87595e-18
-0.000398948 -6.17725e-06 -1.87562e-18
-0.000398943 -5.15092e-06 -1.87529e-18
-0.00039894 -4.12827e-06 -1.87496e-18
-0.000398939 -3.10884e-06 -1.87464e-18
-0.000398937 -2.09247e-06 -1.87431e-18
-0.000398936 -1.07914e-06 -1.87399e-18
-0.000398934 -6.91307e-08 -1.87367e-18
-0.000398932 9.37264e-07 -1.87334e-18
-0.000398931 1.93965e-06 -1.87302e-18
-0.000398929 2.93756e-06 -1.87271e-18
-0.000398927 3.93038e-06 -1.87239e-18
-0.000398926 4.91751e-06 -1.87208e-18
-0.000398924 5.89817e-06 -1.87176e-18
-0.000398922 6.8714e-06 -1.87145e-18
-0.00039892 7.83608e-06 -1.87115e-18
-0.000398919 8.79103e-06 -1.87084e-18
-0.000398917 9.73496e-06 -1.87054e-18
-0.000398922 1.06666e-05 -1.87025e-18
-0.000398929 1.15842e-05 -1.86996e-18
-0.000398934 1.24861e-05 -1.86967e-18
-0.000398941 1.33707e-05 -1.86939e-18
-0.000398946 1.42369e-05 -1.86912e-18
-0.000398959 1.50817e-05 -1.86885e-18
-0.000398974 1.59052e-05 -1.86859e-18
-0.000398991 1.6708e-05 -1.86834e-18
-0.000399012 1.74885e-05 -1.86809e-18
-0.000399031 1.82461e-05 -1.86785e-18
-0.000399051 1.89799e-05 -1.86762e-18
-0.00039907 1.96894e-05 -1.86739e-18
-0.000399089 2.03742e-05 -1.86718e-18
-0.000399108 2.10346e-05 -1.86697e-18
-0.000399127 2.16708e-05 -1.86677e-18
-0.000399146 2.2283e-05 -1.86657e-18
-0.000399165 2.28713e-05 -1.86638e-18
-0.000399183 2.34359e-05 -1.8662e-18
-0.000399204 2.3977e-05 -1.86603e-18
-0.000399225 2.44948e-05 -1.86586e-18
-0.000399246 2.49901e-05 -1.8657e-18
-0.000399266 2.54637e-05 -1.86555e-18
-0.000399286 2.59166e-05 -1.8654e-18
-0.000399306 2.63498e-05 -1.86526e-18
-0.000399326 2.67648e-05 -1.86513e-18
-0.000399345 2.7163e-05 -1.865e-18
-0.000399364 2.75461e-05 -1.86487e-18
-0.000399383 2.79157e-05 -1.86475e-18
-0.000399402 2.82734e-05 -1.86463e-18
-0.00039942 2.86209e-05 -1.86452e-18
-0.000399438 2.89597e-05 -1.86441e-18
-0.000399455 2.92916e-05 -1.86429e-18
-0.000399472 2.96179e-05 -1.86419e-18
-0.000399489 2.99402e-05 -1.86408e-18
-0.000399506 3.02596e-05 -1.86397e-18
-0.000399522 3.05775e-05 -1.86387e-18
-0.000399538 3.08949e-05 -1.86376e-18
-0.000399553 3.12126e-05 -1.86366e-18
-0.000399568 3.15312e-05 -1.86355e-18
-0.000399583 3.18515e-05 -1.86344e-18
-0.000399597 3.21739e-05 -1.86334e-18
-0.000399611 3.2499e-05 -1.86323e-18
-0.000399625 3.28271e-05 -1.86312e-18
-0.000399638 3.31586e-05 -1.86301e-18
-0.000399651 3.34939e-05 -1.86291e-18
-0.000399663 3.3833e-05 -1.86279e-18
-0.000399675 3.41762e-05 -1.86268e-18
-0.000399686 3.45236e-05 -1.86257e-18
-0.000399697 3.48756e-05 -1.86246e-18
-0.000399708 3.52324e-05 -1.86234e-18
-0.000399718 3.55943e-05 -1.86223e-18
-0.000399728 3.59617e-05 -1.86211e-18
-0.000399737 3.63348e-05 -1.86199e-18
-0.000399746 3.67141e-05 -1.86187e-18
-0.000399754 3.70998e-05 -1.86175e-18
-0.000399762 3.7492e-05 -1.86162e-18
-0.000399769 3.78904e-05 -1.8615e-18
-0.000399776 3.82943e-05 -1.86137e-18
-0.000399782 3.87029e-05 -1.86125e-18
-0.000399788 3.91152e-05 -1.86112e-18
-0.000399794 3.95304e-05 -1.86099e-18
-0.000399799 3.99476e-05 -1.86086e-18
-0.000399804 4.03655e-05 -1.86073e-18
-0.000399808 4.07831e-05 -1.8606e-18
-0.000399812 4.1199e-05 -1.86048e-18
-0.000399815 4.16118e-05 -1.86035e-18
-0.000399818 4.202e-05 -1.86023e-18
-0.000399821 4.24221e-05 -1.8601e-18
-0.000399823 4.28166e-05 -1.85998e-18
-0.000399825 4.32022e-05 -1.85987e-18
-0.000399826 4.35773e-05 -1.85975e-18
-0.000399828 4.39407e-05 -1.85964e-18
-0.000399828 4.42913e-05 -1.85954e-18
-0.000399829 4.46282e-05 -1.85944e-18
-0.000399829 4.49505e-05 -1.85934e-18
-0.000399828 4.52575e-05 -1.85925e-18
-0.000399828 4.55488e-05 -1.85916e-18
-0.000399826 4.58241e-05 -1.85908e-18
-0.000399825 4.60835e-05 -1.859e-18
-0.000399823 4.63268e-05 -1.85893e-18
-0.000399821 4.65543e-05 -1.85886e-18
-0.000399818 4.67666e-05 -1.8588e-18
-0.000399815 4.6964e-05 -1.85874e-18
-0.000399812 4.71469e-05 -1.85869e-18
-0.000399809 4.73154e-05 -1.85864e-18
-0.000399805 4.74694e-05 -1.8586e-18
-0.000399801 4.76088e-05 -1.85856e-18
-0.000399796 4.77332e-05 -1.85853e-18
-0.000399791 4.7842e-05 -1.8585e-18
-0.000399786 4.79342e-05 -1.85847e-18
-0.000399781 4.80089e-05 -1.85845e-18
-0.000399776 4.80652e-05 -1.85844e-18
-0.00039977 4.81024e-05 -1.85843e-18
-0.000399764 4.812e-05 -1.85843e-18
-0.000399758 4.81173e-05 -1.85844e-18
-0.000399751 4.80937e-05 -1.85845e-18
-0.000399745 4.80487e-05 -1.85847e-18
-0.000399738 4.79815e-05 -1.85849e-18
-0.000399731 4.78914e-05 -1.85852e-18
-0.000399724 4.77777e-05 -1.85856e-18
-0.000399716 4.76397e-05 -1.85861e-18
-0.000399709 4.74768e-05 -1.85866e-18
-0.000399701 4.72882e-05 -1.85872e-18
-0.000399693 4.70732e-05 -1.85879e-18
-0.000399685 4.68308e-05 -1.85887e-18
-0.000399676 4.65599e-05 -1.85896e-18
-0.000399668 4.62593e-05 -1.85906e-18
-0.000399659 4.59282e-05 -1.85916e-18
-0.00039965 4.55664e-05 -1.85928e-18
-0.000399641 4.5174e-05 -1.8594e-18
-0.000399632 4.47515e-05 -1.85953e-18
-0.000399623 4.42993e-05 -1.85967e-18
-0.000399613 4.3818e-05 -1.85982e-18
-0.000399603 4.33085e-05 -1.85998e-18
-0.000399593 4.27717e-05 -1.86015e-18
-0.000399582 4.22085e-05 -1.86033e-18
-0.000399572 4.16201e-05 -1.86051e-18
-0.000399561 4.10078e-05 -1.8607e-18
-0.00039955 4.03729e-05 -1.8609e-18
-0.000399538 3.97167e-05 -1.8611e-18
-0.000399526 3.90405e-05 -1.86131e-18
-0.000399515 3.83454e-05 -1.86153e-18
-0.000399502 3.76325e-05 -1.86175e-18
-0.00039949 3.69031e-05 -1.86197e-18
-0.000399478 3.6158e-05 -1.86221e-18
-0.000399465 3.53982e-05 -1.86244e-18
-0.000399452 3.46243e-05 -1.86268e-18
-0.000399438 3.38373e-05 -1.86293e-18
-0.000399425 3.30382e-05 -1.86317e-18
-0.000399411 3.22282e-05 -1.86343e-18
-0.000399397 3.14083e-05 -1.86368e-18
-0.000399383 3.05798e-05 -1.86394e-18
-0.000399369 2.97437e-05 -1.8642e-18
-0.000399355 2.89009e-05 -1.86446e-18
-0.00039934 2.80524e-05 -1.86473e-18
-0.000399325 2.7199e-05 -1.86499e-18
-0.00039931 2.63412e-05 -1.86526e-18
-0.000399295 2.5479e-05 -1.86553e-18
-0.000399279 2.46127e-05 -1.8658e-18
-0.000399264 2.37424e-05 -1.86607e-18
-0.000399248 2.2868e-05 -1.86634e-18
-0.000399232 2.19898e-05 -1.86661e-18
-0.000399216 2.11078e-05 -1.86689e-18
-0.0003992 2.02223e-05 -1.86716e-18
-0.000399184 1.93334e-05 -1.86744e-18
-0.000399167 1.84415e-05 -1.86771e-18
-0.000399151 1.75469e-05 -1.86799e-18
-0.000399134 1.66503e-05 -1.86827e-18
-0.000399117 1.57524e-05 -1.86855e-18
-0.0003991 1.48545e-05 -1.86883e-18
-0.000399086 1.39569e-05 -1.86911e-18
-0.000399077 1.306e-05 -1.86938e-18
-0.000399069 1.2166e-05 -1.86966e-18
-0.00039906 1.12771e-05 -1.86994e-18
-0.000399051 1.03938e-05 -1.87021e-18
-0.000399042 9.51767e-06 -1.87049e-18
-0.000399033 8.6498e-06 -1.87076e-18
-0.000399023 7.79147e-06 -1.87102e-18
-0.000399014 6.94387e-06 -1.87129e-18
-0.000399005 6.10814e-06 -1.87155e-18
-0.000398995 5.2854e-06 -1.87181e-18
-0.000398985 4.4767e-06 -1.87206e-18
-0.000398981 3.68317e-06 -1.87231e-18
-0.000398978 2.90559e-06 -1.87255e-18
-0.000398973 2.145e-06 -1.87279e-18
-0.000398973 1.40254e-06 -1.87303e-18
-0.000398974 6.79172e-07 -1.87326e-18
-0.000398974 -2.43357e-08 -1.87348e-18
-0.000398974 -7.07786e-07 -1.8737e-18
-0.000398974 -1.37132e-06 -1.87391e-18
-0.000398974 -2.0153e-06 -1.87412e-18
-0.000398974 -2.64016e-06 -1.87432e-18
-0.000398974 -3.24657e-06 -1.87451e-18
-0.000398974 -3.83535e-06 -1.8747e-18
-0.000398974 -4.40737e-06 -1.87489e-18
-0.000398975 -4.96339e-06 -1.87507e-18
-0.000398975 -5.50393e-06 -1.87524e-18
-0.000398975 -6.02927e-06 -1.87541e-18
-0.000398975 -6.5397e-06 -1.87558e-18
-0.000398975 -7.03555e-06 -1.87574e-18
-0.000398975 -7.51736e-06 -1.87589e-18
-0.000398975 -7.98574e-06 -1.87605e-18
-0.000398975 -8.44136e-06 -1.8762e-18
-0.000398975 -8.88475e-06 -1.87634e-18
-0.000398976 -9.31634e-06 -1.87648e-18
-0.000398976 -9.73641e-06 -1.87662e-18
-0.000398976 -1.01452e-05 -1.87675e-18
-0.000398976 -1.05431e-05 -1.87688e-18
-0.000398976 -1.09309e-05 -1.87701e-18
-0.00039898 -1.13094e-05 -1.87714e-18
-0.000398986 -1.16795e-05 -1.87726e-18
-0.000398991 -1.20422e-05 -1.87738e-18
-0.000398997 -1.23978e-05 -1.8775e-18
-0.000399002 -1.27468e-05 -1.87761e-18
-0.000399009 -1.30894e-05 -1.87773e-18
-0.000399016 -1.34261e-05 -1.87784e-18
-0.000399022 -1.37572e-05 -1.87795e-18
-0.000399029 -1.40833e-05 -1.87806e-18
-0.000399036 -1.44052e-05 -1.87816e-18
-0.000399043 -1.47233e-05 -1.87827e-18
-0.000399049 -1.50386e-05 -1.87837e-18
-0.000399056 -1.53517e-05 -1.87848e-18
-0.000399062 -1.56634e-05 -1.87858e-18
-0.000399068 -1.59745e-05 -1.87868e-18
-0.000399074 -1.62854e-05 -1.87879e-18
-0.00039908 -1.65961e-05 -1.87889e-18
-0.000399085 -1.69059e-05 -1.87899e-18
-0.000399091 -1.72089e-05 -1.87909e-18
-0.000399096 -1.75097e-05 -1.87919e-18
-0.000399105 -1.78113e-05 -1.87929e-18
-0.000399114 -1.81108e-05 -1.87939e-18
-0.000399122 -1.84089e-05 -1.87949e-18
-0.000399131 -1.87043e-05 -1.87959e-18
-0.000399141 -1.89961e-05 -1.87969e-18
-0.000399153 -1.92834e-05 -1.87979e-18
-0.000399163 -1.95669e-05 -1.87988e-18
-0.000399174 -1.98459e-05 -1.87998e-18
-0.000399184 -2.01208e-05 -1.88007e-18
-0.000399193 -2.03916e-05 -1.88016e-18
-0.000399203 -2.06587e-05 -1.88025e-18
-0.000399211 -2.09225e-05 -1.88034e-18
-0.00039922 -2.11834e-05 -1.88043e-18
-0.000399228 -2.14422e-05 -1.88051e-18
-0.000399236 -2.16991e-05 -1.8806e-18
-0.000399243 -2.19548e-05 -1.88068e-18
-0.00039925 -2.22094e-05 -1.88077e-18
-0.000399256 -2.24635e-05 -1.88085e-18
-0.000399262 -2.27171e-05 -1.88093e-18
-0.000399268 -2.29704e-05 -1.88102e-18
-0.000399273 -2.32234e-05 -1.8811e-18
-0.000399278 -2.3476e-05 -1.88118e-18
-0.000399282 -2.37283e-05 -1.88126e-18
-0.000399286 -2.39801e-05 -1.88134e-18
-0.00039929 -2.42315e-05 -1.88142e-18
-0.000399293 -2.44825e-05 -1.8815e-18
-0.000399296 -2.47329e-05 -1.88158e-18
-0.000399299 -2.49828e-05 -1.88166e-18
-0.000399301 -2.52321e-05 -1.88173e-18
-0.000399302 -2.54804e-05 -1.88181e-18
-0.000399304 -2.57277e-05 -1.88188e-18
-0.000399305 -2.5974e-05 -1.88196e-18
-0.000399305 -2.62191e-05 -1.88203e-18
-0.000399305 -2.64631e-05 -1.88211e-18
-0.000399305 -2.67059e-05 -1.88218e-18
-0.000399305 -2.69477e-05 -1.88225e-18
-0.000399304 -2.71888e-05 -1.88232e-18
-0.000399303 -2.74295e-05 -1.88239e-18
-0.000399301 -2.76701e-05 -1.88246e-18
-0.0003993 -2.79106e-05 -1.88253e-18
-0.000399297 -2.81514e-05 -1.8826e-18
-0.000399295 -2.83925e-05 -1.88267e-18
-0.000399293 -2.86339e-05 -1.88274e-18
-0.00039929 -2.88754e-05 -1.88281e-18
-0.000399287 -2.91165e-05 -1.88288e-18
-0.000399283 -2.9357e-05 -1.88295e-18
-0.00039928 -2.95962e-05 -1.88301e-18
-0.000399276 -2.98335e-05 -1.88308e-18
-0.000399272 -3.00679e-05 -1.88315e-18
-0.000399268 -3.02985e-05 -1.88321e-18
-0.000399263 -3.05242e-05 -1.88327e-18
-0.000399259 -3.07435e-05 -1.88333e-18
-0.000399254 -3.09542e-05 -1.88339e-18
-0.000399249 -3.11546e-05 -1.88344e-18
-0.000399244 -3.13427e-05 -1.88349e-18
-0.000399239 -3.15167e-05 -1.88354e-18
-0.000399233 -3.16749e-05 -1.88358e-18
-0.000399228 -3.18157e-05 -1.88362e-18
-0.000399222 -3.19373e-05 -1.88365e-18
-0.000399216 -3.20387e-05 -1.88367e-18
-0.00039921 -3.21184e-05 -1.88369e-18
-0.000399204 -3.21755e-05 -1.8837e-18
-0.000399198 -3.22091e-05 -1.8837e-18
-0.000399191 -3.22189e-05 -1.8837e-18
-0.000399185 -3.22047e-05 -1.88369e-18
-0.000399178 -3.21669e-05 -1.88367e-18
-0.000399171 -3.21054e-05 -1.88365e-18
-0.000399164 -3.20203e-05 -1.88362e-18
-0.000399157 -3.19116e-05 -1.88358e-18
-0.00039915 -3.17794e-05 -1.88353e-18
-0.000399143 -3.16237e-05 -1.88348e-18
-0.000399135 -3.14449e-05 -1.88342e-18
-0.000399128 -3.12432e-05 -1.88335e-18
-0.00039912 -3.10193e-05 -1.88328e-18
-0.000399113 -3.07736e-05 -1.8832e-18
-0.000399107 -3.05066e-05 -1.88312e-18
-0.000399102 -3.02188e-05 -1.88302e-18
-0.000399097 -2.99109e-05 -1.88293e-18
-0.000399092 -2.95833e-05 -1.88282e-18
-0.000399087 -2.92365e-05 -1.88271e-18
-0.000399082 -2.88709e-05 -1.8826e-18
-0.000399077 -2.84869e-05 -1.88248e-18
-0.000399072 -2.80848e-05 -1.88235e-18
-0.000399067 -2.76645e-05 -1.88222e-18
-0.000399061 -2.72262e-05 -1.88209e-18
-0.000399056 -2.67695e-05 -1.88194e-18
-0.00039905 -2.62945e-05 -1.8818e-18
-0.000399045 -2.58015e-05 -1.88164e-18
-0.000399039 -2.52905e-05 -1.88148e-18
-0.000399033 -2.47621e-05 -1.88132e-18
-0.000399027 -2.42167e-05 -1.88115e-18
-0.000399021 -2.3655e-05 -1.88098e-18
-0.000399015 -2.3078e-05 -1.8808e-18
-0.00039901 -2.24863e-05 -1.88062e-18
-0.000399008 -2.18805e-05 -1.88043e-18
-0.000399007 -2.12628e-05 -1.88024e-18
-0.000399005 -2.06354e-05 -1.88005e-18
-0.000399004 -2.00009e-05 -1.87985e-18
-0.000399003 -1.93647e-05 -1.87966e-18
-0.000399001 -1.87248e-05 -1.87946e-18
-0.000399 -1.80807e-05 -1.87926e-18
-0.000398999 -1.74349e-05 -1.87906e-18
-0.000398997 -1.67877e-05 -1.87886e-18
-0.000398996 -1.61406e-05 -1.87866e-18
-0.000398995 -1.54944e-05 -1.87845e-18
-0.000398993 -1.48501e-05 -1.87825e-18
-0.000398992 -1.42085e-05 -1.87805e-18
-0.000398991 -1.35704e-05 -1.87785e-18
-0.000398989 -1.29364e-05 -1.87766e-18
-0.000398988 -1.23072e-05 -1.87746e-18
-0.000398986 -1.16831e-05 -1.87726e-18
-0.000398985 -1.10639e-05 -1.87707e-18
-0.000398983 -1.04489e-05 -1.87687e-18
-0.000398982 -9.83753e-06 -1.87668e-18
-0.000398981 -9.22902e-06 -1.87649e-18
-0.000398981 -8.62311e-06 -1.8763e-18
-0.00039898 -8.01966e-06 -1.8761e-18
-0.000398979 -7.41863e-06 -1.87591e-18
-0.000398978 -6.82004e-06 -1.87573e-18
-0.000398978 -6.22432e-06 -1.87554e-18
-0.000398977 -5.63209e-06 -1.87535e-18
-0.000398976 -5.04405e-06 -1.87516e-18
-0.000398976 -4.46079e-06 -1.87498e-18
-0.000398975 -3.88265e-06 -1.8748e-18
-0.000398974 -3.30978e-06 -1.87462e-18
-0.000398974 -2.74237e-06 -1.87444e-18
-0.000398973 -2.18065e-06 -1.87426e-18
-0.000398972 -1.62504e-06 -1.87408e-18
-0.000398972 -1.07606e-06 -1.87391e-18
-0.000398971 -5.34316e-07 -1.87374e-18
-0.00039897 -2.4986e-10 -1.87357e-18
-0.00039897 5.2598e-07 -1.87341e-18
-0.000398969 1.04448e-06 -1.87324e-18
-0.000398969 1.5553e-06 -1.87308e-18
-0.000398968 2.05858e-06 -1.87292e-18
-0.000398967 2.5545e-06 -1.87277e-18
-0.000398967 3.04332e-06 -1.87261e-18
-0.000398966 3.52526e-06 -1.87246e-18
-0.000398966 4.00054e-06 -1.87231e-18
-0.000398965 4.46933e-06 -1.87217e-18
-0.000398965 4.93183e-06 -1.87202e-18
-0.000398964 5.38817e-06 -1.87188e-18
-0.000398963 5.83827e-06 -1.87174e-18
-0.000398963 6.28147e-06 -1.8716e-18
-0.000398962 6.7168e-06 -1.87146e-18
-0.000398962 7.14319e-06 -1.87133e-18
-0.000398961 7.55952e-06 -1.8712e-18
-0.000398961 7.9644e-06 -1.87107e-18
-0.000398961 8.35631e-06 -1.87095e-18
-0.00039896 8.73379e-06 -1.87083e-18
-0.00039896 9.09551e-06 -1.87071e-18
-0.00039896 9.44039e-06 -1.8706e-18
-0.000398959 9.76754e-06 -1.8705e-18
-0.000398959 1.00762e-05 -1.8704e-18
-0.000398959 1.03658e-05 -1.8703e-18
-0.000398962 1.06357e-05 -1.87022e-18
-0.000398966 1.08852e-05 -1.87013e-18
-0.000398969 1.11138e-05 -1.87006e-18
-0.000398973 1.13214e-05 -1.86999e-18
-0.000398977 1.15081e-05 -1.86992e-18
-0.000398984 1.16744e-05 -1.86987e-18
-0.000398991 1.18212e-05 -1.86982e-18
-0.000398998 1.1949e-05 -1.86977e-18
-0.000399006 1.20585e-05 -1.86973e-18
-0.000399013 1.21501e-05 -1.86969e-18
-0.000399021 1.22243e-05 -1.86966e-18
-0.000399028 1.2282e-05 -1.86963e-18
-0.000399036 1.23242e-05 -1.86961e-18
-0.000399043 1.23522e-05 -1.8696e-18
-0.00039905 1.23675e-05 -1.86958e-18
-0.000399057 1.23714e-05 -1.86957e-18
-0.000399065 1.23652e-05 -1.86957e-18
-0.000399072 1.23498e-05 -1.86956e-18
-0.000399079 1.23262e-05 -1.86956e-18
-0.000399085 1.22954e-05 -1.86956e-18
-0.000399092 1.22584e-05 -1.86956e-18
-0.0003991 1.22159e-05 -1.86957e-18
-0.000399107 1.21689e-05 -1.86958e-18
-0.000399115 1.2118e-05 -1.86958e-18
-0.000399123 1.2064e-05 -1.86959e-18
-0.000399131 1.20081e-05 -1.8696e-18
-0.000399139 1.19507e-05 -1.86962e-18
-0.000399146 1.18929e-05 -1.86963e-18
-0.000399152 1.18356e-05 -1.86964e-18
-0.000399159 1.17803e-05 -1.86965e-18
-0.000399165 1.17282e-05 -1.86966e-18
-0.000399171 1.16805e-05 -1.86967e-18
-0.000399176 1.16383e-05 -1.86968e-18
-0.000399181 1.16025e-05 -1.86969e-18
-0.000399186 1.1574e-05 -1.86969e-18
-0.000399191 1.15536e-05 -1.86969e-18
-0.000399195 1.15422e-05 -1.86969e-18
-0.000399198 1.15406e-05 -1.86969e-18
-0.000399202 1.15495e-05 -1.86969e-18
-0.000399205 1.15695e-05 -1.86968e-18
-0.000399207 1.1601e-05 -1.86967e-18
-0.000399209 1.16441e-05 -1.86966e-18
-0.000399211 1.1699e-05 -1.86964e-18
-0.000399213 1.17657e-05 -1.86962e-18
-0.000399214 1.18443e-05 -1.8696e-18
-0.000399215 1.19349e-05 -1.86957e-18
-0.000399216 1.20377e-05 -1.86954e-18
-0.000399216 1.21524e-05 -1.86951e-18
-0.000399216 1.22785e-05 -1.86947e-18
-0.000399215 1.24155e-05 -1.86943e-18
-0.000399214 1.25624e-05 -1.86939e-18
-0.000399213 1.27184e-05 -1.86935e-18
-0.000399212 1.28824e-05 -1.8693e-18
-0.00039921 1.30534e-05 -1.86926e-18
-0.000399209 1.32302e-05 -1.86921e-18
-0.000399206 1.34115e-05 -1.86915e-18
-0.000399204 1.35954e-05 -1.8691e-18
-0.000399201 1.37798e-05 -1.86905e-18
-0.000399198 1.39628e-05 -1.869e-18
-0.000399195 1.41421e-05 -1.86895e-18
-0.000399192 1.4316e-05 -1.8689e-18
-0.000399188 1.44827e-05 -1.86886e-18
-0.000399184 1.46405e-05 -1.86881e-18
-0.00039918 1.47879e-05 -1.86877e-18
-0.000399176 1.49241e-05 -1.86874e-18
-0.000399171 1.50482e-05 -1.8687e-18
-0.000399166 1.51597e-05 -1.86867e-18
-0.000399161 1.5258e-05 -1.86865e-18
-0.000399156 1.53424e-05 -1.86862e-18
-0.00039915 1.5412e-05 -1.86861e-18
-0.000399145 1.54661e-05 -1.86859e-18
-0.000399139 1.55043e-05 -1.86858e-18
-0.000399133 1.55264e-05 -1.86858e-18
-0.000399127 1.55324e-05 -1.86858e-18
-0.00039912 1.55226e-05 -1.86858e-18
-0.000399115 1.54972e-05 -1.86859e-18
-0.00039911 1.54562e-05 -1.86861e-18
-0.000399105 1.53996e-05 -1.86863e-18
-0.000399099 1.53274e-05 -1.86865e-18
-0.000399094 1.52396e-05 -1.86868e-18
-0.000399088 1.51365e-05 -1.86871e-18
-0.000399082 1.50186e-05 -1.86875e-18
-0.000399076 1.48862e-05 -1.86879e-18
-0.000399069 1.47397e-05 -1.86884e-18
-0.000399063 1.45794e-05 -1.86889e-18
-0.000399056 1.44055e-05 -1.86894e-18
-0.00039905 1.42182e-05 -1.869e-18
-0.000399043 1.40177e-05 -1.86907e-18
-0.000399037 1.38039e-05 -1.86913e-18
-0.000399032 1.35767e-05 -1.8692e-18
-0.000399027 1.33368e-05 -1.86928e-18
-0.000399022 1.30843e-05 -1.86936e-18
-0.000399017 1.28196e-05 -1.86944e-18
-0.000399014 1.25431e-05 -1.86953e-18
-0.000399012 1.2255e-05 -1.86962e-18
-0.000399009 1.19557e-05 -1.86972e-18
-0.000399007 1.16456e-05 -1.86981e-18
-0.000399004 1.13249e-05 -1.86992e-18
-0.000399001 1.09938e-05 -1.87002e-18
-0.000398998 1.06526e-05 -1.87013e-18
-0.000398996 1.03014e-05 -1.87024e-18
-0.000398993 9.94023e-06 -1.87036e-18
-0.000398989 9.56911e-06 -1.87047e-18
-0.000398986 9.18811e-06 -1.8706e-18
-0.000398983 8.7975e-06 -1.87072e-18
-0.000398983 8.39773e-06 -1.87085e-18
-0.000398983 7.98904e-06 -1.87098e-18
-0.000398984 7.5716e-06 -1.87111e-18
-0.000398985 7.14544e-06 -1.87125e-18
-0.000398985 6.71037e-06 -1.87139e-18
-0.000398986 6.26618e-06 -1.87153e-18
-0.000398986 5.81256e-06 -1.87168e-18
-0.000398987 5.34909e-06 -1.87183e-18
-0.000398987 4.87526e-06 -1.87198e-18
-0.000398988 4.39057e-06 -1.87214e-18
-0.000398988 3.89456e-06 -1.8723e-18
-0.000398989 3.38687e-06 -1.87246e-18
-0.000398989 2.86726e-06 -1.87263e-18
-0.00039899 2.3355e-06 -1.8728e-18
-0.00039899 1.79137e-06 -1.87297e-18
-0.000398991 1.23454e-06 -1.87315e-18
-0.000398991 6.64663e-07 -1.87333e-18
-0.000398992 8.14236e-08 -1.87351e-18
-0.000398992 -5.15463e-07 -1.8737e-18
-0.000398993 -1.12642e-06 -1.87389e-18
-0.000398993 -1.75188e-06 -1.87409e-18
-0.000398994 -2.39221e-06 -1.87429e-18
-0.000398994 -3.04762e-06 -1.8745e-18
-0.000398994 -3.71826e-06 -1.87471e-18
-0.000398995 -4.40414e-06 -1.87492e-18
-0.000398995 -5.10515e-06 -1.87514e-18
-0.000398995 -5.82077e-06 -1.87536e-18
-0.000398996 -6.54979e-06 -1.87558e-18
-0.000398996 -7.29048e-06 -1.87581e-18
-0.000398996 -8.04091e-06 -1.87604e-18
-0.000398996 -8.79915e-06 -1.87628e-18
-0.000398997 -9.56336e-06 -1.87651e-18
-0.000398997 -1.03318e-05 -1.87675e-18
-0.000398997 -1.11025e-05 -1.87698e-18
-0.000398997 -1.1874e-05 -1.87722e-18
-0.000398997 -1.26447e-05 -1.87745e-18
-0.000398997 -1.34136e-05 -1.87769e-18
-0.000398997 -1.41794e-05 -1.87792e-18
-0.000398997 -1.49409e-05 -1.87816e-18
-0.000398997 -1.56965e-05 -1.87839e-18
-0.000398997 -1.64441e-05 -1.87862e-18
-0.000398997 -1.71819e-05 -1.87884e-18
-0.000398997 -1.79079e-05 -1.87906e-18
-0.000398997 -1.86196e-05 -1.87928e-18
-0.000398997 -1.93147e-05 -1.8795e-18
-0.000398997 -1.99907e-05 -1.8797e-18
-0.000398997 -2.06453e-05 -1.87991e-18
-0.000398997 -2.12762e-05 -1.8801e-18
-0.000398997 -2.18722e-05 -1.88029e-18
-0.000398997 -2.24359e-05 -1.88046e-18
-0.000398999 -2.2972e-05 -1.88063e-18
-0.000399002 -2.34765e-05 -1.88079e-18
-0.000399004 -2.39501e-05 -1.88095e-18
-0.00039901 -2.43898e-05 -1.88109e-18
-0.000399018 -2.47964e-05 -1.88122e-18
-0.000399024 -2.51705e-05 -1.88134e-18
-0.000399031 -2.55127e-05 -1.88146e-18
-0.000399038 -2.58237e-05 -1.88156e-18
-0.000399044 -2.61046e-05 -1.88166e-18
-0.000399051 -2.63565e-05 -1.88175e-18
-0.000399057 -2.65806e-05 -1.88183e-18
-0.000399063 -2.67782e-05 -1.8819e-18
-0.000399069 -2.69507e-05 -1.88196e-18
-0.000399075 -2.70997e-05 -1.88202e-18
-0.000399082 -2.7227e-05 -1.88207e-18
-0.000399089 -2.73344e-05 -1.88211e-18
-0.000399095 -2.74236e-05 -1.88215e-18
-0.000399102 -2.74962e-05 -1.88219e-18
-0.000399108 -2.75538e-05 -1.88222e-18
-0.000399118 -2.75978e-05 -1.88224e-18
-0.000399128 -2.76298e-05 -1.88226e-18
-0.000399138 -2.76509e-05 -1.88228e-18
-0.000399148 -2.76626e-05 -1.88229e-18
-0.000399157 -2.76663e-05 -1.88231e-18
-0.000399166 -2.7663e-05 -1.88231e-18
-0.000399175 -2.76536e-05 -1.88232e-18
-0.000399184 -2.76388e-05 -1.88233e-18
-0.000399193 -2.76191e-05 -1.88233e-18
-0.000399201 -2.75952e-05 -1.88233e-18
-0.00039921 -2.75677e-05 -1.88233e-18
-0.000399218 -2.75375e-05 -1.88233e-18
-0.000399225 -2.75054e-05 -1.88232e-18
-0.000399233 -2.74721e-05 -1.88232e-18
-0.00039924 -2.74378e-05 -1.88232e-18
-0.000399247 -2.74029e-05 -1.88231e-18
-0.000399254 -2.73673e-05 -1.88231e-18
-0.000399261 -2.73311e-05 -1.8823e-18
-0.000399267 -2.72946e-05 -1.88229e-18
-0.000399273 -2.72581e-05 -1.88229e-18
-0.000399278 -2.72221e-05 -1.88228e-18
-0.000399284 -2.71866e-05 -1.88227e-18
-0.000399289 -2.71522e-05 -1.88227e-18
-0.000399294 -2.7119e-05 -1.88226e-18
-0.000399298 -2.70876e-05 -1.88225e-18
-0.000399302 -2.7058e-05 -1.88224e-18
-0.000399306 -2.70306e-05 -1.88224e-18
-0.00039931 -2.70056e-05 -1.88223e-18
-0.000399313 -2.69834e-05 -1.88222e-18
-0.000399316 -2.6964e-05 -1.88222e-18
-0.000399319 -2.69478e-05 -1.88222e-18
-0.000399321 -2.69347e-05 -1.88221e-18
-0.000399323 -2.69248e-05 -1.88221e-18
-0.000399325 -2.69179e-05 -1.88221e-18
-0.000399326 -2.69138e-05 -1.8822e-18
-0.000399327 -2.6912e-05 -1.8822e-18
-0.000399328 -2.6912e-05 -1.8822e-18
-0.000399329 -2.69131e-05 -1.8822e-18
-0.000399329 -2.69149e-05 -1.8822e-18
-0.000399329 -2.69167e-05 -1.8822e-18
-0.000399328 -2.6918e-05 -1.88219e-18
-0.000399327 -2.69182e-05 -1.88219e-18
-0.000399326 -2.69172e-05 -1.88219e-18
-0.000399325 -2.69146e-05 -1.88219e-18
-0.000399323 -2.69105e-05 -1.88218e-18
-0.000399321 -2.69046e-05 -1.88218e-18
-0.000399319 -2.68968e-05 -1.88217e-18
-0.000399316 -2.68869e-05 -1.88217e-18
-0.000399313 -2.68748e-05 -1.88216e-18
-0.00039931 -2.686e-05 -1.88215e-18
-0.000399306 -2.68421e-05 -1.88215e-18
-0.000399303 -2.68201e-05 -1.88214e-18
-0.000399299 -2.67932e-05 -1.88213e-18
-0.000399294 -2.67606e-05 -1.88211e-18
-0.00039929 -2.67216e-05 -1.8821e-18
-0.000399285 -2.66756e-05 -1.88208e-18
-0.00039928 -2.66221e-05 -1.88207e-18
-0.000399274 -2.65607e-05 -1.88204e-18
-0.000399269 -2.64909e-05 -1.88202e-18
-0.000399263 -2.64123e-05 -1.882e-18
-0.000399256 -2.63246e-05 -1.88197e-18
-0.00039925 -2.62278e-05 -1.88194e-18
-0.000399243 -2.6122e-05 -1.8819e-18
-0.000399236 -2.60078e-05 -1.88187e-18
-0.000399229 -2.58856e-05 -1.88183e-18
-0.000399221 -2.57562e-05 -1.88178e-18
-0.000399213 -2.56199e-05 -1.88174e-18
-0.000399205 -2.5477e-05 -1.88169e-18
-0.000399197 -2.5328e-05 -1.88165e-18
-0.000399188 -2.51731e-05 -1.8816e-18
-0.000399179 -2.50125e-05 -1.88154e-18
-0.00039917 -2.48463e-05 -1.88149e-18
-0.00039916 -2.46745e-05 -1.88143e-18
-0.000399151 -2.4497e-05 -1.88137e-18
-0.000399141 -2.43138e-05 -1.88131e-18
-0.000399131 -2.41247e-05 -1.88125e-18
-0.00039912 -2.39292e-05 -1.88118e-18
-0.00039911 -2.37271e-05 -1.88112e-18
-0.000399099 -2.35176e-05 -1.88104e-18
-0.000399091 -2.33002e-05 -1.88097e-18
-0.000399083 -2.30739e-05 -1.88089e-18
-0.000399075 -2.28379e-05 -1.88081e-18
-0.000399068 -2.25913e-05 -1.88073e-18
-0.000399061 -2.23333e-05 -1.88064e-18
-0.000399054 -2.20631e-05 -1.88055e-18
-0.000399047 -2.17799e-05 -1.88046e-18
-0.00039904 -2.14831e-05 -1.88036e-18
-0.000399034 -2.11717e-05 -1.88025e-18
-0.00039903 -2.08449e-05 -1.88014e-18
-0.000399027 -2.05028e-05 -1.88003e-18
-0.000399024 -2.01451e-05 -1.87991e-18
-0.000399021 -1.97714e-05 -1.87979e-18
-0.000399018 -1.93827e-05 -1.87966e-18
-0.000399014 -1.89808e-05 -1.87952e-18
-0.000399011 -1.85625e-05 -1.87939e-18
-0.000399008 -1.8126e-05 -1.87924e-18
-0.000399005 -1.76717e-05 -1.87909e-18
-0.000399004 -1.71987e-05 -1.87894e-18
-0.000399004 -1.67067e-05 -1.87878e-18
-0.000399003 -1.61952e-05 -1.87861e-18
-0.000399003 -1.56638e-05 -1.87844e-18
-0.000399002 -1.51124e-05 -1.87826e-18
-0.000399002 -1.45412e-05 -1.87808e-18
-0.000399001 -1.39504e-05 -1.87789e-18
-0.000399001 -1.33407e-05 -1.87769e-18
-0.000399 -1.27126e-05 -1.87749e-18
-0.000398999 -1.20665e-05 -1.87729e-18
-0.000398998 -1.14027e-05 -1.87708e-18
-0.000398998 -1.07216e-05 -1.87686e-18
-0.000398997 -1.00237e-05 -1.87664e-18
-0.000398996 -9.30971e-06 -1.87641e-18
-0.000398995 -8.58044e-06 -1.87618e-18
-0.000398994 -7.83677e-06 -1.87595e-18
-0.000398993 -7.07971e-06 -1.87571e-18
-0.000398992 -6.31038e-06 -1.87547e-18
-0.000398991 -5.53e-06 -1.87523e-18
-0.00039899 -4.73985e-06 -1.87498e-18
-0.000398988 -3.9414e-06 -1.87473e-18
-0.000398987 -3.13644e-06 -1.87448e-18
-0.000398986 -2.32697e-06 -1.87423e-18
-0.000398985 -1.51506e-06 -1.87397e-18
-0.000398984 -7.0271e-07 -1.87372e-18
-0.000398982 1.08247e-07 -1.87347e-18
-0.000398981 9.16093e-07 -1.87322e-18
-0.00039898 1.71916e-06 -1.87297e-18
-0.000398979 2.51579e-06 -1.87272e-18
-0.000398978 3.30422e-06 -1.87247e-18
-0.000398977 4.08269e-06 -1.87223e-18
-0.000398976 4.8495e-06 -1.87199e-18
-0.000398974 5.60317e-06 -1.87175e-18
-0.000398973 6.34276e-06 -1.87152e-18
-0.000398972 7.06766e-06 -1.87129e-18
-0.000398971 7.77741e-06 -1.87107e-18
-0.00039897 8.47163e-06 -1.87085e-18
-0.00039897 9.14999e-06 -1.87064e-18
-0.000398972 9.8124e-06 -1.87043e-18
-0.000398977 1.04585e-05 -1.87022e-18
-0.00039898 1.10882e-05 -1.87003e-18
-0.000398984 1.17017e-05 -1.86983e-18
-0.000398988 1.22992e-05 -1.86964e-18
-0.000398992 1.28811e-05 -1.86946e-18
-0.000398996 1.34476e-05 -1.86928e-18
-0.000399 1.39989e-05 -1.8691e-18
-0.000399006 1.45353e-05 -1.86893e-18
-0.000399017 1.50556e-05 -1.86877e-18
-0.00039903 1.55605e-05 -1.86861e-18
-0.000399041 1.6051e-05 -1.86846e-18
-0.000399053 1.65261e-05 -1.86831e-18
-0.000399065 1.6986e-05 -1.86816e-18
-0.000399077 1.74304e-05 -1.86802e-18
-0.000399088 1.78593e-05 -1.86788e-18
-0.0003991 1.82732e-05 -1.86775e-18
-0.000399111 1.86722e-05 -1.86762e-18
-0.000399122 1.90568e-05 -1.8675e-18
-0.000399133 1.94271e-05 -1.86738e-18
-0.000399144 1.97836e-05 -1.86727e-18
-0.000399155 2.01264e-05 -1.86716e-18
-0.000399166 2.0456e-05 -1.86705e-18
-0.000399176 2.0773e-05 -1.86695e-18
-0.000399187 2.10783e-05 -1.86685e-18
-0.000399197 2.13728e-05 -1.86675e-18
-0.000399207 2.16571e-05 -1.86666e-18
-0.000399217 2.19316e-05 -1.86657e-18
-0.000399227 2.21964e-05 -1.86649e-18
-0.000399237 2.24517e-05 -1.8664e-18
-0.000399247 2.26973e-05 -1.86632e-18
-0.000399258 2.29332e-05 -1.86625e-18
-0.000399268 2.31591e-05 -1.86617e-18
-0.000399278 2.33747e-05 -1.8661e-18
-0.000399288 2.35798e-05 -1.86603e-18
-0.000399298 2.37744e-05 -1.86597e-18
-0.000399308 2.39586e-05 -1.86591e-18
-0.000399318 2.41326e-05 -1.86585e-18
-0.000399327 2.42965e-05 -1.86579e-18
-0.000399336 2.44505e-05 -1.86574e-18
-0.000399345 2.45949e-05 -1.86569e-18
-0.000399353 2.47299e-05 -1.86565e-18
-0.000399362 2.48559e-05 -1.8656e-18
-0.00039937 2.49732e-05 -1.86556e-18
-0.000399377 2.50822e-05 -1.86553e-18
-0.000399385 2.51833e-05 -1.86549e-18
-0.000399392 2.52769e-05 -1.86546e-18
-0.000399399 2.53634e-05 -1.86543e-18
-0.000399406 2.54429e-05 -1.8654e-18
-0.000399412 2.55157e-05 -1.86538e-18
-0.000399418 2.55819e-05 -1.86535e-18
-0.000399424 2.56415e-05 -1.86533e-18
-0.00039943 2.56945e-05 -1.86531e-18
-0.000399435 2.57406e-05 -1.8653e-18
-0.00039944 2.57798e-05 -1.86528e-18
-0.000399444 2.58115e-05 -1.86527e-18
-0.000399449 2.58354e-05 -1.86526e-18
-0.000399453 2.58511e-05 -1.86526e-18
-0.000399456 2.58579e-05 -1.86525e-18
-0.00039946 2.58552e-05 -1.86525e-18
-0.000399463 2.58421e-05 -1.86525e-18
-0.000399465 2.58178e-05 -1.86526e-18
-0.000399468 2.57815e-05 -1.86527e-18
-0.00039947 2.57327e-05 -1.86528e-18
-0.000399471 2.5671e-05 -1.8653e-18
-0.000399473 2.55961e-05 -1.86532e-18
-0.000399474 2.55081e-05 -1.86535e-18
-0.000399474 2.54075e-05 -1.86538e-18
-0.000399475 2.52951e-05 -1.86541e-18
-0.000399475 2.5172e-05 -1.86545e-18
-0.000399474 2.50394e-05 -1.86549e-18
-0.000399473 2.48984e-05 -1.86553e-18
-0.000399472 2.47507e-05 -1.86557e-18
-0.00039947 2.45977e-05 -1.86562e-18
-0.000399468 2.44408e-05 -1.86566e-18
-0.000399466 2.42813e-05 -1.86571e-18
-0.000399463 2.41202e-05 -1.86576e-18
-0.000399459 2.39584e-05 -1.86581e-18
-0.000399456 2.37969e-05 -1.86586e-18
-0.000399452 2.36359e-05 -1.86591e-18
-0.000399448 2.34758e-05 -1.86596e-18
-0.000399443 2.33164e-05 -1.86601e-18
-0.000399438 2.31578e-05 -1.86606e-18
-0.000399432 2.30004e-05 -1.86611e-18
-0.000399427 2.28444e-05 -1.86616e-18
-0.000399421 2.26901e-05 -1.86621e-18
-0.000399414 2.25377e-05 -1.86626e-18
-0.000399407 2.23873e-05 -1.86631e-18
-0.0003994 2.22389e-05 -1.86636e-18
-0.000399393 2.20923e-05 -1.86641e-18
-0.000399385 2.19475e-05 -1.86645e-18
-0.000399377 2.18044e-05 -1.8665e-18
-0.000399369 2.1663e-05 -1.86655e-18
-0.00039936 2.15233e-05 -1.8666e-18
-0.000399351 2.1385e-05 -1.86665e-18
-0.000399342 2.12471e-05 -1.86669e-18
-0.000399333 2.11083e-05 -1.86674e-18
-0.000399323 2.09672e-05 -1.86679e-18
-0.000399313 2.08224e-05 -1.86684e-18
-0.000399303 2.06723e-05 -1.8669e-18
-0.000399293 2.05156e-05 -1.86695e-18
-0.000399282 2.03509e-05 -1.86701e-18
-0.000399272 2.01768e-05 -1.86707e-18
-0.000399261 1.99921e-05 -1.86713e-18
-0.00039925 1.97957e-05 -1.8672e-18
-0.000399239 1.95864e-05 -1.86727e-18
-0.000399227 1.93634e-05 -1.86734e-18
-0.000399216 1.91257e-05 -1.86742e-18
-0.000399204 1.88723e-05 -1.86751e-18
-0.000399192 1.86024e-05 -1.86759e-18
-0.000399181 1.83153e-05 -1.86769e-18
-0.00039917 1.801e-05 -1.86779e-18
-0.000399159 1.76857e-05 -1.86789e-18
-0.000399148 1.73415e-05 -1.868e-18
-0.000399137 1.69768e-05 -1.86812e-18
-0.000399126 1.65909e-05 -1.86824e-18
-0.000399114 1.61833e-05 -1.86837e-18
-0.000399103 1.57536e-05 -1.8685e-18
-0.000399091 1.53017e-05 -1.86865e-18
-0.000399079 1.48283e-05 -1.86879e-18
-0.000399067 1.4335e-05 -1.86895e-18
-0.000399059 1.38218e-05 -1.86911e-18
-0.000399052 1.3291e-05 -1.86927e-18
-0.000399044 1.2745e-05 -1.86945e-18
-0.000399037 1.2185e-05 -1.86962e-18
-0.000399029 1.16128e-05 -1.8698e-18
-0.000399025 1.10298e-05 -1.86998e-18
-0.000399021 1.04375e-05 -1.87017e-18
-0.000399017 9.83758e-06 -1.87035e-18
-0.000399013 9.23128e-06 -1.87054e-18
-0.000399009 8.61979e-06 -1.87074e-18
-0.000399005 8.00357e-06 -1.87093e-18
-0.000399004 7.38281e-06 -1.87113e-18
-0.000399006 6.75725e-06 -1.87132e-18
-0.000399006 6.12673e-06 -1.87152e-18
-0.000399007 5.49111e-06 -1.87172e-18
-0.000399007 4.85013e-06 -1.87193e-18
-0.000399008 4.20359e-06 -1.87213e-18
-0.000399008 3.55117e-06 -1.87234e-18
-0.000399009 2.89261e-06 -1.87255e-18
-0.000399009 2.22757e-06 -1.87276e-18
-0.00039901 1.55575e-06 -1.87297e-18
-0.00039901 8.76867e-07 -1.87318e-18
-0.00039901 1.90798e-07 -1.8734e-18
-0.000399011 -5.0251e-07 -1.87362e-18
-0.000399011 -1.20304e-06 -1.87384e-18
-0.000399012 -1.91068e-06 -1.87406e-18
-0.000399012 -2.62504e-06 -1.87429e-18
-0.000399012 -3.34558e-06 -1.87452e-18
-0.000399013 -4.07168e-06 -1.87474e-18
-0.000399013 -4.80273e-06 -1.87497e-18
-0.000399013 -5.53818e-06 -1.87521e-18
-0.000399014 -6.2775e-06 -1.87544e-18
-0.000399014 -7.02015e-06 -1.87567e-18
-0.000399014 -7.76564e-06 -1.87591e-18
-0.000399014 -8.51362e-06 -1.87614e-18
-0.000399014 -9.26387e-06 -1.87638e-18
-0.000399014 -1.00161e-05 -1.87661e-18
-0.000399015 -1.07701e-05 -1.87685e-18
-0.000399015 -1.15254e-05 -1.87709e-18
-0.000399015 -1.22816e-05 -1.87733e-18
-0.000399015 -1.30382e-05 -1.87756e-18
-0.000399015 -1.37946e-05 -1.8778e-18
-0.000399017 -1.45505e-05 -1.87804e-18
-0.00039902 -1.53053e-05 -1.87828e-18
-0.000399023 -1.60585e-05 -1.87851e-18
-0.000399026 -1.68098e-05 -1.87875e-18
-0.000399028 -1.75588e-05 -1.87899e-18
-0.000399031 -1.83049e-05 -1.87922e-18
-0.000399033 -1.9048e-05 -1.87945e-18
-0.000399036 -1.97785e-05 -1.87968e-18
-0.000399039 -2.04966e-05 -1.87991e-18
-0.000399041 -2.1211e-05 -1.88014e-18
-0.000399044 -2.19208e-05 -1.88037e-18
-0.000399052 -2.26243e-05 -1.88059e-18
-0.000399062 -2.33212e-05 -1.88082e-18
-0.000399071 -2.40121e-05 -1.88104e-18
-0.000399081 -2.46953e-05 -1.88125e-18
-0.000399091 -2.53702e-05 -1.88147e-18
-0.000399101 -2.60359e-05 -1.88168e-18
-0.000399111 -2.66913e-05 -1.88189e-18
-0.000399121 -2.73357e-05 -1.8821e-18
-0.000399135 -2.79683e-05 -1.8823e-18
-0.000399149 -2.85886e-05 -1.8825e-18
-0.000399163 -2.91957e-05 -1.8827e-18
-0.000399177 -2.97895e-05 -1.88289e-18
-0.000399191 -3.03693e-05 -1.88308e-18
-0.000399205 -3.09349e-05 -1.88326e-18
-0.000399219 -3.1486e-05 -1.88344e-18
-0.000399232 -3.20223e-05 -1.88361e-18
-0.000399246 -3.25435e-05 -1.88378e-18
-0.000399259 -3.30499e-05 -1.88394e-18
-0.000399272 -3.35416e-05 -1.8841e-18
-0.000399285 -3.4019e-05 -1.88426e-18
-0.000399298 -3.44823e-05 -1.88441e-18
-0.00039931 -3.49316e-05 -1.88455e-18
-0.000399323 -3.5367e-05 -1.88469e-18
-0.000399335 -3.57884e-05 -1.88483e-18
-0.000399347 -3.61958e-05 -1.88496e-18
-0.000399359 -3.65898e-05 -1.88509e-18
-0.000399371 -3.69709e-05 -1.88522e-18
-0.000399383 -3.73399e-05 -1.88534e-18
-0.000399394 -3.76973e-05 -1.88545e-18
-0.000399406 -3.8044e-05 -1.88557e-18
-0.000399417 -3.83805e-05 -1.88568e-18
-0.000399428 -3.87076e-05 -1.88579e-18
-0.000399439 -3.9026e-05 -1.88589e-18
-0.000399449 -3.93362e-05 -1.88599e-18
-0.00039946 -3.96387e-05 -1.88609e-18
-0.00039947 -3.9934e-05 -1.88619e-18
-0.00039948 -4.02225e-05 -1.88628e-18
-0.00039949 -4.05049e-05 -1.88638e-18
-0.0003995 -4.07818e-05 -1.88647e-18
-0.00039951 -4.10538e-05 -1.88656e-18
-0.000399519 -4.13215e-05 -1.88665e-18
-0.000399528 -4.15856e-05 -1.88674e-18
-0.000399538 -4.18468e-05 -1.88682e-18
-0.000399546 -4.21058e-05 -1.88691e-18
-0.000399555 -4.23633e-05 -1.88699e-18
-0.000399564 -4.26202e-05 -1.88708e-18
-0.000399572 -4.28775e-05 -1.88716e-18
-0.00039958 -4.31362e-05 -1.88725e-18
-0.000399588 -4.33972e-05 -1.88733e-18
-0.000399596 -4.36609e-05 -1.88742e-18
-0.000399604 -4.39277e-05 -1.88751e-18
-0.000399611 -4.41978e-05 -1.88759e-18
-0.000399618 -4.44713e-05 -1.88768e-18
-0.000399625 -4.47478e-05 -1.88777e-18
-0.000399632 -4.50268e-05 -1.88786e-18
-0.000399639 -4.53076e-05 -1.88795e-18
-0.000399645 -4.55896e-05 -1.88804e-18
-0.000399652 -4.58721e-05 -1.88813e-18
-0.000399658 -4.61548e-05 -1.88822e-18
-0.000399664 -4.6437e-05 -1.88831e-18
-0.000399669 -4.67181e-05 -1.8884e-18
-0.000399675 -4.69974e-05 -1.88849e-18
-0.00039968 -4.72741e-05 -1.88858e-18
-0.000399685 -4.75473e-05 -1.88866e-18
-0.00039969 -4.78161e-05 -1.88875e-18
-0.000399695 -4.80796e-05 -1.88883e-18
-0.0003997 -4.83367e-05 -1.88891e-18
-0.000399704 -4.85863e-05 -1.88899e-18
-0.000399708 -4.88276e-05 -1.88907e-18
-0.000399712 -4.90598e-05 -1.88914e-18
-0.000399716 -4.92821e-05 -1.88921e-18
-0.000399719 -4.9494e-05 -1.88928e-18
-0.000399723 -4.96951e-05 -1.88934e-18
-0.000399726 -4.9885e-05 -1.8894e-18
-0.000399729 -5.00636e-05 -1.88946e-18
-0.000399732 -5.02309e-05 -1.88952e-18
-0.000399734 -5.03869e-05 -1.88957e-18
-0.000399736 -5.05314e-05 -1.88961e-18
-0.000399738 -5.06644e-05 -1.88966e-18
-0.00039974 -5.0786e-05 -1.8897e-18
-0.000399742 -5.08959e-05 -1.88973e-18
-0.000399743 -5.09934e-05 -1.88976e-18
-0.000399744 -5.10776e-05 -1.88979e-18
-0.000399745 -5.11476e-05 -1.88982e-18
-0.000399746 -5.12024e-05 -1.88983e-18
-0.000399747 -5.12415e-05 -1.88985e-18
-0.000399747 -5.12643e-05 -1.88986e-18
-0.000399747 -5.12705e-05 -1.88986e-18
-0.000399747 -5.12596e-05 -1.88986e-18
-0.000399747 -5.12314e-05 -1.88985e-18
-0.000399746 -5.11855e-05 -1.88984e-18
-0.000399745 -5.11215e-05 -1.88982e-18
-0.000399744 -5.10393e-05 -1.8898e-18
-0.000399742 -5.09392e-05 -1.88977e-18
-0.000399741 -5.08217e-05 -1.88973e-18
-0.000399739 -5.06875e-05 -1.88969e-18
-0.000399736 -5.05372e-05 -1.88965e-18
-0.000399734 -5.03714e-05 -1.8896e-18
-0.000399731 -5.01904e-05 -1.88954e-18
-0.000399727 -4.99949e-05 -1.88948e-18
-0.000399724 -4.97853e-05 -1.88942e-18
-0.00039972 -4.95615e-05 -1.88935e-18
-0.000399716 -4.93238e-05 -1.88927e-18
-0.000399712 -4.90718e-05 -1.8892e-18
-0.000399707 -4.88055e-05 -1.88911e-18
-0.000399702 -4.85246e-05 -1.88902e-18
-0.000399697 -4.82286e-05 -1.88893e-18
-0.000399691 -4.79172e-05 -1.88883e-18
-0.000399686 -4.75899e-05 -1.88873e-18
-0.000399679 -4.72461e-05 -1.88862e-18
-0.000399673 -4.68854e-05 -1.88851e-18
-0.000399666 -4.65072e-05 -1.88839e-18
-0.000399659 -4.6111e-05 -1.88826e-18
-0.000399652 -4.56968e-05 -1.88813e-18
-0.000399644 -4.52645e-05 -1.88799e-18
-0.000399636 -4.48142e-05 -1.88785e-18
-0.000399628 -4.4346e-05 -1.8877e-18
-0.000399619 -4.386e-05 -1.88755e-18
-0.00039961 -4.33562e-05 -1.88739e-18
-0.000399601 -4.28346e-05 -1.88722e-18
-0.000399591 -4.22955e-05 -1.88705e-18
-0.000399581 -4.17393e-05 -1.88688e-18
-0.000399571 -4.11667e-05 -1.8867e-18
-0.00039956 -4.05782e-05 -1.88651e-18
-0.000399549 -3.99746e-05 -1.88632e-18
-0.000399538 -3.93559e-05 -1.88613e-18
-0.000399526 -3.87222e-05 -1.88593e-18
-0.000399514 -3.80734e-05 -1.88572e-18
-0.000399502 -3.74097e-05 -1.88551e-18
-0.000399489 -3.67316e-05 -1.8853e-18
-0.000399476 -3.60399e-05 -1.88508e-18
-0.000399463 -3.53355e-05 -1.88486e-18
-0.00039945 -3.46194e-05 -1.88463e-18
-0.000399436 -3.38925e-05 -1.8844e-18
-0.000399422 -3.31555e-05 -1.88417e-18
-0.000399407 -3.24095e-05 -1.88393e-18
-0.000399392 -3.16553e-05 -1.8837e-18
-0.000399377 -3.08938e-05 -1.88346e-18
-0.000399361 -3.01262e-05 -1.88321e-18
-0.000399346 -2.93535e-05 -1.88297e-18
-0.00039933 -2.85766e-05 -1.88272e-18
-0.000399313 -2.77963e-05 -1.88248e-18
-0.000399297 -2.70135e-05 -1.88223e-18
-0.00039928 -2.62286e-05 -1.88198e-18
-0.000399262 -2.54424e-05 -1.88173e-18
-0.000399245 -2.46554e-05 -1.88148e-18
-0.000399227 -2.38677e-05 -1.88123e-18
-0.000399209 -2.30798e-05 -1.88098e-18
-0.000399191 -2.22919e-05 -1.88073e-18
-0.000399172 -2.15042e-05 -1.88048e-18
-0.000399154 -2.07172e-05 -1.88023e-18
-0.000399144 -1.99296e-05 -1.87998e-18
-0.000399139 -1.91419e-05 -1.87973e-18
-0.000399133 -1.83553e-05 -1.87949e-18
-0.000399127 -1.75748e-05 -1.87924e-18
-0.00039912 -1.67993e-05 -1.87899e-18
-0.000399114 -1.60246e-05 -1.87875e-18
-0.000399107 -1.52518e-05 -1.8785e-18
-0.000399101 -1.4481e-05 -1.87825e-18
-0.000399094 -1.37129e-05 -1.87801e-18
-0.000399087 -1.29478e-05 -1.87777e-18
-0.00039908 -1.21867e-05 -1.87752e-18
-0.000399072 -1.143e-05 -1.87728e-18
-0.000399065 -1.06784e-05 -1.87704e-18
-0.000399057 -9.93273e-06 -1.8768e-18
-0.00039905 -9.19375e-06 -1.87656e-18
-0.000399042 -8.46236e-06 -1.87633e-18
-0.000399036 -7.73945e-06 -1.8761e-18
-0.00039903 -7.02578e-06 -1.87587e-18
-0.000399024 -6.32203e-06 -1.87564e-18
-0.000399022 -5.62872e-06 -1.87542e-18
-0.000399022 -4.94628e-06 -1.8752e-18
-0.000399021 -4.27505e-06 -1.87498e-18
-0.00039902 -3.6151e-06 -1.87477e-18
-0.000399019 -2.96632e-06 -1.87456e-18
-0.000399018 -2.32853e-06 -1.87435e-18
-0.000399018 -1.70142e-06 -1.87414e-18
-0.000399017 -1.08461e-06 -1.87394e-18
-0.000399016 -4.7758e-07 -1.87374e-18
-0.000399015 1.20214e-07 -1.87355e-18
-0.000399014 7.09366e-07 -1.87335e-18
-0.000399014 1.29043e-06 -1.87316e-18
-0.000399013 1.86397e-06 -1.87297e-18
-0.000399012 2.43054e-06 -1.87279e-18
-0.000399011 2.99073e-06 -1.8726e-18
-0.00039901 3.54513e-06 -1.87242e-18
-0.000399009 4.09432e-06 -1.87224e-18
-0.000399009 4.63888e-06 -1.87206e-18
-0.000399008 5.17937e-06 -1.87188e-18
-0.000399013 5.71652e-06 -1.8717e-18
-0.00039902 6.25059e-06 -1.87153e-18
-0.000399031 6.78197e-06 -1.87135e-18
-0.000399043 7.31117e-06 -1.87118e-18
-0.000399054 7.83875e-06 -1.87101e-18
-0.000399066 8.36544e-06 -1.87084e-18
-0.000399077 8.89184e-06 -1.87067e-18
-0.000399089 9.41865e-06 -1.87049e-18
-0.0003991 9.94662e-06 -1.87032e-18
-0.000399111 1.04766e-05 -1.87015e-18
-0.000399121 1.10095e-05 -1.86998e-18
-0.000399132 1.15458e-05 -1.86981e-18
-0.000399144 1.20863e-05 -1.86963e-18
-0.000399161 1.26297e-05 -1.86946e-18
-0.000399179 1.31772e-05 -1.86928e-18
-0.000399196 1.37302e-05 -1.86911e-18
-0.000399214 1.42879e-05 -1.86893e-18
-0.000399231 1.48507e-05 -1.86875e-18
-0.000399247 1.54183e-05 -1.86857e-18
-0.000399264 1.59903e-05 -1.86839e-18
-0.00039928 1.65668e-05 -1.86821e-18
-0.000399296 1.71475e-05 -1.86802e-18
-0.000399311 1.77321e-05 -1.86784e-18
-0.000399326 1.83204e-05 -1.86766e-18
-0.000399341 1.89114e-05 -1.86747e-18
-0.000399356 1.9504e-05 -1.86728e-18
-0.00039937 2.0097e-05 -1.8671e-18
-0.000399385 2.06893e-05 -1.86691e-18
-0.000399398 2.12801e-05 -1.86673e-18
-0.000399412 2.18687e-05 -1.86654e-18
-0.000399425 2.24545e-05 -1.86636e-18
-0.000399438 2.30371e-05 -1.86618e-18
-0.000399451 2.3616e-05 -1.866e-18
-0.000399463 2.41912e-05 -1.86582e-18
-0.000399475 2.47624e-05 -1.86564e-18
-0.000399487 2.53298e-05 -1.86546e-18
-0.000399498 2.58937e-05 -1.86528e-18
-0.000399509 2.64547e-05 -1.86511e-18
-0.000399519 2.70134e-05 -1.86493e-18
-0.00039953 2.75706e-05 -1.86476e-18
-0.00039954 2.81268e-05 -1.86458e-18
-0.000399549 2.86826e-05 -1.86441e-18
-0.000399559 2.92385e-05 -1.86424e-18
-0.000399567 2.97948e-05 -1.86407e-18
-0.000399576 3.03515e-05 -1.86389e-18
-0.000399584 3.09086e-05 -1.86372e-18
-0.000399592 3.14658e-05 -1.86355e-18
-0.0003996 3.20227e-05 -1.86337e-18
-0.000399607 3.25787e-05 -1.8632e-18
-0.000399614 3.31331e-05 -1.86303e-18
-0.000399621 3.36849e-05 -1.86286e-18
-0.000399628 3.42331e-05 -1.86269e-18
-0.000399634 3.47766e-05 -1.86253e-18
-0.00039964 3.53139e-05 -1.86236e-18
-0.000399646 3.58437e-05 -1.8622e-18
-0.000399651 3.63643e-05 -1.86204e-18
-0.000399657 3.6874e-05 -1.86188e-18
-0.000399662 3.73706e-05 -1.86173e-18
-0.000399667 3.78522e-05 -1.86158e-18
-0.000399671 3.83168e-05 -1.86144e-18
-0.000399676 3.87632e-05 -1.8613e-18
-0.00039968 3.919e-05 -1.86117e-18
-0.000399684 3.95965e-05 -1.86105e-18
-0.000399688 3.99817e-05 -1.86093e-18
-0.000399692 4.03453e-05 -1.86081e-18
-0.000399695 4.0687e-05 -1.86071e-18
-0.000399698 4.10069e-05 -1.86061e-18
-0.000399701 4.13048e-05 -1.86052e-18
-0.000399704 4.15804e-05 -1.86043e-18
-0.000399706 4.18332e-05 -1.86035e-18
-0.000399708 4.20629e-05 -1.86028e-18
-0.00039971 4.22691e-05 -1.86022e-18
-0.000399712 4.24518e-05 -1.86016e-18
-0.000399713 4.26111e-05 -1.86011e-18
-0.000399715 4.27473e-05 -1.86007e-18
-0.000399715 4.28605e-05 -1.86003e-18
-0.000399716 4.29509e-05 -1.86e-18
-0.000399717 4.30185e-05 -1.85998e-18
-0.000399717 4.30636e-05 -1.85997e-18
-0.000399717 4.30861e-05 -1.85996e-18
-0.000399717 4.3086e-05 -1.85996e-18
-0.000399716 4.30631e-05 -1.85997e-18
-0.000399715 4.30172e-05 -1.85998e-18
-0.000399714 4.29481e-05 -1.86e-18
-0.000399713 4.28556e-05 -1.86003e-18
-0.000399711 4.27392e-05 -1.86007e-18
-0.000399709 4.25984e-05 -1.86011e-18
-0.000399707 4.24328e-05 -1.86016e-18
-0.000399705 4.22422e-05 -1.86022e-18
-0.000399702 4.20265e-05 -1.86029e-18
-0.0003997 4.17856e-05 -1.86037e-18
-0.000399696 4.15196e-05 -1.86045e-18
-0.000399693 4.12287e-05 -1.86054e-18
-0.000399689 4.09137e-05 -1.86064e-18
-0.000399685 4.05751e-05 -1.86074e-18
-0.000399681 4.02136e-05 -1.86086e-18
-0.000399676 3.98299e-05 -1.86098e-18
-0.000399671 3.94249e-05 -1.8611e-18
-0.000399666 3.89993e-05 -1.86123e-18
-0.00039966 3.85539e-05 -1.86137e-18
-0.000399654 3.80893e-05 -1.86152e-18
-0.000399648 3.76064e-05 -1.86167e-18
-0.000399642 3.71056e-05 -1.86182e-18
-0.000399635 3.65877e-05 -1.86198e-18
-0.000399628 3.60533e-05 -1.86215e-18
-0.000399621 3.55028e-05 -1.86232e-18
-0.000399613 3.4937e-05 -1.8625e-18
-0.000399605 3.43564e-05 -1.86268e-18
-0.000399597 3.37614e-05 -1.86286e-18
-0.000399588 3.31526e-05 -1.86305e-18
-0.00039958 3.25304e-05 -1.86324e-18
-0.00039957 3.18954e-05 -1.86344e-18
-0.000399561 3.12487e-05 -1.86364e-18
-0.000399551 3.05915e-05 -1.86384e-18
-0.000399541 2.99251e-05 -1.86405e-18
-0.000399531 2.92508e-05 -1.86426e-18
-0.00039952 2.85704e-05 -1.86447e-18
-0.000399509 2.78858e-05 -1.86468e-18
-0.000399498 2.71991e-05 -1.8649e-18
-0.000399486 2.65121e-05 -1.86511e-18
-0.000399474 2.58268e-05 -1.86532e-18
-0.000399462 2.5145e-05 -1.86553e-18
-0.00039945 2.44684e-05 -1.86575e-18
-0.000399437 2.37987e-05 -1.86595e-18
-0.000399424 2.31371e-05 -1.86616e-18
-0.000399411 2.24847e-05 -1.86636e-18
-0.000399397 2.18425e-05 -1.86657e-18
-0.000399383 2.12114e-05 -1.86676e-18
-0.000399369 2.05918e-05 -1.86696e-18
-0.000399355 1.99842e-05 -1.86715e-18
-0.000399341 1.93887e-05 -1.86734e-18
-0.000399326 1.88055e-05 -1.86752e-18
-0.000399312 1.82348e-05 -1.8677e-18
-0.000399297 1.76766e-05 -1.86788e-18
-0.000399282 1.71307e-05 -1.86805e-18
-0.000399267 1.6597e-05 -1.86822e-18
-0.000399251 1.60748e-05 -1.86839e-18
-0.000399236 1.55631e-05 -1.86855e-18
-0.00039922 1.5061e-05 -1.86871e-18
-0.000399205 1.45673e-05 -1.86887e-18
-0.000399189 1.40808e-05 -1.86902e-18
-0.000399176 1.35996e-05 -1.86918e-18
-0.000399165 1.31222e-05 -1.86933e-18
-0.000399154 1.26484e-05 -1.86948e-18
-0.000399143 1.21774e-05 -1.86963e-18
-0.000399134 1.17081e-05 -1.86978e-18
-0.000399124 1.12401e-05 -1.86993e-18
-0.000399115 1.07725e-05 -1.87008e-18
-0.000399105 1.03051e-05 -1.87023e-18
-0.000399095 9.83724e-06 -1.87037e-18
-0.000399086 9.36882e-06 -1.87052e-18
-0.000399076 8.89962e-06 -1.87067e-18
-0.000399066 8.42964e-06 -1.87082e-18
-0.000399056 7.95899e-06 -1.87097e-18
-0.000399046 7.48784e-06 -1.87112e-18
-0.00039904 7.01652e-06 -1.87127e-18
-0.000399041 6.54574e-06 -1.87142e-18
-0.000399041 6.07616e-06 -1.87157e-18
-0.000399041 5.60855e-06 -1.87171e-18
-0.000399042 5.14371e-06 -1.87186e-18
-0.000399042 4.68235e-06 -1.87201e-18
-0.000399043 4.22521e-06 -1.87216e-18
-0.000399043 3.7729e-06 -1.8723e-18
-0.000399043 3.3259e-06 -1.87245e-18
-0.000399043 2.88438e-06 -1.87259e-18
-0.000399044 2.44824e-06 -1.87273e-18
-0.000399044 2.01726e-06 -1.87287e-18
-0.000399044 1.59121e-06 -1.87301e-18
-0.000399045 1.16997e-06 -1.87314e-18
-0.000399045 7.53436e-07 -1.87328e-18
-0.000399045 3.41464e-07 -1.87341e-18
-0.000399045 -6.63203e-08 -1.87355e-18
-0.000399046 -4.70632e-07 -1.87368e-18
-0.000399046 -8.7247e-07 -1.87381e-18
-0.000399046 -1.2729e-06 -1.87395e-18
-0.000399046 -1.67297e-06 -1.87408e-18
-0.000399047 -2.07355e-06 -1.87421e-18
-0.000399047 -2.47542e-06 -1.87434e-18
-0.000399047 -2.87932e-06 -1.87447e-18
-0.000399051 -3.28611e-06 -1.87461e-18
-0.000399056 -3.69687e-06 -1.87474e-18
-0.00039906 -4.11293e-06 -1.87488e-18
-0.000399065 -4.53553e-06 -1.87502e-18
-0.00039907 -4.96575e-06 -1.87516e-18
-0.000399076 -5.40437e-06 -1.87531e-18
-0.00039908 -5.85192e-06 -1.87545e-18
-0.000399085 -6.30881e-06 -1.8756e-18
-0.00039909 -6.77533e-06 -1.87575e-18
-0.000399094 -7.25176e-06 -1.8759e-18
-0.000399099 -7.73825e-06 -1.87606e-18
-0.000399103 -8.23489e-06 -1.87622e-18
-0.000399106 -8.74167e-06 -1.87638e-18
-0.00039911 -9.2586e-06 -1.87654e-18
-0.000399114 -9.7856e-06 -1.87671e-18
-0.000399117 -1.03225e-05 -1.87688e-18
-0.00039912 -1.08693e-05 -1.87705e-18
-0.000399123 -1.14259e-05 -1.87723e-18
-0.000399126 -1.19923e-05 -1.87741e-18
-0.000399129 -1.25686e-05 -1.87759e-18
-0.000399132 -1.31546e-05 -1.87777e-18
-0.000399134 -1.37498e-05 -1.87796e-18
-0.000399136 -1.43533e-05 -1.87814e-18
-0.000399138 -1.49643e-05 -1.87833e-18
-0.00039914 -1.55818e-05 -1.87853e-18
-0.000399142 -1.62053e-05 -1.87872e-18
-0.000399144 -1.68341e-05 -1.87891e-18
-0.000399145 -1.74586e-05 -1.87911e-18
-0.000399147 -1.80821e-05 -1.8793e-18
-0.000399148 -1.87108e-05 -1.8795e-18
-0.000399149 -1.93415e-05 -1.8797e-18
-0.00039915 -1.9975e-05 -1.87989e-18
-0.000399156 -2.06084e-05 -1.88009e-18
-0.000399162 -2.12417e-05 -1.88029e-18
-0.00039917 -2.18746e-05 -1.88049e-18
-0.000399179 -2.25055e-05 -1.88069e-18
-0.000399187 -2.31332e-05 -1.88088e-18
-0.000399195 -2.37566e-05 -1.88108e-18
-0.000399203 -2.43742e-05 -1.88127e-18
-0.00039921 -2.4985e-05 -1.88146e-18
-0.000399218 -2.55877e-05 -1.88165e-18
-0.000399225 -2.61814e-05 -1.88183e-18
-0.000399232 -2.67656e-05 -1.88201e-18
-0.000399238 -2.73394e-05 -1.88219e-18
-0.000399245 -2.79021e-05 -1.88237e-18
-0.000399251 -2.84528e-05 -1.88254e-18
-0.000399257 -2.89903e-05 -1.88271e-18
-0.000399263 -2.95133e-05 -1.88287e-18
-0.000399269 -3.00209e-05 -1.88303e-18
-0.000399275 -3.05122e-05 -1.88318e-18
-0.00039928 -3.09866e-05 -1.88333e-18
-0.000399285 -3.14435e-05 -1.88347e-18
-0.00039929 -3.18825e-05 -1.88361e-18
-0.000399295 -3.23026e-05 -1.88374e-18
-0.0003993 -3.27032e-05 -1.88386e-18
-0.000399304 -3.30835e-05 -1.88398e-18
-0.000399309 -3.34428e-05 -1.88409e-18
-0.000399313 -3.37805e-05 -1.8842e-18
-0.000399317 -3.40963e-05 -1.88429e-18
-0.000399321 -3.43897e-05 -1.88439e-18
-0.000399325 -3.46605e-05 -1.88447e-18
-0.000399328 -3.49083e-05 -1.88455e-18
-0.000399332 -3.51327e-05 -1.88462e-18
-0.000399335 -3.53333e-05 -1.88468e-18
-0.000399338 -3.55098e-05 -1.88474e-18
-0.000399341 -3.5662e-05 -1.88479e-18
-0.000399344 -3.57896e-05 -1.88483e-18
-0.000399347 -3.58923e-05 -1.88486e-18
-0.00039935 -3.59703e-05 -1.88489e-18
-0.000399352 -3.6024e-05 -1.88491e-18
-0.000399354 -3.60543e-05 -1.88492e-18
-0.000399356 -3.6062e-05 -1.88493e-18
-0.000399358 -3.60484e-05 -1.88493e-18
-0.00039936 -3.60144e-05 -1.88492e-18
-0.000399361 -3.59611e-05 -1.8849e-18
-0.000399363 -3.58895e-05 -1.88489e-18
-0.000399364 -3.58007e-05 -1.88486e-18
-0.000399365 -3.56959e-05 -1.88483e-18
-0.000399366 -3.55766e-05 -1.8848e-18
-0.000399366 -3.54439e-05 -1.88476e-18
-0.000399367 -3.52992e-05 -1.88472e-18
-0.000399367 -3.51434e-05 -1.88467e-18
-0.000399367 -3.49772e-05 -1.88462e-18
-0.000399367 -3.48012e-05 -1.88457e-18
-0.000399367 -3.46159e-05 -1.88451e-18
-0.000399366 -3.44217e-05 -1.88445e-18
-0.000399366 -3.42186e-05 -1.88439e-18
-0.000399365 -3.40066e-05 -1.88433e-18
-0.000399364 -3.37855e-05 -1.88426e-18
-0.000399362 -3.35555e-05 -1.88419e-18
-0.000399361 -3.33165e-05 -1.88411e-18
-0.000399359 -3.30684e-05 -1.88404e-18
-0.000399357 -3.2811e-05 -1.88396e-18
-0.000399355 -3.25439e-05 -1.88387e-18
-0.000399353 -3.22664e-05 -1.88379e-18
-0.00039935 -3.19778e-05 -1.8837e-18
-0.000399348 -3.16775e-05 -1.8836e-18
-0.000399345 -3.13654e-05 -1.8835e-18
-0.000399342 -3.10415e-05 -1.8834e-18
-0.000399338 -3.0706e-05 -1.8833e-18
-0.000399334 -3.03591e-05 -1.88319e-18
-0.00039933 -3.0001e-05 -1.88308e-18
-0.000399326 -2.96321e-05 -1.88296e-18
-0.000399322 -2.9253e-05 -1.88284e-18
-0.000399317 -2.88642e-05 -1.88272e-18
-0.000399312 -2.84669e-05 -1.8826e-18
-0.000399307 -2.80622e-05 -1.88247e-18
-0.000399302 -2.76517e-05 -1.88235e-18
-0.000399296 -2.72366e-05 -1.88222e-18
-0.000399291 -2.68181e-05 -1.88209e-18
-0.000399285 -2.63972e-05 -1.88195e-18
-0.000399278 -2.59748e-05 -1.88182e-18
-0.000399272 -2.5552e-05 -1.88169e-18
-0.000399265 -2.51296e-05 -1.88156e-18
-0.000399258 -2.47086e-05 -1.88143e-18
-0.000399251 -2.429e-05 -1.8813e-18
-0.000399244 -2.38746e-05 -1.88117e-18
-0.000399236 -2.3463e-05 -1.88104e-18
-0.000399229 -2.30553e-05 -1.88091e-18
-0.000399221 -2.2652e-05 -1.88078e-18
-0.000399213 -2.22532e-05 -1.88066e-18
-0.000399204 -2.18594e-05 -1.88053e-18
-0.000399196 -2.14708e-05 -1.88041e-18
-0.000399187 -2.1088e-05 -1.88029e-18
-0.00039918 -2.07112e-05 -1.88017e-18
-0.000399177 -2.03399e-05 -1.88005e-18
-0.000399174 -1.99748e-05 -1.87994e-18
-0.000399171 -1.96167e-05 -1.87983e-18
-0.000399167 -1.92655e-05 -1.87972e-18
-0.000399164 -1.89215e-05 -1.87961e-18
-0.00039916 -1.85845e-05 -1.8795e-18
-0.000399156 -1.82546e-05 -1.87939e-18
-0.000399153 -1.79335e-05 -1.87929e-18
-0.000399149 -1.76211e-05 -1.87919e-18
-0.000399144 -1.73159e-05 -1.87909e-18
-0.00039914 -1.70178e-05 -1.87899e-18
-0.000399136 -1.67268e-05 -1.8789e-18
-0.000399131 -1.64432e-05 -1.87881e-18
-0.000399127 -1.61671e-05 -1.87872e-18
-0.000399122 -1.58988e-05 -1.87863e-18
-0.000399117 -1.56384e-05 -1.87854e-18
-0.000399112 -1.5386e-05 -1.87846e-18
-0.000399107 -1.51417e-05 -1.87838e-18
-0.000399102 -1.49057e-05 -1.8783e-18
-0.000399097 -1.46778e-05 -1.87822e-18
-0.000399092 -1.44579e-05 -1.87814e-18
-0.000399087 -1.42457e-05 -1.87807e-18
-0.000399083 -1.4041e-05 -1.878e-18
-0.000399079 -1.38432e-05 -1.87793e-18
-0.000399075 -1.36518e-05 -1.87786e-18
-0.000399071 -1.34662e-05 -1.8778e-18
-0.000399067 -1.32857e-05 -1.87774e-18
-0.000399064 -1.31093e-05 -1.87767e-18
-0.00039906 -1.29365e-05 -1.87761e-18
-0.000399059 -1.27663e-05 -1.87755e-18
-0.000399059 -1.2598e-05 -1.87749e-18
-0.000399059 -1.24305e-05 -1.87743e-18
-0.000399059 -1.22628e-05 -1.87737e-18
-0.000399058 -1.20936e-05 -1.87731e-18
-0.000399058 -1.19214e-05 -1.87725e-18
-0.000399058 -1.17451e-05 -1.87719e-18
-0.000399058 -1.15635e-05 -1.87712e-18
-0.000399058 -1.13757e-05 -1.87706e-18
-0.000399058 -1.11807e-05 -1.87699e-18
-0.000399057 -1.09778e-05 -1.87692e-18
-0.000399057 -1.0766e-05 -1.87685e-18
-0.000399057 -1.05445e-05 -1.87677e-18
-0.000399057 -1.03126e-05 -1.87669e-18
-0.000399056 -1.00697e-05 -1.87661e-18
-0.000399056 -9.8154e-06 -1.87653e-18
-0.000399056 -9.54942e-06 -1.87644e-18
-0.000399055 -9.27162e-06 -1.87635e-18
-0.000399055 -8.98192e-06 -1.87625e-18
-0.000399055 -8.68038e-06 -1.87615e-18
-0.000399054 -8.36709e-06 -1.87605e-18
-0.000399054 -8.04225e-06 -1.87595e-18
-0.000399053 -7.70609e-06 -1.87584e-18
-0.000399053 -7.35888e-06 -1.87573e-18
-0.000399053 -7.0009e-06 -1.87561e-18
-0.000399052 -6.63249e-06 -1.8755e-18
-0.000399052 -6.25397e-06 -1.87538e-18
-0.000399051 -5.86564e-06 -1.87525e-18
-0.000399051 -5.46774e-06 -1.87513e-18
-0.00039905 -5.06054e-06 -1.875e-18
-0.00039905 -4.64436e-06 -1.87487e-18
-0.000399049 -4.2196e-06 -1.87473e-18
-0.000399048 -3.7867e-06 -1.8746e-18
-0.000399048 -3.34612e-06 -1.87446e-18
-0.000399047 -2.89832e-06 -1.87432e-18
-0.000399047 -2.44369e-06 -1.87418e-18
-0.000399046 -1.98257e-06 -1.87403e-18
-0.000399046 -1.51533e-06 -1.87388e-18
-0.000399046 -1.0423e-06 -1.87374e-18
-0.000399047 -5.63894e-07 -1.87359e-18
-0.000399048 -8.04754e-08 -1.87344e-18
-0.000399048 4.07545e-07 -1.87328e-18
-0.000399049 8.99699e-07 -1.87313e-18
-0.000399049 1.39538e-06 -1.87298e-18
-0.000399049 1.89387e-06 -1.87282e-18
-0.000399049 2.39444e-06 -1.87267e-18
-0.000399052 2.89641e-06 -1.87251e-18
-0.000399054 3.39889e-06 -1.87235e-18
-0.000399057 3.90103e-06 -1.8722e-18
-0.000399059 4.40204e-06 -1.87204e-18
-0.000399061 4.90108e-06 -1.87189e-18
-0.000399064 5.3975e-06 -1.87173e-18
-0.000399066 5.89063e-06 -1.87158e-18
-0.000399068 6.37991e-06 -1.87143e-18
-0.00039907 6.86475e-06 -1.87128e-18
-0.000399072 7.3447e-06 -1.87113e-18
-0.000399073 7.81935e-06 -1.87098e-18
-0.000399075 8.28832e-06 -1.87084e-18
-0.000399077 8.75126e-06 -1.8707e-18
-0.000399079 9.20789e-06 -1.87055e-18
-0.00039908 9.65797e-06 -1.87041e-18
-0.000399082 1.01013e-05 -1.87028e-18
-0.000399083 1.05376e-05 -1.87014e-18
-0.000399085 1.09667e-05 -1.87001e-18
-0.000399086 1.13882e-05 -1.86988e-18
-0.000399088 1.1802e-05 -1.86975e-18
-0.000399089 1.22077e-05 -1.86962e-18
-0.00039909 1.26049e-05 -1.8695e-18
-0.000399092 1.29933e-05 -1.86938e-18
-0.000399093 1.33724e-05 -1.86926e-18
-0.000399094 1.37419e-05 -1.86915e-18
-0.000399098 1.41003e-05 -1.86904e-18
-0.000399103 1.44473e-05 -1.86893e-18
-0.000399106 1.4783e-05 -1.86883e-18
-0.000399111 1.51062e-05 -1.86873e-18
-0.000399114 1.54162e-05 -1.86863e-18
-0.000399118 1.57117e-05 -1.86854e-18
-0.000399122 1.59916e-05 -1.86846e-18
-0.000399125 1.62548e-05 -1.86838e-18
-0.000399129 1.65008e-05 -1.8683e-18
-0.000399132 1.67292e-05 -1.86823e-18
-0.000399135 1.69396e-05 -1.86816e-18
-0.000399139 1.71318e-05 -1.8681e-18
-0.000399142 1.73058e-05 -1.86805e-18
-0.000399144 1.74618e-05 -1.868e-18
-0.000399147 1.76e-05 -1.86796e-18
-0.00039915 1.77206e-05 -1.86792e-18
-0.000399152 1.78237e-05 -1.86789e-18
-0.000399155 1.79093e-05 -1.86786e-18
-0.000399157 1.79774e-05 -1.86784e-18
-0.000399159 1.80281e-05 -1.86782e-18
-0.000399161 1.80615e-05 -1.86781e-18
-0.000399163 1.80779e-05 -1.86781e-18
-0.000399164 1.80774e-05 -1.86781e-18
-0.000399166 1.80604e-05 -1.86781e-18
-0.000399167 1.80266e-05 -1.86782e-18
-0.000399169 1.79761e-05 -1.86784e-18
-0.00039917 1.79088e-05 -1.86786e-18
-0.000399171 1.78247e-05 -1.86788e-18
-0.000399172 1.77245e-05 -1.86791e-18
-0.000399172 1.76088e-05 -1.86795e-18
-0.000399173 1.74785e-05 -1.86799e-18
-0.000399173 1.73344e-05 -1.86803e-18
-0.000399174 1.71771e-05 -1.86808e-18
-0.000399174 1.70069e-05 -1.86813e-18
-0.000399174 1.68244e-05 -1.86818e-18
-0.000399173 1.663e-05 -1.86824e-18
-0.000399173 1.6424e-05 -1.86831e-18
-0.000399173 1.62068e-05 -1.86837e-18
-0.000399172 1.59787e-05 -1.86844e-18
-0.000399171 1.574e-05 -1.86851e-18
-0.000399171 1.54914e-05 -1.86859e-18
-0.000399169 1.52336e-05 -1.86867e-18
-0.000399168 1.49672e-05 -1.86875e-18
-0.000399167 1.4693e-05 -1.86883e-18
-0.000399165 1.44114e-05 -1.86892e-18
-0.000399164 1.4123e-05 -1.86901e-18
-0.000399162 1.38283e-05 -1.8691e-18
-0.00039916 1.35278e-05 -1.86919e-18
-0.00039916 1.32216e-05 -1.86928e-18
-0.00039916 1.29106e-05 -1.86937e-18
-0.00039916 1.25959e-05 -1.86947e-18
-0.00039916 1.22782e-05 -1.86957e-18
-0.00039916 1.19583e-05 -1.86966e-18
-0.00039916 1.16368e-05 -1.86976e-18
-0.000399159 1.13148e-05 -1.86986e-18
-0.000399159 1.09928e-05 -1.86996e-18
-0.000399158 1.06717e-05 -1.87006e-18
-0.000399157 1.03519e-05 -1.87015e-18
-0.000399156 1.00342e-05 -1.87025e-18
-0.000399154 9.71915e-06 -1.87035e-18
-0.000399153 9.40736e-06 -1.87044e-18
-0.000399151 9.09953e-06 -1.87054e-18
-0.00039915 8.7963e-06 -1.87063e-18
-0.000399148 8.49819e-06 -1.87072e-18
-0.000399146 8.20545e-06 -1.87081e-18
-0.000399144 7.91818e-06 -1.8709e-18
-0.000399141 7.63636e-06 -1.87099e-18
-0.000399139 7.36006e-06 -1.87107e-18
-0.000399136 7.08953e-06 -1.87116e-18
-0.000399133 6.82515e-06 -1.87124e-18
-0.00039913 6.56726e-06 -1.87132e-18
-0.000399127 6.3161e-06 -1.8714e-18
-0.000399124 6.0717e-06 -1.87147e-18
-0.00039912 5.83392e-06 -1.87155e-18
-0.000399117 5.60259e-06 -1.87162e-18
-0.000399113 5.37745e-06 -1.87169e-18
-0.000399109 5.15821e-06 -1.87176e-18
-0.000399105 4.94452e-06 -1.87183e-18
-0.000399101 4.736e-06 -1.8719e-18
-0.000399097 4.53223e-06 -1.87196e-18
-0.000399092 4.3327e-06 -1.87203e-18
-0.000399088 4.13686e-06 -1.87209e-18
-0.000399083 3.94414e-06 -1.87215e-18
-0.000399078 3.75404e-06 -1.87222e-18
-0.000399073 3.5662e-06 -1.87228e-18
-0.000399068 3.3804e-06 -1.87234e-18
-0.000399063 3.19643e-06 -1.8724e-18
-0.000399061 3.01419e-06 -1.87246e-18
-0.000399058 2.83354e-06 -1.87252e-18
-0.000399056 2.65445e-06 -1.87258e-18
-0.000399055 2.47695e-06 -1.87263e-18
-0.000399056 2.30096e-06 -1.87269e-18
-0.000399056 2.12633e-06 -1.87275e-18
-0.000399056 1.9528e-06 -1.87281e-18
-0.000399056 1.78011e-06 -1.87287e-18
-0.000399056 1.60805e-06 -1.87292e-18
-0.000399057 1.43656e-06 -1.87298e-18
-0.000399057 1.26569e-06 -1.87304e-18
-0.000399057 1.09549e-06 -1.8731e-18
-0.000399057 9.26002e-07 -1.87315e-18
-0.000399057 7.57227e-07 -1.87321e-18
-0.000399057 5.89141e-07 -1.87327e-18
-0.000399058 4.21678e-07 -1.87333e-18
-0.000399058 2.54821e-07 -1.87338e-18
-0.000399058 8.86596e-08 -1.87344e-18
-0.000399058 -7.66357e-08 -1.8735e-18
-0.000399058 -2.40921e-07 -1.87355e-18
-0.000399058 -4.04174e-07 -1.87361e-18
-0.000399058 -5.66629e-07 -1.87366e-18
-0.000399059 -7.287e-07 -1.87372e-18
-0.000399059 -8.90859e-07 -1.87378e-18
-0.000399059 -1.05359e-06 -1.87383e-18
-0.000399059 -1.21739e-06 -1.87389e-18
-0.000399059 -1.38274e-06 -1.87395e-18
-0.000399059 -1.55013e-06 -1.874e-18
-0.00039906 -1.72022e-06 -1.87406e-18
-0.00039906 -1.894e-06 -1.87412e-18
-0.00039906 -2.07269e-06 -1.87418e-18
-0.00039906 -2.25752e-06 -1.87425e-18
-0.00039906 -2.44968e-06 -1.87431e-18
-0.000399061 -2.65021e-06 -1.87438e-18
-0.000399061 -2.86008e-06 -1.87445e-18
-0.000399061 -3.08018e-06 -1.87452e-18
-0.000399061 -3.31143e-06 -1.8746e-18
-0.000399062 -3.55492e-06 -1.87468e-18
-0.000399062 -3.81186e-06 -1.87476e-18
-0.000399062 -4.08336e-06 -1.87485e-18
-0.000399063 -4.37037e-06 -1.87494e-18
-0.000399063 -4.67358e-06 -1.87503e-18
-0.000399063 -4.99346e-06 -1.87514e-18
-0.000399065 -5.33032e-06 -1.87524e-18
-0.000399068 -5.68437e-06 -1.87535e-18
-0.00039907 -6.05566e-06 -1.87547e-18
-0.000399072 -6.44411e-06 -1.87559e-18
-0.000399074 -6.84952e-06 -1.87571e-18
-0.000399076 -7.27147e-06 -1.87585e-18
-0.000399078 -7.70908e-06 -1.87598e-18
-0.00039908 -8.16118e-06 -1.87612e-18
-0.000399081 -8.62648e-06 -1.87626e-18
-0.000399083 -9.10372e-06 -1.87641e-18
-0.000399085 -9.59162e-06 -1.87656e-18
-0.000399086 -1.0089e-05 -1.87671e-18
-0.000399088 -1.05946e-05 -1.87687e-18
-0.000399089 -1.11072e-05 -1.87702e-18
-0.000399091 -1.16255e-05 -1.87718e-18
-0.000399092 -1.21481e-05 -1.87734e-18
-0.000399093 -1.26735e-05 -1.8775e-18
-0.000399094 -1.32006e-05 -1.87766e-18
-0.000399095 -1.3728e-05 -1.87783e-18
-0.000399096 -1.42548e-05 -1.87799e-18
-0.000399097 -1.47799e-05 -1.87815e-18
-0.000399097 -1.53023e-05 -1.87831e-18
-0.000399098 -1.5821e-05 -1.87847e-18
-0.000399099 -1.63349e-05 -1.87863e-18
-0.000399099 -1.68433e-05 -1.87879e-18
-0.000399099 -1.73451e-05 -1.87894e-18
-0.0003991 -1.78395e-05 -1.87909e-18
-0.0003991 -1.83257e-05 -1.87925e-18
-0.0003991 -1.8803e-05 -1.87939e-18
-0.0003991 -1.92707e-05 -1.87954e-18
-0.0003991 -1.97268e-05 -1.87968e-18
-0.0003991 -2.01652e-05 -1.87982e-18
-0.0003991 -2.05912e-05 -1.87995e-18
-0.0003991 -2.10079e-05 -1.88009e-18
-0.0003991 -2.14124e-05 -1.88021e-18
-0.0003991 -2.18055e-05 -1.88034e-18
-0.0003991 -2.21854e-05 -1.88046e-18
-0.000399104 -2.25513e-05 -1.88058e-18
-0.000399108 -2.29023e-05 -1.88069e-18
-0.000399111 -2.32391e-05 -1.8808e-18
-0.000399115 -2.35604e-05 -1.8809e-18
-0.000399118 -2.3866e-05 -1.881e-18
-0.000399122 -2.41554e-05 -1.88109e-18
-0.000399125 -2.44283e-05 -1.88118e-18
-0.000399128 -2.46844e-05 -1.88126e-18
-0.000399131 -2.49236e-05 -1.88134e-18
-0.000399134 -2.51459e-05 -1.88142e-18
-0.000399137 -2.53518e-05 -1.88148e-18
-0.00039914 -2.55417e-05 -1.88155e-18
-0.000399142 -2.57158e-05 -1.8816e-18
-0.000399145 -2.58743e-05 -1.88166e-18
-0.000399148 -2.60172e-05 -1.8817e-18
-0.00039915 -2.61446e-05 -1.88175e-18
-0.000399152 -2.62563e-05 -1.88178e-18
-0.000399154 -2.63523e-05 -1.88182e-18
-0.000399156 -2.64325e-05 -1.88185e-18
-0.000399158 -2.64969e-05 -1.88187e-18
-0.00039916 -2.65452e-05 -1.88189e-18
-0.000399162 -2.65774e-05 -1.8819e-18
-0.000399164 -2.65933e-05 -1.88191e-18
-0.000399165 -2.65927e-05 -1.88191e-18
-0.000399167 -2.65756e-05 -1.88191e-18
-0.000399169 -2.65421e-05 -1.8819e-18
-0.000399171 -2.64924e-05 -1.88189e-18
-0.000399173 -2.64267e-05 -1.88187e-18
-0.000399174 -2.63454e-05 -1.88184e-18
-0.000399176 -2.62493e-05 -1.88182e-18
-0.000399178 -2.61389e-05 -1.88178e-18
-0.000399179 -2.6015e-05 -1.88175e-18
-0.000399181 -2.58781e-05 -1.88171e-18
-0.000399182 -2.57285e-05 -1.88166e-18
-0.000399183 -2.55661e-05 -1.88161e-18
-0.000399184 -2.53908e-05 -1.88156e-18
-0.000399184 -2.52026e-05 -1.8815e-18
-0.000399185 -2.50019e-05 -1.88144e-18
-0.000399185 -2.47889e-05 -1.88138e-18
-0.000399186 -2.45642e-05 -1.88131e-18
-0.000399186 -2.43282e-05 -1.88124e-18
-0.000399186 -2.40813e-05 -1.88116e-18
-0.000399186 -2.38241e-05 -1.88108e-18
-0.000399185 -2.3557e-05 -1.881e-18
-0.000399185 -2.32804e-05 -1.88091e-18
-0.000399184 -2.29948e-05 -1.88082e-18
-0.000399183 -2.27004e-05 -1.88073e-18
-0.000399182 -2.23975e-05 -1.88064e-18
-0.000399181 -2.20866e-05 -1.88054e-18
-0.00039918 -2.1768e-05 -1.88045e-18
-0.000399178 -2.14422e-05 -1.88034e-18
-0.000399176 -2.11099e-05 -1.88024e-18
-0.000399177 -2.07707e-05 -1.88014e-18
-0.000399178 -2.04253e-05 -1.88003e-18
-0.000399178 -2.00745e-05 -1.87992e-18
-0.000399179 -1.97181e-05 -1.87981e-18
-0.000399179 -1.93568e-05 -1.8797e-18
-0.00039918 -1.89911e-05 -1.87959e-18
-0.00039918 -1.8622e-05 -1.87948e-18
-0.000399179 -1.82504e-05 -1.87936e-18
-0.000399179 -1.78774e-05 -1.87925e-18
-0.000399178 -1.75066e-05 -1.87913e-18
-0.000399178 -1.71375e-05 -1.87902e-18
-0.000399177 -1.67697e-05 -1.87891e-18
-0.000399176 -1.64052e-05 -1.87879e-18
-0.000399174 -1.60444e-05 -1.87868e-18
-0.000399173 -1.56883e-05 -1.87857e-18
-0.000399171 -1.53377e-05 -1.87846e-18
-0.00039917 -1.49935e-05 -1.87836e-18
-0.000399168 -1.46562e-05 -1.87825e-18
-0.000399165 -1.43268e-05 -1.87815e-18
-0.000399163 -1.40058e-05 -1.87805e-18
-0.000399161 -1.36939e-05 -1.87795e-18
-0.000399158 -1.33919e-05 -1.87786e-18
-0.000399155 -1.31005e-05 -1.87777e-18
-0.000399152 -1.28203e-05 -1.87768e-18
-0.000399149 -1.25519e-05 -1.87759e-18
-0.000399146 -1.22956e-05 -1.87751e-18
-0.000399142 -1.20517e-05 -1.87743e-18
-0.000399139 -1.18203e-05 -1.87736e-18
-0.000399135 -1.16014e-05 -1.87729e-18
-0.000399131 -1.13948e-05 -1.87722e-18
-0.000399127 -1.12002e-05 -1.87715e-18
-0.000399123 -1.10174e-05 -1.87709e-18
-0.000399119 -1.08457e-05 -1.87703e-18
-0.000399115 -1.06844e-05 -1.87698e-18
-0.00039911 -1.05323e-05 -1.87692e-18
-0.000399106 -1.03884e-05 -1.87687e-18
-0.000399101 -1.02514e-05 -1.87682e-18
-0.000399096 -1.01201e-05 -1.87678e-18
-0.000399093 -9.99314e-06 -1.87673e-18
-0.000399089 -9.86913e-06 -1.87669e-18
-0.000399086 -9.74671e-06 -1.87664e-18
-0.000399082 -9.62462e-06 -1.8766e-18
-0.000399078 -9.50161e-06 -1.87655e-18
-0.000399075 -9.37647e-06 -1.8765e-18
-0.000399074 -9.24807e-06 -1.87646e-18
-0.000399074 -9.11546e-06 -1.87641e-18
-0.000399074 -8.97789e-06 -1.87636e-18
-0.000399074 -8.83461e-06 -1.87631e-18
-0.000399073 -8.68501e-06 -1.87626e-18
-0.000399073 -8.52868e-06 -1.8762e-18
-0.000399073 -8.36537e-06 -1.87614e-18
-0.000399073 -8.19488e-06 -1.87608e-18
-0.000399073 -8.0171e-06 -1.87602e-18
-0.000399072 -7.83208e-06 -1.87596e-18
-0.000399072 -7.63999e-06 -1.87589e-18
-0.000399072 -7.44101e-06 -1.87582e-18
-0.000399072 -7.23529e-06 -1.87575e-18
-0.000399071 -7.02278e-06 -1.87568e-18
-0.000399071 -6.80335e-06 -1.87561e-18
-0.000399071 -6.57684e-06 -1.87553e-18
-0.000399071 -6.34311e-06 -1.87545e-18
-0.00039907 -6.10208e-06 -1.87537e-18
-0.00039907 -5.85375e-06 -1.87529e-18
-0.00039907 -5.59808e-06 -1.8752e-18
-0.000399069 -5.33491e-06 -1.87512e-18
-0.000399069 -5.06373e-06 -1.87503e-18
-0.000399068 -4.78378e-06 -1.87493e-18
-0.000399068 -4.49428e-06 -1.87484e-18
-0.000399068 -4.19447e-06 -1.87474e-18
-0.000399067 -3.88358e-06 -1.87464e-18
-0.000399067 -3.56085e-06 -1.87453e-18
-0.000399066 -3.22556e-06 -1.87442e-18
-0.000399066 -2.87711e-06 -1.87431e-18
-0.000399065 -2.51501e-06 -1.87419e-18
-0.000399065 -2.13892e-06 -1.87407e-18
-0.000399064 -1.74854e-06 -1.87395e-18
-0.000399063 -1.34373e-06 -1.87382e-18
-0.000399063 -9.24473e-07 -1.87369e-18
-0.000399062 -4.90885e-07 -1.87355e-18
-0.000399061 -4.31698e-08 -1.87341e-18
-0.000399062 4.18382e-07 -1.87326e-18
-0.000399064 8.93403e-07 -1.87311e-18
-0.000399065 1.38147e-06 -1.87296e-18
-0.000399066 1.88209e-06 -1.8728e-18
-0.000399067 2.39467e-06 -1.87264e-18
-0.000399068 2.91859e-06 -1.87248e-18
-0.000399071 3.45321e-06 -1.87231e-18
-0.000399075 3.99768e-06 -1.87215e-18
-0.000399078 4.55103e-06 -1.87197e-18
-0.000399082 5.11205e-06 -1.8718e-18
-0.000399085 5.67921e-06 -1.87163e-18
-0.000399089 6.251e-06 -1.87145e-18
-0.000399092 6.82596e-06 -1.87127e-18
-0.000399095 7.40279e-06 -1.87109e-18
-0.000399098 7.98034e-06 -1.87091e-18
-0.000399101 8.5575e-06 -1.87073e-18
-0.000399104 9.13319e-06 -1.87056e-18
-0.000399107 9.70636e-06 -1.87038e-18
-0.00039911 1.0276e-05 -1.8702e-18
-0.000399112 1.08411e-05 -1.87003e-18
-0.000399115 1.14008e-05 -1.86985e-18
-0.000399118 1.19541e-05 -1.86968e-18
-0.00039912 1.25003e-05 -1.86951e-18
-0.000399123 1.30384e-05 -1.86934e-18
-0.000399126 1.35677e-05 -1.86918e-18
-0.000399132 1.40863e-05 -1.86901e-18
-0.00039914 1.45941e-05 -1.86886e-18
-0.000399146 1.50914e-05 -1.8687e-18
-0.000399154 1.55772e-05 -1.86855e-18
-0.00039916 1.60511e-05 -1.8684e-18
-0.000399167 1.65127e-05 -1.86826e-18
-0.000399174 1.69617e-05 -1.86812e-18
-0.000399181 1.73976e-05 -1.86798e-18
-0.000399187 1.78205e-05 -1.86785e-18
-0.000399193 1.82306e-05 -1.86772e-18
-0.0003992 1.86277e-05 -1.86759e-18
-0.000399206 1.90122e-05 -1.86747e-18
-0.000399212 1.9384e-05 -1.86736e-18
-0.000399218 1.97432e-05 -1.86724e-18
-0.000399224 2.00897e-05 -1.86714e-18
-0.000399229 2.04236e-05 -1.86703e-18
-0.000399235 2.07448e-05 -1.86693e-18
-0.00039924 2.10533e-05 -1.86683e-18
-0.000399245 2.13489e-05 -1.86674e-18
-0.000399251 2.16315e-05 -1.86665e-18
-0.000399256 2.19009e-05 -1.86657e-18
-0.00039926 2.21568e-05 -1.86649e-18
-0.000399265 2.23991e-05 -1.86641e-18
-0.00039927 2.26273e-05 -1.86634e-18
-0.000399274 2.28416e-05 -1.86628e-18
-0.000399279 2.30417e-05 -1.86621e-18
-0.000399283 2.32277e-05 -1.86616e-18
-0.000399287 2.33995e-05 -1.8661e-18
-0.000399291 2.35569e-05 -1.86605e-18
-0.000399294 2.36995e-05 -1.86601e-18
-0.000399298 2.38268e-05 -1.86597e-18
-0.000399301 2.39385e-05 -1.86594e-18
-0.000399305 2.40347e-05 -1.86591e-18
-0.000399308 2.41156e-05 -1.86588e-18
-0.000399311 2.41814e-05 -1.86586e-18
-0.000399314 2.42323e-05 -1.86584e-18
-0.000399317 2.42687e-05 -1.86583e-18
-0.000399319 2.42908e-05 -1.86583e-18
-0.000399322 2.42989e-05 -1.86582e-18
-0.000399324 2.42931e-05 -1.86582e-18
-0.000399326 2.42734e-05 -1.86583e-18
-0.000399328 2.42397e-05 -1.86584e-18
-0.00039933 2.41919e-05 -1.86585e-18
-0.000399333 2.41298e-05 -1.86587e-18
-0.000399335 2.40531e-05 -1.8659e-18
-0.000399337 2.39616e-05 -1.86592e-18
-0.000399339 2.3855e-05 -1.86596e-18
-0.000399341 2.3733e-05 -1.86599e-18
-0.000399343 2.35957e-05 -1.86603e-18
-0.000399345 2.34429e-05 -1.86608e-18
-0.000399347 2.32749e-05 -1.86613e-18
-0.000399348 2.30917e-05 -1.86618e-18
-0.000399349 2.28938e-05 -1.86624e-18
-0.00039935 2.26814e-05 -1.86631e-18
-0.000399351 2.24552e-05 -1.86637e-18
-0.000399351 2.22156e-05 -1.86645e-18
-0.000399352 2.19633e-05 -1.86652e-18
-0.000399352 2.1699e-05 -1.8666e-18
-0.000399352 2.14234e-05 -1.86668e-18
-0.000399351 2.11374e-05 -1.86677e-18
-0.000399351 2.0842e-05 -1.86686e-18
-0.00039935 2.05382e-05 -1.86695e-18
-0.000399349 2.02272e-05 -1.86704e-18
-0.000399348 1.99101e-05 -1.86714e-18
-0.000399346 1.9588e-05 -1.86723e-18
-0.000399345 1.92619e-05 -1.86733e-18
-0.000399343 1.8933e-05 -1.86743e-18
-0.00039934 1.86023e-05 -1.86753e-18
-0.000399338 1.82707e-05 -1.86763e-18
-0.000399335 1.79391e-05 -1.86773e-18
-0.000399332 1.76086e-05 -1.86783e-18
-0.000399329 1.72799e-05 -1.86793e-18
-0.000399325 1.69534e-05 -1.86803e-18
-0.000399321 1.66293e-05 -1.86813e-18
-0.000399317 1.63079e-05 -1.86823e-18
-0.000399313 1.59892e-05 -1.86832e-18
-0.000399309 1.56734e-05 -1.86842e-18
-0.000399304 1.53606e-05 -1.86852e-18
-0.000399299 1.50508e-05 -1.86861e-18
-0.000399294 1.4744e-05 -1.86871e-18
-0.000399288 1.44404e-05 -1.8688e-18
-0.000399283 1.41398e-05 -1.86889e-18
-0.000399277 1.38423e-05 -1.86898e-18
-0.00039927 1.35481e-05 -1.86907e-18
-0.000399264 1.32575e-05 -1.86916e-18
-0.000399257 1.29709e-05 -1.86925e-18
-0.00039925 1.2689e-05 -1.86934e-18
-0.000399243 1.24123e-05 -1.86943e-18
-0.000399236 1.21413e-05 -1.86951e-18
-0.000399228 1.18766e-05 -1.8696e-18
-0.000399223 1.16181e-05 -1.86968e-18
-0.000399217 1.13666e-05 -1.86976e-18
-0.000399211 1.1123e-05 -1.86983e-18
-0.000399206 1.08871e-05 -1.86991e-18
-0.000399199 1.06594e-05 -1.86998e-18
-0.000399193 1.04396e-05 -1.87006e-18
-0.000399187 1.02274e-05 -1.87013e-18
-0.000399181 1.00223e-05 -1.87019e-18
-0.000399175 9.82359e-06 -1.87026e-18
-0.000399169 9.63047e-06 -1.87032e-18
-0.000399162 9.44213e-06 -1.87039e-18
-0.000399156 9.25778e-06 -1.87045e-18
-0.00039915 9.0765e-06 -1.87051e-18
-0.000399143 8.89733e-06 -1.87057e-18
-0.000399137 8.71917e-06 -1.87063e-18
-0.00039913 8.5408e-06 -1.87069e-18
-0.000399123 8.36099e-06 -1.87076e-18
-0.000399116 8.17858e-06 -1.87082e-18
-0.000399109 7.9925e-06 -1.87088e-18
-0.000399103 7.80181e-06 -1.87095e-18
-0.000399096 7.60561e-06 -1.87101e-18
-0.000399089 7.40297e-06 -1.87108e-18
-0.000399082 7.19287e-06 -1.87115e-18
-0.000399075 6.97426e-06 -1.87123e-18
-0.00039907 6.74613e-06 -1.8713e-18
-0.000399071 6.50758e-06 -1.87138e-18
-0.000399071 6.25754e-06 -1.87147e-18
-0.000399072 5.99503e-06 -1.87155e-18
-0.000399072 5.71921e-06 -1.87164e-18
-0.000399073 5.42926e-06 -1.87174e-18
-0.000399073 5.12455e-06 -1.87184e-18
-0.000399074 4.80447e-06 -1.87194e-18
-0.000399074 4.46859e-06 -1.87205e-18
-0.000399075 4.11658e-06 -1.87216e-18
-0.000399075 3.74845e-06 -1.87228e-18
-0.000399076 3.36437e-06 -1.8724e-18
-0.000399076 2.96467e-06 -1.87253e-18
-0.000399077 2.5497e-06 -1.87266e-18
-0.000399077 2.11987e-06 -1.87279e-18
-0.000399078 1.67562e-06 -1.87293e-18
-0.000399078 1.21744e-06 -1.87307e-18
-0.000399079 7.45869e-07 -1.87322e-18
-0.000399079 2.61448e-07 -1.87337e-18
-0.00039908 -2.35262e-07 -1.87353e-18
-0.00039908 -7.43691e-07 -1.87369e-18
-0.000399081 -1.26326e-06 -1.87385e-18
-0.000399081 -1.79339e-06 -1.87402e-18
-0.000399082 -2.3335e-06 -1.87418e-18
-0.000399082 -2.88303e-06 -1.87436e-18
-0.000399082 -3.44144e-06 -1.87453e-18
-0.000399083 -4.00824e-06 -1.87471e-18
-0.000399083 -4.58293e-06 -1.87489e-18
-0.000399083 -5.16509e-06 -1.87507e-18
-0.000399084 -5.75427e-06 -1.87525e-18
-0.000399084 -6.35002e-06 -1.87544e-18
-0.000399084 -6.95186e-06 -1.87563e-18
-0.000399085 -7.55936e-06 -1.87582e-18
-0.000399085 -8.17216e-06 -1.87601e-18
-0.000399085 -8.79003e-06 -1.8762e-18
-0.000399085 -9.41279e-06 -1.8764e-18
-0.000399087 -1.00404e-05 -1.8766e-18
-0.00039909 -1.06725e-05 -1.8768e-18
-0.000399092 -1.13089e-05 -1.877e-18
-0.000399094 -1.1949e-05 -1.8772e-18
-0.000399096 -1.25923e-05 -1.8774e-18
-0.000399098 -1.32382e-05 -1.8776e-18
-0.0003991 -1.38862e-05 -1.87781e-18
-0.000399102 -1.45359e-05 -1.87801e-18
-0.000399104 -1.51867e-05 -1.87822e-18
-0.000399106 -1.58382e-05 -1.87842e-18
-0.000399107 -1.64902e-05 -1.87863e-18
-0.000399109 -1.71427e-05 -1.87883e-18
-0.000399111 -1.77954e-05 -1.87904e-18
-0.000399112 -1.84484e-05 -1.87924e-18
-0.000399114 -1.91013e-05 -1.87945e-18
-0.000399116 -1.97447e-05 -1.87965e-18
-0.000399117 -2.03798e-05 -1.87985e-18
-0.000399119 -2.10142e-05 -1.88006e-18
-0.00039912 -2.16461e-05 -1.88026e-18
-0.000399122 -2.22756e-05 -1.88046e-18
-0.000399129 -2.29005e-05 -1.88066e-18
-0.000399137 -2.35208e-05 -1.88086e-18
-0.000399144 -2.41374e-05 -1.88105e-18
-0.000399152 -2.47493e-05 -1.88125e-18
-0.00039916 -2.53565e-05 -1.88144e-18
-0.000399167 -2.59587e-05 -1.88164e-18
-0.000399175 -2.65559e-05 -1.88183e-18
-0.000399182 -2.71481e-05 -1.88202e-18
-0.00039919 -2.77356e-05 -1.8822e-18
-0.0003992 -2.83184e-05 -1.88239e-18
-0.000399212 -2.88963e-05 -1.88257e-18
-0.000399223 -2.94691e-05 -1.88276e-18
-0.000399234 -3.00367e-05 -1.88294e-18
-0.000399245 -3.05985e-05 -1.88312e-18
-0.000399256 -3.11539e-05 -1.88329e-18
-0.000399267 -3.17017e-05 -1.88347e-18
-0.000399277 -3.22409e-05 -1.88364e-18
-0.000399288 -3.27703e-05 -1.88381e-18
-0.000399299 -3.32891e-05 -1.88397e-18
-0.000399309 -3.37962e-05 -1.88413e-18
-0.00039932 -3.42909e-05 -1.88429e-18
-0.00039933 -3.47722e-05 -1.88445e-18
-0.00039934 -3.5239e-05 -1.88459e-18
-0.00039935 -3.56906e-05 -1.88474e-18
-0.000399361 -3.61259e-05 -1.88488e-18
-0.000399371 -3.6544e-05 -1.88501e-18
-0.00039938 -3.69443e-05 -1.88514e-18
-0.00039939 -3.73261e-05 -1.88526e-18
-0.0003994 -3.76889e-05 -1.88538e-18
-0.000399409 -3.80324e-05 -1.88549e-18
-0.000399419 -3.8356e-05 -1.88559e-18
-0.000399428 -3.86594e-05 -1.88569e-18
-0.000399437 -3.89422e-05 -1.88579e-18
-0.000399447 -3.92043e-05 -1.88587e-18
-0.000399456 -3.94455e-05 -1.88595e-18
-0.000399464 -3.96659e-05 -1.88603e-18
-0.000399473 -3.98656e-05 -1.88609e-18
-0.000399481 -4.0045e-05 -1.88615e-18
-0.00039949 -4.02045e-05 -1.88621e-18
-0.000399498 -4.03452e-05 -1.88626e-18
-0.000399506 -4.04679e-05 -1.8863e-18
-0.000399514 -4.05736e-05 -1.88634e-18
-0.000399521 -4.06632e-05 -1.88637e-18
-0.000399529 -4.07376e-05 -1.8864e-18
-0.000399536 -4.07977e-05 -1.88643e-18
-0.000399543 -4.08443e-05 -1.88645e-18
-0.00039955 -4.08783e-05 -1.88646e-18
-0.000399557 -4.09e-05 -1.88648e-18
-0.000399563 -4.091e-05 -1.88649e-18
-0.00039957 -4.09089e-05 -1.88649e-18
-0.000399576 -4.08973e-05 -1.88649e-18
-0.000399582 -4.08759e-05 -1.88649e-18
-0.000399587 -4.08456e-05 -1.88649e-18
-0.000399593 -4.08071e-05 -1.88648e-18
-0.000399598 -4.07617e-05 -1.88647e-18
-0.000399603 -4.07108e-05 -1.88646e-18
-0.000399608 -4.0656e-05 -1.88645e-18
-0.000399612 -4.05987e-05 -1.88644e-18
-0.000399616 -4.054e-05 -1.88642e-18
-0.00039962 -4.04808e-05 -1.88641e-18
-0.000399624 -4.0422e-05 -1.8864e-18
-0.000399628 -4.03644e-05 -1.88638e-18
-0.000399631 -4.03088e-05 -1.88637e-18
-0.000399634 -4.02558e-05 -1.88636e-18
-0.000399637 -4.0206e-05 -1.88634e-18
-0.00039964 -4.01598e-05 -1.88633e-18
-0.000399642 -4.01172e-05 -1.88632e-18
-0.000399644 -4.00775e-05 -1.88631e-18
-0.000399646 -4.00404e-05 -1.8863e-18
-0.000399648 -4.00051e-05 -1.88629e-18
-0.000399649 -3.9971e-05 -1.88628e-18
-0.00039965 -3.99371e-05 -1.88627e-18
-0.000399651 -3.99027e-05 -1.88626e-18
-0.000399651 -3.98669e-05 -1.88625e-18
-0.000399652 -3.9829e-05 -1.88624e-18
-0.000399652 -3.97885e-05 -1.88623e-18
-0.000399652 -3.97447e-05 -1.88622e-18
-0.000399651 -3.96971e-05 -1.8862e-18
-0.00039965 -3.96455e-05 -1.88619e-18
-0.000399649 -3.95896e-05 -1.88617e-18
-0.000399648 -3.95293e-05 -1.88615e-18
-0.000399646 -3.94643e-05 -1.88613e-18
-0.000399644 -3.93944e-05 -1.88611e-18
-0.000399642 -3.93193e-05 -1.88608e-18
-0.000399639 -3.92387e-05 -1.88606e-18
-0.000399636 -3.91524e-05 -1.88603e-18
-0.000399633 -3.90602e-05 -1.886e-18
-0.00039963 -3.89619e-05 -1.88597e-18
-0.000399626 -3.88575e-05 -1.88593e-18
-0.000399622 -3.87465e-05 -1.8859e-18
-0.000399618 -3.86288e-05 -1.88586e-18
-0.000399613 -3.85038e-05 -1.88582e-18
-0.000399608 -3.8371e-05 -1.88577e-18
-0.000399603 -3.82299e-05 -1.88573e-18
-0.000399597 -3.80806e-05 -1.88568e-18
-0.000399591 -3.79228e-05 -1.88563e-18
-0.000399585 -3.77569e-05 -1.88557e-18
-0.000399579 -3.75827e-05 -1.88552e-18
-0.000399572 -3.74006e-05 -1.88546e-18
-0.000399565 -3.72109e-05 -1.88539e-18
-0.000399558 -3.70139e-05 -1.88533e-18
-0.00039955 -3.68097e-05 -1.88526e-18
-0.000399543 -3.65981e-05 -1.88519e-18
-0.000399535 -3.63784e-05 -1.88512e-18
-0.000399526 -3.61501e-05 -1.88505e-18
-0.000399518 -3.59126e-05 -1.88497e-18
-0.000399509 -3.56654e-05 -1.88489e-18
-0.0003995 -3.54084e-05 -1.8848e-18
-0.000399491 -3.51414e-05 -1.88472e-18
-0.000399481 -3.4864e-05 -1.88463e-18
-0.000399471 -3.45757e-05 -1.88453e-18
-0.000399461 -3.4276e-05 -1.88444e-18
-0.000399451 -3.39642e-05 -1.88433e-18
-0.00039944 -3.36398e-05 -1.88423e-18
-0.00039943 -3.33022e-05 -1.88412e-18
-0.000399419 -3.29512e-05 -1.88401e-18
-0.000399407 -3.25863e-05 -1.88389e-18
-0.000399396 -3.22072e-05 -1.88377e-18
-0.000399384 -3.18132e-05 -1.88364e-18
-0.000399372 -3.14037e-05 -1.88351e-18
-0.00039936 -3.09781e-05 -1.88337e-18
-0.000399347 -3.05359e-05 -1.88323e-18
-0.000399335 -3.00773e-05 -1.88308e-18
-0.000399322 -2.96027e-05 -1.88293e-18
-0.000399308 -2.91127e-05 -1.88277e-18
-0.000399295 -2.8608e-05 -1.88261e-18
-0.000399281 -2.80892e-05 -1.88245e-18
-0.000399267 -2.75572e-05 -1.88228e-18
-0.000399253 -2.70125e-05 -1.8821e-18
-0.000399239 -2.6456e-05 -1.88192e-18
-0.000399224 -2.58884e-05 -1.88174e-18
-0.000399209 -2.53104e-05 -1.88156e-18
-0.000399198 -2.4723e-05 -1.88137e-18
-0.000399188 -2.41265e-05 -1.88118e-18
-0.000399178 -2.35213e-05 -1.88099e-18
-0.000399167 -2.29075e-05 -1.88079e-18
-0.000399156 -2.2285e-05 -1.88059e-18
-0.000399147 -2.16536e-05 -1.88039e-18
-0.000399141 -2.1012e-05 -1.88018e-18
-0.000399137 -2.0361e-05 -1.87998e-18
-0.000399133 -1.97012e-05 -1.87976e-18
-0.000399129 -1.90344e-05 -1.87955e-18
-0.000399125 -1.8363e-05 -1.87934e-18
-0.000399122 -1.76825e-05 -1.87912e-18
-0.000399118 -1.69918e-05 -1.8789e-18
-0.000399114 -1.62913e-05 -1.87867e-18
-0.000399111 -1.55805e-05 -1.87845e-18
-0.000399107 -1.48595e-05 -1.87822e-18
-0.000399103 -1.4128e-05 -1.87798e-18
-0.000399099 -1.33863e-05 -1.87775e-18
-0.000399095 -1.26348e-05 -1.87751e-18
-0.000399091 -1.18744e-05 -1.87727e-18
-0.000399089 -1.11059e-05 -1.87702e-18
-0.000399089 -1.03302e-05 -1.87678e-18
-0.000399088 -9.5481e-06 -1.87653e-18
-0.000399087 -8.76029e-06 -1.87628e-18
-0.000399086 -7.9675e-06 -1.87603e-18
-0.000399085 -7.1705e-06 -1.87578e-18
-0.000399084 -6.36987e-06 -1.87553e-18
-0.000399082 -5.5662e-06 -1.87527e-18
-0.000399081 -4.76004e-06 -1.87502e-18
-0.00039908 -3.95206e-06 -1.87477e-18
-0.000399079 -3.14308e-06 -1.87451e-18
-0.000399078 -2.33404e-06 -1.87426e-18
-0.000399077 -1.5259e-06 -1.874e-18
-0.000399075 -7.19593e-07 -1.87375e-18
-0.000399074 8.40181e-08 -1.87349e-18
-0.000399073 8.84134e-07 -1.87324e-18
-0.000399072 1.67999e-06 -1.87299e-18
-0.000399071 2.47072e-06 -1.87274e-18
-0.000399069 3.25524e-06 -1.87249e-18
-0.000399068 4.0323e-06 -1.87225e-18
-0.000399067 4.80067e-06 -1.87201e-18
-0.000399066 5.55931e-06 -1.87177e-18
-0.000399065 6.30751e-06 -1.87153e-18
-0.000399064 7.0448e-06 -1.8713e-18
-0.000399063 7.77082e-06 -1.87106e-18
-0.000399061 8.48535e-06 -1.87084e-18
-0.000399065 9.18847e-06 -1.87061e-18
-0.000399071 9.88008e-06 -1.8704e-18
-0.000399075 1.05603e-05 -1.87018e-18
-0.00039908 1.12293e-05 -1.86997e-18
-0.000399085 1.18874e-05 -1.86976e-18
-0.00039909 1.25348e-05 -1.86955e-18
-0.000399098 1.31718e-05 -1.86935e-18
-0.000399107 1.37986e-05 -1.86915e-18
-0.00039912 1.44136e-05 -1.86895e-18
-0.000399136 1.50172e-05 -1.86876e-18
-0.000399151 1.56101e-05 -1.86857e-18
-0.000399166 1.61914e-05 -1.86839e-18
-0.00039918 1.67607e-05 -1.86821e-18
-0.000399195 1.73175e-05 -1.86803e-18
-0.000399209 1.78611e-05 -1.86786e-18
-0.000399224 1.8391e-05 -1.86769e-18
-0.000399238 1.8907e-05 -1.86752e-18
-0.000399252 1.94092e-05 -1.86736e-18
-0.000399266 1.98974e-05 -1.8672e-18
-0.00039928 2.0372e-05 -1.86705e-18
-0.000399294 2.08334e-05 -1.8669e-18
-0.000399307 2.12823e-05 -1.86676e-18
-0.000399322 2.17195e-05 -1.86662e-18
-0.000399336 2.21457e-05 -1.86648e-18
-0.000399351 2.25617e-05 -1.86635e-18
-0.000399365 2.29686e-05 -1.86622e-18
-0.000399379 2.33672e-05 -1.86609e-18
-0.000399393 2.37585e-05 -1.86596e-18
-0.000399406 2.4143e-05 -1.86584e-18
-0.00039942 2.45213e-05 -1.86572e-18
-0.000399433 2.48941e-05 -1.8656e-18
-0.000399446 2.52618e-05 -1.86548e-18
-0.000399459 2.5625e-05 -1.86536e-18
-0.000399471 2.59844e-05 -1.86525e-18
-0.000399483 2.63406e-05 -1.86514e-18
-0.000399495 2.66941e-05 -1.86502e-18
-0.000399507 2.70449e-05 -1.86491e-18
-0.000399518 2.73931e-05 -1.8648e-18
-0.00039953 2.77386e-05 -1.86469e-18
-0.000399541 2.80811e-05 -1.86458e-18
-0.000399551 2.84199e-05 -1.86447e-18
-0.000399562 2.8754e-05 -1.86437e-18
-0.000399572 2.90825e-05 -1.86426e-18
-0.000399582 2.94045e-05 -1.86416e-18
-0.000399592 2.97192e-05 -1.86406e-18
-0.000399602 3.00259e-05 -1.86396e-18
-0.000399611 3.03239e-05 -1.86387e-18
-0.00039962 3.06127e-05 -1.86378e-18
-0.000399629 3.08921e-05 -1.86369e-18
-0.000399637 3.11622e-05 -1.8636e-18
-0.000399646 3.14229e-05 -1.86352e-18
-0.000399653 3.16745e-05 -1.86344e-18
-0.000399661 3.19171e-05 -1.86336e-18
-0.000399668 3.21508e-05 -1.86329e-18
-0.000399675 3.23758e-05 -1.86321e-18
-0.000399682 3.25924e-05 -1.86314e-18
-0.000399688 3.28008e-05 -1.86308e-18
-0.000399694 3.30013e-05 -1.86301e-18
-0.0003997 3.31943e-05 -1.86295e-18
-0.000399705 3.33801e-05 -1.86289e-18
-0.00039971 3.35588e-05 -1.86283e-18
-0.000399714 3.37309e-05 -1.86278e-18
-0.000399719 3.38963e-05 -1.86273e-18
-0.000399723 3.40554e-05 -1.86268e-18
-0.000399726 3.42085e-05 -1.86263e-18
-0.000399729 3.43562e-05 -1.86258e-18
-0.000399732 3.44989e-05 -1.86254e-18
-0.000399735 3.4637e-05 -1.86249e-18
-0.000399737 3.47704e-05 -1.86245e-18
-0.000399739 3.48987e-05 -1.86241e-18
-0.00039974 3.50215e-05 -1.86238e-18
-0.000399742 3.51382e-05 -1.86234e-18
-0.000399743 3.52481e-05 -1.86231e-18
-0.000399743 3.53505e-05 -1.86228e-18
-0.000399743 3.54445e-05 -1.86225e-18
-0.000399744 3.55295e-05 -1.86222e-18
-0.000399743 3.56048e-05 -1.8622e-18
-0.000399743 3.56705e-05 -1.86218e-18
-0.000399742 3.57261e-05 -1.86217e-18
-0.00039974 3.57717e-05 -1.86215e-18
-0.000399739 3.5807e-05 -1.86214e-18
-0.000399737 3.58319e-05 -1.86214e-18
-0.000399735 3.58463e-05 -1.86213e-18
-0.000399733 3.58502e-05 -1.86213e-18
-0.00039973 3.58438e-05 -1.86214e-18
-0.000399727 3.58272e-05 -1.86214e-18
-0.000399724 3.58008e-05 -1.86215e-18
-0.00039972 3.57648e-05 -1.86217e-18
-0.000399716 3.57195e-05 -1.86218e-18
-0.000399712 3.56651e-05 -1.8622e-18
-0.000399708 3.56017e-05 -1.86222e-18
-0.000399703 3.55296e-05 -1.86225e-18
-0.000399698 3.54489e-05 -1.86227e-18
-0.000399693 3.53596e-05 -1.8623e-18
-0.000399687 3.52617e-05 -1.86234e-18
-0.000399681 3.5155e-05 -1.86237e-18
-0.000399675 3.50392e-05 -1.86241e-18
-0.000399669 3.49141e-05 -1.86245e-18
-0.000399663 3.47791e-05 -1.8625e-18
-0.000399656 3.46339e-05 -1.86255e-18
-0.000399649 3.44782e-05 -1.8626e-18
-0.000399642 3.4312e-05 -1.86265e-18
-0.000399634 3.41351e-05 -1.86271e-18
-0.000399627 3.39477e-05 -1.86277e-18
-0.000399619 3.37496e-05 -1.86284e-18
-0.000399611 3.3541e-05 -1.8629e-18
-0.000399603 3.3322e-05 -1.86298e-18
-0.000399594 3.30925e-05 -1.86305e-18
-0.000399585 3.28526e-05 -1.86313e-18
-0.000399576 3.26018e-05 -1.86321e-18
-0.000399567 3.23402e-05 -1.86329e-18
-0.000399558 3.20671e-05 -1.86338e-18
-0.000399549 3.17822e-05 -1.86348e-18
-0.000399539 3.14848e-05 -1.86357e-18
-0.00039953 3.11741e-05 -1.86367e-18
-0.00039952 3.08496e-05 -1.86378e-18
-0.00039951 3.0511e-05 -1.86388e-18
-0.0003995 3.01581e-05 -1.864e-18
-0.000399489 2.97909e-05 -1.86411e-18
-0.000399479 2.94094e-05 -1.86424e-18
-0.000399468 2.90135e-05 -1.86436e-18
-0.000399458 2.86032e-05 -1.86449e-18
-0.000399447 2.81784e-05 -1.86463e-18
-0.000399436 2.77391e-05 -1.86476e-18
-0.000399425 2.72856e-05 -1.86491e-18
-0.000399414 2.6818e-05 -1.86505e-18
-0.000399402 2.63365e-05 -1.8652e-18
-0.000399391 2.58417e-05 -1.86536e-18
-0.000399379 2.53343e-05 -1.86552e-18
-0.000399368 2.4815e-05 -1.86568e-18
-0.000399357 2.42849e-05 -1.86584e-18
-0.000399346 2.3745e-05 -1.86601e-18
-0.000399335 2.31967e-05 -1.86618e-18
-0.000399323 2.26413e-05 -1.86636e-18
-0.000399312 2.20804e-05 -1.86653e-18
-0.000399301 2.15153e-05 -1.86671e-18
-0.000399289 2.09467e-05 -1.86688e-18
-0.000399277 2.03753e-05 -1.86706e-18
-0.000399266 1.98016e-05 -1.86724e-18
-0.000399254 1.92258e-05 -1.86742e-18
-0.000399242 1.86482e-05 -1.8676e-18
-0.00039923 1.80687e-05 -1.86778e-18
-0.000399218 1.74873e-05 -1.86796e-18
-0.000399206 1.69038e-05 -1.86815e-18
-0.000399194 1.63178e-05 -1.86833e-18
-0.000399182 1.57289e-05 -1.86851e-18
-0.000399169 1.51366e-05 -1.8687e-18
-0.000399159 1.45397e-05 -1.86888e-18
-0.000399152 1.39374e-05 -1.86907e-18
-0.000399146 1.333e-05 -1.86926e-18
-0.000399139 1.27178e-05 -1.86946e-18
-0.000399132 1.21002e-05 -1.86965e-18
-0.000399126 1.14769e-05 -1.86984e-18
-0.000399119 1.0847e-05 -1.87004e-18
-0.000399115 1.02102e-05 -1.87024e-18
-0.000399111 9.56585e-06 -1.87044e-18
-0.000399107 8.91375e-06 -1.87065e-18
-0.000399103 8.25376e-06 -1.87085e-18
-0.000399103 7.58594e-06 -1.87106e-18
-0.000399104 6.91015e-06 -1.87127e-18
-0.000399104 6.22651e-06 -1.87148e-18
-0.000399105 5.53526e-06 -1.8717e-18
-0.000399105 4.83663e-06 -1.87192e-18
-0.000399106 4.131e-06 -1.87214e-18
-0.000399107 3.4187e-06 -1.87236e-18
-0.000399107 2.70017e-06 -1.87258e-18
-0.000399108 1.97589e-06 -1.87281e-18
-0.000399108 1.24652e-06 -1.87304e-18
-0.000399109 5.13097e-07 -1.87326e-18
-0.000399109 -2.23068e-07 -1.87349e-18
-0.000399109 -9.60631e-07 -1.87372e-18
-0.00039911 -1.69827e-06 -1.87395e-18
-0.00039911 -2.43472e-06 -1.87418e-18
-0.00039911 -3.16878e-06 -1.87441e-18
-0.000399111 -3.89929e-06 -1.87464e-18
-0.000399111 -4.62503e-06 -1.87486e-18
-0.000399111 -5.34449e-06 -1.87509e-18
-0.000399111 -6.05605e-06 -1.87531e-18
-0.000399111 -6.75811e-06 -1.87553e-18
-0.000399111 -7.44939e-06 -1.87575e-18
-0.000399112 -8.12909e-06 -1.87596e-18
-0.000399112 -8.79686e-06 -1.87617e-18
-0.000399112 -9.45247e-06 -1.87638e-18
-0.000399112 -1.00958e-05 -1.87658e-18
-0.000399112 -1.0727e-05 -1.87678e-18
-0.000399112 -1.13463e-05 -1.87697e-18
-0.000399112 -1.19541e-05 -1.87717e-18
-0.000399112 -1.25507e-05 -1.87736e-18
-0.000399112 -1.31367e-05 -1.87754e-18
-0.000399112 -1.37127e-05 -1.87773e-18
-0.000399112 -1.42795e-05 -1.87791e-18
-0.000399113 -1.48378e-05 -1.87809e-18
-0.000399113 -1.53883e-05 -1.87826e-18
-0.000399113 -1.59318e-05 -1.87843e-18
-0.000399115 -1.64692e-05 -1.87861e-18
-0.000399118 -1.7001e-05 -1.87878e-18
-0.000399121 -1.75282e-05 -1.87895e-18
-0.000399124 -1.80513e-05 -1.87911e-18
-0.000399127 -1.8571e-05 -1.87928e-18
-0.000399131 -1.90878e-05 -1.87944e-18
-0.000399134 -1.95924e-05 -1.87961e-18
-0.000399137 -2.00891e-05 -1.87977e-18
-0.00039914 -2.05841e-05 -1.87993e-18
-0.000399143 -2.10744e-05 -1.88008e-18
-0.000399147 -2.15611e-05 -1.88024e-18
-0.00039915 -2.20423e-05 -1.8804e-18
-0.000399158 -2.25169e-05 -1.88055e-18
-0.000399168 -2.29845e-05 -1.8807e-18
-0.000399176 -2.34457e-05 -1.88085e-18
-0.000399186 -2.38995e-05 -1.881e-18
-0.000399194 -2.43461e-05 -1.88114e-18
-0.000399203 -2.4785e-05 -1.88129e-18
-0.000399212 -2.5216e-05 -1.88143e-18
-0.00039922 -2.5639e-05 -1.88156e-18
-0.000399232 -2.6054e-05 -1.8817e-18
-0.000399245 -2.64607e-05 -1.88183e-18
-0.000399257 -2.68586e-05 -1.88196e-18
-0.000399269 -2.72474e-05 -1.88209e-18
-0.000399281 -2.76266e-05 -1.88221e-18
-0.000399293 -2.79959e-05 -1.88234e-18
-0.000399305 -2.83548e-05 -1.88245e-18
-0.000399316 -2.87027e-05 -1.88257e-18
-0.000399328 -2.90391e-05 -1.88268e-18
-0.000399339 -2.93637e-05 -1.88279e-18
-0.00039935 -2.96764e-05 -1.88289e-18
-0.000399361 -2.99773e-05 -1.88299e-18
-0.000399371 -3.02666e-05 -1.88309e-18
-0.000399381 -3.05445e-05 -1.88318e-18
-0.000399392 -3.08113e-05 -1.88327e-18
-0.000399401 -3.10675e-05 -1.88336e-18
-0.000399411 -3.13134e-05 -1.88344e-18
-0.000399421 -3.15497e-05 -1.88352e-18
-0.00039943 -3.17767e-05 -1.8836e-18
-0.000399439 -3.19951e-05 -1.88368e-18
-0.000399447 -3.22053e-05 -1.88375e-18
-0.000399456 -3.24079e-05 -1.88382e-18
-0.000399464 -3.26035e-05 -1.88388e-18
-0.000399472 -3.27926e-05 -1.88395e-18
-0.000399479 -3.29757e-05 -1.88401e-18
-0.000399487 -3.31534e-05 -1.88407e-18
-0.000399494 -3.33262e-05 -1.88413e-18
-0.000399501 -3.34946e-05 -1.88418e-18
-0.000399507 -3.36592e-05 -1.88424e-18
-0.000399513 -3.38205e-05 -1.88429e-18
-0.000399519 -3.39791e-05 -1.88435e-18
-0.000399525 -3.41358e-05 -1.8844e-18
-0.000399531 -3.42914e-05 -1.88445e-18
-0.000399536 -3.44464e-05 -1.8845e-18
-0.000399541 -3.46007e-05 -1.88455e-18
-0.000399545 -3.47543e-05 -1.8846e-18
-0.00039955 -3.49066e-05 -1.88465e-18
-0.000399554 -3.50575e-05 -1.8847e-18
-0.000399558 -3.52067e-05 -1.88475e-18
-0.000399561 -3.53542e-05 -1.88479e-18
-0.000399565 -3.54999e-05 -1.88484e-18
-0.000399568 -3.56437e-05 -1.88488e-18
-0.000399571 -3.57852e-05 -1.88493e-18
-0.000399573 -3.5924e-05 -1.88497e-18
-0.000399576 -3.60597e-05 -1.88501e-18
-0.000399578 -3.61919e-05 -1.88506e-18
-0.00039958 -3.63201e-05 -1.8851e-18
-0.000399581 -3.64435e-05 -1.88513e-18
-0.000399583 -3.65618e-05 -1.88517e-18
-0.000399584 -3.66745e-05 -1.88521e-18
-0.000399584 -3.67817e-05 -1.88524e-18
-0.000399585 -3.68835e-05 -1.88527e-18
-0.000399585 -3.69804e-05 -1.8853e-18
-0.000399586 -3.70727e-05 -1.88533e-18
-0.000399585 -3.71609e-05 -1.88536e-18
-0.000399585 -3.72456e-05 -1.88538e-18
-0.000399584 -3.73273e-05 -1.88541e-18
-0.000399583 -3.74064e-05 -1.88543e-18
-0.000399582 -3.7483e-05 -1.88545e-18
-0.000399581 -3.7557e-05 -1.88547e-18
-0.000399579 -3.76282e-05 -1.88549e-18
-0.000399578 -3.76962e-05 -1.88551e-18
-0.000399575 -3.77601e-05 -1.88553e-18
-0.000399573 -3.78187e-05 -1.88554e-18
-0.000399571 -3.78706e-05 -1.88556e-18
-0.000399568 -3.79146e-05 -1.88557e-18
-0.000399565 -3.795e-05 -1.88558e-18
-0.000399562 -3.79765e-05 -1.88558e-18
-0.000399558 -3.79939e-05 -1.88558e-18
-0.000399555 -3.8002e-05 -1.88558e-18
-0.000399551 -3.80003e-05 -1.88558e-18
-0.000399547 -3.79886e-05 -1.88557e-18
-0.000399542 -3.79665e-05 -1.88556e-18
-0.000399538 -3.79338e-05 -1.88555e-18
-0.000399533 -3.78899e-05 -1.88553e-18
-0.000399528 -3.78348e-05 -1.88551e-18
-0.000399523 -3.7768e-05 -1.88548e-18
-0.000399518 -3.76893e-05 -1.88545e-18
-0.000399512 -3.75984e-05 -1.88542e-18
-0.000399507 -3.74953e-05 -1.88539e-18
-0.000399501 -3.73798e-05 -1.88535e-18
-0.000399495 -3.72519e-05 -1.8853e-18
-0.000399489 -3.71116e-05 -1.88525e-18
-0.000399482 -3.69592e-05 -1.8852e-18
-0.000399476 -3.67949e-05 -1.88515e-18
-0.000399469 -3.6619e-05 -1.88509e-18
-0.000399462 -3.64315e-05 -1.88503e-18
-0.000399455 -3.62326e-05 -1.88496e-18
-0.000399448 -3.60222e-05 -1.8849e-18
-0.000399441 -3.58004e-05 -1.88482e-18
-0.000399434 -3.55672e-05 -1.88475e-18
-0.000399426 -3.53228e-05 -1.88467e-18
-0.000399419 -3.5067e-05 -1.88459e-18
-0.000399411 -3.48002e-05 -1.8845e-18
-0.000399403 -3.45225e-05 -1.88441e-18
-0.000399395 -3.42344e-05 -1.88432e-18
-0.000399387 -3.39365e-05 -1.88422e-18
-0.000399379 -3.36293e-05 -1.88412e-18
-0.00039937 -3.33132e-05 -1.88402e-18
-0.000399362 -3.2989e-05 -1.88392e-18
-0.000399353 -3.26572e-05 -1.88381e-18
-0.000399344 -3.23182e-05 -1.88371e-18
-0.000399336 -3.19726e-05 -1.88359e-18
-0.000399327 -3.16204e-05 -1.88348e-18
-0.000399318 -3.12621e-05 -1.88337e-18
-0.000399308 -3.08977e-05 -1.88325e-18
-0.000399299 -3.05273e-05 -1.88313e-18
-0.00039929 -3.01511e-05 -1.88301e-18
-0.00039928 -2.9769e-05 -1.88289e-18
-0.000399271 -2.93811e-05 -1.88276e-18
-0.000399261 -2.89876e-05 -1.88264e-18
-0.000399251 -2.85884e-05 -1.88251e-18
-0.000399244 -2.81839e-05 -1.88238e-18
-0.000399238 -2.7774e-05 -1.88225e-18
-0.000399231 -2.73586e-05 -1.88211e-18
-0.000399225 -2.69376e-05 -1.88198e-18
-0.000399218 -2.65108e-05 -1.88184e-18
-0.000399211 -2.60782e-05 -1.8817e-18
-0.000399204 -2.56399e-05 -1.88156e-18
-0.000399197 -2.51962e-05 -1.88142e-18
-0.00039919 -2.47474e-05 -1.88128e-18
-0.000399183 -2.42941e-05 -1.88113e-18
-0.000399176 -2.38369e-05 -1.88099e-18
-0.000399169 -2.33765e-05 -1.88084e-18
-0.000399166 -2.29127e-05 -1.88069e-18
-0.000399164 -2.2447e-05 -1.88055e-18
-0.000399161 -2.19813e-05 -1.8804e-18
-0.000399159 -2.15159e-05 -1.88025e-18
-0.000399156 -2.10523e-05 -1.8801e-18
-0.000399154 -2.05912e-05 -1.87996e-18
-0.000399152 -2.01372e-05 -1.87981e-18
-0.00039915 -1.96879e-05 -1.87967e-18
-0.000399148 -1.92416e-05 -1.87953e-18
-0.000399146 -1.88e-05 -1.87939e-18
-0.000399143 -1.83624e-05 -1.87925e-18
-0.000399141 -1.79294e-05 -1.87911e-18
-0.000399139 -1.75008e-05 -1.87898e-18
-0.000399137 -1.70768e-05 -1.87884e-18
-0.000399134 -1.66574e-05 -1.87871e-18
-0.000399132 -1.62428e-05 -1.87858e-18
-0.00039913 -1.58329e-05 -1.87845e-18
-0.000399127 -1.54279e-05 -1.87832e-18
-0.000399125 -1.50278e-05 -1.87819e-18
-0.000399124 -1.46325e-05 -1.87807e-18
-0.000399124 -1.42421e-05 -1.87794e-18
-0.000399124 -1.38565e-05 -1.87782e-18
-0.000399123 -1.34758e-05 -1.8777e-18
-0.000399123 -1.31001e-05 -1.87758e-18
-0.000399123 -1.27297e-05 -1.87746e-18
-0.000399122 -1.23645e-05 -1.87735e-18
-0.000399122 -1.20048e-05 -1.87723e-18
-0.000399122 -1.16502e-05 -1.87712e-18
-0.000399122 -1.13009e-05 -1.87701e-18
-0.000399121 -1.09568e-05 -1.8769e-18
-0.000399121 -1.0618e-05 -1.87679e-18
-0.000399121 -1.02848e-05 -1.87669e-18
-0.00039912 -9.95735e-06 -1.87659e-18
-0.00039912 -9.63581e-06 -1.87648e-18
-0.00039912 -9.3199e-06 -1.87638e-18
-0.00039912 -9.00915e-06 -1.87628e-18
-0.000399119 -8.703e-06 -1.87619e-18
-0.000399119 -8.40093e-06 -1.87609e-18
-0.000399119 -8.10242e-06 -1.876e-18
-0.000399119 -7.80699e-06 -1.8759e-18
-0.000399118 -7.51416e-06 -1.87581e-18
-0.000399118 -7.2235e-06 -1.87572e-18
-0.000399118 -6.93465e-06 -1.87562e-18
-0.000399117 -6.64737e-06 -1.87553e-18
-0.000399117 -6.36141e-06 -1.87544e-18
-0.000399117 -6.07657e-06 -1.87535e-18
-0.000399117 -5.79269e-06 -1.87526e-18
-0.000399116 -5.50965e-06 -1.87517e-18
-0.000399116 -5.22735e-06 -1.87508e-18
-0.000399116 -4.94571e-06 -1.87499e-18
-0.000399115 -4.66472e-06 -1.8749e-18
-0.000399115 -4.38438e-06 -1.87482e-18
-0.000399115 -4.10472e-06 -1.87473e-18
-0.000399115 -3.8257e-06 -1.87464e-18
-0.000399114 -3.5472e-06 -1.87455e-18
-0.000399114 -3.26899e-06 -1.87446e-18
-0.000399114 -2.99084e-06 -1.87438e-18
-0.000399113 -2.7126e-06 -1.87429e-18
-0.000399113 -2.43434e-06 -1.8742e-18
-0.000399113 -2.15627e-06 -1.87411e-18
-0.000399112 -1.8786e-06 -1.87403e-18
-0.000399112 -1.60147e-06 -1.87394e-18
-0.000399112 -1.32481e-06 -1.87385e-18
-0.000399111 -1.04842e-06 -1.87376e-18
-0.000399111 -7.72034e-07 -1.87368e-18
-0.000399111 -4.95395e-07 -1.87359e-18
-0.00039911 -2.18181e-07 -1.8735e-18
-0.00039911 5.99522e-08 -1.87341e-18
-0.00039911 3.39366e-07 -1.87333e-18
-0.000399109 6.20365e-07 -1.87324e-18
-0.000399109 9.03145e-07 -1.87315e-18
-0.000399109 1.18781e-06 -1.87306e-18
-0.000399108 1.47446e-06 -1.87297e-18
-0.000399108 1.7632e-06 -1.87288e-18
-0.000399108 2.05422e-06 -1.87279e-18
-0.000399107 2.34774e-06 -1.87269e-18
-0.000399107 2.64396e-06 -1.8726e-18
-0.000399106 2.94307e-06 -1.87251e-18
-0.000399106 3.24516e-06 -1.87241e-18
-0.000399106 3.55028e-06 -1.87232e-18
-0.000399105 3.85844e-06 -1.87222e-18
-0.000399105 4.16961e-06 -1.87212e-18
-0.000399104 4.48366e-06 -1.87203e-18
-0.000399104 4.8004e-06 -1.87193e-18
-0.000399103 5.1196e-06 -1.87183e-18
-0.000399103 5.44098e-06 -1.87173e-18
-0.000399102 5.76412e-06 -1.87163e-18
-0.000399103 6.08858e-06 -1.87153e-18
-0.000399105 6.41378e-06 -1.87143e-18
-0.000399106 6.73906e-06 -1.87133e-18
-0.000399107 7.06353e-06 -1.87123e-18
-0.000399108 7.38611e-06 -1.87113e-18
-0.000399109 7.70569e-06 -1.87103e-18
-0.00039911 8.02129e-06 -1.87093e-18
-0.000399111 8.33217e-06 -1.87083e-18
-0.000399112 8.63777e-06 -1.87074e-18
-0.000399113 8.93758e-06 -1.87065e-18
-0.000399114 9.2312e-06 -1.87056e-18
-0.000399115 9.51837e-06 -1.87047e-18
-0.000399116 9.79903e-06 -1.87038e-18
-0.000399117 1.00731e-05 -1.8703e-18
-0.000399119 1.03406e-05 -1.87021e-18
-0.00039912 1.06017e-05 -1.87013e-18
-0.000399121 1.08567e-05 -1.87005e-18
-0.000399122 1.11058e-05 -1.86998e-18
-0.000399124 1.13492e-05 -1.8699e-18
-0.000399125 1.1587e-05 -1.86983e-18
-0.000399126 1.18188e-05 -1.86976e-18
-0.000399127 1.20445e-05 -1.86969e-18
-0.000399129 1.22637e-05 -1.86962e-18
-0.00039913 1.2476e-05 -1.86955e-18
-0.000399131 1.26811e-05 -1.86949e-18
-0.000399133 1.28784e-05 -1.86943e-18
-0.000399134 1.30676e-05 -1.86937e-18
-0.000399135 1.32483e-05 -1.86931e-18
-0.000399137 1.34203e-05 -1.86926e-18
-0.000399138 1.35834e-05 -1.86921e-18
-0.000399139 1.37373e-05 -1.86916e-18
-0.000399141 1.3882e-05 -1.86912e-18
-0.000399142 1.40173e-05 -1.86907e-18
-0.000399144 1.41432e-05 -1.86903e-18
-0.000399145 1.42597e-05 -1.869e-18
-0.000399147 1.43673e-05 -1.86896e-18
-0.000399148 1.44665e-05 -1.86893e-18
-0.000399149 1.45581e-05 -1.8689e-18
-0.000399151 1.46426e-05 -1.86888e-18
-0.000399153 1.47201e-05 -1.86885e-18
-0.000399155 1.47907e-05 -1.86883e-18
-0.000399157 1.48546e-05 -1.86881e-18
-0.000399159 1.49116e-05 -1.86879e-18
-0.000399161 1.49618e-05 -1.86878e-18
-0.000399163 1.50052e-05 -1.86876e-18
-0.000399165 1.50417e-05 -1.86875e-18
-0.000399167 1.50712e-05 -1.86874e-18
-0.000399169 1.50934e-05 -1.86873e-18
-0.00039917 1.51078e-05 -1.86873e-18
-0.000399172 1.51141e-05 -1.86872e-18
-0.000399174 1.51118e-05 -1.86872e-18
-0.000399175 1.51009e-05 -1.86873e-18
-0.000399176 1.50815e-05 -1.86873e-18
-0.000399178 1.50538e-05 -1.86874e-18
-0.000399179 1.5018e-05 -1.86875e-18
-0.00039918 1.49739e-05 -1.86876e-18
-0.000399182 1.49214e-05 -1.86878e-18
-0.000399183 1.48603e-05 -1.86879e-18
-0.000399184 1.47906e-05 -1.86881e-18
-0.000399185 1.47123e-05 -1.86884e-18
-0.000399185 1.46252e-05 -1.86886e-18
-0.000399186 1.45294e-05 -1.86889e-18
-0.000399187 1.4425e-05 -1.86892e-18
-0.000399187 1.43125e-05 -1.86895e-18
-0.000399188 1.41925e-05 -1.86899e-18
-0.000399188 1.40657e-05 -1.86903e-18
-0.000399189 1.39327e-05 -1.86907e-18
-0.00039919 1.37941e-05 -1.86911e-18
-0.000399191 1.36509e-05 -1.86915e-18
-0.000399192 1.35038e-05 -1.86919e-18
-0.000399192 1.33535e-05 -1.86924e-18
-0.000399193 1.32005e-05 -1.86928e-18
-0.000399194 1.30453e-05 -1.86933e-18
-0.000399194 1.28885e-05 -1.86938e-18
-0.000399195 1.27304e-05 -1.86942e-18
-0.000399195 1.25715e-05 -1.86947e-18
-0.000399195 1.24118e-05 -1.86952e-18
-0.000399195 1.22517e-05 -1.86957e-18
-0.000399195 1.20912e-05 -1.86962e-18
-0.000399195 1.19306e-05 -1.86967e-18
-0.000399195 1.17701e-05 -1.86972e-18
-0.000399195 1.16097e-05 -1.86976e-18
-0.000399195 1.14497e-05 -1.86981e-18
-0.000399194 1.129e-05 -1.86986e-18
-0.000399194 1.11306e-05 -1.86991e-18
-0.000399193 1.09715e-05 -1.86996e-18
-0.000399193 1.08125e-05 -1.87001e-18
-0.000399192 1.06538e-05 -1.87006e-18
-0.000399191 1.04951e-05 -1.87011e-18
-0.00039919 1.03365e-05 -1.87016e-18
-0.000399189 1.01781e-05 -1.87021e-18
-0.000399187 1.002e-05 -1.87025e-18
-0.000399186 9.86258e-06 -1.8703e-18
-0.000399184 9.70629e-06 -1.87035e-18
-0.000399183 9.55147e-06 -1.8704e-18
-0.000399181 9.39847e-06 -1.87045e-18
-0.000399179 9.24767e-06 -1.8705e-18
-0.000399177 9.0994e-06 -1.87054e-18
-0.000399175 8.95394e-06 -1.87059e-18
-0.000399173 8.81144e-06 -1.87063e-18
-0.000399171 8.67194e-06 -1.87068e-18
-0.000399169 8.53545e-06 -1.87072e-18
-0.000399166 8.40198e-06 -1.87076e-18
-0.000399164 8.27161e-06 -1.8708e-18
-0.000399161 8.14445e-06 -1.87085e-18
-0.000399158 8.02058e-06 -1.87089e-18
-0.000399155 7.90005e-06 -1.87093e-18
-0.000399152 7.78289e-06 -1.87096e-18
-0.000399149 7.66911e-06 -1.871e-18
-0.000399146 7.55866e-06 -1.87104e-18
-0.000399143 7.45153e-06 -1.87107e-18
-0.00039914 7.34778e-06 -1.87111e-18
-0.000399136 7.24753e-06 -1.87114e-18
-0.000399133 7.15088e-06 -1.87117e-18
-0.00039913 7.05779e-06 -1.87121e-18
-0.000399126 6.96797e-06 -1.87124e-18
-0.000399123 6.88097e-06 -1.87127e-18
-0.000399119 6.79626e-06 -1.8713e-18
-0.000399115 6.71335e-06 -1.87132e-18
-0.000399113 6.63175e-06 -1.87135e-18
-0.000399111 6.55101e-06 -1.87138e-18
-0.000399111 6.47075e-06 -1.87141e-18
-0.000399111 6.39043e-06 -1.87144e-18
-0.000399111 6.30948e-06 -1.87147e-18
-0.000399112 6.22732e-06 -1.8715e-18
-0.000399112 6.14332e-06 -1.87153e-18
-0.000399112 6.05699e-06 -1.87156e-18
-0.000399112 5.96788e-06 -1.87159e-18
-0.000399112 5.87569e-06 -1.87162e-18
-0.000399112 5.78013e-06 -1.87165e-18
-0.000399112 5.68094e-06 -1.87169e-18
-0.000399113 5.5778e-06 -1.87172e-18
-0.000399113 5.47041e-06 -1.87176e-18
-0.000399113 5.35846e-06 -1.8718e-18
-0.000399113 5.24179e-06 -1.87183e-18
-0.000399113 5.12046e-06 -1.87188e-18
-0.000399114 4.9947e-06 -1.87192e-18
-0.000399114 4.8648e-06 -1.87196e-18
-0.000399114 4.73106e-06 -1.872e-18
-0.000399114 4.59376e-06 -1.87205e-18
-0.000399114 4.4532e-06 -1.87209e-18
-0.000399115 4.30965e-06 -1.87214e-18
-0.000399115 4.16339e-06 -1.87219e-18
-0.000399115 4.01457e-06 -1.87223e-18
-0.000399115 3.86329e-06 -1.87228e-18
-0.000399115 3.70963e-06 -1.87233e-18
-0.000399116 3.55356e-06 -1.87238e-18
-0.000399116 3.39484e-06 -1.87243e-18
-0.000399116 3.23307e-06 -1.87249e-18
-0.000399116 3.06779e-06 -1.87254e-18
-0.000399116 2.89854e-06 -1.87259e-18
-0.000399117 2.72475e-06 -1.87265e-18
-0.000399117 2.5458e-06 -1.87271e-18
-0.000399117 2.36109e-06 -1.87277e-18
-0.000399117 2.17004e-06 -1.87283e-18
-0.000399118 1.97219e-06 -1.87289e-18
-0.000399118 1.76712e-06 -1.87296e-18
-0.000399118 1.55449e-06 -1.87302e-18
-0.000399118 1.33396e-06 -1.87309e-18
-0.000399119 1.1053e-06 -1.87316e-18
-0.000399119 8.68304e-07 -1.87324e-18
-0.000399119 6.2282e-07 -1.87332e-18
-0.00039912 3.6881e-07 -1.8734e-18
-0.00039912 1.06445e-07 -1.87348e-18
-0.00039912 -1.6395e-07 -1.87356e-18
-0.000399121 -4.41988e-07 -1.87365e-18
-0.000399121 -7.27212e-07 -1.87374e-18
-0.000399121 -1.01903e-06 -1.87383e-18
-0.000399121 -1.31675e-06 -1.87392e-18
-0.000399122 -1.61965e-06 -1.87401e-18
-0.000399122 -1.92698e-06 -1.87411e-18
-0.000399122 -2.23793e-06 -1.8742e-18
-0.000399122 -2.55162e-06 -1.8743e-18
-0.000399123 -2.86719e-06 -1.8744e-18
-0.000399123 -3.18379e-06 -1.87449e-18
-0.000399123 -3.50053e-06 -1.87459e-18
-0.000399123 -3.81656e-06 -1.87469e-18
-0.000399123 -4.13103e-06 -1.87479e-18
-0.000399124 -4.44312e-06 -1.87488e-18
-0.000399124 -4.75206e-06 -1.87498e-18
-0.000399124 -5.05712e-06 -1.87507e-18
-0.000399124 -5.3576e-06 -1.87517e-18
-0.000399124 -5.65291e-06 -1.87526e-18
-0.000399124 -5.94257e-06 -1.87535e-18
-0.000399125 -6.2262e-06 -1.87544e-18
-0.000399125 -6.50351e-06 -1.87552e-18
-0.000399125 -6.77422e-06 -1.87561e-18
-0.000399125 -7.03817e-06 -1.87569e-18
-0.000399125 -7.29524e-06 -1.87577e-18
-0.000399125 -7.54534e-06 -1.87585e-18
-0.000399125 -7.78842e-06 -1.87593e-18
-0.000399125 -8.02444e-06 -1.876e-18
-0.000399125 -8.25339e-06 -1.87607e-18
-0.000399125 -8.47526e-06 -1.87614e-18
-0.000399126 -8.69009e-06 -1.87621e-18
-0.000399126 -8.89801e-06 -1.87628e-18
-0.000399126 -9.0992e-06 -1.87634e-18
-0.000399126 -9.29383e-06 -1.8764e-18
-0.000399126 -9.48219e-06 -1.87646e-18
-0.000399126 -9.66483e-06 -1.87652e-18
-0.000399126 -9.84244e-06 -1.87657e-18
-0.000399126 -1.00157e-05 -1.87663e-18
-0.000399126 -1.01853e-05 -1.87668e-18
-0.000399126 -1.03514e-05 -1.87673e-18
-0.000399126 -1.05142e-05 -1.87678e-18
-0.000399126 -1.06738e-05 -1.87683e-18
-0.000399126 -1.08302e-05 -1.87688e-18
-0.000399126 -1.09835e-05 -1.87693e-18
-0.000399127 -1.11338e-05 -1.87697e-18
-0.000399127 -1.1281e-05 -1.87702e-18
-0.000399127 -1.14252e-05 -1.87706e-18
-0.000399127 -1.15662e-05 -1.8771e-18
-0.000399127 -1.17036e-05 -1.87714e-18
-0.000399127 -1.18372e-05 -1.87718e-18
-0.000399127 -1.19667e-05 -1.87722e-18
-0.000399127 -1.20915e-05 -1.87726e-18
-0.000399127 -1.22113e-05 -1.8773e-18
-0.000399127 -1.23257e-05 -1.87733e-18
-0.000399127 -1.24341e-05 -1.87736e-18
-0.000399127 -1.25359e-05 -1.87739e-18
-0.000399127 -1.26305e-05 -1.87742e-18
-0.000399127 -1.27171e-05 -1.87745e-18
-0.000399127 -1.2795e-05 -1.87747e-18
-0.000399127 -1.28636e-05 -1.87749e-18
-0.000399127 -1.29222e-05 -1.87751e-18
-0.000399127 -1.29701e-05 -1.87752e-18
-0.000399127 -1.3007e-05 -1.87753e-18
-0.000399127 -1.30328e-05 -1.87754e-18
-0.000399127 -1.30479e-05 -1.87755e-18
-0.000399127 -1.30527e-05 -1.87755e-18
-0.000399127 -1.30476e-05 -1.87755e-18
-0.000399127 -1.30331e-05 -1.87754e-18
-0.000399127 -1.30097e-05 -1.87754e-18
-0.000399127 -1.29778e-05 -1.87753e-18
-0.000399127 -1.29381e-05 -1.87752e-18
-0.000399127 -1.28918e-05 -1.87751e-18
-0.000399127 -1.28402e-05 -1.87749e-18
-0.000399127 -1.27848e-05 -1.87748e-18
-0.000399127 -1.27267e-05 -1.87746e-18
-0.000399127 -1.26671e-05 -1.87744e-18
-0.000399127 -1.26065e-05 -1.87743e-18
-0.000399127 -1.25455e-05 -1.87741e-18
-0.000399127 -1.24849e-05 -1.87739e-18
-0.000399128 -1.24252e-05 -1.87738e-18
-0.000399128 -1.23672e-05 -1.87736e-18
-0.000399129 -1.23117e-05 -1.87734e-18
-0.000399129 -1.22591e-05 -1.87733e-18
-0.00039913 -1.22092e-05 -1.87731e-18
-0.00039913 -1.21616e-05 -1.8773e-18
-0.000399131 -1.21156e-05 -1.87729e-18
-0.000399131 -1.20706e-05 -1.87727e-18
-0.000399131 -1.20262e-05 -1.87726e-18
-0.000399132 -1.19822e-05 -1.87725e-18
-0.000399132 -1.19382e-05 -1.87723e-18
-0.000399132 -1.1894e-05 -1.87722e-18
-0.000399132 -1.18494e-05 -1.87721e-18
-0.000399133 -1.1804e-05 -1.8772e-18
-0.000399133 -1.17578e-05 -1.87718e-18
-0.000399133 -1.17107e-05 -1.87717e-18
-0.000399133 -1.16628e-05 -1.87715e-18
-0.000399133 -1.16141e-05 -1.87714e-18
-0.000399133 -1.15649e-05 -1.87713e-18
-0.000399133 -1.15155e-05 -1.87711e-18
-0.000399133 -1.14662e-05 -1.8771e-18
-0.000399133 -1.14173e-05 -1.87708e-18
-0.000399133 -1.13693e-05 -1.87707e-18
-0.000399132 -1.13227e-05 -1.87706e-18
-0.000399132 -1.12779e-05 -1.87704e-18
-0.000399132 -1.12355e-05 -1.87703e-18
-0.000399132 -1.11962e-05 -1.87702e-18
-0.000399131 -1.11607e-05 -1.87701e-18
-0.000399131 -1.113e-05 -1.877e-18
-0.000399131 -1.11053e-05 -1.87699e-18
-0.00039913 -1.10879e-05 -1.87699e-18
-0.00039913 -1.10788e-05 -1.87698e-18
-0.000399129 -1.10789e-05 -1.87698e-18
-0.000399129 -1.10887e-05 -1.87699e-18
-0.000399129 -1.11087e-05 -1.87699e-18
-0.000399128 -1.11393e-05 -1.877e-18
-0.000399128 -1.11805e-05 -1.87701e-18
-0.000399127 -1.12323e-05 -1.87702e-18
-0.000399127 -1.12946e-05 -1.87704e-18
-0.000399127 -1.1367e-05 -1.87706e-18
-0.000399127 -1.14489e-05 -1.87708e-18
-0.000399127 -1.15392e-05 -1.8771e-18
-0.000399127 -1.1637e-05 -1.87713e-18
-0.000399128 -1.17413e-05 -1.87716e-18
-0.000399128 -1.18509e-05 -1.87719e-18
-0.000399128 -1.19649e-05 -1.87722e-18
-0.000399128 -1.20822e-05 -1.87725e-18
-0.000399128 -1.22017e-05 -1.87728e-18
-0.000399128 -1.23222e-05 -1.87732e-18
-0.000399128 -1.24427e-05 -1.87735e-18
-0.000399128 -1.2562e-05 -1.87738e-18
-0.000399128 -1.2679e-05 -1.87742e-18
-0.000399128 -1.2793e-05 -1.87745e-18
-0.000399128 -1.29031e-05 -1.87748e-18
-0.000399128 -1.30086e-05 -1.87751e-18
-0.000399128 -1.31088e-05 -1.87754e-18
-0.000399128 -1.32033e-05 -1.87756e-18
-0.000399128 -1.32914e-05 -1.87759e-18
-0.000399128 -1.33725e-05 -1.87761e-18
-0.000399128 -1.34463e-05 -1.87763e-18
-0.000399128 -1.35126e-05 -1.87765e-18
-0.000399128 -1.35713e-05 -1.87767e-18
-0.000399128 -1.36224e-05 -1.87768e-18
-0.000399128 -1.36659e-05 -1.8777e-18
-0.000399128 -1.37021e-05 -1.87771e-18
-0.000399128 -1.37312e-05 -1.87772e-18
-0.000399128 -1.37535e-05 -1.87772e-18
-0.000399128 -1.37695e-05 -1.87773e-18
-0.000399128 -1.37795e-05 -1.87773e-18
-0.000399128 -1.37841e-05 -1.87774e-18
-0.000399128 -1.37837e-05 -1.87774e-18
-0.000399128 -1.37788e-05 -1.87774e-18
-0.000399128 -1.377e-05 -1.87773e-18
-0.000399128 -1.37576e-05 -1.87773e-18
-0.000399128 -1.37423e-05 -1.87773e-18
-0.000399128 -1.37242e-05 -1.87772e-18
-0.000399128 -1.37037e-05 -1.87772e-18
-0.000399128 -1.36808e-05 -1.87771e-18
-0.000399128 -1.36555e-05 -1.8777e-18
-0.000399128 -1.36279e-05 -1.8777e-18
-0.000399128 -1.35984e-05 -1.87769e-18
-0.000399128 -1.35673e-05 -1.87768e-18
-0.000399128 -1.35353e-05 -1.87767e-18
-0.000399128 -1.35026e-05 -1.87766e-18
-0.000399128 -1.34697e-05 -1.87765e-18
-0.000399128 -1.34367e-05 -1.87764e-18
-0.000399128 -1.3404e-05 -1.87763e-18
-0.000399128 -1.33718e-05 -1.87762e-18
-0.000399128 -1.33402e-05 -1.87761e-18
-0.000399128 -1.33094e-05 -1.8776e-18
-0.000399128 -1.32798e-05 -1.87759e-18
-0.000399128 -1.32513e-05 -1.87758e-18
-0.000399128 -1.32241e-05 -1.87757e-18
-0.000399128 -1.31978e-05 -1.87756e-18
-0.000399128 -1.31724e-05 -1.87755e-18
-0.000399128 -1.31477e-05 -1.87754e-18
-0.000399128 -1.31234e-05 -1.87754e-18
-0.000399128 -1.30993e-05 -1.87753e-18
-0.000399128 -1.30749e-05 -1.87752e-18
-0.000399128 -1.30501e-05 -1.87751e-18
-0.000399128 -1.30245e-05 -1.8775e-18
-0.000399128 -1.29981e-05 -1.87749e-18
-0.000399128 -1.29705e-05 -1.87748e-18
-0.000399128 -1.29416e-05 -1.87748e-18
-0.000399128 -1.29112e-05 -1.87747e-18
-0.000399128 -1.28792e-05 -1.87746e-18
-0.000399128 -1.28454e-05 -1.87744e-18
-0.000399128 -1.28099e-05 -1.87743e-18
-0.000399128 -1.27725e-05 -1.87742e-18
-0.000399127 -1.27337e-05 -1.87741e-18
-0.000399127 -1.26936e-05 -1.8774e-18
-0.000399127 -1.26524e-05 -1.87739e-18
-0.000399127 -1.26102e-05 -1.87737e-18
-0.000399127 -1.2567e-05 -1.87736e-18
-0.000399127 -1.25229e-05 -1.87735e-18
-0.000399127 -1.24778e-05 -1.87734e-18
-0.000399127 -1.24319e-05 -1.87732e-18
-0.000399127 -1.23852e-05 -1.87731e-18
-0.000399127 -1.23378e-05 -1.87729e-18
-0.000399127 -1.22899e-05 -1.87728e-18
-0.000399127 -1.22418e-05 -1.87727e-18
-0.000399127 -1.21938e-05 -1.87725e-18
-0.000399127 -1.21464e-05 -1.87724e-18
-0.000399127 -1.20997e-05 -1.87723e-18
-0.000399127 -1.2054e-05 -1.87721e-18
-0.000399127 -1.20094e-05 -1.8772e-18
-0.000399127 -1.1966e-05 -1.87719e-18
-0.000399127 -1.19236e-05 -1.87718e-18
-0.000399127 -1.18814e-05 -1.87717e-18
-0.000399127 -1.18384e-05 -1.87716e-18
-0.000399127 -1.17935e-05 -1.87714e-18
-0.000399127 -1.17454e-05 -1.87713e-18
-0.000399127 -1.16929e-05 -1.87712e-18
-0.000399127 -1.16348e-05 -1.8771e-18
-0.000399127 -1.15699e-05 -1.87708e-18
-0.000399127 -1.14971e-05 -1.87706e-18
-0.000399127 -1.14158e-05 -1.87704e-18
-0.000399127 -1.13257e-05 -1.87702e-18
-0.000399126 -1.12265e-05 -1.87699e-18
-0.000399126 -1.11181e-05 -1.87696e-18
-0.000399126 -1.1001e-05 -1.87693e-18
-0.000399126 -1.08756e-05 -1.8769e-18
-0.000399126 -1.07428e-05 -1.87686e-18
-0.000399126 -1.06032e-05 -1.87682e-18
-0.000399126 -1.04581e-05 -1.87678e-18
-0.000399126 -1.03087e-05 -1.87674e-18
-0.000399126 -1.01562e-05 -1.8767e-18
-0.000399125 -1.00021e-05 -1.87666e-18
-0.000399125 -9.84767e-06 -1.87661e-18
-0.000399125 -9.6946e-06 -1.87657e-18
-0.000399125 -9.54434e-06 -1.87653e-18
-0.000399125 -9.39832e-06 -1.87649e-18
-0.000399125 -9.25797e-06 -1.87644e-18
-0.000399125 -9.12464e-06 -1.87641e-18
-0.000399125 -8.99956e-06 -1.87637e-18
-0.000399125 -8.88376e-06 -1.87634e-18
-0.000399125 -8.77801e-06 -1.8763e-18
-0.000399125 -8.68285e-06 -1.87627e-18
-0.000399125 -8.59862e-06 -1.87625e-18
-0.000399125 -8.52543e-06 -1.87623e-18
-0.000399125 -8.46309e-06 -1.8762e-18
-0.000399125 -8.41113e-06 -1.87619e-18
-0.000399125 -8.36889e-06 -1.87617e-18
-0.000399125 -8.33565e-06 -1.87616e-18
-0.000399125 -8.31064e-06 -1.87615e-18
-0.000399125 -8.29302e-06 -1.87614e-18
-0.000399125 -8.28191e-06 -1.87613e-18
-0.000399125 -8.27632e-06 -1.87612e-18
-0.000399125 -8.2752e-06 -1.87612e-18
-0.000399125 -8.27747e-06 -1.87612e-18
-0.000399125 -8.28199e-06 -1.87611e-18
-0.000399125 -8.28763e-06 -1.87611e-18
-0.000399125 -8.2932e-06 -1.87611e-18
-0.000399125 -8.2975e-06 -1.8761e-18
-0.000399125 -8.29937e-06 -1.8761e-18
-0.000399125 -8.29765e-06 -1.87609e-18
-0.000399125 -8.29114e-06 -1.87609e-18
-0.000399125 -8.27861e-06 -1.87608e-18
-0.000399125 -8.25893e-06 -1.87607e-18
-0.000399125 -8.23107e-06 -1.87606e-18
-0.000399125 -8.19412e-06 -1.87604e-18
-0.000399124 -8.14731e-06 -1.87603e-18
-0.000399124 -8.08997e-06 -1.87601e-18
-0.000399124 -8.02159e-06 -1.87598e-18
-0.000399124 -7.94181e-06 -1.87596e-18
-0.000399124 -7.8504e-06 -1.87593e-18
-0.000399124 -7.74725e-06 -1.8759e-18
-0.000399124 -7.63247e-06 -1.87586e-18
-0.000399123 -7.50648e-06 -1.87582e-18
-0.000399123 -7.36994e-06 -1.87578e-18
-0.000399123 -7.22362e-06 -1.87574e-18
-0.000399123 -7.06838e-06 -1.87569e-18
-0.000399123 -6.90523e-06 -1.87564e-18
-0.000399123 -6.73527e-06 -1.87559e-18
-0.000399122 -6.55964e-06 -1.87554e-18
-0.000399122 -6.37945e-06 -1.87548e-18
-0.000399122 -6.19587e-06 -1.87543e-18
-0.000399122 -6.01004e-06 -1.87537e-18
-0.000399122 -5.82304e-06 -1.87531e-18
-0.000399121 -5.63594e-06 -1.87526e-18
-0.000399121 -5.44976e-06 -1.8752e-18
-0.000399121 -5.26548e-06 -1.87514e-18
-0.000399121 -5.08399e-06 -1.87509e-18
-0.000399121 -4.90611e-06 -1.87503e-18
-0.000399121 -4.73256e-06 -1.87498e-18
-0.00039912 -4.56396e-06 -1.87493e-18
-0.00039912 -4.40086e-06 -1.87487e-18
-0.00039912 -4.24363e-06 -1.87482e-18
-0.00039912 -4.0924e-06 -1.87478e-18
-0.00039912 -3.9471e-06 -1.87473e-18
-0.00039912 -3.80758e-06 -1.87468e-18
-0.00039912 -3.67352e-06 -1.87464e-18
-0.00039912 -3.54431e-06 -1.8746e-18
-0.00039912 -3.41911e-06 -1.87456e-18
-0.00039912 -3.29704e-06 -1.87452e-18
-0.000399119 -3.17722e-06 -1.87448e-18
-0.000399119 -3.05878e-06 -1.87444e-18
-0.000399119 -2.94088e-06 -1.8744e-18
-0.000399119 -2.82269e-06 -1.87436e-18
-0.000399119 -2.70354e-06 -1.87432e-18
-0.000399119 -2.58302e-06 -1.87428e-18
-0.000399119 -2.46093e-06 -1.87424e-18
-0.000399118 -2.33714e-06 -1.8742e-18
-0.000399118 -2.21156e-06 -1.87416e-18
-0.000399118 -2.08416e-06 -1.87412e-18
-0.000399118 -1.95495e-06 -1.87408e-18
-0.000399118 -1.82397e-06 -1.87403e-18
-0.000399118 -1.69125e-06 -1.87399e-18
-0.000399118 -1.55678e-06 -1.87395e-18
-0.000399117 -1.42054e-06 -1.8739e-18
-0.000399117 -1.28249e-06 -1.87386e-18
-0.000399117 -1.14268e-06 -1.87381e-18
-0.000399117 -1.00136e-06 -1.87376e-18
-0.000399117 -8.58887e-07 -1.87372e-18
-0.000399117 -7.15628e-07 -1.87367e-18
-0.000399116 -5.7183e-07 -1.87362e-18
-0.000399116 -4.27532e-07 -1.87358e-18
-0.000399116 -2.82612e-07 -1.87353e-18
-0.000399116 -1.36881e-07 -1.87348e-18
-0.000399116 9.95458e-09 -1.87343e-18
-0.000399115 1.58371e-07 -1.87338e-18
-0.000399115 3.08972e-07 -1.87333e-18
-0.000399115 4.62409e-07 -1.87328e-18
-0.000399115 6.19348e-07 -1.87323e-18
-0.000399115 7.80494e-07 -1.87318e-18
-0.000399114 9.46553e-07 -1.87313e-18
-0.000399114 1.11822e-06 -1.87307e-18
-0.000399114 1.29599e-06 -1.87301e-18
-0.000399114 1.47999e-06 -1.87295e-18
-0.000399113 1.67004e-06 -1.87289e-18
-0.000399113 1.86587e-06 -1.87283e-18
-0.000399113 2.06706e-06 -1.87277e-18
-0.000399112 2.27297e-06 -1.8727e-18
-0.000399112 2.48278e-06 -1.87264e-18
-0.000399112 2.69557e-06 -1.87257e-18
-0.000399112 2.9105e-06 -1.87251e-18
-0.000399111 3.12707e-06 -1.87244e-18
-0.000399111 3.34497e-06 -1.87237e-18
-0.000399111 3.56385e-06 -1.8723e-18
-0.00039911 3.78336e-06 -1.87224e-18
-0.00039911 4.00333e-06 -1.87217e-18
-0.00039911 4.22359e-06 -1.8721e-18
-0.00039911 4.44398e-06 -1.87204e-18
-0.000399109 4.66422e-06 -1.87197e-18
-0.000399109 4.88394e-06 -1.8719e-18
-0.000399109 5.1027e-06 -1.87184e-18
-0.000399109 5.31998e-06 -1.87177e-18
-0.000399109 5.53518e-06 -1.87171e-18
-0.000399108 5.74752e-06 -1.87164e-18
-0.000399108 5.95608e-06 -1.87158e-18
-0.000399108 6.15995e-06 -1.87152e-18
-0.000399108 6.35821e-06 -1.87146e-18
-0.000399108 6.54996e-06 -1.8714e-18
-0.000399107 6.7343e-06 -1.87135e-18
-0.000399107 6.91041e-06 -1.8713e-18
-0.000399107 7.07747e-06 -1.87125e-18
-0.000399107 7.23458e-06 -1.8712e-18
-0.000399107 7.38081e-06 -1.87115e-18
-0.000399107 7.51535e-06 -1.87111e-18
-0.000399107 7.63748e-06 -1.87107e-18
-0.000399107 7.7466e-06 -1.87104e-18
-0.000399107 7.84225e-06 -1.87101e-18
-0.000399107 7.92409e-06 -1.87098e-18
-0.000399108 7.99201e-06 -1.87096e-18
-0.000399109 8.04614e-06 -1.87094e-18
-0.00039911 8.08684e-06 -1.87093e-18
-0.000399111 8.11464e-06 -1.87092e-18
-0.000399112 8.13021e-06 -1.87091e-18
-0.000399113 8.13441e-06 -1.8709e-18
-0.000399114 8.12828e-06 -1.8709e-18
-0.000399115 8.11292e-06 -1.8709e-18
-0.000399116 8.08952e-06 -1.87091e-18
-0.000399117 8.05934e-06 -1.87091e-18
-0.000399118 8.02368e-06 -1.87092e-18
-0.000399119 7.98384e-06 -1.87093e-18
-0.00039912 7.94105e-06 -1.87094e-18
-0.000399121 7.89634e-06 -1.87095e-18
-0.000399122 7.8506e-06 -1.87096e-18
-0.000399122 7.80463e-06 -1.87097e-18
-0.000399123 7.75916e-06 -1.87098e-18
-0.000399123 7.71487e-06 -1.87099e-18
-0.000399124 7.67237e-06 -1.871e-18
-0.000399124 7.63213e-06 -1.87101e-18
-0.000399125 7.59451e-06 -1.87103e-18
-0.000399125 7.55957e-06 -1.87103e-18
-0.000399125 7.5272e-06 -1.87104e-18
-0.000399126 7.49715e-06 -1.87105e-18
-0.000399126 7.46911e-06 -1.87106e-18
-0.000399126 7.44277e-06 -1.87107e-18
-0.000399126 7.41778e-06 -1.87108e-18
-0.000399126 7.39375e-06 -1.87109e-18
-0.000399127 7.37028e-06 -1.8711e-18
-0.000399127 7.34711e-06 -1.8711e-18
-0.000399127 7.32406e-06 -1.87111e-18
-0.000399127 7.30091e-06 -1.87112e-18
-0.000399127 7.27749e-06 -1.87113e-18
-0.000399126 7.25364e-06 -1.87114e-18
-0.000399126 7.22924e-06 -1.87115e-18
-0.000399126 7.2042e-06 -1.87116e-18
-0.000399125 7.17851e-06 -1.87117e-18
-0.000399125 7.15236e-06 -1.87118e-18
-0.000399124 7.1261e-06 -1.87119e-18
-0.000399124 7.10011e-06 -1.8712e-18
-0.000399123 7.07475e-06 -1.87121e-18
-0.000399122 7.05028e-06 -1.87122e-18
-0.000399122 7.02689e-06 -1.87123e-18
-0.000399121 7.00476e-06 -1.87124e-18
-0.00039912 6.98402e-06 -1.87124e-18
-0.000399119 6.96455e-06 -1.87125e-18
-0.000399118 6.94612e-06 -1.87126e-18
-0.000399117 6.92847e-06 -1.87127e-18
-0.000399116 6.91117e-06 -1.87127e-18
-0.000399114 6.89341e-06 -1.87128e-18
-0.000399113 6.87407e-06 -1.87129e-18
-0.000399112 6.85204e-06 -1.8713e-18
-0.000399112 6.82621e-06 -1.87131e-18
-0.000399112 6.79547e-06 -1.87132e-18
-0.000399112 6.75868e-06 -1.87133e-18
-0.000399112 6.71477e-06 -1.87135e-18
-0.000399112 6.66281e-06 -1.87136e-18
-0.000399112 6.60203e-06 -1.87138e-18
-0.000399113 6.53184e-06 -1.8714e-18
-0.000399113 6.45173e-06 -1.87143e-18
-0.000399113 6.36139e-06 -1.87146e-18
-0.000399113 6.26091e-06 -1.87149e-18
-0.000399114 6.15065e-06 -1.87152e-18
-0.000399114 6.03108e-06 -1.87156e-18
-0.000399114 5.90269e-06 -1.8716e-18
-0.000399114 5.76596e-06 -1.87164e-18
-0.000399115 5.62138e-06 -1.87168e-18
-0.000399115 5.46947e-06 -1.87173e-18
-0.000399115 5.31082e-06 -1.87177e-18
-0.000399115 5.14613e-06 -1.87182e-18
-0.000399116 4.97622e-06 -1.87187e-18
-0.000399116 4.80189e-06 -1.87193e-18
-0.000399116 4.62407e-06 -1.87198e-18
-0.000399116 4.44395e-06 -1.87203e-18
-0.000399117 4.26286e-06 -1.87209e-18
-0.000399117 4.08218e-06 -1.87214e-18
-0.000399117 3.90314e-06 -1.8722e-18
-0.000399117 3.72688e-06 -1.87225e-18
-0.000399117 3.5544e-06 -1.8723e-18
-0.000399117 3.38662e-06 -1.87236e-18
-0.000399117 3.22438e-06 -1.87241e-18
-0.000399117 3.06844e-06 -1.87245e-18
-0.000399118 2.91948e-06 -1.8725e-18
-0.000399118 2.77809e-06 -1.87255e-18
-0.000399118 2.6447e-06 -1.87259e-18
-0.000399118 2.51953e-06 -1.87263e-18
-0.000399118 2.40257e-06 -1.87267e-18
-0.000399118 2.29374e-06 -1.8727e-18
-0.000399118 2.19291e-06 -1.87274e-18
-0.000399118 2.09989e-06 -1.87277e-18
-0.000399118 2.01447e-06 -1.8728e-18
-0.000399118 1.93639e-06 -1.87283e-18
-0.000399118 1.86515e-06 -1.87285e-18
-0.000399118 1.79972e-06 -1.87287e-18
-0.000399118 1.73875e-06 -1.8729e-18
-0.000399118 1.68081e-06 -1.87292e-18
-0.000399118 1.62439e-06 -1.87294e-18
-0.000399118 1.56785e-06 -1.87296e-18
-0.000399118 1.50947e-06 -1.87298e-18
-0.000399118 1.44756e-06 -1.87301e-18
-0.000399118 1.38056e-06 -1.87303e-18
-0.000399118 1.30722e-06 -1.87306e-18
-0.000399119 1.22655e-06 -1.87309e-18
-0.000399119 1.13763e-06 -1.87312e-18
-0.000399119 1.03962e-06 -1.87315e-18
-0.000399119 9.31774e-07 -1.87319e-18
-0.000399119 8.13407e-07 -1.87323e-18
-0.00039912 6.83917e-07 -1.87327e-18
-0.00039912 5.42845e-07 -1.87331e-18
-0.00039912 3.89965e-07 -1.87336e-18
-0.00039912 2.25238e-07 -1.87342e-18
-0.000399121 4.87026e-08 -1.87347e-18
-0.000399121 -1.39525e-07 -1.87353e-18
-0.000399121 -3.39247e-07 -1.87359e-18
-0.000399122 -5.50188e-07 -1.87366e-18
-0.000399122 -7.72028e-07 -1.87373e-18
-0.000399122 -1.00437e-06 -1.8738e-18
-0.000399122 -1.24669e-06 -1.87388e-18
-0.000399123 -1.4984e-06 -1.87395e-18
-0.000399123 -1.75885e-06 -1.87403e-18
-0.000399123 -2.02733e-06 -1.87412e-18
-0.000399124 -2.30307e-06 -1.8742e-18
-0.000399124 -2.58521e-06 -1.87429e-18
-0.000399124 -2.87286e-06 -1.87437e-18
-0.000399124 -3.16516e-06 -1.87446e-18
-0.000399125 -3.46123e-06 -1.87455e-18
-0.000399125 -3.76021e-06 -1.87465e-18
-0.000399125 -4.06127e-06 -1.87474e-18
-0.000399125 -4.36357e-06 -1.87483e-18
-0.000399125 -4.66639e-06 -1.87492e-18
-0.000399126 -4.96908e-06 -1.87501e-18
-0.000399126 -5.27098e-06 -1.87511e-18
-0.000399126 -5.57149e-06 -1.8752e-18
-0.000399126 -5.87005e-06 -1.87529e-18
-0.000399126 -6.16615e-06 -1.87538e-18
-0.000399126 -6.4593e-06 -1.87547e-18
-0.000399127 -6.74897e-06 -1.87556e-18
-0.000399127 -7.03452e-06 -1.87565e-18
-0.000399127 -7.31525e-06 -1.87573e-18
-0.000399127 -7.59048e-06 -1.87582e-18
-0.000399127 -7.85949e-06 -1.8759e-18
-0.000399127 -8.12158e-06 -1.87598e-18
-0.000399127 -8.37602e-06 -1.87606e-18
-0.000399127 -8.62212e-06 -1.87614e-18
-0.000399127 -8.85934e-06 -1.87621e-18
-0.000399128 -9.08742e-06 -1.87628e-18
-0.000399128 -9.30629e-06 -1.87635e-18
-0.000399128 -9.51601e-06 -1.87642e-18
-0.000399128 -9.71671e-06 -1.87648e-18
-0.000399128 -9.90875e-06 -1.87654e-18
-0.000399128 -1.00926e-05 -1.8766e-18
-0.000399128 -1.02689e-05 -1.87666e-18
-0.000399128 -1.04382e-05 -1.87671e-18
-0.000399128 -1.0601e-05 -1.87676e-18
-0.000399128 -1.0758e-05 -1.87681e-18
-0.000399128 -1.09096e-05 -1.87686e-18
-0.000399128 -1.10565e-05 -1.87691e-18
-0.000399128 -1.11991e-05 -1.87696e-18
-0.000399128 -1.13377e-05 -1.87701e-18
-0.000399128 -1.1473e-05 -1.87705e-18
-0.000399129 -1.16052e-05 -1.8771e-18
-0.000399129 -1.17351e-05 -1.87714e-18
-0.000399129 -1.18636e-05 -1.87718e-18
-0.000399129 -1.19915e-05 -1.87723e-18
-0.000399129 -1.21195e-05 -1.87727e-18
-0.000399129 -1.22483e-05 -1.87731e-18
-0.000399129 -1.23783e-05 -1.87735e-18
-0.000399129 -1.251e-05 -1.8774e-18
-0.000399129 -1.26438e-05 -1.87744e-18
-0.000399129 -1.27801e-05 -1.87749e-18
-0.000399129 -1.29192e-05 -1.87753e-18
-0.000399129 -1.30615e-05 -1.87758e-18
-0.000399129 -1.32072e-05 -1.87762e-18
-0.00039913 -1.33562e-05 -1.87767e-18
-0.00039913 -1.3508e-05 -1.87772e-18
-0.00039913 -1.36624e-05 -1.87777e-18
-0.00039913 -1.38187e-05 -1.87782e-18
-0.00039913 -1.39765e-05 -1.87787e-18
-0.00039913 -1.41353e-05 -1.87792e-18
-0.00039913 -1.42942e-05 -1.87797e-18
-0.00039913 -1.44527e-05 -1.87802e-18
-0.000399131 -1.46103e-05 -1.87806e-18
-0.000399132 -1.47665e-05 -1.87811e-18
-0.000399133 -1.49207e-05 -1.87816e-18
-0.000399135 -1.50725e-05 -1.87821e-18
-0.000399136 -1.52214e-05 -1.87825e-18
-0.000399137 -1.53669e-05 -1.8783e-18
-0.000399138 -1.55086e-05 -1.87834e-18
-0.000399139 -1.5646e-05 -1.87838e-18
-0.00039914 -1.57784e-05 -1.87842e-18
-0.000399141 -1.59053e-05 -1.87846e-18
-0.000399142 -1.60258e-05 -1.8785e-18
-0.000399143 -1.61394e-05 -1.87853e-18
-0.000399144 -1.62454e-05 -1.87856e-18
-0.000399145 -1.63432e-05 -1.87859e-18
-0.000399146 -1.64323e-05 -1.87862e-18
-0.000399147 -1.65123e-05 -1.87865e-18
-0.000399148 -1.65829e-05 -1.87867e-18
-0.000399149 -1.66441e-05 -1.87869e-18
-0.00039915 -1.6696e-05 -1.87871e-18
-0.000399151 -1.67387e-05 -1.87872e-18
-0.000399152 -1.67722e-05 -1.87873e-18
-0.000399153 -1.67968e-05 -1.87874e-18
-0.000399154 -1.68125e-05 -1.87875e-18
-0.000399154 -1.68198e-05 -1.87875e-18
-0.000399155 -1.68191e-05 -1.87875e-18
-0.000399156 -1.68111e-05 -1.87875e-18
-0.000399157 -1.67965e-05 -1.87875e-18
-0.000399157 -1.6776e-05 -1.87875e-18
-0.000399158 -1.67505e-05 -1.87874e-18
-0.000399159 -1.67208e-05 -1.87874e-18
-0.000399159 -1.66876e-05 -1.87873e-18
-0.00039916 -1.66518e-05 -1.87872e-18
-0.000399161 -1.66145e-05 -1.87871e-18
-0.000399161 -1.65765e-05 -1.8787e-18
-0.000399162 -1.65389e-05 -1.8787e-18
-0.000399162 -1.65027e-05 -1.87869e-18
-0.000399162 -1.64687e-05 -1.87868e-18
-0.000399163 -1.64376e-05 -1.87867e-18
-0.000399163 -1.64102e-05 -1.87867e-18
-0.000399163 -1.63871e-05 -1.87866e-18
-0.000399163 -1.63687e-05 -1.87866e-18
-0.000399163 -1.63556e-05 -1.87865e-18
-0.000399163 -1.63481e-05 -1.87865e-18
-0.000399163 -1.63464e-05 -1.87865e-18
-0.000399163 -1.63509e-05 -1.87865e-18
-0.000399163 -1.63616e-05 -1.87866e-18
-0.000399163 -1.63785e-05 -1.87866e-18
-0.000399163 -1.64018e-05 -1.87867e-18
-0.000399163 -1.64316e-05 -1.87868e-18
-0.000399163 -1.64684e-05 -1.87869e-18
-0.000399163 -1.65125e-05 -1.8787e-18
-0.000399162 -1.6564e-05 -1.87872e-18
-0.000399162 -1.66229e-05 -1.87873e-18
-0.000399162 -1.66892e-05 -1.87875e-18
-0.000399162 -1.67625e-05 -1.87877e-18
-0.000399161 -1.68425e-05 -1.87879e-18
-0.000399161 -1.69286e-05 -1.87882e-18
-0.00039916 -1.70202e-05 -1.87884e-18
-0.00039916 -1.71165e-05 -1.87887e-18
-0.000399159 -1.72165e-05 -1.8789e-18
-0.000399159 -1.73193e-05 -1.87893e-18
-0.000399159 -1.74235e-05 -1.87895e-18
-0.000399158 -1.75278e-05 -1.87898e-18
-0.000399158 -1.76312e-05 -1.87901e-18
-0.000399157 -1.77324e-05 -1.87904e-18
-0.000399156 -1.78306e-05 -1.87907e-18
-0.000399156 -1.79248e-05 -1.87909e-18
-0.000399155 -1.80142e-05 -1.87912e-18
-0.000399154 -1.80981e-05 -1.87914e-18
-0.000399154 -1.81761e-05 -1.87916e-18
-0.000399153 -1.82478e-05 -1.87918e-18
-0.000399152 -1.83126e-05 -1.8792e-18
-0.000399152 -1.83701e-05 -1.87922e-18
-0.000399151 -1.84196e-05 -1.87923e-18
-0.00039915 -1.84605e-05 -1.87924e-18
-0.000399149 -1.84924e-05 -1.87925e-18
-0.000399148 -1.85148e-05 -1.87925e-18
-0.000399148 -1.85273e-05 -1.87926e-18
-0.000399147 -1.85296e-05 -1.87926e-18
-0.000399146 -1.85215e-05 -1.87925e-18
-0.000399145 -1.85026e-05 -1.87925e-18
-0.000399144 -1.8473e-05 -1.87924e-18
-0.000399144 -1.84324e-05 -1.87923e-18
-0.000399143 -1.83809e-05 -1.87921e-18
-0.000399142 -1.8319e-05 -1.87919e-18
-0.000399141 -1.82472e-05 -1.87917e-18
-0.00039914 -1.81661e-05 -1.87915e-18
-0.000399139 -1.80765e-05 -1.87912e-18
-0.000399139 -1.79791e-05 -1.87909e-18
-0.000399138 -1.78745e-05 -1.87906e-18
-0.000399137 -1.77635e-05 -1.87902e-18
-0.000399136 -1.76469e-05 -1.87899e-18
-0.000399136 -1.75253e-05 -1.87895e-18
-0.000399135 -1.73995e-05 -1.87891e-18
-0.000399134 -1.72704e-05 -1.87887e-18
-0.000399134 -1.71386e-05 -1.87883e-18
-0.000399133 -1.70045e-05 -1.87879e-18
-0.000399132 -1.68687e-05 -1.87875e-18
-0.000399132 -1.67315e-05 -1.87871e-18
-0.000399131 -1.65931e-05 -1.87867e-18
-0.000399131 -1.64536e-05 -1.87862e-18
-0.000399131 -1.63128e-05 -1.87858e-18
-0.000399131 -1.61703e-05 -1.87854e-18
-0.000399131 -1.60262e-05 -1.87849e-18
-0.000399131 -1.58806e-05 -1.87845e-18
-0.000399131 -1.5734e-05 -1.8784e-18
-0.000399131 -1.5587e-05 -1.87835e-18
-0.00039913 -1.54398e-05 -1.87831e-18
-0.00039913 -1.52925e-05 -1.87826e-18
-0.00039913 -1.51449e-05 -1.87822e-18
-0.00039913 -1.49967e-05 -1.87817e-18
-0.00039913 -1.48474e-05 -1.87812e-18
-0.00039913 -1.46965e-05 -1.87807e-18
-0.00039913 -1.45432e-05 -1.87803e-18
-0.00039913 -1.43868e-05 -1.87798e-18
-0.00039913 -1.42264e-05 -1.87793e-18
-0.00039913 -1.40611e-05 -1.87787e-18
-0.000399129 -1.38902e-05 -1.87782e-18
-0.000399129 -1.37128e-05 -1.87776e-18
-0.000399129 -1.35282e-05 -1.8777e-18
-0.000399129 -1.33358e-05 -1.87764e-18
-0.000399129 -1.31355e-05 -1.87758e-18
-0.000399129 -1.29268e-05 -1.87752e-18
-0.000399129 -1.27099e-05 -1.87745e-18
-0.000399128 -1.2485e-05 -1.87738e-18
-0.000399128 -1.22528e-05 -1.87731e-18
-0.000399128 -1.20142e-05 -1.87723e-18
-0.000399128 -1.17697e-05 -1.87716e-18
-0.000399128 -1.15203e-05 -1.87708e-18
-0.000399127 -1.12666e-05 -1.877e-18
-0.000399127 -1.10095e-05 -1.87692e-18
-0.000399127 -1.07496e-05 -1.87684e-18
-0.000399127 -1.04879e-05 -1.87676e-18
-0.000399126 -1.02249e-05 -1.87668e-18
-0.000399126 -9.96162e-06 -1.8766e-18
-0.000399126 -9.69857e-06 -1.87652e-18
-0.000399126 -9.43619e-06 -1.87643e-18
-0.000399126 -9.17476e-06 -1.87635e-18
-0.000399125 -8.91449e-06 -1.87627e-18
-0.000399125 -8.65547e-06 -1.87619e-18
-0.000399125 -8.39755e-06 -1.87611e-18
-0.000399125 -8.14038e-06 -1.87603e-18
-0.000399124 -7.88362e-06 -1.87595e-18
-0.000399124 -7.62702e-06 -1.87587e-18
-0.000399124 -7.37057e-06 -1.87579e-18
-0.000399124 -7.11446e-06 -1.87571e-18
-0.000399124 -6.85894e-06 -1.87563e-18
-0.000399123 -6.60425e-06 -1.87555e-18
-0.000399123 -6.35062e-06 -1.87548e-18
-0.000399123 -6.09826e-06 -1.8754e-18
-0.000399123 -5.84743e-06 -1.87532e-18
-0.000399122 -5.59837e-06 -1.87524e-18
-0.000399122 -5.3513e-06 -1.87517e-18
-0.000399122 -5.10643e-06 -1.87509e-18
-0.000399122 -4.86398e-06 -1.87502e-18
-0.000399122 -4.62416e-06 -1.87494e-18
-0.000399121 -4.38714e-06 -1.87487e-18
-0.000399121 -4.15304e-06 -1.8748e-18
-0.000399121 -3.92199e-06 -1.87473e-18
-0.000399121 -3.69415e-06 -1.87466e-18
-0.00039912 -3.46985e-06 -1.87459e-18
-0.00039912 -3.24943e-06 -1.87452e-18
-0.00039912 -3.03328e-06 -1.87445e-18
-0.00039912 -2.82168e-06 -1.87439e-18
-0.00039912 -2.61479e-06 -1.87432e-18
-0.00039912 -2.41265e-06 -1.87426e-18
-0.000399119 -2.21526e-06 -1.8742e-18
-0.000399119 -2.02255e-06 -1.87414e-18
-0.000399119 -1.83444e-06 -1.87408e-18
-0.000399119 -1.65081e-06 -1.87402e-18
-0.000399119 -1.47149e-06 -1.87397e-18
-0.000399119 -1.29629e-06 -1.87391e-18
-0.000399118 -1.12515e-06 -1.87385e-18
-0.000399118 -9.58055e-07 -1.8738e-18
-0.000399118 -7.94932e-07 -1.87375e-18
-0.000399118 -6.35699e-07 -1.8737e-18
-0.000399118 -4.80313e-07 -1.87365e-18
-0.000399118 -3.28752e-07 -1.8736e-18
-0.000399118 -1.80936e-07 -1.87355e-18
-0.000399117 -3.67774e-08 -1.8735e-18
-0.000399117 1.03773e-07 -1.87345e-18
-0.000399117 2.40733e-07 -1.87341e-18
-0.000399117 3.74166e-07 -1.87336e-18
-0.000399117 5.04197e-07 -1.87332e-18
-0.000399117 6.31056e-07 -1.87327e-18
-0.000399117 7.55038e-07 -1.87323e-18
-0.000399117 8.76472e-07 -1.87319e-18
-0.000399116 9.95787e-07 -1.87315e-18
-0.000399116 1.11364e-06 -1.87311e-18
-0.000399116 1.23084e-06 -1.87307e-18
-0.000399116 1.34819e-06 -1.87303e-18
-0.000399116 1.46647e-06 -1.87299e-18
-0.000399116 1.58647e-06 -1.87295e-18
-0.000399115 1.70891e-06 -1.87291e-18
-0.000399115 1.83448e-06 -1.87286e-18
-0.000399115 1.96386e-06 -1.87282e-18
-0.000399115 2.09782e-06 -1.87278e-18
-0.000399115 2.23716e-06 -1.87273e-18
-0.000399114 2.38263e-06 -1.87268e-18
-0.000399114 2.53477e-06 -1.87263e-18
-0.000399114 2.69389e-06 -1.87258e-18
-0.000399114 2.86005e-06 -1.87253e-18
-0.000399113 3.0332e-06 -1.87248e-18
-0.000399113 3.21318e-06 -1.87242e-18
-0.000399113 3.39955e-06 -1.87236e-18
-0.000399112 3.59173e-06 -1.8723e-18
-0.000399112 3.78905e-06 -1.87224e-18
-0.000399112 3.99083e-06 -1.87218e-18
-0.000399112 4.19646e-06 -1.87211e-18
-0.000399111 4.40532e-06 -1.87205e-18
-0.000399111 4.61682e-06 -1.87198e-18
-0.000399111 4.83035e-06 -1.87192e-18
-0.00039911 5.04522e-06 -1.87185e-18
-0.00039911 5.26075e-06 -1.87178e-18
-0.00039911 5.47627e-06 -1.87172e-18
-0.00039911 5.69118e-06 -1.87165e-18
-0.000399109 5.90501e-06 -1.87158e-18
-0.000399109 6.11741e-06 -1.87152e-18
-0.00039911 6.3281e-06 -1.87145e-18
-0.000399111 6.53678e-06 -1.87139e-18
-0.000399113 6.74321e-06 -1.87132e-18
-0.000399115 6.94719e-06 -1.87126e-18
-0.000399117 7.14855e-06 -1.8712e-18
-0.000399119 7.3471e-06 -1.87113e-18
-0.00039912 7.54241e-06 -1.87107e-18
-0.000399122 7.73399e-06 -1.87101e-18
-0.000399124 7.92132e-06 -1.87095e-18
-0.000399126 8.10395e-06 -1.8709e-18
-0.000399128 8.28155e-06 -1.87084e-18
-0.000399129 8.45383e-06 -1.87078e-18
-0.000399131 8.62058e-06 -1.87073e-18
-0.000399132 8.78161e-06 -1.87068e-18
-0.000399134 8.93682e-06 -1.87063e-18
-0.000399136 9.08618e-06 -1.87058e-18
-0.000399137 9.22968e-06 -1.87054e-18
-0.000399139 9.36746e-06 -1.87049e-18
-0.00039914 9.5001e-06 -1.87045e-18
-0.000399142 9.6284e-06 -1.87041e-18
-0.000399143 9.7532e-06 -1.87037e-18
-0.000399145 9.87525e-06 -1.87033e-18
-0.000399146 9.9951e-06 -1.87029e-18
-0.000399147 1.01131e-05 -1.87025e-18
-0.000399149 1.02297e-05 -1.87022e-18
-0.00039915 1.0345e-05 -1.87018e-18
-0.000399151 1.04592e-05 -1.87014e-18
-0.000399152 1.05722e-05 -1.87011e-18
-0.000399153 1.06839e-05 -1.87007e-18
-0.000399154 1.07943e-05 -1.87004e-18
-0.000399155 1.09034e-05 -1.87001e-18
-0.000399156 1.10112e-05 -1.86997e-18
-0.000399157 1.11177e-05 -1.86994e-18
-0.000399158 1.12229e-05 -1.86991e-18
-0.000399158 1.13269e-05 -1.86988e-18
-0.000399159 1.14297e-05 -1.86984e-18
-0.00039916 1.15312e-05 -1.86981e-18
-0.00039916 1.16314e-05 -1.86978e-18
-0.000399161 1.17304e-05 -1.86975e-18
-0.000399161 1.1828e-05 -1.86972e-18
-0.000399162 1.19241e-05 -1.8697e-18
-0.000399162 1.20186e-05 -1.86967e-18
-0.000399162 1.2111e-05 -1.86964e-18
-0.000399162 1.22004e-05 -1.86961e-18
-0.000399162 1.22861e-05 -1.86959e-18
-0.000399163 1.23675e-05 -1.86956e-18
-0.000399163 1.2444e-05 -1.86954e-18
-0.000399163 1.25152e-05 -1.86952e-18
-0.000399163 1.25807e-05 -1.8695e-18
-0.000399163 1.26403e-05 -1.86948e-18
-0.000399163 1.26938e-05 -1.86946e-18
-0.000399163 1.2741e-05 -1.86945e-18
-0.000399162 1.27819e-05 -1.86944e-18
-0.000399162 1.28165e-05 -1.86943e-18
-0.000399162 1.28446e-05 -1.86942e-18
-0.000399162 1.28661e-05 -1.86941e-18
-0.000399162 1.28809e-05 -1.86941e-18
-0.000399162 1.2889e-05 -1.86941e-18
-0.000399161 1.28902e-05 -1.86941e-18
-0.000399161 1.28846e-05 -1.86941e-18
-0.000399161 1.28721e-05 -1.86941e-18
-0.000399161 1.28528e-05 -1.86942e-18
-0.000399161 1.28268e-05 -1.86943e-18
-0.00039916 1.27945e-05 -1.86944e-18
-0.00039916 1.27562e-05 -1.86945e-18
-0.00039916 1.27123e-05 -1.86946e-18
-0.00039916 1.26632e-05 -1.86948e-18
-0.000399159 1.26095e-05 -1.8695e-18
-0.000399159 1.25516e-05 -1.86952e-18
-0.000399159 1.24899e-05 -1.86954e-18
-0.000399158 1.24246e-05 -1.86956e-18
-0.000399158 1.23558e-05 -1.86958e-18
-0.000399158 1.22836e-05 -1.8696e-18
-0.000399157 1.2208e-05 -1.86963e-18
-0.000399157 1.21288e-05 -1.86965e-18
-0.000399156 1.20462e-05 -1.86968e-18
-0.000399156 1.19601e-05 -1.8697e-18
-0.000399155 1.18705e-05 -1.86973e-18
-0.000399155 1.17774e-05 -1.86976e-18
-0.000399154 1.16809e-05 -1.86979e-18
-0.000399154 1.1581e-05 -1.86982e-18
-0.000399153 1.14778e-05 -1.86986e-18
-0.000399152 1.13714e-05 -1.86989e-18
-0.000399152 1.12619e-05 -1.86992e-18
-0.000399151 1.11493e-05 -1.86996e-18
-0.00039915 1.10337e-05 -1.86999e-18
-0.000399149 1.09147e-05 -1.87003e-18
-0.000399148 1.0792e-05 -1.87007e-18
-0.000399148 1.0665e-05 -1.87011e-18
-0.000399147 1.05335e-05 -1.87015e-18
-0.000399146 1.03972e-05 -1.87019e-18
-0.000399145 1.02561e-05 -1.87023e-18
-0.000399144 1.01102e-05 -1.87027e-18
-0.000399142 9.95941e-06 -1.87032e-18
-0.000399141 9.80363e-06 -1.87037e-18
-0.00039914 9.64259e-06 -1.87042e-18
-0.000399139 9.47607e-06 -1.87047e-18
-0.000399138 9.30397e-06 -1.87052e-18
-0.000399136 9.12649e-06 -1.87057e-18
-0.000399135 8.94399e-06 -1.87063e-18
-0.000399134 8.7569e-06 -1.87068e-18
-0.000399132 8.56557e-06 -1.87074e-18
-0.000399131 8.37029e-06 -1.8708e-18
-0.00039913 8.17129e-06 -1.87086e-18
-0.000399128 7.96875e-06 -1.87092e-18
-0.000399127 7.76283e-06 -1.87099e-18
-0.000399126 7.55375e-06 -1.87105e-18
-0.000399125 7.34174e-06 -1.87111e-18
-0.000399124 7.12699e-06 -1.87118e-18
-0.000399123 6.90963e-06 -1.87125e-18
-0.000399122 6.68975e-06 -1.87132e-18
-0.000399121 6.46739e-06 -1.87139e-18
-0.00039912 6.24253e-06 -1.87146e-18
-0.000399119 6.01513e-06 -1.87153e-18
-0.000399118 5.78523e-06 -1.8716e-18
-0.000399118 5.55287e-06 -1.87167e-18
-0.000399118 5.31802e-06 -1.87175e-18
-0.000399119 5.08067e-06 -1.87182e-18
-0.000399119 4.84096e-06 -1.8719e-18
-0.000399119 4.59902e-06 -1.87197e-18
-0.000399119 4.35504e-06 -1.87205e-18
-0.00039912 4.1091e-06 -1.87213e-18
-0.00039912 3.86126e-06 -1.87221e-18
-0.00039912 3.61146e-06 -1.87229e-18
-0.00039912 3.35966e-06 -1.87237e-18
-0.000399121 3.1059e-06 -1.87245e-18
-0.000399121 2.85036e-06 -1.87253e-18
-0.000399121 2.59335e-06 -1.87261e-18
-0.000399121 2.33522e-06 -1.87269e-18
-0.000399122 2.07632e-06 -1.87277e-18
-0.000399122 1.81698e-06 -1.87285e-18
-0.000399122 1.55753e-06 -1.87294e-18
-0.000399122 1.29831e-06 -1.87302e-18
-0.000399123 1.03967e-06 -1.8731e-18
-0.000399123 7.8189e-07 -1.87318e-18
-0.000399123 5.25248e-07 -1.87326e-18
-0.000399123 2.70002e-07 -1.87334e-18
-0.000399123 1.63663e-08 -1.87342e-18
-0.000399124 -2.35608e-07 -1.8735e-18
-0.000399124 -4.85961e-07 -1.87358e-18
-0.000399124 -7.34768e-07 -1.87366e-18
-0.000399124 -9.82137e-07 -1.87374e-18
-0.000399124 -1.22831e-06 -1.87382e-18
-0.000399125 -1.4736e-06 -1.8739e-18
-0.000399125 -1.71834e-06 -1.87397e-18
-0.000399125 -1.96276e-06 -1.87405e-18
-0.000399125 -2.20682e-06 -1.87413e-18
-0.000399125 -2.4503e-06 -1.87421e-18
-0.000399125 -2.69296e-06 -1.87428e-18
-0.000399126 -2.93473e-06 -1.87436e-18
-0.000399126 -3.17589e-06 -1.87444e-18
-0.000399126 -3.41696e-06 -1.87451e-18
-0.000399126 -3.65854e-06 -1.87459e-18
-0.000399126 -3.90125e-06 -1.87467e-18
-0.000399127 -4.14579e-06 -1.87475e-18
-0.000399127 -4.39292e-06 -1.87483e-18
-0.000399127 -4.64339e-06 -1.87491e-18
-0.000399127 -4.89786e-06 -1.87499e-18
-0.000399127 -5.15675e-06 -1.87507e-18
-0.000399128 -5.42034e-06 -1.87515e-18
-0.000399128 -5.68886e-06 -1.87524e-18
-0.000399128 -5.96232e-06 -1.87532e-18
-0.000399128 -6.24034e-06 -1.87541e-18
-0.000399128 -6.52223e-06 -1.8755e-18
-0.000399129 -6.80726e-06 -1.87559e-18
-0.000399129 -7.09468e-06 -1.87568e-18
-0.000399129 -7.38378e-06 -1.87577e-18
-0.000399129 -7.67389e-06 -1.87586e-18
-0.000399129 -7.96435e-06 -1.87595e-18
-0.000399129 -8.25457e-06 -1.87604e-18
-0.00039913 -8.54415e-06 -1.87613e-18
-0.00039913 -8.83285e-06 -1.87622e-18
-0.00039913 -9.12044e-06 -1.87631e-18
-0.00039913 -9.40672e-06 -1.8764e-18
-0.00039913 -9.69142e-06 -1.87649e-18
-0.00039913 -9.97429e-06 -1.87658e-18
-0.00039913 -1.02551e-05 -1.87667e-18
-0.000399131 -1.05336e-05 -1.87676e-18
-0.000399131 -1.08096e-05 -1.87684e-18
-0.000399131 -1.10831e-05 -1.87693e-18
-0.000399131 -1.13541e-05 -1.87702e-18
-0.000399131 -1.16224e-05 -1.8771e-18
-0.000399131 -1.1888e-05 -1.87718e-18
-0.000399131 -1.21507e-05 -1.87727e-18
-0.000399131 -1.24105e-05 -1.87735e-18
-0.000399131 -1.26674e-05 -1.87743e-18
-0.000399132 -1.29214e-05 -1.87751e-18
-0.000399132 -1.3173e-05 -1.87759e-18
-0.000399133 -1.34223e-05 -1.87767e-18
-0.000399135 -1.36698e-05 -1.87775e-18
-0.000399136 -1.39153e-05 -1.87783e-18
-0.000399138 -1.4159e-05 -1.87791e-18
-0.00039914 -1.44007e-05 -1.87799e-18
-0.000399141 -1.46404e-05 -1.87806e-18
-0.000399143 -1.48783e-05 -1.87814e-18
-0.000399144 -1.51148e-05 -1.87822e-18
-0.000399146 -1.53502e-05 -1.87829e-18
-0.000399147 -1.55848e-05 -1.87837e-18
-0.000399149 -1.58188e-05 -1.87844e-18
-0.00039915 -1.60526e-05 -1.87852e-18
-0.000399152 -1.62864e-05 -1.87859e-18
-0.000399153 -1.65202e-05 -1.87867e-18
-0.000399154 -1.67543e-05 -1.87875e-18
-0.000399156 -1.69888e-05 -1.87882e-18
-0.000399157 -1.72236e-05 -1.8789e-18
-0.000399158 -1.74588e-05 -1.87897e-18
-0.000399159 -1.76943e-05 -1.87905e-18
-0.000399161 -1.79299e-05 -1.87912e-18
-0.000399162 -1.81654e-05 -1.8792e-18
-0.000399163 -1.84007e-05 -1.87927e-18
-0.000399164 -1.86356e-05 -1.87935e-18
-0.000399166 -1.887e-05 -1.87942e-18
-0.000399167 -1.91007e-05 -1.8795e-18
-0.000399168 -1.93281e-05 -1.87957e-18
-0.00039917 -1.95553e-05 -1.87964e-18
-0.000399171 -1.97821e-05 -1.87971e-18
-0.000399173 -2.00087e-05 -1.87979e-18
-0.000399174 -2.02351e-05 -1.87986e-18
-0.000399175 -2.04613e-05 -1.87993e-18
-0.000399177 -2.0687e-05 -1.88e-18
-0.000399178 -2.09123e-05 -1.88007e-18
-0.000399179 -2.11368e-05 -1.88014e-18
-0.000399181 -2.13605e-05 -1.88021e-18
-0.000399182 -2.1583e-05 -1.88028e-18
-0.000399183 -2.1804e-05 -1.88035e-18
-0.000399184 -2.20234e-05 -1.88042e-18
-0.000399187 -2.22404e-05 -1.88049e-18
-0.00039919 -2.24549e-05 -1.88056e-18
-0.000399193 -2.2667e-05 -1.88062e-18
-0.000399196 -2.28762e-05 -1.88069e-18
-0.000399198 -2.30819e-05 -1.88075e-18
-0.000399201 -2.32833e-05 -1.88082e-18
-0.000399204 -2.34795e-05 -1.88088e-18
-0.000399206 -2.36699e-05 -1.88094e-18
-0.000399209 -2.38534e-05 -1.88099e-18
-0.000399211 -2.40295e-05 -1.88105e-18
-0.000399214 -2.41971e-05 -1.8811e-18
-0.000399216 -2.43557e-05 -1.88115e-18
-0.000399218 -2.45044e-05 -1.8812e-18
-0.00039922 -2.46425e-05 -1.88124e-18
-0.000399222 -2.47692e-05 -1.88128e-18
-0.000399224 -2.4884e-05 -1.88132e-18
-0.000399226 -2.49867e-05 -1.88135e-18
-0.000399227 -2.50775e-05 -1.88138e-18
-0.000399229 -2.51564e-05 -1.88141e-18
-0.00039923 -2.52238e-05 -1.88143e-18
-0.000399232 -2.52799e-05 -1.88145e-18
-0.000399233 -2.53249e-05 -1.88147e-18
-0.000399234 -2.53592e-05 -1.88148e-18
-0.000399235 -2.53831e-05 -1.88149e-18
-0.000399236 -2.53965e-05 -1.8815e-18
-0.000399237 -2.53995e-05 -1.8815e-18
-0.000399238 -2.5392e-05 -1.8815e-18
-0.000399239 -2.53741e-05 -1.8815e-18
-0.000399239 -2.53458e-05 -1.88149e-18
-0.00039924 -2.53076e-05 -1.88148e-18
-0.00039924 -2.52596e-05 -1.88147e-18
-0.00039924 -2.52022e-05 -1.88145e-18
-0.00039924 -2.51361e-05 -1.88143e-18
-0.00039924 -2.50621e-05 -1.88141e-18
-0.00039924 -2.49814e-05 -1.88139e-18
-0.00039924 -2.48946e-05 -1.88137e-18
-0.00039924 -2.48022e-05 -1.88134e-18
-0.000399239 -2.47043e-05 -1.88131e-18
-0.000399239 -2.4601e-05 -1.88128e-18
-0.000399238 -2.44924e-05 -1.88125e-18
-0.000399238 -2.43784e-05 -1.88121e-18
-0.000399237 -2.42593e-05 -1.88118e-18
-0.000399236 -2.41352e-05 -1.88114e-18
-0.000399235 -2.40062e-05 -1.8811e-18
-0.000399234 -2.38729e-05 -1.88106e-18
-0.000399233 -2.37363e-05 -1.88102e-18
-0.000399232 -2.3597e-05 -1.88097e-18
-0.00039923 -2.34559e-05 -1.88093e-18
-0.000399229 -2.33136e-05 -1.88089e-18
-0.000399227 -2.31706e-05 -1.88084e-18
-0.000399226 -2.30276e-05 -1.8808e-18
-0.000399224 -2.28849e-05 -1.88075e-18
-0.000399222 -2.27427e-05 -1.8807e-18
-0.00039922 -2.2601e-05 -1.88066e-18
-0.000399219 -2.24598e-05 -1.88061e-18
-0.000399217 -2.23189e-05 -1.88057e-18
-0.000399215 -2.2178e-05 -1.88052e-18
-0.000399213 -2.20369e-05 -1.88048e-18
-0.00039921 -2.18952e-05 -1.88043e-18
-0.000399208 -2.17525e-05 -1.88038e-18
-0.000399207 -2.16082e-05 -1.88034e-18
-0.000399207 -2.14623e-05 -1.88029e-18
-0.000399206 -2.1315e-05 -1.88024e-18
-0.000399205 -2.11658e-05 -1.88019e-18
-0.000399204 -2.10147e-05 -1.88014e-18
-0.000399203 -2.08612e-05 -1.88009e-18
-0.000399202 -2.07051e-05 -1.88004e-18
-0.000399201 -2.05461e-05 -1.87999e-18
-0.0003992 -2.03837e-05 -1.87994e-18
-0.000399198 -2.02175e-05 -1.87988e-18
-0.000399197 -2.00469e-05 -1.87983e-18
-0.000399196 -1.98715e-05 -1.87977e-18
-0.000399194 -1.96908e-05 -1.87971e-18
-0.000399193 -1.95041e-05 -1.87965e-18
-0.000399191 -1.93111e-05 -1.87959e-18
-0.000399189 -1.9112e-05 -1.87953e-18
-0.000399187 -1.89072e-05 -1.87946e-18
-0.000399185 -1.86954e-05 -1.87939e-18
-0.000399183 -1.84763e-05 -1.87932e-18
-0.000399181 -1.82501e-05 -1.87925e-18
-0.000399179 -1.80166e-05 -1.87918e-18
-0.000399177 -1.77756e-05 -1.8791e-18
-0.000399175 -1.75271e-05 -1.87902e-18
-0.000399172 -1.72712e-05 -1.87894e-18
-0.00039917 -1.70081e-05 -1.87886e-18
-0.000399167 -1.67387e-05 -1.87877e-18
-0.000399165 -1.64635e-05 -1.87869e-18
-0.000399162 -1.61834e-05 -1.8786e-18
-0.00039916 -1.58993e-05 -1.87851e-18
-0.000399158 -1.5612e-05 -1.87842e-18
-0.000399156 -1.53226e-05 -1.87833e-18
-0.000399154 -1.5032e-05 -1.87824e-18
-0.000399152 -1.4741e-05 -1.87814e-18
-0.00039915 -1.44504e-05 -1.87805e-18
-0.000399148 -1.4161e-05 -1.87796e-18
-0.000399146 -1.38734e-05 -1.87787e-18
-0.000399143 -1.35883e-05 -1.87778e-18
-0.000399141 -1.33059e-05 -1.87769e-18
-0.000399139 -1.30268e-05 -1.8776e-18
-0.000399137 -1.27512e-05 -1.87751e-18
-0.000399135 -1.24791e-05 -1.87743e-18
-0.000399134 -1.22106e-05 -1.87734e-18
-0.000399134 -1.19453e-05 -1.87725e-18
-0.000399134 -1.16833e-05 -1.87717e-18
-0.000399134 -1.14245e-05 -1.87709e-18
-0.000399133 -1.1169e-05 -1.877e-18
-0.000399133 -1.09168e-05 -1.87692e-18
-0.000399133 -1.06678e-05 -1.87684e-18
-0.000399133 -1.0422e-05 -1.87676e-18
-0.000399133 -1.01788e-05 -1.87668e-18
-0.000399132 -9.93813e-06 -1.8766e-18
-0.000399132 -9.69959e-06 -1.87653e-18
-0.000399132 -9.46314e-06 -1.87645e-18
-0.000399132 -9.22892e-06 -1.87637e-18
-0.000399132 -8.99704e-06 -1.8763e-18
-0.000399131 -8.76747e-06 -1.87622e-18
-0.000399131 -8.53988e-06 -1.87614e-18
-0.000399131 -8.31373e-06 -1.87607e-18
-0.000399131 -8.08841e-06 -1.876e-18
-0.000399131 -7.86331e-06 -1.87592e-18
-0.00039913 -7.63775e-06 -1.87585e-18
-0.00039913 -7.41105e-06 -1.87577e-18
-0.00039913 -7.18251e-06 -1.8757e-18
-0.00039913 -6.95128e-06 -1.87562e-18
-0.000399129 -6.71615e-06 -1.87554e-18
-0.000399129 -6.47565e-06 -1.87546e-18
-0.000399129 -6.22832e-06 -1.87538e-18
-0.000399128 -5.97294e-06 -1.8753e-18
-0.000399128 -5.70885e-06 -1.87521e-18
-0.000399128 -5.43576e-06 -1.87513e-18
-0.000399127 -5.15352e-06 -1.87503e-18
-0.000399127 -4.86202e-06 -1.87494e-18
-0.000399127 -4.56127e-06 -1.87485e-18
-0.000399126 -4.25135e-06 -1.87475e-18
-0.000399126 -3.9324e-06 -1.87465e-18
-0.000399125 -3.60462e-06 -1.87454e-18
-0.000399125 -3.26828e-06 -1.87444e-18
-0.000399124 -2.92371e-06 -1.87433e-18
-0.000399124 -2.57132e-06 -1.87422e-18
-0.000399123 -2.21154e-06 -1.8741e-18
-0.000399123 -1.84492e-06 -1.87399e-18
-0.000399122 -1.47204e-06 -1.87387e-18
-0.000399122 -1.09357e-06 -1.87375e-18
-0.000399121 -7.10123e-07 -1.87364e-18
-0.000399121 -3.22331e-07 -1.87351e-18
-0.00039912 6.92244e-08 -1.87339e-18
-0.00039912 4.63925e-07 -1.87327e-18
-0.000399119 8.61141e-07 -1.87315e-18
-0.000399119 1.26017e-06 -1.87302e-18
-0.000399118 1.66031e-06 -1.8729e-18
-0.000399118 2.0608e-06 -1.87278e-18
-0.000399117 2.46092e-06 -1.87265e-18
-0.000399117 2.85994e-06 -1.87253e-18
-0.000399116 3.25717e-06 -1.8724e-18
-0.000399116 3.65188e-06 -1.87228e-18
-0.000399115 4.04338e-06 -1.87216e-18
-0.000399115 4.4309e-06 -1.87204e-18
-0.000399114 4.81368e-06 -1.87192e-18
-0.000399114 5.19096e-06 -1.8718e-18
-0.000399114 5.56201e-06 -1.87169e-18
-0.000399113 5.9261e-06 -1.87158e-18
-0.000399113 6.28252e-06 -1.87146e-18
-0.000399112 6.63062e-06 -1.87136e-18
-0.000399112 6.96976e-06 -1.87125e-18
-0.000399112 7.29933e-06 -1.87115e-18
-0.000399113 7.61881e-06 -1.87105e-18
-0.000399115 7.9276e-06 -1.87095e-18
-0.000399117 8.22533e-06 -1.87086e-18
-0.000399119 8.51194e-06 -1.87076e-18
-0.000399121 8.78759e-06 -1.87068e-18
-0.000399123 9.05253e-06 -1.87059e-18
-0.000399125 9.30703e-06 -1.87051e-18
-0.000399128 9.55133e-06 -1.87043e-18
-0.000399131 9.78561e-06 -1.87036e-18
-0.000399134 1.00101e-05 -1.87029e-18
-0.000399137 1.02252e-05 -1.87022e-18
-0.00039914 1.04315e-05 -1.87015e-18
-0.000399142 1.06295e-05 -1.87009e-18
-0.000399145 1.08202e-05 -1.87002e-18
-0.000399148 1.10041e-05 -1.86996e-18
-0.000399151 1.11817e-05 -1.86991e-18
-0.000399154 1.13537e-05 -1.86985e-18
-0.000399156 1.15204e-05 -1.86979e-18
-0.000399159 1.16824e-05 -1.86974e-18
-0.000399161 1.18401e-05 -1.86969e-18
-0.000399164 1.19944e-05 -1.86964e-18
-0.000399166 1.2146e-05 -1.86959e-18
-0.000399169 1.22953e-05 -1.86954e-18
-0.000399171 1.24433e-05 -1.86949e-18
-0.000399173 1.25905e-05 -1.86945e-18
-0.000399176 1.27376e-05 -1.8694e-18
-0.000399178 1.28853e-05 -1.86935e-18
-0.00039918 1.30339e-05 -1.86931e-18
-0.000399182 1.31839e-05 -1.86926e-18
-0.000399183 1.33357e-05 -1.86921e-18
-0.000399185 1.34893e-05 -1.86916e-18
-0.000399188 1.36444e-05 -1.86912e-18
-0.000399191 1.38007e-05 -1.86907e-18
-0.000399194 1.39582e-05 -1.86902e-18
-0.000399197 1.41162e-05 -1.86897e-18
-0.000399199 1.42746e-05 -1.86892e-18
-0.000399202 1.44329e-05 -1.86888e-18
-0.000399204 1.45909e-05 -1.86883e-18
-0.000399207 1.47483e-05 -1.86878e-18
-0.000399209 1.49044e-05 -1.86874e-18
-0.000399211 1.50586e-05 -1.86869e-18
-0.000399213 1.52104e-05 -1.86864e-18
-0.000399215 1.53591e-05 -1.8686e-18
-0.000399217 1.5504e-05 -1.86856e-18
-0.000399219 1.56448e-05 -1.86852e-18
-0.000399221 1.57809e-05 -1.86848e-18
-0.000399223 1.59118e-05 -1.86844e-18
-0.000399225 1.6037e-05 -1.8684e-18
-0.000399226 1.61558e-05 -1.86836e-18
-0.000399228 1.62677e-05 -1.86833e-18
-0.00039923 1.6372e-05 -1.8683e-18
-0.000399231 1.64682e-05 -1.86827e-18
-0.000399233 1.65553e-05 -1.86825e-18
-0.000399235 1.66328e-05 -1.86822e-18
-0.000399236 1.66999e-05 -1.8682e-18
-0.000399238 1.67562e-05 -1.86818e-18
-0.000399239 1.68014e-05 -1.86817e-18
-0.00039924 1.68352e-05 -1.86816e-18
-0.000399242 1.68574e-05 -1.86815e-18
-0.000399243 1.68679e-05 -1.86815e-18
-0.000399244 1.68667e-05 -1.86815e-18
-0.000399246 1.6854e-05 -1.86815e-18
-0.000399247 1.68299e-05 -1.86815e-18
-0.000399248 1.67952e-05 -1.86816e-18
-0.000399249 1.67504e-05 -1.86817e-18
-0.00039925 1.66966e-05 -1.86819e-18
-0.000399251 1.66344e-05 -1.86821e-18
-0.000399251 1.65648e-05 -1.86822e-18
-0.000399252 1.64888e-05 -1.86824e-18
-0.000399253 1.64073e-05 -1.86827e-18
-0.000399253 1.63212e-05 -1.86829e-18
-0.000399253 1.62317e-05 -1.86832e-18
-0.000399254 1.61399e-05 -1.86834e-18
-0.000399254 1.60472e-05 -1.86837e-18
-0.000399254 1.59545e-05 -1.86839e-18
-0.000399254 1.58628e-05 -1.86842e-18
-0.000399253 1.57728e-05 -1.86845e-18
-0.000399253 1.56851e-05 -1.86847e-18
-0.000399252 1.56003e-05 -1.8685e-18
-0.000399252 1.55186e-05 -1.86852e-18
-0.000399251 1.54401e-05 -1.86854e-18
-0.00039925 1.53646e-05 -1.86856e-18
-0.000399249 1.52921e-05 -1.86859e-18
-0.000399248 1.52222e-05 -1.86861e-18
-0.000399247 1.51542e-05 -1.86863e-18
-0.000399246 1.50877e-05 -1.86865e-18
-0.000399244 1.50219e-05 -1.86867e-18
-0.000399243 1.49562e-05 -1.86869e-18
-0.000399241 1.48902e-05 -1.86871e-18
-0.000399239 1.48232e-05 -1.86873e-18
-0.000399237 1.47548e-05 -1.86875e-18
-0.000399235 1.46843e-05 -1.86878e-18
-0.000399233 1.46115e-05 -1.8688e-18
-0.000399231 1.45361e-05 -1.86883e-18
-0.000399228 1.44575e-05 -1.86885e-18
-0.000399226 1.43755e-05 -1.86888e-18
-0.000399223 1.42898e-05 -1.86891e-18
-0.00039922 1.42001e-05 -1.86893e-18
-0.000399217 1.41061e-05 -1.86896e-18
-0.000399214 1.40071e-05 -1.869e-18
-0.000399211 1.39027e-05 -1.86903e-18
-0.000399208 1.37923e-05 -1.86907e-18
-0.000399205 1.36754e-05 -1.8691e-18
-0.000399203 1.35512e-05 -1.86914e-18
-0.000399201 1.34196e-05 -1.86919e-18
-0.000399199 1.32807e-05 -1.86923e-18
-0.000399196 1.31341e-05 -1.86928e-18
-0.000399194 1.29798e-05 -1.86933e-18
-0.000399192 1.28175e-05 -1.86938e-18
-0.00039919 1.26472e-05 -1.86943e-18
-0.000399188 1.24687e-05 -1.86949e-18
-0.000399185 1.22825e-05 -1.86955e-18
-0.000399183 1.20889e-05 -1.86961e-18
-0.000399181 1.18884e-05 -1.86967e-18
-0.000399178 1.16814e-05 -1.86974e-18
-0.000399176 1.1468e-05 -1.86981e-18
-0.000399174 1.12478e-05 -1.86988e-18
-0.000399171 1.10207e-05 -1.86995e-18
-0.000399169 1.07867e-05 -1.87002e-18
-0.000399166 1.05461e-05 -1.8701e-18
-0.000399164 1.02996e-05 -1.87018e-18
-0.000399161 1.0048e-05 -1.87026e-18
-0.000399158 9.79183e-06 -1.87034e-18
-0.000399156 9.5316e-06 -1.87042e-18
-0.000399153 9.26756e-06 -1.8705e-18
-0.00039915 8.99998e-06 -1.87058e-18
-0.000399147 8.72914e-06 -1.87067e-18
-0.000399144 8.45538e-06 -1.87076e-18
-0.000399141 8.17905e-06 -1.87084e-18
-0.000399138 7.90052e-06 -1.87093e-18
-0.000399135 7.61998e-06 -1.87102e-18
-0.000399133 7.33711e-06 -1.8711e-18
-0.000399132 7.05128e-06 -1.87119e-18
-0.00039913 6.76182e-06 -1.87128e-18
-0.000399128 6.46814e-06 -1.87138e-18
-0.000399128 6.16976e-06 -1.87147e-18
-0.000399128 5.86622e-06 -1.87156e-18
-0.000399129 5.55709e-06 -1.87166e-18
-0.000399129 5.24215e-06 -1.87176e-18
-0.000399129 4.92129e-06 -1.87186e-18
-0.00039913 4.59462e-06 -1.87196e-18
-0.00039913 4.26228e-06 -1.87206e-18
-0.00039913 3.92449e-06 -1.87217e-18
-0.000399131 3.58154e-06 -1.87227e-18
-0.000399131 3.2338e-06 -1.87238e-18
-0.000399132 2.88167e-06 -1.87249e-18
-0.000399132 2.52568e-06 -1.8726e-18
-0.000399132 2.1668e-06 -1.87271e-18
-0.000399133 1.80621e-06 -1.87282e-18
-0.000399133 1.4451e-06 -1.87293e-18
-0.000399133 1.08453e-06 -1.87305e-18
-0.000399133 7.25243e-07 -1.87316e-18
-0.000399134 3.67713e-07 -1.87327e-18
-0.000399134 1.23275e-08 -1.87338e-18
-0.000399134 -3.40532e-07 -1.87349e-18
-0.000399134 -6.90342e-07 -1.8736e-18
-0.000399135 -1.03653e-06 -1.87371e-18
-0.000399135 -1.37859e-06 -1.87382e-18
-0.000399135 -1.71618e-06 -1.87393e-18
-0.000399135 -2.04916e-06 -1.87403e-18
-0.000399135 -2.37764e-06 -1.87414e-18
-0.000399136 -2.70177e-06 -1.87424e-18
-0.000399136 -3.02174e-06 -1.87434e-18
-0.000399136 -3.33756e-06 -1.87445e-18
-0.000399136 -3.6492e-06 -1.87455e-18
-0.000399136 -3.95663e-06 -1.87465e-18
-0.000399137 -4.25994e-06 -1.87474e-18
-0.000399137 -4.55931e-06 -1.87484e-18
-0.000399137 -4.85507e-06 -1.87494e-18
-0.000399137 -5.14753e-06 -1.87503e-18
-0.000399137 -5.43701e-06 -1.87513e-18
-0.000399137 -5.72381e-06 -1.87522e-18
-0.000399138 -6.00817e-06 -1.87531e-18
-0.000399138 -6.29031e-06 -1.8754e-18
-0.000399138 -6.57059e-06 -1.8755e-18
-0.000399138 -6.84969e-06 -1.87559e-18
-0.000399138 -7.12851e-06 -1.87568e-18
-0.000399138 -7.40791e-06 -1.87577e-18
-0.000399138 -7.68874e-06 -1.87586e-18
-0.000399139 -7.97187e-06 -1.87595e-18
-0.000399139 -8.25816e-06 -1.87604e-18
-0.000399139 -8.54838e-06 -1.87613e-18
-0.000399139 -8.8432e-06 -1.87623e-18
-0.000399139 -9.14317e-06 -1.87632e-18
-0.00039914 -9.44875e-06 -1.87642e-18
-0.00039914 -9.76028e-06 -1.87652e-18
-0.00039914 -1.00778e-05 -1.87662e-18
-0.00039914 -1.04009e-05 -1.87672e-18
-0.00039914 -1.07288e-05 -1.87682e-18
-0.00039914 -1.10604e-05 -1.87692e-18
-0.000399141 -1.13949e-05 -1.87703e-18
-0.000399141 -1.17314e-05 -1.87713e-18
-0.000399141 -1.2069e-05 -1.87724e-18
-0.000399141 -1.24071e-05 -1.87734e-18
-0.000399141 -1.27448e-05 -1.87745e-18
-0.000399143 -1.30816e-05 -1.87755e-18
-0.000399145 -1.3417e-05 -1.87766e-18
-0.000399147 -1.37505e-05 -1.87776e-18
-0.000399149 -1.40817e-05 -1.87786e-18
-0.000399151 -1.44105e-05 -1.87797e-18
-0.000399153 -1.47368e-05 -1.87807e-18
-0.000399154 -1.50606e-05 -1.87817e-18
-0.000399156 -1.53818e-05 -1.87827e-18
-0.000399158 -1.57003e-05 -1.87837e-18
-0.00039916 -1.60157e-05 -1.87847e-18
-0.000399161 -1.63276e-05 -1.87857e-18
-0.000399163 -1.66358e-05 -1.87866e-18
-0.000399165 -1.69398e-05 -1.87876e-18
-0.000399166 -1.72391e-05 -1.87885e-18
-0.000399168 -1.75334e-05 -1.87895e-18
-0.00039917 -1.78223e-05 -1.87904e-18
-0.000399172 -1.81055e-05 -1.87913e-18
-0.000399175 -1.83828e-05 -1.87921e-18
-0.000399177 -1.86543e-05 -1.8793e-18
-0.000399179 -1.89199e-05 -1.87939e-18
-0.000399181 -1.91795e-05 -1.87947e-18
-0.000399183 -1.94285e-05 -1.87955e-18
-0.000399184 -1.96697e-05 -1.87963e-18
-0.000399186 -1.99065e-05 -1.8797e-18
-0.000399188 -2.01378e-05 -1.87978e-18
-0.00039919 -2.03649e-05 -1.87985e-18
-0.000399191 -2.05877e-05 -1.87992e-18
-0.000399193 -2.08069e-05 -1.88e-18
-0.000399195 -2.10218e-05 -1.88007e-18
-0.000399196 -2.12322e-05 -1.88013e-18
-0.000399197 -2.14371e-05 -1.8802e-18
-0.000399199 -2.1636e-05 -1.88027e-18
-0.0003992 -2.18289e-05 -1.88033e-18
-0.000399202 -2.20159e-05 -1.88039e-18
-0.000399203 -2.21973e-05 -1.88045e-18
-0.000399206 -2.23729e-05 -1.88051e-18
-0.000399209 -2.25436e-05 -1.88056e-18
-0.000399212 -2.27104e-05 -1.88062e-18
-0.000399215 -2.2874e-05 -1.88067e-18
-0.000399217 -2.30353e-05 -1.88072e-18
-0.00039922 -2.31952e-05 -1.88078e-18
-0.000399223 -2.33549e-05 -1.88083e-18
-0.000399226 -2.35153e-05 -1.88088e-18
-0.000399228 -2.36774e-05 -1.88093e-18
-0.000399231 -2.38423e-05 -1.88099e-18
-0.000399233 -2.4011e-05 -1.88104e-18
-0.000399236 -2.41845e-05 -1.8811e-18
-0.000399238 -2.43635e-05 -1.88116e-18
-0.000399241 -2.45489e-05 -1.88121e-18
-0.000399243 -2.47411e-05 -1.88127e-18
-0.000399246 -2.49408e-05 -1.88134e-18
-0.000399248 -2.51483e-05 -1.8814e-18
-0.000399251 -2.5364e-05 -1.88147e-18
-0.000399253 -2.5588e-05 -1.88154e-18
-0.000399256 -2.58205e-05 -1.88161e-18
-0.000399258 -2.60615e-05 -1.88169e-18
-0.000399261 -2.63107e-05 -1.88176e-18
-0.000399263 -2.65679e-05 -1.88184e-18
-0.000399266 -2.68326e-05 -1.88192e-18
-0.000399269 -2.71042e-05 -1.882e-18
-0.000399272 -2.73815e-05 -1.88209e-18
-0.000399275 -2.76635e-05 -1.88217e-18
-0.000399278 -2.79485e-05 -1.88226e-18
-0.00039928 -2.82355e-05 -1.88235e-18
-0.000399283 -2.85231e-05 -1.88243e-18
-0.000399286 -2.88102e-05 -1.88252e-18
-0.000399288 -2.90957e-05 -1.88261e-18
-0.000399291 -2.93786e-05 -1.88269e-18
-0.000399294 -2.9658e-05 -1.88278e-18
-0.000399296 -2.99329e-05 -1.88286e-18
-0.000399299 -3.02025e-05 -1.88294e-18
-0.000399301 -3.04661e-05 -1.88302e-18
-0.000399304 -3.07225e-05 -1.8831e-18
-0.000399306 -3.09706e-05 -1.88317e-18
-0.000399308 -3.12093e-05 -1.88325e-18
-0.000399311 -3.14375e-05 -1.88332e-18
-0.000399313 -3.16543e-05 -1.88338e-18
-0.000399315 -3.18587e-05 -1.88345e-18
-0.000399318 -3.20499e-05 -1.88351e-18
-0.00039932 -3.22273e-05 -1.88356e-18
-0.000399322 -3.2391e-05 -1.88361e-18
-0.000399324 -3.25415e-05 -1.88366e-18
-0.000399326 -3.26796e-05 -1.88371e-18
-0.000399328 -3.28056e-05 -1.88375e-18
-0.000399331 -3.292e-05 -1.88378e-18
-0.000399333 -3.30225e-05 -1.88382e-18
-0.000399335 -3.31134e-05 -1.88385e-18
-0.000399337 -3.31926e-05 -1.88388e-18
-0.000399339 -3.3261e-05 -1.8839e-18
-0.00039934 -3.33195e-05 -1.88392e-18
-0.000399342 -3.33691e-05 -1.88394e-18
-0.000399344 -3.34107e-05 -1.88396e-18
-0.000399346 -3.34448e-05 -1.88397e-18
-0.000399348 -3.34716e-05 -1.88398e-18
-0.00039935 -3.34913e-05 -1.88399e-18
-0.000399351 -3.35042e-05 -1.884e-18
-0.000399353 -3.3511e-05 -1.88401e-18
-0.000399355 -3.35127e-05 -1.88401e-18
-0.000399356 -3.35103e-05 -1.88401e-18
-0.000399358 -3.35045e-05 -1.88401e-18
-0.000399359 -3.3496e-05 -1.88401e-18
-0.000399361 -3.34849e-05 -1.88401e-18
-0.000399362 -3.34715e-05 -1.88401e-18
-0.000399363 -3.34559e-05 -1.88401e-18
-0.000399365 -3.34382e-05 -1.88401e-18
-0.000399366 -3.34185e-05 -1.884e-18
-0.000399367 -3.33969e-05 -1.884e-18
-0.000399368 -3.33733e-05 -1.88399e-18
-0.000399369 -3.33482e-05 -1.88399e-18
-0.00039937 -3.33218e-05 -1.88398e-18
-0.000399371 -3.32944e-05 -1.88397e-18
-0.000399372 -3.32662e-05 -1.88396e-18
-0.000399373 -3.32372e-05 -1.88396e-18
-0.000399373 -3.32067e-05 -1.88395e-18
-0.000399374 -3.31743e-05 -1.88394e-18
-0.000399375 -3.31393e-05 -1.88393e-18
-0.000399375 -3.31013e-05 -1.88391e-18
-0.000399376 -3.30594e-05 -1.8839e-18
-0.000399376 -3.3013e-05 -1.88389e-18
-0.000399376 -3.29614e-05 -1.88387e-18
-0.000399376 -3.29034e-05 -1.88385e-18
-0.000399376 -3.2838e-05 -1.88383e-18
-0.000399376 -3.2764e-05 -1.88381e-18
-0.000399376 -3.26804e-05 -1.88378e-18
-0.000399376 -3.25866e-05 -1.88375e-18
-0.000399376 -3.24823e-05 -1.88372e-18
-0.000399375 -3.23673e-05 -1.88368e-18
-0.000399375 -3.22414e-05 -1.88364e-18
-0.000399374 -3.2104e-05 -1.8836e-18
-0.000399373 -3.19549e-05 -1.88355e-18
-0.000399372 -3.17936e-05 -1.8835e-18
-0.000399371 -3.16198e-05 -1.88345e-18
-0.00039937 -3.14338e-05 -1.88339e-18
-0.000399369 -3.12359e-05 -1.88333e-18
-0.000399367 -3.10267e-05 -1.88327e-18
-0.000399366 -3.08067e-05 -1.8832e-18
-0.000399364 -3.05758e-05 -1.88313e-18
-0.000399362 -3.03338e-05 -1.88306e-18
-0.00039936 -3.00805e-05 -1.88298e-18
-0.000399358 -2.98157e-05 -1.8829e-18
-0.000399356 -2.95394e-05 -1.88281e-18
-0.000399353 -2.92517e-05 -1.88273e-18
-0.00039935 -2.89527e-05 -1.88264e-18
-0.000399347 -2.86425e-05 -1.88254e-18
-0.000399344 -2.83208e-05 -1.88245e-18
-0.000399341 -2.79871e-05 -1.88234e-18
-0.000399338 -2.76411e-05 -1.88224e-18
-0.000399334 -2.72826e-05 -1.88213e-18
-0.00039933 -2.69119e-05 -1.88202e-18
-0.000399326 -2.65297e-05 -1.8819e-18
-0.000399322 -2.61369e-05 -1.88179e-18
-0.000399317 -2.57344e-05 -1.88166e-18
-0.000399313 -2.53236e-05 -1.88154e-18
-0.000399308 -2.49061e-05 -1.88141e-18
-0.000399302 -2.44835e-05 -1.88129e-18
-0.000399297 -2.40576e-05 -1.88116e-18
-0.000399291 -2.36301e-05 -1.88103e-18
-0.000399285 -2.32033e-05 -1.8809e-18
-0.000399279 -2.27791e-05 -1.88077e-18
-0.000399273 -2.23593e-05 -1.88064e-18
-0.000399266 -2.19455e-05 -1.88051e-18
-0.00039926 -2.15393e-05 -1.88039e-18
-0.000399253 -2.1142e-05 -1.88026e-18
-0.000399247 -2.07546e-05 -1.88014e-18
-0.000399242 -2.03781e-05 -1.88002e-18
-0.00039924 -2.00122e-05 -1.87991e-18
-0.000399238 -1.96581e-05 -1.8798e-18
-0.000399236 -1.93166e-05 -1.87969e-18
-0.000399234 -1.89871e-05 -1.87959e-18
-0.000399231 -1.86694e-05 -1.87948e-18
-0.000399229 -1.83626e-05 -1.87939e-18
-0.000399227 -1.80659e-05 -1.87929e-18
-0.000399224 -1.77788e-05 -1.8792e-18
-0.000399222 -1.75005e-05 -1.8791e-18
-0.000399219 -1.72326e-05 -1.87902e-18
-0.000399216 -1.69727e-05 -1.87893e-18
-0.000399213 -1.67191e-05 -1.87884e-18
-0.00039921 -1.6473e-05 -1.87876e-18
-0.000399207 -1.62337e-05 -1.87868e-18
-0.000399204 -1.60017e-05 -1.8786e-18
-0.000399201 -1.57766e-05 -1.87852e-18
-0.000399198 -1.5558e-05 -1.87845e-18
-0.000399195 -1.53455e-05 -1.87837e-18
-0.000399191 -1.51383e-05 -1.8783e-18
-0.000399188 -1.49354e-05 -1.87823e-18
-0.000399184 -1.47354e-05 -1.87816e-18
-0.00039918 -1.4537e-05 -1.87809e-18
-0.000399176 -1.43385e-05 -1.87802e-18
-0.000399172 -1.41383e-05 -1.87795e-18
-0.000399168 -1.39345e-05 -1.87788e-18
-0.000399164 -1.37251e-05 -1.87781e-18
-0.000399161 -1.35083e-05 -1.87773e-18
-0.000399158 -1.32825e-05 -1.87765e-18
-0.000399154 -1.3046e-05 -1.87757e-18
-0.000399151 -1.27972e-05 -1.87749e-18
-0.000399148 -1.25348e-05 -1.8774e-18
-0.000399144 -1.22578e-05 -1.87731e-18
-0.000399143 -1.19655e-05 -1.87722e-18
-0.000399143 -1.16572e-05 -1.87712e-18
-0.000399143 -1.13325e-05 -1.87701e-18
-0.000399143 -1.09912e-05 -1.8769e-18
-0.000399142 -1.06334e-05 -1.87679e-18
-0.000399142 -1.02593e-05 -1.87667e-18
-0.000399141 -9.86922e-06 -1.87655e-18
-0.000399141 -9.4642e-06 -1.87642e-18
-0.00039914 -9.0455e-06 -1.87629e-18
-0.00039914 -8.61456e-06 -1.87616e-18
-0.000399139 -8.17278e-06 -1.87602e-18
-0.000399139 -7.7215e-06 -1.87588e-18
-0.000399138 -7.26198e-06 -1.87573e-18
-0.000399138 -6.79549e-06 -1.87559e-18
-0.000399137 -6.32327e-06 -1.87544e-18
-0.000399136 -5.84654e-06 -1.87529e-18
-0.000399136 -5.36646e-06 -1.87514e-18
-0.000399135 -4.88416e-06 -1.87499e-18
-0.000399135 -4.40069e-06 -1.87484e-18
-0.000399134 -3.91704e-06 -1.87469e-18
-0.000399133 -3.43409e-06 -1.87454e-18
-0.000399133 -2.95263e-06 -1.87439e-18
-0.000399132 -2.47348e-06 -1.87424e-18
-0.000399132 -1.99755e-06 -1.87409e-18
-0.000399131 -1.52576e-06 -1.87394e-18
-0.000399131 -1.05901e-06 -1.87379e-18
-0.00039913 -5.97929e-07 -1.87364e-18
-0.000399129 -1.42717e-07 -1.8735e-18
-0.000399129 3.06755e-07 -1.87335e-18
-0.000399128 7.5073e-07 -1.87321e-18
-0.000399128 1.18952e-06 -1.87307e-18
-0.000399127 1.62349e-06 -1.87293e-18
-0.000399127 2.05304e-06 -1.87279e-18
-0.000399126 2.4786e-06 -1.87266e-18
-0.000399126 2.90057e-06 -1.87252e-18
-0.000399125 3.31908e-06 -1.87238e-18
-0.000399124 3.73414e-06 -1.87225e-18
-0.000399124 4.14572e-06 -1.87212e-18
-0.000399123 4.5539e-06 -1.87198e-18
-0.000399124 4.95888e-06 -1.87185e-18
-0.000399128 5.36111e-06 -1.87172e-18
-0.000399135 5.76079e-06 -1.87159e-18
-0.00039914 6.15828e-06 -1.87146e-18
-0.000399145 6.55405e-06 -1.87134e-18
-0.000399151 6.94851e-06 -1.87121e-18
-0.000399156 7.34219e-06 -1.87108e-18
-0.000399161 7.73551e-06 -1.87095e-18
-0.000399166 8.12887e-06 -1.87083e-18
-0.000399171 8.52261e-06 -1.8707e-18
-0.000399176 8.91703e-06 -1.87057e-18
-0.000399181 9.31233e-06 -1.87045e-18
-0.000399185 9.70844e-06 -1.87032e-18
-0.00039919 1.01051e-05 -1.87019e-18
-0.000399194 1.0502e-05 -1.87006e-18
-0.000399199 1.0899e-05 -1.86994e-18
-0.000399203 1.12963e-05 -1.86981e-18
-0.000399207 1.16945e-05 -1.86968e-18
-0.000399211 1.20942e-05 -1.86956e-18
-0.000399215 1.24958e-05 -1.86943e-18
-0.000399221 1.2899e-05 -1.8693e-18
-0.000399229 1.33046e-05 -1.86918e-18
-0.000399236 1.37138e-05 -1.86905e-18
-0.000399243 1.41263e-05 -1.86892e-18
-0.00039925 1.45423e-05 -1.86879e-18
-0.000399257 1.49612e-05 -1.86866e-18
-0.000399263 1.53827e-05 -1.86853e-18
-0.000399269 1.5806e-05 -1.8684e-18
-0.000399275 1.62305e-05 -1.86827e-18
-0.000399281 1.6655e-05 -1.86814e-18
-0.000399287 1.70787e-05 -1.86801e-18
-0.000399293 1.75005e-05 -1.86788e-18
-0.000399298 1.79194e-05 -1.86775e-18
-0.000399304 1.83346e-05 -1.86763e-18
-0.000399309 1.87449e-05 -1.8675e-18
-0.000399314 1.91495e-05 -1.86738e-18
-0.000399319 1.95476e-05 -1.86726e-18
-0.000399324 1.99385e-05 -1.86714e-18
-0.000399329 2.03216e-05 -1.86703e-18
-0.000399333 2.06961e-05 -1.86692e-18
-0.000399338 2.10607e-05 -1.86681e-18
-0.000399342 2.1414e-05 -1.8667e-18
-0.000399347 2.17546e-05 -1.8666e-18
-0.000399352 2.20811e-05 -1.8665e-18
-0.000399356 2.23922e-05 -1.86641e-18
-0.000399361 2.26867e-05 -1.86632e-18
-0.000399366 2.29636e-05 -1.86623e-18
-0.00039937 2.32218e-05 -1.86616e-18
-0.000399375 2.34605e-05 -1.86608e-18
-0.000399379 2.36791e-05 -1.86602e-18
-0.000399384 2.38769e-05 -1.86596e-18
-0.000399388 2.40536e-05 -1.8659e-18
-0.000399392 2.42091e-05 -1.86585e-18
-0.000399396 2.43435e-05 -1.86581e-18
-0.0003994 2.44573e-05 -1.86578e-18
-0.000399404 2.45507e-05 -1.86575e-18
-0.000399408 2.46241e-05 -1.86572e-18
-0.000399411 2.46779e-05 -1.8657e-18
-0.000399415 2.47125e-05 -1.86569e-18
-0.000399418 2.47284e-05 -1.86568e-18
-0.000399421 2.47263e-05 -1.86568e-18
-0.000399425 2.47073e-05 -1.86568e-18
-0.000399427 2.46723e-05 -1.86569e-18
-0.00039943 2.46224e-05 -1.8657e-18
-0.000399433 2.45592e-05 -1.86571e-18
-0.000399435 2.44842e-05 -1.86573e-18
-0.000399438 2.43993e-05 -1.86575e-18
-0.00039944 2.43062e-05 -1.86578e-18
-0.000399442 2.4207e-05 -1.8658e-18
-0.000399443 2.41037e-05 -1.86583e-18
-0.000399445 2.39984e-05 -1.86586e-18
-0.000399446 2.38928e-05 -1.86589e-18
-0.000399447 2.37883e-05 -1.86592e-18
-0.000399448 2.36857e-05 -1.86594e-18
-0.000399449 2.35857e-05 -1.86597e-18
-0.00039945 2.3489e-05 -1.866e-18
-0.00039945 2.33964e-05 -1.86603e-18
-0.00039945 2.33086e-05 -1.86605e-18
-0.00039945 2.32263e-05 -1.86607e-18
-0.00039945 2.315e-05 -1.8661e-18
-0.000399449 2.30803e-05 -1.86612e-18
-0.000399449 2.30177e-05 -1.86614e-18
-0.000399448 2.29624e-05 -1.86616e-18
-0.000399447 2.29148e-05 -1.86617e-18
-0.000399446 2.28748e-05 -1.86618e-18
-0.000399445 2.28426e-05 -1.8662e-18
-0.000399443 2.2818e-05 -1.86621e-18
-0.000399442 2.28009e-05 -1.86621e-18
-0.00039944 2.27906e-05 -1.86622e-18
-0.000399438 2.27864e-05 -1.86622e-18
-0.000399436 2.27876e-05 -1.86623e-18
-0.000399434 2.27933e-05 -1.86623e-18
-0.000399432 2.28023e-05 -1.86623e-18
-0.000399429 2.28132e-05 -1.86623e-18
-0.000399427 2.28248e-05 -1.86623e-18
-0.000399424 2.28358e-05 -1.86623e-18
-0.000399421 2.28453e-05 -1.86624e-18
-0.000399419 2.28524e-05 -1.86624e-18
-0.000399416 2.28565e-05 -1.86624e-18
-0.000399413 2.28568e-05 -1.86624e-18
-0.00039941 2.28525e-05 -1.86625e-18
-0.000399406 2.28427e-05 -1.86626e-18
-0.000399403 2.28265e-05 -1.86627e-18
-0.0003994 2.28031e-05 -1.86628e-18
-0.000399397 2.2771e-05 -1.86629e-18
-0.000399393 2.27287e-05 -1.86631e-18
-0.00039939 2.26748e-05 -1.86632e-18
-0.000399386 2.2608e-05 -1.86635e-18
-0.000399382 2.25269e-05 -1.86637e-18
-0.000399379 2.24306e-05 -1.86641e-18
-0.000399375 2.23182e-05 -1.86644e-18
-0.000399371 2.21889e-05 -1.86648e-18
-0.000399367 2.20429e-05 -1.86653e-18
-0.000399363 2.18806e-05 -1.86658e-18
-0.000399359 2.17025e-05 -1.86663e-18
-0.000399354 2.15094e-05 -1.86669e-18
-0.00039935 2.13019e-05 -1.86675e-18
-0.000399345 2.10809e-05 -1.86682e-18
-0.000399341 2.08472e-05 -1.86689e-18
-0.000399336 2.06017e-05 -1.86697e-18
-0.000399332 2.03457e-05 -1.86704e-18
-0.000399327 2.00806e-05 -1.86712e-18
-0.000399323 1.9808e-05 -1.8672e-18
-0.000399319 1.95293e-05 -1.86729e-18
-0.000399314 1.92462e-05 -1.86737e-18
-0.000399309 1.896e-05 -1.86746e-18
-0.000399305 1.86724e-05 -1.86755e-18
-0.0003993 1.83847e-05 -1.86764e-18
-0.000399295 1.80981e-05 -1.86772e-18
-0.00039929 1.78135e-05 -1.86781e-18
-0.000399284 1.7532e-05 -1.8679e-18
-0.000399279 1.72543e-05 -1.86798e-18
-0.000399273 1.69806e-05 -1.86807e-18
-0.000399268 1.67111e-05 -1.86815e-18
-0.000399262 1.64456e-05 -1.86823e-18
-0.000399256 1.61841e-05 -1.86831e-18
-0.00039925 1.59267e-05 -1.86839e-18
-0.000399244 1.56737e-05 -1.86847e-18
-0.000399238 1.54253e-05 -1.86855e-18
-0.000399232 1.51815e-05 -1.86863e-18
-0.000399226 1.49423e-05 -1.8687e-18
-0.000399219 1.47073e-05 -1.86878e-18
-0.000399213 1.44764e-05 -1.86885e-18
-0.000399206 1.42491e-05 -1.86893e-18
-0.0003992 1.40251e-05 -1.869e-18
-0.000399195 1.38036e-05 -1.86907e-18
-0.000399192 1.35845e-05 -1.86914e-18
-0.000399187 1.33678e-05 -1.86921e-18
-0.000399183 1.31526e-05 -1.86928e-18
-0.000399179 1.2938e-05 -1.86935e-18
-0.000399175 1.2723e-05 -1.86942e-18
-0.00039917 1.25068e-05 -1.86949e-18
-0.000399166 1.22882e-05 -1.86957e-18
-0.000399162 1.20665e-05 -1.86964e-18
-0.000399157 1.18407e-05 -1.86971e-18
-0.000399155 1.16098e-05 -1.86979e-18
-0.000399152 1.1373e-05 -1.86987e-18
-0.000399149 1.11293e-05 -1.86994e-18
-0.000399147 1.08778e-05 -1.87003e-18
-0.000399144 1.06174e-05 -1.87011e-18
-0.000399142 1.03465e-05 -1.8702e-18
-0.000399139 1.0063e-05 -1.87029e-18
-0.000399137 9.765e-06 -1.87038e-18
-0.000399137 9.45092e-06 -1.87048e-18
-0.000399138 9.1197e-06 -1.87059e-18
-0.000399139 8.77087e-06 -1.8707e-18
-0.000399139 8.40415e-06 -1.87082e-18
-0.00039914 8.01935e-06 -1.87094e-18
-0.000399141 7.61654e-06 -1.87106e-18
-0.000399141 7.19588e-06 -1.87119e-18
-0.000399142 6.75767e-06 -1.87133e-18
-0.000399142 6.30243e-06 -1.87147e-18
-0.000399143 5.83112e-06 -1.87161e-18
-0.000399144 5.34496e-06 -1.87176e-18
-0.000399144 4.84531e-06 -1.87192e-18
-0.000399145 4.33355e-06 -1.87207e-18
-0.000399145 3.81101e-06 -1.87223e-18
-0.000399146 3.27904e-06 -1.8724e-18
-0.000399146 2.73897e-06 -1.87256e-18
-0.000399147 2.19231e-06 -1.87273e-18
-0.000399147 1.64076e-06 -1.8729e-18
-0.000399148 1.08624e-06 -1.87307e-18
-0.000399148 5.30652e-07 -1.87324e-18
-0.000399148 -2.42583e-08 -1.8734e-18
-0.000399149 -5.77155e-07 -1.87357e-18
-0.000399149 -1.127e-06 -1.87374e-18
-0.000399149 -1.67285e-06 -1.87391e-18
-0.00039915 -2.21381e-06 -1.87407e-18
-0.00039915 -2.74917e-06 -1.87424e-18
-0.00039915 -3.27829e-06 -1.8744e-18
-0.00039915 -3.80063e-06 -1.87456e-18
-0.000399151 -4.31563e-06 -1.87472e-18
-0.000399151 -4.82272e-06 -1.87488e-18
-0.000399151 -5.3213e-06 -1.87503e-18
-0.000399151 -5.81083e-06 -1.87518e-18
-0.000399151 -6.29069e-06 -1.87533e-18
-0.000399152 -6.76004e-06 -1.87548e-18
-0.000399152 -7.21785e-06 -1.87562e-18
-0.000399152 -7.66318e-06 -1.87576e-18
-0.000399152 -8.09524e-06 -1.87589e-18
-0.000399152 -8.51354e-06 -1.87602e-18
-0.000399152 -8.91783e-06 -1.87615e-18
-0.000399152 -9.30796e-06 -1.87628e-18
-0.000399152 -9.68406e-06 -1.8764e-18
-0.000399152 -1.00466e-05 -1.87651e-18
-0.000399152 -1.03964e-05 -1.87662e-18
-0.000399153 -1.07344e-05 -1.87673e-18
-0.000399153 -1.10617e-05 -1.87684e-18
-0.000399153 -1.13794e-05 -1.87694e-18
-0.000399153 -1.16891e-05 -1.87704e-18
-0.000399153 -1.19922e-05 -1.87714e-18
-0.000399153 -1.22899e-05 -1.87724e-18
-0.000399153 -1.25828e-05 -1.87734e-18
-0.000399153 -1.28712e-05 -1.87743e-18
-0.000399153 -1.31553e-05 -1.87752e-18
-0.000399153 -1.34353e-05 -1.87762e-18
-0.000399154 -1.37113e-05 -1.87771e-18
-0.000399154 -1.39834e-05 -1.8778e-18
-0.000399154 -1.42516e-05 -1.87788e-18
-0.000399154 -1.4516e-05 -1.87797e-18
-0.000399154 -1.47766e-05 -1.87806e-18
-0.000399154 -1.50334e-05 -1.87814e-18
-0.000399154 -1.52861e-05 -1.87823e-18
-0.000399154 -1.55349e-05 -1.87831e-18
-0.000399154 -1.57797e-05 -1.87839e-18
-0.000399156 -1.60208e-05 -1.87847e-18
-0.000399159 -1.62583e-05 -1.87855e-18
-0.000399161 -1.64924e-05 -1.87862e-18
-0.000399163 -1.67232e-05 -1.8787e-18
-0.000399165 -1.69505e-05 -1.87877e-18
-0.000399168 -1.71743e-05 -1.87885e-18
-0.00039917 -1.73945e-05 -1.87892e-18
-0.000399172 -1.76114e-05 -1.87899e-18
-0.000399175 -1.78252e-05 -1.87906e-18
-0.000399177 -1.80364e-05 -1.87913e-18
-0.00039918 -1.82453e-05 -1.87919e-18
-0.000399182 -1.84504e-05 -1.87926e-18
-0.000399184 -1.86511e-05 -1.87933e-18
-0.000399187 -1.88508e-05 -1.87939e-18
-0.00039919 -1.90505e-05 -1.87946e-18
-0.000399193 -1.925e-05 -1.87952e-18
-0.000399197 -1.94496e-05 -1.87958e-18
-0.0003992 -1.96491e-05 -1.87965e-18
-0.000399204 -1.98484e-05 -1.87971e-18
-0.000399207 -2.00471e-05 -1.87977e-18
-0.00039921 -2.02448e-05 -1.87983e-18
-0.000399213 -2.04407e-05 -1.87989e-18
-0.000399216 -2.06345e-05 -1.87996e-18
-0.00039922 -2.08254e-05 -1.88001e-18
-0.000399223 -2.10131e-05 -1.88007e-18
-0.000399226 -2.1197e-05 -1.88013e-18
-0.000399228 -2.13767e-05 -1.88019e-18
-0.000399231 -2.15516e-05 -1.88024e-18
-0.000399234 -2.1721e-05 -1.88029e-18
-0.000399236 -2.18843e-05 -1.88035e-18
-0.000399239 -2.2041e-05 -1.8804e-18
-0.000399241 -2.21909e-05 -1.88044e-18
-0.000399244 -2.23334e-05 -1.88049e-18
-0.000399248 -2.24686e-05 -1.88053e-18
-0.000399251 -2.25967e-05 -1.88057e-18
-0.000399254 -2.27175e-05 -1.88061e-18
-0.000399257 -2.28309e-05 -1.88065e-18
-0.00039926 -2.2937e-05 -1.88069e-18
-0.000399263 -2.30358e-05 -1.88072e-18
-0.000399266 -2.31273e-05 -1.88075e-18
-0.000399268 -2.32117e-05 -1.88078e-18
-0.00039927 -2.32892e-05 -1.88081e-18
-0.000399273 -2.33599e-05 -1.88084e-18
-0.000399275 -2.34242e-05 -1.88086e-18
-0.000399277 -2.34823e-05 -1.88088e-18
-0.000399278 -2.35345e-05 -1.8809e-18
-0.00039928 -2.35813e-05 -1.88092e-18
-0.000399281 -2.36236e-05 -1.88094e-18
-0.000399284 -2.36625e-05 -1.88096e-18
-0.000399286 -2.36992e-05 -1.88097e-18
-0.000399288 -2.37348e-05 -1.88099e-18
-0.00039929 -2.37709e-05 -1.881e-18
-0.000399291 -2.3809e-05 -1.88102e-18
-0.000399293 -2.38507e-05 -1.88103e-18
-0.000399294 -2.38975e-05 -1.88105e-18
-0.000399295 -2.39504e-05 -1.88107e-18
-0.000399296 -2.40104e-05 -1.88109e-18
-0.000399297 -2.40783e-05 -1.88112e-18
-0.000399298 -2.41546e-05 -1.88114e-18
-0.000399298 -2.42401e-05 -1.88117e-18
-0.000399298 -2.43349e-05 -1.8812e-18
-0.000399299 -2.44394e-05 -1.88123e-18
-0.000399299 -2.45537e-05 -1.88126e-18
-0.000399298 -2.46776e-05 -1.8813e-18
-0.000399298 -2.48107e-05 -1.88134e-18
-0.000399297 -2.49523e-05 -1.88138e-18
-0.000399297 -2.5102e-05 -1.88142e-18
-0.000399296 -2.52591e-05 -1.88147e-18
-0.000399295 -2.54231e-05 -1.88152e-18
-0.000399294 -2.55931e-05 -1.88157e-18
-0.000399293 -2.57685e-05 -1.88162e-18
-0.000399292 -2.59478e-05 -1.88167e-18
-0.00039929 -2.61293e-05 -1.88172e-18
-0.000399289 -2.63115e-05 -1.88177e-18
-0.000399287 -2.64927e-05 -1.88182e-18
-0.000399285 -2.66713e-05 -1.88187e-18
-0.000399284 -2.68459e-05 -1.88192e-18
-0.000399282 -2.70154e-05 -1.88197e-18
-0.00039928 -2.71782e-05 -1.88201e-18
-0.000399279 -2.73334e-05 -1.88205e-18
-0.000399278 -2.74798e-05 -1.8821e-18
-0.000399277 -2.76163e-05 -1.88213e-18
-0.000399275 -2.7742e-05 -1.88217e-18
-0.000399274 -2.78561e-05 -1.8822e-18
-0.000399273 -2.7958e-05 -1.88223e-18
-0.000399272 -2.8047e-05 -1.88225e-18
-0.00039927 -2.81227e-05 -1.88227e-18
-0.000399269 -2.81843e-05 -1.88229e-18
-0.000399267 -2.82313e-05 -1.8823e-18
-0.000399266 -2.82631e-05 -1.8823e-18
-0.000399264 -2.82794e-05 -1.88231e-18
-0.000399262 -2.82797e-05 -1.88231e-18
-0.00039926 -2.8264e-05 -1.8823e-18
-0.000399258 -2.82321e-05 -1.88229e-18
-0.000399256 -2.81839e-05 -1.88227e-18
-0.000399254 -2.81197e-05 -1.88225e-18
-0.000399252 -2.804e-05 -1.88222e-18
-0.000399249 -2.79451e-05 -1.88219e-18
-0.000399247 -2.78355e-05 -1.88216e-18
-0.000399244 -2.77116e-05 -1.88212e-18
-0.000399242 -2.75734e-05 -1.88207e-18
-0.000399239 -2.74211e-05 -1.88203e-18
-0.000399236 -2.72548e-05 -1.88198e-18
-0.000399233 -2.70745e-05 -1.88192e-18
-0.00039923 -2.68802e-05 -1.88186e-18
-0.000399227 -2.66717e-05 -1.88179e-18
-0.000399225 -2.64492e-05 -1.88173e-18
-0.000399222 -2.62127e-05 -1.88165e-18
-0.000399219 -2.59625e-05 -1.88158e-18
-0.000399217 -2.56989e-05 -1.88149e-18
-0.000399214 -2.54224e-05 -1.88141e-18
-0.000399211 -2.51337e-05 -1.88132e-18
-0.000399208 -2.48335e-05 -1.88123e-18
-0.000399205 -2.45227e-05 -1.88113e-18
-0.000399202 -2.42024e-05 -1.88104e-18
-0.000399199 -2.38733e-05 -1.88094e-18
-0.000399195 -2.35362e-05 -1.88083e-18
-0.000399192 -2.3192e-05 -1.88073e-18
-0.000399191 -2.28409e-05 -1.88062e-18
-0.000399191 -2.24839e-05 -1.88051e-18
-0.00039919 -2.21223e-05 -1.8804e-18
-0.00039919 -2.17567e-05 -1.88029e-18
-0.000399189 -2.13881e-05 -1.88018e-18
-0.000399188 -2.10173e-05 -1.88006e-18
-0.000399188 -2.06453e-05 -1.87995e-18
-0.000399187 -2.02732e-05 -1.87983e-18
-0.000399186 -1.99019e-05 -1.87972e-18
-0.000399186 -1.95321e-05 -1.87961e-18
-0.000399185 -1.91645e-05 -1.87949e-18
-0.000399185 -1.8802e-05 -1.87938e-18
-0.000399184 -1.84439e-05 -1.87927e-18
-0.000399183 -1.80891e-05 -1.87916e-18
-0.000399183 -1.77385e-05 -1.87905e-18
-0.000399182 -1.73917e-05 -1.87894e-18
-0.000399181 -1.70492e-05 -1.87883e-18
-0.000399181 -1.67108e-05 -1.87873e-18
-0.00039918 -1.63769e-05 -1.87862e-18
-0.000399179 -1.60471e-05 -1.87852e-18
-0.000399179 -1.57217e-05 -1.87841e-18
-0.000399178 -1.54005e-05 -1.87831e-18
-0.000399177 -1.50836e-05 -1.87821e-18
-0.000399176 -1.47709e-05 -1.87811e-18
-0.000399176 -1.44622e-05 -1.87801e-18
-0.000399175 -1.41573e-05 -1.87791e-18
-0.000399174 -1.38558e-05 -1.87781e-18
-0.000399173 -1.35573e-05 -1.87772e-18
-0.000399172 -1.32616e-05 -1.87762e-18
-0.000399171 -1.29685e-05 -1.87753e-18
-0.00039917 -1.26782e-05 -1.87743e-18
-0.000399169 -1.23909e-05 -1.87734e-18
-0.000399168 -1.21065e-05 -1.87725e-18
-0.000399166 -1.18247e-05 -1.87716e-18
-0.000399165 -1.15447e-05 -1.87707e-18
-0.000399164 -1.12658e-05 -1.87698e-18
-0.000399162 -1.09875e-05 -1.87689e-18
-0.000399161 -1.07093e-05 -1.8768e-18
-0.000399159 -1.0431e-05 -1.87671e-18
-0.000399158 -1.01525e-05 -1.87662e-18
-0.000399156 -9.87376e-06 -1.87653e-18
-0.000399154 -9.59463e-06 -1.87644e-18
-0.000399154 -9.3151e-06 -1.87636e-18
-0.000399154 -9.03521e-06 -1.87627e-18
-0.000399153 -8.75502e-06 -1.87618e-18
-0.000399153 -8.47459e-06 -1.87609e-18
-0.000399153 -8.19393e-06 -1.876e-18
-0.000399153 -7.91314e-06 -1.87592e-18
-0.000399152 -7.63251e-06 -1.87583e-18
-0.000399152 -7.35268e-06 -1.87574e-18
-0.000399152 -7.07456e-06 -1.87566e-18
-0.000399152 -6.79911e-06 -1.87557e-18
-0.000399151 -6.52719e-06 -1.87549e-18
-0.000399151 -6.25937e-06 -1.87541e-18
-0.000399151 -5.996e-06 -1.87533e-18
-0.000399151 -5.73735e-06 -1.87525e-18
-0.00039915 -5.48377e-06 -1.87517e-18
-0.00039915 -5.23566e-06 -1.87509e-18
-0.00039915 -4.99347e-06 -1.87502e-18
-0.00039915 -4.7576e-06 -1.87494e-18
-0.00039915 -4.5284e-06 -1.87487e-18
-0.000399149 -4.30613e-06 -1.8748e-18
-0.000399149 -4.09098e-06 -1.87473e-18
-0.000399149 -3.88302e-06 -1.87467e-18
-0.000399149 -3.68233e-06 -1.8746e-18
-0.000399149 -3.48905e-06 -1.87454e-18
-0.000399149 -3.30332e-06 -1.87448e-18
-0.000399149 -3.12521e-06 -1.87443e-18
-0.000399148 -2.95459e-06 -1.87437e-18
-0.000399148 -2.79105e-06 -1.87432e-18
-0.000399148 -2.63394e-06 -1.87426e-18
-0.000399148 -2.48249e-06 -1.87421e-18
-0.000399148 -2.33593e-06 -1.87416e-18
-0.000399148 -2.19358e-06 -1.87411e-18
-0.000399148 -2.05482e-06 -1.87407e-18
-0.000399148 -1.91899e-06 -1.87402e-18
-0.000399147 -1.7854e-06 -1.87397e-18
-0.000399147 -1.6534e-06 -1.87393e-18
-0.000399147 -1.52235e-06 -1.87388e-18
-0.000399147 -1.3916e-06 -1.87384e-18
-0.000399147 -1.26056e-06 -1.87379e-18
-0.000399147 -1.12884e-06 -1.87375e-18
-0.000399146 -9.96165e-07 -1.8737e-18
-0.000399146 -8.62286e-07 -1.87365e-18
-0.000399146 -7.27066e-07 -1.87361e-18
-0.000399146 -5.90573e-07 -1.87356e-18
-0.000399146 -4.53048e-07 -1.87351e-18
-0.000399146 -3.14756e-07 -1.87346e-18
-0.000399145 -1.75939e-07 -1.87341e-18
-0.000399145 -3.67276e-08 -1.87337e-18
-0.000399145 1.02804e-07 -1.87332e-18
-0.000399145 2.42586e-07 -1.87327e-18
-0.000399145 3.82515e-07 -1.87322e-18
-0.000399144 5.22433e-07 -1.87318e-18
-0.000399144 6.62136e-07 -1.87313e-18
-0.000399144 8.01403e-07 -1.87308e-18
-0.000399144 9.40143e-07 -1.87303e-18
-0.000399144 1.07859e-06 -1.87299e-18
-0.000399144 1.21719e-06 -1.87294e-18
-0.000399144 1.35642e-06 -1.87289e-18
-0.000399143 1.49666e-06 -1.87285e-18
-0.000399143 1.63817e-06 -1.8728e-18
-0.000399143 1.78113e-06 -1.87275e-18
-0.000399143 1.92563e-06 -1.8727e-18
-0.000399143 2.07193e-06 -1.87266e-18
-0.000399142 2.22068e-06 -1.87261e-18
-0.000399144 2.37282e-06 -1.87256e-18
-0.000399146 2.52919e-06 -1.87251e-18
-0.000399148 2.69052e-06 -1.87246e-18
-0.000399149 2.85722e-06 -1.87241e-18
-0.00039915 3.02945e-06 -1.87235e-18
-0.000399152 3.20728e-06 -1.8723e-18
-0.000399153 3.3909e-06 -1.87224e-18
-0.000399154 3.58092e-06 -1.87218e-18
-0.000399155 3.77826e-06 -1.87212e-18
-0.000399155 3.98375e-06 -1.87206e-18
-0.000399156 4.19795e-06 -1.872e-18
-0.000399156 4.42083e-06 -1.87193e-18
-0.000399157 4.65196e-06 -1.87186e-18
-0.000399157 4.89072e-06 -1.87179e-18
-0.000399157 5.13646e-06 -1.87172e-18
-0.000399157 5.3885e-06 -1.87164e-18
-0.000399157 5.64613e-06 -1.87157e-18
-0.000399157 5.90859e-06 -1.87149e-18
-0.000399156 6.17493e-06 -1.87141e-18
-0.000399156 6.44382e-06 -1.87133e-18
-0.000399156 6.71368e-06 -1.87126e-18
-0.000399155 6.98289e-06 -1.87118e-18
-0.000399155 7.24985e-06 -1.8711e-18
-0.000399154 7.51295e-06 -1.87102e-18
-0.000399154 7.77064e-06 -1.87095e-18
-0.000399153 8.02143e-06 -1.87087e-18
-0.000399153 8.2639e-06 -1.8708e-18
-0.000399153 8.4967e-06 -1.87073e-18
-0.000399152 8.71858e-06 -1.87067e-18
-0.000399152 8.92841e-06 -1.8706e-18
-0.000399151 9.12521e-06 -1.87055e-18
-0.000399151 9.30829e-06 -1.87049e-18
-0.000399151 9.47718e-06 -1.87044e-18
-0.00039915 9.63155e-06 -1.87039e-18
-0.00039915 9.77133e-06 -1.87035e-18
-0.00039915 9.8969e-06 -1.87031e-18
-0.000399149 1.00089e-05 -1.87028e-18
-0.000399149 1.01083e-05 -1.87025e-18
-0.000399149 1.01958e-05 -1.87022e-18
-0.000399149 1.0272e-05 -1.87019e-18
-0.000399149 1.03372e-05 -1.87017e-18
-0.00039915 1.0392e-05 -1.87015e-18
-0.00039915 1.04369e-05 -1.87014e-18
-0.000399151 1.0473e-05 -1.87013e-18
-0.000399151 1.05019e-05 -1.87011e-18
-0.000399151 1.05249e-05 -1.87011e-18
-0.000399152 1.05434e-05 -1.8701e-18
-0.000399152 1.05581e-05 -1.87009e-18
-0.000399153 1.05696e-05 -1.87009e-18
-0.000399153 1.05782e-05 -1.87008e-18
-0.000399153 1.05844e-05 -1.87008e-18
-0.000399154 1.05885e-05 -1.87008e-18
-0.000399154 1.05911e-05 -1.87007e-18
-0.000399154 1.05926e-05 -1.87007e-18
-0.000399155 1.05934e-05 -1.87007e-18
-0.000399155 1.05935e-05 -1.87007e-18
-0.000399155 1.05931e-05 -1.87007e-18
-0.000399155 1.0592e-05 -1.87007e-18
-0.000399155 1.05901e-05 -1.87007e-18
-0.000399155 1.05872e-05 -1.87007e-18
-0.000399155 1.05833e-05 -1.87008e-18
-0.000399155 1.05781e-05 -1.87008e-18
-0.000399155 1.05715e-05 -1.87008e-18
-0.000399155 1.05632e-05 -1.87008e-18
-0.000399154 1.05525e-05 -1.87009e-18
-0.000399154 1.05392e-05 -1.87009e-18
-0.000399154 1.05226e-05 -1.8701e-18
-0.000399154 1.05022e-05 -1.87011e-18
-0.000399153 1.04773e-05 -1.87011e-18
-0.000399153 1.04475e-05 -1.87013e-18
-0.000399153 1.0412e-05 -1.87014e-18
-0.000399152 1.03702e-05 -1.87015e-18
-0.000399152 1.03213e-05 -1.87017e-18
-0.000399151 1.02645e-05 -1.87019e-18
-0.000399151 1.01994e-05 -1.87021e-18
-0.00039915 1.01254e-05 -1.87023e-18
-0.00039915 1.00424e-05 -1.87026e-18
-0.00039915 9.95035e-06 -1.87029e-18
-0.000399149 9.84906e-06 -1.87032e-18
-0.000399149 9.73866e-06 -1.87035e-18
-0.000399148 9.61934e-06 -1.87039e-18
-0.000399148 9.49131e-06 -1.87043e-18
-0.000399147 9.35479e-06 -1.87047e-18
-0.000399147 9.20992e-06 -1.87052e-18
-0.000399147 9.05683e-06 -1.87056e-18
-0.000399146 8.89563e-06 -1.87061e-18
-0.000399146 8.72651e-06 -1.87067e-18
-0.000399145 8.54984e-06 -1.87072e-18
-0.000399145 8.3661e-06 -1.87078e-18
-0.000399145 8.17576e-06 -1.87084e-18
-0.000399144 7.97931e-06 -1.8709e-18
-0.000399144 7.77712e-06 -1.87096e-18
-0.000399143 7.56956e-06 -1.87102e-18
-0.000399143 7.35695e-06 -1.87109e-18
-0.000399144 7.13959e-06 -1.87115e-18
-0.000399144 6.91762e-06 -1.87122e-18
-0.000399144 6.69114e-06 -1.87129e-18
-0.000399145 6.46023e-06 -1.87136e-18
-0.000399145 6.22498e-06 -1.87143e-18
-0.000399145 5.98553e-06 -1.87151e-18
-0.000399145 5.74203e-06 -1.87158e-18
-0.000399146 5.49467e-06 -1.87166e-18
-0.000399146 5.2437e-06 -1.87173e-18
-0.000399146 4.98949e-06 -1.87181e-18
-0.000399147 4.73248e-06 -1.87189e-18
-0.000399147 4.47319e-06 -1.87197e-18
-0.000399147 4.2122e-06 -1.87205e-18
-0.000399147 3.95023e-06 -1.87213e-18
-0.000399148 3.68808e-06 -1.87221e-18
-0.000399148 3.4266e-06 -1.87228e-18
-0.000399148 3.16654e-06 -1.87236e-18
-0.000399148 2.90838e-06 -1.87244e-18
-0.000399148 2.65237e-06 -1.87252e-18
-0.000399149 2.39879e-06 -1.87259e-18
-0.000399149 2.14797e-06 -1.87267e-18
-0.000399149 1.90052e-06 -1.87275e-18
-0.000399149 1.65715e-06 -1.87282e-18
-0.000399149 1.41861e-06 -1.87289e-18
-0.000399149 1.18563e-06 -1.87296e-18
-0.00039915 9.58882e-07 -1.87303e-18
-0.00039915 7.39019e-07 -1.8731e-18
-0.00039915 5.26631e-07 -1.87316e-18
-0.00039915 3.22272e-07 -1.87323e-18
-0.00039915 1.26527e-07 -1.87329e-18
-0.00039915 -6.00504e-08 -1.87334e-18
-0.00039915 -2.36977e-07 -1.8734e-18
-0.00039915 -4.03939e-07 -1.87345e-18
-0.00039915 -5.60857e-07 -1.8735e-18
-0.00039915 -7.0785e-07 -1.87355e-18
-0.00039915 -8.45156e-07 -1.87359e-18
-0.00039915 -9.73076e-07 -1.87364e-18
-0.00039915 -1.0919e-06 -1.87368e-18
-0.00039915 -1.20194e-06 -1.87371e-18
-0.00039915 -1.30359e-06 -1.87375e-18
-0.00039915 -1.39733e-06 -1.87378e-18
-0.00039915 -1.48372e-06 -1.87381e-18
-0.00039915 -1.56336e-06 -1.87384e-18
-0.00039915 -1.63696e-06 -1.87387e-18
-0.00039915 -1.70524e-06 -1.87389e-18
-0.00039915 -1.76894e-06 -1.87392e-18
-0.000399151 -1.82883e-06 -1.87394e-18
-0.000399151 -1.88569e-06 -1.87396e-18
-0.000399151 -1.94042e-06 -1.87399e-18
-0.000399151 -1.99419e-06 -1.87401e-18
-0.000399151 -2.04834e-06 -1.87403e-18
-0.000399151 -2.10419e-06 -1.87405e-18
-0.000399151 -2.16296e-06 -1.87407e-18
-0.000399151 -2.22571e-06 -1.8741e-18
-0.000399151 -2.2933e-06 -1.87412e-18
-0.000399151 -2.36652e-06 -1.87415e-18
-0.000399151 -2.44596e-06 -1.87418e-18
-0.000399151 -2.53194e-06 -1.87421e-18
-0.000399152 -2.62452e-06 -1.87424e-18
-0.000399152 -2.72363e-06 -1.87427e-18
-0.000399152 -2.8291e-06 -1.87431e-18
-0.000399152 -2.9406e-06 -1.87434e-18
-0.000399152 -3.05764e-06 -1.87438e-18
-0.000399152 -3.17968e-06 -1.87442e-18
-0.000399152 -3.3061e-06 -1.87446e-18
-0.000399153 -3.43622e-06 -1.8745e-18
-0.000399153 -3.56929e-06 -1.87455e-18
-0.000399153 -3.70457e-06 -1.87459e-18
-0.000399153 -3.84145e-06 -1.87463e-18
-0.000399153 -3.97973e-06 -1.87468e-18
-0.000399153 -4.11951e-06 -1.87472e-18
-0.000399153 -4.26093e-06 -1.87476e-18
-0.000399154 -4.40411e-06 -1.87481e-18
-0.000399154 -4.5491e-06 -1.87486e-18
-0.000399154 -4.69592e-06 -1.8749e-18
-0.000399154 -4.84458e-06 -1.87495e-18
-0.000399154 -4.99524e-06 -1.875e-18
-0.000399154 -5.14832e-06 -1.87505e-18
-0.000399154 -5.30447e-06 -1.87509e-18
-0.000399155 -5.46435e-06 -1.87514e-18
-0.000399155 -5.62856e-06 -1.8752e-18
-0.000399155 -5.79746e-06 -1.87525e-18
-0.000399155 -5.97128e-06 -1.8753e-18
-0.000399155 -6.15019e-06 -1.87536e-18
-0.000399155 -6.33438e-06 -1.87542e-18
-0.000399155 -6.52397e-06 -1.87548e-18
-0.000399156 -6.71908e-06 -1.87554e-18
-0.000399156 -6.9198e-06 -1.8756e-18
-0.000399156 -7.12607e-06 -1.87567e-18
-0.000399156 -7.33744e-06 -1.87573e-18
-0.000399156 -7.55319e-06 -1.8758e-18
-0.000399156 -7.77256e-06 -1.87587e-18
-0.000399157 -7.99483e-06 -1.87594e-18
-0.000399157 -8.21935e-06 -1.87601e-18
-0.000399157 -8.44551e-06 -1.87608e-18
-0.000399157 -8.67273e-06 -1.87615e-18
-0.000399157 -8.90051e-06 -1.87622e-18
-0.000399157 -9.12847e-06 -1.87629e-18
-0.000399157 -9.35639e-06 -1.87636e-18
-0.000399158 -9.58402e-06 -1.87643e-18
-0.000399158 -9.8112e-06 -1.8765e-18
-0.000399158 -1.00378e-05 -1.87657e-18
-0.000399158 -1.02639e-05 -1.87665e-18
-0.000399158 -1.04893e-05 -1.87672e-18
-0.000399158 -1.07141e-05 -1.87679e-18
-0.000399158 -1.09384e-05 -1.87686e-18
-0.000399158 -1.11621e-05 -1.87693e-18
-0.000399158 -1.13855e-05 -1.877e-18
-0.000399159 -1.16085e-05 -1.87707e-18
-0.000399159 -1.18313e-05 -1.87714e-18
-0.000399159 -1.20539e-05 -1.87721e-18
-0.000399159 -1.22765e-05 -1.87728e-18
-0.000399159 -1.2499e-05 -1.87735e-18
-0.00039916 -1.27216e-05 -1.87742e-18
-0.00039916 -1.29443e-05 -1.87749e-18
-0.00039916 -1.31671e-05 -1.87756e-18
-0.00039916 -1.339e-05 -1.87762e-18
-0.00039916 -1.36125e-05 -1.87769e-18
-0.00039916 -1.38342e-05 -1.87776e-18
-0.00039916 -1.40543e-05 -1.87783e-18
-0.000399161 -1.42724e-05 -1.8779e-18
-0.000399161 -1.44881e-05 -1.87797e-18
-0.000399161 -1.47009e-05 -1.87803e-18
-0.000399161 -1.49105e-05 -1.8781e-18
-0.000399161 -1.51165e-05 -1.87816e-18
-0.000399161 -1.53184e-05 -1.87822e-18
-0.000399161 -1.55157e-05 -1.87828e-18
-0.000399161 -1.57077e-05 -1.87834e-18
-0.000399161 -1.58941e-05 -1.8784e-18
-0.000399162 -1.60746e-05 -1.87846e-18
-0.000399162 -1.62493e-05 -1.87851e-18
-0.000399162 -1.64184e-05 -1.87856e-18
-0.000399162 -1.65818e-05 -1.87861e-18
-0.000399162 -1.67393e-05 -1.87866e-18
-0.000399163 -1.68907e-05 -1.87871e-18
-0.000399163 -1.70356e-05 -1.87875e-18
-0.000399163 -1.71737e-05 -1.87879e-18
-0.000399163 -1.7305e-05 -1.87883e-18
-0.000399164 -1.74295e-05 -1.87887e-18
-0.000399164 -1.75473e-05 -1.87891e-18
-0.000399164 -1.76584e-05 -1.87894e-18
-0.000399165 -1.77624e-05 -1.87897e-18
-0.000399165 -1.78589e-05 -1.879e-18
-0.000399166 -1.79476e-05 -1.87903e-18
-0.000399166 -1.8028e-05 -1.87905e-18
-0.000399167 -1.80999e-05 -1.87907e-18
-0.000399167 -1.81631e-05 -1.87909e-18
-0.000399167 -1.82175e-05 -1.87911e-18
-0.000399168 -1.82629e-05 -1.87912e-18
-0.000399168 -1.8299e-05 -1.87913e-18
-0.000399169 -1.83255e-05 -1.87914e-18
-0.00039917 -1.83422e-05 -1.87914e-18
-0.00039917 -1.83487e-05 -1.87915e-18
-0.000399171 -1.8345e-05 -1.87914e-18
-0.000399171 -1.83314e-05 -1.87914e-18
-0.000399172 -1.8308e-05 -1.87913e-18
-0.000399172 -1.82751e-05 -1.87912e-18
-0.000399173 -1.82331e-05 -1.87911e-18
-0.000399173 -1.81825e-05 -1.8791e-18
-0.000399174 -1.81238e-05 -1.87908e-18
-0.000399174 -1.80575e-05 -1.87906e-18
-0.000399175 -1.79838e-05 -1.87904e-18
-0.000399176 -1.79028e-05 -1.87902e-18
-0.000399176 -1.78147e-05 -1.87899e-18
-0.000399177 -1.77196e-05 -1.87896e-18
-0.000399177 -1.76181e-05 -1.87893e-18
-0.000399178 -1.75108e-05 -1.8789e-18
-0.000399178 -1.73986e-05 -1.87887e-18
-0.000399178 -1.72821e-05 -1.87883e-18
-0.000399179 -1.71619e-05 -1.8788e-18
-0.000399179 -1.70387e-05 -1.87876e-18
-0.00039918 -1.69129e-05 -1.87872e-18
-0.00039918 -1.67851e-05 -1.87869e-18
-0.00039918 -1.66558e-05 -1.87865e-18
-0.000399181 -1.65257e-05 -1.87861e-18
-0.000399181 -1.63952e-05 -1.87857e-18
-0.000399181 -1.62648e-05 -1.87853e-18
-0.000399182 -1.61348e-05 -1.87849e-18
-0.000399182 -1.60051e-05 -1.87846e-18
-0.000399182 -1.58758e-05 -1.87842e-18
-0.000399182 -1.57471e-05 -1.87838e-18
-0.000399182 -1.56193e-05 -1.87834e-18
-0.000399182 -1.54931e-05 -1.8783e-18
-0.000399182 -1.53692e-05 -1.87827e-18
-0.000399182 -1.52481e-05 -1.87823e-18
-0.000399183 -1.51301e-05 -1.87819e-18
-0.000399182 -1.50153e-05 -1.87816e-18
-0.000399182 -1.49041e-05 -1.87812e-18
-0.000399182 -1.47963e-05 -1.87809e-18
-0.000399182 -1.46923e-05 -1.87806e-18
-0.000399182 -1.45923e-05 -1.87803e-18
-0.000399182 -1.44963e-05 -1.878e-18
-0.000399182 -1.44045e-05 -1.87797e-18
-0.000399181 -1.43171e-05 -1.87794e-18
-0.000399181 -1.42343e-05 -1.87792e-18
-0.000399181 -1.41562e-05 -1.87789e-18
-0.00039918 -1.40831e-05 -1.87787e-18
-0.00039918 -1.40148e-05 -1.87785e-18
-0.000399179 -1.39517e-05 -1.87782e-18
-0.000399179 -1.38936e-05 -1.87781e-18
-0.000399178 -1.38406e-05 -1.87779e-18
-0.000399178 -1.37926e-05 -1.87777e-18
-0.000399177 -1.37495e-05 -1.87776e-18
-0.000399176 -1.3711e-05 -1.87774e-18
-0.000399176 -1.3677e-05 -1.87773e-18
-0.000399175 -1.36468e-05 -1.87772e-18
-0.000399174 -1.36195e-05 -1.87771e-18
-0.000399173 -1.35944e-05 -1.8777e-18
-0.000399172 -1.35708e-05 -1.87769e-18
-0.000399172 -1.35481e-05 -1.87768e-18
-0.000399171 -1.35261e-05 -1.87767e-18
-0.00039917 -1.35047e-05 -1.87766e-18
-0.000399169 -1.34836e-05 -1.87765e-18
-0.000399168 -1.34626e-05 -1.87764e-18
-0.000399167 -1.34415e-05 -1.87763e-18
-0.000399165 -1.34202e-05 -1.87762e-18
-0.000399164 -1.33985e-05 -1.87762e-18
-0.000399163 -1.33765e-05 -1.87761e-18
-0.000399162 -1.33543e-05 -1.8776e-18
-0.000399161 -1.33322e-05 -1.87759e-18
-0.00039916 -1.33104e-05 -1.87758e-18
-0.000399159 -1.32889e-05 -1.87757e-18
-0.00039916 -1.32678e-05 -1.87756e-18
-0.000399159 -1.32471e-05 -1.87755e-18
-0.000399159 -1.3227e-05 -1.87755e-18
-0.000399159 -1.32077e-05 -1.87754e-18
-0.000399159 -1.31898e-05 -1.87753e-18
-0.000399159 -1.31736e-05 -1.87752e-18
-0.000399159 -1.31596e-05 -1.87752e-18
-0.000399159 -1.31478e-05 -1.87751e-18
-0.000399159 -1.31381e-05 -1.87751e-18
-0.000399159 -1.31303e-05 -1.8775e-18
-0.000399159 -1.3124e-05 -1.8775e-18
-0.000399159 -1.31187e-05 -1.87749e-18
-0.000399159 -1.31136e-05 -1.87749e-18
-0.000399159 -1.31079e-05 -1.87749e-18
-0.000399159 -1.31007e-05 -1.87748e-18
-0.000399159 -1.30913e-05 -1.87748e-18
-0.000399159 -1.3079e-05 -1.87747e-18
-0.000399159 -1.30631e-05 -1.87746e-18
-0.000399159 -1.30429e-05 -1.87746e-18
-0.000399159 -1.3018e-05 -1.87745e-18
-0.000399159 -1.29881e-05 -1.87743e-18
-0.000399159 -1.29527e-05 -1.87742e-18
-0.000399159 -1.29118e-05 -1.87741e-18
-0.000399159 -1.28651e-05 -1.87739e-18
-0.000399159 -1.28128e-05 -1.87738e-18
-0.000399159 -1.27549e-05 -1.87736e-18
-0.000399159 -1.26914e-05 -1.87734e-18
-0.000399159 -1.26221e-05 -1.87731e-18
-0.000399159 -1.25467e-05 -1.87729e-18
-0.000399159 -1.24647e-05 -1.87726e-18
-0.000399158 -1.23759e-05 -1.87724e-18
-0.000399158 -1.228e-05 -1.87721e-18
-0.000399158 -1.21769e-05 -1.87717e-18
-0.000399158 -1.20665e-05 -1.87714e-18
-0.000399158 -1.19488e-05 -1.8771e-18
-0.000399158 -1.18236e-05 -1.87707e-18
-0.000399158 -1.16909e-05 -1.87702e-18
-0.000399158 -1.15506e-05 -1.87698e-18
-0.000399157 -1.14028e-05 -1.87694e-18
-0.000399157 -1.12475e-05 -1.87689e-18
-0.000399157 -1.10851e-05 -1.87684e-18
-0.000399157 -1.09156e-05 -1.87679e-18
-0.000399157 -1.07395e-05 -1.87673e-18
-0.000399157 -1.0557e-05 -1.87668e-18
-0.000399157 -1.03684e-05 -1.87662e-18
-0.000399156 -1.01742e-05 -1.87656e-18
-0.000399156 -9.97471e-06 -1.8765e-18
-0.000399156 -9.77084e-06 -1.87644e-18
-0.000399156 -9.5636e-06 -1.87637e-18
-0.000399156 -9.35405e-06 -1.87631e-18
-0.000399155 -9.14312e-06 -1.87624e-18
-0.000399155 -8.93151e-06 -1.87618e-18
-0.000399155 -8.71976e-06 -1.87611e-18
-0.000399155 -8.50835e-06 -1.87605e-18
-0.000399155 -8.29768e-06 -1.87598e-18
-0.000399155 -8.08808e-06 -1.87592e-18
-0.000399154 -7.87978e-06 -1.87585e-18
-0.000399154 -7.67301e-06 -1.87579e-18
-0.000399154 -7.46796e-06 -1.87573e-18
-0.000399154 -7.26492e-06 -1.87566e-18
-0.000399154 -7.06416e-06 -1.8756e-18
-0.000399154 -6.86599e-06 -1.87554e-18
-0.000399153 -6.67049e-06 -1.87548e-18
-0.000399153 -6.47735e-06 -1.87542e-18
-0.000399153 -6.28593e-06 -1.87536e-18
-0.000399153 -6.09558e-06 -1.8753e-18
-0.000399153 -5.90583e-06 -1.87524e-18
-0.000399153 -5.7166e-06 -1.87518e-18
-0.000399152 -5.52811e-06 -1.87512e-18
-0.000399152 -5.34064e-06 -1.87507e-18
-0.000399152 -5.15441e-06 -1.87501e-18
-0.000399152 -4.96939e-06 -1.87495e-18
-0.000399152 -4.78538e-06 -1.8749e-18
-0.000399152 -4.60219e-06 -1.87484e-18
-0.000399151 -4.41991e-06 -1.87478e-18
-0.000399151 -4.23923e-06 -1.87473e-18
-0.000399151 -4.06127e-06 -1.87467e-18
-0.000399151 -3.88721e-06 -1.87462e-18
-0.000399151 -3.71812e-06 -1.87457e-18
-0.000399151 -3.55476e-06 -1.87452e-18
-0.000399151 -3.39769e-06 -1.87447e-18
-0.000399151 -3.24739e-06 -1.87443e-18
-0.000399151 -3.10439e-06 -1.87438e-18
-0.000399151 -2.96926e-06 -1.87434e-18
-0.00039915 -2.8426e-06 -1.8743e-18
-0.00039915 -2.72499e-06 -1.87427e-18
-0.00039915 -2.61681e-06 -1.87423e-18
-0.00039915 -2.51805e-06 -1.8742e-18
-0.00039915 -2.42842e-06 -1.87417e-18
-0.00039915 -2.34753e-06 -1.87415e-18
-0.00039915 -2.27498e-06 -1.87413e-18
-0.00039915 -2.21029e-06 -1.87411e-18
-0.00039915 -2.153e-06 -1.87409e-18
-0.00039915 -2.1026e-06 -1.87407e-18
-0.00039915 -2.05851e-06 -1.87406e-18
-0.000399151 -2.02008e-06 -1.87404e-18
-0.000399151 -1.98657e-06 -1.87403e-18
-0.000399151 -1.95726e-06 -1.87402e-18
-0.000399151 -1.93141e-06 -1.87401e-18
-0.000399151 -1.90828e-06 -1.87401e-18
-0.000399151 -1.88716e-06 -1.874e-18
-0.000399151 -1.86732e-06 -1.87399e-18
-0.000399151 -1.84816e-06 -1.87399e-18
-0.000399151 -1.8291e-06 -1.87398e-18
-0.00039915 -1.8097e-06 -1.87397e-18
-0.00039915 -1.78952e-06 -1.87397e-18
-0.00039915 -1.76823e-06 -1.87396e-18
-0.00039915 -1.74554e-06 -1.87395e-18
-0.00039915 -1.72127e-06 -1.87395e-18
-0.00039915 -1.69526e-06 -1.87394e-18
-0.00039915 -1.66759e-06 -1.87393e-18
-0.00039915 -1.63882e-06 -1.87392e-18
-0.00039915 -1.60983e-06 -1.87391e-18
-0.00039915 -1.58157e-06 -1.87391e-18
-0.00039915 -1.55485e-06 -1.8739e-18
-0.00039915 -1.53021e-06 -1.87389e-18
-0.00039915 -1.50794e-06 -1.87388e-18
-0.00039915 -1.48828e-06 -1.87388e-18
-0.00039915 -1.47143e-06 -1.87387e-18
-0.00039915 -1.45757e-06 -1.87387e-18
-0.00039915 -1.44682e-06 -1.87386e-18
-0.00039915 -1.43926e-06 -1.87386e-18
-0.00039915 -1.43489e-06 -1.87386e-18
-0.00039915 -1.43356e-06 -1.87386e-18
-0.00039915 -1.43502e-06 -1.87386e-18
-0.00039915 -1.43897e-06 -1.87386e-18
-0.00039915 -1.44507e-06 -1.87386e-18
-0.00039915 -1.45306e-06 -1.87386e-18
-0.00039915 -1.46272e-06 -1.87386e-18
-0.00039915 -1.47379e-06 -1.87386e-18
-0.00039915 -1.48597e-06 -1.87386e-18
-0.00039915 -1.49899e-06 -1.87386e-18
-0.00039915 -1.51257e-06 -1.87386e-18
-0.00039915 -1.52641e-06 -1.87387e-18
-0.00039915 -1.54016e-06 -1.87387e-18
-0.00039915 -1.55343e-06 -1.87387e-18
-0.00039915 -1.56578e-06 -1.87387e-18
-0.00039915 -1.57677e-06 -1.87387e-18
-0.00039915 -1.58594e-06 -1.87387e-18
-0.00039915 -1.59278e-06 -1.87387e-18
-0.00039915 -1.59676e-06 -1.87387e-18
-0.00039915 -1.59739e-06 -1.87387e-18
-0.00039915 -1.59417e-06 -1.87386e-18
-0.00039915 -1.58656e-06 -1.87386e-18
-0.00039915 -1.57399e-06 -1.87385e-18
-0.00039915 -1.55599e-06 -1.87385e-18
-0.00039915 -1.53199e-06 -1.87384e-18
-0.00039915 -1.50133e-06 -1.87383e-18
-0.00039915 -1.46324e-06 -1.87381e-18
-0.00039915 -1.41702e-06 -1.8738e-18
-0.000399149 -1.3621e-06 -1.87378e-18
-0.000399149 -1.29822e-06 -1.87376e-18
-0.000399149 -1.2253e-06 -1.87374e-18
-0.000399149 -1.14335e-06 -1.87372e-18
-0.000399149 -1.05256e-06 -1.87369e-18
-0.000399149 -9.53285e-07 -1.87366e-18
-0.000399148 -8.46069e-07 -1.87363e-18
-0.000399148 -7.31519e-07 -1.87359e-18
-0.000399148 -6.10365e-07 -1.87356e-18
-0.000399148 -4.8355e-07 -1.87352e-18
-0.000399148 -3.52164e-07 -1.87348e-18
-0.000399148 -2.17334e-07 -1.87344e-18
-0.000399147 -8.00729e-08 -1.8734e-18
-0.000399147 5.88659e-08 -1.87336e-18
-0.000399147 1.98923e-07 -1.87332e-18
-0.000399147 3.39596e-07 -1.87328e-18
-0.000399147 4.8036e-07 -1.87324e-18
-0.000399147 6.20626e-07 -1.87319e-18
-0.000399146 7.59763e-07 -1.87315e-18
-0.000399146 8.97175e-07 -1.87311e-18
-0.000399146 1.03235e-06 -1.87307e-18
-0.000399146 1.16498e-06 -1.87303e-18
-0.000399146 1.29484e-06 -1.87299e-18
-0.000399146 1.4218e-06 -1.87296e-18
-0.000399146 1.54575e-06 -1.87292e-18
-0.000399146 1.66661e-06 -1.87288e-18
-0.000399146 1.78433e-06 -1.87285e-18
-0.000399146 1.89887e-06 -1.87281e-18
-0.000399145 2.01006e-06 -1.87278e-18
-0.000399145 2.11737e-06 -1.87275e-18
-0.000399145 2.21999e-06 -1.87272e-18
-0.000399145 2.31714e-06 -1.87269e-18
-0.000399145 2.40808e-06 -1.87266e-18
-0.000399145 2.49223e-06 -1.87263e-18
-0.000399145 2.56913e-06 -1.87261e-18
-0.000399145 2.63837e-06 -1.87259e-18
-0.000399145 2.69962e-06 -1.87257e-18
-0.000399145 2.75274e-06 -1.87255e-18
-0.000399145 2.79771e-06 -1.87254e-18
-0.000399146 2.83455e-06 -1.87253e-18
-0.000399146 2.86327e-06 -1.87252e-18
-0.000399146 2.88381e-06 -1.87251e-18
-0.000399146 2.89607e-06 -1.87251e-18
-0.000399146 2.89995e-06 -1.8725e-18
-0.000399146 2.89536e-06 -1.87251e-18
-0.000399146 2.88213e-06 -1.87251e-18
-0.000399146 2.86006e-06 -1.87251e-18
-0.000399146 2.82896e-06 -1.87252e-18
-0.000399147 2.7887e-06 -1.87253e-18
-0.000399147 2.73914e-06 -1.87255e-18
-0.000399147 2.68019e-06 -1.87256e-18
-0.000399147 2.61179e-06 -1.87258e-18
-0.000399147 2.53394e-06 -1.87261e-18
-0.000399147 2.44678e-06 -1.87263e-18
-0.000399148 2.35048e-06 -1.87266e-18
-0.000399148 2.24531e-06 -1.87269e-18
-0.000399148 2.13164e-06 -1.87272e-18
-0.000399148 2.01021e-06 -1.87276e-18
-0.000399148 1.88196e-06 -1.8728e-18
-0.000399149 1.74788e-06 -1.87283e-18
-0.000399149 1.60903e-06 -1.87288e-18
-0.000399149 1.4666e-06 -1.87292e-18
-0.000399149 1.32188e-06 -1.87296e-18
-0.000399149 1.17614e-06 -1.873e-18
-0.000399149 1.03053e-06 -1.87305e-18
-0.00039915 8.86031e-07 -1.87309e-18
-0.00039915 7.43454e-07 -1.87313e-18
-0.00039915 6.03524e-07 -1.87318e-18
-0.00039915 4.66939e-07 -1.87322e-18
-0.00039915 3.34399e-07 -1.87326e-18
-0.00039915 2.06594e-07 -1.8733e-18
-0.00039915 8.41327e-08 -1.87334e-18
-0.00039915 -3.25045e-08 -1.87337e-18
-0.00039915 -1.43035e-07 -1.87341e-18
-0.00039915 -2.47332e-07 -1.87344e-18
-0.00039915 -3.45366e-07 -1.87347e-18
-0.00039915 -4.37325e-07 -1.8735e-18
-0.00039915 -5.2379e-07 -1.87353e-18
-0.00039915 -6.0563e-07 -1.87356e-18
-0.00039915 -6.83797e-07 -1.87359e-18
-0.00039915 -7.59239e-07 -1.87361e-18
-0.000399151 -8.32842e-07 -1.87364e-18
-0.000399151 -9.0544e-07 -1.87366e-18
-0.000399151 -9.77852e-07 -1.87369e-18
-0.000399151 -1.05083e-06 -1.87371e-18
-0.000399151 -1.12499e-06 -1.87374e-18
-0.000399151 -1.20085e-06 -1.87376e-18
-0.000399151 -1.27885e-06 -1.87379e-18
-0.000399151 -1.35933e-06 -1.87381e-18
-0.000399151 -1.44243e-06 -1.87384e-18
-0.000399151 -1.52818e-06 -1.87387e-18
-0.000399151 -1.61647e-06 -1.8739e-18
-0.000399151 -1.70727e-06 -1.87393e-18
-0.000399152 -1.80066e-06 -1.87396e-18
-0.000399152 -1.89681e-06 -1.87399e-18
-0.000399152 -1.99584e-06 -1.87402e-18
-0.000399152 -2.09777e-06 -1.87405e-18
-0.000399152 -2.20242e-06 -1.87408e-18
-0.000399152 -2.3095e-06 -1.87411e-18
-0.000399152 -2.41865e-06 -1.87415e-18
-0.000399152 -2.5293e-06 -1.87418e-18
-0.000399152 -2.64049e-06 -1.87422e-18
-0.000399152 -2.75102e-06 -1.87425e-18
-0.000399153 -2.8596e-06 -1.87428e-18
-0.000399153 -2.96486e-06 -1.87431e-18
-0.000399153 -3.06518e-06 -1.87434e-18
-0.000399153 -3.15877e-06 -1.87437e-18
-0.000399153 -3.24387e-06 -1.8744e-18
-0.000399153 -3.3189e-06 -1.87442e-18
-0.000399153 -3.38253e-06 -1.87444e-18
-0.000399152 -3.43372e-06 -1.87445e-18
-0.000399152 -3.47152e-06 -1.87447e-18
-0.000399152 -3.49522e-06 -1.87447e-18
-0.000399152 -3.50453e-06 -1.87448e-18
-0.000399152 -3.49947e-06 -1.87448e-18
-0.000399152 -3.48022e-06 -1.87447e-18
-0.000399152 -3.44711e-06 -1.87446e-18
-0.000399152 -3.40081e-06 -1.87445e-18
-0.000399152 -3.3422e-06 -1.87444e-18
-0.000399151 -3.27226e-06 -1.87442e-18
-0.000399151 -3.19203e-06 -1.87439e-18
-0.000399151 -3.10261e-06 -1.87437e-18
-0.000399151 -3.00516e-06 -1.87434e-18
-0.000399151 -2.90084e-06 -1.87431e-18
-0.000399151 -2.79079e-06 -1.87428e-18
-0.00039915 -2.67603e-06 -1.87425e-18
-0.00039915 -2.55748e-06 -1.87422e-18
-0.00039915 -2.43605e-06 -1.87418e-18
-0.00039915 -2.3126e-06 -1.87415e-18
-0.00039915 -2.18799e-06 -1.87411e-18
-0.00039915 -2.06305e-06 -1.87407e-18
-0.00039915 -1.93856e-06 -1.87404e-18
-0.00039915 -1.81523e-06 -1.874e-18
-0.00039915 -1.69359e-06 -1.87397e-18
-0.000399149 -1.57409e-06 -1.87393e-18
-0.000399149 -1.45713e-06 -1.8739e-18
-0.000399149 -1.34307e-06 -1.87386e-18
-0.000399149 -1.23235e-06 -1.87383e-18
-0.000399149 -1.1254e-06 -1.8738e-18
-0.000399149 -1.02268e-06 -1.87377e-18
-0.000399149 -9.2461e-07 -1.87374e-18
-0.000399149 -8.31737e-07 -1.87371e-18
-0.000399149 -7.44634e-07 -1.87369e-18
-0.000399149 -6.63878e-07 -1.87367e-18
-0.000399149 -5.89991e-07 -1.87364e-18
-0.000399149 -5.23407e-07 -1.87362e-18
-0.000399149 -4.64484e-07 -1.87361e-18
-0.000399149 -4.13563e-07 -1.87359e-18
-0.000399149 -3.70938e-07 -1.87358e-18
-0.000399149 -3.3683e-07 -1.87357e-18
-0.000399149 -3.11397e-07 -1.87356e-18
-0.000399149 -2.94775e-07 -1.87356e-18
-0.000399149 -2.87015e-07 -1.87355e-18
-0.000399149 -2.87981e-07 -1.87355e-18
-0.00039915 -2.97406e-07 -1.87356e-18
-0.00039915 -3.14985e-07 -1.87356e-18
-0.00039915 -3.40338e-07 -1.87357e-18
-0.00039915 -3.72923e-07 -1.87358e-18
-0.00039915 -4.12089e-07 -1.87359e-18
-0.00039915 -4.57147e-07 -1.8736e-18
-0.00039915 -5.07521e-07 -1.87362e-18
-0.00039915 -5.62885e-07 -1.87364e-18
-0.00039915 -6.23095e-07 -1.87365e-18
-0.00039915 -6.8801e-07 -1.87367e-18
-0.000399151 -7.5749e-07 -1.87369e-18
-0.000399151 -8.31399e-07 -1.87371e-18
-0.000399151 -9.09605e-07 -1.87374e-18
-0.000399151 -9.91938e-07 -1.87376e-18
-0.000399151 -1.07812e-06 -1.87379e-18
-0.000399151 -1.16764e-06 -1.87381e-18
-0.000399151 -1.25982e-06 -1.87384e-18
-0.000399151 -1.35392e-06 -1.87387e-18
-0.000399151 -1.44912e-06 -1.87389e-18
-0.000399151 -1.54439e-06 -1.87392e-18
-0.000399152 -1.63857e-06 -1.87395e-18
-0.000399152 -1.73047e-06 -1.87397e-18
-0.000399152 -1.81907e-06 -1.874e-18
-0.000399152 -1.90375e-06 -1.87402e-18
-0.000399152 -1.98415e-06 -1.87405e-18
-0.000399152 -2.05999e-06 -1.87407e-18
-0.000399152 -2.13107e-06 -1.87409e-18
-0.000399152 -2.19741e-06 -1.87411e-18
-0.000399152 -2.25915e-06 -1.87413e-18
-0.000399152 -2.31649e-06 -1.87414e-18
-0.000399152 -2.36968e-06 -1.87416e-18
-0.000399152 -2.419e-06 -1.87417e-18
-0.000399152 -2.46482e-06 -1.87418e-18
-0.000399152 -2.50749e-06 -1.8742e-18
-0.000399152 -2.54736e-06 -1.87421e-18
-0.000399152 -2.58465e-06 -1.87422e-18
-0.000399152 -2.61949e-06 -1.87423e-18
-0.000399152 -2.65203e-06 -1.87424e-18
-0.000399152 -2.68234e-06 -1.87425e-18
-0.000399152 -2.71032e-06 -1.87425e-18
-0.000399152 -2.73575e-06 -1.87426e-18
-0.000399152 -2.75841e-06 -1.87427e-18
-0.000399152 -2.77798e-06 -1.87427e-18
-0.000399152 -2.79396e-06 -1.87428e-18
-0.000399152 -2.80574e-06 -1.87428e-18
-0.000399152 -2.81267e-06 -1.87428e-18
-0.000399151 -2.81419e-06 -1.87428e-18
-0.000399151 -2.80987e-06 -1.87428e-18
-0.000399151 -2.79937e-06 -1.87427e-18
-0.000399151 -2.78239e-06 -1.87427e-18
-0.000399151 -2.75885e-06 -1.87426e-18
-0.000399151 -2.72912e-06 -1.87425e-18
-0.000399151 -2.69393e-06 -1.87424e-18
-0.000399151 -2.65402e-06 -1.87422e-18
-0.000399151 -2.61026e-06 -1.87421e-18
-0.000399151 -2.56377e-06 -1.8742e-18
-0.000399151 -2.51581e-06 -1.87418e-18
-0.000399151 -2.46766e-06 -1.87416e-18
-0.000399151 -2.42038e-06 -1.87415e-18
-0.000399151 -2.37476e-06 -1.87413e-18
-0.00039915 -2.33134e-06 -1.87412e-18
-0.00039915 -2.29056e-06 -1.8741e-18
-0.00039915 -2.25263e-06 -1.87409e-18
-0.00039915 -2.21735e-06 -1.87407e-18
-0.00039915 -2.18424e-06 -1.87406e-18
-0.00039915 -2.15271e-06 -1.87405e-18
-0.00039915 -2.12214e-06 -1.87404e-18
-0.00039915 -2.0919e-06 -1.87403e-18
-0.00039915 -2.06137e-06 -1.87401e-18
-0.00039915 -2.02991e-06 -1.874e-18
-0.00039915 -1.99677e-06 -1.87399e-18
-0.00039915 -1.961e-06 -1.87397e-18
-0.00039915 -1.9215e-06 -1.87396e-18
-0.00039915 -1.87717e-06 -1.87394e-18
-0.00039915 -1.82709e-06 -1.87393e-18
-0.00039915 -1.77062e-06 -1.87391e-18
-0.00039915 -1.70735e-06 -1.87389e-18
-0.000399149 -1.63697e-06 -1.87386e-18
-0.000399149 -1.55924e-06 -1.87384e-18
-0.000399149 -1.47394e-06 -1.87381e-18
-0.000399149 -1.38084e-06 -1.87378e-18
-0.000399149 -1.27985e-06 -1.87375e-18
-0.000399149 -1.17089e-06 -1.87372e-18
-0.000399149 -1.05382e-06 -1.87368e-18
-0.000399148 -9.28496e-07 -1.87365e-18
-0.000399148 -7.9485e-07 -1.87361e-18
-0.000399148 -6.53009e-07 -1.87356e-18
-0.000399148 -5.03374e-07 -1.87352e-18
-0.000399147 -3.46571e-07 -1.87347e-18
-0.000399147 -1.83321e-07 -1.87343e-18
-0.000399147 -1.45818e-08 -1.87338e-18
-0.000399147 1.58276e-07 -1.87333e-18
-0.000399147 3.33574e-07 -1.87328e-18
-0.000399146 5.09588e-07 -1.87323e-18
-0.000399146 6.84599e-07 -1.87318e-18
-0.000399146 8.56959e-07 -1.87313e-18
-0.000399146 1.02507e-06 -1.87308e-18
-0.000399146 1.18741e-06 -1.87303e-18
-0.000399146 1.34262e-06 -1.87299e-18
-0.000399146 1.48965e-06 -1.87294e-18
-0.000399146 1.62772e-06 -1.8729e-18
-0.000399146 1.75616e-06 -1.87287e-18
-0.000399146 1.87443e-06 -1.87283e-18
-0.000399146 1.9822e-06 -1.8728e-18
-0.000399146 2.07924e-06 -1.87277e-18
-0.000399146 2.16549e-06 -1.87275e-18
-0.000399146 2.24087e-06 -1.87272e-18
-0.000399146 2.30532e-06 -1.8727e-18
-0.000399146 2.35874e-06 -1.87269e-18
-0.000399146 2.40114e-06 -1.87267e-18
-0.000399146 2.4325e-06 -1.87266e-18
-0.000399146 2.45275e-06 -1.87266e-18
-0.000399146 2.46179e-06 -1.87265e-18
-0.000399146 2.45956e-06 -1.87265e-18
-0.000399147 2.44618e-06 -1.87266e-18
-0.000399147 2.4221e-06 -1.87266e-18
-0.000399147 2.38806e-06 -1.87267e-18
-0.000399147 2.34482e-06 -1.87268e-18
-0.000399147 2.29315e-06 -1.8727e-18
-0.000399147 2.23381e-06 -1.87271e-18
-0.000399147 2.16753e-06 -1.87273e-18
-0.000399148 2.095e-06 -1.87275e-18
-0.000399148 2.01693e-06 -1.87277e-18
-0.000399148 1.93397e-06 -1.8728e-18
-0.000399148 1.84677e-06 -1.87282e-18
-0.000399148 1.75592e-06 -1.87285e-18
-0.000399148 1.66197e-06 -1.87288e-18
-0.000399148 1.5653e-06 -1.87291e-18
-0.000399149 1.46621e-06 -1.87294e-18
-0.000399149 1.36494e-06 -1.87297e-18
-0.000399149 1.26171e-06 -1.873e-18
-0.000399149 1.15662e-06 -1.87303e-18
-0.000399149 1.04977e-06 -1.87306e-18
-0.000399149 9.41192e-07 -1.87309e-18
-0.000399149 8.30934e-07 -1.87313e-18
-0.000399149 7.19006e-07 -1.87316e-18
-0.00039915 6.0542e-07 -1.87319e-18
-0.00039915 4.9018e-07 -1.87323e-18
-0.00039915 3.73314e-07 -1.87326e-18
-0.00039915 2.54863e-07 -1.8733e-18
-0.00039915 1.34901e-07 -1.87334e-18
-0.00039915 1.35107e-08 -1.87337e-18
-0.00039915 -1.09101e-07 -1.87341e-18
-0.00039915 -2.32489e-07 -1.87345e-18
-0.000399151 -3.56028e-07 -1.87348e-18
-0.000399151 -4.79067e-07 -1.87352e-18
-0.000399151 -6.00972e-07 -1.87356e-18
-0.000399151 -7.21179e-07 -1.87359e-18
-0.000399151 -8.39172e-07 -1.87363e-18
-0.000399151 -9.54466e-07 -1.87367e-18
-0.000399151 -1.06657e-06 -1.8737e-18
-0.000399151 -1.17496e-06 -1.87373e-18
-0.000399151 -1.27911e-06 -1.87377e-18
-0.000399151 -1.37852e-06 -1.8738e-18
-0.000399151 -1.47275e-06 -1.87383e-18
-0.000399151 -1.56133e-06 -1.87386e-18
-0.000399151 -1.64385e-06 -1.87388e-18
-0.000399151 -1.71996e-06 -1.87391e-18
-0.000399151 -1.78941e-06 -1.87393e-18
-0.000399151 -1.8522e-06 -1.87395e-18
-0.000399151 -1.90845e-06 -1.87397e-18
-0.000399151 -1.95839e-06 -1.87399e-18
-0.000399151 -2.0024e-06 -1.874e-18
-0.000399151 -2.04118e-06 -1.87402e-18
-0.000399151 -2.07562e-06 -1.87403e-18
-0.000399151 -2.10671e-06 -1.87404e-18
-0.000399151 -2.13541e-06 -1.87405e-18
-0.000399151 -2.16273e-06 -1.87406e-18
-0.000399151 -2.18966e-06 -1.87407e-18
-0.000399151 -2.21716e-06 -1.87408e-18
-0.000399151 -2.24617e-06 -1.8741e-18
-0.000399151 -2.2776e-06 -1.87411e-18
-0.000399151 -2.31231e-06 -1.87412e-18
-0.000399152 -2.35108e-06 -1.87413e-18
-0.000399152 -2.39456e-06 -1.87415e-18
-0.000399152 -2.44316e-06 -1.87416e-18
-0.000399152 -2.49709e-06 -1.87418e-18
-0.000399152 -2.55643e-06 -1.8742e-18
-0.000399152 -2.62119e-06 -1.87422e-18
-0.000399152 -2.69125e-06 -1.87424e-18
-0.000399152 -2.76642e-06 -1.87426e-18
-0.000399152 -2.84639e-06 -1.87429e-18
-0.000399152 -2.93078e-06 -1.87431e-18
-0.000399152 -3.01915e-06 -1.87434e-18
-0.000399153 -3.11099e-06 -1.87436e-18
-0.000399153 -3.20573e-06 -1.87439e-18
-0.000399153 -3.30278e-06 -1.87442e-18
-0.000399153 -3.40151e-06 -1.87445e-18
-0.000399153 -3.50133e-06 -1.87448e-18
-0.000399153 -3.6016e-06 -1.87451e-18
-0.000399153 -3.70166e-06 -1.87454e-18
-0.000399153 -3.80079e-06 -1.87457e-18
-0.000399153 -3.8982e-06 -1.87459e-18
-0.000399153 -3.99316e-06 -1.87462e-18
-0.000399153 -4.0849e-06 -1.87465e-18
-0.000399153 -4.17252e-06 -1.87467e-18
-0.000399153 -4.25508e-06 -1.8747e-18
-0.000399153 -4.33171e-06 -1.87472e-18
-0.000399154 -4.40165e-06 -1.87474e-18
-0.000399154 -4.46441e-06 -1.87476e-18
-0.000399154 -4.51963e-06 -1.87478e-18
-0.000399153 -4.5671e-06 -1.8748e-18
-0.000399153 -4.60669e-06 -1.87481e-18
-0.000399153 -4.63827e-06 -1.87482e-18
-0.000399153 -4.66176e-06 -1.87483e-18
-0.000399153 -4.67717e-06 -1.87484e-18
-0.000399153 -4.68471e-06 -1.87484e-18
-0.000399153 -4.68491e-06 -1.87485e-18
-0.000399153 -4.67853e-06 -1.87485e-18
-0.000399153 -4.66642e-06 -1.87485e-18
-0.000399153 -4.64954e-06 -1.87485e-18
-0.000399153 -4.62891e-06 -1.87484e-18
-0.000399153 -4.60565e-06 -1.87484e-18
-0.000399153 -4.5809e-06 -1.87484e-18
-0.000399153 -4.55584e-06 -1.87483e-18
-0.000399153 -4.53173e-06 -1.87483e-18
-0.000399153 -4.50987e-06 -1.87483e-18
-0.000399153 -4.49155e-06 -1.87483e-18
-0.000399153 -4.47796e-06 -1.87482e-18
-0.000399153 -4.47015e-06 -1.87483e-18
-0.000399153 -4.46904e-06 -1.87483e-18
-0.000399153 -4.47545e-06 -1.87483e-18
-0.000399153 -4.49011e-06 -1.87484e-18
-0.000399153 -4.51351e-06 -1.87485e-18
-0.000399154 -4.54603e-06 -1.87486e-18
-0.000399154 -4.58792e-06 -1.87488e-18
-0.000399154 -4.63937e-06 -1.8749e-18
-0.000399154 -4.7006e-06 -1.87492e-18
-0.000399154 -4.77181e-06 -1.87494e-18
-0.000399154 -4.85311e-06 -1.87497e-18
-0.000399154 -4.94452e-06 -1.87499e-18
-0.000399155 -5.04592e-06 -1.87503e-18
-0.000399155 -5.15707e-06 -1.87506e-18
-0.000399155 -5.27767e-06 -1.8751e-18
-0.000399155 -5.40732e-06 -1.87514e-18
-0.000399155 -5.54548e-06 -1.87518e-18
-0.000399155 -5.6915e-06 -1.87522e-18
-0.000399155 -5.8447e-06 -1.87527e-18
-0.000399156 -6.00442e-06 -1.87532e-18
-0.000399156 -6.17011e-06 -1.87537e-18
-0.000399156 -6.34131e-06 -1.87542e-18
-0.000399156 -6.51756e-06 -1.87547e-18
-0.000399156 -6.69845e-06 -1.87552e-18
-0.000399156 -6.88369e-06 -1.87558e-18
-0.000399157 -7.07306e-06 -1.87564e-18
-0.000399157 -7.26637e-06 -1.87569e-18
-0.000399157 -7.46335e-06 -1.87575e-18
-0.000399157 -7.6635e-06 -1.87581e-18
-0.000399157 -7.86622e-06 -1.87587e-18
-0.000399157 -8.07085e-06 -1.87593e-18
-0.000399157 -8.2767e-06 -1.876e-18
-0.000399158 -8.48284e-06 -1.87606e-18
-0.000399158 -8.68826e-06 -1.87612e-18
-0.000399158 -8.89192e-06 -1.87618e-18
-0.000399158 -9.09294e-06 -1.87624e-18
-0.000399158 -9.29076e-06 -1.8763e-18
-0.000399158 -9.48504e-06 -1.87636e-18
-0.000399158 -9.67553e-06 -1.87642e-18
-0.000399158 -9.86203e-06 -1.87647e-18
-0.000399158 -1.00445e-05 -1.87653e-18
-0.000399158 -1.02231e-05 -1.87658e-18
-0.000399158 -1.0398e-05 -1.87664e-18
-0.000399159 -1.05693e-05 -1.87669e-18
-0.000399159 -1.07372e-05 -1.87674e-18
-0.000399159 -1.0902e-05 -1.87679e-18
-0.000399159 -1.10639e-05 -1.87684e-18
-0.000399159 -1.12232e-05 -1.87689e-18
-0.000399159 -1.13797e-05 -1.87693e-18
-0.000399159 -1.15333e-05 -1.87698e-18
-0.000399159 -1.16838e-05 -1.87703e-18
-0.000399159 -1.18309e-05 -1.87707e-18
-0.000399159 -1.19746e-05 -1.87712e-18
-0.000399159 -1.21147e-05 -1.87716e-18
-0.000399159 -1.22512e-05 -1.8772e-18
-0.000399159 -1.23841e-05 -1.87725e-18
-0.000399159 -1.25132e-05 -1.87729e-18
-0.000399159 -1.26385e-05 -1.87733e-18
-0.000399159 -1.27599e-05 -1.87736e-18
-0.00039916 -1.28773e-05 -1.8774e-18
-0.00039916 -1.29904e-05 -1.87744e-18
-0.00039916 -1.3099e-05 -1.87747e-18
-0.00039916 -1.32029e-05 -1.87751e-18
-0.00039916 -1.33016e-05 -1.87754e-18
-0.00039916 -1.33953e-05 -1.87757e-18
-0.00039916 -1.34835e-05 -1.8776e-18
-0.00039916 -1.35664e-05 -1.87763e-18
-0.00039916 -1.36439e-05 -1.87765e-18
-0.00039916 -1.37162e-05 -1.87768e-18
-0.00039916 -1.37835e-05 -1.8777e-18
-0.00039916 -1.38463e-05 -1.87772e-18
-0.00039916 -1.39049e-05 -1.87774e-18
-0.00039916 -1.39599e-05 -1.87776e-18
-0.00039916 -1.40121e-05 -1.87778e-18
-0.00039916 -1.40622e-05 -1.8778e-18
-0.00039916 -1.4111e-05 -1.87781e-18
-0.00039916 -1.41589e-05 -1.87783e-18
-0.00039916 -1.42066e-05 -1.87785e-18
-0.00039916 -1.42542e-05 -1.87786e-18
-0.00039916 -1.43024e-05 -1.87788e-18
-0.00039916 -1.43516e-05 -1.8779e-18
-0.00039916 -1.44022e-05 -1.87791e-18
-0.00039916 -1.4455e-05 -1.87793e-18
-0.00039916 -1.45101e-05 -1.87795e-18
-0.00039916 -1.45676e-05 -1.87797e-18
-0.00039916 -1.46275e-05 -1.87799e-18
-0.00039916 -1.46895e-05 -1.878e-18
-0.00039916 -1.47535e-05 -1.87802e-18
-0.00039916 -1.48193e-05 -1.87804e-18
-0.00039916 -1.48869e-05 -1.87806e-18
-0.000399161 -1.49562e-05 -1.87808e-18
-0.000399161 -1.50271e-05 -1.8781e-18
-0.000399161 -1.5099e-05 -1.87813e-18
-0.000399161 -1.51715e-05 -1.87815e-18
-0.000399161 -1.5244e-05 -1.87817e-18
-0.000399161 -1.53159e-05 -1.87819e-18
-0.000399161 -1.53869e-05 -1.87821e-18
-0.000399161 -1.54569e-05 -1.87823e-18
-0.000399162 -1.55257e-05 -1.87825e-18
-0.000399163 -1.55932e-05 -1.87827e-18
-0.000399164 -1.56588e-05 -1.87829e-18
-0.000399165 -1.57217e-05 -1.87831e-18
-0.000399166 -1.57812e-05 -1.87833e-18
-0.000399166 -1.58366e-05 -1.87834e-18
-0.000399167 -1.58874e-05 -1.87836e-18
-0.000399168 -1.59331e-05 -1.87837e-18
-0.000399169 -1.59733e-05 -1.87839e-18
-0.00039917 -1.60079e-05 -1.8784e-18
-0.000399171 -1.60369e-05 -1.87841e-18
-0.000399171 -1.60604e-05 -1.87842e-18
-0.000399172 -1.60788e-05 -1.87842e-18
-0.000399173 -1.60925e-05 -1.87843e-18
-0.000399173 -1.61019e-05 -1.87844e-18
-0.000399174 -1.61077e-05 -1.87844e-18
-0.000399174 -1.61102e-05 -1.87844e-18
-0.000399175 -1.61103e-05 -1.87845e-18
-0.000399176 -1.61088e-05 -1.87845e-18
-0.000399176 -1.61066e-05 -1.87845e-18
-0.000399177 -1.61046e-05 -1.87845e-18
-0.000399177 -1.61039e-05 -1.87846e-18
-0.000399177 -1.61054e-05 -1.87846e-18
-0.000399178 -1.61098e-05 -1.87846e-18
-0.000399178 -1.61182e-05 -1.87847e-18
-0.000399179 -1.61313e-05 -1.87848e-18
-0.000399179 -1.61497e-05 -1.87848e-18
-0.000399179 -1.61741e-05 -1.87849e-18
-0.00039918 -1.62048e-05 -1.87851e-18
-0.00039918 -1.62424e-05 -1.87852e-18
-0.00039918 -1.62873e-05 -1.87854e-18
-0.00039918 -1.634e-05 -1.87855e-18
-0.000399181 -1.6401e-05 -1.87857e-18
-0.000399181 -1.64705e-05 -1.8786e-18
-0.000399181 -1.65485e-05 -1.87862e-18
-0.000399181 -1.66348e-05 -1.87865e-18
-0.000399182 -1.67291e-05 -1.87868e-18
-0.000399182 -1.68309e-05 -1.87871e-18
-0.000399182 -1.69398e-05 -1.87874e-18
-0.000399182 -1.70548e-05 -1.87878e-18
-0.000399182 -1.71752e-05 -1.87881e-18
-0.000399182 -1.73001e-05 -1.87885e-18
-0.000399182 -1.74288e-05 -1.87889e-18
-0.000399182 -1.75607e-05 -1.87893e-18
-0.000399182 -1.76951e-05 -1.87897e-18
-0.000399182 -1.78312e-05 -1.87901e-18
-0.000399182 -1.79679e-05 -1.87905e-18
-0.000399182 -1.8104e-05 -1.87909e-18
-0.000399182 -1.82383e-05 -1.87913e-18
-0.000399182 -1.83695e-05 -1.87917e-18
-0.000399182 -1.84966e-05 -1.87921e-18
-0.000399182 -1.86185e-05 -1.87925e-18
-0.000399182 -1.87343e-05 -1.87928e-18
-0.000399182 -1.88433e-05 -1.87931e-18
-0.000399182 -1.89449e-05 -1.87934e-18
-0.000399181 -1.90386e-05 -1.87937e-18
-0.000399181 -1.91242e-05 -1.8794e-18
-0.000399181 -1.92017e-05 -1.87942e-18
-0.000399181 -1.92711e-05 -1.87945e-18
-0.000399181 -1.93329e-05 -1.87946e-18
-0.000399181 -1.93875e-05 -1.87948e-18
-0.00039918 -1.94355e-05 -1.8795e-18
-0.00039918 -1.94774e-05 -1.87951e-18
-0.00039918 -1.9514e-05 -1.87952e-18
-0.00039918 -1.95461e-05 -1.87953e-18
-0.00039918 -1.95736e-05 -1.87954e-18
-0.00039918 -1.95971e-05 -1.87955e-18
-0.00039918 -1.96168e-05 -1.87955e-18
-0.00039918 -1.96324e-05 -1.87956e-18
-0.000399179 -1.96438e-05 -1.87956e-18
-0.000399179 -1.96511e-05 -1.87956e-18
-0.000399179 -1.96544e-05 -1.87957e-18
-0.000399179 -1.96538e-05 -1.87956e-18
-0.000399179 -1.96498e-05 -1.87956e-18
-0.000399179 -1.96423e-05 -1.87956e-18
-0.000399179 -1.96318e-05 -1.87956e-18
-0.000399179 -1.96188e-05 -1.87955e-18
-0.000399179 -1.9603e-05 -1.87955e-18
-0.000399179 -1.95841e-05 -1.87954e-18
-0.000399179 -1.95614e-05 -1.87953e-18
-0.000399179 -1.95341e-05 -1.87952e-18
-0.000399179 -1.95014e-05 -1.87951e-18
-0.000399179 -1.94628e-05 -1.8795e-18
-0.000399179 -1.94177e-05 -1.87948e-18
-0.00039918 -1.93655e-05 -1.87947e-18
-0.00039918 -1.93058e-05 -1.87945e-18
-0.00039918 -1.92381e-05 -1.87943e-18
-0.00039918 -1.91619e-05 -1.8794e-18
-0.00039918 -1.90767e-05 -1.87938e-18
-0.000399179 -1.89822e-05 -1.87935e-18
-0.000399179 -1.8878e-05 -1.87932e-18
-0.000399179 -1.87637e-05 -1.87928e-18
-0.000399179 -1.8639e-05 -1.87925e-18
-0.000399179 -1.85036e-05 -1.87921e-18
-0.000399179 -1.83576e-05 -1.87916e-18
-0.000399179 -1.82009e-05 -1.87912e-18
-0.000399179 -1.80338e-05 -1.87907e-18
-0.000399179 -1.78564e-05 -1.87901e-18
-0.000399179 -1.76695e-05 -1.87896e-18
-0.000399178 -1.74735e-05 -1.8789e-18
-0.000399178 -1.72693e-05 -1.87884e-18
-0.000399178 -1.70577e-05 -1.87878e-18
-0.000399178 -1.68398e-05 -1.87871e-18
-0.000399178 -1.66168e-05 -1.87865e-18
-0.000399177 -1.63898e-05 -1.87858e-18
-0.000399177 -1.61601e-05 -1.87851e-18
-0.000399177 -1.59287e-05 -1.87844e-18
-0.000399177 -1.56966e-05 -1.87837e-18
-0.000399177 -1.54648e-05 -1.8783e-18
-0.000399176 -1.52341e-05 -1.87823e-18
-0.000399176 -1.5005e-05 -1.87816e-18
-0.000399176 -1.47776e-05 -1.87809e-18
-0.000399176 -1.4552e-05 -1.87802e-18
-0.000399175 -1.43283e-05 -1.87795e-18
-0.000399175 -1.41065e-05 -1.87788e-18
-0.000399175 -1.38866e-05 -1.87781e-18
-0.000399174 -1.36686e-05 -1.87774e-18
-0.000399174 -1.34522e-05 -1.87767e-18
-0.000399174 -1.32375e-05 -1.8776e-18
-0.000399173 -1.30243e-05 -1.87754e-18
-0.000399173 -1.28126e-05 -1.87747e-18
-0.000399172 -1.26021e-05 -1.8774e-18
-0.000399172 -1.23926e-05 -1.87733e-18
-0.000399171 -1.21838e-05 -1.87727e-18
-0.000399171 -1.19755e-05 -1.8772e-18
-0.00039917 -1.17674e-05 -1.87713e-18
-0.000399169 -1.15592e-05 -1.87707e-18
-0.000399169 -1.13503e-05 -1.877e-18
-0.000399168 -1.11404e-05 -1.87693e-18
-0.000399167 -1.09291e-05 -1.87687e-18
-0.000399166 -1.07164e-05 -1.8768e-18
-0.000399165 -1.0502e-05 -1.87673e-18
-0.000399164 -1.02858e-05 -1.87666e-18
-0.000399163 -1.00678e-05 -1.87659e-18
-0.000399162 -9.84804e-06 -1.87652e-18
-0.00039916 -9.62642e-06 -1.87645e-18
-0.000399159 -9.40297e-06 -1.87638e-18
-0.000399158 -9.17786e-06 -1.87631e-18
-0.000399157 -8.95141e-06 -1.87624e-18
-0.000399156 -8.72413e-06 -1.87617e-18
-0.000399156 -8.49652e-06 -1.8761e-18
-0.000399156 -8.2691e-06 -1.87602e-18
-0.000399156 -8.04219e-06 -1.87595e-18
-0.000399155 -7.81604e-06 -1.87588e-18
-0.000399155 -7.59087e-06 -1.87581e-18
-0.000399155 -7.36692e-06 -1.87574e-18
-0.000399155 -7.14461e-06 -1.87567e-18
-0.000399155 -6.9244e-06 -1.8756e-18
-0.000399154 -6.70675e-06 -1.87553e-18
-0.000399154 -6.49203e-06 -1.87546e-18
-0.000399154 -6.28044e-06 -1.8754e-18
-0.000399154 -6.07211e-06 -1.87533e-18
-0.000399154 -5.86705e-06 -1.87526e-18
-0.000399153 -5.66518e-06 -1.8752e-18
-0.000399153 -5.46625e-06 -1.87514e-18
-0.000399153 -5.26989e-06 -1.87507e-18
-0.000399153 -5.07565e-06 -1.87501e-18
-0.000399153 -4.88311e-06 -1.87495e-18
-0.000399153 -4.69201e-06 -1.87488e-18
-0.000399152 -4.50222e-06 -1.87482e-18
-0.000399152 -4.31356e-06 -1.87476e-18
-0.000399152 -4.12585e-06 -1.8747e-18
-0.000399152 -3.93886e-06 -1.87464e-18
-0.000399152 -3.75233e-06 -1.87458e-18
-0.000399151 -3.56601e-06 -1.87452e-18
-0.000399151 -3.37962e-06 -1.87445e-18
-0.000399151 -3.19281e-06 -1.87439e-18
-0.000399151 -3.00525e-06 -1.87433e-18
-0.00039915 -2.81657e-06 -1.87427e-18
-0.00039915 -2.62642e-06 -1.87421e-18
-0.00039915 -2.43436e-06 -1.87415e-18
-0.00039915 -2.23993e-06 -1.87408e-18
-0.00039915 -2.04269e-06 -1.87402e-18
-0.000399149 -1.84234e-06 -1.87395e-18
-0.000399149 -1.63881e-06 -1.87389e-18
-0.000399149 -1.43224e-06 -1.87382e-18
-0.000399148 -1.22283e-06 -1.87375e-18
-0.000399148 -1.01086e-06 -1.87369e-18
-0.000399148 -7.96736e-07 -1.87362e-18
-0.000399148 -5.80966e-07 -1.87355e-18
-0.000399147 -3.64086e-07 -1.87348e-18
-0.000399147 -1.46652e-07 -1.87341e-18
-0.000399147 7.07349e-08 -1.87334e-18
-0.000399147 2.87462e-07 -1.87327e-18
-0.000399146 5.0293e-07 -1.8732e-18
-0.000399146 7.16628e-07 -1.87313e-18
-0.000399146 9.28194e-07 -1.87306e-18
-0.000399146 1.1374e-06 -1.873e-18
-0.000399145 1.34408e-06 -1.87293e-18
-0.000399145 1.54818e-06 -1.87286e-18
-0.000399145 1.74982e-06 -1.8728e-18
-0.000399145 1.94927e-06 -1.87273e-18
-0.000399144 2.14687e-06 -1.87267e-18
-0.000399144 2.34302e-06 -1.8726e-18
-0.000399144 2.53821e-06 -1.87254e-18
-0.000399144 2.73299e-06 -1.87247e-18
-0.000399143 2.92796e-06 -1.87241e-18
-0.000399143 3.12374e-06 -1.87235e-18
-0.000399143 3.32098e-06 -1.87228e-18
-0.000399143 3.52034e-06 -1.87222e-18
-0.000399142 3.72248e-06 -1.87215e-18
-0.000399142 3.92797e-06 -1.87208e-18
-0.000399142 4.13721e-06 -1.87201e-18
-0.000399141 4.35045e-06 -1.87194e-18
-0.000399143 4.56795e-06 -1.87187e-18
-0.000399145 4.78978e-06 -1.8718e-18
-0.000399146 5.01598e-06 -1.87173e-18
-0.000399148 5.24656e-06 -1.87166e-18
-0.000399151 5.48141e-06 -1.87158e-18
-0.000399153 5.72033e-06 -1.87151e-18
-0.000399156 5.96287e-06 -1.87143e-18
-0.000399158 6.20843e-06 -1.87135e-18
-0.00039916 6.4563e-06 -1.87128e-18
-0.000399162 6.7058e-06 -1.8712e-18
-0.000399164 6.95632e-06 -1.87112e-18
-0.000399166 7.20732e-06 -1.87104e-18
-0.000399168 7.45823e-06 -1.87097e-18
-0.00039917 7.70856e-06 -1.87089e-18
-0.000399172 7.95805e-06 -1.87081e-18
-0.000399173 8.20659e-06 -1.87073e-18
-0.000399175 8.45409e-06 -1.87066e-18
-0.000399177 8.70054e-06 -1.87058e-18
-0.000399178 8.94617e-06 -1.87051e-18
-0.00039918 9.19136e-06 -1.87043e-18
-0.000399181 9.43653e-06 -1.87036e-18
-0.000399182 9.68193e-06 -1.87028e-18
-0.000399184 9.92753e-06 -1.87021e-18
-0.000399185 1.01731e-05 -1.87013e-18
-0.000399186 1.04184e-05 -1.87006e-18
-0.000399187 1.06629e-05 -1.86998e-18
-0.000399188 1.09061e-05 -1.86991e-18
-0.000399189 1.11472e-05 -1.86984e-18
-0.00039919 1.13853e-05 -1.86976e-18
-0.000399191 1.16196e-05 -1.86969e-18
-0.000399192 1.18489e-05 -1.86962e-18
-0.000399193 1.2072e-05 -1.86956e-18
-0.000399194 1.22877e-05 -1.86949e-18
-0.000399195 1.24949e-05 -1.86943e-18
-0.000399196 1.26927e-05 -1.86937e-18
-0.000399197 1.28805e-05 -1.86931e-18
-0.000399198 1.30577e-05 -1.86925e-18
-0.000399199 1.32239e-05 -1.8692e-18
-0.0003992 1.33784e-05 -1.86915e-18
-0.000399201 1.35208e-05 -1.86911e-18
-0.000399202 1.36508e-05 -1.86907e-18
-0.000399203 1.3768e-05 -1.86903e-18
-0.000399204 1.38721e-05 -1.869e-18
-0.000399205 1.39628e-05 -1.86897e-18
-0.000399208 1.404e-05 -1.86894e-18
-0.000399209 1.4104e-05 -1.86892e-18
-0.000399211 1.41546e-05 -1.8689e-18
-0.000399213 1.41921e-05 -1.86889e-18
-0.000399214 1.42165e-05 -1.86888e-18
-0.000399216 1.42281e-05 -1.86887e-18
-0.000399217 1.42271e-05 -1.86887e-18
-0.000399219 1.42138e-05 -1.86887e-18
-0.00039922 1.41886e-05 -1.86888e-18
-0.000399221 1.41519e-05 -1.86889e-18
-0.000399222 1.4104e-05 -1.8689e-18
-0.000399223 1.40454e-05 -1.86892e-18
-0.000399223 1.39766e-05 -1.86894e-18
-0.000399224 1.3898e-05 -1.86896e-18
-0.000399224 1.38104e-05 -1.86898e-18
-0.000399225 1.37146e-05 -1.86901e-18
-0.000399225 1.36112e-05 -1.86904e-18
-0.000399225 1.35012e-05 -1.86907e-18
-0.000399224 1.33854e-05 -1.86911e-18
-0.000399224 1.32646e-05 -1.86914e-18
-0.000399224 1.31398e-05 -1.86918e-18
-0.000399223 1.30117e-05 -1.86922e-18
-0.000399223 1.28807e-05 -1.86926e-18
-0.000399223 1.27475e-05 -1.8693e-18
-0.000399223 1.26128e-05 -1.86934e-18
-0.000399223 1.24766e-05 -1.86939e-18
-0.000399223 1.23385e-05 -1.86943e-18
-0.000399223 1.21979e-05 -1.86947e-18
-0.000399223 1.20539e-05 -1.86952e-18
-0.000399222 1.19058e-05 -1.86956e-18
-0.000399222 1.17531e-05 -1.86961e-18
-0.000399221 1.15956e-05 -1.86966e-18
-0.000399221 1.14332e-05 -1.86971e-18
-0.00039922 1.12659e-05 -1.86977e-18
-0.000399219 1.10938e-05 -1.86982e-18
-0.000399218 1.09172e-05 -1.86987e-18
-0.000399217 1.07365e-05 -1.86993e-18
-0.000399216 1.05521e-05 -1.86999e-18
-0.000399215 1.03641e-05 -1.87005e-18
-0.000399214 1.01728e-05 -1.87011e-18
-0.000399212 9.97828e-06 -1.87017e-18
-0.000399211 9.7806e-06 -1.87023e-18
-0.000399209 9.57961e-06 -1.87029e-18
-0.000399208 9.37498e-06 -1.87036e-18
-0.000399206 9.16639e-06 -1.87042e-18
-0.000399204 8.9535e-06 -1.87049e-18
-0.000399203 8.73598e-06 -1.87056e-18
-0.000399201 8.51348e-06 -1.87063e-18
-0.000399199 8.28568e-06 -1.8707e-18
-0.000399197 8.05234e-06 -1.87077e-18
-0.000399195 7.81351e-06 -1.87085e-18
-0.000399193 7.56934e-06 -1.87092e-18
-0.000399191 7.32007e-06 -1.871e-18
-0.000399188 7.06585e-06 -1.87108e-18
-0.000399186 6.80669e-06 -1.87116e-18
-0.000399184 6.54249e-06 -1.87124e-18
-0.000399181 6.27316e-06 -1.87133e-18
-0.000399179 5.99857e-06 -1.87141e-18
-0.000399176 5.71863e-06 -1.8715e-18
-0.000399174 5.4332e-06 -1.87159e-18
-0.000399171 5.14219e-06 -1.87168e-18
-0.000399168 4.84555e-06 -1.87177e-18
-0.000399165 4.54338e-06 -1.87186e-18
-0.000399162 4.23585e-06 -1.87196e-18
-0.00039916 3.92318e-06 -1.87206e-18
-0.000399157 3.60564e-06 -1.87215e-18
-0.000399156 3.28358e-06 -1.87225e-18
-0.000399155 2.95731e-06 -1.87236e-18
-0.000399155 2.62722e-06 -1.87246e-18
-0.000399155 2.2937e-06 -1.87256e-18
-0.000399156 1.95708e-06 -1.87267e-18
-0.000399156 1.61771e-06 -1.87277e-18
-0.000399156 1.27591e-06 -1.87288e-18
-0.000399157 9.32071e-07 -1.87298e-18
-0.000399157 5.86714e-07 -1.87309e-18
-0.000399157 2.40442e-07 -1.8732e-18
-0.000399157 -1.06133e-07 -1.87331e-18
-0.000399158 -4.52369e-07 -1.87341e-18
-0.000399158 -7.97557e-07 -1.87352e-18
-0.000399158 -1.14096e-06 -1.87363e-18
-0.000399158 -1.48184e-06 -1.87374e-18
-0.000399159 -1.81964e-06 -1.87384e-18
-0.000399159 -2.15408e-06 -1.87395e-18
-0.000399159 -2.48514e-06 -1.87405e-18
-0.000399159 -2.81289e-06 -1.87415e-18
-0.00039916 -3.13735e-06 -1.87426e-18
-0.00039916 -3.45842e-06 -1.87436e-18
-0.00039916 -3.77591e-06 -1.87446e-18
-0.00039916 -4.0897e-06 -1.87456e-18
-0.00039916 -4.39973e-06 -1.87466e-18
-0.00039916 -4.70614e-06 -1.87476e-18
-0.000399161 -5.00914e-06 -1.87485e-18
-0.000399161 -5.30907e-06 -1.87495e-18
-0.000399161 -5.60631e-06 -1.87505e-18
-0.000399161 -5.90137e-06 -1.87514e-18
-0.000399161 -6.19483e-06 -1.87524e-18
-0.000399162 -6.48734e-06 -1.87533e-18
-0.000399162 -6.77962e-06 -1.87543e-18
-0.000399162 -7.07249e-06 -1.87552e-18
-0.000399162 -7.36681e-06 -1.87562e-18
-0.000399162 -7.66352e-06 -1.87572e-18
-0.000399162 -7.96349e-06 -1.87582e-18
-0.000399163 -8.26755e-06 -1.87592e-18
-0.000399163 -8.57645e-06 -1.87602e-18
-0.000399163 -8.89094e-06 -1.87612e-18
-0.000399163 -9.21154e-06 -1.87622e-18
-0.000399164 -9.53828e-06 -1.87633e-18
-0.000399164 -9.87087e-06 -1.87644e-18
-0.000399164 -1.02089e-05 -1.87655e-18
-0.000399164 -1.05521e-05 -1.87666e-18
-0.000399164 -1.09001e-05 -1.87677e-18
-0.000399164 -1.12526e-05 -1.87688e-18
-0.000399165 -1.16094e-05 -1.877e-18
-0.000399165 -1.19703e-05 -1.87711e-18
-0.000399165 -1.2335e-05 -1.87723e-18
-0.000399165 -1.27033e-05 -1.87735e-18
-0.000399165 -1.3075e-05 -1.87747e-18
-0.000399165 -1.34499e-05 -1.87759e-18
-0.000399168 -1.38274e-05 -1.87771e-18
-0.00039917 -1.42071e-05 -1.87783e-18
-0.000399173 -1.45884e-05 -1.87795e-18
-0.000399175 -1.49708e-05 -1.87807e-18
-0.000399177 -1.53536e-05 -1.8782e-18
-0.00039918 -1.5736e-05 -1.87832e-18
-0.000399182 -1.61173e-05 -1.87844e-18
-0.000399185 -1.64967e-05 -1.87856e-18
-0.000399187 -1.68741e-05 -1.87868e-18
-0.000399189 -1.72491e-05 -1.8788e-18
-0.000399192 -1.76216e-05 -1.87892e-18
-0.000399194 -1.79916e-05 -1.87903e-18
-0.000399197 -1.83591e-05 -1.87915e-18
-0.0003992 -1.87198e-05 -1.87926e-18
-0.000399203 -1.90735e-05 -1.87938e-18
-0.000399206 -1.94246e-05 -1.87949e-18
-0.000399209 -1.97731e-05 -1.8796e-18
-0.000399211 -2.01176e-05 -1.87971e-18
-0.000399214 -2.04576e-05 -1.87982e-18
-0.000399217 -2.0792e-05 -1.87993e-18
-0.00039922 -2.11202e-05 -1.88003e-18
-0.000399223 -2.14416e-05 -1.88014e-18
-0.000399225 -2.17558e-05 -1.88024e-18
-0.000399228 -2.2062e-05 -1.88034e-18
-0.000399231 -2.23597e-05 -1.88043e-18
-0.000399235 -2.26475e-05 -1.88053e-18
-0.000399241 -2.29251e-05 -1.88062e-18
-0.000399246 -2.31924e-05 -1.8807e-18
-0.000399251 -2.34491e-05 -1.88079e-18
-0.000399256 -2.3695e-05 -1.88087e-18
-0.000399261 -2.39301e-05 -1.88095e-18
-0.000399266 -2.41544e-05 -1.88102e-18
-0.00039927 -2.43677e-05 -1.88109e-18
-0.000399275 -2.45693e-05 -1.88116e-18
-0.000399279 -2.4759e-05 -1.88122e-18
-0.000399283 -2.49365e-05 -1.88128e-18
-0.000399289 -2.51021e-05 -1.88134e-18
-0.000399296 -2.52563e-05 -1.88139e-18
-0.000399301 -2.53997e-05 -1.88144e-18
-0.000399307 -2.55327e-05 -1.88149e-18
-0.000399312 -2.56555e-05 -1.88153e-18
-0.000399318 -2.5768e-05 -1.88157e-18
-0.000399323 -2.587e-05 -1.88161e-18
-0.000399327 -2.59616e-05 -1.88164e-18
-0.000399332 -2.6043e-05 -1.88167e-18
-0.000399336 -2.61149e-05 -1.8817e-18
-0.00039934 -2.61777e-05 -1.88172e-18
-0.000399344 -2.6232e-05 -1.88174e-18
-0.000399348 -2.6278e-05 -1.88176e-18
-0.000399351 -2.63159e-05 -1.88178e-18
-0.000399354 -2.63459e-05 -1.88179e-18
-0.000399357 -2.63683e-05 -1.8818e-18
-0.00039936 -2.63836e-05 -1.88181e-18
-0.000399362 -2.63927e-05 -1.88181e-18
-0.000399364 -2.63963e-05 -1.88182e-18
-0.000399366 -2.63952e-05 -1.88182e-18
-0.000399367 -2.63903e-05 -1.88182e-18
-0.000399369 -2.63823e-05 -1.88182e-18
-0.00039937 -2.63719e-05 -1.88182e-18
-0.000399371 -2.63595e-05 -1.88181e-18
-0.000399371 -2.63451e-05 -1.88181e-18
-0.000399372 -2.63286e-05 -1.8818e-18
-0.000399372 -2.63099e-05 -1.8818e-18
-0.000399372 -2.62889e-05 -1.88179e-18
-0.000399371 -2.62654e-05 -1.88178e-18
-0.00039937 -2.62396e-05 -1.88177e-18
-0.00039937 -2.62115e-05 -1.88176e-18
-0.000399368 -2.61811e-05 -1.88175e-18
-0.000399367 -2.61482e-05 -1.88174e-18
-0.000399366 -2.61123e-05 -1.88172e-18
-0.000399364 -2.60729e-05 -1.88171e-18
-0.000399362 -2.60298e-05 -1.88169e-18
-0.000399359 -2.59824e-05 -1.88167e-18
-0.000399357 -2.59305e-05 -1.88166e-18
-0.000399354 -2.58738e-05 -1.88163e-18
-0.000399351 -2.58118e-05 -1.88161e-18
-0.000399348 -2.57436e-05 -1.88159e-18
-0.000399345 -2.56681e-05 -1.88156e-18
-0.000399341 -2.55841e-05 -1.88153e-18
-0.000399338 -2.54906e-05 -1.8815e-18
-0.000399334 -2.53869e-05 -1.88146e-18
-0.000399329 -2.52725e-05 -1.88143e-18
-0.000399325 -2.51469e-05 -1.88138e-18
-0.00039932 -2.50097e-05 -1.88134e-18
-0.000399315 -2.48602e-05 -1.88129e-18
-0.00039931 -2.46979e-05 -1.88124e-18
-0.000399305 -2.45221e-05 -1.88118e-18
-0.000399299 -2.43324e-05 -1.88112e-18
-0.000399295 -2.41284e-05 -1.88105e-18
-0.000399291 -2.39102e-05 -1.88098e-18
-0.000399287 -2.36776e-05 -1.88091e-18
-0.000399283 -2.34309e-05 -1.88083e-18
-0.000399278 -2.31705e-05 -1.88075e-18
-0.000399273 -2.2897e-05 -1.88066e-18
-0.000399268 -2.26111e-05 -1.88057e-18
-0.000399263 -2.23136e-05 -1.88048e-18
-0.000399257 -2.20053e-05 -1.88038e-18
-0.000399254 -2.16865e-05 -1.88029e-18
-0.000399252 -2.13583e-05 -1.88018e-18
-0.000399248 -2.10223e-05 -1.88008e-18
-0.000399245 -2.06791e-05 -1.87997e-18
-0.000399242 -2.03296e-05 -1.87986e-18
-0.000399239 -1.99746e-05 -1.87975e-18
-0.000399236 -1.9615e-05 -1.87964e-18
-0.000399233 -1.92514e-05 -1.87952e-18
-0.000399229 -1.88847e-05 -1.87941e-18
-0.000399226 -1.85153e-05 -1.87929e-18
-0.000399222 -1.8144e-05 -1.87917e-18
-0.000399219 -1.77719e-05 -1.87906e-18
-0.000399215 -1.74014e-05 -1.87894e-18
-0.000399212 -1.70311e-05 -1.87882e-18
-0.000399208 -1.66604e-05 -1.8787e-18
-0.000399205 -1.62906e-05 -1.87858e-18
-0.000399202 -1.59217e-05 -1.87846e-18
-0.000399199 -1.55542e-05 -1.87835e-18
-0.000399196 -1.51883e-05 -1.87823e-18
-0.000399194 -1.48243e-05 -1.87811e-18
-0.000399191 -1.4462e-05 -1.87799e-18
-0.000399188 -1.41012e-05 -1.87788e-18
-0.000399185 -1.37419e-05 -1.87776e-18
-0.000399182 -1.33839e-05 -1.87764e-18
-0.000399179 -1.3027e-05 -1.87753e-18
-0.000399177 -1.2671e-05 -1.87741e-18
-0.000399174 -1.23158e-05 -1.87729e-18
-0.000399171 -1.19614e-05 -1.87718e-18
-0.00039917 -1.1608e-05 -1.87706e-18
-0.00039917 -1.12556e-05 -1.87695e-18
-0.000399169 -1.09042e-05 -1.87683e-18
-0.000399169 -1.05537e-05 -1.87672e-18
-0.000399169 -1.02039e-05 -1.8766e-18
-0.000399168 -9.85433e-06 -1.87649e-18
-0.000399168 -9.50469e-06 -1.87637e-18
-0.000399168 -9.15456e-06 -1.87626e-18
-0.000399167 -8.80347e-06 -1.87614e-18
-0.000399167 -8.45093e-06 -1.87603e-18
-0.000399166 -8.0964e-06 -1.87591e-18
-0.000399166 -7.7391e-06 -1.87579e-18
-0.000399166 -7.37811e-06 -1.87567e-18
-0.000399165 -7.01254e-06 -1.87556e-18
-0.000399165 -6.64154e-06 -1.87543e-18
-0.000399164 -6.26441e-06 -1.87531e-18
-0.000399164 -5.88057e-06 -1.87519e-18
-0.000399163 -5.4895e-06 -1.87506e-18
-0.000399163 -5.09065e-06 -1.87493e-18
-0.000399162 -4.6834e-06 -1.8748e-18
-0.000399162 -4.26708e-06 -1.87467e-18
-0.000399161 -3.84107e-06 -1.87453e-18
-0.00039916 -3.40487e-06 -1.87439e-18
-0.00039916 -2.95822e-06 -1.87425e-18
-0.000399159 -2.50101e-06 -1.8741e-18
-0.000399158 -2.03322e-06 -1.87396e-18
-0.000399158 -1.55501e-06 -1.87381e-18
-0.000399157 -1.06678e-06 -1.87365e-18
-0.000399156 -5.69137e-07 -1.8735e-18
-0.000399155 -6.2771e-08 -1.87334e-18
-0.000399155 4.51555e-07 -1.87318e-18
-0.000399154 9.73041e-07 -1.87301e-18
-0.000399153 1.50084e-06 -1.87285e-18
-0.000399152 2.03405e-06 -1.87268e-18
-0.000399151 2.57175e-06 -1.87251e-18
-0.000399151 3.11306e-06 -1.87235e-18
-0.00039915 3.65706e-06 -1.87218e-18
-0.000399149 4.20285e-06 -1.87201e-18
-0.000399148 4.7494e-06 -1.87184e-18
-0.000399147 5.29546e-06 -1.87167e-18
-0.000399147 5.83961e-06 -1.8715e-18
-0.000399148 6.38052e-06 -1.87133e-18
-0.000399151 6.91674e-06 -1.87117e-18
-0.000399156 7.44712e-06 -1.871e-18
-0.000399161 7.97067e-06 -1.87084e-18
-0.000399165 8.48646e-06 -1.87068e-18
-0.00039917 8.99365e-06 -1.87052e-18
-0.000399175 9.49146e-06 -1.87037e-18
-0.00039918 9.97924e-06 -1.87021e-18
-0.000399185 1.04564e-05 -1.87006e-18
-0.00039919 1.09225e-05 -1.86992e-18
-0.000399195 1.13773e-05 -1.86977e-18
-0.000399199 1.18208e-05 -1.86964e-18
-0.000399204 1.2253e-05 -1.8695e-18
-0.000399209 1.26741e-05 -1.86937e-18
-0.000399214 1.30839e-05 -1.86924e-18
-0.000399219 1.34822e-05 -1.86911e-18
-0.000399227 1.3868e-05 -1.86899e-18
-0.000399236 1.42415e-05 -1.86887e-18
-0.000399245 1.46039e-05 -1.86875e-18
-0.000399254 1.49551e-05 -1.86864e-18
-0.000399262 1.52956e-05 -1.86853e-18
-0.000399271 1.5626e-05 -1.86842e-18
-0.000399279 1.59472e-05 -1.86832e-18
-0.000399287 1.62605e-05 -1.86822e-18
-0.000399295 1.6567e-05 -1.86812e-18
-0.000399304 1.68681e-05 -1.86802e-18
-0.000399311 1.71648e-05 -1.86792e-18
-0.000399319 1.74583e-05 -1.86783e-18
-0.000399327 1.77497e-05 -1.86773e-18
-0.000399334 1.80399e-05 -1.86764e-18
-0.000399341 1.83298e-05 -1.86755e-18
-0.000399349 1.86199e-05 -1.86745e-18
-0.000399356 1.89108e-05 -1.86736e-18
-0.000399362 1.9203e-05 -1.86727e-18
-0.000399369 1.94966e-05 -1.86717e-18
-0.000399375 1.97916e-05 -1.86708e-18
-0.000399382 2.00879e-05 -1.86699e-18
-0.000399388 2.03854e-05 -1.86689e-18
-0.000399394 2.06838e-05 -1.8668e-18
-0.0003994 2.09827e-05 -1.86671e-18
-0.000399406 2.12819e-05 -1.86661e-18
-0.000399411 2.15806e-05 -1.86652e-18
-0.000399417 2.18783e-05 -1.86643e-18
-0.000399423 2.21738e-05 -1.86634e-18
-0.000399428 2.24662e-05 -1.86625e-18
-0.000399434 2.27544e-05 -1.86616e-18
-0.000399439 2.30374e-05 -1.86607e-18
-0.000399445 2.33143e-05 -1.86599e-18
-0.00039945 2.3584e-05 -1.8659e-18
-0.000399455 2.38456e-05 -1.86582e-18
-0.00039946 2.40982e-05 -1.86575e-18
-0.000399464 2.43409e-05 -1.86567e-18
-0.000399469 2.45729e-05 -1.8656e-18
-0.000399473 2.47934e-05 -1.86553e-18
-0.000399478 2.50019e-05 -1.86547e-18
-0.000399482 2.51976e-05 -1.86541e-18
-0.000399486 2.53802e-05 -1.86536e-18
-0.00039949 2.55491e-05 -1.8653e-18
-0.000399494 2.57036e-05 -1.86526e-18
-0.000399497 2.58431e-05 -1.86521e-18
-0.000399501 2.5967e-05 -1.86518e-18
-0.000399504 2.60747e-05 -1.86514e-18
-0.000399507 2.6166e-05 -1.86511e-18
-0.00039951 2.62409e-05 -1.86509e-18
-0.000399513 2.62995e-05 -1.86507e-18
-0.000399516 2.63418e-05 -1.86506e-18
-0.000399518 2.63679e-05 -1.86505e-18
-0.000399521 2.63778e-05 -1.86505e-18
-0.000399523 2.63715e-05 -1.86505e-18
-0.000399525 2.63492e-05 -1.86505e-18
-0.000399527 2.6311e-05 -1.86506e-18
-0.000399528 2.62569e-05 -1.86508e-18
-0.00039953 2.61872e-05 -1.8651e-18
-0.000399531 2.61022e-05 -1.86512e-18
-0.000399532 2.60021e-05 -1.86515e-18
-0.000399533 2.58875e-05 -1.86518e-18
-0.000399533 2.57585e-05 -1.86522e-18
-0.000399534 2.56158e-05 -1.86526e-18
-0.000399534 2.54596e-05 -1.86531e-18
-0.000399534 2.52902e-05 -1.86536e-18
-0.000399534 2.51079e-05 -1.86541e-18
-0.000399533 2.49133e-05 -1.86547e-18
-0.000399532 2.47072e-05 -1.86553e-18
-0.000399531 2.44905e-05 -1.86559e-18
-0.00039953 2.42644e-05 -1.86566e-18
-0.000399529 2.40299e-05 -1.86573e-18
-0.000399527 2.37874e-05 -1.8658e-18
-0.000399525 2.35375e-05 -1.86588e-18
-0.000399523 2.32803e-05 -1.86596e-18
-0.00039952 2.30162e-05 -1.86603e-18
-0.000399518 2.27456e-05 -1.86612e-18
-0.000399515 2.2469e-05 -1.8662e-18
-0.000399512 2.21868e-05 -1.86628e-18
-0.000399508 2.18995e-05 -1.86637e-18
-0.000399504 2.16073e-05 -1.86646e-18
-0.0003995 2.13105e-05 -1.86655e-18
-0.000399496 2.10094e-05 -1.86664e-18
-0.000399492 2.07042e-05 -1.86673e-18
-0.000399487 2.03957e-05 -1.86683e-18
-0.000399482 2.00847e-05 -1.86692e-18
-0.000399476 1.97723e-05 -1.86702e-18
-0.000399471 1.94591e-05 -1.86712e-18
-0.000399465 1.91456e-05 -1.86722e-18
-0.000399459 1.88321e-05 -1.86731e-18
-0.000399452 1.85187e-05 -1.86741e-18
-0.000399445 1.82055e-05 -1.86751e-18
-0.000399438 1.78931e-05 -1.86761e-18
-0.000399431 1.7582e-05 -1.86771e-18
-0.000399424 1.72727e-05 -1.8678e-18
-0.000399416 1.69655e-05 -1.8679e-18
-0.000399408 1.66603e-05 -1.868e-18
-0.000399399 1.63566e-05 -1.8681e-18
-0.000399391 1.6054e-05 -1.86819e-18
-0.000399382 1.57518e-05 -1.86829e-18
-0.000399373 1.54495e-05 -1.86839e-18
-0.000399364 1.51469e-05 -1.86849e-18
-0.000399355 1.48434e-05 -1.86859e-18
-0.000399345 1.45387e-05 -1.86868e-18
-0.000399336 1.42325e-05 -1.86878e-18
-0.000399326 1.39244e-05 -1.86888e-18
-0.000399316 1.36143e-05 -1.86899e-18
-0.000399305 1.3302e-05 -1.86909e-18
-0.000399295 1.29869e-05 -1.86919e-18
-0.000399285 1.26683e-05 -1.86929e-18
-0.000399279 1.23454e-05 -1.8694e-18
-0.000399273 1.20181e-05 -1.8695e-18
-0.000399267 1.16858e-05 -1.86961e-18
-0.000399261 1.13473e-05 -1.86972e-18
-0.000399254 1.10017e-05 -1.86983e-18
-0.000399248 1.06477e-05 -1.86995e-18
-0.000399242 1.02841e-05 -1.87006e-18
-0.000399235 9.90977e-06 -1.87018e-18
-0.000399229 9.52336e-06 -1.87031e-18
-0.000399222 9.1239e-06 -1.87043e-18
-0.000399216 8.71066e-06 -1.87056e-18
-0.000399209 8.28313e-06 -1.8707e-18
-0.000399202 7.84095e-06 -1.87084e-18
-0.000399196 7.384e-06 -1.87098e-18
-0.000399189 6.91249e-06 -1.87113e-18
-0.000399182 6.42691e-06 -1.87128e-18
-0.000399175 5.92789e-06 -1.87143e-18
-0.000399171 5.41617e-06 -1.87159e-18
-0.000399172 4.89278e-06 -1.87175e-18
-0.000399173 4.35872e-06 -1.87192e-18
-0.000399173 3.81508e-06 -1.87209e-18
-0.000399174 3.26307e-06 -1.87226e-18
-0.000399174 2.70385e-06 -1.87243e-18
-0.000399175 2.13872e-06 -1.87261e-18
-0.000399175 1.56885e-06 -1.87279e-18
-0.000399176 9.95491e-07 -1.87297e-18
-0.000399176 4.19878e-07 -1.87314e-18
-0.000399176 -1.56712e-07 -1.87332e-18
-0.000399177 -7.33101e-07 -1.8735e-18
-0.000399177 -1.30812e-06 -1.87368e-18
-0.000399177 -1.88055e-06 -1.87386e-18
-0.000399178 -2.44916e-06 -1.87404e-18
-0.000399178 -3.01281e-06 -1.87422e-18
-0.000399178 -3.57048e-06 -1.8744e-18
-0.000399178 -4.12122e-06 -1.87457e-18
-0.000399179 -4.66417e-06 -1.87474e-18
-0.000399179 -5.19863e-06 -1.87491e-18
-0.000399179 -5.72403e-06 -1.87508e-18
-0.000399179 -6.24007e-06 -1.87525e-18
-0.000399179 -6.74664e-06 -1.87541e-18
-0.00039918 -7.24376e-06 -1.87557e-18
-0.00039918 -7.73168e-06 -1.87573e-18
-0.00039918 -8.21111e-06 -1.87588e-18
-0.00039918 -8.68305e-06 -1.87604e-18
-0.00039918 -9.1486e-06 -1.87619e-18
-0.00039918 -9.60878e-06 -1.87634e-18
-0.00039918 -1.00644e-05 -1.87649e-18
-0.000399181 -1.05162e-05 -1.87664e-18
-0.000399181 -1.09646e-05 -1.87678e-18
-0.000399181 -1.14104e-05 -1.87693e-18
-0.000399183 -1.18542e-05 -1.87707e-18
-0.000399186 -1.22963e-05 -1.87722e-18
-0.000399189 -1.27375e-05 -1.87736e-18
-0.000399193 -1.31781e-05 -1.87751e-18
-0.000399196 -1.36189e-05 -1.87765e-18
-0.000399199 -1.40606e-05 -1.8778e-18
-0.000399202 -1.4504e-05 -1.87794e-18
-0.000399205 -1.49497e-05 -1.87808e-18
-0.000399208 -1.53984e-05 -1.87823e-18
-0.000399211 -1.58509e-05 -1.87838e-18
-0.000399214 -1.63078e-05 -1.87852e-18
-0.000399217 -1.67698e-05 -1.87867e-18
-0.000399221 -1.7237e-05 -1.87882e-18
-0.000399224 -1.77013e-05 -1.87897e-18
-0.000399228 -1.81658e-05 -1.87912e-18
-0.000399231 -1.86366e-05 -1.87927e-18
-0.000399235 -1.91119e-05 -1.87943e-18
-0.000399238 -1.95924e-05 -1.87958e-18
-0.000399242 -2.00773e-05 -1.87974e-18
-0.000399245 -2.05664e-05 -1.87989e-18
-0.000399249 -2.10593e-05 -1.88005e-18
-0.000399252 -2.15555e-05 -1.88021e-18
-0.000399259 -2.20534e-05 -1.88036e-18
-0.000399267 -2.2553e-05 -1.88052e-18
-0.000399275 -2.30546e-05 -1.88068e-18
-0.000399283 -2.35571e-05 -1.88084e-18
-0.00039929 -2.40599e-05 -1.881e-18
-0.0003993 -2.45623e-05 -1.88116e-18
-0.000399311 -2.50632e-05 -1.88132e-18
-0.000399321 -2.55617e-05 -1.88148e-18
-0.000399331 -2.60565e-05 -1.88163e-18
-0.000399341 -2.65466e-05 -1.88179e-18
-0.000399351 -2.70312e-05 -1.88194e-18
-0.00039936 -2.75092e-05 -1.88209e-18
-0.00039937 -2.79798e-05 -1.88224e-18
-0.000399379 -2.84422e-05 -1.88239e-18
-0.000399388 -2.88958e-05 -1.88253e-18
-0.000399396 -2.93401e-05 -1.88267e-18
-0.000399405 -2.97748e-05 -1.88281e-18
-0.000399413 -3.01995e-05 -1.88294e-18
-0.000399422 -3.06135e-05 -1.88307e-18
-0.00039943 -3.10163e-05 -1.8832e-18
-0.000399437 -3.14072e-05 -1.88332e-18
-0.000399445 -3.17857e-05 -1.88344e-18
-0.000399452 -3.21516e-05 -1.88356e-18
-0.00039946 -3.25047e-05 -1.88367e-18
-0.000399467 -3.2845e-05 -1.88378e-18
-0.000399473 -3.31723e-05 -1.88388e-18
-0.00039948 -3.34861e-05 -1.88398e-18
-0.000399487 -3.37859e-05 -1.88408e-18
-0.000399493 -3.40711e-05 -1.88417e-18
-0.000399499 -3.43413e-05 -1.88425e-18
-0.000399505 -3.45964e-05 -1.88434e-18
-0.00039951 -3.48364e-05 -1.88441e-18
-0.000399516 -3.50615e-05 -1.88449e-18
-0.000399521 -3.52718e-05 -1.88455e-18
-0.000399527 -3.54674e-05 -1.88462e-18
-0.000399531 -3.56483e-05 -1.88468e-18
-0.000399536 -3.58144e-05 -1.88473e-18
-0.000399541 -3.59659e-05 -1.88479e-18
-0.000399545 -3.61029e-05 -1.88483e-18
-0.000399549 -3.62256e-05 -1.88487e-18
-0.000399553 -3.63344e-05 -1.88491e-18
-0.000399557 -3.64296e-05 -1.88495e-18
-0.000399561 -3.65119e-05 -1.88498e-18
-0.000399564 -3.65822e-05 -1.885e-18
-0.000399567 -3.66413e-05 -1.88503e-18
-0.00039957 -3.66902e-05 -1.88505e-18
-0.000399573 -3.67303e-05 -1.88506e-18
-0.000399576 -3.67628e-05 -1.88508e-18
-0.000399578 -3.67891e-05 -1.88509e-18
-0.00039958 -3.68105e-05 -1.8851e-18
-0.000399582 -3.68284e-05 -1.88511e-18
-0.000399584 -3.68437e-05 -1.88512e-18
-0.000399585 -3.68576e-05 -1.88513e-18
-0.000399586 -3.68711e-05 -1.88513e-18
-0.000399588 -3.68848e-05 -1.88514e-18
-0.000399588 -3.6899e-05 -1.88514e-18
-0.000399589 -3.69142e-05 -1.88515e-18
-0.000399589 -3.69304e-05 -1.88516e-18
-0.000399589 -3.69478e-05 -1.88516e-18
-0.000399589 -3.69662e-05 -1.88517e-18
-0.000399589 -3.69853e-05 -1.88517e-18
-0.000399589 -3.70046e-05 -1.88518e-18
-0.000399588 -3.70234e-05 -1.88518e-18
-0.000399587 -3.70408e-05 -1.88518e-18
-0.000399586 -3.70557e-05 -1.88518e-18
-0.000399585 -3.7067e-05 -1.88518e-18
-0.000399583 -3.70738e-05 -1.88518e-18
-0.000399581 -3.70753e-05 -1.88518e-18
-0.000399579 -3.70708e-05 -1.88517e-18
-0.000399577 -3.70593e-05 -1.88517e-18
-0.000399575 -3.70401e-05 -1.88516e-18
-0.000399572 -3.70121e-05 -1.88514e-18
-0.000399569 -3.69746e-05 -1.88513e-18
-0.000399567 -3.69268e-05 -1.88511e-18
-0.000399563 -3.68678e-05 -1.88508e-18
-0.00039956 -3.67971e-05 -1.88506e-18
-0.000399557 -3.67139e-05 -1.88503e-18
-0.000399553 -3.66179e-05 -1.88499e-18
-0.000399549 -3.65085e-05 -1.88496e-18
-0.000399545 -3.63855e-05 -1.88491e-18
-0.000399541 -3.62486e-05 -1.88487e-18
-0.000399537 -3.60978e-05 -1.88482e-18
-0.000399532 -3.59334e-05 -1.88476e-18
-0.000399527 -3.57557e-05 -1.8847e-18
-0.000399522 -3.55654e-05 -1.88464e-18
-0.000399517 -3.53629e-05 -1.88458e-18
-0.000399512 -3.51489e-05 -1.88451e-18
-0.000399507 -3.49236e-05 -1.88444e-18
-0.000399501 -3.46875e-05 -1.88436e-18
-0.000399496 -3.44413e-05 -1.88428e-18
-0.00039949 -3.41854e-05 -1.8842e-18
-0.000399484 -3.39205e-05 -1.88412e-18
-0.000399478 -3.36473e-05 -1.88403e-18
-0.000399471 -3.33665e-05 -1.88394e-18
-0.000399465 -3.30789e-05 -1.88385e-18
-0.000399458 -3.27852e-05 -1.88376e-18
-0.000399452 -3.24863e-05 -1.88367e-18
-0.000399445 -3.21828e-05 -1.88357e-18
-0.000399438 -3.18758e-05 -1.88348e-18
-0.000399431 -3.15663e-05 -1.88338e-18
-0.000399424 -3.12552e-05 -1.88328e-18
-0.000399416 -3.09434e-05 -1.88318e-18
-0.000399409 -3.06317e-05 -1.88309e-18
-0.000399401 -3.03204e-05 -1.88299e-18
-0.000399394 -3.00102e-05 -1.88289e-18
-0.000399386 -2.97012e-05 -1.88279e-18
-0.000399378 -2.93933e-05 -1.88269e-18
-0.00039937 -2.90862e-05 -1.8826e-18
-0.000399362 -2.87794e-05 -1.8825e-18
-0.000399353 -2.84724e-05 -1.8824e-18
-0.000399345 -2.81652e-05 -1.8823e-18
-0.000399337 -2.78576e-05 -1.8822e-18
-0.000399328 -2.75496e-05 -1.88211e-18
-0.000399319 -2.7241e-05 -1.88201e-18
-0.000399311 -2.69318e-05 -1.88191e-18
-0.000399304 -2.66214e-05 -1.88181e-18
-0.000399298 -2.63095e-05 -1.88171e-18
-0.000399292 -2.59955e-05 -1.88161e-18
-0.000399286 -2.56789e-05 -1.88151e-18
-0.000399279 -2.53592e-05 -1.8814e-18
-0.000399273 -2.50356e-05 -1.8813e-18
-0.000399267 -2.47075e-05 -1.88119e-18
-0.00039926 -2.43741e-05 -1.88109e-18
-0.000399254 -2.40346e-05 -1.88098e-18
-0.000399247 -2.36882e-05 -1.88087e-18
-0.000399241 -2.3334e-05 -1.88075e-18
-0.000399234 -2.29715e-05 -1.88064e-18
-0.000399231 -2.25994e-05 -1.88052e-18
-0.000399228 -2.22179e-05 -1.8804e-18
-0.000399225 -2.18273e-05 -1.88027e-18
-0.000399222 -2.14272e-05 -1.88015e-18
-0.00039922 -2.10179e-05 -1.88002e-18
-0.000399217 -2.05994e-05 -1.87989e-18
-0.000399215 -2.01721e-05 -1.87975e-18
-0.000399212 -1.97363e-05 -1.87961e-18
-0.00039921 -1.9293e-05 -1.87947e-18
-0.000399207 -1.88455e-05 -1.87933e-18
-0.000399205 -1.83918e-05 -1.87919e-18
-0.000399202 -1.79307e-05 -1.87904e-18
-0.0003992 -1.74634e-05 -1.87889e-18
-0.000399197 -1.69891e-05 -1.87874e-18
-0.000399195 -1.65081e-05 -1.87859e-18
-0.000399192 -1.60202e-05 -1.87844e-18
-0.00039919 -1.55255e-05 -1.87828e-18
-0.000399187 -1.50239e-05 -1.87812e-18
-0.000399186 -1.45153e-05 -1.87796e-18
-0.000399186 -1.39998e-05 -1.8778e-18
-0.000399185 -1.34777e-05 -1.87763e-18
-0.000399185 -1.2949e-05 -1.87747e-18
-0.000399184 -1.24142e-05 -1.8773e-18
-0.000399184 -1.18737e-05 -1.87713e-18
-0.000399183 -1.13282e-05 -1.87696e-18
-0.000399183 -1.07785e-05 -1.87678e-18
-0.000399182 -1.02253e-05 -1.87661e-18
-0.000399181 -9.66917e-06 -1.87643e-18
-0.000399181 -9.11047e-06 -1.87626e-18
-0.00039918 -8.54965e-06 -1.87608e-18
-0.000399179 -7.98718e-06 -1.8759e-18
-0.000399179 -7.42361e-06 -1.87573e-18
-0.000399178 -6.85955e-06 -1.87555e-18
-0.000399177 -6.2956e-06 -1.87537e-18
-0.000399177 -5.73234e-06 -1.87519e-18
-0.000399176 -5.17014e-06 -1.87502e-18
-0.000399175 -4.60926e-06 -1.87484e-18
-0.000399175 -4.04995e-06 -1.87466e-18
-0.000399174 -3.4925e-06 -1.87449e-18
-0.000399173 -2.93732e-06 -1.87431e-18
-0.000399173 -2.38487e-06 -1.87414e-18
-0.000399172 -1.83563e-06 -1.87397e-18
-0.000399171 -1.29003e-06 -1.8738e-18
-0.000399171 -7.48369e-07 -1.87362e-18
-0.00039917 -2.10878e-07 -1.87346e-18
-0.000399169 3.22245e-07 -1.87329e-18
-0.000399169 8.508e-07 -1.87312e-18
-0.000399168 1.37457e-06 -1.87295e-18
-0.000399167 1.89332e-06 -1.87279e-18
-0.000399166 2.40686e-06 -1.87263e-18
-0.000399166 2.91505e-06 -1.87247e-18
-0.000399165 3.4179e-06 -1.87231e-18
-0.000399164 3.91554e-06 -1.87215e-18
-0.000399164 4.40813e-06 -1.87199e-18
-0.000399163 4.89574e-06 -1.87184e-18
-0.000399163 5.37821e-06 -1.87169e-18
-0.000399162 5.8552e-06 -1.87154e-18
-0.000399161 6.32637e-06 -1.87139e-18
-0.000399161 6.79136e-06 -1.87124e-18
-0.00039916 7.24972e-06 -1.87109e-18
-0.000399159 7.70097e-06 -1.87095e-18
-0.000399162 8.14472e-06 -1.87081e-18
-0.000399166 8.58046e-06 -1.87067e-18
-0.000399169 9.00791e-06 -1.87053e-18
-0.000399172 9.42696e-06 -1.8704e-18
-0.000399175 9.83746e-06 -1.87027e-18
-0.000399179 1.02394e-05 -1.87014e-18
-0.000399184 1.06329e-05 -1.87001e-18
-0.00039919 1.10182e-05 -1.86989e-18
-0.000399196 1.13954e-05 -1.86977e-18
-0.000399202 1.17648e-05 -1.86965e-18
-0.000399207 1.21267e-05 -1.86954e-18
-0.000399213 1.24811e-05 -1.86942e-18
-0.000399219 1.28283e-05 -1.86931e-18
-0.000399224 1.31684e-05 -1.8692e-18
-0.000399233 1.35006e-05 -1.8691e-18
-0.000399242 1.38254e-05 -1.86899e-18
-0.000399251 1.41435e-05 -1.86889e-18
-0.00039926 1.44544e-05 -1.86879e-18
-0.000399269 1.47583e-05 -1.86869e-18
-0.000399277 1.5055e-05 -1.8686e-18
-0.000399286 1.53444e-05 -1.86851e-18
-0.000399294 1.56264e-05 -1.86842e-18
-0.000399303 1.59009e-05 -1.86833e-18
-0.000399311 1.61678e-05 -1.86824e-18
-0.000399319 1.6427e-05 -1.86816e-18
-0.000399327 1.66784e-05 -1.86808e-18
-0.000399334 1.69221e-05 -1.868e-18
-0.000399342 1.7158e-05 -1.86793e-18
-0.000399349 1.73864e-05 -1.86785e-18
-0.000399357 1.76071e-05 -1.86778e-18
-0.000399364 1.78205e-05 -1.86771e-18
-0.000399372 1.80264e-05 -1.86765e-18
-0.00039938 1.82252e-05 -1.86758e-18
-0.000399387 1.8417e-05 -1.86752e-18
-0.000399395 1.8602e-05 -1.86746e-18
-0.000399402 1.87805e-05 -1.86741e-18
-0.000399409 1.8953e-05 -1.86735e-18
-0.000399416 1.91197e-05 -1.8673e-18
-0.000399422 1.92811e-05 -1.86724e-18
-0.000399428 1.94375e-05 -1.86719e-18
-0.000399434 1.95892e-05 -1.86714e-18
-0.00039944 1.97367e-05 -1.8671e-18
-0.000399446 1.98805e-05 -1.86705e-18
-0.000399452 2.00211e-05 -1.867e-18
-0.000399457 2.01589e-05 -1.86696e-18
-0.000399462 2.02946e-05 -1.86692e-18
-0.000399467 2.04286e-05 -1.86687e-18
-0.000399472 2.05614e-05 -1.86683e-18
-0.000399476 2.06934e-05 -1.86679e-18
-0.00039948 2.08251e-05 -1.86675e-18
-0.000399484 2.09567e-05 -1.86671e-18
-0.000399488 2.10885e-05 -1.86666e-18
-0.000399492 2.12204e-05 -1.86662e-18
-0.000399495 2.13526e-05 -1.86658e-18
-0.000399498 2.14851e-05 -1.86654e-18
-0.000399501 2.16178e-05 -1.8665e-18
-0.000399504 2.17507e-05 -1.86646e-18
-0.000399506 2.18834e-05 -1.86642e-18
-0.000399509 2.20154e-05 -1.86638e-18
-0.000399511 2.21455e-05 -1.86634e-18
-0.000399513 2.22728e-05 -1.8663e-18
-0.000399514 2.23962e-05 -1.86626e-18
-0.000399516 2.25147e-05 -1.86622e-18
-0.000399517 2.26274e-05 -1.86619e-18
-0.000399518 2.27333e-05 -1.86616e-18
-0.000399519 2.28314e-05 -1.86613e-18
-0.00039952 2.2921e-05 -1.8661e-18
-0.000399521 2.30015e-05 -1.86607e-18
-0.000399521 2.30723e-05 -1.86605e-18
-0.000399521 2.3133e-05 -1.86603e-18
-0.000399521 2.31835e-05 -1.86602e-18
-0.000399521 2.3224e-05 -1.86601e-18
-0.00039952 2.32546e-05 -1.866e-18
-0.00039952 2.32757e-05 -1.86599e-18
-0.000399519 2.32873e-05 -1.86599e-18
-0.000399517 2.32895e-05 -1.86599e-18
-0.000399516 2.32823e-05 -1.86599e-18
-0.000399514 2.32659e-05 -1.86599e-18
-0.000399513 2.32403e-05 -1.866e-18
-0.000399511 2.32058e-05 -1.86601e-18
-0.000399508 2.31623e-05 -1.86603e-18
-0.000399506 2.31101e-05 -1.86604e-18
-0.000399503 2.30492e-05 -1.86606e-18
-0.0003995 2.29797e-05 -1.86608e-18
-0.000399497 2.29016e-05 -1.86611e-18
-0.000399494 2.28151e-05 -1.86614e-18
-0.000399491 2.27204e-05 -1.86617e-18
-0.000399487 2.26179e-05 -1.8662e-18
-0.000399483 2.25081e-05 -1.86623e-18
-0.000399479 2.23913e-05 -1.86627e-18
-0.000399474 2.22676e-05 -1.86631e-18
-0.00039947 2.21369e-05 -1.86635e-18
-0.000399465 2.1999e-05 -1.86639e-18
-0.00039946 2.18539e-05 -1.86644e-18
-0.000399455 2.17014e-05 -1.86649e-18
-0.00039945 2.15414e-05 -1.86654e-18
-0.000399445 2.13738e-05 -1.86659e-18
-0.000399439 2.11985e-05 -1.86665e-18
-0.000399433 2.10155e-05 -1.86671e-18
-0.000399427 2.08247e-05 -1.86677e-18
-0.000399421 2.0626e-05 -1.86683e-18
-0.000399415 2.04193e-05 -1.8669e-18
-0.000399409 2.02044e-05 -1.86697e-18
-0.000399403 1.99808e-05 -1.86704e-18
-0.000399397 1.97481e-05 -1.86711e-18
-0.000399391 1.95058e-05 -1.86719e-18
-0.000399384 1.92539e-05 -1.86727e-18
-0.000399378 1.8992e-05 -1.86736e-18
-0.000399371 1.87202e-05 -1.86744e-18
-0.000399364 1.84383e-05 -1.86753e-18
-0.000399357 1.81463e-05 -1.86762e-18
-0.00039935 1.78441e-05 -1.86772e-18
-0.000399342 1.75316e-05 -1.86782e-18
-0.000399335 1.72089e-05 -1.86792e-18
-0.000399327 1.6876e-05 -1.86803e-18
-0.00039932 1.65327e-05 -1.86813e-18
-0.000399312 1.61791e-05 -1.86825e-18
-0.000399304 1.58151e-05 -1.86836e-18
-0.000399296 1.54407e-05 -1.86848e-18
-0.000399287 1.50555e-05 -1.8686e-18
-0.000399279 1.46594e-05 -1.86872e-18
-0.00039927 1.42522e-05 -1.86885e-18
-0.000399262 1.38332e-05 -1.86898e-18
-0.000399256 1.34007e-05 -1.86912e-18
-0.000399251 1.29542e-05 -1.86926e-18
-0.000399247 1.24937e-05 -1.8694e-18
-0.000399242 1.20189e-05 -1.86955e-18
-0.000399238 1.15299e-05 -1.8697e-18
-0.000399233 1.10269e-05 -1.86986e-18
-0.000399228 1.05103e-05 -1.87002e-18
-0.000399223 9.98122e-06 -1.87018e-18
-0.000399219 9.44085e-06 -1.87035e-18
-0.000399214 8.89064e-06 -1.87052e-18
-0.000399209 8.33202e-06 -1.87069e-18
-0.000399204 7.76635e-06 -1.87087e-18
-0.000399199 7.19495e-06 -1.87105e-18
-0.000399195 6.61914e-06 -1.87123e-18
-0.000399192 6.04007e-06 -1.87141e-18
-0.000399189 5.45865e-06 -1.87159e-18
-0.000399189 4.87564e-06 -1.87177e-18
-0.00039919 4.29155e-06 -1.87195e-18
-0.00039919 3.70689e-06 -1.87213e-18
-0.000399191 3.12207e-06 -1.87232e-18
-0.000399191 2.53733e-06 -1.8725e-18
-0.000399191 1.95294e-06 -1.87268e-18
-0.000399192 1.36917e-06 -1.87286e-18
-0.000399192 7.86498e-07 -1.87305e-18
-0.000399192 2.05461e-07 -1.87323e-18
-0.000399193 -3.73364e-07 -1.87341e-18
-0.000399193 -9.49479e-07 -1.87359e-18
-0.000399193 -1.5225e-06 -1.87377e-18
-0.000399194 -2.09215e-06 -1.87395e-18
-0.000399194 -2.65818e-06 -1.87413e-18
-0.000399194 -3.22031e-06 -1.8743e-18
-0.000399195 -3.7782e-06 -1.87448e-18
-0.000399195 -4.33147e-06 -1.87465e-18
-0.000399195 -4.87974e-06 -1.87483e-18
-0.000399195 -5.42272e-06 -1.875e-18
-0.000399195 -5.96017e-06 -1.87517e-18
-0.000399196 -6.49197e-06 -1.87534e-18
-0.000399196 -7.01802e-06 -1.8755e-18
-0.000399196 -7.53831e-06 -1.87567e-18
-0.000399196 -8.053e-06 -1.87583e-18
-0.000399196 -8.56237e-06 -1.87599e-18
-0.000399197 -9.06676e-06 -1.87615e-18
-0.000399197 -9.56653e-06 -1.87631e-18
-0.000399197 -1.00621e-05 -1.87647e-18
-0.000399197 -1.05541e-05 -1.87663e-18
-0.000399197 -1.10429e-05 -1.87678e-18
-0.000399197 -1.15291e-05 -1.87694e-18
-0.000399197 -1.20127e-05 -1.87709e-18
-0.000399198 -1.24938e-05 -1.87724e-18
-0.000399198 -1.29724e-05 -1.8774e-18
-0.000399198 -1.34482e-05 -1.87755e-18
-0.000399198 -1.39209e-05 -1.8777e-18
-0.000399198 -1.43901e-05 -1.87785e-18
-0.000399198 -1.4855e-05 -1.878e-18
-0.000399198 -1.53153e-05 -1.87814e-18
-0.000399198 -1.57706e-05 -1.87829e-18
-0.000399201 -1.62207e-05 -1.87843e-18
-0.000399205 -1.66656e-05 -1.87857e-18
-0.000399208 -1.7105e-05 -1.87872e-18
-0.000399211 -1.75391e-05 -1.87885e-18
-0.000399214 -1.79683e-05 -1.87899e-18
-0.000399217 -1.83926e-05 -1.87913e-18
-0.00039922 -1.88123e-05 -1.87926e-18
-0.000399223 -1.92182e-05 -1.8794e-18
-0.000399227 -1.96168e-05 -1.87953e-18
-0.00039923 -2.00134e-05 -1.87965e-18
-0.000399233 -2.04045e-05 -1.87978e-18
-0.000399237 -2.07921e-05 -1.87991e-18
-0.000399242 -2.11742e-05 -1.88003e-18
-0.000399246 -2.15513e-05 -1.88016e-18
-0.00039925 -2.19224e-05 -1.88028e-18
-0.000399254 -2.22878e-05 -1.8804e-18
-0.000399262 -2.26462e-05 -1.88051e-18
-0.00039927 -2.29984e-05 -1.88063e-18
-0.000399278 -2.33451e-05 -1.88074e-18
-0.000399286 -2.36859e-05 -1.88086e-18
-0.000399293 -2.40211e-05 -1.88097e-18
-0.000399301 -2.43506e-05 -1.88107e-18
-0.000399308 -2.46745e-05 -1.88118e-18
-0.000399315 -2.49928e-05 -1.88129e-18
-0.000399323 -2.53056e-05 -1.88139e-18
-0.000399332 -2.5613e-05 -1.88149e-18
-0.000399343 -2.59151e-05 -1.88159e-18
-0.000399353 -2.62116e-05 -1.88169e-18
-0.000399363 -2.65024e-05 -1.88178e-18
-0.000399372 -2.67874e-05 -1.88188e-18
-0.000399382 -2.70665e-05 -1.88197e-18
-0.000399391 -2.73399e-05 -1.88206e-18
-0.0003994 -2.76083e-05 -1.88215e-18
-0.000399409 -2.78722e-05 -1.88224e-18
-0.000399418 -2.81321e-05 -1.88232e-18
-0.000399426 -2.83885e-05 -1.88241e-18
-0.000399435 -2.86417e-05 -1.88249e-18
-0.000399443 -2.88924e-05 -1.88257e-18
-0.000399451 -2.91407e-05 -1.88266e-18
-0.000399458 -2.93867e-05 -1.88274e-18
-0.000399466 -2.96305e-05 -1.88282e-18
-0.000399473 -2.98718e-05 -1.8829e-18
-0.00039948 -3.01105e-05 -1.88298e-18
-0.000399487 -3.03465e-05 -1.88305e-18
-0.000399494 -3.05797e-05 -1.88313e-18
-0.0003995 -3.08099e-05 -1.8832e-18
-0.000399506 -3.10368e-05 -1.88328e-18
-0.000399512 -3.12604e-05 -1.88335e-18
-0.000399518 -3.14805e-05 -1.88342e-18
-0.000399524 -3.16968e-05 -1.88349e-18
-0.000399529 -3.19093e-05 -1.88356e-18
-0.000399534 -3.2118e-05 -1.88363e-18
-0.000399539 -3.23231e-05 -1.8837e-18
-0.000399544 -3.25246e-05 -1.88376e-18
-0.000399548 -3.27228e-05 -1.88383e-18
-0.000399552 -3.29177e-05 -1.88389e-18
-0.000399556 -3.31091e-05 -1.88395e-18
-0.00039956 -3.32969e-05 -1.88401e-18
-0.000399563 -3.3481e-05 -1.88407e-18
-0.000399567 -3.36612e-05 -1.88413e-18
-0.00039957 -3.38372e-05 -1.88419e-18
-0.000399572 -3.40089e-05 -1.88424e-18
-0.000399575 -3.41758e-05 -1.88429e-18
-0.000399577 -3.43375e-05 -1.88435e-18
-0.000399579 -3.44934e-05 -1.88439e-18
-0.000399581 -3.46427e-05 -1.88444e-18
-0.000399583 -3.47847e-05 -1.88449e-18
-0.000399584 -3.49189e-05 -1.88453e-18
-0.000399585 -3.50446e-05 -1.88457e-18
-0.000399586 -3.51612e-05 -1.8846e-18
-0.000399587 -3.52681e-05 -1.88463e-18
-0.000399587 -3.53646e-05 -1.88466e-18
-0.000399587 -3.54503e-05 -1.88469e-18
-0.000399587 -3.55245e-05 -1.88471e-18
-0.000399587 -3.5587e-05 -1.88473e-18
-0.000399586 -3.56373e-05 -1.88475e-18
-0.000399585 -3.56752e-05 -1.88476e-18
-0.000399584 -3.57007e-05 -1.88476e-18
-0.000399583 -3.57134e-05 -1.88477e-18
-0.000399581 -3.57132e-05 -1.88477e-18
-0.000399579 -3.57005e-05 -1.88476e-18
-0.000399577 -3.56754e-05 -1.88475e-18
-0.000399575 -3.5638e-05 -1.88474e-18
-0.000399573 -3.55885e-05 -1.88472e-18
-0.00039957 -3.55268e-05 -1.8847e-18
-0.000399567 -3.5453e-05 -1.88468e-18
-0.000399564 -3.53671e-05 -1.88465e-18
-0.00039956 -3.52693e-05 -1.88462e-18
-0.000399557 -3.51594e-05 -1.88458e-18
-0.000399553 -3.50377e-05 -1.88454e-18
-0.000399549 -3.49042e-05 -1.8845e-18
-0.000399544 -3.47592e-05 -1.88445e-18
-0.00039954 -3.46028e-05 -1.8844e-18
-0.000399535 -3.44355e-05 -1.88434e-18
-0.00039953 -3.42574e-05 -1.88429e-18
-0.000399525 -3.40685e-05 -1.88423e-18
-0.000399519 -3.38687e-05 -1.88416e-18
-0.000399514 -3.36578e-05 -1.88409e-18
-0.000399508 -3.34356e-05 -1.88402e-18
-0.000399502 -3.32023e-05 -1.88395e-18
-0.000399495 -3.29578e-05 -1.88387e-18
-0.000399489 -3.27024e-05 -1.88379e-18
-0.000399482 -3.24361e-05 -1.8837e-18
-0.000399475 -3.21591e-05 -1.88361e-18
-0.000399468 -3.18713e-05 -1.88352e-18
-0.000399461 -3.15729e-05 -1.88342e-18
-0.000399454 -3.12638e-05 -1.88332e-18
-0.000399446 -3.0944e-05 -1.88322e-18
-0.000399438 -3.06131e-05 -1.88312e-18
-0.00039943 -3.02711e-05 -1.88301e-18
-0.000399422 -2.99177e-05 -1.88289e-18
-0.000399413 -2.95527e-05 -1.88278e-18
-0.000399405 -2.91758e-05 -1.88266e-18
-0.000399396 -2.87868e-05 -1.88253e-18
-0.000399387 -2.83856e-05 -1.88241e-18
-0.000399378 -2.79717e-05 -1.88227e-18
-0.000399368 -2.75448e-05 -1.88214e-18
-0.000399358 -2.71044e-05 -1.882e-18
-0.000399349 -2.66504e-05 -1.88185e-18
-0.000399339 -2.61829e-05 -1.88171e-18
-0.000399328 -2.57025e-05 -1.88155e-18
-0.000399321 -2.52099e-05 -1.8814e-18
-0.000399314 -2.47055e-05 -1.88124e-18
-0.000399306 -2.41899e-05 -1.88108e-18
-0.000399299 -2.36634e-05 -1.88091e-18
-0.000399291 -2.31265e-05 -1.88074e-18
-0.000399283 -2.25798e-05 -1.88057e-18
-0.000399279 -2.20231e-05 -1.8804e-18
-0.000399276 -2.14578e-05 -1.88022e-18
-0.000399272 -2.08857e-05 -1.88004e-18
-0.000399269 -2.03077e-05 -1.87986e-18
-0.000399266 -1.97249e-05 -1.87968e-18
-0.000399263 -1.91381e-05 -1.8795e-18
-0.000399259 -1.85481e-05 -1.87931e-18
-0.000399256 -1.79588e-05 -1.87913e-18
-0.000399252 -1.73702e-05 -1.87894e-18
-0.000399249 -1.67804e-05 -1.87875e-18
-0.000399245 -1.61903e-05 -1.87857e-18
-0.000399241 -1.56002e-05 -1.87838e-18
-0.000399238 -1.50107e-05 -1.87819e-18
-0.000399234 -1.44222e-05 -1.87801e-18
-0.00039923 -1.3835e-05 -1.87782e-18
-0.000399227 -1.32495e-05 -1.87764e-18
-0.000399224 -1.26667e-05 -1.87745e-18
-0.000399221 -1.20873e-05 -1.87727e-18
-0.000399218 -1.15124e-05 -1.87708e-18
-0.000399214 -1.0943e-05 -1.8769e-18
-0.000399211 -1.038e-05 -1.87672e-18
-0.000399208 -9.82415e-06 -1.87655e-18
-0.000399204 -9.27636e-06 -1.87637e-18
-0.000399201 -8.73724e-06 -1.8762e-18
-0.0003992 -8.20705e-06 -1.87603e-18
-0.000399199 -7.68576e-06 -1.87586e-18
-0.000399199 -7.17331e-06 -1.8757e-18
-0.000399198 -6.66955e-06 -1.87553e-18
-0.000399198 -6.17433e-06 -1.87537e-18
-0.000399197 -5.68751e-06 -1.87522e-18
-0.000399197 -5.20886e-06 -1.87506e-18
-0.000399196 -4.73815e-06 -1.87491e-18
-0.000399196 -4.27492e-06 -1.87476e-18
-0.000399195 -3.81865e-06 -1.87461e-18
-0.000399194 -3.36879e-06 -1.87446e-18
-0.000399194 -2.92481e-06 -1.87432e-18
-0.000399193 -2.48628e-06 -1.87418e-18
-0.000399193 -2.05283e-06 -1.87404e-18
-0.000399192 -1.62411e-06 -1.8739e-18
-0.000399192 -1.19978e-06 -1.87376e-18
-0.000399191 -7.79556e-07 -1.87362e-18
-0.000399191 -3.6315e-07 -1.87349e-18
-0.00039919 4.96861e-08 -1.87335e-18
-0.00039919 4.59259e-07 -1.87322e-18
-0.000399189 8.66029e-07 -1.87309e-18
-0.000399189 1.27056e-06 -1.87296e-18
-0.000399188 1.6734e-06 -1.87283e-18
-0.000399188 2.075e-06 -1.8727e-18
-0.000399187 2.47565e-06 -1.87257e-18
-0.000399187 2.87548e-06 -1.87244e-18
-0.000399186 3.2746e-06 -1.87231e-18
-0.000399185 3.67301e-06 -1.87218e-18
-0.000399185 4.07066e-06 -1.87205e-18
-0.000399184 4.46737e-06 -1.87192e-18
-0.000399187 4.86306e-06 -1.8718e-18
-0.000399191 5.25737e-06 -1.87167e-18
-0.000399198 5.64995e-06 -1.87155e-18
-0.000399205 6.04049e-06 -1.87142e-18
-0.000399212 6.42859e-06 -1.8713e-18
-0.000399219 6.81389e-06 -1.87118e-18
-0.000399225 7.19593e-06 -1.87105e-18
-0.000399232 7.57429e-06 -1.87093e-18
-0.000399239 7.94849e-06 -1.87082e-18
-0.000399245 8.31818e-06 -1.8707e-18
-0.000399251 8.68312e-06 -1.87058e-18
-0.000399258 9.04319e-06 -1.87047e-18
-0.000399264 9.39831e-06 -1.87035e-18
-0.00039927 9.74845e-06 -1.87024e-18
-0.000399276 1.00937e-05 -1.87013e-18
-0.000399282 1.04343e-05 -1.87002e-18
-0.000399288 1.07704e-05 -1.86992e-18
-0.000399293 1.11022e-05 -1.86981e-18
-0.000399299 1.14299e-05 -1.86971e-18
-0.000399305 1.17536e-05 -1.8696e-18
-0.000399312 1.20734e-05 -1.8695e-18
-0.000399321 1.23885e-05 -1.8694e-18
-0.00039933 1.26992e-05 -1.8693e-18
-0.000399339 1.3006e-05 -1.86921e-18
-0.000399348 1.33083e-05 -1.86911e-18
-0.000399357 1.36061e-05 -1.86901e-18
-0.000399365 1.38991e-05 -1.86892e-18
-0.000399373 1.41871e-05 -1.86883e-18
-0.000399381 1.44699e-05 -1.86874e-18
-0.000399389 1.47473e-05 -1.86865e-18
-0.000399396 1.50192e-05 -1.86856e-18
-0.000399404 1.52858e-05 -1.86848e-18
-0.000399411 1.55471e-05 -1.8684e-18
-0.000399417 1.58034e-05 -1.86831e-18
-0.000399424 1.60549e-05 -1.86823e-18
-0.00039943 1.63024e-05 -1.86816e-18
-0.000399436 1.65463e-05 -1.86808e-18
-0.000399442 1.67872e-05 -1.868e-18
-0.000399448 1.70253e-05 -1.86792e-18
-0.000399453 1.7261e-05 -1.86785e-18
-0.000399458 1.74943e-05 -1.86778e-18
-0.000399463 1.77255e-05 -1.8677e-18
-0.000399467 1.79547e-05 -1.86763e-18
-0.000399472 1.81819e-05 -1.86756e-18
-0.000399476 1.84074e-05 -1.86749e-18
-0.000399479 1.8631e-05 -1.86742e-18
-0.000399483 1.88526e-05 -1.86735e-18
-0.000399486 1.90721e-05 -1.86728e-18
-0.000399489 1.9289e-05 -1.86721e-18
-0.000399492 1.95032e-05 -1.86714e-18
-0.000399495 1.97147e-05 -1.86708e-18
-0.000399497 1.99238e-05 -1.86701e-18
-0.000399499 2.01306e-05 -1.86695e-18
-0.000399501 2.03354e-05 -1.86689e-18
-0.000399502 2.05381e-05 -1.86683e-18
-0.000399504 2.07388e-05 -1.86676e-18
-0.000399505 2.09374e-05 -1.8667e-18
-0.000399506 2.11338e-05 -1.86664e-18
-0.000399506 2.13277e-05 -1.86659e-18
-0.000399507 2.15188e-05 -1.86653e-18
-0.000399507 2.17068e-05 -1.86647e-18
-0.000399507 2.18912e-05 -1.86642e-18
-0.000399507 2.20716e-05 -1.86637e-18
-0.000399506 2.22479e-05 -1.86631e-18
-0.000399506 2.24195e-05 -1.86626e-18
-0.000399505 2.25862e-05 -1.86622e-18
-0.000399504 2.27473e-05 -1.86617e-18
-0.000399503 2.29023e-05 -1.86612e-18
-0.000399502 2.30503e-05 -1.86608e-18
-0.0003995 2.31907e-05 -1.86604e-18
-0.000399499 2.33226e-05 -1.86601e-18
-0.000399497 2.34454e-05 -1.86597e-18
-0.000399495 2.35583e-05 -1.86594e-18
-0.000399493 2.36603e-05 -1.86591e-18
-0.000399491 2.37504e-05 -1.86589e-18
-0.000399488 2.38274e-05 -1.86587e-18
-0.000399486 2.38901e-05 -1.86585e-18
-0.000399483 2.39374e-05 -1.86584e-18
-0.000399481 2.39684e-05 -1.86584e-18
-0.000399478 2.39822e-05 -1.86583e-18
-0.000399475 2.39781e-05 -1.86584e-18
-0.000399472 2.39553e-05 -1.86585e-18
-0.000399469 2.39131e-05 -1.86586e-18
-0.000399466 2.38504e-05 -1.86588e-18
-0.000399462 2.37666e-05 -1.86591e-18
-0.000399459 2.3661e-05 -1.86595e-18
-0.000399455 2.35333e-05 -1.86599e-18
-0.000399452 2.33832e-05 -1.86603e-18
-0.000399448 2.32107e-05 -1.86609e-18
-0.000399445 2.3016e-05 -1.86615e-18
-0.000399441 2.27989e-05 -1.86621e-18
-0.000399437 2.25597e-05 -1.86629e-18
-0.000399434 2.22985e-05 -1.86637e-18
-0.00039943 2.20157e-05 -1.86645e-18
-0.000399425 2.17122e-05 -1.86654e-18
-0.000399421 2.1389e-05 -1.86664e-18
-0.000399417 2.10473e-05 -1.86675e-18
-0.000399412 2.06884e-05 -1.86685e-18
-0.000399407 2.03133e-05 -1.86697e-18
-0.000399402 1.9923e-05 -1.86709e-18
-0.000399397 1.95187e-05 -1.86721e-18
-0.000399391 1.91011e-05 -1.86734e-18
-0.000399386 1.8671e-05 -1.86747e-18
-0.00039938 1.82288e-05 -1.8676e-18
-0.000399374 1.77751e-05 -1.86774e-18
-0.000399368 1.73104e-05 -1.86788e-18
-0.000399361 1.68356e-05 -1.86803e-18
-0.000399354 1.63517e-05 -1.86817e-18
-0.000399348 1.58598e-05 -1.86833e-18
-0.000399341 1.53611e-05 -1.86848e-18
-0.000399333 1.48564e-05 -1.86863e-18
-0.000399326 1.43467e-05 -1.86879e-18
-0.000399318 1.3833e-05 -1.86895e-18
-0.00039931 1.33161e-05 -1.86911e-18
-0.000399302 1.27971e-05 -1.86927e-18
-0.000399297 1.22762e-05 -1.86943e-18
-0.000399294 1.17549e-05 -1.86959e-18
-0.00039929 1.12348e-05 -1.86975e-18
-0.000399286 1.07157e-05 -1.86992e-18
-0.000399282 1.01977e-05 -1.87008e-18
-0.000399277 9.68018e-06 -1.87024e-18
-0.000399273 9.16292e-06 -1.8704e-18
-0.000399268 8.64567e-06 -1.87057e-18
-0.000399264 8.12831e-06 -1.87073e-18
-0.000399259 7.61073e-06 -1.87089e-18
-0.000399254 7.09272e-06 -1.87106e-18
-0.000399249 6.574e-06 -1.87122e-18
-0.000399244 6.05418e-06 -1.87138e-18
-0.000399239 5.53289e-06 -1.87155e-18
-0.000399233 5.00989e-06 -1.87171e-18
-0.000399228 4.48528e-06 -1.87188e-18
-0.000399222 3.95936e-06 -1.87204e-18
-0.000399217 3.43253e-06 -1.87221e-18
-0.000399215 2.90527e-06 -1.87238e-18
-0.000399214 2.37785e-06 -1.87254e-18
-0.000399212 1.85062e-06 -1.87271e-18
-0.000399212 1.324e-06 -1.87288e-18
-0.000399212 7.98304e-07 -1.87304e-18
-0.000399212 2.73894e-07 -1.87321e-18
-0.000399213 -2.49004e-07 -1.87337e-18
-0.000399213 -7.7011e-07 -1.87354e-18
-0.000399213 -1.2892e-06 -1.8737e-18
-0.000399214 -1.80607e-06 -1.87387e-18
-0.000399214 -2.32061e-06 -1.87403e-18
-0.000399214 -2.83269e-06 -1.87419e-18
-0.000399215 -3.34228e-06 -1.87435e-18
-0.000399215 -3.84964e-06 -1.87451e-18
-0.000399215 -4.35521e-06 -1.87467e-18
-0.000399215 -4.85943e-06 -1.87483e-18
-0.000399216 -5.36259e-06 -1.87499e-18
-0.000399216 -5.8646e-06 -1.87515e-18
-0.000399216 -6.36512e-06 -1.87531e-18
-0.000399216 -6.86376e-06 -1.87547e-18
-0.000399216 -7.36012e-06 -1.87562e-18
-0.000399217 -7.85392e-06 -1.87578e-18
-0.000399217 -8.34494e-06 -1.87594e-18
-0.000399217 -8.83293e-06 -1.87609e-18
-0.000399217 -9.3175e-06 -1.87624e-18
-0.000399217 -9.79785e-06 -1.87639e-18
-0.000399217 -1.02729e-05 -1.87654e-18
-0.000399218 -1.07417e-05 -1.87669e-18
-0.000399218 -1.1203e-05 -1.87684e-18
-0.000399218 -1.16558e-05 -1.87698e-18
-0.000399218 -1.2099e-05 -1.87712e-18
-0.000399218 -1.25318e-05 -1.87726e-18
-0.000399218 -1.2953e-05 -1.87739e-18
-0.000399218 -1.33618e-05 -1.87752e-18
-0.000399218 -1.37571e-05 -1.87765e-18
-0.000399218 -1.4138e-05 -1.87777e-18
-0.000399219 -1.45037e-05 -1.87789e-18
-0.000399219 -1.4854e-05 -1.878e-18
-0.000399219 -1.51889e-05 -1.87811e-18
-0.000399222 -1.55085e-05 -1.87821e-18
-0.000399226 -1.5813e-05 -1.87831e-18
-0.00039923 -1.61026e-05 -1.87841e-18
-0.000399234 -1.63776e-05 -1.8785e-18
-0.000399237 -1.66382e-05 -1.87859e-18
-0.000399241 -1.68848e-05 -1.87867e-18
-0.000399246 -1.71181e-05 -1.87875e-18
-0.000399251 -1.73389e-05 -1.87883e-18
-0.000399256 -1.75478e-05 -1.8789e-18
-0.000399261 -1.77457e-05 -1.87897e-18
-0.000399266 -1.79335e-05 -1.87904e-18
-0.000399271 -1.81115e-05 -1.8791e-18
-0.000399276 -1.82753e-05 -1.87916e-18
-0.00039928 -1.84301e-05 -1.87922e-18
-0.000399285 -1.85802e-05 -1.87927e-18
-0.000399289 -1.8725e-05 -1.87933e-18
-0.000399293 -1.8867e-05 -1.87938e-18
-0.000399298 -1.90069e-05 -1.87943e-18
-0.000399302 -1.91463e-05 -1.87949e-18
-0.000399306 -1.92861e-05 -1.87954e-18
-0.00039931 -1.94277e-05 -1.87959e-18
-0.000399314 -1.9572e-05 -1.87964e-18
-0.000399317 -1.97203e-05 -1.8797e-18
-0.000399321 -1.98735e-05 -1.87975e-18
-0.000399325 -2.00329e-05 -1.87981e-18
-0.000399328 -2.01995e-05 -1.87987e-18
-0.000399334 -2.03744e-05 -1.87993e-18
-0.000399342 -2.05579e-05 -1.87999e-18
-0.00039935 -2.07511e-05 -1.88006e-18
-0.000399358 -2.09551e-05 -1.88013e-18
-0.000399366 -2.11703e-05 -1.8802e-18
-0.000399373 -2.1397e-05 -1.88027e-18
-0.000399381 -2.16352e-05 -1.88035e-18
-0.000399387 -2.18851e-05 -1.88043e-18
-0.000399394 -2.21464e-05 -1.88051e-18
-0.000399401 -2.24188e-05 -1.8806e-18
-0.000399407 -2.27018e-05 -1.88069e-18
-0.000399413 -2.29947e-05 -1.88078e-18
-0.000399418 -2.32963e-05 -1.88088e-18
-0.000399424 -2.36048e-05 -1.88097e-18
-0.000399429 -2.39187e-05 -1.88107e-18
-0.000399434 -2.42362e-05 -1.88117e-18
-0.000399438 -2.45559e-05 -1.88127e-18
-0.000399443 -2.48767e-05 -1.88137e-18
-0.000399447 -2.51974e-05 -1.88147e-18
-0.000399451 -2.55167e-05 -1.88156e-18
-0.000399454 -2.58334e-05 -1.88166e-18
-0.000399458 -2.61463e-05 -1.88176e-18
-0.000399461 -2.6454e-05 -1.88185e-18
-0.000399463 -2.67553e-05 -1.88194e-18
-0.000399466 -2.70495e-05 -1.88203e-18
-0.000399468 -2.73356e-05 -1.88212e-18
-0.00039947 -2.76132e-05 -1.88221e-18
-0.000399472 -2.78814e-05 -1.88229e-18
-0.000399473 -2.81394e-05 -1.88237e-18
-0.000399475 -2.83861e-05 -1.88244e-18
-0.000399476 -2.86206e-05 -1.88251e-18
-0.000399476 -2.8842e-05 -1.88258e-18
-0.000399477 -2.90497e-05 -1.88264e-18
-0.000399477 -2.92434e-05 -1.8827e-18
-0.000399477 -2.94228e-05 -1.88276e-18
-0.000399477 -2.95877e-05 -1.88281e-18
-0.000399477 -2.97377e-05 -1.88285e-18
-0.000399476 -2.98728e-05 -1.8829e-18
-0.000399475 -2.99927e-05 -1.88293e-18
-0.000399474 -3.00975e-05 -1.88296e-18
-0.000399472 -3.0187e-05 -1.88299e-18
-0.000399471 -3.02612e-05 -1.88301e-18
-0.000399469 -3.03203e-05 -1.88303e-18
-0.000399467 -3.03643e-05 -1.88304e-18
-0.000399464 -3.03933e-05 -1.88305e-18
-0.000399462 -3.04074e-05 -1.88306e-18
-0.000399459 -3.04067e-05 -1.88305e-18
-0.000399456 -3.03911e-05 -1.88305e-18
-0.000399453 -3.03612e-05 -1.88304e-18
-0.000399449 -3.03175e-05 -1.88302e-18
-0.000399446 -3.02606e-05 -1.88301e-18
-0.000399442 -3.01911e-05 -1.88298e-18
-0.000399438 -3.01094e-05 -1.88296e-18
-0.000399433 -3.00158e-05 -1.88293e-18
-0.000399429 -2.99108e-05 -1.88289e-18
-0.000399424 -2.97946e-05 -1.88285e-18
-0.000399419 -2.96675e-05 -1.88281e-18
-0.000399414 -2.95297e-05 -1.88277e-18
-0.000399409 -2.93812e-05 -1.88272e-18
-0.000399403 -2.92222e-05 -1.88267e-18
-0.000399398 -2.90528e-05 -1.88261e-18
-0.000399392 -2.88731e-05 -1.88255e-18
-0.000399386 -2.86833e-05 -1.88249e-18
-0.00039938 -2.84835e-05 -1.88243e-18
-0.000399373 -2.82738e-05 -1.88236e-18
-0.000399367 -2.80542e-05 -1.88229e-18
-0.00039936 -2.78247e-05 -1.88221e-18
-0.000399353 -2.75854e-05 -1.88213e-18
-0.000399346 -2.73364e-05 -1.88205e-18
-0.000399339 -2.70777e-05 -1.88197e-18
-0.000399334 -2.68096e-05 -1.88188e-18
-0.000399329 -2.6532e-05 -1.88179e-18
-0.000399324 -2.62447e-05 -1.8817e-18
-0.00039932 -2.59476e-05 -1.8816e-18
-0.000399314 -2.56404e-05 -1.8815e-18
-0.000399309 -2.53229e-05 -1.8814e-18
-0.000399304 -2.49946e-05 -1.88129e-18
-0.000399299 -2.4655e-05 -1.88118e-18
-0.000399294 -2.43037e-05 -1.88107e-18
-0.000399288 -2.39399e-05 -1.88095e-18
-0.000399283 -2.35633e-05 -1.88083e-18
-0.000399277 -2.31731e-05 -1.8807e-18
-0.000399275 -2.27677e-05 -1.88057e-18
-0.000399274 -2.23472e-05 -1.88044e-18
-0.000399271 -2.19119e-05 -1.8803e-18
-0.00039927 -2.14608e-05 -1.88016e-18
-0.000399268 -2.0994e-05 -1.88001e-18
-0.000399266 -2.0511e-05 -1.87986e-18
-0.000399264 -2.00117e-05 -1.8797e-18
-0.000399262 -1.9496e-05 -1.87954e-18
-0.00039926 -1.89674e-05 -1.87937e-18
-0.000399258 -1.84242e-05 -1.8792e-18
-0.000399256 -1.78645e-05 -1.87903e-18
-0.000399254 -1.72899e-05 -1.87885e-18
-0.000399251 -1.67003e-05 -1.87866e-18
-0.000399249 -1.60967e-05 -1.87847e-18
-0.000399247 -1.54795e-05 -1.87828e-18
-0.000399244 -1.48494e-05 -1.87809e-18
-0.000399242 -1.42069e-05 -1.87789e-18
-0.00039924 -1.3553e-05 -1.87769e-18
-0.000399237 -1.28884e-05 -1.87748e-18
-0.000399235 -1.22144e-05 -1.87727e-18
-0.000399232 -1.15321e-05 -1.87706e-18
-0.00039923 -1.08429e-05 -1.87685e-18
-0.000399227 -1.0148e-05 -1.87663e-18
-0.000399225 -9.44887e-06 -1.87642e-18
-0.000399222 -8.74695e-06 -1.8762e-18
-0.000399219 -8.04371e-06 -1.87598e-18
-0.000399216 -7.34074e-06 -1.87577e-18
-0.000399215 -6.63966e-06 -1.87555e-18
-0.000399214 -5.94209e-06 -1.87533e-18
-0.000399213 -5.24957e-06 -1.87512e-18
-0.000399213 -4.56358e-06 -1.87491e-18
-0.000399212 -3.88545e-06 -1.8747e-18
-0.000399211 -3.21648e-06 -1.87449e-18
-0.00039921 -2.55783e-06 -1.87428e-18
-0.000399209 -1.9106e-06 -1.87408e-18
-0.000399209 -1.27576e-06 -1.87388e-18
-0.000399208 -6.54191e-07 -1.87369e-18
-0.000399207 -4.66305e-08 -1.8735e-18
-0.000399206 5.46301e-07 -1.87331e-18
-0.000399206 1.12412e-06 -1.87313e-18
-0.000399205 1.68645e-06 -1.87295e-18
-0.000399204 2.23306e-06 -1.87278e-18
-0.000399204 2.76386e-06 -1.87261e-18
-0.000399203 3.27886e-06 -1.87244e-18
-0.000399203 3.77822e-06 -1.87228e-18
-0.000399202 4.2622e-06 -1.87212e-18
-0.000399202 4.73121e-06 -1.87197e-18
-0.000399201 5.18578e-06 -1.87182e-18
-0.000399201 5.62656e-06 -1.87168e-18
-0.0003992 6.05424e-06 -1.87154e-18
-0.0003992 6.46963e-06 -1.8714e-18
-0.000399199 6.8736e-06 -1.87127e-18
-0.000399199 7.26706e-06 -1.87114e-18
-0.000399198 7.651e-06 -1.87101e-18
-0.000399198 8.02647e-06 -1.87089e-18
-0.000399197 8.3946e-06 -1.87076e-18
-0.000399197 8.7565e-06 -1.87064e-18
-0.000399196 9.11317e-06 -1.87052e-18
-0.0003992 9.4655e-06 -1.87041e-18
-0.000399205 9.81384e-06 -1.87029e-18
-0.000399209 1.01586e-05 -1.87018e-18
-0.000399214 1.05003e-05 -1.87006e-18
-0.000399218 1.08392e-05 -1.86995e-18
-0.000399223 1.11754e-05 -1.86984e-18
-0.00039923 1.15093e-05 -1.86973e-18
-0.000399239 1.1841e-05 -1.86962e-18
-0.000399246 1.21706e-05 -1.86951e-18
-0.000399255 1.24981e-05 -1.86941e-18
-0.000399262 1.28236e-05 -1.8693e-18
-0.00039927 1.3147e-05 -1.8692e-18
-0.000399281 1.34673e-05 -1.86909e-18
-0.000399293 1.37848e-05 -1.86899e-18
-0.000399304 1.41e-05 -1.86889e-18
-0.000399315 1.44121e-05 -1.86878e-18
-0.000399326 1.47205e-05 -1.86868e-18
-0.000399337 1.50242e-05 -1.86859e-18
-0.000399348 1.53222e-05 -1.86849e-18
-0.000399358 1.56137e-05 -1.8684e-18
-0.000399369 1.58988e-05 -1.8683e-18
-0.000399379 1.6178e-05 -1.86821e-18
-0.000399389 1.64518e-05 -1.86812e-18
-0.0003994 1.67209e-05 -1.86804e-18
-0.000399411 1.69856e-05 -1.86795e-18
-0.000399422 1.72461e-05 -1.86787e-18
-0.000399433 1.75028e-05 -1.86779e-18
-0.000399443 1.77558e-05 -1.8677e-18
-0.000399454 1.80054e-05 -1.86762e-18
-0.000399464 1.82516e-05 -1.86754e-18
-0.000399474 1.84946e-05 -1.86747e-18
-0.000399483 1.87345e-05 -1.86739e-18
-0.000399493 1.89713e-05 -1.86731e-18
-0.000399502 1.92051e-05 -1.86724e-18
-0.00039951 1.94358e-05 -1.86717e-18
-0.000399519 1.96634e-05 -1.86709e-18
-0.000399527 1.98878e-05 -1.86702e-18
-0.000399535 2.01089e-05 -1.86695e-18
-0.000399543 2.03265e-05 -1.86688e-18
-0.000399551 2.05405e-05 -1.86682e-18
