-1.40173e-05 6.98787e-08 -2.86593e-24
-2.80347e-05 1.39768e-07 -5.73229e-24
-4.2052e-05 2.09668e-07 -8.59909e-24
-5.60692e-05 2.79579e-07 -1.14663e-23
-7.00865e-05 3.495e-07 -1.4334e-23
-8.41038e-05 4.19432e-07 -1.72021e-23
-9.8121e-05 4.89374e-07 -2.00707e-23
-0.000112138 5.59327e-07 -2.29396e-23
-0.000126155 6.29291e-07 -2.58091e-23
-0.000140173 6.99266e-07 -2.86789e-23
-0.000140173 6.99427e-07 -2.86855e-23
-0.000140173 7.00136e-07 -2.87146e-23
-0.000140173 7.01727e-07 -2.87798e-23
-0.000140173 7.04411e-07 -2.88899e-23
-0.000140174 7.08186e-07 -2.90447e-23
-0.000140174 7.12622e-07 -2.92267e-23
-0.000140175 7.1707e-07 -2.94091e-23
-0.000140175 7.20883e-07 -2.95655e-23
-0.000140176 7.23338e-07 -2.96662e-23
-0.000140176 7.2355e-07 -2.96749e-23
-0.000140176 7.20562e-07 -2.95523e-23
-0.000140175 7.13453e-07 -2.92608e-23
-0.000140174 7.0147e-07 -2.87693e-23
-0.000140173 6.8416e-07 -2.80594e-23
-0.00014017 6.61254e-07 -2.71199e-23
-0.000140167 6.32529e-07 -2.59418e-23
-0.000140163 5.97973e-07 -2.45246e-23
-0.000140158 5.5796e-07 -2.28835e-23
-0.000140153 5.13073e-07 -2.10426e-23
-0.000140146 4.63926e-07 -1.90269e-23
-0.000140139 4.11446e-07 -1.68746e-23
-0.000140131 3.57181e-07 -1.4649e-23
-0.000140122 3.02983e-07 -1.24262e-23
-0.000140113 2.50672e-07 -1.02808e-23
-0.000140103 2.01916e-07 -8.28118e-24
-0.000140094 1.5811e-07 -6.48453e-24
-0.000140084 1.2046e-07 -4.94039e-24
-0.000140074 9.00888e-08 -3.6948e-24
-0.000140064 6.79548e-08 -2.78702e-24
-0.000140054 5.47687e-08 -2.24622e-24
-0.000140045 5.10632e-08 -2.09425e-24
-0.000140036 5.72688e-08 -2.34876e-24
-0.000140027 7.35682e-08 -3.01724e-24
-0.000140019 9.97452e-08 -4.09084e-24
-0.000140012 1.35339e-07 -5.55065e-24
-0.000140005 1.79814e-07 -7.37469e-24
-0.00014 2.32519e-07 -9.53628e-24
-0.000139995 2.9265e-07 -1.20024e-23
-0.000139991 3.59311e-07 -1.47364e-23
-0.000139988 4.31585e-07 -1.77005e-23
-0.000139986 5.08642e-07 -2.08609e-23
-0.000139985 5.89853e-07 -2.41916e-23
-0.000139986 6.74703e-07 -2.76715e-23
-0.000139988 7.62703e-07 -3.12807e-23
-0.000139991 8.53164e-07 -3.49907e-23
-0.000139996 9.44962e-07 -3.87556e-23
-0.000140002 1.03678e-06 -4.25214e-23
-0.00014001 1.12738e-06 -4.62371e-23
-0.000140019 1.2155e-06 -4.98512e-23
-0.000140029 1.2998e-06 -5.33084e-23
-0.00014004 1.37892e-06 -5.65534e-23
-0.000140052 1.45163e-06 -5.95357e-23
-0.000140065 1.51678e-06 -6.22075e-23
-0.000140079 1.57322e-06 -6.45222e-23
-0.000140093 1.61988e-06 -6.64361e-23
-0.000140108 1.65585e-06 -6.79111e-23
-0.000140122 1.68053e-06 -6.89234e-23
-0.000140137 1.69395e-06 -6.94737e-23
-0.000140152 1.69647e-06 -6.95771e-23
-0.000140166 1.68856e-06 -6.92526e-23
-0.00014018 1.67093e-06 -6.85295e-23
-0.000140194 1.6447e-06 -6.74539e-23
-0.000140208 1.61122e-06 -6.60807e-23
-0.000140221 1.57184e-06 -6.44659e-23
-0.000140234 1.52807e-06 -6.26705e-23
-0.000140246 1.48163e-06 -6.07661e-23
-0.000140258 1.43437e-06 -5.88277e-23
-0.00014027 1.38804e-06 -5.69277e-23
-0.000140282 1.34422e-06 -5.51304e-23
-0.000140294 1.30416e-06 -5.34872e-23
-0.000140305 1.26887e-06 -5.20399e-23
-0.000140317 1.23926e-06 -5.08255e-23
-0.000140329 1.21594e-06 -4.9869e-23
-0.000140341 1.19907e-06 -4.91773e-23
-0.000140353 1.18853e-06 -4.87451e-23
-0.000140365 1.18408e-06 -4.85626e-23
-0.000140378 1.18524e-06 -4.861e-23
-0.000140391 1.19114e-06 -4.88522e-23
-0.000140405 1.20073e-06 -4.92454e-23
-0.000140419 1.21287e-06 -4.97433e-23
-0.000140433 1.22669e-06 -5.03103e-23
-0.000140448 1.24189e-06 -5.09336e-23
-0.000140463 1.25844e-06 -5.16124e-23
-0.000140479 1.27634e-06 -5.23462e-23
-0.000140496 1.29558e-06 -5.31355e-23
-0.000140514 1.31624e-06 -5.39828e-23
-0.000140532 1.33841e-06 -5.48922e-23
-0.000140552 1.36223e-06 -5.58689e-23
-0.000140573 1.38763e-06 -5.69109e-23
-0.000140595 1.4142e-06 -5.80005e-23
-0.000140618 1.44132e-06 -5.91126e-23
-0.000140642 1.46842e-06 -6.02241e-23
-0.000140667 1.49503e-06 -6.13154e-23
-0.000140692 1.52079e-06 -6.23722e-23
-0.000140719 1.54545e-06 -6.33836e-23
-0.000140746 1.5688e-06 -6.43409e-23
-0.000140773 1.59072e-06 -6.52401e-23
-0.000140801 1.6113e-06 -6.6084e-23
-0.000140829 1.6307e-06 -6.68798e-23
-0.000140858 1.64913e-06 -6.76356e-23
-0.000140887 1.66687e-06 -6.83631e-23
-0.000140915 1.68436e-06 -6.90806e-23
-0.000140944 1.70213e-06 -6.98094e-23
-0.000140972 1.72067e-06 -7.05698e-23
-0.000141001 1.7402e-06 -7.13706e-23
-0.000141029 1.76036e-06 -7.21974e-23
-0.000141056 1.7805e-06 -7.30234e-23
-0.000141084 1.79993e-06 -7.38204e-23
-0.00014111 1.81778e-06 -7.45524e-23
-0.000141135 1.83282e-06 -7.51691e-23
-0.00014116 1.84364e-06 -7.56128e-23
-0.000141183 1.84883e-06 -7.5826e-23
-0.000141205 1.84723e-06 -7.57601e-23
-0.000141225 1.83808e-06 -7.53848e-23
-0.000141244 1.8209e-06 -7.46802e-23
-0.000141261 1.79524e-06 -7.36278e-23
-0.000141277 1.76095e-06 -7.22217e-23
-0.000141291 1.71846e-06 -7.04792e-23
-0.000141303 1.66852e-06 -6.8431e-23
-0.000141314 1.61192e-06 -6.61093e-23
-0.000141323 1.54965e-06 -6.35555e-23
-0.000141332 1.48313e-06 -6.08275e-23
-0.000141339 1.414e-06 -5.79921e-23
-0.000141346 1.34389e-06 -5.51167e-23
-0.000141351 1.27431e-06 -5.22632e-23
-0.000141356 1.20649e-06 -4.94818e-23
-0.000141361 1.1415e-06 -4.68161e-23
-0.000141366 1.08038e-06 -4.43095e-23
-0.00014137 1.024e-06 -4.19972e-23
-0.000141374 9.72855e-07 -3.98996e-23
-0.000141377 9.27232e-07 -3.80285e-23
-0.000141381 8.87406e-07 -3.63951e-23
-0.000141385 8.5364e-07 -3.50102e-23
-0.000141388 8.26201e-07 -3.38849e-23
-0.000141392 8.05347e-07 -3.30296e-23
-0.000141396 7.91319e-07 -3.24543e-23
-0.000141399 7.84339e-07 -3.2168e-23
-0.000141403 7.84597e-07 -3.21786e-23
-0.000141407 7.92261e-07 -3.24929e-23
-0.000141411 8.07474e-07 -3.31168e-23
-0.000141414 8.30218e-07 -3.40496e-23
-0.000141418 8.60168e-07 -3.5278e-23
-0.000141422 8.96829e-07 -3.67816e-23
-0.000141426 9.39682e-07 -3.85391e-23
-0.000141429 9.88169e-07 -4.05277e-23
-0.000141433 1.04168e-06 -4.27225e-23
-0.000141436 1.09958e-06 -4.50971e-23
-0.000141438 1.1612e-06 -4.76243e-23
-0.00014144 1.22597e-06 -5.02806e-23
-0.000141441 1.2935e-06 -5.30503e-23
-0.000141442 1.36352e-06 -5.59219e-23
-0.000141442 1.43571e-06 -5.88825e-23
-0.000141442 1.50979e-06 -6.1921e-23
-0.000141441 1.58561e-06 -6.50304e-23
-0.000141439 1.66302e-06 -6.82052e-23
-0.000141437 1.74185e-06 -7.14384e-23
-0.000141433 1.82176e-06 -7.47158e-23
-0.00014143 1.90208e-06 -7.80096e-23
-0.000141426 1.98193e-06 -8.12848e-23
-0.000141421 2.06046e-06 -8.45054e-23
-0.000141415 2.13666e-06 -8.76306e-23
-0.000141409 2.20934e-06 -9.06114e-23
-0.000141401 2.2772e-06 -9.33944e-23
-0.000141393 2.33896e-06 -9.59274e-23
-0.000141384 2.39352e-06 -9.81653e-23
-0.000141375 2.44013e-06 -1.00077e-22
-0.000141364 2.47821e-06 -1.01638e-22
-0.000141353 2.50725e-06 -1.0283e-22
-0.000141341 2.52701e-06 -1.0364e-22
-0.000141328 2.53766e-06 -1.04077e-22
-0.000141315 2.53962e-06 -1.04157e-22
-0.000141301 2.53339e-06 -1.03902e-22
-0.000141287 2.51962e-06 -1.03337e-22
-0.000141273 2.49917e-06 -1.02498e-22
-0.000141258 2.47305e-06 -1.01427e-22
-0.000141244 2.4423e-06 -1.00166e-22
-0.000141229 2.40786e-06 -9.87532e-23
-0.000141215 2.37035e-06 -9.72148e-23
-0.000141201 2.33027e-06 -9.55711e-23
-0.000141188 2.28814e-06 -9.3843e-23
-0.000141174 2.24451e-06 -9.20538e-23
-0.000141162 2.20002e-06 -9.02292e-23
-0.000141149 2.15534e-06 -8.83969e-23
-0.000141137 2.11114e-06 -8.65841e-23
-0.000141126 2.06804e-06 -8.48165e-23
-0.000141115 2.02655e-06 -8.31149e-23
-0.000141105 1.98712e-06 -8.14976e-23
-0.000141096 1.95017e-06 -7.99821e-23
-0.000141087 1.91613e-06 -7.8586e-23
-0.000141078 1.88546e-06 -7.7328e-23
-0.000141071 1.85859e-06 -7.62263e-23
-0.000141063 1.83595e-06 -7.52976e-23
-0.000141057 1.81774e-06 -7.45509e-23
-0.000141051 1.80384e-06 -7.39807e-23
-0.000141046 1.79391e-06 -7.35734e-23
-0.000141041 1.78758e-06 -7.33137e-23
-0.000141037 1.78448e-06 -7.31869e-23
-0.000141033 1.78436e-06 -7.31816e-23
-0.000141029 1.78693e-06 -7.32873e-23
-0.000141026 1.79193e-06 -7.34922e-23
-0.000141023 1.79894e-06 -7.37799e-23
-0.00014102 1.80738e-06 -7.4126e-23
-0.000141018 1.81654e-06 -7.45017e-23
-0.000141015 1.8257e-06 -7.48773e-23
-0.000141013 1.83406e-06 -7.52201e-23
-0.00014101 1.84067e-06 -7.54912e-23
-0.000141007 1.84451e-06 -7.56485e-23
-0.000141003 1.84456e-06 -7.56509e-23
-0.000141 1.84013e-06 -7.5469e-23
-0.000140995 1.83107e-06 -7.50976e-23
-0.00014099 1.81758e-06 -7.45441e-23
-0.000140985 1.79985e-06 -7.38169e-23
-0.000140979 1.77818e-06 -7.29284e-23
-0.000140973 1.75306e-06 -7.18979e-23
-0.000140966 1.72504e-06 -7.07487e-23
-0.000140959 1.6947e-06 -6.95044e-23
-0.000140951 1.66267e-06 -6.81907e-23
-0.000140944 1.62968e-06 -6.68381e-23
-0.000140936 1.59654e-06 -6.54789e-23
-0.000140928 1.56402e-06 -6.4145e-23
-0.00014092 1.53257e-06 -6.28549e-23
-0.000140911 1.502e-06 -6.16013e-23
-0.000140903 1.4718e-06 -6.03627e-23
-0.000140895 1.44144e-06 -5.91178e-23
-0.000140886 1.41038e-06 -5.78436e-23
-0.000140878 1.37796e-06 -5.65142e-23
-0.000140869 1.34354e-06 -5.51025e-23
-0.000140859 1.30649e-06 -5.35829e-23
-0.00014085 1.2664e-06 -5.19386e-23
-0.00014084 1.22327e-06 -5.01698e-23
-0.00014083 1.17734e-06 -4.82859e-23
-0.000140819 1.12888e-06 -4.62987e-23
-0.000140808 1.07827e-06 -4.42232e-23
-0.000140797 1.02602e-06 -4.20802e-23
-0.000140786 9.72721e-07 -3.98941e-23
-0.000140774 9.18993e-07 -3.76905e-23
-0.000140762 8.65515e-07 -3.54973e-23
-0.000140751 8.13038e-07 -3.3345e-23
-0.000140739 7.62352e-07 -3.12663e-23
-0.000140727 7.14251e-07 -2.92935e-23
-0.000140715 6.69575e-07 -2.74612e-23
-0.000140703 6.29257e-07 -2.58076e-23
-0.000140692 5.94259e-07 -2.43723e-23
-0.00014068 5.65512e-07 -2.31933e-23
-0.000140669 5.43906e-07 -2.23072e-23
-0.000140658 5.30292e-07 -2.17488e-23
-0.000140648 5.25465e-07 -2.15509e-23
-0.000140638 5.30151e-07 -2.1743e-23
-0.000140628 5.44782e-07 -2.23431e-23
-0.000140619 5.69263e-07 -2.33471e-23
-0.000140611 6.0319e-07 -2.47386e-23
-0.000140604 6.46089e-07 -2.6498e-23
-0.000140596 6.97011e-07 -2.85864e-23
-0.00014059 7.541e-07 -3.09278e-23
-0.000140583 8.1503e-07 -3.34267e-23
-0.000140577 8.77466e-07 -3.59874e-23
-0.000140571 9.39078e-07 -3.85143e-23
-0.000140564 9.97549e-07 -4.09124e-23
-0.000140557 1.0506e-06 -4.30883e-23
-0.000140549 1.09605e-06 -4.49521e-23
-0.000140541 1.13196e-06 -4.64251e-23
-0.000140531 1.15694e-06 -4.74494e-23
-0.00014052 1.16988e-06 -4.79801e-23
-0.000140508 1.1698e-06 -4.79768e-23
-0.000140494 1.15636e-06 -4.74256e-23
-0.000140479 1.13038e-06 -4.63602e-23
-0.000140463 1.09334e-06 -4.48409e-23
-0.000140445 1.04677e-06 -4.29311e-23
-0.000140426 9.92483e-07 -4.07046e-23
-0.000140406 9.32719e-07 -3.82535e-23
-0.000140385 8.69949e-07 -3.56791e-23
-0.000140363 8.0661e-07 -3.30814e-23
-0.000140341 7.44949e-07 -3.05525e-23
-0.000140318 6.8686e-07 -2.81701e-23
-0.000140294 6.33995e-07 -2.6002e-23
-0.000140271 5.87896e-07 -2.41113e-23
-0.000140247 5.49806e-07 -2.25491e-23
-0.000140223 5.20489e-07 -2.13468e-23
-0.000140199 5.00391e-07 -2.05225e-23
-0.000140176 4.89822e-07 -2.0089e-23
-0.000140153 4.88673e-07 -2.00419e-23
-0.00014013 4.96122e-07 -2.03474e-23
-0.000140107 5.10932e-07 -2.09548e-23
-0.000140085 5.31785e-07 -2.181e-23
-0.000140064 5.57432e-07 -2.28619e-23
-0.000140042 5.86849e-07 -2.40684e-23
-0.000140022 6.1913e-07 -2.53923e-23
-0.000140001 6.53357e-07 -2.67961e-23
-0.000139982 6.88659e-07 -2.82439e-23
-0.000139963 7.24258e-07 -2.97039e-23
-0.000139946 7.59451e-07 -3.11473e-23
-0.000139929 7.93589e-07 -3.25474e-23
-0.000139913 8.25994e-07 -3.38764e-23
-0.000139898 8.55882e-07 -3.51022e-23
-0.000139884 8.82458e-07 -3.61922e-23
-0.000139871 9.05018e-07 -3.71174e-23
-0.000139859 9.23352e-07 -3.78693e-23
-0.000139848 9.38152e-07 -3.84763e-23
-0.000139839 9.50618e-07 -3.89876e-23
-0.00013983 9.62017e-07 -3.94551e-23
-0.000139823 9.73673e-07 -3.99332e-23
-0.000139818 9.86962e-07 -4.04782e-23
-0.000139814 1.00328e-06 -4.11475e-23
-0.000139811 1.02403e-06 -4.19986e-23
-0.000139811 1.05022e-06 -4.30725e-23
-0.000139812 1.08203e-06 -4.43771e-23
-0.000139815 1.11922e-06 -4.59024e-23
-0.000139819 1.16151e-06 -4.76368e-23
-0.000139825 1.20813e-06 -4.9549e-23
-0.000139832 1.25738e-06 -5.15689e-23
-0.00013984 1.30705e-06 -5.3606e-23
-0.000139849 1.35494e-06 -5.55699e-23
-0.000139859 1.39891e-06 -5.73735e-23
-0.000139869 1.43699e-06 -5.89351e-23
-0.000139879 1.46729e-06 -6.01778e-23
-0.000139888 1.48799e-06 -6.10269e-23
-0.000139898 1.4978e-06 -6.14289e-23
-0.000139907 1.49636e-06 -6.13699e-23
-0.000139916 1.48388e-06 -6.08583e-23
-0.000139924 1.46065e-06 -5.99053e-23
-0.000139932 1.42739e-06 -5.85414e-23
-0.000139939 1.38573e-06 -5.68328e-23
-0.000139946 1.33774e-06 -5.48646e-23
-0.000139954 1.28551e-06 -5.27227e-23
-0.000139961 1.23091e-06 -5.04832e-23
-0.000139969 1.1753e-06 -4.82025e-23
-0.000139977 1.11979e-06 -4.59259e-23
-0.000139985 1.06544e-06 -4.36969e-23
-0.000139993 1.01307e-06 -4.1549e-23
-0.000140002 9.63017e-07 -3.94961e-23
-0.000140012 9.15358e-07 -3.75415e-23
-0.000140022 8.70126e-07 -3.56864e-23
-0.000140032 8.27034e-07 -3.39191e-23
-0.000140043 7.85194e-07 -3.22031e-23
-0.000140053 7.43398e-07 -3.04889e-23
-0.000140064 7.00439e-07 -2.8727e-23
-0.000140075 6.5523e-07 -2.68729e-23
-0.000140085 6.06923e-07 -2.48917e-23
-0.000140095 5.54821e-07 -2.27548e-23
-0.000140105 4.98264e-07 -2.04353e-23
-0.000140113 4.36807e-07 -1.79147e-23
-0.000140122 3.70393e-07 -1.51909e-23
-0.000140129 2.99192e-07 -1.22707e-23
-0.000140136 2.23414e-07 -9.16287e-24
-0.000140141 1.43301e-07 -5.87717e-24
-0.000140146 5.90986e-08 -2.4238e-24
-0.000140149 -2.89291e-08 1.18646e-24
-0.000140151 -1.20498e-07 4.94199e-24
-0.000140152 -2.15299e-07 8.83005e-24
-0.00014015 -3.12989e-07 1.28366e-23
-0.000140148 -4.13214e-07 1.69471e-23
-0.000140143 -5.15632e-07 2.11476e-23
-0.000140136 -6.19779e-07 2.54189e-23
-0.000140127 -7.24925e-07 2.97313e-23
-0.000140116 -8.30233e-07 3.40503e-23
-0.000140103 -9.34918e-07 3.83437e-23
-0.000140087 -1.03816e-06 4.25779e-23
-0.000140069 -1.13899e-06 4.67132e-23
-0.000140048 -1.23642e-06 5.07092e-23
-0.000140025 -1.32956e-06 5.45292e-23
-0.00014 -1.41751e-06 5.81364e-23
-0.000139973 -1.49924e-06 6.14882e-23
-0.000139944 -1.57371e-06 6.45423e-23
-0.000139912 -1.64e-06 6.72611e-23
-0.000139879 -1.69742e-06 6.96161e-23
-0.000139844 -1.7456e-06 7.15919e-23
-0.000139807 -1.78436e-06 7.31818e-23
-0.000139769 -1.81367e-06 7.43838e-23
-0.000139729 -1.83387e-06 7.52122e-23
-0.000139688 -1.846e-06 7.57099e-23
-0.000139646 -1.85283e-06 7.59897e-23
-0.000139601 -1.85478e-06 7.60701e-23
-0.000139556 -1.85274e-06 7.59864e-23
-0.00013951 -1.84879e-06 7.58244e-23
-0.000139462 -1.84418e-06 7.56353e-23
-0.000139413 -1.8407e-06 7.54926e-23
-0.000139364 -1.83967e-06 7.54501e-23
-0.000139313 -1.84267e-06 7.55731e-23
-0.000139261 -1.851e-06 7.59147e-23
-0.000139208 -1.86595e-06 7.65282e-23
-0.000139154 -1.88806e-06 7.74348e-23
-0.000139098 -1.91668e-06 7.86087e-23
-0.000139042 -1.95043e-06 7.99928e-23
-0.000138986 -1.98783e-06 8.15266e-23
-0.000138929 -2.02708e-06 8.31364e-23
-0.000138871 -2.06596e-06 8.47311e-23
-0.000138814 -2.10199e-06 8.62087e-23
-0.000138757 -2.13265e-06 8.74661e-23
-0.0001387 -2.15577e-06 8.84144e-23
-0.000138644 -2.16994e-06 8.89955e-23
-0.000138588 -2.17415e-06 8.9168e-23
-0.000138533 -2.16744e-06 8.88928e-23
-0.000138479 -2.14921e-06 8.81452e-23
-0.000138426 -2.11956e-06 8.69294e-23
-0.000138373 -2.07899e-06 8.52654e-23
-0.000138322 -2.02805e-06 8.31762e-23
-0.000138271 -1.96724e-06 8.06824e-23
-0.00013822 -1.89687e-06 7.77961e-23
-0.000138171 -1.81716e-06 7.45268e-23
-0.000138123 -1.7284e-06 7.08868e-23
-0.000138076 -1.63061e-06 6.68759e-23
-0.00013803 -1.52308e-06 6.2466e-23
-0.000137986 -1.40483e-06 5.76161e-23
-0.000137944 -1.27493e-06 5.22886e-23
-0.000137904 -1.13291e-06 4.64638e-23
-0.000137866 -9.79058e-07 4.0154e-23
-0.000137832 -8.14118e-07 3.33893e-23
-0.000137799 -6.40531e-07 2.627e-23
-0.000137769 -4.5856e-07 1.88069e-23
-0.000137742 -2.69547e-07 1.10549e-23
-0.000137718 -7.67898e-08 3.14937e-24
-0.000137698 1.17459e-07 -4.81734e-24
-0.00013768 3.10518e-07 -1.27353e-23
-0.000137665 5.00649e-07 -2.0533e-23
-0.000137654 6.86113e-07 -2.81395e-23
-0.000137645 8.65478e-07 -3.54957e-23
-0.00013764 1.03758e-06 -4.2554e-23
-0.000137638 1.20207e-06 -4.93004e-23
-0.00013764 1.35899e-06 -5.57361e-23
-0.000137645 1.50851e-06 -6.18685e-23
-0.000137654 1.65113e-06 -6.77178e-23
-0.000137667 1.78792e-06 -7.33276e-23
-0.000137684 1.92023e-06 -7.87543e-23
-0.000137706 2.04953e-06 -8.4057e-23
-0.000137731 2.17682e-06 -8.92777e-23
-0.000137762 2.30226e-06 -9.44222e-23
-0.000137796 2.42551e-06 -9.94773e-23
-0.000137835 2.54629e-06 -1.04431e-22
-0.000137879 2.6641e-06 -1.09262e-22
-0.000137926 2.77813e-06 -1.13939e-22
-0.000137977 2.88735e-06 -1.18419e-22
-0.000138033 2.99078e-06 -1.22661e-22
-0.000138092 3.08773e-06 -1.26637e-22
-0.000138155 3.17816e-06 -1.30346e-22
-0.000138221 3.26237e-06 -1.33799e-22
-0.000138291 3.34062e-06 -1.37009e-22
-0.000138365 3.41337e-06 -1.39992e-22
-0.000138443 3.48139e-06 -1.42782e-22
-0.000138524 3.54558e-06 -1.45414e-22
-0.000138609 3.60683e-06 -1.47927e-22
-0.000138698 3.66626e-06 -1.50364e-22
-0.000138791 3.72545e-06 -1.52792e-22
-0.000138888 3.78625e-06 -1.55285e-22
-0.00013899 3.85038e-06 -1.57915e-22
-0.000139096 3.9192e-06 -1.60738e-22
-0.000139207 3.99332e-06 -1.63777e-22
-0.000139322 4.07298e-06 -1.67045e-22
-0.000139443 4.15838e-06 -1.70547e-22
-0.000139568 4.24898e-06 -1.74263e-22
-0.000139698 4.343e-06 -1.78119e-22
-0.000139833 4.43799e-06 -1.82015e-22
-0.000139972 4.53152e-06 -1.85851e-22
-0.000140115 4.62101e-06 -1.89521e-22
-0.000140262 4.70359e-06 -1.92908e-22
-0.000140412 4.77633e-06 -1.95891e-22
-0.000140566 4.83642e-06 -1.98356e-22
-0.000140722 4.8817e-06 -2.00213e-22
-0.000140881 4.91118e-06 -2.01422e-22
-0.000141042 4.92457e-06 -2.01971e-22
-0.000141206 4.92178e-06 -2.01856e-22
-0.000141371 4.90337e-06 -2.01102e-22
-0.000141538 4.87107e-06 -1.99777e-22
-0.000141708 4.82724e-06 -1.97979e-22
-0.000141878 4.77438e-06 -1.95811e-22
-0.000142051 4.71493e-06 -1.93373e-22
-0.000142225 4.65108e-06 -1.90754e-22
-0.0001424 4.5849e-06 -1.8804e-22
-0.000142576 4.51847e-06 -1.85315e-22
-0.000142754 4.45333e-06 -1.82644e-22
-0.000142932 4.38996e-06 -1.80045e-22
-0.00014311 4.32825e-06 -1.77514e-22
-0.000143288 4.26803e-06 -1.75044e-22
-0.000143465 4.20898e-06 -1.72623e-22
-0.000143641 4.15048e-06 -1.70223e-22
-0.000143816 4.0917e-06 -1.67813e-22
-0.000143989 4.03176e-06 -1.65354e-22
-0.000144159 3.97017e-06 -1.62828e-22
-0.000144327 3.90725e-06 -1.60248e-22
-0.000144493 3.84371e-06 -1.57642e-22
-0.000144656 3.7802e-06 -1.55037e-22
-0.000144815 3.71744e-06 -1.52463e-22
-0.000144972 3.65626e-06 -1.49954e-22
-0.000145125 3.59755e-06 -1.47546e-22
-0.000145275 3.54213e-06 -1.45273e-22
-0.000145421 3.49065e-06 -1.43162e-22
-0.000145564 3.44357e-06 -1.41231e-22
-0.000145703 3.4012e-06 -1.39493e-22
-0.000145838 3.36377e-06 -1.37958e-22
-0.00014597 3.33132e-06 -1.36627e-22
-0.000146098 3.3036e-06 -1.3549e-22
-0.000146221 3.28014e-06 -1.34528e-22
-0.000146341 3.26047e-06 -1.33721e-22
-0.000146456 3.24414e-06 -1.33051e-22
-0.000146566 3.23078e-06 -1.32503e-22
-0.000146673 3.22007e-06 -1.32065e-22
-0.000146774 3.21173e-06 -1.31722e-22
-0.000146871 3.20572e-06 -1.31476e-22
-0.000146963 3.20263e-06 -1.31349e-22
-0.000147051 3.20332e-06 -1.31378e-22
-0.000147133 3.20869e-06 -1.31598e-22
-0.000147211 3.21978e-06 -1.32053e-22
-0.000147285 3.23801e-06 -1.328e-22
-0.000147354 3.26492e-06 -1.33904e-22
-0.000147419 3.30205e-06 -1.35427e-22
-0.000147479 3.3502e-06 -1.37401e-22
-0.000147535 3.40878e-06 -1.39804e-22
-0.000147586 3.47645e-06 -1.42579e-22
-0.000147633 3.55183e-06 -1.45671e-22
-0.000147674 3.63283e-06 -1.48993e-22
-0.00014771 3.71601e-06 -1.52404e-22
-0.000147741 3.79722e-06 -1.55735e-22
-0.000147765 3.87239e-06 -1.58818e-22
-0.000147782 3.9375e-06 -1.61488e-22
-0.000147792 3.98864e-06 -1.63585e-22
-0.000147794 4.02199e-06 -1.64953e-22
-0.000147788 4.03394e-06 -1.65444e-22
-0.000147773 4.02125e-06 -1.64923e-22
-0.000147749 3.98134e-06 -1.63286e-22
-0.000147715 3.91203e-06 -1.60444e-22
-0.000147671 3.81139e-06 -1.56316e-22
-0.000147616 3.67833e-06 -1.50859e-22
-0.000147551 3.5133e-06 -1.44091e-22
-0.000147475 3.31761e-06 -1.36065e-22
-0.000147388 3.09274e-06 -1.26842e-22
-0.00014729 2.84085e-06 -1.16511e-22
-0.00014718 2.56543e-06 -1.05216e-22
-0.00014706 2.27064e-06 -9.31255e-23
-0.000146928 1.96061e-06 -8.04103e-23
-0.000146786 1.63962e-06 -6.72456e-23
-0.000146633 1.31229e-06 -5.38209e-23
-0.00014647 9.83327e-07 -4.03291e-23
-0.000146297 6.57207e-07 -2.69539e-23
-0.000146115 3.38014e-07 -1.38629e-23
-0.000145923 2.92689e-08 -1.2004e-24
-0.000145723 -2.65988e-07 1.0909e-23
-0.000145514 -5.4504e-07 2.23537e-23
-0.000145297 -8.0581e-07 3.30486e-23
-0.000145073 -1.04738e-06 4.2956e-23
-0.000144841 -1.26926e-06 5.2056e-23
-0.000144602 -1.47118e-06 6.03374e-23
-0.000144356 -1.65358e-06 6.78181e-23
-0.000144105 -1.81742e-06 7.45376e-23
-0.000143847 -1.96413e-06 8.05547e-23
-0.000143584 -2.09533e-06 8.59354e-23
-0.000143315 -2.21266e-06 9.07474e-23
-0.000143042 -2.31771e-06 9.50559e-23
-0.000142764 -2.41196e-06 9.89214e-23
-0.000142481 -2.49701e-06 1.0241e-22
-0.000142195 -2.57418e-06 1.05574e-22
-0.000141905 -2.64408e-06 1.08442e-22
-0.000141613 -2.70703e-06 1.11023e-22
-0.000141318 -2.76323e-06 1.13328e-22
-0.000141019 -2.81685e-06 1.15527e-22
-0.000140717 -2.86419e-06 1.17469e-22
-0.000140415 -2.90237e-06 1.19035e-22
-0.000140112 -2.9321e-06 1.20254e-22
-0.000139808 -2.95131e-06 1.21042e-22
-0.000139505 -2.95978e-06 1.21389e-22
-0.000139202 -2.95586e-06 1.21228e-22
-0.0001389 -2.93886e-06 1.20531e-22
-0.0001386 -2.90756e-06 1.19247e-22
-0.000138301 -2.86157e-06 1.17361e-22
-0.000138004 -2.80033e-06 1.1485e-22
-0.000137707 -2.72259e-06 1.11661e-22
-0.000137411 -2.62909e-06 1.07827e-22
-0.000137119 -2.52084e-06 1.03387e-22
-0.00013683 -2.3984e-06 9.83654e-23
-0.000136545 -2.26306e-06 9.28147e-23
-0.000136264 -2.11582e-06 8.67759e-23
-0.000135987 -1.95871e-06 8.03323e-23
-0.000135714 -1.79366e-06 7.3563e-23
-0.000135446 -1.62289e-06 6.65593e-23
-0.000135183 -1.44849e-06 5.94068e-23
-0.000134926 -1.27297e-06 5.2208e-23
-0.000134671 -1.09886e-06 4.50676e-23
-0.000134421 -9.28482e-07 3.80797e-23
-0.000134178 -7.63902e-07 3.13298e-23
-0.00013394 -6.06896e-07 2.48905e-23
-0.00013371 -4.58819e-07 1.88175e-23
-0.000133486 -3.20969e-07 1.31639e-23
-0.00013327 -1.94147e-07 7.96251e-24
-0.000133062 -7.86362e-08 3.2251e-24
-0.000132861 2.58278e-08 -1.05927e-24
-0.000132668 1.19542e-07 -4.90277e-24
-0.000132484 2.03193e-07 -8.33351e-24
-0.00013231 2.77857e-07 -1.13957e-23
-0.000132146 3.44934e-07 -1.41467e-23
-0.000131992 4.05965e-07 -1.66498e-23
-0.000131849 4.62225e-07 -1.89572e-23
-0.000131717 5.14244e-07 -2.10906e-23
-0.000131597 5.62228e-07 -2.30586e-23
-0.000131488 6.06513e-07 -2.48748e-23
-0.000131391 6.47008e-07 -2.65357e-23
-0.000131305 6.82637e-07 -2.79969e-23
-0.00013123 7.11867e-07 -2.91957e-23
-0.000131167 7.33291e-07 -3.00744e-23
-0.000131115 7.45595e-07 -3.0579e-23
-0.000131073 7.4752e-07 -3.06579e-23
-0.000131042 7.37889e-07 -3.0263e-23
-0.000131021 7.15644e-07 -2.93506e-23
-0.000131009 6.80153e-07 -2.7895e-23
-0.000131008 6.31539e-07 -2.59013e-23
-0.000131015 5.70338e-07 -2.33912e-23
-0.000131031 4.97125e-07 -2.03885e-23
-0.000131057 4.12819e-07 -1.69309e-23
-0.00013109 3.18997e-07 -1.3083e-23
-0.000131132 2.1753e-07 -8.92151e-24
-0.000131182 1.10207e-07 -4.51989e-24
-0.000131239 -9.77897e-10 4.01064e-26
-0.000131305 -1.13514e-07 4.65553e-24
-0.000131377 -2.24737e-07 9.21713e-24
-0.000131458 -3.32209e-07 1.36248e-23
-0.000131546 -4.33479e-07 1.77782e-23
-0.000131641 -5.25834e-07 2.1566e-23
-0.000131744 -6.06587e-07 2.48779e-23
-0.000131854 -6.73386e-07 2.76175e-23
-0.000131972 -7.24559e-07 2.97163e-23
-0.000132098 -7.59477e-07 3.11484e-23
-0.000132231 -7.78206e-07 3.19165e-23
-0.000132372 -7.81131e-07 3.20364e-23
-0.000132521 -7.69586e-07 3.15629e-23
-0.000132677 -7.46491e-07 3.06157e-23
-0.000132839 -7.15661e-07 2.93513e-23
-0.000133009 -6.81052e-07 2.79319e-23
-0.000133185 -6.4694e-07 2.65329e-23
-0.000133366 -6.18109e-07 2.53504e-23
-0.000133554 -5.99545e-07 2.45891e-23
-0.000133746 -5.96106e-07 2.4448e-23
-0.000133943 -6.12487e-07 2.51199e-23
-0.000134145 -6.53185e-07 2.6789e-23
-0.000134348 -7.2235e-07 2.96257e-23
-0.000134553 -8.23891e-07 3.37901e-23
-0.000134762 -9.61072e-07 3.94163e-23
-0.000134972 -1.13629e-06 4.66024e-23
-0.00013518 -1.35143e-06 5.54261e-23
-0.000135388 -1.60758e-06 6.59316e-23
-0.000135596 -1.90543e-06 7.81473e-23
-0.000135803 -2.24511e-06 9.20782e-23
-0.000136008 -2.62612e-06 1.07705e-22
-0.00013621 -3.04762e-06 1.24992e-22
-0.00013641 -3.50804e-06 1.43875e-22
-0.000136605 -4.00512e-06 1.64261e-22
-0.000136796 -4.53595e-06 1.86032e-22
-0.00013698 -5.09739e-06 2.09059e-22
-0.000137159 -5.68567e-06 2.33186e-22
-0.00013733 -6.29617e-06 2.58224e-22
-0.000137492 -6.92319e-06 2.8394e-22
-0.000137645 -7.562e-06 3.10139e-22
-0.00013779 -8.20743e-06 3.3661e-22
-0.000137925 -8.85342e-06 3.63104e-22
-0.000138051 -9.49413e-06 3.89382e-22
-0.000138166 -1.01237e-05 4.15202e-22
-0.000138272 -1.07364e-05 4.40332e-22
-0.000138368 -1.13264e-05 4.6453e-22
-0.000138453 -1.1888e-05 4.8756e-22
-0.000138528 -1.24157e-05 5.09204e-22
-0.000138593 -1.29051e-05 5.29274e-22
-0.000138648 -1.33525e-05 5.47623e-22
-0.000138692 -1.37551e-05 5.64137e-22
-0.000138727 -1.41107e-05 5.78721e-22
-0.000138752 -1.44179e-05 5.9132e-22
-0.000138767 -1.46767e-05 6.01934e-22
-0.000138772 -1.48879e-05 6.10597e-22
-0.000138768 -1.50529e-05 6.17361e-22
-0.000138755 -1.51734e-05 6.22304e-22
-0.000138732 -1.52521e-05 6.25532e-22
-0.0001387 -1.52922e-05 6.27175e-22
-0.000138659 -1.52969e-05 6.2737e-22
-0.000138609 -1.52694e-05 6.26241e-22
-0.00013855 -1.52119e-05 6.23886e-22
-0.000138483 -1.51266e-05 6.20387e-22
-0.000138407 -1.50154e-05 6.15827e-22
-0.000138323 -1.48803e-05 6.10284e-22
-0.000138231 -1.4723e-05 6.03833e-22
-0.000138131 -1.45453e-05 5.96544e-22
-0.000138024 -1.43487e-05 5.88483e-22
-0.000137909 -1.41346e-05 5.79702e-22
-0.000137786 -1.39038e-05 5.70234e-22
-0.000137656 -1.36566e-05 5.60097e-22
-0.00013752 -1.33936e-05 5.49309e-22
-0.000137376 -1.3115e-05 5.37882e-22
-0.000137223 -1.28206e-05 5.25808e-22
-0.000137063 -1.25114e-05 5.13127e-22
-0.000136897 -1.21881e-05 4.99868e-22
-0.000136724 -1.18509e-05 4.86039e-22
-0.000136545 -1.15005e-05 4.71667e-22
-0.00013636 -1.11371e-05 4.56766e-22
-0.000136169 -1.07616e-05 4.41365e-22
-0.000135972 -1.03744e-05 4.25486e-22
-0.00013577 -9.97648e-06 4.09164e-22
-0.000135563 -9.56857e-06 3.92435e-22
-0.000135351 -9.15177e-06 3.75341e-22
-0.000135134 -8.72728e-06 3.57931e-22
-0.000134914 -8.29661e-06 3.40268e-22
-0.00013469 -7.86144e-06 3.2242e-22
-0.000134463 -7.42357e-06 3.04462e-22
-0.000134233 -6.98451e-06 2.86455e-22
-0.000134002 -6.54508e-06 2.68433e-22
-0.00013377 -6.10574e-06 2.50414e-22
-0.000133534 -5.66722e-06 2.32429e-22
-0.000133298 -5.22967e-06 2.14484e-22
-0.000133064 -4.79296e-06 1.96573e-22
-0.000132833 -4.35675e-06 1.78683e-22
-0.000132606 -3.92065e-06 1.60797e-22
-0.000132384 -3.48424e-06 1.42899e-22
-0.000132166 -3.04665e-06 1.24952e-22
-0.000131954 -2.60714e-06 1.06926e-22
-0.000131751 -2.16475e-06 8.87829e-23
-0.000131557 -1.71907e-06 7.05041e-23
-0.000131374 -1.27061e-06 5.21112e-23
-0.000131202 -8.20361e-07 3.36454e-23
-0.000131042 -3.69191e-07 1.51416e-23
-0.000130894 8.18874e-08 -3.35844e-24
-0.000130761 5.31411e-07 -2.17947e-23
-0.000130641 9.77795e-07 -4.01022e-23
-0.000130536 1.41966e-06 -5.82244e-23
-0.000130447 1.85608e-06 -7.61233e-23
-0.000130372 2.28681e-06 -9.37885e-23
-0.000130315 2.71204e-06 -1.11229e-22
-0.000130273 3.13221e-06 -1.28461e-22
-0.000130246 3.54233e-06 -1.45281e-22
-0.000130235 3.94705e-06 -1.6188e-22
-0.000130242 4.35055e-06 -1.78429e-22
-0.000130267 4.75185e-06 -1.94887e-22
-0.00013031 5.15343e-06 -2.11357e-22
-0.000130371 5.55488e-06 -2.27822e-22
-0.00013045 5.95712e-06 -2.44319e-22
-0.000130547 6.36002e-06 -2.60843e-22
-0.000130662 6.76359e-06 -2.77395e-22
-0.000130795 7.16624e-06 -2.93908e-22
-0.000130945 7.56608e-06 -3.10307e-22
-0.000131112 7.96069e-06 -3.26491e-22
-0.000131296 8.34796e-06 -3.42374e-22
-0.000131497 8.72539e-06 -3.57853e-22
-0.000131713 9.08999e-06 -3.72807e-22
-0.000131945 9.4389e-06 -3.87117e-22
-0.000132193 9.76906e-06 -4.00657e-22
-0.000132454 1.00772e-05 -4.13297e-22
-0.00013273 1.03602e-05 -4.249e-22
-0.00013302 1.06145e-05 -4.35333e-22
-0.000133323 1.08374e-05 -4.44472e-22
-0.000133638 1.10262e-05 -4.52217e-22
-0.000133966 1.1179e-05 -4.58482e-22
-0.000134305 1.12936e-05 -4.63184e-22
-0.000134656 1.13681e-05 -4.66239e-22
-0.000135018 1.14001e-05 -4.67551e-22
-0.000135389 1.13872e-05 -4.67024e-22
-0.000135771 1.13274e-05 -4.6457e-22
-0.000136161 1.1219e-05 -4.60124e-22
-0.000136557 1.10623e-05 -4.53695e-22
-0.000136959 1.08561e-05 -4.45241e-22
-0.000137369 1.06003e-05 -4.34749e-22
-0.000137785 1.0296e-05 -4.22267e-22
-0.000138207 9.94499e-06 -4.07873e-22
-0.000138634 9.55059e-06 -3.91697e-22
-0.000139066 9.11582e-06 -3.73866e-22
-0.000139503 8.64442e-06 -3.54532e-22
-0.000139937 8.14015e-06 -3.33851e-22
-0.000140372 7.60769e-06 -3.12013e-22
-0.000140811 7.05151e-06 -2.89203e-22
-0.000141251 6.47622e-06 -2.65608e-22
-0.000141693 5.88642e-06 -2.41419e-22
-0.000142136 5.28663e-06 -2.1682e-22
-0.000142579 4.68153e-06 -1.92003e-22
-0.000143022 4.07539e-06 -1.67144e-22
-0.000143464 3.4719e-06 -1.42393e-22
-0.000143903 2.87442e-06 -1.17888e-22
-0.00014434 2.28622e-06 -9.37646e-23
-0.000144774 1.71015e-06 -7.01381e-23
-0.000145203 1.14835e-06 -4.70971e-23
-0.000145627 6.02482e-07 -2.47095e-23
-0.000146045 7.40889e-08 -3.0386e-24
-0.000146456 -4.35523e-07 1.78621e-23
-0.00014686 -9.25259e-07 3.79475e-23
-0.000147255 -1.3942e-06 5.71803e-23
-0.000147641 -1.84177e-06 7.55363e-23
-0.000148016 -2.2673e-06 9.29884e-23
-0.000148381 -2.67007e-06 1.09507e-22
-0.000148734 -3.04962e-06 1.25074e-22
-0.000149075 -3.40562e-06 1.39674e-22
-0.000149402 -3.73779e-06 1.53297e-22
-0.000149717 -4.04574e-06 1.65928e-22
-0.000150017 -4.32914e-06 1.77551e-22
-0.000150302 -4.58781e-06 1.88159e-22
-0.000150572 -4.82147e-06 1.97742e-22
-0.000150826 -5.02943e-06 2.06271e-22
-0.000151064 -5.21086e-06 2.13712e-22
-0.000151286 -5.36513e-06 2.20039e-22
-0.000151491 -5.49188e-06 2.25238e-22
-0.000151679 -5.59117e-06 2.2931e-22
-0.00015185 -5.66335e-06 2.3227e-22
-0.000152004 -5.70892e-06 2.34139e-22
-0.00015214 -5.7286e-06 2.34946e-22
-0.000152258 -5.72341e-06 2.34734e-22
-0.000152359 -5.69459e-06 2.33551e-22
-0.000152441 -5.64343e-06 2.31453e-22
-0.000152505 -5.57157e-06 2.28506e-22
-0.000152551 -5.48117e-06 2.24799e-22
-0.000152579 -5.3747e-06 2.20432e-22
-0.000152587 -5.25461e-06 2.15507e-22
-0.000152578 -5.12326e-06 2.1012e-22
-0.000152549 -4.98293e-06 2.04364e-22
-0.000152502 -4.83577e-06 1.98329e-22
-0.000152437 -4.68382e-06 1.92097e-22
-0.000152353 -4.52888e-06 1.85743e-22
-0.00015225 -4.37241e-06 1.79325e-22
-0.000152129 -4.21555e-06 1.72892e-22
-0.00015199 -4.05934e-06 1.66485e-22
-0.000151832 -3.90444e-06 1.60132e-22
-0.000151657 -3.75087e-06 1.53834e-22
-0.000151465 -3.5983e-06 1.47577e-22
-0.000151255 -3.4463e-06 1.41343e-22
-0.000151029 -3.2942e-06 1.35105e-22
-0.000150786 -3.14106e-06 1.28824e-22
-0.000150527 -2.98575e-06 1.22454e-22
-0.000150252 -2.82713e-06 1.15949e-22
-0.000149963 -2.66405e-06 1.0926e-22
-0.000149659 -2.49539e-06 1.02343e-22
-0.000149341 -2.32011e-06 9.51542e-23
-0.00014901 -2.1372e-06 8.76527e-23
-0.000148665 -1.94594e-06 7.98088e-23
-0.000148308 -1.74574e-06 7.1598e-23
-0.000147939 -1.53618e-06 6.30032e-23
-0.000147559 -1.3171e-06 5.40181e-23
-0.000147169 -1.08865e-06 4.46488e-23
-0.000146768 -8.51588e-07 3.49261e-23
-0.000146358 -6.0702e-07 2.48956e-23
-0.000145939 -3.56219e-07 1.46096e-23
-0.000145511 -1.00626e-07 4.12695e-24
-0.000145076 1.58196e-07 -6.48808e-24
-0.000144633 4.18574e-07 -1.71669e-23
-0.000144183 6.78683e-07 -2.78347e-23
-0.000143728 9.36719e-07 -3.84176e-23
-0.000143267 1.19116e-06 -4.88529e-23
-0.000142802 1.44055e-06 -5.90812e-23
-0.000142332 1.68336e-06 -6.90394e-23
-0.000141859 1.91819e-06 -7.86705e-23
-0.000141383 2.14378e-06 -8.79224e-23
-0.000140905 2.35891e-06 -9.67457e-23
-0.000140426 2.56244e-06 -1.05093e-22
-0.000139944 2.75288e-06 -1.12904e-22
-0.000139462 2.92803e-06 -1.20087e-22
-0.000138976 3.08515e-06 -1.26531e-22
-0.00013849 3.22201e-06 -1.32144e-22
-0.000138006 3.33632e-06 -1.36832e-22
-0.000137523 3.42594e-06 -1.40508e-22
-0.000137042 3.48898e-06 -1.43093e-22
-0.000136564 3.52342e-06 -1.44506e-22
-0.000136088 3.52771e-06 -1.44681e-22
-0.000135612 3.50196e-06 -1.43626e-22
-0.000135138 3.44394e-06 -1.41246e-22
-0.000134669 3.35214e-06 -1.37481e-22
-0.000134204 3.22625e-06 -1.32318e-22
-0.000133743 3.06518e-06 -1.25712e-22
-0.000133287 2.86883e-06 -1.17659e-22
-0.000132836 2.63656e-06 -1.08133e-22
-0.00013239 2.36778e-06 -9.71095e-23
-0.00013195 2.0604e-06 -8.45028e-23
-0.00013151 1.70429e-06 -6.98977e-23
-0.000131074 1.30245e-06 -5.34174e-23
-0.000130643 8.56471e-07 -3.51264e-23
-0.000130216 3.61169e-07 -1.48126e-23
-0.000129793 -1.83648e-07 7.53195e-24
-0.000129373 -7.81383e-07 3.20468e-23
-0.000128957 -1.43258e-06 5.87544e-23
-0.000128544 -2.13914e-06 8.77323e-23
-0.000128133 -2.90126e-06 1.18989e-22
-0.000127724 -3.71977e-06 1.52559e-22
-0.000127316 -4.59478e-06 1.88445e-22
-0.00012691 -5.52717e-06 2.26685e-22
-0.000126504 -6.51745e-06 2.67299e-22
-0.000126097 -7.56603e-06 3.10305e-22
-0.00012569 -8.67277e-06 3.55695e-22
-0.000125281 -9.83723e-06 4.03453e-22
-0.000124869 -1.10585e-05 4.53541e-22
-0.000124454 -1.23355e-05 5.05913e-22
-0.000124035 -1.36662e-05 5.60488e-22
-0.000123611 -1.50475e-05 6.17142e-22
-0.000123182 -1.64758e-05 6.75719e-22
-0.000122746 -1.79469e-05 7.36055e-22
-0.000122304 -1.94559e-05 7.97944e-22
-0.000121856 -2.09957e-05 8.61096e-22
-0.0001214 -2.25582e-05 9.25177e-22
-0.000120936 -2.41353e-05 9.8986e-22
-0.000120465 -2.57188e-05 1.0548e-21
-0.000119987 -2.72996e-05 1.11963e-21
-0.000119501 -2.88685e-05 1.18398e-21
-0.000119007 -3.04166e-05 1.24747e-21
-0.000118506 -3.19352e-05 1.30976e-21
-0.000117998 -3.34148e-05 1.37044e-21
-0.000117484 -3.48458e-05 1.42913e-21
-0.000116963 -3.62196e-05 1.48547e-21
-0.000116436 -3.75288e-05 1.53917e-21
-0.000115903 -3.87689e-05 1.59002e-21
-0.000115365 -3.99366e-05 1.63792e-21
-0.000114822 -4.10297e-05 1.68274e-21
-0.000114274 -4.2047e-05 1.72447e-21
-0.00011372 -4.29899e-05 1.76314e-21
-0.000113161 -4.38607e-05 1.79885e-21
-0.000112597 -4.46626e-05 1.83174e-21
-0.000112027 -4.53988e-05 1.86194e-21
-0.000111452 -4.60729e-05 1.88958e-21
-0.000110873 -4.66886e-05 1.91484e-21
-0.000110288 -4.72499e-05 1.93786e-21
-0.000109698 -4.77606e-05 1.9588e-21
-0.000109104 -4.82239e-05 1.9778e-21
-0.000108505 -4.86429e-05 1.99498e-21
-0.000107903 -4.90205e-05 2.01047e-21
-0.000107296 -4.93589e-05 2.02435e-21
-0.000106686 -4.96588e-05 2.03665e-21
-0.000106074 -4.99198e-05 2.04735e-21
-0.000105459 -5.01416e-05 2.05645e-21
-0.000104843 -5.03231e-05 2.0639e-21
-0.000104227 -5.04622e-05 2.0696e-21
-0.00010361 -5.0556e-05 2.07345e-21
-0.000102995 -5.06016e-05 2.07532e-21
-0.000102381 -5.05966e-05 2.07511e-21
-0.000101771 -5.05391e-05 2.07275e-21
-0.000101164 -5.04279e-05 2.06819e-21
-0.000100561 -5.02617e-05 2.06138e-21
-9.99634e-05 -5.00395e-05 2.05227e-21
-9.9372e-05 -4.97611e-05 2.04085e-21
-9.87876e-05 -4.94264e-05 2.02712e-21
-9.82112e-05 -4.90355e-05 2.01109e-21
-9.76436e-05 -4.8589e-05 1.99277e-21
-9.7086e-05 -4.80879e-05 1.97222e-21
-9.65394e-05 -4.75336e-05 1.94949e-21
-9.60048e-05 -4.69277e-05 1.92464e-21
-9.54834e-05 -4.62718e-05 1.89774e-21
-9.49765e-05 -4.55675e-05 1.86885e-21
-9.44852e-05 -4.48166e-05 1.83806e-21
-9.4011e-05 -4.40209e-05 1.80543e-21
-9.35551e-05 -4.31823e-05 1.77103e-21
-9.31189e-05 -4.2302e-05 1.73493e-21
-9.2704e-05 -4.13816e-05 1.69718e-21
-9.23119e-05 -4.04222e-05 1.65783e-21
-9.1944e-05 -3.9425e-05 1.61693e-21
-9.1602e-05 -3.83906e-05 1.57451e-21
-9.12874e-05 -3.73192e-05 1.53057e-21
-9.10018e-05 -3.6211e-05 1.48512e-21
-9.07469e-05 -3.50666e-05 1.43818e-21
-9.05239e-05 -3.38875e-05 1.38982e-21
-9.03343e-05 -3.26753e-05 1.34011e-21
-9.01794e-05 -3.14318e-05 1.28911e-21
-9.00603e-05 -3.0159e-05 1.23691e-21
-8.99782e-05 -2.88597e-05 1.18362e-21
-8.99339e-05 -2.75372e-05 1.12938e-21
-8.99286e-05 -2.61946e-05 1.07432e-21
-8.99628e-05 -2.48359e-05 1.01859e-21
-9.0037e-05 -2.34671e-05 9.62455e-22
-9.01514e-05 -2.20954e-05 9.06197e-22
-9.03062e-05 -2.07276e-05 8.50097e-22
-9.05014e-05 -1.93708e-05 7.94452e-22
-9.07367e-05 -1.80338e-05 7.39617e-22
-9.10116e-05 -1.67256e-05 6.85966e-22
-9.13256e-05 -1.5455e-05 6.33854e-22
-9.1678e-05 -1.42309e-05 5.8365e-22
-9.20678e-05 -1.30634e-05 5.35768e-22
-9.24939e-05 -1.19628e-05 4.90631e-22
-9.29549e-05 -1.0939e-05 4.4864e-22
-9.34494e-05 -1.00012e-05 4.10177e-22
-9.3976e-05 -9.15837e-06 3.75611e-22
-9.45329e-05 -8.41907e-06 3.45291e-22
-9.51185e-05 -7.79117e-06 3.19538e-22
-9.57308e-05 -7.2814e-06 2.98631e-22
-9.63682e-05 -6.89489e-06 2.82779e-22
-9.70287e-05 -6.63565e-06 2.72147e-22
-9.77105e-05 -6.50714e-06 2.66876e-22
-9.84116e-05 -6.51141e-06 2.67052e-22
-9.91303e-05 -6.64827e-06 2.72665e-22
-9.98648e-05 -6.91618e-06 2.83652e-22
-0.000100613 -7.31327e-06 2.99938e-22
-0.000101374 -7.83641e-06 3.21394e-22
-0.000102145 -8.48023e-06 3.47799e-22
-0.000102926 -9.23818e-06 3.78885e-22
-0.000103715 -1.01037e-05 4.14383e-22
-0.00010451 -1.10701e-05 4.54016e-22
-0.000105309 -1.213e-05 4.97485e-22
-0.000106113 -1.3276e-05 5.44486e-22
-0.000106918 -1.4501e-05 5.94729e-22
-0.000107725 -1.57981e-05 6.47927e-22
-0.000108531 -1.71603e-05 7.03795e-22
-0.000109336 -1.85809e-05 7.62057e-22
-0.000110138 -2.00535e-05 8.22454e-22
-0.000110935 -2.15726e-05 8.84756e-22
-0.000111727 -2.31337e-05 9.48782e-22
-0.000112512 -2.47332e-05 1.01438e-21
-0.000113289 -2.63675e-05 1.08141e-21
-0.000114055 -2.80342e-05 1.14976e-21
-0.000114811 -2.97314e-05 1.21937e-21
-0.000115552 -3.14583e-05 1.2902e-21
-0.000116279 -3.32138e-05 1.36219e-21
-0.000116989 -3.49964e-05 1.4353e-21
-0.000117681 -3.68033e-05 1.50941e-21
-0.000118353 -3.86308e-05 1.58436e-21
-0.000119004 -4.04755e-05 1.66002e-21
-0.000119632 -4.23322e-05 1.73616e-21
-0.000120228 -4.4193e-05 1.81248e-21
-0.000120785 -4.60497e-05 1.88863e-21
-0.000121314 -4.78927e-05 1.96422e-21
-0.000121817 -4.97114e-05 2.03881e-21
-0.000122292 -5.14931e-05 2.11188e-21
-0.000122739 -5.32233e-05 2.18284e-21
-0.000123157 -5.48886e-05 2.25114e-21
-0.000123547 -5.64748e-05 2.31619e-21
-0.000123909 -5.79674e-05 2.37741e-21
-0.000124242 -5.93516e-05 2.43418e-21
-0.000124547 -6.06137e-05 2.48594e-21
-0.000124824 -6.17406e-05 2.53216e-21
-0.000125072 -6.27208e-05 2.57236e-21
-0.000125294 -6.35438e-05 2.60611e-21
-0.000125488 -6.42002e-05 2.63304e-21
-0.000125656 -6.46822e-05 2.6528e-21
-0.000125798 -6.4984e-05 2.66518e-21
-0.000125915 -6.51016e-05 2.67e-21
-0.000126008 -6.50317e-05 2.66714e-21
-0.000126077 -6.47734e-05 2.65654e-21
-0.000126124 -6.43286e-05 2.6383e-21
-0.000126149 -6.37012e-05 2.61257e-21
-0.000126154 -6.28958e-05 2.57954e-21
-0.000126139 -6.19185e-05 2.53946e-21
-0.000126106 -6.07778e-05 2.49267e-21
-0.000126055 -5.94833e-05 2.43958e-21
-0.000125988 -5.80451e-05 2.3806e-21
-0.000125907 -5.64736e-05 2.31615e-21
-0.000125812 -5.47803e-05 2.2467e-21
-0.000125705 -5.29767e-05 2.17273e-21
-0.000125588 -5.10742e-05 2.0947e-21
-0.000125461 -4.90834e-05 2.01305e-21
-0.000125326 -4.70137e-05 1.92817e-21
-0.000125185 -4.48738e-05 1.8404e-21
-0.00012504 -4.26712e-05 1.75007e-21
-0.000124893 -4.04127e-05 1.65744e-21
-0.000124744 -3.8104e-05 1.56276e-21
-0.000124596 -3.57495e-05 1.46619e-21
-0.000124451 -3.33528e-05 1.3679e-21
-0.000124308 -3.09165e-05 1.26797e-21
-0.000124172 -2.84418e-05 1.16648e-21
-0.000124044 -2.59291e-05 1.06343e-21
-0.000123925 -2.33782e-05 9.5881e-22
-0.000123817 -2.07885e-05 8.52595e-22
-0.000123708 -1.81598e-05 7.44784e-22
-0.000123608 -1.54905e-05 6.35311e-22
-0.000123529 -1.27796e-05 5.2413e-22
-0.000123464 -1.00263e-05 4.11209e-22
-0.000123411 -7.23014e-06 2.96529e-22
-0.000123378 -4.39206e-06 1.80131e-22
-0.000123369 -1.51263e-06 6.20372e-23
-0.000123384 1.40704e-06 -5.77069e-23
-0.000123427 4.36568e-06 -1.79049e-22
-0.000123475 7.31767e-06 -3.00119e-22
-0.000123546 1.02905e-05 -4.22042e-22
-0.000123652 1.33037e-05 -5.45621e-22
-0.000123789 1.63377e-05 -6.70057e-22
-0.000123966 1.94016e-05 -7.95714e-22
-0.00012418 2.24825e-05 -9.2207e-22
-0.000124435 2.5581e-05 -1.04915e-21
-0.000124734 2.86888e-05 -1.17661e-21
-0.000125078 3.18028e-05 -1.30432e-21
-0.00012547 3.49157e-05 -1.43199e-21
-0.000125912 3.80218e-05 -1.55938e-21
-0.000126406 4.11123e-05 -1.68613e-21
-0.000126953 4.41786e-05 -1.81189e-21
-0.000127556 4.72114e-05 -1.93627e-21
-0.000128216 5.02011e-05 -2.05889e-21
-0.000128934 5.31378e-05 -2.17933e-21
-0.000129705 5.60138e-05 -2.29729e-21
-0.000130535 5.88172e-05 -2.41226e-21
-0.000131429 6.15374e-05 -2.52383e-21
-0.000132385 6.41661e-05 -2.63164e-21
-0.000133405 6.66938e-05 -2.73531e-21
-0.000134489 6.91129e-05 -2.83452e-21
-0.000135637 7.14157e-05 -2.92896e-21
-0.00013685 7.3596e-05 -3.01838e-21
-0.000138127 7.56482e-05 -3.10255e-21
-0.000139468 7.75677e-05 -3.18127e-21
-0.000140874 7.93508e-05 -3.25441e-21
-0.000142343 8.09959e-05 -3.32188e-21
-0.000143874 8.25025e-05 -3.38366e-21
-0.000145469 8.38707e-05 -3.43978e-21
-0.000147124 8.51016e-05 -3.49026e-21
-0.000148839 8.61971e-05 -3.53519e-21
-0.000150614 8.71597e-05 -3.57467e-21
-0.000152446 8.79927e-05 -3.60883e-21
-0.000154334 8.86995e-05 -3.63782e-21
-0.000156277 8.92838e-05 -3.66179e-21
-0.000158273 8.97495e-05 -3.68089e-21
-0.00016032 9.01009e-05 -3.6953e-21
-0.000162417 9.03424e-05 -3.7052e-21
-0.000164561 9.04789e-05 -3.7108e-21
-0.000166751 9.05157e-05 -3.71231e-21
-0.000168984 9.0458e-05 -3.70994e-21
-0.000171238 9.03098e-05 -3.70387e-21
-0.000173524 9.0077e-05 -3.69432e-21
-0.000175841 8.97646e-05 -3.6815e-21
-0.000178185 8.93765e-05 -3.66559e-21
-0.000180565 8.89175e-05 -3.64676e-21
-0.000182972 8.83914e-05 -3.62518e-21
-0.000185408 8.78022e-05 -3.60102e-21
-0.000187868 8.71542e-05 -3.57444e-21
-0.000190352 8.64521e-05 -3.54565e-21
-0.000192855 8.57012e-05 -3.51485e-21
-0.000195377 8.49075e-05 -3.4823e-21
-0.000197915 8.40772e-05 -3.44825e-21
-0.000200466 8.32163e-05 -3.41294e-21
-0.000203028 8.23293e-05 -3.37656e-21
-0.000205598 8.14202e-05 -3.33928e-21
-0.000208173 8.04935e-05 -3.30127e-21
-0.00021075 7.95536e-05 -3.26272e-21
-0.000213326 7.86038e-05 -3.22377e-21
-0.000215898 7.76473e-05 -3.18454e-21
-0.000218463 7.66876e-05 -3.14518e-21
-0.000221016 7.57282e-05 -3.10583e-21
-0.000223555 7.47715e-05 -3.06659e-21
-0.000226076 7.38192e-05 -3.02754e-21
-0.000228574 7.28741e-05 -2.98878e-21
-0.000231047 7.19388e-05 -2.95042e-21
-0.000233489 7.10167e-05 -2.9126e-21
-0.000235897 7.01111e-05 -2.87546e-21
-0.000238268 6.92259e-05 -2.83915e-21
-0.000240596 6.83647e-05 -2.80383e-21
-0.000242879 6.75307e-05 -2.76963e-21
-0.000245112 6.67265e-05 -2.73665e-21
-0.000247291 6.59551e-05 -2.70501e-21
-0.000249412 6.52191e-05 -2.67482e-21
-0.000251471 6.45213e-05 -2.64621e-21
-0.000253465 6.38645e-05 -2.61927e-21
-0.000255389 6.32508e-05 -2.5941e-21
-0.000257241 6.26832e-05 -2.57082e-21
-0.000259017 6.21654e-05 -2.54958e-21
-0.000260713 6.17019e-05 -2.53057e-21
-0.000262328 6.12962e-05 -2.51393e-21
-0.000263859 6.09522e-05 -2.49983e-21
-0.000265303 6.06757e-05 -2.48849e-21
-0.000266659 6.04725e-05 -2.48015e-21
-0.000267924 6.03475e-05 -2.47503e-21
-0.000269099 6.03053e-05 -2.47329e-21
-0.000270181 6.03512e-05 -2.47518e-21
-0.00027117 6.04903e-05 -2.48088e-21
-0.000272065 6.07262e-05 -2.49056e-21
-0.000272868 6.10619e-05 -2.50433e-21
-0.000273577 6.15001e-05 -2.5223e-21
-0.000274193 6.20426e-05 -2.54455e-21
-0.000274716 6.26899e-05 -2.57109e-21
-0.000275149 6.34417e-05 -2.60193e-21
-0.00027549 6.42975e-05 -2.63702e-21
-0.000275743 6.52557e-05 -2.67633e-21
-0.000275908 6.63141e-05 -2.71973e-21
-0.000275987 6.7469e-05 -2.7671e-21
-0.000275981 6.87158e-05 -2.81823e-21
-0.000275893 7.00486e-05 -2.8729e-21
-0.000275723 7.14612e-05 -2.93083e-21
-0.000275475 7.29475e-05 -2.99179e-21
-0.000275151 7.45024e-05 -3.05556e-21
-0.000274752 7.61214e-05 -3.12196e-21
-0.000274281 7.77997e-05 -3.19079e-21
-0.00027374 7.95324e-05 -3.26185e-21
-0.000273132 8.13148e-05 -3.33496e-21
-0.000272461 8.31426e-05 -3.40992e-21
-0.000271727 8.50111e-05 -3.48655e-21
-0.000270934 8.6916e-05 -3.56467e-21
-0.000270084 8.8853e-05 -3.64412e-21
-0.000269181 9.08181e-05 -3.72471e-21
-0.000268226 9.28072e-05 -3.80629e-21
-0.000267223 9.48162e-05 -3.88868e-21
-0.000266173 9.68397e-05 -3.97168e-21
-0.00026508 9.88723e-05 -4.05504e-21
-0.000263946 0.000100909 -4.13856e-21
-0.000262773 0.000102944 -4.22201e-21
-0.000261564 0.000104972 -4.3052e-21
-0.000260321 0.000106989 -4.38793e-21
-0.000259048 0.00010899 -4.46999e-21
-0.000257746 0.000110971 -4.55123e-21
-0.000256418 0.000112928 -4.63149e-21
-0.000255067 0.000114857 -4.71063e-21
-0.000253696 0.000116757 -4.78853e-21
-0.000252307 0.000118622 -4.86505e-21
-0.000250904 0.000120451 -4.94004e-21
-0.000249489 0.000122238 -5.01332e-21
-0.000248065 0.000123979 -5.08475e-21
-0.000246636 0.000125671 -5.15414e-21
-0.000245204 0.00012731 -5.22134e-21
-0.000243771 0.00012889 -5.28614e-21
-0.00024234 0.000130407 -5.34836e-21
-0.000240916 0.000131857 -5.40782e-21
-0.000239499 0.000133234 -5.46429e-21
-0.000238093 0.000134532 -5.51755e-21
-0.0002367 0.000135747 -5.56738e-21
-0.000235324 0.000136873 -5.61355e-21
-0.000233966 0.000137904 -5.65582e-21
-0.00023263 0.000138833 -5.69395e-21
-0.000231316 0.000139657 -5.72773e-21
-0.000230027 0.000140369 -5.75693e-21
-0.000228764 0.000140963 -5.78131e-21
-0.000227529 0.000141434 -5.80062e-21
-0.000226323 0.000141776 -5.81463e-21
-0.000225148 0.000141984 -5.82316e-21
-0.000224005 0.000142053 -5.82601e-21
-0.000222893 0.000141981 -5.82305e-21
-0.000221815 0.000141764 -5.81414e-21
-0.00022077 0.0001414 -5.79921e-21
-0.000219758 0.000140888 -5.77824e-21
-0.00021878 0.00014023 -5.75123e-21
-0.000217836 0.000139425 -5.71821e-21
-0.000216925 0.000138475 -5.67928e-21
-0.000216047 0.000137386 -5.63458e-21
-0.000215201 0.00013616 -5.58431e-21
-0.000214386 0.000134803 -5.52867e-21
-0.000213603 0.000133321 -5.4679e-21
-0.00021285 0.00013172 -5.40223e-21
-0.000212126 0.000130007 -5.33195e-21
-0.00021143 0.000128187 -5.2573e-21
-0.000210761 0.000126267 -5.17858e-21
-0.000210118 0.000124257 -5.09613e-21
-0.0002095 0.000122164 -5.01029e-21
-0.000208905 0.000119996 -4.9214e-21
-0.000208333 0.000117763 -4.82979e-21
-0.000207783 0.000115469 -4.73574e-21
-0.000207254 0.000113123 -4.63951e-21
-0.000206743 0.00011073 -4.54135e-21
-0.000206251 0.000108294 -4.44146e-21
-0.000205776 0.00010582 -4.33998e-21
-0.000205316 0.000103309 -4.23701e-21
-0.00020487 0.000100764 -4.13262e-21
-0.000204437 9.81855e-05 -4.02687e-21
-0.000204016 9.55737e-05 -3.91976e-21
-0.000203606 9.29281e-05 -3.81125e-21
-0.000203203 9.02477e-05 -3.70132e-21
-0.000202809 8.75313e-05 -3.58991e-21
-0.00020242 8.47777e-05 -3.47698e-21
-0.000202035 8.19855e-05 -3.36246e-21
-0.000201653 7.91535e-05 -3.24632e-21
-0.000201271 7.62812e-05 -3.12851e-21
-0.00020089 7.33691e-05 -3.00908e-21
-0.000200507 7.04188e-05 -2.88808e-21
-0.00020012 6.74321e-05 -2.76559e-21
-0.000199728 6.44115e-05 -2.6417e-21
-0.00019933 6.13592e-05 -2.51652e-21
-0.000198924 5.82782e-05 -2.39016e-21
-0.000198508 5.51718e-05 -2.26276e-21
-0.000198081 5.20446e-05 -2.1345e-21
-0.00019764 4.89021e-05 -2.00562e-21
-0.000197185 4.57511e-05 -1.87639e-21
-0.000196712 4.25988e-05 -1.7471e-21
-0.000196222 3.94525e-05 -1.61806e-21
-0.000195712 3.63194e-05 -1.48956e-21
-0.00019518 3.32066e-05 -1.3619e-21
-0.000194624 3.01217e-05 -1.23538e-21
-0.000194044 2.70727e-05 -1.11033e-21
-0.000193436 2.40687e-05 -9.87128e-22
-0.000192801 2.11194e-05 -8.66168e-22
-0.000192136 1.82343e-05 -7.47842e-22
-0.00019144 1.54225e-05 -6.3252e-22
-0.000190711 1.26917e-05 -5.20524e-22
-0.000189949 1.00492e-05 -4.12145e-22
-0.000189152 7.50159e-06 -3.07662e-22
-0.00018832 5.05574e-06 -2.07351e-22
-0.00018745 2.71862e-06 -1.11499e-22
-0.000186544 4.97072e-07 -2.03864e-23
-0.000185599 -1.60264e-06 6.57288e-23
-0.000184616 -3.57533e-06 1.46635e-22
-0.000183594 -5.41743e-06 2.22184e-22
-0.000182534 -7.12655e-06 2.9228e-22
-0.000181434 -8.70101e-06 3.56854e-22
-0.000180296 -1.01401e-05 4.15875e-22
-0.000179118 -1.14443e-05 4.69364e-22
-0.000177901 -1.26157e-05 5.17408e-22
-0.000176645 -1.36562e-05 5.6008e-22
-0.000175351 -1.45679e-05 5.97472e-22
-0.000174019 -1.53552e-05 6.29759e-22
-0.000172651 -1.60224e-05 6.57125e-22
-0.00017124 -1.65877e-05 6.8031e-22
-0.000169792 -1.7046e-05 6.99105e-22
-0.000168311 -1.73964e-05 7.13477e-22
-0.000166797 -1.76499e-05 7.23873e-22
-0.00016525 -1.7809e-05 7.30399e-22
-0.000163673 -1.78825e-05 7.33411e-22
-0.000162065 -1.78742e-05 7.33074e-22
-0.000160429 -1.77914e-05 7.29678e-22
-0.000158765 -1.76389e-05 7.23421e-22
-0.000157075 -1.74232e-05 7.14577e-22
-0.000155359 -1.71502e-05 7.03378e-22
-0.00015362 -1.68263e-05 6.90093e-22
-0.000151858 -1.64575e-05 6.74969e-22
-0.000150074 -1.60505e-05 6.58277e-22
-0.00014827 -1.56118e-05 6.40283e-22
-0.000146446 -1.51483e-05 6.21274e-22
-0.000144605 -1.46668e-05 6.01528e-22
-0.000142745 -1.41741e-05 5.8132e-22
-0.000140869 -1.36776e-05 5.60957e-22
-0.000138977 -1.3185e-05 5.40754e-22
-0.000137071 -1.27037e-05 5.21016e-22
-0.000135139 -1.22372e-05 5.01885e-22
-0.000133167 -1.17978e-05 4.83862e-22
-0.000131177 -1.13938e-05 4.67291e-22
-0.000129178 -1.10317e-05 4.52442e-22
-0.000127171 -1.0721e-05 4.39698e-22
-0.000125156 -1.04682e-05 4.29329e-22
-0.000123135 -1.02823e-05 4.21705e-22
-0.00012111 -1.01701e-05 4.17107e-22
-0.000119079 -1.01399e-05 4.15865e-22
-0.000117047 -1.01969e-05 4.18203e-22
-0.000115012 -1.03471e-05 4.24366e-22
-0.000112978 -1.05956e-05 4.34556e-22
-0.000110944 -1.09478e-05 4.49003e-22
-0.000108913 -1.14088e-05 4.6791e-22
-0.000106885 -1.19839e-05 4.91493e-22
-0.000104861 -1.26776e-05 5.19946e-22
-0.000102843 -1.34941e-05 5.53433e-22
-0.000100831 -1.44354e-05 5.92039e-22
-9.88274e-05 -1.55028e-05 6.35815e-22
-9.68328e-05 -1.6697e-05 6.84793e-22
-9.48484e-05 -1.80188e-05 7.39003e-22
-9.28752e-05 -1.94688e-05 7.98472e-22
-9.0914e-05 -2.10476e-05 8.63221e-22
-8.89657e-05 -2.27552e-05 9.33256e-22
-8.70309e-05 -2.4591e-05 1.00855e-21
-8.51105e-05 -2.65531e-05 1.08902e-21
-8.3205e-05 -2.86387e-05 1.17455e-21
-8.13152e-05 -3.08445e-05 1.26502e-21
-7.94415e-05 -3.31674e-05 1.36029e-21
-7.75842e-05 -3.56041e-05 1.46023e-21
-7.57433e-05 -3.81515e-05 1.5647e-21
-7.39191e-05 -4.08058e-05 1.67356e-21
-7.21115e-05 -4.35625e-05 1.78663e-21
-7.03205e-05 -4.64157e-05 1.90364e-21
-6.85463e-05 -4.93584e-05 2.02433e-21
-6.67888e-05 -5.23834e-05 2.14839e-21
-6.50478e-05 -5.54835e-05 2.27554e-21
-6.3323e-05 -5.86516e-05 2.40547e-21
-6.16141e-05 -6.18807e-05 2.53791e-21
-5.99206e-05 -6.51638e-05 2.67255e-21
-5.82421e-05 -6.84934e-05 2.80911e-21
-5.65781e-05 -7.1862e-05 2.94727e-21
-5.49281e-05 -7.52615e-05 3.08669e-21
-5.32916e-05 -7.86844e-05 3.22708e-21
-5.1668e-05 -8.21228e-05 3.36809e-21
-5.0057e-05 -8.55684e-05 3.50941e-21
-4.8458e-05 -8.9013e-05 3.65068e-21
-4.68707e-05 -9.24485e-05 3.79158e-21
-4.52946e-05 -9.58671e-05 3.93179e-21
-4.37293e-05 -9.92609e-05 4.07098e-21
-4.21746e-05 -0.000102622 4.20884e-21
-4.06302e-05 -0.000105944 4.34506e-21
-3.90958e-05 -0.000109219 4.47939e-21
-3.75711e-05 -0.000112441 4.61155e-21
-3.60558e-05 -0.000115606 4.74133e-21
-3.45498e-05 -0.000118707 4.86851e-21
-3.30528e-05 -0.00012174 4.99292e-21
-3.15662e-05 -0.000124701 5.11436e-21
-3.00913e-05 -0.000127586 5.23268e-21
-2.86266e-05 -0.000130393 5.3478e-21
-2.71704e-05 -0.000133121 5.45967e-21
-2.57239e-05 -0.000135767 5.56818e-21
-2.42928e-05 -0.000138327 5.67319e-21
-2.28763e-05 -0.000140801 5.77466e-21
-2.14676e-05 -0.000143192 5.87271e-21
-2.00666e-05 -0.0001455 5.96736e-21
-1.86742e-05 -0.000147724 6.05859e-21
-1.729e-05 -0.000149866 6.14643e-21
-1.59142e-05 -0.000151925 6.23089e-21
-1.45465e-05 -0.000153903 6.31199e-21
-1.31995e-05 -0.000155794 6.38956e-21
-1.19964e-05 -0.000157541 6.4612e-21
-1.09025e-05 -0.000159151 6.52726e-21
-9.78581e-06 -0.000160696 6.59062e-21
-8.66773e-06 -0.000162168 6.65099e-21
-7.52574e-06 -0.000163538 1.16687e-20
-6.39082e-06 -0.000164822 1.17233e-20
-5.26481e-06 -0.000166031 1.17747e-20
-4.13529e-06 -0.000167159 1.18227e-20
-3.00377e-06 -0.000168204 1.18671e-20
-1.87032e-06 -0.00016916 1.19078e-20
-7.362e-07 -0.000170022 1.19444e-20
3.97984e-07 -0.000170787 1.19769e-20
1.53107e-06 -0.000171448 1.20049e-20
2.66218e-06 -0.000172002 1.20284e-20
3.79013e-06 -0.000172444 1.20471e-20
4.91365e-06 -0.00017277 1.20609e-20
6.03131e-06 -0.000172977 1.20696e-20
7.14201e-06 -0.000173062 1.20731e-20
8.24565e-06 -0.000173021 4.83513e-21
9.3405e-06 -0.000172848 4.82804e-21
1.04168e-05 -0.000172541 4.81544e-21
1.14668e-05 -0.000172096 4.79718e-21
1.24892e-05 -0.000171513 4.77327e-21
1.34823e-05 -0.000170793 4.74374e-21
1.44441e-05 -0.000169937 4.70865e-21
1.53731e-05 -0.000168949 4.66812e-21
1.62676e-05 -0.000167832 4.62232e-21
1.71261e-05 -0.000166593 4.57148e-21
1.79468e-05 -0.000165236 4.51584e-21
1.8728e-05 -0.000163769 4.45569e-21
1.94684e-05 -0.000162201 4.39138e-21
2.01664e-05 -0.00016054 4.32326e-21
2.08206e-05 -0.000158796 4.25172e-21
2.14296e-05 -0.000156978 4.17715e-21
2.19918e-05 -0.000155095 4.09993e-21
2.25058e-05 -0.000153157 4.02046e-21
2.29704e-05 -0.000151174 3.93913e-21
2.33842e-05 -0.000149155 3.85631e-21
2.37457e-05 -0.000147107 3.77232e-21
2.40536e-05 -0.000145039 3.68749e-21
2.43068e-05 -0.000142957 3.60212e-21
2.45039e-05 -0.000140869 3.51648e-21
2.46436e-05 -0.00013878 3.43079e-21
2.47245e-05 -0.000136693 3.34522e-21
2.47457e-05 -0.000134614 3.25996e-21
2.47059e-05 -0.000132547 3.17516e-21
2.46044e-05 -0.000130495 3.09101e-21
2.44402e-05 -0.000128463 3.00768e-21
2.42127e-05 -0.000126455 2.92534e-21
2.3921e-05 -0.000124476 2.84415e-21
2.35647e-05 -0.000122529 2.76429e-21
2.31432e-05 -0.000120618 2.68592e-21
2.2656e-05 -0.000118747 2.60921e-21
2.21027e-05 -0.000116921 2.53433e-21
2.14831e-05 -0.000115145 2.46146e-21
2.0797e-05 -0.000113422 2.3908e-21
2.00442e-05 -0.000111757 2.32253e-21
1.92247e-05 -0.000110156 2.25683e-21
1.83386e-05 -0.000108622 2.19393e-21
1.7386e-05 -0.000107161 2.13403e-21
1.63672e-05 -0.000105779 2.07733e-21
1.52825e-05 -0.000104479 2.02403e-21
1.41324e-05 -0.000103266 1.97429e-21
1.29172e-05 -0.000102145 1.92831e-21
1.16375e-05 -0.000101119 1.88622e-21
1.02942e-05 -0.000100191 1.84817e-21
8.88794e-06 -9.93649e-05 1.81428e-21
7.41977e-06 -9.86426e-05 1.78466e-21
5.89074e-06 -9.80265e-05 1.75939e-21
4.30201e-06 -9.75178e-05 1.73852e-21
2.65492e-06 -9.71172e-05 1.72209e-21
9.50892e-07 -9.68247e-05 1.7101e-21
-8.08511e-07 -9.66394e-05 1.7025e-21
-2.62173e-06 -9.65591e-05 1.69921e-21
-4.48728e-06 -9.65793e-05 1.70004e-21
-6.40361e-06 -9.66941e-05 1.70474e-21
-8.369e-06 -9.68968e-05 1.71306e-21
-1.03816e-05 -9.71802e-05 1.72468e-21
-1.24396e-05 -9.75361e-05 1.73928e-21
-1.45408e-05 -9.79559e-05 1.75649e-21
-1.66833e-05 -9.84304e-05 1.77595e-21
-1.88649e-05 -9.89502e-05 1.79727e-21
-2.10833e-05 -9.95051e-05 1.82003e-21
-2.33363e-05 -0.000100085 1.84381e-21
-2.56217e-05 -0.000100679 1.86818e-21
-2.7937e-05 -0.000101277 1.89271e-21
-3.02798e-05 -0.000101869 1.91699e-21
-3.26479e-05 -0.000102445 1.94059e-21
-3.50387e-05 -0.000102994 1.96312e-21
-3.74499e-05 -0.000103508 1.98418e-21
-3.98791e-05 -0.000103976 2.00341e-21
-4.23239e-05 -0.000104392 2.02045e-21
-4.4782e-05 -0.000104746 2.03499e-21
-4.72511e-05 -0.000105032 2.04671e-21
-4.97287e-05 -0.000105244 2.05539e-21
-5.22127e-05 -0.000105376 2.06081e-21
-5.47006e-05 -0.000105424 2.06279e-21
-5.71903e-05 -0.000105385 2.06119e-21
-5.96795e-05 -0.000105257 2.05593e-21
-6.21658e-05 -0.000105039 2.04698e-21
-6.46473e-05 -0.00010473 2.03431e-21
-6.71216e-05 -0.000104331 2.01793e-21
-6.95872e-05 -0.000103841 1.99784e-21
-7.2042e-05 -0.00010326 1.97403e-21
-7.44844e-05 -0.000102589 1.94651e-21
-7.69126e-05 -0.000101829 1.91535e-21
-7.93248e-05 -0.000100982 1.8806e-21
-8.17193e-05 -0.00010005 1.8424e-21
-8.40863e-05 -9.90368e-05 1.80082e-21
-8.64304e-05 -9.79439e-05 1.756e-21
-8.87545e-05 -9.67731e-05 1.70798e-21
-9.10544e-05 -9.55253e-05 1.65681e-21
-9.33306e-05 -9.42014e-05 1.60251e-21
-9.5581e-05 -9.2801e-05 1.54508e-21
-9.78064e-05 -9.1322e-05 1.48442e-21
-9.99919e-05 -8.97614e-05 1.42041e-21
-0.000102147 -8.81151e-05 1.35289e-21
-0.00010428 -8.63788e-05 1.28168e-21
-0.000106384 -8.45476e-05 1.20658e-21
-0.000108464 -8.26154e-05 1.12733e-21
-0.000110517 -8.0577e-05 1.04373e-21
-0.000112544 -7.84267e-05 9.55543e-22
-0.000114547 -7.61596e-05 8.62562e-22
-0.000116525 -7.37705e-05 7.64577e-22
-0.000118479 -7.12549e-05 6.61408e-22
-0.000120409 -6.86091e-05 5.52895e-22
-0.000122317 -6.58307e-05 4.38944e-22
-0.000124203 -6.29181e-05 3.19492e-22
-0.000126067 -5.98705e-05 1.94499e-22
-0.000127912 -5.66876e-05 6.39584e-23
-0.000129738 -5.33704e-05 -7.20871e-23
-0.000131546 -4.99209e-05 -2.13562e-22
-0.000133337 -4.63413e-05 -3.6037e-22
-0.000135112 -4.26348e-05 -5.12385e-22
-0.000136875 -3.88055e-05 -6.69437e-22
-0.000138624 -3.48581e-05 -8.31329e-22
-0.000140363 -3.07979e-05 -9.97849e-22
-0.000142079 -2.66257e-05 -1.16897e-21
-0.000143781 -2.23504e-05 -1.34431e-21
-0.000145483 -1.79797e-05 -1.52356e-21
-0.000147178 -1.35178e-05 -1.70656e-21
-0.000148872 -8.9713e-06 -1.89302e-21
-0.000150533 -4.40875e-06 -2.08015e-21
-0.000152182 2.0343e-07 -2.26931e-21
-0.00015384 4.89634e-06 -2.46177e-21
-0.000155502 9.64119e-06 -2.65638e-21
-0.000157174 1.44469e-05 -2.85347e-21
-0.000158856 1.92961e-05 -3.05235e-21
-0.000160551 2.41894e-05 -3.25304e-21
-0.00016226 2.91138e-05 -3.455e-21
-0.000163986 3.40625e-05 -3.65796e-21
-0.000165729 3.90218e-05 -3.86136e-21
-0.000167492 4.39823e-05 -4.0648e-21
-0.000169275 4.89309e-05 -4.26776e-21
-0.00017108 5.38551e-05 -4.46971e-21
-0.000172907 5.87401e-05 -4.67006e-21
-0.000174758 6.35729e-05 -4.86827e-21
-0.000176633 6.83394e-05 -5.06376e-21
-0.000178533 7.30258e-05 -5.25596e-21
-0.000180458 7.76177e-05 -5.44429e-21
-0.000182408 8.21016e-05 -5.62819e-21
-0.000184383 8.64646e-05 -5.80712e-21
-0.000186383 9.06938e-05 -5.98058e-21
-0.000188408 9.47768e-05 -6.14803e-21
-0.000190458 9.87022e-05 -6.30902e-21
-0.000192532 0.000102459 -6.4631e-21
-0.000194628 0.000106036 -6.60981e-21
-0.000196747 0.000109424 -6.74874e-21
-0.000198887 0.000112612 -6.87951e-21
-0.000201047 0.000115593 -7.00176e-21
-0.000203224 0.000118358 -7.11516e-21
-0.000205419 0.0001209 -7.21943e-21
-0.000207629 0.000123213 -7.31429e-21
-0.000209852 0.000125292 -7.39956e-21
-0.000212086 0.000127134 -7.47509e-21
-0.000214328 0.000128736 -7.54079e-21
-0.000216575 0.000130097 -7.5966e-21
-0.000218828 0.000131217 -7.64256e-21
-0.00022103 0.000132078 -7.67787e-21
-0.000223171 0.000132676 -7.70238e-21
-0.000225313 0.000133048 -7.71763e-21
-0.000227469 0.000133211 -7.72434e-21
-0.00022963 0.000133175 -7.72284e-21
-0.000231796 0.000132952 -7.71371e-21
-0.000233966 0.000132557 -7.69749e-21
-0.000236136 0.000132003 -7.67477e-21
-0.000238306 0.000131306 -7.64619e-21
-0.000240472 0.000130483 -7.61246e-21
-0.000242635 0.000129551 -7.57423e-21
-0.00024479 0.000128526 -7.53219e-21
-0.000246937 0.000127424 -7.48699e-21
-0.000249066 0.000126258 -7.43917e-21
-0.000251175 0.000125042 -7.3893e-21
-0.000253264 0.000123791 -7.338e-21
-0.00025533 0.000122518 -7.2858e-21
-0.000257373 0.000121235 -7.23317e-21
-0.000259391 0.000119953 -7.18057e-21
-0.000261384 0.00011868 -7.12838e-21
-0.000263349 0.000117426 -7.07694e-21
-0.000265285 0.000116198 -7.02657e-21
-0.00026719 0.000115002 -6.97751e-21
-0.000269065 0.000113843 -6.93e-21
-0.000270906 0.000112728 -6.88425e-21
-0.000272712 0.000111659 -6.84042e-21
-0.000274483 0.000110641 -6.79867e-21
-0.000276215 0.000109677 -6.75913e-21
-0.000277909 0.000108769 -6.72191e-21
-0.000279562 0.000107921 -6.6871e-21
-0.000281173 0.000107133 -6.65479e-21
-0.00028274 0.000106408 -6.62507e-21
-0.000284262 0.000105749 -6.59805e-21
-0.000285738 0.00010516 -6.57386e-21
-0.000287166 0.000104642 -6.55263e-21
-0.000288544 0.0001042 -6.53449e-21
-0.000289873 0.000103836 -6.51957e-21
-0.00029115 0.000103554 -6.50801e-21
-0.000292374 0.000103357 -6.49994e-21
-0.000293546 0.000103249 -6.49549e-21
-0.000294663 0.00010323 -6.49472e-21
-0.000295724 0.000103303 -6.49771e-21
-0.00029673 0.000103468 -6.5045e-21
-0.000297679 0.000103727 -6.51511e-21
-0.000298571 0.000104077 -6.52945e-21
-0.000299404 0.000104513 -6.54735e-21
-0.000300178 0.000105034 -6.56869e-21
-0.000300892 0.000105633 -6.59328e-21
-0.000301545 0.000106306 -6.62086e-21
-0.000302137 0.000107044 -6.65114e-21
-0.000302667 0.000107841 -6.68383e-21
-0.000303134 0.000108689 -6.71863e-21
-0.000303538 0.00010958 -6.75514e-21
-0.000303878 0.000110501 -6.79291e-21
-0.000304153 0.000111443 -6.83154e-21
-0.000304363 0.000112397 -6.87068e-21
-0.000304507 0.000113355 -6.90999e-21
-0.000304585 0.000114311 -6.9492e-21
-0.000304597 0.000115259 -6.98808e-21
-0.000304542 0.000116194 -7.02643e-21
-0.000304421 0.000117114 -7.06414e-21
-0.000304174 0.000117988 -7.09999e-21
-0.000303812 0.000118816 -7.13397e-21
-0.000303394 0.000119631 -7.16736e-21
-0.000302909 0.00012043 -7.20014e-21
-0.00030236 0.000121219 -7.23249e-21
-0.000301748 0.000122004 -7.26469e-21
-0.000301074 0.00012279 -7.29692e-21
-0.000300341 0.000123583 -7.32946e-21
-0.00029955 0.00012439 -7.36254e-21
-0.000298702 0.000125215 -7.39641e-21
-0.0002978 0.000126066 -7.43128e-21
-0.000296846 0.000126945 -7.46736e-21
-0.000295841 0.000127859 -7.50484e-21
-0.000294787 0.000128811 -7.54386e-21
-0.000293685 0.000129802 -7.58452e-21
-0.000292538 0.000130835 -7.62686e-21
-0.000291347 0.000131907 -7.67087e-21
-0.000290087 0.000133005 -8.77579e-21
-0.000288747 0.000134102 -8.82201e-21
-0.000287401 0.000135239 -8.86989e-21
-0.000286027 0.000136409 -8.91915e-21
-0.000284626 0.000137607 -8.96954e-21
-0.000283201 0.000138827 -9.02087e-21
-0.000281754 0.000140066 -9.07292e-21
-0.000280288 0.000141317 -9.12548e-21
-0.000278806 0.000142574 -9.17826e-21
-0.000277308 0.00014383 -9.23099e-21
-0.000275799 0.000145079 -9.28335e-21
-0.000274272 0.000146309 -9.33489e-21
-0.000272724 0.000147508 -9.38511e-21
-0.000271159 0.000148668 -9.43366e-21
-0.000269577 0.00014978 -9.4802e-21
-0.000267983 0.000150838 -9.52438e-21
-0.000266358 0.00015181 -9.83567e-21
-0.000264732 0.000152696 -1.39687e-20
-0.000263117 0.000153506 -1.25811e-20
-0.0002615 0.000154228 -8.99201e-21
-0.000259882 0.000154854 -1.40958e-20
-0.000258265 0.000155372 -1.06481e-20
-0.000256644 0.000155763 -9.18853e-21
-0.000255022 0.000156011 -9.19871e-21
-0.000253405 0.000156106 -9.2026e-21
-0.000251794 0.000156037 -9.19976e-21
-0.000250191 0.000155792 -9.18973e-21
-0.000248597 0.000155361 -9.17207e-21
-0.000247013 0.000154735 -9.14639e-21
-0.000245438 0.000153905 -9.11234e-21
-0.000243874 0.000152863 -9.0696e-21
-0.000242321 0.000151602 -9.01789e-21
-0.000240779 0.000150118 -8.95703e-21
-0.000239247 0.000148408 -8.88687e-21
-0.000237726 0.000146469 -8.80736e-21
-0.000236214 0.000144303 -8.71853e-21
-0.000234713 0.000141912 -8.62047e-21
-0.000233221 0.000139301 -8.51337e-21
-0.000231737 0.000136476 -8.39754e-21
-0.000230262 0.000133449 -8.27336e-21
-0.000228793 0.000130228 -8.14129e-21
-0.000227332 0.000126829 -8.00185e-21
-0.000225878 0.000123263 -7.8556e-21
-0.000224429 0.000119546 -7.70315e-21
-0.000222985 0.000115693 -7.54516e-21
-0.000221546 0.000111722 -7.3823e-21
-0.00022011 0.000107649 -7.21524e-21
-0.000218677 0.000103489 -7.04465e-21
-0.000217247 9.92611e-05 -6.87123e-21
-0.000215819 9.49803e-05 -6.69566e-21
-0.000214391 9.06629e-05 -6.51859e-21
-0.000212963 8.63239e-05 -6.34064e-21
-0.000211534 8.19781e-05 -6.16241e-21
-0.000210103 7.76402e-05 -5.98449e-21
-0.00020867 7.33232e-05 -5.80744e-21
-0.000207233 6.90396e-05 -5.63176e-21
-0.000205792 6.48013e-05 -5.45794e-21
-0.000204345 6.06195e-05 -5.28643e-21
-0.000202892 5.65038e-05 -5.11763e-21
-0.000201432 5.24627e-05 -4.95189e-21
-0.000199964 4.85043e-05 -4.78955e-21
-0.000198487 4.46354e-05 -4.63087e-21
-0.000196999 4.08611e-05 -4.47608e-21
-0.0001955 3.71857e-05 -4.32534e-21
-0.000193989 3.36126e-05 -4.1788e-21
-0.000192463 3.01443e-05 -4.03655e-21
-0.000190924 2.67824e-05 -3.89867e-21
-0.000189368 2.3528e-05 -3.7652e-21
-0.000187795 2.03812e-05 -3.63614e-21
-0.000186204 1.73413e-05 -3.51146e-21
-0.000184593 1.44064e-05 -3.39109e-21
-0.000182961 1.15734e-05 -3.27491e-21
-0.000181306 8.83904e-06 -3.16276e-21
-0.000179628 6.19934e-06 -3.0545e-21
-0.000177925 3.65023e-06 -2.94995e-21
-0.000176195 1.18731e-06 -2.84894e-21
-0.000174438 -1.19428e-06 -2.75126e-21
-0.000172652 -3.49987e-06 -2.65671e-21
-0.000170835 -5.73534e-06 -2.56502e-21
-0.000168987 -7.90701e-06 -2.47596e-21
-0.000167106 -1.00215e-05 -2.38924e-21
-0.00016519 -1.20869e-05 -2.30453e-21
-0.000163237 -1.41095e-05 -2.22158e-21
-0.000161229 -1.61339e-05 -2.13855e-21
-0.000159178 -1.81386e-05 -2.05633e-21
-0.000157094 -2.01111e-05 -1.97543e-21
-0.000154969 -2.2073e-05 -1.89497e-21
-0.000152807 -2.40205e-05 -1.8151e-21
-0.000150605 -2.59677e-05 -1.73524e-21
-0.000148363 -2.7916e-05 -1.65533e-21
-0.000146079 -2.98751e-05 -1.57498e-21
-0.000143755 -3.18489e-05 -1.49403e-21
-0.000141386 -3.38441e-05 -1.4122e-21
-0.000138961 -3.58609e-05 -1.32949e-21
-0.000136492 -3.79085e-05 -1.24551e-21
-0.000133986 -3.99902e-05 -1.16013e-21
-0.000131439 -4.21078e-05 -1.07328e-21
-0.000128856 -4.42638e-05 -9.84858e-22
-0.000126234 -4.64589e-05 -8.94831e-22
-0.000123575 -4.86941e-05 -8.03162e-22
-0.00012088 -5.0969e-05 -7.0986e-22
-0.000118152 -5.32835e-05 -6.14935e-22
-0.000115389 -5.56352e-05 -5.18485e-22
-0.000112579 -5.80223e-05 -4.20584e-22
-0.000109731 -6.04402e-05 -3.21418e-22
-0.000106858 -6.28853e-05 -2.21138e-22
-0.000103956 -6.53533e-05 -1.19919e-22
-0.000101019 -6.78388e-05 -1.79795e-23
-9.80556e-05 -7.03375e-05 8.44975e-23
-9.50713e-05 -7.28441e-05 1.87303e-22
-9.2064e-05 -7.53543e-05 2.90251e-22
-8.90381e-05 -7.78632e-05 3.9315e-22
-8.59932e-05 -8.03665e-05 4.95816e-22
-8.29322e-05 -8.28598e-05 5.98075e-22
-7.98553e-05 -8.534e-05 6.99795e-22
-7.67645e-05 -8.78043e-05 8.00861e-22
-7.36607e-05 -9.025e-05 9.01165e-22
-7.05454e-05 -9.26743e-05 1.0006e-21
-6.74198e-05 -9.50742e-05 1.09902e-21
-6.42852e-05 -9.74465e-05 1.19632e-21
-6.1143e-05 -9.97883e-05 1.29236e-21
-5.79943e-05 -0.000102097 1.38705e-21
-5.48404e-05 -0.00010437 1.48028e-21
-5.16826e-05 -0.000106606 1.57197e-21
-4.8522e-05 -0.000108803 1.66206e-21
-4.536e-05 -0.000110959 1.75049e-21
-4.21979e-05 -0.000113072 1.83718e-21
-3.90371e-05 -0.000115142 1.92205e-21
-3.58791e-05 -0.000117166 2.00507e-21
-3.27252e-05 -0.000119144 2.0862e-21
-2.95771e-05 -0.000121076 2.16543e-21
-2.64361e-05 -0.000122962 2.24276e-21
-2.33039e-05 -0.000124802 2.31823e-21
-2.01819e-05 -0.000126597 2.39188e-21
-1.70718e-05 -0.000128352 2.46382e-21
-1.39751e-05 -0.000130067 2.53418e-21
-1.08933e-05 -0.000131747 2.60309e-21
-7.82816e-06 -0.000133396 2.67072e-21
-4.78811e-06 -0.000135015 2.7371e-21
-1.90137e-06 -0.000136547 2.79992e-21
8.7066e-07 -0.000138006 2.85976e-21
3.64776e-06 -0.000139463 2.91952e-21
6.39247e-06 -0.00014091 2.97886e-21
9.11182e-06 -0.000142355 3.03813e-21
1.18036e-05 -0.000143808 3.09772e-21
1.44647e-05 -0.000145274 3.15784e-21
1.70949e-05 -0.000146762 3.21891e-21
1.96926e-05 -0.000148281 3.28121e-21
2.22573e-05 -0.00014984 3.34513e-21
2.47369e-05 -0.000151447 3.41103e-21
2.6976e-05 -0.000153117 3.47951e-21
2.9044e-05 -0.000154845 3.55041e-21
3.11038e-05 -0.000156627 3.62347e-21
3.31325e-05 -0.000158465 3.69885e-21
3.50146e-05 -0.000160265 1.20831e-20
3.68509e-05 -0.000162083 1.21604e-20
3.86639e-05 -0.000163956 1.22401e-20
4.04418e-05 -0.000165879 1.23218e-20
4.21849e-05 -0.000167849 1.24055e-20
4.38986e-05 -0.000169865 1.24912e-20
4.56012e-05 -0.000171935 1.25791e-20
4.73136e-05 -0.000174014 1.37311e-20
4.8969e-05 -0.000176089 1.38228e-20
5.05594e-05 -0.000178186 1.39154e-20
5.21592e-05 -0.000180234 1.04719e-20
5.37574e-05 -0.000182186 1.39368e-20
5.52195e-05 -0.000184151 8.11605e-21
5.53633e-05 -0.000184347 7.25072e-21
5.55068e-05 -0.000184544 7.26038e-21
5.56276e-05 -0.000184724 8.10438e-21
5.57436e-05 -0.000184898 8.09898e-21
5.58638e-05 -0.000185073 8.09757e-21
5.59873e-05 -0.000185247 8.09615e-21
5.61125e-05 -0.000185423 1.56577e-20
5.62401e-05 -0.000185598 1.44761e-20
5.63689e-05 -0.000185774 1.44767e-20
5.64989e-05 -0.000185949 1.44772e-20
5.66303e-05 -0.000186125 1.44737e-20
5.67631e-05 -0.0001863 1.44668e-20
5.68972e-05 -0.000186476 1.44659e-20
5.70322e-05 -0.000186651 1.44603e-20
5.71679e-05 -0.000186826 1.44569e-20
5.7304e-05 -0.000187002 1.44559e-20
5.86552e-05 -0.000188751 1.44419e-20
5.99793e-05 -0.000190483 1.12073e-20
6.12614e-05 -0.000192189 1.14742e-20
6.24885e-05 -0.00019387 1.55029e-20
6.36665e-05 -0.000195519 9.81915e-21
6.47942e-05 -0.000197127 1.9946e-20
6.58628e-05 -0.000198679 8.11013e-21
6.68842e-05 -0.000200176 -2.91287e-19
6.79023e-05 -0.00020155 1.93008e-20
6.89051e-05 -0.000202762 1.3064e-20
6.97566e-05 -0.000203915 -1.26006e-18
7.05299e-05 -0.000204975 3.09242e-20
7.11516e-05 -0.000205837 1.34409e-20
7.18354e-05 -0.000206639 2.04915e-20
7.2462e-05 -0.000207371 2.14628e-20
7.30178e-05 -0.00020803 -1.23481e-18
7.35126e-05 -0.000208613 2.58814e-20
7.396e-05 -0.000209121 2.31411e-20
7.4358e-05 -0.000209551 -6.78981e-19
7.47071e-05 -0.000209905 -3.23218e-19
7.50074e-05 -0.000210183 2.14139e-20
7.52581e-05 -0.000210385 -3.11573e-19
7.54584e-05 -0.000210513 2.53117e-20
7.5606e-05 -0.000210567 2.83228e-20
7.57003e-05 -0.000210548 2.83235e-20
7.57441e-05 -0.000210451 2.21686e-20
7.57312e-05 -0.000210235 2.21597e-20
7.56624e-05 -0.000209908 2.21463e-20
7.55313e-05 -0.00020947 2.21283e-20
7.53361e-05 -0.000208923 2.21059e-20
7.50789e-05 -0.000208275 2.20793e-20
7.47588e-05 -0.000207528 2.20487e-20
7.43698e-05 -0.00020669 2.20143e-20
7.39084e-05 -0.000205763 2.19763e-20
7.33753e-05 -0.000204756 2.1935e-20
7.27698e-05 -0.000203671 2.18905e-20
7.20926e-05 -0.000202516 2.18432e-20
7.13438e-05 -0.000201295 2.17931e-20
7.05236e-05 -0.000200012 2.17405e-20
6.96323e-05 -0.000198671 2.16855e-20
6.867e-05 -0.000197276 2.16282e-20
6.76367e-05 -0.000195828 2.15688e-20
6.65325e-05 -0.000194328 2.15073e-20
6.53573e-05 -0.000192777 2.14437e-20
6.41112e-05 -0.000191175 2.1378e-20
6.27944e-05 -0.000189522 2.13102e-20
6.14068e-05 -0.000187818 2.12403e-20
5.99486e-05 -0.000186061 2.11683e-20
5.84198e-05 -0.000184251 2.1094e-20
5.68203e-05 -0.000182385 2.10175e-20
5.51497e-05 -0.000180461 2.09386e-20
5.34081e-05 -0.000178474 2.08571e-20
5.15951e-05 -0.000176423 2.0773e-20
4.97109e-05 -0.000174304 2.06861e-20
4.77553e-05 -0.000172115 2.05963e-20
4.57285e-05 -0.000169853 2.05036e-20
4.36303e-05 -0.000167517 2.04077e-20
4.14607e-05 -0.000165105 2.03088e-20
3.92195e-05 -0.000162613 2.02066e-20
3.69066e-05 -0.000160041 2.01011e-20
3.45221e-05 -0.000157387 1.99923e-20
3.2066e-05 -0.000154649 1.988e-20
2.95384e-05 -0.000151828 1.97643e-20
2.69395e-05 -0.000148923 1.96451e-20
2.42693e-05 -0.000145935 1.95226e-20
2.15279e-05 -0.000142864 1.93967e-20
1.87155e-05 -0.000139711 1.92673e-20
1.58322e-05 -0.000136476 1.91346e-20
1.28781e-05 -0.000133159 1.89986e-20
9.85383e-06 -0.000129763 1.88593e-20
6.75978e-06 -0.00012629 1.87169e-20
3.5965e-06 -0.000122743 1.85714e-20
3.64584e-07 -0.000119125 1.8423e-20
-2.93531e-06 -0.00011544 1.82719e-20
-6.30246e-06 -0.000111691 1.81181e-20
-9.73609e-06 -0.000107883 1.79619e-20
-1.32353e-05 -0.000104019 1.78035e-20
-1.6799e-05 -0.000100105 1.7643e-20
-2.0426e-05 -9.61463e-05 1.74806e-20
-2.41151e-05 -9.21494e-05 1.73167e-20
-2.78649e-05 -8.81206e-05 1.71515e-20
-3.16737e-05 -8.40676e-05 1.69852e-20
-3.55399e-05 -7.99987e-05 1.68184e-20
-3.94616e-05 -7.59229e-05 1.66512e-20
-4.3437e-05 -7.18485e-05 1.64841e-20
-4.74642e-05 -6.77844e-05 1.63174e-20
-5.15411e-05 -6.37393e-05 1.61515e-20
-5.56656e-05 -5.97215e-05 1.59867e-20
-5.98356e-05 -5.57393e-05 1.58234e-20
-6.40489e-05 -5.18008e-05 1.56619e-20
-6.8303e-05 -4.79138e-05 1.55025e-20
-7.25958e-05 -4.4086e-05 1.53455e-20
-7.69246e-05 -4.03244e-05 1.51912e-20
-8.1287e-05 -3.66366e-05 1.50399e-20
-8.56803e-05 -3.30295e-05 1.4892e-20
-9.01017e-05 -2.95103e-05 1.47477e-20
-9.45485e-05 -2.60852e-05 1.46072e-20
-9.90177e-05 -2.27607e-05 1.44709e-20
-0.000103506 -1.95429e-05 1.43389e-20
-0.000108011 -1.64373e-05 1.42115e-20
-0.000112528 -1.34504e-05 1.4089e-20
-0.000117052 -1.05882e-05 1.39716e-20
-0.000121583 -7.85412e-06 1.38595e-20
-0.000126117 -5.25208e-06 1.37528e-20
-0.000130651 -2.78578e-06 1.36516e-20
-0.000135181 -4.5606e-07 1.35561e-20
-0.000139701 1.73878e-06 1.34661e-20
-0.000144201 3.80094e-06 1.33815e-20
-0.000148596 5.68913e-06 1.3304e-20
-0.000152943 7.43872e-06 1.32323e-20
-0.000157291 9.08095e-06 1.31649e-20
-0.000161604 1.06056e-05 1.31024e-20
-0.000165899 1.20315e-05 1.30439e-20
-0.000170162 1.33614e-05 1.29894e-20
-0.000174398 1.46116e-05 1.29381e-20
-0.000178599 1.5791e-05 1.28897e-20
-0.000182765 1.69141e-05 1.28437e-20
-0.000186893 1.79923e-05 1.27995e-20
-0.000190981 1.90401e-05 1.27565e-20
-0.000195026 2.00698e-05 1.27143e-20
-0.000199026 2.10947e-05 1.26722e-20
-0.000202979 2.21264e-05 1.26299e-20
-0.000206883 2.31767e-05 1.25868e-20
-0.000210736 2.4256e-05 1.25426e-20
-0.000214535 2.53744e-05 1.24967e-20
-0.000218278 2.65411e-05 1.24488e-20
-0.000221965 2.7765e-05 1.23987e-20
-0.000225592 2.90537e-05 1.23458e-20
-0.000229159 3.0414e-05 1.229e-20
-0.000232664 3.18511e-05 1.22311e-20
-0.000236051 3.33712e-05 1.21687e-20
-0.000239179 3.49812e-05 1.21027e-20
-0.000242128 3.66738e-05 1.20333e-20
-0.000245048 3.84427e-05 1.19607e-20
-0.000247908 4.02868e-05 1.18851e-20
-0.000250707 4.22006e-05 1.18066e-20
-0.000253446 4.41799e-05 1.17254e-20
-0.000256123 4.62176e-05 1.16419e-20
-0.000258688 4.82821e-05 1.15572e-20
-0.000261069 5.03262e-05 1.14733e-20
-0.000263324 5.23662e-05 1.13897e-20
-0.00026552 5.44334e-05 1.13049e-20
-0.000267643 5.6513e-05 1.12196e-20
-0.000269693 5.85948e-05 1.11342e-20
-0.000271669 6.06709e-05 1.10491e-20
-0.00027357 6.27312e-05 1.09646e-20
-0.000275393 6.4767e-05 1.08811e-20
-0.000277137 6.67695e-05 1.0799e-20
-0.000278802 6.87312e-05 1.07185e-20
-0.000280385 7.06458e-05 1.064e-20
-0.000281887 7.25081e-05 1.05636e-20
-0.000283305 7.43141e-05 1.04895e-20
-0.00028464 7.60607e-05 1.04179e-20
-0.000285891 7.77462e-05 1.03488e-20
-0.000287056 7.937e-05 1.02822e-20
-0.000288136 8.09322e-05 1.02181e-20
-0.000289131 8.24343e-05 1.01565e-20
-0.000290041 8.38796e-05 1.00972e-20
-0.000290865 8.52731e-05 1.00401e-20
-0.000291604 8.66206e-05 9.98481e-21
-0.000292259 8.79286e-05 9.93117e-21
-0.00029283 8.92051e-05 9.87882e-21
-0.000293292 9.04288e-05 4.89977e-21
-0.000293685 9.16288e-05 4.84848e-21
-0.00029401 9.28277e-05 4.79725e-21
-0.000294256 9.4034e-05 4.74573e-21
-0.000294426 9.52566e-05 4.69354e-21
-0.000294522 9.65042e-05 4.64031e-21
-0.000294546 9.77845e-05 4.58573e-21
-0.000294502 9.91052e-05 4.52946e-21
-0.00029439 0.000100473 4.47121e-21
-0.000294214 0.000101895 4.41072e-21
-0.000293977 0.000103375 4.34778e-21
-0.000293682 0.000104917 4.28222e-21
-0.000293332 0.000106524 4.21396e-21
-0.000292928 0.000108196 4.14295e-21
-0.000292471 0.000109933 4.06922e-21
-0.000291967 0.000111736 3.99273e-21
-0.000291421 0.000113604 3.91349e-21
-0.000290828 0.000115535 3.83158e-21
-0.000290187 0.000117529 3.74709e-21
-0.000289494 0.00011957 1.50782e-21
-0.000288641 0.000121522 -2.83676e-21
-0.000287864 0.000123526 -3.11186e-21
-0.000287051 0.000125567 2.96729e-21
-0.000286205 0.000127638 5.18292e-21
-0.000285329 0.000129732 1.74235e-21
-0.000284424 0.00013184 2.07649e-21
-0.000283494 0.000133953 1.28915e-21
-0.000282542 0.000136063 1.32341e-21
-0.000281569 0.000138158 1.28707e-23
-0.000280572 0.000140223 3.26122e-21
-0.000279561 0.00014225 2.25471e-21
-0.00027854 0.000144233 2.75132e-21
-0.000277508 0.000146164 4.60405e-21
-0.000276466 0.000148032 -6.07671e-22
-0.000275447 0.000149782 -1.80375e-22
-0.000274401 0.00015144 9.82243e-22
-0.000273337 0.000153013 -1.37594e-21
-0.00027227 0.000154489 5.04148e-22
-0.000271201 0.00015586 1.27598e-21
-0.00027013 0.00015712 3.40789e-21
-0.000269061 0.000158262 -8.08502e-22
-0.000267989 0.000159278 3.18865e-21
-0.000266908 0.000160159 1.80259e-21
-0.00026582 0.0001609 -2.4441e-21
-0.000264725 0.000161496 1.43807e-21
-0.000263623 0.000161941 -3.28595e-21
-0.000262517 0.00016223 -3.29908e-21
-0.000261393 0.000162343 -4.08106e-21
-0.000260265 0.000162268 -2.37314e-21
-0.000259133 0.000161998 -2.36207e-21
-0.000257999 0.000161531 -2.34289e-21
-0.000256862 0.000160862 -2.31547e-21
-0.000255723 0.00015999 -2.27971e-21
-0.000254582 0.000158913 -2.23552e-21
-0.000253441 0.000157629 -2.18288e-21
-0.0002523 0.000156139 -2.12178e-21
-0.000251158 0.000154444 -2.05225e-21
-0.000250017 0.000152545 -1.97437e-21
-0.000248876 0.000150446 -1.88828e-21
-0.000247736 0.000148151 -1.79416e-21
-0.000246595 0.000145667 -1.69227e-21
-0.000245456 0.000143 -1.5829e-21
-0.000244316 0.00014016 -1.46641e-21
-0.000243176 0.000137155 -1.34319e-21
-0.000242035 0.000133996 -1.21363e-21
-0.000240893 0.000130695 -1.07821e-21
-0.000239749 0.000127262 -9.37433e-22
-0.000238602 0.000123712 -7.91849e-22
-0.000237452 0.00012006 -6.42075e-22
-0.000236298 0.000116322 -4.88752e-22
-0.000235139 0.000112513 -3.32531e-22
-0.000233973 0.000108649 -1.7406e-22
-0.000232801 0.000104746 -1.39736e-23
-0.00023162 0.000100818 1.47097e-22
-0.000230429 9.68822e-05 3.08529e-22
-0.000229228 9.29525e-05 4.69696e-22
-0.000228015 8.90442e-05 6.29989e-22
-0.000226789 8.51715e-05 7.88818e-22
-0.000225549 8.13481e-05 9.45625e-22
-0.000224293 7.7587e-05 1.09988e-21
-0.000223021 7.39002e-05 1.25109e-21
-0.000221731 7.02988e-05 1.39879e-21
-0.000220422 6.67928e-05 1.54258e-21
-0.000219094 6.33925e-05 1.68204e-21
-0.000217746 6.01077e-05 1.81676e-21
-0.000216377 5.69471e-05 1.94638e-21
-0.000214988 5.3918e-05 2.07062e-21
-0.000213577 5.10264e-05 2.18921e-21
-0.000212146 4.82771e-05 2.30197e-21
-0.000210693 4.56733e-05 2.40876e-21
-0.00020922 4.32169e-05 2.5095e-21
-0.000207726 4.09089e-05 2.60415e-21
-0.000206212 3.87491e-05 2.69274e-21
-0.000204678 3.6736e-05 2.7753e-21
-0.000203125 3.48672e-05 2.85194e-21
-0.000201554 3.31391e-05 2.92282e-21
-0.000199966 3.1547e-05 2.98812e-21
-0.000198362 3.00855e-05 3.04805e-21
-0.000196742 2.87489e-05 3.10287e-21
-0.000195108 2.75312e-05 3.15281e-21
-0.000193461 2.64267e-05 3.19811e-21
-0.000191803 2.54294e-05 3.23901e-21
-0.000190135 2.45335e-05 3.27576e-21
-0.000188458 2.37331e-05 3.30858e-21
-0.000186775 2.30229e-05 3.33771e-21
-0.000185086 2.23976e-05 3.36336e-21
-0.000183394 2.18523e-05 3.38572e-21
-0.000181699 2.13815e-05 3.40503e-21
-0.000180004 2.09795e-05 3.42152e-21
-0.000178309 2.06411e-05 3.4354e-21
-0.000176617 2.03619e-05 3.44685e-21
-0.000174928 2.01384e-05 3.45601e-21
-0.000173245 1.99682e-05 3.46299e-21
-0.000171569 1.98496e-05 3.46786e-21
-0.000169901 1.97816e-05 3.47065e-21
-0.000168243 1.9762e-05 3.47145e-21
-0.000166596 1.97883e-05 3.47037e-21
-0.000164961 1.98587e-05 3.46748e-21
-0.00016334 1.99716e-05 3.46286e-21
-0.000161734 2.01258e-05 3.45653e-21
-0.000160143 2.03201e-05 3.44856e-21
-0.00015857 2.05541e-05 3.43897e-21
-0.000157015 2.08272e-05 3.42777e-21
-0.00015548 2.11381e-05 3.41501e-21
-0.000153965 2.14846e-05 3.4008e-21
-0.000152471 2.18646e-05 3.38522e-21
-0.000151 2.22761e-05 3.36834e-21
-0.000149552 2.27168e-05 3.35027e-21
-0.000148129 2.31839e-05 3.33111e-21
-0.000146728 2.36748e-05 3.31098e-21
-0.000145354 2.41871e-05 3.28997e-21
-0.000144008 2.47187e-05 3.26816e-21
-0.000142678 2.52676e-05 3.24565e-21
-0.000141357 2.58332e-05 3.22245e-21
-0.000140065 2.64142e-05 3.19863e-21
-0.000138808 2.70093e-05 3.17422e-21
-0.000137583 2.76179e-05 3.14926e-21
-0.000136394 2.82387e-05 3.1238e-21
-0.000135242 2.88706e-05 3.09788e-21
-0.000134128 2.9512e-05 3.07158e-21
-0.000133053 3.01615e-05 3.04494e-21
-0.00013202 3.08171e-05 3.01805e-21
-0.000131028 3.14766e-05 2.991e-21
-0.000130077 3.21386e-05 2.96385e-21
-0.00012917 3.28002e-05 2.93672e-21
-0.000128309 3.34582e-05 2.90973e-21
-0.000127495 3.41101e-05 2.88299e-21
-0.000126729 3.47533e-05 2.85661e-21
-0.000126011 3.53861e-05 2.83066e-21
-0.000125344 3.60061e-05 2.80523e-21
-0.000124729 3.66108e-05 2.78043e-21
-0.000124165 3.71971e-05 2.75639e-21
-0.000123654 3.77621e-05 2.73322e-21
-0.000123196 3.8302e-05 2.71107e-21
-0.000122793 3.88131e-05 2.69011e-21
-0.000122445 3.92918e-05 2.67048e-21
-0.000122151 3.97346e-05 2.65232e-21
-0.000121914 4.0138e-05 2.63577e-21
-0.000121732 4.0498e-05 2.62101e-21
-0.000121606 4.08104e-05 2.6082e-21
-0.000121536 4.10707e-05 2.59752e-21
-0.000121522 4.12741e-05 2.58918e-21
-0.000121563 4.14163e-05 2.58334e-21
-0.000121659 4.14933e-05 2.58019e-21
-0.000121811 4.15017e-05 2.57984e-21
-0.000122017 4.14384e-05 2.58244e-21
-0.000122278 4.13003e-05 2.5881e-21
-0.000122592 4.10849e-05 2.59694e-21
-0.00012296 4.07894e-05 2.60906e-21
-0.00012338 4.04117e-05 2.62455e-21
-0.000123851 3.99498e-05 2.64349e-21
-0.000124372 3.9402e-05 2.66596e-21
-0.000124943 3.87667e-05 2.69201e-21
-0.000125562 3.80429e-05 2.7217e-21
-0.000126228 3.723e-05 2.75504e-21
-0.00012694 3.63279e-05 2.79204e-21
-0.000127697 3.53366e-05 2.83269e-21
-0.000128496 3.4257e-05 2.87697e-21
-0.000129336 3.30906e-05 2.92481e-21
-0.000130216 3.1839e-05 2.97614e-21
-0.000131134 3.05043e-05 3.03088e-21
-0.000132088 2.90892e-05 3.08892e-21
-0.000133076 2.75976e-05 3.15009e-21
-0.000134089 2.60346e-05 3.21419e-21
-0.000135131 2.44062e-05 3.28098e-21
-0.000136203 2.27193e-05 3.35016e-21
-0.000137286 2.0981e-05 3.42146e-21
-0.00013839 1.92006e-05 3.49448e-21
-0.00013952 1.73873e-05 3.56884e-21
-0.000140668 1.55507e-05 3.64417e-21
-0.000141827 1.37047e-05 3.71988e-21
-0.000142997 1.18573e-05 3.79564e-21
-0.000144185 1.00185e-05 3.87106e-21
-0.00014538 8.19204e-06 3.94597e-21
-0.000146586 6.39617e-06 4.01962e-21
-0.000147801 4.6479e-06 4.09132e-21
-0.000149025 2.95556e-06 4.16073e-21
-0.000150254 1.33397e-06 4.22724e-21
-0.000151487 -2.06889e-07 4.29043e-21
-0.000152723 -1.65419e-06 4.34979e-21
-0.000153959 -2.99808e-06 4.40491e-21
-0.000155194 -4.22746e-06 4.45533e-21
-0.000156426 -5.33287e-06 4.50066e-21
-0.000157654 -6.30423e-06 4.5405e-21
-0.000158875 -7.13259e-06 4.57448e-21
-0.00016009 -7.8092e-06 4.60223e-21
-0.000161295 -8.32674e-06 4.62345e-21
-0.000162491 -8.67922e-06 4.63791e-21
-0.00016367 -8.8715e-06 4.64579e-21
-0.000164834 -8.89547e-06 4.64678e-21
-0.000165985 -8.74466e-06 4.64059e-21
-0.000167119 -8.4219e-06 4.62735e-21
-0.000168236 -7.92623e-06 4.60702e-21
-0.000169334 -7.26137e-06 4.57976e-21
-0.000170414 -6.42984e-06 4.54565e-21
-0.000171473 -5.43706e-06 4.50494e-21
-0.000172511 -4.28865e-06 4.45784e-21
-0.000173527 -2.99193e-06 4.40465e-21
-0.00017452 -1.55459e-06 4.34571e-21
-0.00017549 1.43304e-08 4.28136e-21
-0.000176436 1.70515e-06 4.21201e-21
-0.000177357 3.50739e-06 4.1381e-21
-0.000178253 5.4101e-06 4.06006e-21
-0.000179124 7.40165e-06 3.97838e-21
-0.000179969 9.46998e-06 3.89356e-21
-0.000180787 1.16027e-05 3.80609e-21
-0.000181579 1.37874e-05 3.71649e-21
-0.000182344 1.6012e-05 3.62525e-21
-0.000183082 1.82646e-05 3.53286e-21
-0.000183793 2.05336e-05 3.4398e-21
-0.000184477 2.28077e-05 3.34654e-21
-0.000185133 2.5076e-05 3.25351e-21
-0.000185762 2.73282e-05 3.16114e-21
-0.000186365 2.95544e-05 3.06984e-21
-0.00018694 3.17454e-05 2.97998e-21
-0.000187488 3.38941e-05 2.89185e-21
-0.000188011 3.59948e-05 2.8057e-21
-0.000188507 3.80428e-05 2.7217e-21
-0.000188979 4.00335e-05 2.64006e-21
-0.000189425 4.19627e-05 2.56094e-21
-0.000189848 4.38264e-05 2.4845e-21
-0.000190247 4.5621e-05 2.4109e-21
-0.000190623 4.73436e-05 2.34025e-21
-0.000190977 4.89923e-05 2.27263e-21
-0.000191309 5.05664e-05 2.20807e-21
-0.000191621 5.20657e-05 2.14658e-21
-0.000191913 5.34902e-05 2.08816e-21
-0.000192186 5.48403e-05 2.03279e-21
-0.000192442 5.61166e-05 1.98045e-21
-0.00019268 5.73197e-05 1.9311e-21
-0.000192902 5.84508e-05 1.88471e-21
-0.000193109 5.95114e-05 1.84121e-21
-0.000193302 6.05036e-05 1.80052e-21
-0.000193482 6.14294e-05 1.76255e-21
-0.00019365 6.22909e-05 1.72722e-21
-0.000193807 6.3089e-05 1.69448e-21
-0.000193953 6.38238e-05 1.66435e-21
-0.00019409 6.44953e-05 1.63681e-21
-0.000194217 6.51034e-05 1.61187e-21
-0.000194336 6.56482e-05 1.58952e-21
-0.000194447 6.61303e-05 1.56975e-21
-0.000194551 6.65499e-05 1.55254e-21
-0.000194647 6.69079e-05 1.53786e-21
-0.000194737 6.72064e-05 1.52562e-21
-0.000194821 6.74484e-05 1.51569e-21
-0.0001949 6.76373e-05 1.50795e-21
-0.000194973 6.77761e-05 1.50226e-21
-0.000195041 6.78665e-05 1.49855e-21
-0.000195105 6.79097e-05 1.49678e-21
-0.000195164 6.79061e-05 1.49692e-21
-0.000195219 6.78565e-05 1.49896e-21
-0.000195268 6.77622e-05 1.50283e-21
-0.000195312 6.76248e-05 1.50846e-21
-0.000195351 6.74463e-05 1.51578e-21
-0.000195385 6.72277e-05 1.52474e-21
-0.000195413 6.69692e-05 1.53535e-21
-0.000195435 6.66699e-05 1.54762e-21
-0.00019545 6.63284e-05 1.56163e-21
-0.000195457 6.59435e-05 1.57741e-21
-0.000195457 6.55147e-05 1.595e-21
-0.000195448 6.50421e-05 1.61438e-21
-0.00019543 6.45258e-05 1.63556e-21
-0.000195403 6.39654e-05 1.65854e-21
-0.000195365 6.33591e-05 1.68341e-21
-0.000195317 6.27036e-05 1.71029e-21
-0.000195256 6.19955e-05 1.73933e-21
-0.000195183 6.12315e-05 1.77066e-21
-0.000195097 6.04089e-05 1.80441e-21
-0.000194995 5.95252e-05 1.84065e-21
-0.000194879 5.85788e-05 1.87946e-21
-0.000194747 5.75674e-05 1.92094e-21
-0.000194598 5.64882e-05 1.9652e-21
-0.000194431 5.53377e-05 2.01239e-21
-0.000194245 5.41126e-05 2.06263e-21
-0.000194039 5.28104e-05 2.11604e-21
-0.000193812 5.14299e-05 2.17266e-21
-0.000193564 4.99716e-05 2.23247e-21
-0.000193293 4.84366e-05 2.29542e-21
-0.000192998 4.68263e-05 2.36146e-21
-0.00019268 4.51422e-05 2.43054e-21
-0.000192336 4.33853e-05 2.50259e-21
-0.000191967 4.15572e-05 2.57757e-21
-0.00019157 3.96602e-05 2.65537e-21
-0.000191145 3.76974e-05 2.73587e-21
-0.000190691 3.5673e-05 2.81889e-21
-0.000190207 3.35915e-05 2.90426e-21
-0.000189692 3.14579e-05 2.99177e-21
-0.000189146 2.92772e-05 3.08121e-21
-0.000188567 2.70545e-05 3.17236e-21
-0.000187954 2.47953e-05 3.26502e-21
-0.000187306 2.25051e-05 3.35895e-21
-0.000186622 2.019e-05 3.4539e-21
-0.000185902 1.78561e-05 3.54962e-21
-0.000185143 1.55097e-05 3.64585e-21
-0.000184347 1.31572e-05 3.74233e-21
-0.00018351 1.08046e-05 3.83882e-21
-0.000182633 8.45769e-06 3.93507e-21
-0.000181714 6.12191e-06 4.03087e-21
-0.000180753 3.80252e-06 4.126e-21
-0.000179748 1.50392e-06 4.22027e-21
-0.000178699 -7.70213e-07 4.31354e-21
-0.000177605 -3.01668e-06 4.40567e-21
-0.000176464 -5.2327e-06 4.49656e-21
-0.000175276 -7.41618e-06 4.58611e-21
-0.00017404 -9.56567e-06 4.67426e-21
-0.000172756 -1.16803e-05 4.76099e-21
-0.000171421 -1.37594e-05 4.84626e-21
-0.000170036 -1.58027e-05 4.93006e-21
-0.000168593 -1.78243e-05 5.01297e-21
-0.000167088 -1.98296e-05 5.09521e-21
-0.00016553 -2.18012e-05 5.17608e-21
-0.00016392 -2.37372e-05 5.25548e-21
-0.000162257 -2.56393e-05 5.33349e-21
-0.000160542 -2.75063e-05 5.41006e-21
-0.000158773 -2.93398e-05 5.48526e-21
-0.000156952 -3.11399e-05 5.55909e-21
-0.000155078 -3.29087e-05 5.63163e-21
-0.000153152 -3.46474e-05 5.70294e-21
-0.000151174 -3.63587e-05 5.77312e-21
-0.000149144 -3.80447e-05 5.84227e-21
-0.000147062 -3.97079e-05 5.91048e-21
-0.00014493 -4.13509e-05 5.97787e-21
-0.000142748 -4.2977e-05 6.04456e-21
-0.000140514 -4.45899e-05 6.11071e-21
-0.000138231 -4.61918e-05 6.1764e-21
-0.000135901 -4.77839e-05 6.2417e-21
-0.000133504 -4.93635e-05 6.30649e-21
-0.000131056 -5.09378e-05 6.37105e-21
-0.000128567 -5.25116e-05 6.4356e-21
-0.000126029 -5.40846e-05 6.50011e-21
-0.000123451 -5.56614e-05 6.56478e-21
-0.000120831 -5.72437e-05 6.62968e-21
-0.000118171 -5.88354e-05 6.69496e-21
-0.000115473 -6.0439e-05 6.76073e-21
-0.000112738 -6.20584e-05 6.82714e-21
-0.000109951 -6.36975e-05 6.89437e-21
-0.000107125 -6.53595e-05 6.96253e-21
-0.00010427 -6.70478e-05 7.03177e-21
-0.000101381 -6.87665e-05 7.10226e-21
-9.84636e-05 -7.05191e-05 7.17414e-21
-9.55097e-05 -7.23099e-05 7.24758e-21
-9.25274e-05 -7.41426e-05 7.32275e-21
-8.95194e-05 -7.60215e-05 7.39981e-21
-8.64856e-05 -7.79499e-05 7.4789e-21
-8.34284e-05 -7.99317e-05 7.56018e-21
-8.03479e-05 -8.197e-05 7.64378e-21
-7.7246e-05 -8.40685e-05 7.72984e-21
-7.41229e-05 -8.62317e-05 7.81856e-21
-7.09797e-05 -8.84652e-05 7.91016e-21
-6.78164e-05 -9.07745e-05 8.00487e-21
-6.4634e-05 -9.31647e-05 8.1029e-21
-6.14325e-05 -9.56406e-05 8.20444e-21
-5.82125e-05 -9.82069e-05 8.3097e-21
-5.4974e-05 -0.000100868 8.41882e-21
-5.17175e-05 -0.000103626 8.53195e-21
-4.84433e-05 -0.000106484 8.64915e-21
-4.51517e-05 -0.00010944 8.77042e-21
-4.18432e-05 -0.000112496 8.89573e-21
-3.85182e-05 -0.000115648 9.025e-21
-3.51776e-05 -0.000118891 9.15801e-21
-3.18225e-05 -0.000122218 9.29444e-21
-2.8454e-05 -0.000125619 9.43392e-21
-2.50732e-05 -0.000129084 9.57607e-21
-2.1683e-05 -0.000132603 9.72039e-21
-1.82873e-05 -0.000136162 9.86632e-21
-1.4886e-05 -0.000139747 1.00134e-20
-1.14779e-05 -0.00014335 1.01611e-20
-8.09566e-06 -0.000146943 1.03085e-20
-4.93283e-06 -0.000150423 1.04512e-20
-1.92978e-06 -0.000153796 1.05896e-20
1.10404e-06 -0.000157154 1.07273e-20
4.05374e-06 -0.000160383 1.84163e-20
7.04826e-06 -0.000163542 1.85503e-20
1.00517e-05 -0.000166646 1.8682e-20
1.30383e-05 -0.000169679 1.88107e-20
1.60111e-05 -0.00017264 1.89363e-20
1.89405e-05 -0.000175527 1.90589e-20
2.16719e-05 -0.000178351 1.91788e-20
2.42601e-05 -0.000181099 1.92955e-20
2.68564e-05 -0.000183762 1.94086e-20
2.93808e-05 -0.00018629 2.34135e-20
3.17537e-05 -0.000188544 2.3348e-20
3.42681e-05 -0.000190729 2.32622e-20
3.67559e-05 -0.000192835 2.32181e-20
3.92173e-05 -0.000194867 2.31338e-20
4.16495e-05 -0.000196828 2.30729e-20
4.40522e-05 -0.000198723 2.30127e-20
4.64237e-05 -0.000200558 2.29157e-20
4.87952e-05 -0.000202271 1.97059e-20
5.11066e-05 -0.000203916 1.96656e-20
5.33771e-05 -0.000205521 1.95914e-20
5.56138e-05 -0.000207093 1.95345e-20
5.78165e-05 -0.000208638 1.94626e-20
5.9985e-05 -0.000210163 1.9408e-20
6.21681e-05 -0.000211604 2.05171e-20
6.44896e-05 -0.000212744 2.71773e-20
6.63416e-05 -0.000213693 2.27589e-20
6.83237e-05 -0.000214663 2.15926e-20
7.02935e-05 -0.000215659 5.06441e-19
7.22249e-05 -0.000216681 2.48279e-20
7.40935e-05 -0.00021772 2.63995e-20
7.58658e-05 -0.000218663 -3.24667e-17
7.74427e-05 -0.000219373 1.77851e-20
7.90411e-05 -0.000219869 2.86312e-20
8.04902e-05 -0.000220421 2.48698e-20
8.17754e-05 -0.000220963 2.43707e-20
8.28373e-05 -0.000221422 2.09837e-20
8.39802e-05 -0.000221931 2.98115e-20
8.51121e-05 -0.00022248 2.67912e-20
8.62222e-05 -0.00022307 8.29563e-18
8.73102e-05 -0.000223701 2.33465e-20
8.83775e-05 -0.000224372 2.36266e-20
8.94211e-05 -0.000225083 2.64606e-20
9.04411e-05 -0.000225835 2.33677e-20
9.14372e-05 -0.000226625 3.44351e-20
9.23936e-05 -0.000227452 3.29298e-20
9.33032e-05 -0.000228316 2.24484e-20
9.4185e-05 -0.000229216 2.14093e-20
9.50425e-05 -0.000230151 2.69244e-20
9.58736e-05 -0.00023112 1.87699e-20
9.66775e-05 -0.000232122 3.25731e-20
9.7447e-05 -0.000233155 2.2568e-20
9.84126e-05 -0.000234072 2.24681e-20
9.90596e-05 -0.000234856 1.89894e-20
9.95601e-05 -0.000235609 1.98698e-20
0.000100171 -0.00023639 1.9304e-20
0.000100772 -0.000237191 1.94001e-18
0.000101349 -0.000238013 2.57476e-20
0.000101895 -0.000238856 1.05067e-19
0.000102408 -0.000239717 -3.72586e-20
0.000102886 -0.000240596 1.80902e-20
0.000103328 -0.000241492 -7.05579e-21
0.000103732 -0.000242404 7.61629e-21
0.000104095 -0.000243329 2.0623e-20
0.000104411 -0.000244271 8.44824e-21
0.000104687 -0.000245226 -5.36073e-19
0.000104928 -0.000246187 -1.33525e-18
0.000105128 -0.00024715 2.3611e-20
0.000105289 -0.000248113 6.42967e-20
0.000105412 -0.000249073 1.3132e-20
0.000105493 -0.000250024 2.35384e-20
0.000105528 -0.000250963 7.20468e-21
0.000105518 -0.000251886 1.78206e-20
0.000105464 -0.000252788 8.31292e-22
0.000105366 -0.000253667 1.78372e-21
0.000105361 -0.000254466 3.24446e-19
0.000105454 -0.000255141 -1.44517e-18
0.000105269 -0.000255786 1.44615e-21
0.000105128 -0.000256411 -3.68176e-19
0.000105158 -0.000257029 7.23046e-19
0.000104957 -0.00025763 -1.15764e-19
0.000104555 -0.000258209 -3.21233e-19
0.000104101 -0.000258746 -8.18752e-20
0.000103607 -0.000259236 2.4363e-19
0.000103077 -0.000259679 -3.92337e-19
0.000102513 -0.000260075 -4.97275e-21
0.000101904 -0.000260422 -3.81483e-18
0.000101185 -0.000260706 8.41279e-19
0.000100523 -0.000260949 6.78834e-19
9.98502e-05 -0.000261152 2.49879e-18
9.9154e-05 -0.000261316 -3.13658e-19
9.84326e-05 -0.000261441 -2.36292e-19
9.76874e-05 -0.000261531 -6.82979e-20
9.69209e-05 -0.000261586 -6.75024e-18
9.6135e-05 -0.00026161 1.25478e-18
9.53449e-05 -0.000261607 8.05081e-20
9.45435e-05 -0.000261578 5.98862e-19
9.37391e-05 -0.000261526 8.71262e-20
9.29184e-05 -0.000261451 1.16103e-19
9.20767e-05 -0.000261353 9.06592e-20
9.12093e-05 -0.000261222 3.1366e-19
9.03251e-05 -0.000261055 2.09414e-19
8.94372e-05 -0.000260851 7.64977e-20
8.85783e-05 -0.000260582 8.20205e-20
8.77022e-05 -0.000260237 9.69221e-20
8.67953e-05 -0.000259809 9.69088e-20
8.58582e-05 -0.0002593 9.68932e-20
8.48909e-05 -0.000258715 9.68754e-20
8.38927e-05 -0.000258056 9.68554e-20
8.28611e-05 -0.000257325 9.68334e-20
8.17941e-05 -0.000256525 9.68095e-20
8.06915e-05 -0.000255657 9.67837e-20
7.95532e-05 -0.000254723 9.6756e-20
7.83792e-05 -0.000253724 9.67265e-20
7.71702e-05 -0.000252661 9.66952e-20
7.59263e-05 -0.000251534 9.66622e-20
7.46478e-05 -0.000250342 9.66273e-20
7.3335e-05 -0.000249084 9.65906e-20
7.19884e-05 -0.000247757 9.6552e-20
7.06084e-05 -0.00024636 9.65113e-20
6.91955e-05 -0.000244889 9.64686e-20
6.77503e-05 -0.000243339 9.64236e-20
6.62736e-05 -0.000241709 9.63762e-20
6.4766e-05 -0.000239994 9.63264e-20
6.32282e-05 -0.00023819 9.6274e-20
6.16608e-05 -0.000236294 9.62189e-20
6.00644e-05 -0.000234302 9.61609e-20
5.84396e-05 -0.000232211 9.61e-20
5.6787e-05 -0.000230018 9.6036e-20
5.51073e-05 -0.000227721 9.59689e-20
5.34014e-05 -0.00022532 9.58986e-20
5.16698e-05 -0.000222815 9.58252e-20
4.99128e-05 -0.000220206 9.57486e-20
4.81303e-05 -0.000217495 9.5669e-20
4.63224e-05 -0.000214682 9.55862e-20
4.44888e-05 -0.000211768 9.55003e-20
4.26293e-05 -0.000208755 9.54114e-20
4.07439e-05 -0.000205647 9.53197e-20
3.88322e-05 -0.000202448 9.52251e-20
3.68938e-05 -0.000199163 9.51278e-20
3.49281e-05 -0.000195796 9.50281e-20
3.29339e-05 -0.000192353 9.49261e-20
3.09103e-05 -0.000188837 9.48218e-20
2.8856e-05 -0.000185254 9.47154e-20
2.67703e-05 -0.000181608 9.46072e-20
2.46526e-05 -0.000177906 9.44972e-20
2.25024e-05 -0.000174158 9.43858e-20
2.03192e-05 -0.000170371 9.42733e-20
1.81019e-05 -0.000166554 9.41598e-20
1.58497e-05 -0.000162715 9.40458e-20
1.35613e-05 -0.000158861 9.39312e-20
1.12358e-05 -0.000154997 9.38164e-20
8.87253e-06 -0.000151129 9.37016e-20
6.47067e-06 -0.000147263 9.35868e-20
4.0296e-06 -0.000143403 9.34722e-20
1.54878e-06 -0.000139555 9.3358e-20
-9.72241e-07 -0.000135722 9.32444e-20
-3.53397e-06 -0.000131907 9.31313e-20
-6.1368e-06 -0.000128113 9.30189e-20
-8.78098e-06 -0.000124342 9.29072e-20
-1.14666e-05 -0.000120595 9.27963e-20
-1.41934e-05 -0.000116875 9.26862e-20
-1.69613e-05 -0.000113183 9.25771e-20
-1.97699e-05 -0.00010952 9.24688e-20
-2.26189e-05 -0.000105888 9.23615e-20
-2.55077e-05 -0.000102289 9.22552e-20
-2.84357e-05 -9.87246e-05 9.21499e-20
-3.14023e-05 -9.51955e-05 9.20458e-20
-3.44069e-05 -9.17034e-05 9.19427e-20
-3.7449e-05 -8.82488e-05 9.18409e-20
-4.05282e-05 -8.48319e-05 9.17401e-20
-4.36437e-05 -8.14525e-05 9.16405e-20
-4.67951e-05 -7.81109e-05 9.15421e-20
-4.99814e-05 -7.4808e-05 9.14448e-20
-5.32018e-05 -7.15455e-05 9.13487e-20
-5.64554e-05 -6.83248e-05 9.12539e-20
-5.97416e-05 -6.51478e-05 9.11604e-20
-6.30598e-05 -6.20155e-05 9.10683e-20
-6.64093e-05 -5.89286e-05 9.09776e-20
-6.97897e-05 -5.58876e-05 9.08883e-20
-7.32003e-05 -5.28931e-05 9.08004e-20
-7.66403e-05 -4.99459e-05 9.07139e-20
-8.00945e-05 -4.70534e-05 9.06292e-20
-8.35343e-05 -4.42303e-05 9.05466e-20
-8.69887e-05 -4.14648e-05 9.04659e-20
-9.04783e-05 -3.87437e-05 9.03866e-20
-9.39905e-05 -3.6072e-05 9.03088e-20
-9.75288e-05 -3.34463e-05 9.02324e-20
-0.00010109 -3.08656e-05 9.01575e-20
-0.000104676 -2.83272e-05 9.00839e-20
-0.00010828 -2.58291e-05 9.00116e-20
-0.000111902 -2.33699e-05 8.99405e-20
-0.000115545 -2.0947e-05 8.98706e-20
-0.000119208 -1.85578e-05 8.98017e-20
-0.000122889 -1.61981e-05 8.97339e-20
-0.000126587 -1.38634e-05 8.96668e-20
-0.000130302 -1.15489e-05 8.96004e-20
-0.000134021 -9.25152e-06 8.95346e-20
-0.000137742 -6.96879e-06 8.94693e-20
-0.00014145 -4.69774e-06 8.94044e-20
-0.000145157 -2.43159e-06 8.93397e-20
-0.000148876 -1.64968e-07 8.9275e-20
-0.000152597 2.10805e-06 8.92102e-20
-0.000156321 4.39475e-06 8.91449e-20
-0.000160043 6.70191e-06 8.90791e-20
-0.000163723 8.98309e-06 7.24917e-20
-0.000167363 1.12337e-05 7.24278e-20
-0.000170999 1.35118e-05 7.23632e-20
-0.000174639 1.58443e-05 7.22968e-20
-0.000178262 1.82218e-05 7.22291e-20
-0.000181877 2.06601e-05 7.21594e-20
-0.000185475 2.31584e-05 7.20878e-20
-0.000189059 2.57254e-05 7.20141e-20
-0.000192625 2.83621e-05 7.19381e-20
-0.00019617 3.10717e-05 7.18599e-20
-0.000199689 3.38527e-05 7.17795e-20
-0.000203004 3.65098e-05 7.30275e-20
-0.00020642 3.92152e-05 7.23556e-20
-0.00020984 4.1997e-05 7.02917e-20
-0.000213232 4.48532e-05 7.26502e-20
-0.000216596 4.7783e-05 7.20995e-20
-0.000219931 5.07859e-05 7.0701e-20
-0.000223234 5.38601e-05 7.03064e-20
-0.000226532 5.69658e-05 7.14025e-20
-0.000229802 6.00956e-05 7.26471e-20
-0.000232799 6.32856e-05 7.33606e-20
-0.000235367 6.64503e-05 7.02967e-20
-0.000237734 6.95793e-05 6.96086e-20
-0.000240086 7.27504e-05 7.15073e-20
-0.000242402 7.59526e-05 7.41753e-20
-0.000244613 7.91042e-05 5.55943e-20
-0.000246613 8.20404e-05 5.64423e-20
-0.000248793 8.499e-05 5.50174e-20
-0.000251021 8.78358e-05 5.58918e-20
-0.000253177 9.06351e-05 5.49227e-20
-0.000255272 9.34123e-05 5.62751e-20
-0.000257328 9.61635e-05 5.637e-20
-0.000259348 9.88869e-05 5.51564e-20
-0.000261319 0.000101577 5.29059e-20
-0.000263252 0.000104234 5.42945e-20
-0.000265155 0.000106867 5.3034e-20
-0.00026702 0.000109478 5.51989e-20
-0.000268846 0.000112068 5.43053e-20
-0.000270633 0.00011464 4.96778e-20
-0.000272382 0.000117199 5.29488e-20
-0.000274092 0.000119747 5.08803e-20
-0.000275763 0.000122291 5.36527e-20
-0.000277282 0.000124739 5.60458e-20
-0.000278635 0.000126999 5.67137e-20
-0.00028016 0.000129278 5.1304e-20
-0.000281702 0.00013152 5.34099e-20
-0.000283347 0.000133592 5.65488e-20
-0.000284743 0.000135656 5.54082e-20
-0.000285894 0.000137367 5.54215e-20
-0.000286897 0.000138866 6.01322e-20
-0.000287902 0.000140467 5.62721e-20
-0.000288867 0.000142093 5.32706e-20
-0.000289799 0.000143759 5.68769e-20
-0.000290689 0.000145464 5.96314e-20
-0.00029154 0.000147209 5.0978e-20
-0.000292365 0.000148995 5.1654e-20
-0.000293164 0.000150822 5.27846e-20
-0.000293939 0.00015269 5.63938e-20
-0.000294691 0.000154598 4.97747e-20
-0.000295421 0.000156544 5.26423e-20
-0.000296131 0.000158529 6.1771e-20
-0.00029682 0.000160548 5.95678e-20
-0.000297481 0.0001626 5.21981e-20
-0.00029812 0.000164681 5.51273e-20
-0.000298757 0.000166791 5.13308e-20
-0.000299115 0.000168728 6.36765e-20
-0.000299606 0.000170592 6.71524e-20
-0.00030021 0.000172477 6.58221e-20
-0.000300807 0.00017438 7.19938e-20
-0.000301406 0.000176292 6.32268e-20
-0.00030206 0.00017817 7.01931e-20
-0.00030296 0.000179838 7.32123e-20
-0.000303549 0.000181523 7.35272e-20
-0.000304098 0.000183208 -4.4209e-18
-0.000304659 0.000184894 7.69765e-20
-0.000305221 0.00018658 7.07446e-20
-0.000305786 0.000188266 7.17971e-20
-0.000306338 0.000189926 2.25314e-19
-0.000306857 0.000191529 8.75045e-20
-0.00030736 0.000193105 8.19862e-20
-0.00030787 0.000194682 6.10798e-20
-0.000308392 0.000196254 7.2455e-20
-0.000308918 0.00019782 1.26755e-17
-0.000309433 0.000199372 -2.53489e-19
-0.000309942 0.000200896 4.22976e-20
-0.000310459 0.000202406 5.70838e-20
-0.000310975 0.0002039 7.14438e-19
-0.00031149 0.000205377 1.84255e-19
-0.000311976 0.000206804 4.66203e-18
-0.000312467 0.000208191 -5.83863e-17
-0.000312965 0.000209549 6.64948e-20
-0.000313467 0.000210869 7.54243e-20
-0.000313602 0.00021198 7.53849e-20
-0.000313922 0.000213005 7.36e-20
-0.000314335 0.000213959 7.93994e-20
-0.000314752 0.000214834 8.07372e-20
-0.000315216 0.000215661 7.96024e-20
-0.000315854 0.000216451 8.12777e-20
-0.000316788 0.000217204 6.13045e-20
-0.000317897 0.000217843 9.17394e-20
-0.000318794 0.00021845 7.53599e-20
-0.000319645 0.000219015 8.13162e-20
-0.00032048 0.000219546 7.19605e-20
-0.000321283 0.000220053 8.25721e-20
-0.000322075 0.000220516 7.28974e-20
-0.000322846 0.000220938 7.16829e-20
-0.000323597 0.000221319 8.40724e-20
-0.000324326 0.000221658 6.76741e-20
-0.000324616 0.000221849 6.94527e-20
-0.000325208 0.000221994 7.22369e-20
-0.000325859 0.000222108 7.96873e-20
-0.0003265 0.000222192 1.38467e-19
-0.000326567 0.0002222 -5.09339e-19
-0.000326632 0.000222208 2.40791e-19
-0.000326699 0.000222214 8.77151e-20
-0.000326766 0.000222219 1.72836e-19
-0.000326833 0.000222226 1.55901e-19
-0.000326898 0.000222232 5.01068e-20
-0.000326962 0.000222238 -3.63031e-18
-0.00032704 0.000222238 9.1378e-20
-0.000327124 0.000222235 6.63477e-19
-0.000327194 0.000222237 7.83717e-20
-0.000327259 0.000222242 -8.53498e-20
-0.000327323 0.000222246 -1.48043e-19
-0.000327928 0.000222278 7.54229e-20
-0.000328495 0.000222284 7.85715e-20
-0.000328996 0.000222279 7.11069e-20
-0.000329439 0.000222261 8.13111e-20
-0.000329863 0.000222215 -2.67214e-19
-0.000330268 0.000222147 7.92811e-20
-0.000330668 0.000222059 1.20133e-17
-0.000331069 0.00022195 -2.31361e-19
-0.000331473 0.000221823 -1.81468e-20
-0.000331877 0.000221679 6.59451e-19
-0.000332289 0.000221514 7.21959e-19
-0.00033271 0.00022132 7.46833e-19
-0.000333068 0.00022105 7.13447e-19
-0.000333402 0.000220699 7.29754e-19
-0.000333732 0.000220271 7.2976e-19
-0.000334058 0.000219771 7.29766e-19
-0.000334381 0.000219202 7.29772e-19
-0.000334689 0.000218555 7.29778e-19
-0.000334976 0.000217825 7.29784e-19
-0.000335241 0.000217018 7.29789e-19
-0.000335484 0.000216135 7.29795e-19
-0.000335704 0.00021518 7.298e-19
-0.000335898 0.000214155 7.29805e-19
-0.000336068 0.000213065 7.2981e-19
-0.000336212 0.000211913 7.29815e-19
-0.000336329 0.000210702 7.29819e-19
-0.000336419 0.000209433 7.29823e-19
-0.000336482 0.00020811 7.29827e-19
-0.000336515 0.000206732 7.29831e-19
-0.000336519 0.0002053 7.29834e-19
-0.000336493 0.000203815 7.29837e-19
-0.000336435 0.000202277 7.2984e-19
-0.000336335 0.000200689 7.29842e-19
-0.000336189 0.000199052 7.29844e-19
-0.000335998 0.000197366 7.29845e-19
-0.00033576 0.000195632 7.29846e-19
-0.000335475 0.000193847 7.29847e-19
-0.000335141 0.000192013 7.29847e-19
-0.000334759 0.000190126 7.29848e-19
-0.000334328 0.000188188 7.29847e-19
-0.000333846 0.000186197 7.29847e-19
-0.000333313 0.000184153 7.29846e-19
-0.000332729 0.000182055 7.29845e-19
-0.000332091 0.000179905 7.29844e-19
-0.000331401 0.000177703 7.29842e-19
-0.000330656 0.000175451 7.29841e-19
-0.000329857 0.000173151 7.29839e-19
-0.000329002 0.000170805 7.29836e-19
-0.000328091 0.000168418 7.29834e-19
-0.000327123 0.000165993 7.29831e-19
-0.000326094 0.000163534 7.29828e-19
-0.000325002 0.000161046 7.29825e-19
-0.000323845 0.000158536 7.29821e-19
-0.000322624 0.00015601 7.29817e-19
-0.000321337 0.000153474 7.29813e-19
-0.000319984 0.000150934 7.29808e-19
-0.000318564 0.000148397 7.29802e-19
-0.000317079 0.000145869 7.29796e-19
-0.000315527 0.000143356 7.2979e-19
-0.000313907 0.000140864 7.29783e-19
-0.000312221 0.000138399 7.29775e-19
-0.000310469 0.000135966 7.29767e-19
-0.00030865 0.00013357 7.29759e-19
-0.000306765 0.000131216 7.29749e-19
-0.000304815 0.000128908 7.29739e-19
-0.0003028 0.000126649 7.29729e-19
-0.000300721 0.000124442 7.29717e-19
-0.00029858 0.000122289 7.29706e-19
-0.000296376 0.000120193 7.29693e-19
-0.000294112 0.000118155 7.2968e-19
-0.000291789 0.000116174 7.29666e-19
-0.000289407 0.000114251 7.29652e-19
-0.00028697 0.000112384 7.29638e-19
-0.000284477 0.000110569 7.29622e-19
-0.000281932 0.000108803 7.29607e-19
-0.000279334 0.000107084 7.29591e-19
-0.000276687 0.000105408 7.29575e-19
-0.000273991 0.00010377 7.29558e-19
-0.000271249 0.000102168 7.29542e-19
-0.000268463 0.000100596 7.29525e-19
-0.000265633 9.90507e-05 7.29508e-19
-0.000262763 9.75271e-05 7.2949e-19
-0.000259854 9.60215e-05 7.29473e-19
-0.000256907 9.45304e-05 7.29456e-19
-0.000253925 9.30512e-05 7.29439e-19
-0.000250909 9.15817e-05 7.29421e-19
-0.000247862 9.01197e-05 7.29404e-19
-0.000244786 8.86638e-05 7.29387e-19
-0.000241681 8.72128e-05 7.2937e-19
-0.000238551 8.57657e-05 7.29353e-19
-0.000235398 8.4322e-05 7.29336e-19
-0.000232222 8.2881e-05 7.29319e-19
-0.000229026 8.14421e-05 7.29302e-19
-0.000225812 8.00049e-05 7.29285e-19
-0.000222581 7.85691e-05 7.29268e-19
-0.000219336 7.71344e-05 7.29251e-19
-0.000216078 7.57005e-05 7.29234e-19
-0.000212808 7.42671e-05 7.29217e-19
-0.00020953 7.28339e-05 7.29201e-19
-0.000206243 7.14009e-05 7.29184e-19
-0.000202952 6.9968e-05 7.29167e-19
-0.000199656 6.85349e-05 7.2915e-19
-0.000196358 6.71013e-05 7.29132e-19
-0.00019306 6.56661e-05 7.29115e-19
-0.000189764 6.42283e-05 7.29098e-19
-0.000186472 6.2786e-05 7.2908e-19
-0.000183185 6.13378e-05 7.29063e-19
-0.000179905 5.9882e-05 7.29045e-19
-0.000176634 5.8417e-05 7.29027e-19
-0.000173375 5.6941e-05 7.2901e-19
-0.00017013 5.54517e-05 7.28992e-19
-0.0001669 5.39463e-05 7.28974e-19
-0.000163687 5.24216e-05 7.28956e-19
-0.000160487 5.08742e-05 7.28938e-19
-0.000157305 4.93007e-05 7.2892e-19
-0.000154149 4.76975e-05 7.28902e-19
-0.00015104 4.60615e-05 7.28884e-19
-0.000147946 4.43897e-05 7.28867e-19
-0.000144872 4.26813e-05 7.28849e-19
-0.000141837 4.09331e-05 7.28832e-19
-0.00013886 3.91564e-05 7.28815e-19
-0.00013596 3.73546e-05 7.28797e-19
-0.0001331 3.55088e-05 7.2878e-19
-0.000130277 3.36109e-05 7.28764e-19
-0.000127473 3.16667e-05 7.28747e-19
-0.000124704 2.96653e-05 7.2873e-19
-0.000121982 2.76014e-05 7.28714e-19
-0.0001193 2.54744e-05 7.28699e-19
-0.000116662 2.32752e-05 7.28684e-19
-0.000114059 2.09944e-05 7.28669e-19
-0.000111501 1.86402e-05 7.28655e-19
-0.000108987 1.62181e-05 7.28642e-19
-0.000106517 1.37231e-05 7.28628e-19
-0.000104094 1.11581e-05 7.28616e-19
-0.000101716 8.52178e-06 7.28604e-19
-9.93846e-05 5.81662e-06 7.28592e-19
-9.70983e-05 3.04298e-06 7.28581e-19
-9.48575e-05 2.03496e-07 7.2857e-19
-9.26618e-05 -2.70053e-06 7.28559e-19
-9.05107e-05 -5.66702e-06 7.28549e-19
-8.84005e-05 -8.69681e-06 7.2854e-19
-8.63316e-05 -1.17877e-05 7.2853e-19
-8.43053e-05 -1.49362e-05 7.28522e-19
-8.23201e-05 -1.81402e-05 7.28513e-19
-8.03762e-05 -2.13969e-05 7.28505e-19
-7.84714e-05 -2.47034e-05 7.28498e-19
-7.66052e-05 -2.80571e-05 7.2849e-19
-7.47772e-05 -3.14548e-05 7.28483e-19
-7.29864e-05 -3.48936e-05 7.28476e-19
-7.12319e-05 -3.83697e-05 7.2847e-19
-6.95127e-05 -4.18795e-05 7.28464e-19
-6.7848e-05 -4.53947e-05 7.39233e-19
-6.62585e-05 -4.88661e-05 7.39214e-19
-6.46509e-05 -5.23604e-05 7.39196e-19
-6.3226e-05 -5.57068e-05 7.41029e-19
-6.17724e-05 -5.89866e-05 7.40852e-19
-6.02745e-05 -6.22792e-05 7.40671e-19
-5.88051e-05 -6.55763e-05 7.40494e-19
-5.73639e-05 -6.88734e-05 7.40318e-19
-5.59498e-05 -7.21656e-05 7.40117e-19
-5.4569e-05 -7.54444e-05 7.39943e-19
-5.32248e-05 -7.87026e-05 7.39771e-19
-5.19088e-05 -8.19386e-05 7.39575e-19
-5.06178e-05 -8.51484e-05 7.39402e-19
-4.93549e-05 -8.83334e-05 7.38483e-19
-4.82975e-05 -9.12972e-05 7.51418e-19
-4.71868e-05 -9.41351e-05 7.51397e-19
-4.60053e-05 -9.69318e-05 7.51403e-19
-4.48423e-05 -9.96795e-05 7.51356e-19
-4.37009e-05 -0.000102373 7.51321e-19
-4.25807e-05 -0.000105009 7.51378e-19
-4.14643e-05 -0.00010756 7.53001e-19
-4.03388e-05 -0.000109966 7.5384e-19
-3.92887e-05 -0.000112309 7.53352e-19
-3.82676e-05 -0.000114581 7.52169e-19
-3.72688e-05 -0.000116782 7.53916e-19
-3.62877e-05 -0.00011891 7.51502e-19
-3.53235e-05 -0.000120965 7.56384e-19
-3.43755e-05 -0.000122945 7.53313e-19
-3.3443e-05 -0.000124847 7.55422e-19
-3.25252e-05 -0.000126671 7.52458e-19
-3.16215e-05 -0.000128414 7.53648e-19
-3.07307e-05 -0.000130076 7.5233e-19
-2.98514e-05 -0.000131654 7.55326e-19
-2.89834e-05 -0.000133148 7.53224e-19
-2.80122e-05 -0.000134401 7.54978e-19
-2.71769e-05 -0.000135593 7.5336e-19
-2.63502e-05 -0.000136707 7.52988e-19
-2.55798e-05 -0.0001377 7.52835e-19
-2.48602e-05 -0.00013854 7.57083e-19
-2.40627e-05 -0.00013931 7.49468e-19
-2.32716e-05 -0.000140005 7.53022e-19
-2.24888e-05 -0.000140625 7.51033e-19
-2.17139e-05 -0.000141167 7.63315e-19
-2.09481e-05 -0.000141632 7.6333e-19
-2.01963e-05 -0.000142024 7.50294e-19
-1.94506e-05 -0.000142334 7.5029e-19
-1.87147e-05 -0.000142566 7.50303e-19
-1.79897e-05 -0.000142722 7.50304e-19
-1.72764e-05 -0.000142801 7.50304e-19
-1.65755e-05 -0.000142804 7.50303e-19
-1.58808e-05 -0.000142721 7.52256e-19
-1.52175e-05 -0.000142529 7.5099e-19
-1.45828e-05 -0.000142222 7.50982e-19
-1.39694e-05 -0.000141803 7.50973e-19
-1.33779e-05 -0.000141275 7.50964e-19
-1.28096e-05 -0.000140642 7.50953e-19
-1.22656e-05 -0.000139909 7.50942e-19
-1.17474e-05 -0.000139078 7.50931e-19
-1.1256e-05 -0.000138155 7.50919e-19
-1.0793e-05 -0.000137144 7.50906e-19
-1.03595e-05 -0.000136049 7.50893e-19
-9.95697e-06 -0.000134878 7.50879e-19
-9.58662e-06 -0.000133634 7.50865e-19
-9.24978e-06 -0.000132324 7.50851e-19
-8.9476e-06 -0.000130954 7.50837e-19
-8.68124e-06 -0.00012953 7.50823e-19
-8.45176e-06 -0.000128058 7.50809e-19
-8.26022e-06 -0.000126545 7.50795e-19
-8.10752e-06 -0.000124997 7.50781e-19
-7.99455e-06 -0.00012342 7.50767e-19
-7.92214e-06 -0.000121821 7.50753e-19
-7.89127e-06 -0.000120205 7.5074e-19
-7.90253e-06 -0.000118579 7.50727e-19
-7.95644e-06 -0.000116948 7.50714e-19
-8.05338e-06 -0.000115318 7.50702e-19
-8.19378e-06 -0.000113695 7.50691e-19
-8.37793e-06 -0.000112082 7.5068e-19
-8.60618e-06 -0.000110485 7.5067e-19
-8.87873e-06 -0.000108906 7.5066e-19
-9.19583e-06 -0.000107348 7.50651e-19
-9.55771e-06 -0.000105815 7.50642e-19
-9.96469e-06 -0.000104306 7.50635e-19
-1.0417e-05 -0.000102824 7.50627e-19
-1.09148e-05 -0.000101368 7.50621e-19
-1.14584e-05 -9.99393e-05 7.50615e-19
-1.20483e-05 -9.85358e-05 7.50609e-19
-1.26848e-05 -9.7157e-05 7.50604e-19
-1.33681e-05 -9.58014e-05 7.506e-19
-1.40988e-05 -9.44675e-05 7.50596e-19
-1.48773e-05 -9.31533e-05 7.50593e-19
-1.57041e-05 -9.18571e-05 7.5059e-19
-1.65796e-05 -9.0577e-05 7.50588e-19
-1.75043e-05 -8.93113e-05 7.50586e-19
-1.84788e-05 -8.80583e-05 7.50584e-19
-1.95036e-05 -8.68163e-05 7.50583e-19
-2.05792e-05 -8.5584e-05 7.50582e-19
-2.17062e-05 -8.43599e-05 7.50582e-19
-2.2885e-05 -8.31423e-05 7.50582e-19
-2.41164e-05 -8.193e-05 7.50583e-19
-2.54006e-05 -8.0722e-05 7.50584e-19
-2.67382e-05 -7.95181e-05 7.50585e-19
-2.81293e-05 -7.83181e-05 7.50587e-19
-2.95743e-05 -7.71224e-05 7.50589e-19
-3.10732e-05 -7.59311e-05 7.50592e-19
-3.2626e-05 -7.47454e-05 7.50595e-19
-3.42327e-05 -7.35662e-05 7.50599e-19
-3.58929e-05 -7.23946e-05 7.50603e-19
-3.76063e-05 -7.12313e-05 7.50608e-19
-3.93726e-05 -7.00777e-05 7.50614e-19
-4.11908e-05 -6.89345e-05 7.5062e-19
-4.30605e-05 -6.78029e-05 7.50627e-19
-4.49806e-05 -6.66829e-05 7.50634e-19
-4.69501e-05 -6.5575e-05 7.50642e-19
-4.89679e-05 -6.44791e-05 7.50651e-19
-5.10327e-05 -6.33949e-05 7.5066e-19
-5.31431e-05 -6.2321e-05 7.5067e-19
-5.52977e-05 -6.12555e-05 7.50681e-19
-5.74952e-05 -6.01954e-05 7.50692e-19
-5.97339e-05 -5.91373e-05 7.50704e-19
-6.20124e-05 -5.80777e-05 7.50716e-19
-6.43287e-05 -5.70134e-05 7.50728e-19
-6.66813e-05 -5.59413e-05 7.50741e-19
-6.90681e-05 -5.48582e-05 7.50754e-19
-7.14872e-05 -5.37606e-05 7.50767e-19
-7.39369e-05 -5.26454e-05 7.50781e-19
-7.64151e-05 -5.15093e-05 7.50794e-19
-7.892e-05 -5.0349e-05 7.50808e-19
-8.14497e-05 -4.91616e-05 7.50821e-19
-8.40022e-05 -4.79449e-05 7.50834e-19
-8.65757e-05 -4.66969e-05 7.50848e-19
-8.91682e-05 -4.54162e-05 7.50861e-19
-9.17781e-05 -4.41009e-05 7.50874e-19
-9.44037e-05 -4.27487e-05 7.50887e-19
-9.70435e-05 -4.13569e-05 7.50899e-19
-9.96962e-05 -3.99228e-05 7.50912e-19
-0.00010236 -3.84444e-05 7.50924e-19
-0.000105035 -3.69197e-05 7.50935e-19
-0.000107719 -3.53475e-05 7.50947e-19
-0.00011041 -3.37266e-05 7.50958e-19
-0.000113103 -3.20558e-05 7.50968e-19
-0.000115798 -3.03344e-05 7.50978e-19
-0.0001185 -2.85618e-05 7.50988e-19
-0.000121189 -2.67386e-05 7.50997e-19
-0.000123876 -2.48639e-05 7.51006e-19
-0.00012657 -2.29377e-05 7.51014e-19
-0.000129262 -2.09623e-05 7.51023e-19
-0.000131956 -1.89374e-05 7.5103e-19
-0.00013465 -1.68623e-05 7.51038e-19
-0.000137323 -1.47313e-05 7.51045e-19
-0.000139988 -1.25491e-05 7.51051e-19
-0.000142656 -1.03187e-05 7.51057e-19
-0.00014532 -8.03741e-06 7.51063e-19
-0.000147983 -5.70651e-06 7.51068e-19
-0.000150641 -3.32374e-06 7.51073e-19
-0.000153297 -8.89169e-07 7.51078e-19
-0.000155949 1.59901e-06 7.51082e-19
-0.000158596 4.14133e-06 7.51085e-19
-0.000161213 6.69302e-06 7.5109e-19
-0.000163816 9.28588e-06 7.51094e-19
-0.000166418 1.19466e-05 7.51097e-19
-0.000169008 1.46581e-05 7.511e-19
-0.000171593 1.74333e-05 7.51103e-19
-0.000174167 2.0265e-05 7.51104e-19
-0.000176734 2.31589e-05 7.51106e-19
-0.00017929 2.6111e-05 7.51106e-19
-0.000181836 2.91227e-05 7.51106e-19
-0.000184371 3.21907e-05 7.51106e-19
-0.000186895 3.53145e-05 7.51105e-19
-0.000189407 3.84918e-05 7.51103e-19
-0.000191908 4.1721e-05 7.51101e-19
-0.000194396 4.49996e-05 7.51098e-19
-0.000196871 4.83247e-05 7.51094e-19
-0.000199334 5.1692e-05 7.5109e-19
-0.000201784 5.50963e-05 7.51086e-19
-0.000204221 5.85318e-05 7.51081e-19
-0.000206645 6.19926e-05 7.51075e-19
-0.000209055 6.5472e-05 7.5107e-19
-0.000211452 6.89635e-05 7.51064e-19
-0.000213835 7.24601e-05 7.51058e-19
-0.000216205 7.59545e-05 7.51051e-19
-0.000218562 7.94387e-05 7.51045e-19
-0.000220906 8.29044e-05 7.51039e-19
-0.000223236 8.63429e-05 7.51033e-19
-0.000225554 8.97458e-05 7.51027e-19
-0.000227859 9.31054e-05 7.51021e-19
-0.000230149 9.64136e-05 7.51016e-19
-0.000232426 9.96624e-05 7.51011e-19
-0.000234689 0.000102844 7.51007e-19
-0.000236937 0.000105951 7.51004e-19
-0.000239126 0.000108924 7.43567e-19
-0.000241297 0.000111761 7.43577e-19
-0.000243496 0.000114512 7.49505e-19
-0.000245679 0.000117166 7.45191e-19
-0.000247848 0.00011972 7.42513e-19
-0.000250001 0.000122171 7.37368e-19
-0.000252135 0.000124516 7.4378e-19
-0.000254249 0.000126753 7.44847e-19
-0.000256341 0.000128881 7.43872e-19
-0.000258409 0.000130899 7.43756e-19
-0.000260454 0.000132808 7.42097e-19
-0.000262311 0.000134431 7.45138e-19
-0.000264299 0.000135962 7.48924e-19
-0.000266267 0.000137399 7.43678e-19
-0.000268209 0.000138744 7.37019e-19
-0.000270123 0.00014 6.37097e-18
-0.000272008 0.00014117 7.36763e-19
-0.000273863 0.000142256 7.37796e-19
-0.000275686 0.000143261 7.44185e-19
-0.000277477 0.000144187 7.39137e-19
-0.000279235 0.000145035 7.47558e-19
-0.000280957 0.000145807 7.45341e-19
-0.000282643 0.000146505 7.47509e-19
-0.00028429 0.000147128 7.49598e-19
-0.000285896 0.000147675 7.37713e-19
-0.000287462 0.000148148 7.49071e-19
-0.000288986 0.000148547 7.39524e-19
-0.000290468 0.000148871 7.46177e-19
-0.000291906 0.000149119 7.43173e-19
-0.000293299 0.000149291 7.4444e-19
-0.000294645 0.000149385 7.36452e-19
-0.000295944 0.000149402 7.46111e-19
-0.000297193 0.000149342 7.40716e-19
-0.000298391 0.000149205 7.40731e-19
-0.000299534 0.000148987 7.42953e-19
-0.000300616 0.000148683 7.42964e-19
-0.000301644 0.000148293 7.42976e-19
-0.000302614 0.000147817 7.42987e-19
-0.000303527 0.000147256 7.42999e-19
-0.000304381 0.000146612 7.43011e-19
-0.000305174 0.00014589 7.43022e-19
-0.000305906 0.000145091 7.43034e-19
-0.000306575 0.000144219 7.43046e-19
-0.000307181 0.00014328 7.43057e-19
-0.000307722 0.000142278 7.43069e-19
-0.000308197 0.000141217 7.4308e-19
-0.000308606 0.000140104 7.43091e-19
-0.000308949 0.000138944 7.43101e-19
-0.000309223 0.000137742 7.43112e-19
-0.000309428 0.000136504 7.43122e-19
-0.000309565 0.000135235 7.43131e-19
-0.000309632 0.00013394 7.4314e-19
-0.000309628 0.000132623 7.43149e-19
-0.000309553 0.000131287 7.43157e-19
-0.000309407 0.000129935 7.43165e-19
-0.000309189 0.000128571 7.43172e-19
-0.000308899 0.000127197 7.43178e-19
-0.000308535 0.000125816 7.43184e-19
-0.000308098 0.000124431 7.43189e-19
-0.000307589 0.000123042 7.43193e-19
-0.000307005 0.000121651 7.43197e-19
-0.000306348 0.000120259 7.432e-19
-0.000305617 0.000118866 7.43203e-19
-0.000304812 0.000117476 7.43205e-19
-0.000303933 0.000116088 7.43207e-19
-0.000302981 0.000114705 7.43207e-19
-0.000301955 0.000113329 7.43208e-19
-0.000300857 0.00011196 7.43207e-19
-0.000299687 0.000110602 7.43206e-19
-0.000298445 0.000109256 7.43204e-19
-0.000297131 0.000107924 7.43202e-19
-0.000295748 0.000106609 7.43199e-19
-0.000294295 0.000105313 7.43195e-19
-0.000292774 0.00010404 7.43191e-19
-0.000291186 0.000102791 7.43185e-19
-0.000289532 0.000101569 7.4318e-19
-0.000287813 0.000100376 7.43173e-19
-0.00028603 9.92156e-05 7.43165e-19
-0.000284185 9.80886e-05 7.43157e-19
-0.000282279 9.69966e-05 7.43148e-19
-0.000280314 9.59411e-05 7.43139e-19
-0.000278291 9.49226e-05 7.43128e-19
-0.000276212 9.39419e-05 7.43117e-19
-0.000274078 9.29985e-05 7.43105e-19
-0.000271891 9.20918e-05 7.43092e-19
-0.000269652 9.12204e-05 7.43079e-19
-0.000267364 9.03835e-05 7.43065e-19
-0.000265027 8.9579e-05 7.4305e-19
-0.000262644 8.88055e-05 7.43034e-19
-0.000260216 8.80607e-05 7.43018e-19
-0.000257745 8.73426e-05 7.43001e-19
-0.000255233 8.66488e-05 7.42984e-19
-0.000252681 8.59768e-05 7.42966e-19
-0.000250093 8.53238e-05 7.42948e-19
-0.000247469 8.46868e-05 7.42929e-19
-0.000244811 8.40619e-05 7.42909e-19
-0.000242122 8.34449e-05 7.4289e-19
-0.000239404 8.28311e-05 7.4287e-19
-0.000236658 8.22162e-05 7.42849e-19
-0.000233886 8.15964e-05 7.42829e-19
-0.00023109 8.09686e-05 7.42808e-19
-0.000228273 8.03292e-05 7.42787e-19
-0.000225436 7.96742e-05 7.42766e-19
-0.000222582 7.89976e-05 7.42745e-19
-0.000219712 7.82925e-05 7.42724e-19
-0.000216828 7.75515e-05 7.42703e-19
-0.000213933 7.6768e-05 7.42682e-19
-0.000211026 7.59369e-05 7.42661e-19
-0.000208112 7.50539e-05 7.42641e-19
-0.00020519 7.41151e-05 7.42621e-19
-0.000202263 7.31164e-05 7.42602e-19
-0.000199334 7.20525e-05 7.42583e-19
-0.000196403 7.09177e-05 7.42565e-19
-0.000193472 6.97066e-05 7.42547e-19
-0.000190542 6.84141e-05 7.4253e-19
-0.000187615 6.70372e-05 7.42513e-19
-0.000184692 6.55736e-05 7.42497e-19
-0.000181775 6.40218e-05 7.42482e-19
-0.000178866 6.23798e-05 7.42468e-19
-0.000175965 6.06458e-05 7.42454e-19
-0.000173075 5.88171e-05 7.42442e-19
-0.000170195 5.68919e-05 7.4243e-19
-0.000167326 5.48685e-05 7.42419e-19
-0.000164465 5.27467e-05 7.42409e-19
-0.000161617 5.05267e-05 7.424e-19
-0.000158786 4.82093e-05 7.42392e-19
-0.000155971 4.57951e-05 7.42384e-19
-0.00015317 4.32843e-05 7.42378e-19
-0.000150385 4.06759e-05 7.42372e-19
-0.000147627 3.79712e-05 7.42367e-19
-0.00014489 3.51712e-05 7.42364e-19
-0.000142173 3.22769e-05 7.42361e-19
-0.000139476 2.92898e-05 7.42359e-19
-0.0001368 2.62117e-05 7.42358e-19
-0.000134145 2.30445e-05 7.42358e-19
-0.00013149 1.97971e-05 7.42358e-19
-0.000128888 1.64699e-05 7.4236e-19
-0.000126336 1.30634e-05 7.42362e-19
-0.000123795 9.57678e-06 7.42365e-19
-0.000121281 6.01424e-06 7.42369e-19
-0.000118786 2.3806e-06 7.42374e-19
-0.000116312 -1.32259e-06 7.42379e-19
-0.000113858 -5.08887e-06 7.42385e-19
-0.000111423 -8.91503e-06 7.42392e-19
-0.000109006 -1.2794e-05 7.42399e-19
-0.000106605 -1.67245e-05 7.42406e-19
-0.00010422 -2.06995e-05 7.42414e-19
-0.000101853 -2.47133e-05 7.42423e-19
-9.9502e-05 -2.87618e-05 7.42431e-19
-9.71681e-05 -3.28411e-05 7.42441e-19
-9.48493e-05 -3.69468e-05 7.4245e-19
-9.25454e-05 -4.10745e-05 7.4246e-19
-9.02555e-05 -4.52184e-05 7.42469e-19
-8.7979e-05 -4.93735e-05 7.42479e-19
-8.57152e-05 -5.35347e-05 7.42489e-19
-8.34631e-05 -5.76989e-05 7.425e-19
-8.12219e-05 -6.18632e-05 7.4251e-19
-7.89904e-05 -6.60254e-05 7.4252e-19
-7.67676e-05 -7.01827e-05 7.4253e-19
-7.45527e-05 -7.4332e-05 7.4254e-19
-7.23447e-05 -7.84696e-05 7.42551e-19
-7.01428e-05 -8.25919e-05 7.42561e-19
-6.7946e-05 -8.66958e-05 7.42571e-19
-6.57534e-05 -9.07796e-05 7.42581e-19
-6.35636e-05 -9.48427e-05 7.42591e-19
-6.13755e-05 -9.88844e-05 7.426e-19
-5.91879e-05 -0.000102904 7.4261e-19
-5.69993e-05 -0.000106899 7.42619e-19
-5.48086e-05 -0.000110867 7.42629e-19
-5.26983e-05 -0.000114707 7.51012e-19
-5.05181e-05 -0.000118511 7.51004e-19
-4.8444e-05 -0.000122158 7.50566e-19
-4.64142e-05 -0.000125611 7.50345e-19
-4.42329e-05 -0.000129042 7.50151e-19
-4.20408e-05 -0.000132441 7.49932e-19
-3.98401e-05 -0.00013581 7.49714e-19
-3.76307e-05 -0.000139148 7.4955e-19
-3.52801e-05 -0.000142289 7.50723e-19
-3.30249e-05 -0.000145001 7.51063e-19
-3.13423e-05 -0.000147228 7.52373e-19
-2.91824e-05 -0.00014945 7.52452e-19
-2.69956e-05 -0.000151664 7.52461e-19
-2.48073e-05 -0.000153876 7.52602e-19
-2.26346e-05 -0.000156112 -3.54525e-20
-2.04449e-05 -0.000158337 -3.5224e-20
-1.82597e-05 -0.000160573 -3.50697e-20
-1.62199e-05 -0.000162775 -3.48388e-20
-1.43028e-05 -0.000164946 -3.46082e-20
-1.2365e-05 -0.000167149 -3.44116e-20
-1.01317e-05 -0.000169102 7.69216e-19
-8.15229e-06 -0.00017107 -7.93793e-18
-6.16771e-06 -0.000173063 1.01203e-18
-4.16831e-06 -0.000175075 7.6414e-19
-2.2188e-06 -0.000177108 7.74154e-19
-3.69868e-07 -0.000179161 -9.28115e-18
1.45359e-06 -0.000181224 7.7172e-19
3.29912e-06 -0.000183287 7.6402e-19
5.15667e-06 -0.000185344 1.5914e-18
7.01898e-06 -0.000187384 1.34374e-17
8.87661e-06 -0.0001894 8.11151e-18
1.07696e-05 -0.000191387 3.35442e-17
1.26769e-05 -0.000193338 7.68117e-19
1.45958e-05 -0.000195246 7.63634e-19
1.64888e-05 -0.00019705 7.63684e-19
1.79157e-05 -0.00019832 -2.15571e-17
1.95764e-05 -0.0001994 1.5357e-18
2.12605e-05 -0.000200451 7.48034e-19
2.29536e-05 -0.000201428 6.14846e-19
2.46455e-05 -0.000202337 3.97964e-18
2.63351e-05 -0.00020317 -5.38482e-18
2.8015e-05 -0.00020393 -2.70789e-17
2.96917e-05 -0.000204609 -1.95128e-17
3.13592e-05 -0.000205206 -3.58947e-19
3.30154e-05 -0.000205719 -1.86194e-19
3.46578e-05 -0.000206147 -9.79973e-19
3.62882e-05 -0.000206495 7.66544e-19
3.79105e-05 -0.000206772 -3.48123e-17
3.9501e-05 -0.000206967 3.10165e-18
4.10694e-05 -0.000207083 4.06587e-19
4.26149e-05 -0.000207122 1.15266e-17
4.41358e-05 -0.000207089 9.8133e-19
4.56306e-05 -0.000206987 7.65762e-19
4.70971e-05 -0.000206821 -1.05616e-17
4.85353e-05 -0.000206596 -9.5745e-19
4.99431e-05 -0.000206316 1.44011e-17
5.13231e-05 -0.000205983 -2.11721e-16
5.26629e-05 -0.000205612 -5.90197e-19
5.3973e-05 -0.000205197 7.6459e-19
5.52513e-05 -0.000204746 7.63581e-19
5.64919e-05 -0.00020426 7.63543e-19
5.77227e-05 -0.000203718 7.61761e-19
5.88896e-05 -0.000203158 7.63522e-19
5.99552e-05 -0.00020257 7.73473e-19
6.0938e-05 -0.000201954 7.68245e-19
6.18935e-05 -0.000201317 7.6791e-19
6.28114e-05 -0.00020067 7.67885e-19
6.36954e-05 -0.000200022 7.6786e-19
6.4554e-05 -0.00019938 7.67835e-19
6.53885e-05 -0.000198753 7.67811e-19
6.61882e-05 -0.000198148 7.67788e-19
6.6951e-05 -0.000197574 7.67766e-19
6.76788e-05 -0.000197036 7.67745e-19
6.8371e-05 -0.000196539 7.67726e-19
6.90279e-05 -0.000196088 7.67709e-19
6.96491e-05 -0.000195687 7.67693e-19
7.02349e-05 -0.000195339 7.6768e-19
7.07849e-05 -0.000195045 7.67669e-19
7.12993e-05 -0.000194808 7.67659e-19
7.17777e-05 -0.000194631 7.67652e-19
7.22202e-05 -0.000194513 7.67648e-19
7.26264e-05 -0.000194456 7.67645e-19
7.29959e-05 -0.000194459 7.67645e-19
7.33284e-05 -0.000194522 7.67647e-19
7.36235e-05 -0.000194644 7.67651e-19
7.38807e-05 -0.000194822 7.67657e-19
7.4096e-05 -0.000195054 7.56126e-19
7.42575e-05 -0.000195336 7.56121e-19
7.43643e-05 -0.00019566 7.6312e-19
7.44033e-05 -0.000196009 7.63118e-19
7.43731e-05 -0.000196369 7.67042e-19
7.42362e-05 -0.000196693 7.66583e-19
7.40862e-05 -0.000197029 7.66585e-19
7.38792e-05 -0.000197381 7.6658e-19
7.3603e-05 -0.000197742 7.66576e-19
7.32579e-05 -0.000198108 7.66571e-19
7.28474e-05 -0.000198475 7.66567e-19
7.23726e-05 -0.000198839 7.66566e-19
7.18332e-05 -0.000199194 7.66571e-19
7.12293e-05 -0.000199534 7.6657e-19
7.05597e-05 -0.000199853 7.58878e-19
6.98314e-05 -0.000200137 7.58886e-19
6.90381e-05 -0.000200375 7.64248e-19
6.81506e-05 -0.000200555 7.61898e-19
6.71897e-05 -0.000200668 6.73701e-19
6.61623e-05 -0.000200704 7.63932e-19
6.50725e-05 -0.00020065 7.63931e-19
6.39159e-05 -0.000200496 7.63927e-19
6.26933e-05 -0.000200237 7.63918e-19
6.14055e-05 -0.000199864 7.63906e-19
6.00535e-05 -0.000199372 7.63889e-19
5.86383e-05 -0.000198756 7.63868e-19
5.71609e-05 -0.000198012 7.63843e-19
5.56224e-05 -0.000197137 7.63812e-19
5.40238e-05 -0.000196128 7.63777e-19
5.23661e-05 -0.000194983 7.63737e-19
5.06504e-05 -0.000193701 7.63692e-19
4.88777e-05 -0.000192281 7.63642e-19
4.70494e-05 -0.000190726 7.63587e-19
4.51665e-05 -0.000189037 7.63528e-19
4.32302e-05 -0.000187219 7.63464e-19
4.12418e-05 -0.000185275 7.63395e-19
3.92021e-05 -0.000183213 7.63322e-19
3.71124e-05 -0.000181037 7.63245e-19
3.49736e-05 -0.000178755 7.63164e-19
3.27867e-05 -0.000176375 7.6308e-19
3.05525e-05 -0.000173905 7.62993e-19
2.82721e-05 -0.000171354 7.62902e-19
2.59463e-05 -0.000168732 7.62809e-19
2.35759e-05 -0.000166049 7.62714e-19
2.11615e-05 -0.000163313 7.62618e-19
1.87039e-05 -0.000160534 7.62519e-19
1.62037e-05 -0.000157722 7.6242e-19
1.36615e-05 -0.000154886 7.62319e-19
1.10781e-05 -0.000152035 7.62219e-19
8.45421e-06 -0.000149178 7.62118e-19
5.7905e-06 -0.000146324 7.62017e-19
3.08765e-06 -0.000143482 7.61916e-19
3.46371e-07 -0.000140658 7.61817e-19
-2.43264e-06 -0.000137859 7.61718e-19
-5.24863e-06 -0.000135091 7.61621e-19
-8.1009e-06 -0.000132358 7.61525e-19
-1.09887e-05 -0.000129665 7.6143e-19
-1.39112e-05 -0.000127012 7.61337e-19
-1.68677e-05 -0.000124401 7.61246e-19
-1.98573e-05 -0.000121832 7.61156e-19
-2.2879e-05 -0.000119306 7.61067e-19
-2.5932e-05 -0.000116818 7.6098e-19
-2.90152e-05 -0.000114368 7.60895e-19
-3.21275e-05 -0.000111951 7.60811e-19
-3.52679e-05 -0.000109563 7.60728e-19
-3.84352e-05 -0.0001072 7.60646e-19
-4.16281e-05 -0.000104854 7.60564e-19
-4.48455e-05 -0.000102522 7.60483e-19
-4.80861e-05 -0.000100195 7.60402e-19
-5.13486e-05 -9.78669e-05 7.60322e-19
-5.46317e-05 -9.55303e-05 7.60241e-19
-5.79342e-05 -9.31773e-05 7.60159e-19
-6.12549e-05 -9.07996e-05 7.60077e-19
-6.45928e-05 -8.83885e-05 7.59993e-19
-6.79465e-05 -8.59354e-05 7.59908e-19
-7.13152e-05 -8.3432e-05 7.59821e-19
-7.46974e-05 -8.08704e-05 7.59732e-19
-7.80923e-05 -7.82433e-05 7.59641e-19
-8.14987e-05 -7.5544e-05 7.59547e-19
-8.49156e-05 -7.27664e-05 7.59451e-19
-8.8342e-05 -6.99052e-05 7.59351e-19
-9.17769e-05 -6.69558e-05 7.59248e-19
-9.52195e-05 -6.39146e-05 7.59142e-19
-9.86688e-05 -6.07788e-05 7.59032e-19
-0.000102124 -5.75471e-05 7.58919e-19
-0.000105584 -5.42189e-05 7.58802e-19
-0.000109049 -5.07947e-05 7.58682e-19
-0.000112503 -4.72754e-05 7.58559e-19
-0.000115947 -4.36653e-05 7.58432e-19
-0.000119356 -3.99846e-05 7.58303e-19
-0.000122751 -3.62286e-05 7.58171e-19
-0.000126157 -3.23868e-05 7.58035e-19
-0.000129558 -2.84726e-05 7.57898e-19
-0.000132961 -2.44891e-05 7.57757e-19
-0.000136358 -2.04478e-05 7.57615e-19
-0.000139754 -1.63559e-05 7.57471e-19
-0.000143126 -1.22198e-05 7.57325e-19
-0.000146487 -8.04963e-06 7.57178e-19
-0.000149852 -3.85327e-06 7.5703e-19
-0.00015321 3.58868e-07 7.56881e-19
-0.000156567 4.57795e-06 7.56732e-19
-0.000159895 8.80081e-06 7.56583e-19
-0.000163211 1.30126e-05 7.56435e-19
-0.000166495 1.71406e-05 7.56289e-19
-0.000169758 2.12192e-05 7.56146e-19
-0.000173023 2.52702e-05 7.56003e-19
-0.000176274 2.92632e-05 7.55862e-19
-0.00017952 3.32039e-05 7.55724e-19
-0.000182753 3.70745e-05 7.55587e-19
-0.000185978 4.08731e-05 7.55454e-19
-0.00018919 4.45884e-05 7.55323e-19
-0.000192344 4.81631e-05 7.50108e-19
-0.000195468 5.15791e-05 7.48899e-19
-0.000198632 5.49066e-05 7.48748e-19
-0.000201778 5.81368e-05 7.48602e-19
-0.000204907 6.12672e-05 7.48462e-19
-0.000208018 6.42965e-05 7.48327e-19
-0.000211111 6.72259e-05 7.48197e-19
-0.000214182 7.00561e-05 7.48072e-19
-0.000217049 7.25893e-05 7.44882e-19
-0.000220012 7.49826e-05 7.4574e-19
-0.000223003 7.72913e-05 7.46104e-19
-0.00022597 7.95159e-05 -2.37288e-19
-0.000228911 8.16588e-05 7.47796e-19
-0.000231824 8.37234e-05 7.46369e-19
-0.000234706 8.57119e-05 7.47091e-19
-0.000237557 8.76277e-05 7.45246e-19
-0.000240377 8.94759e-05 7.45753e-19
-0.000243165 9.12615e-05 7.43985e-19
-0.000245921 9.29896e-05 7.4635e-19
-0.000248644 9.46656e-05 7.45396e-19
-0.000251334 9.62942e-05 7.45403e-19
-0.000253971 9.78829e-05 7.45427e-19
-0.000256357 9.94475e-05 7.45401e-19
-0.000258528 0.000100985 7.45375e-19
-0.000260694 0.00010249 7.45365e-19
-0.000262692 0.000103837 7.34776e-19
-0.000264721 0.000105117 7.34646e-19
-0.000266635 0.000106323 7.34523e-19
-0.000268438 0.000107475 -4.47452e-17
-0.000270218 0.000108619 2.07908e-16
-0.000271972 0.000109759 2.56132e-16
-0.000273698 0.000110893 -1.07188e-15
-0.000275397 0.000112027 -1.40053e-15
-0.000277068 0.000113163 -1.01507e-15
-0.000278711 0.000114304 -1.58979e-15
-0.000280323 0.000115459 6.95573e-19
-0.000281908 0.000116622 7.006e-19
-0.000283464 0.000117799 6.96633e-19
-0.000284989 0.000118995 7.0294e-19
-0.000286483 0.000120212 6.99271e-19
-0.000287946 0.000121454 7.00964e-19
-0.000289377 0.000122722 6.95547e-19
-0.000290775 0.00012402 7.02441e-19
-0.000292137 0.000125347 7.02163e-19
-0.000293461 0.000126706 6.9771e-19
-0.00029475 0.000128099 6.99075e-19
-0.000296003 0.000129528 7.00064e-19
-0.00029722 0.000130994 7.02312e-19
-0.0002984 0.000132497 -9.42346e-19
-0.000299542 0.000134036 7.01081e-19
-0.000300646 0.000135611 7.10637e-19
-0.000301711 0.00013722 7.05425e-19
-0.000302737 0.00013886 7.05735e-19
-0.000303623 0.000140446 -1.14011e-18
-0.000304387 0.000141942 2.12191e-18
-0.000305256 0.000143396 7.13266e-19
-0.00030606 0.000144878 4.9782e-19
-0.000306827 0.000146381 -5.12827e-19
-0.000307562 0.000147904 7.07252e-19
-0.000308255 0.000149438 1.79358e-18
-0.000308998 0.000150857 7.08486e-19
-0.000309676 0.000152236 -2.18849e-18
-0.000310288 0.000153628 6.25644e-19
-0.000310865 0.000155019 7.1404e-19
-0.000311408 0.000156403 5.57045e-19
-0.000311918 0.000157778 7.09643e-19
-0.000312396 0.000159138 7.11148e-19
-0.000312841 0.000160479 1.1474e-18
-0.000313253 0.000161796 5.00928e-18
-0.000313635 0.000163086 5.60093e-19
-0.000313961 0.000164297 4.02505e-19
-0.000314208 0.00016536 7.08186e-19
-0.000314394 0.00016634 6.8891e-19
-0.000314533 0.0001673 7.14792e-19
-0.00031464 0.000168219 -1.74082e-18
-0.00031472 0.0001691 1.18131e-17
-0.000314771 0.000169941 9.27552e-19
-0.000314795 0.000170741 7.09887e-19
-0.000314792 0.000171499 7.81761e-19
-0.000314762 0.000172215 7.03984e-19
-0.000314704 0.000172888 4.19119e-19
-0.00031462 0.000173521 7.08042e-19
-0.000314513 0.000174114 6.84608e-19
-0.000314383 0.00017467 7.11491e-19
-0.00031423 0.000175191 7.12986e-19
-0.000314055 0.00017568 -3.91918e-18
-0.00031386 0.000176141 2.90351e-19
-0.000313644 0.000176577 7.03246e-19
-0.000313433 0.000176966 7.00385e-19
-0.000313224 0.000177294 1.05027e-18
-0.00031295 0.000177619 -2.11223e-18
-0.000312655 0.00017794 6.75124e-19
-0.000312339 0.000178265 6.72953e-19
-0.000312003 0.000178595 7.00134e-19
-0.000311649 0.000178938 7.69725e-19
-0.000311276 0.000179296 7.02499e-19
-0.000310887 0.000179673 7.16891e-19
-0.000310482 0.000180073 5.39782e-19
-0.000310062 0.000180497 7.00507e-19
-0.000309628 0.000180949 7.0015e-19
-0.000309183 0.00018143 7.06132e-19
-0.000308726 0.00018194 8.87904e-19
-0.00030826 0.000182478 1.17315e-18
-0.000307786 0.000183044 7.02006e-19
-0.000307306 0.000183637 6.98986e-19
-0.00030682 0.000184252 6.99016e-19
-0.000306331 0.000184888 6.67597e-19
-0.00030584 0.000185539 7.17052e-19
-0.000305348 0.000186201 6.99519e-19
-0.000304857 0.000186869 4.58316e-19
-0.000304369 0.000187536 8.91936e-19
-0.000303884 0.000188196 8.33211e-19
-0.000303402 0.000188842 9.08127e-19
-0.00030292 0.000189464 4.73949e-19
-0.00030244 0.000190052 7.0147e-19
-0.000301962 0.000190603 8.20872e-19
-0.000301488 0.000191109 7.0355e-19
-0.000301014 0.000191562 1.0174e-18
-0.000300496 0.000191923 5.56576e-19
-0.000300041 0.000192231 8.38573e-19
-0.000299596 0.000192481 1.27621e-18
-0.00029916 0.000192669 7.21421e-19
-0.000298728 0.00019279 7.2025e-19
-0.000298258 0.000192786 7.2262e-19
-0.000297804 0.000192636 7.22622e-19
-0.000297349 0.000192334 7.22629e-19
-0.000296892 0.000191877 7.2264e-19
-0.000296433 0.000191263 7.22656e-19
-0.00029597 0.000190491 7.22677e-19
-0.000295502 0.000189561 7.22702e-19
-0.000295027 0.000188474 7.22732e-19
-0.000294544 0.000187233 7.22767e-19
-0.000294052 0.000185843 7.22806e-19
-0.000293548 0.000184309 7.22849e-19
-0.00029303 0.000182639 7.22896e-19
-0.000292499 0.00018084 7.22947e-19
-0.000291952 0.000178922 7.23002e-19
-0.000291387 0.000176893 7.23059e-19
-0.000290803 0.000174763 7.2312e-19
-0.0002902 0.000172541 7.23183e-19
-0.000289575 0.000170237 7.23248e-19
-0.000288929 0.000167861 7.23315e-19
-0.000288258 0.000165424 7.23384e-19
-0.000287564 0.000162938 7.23454e-19
-0.000286845 0.000160411 7.23525e-19
-0.000286101 0.000157854 7.23597e-19
-0.000285332 0.000155274 7.23669e-19
-0.000284537 0.000152681 7.23741e-19
-0.000283715 0.000150081 7.23814e-19
-0.000282867 0.000147483 7.23886e-19
-0.000281993 0.000144894 7.23958e-19
-0.000281093 0.000142321 7.24028e-19
-0.000280167 0.000139769 7.24099e-19
-0.000279215 0.000137246 7.24168e-19
-0.000278238 0.000134755 7.24236e-19
-0.000277236 0.000132302 7.24302e-19
-0.000276209 0.000129889 7.24367e-19
-0.000275157 0.000127521 7.24431e-19
-0.000274082 0.0001252 7.24494e-19
-0.000272983 0.000122929 7.24554e-19
-0.00027186 0.00012071 7.24613e-19
-0.000270714 0.000118543 7.2467e-19
-0.000269545 0.000116429 7.24726e-19
-0.000268352 0.000114368 7.2478e-19
-0.000267136 0.000112358 7.24832e-19
-0.000265896 0.000110398 7.24883e-19
-0.000264632 0.000108487 7.24932e-19
-0.000263344 0.000106622 7.2498e-19
-0.00026203 0.000104802 7.25026e-19
-0.000260691 0.000103025 7.25071e-19
-0.000259325 0.000101289 7.25115e-19
-0.000257933 9.95926e-05 7.25158e-19
-0.000256514 9.7934e-05 7.25199e-19
-0.000255066 9.631e-05 7.25239e-19
-0.000253589 9.4717e-05 7.25278e-19
-0.000252082 9.31512e-05 7.25317e-19
-0.000250545 9.16087e-05 7.25354e-19
-0.000248977 9.00856e-05 7.25391e-19
-0.000247376 8.85778e-05 7.25427e-19
-0.000245743 8.7081e-05 7.25463e-19
-0.000244076 8.55908e-05 7.25499e-19
-0.000242374 8.41021e-05 7.25534e-19
-0.000240638 8.26091e-05 7.2557e-19
-0.000238867 8.11061e-05 7.25605e-19
-0.00023706 7.95877e-05 7.25641e-19
-0.000235218 7.80498e-05 7.25678e-19
-0.000233339 7.64888e-05 7.25715e-19
-0.000231423 7.49013e-05 7.25753e-19
-0.000229472 7.32843e-05 7.25791e-19
-0.000227486 7.16343e-05 7.25831e-19
-0.000225464 6.99481e-05 7.25871e-19
-0.000223408 6.82226e-05 7.25913e-19
-0.000221317 6.64555e-05 7.25955e-19
-0.000219193 6.46462e-05 7.25999e-19
-0.000217036 6.27948e-05 7.26044e-19
-0.000214847 6.09024e-05 7.2609e-19
-0.000212628 5.89696e-05 7.26137e-19
-0.00021038 5.69968e-05 7.26185e-19
-0.000208103 5.49845e-05 7.26235e-19
-0.000205798 5.2933e-05 7.26285e-19
-0.000203468 5.08439e-05 7.26337e-19
-0.000201112 4.87198e-05 7.26389e-19
-0.000198732 4.65648e-05 7.26442e-19
-0.00019633 4.43831e-05 7.26496e-19
-0.000193906 4.21793e-05 7.26551e-19
-0.000191461 3.99579e-05 7.26606e-19
-0.000188998 3.77237e-05 7.26662e-19
-0.000186516 3.54813e-05 7.26717e-19
-0.000184018 3.32364e-05 7.26773e-19
-0.000181503 3.09964e-05 7.26828e-19
-0.000178974 2.877e-05 7.26883e-19
-0.000176432 2.65659e-05 7.26937e-19
-0.000173878 2.43922e-05 7.2699e-19
-0.000171312 2.22559e-05 7.27042e-19
-0.000168737 2.0163e-05 7.27092e-19
-0.000166154 1.81188e-05 7.27141e-19
-0.000163564 1.61284e-05 7.27188e-19
-0.000160967 1.41963e-05 7.27234e-19
-0.000158366 1.23267e-05 7.27277e-19
-0.000155759 1.0523e-05 7.27319e-19
-0.000153149 8.78737e-06 7.27358e-19
-0.000150543 7.12233e-06 7.27395e-19
-0.000147966 5.53862e-06 7.27429e-19
-0.000145396 4.02852e-06 7.27462e-19
-0.00014282 2.578e-06 7.27492e-19
-0.000140235 1.16526e-06 7.27521e-19
-0.00013761 -2.08018e-07 7.27549e-19
-0.000134984 -1.53118e-06 7.27575e-19
-0.000132369 -2.81558e-06 7.276e-19
-0.000129758 -4.06684e-06 7.27624e-19
-0.000127158 -5.29588e-06 7.27648e-19
-0.000124566 -6.51128e-06 7.27671e-19
-0.000121986 -7.72385e-06 7.27693e-19
-0.000119417 -8.94312e-06 7.27716e-19
-0.000116859 -1.01789e-05 7.2774e-19
-0.000114315 -1.14411e-05 7.27764e-19
-0.000111786 -1.27396e-05 7.2779e-19
-0.000109274 -1.40819e-05 7.27816e-19
-0.000106777 -1.54764e-05 7.27845e-19
-0.000104298 -1.69287e-05 7.27875e-19
-0.000101841 -1.84434e-05 7.27907e-19
-9.94038e-05 -2.00284e-05 7.27942e-19
-9.69897e-05 -2.16901e-05 7.27979e-19
-9.45981e-05 -2.34352e-05 7.28018e-19
-9.22299e-05 -2.52688e-05 7.2806e-19
-8.98861e-05 -2.7195e-05 7.28106e-19
-8.75675e-05 -2.92168e-05 7.28154e-19
-8.52747e-05 -3.13355e-05 7.28205e-19
-8.30083e-05 -3.35521e-05 7.2826e-19
-8.07686e-05 -3.58676e-05 7.28317e-19
-7.85558e-05 -3.82824e-05 7.28378e-19
-7.63701e-05 -4.07958e-05 7.28442e-19
-7.42114e-05 -4.34058e-05 7.28508e-19
-7.208e-05 -4.6108e-05 7.28578e-19
-6.99759e-05 -4.88961e-05 7.28651e-19
-6.78993e-05 -5.17629e-05 7.28726e-19
-6.58561e-05 -5.46981e-05 7.28803e-19
-6.38449e-05 -5.76949e-05 7.28882e-19
-6.187e-05 -6.07348e-05 7.333e-19
-5.99313e-05 -6.37986e-05 7.36646e-19
-5.80018e-05 -6.69015e-05 7.33936e-19
-5.60987e-05 -7.0033e-05 7.35288e-19
-5.42223e-05 -7.31817e-05 7.35029e-19
-5.23725e-05 -7.63365e-05 7.34189e-19
-5.05497e-05 -7.94859e-05 7.35689e-19
-4.87522e-05 -8.26196e-05 7.34816e-19
-4.6981e-05 -8.57273e-05 7.36267e-19
-4.52477e-05 -8.87933e-05 7.37467e-19
-4.35525e-05 -9.18078e-05 7.35197e-19
-4.18827e-05 -9.47671e-05 7.38517e-19
-4.02478e-05 -9.76523e-05 7.37967e-19
-3.87091e-05 -0.00010038 7.39676e-19
-3.71358e-05 -0.000103023 7.40183e-19
-3.55894e-05 -0.000105571 7.39262e-19
-3.40681e-05 -0.000108024 7.41642e-19
-3.25721e-05 -0.000110381 7.39574e-19
-3.11054e-05 -0.000112637 7.39579e-19
-2.98179e-05 -0.000114649 7.54565e-19
-2.84269e-05 -0.000116561 7.49495e-19
-2.70523e-05 -0.000118376 7.49867e-19
-2.57059e-05 -0.000120095 7.53292e-19
-2.4388e-05 -0.000121719 7.5435e-19
-2.30989e-05 -0.00012325 7.57e-19
-2.18392e-05 -0.000124689 7.53161e-19
-2.0609e-05 -0.000126039 7.52312e-19
-1.94085e-05 -0.000127302 7.53572e-19
-1.82491e-05 -0.000128474 7.55577e-19
-1.71051e-05 -0.000129525 7.5308e-19
-1.5998e-05 -0.000130492 7.58973e-19
-1.49292e-05 -0.000131386 7.51694e-19
-1.38917e-05 -0.00013221 7.53564e-19
-1.28844e-05 -0.000132966 7.59667e-19
-1.19079e-05 -0.000133659 7.53109e-19
-1.09624e-05 -0.00013429 7.542e-19
-1.0048e-05 -0.000134864 7.54689e-19
-9.16459e-06 -0.000135384 7.57048e-19
-8.3123e-06 -0.000135854 7.56951e-19
-7.49112e-06 -0.000136276 7.54606e-19
-6.70119e-06 -0.000136653 7.5477e-19
-5.94255e-06 -0.000136988 7.54968e-19
-5.2153e-06 -0.000137284 7.56735e-19
-4.51944e-06 -0.000137544 7.54234e-19
-3.85491e-06 -0.000137772 7.54973e-19
-3.22167e-06 -0.000137971 7.54506e-19
-2.61967e-06 -0.000138147 7.55042e-19
-2.04901e-06 -0.0001383 7.47868e-19
-1.50978e-06 -0.000138433 7.51503e-19
-1.00221e-06 -0.000138549 7.56518e-19
-5.26453e-07 -0.000138648 7.56717e-19
-8.27024e-08 -0.000138734 7.51193e-19
3.28954e-07 -0.000138808 7.53841e-19
7.08336e-07 -0.000138873 7.55525e-19
1.05531e-06 -0.000138931 7.51553e-19
1.36953e-06 -0.000138982 7.52574e-19
1.65056e-06 -0.000139026 7.57324e-19
1.89728e-06 -0.000139061 7.55867e-19
2.10924e-06 -0.000139088 7.55202e-19
2.28606e-06 -0.000139103 7.55202e-19
2.42447e-06 -0.000139106 7.57212e-19
2.52554e-06 -0.000139094 7.57211e-19
2.5899e-06 -0.000139066 7.5721e-19
2.61701e-06 -0.00013902 7.57208e-19
2.60632e-06 -0.000138952 7.57205e-19
2.55728e-06 -0.000138859 7.57201e-19
2.46953e-06 -0.000138736 7.57196e-19
2.3429e-06 -0.000138582 7.5719e-19
2.17738e-06 -0.000138395 7.57182e-19
1.97288e-06 -0.000138173 7.57173e-19
1.72935e-06 -0.000137914 7.57162e-19
1.4465e-06 -0.000137615 7.5715e-19
1.12412e-06 -0.000137272 7.57135e-19
7.62003e-07 -0.00013688 7.57119e-19
3.60079e-07 -0.000136437 7.57101e-19
-8.16348e-08 -0.000135939 7.5708e-19
-5.63013e-07 -0.000135383 7.57057e-19
-1.08394e-06 -0.000134767 7.57031e-19
-1.6443e-06 -0.000134089 7.57003e-19
-2.24416e-06 -0.000133347 7.56972e-19
-2.88356e-06 -0.000132536 7.56939e-19
-3.56252e-06 -0.000131654 7.56902e-19
-4.28094e-06 -0.0001307 7.56863e-19
-5.03857e-06 -0.000129672 7.5682e-19
-5.83508e-06 -0.000128572 7.56774e-19
-6.67016e-06 -0.000127402 7.56726e-19
-7.54353e-06 -0.000126162 7.56674e-19
-8.45491e-06 -0.000124856 7.5662e-19
-9.40405e-06 -0.000123487 7.56564e-19
-1.03907e-05 -0.000122058 7.56504e-19
-1.14145e-05 -0.000120574 7.56443e-19
-1.2475e-05 -0.00011904 7.56379e-19
-1.35719e-05 -0.000117462 7.56314e-19
-1.47047e-05 -0.000115848 7.56247e-19
-1.5873e-05 -0.000114204 7.56179e-19
-1.70763e-05 -0.000112538 7.5611e-19
-1.83144e-05 -0.000110858 7.5604e-19
-1.95866e-05 -0.00010917 7.5597e-19
-2.08927e-05 -0.000107483 7.559e-19
-2.22323e-05 -0.000105803 7.55831e-19
-2.36051e-05 -0.000104135 7.55761e-19
-2.50109e-05 -0.000102486 7.55693e-19
-2.64491e-05 -0.000100861 7.55626e-19
-2.79193e-05 -9.92666e-05 7.5556e-19
-2.94207e-05 -9.77091e-05 7.55495e-19
-3.09526e-05 -9.61949e-05 7.55432e-19
-3.25144e-05 -9.47294e-05 7.55371e-19
-3.41054e-05 -9.33163e-05 7.55313e-19
-3.5725e-05 -9.19585e-05 7.55257e-19
-3.73725e-05 -9.0658e-05 7.55203e-19
-3.90472e-05 -8.94162e-05 7.55151e-19
-4.07483e-05 -8.82342e-05 7.55102e-19
-4.24747e-05 -8.71122e-05 7.55055e-19
-4.42257e-05 -8.60502e-05 7.55011e-19
-4.60002e-05 -8.50467e-05 7.5497e-19
-4.77975e-05 -8.4098e-05 7.5493e-19
-4.96169e-05 -8.3199e-05 7.54893e-19
-5.14577e-05 -8.23441e-05 7.54857e-19
-5.3319e-05 -8.15272e-05 7.54823e-19
-5.51996e-05 -8.07437e-05 7.54791e-19
-5.70985e-05 -7.99893e-05 7.54759e-19
-5.90144e-05 -7.92595e-05 7.54729e-19
-6.09461e-05 -7.85492e-05 7.54699e-19
-6.28926e-05 -7.78521e-05 7.5467e-19
-6.4853e-05 -7.71611e-05 7.54642e-19
-6.68262e-05 -7.64689e-05 7.54613e-19
-6.88113e-05 -7.57685e-05 7.54584e-19
-7.08071e-05 -7.50536e-05 7.54554e-19
-7.28126e-05 -7.43183e-05 7.54523e-19
-7.48267e-05 -7.35572e-05 7.54492e-19
-7.68483e-05 -7.27644e-05 7.54459e-19
-7.88766e-05 -7.1934e-05 7.54424e-19
-8.09105e-05 -7.10599e-05 7.54388e-19
-8.29494e-05 -7.01363e-05 7.54349e-19
-8.49923e-05 -6.9158e-05 7.54309e-19
-8.70384e-05 -6.81213e-05 7.54266e-19
-8.90866e-05 -6.70234e-05 7.5422e-19
-9.11361e-05 -6.58621e-05 7.54172e-19
-9.31859e-05 -6.46355e-05 7.54121e-19
-9.52353e-05 -6.33418e-05 7.54067e-19
-9.72835e-05 -6.19791e-05 7.54011e-19
-9.93298e-05 -6.05464e-05 7.53951e-19
-0.000101374 -5.90428e-05 7.53889e-19
-0.000103414 -5.74685e-05 7.53823e-19
-0.000105451 -5.58238e-05 7.53755e-19
-0.000107483 -5.41096e-05 7.53684e-19
-0.000109509 -5.23281e-05 7.5361e-19
-0.00011153 -5.04827e-05 7.53534e-19
-0.000113544 -4.85783e-05 7.53455e-19
-0.000115545 -4.66199e-05 7.53373e-19
-0.000117536 -4.46128e-05 7.5329e-19
-0.000119517 -4.2563e-05 7.53205e-19
-0.000121477 -4.04767e-05 7.53119e-19
-0.000123423 -3.83594e-05 7.53031e-19
-0.00012536 -3.62173e-05 7.52942e-19
-0.000127282 -3.40578e-05 7.52853e-19
-0.000129192 -3.18885e-05 7.52763e-19
-0.000131085 -2.97182e-05 7.52673e-19
-0.000132962 -2.75545e-05 7.52583e-19
-0.000134822 -2.54033e-05 7.52494e-19
-0.000136664 -2.32706e-05 7.52405e-19
-0.000138488 -2.11623e-05 7.52318e-19
-0.000140292 -1.9084e-05 7.52232e-19
-0.000142075 -1.70412e-05 7.52147e-19
-0.000143837 -1.50394e-05 7.52064e-19
-0.000145578 -1.30838e-05 7.51983e-19
-0.000147282 -1.11745e-05 7.51904e-19
-0.000148959 -9.31752e-06 7.51827e-19
-0.000150615 -7.51607e-06 7.51752e-19
-0.000152243 -5.76995e-06 7.51679e-19
-0.000153847 -4.08121e-06 7.51609e-19
-0.000155424 -2.44989e-06 7.51542e-19
-0.000156975 -8.77397e-07 7.51476e-19
-0.000158484 6.08238e-07 7.51415e-19
-0.00015996 2.02659e-06 7.51356e-19
-0.000161412 3.39522e-06 7.51299e-19
-0.000162833 4.70553e-06 7.51245e-19
-0.000164228 5.96795e-06 7.51192e-19
-0.000165594 7.18051e-06 7.51142e-19
-0.000166933 8.34938e-06 7.51094e-19
-0.000168242 9.47508e-06 7.51047e-19
-0.000169523 1.05619e-05 7.51002e-19
-0.000170776 1.16115e-05 7.50958e-19
-0.000172001 1.26272e-05 7.50916e-19
-0.000173197 1.36111e-05 7.50875e-19
-0.000174364 1.45661e-05 7.50835e-19
-0.000175503 1.54942e-05 7.50797e-19
-0.000176614 1.63976e-05 7.50759e-19
-0.000177696 1.72781e-05 7.50723e-19
-0.00017875 1.81374e-05 7.50687e-19
-0.000179776 1.89774e-05 7.50652e-19
-0.000180773 1.97999e-05 7.50618e-19
-0.000181741 2.06072e-05 7.50585e-19
-0.000182681 2.14011e-05 7.50552e-19
-0.000183593 2.21838e-05 7.50519e-19
-0.000184476 2.29574e-05 7.50487e-19
-0.00018533 2.37241e-05 7.50455e-19
-0.000186157 2.4486e-05 7.50424e-19
-0.000186954 2.5245e-05 7.50392e-19
-0.000187724 2.6003e-05 7.50361e-19
-0.000188465 2.67617e-05 7.50329e-19
-0.000189177 2.75228e-05 7.50298e-19
-0.000189861 2.82874e-05 7.50266e-19
-0.000190517 2.90571e-05 7.50234e-19
-0.000191144 2.98333e-05 7.50202e-19
-0.000191743 3.06168e-05 7.50169e-19
-0.000192314 3.14084e-05 7.50137e-19
-0.000192856 3.22078e-05 7.50103e-19
-0.000193371 3.30144e-05 7.5007e-19
-0.000193858 3.3827e-05 7.50036e-19
-0.000194316 3.46443e-05 7.50002e-19
-0.000194747 3.54643e-05 7.49969e-19
-0.000195151 3.62852e-05 7.49935e-19
-0.000195527 3.71044e-05 7.49901e-19
-0.000195876 3.79193e-05 7.49867e-19
-0.000196198 3.87274e-05 7.49833e-19
-0.000196494 3.95261e-05 7.498e-19
-0.000196764 4.03123e-05 7.49768e-19
-0.000197008 4.10829e-05 7.49736e-19
-0.000197227 4.1834e-05 7.49705e-19
-0.000197421 4.25611e-05 7.49675e-19
-0.000197591 4.32598e-05 7.49646e-19
-0.000197737 4.39258e-05 7.49618e-19
-0.000197859 4.45554e-05 7.49592e-19
-0.000197958 4.51452e-05 7.49568e-19
-0.000198035 4.56919e-05 7.49545e-19
-0.000198089 4.61922e-05 7.49524e-19
-0.000198122 4.66419e-05 7.49506e-19
-0.000198134 4.70359e-05 7.49489e-19
-0.000198124 4.73699e-05 7.49476e-19
-0.000198094 4.764e-05 7.49464e-19
-0.000198042 4.78424e-05 7.49456e-19
-0.00019797 4.79743e-05 7.49451e-19
-0.000197877 4.80332e-05 7.49448e-19
-0.000197764 4.80176e-05 7.49449e-19
-0.00019763 4.79264e-05 7.49453e-19
-0.000197475 4.77595e-05 7.4946e-19
-0.0001973 4.75172e-05 7.4947e-19
-0.000197103 4.72012e-05 7.49483e-19
-0.000196886 4.68144e-05 7.49499e-19
-0.000196648 4.6361e-05 7.49517e-19
-0.000196389 4.5846e-05 7.49539e-19
-0.000196109 4.52747e-05 7.49562e-19
-0.000195808 4.46533e-05 7.49588e-19
-0.000195486 4.39884e-05 7.49616e-19
-0.000195144 4.32869e-05 7.49645e-19
-0.000194781 4.25559e-05 7.49675e-19
-0.000194397 4.18024e-05 7.49706e-19
-0.000193992 4.10336e-05 7.49738e-19
-0.000193568 4.02566e-05 7.4977e-19
-0.000193123 3.94782e-05 7.49802e-19
-0.000192657 3.87048e-05 7.49835e-19
-0.000192172 3.79429e-05 7.49866e-19
-0.000191668 3.71982e-05 7.49897e-19
-0.000191144 3.64759e-05 7.49927e-19
-0.000190601 3.57804e-05 7.49956e-19
-0.00019004 3.51157e-05 7.49983e-19
-0.000189461 3.44846e-05 7.50009e-19
-0.000188864 3.38896e-05 7.50034e-19
-0.000188251 3.33323e-05 7.50057e-19
-0.00018762 3.28132e-05 7.50079e-19
-0.000186974 3.23323e-05 7.50099e-19
-0.000186311 3.1889e-05 7.50117e-19
-0.000185634 3.14814e-05 7.50134e-19
-0.000184943 3.11067e-05 7.5015e-19
-0.000184237 3.07617e-05 7.50164e-19
-0.000183517 3.0443e-05 7.50177e-19
-0.000182785 3.0147e-05 7.5019e-19
-0.00018204 2.987e-05 7.50201e-19
-0.000181284 2.96081e-05 7.50212e-19
-0.000180516 2.93571e-05 7.50222e-19
-0.000179737 2.91125e-05 7.50233e-19
-0.000178947 2.88695e-05 7.50243e-19
-0.000178148 2.86231e-05 7.50253e-19
-0.000177339 2.83687e-05 7.50264e-19
-0.00017652 2.81022e-05 7.50275e-19
-0.000175693 2.78201e-05 7.50287e-19
-0.000174857 2.7519e-05 7.50299e-19
-0.000174014 2.71958e-05 7.50313e-19
-0.000173162 2.68481e-05 7.50327e-19
-0.000172303 2.64741e-05 7.50343e-19
-0.000171437 2.6072e-05 7.50359e-19
-0.000170565 2.56405e-05 7.50377e-19
-0.000169686 2.51781e-05 7.50397e-19
-0.000168801 2.46838e-05 7.50417e-19
-0.00016791 2.41565e-05 7.50439e-19
-0.000167014 2.35954e-05 7.50462e-19
-0.000166112 2.29997e-05 7.50487e-19
-0.000165205 2.23686e-05 7.50513e-19
-0.000164293 2.17014e-05 7.50541e-19
-0.000163377 2.09976e-05 7.5057e-19
-0.000162456 2.02563e-05 7.50601e-19
-0.00016153 1.94764e-05 7.50633e-19
-0.0001606 1.86571e-05 7.50667e-19
-0.000159666 1.77981e-05 7.50703e-19
-0.000158728 1.68995e-05 7.5074e-19
-0.000157786 1.59623e-05 7.50779e-19
-0.000156841 1.49876e-05 7.5082e-19
-0.000155893 1.39771e-05 7.50861e-19
-0.000154941 1.29329e-05 7.50905e-19
-0.000153988 1.18575e-05 7.50949e-19
-0.000153033 1.07536e-05 7.50995e-19
-0.000152076 9.62416e-06 7.51042e-19
-0.000151117 8.47202e-06 7.5109e-19
-0.000150159 7.30001e-06 7.51138e-19
-0.000149191 6.09399e-06 7.51188e-19
-0.000148221 4.86948e-06 7.51239e-19
-0.000147253 3.63774e-06 7.5129e-19
-0.000146285 2.39586e-06 7.51342e-19
-0.000145314 1.1525e-06 7.51393e-19
-0.000144343 -9.34433e-08 7.51445e-19
-0.000143378 -1.33553e-06 7.51496e-19
-0.000142425 -2.56654e-06 7.51547e-19
-0.000141479 -3.78411e-06 7.51598e-19
-0.000140534 -4.98883e-06 7.51648e-19
-0.000139595 -6.17475e-06 7.51697e-19
-0.000138658 -7.33966e-06 7.51745e-19
-0.000137725 -8.47988e-06 7.51792e-19
-0.000136797 -9.59251e-06 7.51839e-19
-0.000135873 -1.06746e-05 7.51883e-19
-0.000134952 -1.17232e-05 7.51927e-19
-0.000134036 -1.2736e-05 7.51969e-19
-0.00013312 -1.37109e-05 7.52009e-19
-0.000132208 -1.46456e-05 7.52048e-19
-0.000131303 -1.55383e-05 7.52085e-19
-0.000130403 -1.63877e-05 7.5212e-19
-0.00012951 -1.71927e-05 7.52154e-19
-0.000128623 -1.79521e-05 7.52185e-19
-0.000127743 -1.86652e-05 7.52215e-19
-0.00012687 -1.93314e-05 7.52243e-19
-0.000126004 -1.9951e-05 7.52268e-19
-0.000125145 -2.05251e-05 7.52292e-19
-0.000124294 -2.10557e-05 7.52314e-19
-0.000123452 -2.15453e-05 7.52335e-19
-0.000122617 -2.19968e-05 7.52353e-19
-0.000121791 -2.24134e-05 7.52371e-19
-0.000120973 -2.2799e-05 7.52387e-19
-0.000120164 -2.31581e-05 7.52402e-19
-0.000119363 -2.34942e-05 7.52416e-19
-0.000118571 -2.38111e-05 7.52429e-19
-0.000117789 -2.41129e-05 7.52441e-19
-0.000117018 -2.44033e-05 7.52453e-19
-0.000116257 -2.46862e-05 7.52465e-19
-0.000115507 -2.49655e-05 7.52477e-19
-0.000114769 -2.52448e-05 7.52489e-19
-0.000114043 -2.55276e-05 7.525e-19
-0.000113329 -2.58171e-05 7.52512e-19
-0.000112627 -2.61163e-05 7.52525e-19
-0.000111939 -2.64277e-05 7.52538e-19
-0.000111265 -2.67537e-05 7.52551e-19
-0.000110604 -2.7096e-05 7.52566e-19
-0.000109958 -2.74562e-05 7.52581e-19
-0.000109327 -2.78354e-05 7.52596e-19
-0.000108711 -2.82341e-05 7.52613e-19
-0.000108111 -2.86526e-05 7.5263e-19
-0.000107527 -2.90906e-05 7.52648e-19
-0.000106959 -2.95475e-05 7.52667e-19
-0.000106408 -3.00221e-05 7.52687e-19
-0.000105873 -3.05132e-05 7.52707e-19
-0.000105357 -3.10193e-05 7.52728e-19
-0.000104857 -3.15389e-05 7.5275e-19
-0.000104375 -3.20704e-05 7.52772e-19
-0.000103911 -3.26115e-05 7.52794e-19
-0.000103465 -3.31607e-05 7.52817e-19
-0.000103037 -3.37161e-05 7.5284e-19
-0.000102627 -3.42756e-05 7.52863e-19
-0.000102234 -3.48373e-05 7.52887e-19
-0.000101859 -3.54001e-05 7.5291e-19
-0.000101502 -3.59628e-05 7.52933e-19
-0.000101161 -3.65246e-05 7.52957e-19
-0.000100838 -3.70843e-05 7.5298e-19
-0.000100531 -3.76407e-05 7.53003e-19
-0.00010024 -3.81925e-05 7.53026e-19
-9.99656e-05 -3.87385e-05 7.53048e-19
-9.97066e-05 -3.92772e-05 7.53071e-19
-9.94628e-05 -3.98073e-05 7.53092e-19
-9.9234e-05 -4.03275e-05 7.53114e-19
-9.90196e-05 -4.08366e-05 7.53135e-19
-9.88194e-05 -4.13331e-05 7.53156e-19
-9.86331e-05 -4.18157e-05 7.53176e-19
-9.84602e-05 -4.22828e-05 7.53195e-19
-9.83004e-05 -4.27329e-05 7.53214e-19
-9.81535e-05 -4.31648e-05 7.53232e-19
-9.80191e-05 -4.35772e-05 7.53249e-19
-9.78969e-05 -4.39689e-05 7.53265e-19
-9.77866e-05 -4.43389e-05 7.5328e-19
-9.76879e-05 -4.46865e-05 7.53295e-19
-9.76007e-05 -4.5011e-05 7.53308e-19
-9.75246e-05 -4.53119e-05 7.5332e-19
-9.74593e-05 -4.55889e-05 7.53332e-19
-9.74048e-05 -4.58421e-05 7.53342e-19
-9.73606e-05 -4.60717e-05 7.53352e-19
-9.73267e-05 -4.62783e-05 7.5336e-19
-9.73028e-05 -4.64626e-05 7.53368e-19
-9.72887e-05 -4.66258e-05 7.53375e-19
-9.72842e-05 -4.67695e-05 7.53381e-19
-9.7289e-05 -4.68952e-05 7.53386e-19
-9.73029e-05 -4.7005e-05 7.53391e-19
-9.73256e-05 -4.71012e-05 7.53395e-19
-9.73569e-05 -4.71867e-05 7.53398e-19
-9.73964e-05 -4.72645e-05 7.53401e-19
-9.74437e-05 -4.73381e-05 7.53404e-19
-9.74986e-05 -4.74106e-05 7.53407e-19
-9.75607e-05 -4.74853e-05 7.53411e-19
-9.76295e-05 -4.7565e-05 7.53414e-19
-9.77048e-05 -4.76527e-05 7.53418e-19
-9.77862e-05 -4.7751e-05 7.53422e-19
-9.78733e-05 -4.78617e-05 7.53426e-19
-9.79659e-05 -4.79863e-05 7.53431e-19
-9.80636e-05 -4.81261e-05 7.53437e-19
-9.81661e-05 -4.82817e-05 7.53444e-19
-9.82732e-05 -4.84535e-05 7.53451e-19
-9.83845e-05 -4.86413e-05 7.53459e-19
-9.84999e-05 -4.88444e-05 7.53467e-19
-9.86189e-05 -4.90625e-05 7.53476e-19
-9.87413e-05 -4.92955e-05 7.53486e-19
-9.88665e-05 -4.95434e-05 7.53496e-19
-9.89942e-05 -4.98061e-05 7.53507e-19
-9.91239e-05 -5.00833e-05 7.53518e-19
-9.92553e-05 -5.03743e-05 7.5353e-19
-9.93878e-05 -5.06782e-05 7.53543e-19
-9.95211e-05 -5.09939e-05 7.53556e-19
-9.96549e-05 -5.13199e-05 7.53569e-19
-9.97887e-05 -5.16546e-05 7.53583e-19
-9.99222e-05 -5.19959e-05 7.53597e-19
-0.000100055 -5.2342e-05 7.53612e-19
-0.000100187 -5.26905e-05 7.53626e-19
-0.000100318 -5.30389e-05 7.53641e-19
-0.000100447 -5.33847e-05 7.53655e-19
-0.000100575 -5.37253e-05 7.53669e-19
-0.000100701 -5.40579e-05 7.53683e-19
-0.000100825 -5.438e-05 7.53696e-19
-0.000100946 -5.46888e-05 7.53709e-19
-0.000101065 -5.49821e-05 7.53721e-19
-0.000101182 -5.5257e-05 7.53732e-19
-0.000101296 -5.55106e-05 7.53743e-19
-0.000101408 -5.57398e-05 7.53752e-19
-0.000101517 -5.59413e-05 7.53761e-19
-0.000101624 -5.61125e-05 7.53768e-19
-0.000101728 -5.62511e-05 7.53773e-19
-0.000101831 -5.63553e-05 7.53778e-19
-0.000101931 -5.64238e-05 7.53781e-19
-0.000102029 -5.64554e-05 7.53782e-19
-0.000102125 -5.64497e-05 7.53782e-19
-0.000102218 -5.64068e-05 7.5378e-19
-0.000102309 -5.6327e-05 7.53776e-19
-0.000102398 -5.62111e-05 7.53772e-19
-0.000102484 -5.606e-05 7.53765e-19
-0.000102567 -5.58754e-05 7.53758e-19
-0.000102648 -5.56589e-05 7.53749e-19
-0.000102727 -5.54119e-05 7.53739e-19
-0.000102802 -5.5135e-05 7.53727e-19
-0.000102875 -5.48284e-05 7.53714e-19
-0.000102946 -5.44922e-05 7.537e-19
-0.000103015 -5.41266e-05 7.53685e-19
-0.000103082 -5.37314e-05 7.53669e-19
-0.000103148 -5.33062e-05 7.53651e-19
-0.000103212 -5.28506e-05 7.53632e-19
-0.000103275 -5.2365e-05 7.53612e-19
-0.000103338 -5.18501e-05 7.53591e-19
-0.0001034 -5.13075e-05 7.53569e-19
-0.000103462 -5.07389e-05 7.53545e-19
-0.000103524 -5.01461e-05 7.5352e-19
-0.000103587 -4.95308e-05 7.53495e-19
-0.00010365 -4.88947e-05 7.53469e-19
-0.000103714 -4.82396e-05 7.53441e-19
-0.00010378 -4.75673e-05 7.53414e-19
-0.000103847 -4.68798e-05 7.53385e-19
-0.000103917 -4.61791e-05 7.53356e-19
-0.00010399 -4.54672e-05 7.53327e-19
-0.000104065 -4.47463e-05 7.53297e-19
-0.000104145 -4.40182e-05 7.53267e-19
-0.000104229 -4.32848e-05 7.53236e-19
-0.000104318 -4.2548e-05 7.53206e-19
-0.000104412 -4.18097e-05 7.53175e-19
-0.000104512 -4.1072e-05 7.53145e-19
-0.000104618 -4.0337e-05 7.53114e-19
-0.000104732 -3.96067e-05 7.53084e-19
-0.000104853 -3.88833e-05 7.53054e-19
-0.000104983 -3.8169e-05 7.53024e-19
-0.00010512 -3.7466e-05 7.52995e-19
-0.000105267 -3.67764e-05 7.52967e-19
-0.000105423 -3.61021e-05 7.52939e-19
-0.000105589 -3.54452e-05 7.52912e-19
-0.000105764 -3.48075e-05 7.52885e-19
-0.000105951 -3.41905e-05 7.5286e-19
-0.000106148 -3.35958e-05 7.52835e-19
-0.000106355 -3.30249e-05 7.52811e-19
-0.000106574 -3.24793e-05 7.52789e-19
-0.000106804 -3.19603e-05 7.52767e-19
-0.000107045 -3.14686e-05 7.52747e-19
-0.000107297 -3.10045e-05 7.52728e-19
-0.00010756 -3.05675e-05 7.52709e-19
-0.000107835 -3.01571e-05 7.52692e-19
-0.000108121 -2.9772e-05 7.52676e-19
-0.000108419 -2.94103e-05 7.52661e-19
-0.000108728 -2.90692e-05 7.52647e-19
-0.000109048 -2.87457e-05 7.52634e-19
-0.00010938 -2.84367e-05 7.52621e-19
-0.000109724 -2.81387e-05 7.52609e-19
-0.00011008 -2.78479e-05 7.52597e-19
-0.000110447 -2.75607e-05 7.52585e-19
-0.000110826 -2.72735e-05 7.52573e-19
-0.000111218 -2.69826e-05 7.52561e-19
-0.000111621 -2.66849e-05 7.52548e-19
-0.000112036 -2.63772e-05 7.52535e-19
-0.000112463 -2.60566e-05 7.52522e-19
-0.000112902 -2.57211e-05 7.52508e-19
-0.000113354 -2.53687e-05 7.52494e-19
-0.000113817 -2.49979e-05 7.52478e-19
-0.000114292 -2.46077e-05 7.52462e-19
-0.00011478 -2.41975e-05 7.52445e-19
-0.000115279 -2.37675e-05 7.52427e-19
-0.000115791 -2.33178e-05 7.52408e-19
-0.000116313 -2.28497e-05 7.52389e-19
-0.000116848 -2.23646e-05 7.52369e-19
-0.000117394 -2.18648e-05 7.52348e-19
-0.000117952 -2.13529e-05 7.52327e-19
-0.00011852 -2.08317e-05 7.52305e-19
-0.000119099 -2.0305e-05 7.52284e-19
-0.000119689 -1.97769e-05 7.52262e-19
-0.000120288 -1.92516e-05 7.5224e-19
-0.000120897 -1.8733e-05 7.52218e-19
-0.000121516 -1.82248e-05 7.52197e-19
-0.000122143 -1.77304e-05 7.52177e-19
-0.000122778 -1.72529e-05 7.52157e-19
-0.00012342 -1.67953e-05 7.52138e-19
-0.00012407 -1.63601e-05 7.5212e-19
-0.000124726 -1.59499e-05 7.52103e-19
-0.000125388 -1.55666e-05 7.52087e-19
-0.000126055 -1.52121e-05 7.52072e-19
-0.000126726 -1.48874e-05 7.52059e-19
-0.000127401 -1.45933e-05 7.52047e-19
-0.000128079 -1.43301e-05 7.52036e-19
-0.000128756 -1.40977e-05 7.52026e-19
-0.000129435 -1.38956e-05 7.52018e-19
-0.000130114 -1.3723e-05 7.5201e-19
-0.000130793 -1.35785e-05 7.52004e-19
-0.000131471 -1.34606e-05 7.51999e-19
-0.000132143 -1.33676e-05 7.51995e-19
-0.000132811 -1.32966e-05 7.51992e-19
-0.000133477 -1.32449e-05 7.5199e-19
-0.000134138 -1.32101e-05 7.51989e-19
-0.000134796 -1.31892e-05 7.51988e-19
-0.000135449 -1.31794e-05 7.51987e-19
-0.000136097 -1.31781e-05 7.51987e-19
-0.000136738 -1.31828e-05 7.51987e-19
-0.000137373 -1.31918e-05 7.51988e-19
-0.000138001 -1.32041e-05 7.51988e-19
-0.000138621 -1.32187e-05 7.51989e-19
-0.000139233 -1.32346e-05 7.51989e-19
-0.000139835 -1.32508e-05 7.5199e-19
-0.000140429 -1.32662e-05 7.51991e-19
-0.000141012 -1.32795e-05 7.51991e-19
-0.000141585 -1.32897e-05 7.51992e-19
-0.000142148 -1.32955e-05 7.51992e-19
-0.0001427 -1.32954e-05 7.51992e-19
-0.00014324 -1.32882e-05 7.51991e-19
-0.000143769 -1.32727e-05 7.51991e-19
-0.000144286 -1.3249e-05 7.5199e-19
-0.000144791 -1.32171e-05 7.51988e-19
-0.000145283 -1.31778e-05 7.51987e-19
-0.000145758 -1.31299e-05 7.51985e-19
-0.000146218 -1.30747e-05 7.51982e-19
-0.000146665 -1.30126e-05 7.5198e-19
-0.000147098 -1.29431e-05 7.51977e-19
-0.000147517 -1.28661e-05 7.51974e-19
-0.000147921 -1.27806e-05 7.5197e-19
-0.00014831 -1.26859e-05 7.51966e-19
-0.000148684 -1.25808e-05 7.51962e-19
-0.000149042 -1.24644e-05 7.51957e-19
-0.000149385 -1.23351e-05 7.51951e-19
-0.000149711 -1.21918e-05 7.51946e-19
-0.000150022 -1.20329e-05 7.51939e-19
-0.000150315 -1.18575e-05 7.51932e-19
-0.000150592 -1.16646e-05 7.51924e-19
-0.000150852 -1.1454e-05 7.51915e-19
-0.000151095 -1.12252e-05 7.51905e-19
-0.00015132 -1.09785e-05 7.51895e-19
-0.000151528 -1.07146e-05 7.51884e-19
-0.000151718 -1.04348e-05 7.51873e-19
-0.000151889 -1.01406e-05 7.5186e-19
-0.000152042 -9.83379e-06 7.51848e-19
-0.000152176 -9.51603e-06 7.51835e-19
-0.000152291 -9.18919e-06 7.51821e-19
-0.000152388 -8.85531e-06 7.51807e-19
-0.000152465 -8.51658e-06 7.51793e-19
-0.000152524 -8.17551e-06 7.51779e-19
-0.000152564 -7.83474e-06 7.51765e-19
-0.000152584 -7.49709e-06 7.51751e-19
-0.000152586 -7.16545e-06 7.51737e-19
-0.000152569 -6.8429e-06 7.51724e-19
-0.000152533 -6.5326e-06 7.51711e-19
-0.000152479 -6.23771e-06 7.51699e-19
-0.000152405 -5.96122e-06 7.51687e-19
-0.000152314 -5.70587e-06 7.51677e-19
-0.000152204 -5.4741e-06 7.51667e-19
-0.000152077 -5.26823e-06 7.51659e-19
-0.000151932 -5.09027e-06 7.51651e-19
-0.000151769 -4.94187e-06 7.51645e-19
-0.00015159 -4.82422e-06 7.5164e-19
-0.000151393 -4.73835e-06 7.51637e-19
-0.00015118 -4.68488e-06 7.51635e-19
-0.000150951 -4.66399e-06 7.51634e-19
-0.000150706 -4.67535e-06 7.51634e-19
-0.000150445 -4.71847e-06 7.51636e-19
-0.00015017 -4.79242e-06 7.51639e-19
-0.00014988 -4.89578e-06 7.51643e-19
-0.000149575 -5.02667e-06 7.51649e-19
-0.000149257 -5.18308e-06 7.51655e-19
-0.000148925 -5.36265e-06 7.51663e-19
-0.00014858 -5.56264e-06 7.51671e-19
-0.000148223 -5.77996e-06 7.5168e-19
-0.000147853 -6.01148e-06 7.5169e-19
-0.000147472 -6.25377e-06 7.517e-19
-0.00014708 -6.50289e-06 7.5171e-19
-0.000146677 -6.75445e-06 7.51721e-19
-0.000146265 -7.00422e-06 7.51731e-19
-0.000145843 -7.24818e-06 7.51741e-19
-0.000145414 -7.48292e-06 7.51751e-19
-0.000144974 -7.70445e-06 7.5176e-19
-0.000144525 -7.91082e-06 7.51769e-19
-0.000144071 -8.10011e-06 7.51776e-19
-0.00014361 -8.27039e-06 7.51783e-19
-0.000143145 -8.42043e-06 7.5179e-19
-0.000142677 -8.54832e-06 7.51795e-19
-0.000142207 -8.65474e-06 7.51799e-19
-0.000141732 -8.74089e-06 7.51803e-19
-0.000141254 -8.80742e-06 7.51806e-19
-0.000140774 -8.85576e-06 7.51808e-19
-0.000140292 -8.88736e-06 7.51809e-19
-0.000139808 -8.90364e-06 7.5181e-19
-0.000139324 -8.90617e-06 7.5181e-19
-0.000138839 -8.89655e-06 7.5181e-19
-0.000138355 -8.87662e-06 7.51809e-19
-0.000137872 -8.84829e-06 7.51808e-19
-0.000137391 -8.81364e-06 7.51806e-19
-0.000136912 -8.77473e-06 7.51805e-19
-0.000136436 -8.73379e-06 7.51803e-19
-0.000135963 -8.69321e-06 7.51802e-19
-0.000135494 -8.65554e-06 7.518e-19
-0.000135029 -8.62325e-06 7.51799e-19
-0.000134569 -8.5987e-06 7.51798e-19
-0.000134113 -8.58421e-06 7.51797e-19
-0.00013366 -8.5821e-06 7.51797e-19
-0.000133212 -8.59421e-06 7.51798e-19
-0.000132771 -8.6223e-06 7.51799e-19
-0.000132336 -8.66805e-06 7.51801e-19
-0.000131908 -8.73285e-06 7.51804e-19
-0.000131486 -8.81794e-06 7.51807e-19
-0.000131072 -8.92387e-06 7.51812e-19
-0.000130665 -9.05035e-06 7.51817e-19
-0.000130265 -9.19621e-06 7.51823e-19
-0.000129873 -9.36013e-06 7.5183e-19
-0.00012949 -9.5407e-06 7.51837e-19
-0.000129115 -9.73692e-06 7.51845e-19
-0.000128749 -9.94786e-06 7.51854e-19
-0.000128393 -1.01726e-05 7.51863e-19
-0.000128046 -1.041e-05 7.51873e-19
-0.000127708 -1.06588e-05 7.51884e-19
-0.000127381 -1.09175e-05 7.51894e-19
-0.000127063 -1.11848e-05 7.51905e-19
-0.000126756 -1.14589e-05 7.51917e-19
-0.00012646 -1.17382e-05 7.51928e-19
-0.000126174 -1.20207e-05 7.5194e-19
-0.0001259 -1.23044e-05 7.51952e-19
-0.000125637 -1.25878e-05 7.51964e-19
-0.000125385 -1.28698e-05 7.51975e-19
-0.000125146 -1.315e-05 7.51987e-19
-0.000124918 -1.34279e-05 7.51998e-19
-0.000124702 -1.37031e-05 7.5201e-19
-0.000124498 -1.39746e-05 7.52021e-19
-0.000124307 -1.42412e-05 7.52032e-19
-0.000124129 -1.45018e-05 7.52043e-19
-0.000123963 -1.47549e-05 7.52053e-19
-0.00012381 -1.49994e-05 7.52064e-19
-0.00012367 -1.52337e-05 7.52073e-19
-0.000123543 -1.54565e-05 7.52083e-19
-0.00012343 -1.56661e-05 7.52091e-19
-0.00012333 -1.58612e-05 7.52099e-19
-0.000123244 -1.60402e-05 7.52107e-19
-0.000123172 -1.62018e-05 7.52113e-19
-0.000123113 -1.63446e-05 7.52119e-19
-0.000123069 -1.64681e-05 7.52124e-19
-0.000123038 -1.65722e-05 7.52129e-19
-0.000123021 -1.66567e-05 7.52132e-19
-0.000123017 -1.67217e-05 7.52135e-19
-0.000123027 -1.67674e-05 7.52137e-19
-0.00012305 -1.67938e-05 7.52138e-19
-0.000123087 -1.68014e-05 7.52138e-19
-0.000123136 -1.679e-05 7.52138e-19
-0.000123199 -1.67589e-05 7.52136e-19
-0.000123275 -1.67066e-05 7.52134e-19
-0.000123364 -1.66319e-05 7.52131e-19
-0.000123466 -1.65337e-05 7.52127e-19
-0.000123582 -1.64115e-05 7.52122e-19
-0.00012371 -1.6265e-05 7.52116e-19
-0.000123852 -1.60942e-05 7.52109e-19
-0.000124006 -1.58993e-05 7.52101e-19
-0.000124173 -1.56811e-05 7.52092e-19
-0.000124354 -1.54407e-05 7.52082e-19
-0.000124546 -1.51795e-05 7.52071e-19
-0.000124752 -1.48989e-05 7.52059e-19
-0.00012497 -1.46007e-05 7.52047e-19
-0.0001252 -1.42867e-05 7.52034e-19
-0.000125443 -1.39587e-05 7.5202e-19
-0.000125698 -1.36188e-05 7.52006e-19
-0.000125965 -1.32689e-05 7.51992e-19
-0.000126244 -1.29108e-05 7.51977e-19
-0.000126536 -1.25464e-05 7.51962e-19
-0.000126839 -1.21777e-05 7.51947e-19
-0.000127154 -1.18067e-05 7.51931e-19
-0.000127482 -1.14357e-05 7.51916e-19
-0.00012782 -1.10666e-05 7.51901e-19
-0.000128171 -1.07014e-05 7.51885e-19
-0.000128532 -1.03419e-05 7.51871e-19
-0.000128905 -9.98946e-06 7.51856e-19
-0.000129288 -9.64562e-06 7.51842e-19
-0.000129682 -9.31128e-06 7.51828e-19
-0.000130086 -8.98683e-06 7.51814e-19
-0.000130502 -8.67213e-06 7.51801e-19
-0.000130928 -8.36679e-06 7.51789e-19
-0.000131364 -8.06991e-06 7.51776e-19
-0.00013181 -7.77996e-06 7.51764e-19
-0.000132266 -7.49484e-06 7.51752e-19
-0.000132732 -7.21227e-06 7.51741e-19
-0.000133208 -6.92978e-06 7.51729e-19
-0.000133693 -6.64492e-06 7.51717e-19
-0.000134186 -6.35527e-06 7.51705e-19
-0.000134687 -6.05815e-06 7.51693e-19
-0.000135198 -5.75111e-06 7.5168e-19
-0.000135717 -5.43217e-06 7.51667e-19
-0.000136246 -5.09959e-06 7.51653e-19
-0.000136782 -4.75182e-06 7.51638e-19
-0.000137327 -4.38707e-06 7.51623e-19
-0.00013788 -4.0033e-06 7.51607e-19
-0.000138441 -3.59816e-06 7.5159e-19
-0.000139009 -3.16952e-06 7.51573e-19
-0.000139585 -2.71528e-06 7.51554e-19
-0.000140169 -2.23355e-06 7.51534e-19
-0.00014076 -1.7225e-06 7.51513e-19
-0.000141359 -1.1806e-06 7.5149e-19
-0.000141965 -6.06389e-07 7.51466e-19
-0.000142579 1.62754e-09 7.51441e-19
-0.000143201 6.44947e-07 7.51414e-19
-0.00014383 1.32476e-06 7.51386e-19
-0.000144468 2.0418e-06 7.51356e-19
-0.000145113 2.79602e-06 7.51325e-19
-0.000145762 3.5883e-06 7.51292e-19
-0.000146417 4.41648e-06 7.51258e-19
-0.000147082 5.27873e-06 7.51222e-19
-0.000147748 6.16167e-06 7.51186e-19
-0.000148421 7.07207e-06 7.51148e-19
-0.000149103 8.01579e-06 7.51109e-19
-0.000149793 8.98592e-06 7.51069e-19
-0.000150493 9.98375e-06 7.51027e-19
-0.000151201 1.10045e-05 7.50985e-19
-0.000151919 1.20472e-05 7.50942e-19
-0.000152645 1.31082e-05 7.50898e-19
-0.00015338 1.41856e-05 7.50853e-19
-0.000154125 1.52767e-05 7.50808e-19
-0.000154879 1.63794e-05 7.50762e-19
-0.000155641 1.7491e-05 7.50716e-19
-0.000156413 1.86091e-05 7.5067e-19
-0.000157194 1.97309e-05 7.50623e-19
-0.000157985 2.08539e-05 7.50577e-19
-0.000158784 2.19756e-05 7.5053e-19
-0.000159592 2.30931e-05 7.50484e-19
-0.000160409 2.42037e-05 7.50438e-19
-0.000161234 2.53049e-05 7.50392e-19
-0.000162067 2.63941e-05 7.50347e-19
-0.000162909 2.74689e-05 7.50302e-19
-0.000163757 2.85268e-05 7.50258e-19
-0.000164613 2.95657e-05 7.50215e-19
-0.000165476 3.05837e-05 7.50173e-19
-0.000166346 3.15797e-05 7.50132e-19
-0.000167222 3.25527e-05 7.50091e-19
-0.000168103 3.35022e-05 7.50052e-19
-0.000168991 3.44278e-05 7.50014e-19
-0.000169883 3.53292e-05 7.49976e-19
-0.00017078 3.62062e-05 7.4994e-19
-0.000171682 3.70588e-05 7.49905e-19
-0.000172588 3.78872e-05 7.4987e-19
-0.000173498 3.86917e-05 7.49837e-19
-0.000174412 3.94731e-05 7.49804e-19
-0.000175328 4.02319e-05 7.49773e-19
-0.000176247 4.09693e-05 7.49742e-19
-0.000177168 4.16863e-05 7.49712e-19
-0.000178092 4.23844e-05 7.49683e-19
-0.000179017 4.30651e-05 7.49655e-19
-0.000179944 4.37301e-05 7.49628e-19
-0.000180871 4.43814e-05 7.49601e-19
-0.0001818 4.50213e-05 7.49574e-19
-0.00018273 4.5652e-05 7.49548e-19
-0.00018366 4.62757e-05 7.49522e-19
-0.00018459 4.68948e-05 7.49496e-19
-0.000185521 4.75118e-05 7.49471e-19
-0.000186451 4.81288e-05 7.49445e-19
-0.000187382 4.87482e-05 7.49419e-19
-0.000188312 4.93726e-05 7.49393e-19
-0.000189241 5.00046e-05 7.49367e-19
-0.00019017 5.06466e-05 7.4934e-19
-0.000191099 5.13008e-05 7.49313e-19
-0.000192026 5.19686e-05 7.49285e-19
-0.000192953 5.26509e-05 7.49257e-19
-0.000193878 5.33484e-05 7.49228e-19
-0.000194802 5.40614e-05 7.49199e-19
-0.000195725 5.479e-05 7.49168e-19
-0.000196645 5.55338e-05 7.49137e-19
-0.000197563 5.62921e-05 7.49106e-19
-0.000198479 5.70637e-05 7.49074e-19
-0.000199391 5.78467e-05 7.49042e-19
-0.0002003 5.86382e-05 7.49009e-19
-0.000201206 5.94353e-05 7.48976e-19
-0.000202106 6.02347e-05 7.48942e-19
-0.000203001 6.10329e-05 7.48909e-19
-0.000203891 6.18261e-05 7.48876e-19
-0.000204774 6.26103e-05 7.48844e-19
-0.00020565 6.33816e-05 7.48812e-19
-0.000206517 6.41359e-05 7.48781e-19
-0.000207376 6.48688e-05 7.4875e-19
-0.000208225 6.55762e-05 7.48721e-19
-0.000209063 6.62539e-05 7.48693e-19
-0.00020989 6.68981e-05 7.48666e-19
-0.000210705 6.7505e-05 7.48641e-19
-0.000211506 6.80711e-05 7.48617e-19
-0.000212292 6.85931e-05 7.48596e-19
-0.000213064 6.90687e-05 7.48576e-19
-0.000213819 6.94958e-05 7.48558e-19
-0.000214557 6.98728e-05 7.48543e-19
-0.000215277 7.01983e-05 7.48529e-19
-0.000215978 7.04713e-05 7.48518e-19
-0.000216659 7.06909e-05 7.48509e-19
-0.00021732 7.08567e-05 7.48502e-19
-0.000217959 7.09683e-05 7.48497e-19
-0.000218576 7.10264e-05 7.48494e-19
-0.000219169 7.10316e-05 7.48494e-19
-0.000219739 7.09851e-05 7.48496e-19
-0.000220284 7.08883e-05 7.485e-19
-0.000220804 7.07431e-05 7.48506e-19
-0.000221298 7.05519e-05 7.48514e-19
-0.000221765 7.03172e-05 7.48524e-19
-0.000222205 7.00416e-05 7.48535e-19
-0.000222618 6.97283e-05 7.48548e-19
-0.000223003 6.93805e-05 7.48562e-19
-0.000223359 6.90016e-05 7.48578e-19
-0.000223687 6.8595e-05 7.48595e-19
-0.000223986 6.8164e-05 7.48613e-19
-0.000224256 6.7712e-05 7.48631e-19
-0.000224496 6.72423e-05 7.48651e-19
-0.000224706 6.67584e-05 7.48671e-19
-0.000224886 6.62636e-05 7.48691e-19
-0.000225036 6.57616e-05 7.48712e-19
-0.000225155 6.52558e-05 7.48733e-19
-0.000225245 6.47495e-05 7.48754e-19
-0.000225304 6.4246e-05 7.48775e-19
-0.000225332 6.37485e-05 7.48795e-19
-0.00022533 6.32598e-05 7.48816e-19
-0.000225297 6.27826e-05 7.48835e-19
-0.000225234 6.2319e-05 7.48854e-19
-0.000225141 6.18707e-05 7.48873e-19
-0.000225017 6.14393e-05 7.48891e-19
-0.000224862 6.10258e-05 7.48908e-19
-0.000224677 6.0631e-05 7.48924e-19
-0.000224461 6.02553e-05 7.4894e-19
-0.000224215 5.98987e-05 7.48955e-19
-0.000223938 5.95612e-05 7.48969e-19
-0.00022363 5.92423e-05 7.48982e-19
-0.000223293 5.89413e-05 7.48995e-19
-0.000222924 5.86574e-05 7.49006e-19
-0.000222526 5.83895e-05 7.49017e-19
-0.000222097 5.81369e-05 7.49028e-19
-0.000221638 5.78989e-05 7.49038e-19
-0.000221149 5.76747e-05 7.49047e-19
-0.00022063 5.74629e-05 7.49056e-19
-0.000220082 5.72616e-05 7.49064e-19
-0.000219505 5.70684e-05 7.49072e-19
-0.0002189 5.68806e-05 7.4908e-19
-0.000218265 5.66954e-05 7.49088e-19
-0.000217602 5.651e-05 7.49096e-19
-0.000216911 5.63211e-05 7.49104e-19
-0.000216193 5.61257e-05 7.49112e-19
-0.000215447 5.59204e-05 7.4912e-19
-0.000214674 5.57019e-05 7.49129e-19
-0.000213875 5.54666e-05 7.49139e-19
-0.000213049 5.52109e-05 7.4915e-19
-0.000212198 5.49315e-05 7.49162e-19
-0.000211321 5.46251e-05 7.49174e-19
-0.000210419 5.42884e-05 7.49188e-19
-0.000209494 5.39185e-05 7.49204e-19
-0.000208544 5.35128e-05 7.49221e-19
-0.000207571 5.3069e-05 7.49239e-19
-0.000206575 5.25854e-05 7.49259e-19
-0.000205557 5.20605e-05 7.49281e-19
-0.000204517 5.14933e-05 7.49305e-19
-0.000203456 5.08829e-05 7.4933e-19
-0.000202375 5.02291e-05 7.49357e-19
-0.000201274 4.95317e-05 7.49386e-19
-0.000200154 4.87914e-05 7.49417e-19
-0.000199015 4.80091e-05 7.49449e-19
-0.000197858 4.71868e-05 7.49483e-19
-0.000196684 4.63264e-05 7.49519e-19
-0.000195494 4.54304e-05 7.49556e-19
-0.000194288 4.45017e-05 7.49595e-19
-0.000193066 4.35437e-05 7.49634e-19
-0.000191831 4.256e-05 7.49675e-19
-0.000190582 4.15542e-05 7.49717e-19
-0.00018932 4.053e-05 7.49759e-19
-0.000188047 3.94914e-05 7.49803e-19
-0.000186762 3.84421e-05 7.49846e-19
-0.000185467 3.73861e-05 7.4989e-19
-0.000184163 3.63274e-05 7.49934e-19
-0.00018285 3.52705e-05 7.49978e-19
-0.000181529 3.42196e-05 7.50021e-19
-0.000180201 3.31784e-05 7.50064e-19
-0.000178868 3.21507e-05 7.50107e-19
-0.000177529 3.11398e-05 7.50149e-19
-0.000176187 3.01485e-05 7.5019e-19
-0.000174841 2.91793e-05 7.5023e-19
-0.000173493 2.82335e-05 7.5027e-19
-0.000172143 2.73117e-05 7.50308e-19
-0.000170793 2.6414e-05 7.50345e-19
-0.000169443 2.55403e-05 7.50381e-19
-0.000168093 2.46898e-05 7.50417e-19
-0.000166745 2.38615e-05 7.50451e-19
-0.0001654 2.30539e-05 7.50485e-19
-0.000164058 2.22654e-05 7.50517e-19
-0.00016272 2.14941e-05 7.5055e-19
-0.000161386 2.07376e-05 7.50581e-19
-0.000160058 1.99937e-05 7.50612e-19
-0.000158736 1.92596e-05 7.50642e-19
-0.000157421 1.85325e-05 7.50673e-19
-0.000156112 1.7809e-05 7.50703e-19
-0.000154812 1.70859e-05 7.50733e-19
-0.00015352 1.63597e-05 7.50763e-19
-0.000152237 1.56266e-05 7.50793e-19
-0.000150963 1.48826e-05 7.50824e-19
-0.0001497 1.41239e-05 7.50856e-19
-0.000148446 1.33469e-05 7.50888e-19
-0.000147193 1.25526e-05 7.50921e-19
-0.000145947 1.17354e-05 7.50955e-19
-0.000144716 1.08922e-05 7.5099e-19
-0.000143485 1.00022e-05 7.51027e-19
-0.000142264 9.07894e-06 7.51065e-19
-0.000141057 8.13356e-06 7.51105e-19
-0.000139863 7.15853e-06 7.51145e-19
-0.000138678 6.1605e-06 7.51186e-19
-0.000137505 5.13688e-06 7.51229e-19
-0.000136349 4.09237e-06 7.51272e-19
-0.000135207 3.02657e-06 7.51316e-19
-0.000134081 1.94348e-06 7.51361e-19
-0.000132983 8.48806e-07 7.51407e-19
-0.000131907 -2.57706e-07 7.51453e-19
-0.000130845 -1.3802e-06 7.51499e-19
-0.000129801 -2.51382e-06 7.51546e-19
-0.000128775 -3.65752e-06 7.51594e-19
-0.000127767 -4.80762e-06 7.51641e-19
-0.000126776 -5.96123e-06 7.51689e-19
-0.000125805 -7.11513e-06 7.51737e-19
-0.000124853 -8.26637e-06 7.51785e-19
-0.000123921 -9.41219e-06 7.51832e-19
-0.000123009 -1.05497e-05 7.5188e-19
-0.000122117 -1.16763e-05 7.51926e-19
-0.000121246 -1.27897e-05 7.51972e-19
-0.000120395 -1.38882e-05 7.52018e-19
-0.000119566 -1.49701e-05 7.52063e-19
-0.000118758 -1.60335e-05 7.52107e-19
-0.000117971 -1.7077e-05 7.5215e-19
-0.000117207 -1.80987e-05 7.52193e-19
-0.000116464 -1.90979e-05 7.52234e-19
-0.000115743 -2.00724e-05 7.52274e-19
-0.000115044 -2.10202e-05 7.52314e-19
-0.000114367 -2.19399e-05 7.52352e-19
-0.000113714 -2.28297e-05 7.52389e-19
-0.000113083 -2.36878e-05 7.52424e-19
-0.000112474 -2.4512e-05 7.52458e-19
-0.000111889 -2.52998e-05 7.52491e-19
-0.000111326 -2.60488e-05 7.52522e-19
-0.000110786 -2.67567e-05 7.52551e-19
-0.00011027 -2.74219e-05 7.52579e-19
-0.000109776 -2.80431e-05 7.52605e-19
-0.000109305 -2.86192e-05 7.52629e-19
-0.000108858 -2.91492e-05 7.52651e-19
-0.000108433 -2.96317e-05 7.52671e-19
-0.000108031 -3.00656e-05 7.52689e-19
-0.000107651 -3.04496e-05 7.52705e-19
-0.000107295 -3.07831e-05 7.52718e-19
-0.000106961 -3.10656e-05 7.5273e-19
-0.00010665 -3.12968e-05 7.5274e-19
-0.000106362 -3.14769e-05 7.52747e-19
-0.000106097 -3.1606e-05 7.52753e-19
-0.000105855 -3.16846e-05 7.52756e-19
-0.000105636 -3.17128e-05 7.52757e-19
-0.00010544 -3.16911e-05 7.52756e-19
-0.000105267 -3.16208e-05 7.52753e-19
-0.000105118 -3.15039e-05 7.52748e-19
-0.000104992 -3.13435e-05 7.52742e-19
-0.00010489 -3.11427e-05 7.52734e-19
-0.00010481 -3.09049e-05 7.52724e-19
-0.000104755 -3.06333e-05 7.52712e-19
-0.000104724 -3.03314e-05 7.527e-19
-0.000104717 -3.00026e-05 7.52686e-19
-0.000104734 -2.96504e-05 7.52672e-19
-0.000104775 -2.92785e-05 7.52656e-19
-0.000104841 -2.88904e-05 7.5264e-19
-0.000104931 -2.84894e-05 7.52624e-19
-0.000105045 -2.80789e-05 7.52607e-19
-0.000105184 -2.76624e-05 7.52589e-19
-0.000105348 -2.72431e-05 7.52572e-19
-0.000105536 -2.68241e-05 7.52555e-19
-0.000105749 -2.64086e-05 7.52538e-19
-0.000105986 -2.60004e-05 7.52521e-19
-0.000106246 -2.56033e-05 7.52504e-19
-0.00010653 -2.52212e-05 7.52488e-19
-0.000106838 -2.48571e-05 7.52473e-19
-0.000107168 -2.45138e-05 7.52459e-19
-0.00010752 -2.41933e-05 7.52446e-19
-0.000107894 -2.38973e-05 7.52433e-19
-0.000108289 -2.36266e-05 7.52422e-19
-0.000108705 -2.33804e-05 7.52412e-19
-0.000109142 -2.31571e-05 7.52403e-19
-0.000109598 -2.29544e-05 7.52394e-19
-0.000110075 -2.27696e-05 7.52386e-19
-0.00011057 -2.25992e-05 7.52379e-19
-0.000111085 -2.24394e-05 7.52373e-19
-0.000111618 -2.2286e-05 7.52366e-19
-0.000112169 -2.2135e-05 7.5236e-19
-0.000112739 -2.19829e-05 7.52354e-19
-0.000113325 -2.18264e-05 7.52347e-19
-0.000113928 -2.16626e-05 7.5234e-19
-0.000114547 -2.14886e-05 7.52333e-19
-0.000115181 -2.13021e-05 7.52325e-19
-0.000115831 -2.11015e-05 7.52317e-19
-0.000116494 -2.08851e-05 7.52308e-19
-0.000117171 -2.06512e-05 7.52298e-19
-0.000117862 -2.0399e-05 7.52288e-19
-0.000118565 -2.01279e-05 7.52276e-19
-0.000119281 -1.98375e-05 7.52264e-19
-0.000120007 -1.95281e-05 7.52251e-19
-0.000120745 -1.92004e-05 7.52238e-19
-0.000121493 -1.88558e-05 7.52223e-19
-0.000122251 -1.84957e-05 7.52208e-19
-0.000123018 -1.81216e-05 7.52193e-19
-0.000123793 -1.77349e-05 7.52177e-19
-0.000124577 -1.73365e-05 7.5216e-19
-0.000125367 -1.69276e-05 7.52143e-19
-0.000126165 -1.65097e-05 7.52126e-19
-0.000126969 -1.60843e-05 7.52108e-19
-0.000127779 -1.56535e-05 7.5209e-19
-0.000128594 -1.52191e-05 7.52072e-19
-0.000129413 -1.47829e-05 7.52054e-19
-0.000130236 -1.43456e-05 7.52036e-19
-0.000131063 -1.39071e-05 7.52018e-19
-0.000131892 -1.34675e-05 7.52e-19
-0.000132723 -1.30269e-05 7.51981e-19
-0.000133547 -1.25865e-05 7.51963e-19
-0.00013437 -1.21472e-05 7.51945e-19
-0.000135194 -1.17103e-05 7.51927e-19
-0.000136017 -1.12771e-05 7.51909e-19
-0.000136839 -1.08482e-05 7.51891e-19
-0.000137659 -1.04242e-05 7.51873e-19
-0.000138477 -1.00055e-05 7.51856e-19
-0.000139292 -9.59266e-06 7.51839e-19
-0.000140102 -9.18624e-06 7.51822e-19
-0.000140909 -8.78691e-06 7.51805e-19
-0.000141709 -8.39533e-06 7.51789e-19
-0.000142505 -8.01189e-06 7.51773e-19
-0.000143293 -7.63646e-06 7.51757e-19
-0.000144075 -7.26856e-06 7.51742e-19
-0.000144849 -6.90761e-06 7.51727e-19
-0.000145615 -6.55322e-06 7.51712e-19
-0.000146373 -6.20553e-06 7.51698e-19
-0.000147121 -5.86495e-06 7.51684e-19
-0.000147855 -5.5304e-06 7.5167e-19
-0.000148576 -5.20326e-06 7.51656e-19
-0.000149289 -4.8836e-06 7.51643e-19
-0.000149989 -4.56964e-06 7.5163e-19
-0.000150679 -4.26059e-06 7.51617e-19
-0.000151358 -3.95502e-06 7.51605e-19
-0.000152024 -3.65283e-06 7.51592e-19
-0.000152679 -3.35383e-06 7.5158e-19
-0.000153322 -3.05822e-06 7.51567e-19
-0.000153952 -2.76576e-06 7.51555e-19
-0.000154569 -2.47617e-06 7.51543e-19
-0.000155173 -2.18875e-06 7.51531e-19
-0.000155764 -1.90286e-06 7.51519e-19
-0.000156341 -1.61782e-06 7.51507e-19
-0.000156904 -1.33343e-06 7.51496e-19
-0.000157454 -1.04959e-06 7.51484e-19
-0.000157989 -7.66226e-07 7.51472e-19
-0.00015851 -4.82712e-07 7.5146e-19
-0.000159016 -1.97458e-07 7.51448e-19
-0.000159503 8.40588e-08 7.51437e-19
-0.000159974 3.69555e-07 7.51425e-19
-0.000160431 6.6591e-07 7.51413e-19
-0.000160873 9.72948e-07 7.514e-19
-0.000161301 1.2957e-06 7.51386e-19
-0.000161713 1.63578e-06 7.51372e-19
-0.000162112 1.99665e-06 7.51357e-19
-0.000162495 2.37944e-06 7.51341e-19
-0.000162864 2.78565e-06 7.51325e-19
-0.000163219 3.21582e-06 7.51307e-19
-0.000163558 3.67078e-06 7.51288e-19
-0.000163883 4.15079e-06 7.51268e-19
-0.000164194 4.65614e-06 7.51247e-19
-0.00016449 5.18668e-06 7.51225e-19
-0.000164771 5.7417e-06 7.51202e-19
-0.000165038 6.31916e-06 7.51178e-19
-0.00016529 6.91614e-06 7.51153e-19
-0.000165527 7.52932e-06 7.51128e-19
-0.000165749 8.1557e-06 7.51102e-19
-0.000165957 8.79305e-06 7.51075e-19
-0.00016615 9.43973e-06 7.51049e-19
-0.000166328 1.0094e-05 7.51022e-19
-0.000166492 1.07537e-05 7.50994e-19
-0.000166642 1.1416e-05 7.50967e-19
-0.000166778 1.20775e-05 7.50939e-19
-0.0001669 1.27344e-05 7.50912e-19
-0.000167008 1.33837e-05 7.50885e-19
-0.000167102 1.40229e-05 7.50859e-19
-0.000167183 1.46505e-05 7.50833e-19
-0.000167252 1.52647e-05 7.50807e-19
-0.000167308 1.5864e-05 7.50783e-19
-0.000167351 1.64466e-05 7.50758e-19
-0.000167383 1.70105e-05 7.50735e-19
-0.000167404 1.75541e-05 7.50713e-19
-0.000167413 1.80756e-05 7.50691e-19
-0.000167412 1.85737e-05 7.5067e-19
-0.000167401 1.90474e-05 7.50651e-19
-0.00016738 1.94958e-05 7.50632e-19
-0.000167349 1.99176e-05 7.50615e-19
-0.000167309 2.03108e-05 7.50598e-19
-0.000167261 2.06729e-05 7.50583e-19
-0.000167203 2.10013e-05 7.5057e-19
-0.000167138 2.12941e-05 7.50558e-19
-0.000167064 2.15498e-05 7.50547e-19
-0.000166982 2.17676e-05 7.50538e-19
-0.000166892 2.19472e-05 7.50531e-19
-0.000166795 2.20882e-05 7.50525e-19
-0.000166691 2.21908e-05 7.50521e-19
-0.00016658 2.22554e-05 7.50518e-19
-0.000166462 2.22826e-05 7.50517e-19
-0.000166338 2.22733e-05 7.50517e-19
-0.000166207 2.22284e-05 7.50519e-19
-0.00016607 2.21489e-05 7.50522e-19
-0.000165928 2.20359e-05 7.50527e-19
-0.000165779 2.18906e-05 7.50533e-19
-0.000165625 2.17133e-05 7.5054e-19
-0.000165465 2.15043e-05 7.50549e-19
-0.000165299 2.12636e-05 7.50559e-19
-0.000165127 2.09916e-05 7.5057e-19
-0.000164949 2.06888e-05 7.50583e-19
-0.000164765 2.03558e-05 7.50597e-19
-0.000164575 1.99934e-05 7.50612e-19
-0.000164378 1.96025e-05 7.50628e-19
-0.000164175 1.91841e-05 7.50645e-19
-0.000163966 1.87397e-05 7.50664e-19
-0.00016375 1.82705e-05 7.50683e-19
-0.000163527 1.77778e-05 7.50703e-19
-0.000163297 1.72632e-05 7.50725e-19
-0.000163059 1.67282e-05 7.50747e-19
-0.000162815 1.6174e-05 7.5077e-19
-0.000162563 1.56025e-05 7.50794e-19
-0.000162304 1.50153e-05 7.50818e-19
-0.000162037 1.44148e-05 7.50843e-19
-0.000161763 1.38028e-05 7.50868e-19
-0.00016148 1.31814e-05 7.50894e-19
-0.000161191 1.25524e-05 7.5092e-19
-0.000160893 1.19177e-05 7.50946e-19
-0.000160587 1.12789e-05 7.50973e-19
-0.000160274 1.06375e-05 7.50999e-19
-0.000159953 9.9954e-06 7.51026e-19
-0.000159624 9.35422e-06 7.51053e-19
-0.000159287 8.71564e-06 7.51079e-19
-0.000158942 8.08061e-06 7.51105e-19
-0.00015859 7.44882e-06 7.51132e-19
-0.000158229 6.81905e-06 7.51158e-19
-0.000157861 6.18983e-06 7.51184e-19
-0.000157484 5.55975e-06 7.5121e-19
-0.000157098 4.92768e-06 7.51236e-19
-0.000156704 4.29268e-06 7.51263e-19
-0.0001563 3.65382e-06 7.51289e-19
-0.000155888 3.01009e-06 7.51316e-19
-0.000155467 2.36021e-06 7.51343e-19
-0.00015503 1.69084e-06 7.5137e-19
-0.000154581 1.00931e-06 7.51399e-19
-0.000154125 3.20337e-07 7.51427e-19
-0.000153657 -3.80939e-07 7.51456e-19
-0.00015318 -1.09144e-06 7.51486e-19
-0.000152692 -1.81326e-06 7.51516e-19
-0.000152195 -2.54475e-06 7.51546e-19
-0.000151686 -3.28739e-06 7.51577e-19
-0.000151167 -4.04086e-06 7.51608e-19
-0.000150638 -4.80623e-06 7.5164e-19
-0.000150097 -5.5831e-06 7.51672e-19
-0.000149544 -6.37121e-06 7.51705e-19
-0.000148981 -7.16918e-06 7.51738e-19
-0.000148406 -7.97593e-06 7.51771e-19
-0.000147815 -8.78855e-06 7.51805e-19
-0.000147211 -9.60726e-06 7.51839e-19
-0.000146596 -1.04315e-05 7.51873e-19
-0.000145974 -1.12576e-05 7.51907e-19
-0.000145345 -1.20842e-05 7.51942e-19
-0.000144704 -1.29121e-05 7.51976e-19
-0.000144052 -1.37406e-05 7.5201e-19
-0.000143387 -1.45679e-05 7.52045e-19
-0.000142711 -1.53932e-05 7.52079e-19
-0.000142022 -1.62153e-05 7.52113e-19
-0.000141323 -1.70334e-05 7.52147e-19
-0.000140611 -1.7847e-05 7.52181e-19
-0.000139888 -1.86552e-05 7.52214e-19
-0.000139153 -1.94571e-05 7.52247e-19
-0.000138407 -2.02517e-05 7.5228e-19
-0.00013765 -2.10379e-05 7.52313e-19
-0.000136883 -2.18148e-05 7.52345e-19
-0.000136105 -2.25814e-05 7.52377e-19
-0.000135317 -2.33371e-05 7.52408e-19
-0.000134519 -2.40812e-05 7.52439e-19
-0.000133711 -2.4813e-05 7.52469e-19
-0.000132895 -2.55326e-05 7.52499e-19
-0.000132069 -2.62396e-05 7.52529e-19
-0.000131235 -2.69343e-05 7.52557e-19
-0.000130393 -2.76167e-05 7.52586e-19
-0.000129543 -2.82872e-05 7.52614e-19
-0.000128685 -2.89465e-05 7.52641e-19
-0.00012782 -2.95947e-05 7.52668e-19
-0.000126942 -3.02322e-05 7.52694e-19
-0.000126057 -3.0859e-05 7.5272e-19
-0.000125166 -3.14749e-05 7.52746e-19
-0.00012427 -3.20803e-05 7.52771e-19
-0.000123366 -3.26751e-05 7.52796e-19
-0.000122457 -3.32597e-05 7.5282e-19
-0.000121545 -3.38346e-05 7.52844e-19
-0.000120628 -3.44003e-05 7.52867e-19
-0.000119707 -3.49575e-05 7.5289e-19
-0.000118783 -3.55071e-05 7.52913e-19
-0.000117856 -3.60507e-05 7.52936e-19
-0.000116927 -3.65896e-05 7.52958e-19
-0.000115995 -3.71252e-05 7.5298e-19
-0.000115061 -3.76592e-05 7.53003e-19
-0.000114126 -3.8193e-05 7.53025e-19
-0.00011319 -3.87281e-05 7.53047e-19
-0.000112253 -3.92666e-05 7.53069e-19
-0.000111314 -3.98109e-05 7.53092e-19
-0.000110376 -4.03642e-05 7.53115e-19
-0.000109436 -4.09296e-05 7.53138e-19
-0.000108496 -4.15101e-05 7.53163e-19
-0.000107556 -4.21085e-05 7.53187e-19
-0.000106616 -4.27275e-05 7.53213e-19
-0.000105675 -4.33696e-05 7.5324e-19
-0.000104735 -4.40375e-05 7.53268e-19
-0.000103794 -4.4734e-05 7.53296e-19
-0.000102854 -4.54621e-05 7.53327e-19
-0.000101913 -4.62247e-05 7.53358e-19
-0.000100973 -4.70243e-05 7.53391e-19
-0.000100032 -4.78627e-05 7.53426e-19
-9.90912e-05 -4.8741e-05 7.53463e-19
-9.81504e-05 -4.96605e-05 7.53501e-19
-9.72096e-05 -5.06216e-05 7.53541e-19
-9.62687e-05 -5.16249e-05 7.53582e-19
-9.53276e-05 -5.26704e-05 7.53626e-19
-9.43865e-05 -5.3758e-05 7.53671e-19
-9.34451e-05 -5.48872e-05 7.53718e-19
-9.25035e-05 -5.60565e-05 7.53766e-19
-9.15618e-05 -5.72638e-05 7.53816e-19
-9.062e-05 -5.85068e-05 7.53868e-19
-8.96782e-05 -5.97829e-05 7.53921e-19
-8.87364e-05 -6.10894e-05 7.53975e-19
-8.77947e-05 -6.2423e-05 7.5403e-19
-8.68531e-05 -6.37807e-05 7.54086e-19
-8.59118e-05 -6.51589e-05 7.54143e-19
-8.49708e-05 -6.65538e-05 7.54201e-19
-8.40302e-05 -6.79613e-05 7.5426e-19
-8.30904e-05 -6.93774e-05 7.54318e-19
-8.21514e-05 -7.07977e-05 7.54377e-19
-8.12135e-05 -7.22177e-05 7.54436e-19
-8.02769e-05 -7.36324e-05 7.54495e-19
-7.93421e-05 -7.5037e-05 7.54553e-19
-7.84094e-05 -7.64269e-05 7.54611e-19
-7.74792e-05 -7.77967e-05 7.54667e-19
-7.6552e-05 -7.91409e-05 7.54723e-19
-7.56284e-05 -8.04545e-05 7.54778e-19
-7.47089e-05 -8.17323e-05 7.54831e-19
-7.37942e-05 -8.29691e-05 7.54882e-19
-7.28851e-05 -8.41594e-05 7.54931e-19
-7.19822e-05 -8.52985e-05 7.54978e-19
-7.10864e-05 -8.63819e-05 7.55023e-19
-7.01983e-05 -8.7406e-05 7.55066e-19
-6.93187e-05 -8.83677e-05 7.55106e-19
-6.84483e-05 -8.92644e-05 7.55143e-19
-6.75879e-05 -9.0094e-05 7.55177e-19
-6.67383e-05 -9.08547e-05 7.55209e-19
-6.59003e-05 -9.15452e-05 7.55238e-19
-6.50748e-05 -9.21644e-05 7.55263e-19
-6.42625e-05 -9.27121e-05 7.55286e-19
-6.34641e-05 -9.31892e-05 7.55306e-19
-6.26803e-05 -9.35978e-05 7.55323e-19
-6.19117e-05 -9.39401e-05 7.55337e-19
-6.11589e-05 -9.42185e-05 7.55349e-19
-6.04227e-05 -9.44354e-05 7.55358e-19
-5.97038e-05 -9.45934e-05 7.55364e-19
-5.90029e-05 -9.46949e-05 7.55369e-19
-5.83206e-05 -9.47428e-05 7.55371e-19
-5.76574e-05 -9.47406e-05 7.55371e-19
-5.7014e-05 -9.46923e-05 7.55369e-19
-5.63907e-05 -9.46017e-05 7.55365e-19
-5.57882e-05 -9.44728e-05 7.5536e-19
-5.52068e-05 -9.43091e-05 7.55353e-19
-5.46471e-05 -9.41143e-05 7.55345e-19
-5.41095e-05 -9.38919e-05 7.55336e-19
-5.35944e-05 -9.36449e-05 7.55326e-19
-5.31022e-05 -9.33769e-05 7.55315e-19
-5.26332e-05 -9.30913e-05 7.55303e-19
-5.21878e-05 -9.27911e-05 7.55291e-19
-5.17668e-05 -9.2479e-05 7.55278e-19
-5.13706e-05 -9.21571e-05 7.55264e-19
-5.09994e-05 -9.18275e-05 7.55251e-19
-5.06535e-05 -9.14917e-05 7.55237e-19
-5.03333e-05 -9.11512e-05 7.55223e-19
-5.00388e-05 -9.08071e-05 7.55208e-19
-4.97705e-05 -9.04607e-05 7.55194e-19
-4.95284e-05 -9.0113e-05 7.5518e-19
-4.93128e-05 -8.97645e-05 7.55165e-19
-4.91241e-05 -8.94147e-05 7.55151e-19
-4.89626e-05 -8.90628e-05 7.55136e-19
-4.88288e-05 -8.87078e-05 7.55121e-19
-4.87229e-05 -8.83484e-05 7.55107e-19
-4.86453e-05 -8.79829e-05 7.55091e-19
-4.85965e-05 -8.76097e-05 7.55076e-19
-4.85768e-05 -8.72271e-05 7.5506e-19
-4.85866e-05 -8.68334e-05 7.55044e-19
-4.86263e-05 -8.64271e-05 7.55027e-19
-4.86961e-05 -8.60067e-05 7.55009e-19
-4.87964e-05 -8.55711e-05 7.54991e-19
-4.89276e-05 -8.51191e-05 7.54973e-19
-4.909e-05 -8.46498e-05 7.54953e-19
-4.92838e-05 -8.41623e-05 7.54933e-19
-4.95092e-05 -8.36561e-05 7.54912e-19
-4.97666e-05 -8.31306e-05 7.5489e-19
-5.00561e-05 -8.25852e-05 7.54867e-19
-5.03781e-05 -8.20191e-05 7.54844e-19
-5.07327e-05 -8.1432e-05 7.5482e-19
-5.11201e-05 -8.08237e-05 7.54794e-19
-5.15404e-05 -8.01943e-05 7.54768e-19
-5.19935e-05 -7.95444e-05 7.54741e-19
-5.24796e-05 -7.88749e-05 7.54714e-19
-5.29985e-05 -7.81864e-05 7.54685e-19
-5.35502e-05 -7.74798e-05 7.54656e-19
-5.41346e-05 -7.67556e-05 7.54626e-19
-5.47516e-05 -7.60146e-05 7.54595e-19
-5.5401e-05 -7.52576e-05 7.54564e-19
-5.60828e-05 -7.44852e-05 7.54532e-19
-5.67966e-05 -7.36977e-05 7.54499e-19
-5.75423e-05 -7.2896e-05 7.54466e-19
-5.83197e-05 -7.20805e-05 7.54432e-19
-5.91284e-05 -7.12517e-05 7.54397e-19
-5.99683e-05 -7.04099e-05 7.54363e-19
-6.08391e-05 -6.95557e-05 7.54327e-19
-6.17403e-05 -6.86897e-05 7.54291e-19
-6.26717e-05 -6.78134e-05 7.54255e-19
-6.36327e-05 -6.69284e-05 7.54218e-19
-6.46228e-05 -6.60368e-05 7.54181e-19
-6.56416e-05 -6.51406e-05 7.54144e-19
-6.66884e-05 -6.42421e-05 7.54107e-19
-6.77628e-05 -6.33439e-05 7.5407e-19
-6.8864e-05 -6.24484e-05 7.54032e-19
-6.99916e-05 -6.15582e-05 7.53995e-19
-7.11449e-05 -6.06757e-05 7.53959e-19
-7.23234e-05 -5.98033e-05 7.53923e-19
-7.35264e-05 -5.89431e-05 7.53887e-19
-7.47533e-05 -5.80973e-05 7.53852e-19
-7.60035e-05 -5.72681e-05 7.53818e-19
-7.72763e-05 -5.64577e-05 7.53784e-19
-7.85709e-05 -5.5668e-05 7.53751e-19
-7.98867e-05 -5.4901e-05 7.53719e-19
-8.12228e-05 -5.41592e-05 7.53689e-19
-8.25783e-05 -5.34454e-05 7.53659e-19
-8.39521e-05 -5.2762e-05 7.5363e-19
-8.53435e-05 -5.21108e-05 7.53603e-19
-8.67514e-05 -5.1493e-05 7.53578e-19
-8.81749e-05 -5.09088e-05 7.53554e-19
-8.9613e-05 -5.03581e-05 7.53531e-19
-9.1065e-05 -4.98402e-05 7.53509e-19
-9.25296e-05 -4.93534e-05 7.53489e-19
-9.40061e-05 -4.88956e-05 7.5347e-19
-9.54934e-05 -4.84641e-05 7.53452e-19
-9.69906e-05 -4.80558e-05 7.53435e-19
-9.84967e-05 -4.76669e-05 7.53419e-19
-0.000100011 -4.72933e-05 7.53403e-19
-0.000101531 -4.69304e-05 7.53388e-19
-0.000103058 -4.65733e-05 7.53373e-19
-0.00010459 -4.62167e-05 7.53358e-19
-0.000106125 -4.5855e-05 7.53343e-19
-0.000107663 -4.54824e-05 7.53327e-19
-0.000109203 -4.50932e-05 7.53311e-19
-0.000110744 -4.46815e-05 7.53294e-19
-0.000112285 -4.42419e-05 7.53276e-19
-0.000113825 -4.37688e-05 7.53256e-19
-0.000115363 -4.3257e-05 7.53235e-19
-0.000116896 -4.27013e-05 7.53212e-19
-0.000118424 -4.20972e-05 7.53186e-19
-0.000119948 -4.14403e-05 7.53159e-19
-0.000121465 -4.07265e-05 7.53129e-19
-0.000122976 -3.99527e-05 7.53097e-19
-0.000124472 -3.91171e-05 7.53063e-19
-0.000125958 -3.8217e-05 7.53025e-19
-0.000127437 -3.72508e-05 7.52985e-19
-0.000128907 -3.62169e-05 7.52942e-19
-0.000130367 -3.51142e-05 7.52896e-19
-0.000131818 -3.39419e-05 7.52848e-19
-0.000133257 -3.27003e-05 7.52796e-19
-0.000134685 -3.13898e-05 7.52742e-19
-0.000136103 -3.00099e-05 7.52685e-19
-0.000137509 -2.85621e-05 7.52625e-19
-0.000138904 -2.70475e-05 7.52562e-19
-0.000140287 -2.54679e-05 7.52496e-19
-0.000141658 -2.3825e-05 7.52428e-19
-0.000143018 -2.21211e-05 7.52357e-19
-0.000144366 -2.03591e-05 7.52284e-19
-0.000145702 -1.85423e-05 7.52209e-19
-0.000147018 -1.66717e-05 7.52132e-19
-0.00014832 -1.47538e-05 7.52052e-19
-0.000149613 -1.27942e-05 7.51971e-19
-0.000150893 -1.07966e-05 7.51888e-19
-0.000152163 -8.76692e-06 7.51804e-19
-0.000153422 -6.70948e-06 7.51719e-19
-0.000154671 -4.62996e-06 7.51632e-19
-0.000155908 -2.5333e-06 7.51546e-19
-0.000157136 -4.25079e-07 7.51458e-19
-0.000158339 1.66176e-06 7.51372e-19
-0.000159526 3.7409e-06 7.51285e-19
-0.000160707 5.82293e-06 7.51199e-19
-0.000161876 7.89235e-06 7.51113e-19
-0.000163037 9.95202e-06 7.51028e-19
-0.000164188 1.19931e-05 7.50943e-19
-0.00016533 1.40154e-05 7.5086e-19
-0.000166463 1.60135e-05 7.50777e-19
-0.000167588 1.79863e-05 7.50695e-19
-0.000168705 1.99303e-05 7.50614e-19
-0.000169814 2.18446e-05 7.50535e-19
-0.000170915 2.37274e-05 7.50457e-19
-0.000172009 2.55781e-05 7.5038e-19
-0.000173096 2.73961e-05 7.50305e-19
-0.000174177 2.91811e-05 7.50231e-19
-0.000175252 3.09332e-05 7.50158e-19
-0.000176321 3.26528e-05 7.50087e-19
-0.000177385 3.43403e-05 7.50017e-19
-0.000178444 3.59962e-05 7.49948e-19
-0.000179498 3.76211e-05 7.49881e-19
-0.000180549 3.92157e-05 7.49815e-19
-0.000181596 4.0781e-05 7.4975e-19
-0.000182639 4.23187e-05 7.49686e-19
-0.00018368 4.38307e-05 7.49623e-19
-0.000184718 4.53193e-05 7.49562e-19
-0.000185755 4.67865e-05 7.49501e-19
-0.00018679 4.82342e-05 7.49441e-19
-0.000187825 4.96643e-05 7.49381e-19
-0.000188859 5.10784e-05 7.49323e-19
-0.000189893 5.24783e-05 7.49265e-19
-0.000190928 5.38658e-05 7.49207e-19
-0.000191963 5.52427e-05 7.4915e-19
-0.000192999 5.66107e-05 7.49093e-19
-0.000194038 5.79717e-05 7.49037e-19
-0.000195078 5.93276e-05 7.48981e-19
-0.000196121 6.06807e-05 7.48925e-19
-0.000197166 6.2033e-05 7.48868e-19
-0.000198215 6.33867e-05 7.48812e-19
-0.000199268 6.47452e-05 7.48756e-19
-0.000200325 6.6112e-05 7.48699e-19
-0.000201387 6.74908e-05 7.48642e-19
-0.000202455 6.88849e-05 7.48584e-19
-0.000203528 7.02972e-05 7.48526e-19
-0.000204609 7.17304e-05 7.48466e-19
-0.000205696 7.3187e-05 7.48406e-19
-0.000206791 7.4669e-05 7.48344e-19
-0.000207894 7.61784e-05 7.48282e-19
-0.000209006 7.77167e-05 7.48218e-19
-0.000210128 7.92855e-05 7.48153e-19
-0.000211259 8.0886e-05 7.48087e-19
-0.000212401 8.25186e-05 7.48019e-19
-0.000213554 8.4183e-05 7.4795e-19
-0.000214717 8.58789e-05 7.4788e-19
-0.000215893 8.76048e-05 7.47808e-19
-0.000217081 8.93586e-05 7.47736e-19
-0.000218282 9.1137e-05 7.47662e-19
-0.000219495 9.29366e-05 7.47587e-19
-0.000220721 9.47531e-05 7.47512e-19
-0.000221961 9.65798e-05 7.47436e-19
-0.000223214 9.84087e-05 7.4736e-19
-0.00022448 0.000100232 7.47285e-19
-0.000225759 0.00010204 7.4721e-19
-0.00022705 0.000103825 7.47136e-19
-0.000228353 0.000105577 7.47063e-19
-0.000229667 0.000107285 7.46992e-19
-0.000230992 0.000108941 7.46924e-19
-0.000232326 0.000110536 7.46858e-19
-0.000233669 0.00011206 7.46795e-19
-0.000235019 0.000113504 7.46735e-19
-0.000236376 0.000114861 7.46678e-19
-0.000237738 0.000116123 7.46626e-19
-0.000239104 0.000117283 7.46578e-19
-0.000240472 0.000118337 7.46534e-19
-0.000241839 0.000119276 7.41025e-19
-0.000243184 0.000120071 7.41391e-19
-0.000244551 0.000120752 7.38448e-19
-0.000245912 0.000121315 7.35892e-19
-0.000247267 0.000121757 7.42874e-19
-0.000248613 0.000122081 7.33867e-19
-0.000249949 0.000122286 7.396e-19
-0.000251271 0.000122375 7.40831e-19
-0.000252578 0.000122353 7.40837e-19
-0.000253869 0.000122222 7.40845e-19
-0.000255141 0.000121988 7.40856e-19
-0.000256392 0.000121657 7.4087e-19
-0.000257619 0.000121232 7.37981e-19
-0.00025882 0.000120719 7.38003e-19
-0.000259995 0.000120126 7.38027e-19
-0.000261142 0.00011946 7.38054e-19
-0.000262258 0.000118729 7.38085e-19
-0.000263343 0.00011794 7.38117e-19
-0.000264395 0.000117102 7.38152e-19
-0.000265411 0.00011622 7.38188e-19
-0.000266391 0.000115303 7.38226e-19
-0.000267334 0.000114357 7.38265e-19
-0.000268236 0.000113392 7.38305e-19
-0.000269099 0.000112412 7.38346e-19
-0.00026992 0.000111427 7.38386e-19
-0.000270698 0.000110441 7.38427e-19
-0.000271433 0.000109463 7.38468e-19
-0.000272123 0.000108497 7.38508e-19
-0.000272769 0.00010755 7.38547e-19
-0.000273368 0.000106625 7.38585e-19
-0.000273921 0.000105729 7.38622e-19
-0.000274427 0.000104863 7.38658e-19
-0.000274885 0.00010403 7.38692e-19
-0.000275295 0.000103233 7.38725e-19
-0.000275656 0.000102473 7.38757e-19
-0.000275968 0.00010175 7.38787e-19
-0.000276231 0.000101066 7.38815e-19
-0.000276443 0.00010042 7.38842e-19
-0.000276605 9.98136e-05 7.38867e-19
-0.000276716 9.92474e-05 7.38891e-19
-0.000276777 9.87207e-05 7.38912e-19
-0.000276787 9.82322e-05 7.38933e-19
-0.000276745 9.77799e-05 7.38951e-19
-0.000276653 9.73614e-05 7.38969e-19
-0.000276508 9.69736e-05 7.38985e-19
-0.000276312 9.66125e-05 7.39e-19
-0.000276064 9.62736e-05 7.39014e-19
-0.000275764 9.59519e-05 7.39028e-19
-0.000275411 9.56422e-05 7.3904e-19
-0.000275005 9.53385e-05 7.39053e-19
-0.000274547 9.50342e-05 7.39066e-19
-0.000274034 9.47229e-05 7.39079e-19
-0.000273469 9.43983e-05 7.39092e-19
-0.000272849 9.40544e-05 7.39107e-19
-0.000272175 9.36852e-05 7.39122e-19
-0.000271446 9.32854e-05 7.39139e-19
-0.000270663 9.28499e-05 7.39157e-19
-0.000269826 9.23744e-05 7.39176e-19
-0.000268934 9.18548e-05 7.39198e-19
-0.000267988 9.12879e-05 7.39222e-19
-0.000266988 9.06706e-05 7.39247e-19
-0.000265933 9.00006e-05 7.39275e-19
-0.000264825 8.92758e-05 7.39305e-19
-0.000263664 8.84951e-05 7.39338e-19
-0.00026245 8.76576e-05 7.39372e-19
-0.000261183 8.67638e-05 7.3941e-19
-0.000259864 8.58147e-05 7.39449e-19
-0.000258495 8.48121e-05 7.39491e-19
-0.000257075 8.37581e-05 7.39534e-19
-0.000255605 8.26551e-05 7.3958e-19
-0.000254087 8.15058e-05 7.39628e-19
-0.000252521 8.03135e-05 7.39677e-19
-0.000250909 7.90817e-05 7.39728e-19
-0.000249251 7.78152e-05 7.39781e-19
-0.000247549 7.6519e-05 7.39835e-19
-0.000245803 7.51988e-05 7.39889e-19
-0.000244016 7.38599e-05 7.39945e-19
-0.000242188 7.25075e-05 7.40001e-19
-0.000240322 7.11463e-05 7.40058e-19
-0.000238417 6.97811e-05 7.40114e-19
-0.000236476 6.84167e-05 7.40171e-19
-0.000234501 6.70583e-05 7.40227e-19
-0.000232492 6.57115e-05 7.40283e-19
-0.000230451 6.43816e-05 7.40338e-19
-0.00022838 6.30734e-05 7.40392e-19
-0.00022628 6.17915e-05 7.40446e-19
-0.000224153 6.05401e-05 7.40498e-19
-0.000222 5.93229e-05 7.40548e-19
-0.000219823 5.81432e-05 7.40597e-19
-0.000217624 5.70043e-05 7.40644e-19
-0.000215405 5.59092e-05 7.4069e-19
-0.000213166 5.48604e-05 7.40734e-19
-0.00021091 5.38592e-05 7.40775e-19
-0.000208639 5.29052e-05 7.40815e-19
-0.000206353 5.19968e-05 7.40853e-19
-0.000204054 5.11315e-05 7.40889e-19
-0.000201744 5.0306e-05 7.40923e-19
-0.000199425 4.9516e-05 7.40956e-19
-0.000197096 4.87565e-05 7.40987e-19
-0.000194761 4.80218e-05 7.41018e-19
-0.000192419 4.73053e-05 7.41048e-19
-0.000190073 4.65999e-05 7.41077e-19
-0.000187723 4.58974e-05 7.41107e-19
-0.00018537 4.51893e-05 7.41136e-19
-0.000183016 4.44674e-05 7.41166e-19
-0.000180662 4.37236e-05 7.41197e-19
-0.000178309 4.29504e-05 7.41229e-19
-0.000175958 4.21403e-05 7.41263e-19
-0.00017361 4.12857e-05 7.41299e-19
-0.000171266 4.03789e-05 7.41337e-19
-0.000168928 3.94127e-05 7.41377e-19
-0.000166595 3.83797e-05 7.4142e-19
-0.00016427 3.72728e-05 7.41466e-19
-0.000161954 3.60853e-05 7.41515e-19
-0.000159646 3.48105e-05 7.41568e-19
-0.000157349 3.34426e-05 7.41625e-19
-0.000155062 3.19758e-05 7.41686e-19
-0.000152787 3.04049e-05 7.41751e-19
-0.000150508 2.87301e-05 7.41821e-19
-0.000148225 2.69435e-05 7.41895e-19
-0.000145952 2.50393e-05 7.41974e-19
-0.000143691 2.30161e-05 7.42058e-19
-0.000141447 2.08708e-05 7.42147e-19
-0.000139217 1.86032e-05 7.42241e-19
-0.000136985 1.61791e-05 7.42342e-19
-0.000134758 1.36153e-05 7.42448e-19
-0.00013255 1.09365e-05 7.42559e-19
-0.000130356 8.13869e-06 7.42675e-19
-0.000128178 5.23117e-06 7.42796e-19
-0.000126016 2.21564e-06 7.42921e-19
-0.000123872 -8.98019e-07 7.4305e-19
-0.000121766 -4.09469e-06 7.43182e-19
-0.000119686 -7.37042e-06 7.43318e-19
-0.000117617 -1.07258e-05 7.43457e-19
-0.000115568 -1.41457e-05 7.43599e-19
-0.000113531 -1.76238e-05 7.43743e-19
-0.00011151 -2.11475e-05 7.43889e-19
-0.000109505 -2.47044e-05 7.44037e-19
-0.000107517 -2.82843e-05 7.44185e-19
-0.000105545 -3.18757e-05 7.44334e-19
-0.000103589 -3.54678e-05 7.44483e-19
-0.000101649 -3.90491e-05 7.44631e-19
-9.97251e-05 -4.26087e-05 7.44779e-19
-9.78167e-05 -4.61357e-05 7.44925e-19
-9.5924e-05 -4.962e-05 7.4507e-19
-9.40468e-05 -5.30523e-05 7.45212e-19
-9.21848e-05 -5.64241e-05 7.45352e-19
-9.03379e-05 -5.97278e-05 7.45489e-19
-8.85059e-05 -6.29559e-05 7.45622e-19
-8.66886e-05 -6.6102e-05 7.45753e-19
-8.48859e-05 -6.91599e-05 7.4588e-19
-8.30977e-05 -7.21242e-05 7.46003e-19
-8.13237e-05 -7.49906e-05 7.46121e-19
-7.95639e-05 -7.77564e-05 7.46236e-19
-7.78178e-05 -8.04197e-05 7.46347e-19
-7.60853e-05 -8.298e-05 7.46453e-19
-7.4366e-05 -8.54368e-05 7.46555e-19
-7.26598e-05 -8.77904e-05 7.46652e-19
-7.09666e-05 -9.00412e-05 7.46746e-19
-6.92863e-05 -9.21904e-05 7.46835e-19
-6.76186e-05 -9.42397e-05 7.4692e-19
-6.59636e-05 -9.61918e-05 7.47001e-19
-6.43209e-05 -9.80495e-05 7.47078e-19
-6.26903e-05 -9.98166e-05 7.47151e-19
-6.10714e-05 -0.000101497 7.47221e-19
-5.94647e-05 -0.000103094 7.47287e-19
-5.78702e-05 -0.000104614 7.4735e-19
-5.62879e-05 -0.00010606 7.4741e-19
-5.47178e-05 -0.000107437 7.47468e-19
-5.31599e-05 -0.00010875 7.47522e-19
-5.16142e-05 -0.000110004 7.47574e-19
-5.00807e-05 -0.000111206 7.47624e-19
-4.85594e-05 -0.00011236 7.47672e-19
-4.70505e-05 -0.000113471 7.47718e-19
-4.55539e-05 -0.000114545 7.47763e-19
-4.40697e-05 -0.000115586 7.47806e-19
-4.25983e-05 -0.0001166 7.47848e-19
-4.11395e-05 -0.00011759 7.47889e-19
-3.96938e-05 -0.00011856 7.4793e-19
-3.82612e-05 -0.000119516 7.47969e-19
-3.68421e-05 -0.000120459 7.48008e-19
-3.54367e-05 -0.000121393 7.48047e-19
-3.40453e-05 -0.00012232 7.48086e-19
-3.26684e-05 -0.000123242 7.48124e-19
-3.13064e-05 -0.000124161 7.48162e-19
-2.99596e-05 -0.000125077 7.482e-19
-2.86288e-05 -0.00012599 7.48238e-19
-2.73145e-05 -0.000126901 7.48276e-19
-2.60172e-05 -0.000127808 7.48314e-19
-2.47376e-05 -0.00012871 7.48351e-19
-2.34764e-05 -0.000129605 7.48388e-19
-2.22343e-05 -0.00013049 7.48425e-19
-2.10121e-05 -0.000131364 7.48461e-19
-1.98104e-05 -0.000132224 7.48497e-19
-1.86301e-05 -0.000133067 7.48532e-19
-1.74718e-05 -0.00013389 7.48566e-19
-1.63364e-05 -0.000134689 7.48599e-19
-1.52246e-05 -0.000135463 7.48631e-19
-1.41369e-05 -0.000136208 7.48662e-19
-1.3074e-05 -0.000136923 7.48692e-19
-1.20367e-05 -0.000137604 7.4872e-19
-1.10255e-05 -0.00013825 7.48747e-19
-1.00349e-05 -0.000138851 7.57557e-19
-9.07266e-06 -0.000139407 7.56354e-19
-8.1444e-06 -0.000139924 7.54649e-19
-7.24436e-06 -0.000140401 7.53811e-19
-6.3732e-06 -0.000140838 7.51076e-19
-5.57355e-06 -0.000141188 7.56015e-19
-4.76844e-06 -0.000141497 7.56467e-19
-3.98353e-06 -0.000141772 7.57845e-19
-3.22802e-06 -0.000142013 7.53986e-19
-2.50229e-06 -0.000142222 7.56635e-19
-1.80644e-06 -0.000142401 7.5943e-19
-1.14059e-06 -0.00014255 7.56377e-19
-5.04772e-07 -0.000142672 7.55157e-19
1.01017e-07 -0.000142769 7.561e-19
6.76818e-07 -0.000142844 7.57277e-19
1.22263e-06 -0.000142897 7.53466e-19
1.73846e-06 -0.000142932 7.58521e-19
2.22434e-06 -0.000142951 7.58297e-19
2.68037e-06 -0.000142954 7.5422e-19
3.10664e-06 -0.000142946 7.5294e-19
3.50332e-06 -0.000142928 7.554e-19
3.87059e-06 -0.000142904 7.55228e-19
4.2084e-06 -0.000142877 7.55229e-19
4.51723e-06 -0.000142851 7.55229e-19
4.798e-06 -0.000142829 7.57424e-19
5.04976e-06 -0.000142814 7.53806e-19
5.27323e-06 -0.00014281 7.58158e-19
5.46864e-06 -0.000142821 7.56308e-19
5.63618e-06 -0.00014285 7.54117e-19
5.77609e-06 -0.0001429 7.57233e-19
5.88858e-06 -0.000142974 7.57284e-19
5.96586e-06 -0.000143067 7.53684e-19
6.02207e-06 -0.00014319 7.52634e-19
6.0516e-06 -0.000143346 7.5725e-19
6.05456e-06 -0.000143537 7.5719e-19
6.03132e-06 -0.000143768 7.55698e-19
5.98204e-06 -0.000144041 7.56792e-19
5.90477e-06 -0.000144359 7.55673e-19
5.79935e-06 -0.000144726 7.59837e-19
5.66895e-06 -0.000145143 7.56121e-19
5.51437e-06 -0.000145611 7.56401e-19
5.33555e-06 -0.000146133 7.50558e-19
5.13303e-06 -0.000146707 7.54832e-19
4.9072e-06 -0.000147334 7.58181e-19
4.65876e-06 -0.000148011 7.57479e-19
4.38848e-06 -0.000148737 7.55715e-19
4.09672e-06 -0.000149509 7.61218e-19
3.78369e-06 -0.000150323 7.57484e-19
3.44981e-06 -0.000151174 7.52561e-19
3.09556e-06 -0.000152057 7.5571e-19
2.72142e-06 -0.000152966 7.56955e-19
2.32795e-06 -0.000153895 7.59612e-19
1.94842e-06 -0.000154794 7.56765e-19
1.56223e-06 -0.000155644 7.56622e-19
1.11361e-06 -0.000156499 7.55003e-19
6.46925e-07 -0.000157349 7.69911e-19
1.6335e-07 -0.000158186 7.53108e-19
-3.6948e-07 -0.000158976 7.45624e-19
-9.36687e-07 -0.0001597 7.55994e-19
-1.47018e-06 -0.000160396 7.55975e-19
-2.01532e-06 -0.000161059 7.50042e-19
-2.57279e-06 -0.000161683 7.5626e-19
-3.14195e-06 -0.000162263 7.53998e-19
-3.72211e-06 -0.000162795 7.48674e-19
-4.31269e-06 -0.000163274 7.57687e-19
-4.91283e-06 -0.000163696 7.52119e-19
-5.52206e-06 -0.000164058 7.49766e-19
-6.13971e-06 -0.000164356 7.55181e-19
-6.76511e-06 -0.000164587 7.53419e-19
-7.39764e-06 -0.000164747 7.52049e-19
-8.0521e-06 -0.000164818 7.51151e-19
-8.72456e-06 -0.000164781 7.55096e-19
-9.39891e-06 -0.000164626 7.5509e-19
-1.00824e-05 -0.00016435 7.55078e-19
-1.07745e-05 -0.000163954 7.55062e-19
-1.14748e-05 -0.000163436 7.55041e-19
-1.21831e-05 -0.000162799 7.55014e-19
-1.28989e-05 -0.000162045 7.54983e-19
-1.36221e-05 -0.000161177 7.54948e-19
-1.43525e-05 -0.0001602 7.54907e-19
-1.50899e-05 -0.000159117 7.54863e-19
-1.58341e-05 -0.000157934 7.54814e-19
-1.65852e-05 -0.000156658 7.54761e-19
-1.73432e-05 -0.000155293 7.54705e-19
-1.81084e-05 -0.000153845 7.54645e-19
-1.88809e-05 -0.000152319 7.54582e-19
-1.9661e-05 -0.000150722 7.54516e-19
-2.0449e-05 -0.000149059 7.54448e-19
-2.12452e-05 -0.000147336 7.54377e-19
-2.20499e-05 -0.000145558 7.54303e-19
-2.28634e-05 -0.000143732 7.54228e-19
-2.36864e-05 -0.00014186 7.54151e-19
-2.45193e-05 -0.000139949 7.54072e-19
-2.53627e-05 -0.000138002 7.53992e-19
-2.6217e-05 -0.000136022 7.5391e-19
-2.70827e-05 -0.000134014 7.53827e-19
-2.79604e-05 -0.000131981 7.53744e-19
-2.88507e-05 -0.000129926 7.53659e-19
-2.9754e-05 -0.000127852 7.53573e-19
-3.06711e-05 -0.000125761 7.53487e-19
-3.16026e-05 -0.000123654 7.534e-19
-3.25492e-05 -0.000121533 7.53313e-19
-3.35116e-05 -0.000119399 7.53225e-19
-3.44905e-05 -0.000117252 7.53136e-19
-3.54867e-05 -0.000115093 7.53047e-19
-3.65009e-05 -0.000112923 7.52958e-19
-3.7534e-05 -0.000110741 7.52868e-19
-3.85866e-05 -0.000108547 7.52777e-19
-3.96595e-05 -0.000106343 7.52686e-19
-4.07536e-05 -0.000104129 7.52595e-19
-4.18696e-05 -0.000101903 7.52503e-19
-4.30083e-05 -9.96688e-05 7.52411e-19
-4.41704e-05 -9.74257e-05 7.52318e-19
-4.53566e-05 -9.51753e-05 7.52226e-19
-4.65677e-05 -9.29185e-05 7.52132e-19
-4.78045e-05 -9.06565e-05 7.52039e-19
-4.90676e-05 -8.83903e-05 7.51946e-19
-5.03579e-05 -8.6121e-05 7.51852e-19
-5.1676e-05 -8.38495e-05 7.51758e-19
-5.30227e-05 -8.15771e-05 7.51665e-19
-5.43985e-05 -7.93049e-05 7.51571e-19
-5.58042e-05 -7.70339e-05 7.51477e-19
-5.72402e-05 -7.47656e-05 7.51384e-19
-5.87071e-05 -7.25011e-05 7.5129e-19
-6.02053e-05 -7.02422e-05 7.51197e-19
-6.17352e-05 -6.79902e-05 7.51104e-19
-6.3297e-05 -6.57467e-05 7.51012e-19
-6.4891e-05 -6.35134e-05 7.5092e-19
-6.65174e-05 -6.12919e-05 7.50828e-19
-6.81762e-05 -5.9084e-05 7.50737e-19
-6.98674e-05 -5.68911e-05 7.50646e-19
-7.15909e-05 -5.47144e-05 7.50557e-19
-7.33467e-05 -5.2555e-05 7.50468e-19
-7.51346e-05 -5.04137e-05 7.50379e-19
-7.69543e-05 -4.82916e-05 7.50292e-19
-7.88054e-05 -4.61898e-05 7.50205e-19
-8.06874e-05 -4.41097e-05 7.50119e-19
-8.25999e-05 -4.20527e-05 7.50034e-19
-8.45421e-05 -4.002e-05 7.49951e-19
-8.65135e-05 -3.80123e-05 7.49868e-19
-8.85135e-05 -3.60304e-05 7.49786e-19
-9.05412e-05 -3.40748e-05 7.49705e-19
-9.2596e-05 -3.21458e-05 7.49626e-19
-9.46771e-05 -3.02437e-05 7.49547e-19
-9.67838e-05 -2.83681e-05 7.4947e-19
-9.89153e-05 -2.6519e-05 7.49394e-19
-0.000101071 -2.46965e-05 7.49318e-19
-0.000103249 -2.29012e-05 7.49244e-19
-0.000105449 -2.11338e-05 7.49171e-19
-0.000107671 -1.93956e-05 7.491e-19
-0.000109912 -1.76875e-05 7.49029e-19
-0.00011217 -1.6012e-05 7.4896e-19
-0.000114446 -1.43699e-05 7.48892e-19
-0.000116739 -1.27616e-05 7.48826e-19
-0.000119046 -1.11896e-05 7.48761e-19
-0.000121365 -9.65409e-06 7.48698e-19
-0.000123697 -8.1553e-06 7.48636e-19
-0.000126042 -6.69411e-06 7.48576e-19
-0.000128397 -5.27027e-06 7.48517e-19
-0.000130764 -3.88296e-06 7.4846e-19
-0.000133139 -2.53023e-06 7.48404e-19
-0.000135523 -1.21015e-06 7.4835e-19
-0.000137893 7.88167e-08 7.48296e-19
-0.00014026 1.33892e-06 7.48244e-19
-0.000142639 2.57184e-06 7.48193e-19
-0.000145018 3.77909e-06 7.48144e-19
-0.000147403 4.96263e-06 7.48095e-19
-0.000149771 6.12912e-06 7.48047e-19
-0.000152133 7.27573e-06 7.47999e-19
-0.000154485 8.37538e-06 7.47954e-19
-0.000156828 9.44939e-06 7.4791e-19
-0.000159172 1.05119e-05 7.47866e-19
-0.000161508 1.1556e-05 7.47823e-19
-0.00016384 1.25895e-05 7.4778e-19
-0.000166164 1.36114e-05 7.47738e-19
-0.00016848 1.46276e-05 7.47696e-19
-0.000170786 1.56406e-05 7.47654e-19
-0.00017308 1.66558e-05 7.47612e-19
-0.000175362 1.76769e-05 7.4757e-19
-0.000177631 1.87082e-05 7.47528e-19
-0.000179884 1.97532e-05 7.47484e-19
-0.000182121 2.08157e-05 7.47441e-19
-0.00018434 2.18992e-05 7.47396e-19
-0.00018654 2.30073e-05 7.4735e-19
-0.00018872 2.41436e-05 7.47303e-19
-0.000190879 2.53115e-05 7.47255e-19
-0.000193014 2.65141e-05 7.47205e-19
-0.000195126 2.77545e-05 7.47154e-19
-0.000197213 2.90355e-05 7.47101e-19
-0.000199275 3.03598e-05 7.47047e-19
-0.000201309 3.17295e-05 7.4699e-19
-0.000203316 3.31461e-05 7.46932e-19
-0.000205294 3.46109e-05 7.46871e-19
-0.000207243 3.61244e-05 7.46809e-19
-0.000209161 3.76869e-05 7.46744e-19
-0.000211049 3.92983e-05 7.46678e-19
-0.000212905 4.0958e-05 7.46609e-19
-0.00021473 4.26652e-05 7.46539e-19
-0.000216522 4.44185e-05 7.46467e-19
-0.000218281 4.62163e-05 7.46393e-19
-0.000220007 4.80564e-05 7.46317e-19
-0.0002217 4.99366e-05 7.46239e-19
-0.000223359 5.18546e-05 7.4616e-19
-0.000224985 5.3808e-05 7.46079e-19
-0.000226577 5.57951e-05 7.45997e-19
-0.000228135 5.78134e-05 7.45914e-19
-0.00022966 5.98605e-05 7.4583e-19
-0.000231152 6.19333e-05 7.45744e-19
-0.000232611 6.40285e-05 7.45658e-19
-0.000234036 6.61421e-05 7.45571e-19
-0.000235428 6.82703e-05 7.45483e-19
-0.000236787 7.04096e-05 7.45395e-19
-0.000238114 7.25564e-05 7.45306e-19
-0.000239408 7.47074e-05 7.45217e-19
-0.000240669 7.68589e-05 7.45129e-19
-0.000241899 7.90069e-05 7.4504e-19
-0.000243097 8.11474e-05 7.44952e-19
-0.000244264 8.32761e-05 7.44864e-19
-0.000245399 8.53893e-05 7.44777e-19
-0.000246503 8.74843e-05 7.4469e-19
-0.000247577 8.95588e-05 7.44605e-19
-0.000248621 9.16109e-05 7.4452e-19
-0.000249634 9.36384e-05 7.44437e-19
-0.000250619 9.56385e-05 7.44354e-19
-0.00025153 9.75553e-05 7.34698e-19
-0.000252448 9.94353e-05 7.402e-19
-0.000253343 0.00010128 7.37741e-19
-0.00025421 0.000103088 7.36549e-19
-0.000255049 0.000104858 7.34022e-19
-0.00025581 0.000106532 7.30808e-19
-0.000256505 0.000108075 7.31124e-19
-0.00025726 0.000109587 7.38067e-19
-0.000257989 0.00011106 7.347e-19
-0.000258691 0.000112494 7.34971e-19
-0.000259368 0.000113889 7.37769e-19
-0.000260019 0.000115244 7.32194e-19
-0.000260647 0.000116559 7.30476e-19
-0.00026125 0.000117836 7.34183e-19
-0.00026183 0.000119073 7.37991e-19
-0.000262388 0.00012027 7.4031e-19
-0.000262924 0.000121426 7.35749e-19
-0.000263403 0.000122525 7.31189e-19
-0.0002638 0.000123551 7.31374e-19
-0.000264156 0.000124519 7.34112e-19
-0.000264502 0.000125446 7.36094e-19
-0.000264833 0.000126325 7.31935e-19
-0.000265152 0.000127156 7.31016e-19
-0.000265458 0.000127937 7.33182e-19
-0.000265752 0.000128666 7.35098e-19
-0.000266035 0.000129343 7.37247e-19
-0.000266306 0.000129965 7.36451e-19
-0.000266565 0.000130533 7.36668e-19
-0.000266814 0.000131045 7.31461e-19
-0.000267052 0.0001315 7.35266e-19
-0.000267279 0.000131899 7.39492e-19
-0.000267495 0.000132241 7.41512e-19
-0.000267701 0.000132526 7.36284e-19
-0.000267896 0.000132755 7.33636e-19
-0.00026808 0.000132929 7.36007e-19
-0.000268253 0.000133047 7.3295e-19
-0.000268415 0.000133112 7.28875e-19
-0.000268565 0.000133123 7.28879e-19
-0.000268699 0.000133079 7.32294e-19
-0.000268812 0.000132975 7.32298e-19
-0.000268905 0.000132814 7.32302e-19
-0.000268981 0.000132596 7.32309e-19
-0.000269036 0.000132324 7.32317e-19
-0.000269073 0.000131999 7.32326e-19
-0.000269089 0.000131622 7.32337e-19
-0.000269085 0.000131193 7.3235e-19
-0.00026906 0.000130713 7.32364e-19
-0.000269014 0.000130185 7.32379e-19
-0.000268947 0.000129609 7.32396e-19
-0.000268858 0.000128987 7.32414e-19
-0.000268747 0.00012832 7.32434e-19
-0.000268613 0.00012761 7.32455e-19
-0.000268457 0.000126856 7.32477e-19
-0.000268278 0.000126059 7.325e-19
-0.000268076 0.000125218 7.32524e-19
-0.00026785 0.000124336 7.3255e-19
-0.0002676 0.000123413 7.32577e-19
-0.000267327 0.00012245 7.32605e-19
-0.000267029 0.00012145 7.32634e-19
-0.000266706 0.000120412 7.32665e-19
-0.000266359 0.000119338 7.32696e-19
-0.000265988 0.000118229 7.32728e-19
-0.000265591 0.000117086 7.32762e-19
-0.000265169 0.000115912 7.32796e-19
-0.000264721 0.000114707 7.32831e-19
-0.000264248 0.000113476 7.32867e-19
-0.000263749 0.000112219 7.32904e-19
-0.000263225 0.00011094 7.32941e-19
-0.000262674 0.00010964 7.32979e-19
-0.000262097 0.000108322 7.33018e-19
-0.000261494 0.000106988 7.33057e-19
-0.000260863 0.000105641 7.33097e-19
-0.000260206 0.000104283 7.33136e-19
-0.000259522 0.000102919 7.33176e-19
-0.00025881 0.000101551 7.33216e-19
-0.000258072 0.000100184 7.33256e-19
-0.000257305 9.88213e-05 7.33296e-19
-0.000256511 9.74669e-05 7.33336e-19
-0.00025569 9.61249e-05 7.33375e-19
-0.00025484 9.47998e-05 7.33414e-19
-0.000253964 9.34961e-05 7.33452e-19
-0.00025306 9.22181e-05 7.33489e-19
-0.000252129 9.09699e-05 7.33525e-19
-0.000251171 8.97556e-05 7.33561e-19
-0.000250186 8.85785e-05 7.33595e-19
-0.000249176 8.74421e-05 7.33628e-19
-0.000248139 8.63493e-05 7.33659e-19
-0.000247077 8.53029e-05 7.33689e-19
-0.00024599 8.43055e-05 7.33718e-19
-0.00024488 8.33592e-05 7.33745e-19
-0.000243745 8.24658e-05 7.3377e-19
-0.000242588 8.16271e-05 7.33794e-19
-0.00024141 8.08444e-05 7.33816e-19
-0.00024021 8.01191e-05 7.33836e-19
-0.000238991 7.94516e-05 7.33855e-19
-0.000237753 7.88423e-05 7.33871e-19
-0.000236497 7.8291e-05 7.33886e-19
-0.000235226 7.77973e-05 7.33899e-19
-0.000233939 7.73599e-05 7.33911e-19
-0.000232639 7.69763e-05 7.33921e-19
-0.000231326 7.66427e-05 7.33929e-19
-0.000230001 7.63553e-05 7.33936e-19
-0.000228667 7.61095e-05 7.33942e-19
-0.000227324 7.58994e-05 7.33946e-19
-0.000225972 7.5718e-05 7.3395e-19
-0.000224613 7.55584e-05 7.33953e-19
-0.000223249 7.54135e-05 7.33956e-19
-0.000221879 7.52749e-05 7.33959e-19
-0.000220504 7.51342e-05 7.33961e-19
-0.000219125 7.49828e-05 7.33964e-19
-0.000217743 7.48129e-05 7.33968e-19
-0.000216358 7.46165e-05 7.33973e-19
-0.00021497 7.43863e-05 7.33978e-19
-0.00021358 7.41153e-05 7.33985e-19
-0.000212189 7.37974e-05 7.33994e-19
-0.000210796 7.34274e-05 7.34003e-19
-0.000209401 7.3001e-05 7.34015e-19
-0.000208006 7.25146e-05 7.34029e-19
-0.00020661 7.19648e-05 7.34044e-19
-0.000205213 7.13483e-05 7.34062e-19
-0.000203816 7.06618e-05 7.34082e-19
-0.000202417 6.99024e-05 7.34104e-19
-0.000201018 6.90684e-05 7.34128e-19
-0.000199618 6.81586e-05 7.34154e-19
-0.000198216 6.71732e-05 7.34183e-19
-0.000196813 6.61125e-05 7.34214e-19
-0.000195409 6.49774e-05 7.34247e-19
-0.000194003 6.37686e-05 7.34283e-19
-0.000192595 6.24875e-05 7.34321e-19
-0.000191186 6.11353e-05 7.3436e-19
-0.000189775 5.97138e-05 7.34402e-19
-0.000188362 5.82257e-05 7.34446e-19
-0.000186946 5.66742e-05 7.34491e-19
-0.000185529 5.50628e-05 7.34539e-19
-0.00018411 5.33947e-05 7.34588e-19
-0.000182689 5.16736e-05 7.34638e-19
-0.000181267 4.99034e-05 7.3469e-19
-0.000179843 4.80875e-05 7.34743e-19
-0.000178419 4.62296e-05 7.34798e-19
-0.000176993 4.43333e-05 7.34853e-19
-0.000175568 4.24025e-05 7.3491e-19
-0.000174142 4.04404e-05 7.34967e-19
-0.000172717 3.84505e-05 7.35025e-19
-0.000171293 3.6436e-05 7.35084e-19
-0.00016987 3.44002e-05 7.35143e-19
-0.000168448 3.2346e-05 7.35203e-19
-0.000167029 3.02763e-05 7.35263e-19
-0.000165611 2.81939e-05 7.35323e-19
-0.000164197 2.61018e-05 7.35384e-19
-0.000162785 2.40026e-05 7.35444e-19
-0.000161377 2.1899e-05 7.35505e-19
-0.000159972 1.97935e-05 7.35566e-19
-0.000158572 1.76888e-05 7.35627e-19
-0.000157176 1.55875e-05 7.35688e-19
-0.000155784 1.34919e-05 7.35748e-19
-0.000154397 1.14041e-05 7.35808e-19
-0.000153016 9.32567e-06 7.35868e-19
-0.000151639 7.25838e-06 7.35927e-19
-0.000150258 5.18739e-06 7.35987e-19
-0.000148869 3.10435e-06 7.36047e-19
-0.000147483 1.03369e-06 7.36107e-19
-0.00014609 -1.01487e-06 7.36166e-19
-0.000144696 -3.04816e-06 7.36224e-19
-0.000143311 -5.06533e-06 7.36283e-19
-0.000141926 -7.06729e-06 7.3634e-19
-0.000140547 -9.05461e-06 7.36397e-19
-0.00013917 -1.10278e-05 7.36454e-19
-0.000137815 -1.29787e-05 7.3651e-19
-0.000136471 -1.4911e-05 7.36566e-19
-0.000135124 -1.68329e-05 7.36621e-19
-0.000133781 -1.87407e-05 7.36676e-19
-0.000132438 -2.06363e-05 7.36731e-19
-0.000131094 -2.25203e-05 7.36785e-19
-0.000129751 -2.43924e-05 7.36839e-19
-0.000128408 -2.6251e-05 7.36893e-19
-0.000127066 -2.80968e-05 7.36946e-19
-0.000125722 -2.99292e-05 7.36999e-19
-0.000124379 -3.1748e-05 7.37051e-19
-0.000123035 -3.35532e-05 7.37104e-19
-0.000121692 -3.53444e-05 7.37156e-19
-0.000120343 -3.71218e-05 7.37207e-19
-0.000118992 -3.88846e-05 7.37258e-19
-0.000117643 -4.06324e-05 7.37309e-19
-0.000116292 -4.23647e-05 7.37359e-19
-0.000114941 -4.40812e-05 7.37409e-19
-0.00011359 -4.5781e-05 7.37459e-19
-0.00011224 -4.74632e-05 7.37508e-19
-0.000110889 -4.91264e-05 7.37557e-19
-0.00010954 -5.07689e-05 7.37605e-19
-0.000108191 -5.23888e-05 7.37652e-19
-0.000106843 -5.39837e-05 7.37699e-19
-0.000105498 -5.5551e-05 7.37745e-19
-0.000104154 -5.70877e-05 7.3779e-19
-0.00010281 -5.85905e-05 7.37834e-19
-0.000101467 -6.0056e-05 7.37877e-19
-0.000100128 -6.14801e-05 7.37919e-19
-9.87933e-05 -6.28582e-05 7.3796e-19
-9.74638e-05 -6.41857e-05 7.37999e-19
-9.61396e-05 -6.54576e-05 7.38036e-19
-9.4822e-05 -6.66693e-05 7.38072e-19
-9.35113e-05 -6.78158e-05 7.38106e-19
-9.22084e-05 -6.88924e-05 7.38137e-19
-9.0914e-05 -6.98945e-05 7.38167e-19
-8.9629e-05 -7.08179e-05 7.38194e-19
-8.8354e-05 -7.16585e-05 7.38218e-19
-8.709e-05 -7.24127e-05 7.3824e-19
-8.58376e-05 -7.30775e-05 7.3826e-19
-8.45977e-05 -7.36505e-05 7.38276e-19
-8.33711e-05 -7.41298e-05 7.3829e-19
-8.21586e-05 -7.45143e-05 7.383e-19
-8.09611e-05 -7.48036e-05 7.38308e-19
-7.97794e-05 -7.49979e-05 7.38313e-19
-7.86144e-05 -7.50985e-05 7.38315e-19
-7.74669e-05 -7.51069e-05 7.38315e-19
-7.63379e-05 -7.50259e-05 7.38311e-19
-7.52282e-05 -7.48591e-05 7.38305e-19
-7.41386e-05 -7.46109e-05 7.38297e-19
-7.30701e-05 -7.42863e-05 7.38286e-19
-7.20235e-05 -7.38913e-05 7.38273e-19
-7.09997e-05 -7.34323e-05 7.38258e-19
-6.99996e-05 -7.29166e-05 7.38241e-19
-6.90241e-05 -7.23519e-05 7.38223e-19
-6.80741e-05 -7.17461e-05 7.38204e-19
-6.71505e-05 -7.11066e-05 7.38184e-19
-6.62543e-05 -7.04412e-05 7.38162e-19
-6.53865e-05 -6.97575e-05 7.38141e-19
-6.4548e-05 -6.90633e-05 7.38119e-19
-6.37398e-05 -6.83663e-05 7.38097e-19
-6.29628e-05 -6.76743e-05 7.38075e-19
-6.22178e-05 -6.69949e-05 7.38053e-19
-6.15057e-05 -6.63355e-05 7.38033e-19
-6.08273e-05 -6.5703e-05 7.38013e-19
-6.01833e-05 -6.51041e-05 7.37994e-19
-5.95745e-05 -6.45449e-05 7.37976e-19
-5.90015e-05 -6.40314e-05 7.3796e-19
-5.84648e-05 -6.35689e-05 7.37945e-19
-5.7965e-05 -6.31627e-05 7.37932e-19
-5.75025e-05 -6.28172e-05 7.37922e-19
-5.70777e-05 -6.25361e-05 7.37913e-19
-5.66911e-05 -6.23216e-05 7.37906e-19
-5.63429e-05 -6.21751e-05 7.37901e-19
-5.60337e-05 -6.20969e-05 7.37899e-19
-5.57637e-05 -6.20867e-05 7.37898e-19
-5.55331e-05 -6.21429e-05 7.379e-19
-5.53424e-05 -6.2263e-05 7.37903e-19
-5.51916e-05 -6.24439e-05 7.37909e-19
-5.50811e-05 -6.26821e-05 7.37916e-19
-5.50108e-05 -6.29737e-05 7.37925e-19
-5.49809e-05 -6.33146e-05 7.37936e-19
-5.49913e-05 -6.37003e-05 7.37948e-19
-5.50419e-05 -6.41258e-05 7.37961e-19
-5.51326e-05 -6.45864e-05 7.37975e-19
-5.52633e-05 -6.50766e-05 7.3799e-19
-5.54337e-05 -6.55913e-05 7.38006e-19
-5.56437e-05 -6.61251e-05 7.38023e-19
-5.58927e-05 -6.66734e-05 7.3804e-19
-5.61804e-05 -6.72319e-05 7.38057e-19
-5.65062e-05 -6.77964e-05 7.38075e-19
-5.68697e-05 -6.83625e-05 7.38093e-19
-5.72703e-05 -6.89262e-05 7.3811e-19
-5.77074e-05 -6.94832e-05 7.38128e-19
-5.81804e-05 -7.00297e-05 7.38145e-19
-5.86887e-05 -7.05617e-05 7.38161e-19
-5.92316e-05 -7.10753e-05 7.38177e-19
-5.98085e-05 -7.15667e-05 7.38193e-19
-6.04188e-05 -7.20323e-05 7.38207e-19
-6.10617e-05 -7.24686e-05 7.38221e-19
-6.17365e-05 -7.28726e-05 7.38234e-19
-6.24424e-05 -7.32415e-05 7.38245e-19
-6.31784e-05 -7.35728e-05 7.38256e-19
-6.39438e-05 -7.38641e-05 7.38265e-19
-6.47377e-05 -7.41139e-05 7.38273e-19
-6.5559e-05 -7.43208e-05 7.3828e-19
-6.64067e-05 -7.44836e-05 7.38286e-19
-6.72798e-05 -7.46019e-05 7.3829e-19
-6.81772e-05 -7.46752e-05 7.38292e-19
-6.90978e-05 -7.47036e-05 7.38294e-19
-7.00405e-05 -7.46876e-05 7.38294e-19
-7.10042e-05 -7.46276e-05 7.38293e-19
-7.19877e-05 -7.4524e-05 7.3829e-19
-7.29899e-05 -7.43774e-05 7.38286e-19
-7.40097e-05 -7.41884e-05 7.38281e-19
-7.5046e-05 -7.39578e-05 7.38275e-19
-7.60977e-05 -7.36867e-05 7.38267e-19
-7.71637e-05 -7.33763e-05 7.38258e-19
-7.82428e-05 -7.30279e-05 7.38248e-19
-7.9334e-05 -7.26432e-05 7.38237e-19
-8.04361e-05 -7.2224e-05 7.38225e-19
-8.15481e-05 -7.17726e-05 7.38212e-19
-8.26687e-05 -7.12911e-05 7.38198e-19
-8.3797e-05 -7.07817e-05 7.38184e-19
-8.4932e-05 -7.02458e-05 7.38168e-19
-8.60729e-05 -6.96845e-05 7.38152e-19
-8.72188e-05 -6.90989e-05 7.38135e-19
-8.8369e-05 -6.84897e-05 7.38118e-19
-8.95226e-05 -6.78571e-05 7.381e-19
-9.06793e-05 -6.7201e-05 7.38081e-19
-9.18383e-05 -6.6521e-05 7.38061e-19
-9.29992e-05 -6.58168e-05 7.38041e-19
-9.41614e-05 -6.50883e-05 7.3802e-19
-9.53244e-05 -6.43351e-05 7.37999e-19
-9.64879e-05 -6.35571e-05 7.37976e-19
-9.76514e-05 -6.27538e-05 7.37953e-19
-9.88145e-05 -6.19252e-05 7.3793e-19
-9.99769e-05 -6.10711e-05 7.37905e-19
-0.000101138 -6.01912e-05 7.3788e-19
-0.000102298 -5.92851e-05 7.37854e-19
-0.000103455 -5.83521e-05 7.37828e-19
-0.000104609 -5.73913e-05 7.378e-19
-0.000105763 -5.64018e-05 7.37772e-19
-0.000106914 -5.53825e-05 7.37743e-19
-0.000108063 -5.43326e-05 7.37713e-19
-0.00010921 -5.32514e-05 7.37682e-19
-0.000110354 -5.21381e-05 7.3765e-19
-0.000111496 -5.09917e-05 7.37617e-19
-0.000112635 -4.98115e-05 7.37584e-19
-0.000113772 -4.85962e-05 7.37549e-19
-0.000114905 -4.73448e-05 7.37513e-19
-0.000116036 -4.60564e-05 7.37476e-19
-0.000117163 -4.473e-05 7.37438e-19
-0.000118288 -4.33648e-05 7.37399e-19
-0.000119409 -4.19601e-05 7.37358e-19
-0.000120527 -4.0515e-05 7.37317e-19
-0.000121641 -3.90281e-05 7.37274e-19
-0.000122752 -3.74979e-05 7.3723e-19
-0.00012386 -3.59231e-05 7.37184e-19
-0.000124965 -3.43028e-05 7.37137e-19
-0.000126068 -3.26372e-05 7.37089e-19
-0.000127168 -3.09274e-05 7.3704e-19
-0.000128262 -2.91746e-05 7.36989e-19
-0.000129352 -2.73819e-05 7.36936e-19
-0.000130439 -2.55509e-05 7.36883e-19
-0.000131523 -2.36833e-05 7.36829e-19
-0.000132604 -2.1783e-05 7.36773e-19
-0.000133683 -1.9853e-05 7.36717e-19
-0.000134759 -1.78971e-05 7.36659e-19
-0.000135832 -1.59189e-05 7.36602e-19
-0.000136904 -1.39221e-05 7.36543e-19
-0.000137973 -1.19109e-05 7.36484e-19
-0.00013904 -9.88935e-06 7.36425e-19
-0.000140106 -7.86165e-06 7.36365e-19
-0.00014117 -5.83207e-06 7.36305e-19
-0.000142233 -3.80525e-06 7.36246e-19
-0.000143295 -1.78598e-06 7.36186e-19
-0.000144357 2.20669e-07 7.36127e-19
-0.000145418 2.20958e-06 7.36069e-19
-0.00014648 4.17543e-06 7.36011e-19
-0.000147534 6.11493e-06 7.35954e-19
-0.000148572 7.9949e-06 7.35898e-19
-0.000149608 9.82648e-06 7.35845e-19
-0.000150646 1.16192e-05 7.35792e-19
-0.000151684 1.3357e-05 7.35741e-19
-0.000152724 1.50422e-05 7.35692e-19
-0.000153764 1.66652e-05 7.35644e-19
-0.000154804 1.8225e-05 7.35599e-19
-0.000155845 1.97153e-05 7.35555e-19
-0.000156887 2.11342e-05 7.35514e-19
-0.000157928 2.24774e-05 7.35475e-19
-0.00015897 2.37429e-05 7.35438e-19
-0.000160011 2.49284e-05 7.35404e-19
-0.000161051 2.60327e-05 7.35372e-19
-0.000162091 2.7055e-05 7.35343e-19
-0.000163129 2.79948e-05 7.35316e-19
-0.000164165 2.88518e-05 7.35291e-19
-0.000165199 2.96264e-05 7.35269e-19
-0.00016623 3.03192e-05 7.3525e-19
-0.000167258 3.09314e-05 7.35233e-19
-0.000168281 3.14651e-05 7.35218e-19
-0.0001693 3.19231e-05 7.35206e-19
-0.000170314 3.23085e-05 7.35195e-19
-0.000171321 3.26249e-05 7.35187e-19
-0.000172322 3.28759e-05 7.35181e-19
-0.000173316 3.30654e-05 7.35177e-19
-0.000174302 3.31976e-05 7.35174e-19
-0.000175279 3.32765e-05 7.35173e-19
-0.000176247 3.33065e-05 7.35173e-19
-0.000177205 3.32916e-05 7.35175e-19
-0.000178152 3.32361e-05 7.35177e-19
-0.000179087 3.31442e-05 7.35181e-19
-0.00018001 3.30196e-05 7.35186e-19
-0.00018092 3.2866e-05 7.35192e-19
-0.000181815 3.26868e-05 7.35198e-19
-0.000182697 3.24857e-05 7.35205e-19
-0.000183563 3.22663e-05 7.35212e-19
-0.000184412 3.20323e-05 7.3522e-19
-0.000185245 3.17874e-05 7.35228e-19
-0.000186061 3.15349e-05 7.35236e-19
-0.000186859 3.12778e-05 7.35245e-19
-0.000187638 3.10187e-05 7.35253e-19
-0.000188397 3.07601e-05 7.35261e-19
-0.000189136 3.05041e-05 7.35269e-19
-0.000189855 3.02523e-05 7.35277e-19
-0.000190552 3.00061e-05 7.35285e-19
-0.000191227 2.97666e-05 7.35293e-19
-0.000191879 2.95344e-05 7.353e-19
-0.000192508 2.93099e-05 7.35307e-19
-0.000193112 2.90926e-05 7.35313e-19
-0.000193691 2.88823e-05 7.3532e-19
-0.000194245 2.86785e-05 7.35326e-19
-0.000194772 2.8481e-05 7.35332e-19
-0.000195272 2.82899e-05 7.35338e-19
-0.000195744 2.81052e-05 7.35343e-19
-0.000196187 2.79269e-05 7.35349e-19
-0.000196602 2.77551e-05 7.35354e-19
-0.000196987 2.75901e-05 7.35359e-19
-0.000197341 2.74321e-05 7.35363e-19
-0.000197666 2.72815e-05 7.35368e-19
-0.000197959 2.7139e-05 7.35372e-19
-0.00019822 2.70052e-05 7.35376e-19
-0.00019845 2.68812e-05 7.3538e-19
-0.000198648 2.67675e-05 7.35383e-19
-0.000198813 2.66649e-05 7.35386e-19
-0.000198946 2.6574e-05 7.35388e-19
-0.000199046 2.64954e-05 7.35391e-19
-0.000199114 2.64297e-05 7.35392e-19
-0.000199148 2.63774e-05 7.35394e-19
-0.00019915 2.63394e-05 7.35395e-19
-0.000199119 2.63163e-05 7.35395e-19
-0.000199055 2.63086e-05 7.35395e-19
-0.000198959 2.63165e-05 7.35395e-19
-0.000198831 2.63401e-05 7.35394e-19
-0.000198672 2.63792e-05 7.35392e-19
-0.00019848 2.64335e-05 7.3539e-19
-0.000198258 2.65027e-05 7.35388e-19
-0.000198006 2.65861e-05 7.35385e-19
-0.000197723 2.66831e-05 7.35382e-19
-0.000197411 2.67929e-05 7.35379e-19
-0.000197069 2.69149e-05 7.35375e-19
-0.0001967 2.70483e-05 7.3537e-19
-0.000196303 2.71925e-05 7.35366e-19
-0.000195879 2.73467e-05 7.35361e-19
-0.000195429 2.75104e-05 7.35356e-19
-0.000194953 2.76831e-05 7.3535e-19
-0.000194453 2.78643e-05 7.35345e-19
-0.000193929 2.80537e-05 7.35339e-19
-0.000193382 2.82507e-05 7.35333e-19
-0.000192814 2.84548e-05 7.35326e-19
-0.000192224 2.86655e-05 7.3532e-19
-0.000191613 2.88824e-05 7.35313e-19
-0.000190983 2.91047e-05 7.35306e-19
-0.000190335 2.93317e-05 7.35299e-19
-0.000189668 2.95625e-05 7.35292e-19
-0.000188984 2.97964e-05 7.35285e-19
-0.000188285 3.00332e-05 7.35278e-19
-0.000187569 3.02729e-05 7.3527e-19
-0.00018684 3.05153e-05 7.35263e-19
-0.000186096 3.07604e-05 7.35255e-19
-0.00018534 3.10077e-05 7.35247e-19
-0.000184573 3.12566e-05 7.35239e-19
-0.000183794 3.15062e-05 7.35232e-19
-0.000183005 3.17556e-05 7.35224e-19
-0.000182206 3.20035e-05 7.35216e-19
-0.0001814 3.22486e-05 7.35208e-19
-0.000180585 3.24891e-05 7.352e-19
-0.000179763 3.27232e-05 7.35193e-19
-0.000178935 3.29489e-05 7.35185e-19
-0.000178102 3.3164e-05 7.35178e-19
-0.000177265 3.33659e-05 7.35172e-19
-0.000176423 3.35524e-05 7.35165e-19
-0.000175579 3.37211e-05 7.3516e-19
-0.000174732 3.38699e-05 7.35154e-19
-0.000173883 3.39966e-05 7.3515e-19
-0.000173034 3.40989e-05 7.35146e-19
-0.000172186 3.41745e-05 7.35143e-19
-0.000171338 3.42211e-05 7.3514e-19
-0.000170493 3.42362e-05 7.35139e-19
-0.00016965 3.42174e-05 7.35139e-19
-0.000168811 3.41623e-05 7.35139e-19
-0.000167976 3.40683e-05 7.35141e-19
-0.000167146 3.39328e-05 7.35144e-19
-0.000166321 3.37533e-05 7.35149e-19
-0.000165503 3.35269e-05 7.35154e-19
-0.000164691 3.32505e-05 7.35161e-19
-0.000163886 3.29212e-05 7.3517e-19
-0.000163089 3.25365e-05 7.35181e-19
-0.0001623 3.20942e-05 7.35193e-19
-0.000161519 3.15926e-05 7.35207e-19
-0.000160747 3.10305e-05 7.35223e-19
-0.000159984 3.04068e-05 7.3524e-19
-0.00015923 2.97216e-05 7.3526e-19
-0.000158485 2.89751e-05 7.35281e-19
-0.000157751 2.81681e-05 7.35304e-19
-0.000157027 2.7302e-05 7.35329e-19
-0.000156312 2.63786e-05 7.35356e-19
-0.000155608 2.54003e-05 7.35384e-19
-0.000154914 2.437e-05 7.35414e-19
-0.000154231 2.32905e-05 7.35446e-19
-0.000153558 2.21647e-05 7.35479e-19
-0.000152896 2.09954e-05 7.35513e-19
-0.000152243 1.97857e-05 7.35548e-19
-0.000151601 1.85387e-05 7.35585e-19
-0.000150969 1.72577e-05 7.35622e-19
-0.000150346 1.59459e-05 7.35661e-19
-0.000149733 1.46066e-05 7.357e-19
-0.000149129 1.32433e-05 7.3574e-19
-0.000148534 1.186e-05 7.3578e-19
-0.000147943 1.0462e-05 7.35821e-19
-0.000147354 9.04149e-06 7.35863e-19
-0.000146767 7.60036e-06 7.35906e-19
-0.000146188 6.15514e-06 7.35948e-19
-0.000145617 4.70997e-06 7.35991e-19
-0.000145053 3.26854e-06 7.36033e-19
-0.000144497 1.83475e-06 7.36075e-19
-0.000143947 4.11924e-07 7.36117e-19
-0.000143405 -9.96781e-07 7.36159e-19
-0.000142869 -2.38842e-06 7.36199e-19
-0.00014234 -3.76019e-06 7.3624e-19
-0.000141816 -5.10944e-06 7.36279e-19
-0.000141299 -6.43369e-06 7.36318e-19
-0.000140787 -7.7306e-06 7.36356e-19
-0.00014028 -8.99794e-06 7.36393e-19
-0.000139779 -1.02334e-05 7.3643e-19
-0.000139283 -1.14349e-05 7.36465e-19
-0.000138791 -1.26003e-05 7.36499e-19
-0.000138305 -1.37276e-05 7.36532e-19
-0.000137823 -1.48148e-05 7.36564e-19
-0.00013735 -1.58584e-05 7.36594e-19
-0.000136886 -1.68552e-05 7.36623e-19
-0.000136428 -1.78057e-05 7.36651e-19
-0.000135973 -1.87087e-05 7.36677e-19
-0.000135523 -1.95611e-05 7.36702e-19
-0.000135077 -2.03611e-05 7.36725e-19
-0.000134636 -2.11063e-05 7.36747e-19
-0.000134199 -2.17949e-05 7.36766e-19
-0.000133767 -2.24253e-05 7.36785e-19
-0.00013334 -2.2996e-05 7.36801e-19
-0.000132918 -2.35058e-05 7.36816e-19
-0.000132502 -2.39536e-05 7.36828e-19
-0.00013209 -2.4339e-05 7.36839e-19
-0.000131685 -2.46614e-05 7.36848e-19
-0.000131286 -2.49203e-05 7.36855e-19
-0.000130893 -2.51167e-05 7.36861e-19
-0.000130506 -2.52517e-05 7.36864e-19
-0.000130127 -2.53271e-05 7.36866e-19
-0.000129754 -2.53443e-05 7.36866e-19
-0.000129389 -2.53049e-05 7.36864e-19
-0.000129032 -2.52102e-05 7.36861e-19
-0.000128683 -2.50618e-05 7.36856e-19
-0.000128342 -2.48612e-05 7.3685e-19
-0.000128011 -2.46107e-05 7.36842e-19
-0.00012769 -2.43124e-05 7.36833e-19
-0.000127379 -2.39688e-05 7.36822e-19
-0.000127074 -2.35827e-05 7.3681e-19
-0.00012678 -2.3157e-05 7.36797e-19
-0.000126498 -2.26949e-05 7.36783e-19
-0.000126227 -2.21995e-05 7.36768e-19
-0.000125968 -2.16738e-05 7.36753e-19
-0.000125722 -2.11207e-05 7.36736e-19
-0.000125488 -2.05425e-05 7.36719e-19
-0.000125268 -1.99421e-05 7.36701e-19
-0.000125062 -1.93216e-05 7.36682e-19
-0.000124867 -1.86835e-05 7.36663e-19
-0.000124687 -1.80308e-05 7.36644e-19
-0.000124521 -1.73661e-05 7.36625e-19
-0.000124371 -1.6692e-05 7.36605e-19
-0.000124237 -1.60108e-05 7.36585e-19
-0.000124119 -1.53247e-05 7.36564e-19
-0.000124017 -1.46358e-05 7.36544e-19
-0.000123932 -1.39462e-05 7.36524e-19
-0.000123865 -1.3258e-05 7.36504e-19
-0.000123814 -1.25736e-05 7.36484e-19
-0.000123781 -1.18953e-05 7.36464e-19
-0.000123765 -1.12249e-05 7.36445e-19
-0.000123767 -1.05638e-05 7.36425e-19
-0.000123788 -9.91245e-06 7.36407e-19
-0.000123826 -9.27166e-06 7.36388e-19
-0.000123883 -8.64174e-06 7.3637e-19
-0.000123959 -8.02287e-06 7.36352e-19
-0.000124055 -7.41516e-06 7.36334e-19
-0.000124169 -6.81872e-06 7.36317e-19
-0.000124303 -6.2336e-06 7.363e-19
-0.000124457 -5.65988e-06 7.36283e-19
-0.000124631 -5.09757e-06 7.36267e-19
-0.000124824 -4.54681e-06 7.36251e-19
-0.000125038 -4.00804e-06 7.36236e-19
-0.000125272 -3.48233e-06 7.3622e-19
-0.000125526 -2.97119e-06 7.36206e-19
-0.0001258 -2.47629e-06 7.36191e-19
-0.000126094 -1.9992e-06 7.36178e-19
-0.000126408 -1.54106e-06 7.36164e-19
-0.000126742 -1.10278e-06 7.36152e-19
-0.000127096 -6.85267e-07 7.36139e-19
-0.000127469 -2.89694e-07 7.36128e-19
-0.000127861 8.23072e-08 7.36117e-19
-0.000128272 4.28795e-07 7.36107e-19
-0.000128703 7.47759e-07 7.36098e-19
-0.000129151 1.03708e-06 7.3609e-19
-0.000129617 1.29441e-06 7.36082e-19
-0.000130101 1.51729e-06 7.36076e-19
-0.000130601 1.7033e-06 7.36071e-19
-0.000131117 1.85045e-06 7.36066e-19
-0.000131649 1.95754e-06 7.36063e-19
-0.000132196 2.02402e-06 7.36062e-19
-0.000132756 2.04954e-06 7.36061e-19
-0.000133331 2.03407e-06 7.36062e-19
-0.000133918 1.97799e-06 7.36064e-19
-0.000134518 1.88206e-06 7.36067e-19
-0.000135129 1.74722e-06 7.36071e-19
-0.00013575 1.57468e-06 7.36077e-19
-0.000136382 1.36604e-06 7.36083e-19
-0.000137023 1.1232e-06 7.36091e-19
-0.000137672 8.48211e-07 7.361e-19
-0.000138328 5.43067e-07 7.36109e-19
-0.000138988 2.09574e-07 7.36119e-19
-0.000139645 -1.51326e-07 7.3613e-19
-0.000140305 -5.37774e-07 7.36142e-19
-0.00014097 -9.47898e-07 7.36155e-19
-0.000141637 -1.37951e-06 7.36168e-19
-0.000142306 -1.82982e-06 7.36182e-19
-0.000142976 -2.29617e-06 7.36196e-19
-0.000143646 -2.77586e-06 7.36211e-19
-0.000144316 -3.26692e-06 7.36226e-19
-0.000144984 -3.76751e-06 7.36242e-19
-0.000145649 -4.27602e-06 7.36257e-19
-0.000146311 -4.79044e-06 7.36273e-19
-0.000146968 -5.30851e-06 7.36289e-19
-0.000147619 -5.82755e-06 7.36305e-19
-0.000148265 -6.34494e-06 7.36321e-19
-0.000148903 -6.85812e-06 7.36336e-19
-0.000149529 -7.3634e-06 7.36352e-19
-0.000150145 -7.85983e-06 7.36367e-19
-0.000150752 -8.34604e-06 7.36382e-19
-0.000151348 -8.81929e-06 7.36397e-19
-0.000151934 -9.27744e-06 7.36411e-19
-0.000152509 -9.71734e-06 7.36425e-19
-0.00015307 -1.01364e-05 7.36438e-19
-0.000153619 -1.05318e-05 7.3645e-19
-0.000154155 -1.09012e-05 7.36461e-19
-0.000154676 -1.12424e-05 7.36472e-19
-0.000155182 -1.15536e-05 7.36482e-19
-0.000155673 -1.18324e-05 7.36491e-19
-0.000156148 -1.20762e-05 7.36498e-19
-0.000156606 -1.22819e-05 7.36505e-19
-0.000157048 -1.24468e-05 7.3651e-19
-0.000157472 -1.2568e-05 7.36515e-19
-0.000157879 -1.26434e-05 7.36517e-19
-0.000158269 -1.26711e-05 7.36519e-19
-0.00015864 -1.26494e-05 7.36518e-19
-0.000158992 -1.25769e-05 7.36517e-19
-0.000159326 -1.24523e-05 7.36513e-19
-0.000159642 -1.22746e-05 7.36508e-19
-0.000159938 -1.2043e-05 7.36502e-19
-0.000160216 -1.17569e-05 7.36493e-19
-0.000160474 -1.14165e-05 7.36484e-19
-0.000160713 -1.10219e-05 7.36472e-19
-0.000160934 -1.05737e-05 7.36459e-19
-0.000161135 -1.00731e-05 7.36444e-19
-0.000161318 -9.52211e-06 7.36428e-19
-0.000161482 -8.92324e-06 7.3641e-19
-0.000161627 -8.27949e-06 7.36391e-19
-0.000161753 -7.5938e-06 7.36371e-19
-0.000161861 -6.86887e-06 7.36349e-19
-0.000161952 -6.10723e-06 7.36327e-19
-0.000162024 -5.31153e-06 7.36303e-19
-0.00016208 -4.48475e-06 7.36278e-19
-0.000162118 -3.63041e-06 7.36253e-19
-0.00016214 -2.75239e-06 7.36227e-19
-0.000162146 -1.85472e-06 7.362e-19
-0.000162136 -9.41172e-07 7.36173e-19
-0.000162111 -1.49656e-08 7.36145e-19
-0.000162072 9.2113e-07 7.36117e-19
-0.000162013 1.85418e-06 7.36089e-19
-0.00016194 2.78819e-06 7.36061e-19
-0.000161855 3.7253e-06 7.36034e-19
-0.000161757 4.65776e-06 7.36006e-19
-0.000161648 5.58439e-06 7.35978e-19
-0.000161528 6.49998e-06 7.35951e-19
-0.000161398 7.40282e-06 7.35924e-19
-0.000161258 8.28973e-06 7.35898e-19
-0.000161109 9.159e-06 7.35872e-19
-0.000160952 1.0008e-05 7.35847e-19
-0.000160788 1.08343e-05 7.35822e-19
-0.000160616 1.1635e-05 7.35798e-19
-0.000160438 1.24076e-05 7.35775e-19
-0.000160254 1.31495e-05 7.35753e-19
-0.000160065 1.38593e-05 7.35732e-19
-0.000159871 1.45357e-05 7.35712e-19
-0.000159673 1.51779e-05 7.35693e-19
-0.000159472 1.57849e-05 7.35675e-19
-0.000159268 1.63562e-05 7.35658e-19
-0.000159062 1.68911e-05 7.35643e-19
-0.000158854 1.73892e-05 7.35628e-19
-0.000158646 1.78503e-05 7.35614e-19
-0.000158436 1.82745e-05 7.35602e-19
-0.000158228 1.86625e-05 7.3559e-19
-0.000158019 1.90149e-05 7.3558e-19
-0.000157813 1.9332e-05 7.3557e-19
-0.000157608 1.96134e-05 7.35562e-19
-0.000157405 1.98585e-05 7.35554e-19
-0.000157205 2.00662e-05 7.35548e-19
-0.000157008 2.02357e-05 7.35543e-19
-0.000156814 2.03662e-05 7.35539e-19
-0.000156624 2.04568e-05 7.35536e-19
-0.000156437 2.05069e-05 7.35535e-19
-0.000156254 2.05158e-05 7.35535e-19
-0.000156075 2.04828e-05 7.35535e-19
-0.0001559 2.04075e-05 7.35537e-19
-0.000155729 2.02895e-05 7.35541e-19
-0.000155562 2.01286e-05 7.35545e-19
-0.0001554 1.99248e-05 7.35551e-19
-0.000155242 1.96785e-05 7.35558e-19
-0.000155088 1.93901e-05 7.35567e-19
-0.000154938 1.90601e-05 7.35576e-19
-0.000154793 1.86894e-05 7.35587e-19
-0.000154652 1.82792e-05 7.35599e-19
-0.000154514 1.78306e-05 7.35612e-19
-0.000154381 1.73448e-05 7.35627e-19
-0.000154251 1.68226e-05 7.35642e-19
-0.000154124 1.62647e-05 7.35658e-19
-0.000154 1.56719e-05 7.35675e-19
-0.000153879 1.50449e-05 7.35694e-19
-0.00015376 1.43853e-05 7.35713e-19
-0.000153643 1.36946e-05 7.35733e-19
-0.000153528 1.29745e-05 7.35754e-19
-0.000153414 1.22265e-05 7.35776e-19
-0.000153301 1.1451e-05 7.35799e-19
-0.000153188 1.06481e-05 7.35823e-19
-0.000153074 9.8177e-06 7.35847e-19
-0.00015296 8.95991e-06 7.35872e-19
-0.000152843 8.07518e-06 7.35898e-19
-0.000152725 7.16426e-06 7.35925e-19
-0.000152603 6.22795e-06 7.35952e-19
-0.000152471 5.25358e-06 7.35981e-19
-0.000152333 4.25132e-06 7.3601e-19
-0.000152191 3.22815e-06 7.36041e-19
-0.000152042 2.17966e-06 7.36072e-19
-0.000151887 1.11034e-06 7.36103e-19
-0.000151725 1.955e-08 7.36135e-19
-0.000151555 -1.08841e-06 7.36168e-19
-0.000151378 -2.21216e-06 7.36201e-19
-0.000151191 -3.34819e-06 7.36235e-19
-0.000150996 -4.49505e-06 7.36269e-19
-0.000150791 -5.65038e-06 7.36303e-19
-0.000150575 -6.81266e-06 7.36337e-19
-0.000150348 -7.97954e-06 7.36372e-19
-0.000150109 -9.14879e-06 7.36407e-19
-0.000149859 -1.03176e-05 7.36441e-19
-0.000149596 -1.14833e-05 7.36476e-19
-0.000149317 -1.26425e-05 7.3651e-19
-0.000149025 -1.37937e-05 7.36544e-19
-0.000148718 -1.4935e-05 7.36578e-19
-0.000148397 -1.60645e-05 7.36611e-19
-0.000148061 -1.71802e-05 7.36644e-19
-0.000147709 -1.82799e-05 7.36677e-19
-0.000147341 -1.93618e-05 7.36709e-19
-0.000146957 -2.04237e-05 7.3674e-19
-0.000146557 -2.14636e-05 7.36771e-19
-0.00014614 -2.24789e-05 7.36801e-19
-0.000145712 -2.34657e-05 7.3683e-19
-0.000145268 -2.44235e-05 7.36858e-19
-0.000144804 -2.53524e-05 7.36886e-19
-0.000144324 -2.62498e-05 7.36912e-19
-0.000143825 -2.71144e-05 7.36938e-19
-0.000143308 -2.79446e-05 7.36962e-19
-0.000142773 -2.87389e-05 7.36985e-19
-0.000142219 -2.94959e-05 7.37007e-19
-0.000141647 -3.0214e-05 7.37028e-19
-0.000141058 -3.08919e-05 7.37048e-19
-0.00014045 -3.15286e-05 7.37067e-19
-0.000139824 -3.21244e-05 7.37084e-19
-0.00013918 -3.26792e-05 7.371e-19
-0.000138519 -3.31933e-05 7.37115e-19
-0.00013784 -3.36674e-05 7.37128e-19
-0.000137144 -3.41018e-05 7.3714e-19
-0.000136432 -3.44966e-05 7.37152e-19
-0.000135704 -3.48523e-05 7.37162e-19
-0.00013496 -3.51695e-05 7.3717e-19
-0.000134201 -3.54491e-05 7.37178e-19
-0.000133427 -3.56923e-05 7.37184e-19
-0.00013264 -3.59006e-05 7.3719e-19
-0.000131839 -3.60755e-05 7.37194e-19
-0.000131025 -3.62191e-05 7.37198e-19
-0.000130199 -3.63333e-05 7.372e-19
-0.000129361 -3.64206e-05 7.37202e-19
-0.000128512 -3.64834e-05 7.37203e-19
-0.000127653 -3.65246e-05 7.37204e-19
-0.000126785 -3.65474e-05 7.37204e-19
-0.000125907 -3.65549e-05 7.37203e-19
-0.000125015 -3.65507e-05 7.37202e-19
-0.000124112 -3.65375e-05 7.37201e-19
-0.000123203 -3.65179e-05 7.37199e-19
-0.000122287 -3.64946e-05 7.37198e-19
-0.000121366 -3.64704e-05 7.37196e-19
-0.000120438 -3.64483e-05 7.37195e-19
-0.000119504 -3.64312e-05 7.37193e-19
-0.000118567 -3.64222e-05 7.37192e-19
-0.000117627 -3.6424e-05 7.37192e-19
-0.000116685 -3.64397e-05 7.37191e-19
-0.000115742 -3.64719e-05 7.37191e-19
-0.000114799 -3.65234e-05 7.37192e-19
-0.000113855 -3.65967e-05 7.37194e-19
-0.000112913 -3.66942e-05 7.37196e-19
-0.000111971 -3.68179e-05 7.37199e-19
-0.000111032 -3.69698e-05 7.37203e-19
-0.000110096 -3.71514e-05 7.37208e-19
-0.000109162 -3.7364e-05 7.37213e-19
-0.000108233 -3.76082e-05 7.3722e-19
-0.000107308 -3.78846e-05 7.37227e-19
-0.000106388 -3.81935e-05 7.37236e-19
-0.000105474 -3.85358e-05 7.37246e-19
-0.000104566 -3.89124e-05 7.37256e-19
-0.000103664 -3.93241e-05 7.37268e-19
-0.00010277 -3.97714e-05 7.37281e-19
-0.000101883 -4.02546e-05 7.37295e-19
-0.000101004 -4.07736e-05 7.3731e-19
-0.000100133 -4.13282e-05 7.37325e-19
-9.92706e-05 -4.1918e-05 7.37343e-19
-9.84175e-05 -4.25415e-05 7.37361e-19
-9.75741e-05 -4.3197e-05 7.3738e-19
-9.67408e-05 -4.38824e-05 7.37399e-19
-9.59181e-05 -4.45955e-05 7.3742e-19
-9.51065e-05 -4.53336e-05 7.37441e-19
-9.43067e-05 -4.60935e-05 7.37463e-19
-9.3519e-05 -4.68722e-05 7.37486e-19
-9.2744e-05 -4.76667e-05 7.37509e-19
-9.19823e-05 -4.84742e-05 7.37533e-19
-9.12341e-05 -4.92919e-05 7.37556e-19
-9.05e-05 -5.01175e-05 7.3758e-19
-8.97804e-05 -5.09483e-05 7.37604e-19
-8.90758e-05 -5.17814e-05 7.37628e-19
-8.83867e-05 -5.26137e-05 7.37652e-19
-8.77136e-05 -5.34422e-05 7.37676e-19
-8.70569e-05 -5.42641e-05 7.377e-19
-8.6417e-05 -5.50769e-05 7.37723e-19
-8.57946e-05 -5.58782e-05 7.37746e-19
-8.51898e-05 -5.66659e-05 7.37769e-19
-8.46032e-05 -5.74378e-05 7.37791e-19
-8.40352e-05 -5.81922e-05 7.37813e-19
-8.3486e-05 -5.89271e-05 7.37834e-19
-8.29562e-05 -5.9641e-05 7.37854e-19
-8.24461e-05 -6.03324e-05 7.37874e-19
-8.19559e-05 -6.10005e-05 7.37893e-19
-8.14859e-05 -6.16446e-05 7.37911e-19
-8.10363e-05 -6.22644e-05 7.37929e-19
-8.06073e-05 -6.28595e-05 7.37945e-19
-8.01991e-05 -6.34303e-05 7.37961e-19
-7.98117e-05 -6.39773e-05 7.37977e-19
-7.94452e-05 -6.45013e-05 7.37992e-19
-7.90997e-05 -6.50028e-05 7.38006e-19
-7.87751e-05 -6.54827e-05 7.38019e-19
-7.84714e-05 -6.5942e-05 7.38032e-19
-7.81885e-05 -6.63814e-05 7.38045e-19
-7.79264e-05 -6.68019e-05 7.38056e-19
-7.7685e-05 -6.72046e-05 7.38068e-19
-7.7464e-05 -6.75907e-05 7.38079e-19
-7.72632e-05 -6.79612e-05 7.38089e-19
-7.70825e-05 -6.83171e-05 7.38099e-19
-7.69217e-05 -6.86587e-05 7.38109e-19
-7.67806e-05 -6.89862e-05 7.38119e-19
-7.66589e-05 -6.92995e-05 7.38128e-19
-7.65566e-05 -6.95984e-05 7.38136e-19
-7.64734e-05 -6.98826e-05 7.38145e-19
-7.6409e-05 -7.01519e-05 7.38152e-19
-7.63632e-05 -7.04058e-05 7.3816e-19
-7.63358e-05 -7.06436e-05 7.38167e-19
-7.63266e-05 -7.08648e-05 7.38174e-19
-7.63352e-05 -7.10685e-05 7.3818e-19
-7.63615e-05 -7.1254e-05 7.38186e-19
-7.64052e-05 -7.14204e-05 7.38191e-19
-7.64662e-05 -7.15671e-05 7.38195e-19
-7.65444e-05 -7.16935e-05 7.38199e-19
-7.66395e-05 -7.17993e-05 7.38203e-19
-7.67512e-05 -7.18838e-05 7.38206e-19
-7.68792e-05 -7.1946e-05 7.38208e-19
-7.70234e-05 -7.19852e-05 7.3821e-19
-7.71835e-05 -7.20002e-05 7.38211e-19
-7.73595e-05 -7.19899e-05 7.38211e-19
-7.7551e-05 -7.19531e-05 7.3821e-19
-7.77579e-05 -7.18886e-05 7.38209e-19
-7.79802e-05 -7.17952e-05 7.38207e-19
-7.82178e-05 -7.16715e-05 7.38204e-19
-7.84704e-05 -7.15158e-05 7.382e-19
-7.87382e-05 -7.13266e-05 7.38195e-19
-7.90211e-05 -7.11021e-05 7.38189e-19
-7.93192e-05 -7.08408e-05 7.38182e-19
-7.96322e-05 -7.05413e-05 7.38174e-19
-7.99604e-05 -7.02024e-05 7.38164e-19
-8.03036e-05 -6.98232e-05 7.38153e-19
-8.06618e-05 -6.94028e-05 7.38142e-19
-8.10351e-05 -6.89409e-05 7.38128e-19
-8.14233e-05 -6.84374e-05 7.38114e-19
-8.18264e-05 -6.78923e-05 7.38098e-19
-8.22444e-05 -6.73061e-05 7.38082e-19
-8.26772e-05 -6.66791e-05 7.38063e-19
-8.31249e-05 -6.60118e-05 7.38044e-19
-8.35874e-05 -6.53051e-05 7.38024e-19
-8.40647e-05 -6.456e-05 7.38002e-19
-8.45567e-05 -6.37779e-05 7.37979e-19
-8.50634e-05 -6.29604e-05 7.37955e-19
-8.55848e-05 -6.21094e-05 7.3793e-19
-8.61207e-05 -6.12269e-05 7.37904e-19
-8.66711e-05 -6.03148e-05 7.37878e-19
-8.7236e-05 -5.9375e-05 7.3785e-19
-8.78155e-05 -5.84097e-05 7.37822e-19
-8.84094e-05 -5.74211e-05 7.37793e-19
-8.90177e-05 -5.6412e-05 7.37763e-19
-8.96402e-05 -5.53853e-05 7.37733e-19
-9.0277e-05 -5.43441e-05 7.37702e-19
-9.09279e-05 -5.32914e-05 7.37671e-19
-9.15928e-05 -5.22301e-05 7.3764e-19
-9.22717e-05 -5.11627e-05 7.37608e-19
-9.29647e-05 -5.00918e-05 7.37577e-19
-9.36715e-05 -4.90201e-05 7.37545e-19
-9.43922e-05 -4.79502e-05 7.37514e-19
-9.51268e-05 -4.6885e-05 7.37482e-19
-9.5875e-05 -4.58272e-05 7.37451e-19
-9.66368e-05 -4.47792e-05 7.3742e-19
-9.74123e-05 -4.3743e-05 7.3739e-19
-9.82012e-05 -4.27205e-05 7.3736e-19
-9.90038e-05 -4.17131e-05 7.3733e-19
-9.98198e-05 -4.07223e-05 7.37301e-19
-0.000100649 -3.97494e-05 7.37273e-19
-0.000101492 -3.87956e-05 7.37245e-19
-0.000102348 -3.7862e-05 7.37218e-19
-0.000103217 -3.69495e-05 7.37191e-19
-0.0001041 -3.60586e-05 7.37165e-19
-0.000104995 -3.51899e-05 7.3714e-19
-0.000105903 -3.43434e-05 7.37115e-19
-0.000106824 -3.35191e-05 7.37092e-19
-0.000107757 -3.27168e-05 7.37068e-19
-0.000108702 -3.19359e-05 7.37046e-19
-0.00010966 -3.11757e-05 7.37024e-19
-0.00011063 -3.0435e-05 7.37003e-19
-0.000111611 -2.97125e-05 7.36982e-19
-0.000112604 -2.90061e-05 7.36962e-19
-0.000113609 -2.8314e-05 7.36943e-19
-0.000114624 -2.7634e-05 7.36923e-19
-0.00011565 -2.69641e-05 7.36905e-19
-0.000116687 -2.63025e-05 7.36886e-19
-0.000117735 -2.56472e-05 7.36868e-19
-0.000118792 -2.49962e-05 7.36849e-19
-0.000119858 -2.43479e-05 7.36831e-19
-0.000120933 -2.37008e-05 7.36813e-19
-0.000122016 -2.30532e-05 7.36795e-19
-0.000123106 -2.24043e-05 7.36777e-19
-0.000124203 -2.17521e-05 7.36758e-19
-0.000125307 -2.10945e-05 7.3674e-19
-0.000126417 -2.04301e-05 7.36721e-19
-0.000127533 -1.97572e-05 7.36702e-19
-0.000128655 -1.90743e-05 7.36683e-19
-0.000129781 -1.83799e-05 7.36664e-19
-0.00013091 -1.7673e-05 7.36644e-19
-0.00013204 -1.6952e-05 7.36624e-19
-0.000133172 -1.62153e-05 7.36603e-19
-0.000134301 -1.54624e-05 7.36581e-19
-0.000135429 -1.46916e-05 7.36559e-19
-0.00013656 -1.39021e-05 7.36537e-19
-0.000137691 -1.30931e-05 7.36514e-19
-0.000138823 -1.22635e-05 7.3649e-19
-0.000139954 -1.14129e-05 7.36466e-19
-0.000141085 -1.05407e-05 7.36441e-19
-0.000142215 -9.64671e-06 7.36415e-19
-0.000143344 -8.73061e-06 7.36389e-19
-0.00014447 -7.79258e-06 7.36362e-19
-0.000145595 -6.83297e-06 7.36334e-19
-0.000146717 -5.85268e-06 7.36306e-19
-0.000147835 -4.8529e-06 7.36277e-19
-0.000148943 -3.83265e-06 7.36247e-19
-0.000150044 -2.79563e-06 7.36217e-19
-0.000151142 -1.74516e-06 7.36186e-19
-0.000152235 -6.82943e-07 7.36155e-19
-0.000153324 3.87609e-07 7.36124e-19
-0.000154407 1.46437e-06 7.36093e-19
-0.000155484 2.54439e-06 7.36061e-19
-0.000156555 3.62563e-06 7.3603e-19
-0.000157611 4.68874e-06 7.35999e-19
-0.000158657 5.74324e-06 7.35968e-19
-0.000159698 6.79646e-06 7.35938e-19
-0.000160731 7.84053e-06 7.35907e-19
-0.000161756 8.87839e-06 7.35877e-19
-0.000162774 9.90593e-06 7.35848e-19
-0.000163783 1.09236e-05 7.35818e-19
-0.000164784 1.19286e-05 7.35789e-19
-0.000165777 1.29206e-05 7.3576e-19
-0.00016676 1.38976e-05 7.35732e-19
-0.000167734 1.48587e-05 7.35705e-19
-0.000168698 1.58026e-05 7.35677e-19
-0.000169652 1.67284e-05 7.35651e-19
-0.000170595 1.76351e-05 7.35625e-19
-0.000171528 1.85221e-05 7.35599e-19
-0.00017245 1.9389e-05 7.35575e-19
-0.00017336 2.02355e-05 7.3555e-19
-0.000174259 2.10616e-05 7.35527e-19
-0.000175145 2.18677e-05 7.35504e-19
-0.000176019 2.26543e-05 7.35482e-19
-0.00017688 2.34223e-05 7.3546e-19
-0.000177728 2.41725e-05 7.35438e-19
-0.000178563 2.4906e-05 7.35418e-19
-0.000179385 2.5624e-05 7.35397e-19
-0.000180192 2.63279e-05 7.35377e-19
-0.000180986 2.70188e-05 7.35358e-19
-0.000181766 2.76984e-05 7.35339e-19
-0.000182532 2.8368e-05 7.3532e-19
-0.000183283 2.90292e-05 7.35301e-19
-0.00018402 2.96834e-05 7.35283e-19
-0.000184742 3.03324e-05 7.35264e-19
-0.000185449 3.09779e-05 7.35246e-19
-0.000186142 3.16215e-05 7.35228e-19
-0.00018682 3.22645e-05 7.35209e-19
-0.000187483 3.29079e-05 7.35191e-19
-0.000188131 3.35519e-05 7.35173e-19
-0.000188765 3.41969e-05 7.35154e-19
-0.000189383 3.48428e-05 7.35136e-19
-0.000189987 3.54891e-05 7.35117e-19
-0.000190576 3.6135e-05 7.35099e-19
-0.000191149 3.67795e-05 7.3508e-19
-0.000191708 3.74215e-05 7.35062e-19
-0.000192251 3.80601e-05 7.35043e-19
-0.000192779 3.86945e-05 7.35025e-19
-0.000193292 3.93235e-05 7.35007e-19
-0.000193789 3.99463e-05 7.34989e-19
-0.000194271 4.05623e-05 7.34971e-19
-0.000194738 4.11708e-05 7.34953e-19
-0.00019519 4.17715e-05 7.34935e-19
-0.000195626 4.23636e-05 7.34918e-19
-0.000196047 4.29462e-05 7.34901e-19
-0.000196453 4.35185e-05 7.34884e-19
-0.000196844 4.40794e-05 7.34868e-19
-0.00019722 4.46279e-05 7.34852e-19
-0.000197581 4.51634e-05 7.34836e-19
-0.000197926 4.56851e-05 7.34821e-19
-0.000198256 4.61925e-05 7.34806e-19
-0.000198572 4.66849e-05 7.34791e-19
-0.000198872 4.7161e-05 7.34777e-19
-0.000199157 4.76194e-05 7.34764e-19
-0.000199427 4.80587e-05 7.3475e-19
-0.000199682 4.84775e-05 7.34738e-19
-0.000199922 4.88748e-05 7.34726e-19
-0.000200147 4.92496e-05 7.34715e-19
-0.000200356 4.96012e-05 7.34705e-19
-0.00020055 4.99288e-05 7.34695e-19
-0.000200729 5.02314e-05 7.34686e-19
-0.000200894 5.05084e-05 7.34678e-19
-0.000201043 5.07589e-05 7.3467e-19
-0.000201177 5.09824e-05 7.34664e-19
-0.000201296 5.11784e-05 7.34658e-19
-0.0002014 5.13468e-05 7.34653e-19
-0.00020149 5.14874e-05 7.34648e-19
-0.000201565 5.16002e-05 7.34645e-19
-0.000201625 5.16852e-05 7.34643e-19
-0.000201671 5.17426e-05 7.34641e-19
-0.000201703 5.17724e-05 7.3464e-19
-0.00020172 5.1775e-05 7.3464e-19
-0.000201723 5.17502e-05 7.34641e-19
-0.000201712 5.16982e-05 7.34642e-19
-0.000201687 5.16191e-05 7.34644e-19
-0.000201648 5.15131e-05 7.34648e-19
-0.000201595 5.1381e-05 7.34651e-19
-0.000201528 5.12237e-05 7.34656e-19
-0.000201447 5.10423e-05 7.34662e-19
-0.000201353 5.08379e-05 7.34668e-19
-0.000201245 5.06113e-05 7.34674e-19
-0.000201123 5.03631e-05 7.34682e-19
-0.000200988 5.00941e-05 7.3469e-19
-0.000200839 4.98051e-05 7.34698e-19
-0.000200677 4.94973e-05 7.34708e-19
-0.000200501 4.91721e-05 7.34717e-19
-0.000200311 4.8831e-05 7.34727e-19
-0.000200108 4.84753e-05 7.34738e-19
-0.000199891 4.81066e-05 7.34749e-19
-0.00019966 4.77263e-05 7.3476e-19
-0.000199416 4.73357e-05 7.34772e-19
-0.000199158 4.69363e-05 7.34783e-19
-0.000198886 4.65297e-05 7.34795e-19
-0.000198601 4.61176e-05 7.34808e-19
-0.000198302 4.57015e-05 7.3482e-19
-0.00019799 4.52827e-05 7.34832e-19
-0.000197664 4.48619e-05 7.34844e-19
-0.000197324 4.44391e-05 7.34857e-19
-0.000196971 4.40142e-05 7.34869e-19
-0.000196603 4.35872e-05 7.34882e-19
-0.000196222 4.31578e-05 7.34894e-19
-0.000195827 4.27255e-05 7.34906e-19
-0.000195418 4.229e-05 7.34919e-19
-0.000194995 4.18506e-05 7.34932e-19
-0.000194558 4.14072e-05 7.34944e-19
-0.000194107 4.09595e-05 7.34957e-19
-0.000193642 4.05072e-05 7.3497e-19
-0.000193163 4.00501e-05 7.34983e-19
-0.000192671 3.95884e-05 7.34996e-19
-0.000192165 3.91225e-05 7.3501e-19
-0.000191645 3.86527e-05 7.35023e-19
-0.000191113 3.81791e-05 7.35037e-19
-0.000190568 3.77011e-05 7.3505e-19
-0.00019001 3.72177e-05 7.35064e-19
-0.000189439 3.67279e-05 7.35078e-19
-0.000188857 3.62302e-05 7.35092e-19
-0.000188261 3.57229e-05 7.35106e-19
-0.000187654 3.52037e-05 7.35121e-19
-0.000187034 3.46704e-05 7.35136e-19
-0.000186402 3.41209e-05 7.35151e-19
-0.000185758 3.35533e-05 7.35168e-19
-0.000185102 3.29662e-05 7.35184e-19
-0.000184434 3.2358e-05 7.35202e-19
-0.000183754 3.17274e-05 7.3522e-19
-0.000183062 3.10735e-05 7.35238e-19
-0.000182358 3.03955e-05 7.35258e-19
-0.000181643 2.96928e-05 7.35278e-19
-0.000180917 2.89651e-05 7.35299e-19
-0.000180179 2.82122e-05 7.35321e-19
-0.000179429 2.74344e-05 7.35343e-19
-0.000178668 2.66319e-05 7.35366e-19
-0.000177897 2.58052e-05 7.3539e-19
-0.000177114 2.49548e-05 7.35415e-19
-0.00017632 2.40816e-05 7.3544e-19
-0.000175515 2.31862e-05 7.35466e-19
-0.000174699 2.22697e-05 7.35492e-19
-0.000173872 2.13336e-05 7.3552e-19
-0.000173035 2.03796e-05 7.35547e-19
-0.000172187 1.94093e-05 7.35576e-19
-0.000171329 1.84245e-05 7.35604e-19
-0.00017046 1.7427e-05 7.35633e-19
-0.000169582 1.64184e-05 7.35663e-19
-0.000168693 1.54002e-05 7.35692e-19
-0.000167795 1.43742e-05 7.35722e-19
-0.000166887 1.33421e-05 7.35752e-19
-0.00016597 1.23057e-05 7.35782e-19
-0.000165044 1.12666e-05 7.35812e-19
-0.000164109 1.02266e-05 7.35842e-19
-0.000163165 9.1872e-06 7.35872e-19
-0.000162213 8.15019e-06 7.35903e-19
-0.000161252 7.11707e-06 7.35932e-19
-0.000160284 6.0893e-06 7.35962e-19
-0.000159309 5.06838e-06 7.35992e-19
-0.000158327 4.05571e-06 7.36021e-19
-0.000157335 3.04809e-06 7.3605e-19
-0.00015633 2.03641e-06 7.36079e-19
-0.000155318 1.03296e-06 7.36108e-19
-0.000154301 4.24284e-08 7.36137e-19
-0.000153278 -9.39134e-07 7.36165e-19
-0.000152251 -1.90954e-06 7.36193e-19
-0.000151219 -2.87133e-06 7.36221e-19
-0.000150183 -3.82404e-06 7.36248e-19
-0.000149142 -4.76955e-06 7.36275e-19
-0.00014809 -5.70557e-06 7.36302e-19
-0.000147031 -6.6359e-06 7.36329e-19
-0.000145971 -7.56237e-06 7.36355e-19
-0.000144906 -8.48549e-06 7.36382e-19
-0.00014384 -9.40702e-06 7.36408e-19
-0.00014277 -1.03276e-05 7.36435e-19
-0.000141699 -1.12489e-05 7.36461e-19
-0.000140625 -1.21715e-05 7.36487e-19
-0.000139549 -1.30967e-05 7.36514e-19
-0.000138471 -1.40253e-05 7.36541e-19
-0.000137391 -1.49581e-05 7.36567e-19
-0.00013631 -1.58957e-05 7.36594e-19
-0.000135228 -1.68387e-05 7.36621e-19
-0.000134145 -1.77872e-05 7.36649e-19
-0.000133066 -1.87384e-05 7.36676e-19
-0.000131991 -1.96919e-05 7.36703e-19
-0.000130909 -2.06504e-05 7.36731e-19
-0.000129826 -2.16129e-05 7.36759e-19
-0.000128744 -2.2579e-05 7.36787e-19
-0.000127662 -2.35482e-05 7.36814e-19
-0.00012658 -2.45208e-05 7.36842e-19
-0.000125496 -2.54965e-05 7.36871e-19
-0.000124413 -2.64748e-05 7.36899e-19
-0.000123331 -2.74566e-05 7.36927e-19
-0.00012225 -2.84416e-05 7.36955e-19
-0.00012117 -2.94303e-05 7.36984e-19
-0.000120093 -3.04229e-05 7.37013e-19
-0.000119017 -3.14199e-05 7.37041e-19
-0.000117944 -3.24212e-05 7.3707e-19
-0.000116874 -3.3427e-05 7.37099e-19
-0.000115807 -3.44371e-05 7.37128e-19
-0.000114743 -3.54516e-05 7.37158e-19
-0.000113683 -3.64701e-05 7.37187e-19
-0.000112627 -3.74921e-05 7.37217e-19
-0.000111575 -3.85169e-05 7.37246e-19
-0.000110528 -3.95435e-05 7.37276e-19
-0.000109487 -4.05712e-05 7.37306e-19
-0.000108451 -4.1599e-05 7.37336e-19
-0.000107421 -4.2626e-05 7.37365e-19
-0.000106397 -4.36513e-05 7.37395e-19
-0.00010538 -4.46737e-05 7.37425e-19
-0.00010437 -4.5692e-05 7.37454e-19
-0.000103368 -4.67048e-05 7.37484e-19
-0.000102373 -4.77106e-05 7.37513e-19
-0.000101387 -4.87078e-05 7.37542e-19
-0.000100409 -4.9695e-05 7.3757e-19
-9.94404e-05 -5.06707e-05 7.37599e-19
-9.84809e-05 -5.16332e-05 7.37627e-19
-9.75309e-05 -5.25813e-05 7.37654e-19
-9.65907e-05 -5.3514e-05 7.37681e-19
-9.56606e-05 -5.44304e-05 7.37707e-19
-9.47407e-05 -5.53297e-05 7.37733e-19
-9.38314e-05 -5.62115e-05 7.37759e-19
-9.29327e-05 -5.70754e-05 7.37784e-19
-9.20449e-05 -5.79212e-05 7.37808e-19
-9.1168e-05 -5.87488e-05 7.37832e-19
-9.03022e-05 -5.95581e-05 7.37855e-19
-8.94477e-05 -6.03486e-05 7.37878e-19
-8.86049e-05 -6.112e-05 7.379e-19
-8.77737e-05 -6.18715e-05 7.37922e-19
-8.69546e-05 -6.26029e-05 7.37943e-19
-8.61478e-05 -6.33138e-05 7.37963e-19
-8.53533e-05 -6.4004e-05 7.37983e-19
-8.45716e-05 -6.46731e-05 7.38002e-19
-8.38029e-05 -6.53213e-05 7.38021e-19
-8.30473e-05 -6.59487e-05 7.38039e-19
-8.23051e-05 -6.65557e-05 7.38056e-19
-8.15765e-05 -6.71426e-05 7.38072e-19
-8.08619e-05 -6.77101e-05 7.38089e-19
-8.01614e-05 -6.82585e-05 7.38104e-19
-7.94753e-05 -6.87885e-05 7.38119e-19
-7.8804e-05 -6.93006e-05 7.38134e-19
-7.81476e-05 -6.97956e-05 7.38148e-19
-7.75065e-05 -7.02746e-05 7.38161e-19
-7.68809e-05 -7.07389e-05 7.38174e-19
-7.62708e-05 -7.11898e-05 7.38187e-19
-7.56767e-05 -7.16288e-05 7.38199e-19
-7.50986e-05 -7.20575e-05 7.38211e-19
-7.45366e-05 -7.24777e-05 7.38223e-19
-7.3991e-05 -7.28911e-05 7.38235e-19
-7.34618e-05 -7.32992e-05 7.38246e-19
-7.29492e-05 -7.37035e-05 7.38258e-19
-7.24533e-05 -7.4105e-05 7.38269e-19
-7.19742e-05 -7.45047e-05 7.38281e-19
-7.1512e-05 -7.49034e-05 7.38292e-19
-7.10667e-05 -7.53017e-05 7.38304e-19
-7.06386e-05 -7.57001e-05 7.38315e-19
-7.02275e-05 -7.60987e-05 7.38327e-19
-6.98335e-05 -7.64975e-05 7.38338e-19
-6.94568e-05 -7.68956e-05 7.3835e-19
-6.90975e-05 -7.72916e-05 7.38362e-19
-6.87556e-05 -7.76843e-05 7.38373e-19
-6.84312e-05 -7.80718e-05 7.38385e-19
-6.81244e-05 -7.84529e-05 7.38396e-19
-6.78351e-05 -7.8826e-05 7.38407e-19
-6.75633e-05 -7.91897e-05 7.38418e-19
-6.73091e-05 -7.95423e-05 7.38428e-19
-6.70724e-05 -7.98818e-05 7.38438e-19
-6.68534e-05 -8.02058e-05 7.38448e-19
-6.66522e-05 -8.05121e-05 7.38457e-19
-6.64687e-05 -8.07982e-05 7.38466e-19
-6.6303e-05 -8.10624e-05 7.38474e-19
-6.61552e-05 -8.13027e-05 7.38481e-19
-6.60252e-05 -8.15173e-05 7.38487e-19
-6.59133e-05 -8.17048e-05 7.38493e-19
-6.58193e-05 -8.18634e-05 7.38498e-19
-6.57435e-05 -8.19914e-05 7.38502e-19
-6.5686e-05 -8.20877e-05 7.38505e-19
-6.56468e-05 -8.21508e-05 7.38506e-19
-6.56262e-05 -8.21799e-05 7.38507e-19
-6.56243e-05 -8.2174e-05 7.38507e-19
-6.56414e-05 -8.21324e-05 7.38506e-19
-6.56776e-05 -8.20548e-05 7.38504e-19
-6.57332e-05 -8.19409e-05 7.385e-19
-6.58081e-05 -8.17908e-05 7.38496e-19
-6.59027e-05 -8.16046e-05 7.3849e-19
-6.60171e-05 -8.13829e-05 7.38484e-19
-6.61514e-05 -8.11268e-05 7.38476e-19
-6.63055e-05 -8.08377e-05 7.38467e-19
-6.64796e-05 -8.05173e-05 7.38458e-19
-6.66737e-05 -8.01674e-05 7.38447e-19
-6.68879e-05 -7.97897e-05 7.38436e-19
-6.71221e-05 -7.93863e-05 7.38424e-19
-6.73764e-05 -7.8959e-05 7.38411e-19
-6.76508e-05 -7.85096e-05 7.38398e-19
-6.79453e-05 -7.80396e-05 7.38384e-19
-6.826e-05 -7.75504e-05 7.3837e-19
-6.85949e-05 -7.70432e-05 7.38355e-19
-6.89499e-05 -7.65192e-05 7.38339e-19
-6.9325e-05 -7.59796e-05 7.38323e-19
-6.97202e-05 -7.54258e-05 7.38307e-19
-7.01352e-05 -7.48589e-05 7.3829e-19
-7.05701e-05 -7.42801e-05 7.38273e-19
-7.10247e-05 -7.36907e-05 7.38256e-19
-7.14987e-05 -7.3092e-05 7.38238e-19
-7.1992e-05 -7.24852e-05 7.38221e-19
-7.25044e-05 -7.18713e-05 7.38203e-19
-7.30356e-05 -7.12516e-05 7.38185e-19
-7.35854e-05 -7.06272e-05 7.38167e-19
-7.41535e-05 -6.99988e-05 7.38148e-19
-7.47396e-05 -6.93675e-05 7.3813e-19
-7.53436e-05 -6.87333e-05 7.38112e-19
-7.59653e-05 -6.80966e-05 7.38093e-19
-7.66043e-05 -6.74571e-05 7.38075e-19
-7.72606e-05 -6.68149e-05 7.38056e-19
-7.79339e-05 -6.617e-05 7.38038e-19
-7.86239e-05 -6.55226e-05 7.38019e-19
-7.93303e-05 -6.48726e-05 7.38001e-19
-8.0053e-05 -6.42205e-05 7.37982e-19
-8.07914e-05 -6.35667e-05 7.37963e-19
-8.15454e-05 -6.29121e-05 7.37944e-19
-8.23145e-05 -6.22576e-05 7.37926e-19
-8.30984e-05 -6.16038e-05 7.37907e-19
-8.38967e-05 -6.0951e-05 7.37889e-19
-8.47092e-05 -6.02993e-05 7.3787e-19
-8.55355e-05 -5.96486e-05 7.37851e-19
-8.63753e-05 -5.89988e-05 7.37833e-19
-8.72284e-05 -5.83496e-05 7.37815e-19
-8.80945e-05 -5.77004e-05 7.37796e-19
-8.89732e-05 -5.70505e-05 7.37778e-19
-8.98642e-05 -5.63995e-05 7.37759e-19
-9.07671e-05 -5.57466e-05 7.37741e-19
-9.16817e-05 -5.50913e-05 7.37722e-19
-9.26076e-05 -5.44327e-05 7.37704e-19
-9.35444e-05 -5.37702e-05 7.37685e-19
-9.44917e-05 -5.31025e-05 7.37666e-19
-9.54493e-05 -5.24282e-05 7.37647e-19
-9.64167e-05 -5.17458e-05 7.37628e-19
-9.73938e-05 -5.10539e-05 7.37608e-19
-9.83801e-05 -5.03506e-05 7.37588e-19
-9.93755e-05 -4.9634e-05 7.37568e-19
-0.000100379 -4.89023e-05 7.37547e-19
-0.000101392 -4.81537e-05 7.37526e-19
-0.000102412 -4.7387e-05 7.37504e-19
-0.00010344 -4.6601e-05 7.37481e-19
-0.000104476 -4.57951e-05 7.37458e-19
-0.000105518 -4.49685e-05 7.37435e-19
-0.000106567 -4.41216e-05 7.3741e-19
-0.000107622 -4.32549e-05 7.37385e-19
-0.000108682 -4.23693e-05 7.3736e-19
-0.000109747 -4.14658e-05 7.37334e-19
-0.000110817 -4.05457e-05 7.37307e-19
-0.000111891 -3.96104e-05 7.3728e-19
-0.000112969 -3.86614e-05 7.37253e-19
-0.000114049 -3.77005e-05 7.37225e-19
-0.000115132 -3.67293e-05 7.37196e-19
-0.000116218 -3.57496e-05 7.37168e-19
-0.000117305 -3.47629e-05 7.37139e-19
-0.000118394 -3.37712e-05 7.37111e-19
-0.000119483 -3.2776e-05 7.37082e-19
-0.000120573 -3.17788e-05 7.37053e-19
-0.000121663 -3.07811e-05 7.37024e-19
-0.000122752 -2.97842e-05 7.36995e-19
-0.00012384 -2.87899e-05 7.36966e-19
-0.000124924 -2.78002e-05 7.36937e-19
-0.000126006 -2.68167e-05 7.36909e-19
-0.000127087 -2.5841e-05 7.3688e-19
-0.000128163 -2.48747e-05 7.36852e-19
-0.000129237 -2.39178e-05 7.36825e-19
-0.000130303 -2.29705e-05 7.36797e-19
-0.000131362 -2.2033e-05 7.3677e-19
-0.000132419 -2.11055e-05 7.36743e-19
-0.00013347 -2.01883e-05 7.36717e-19
-0.000134517 -1.92808e-05 7.36691e-19
-0.000135559 -1.83824e-05 7.36665e-19
-0.000136596 -1.7493e-05 7.36639e-19
-0.000137629 -1.6612e-05 7.36614e-19
-0.000138656 -1.5739e-05 7.36589e-19
-0.000139678 -1.48733e-05 7.36564e-19
-0.000140693 -1.40139e-05 7.36539e-19
-0.000141703 -1.316e-05 7.36515e-19
-0.000142707 -1.23102e-05 7.3649e-19
-0.000143704 -1.14634e-05 7.36466e-19
-0.000144695 -1.06187e-05 7.36442e-19
-0.000145679 -9.77509e-06 7.36418e-19
-0.000146656 -8.93175e-06 7.36394e-19
-0.000147626 -8.08779e-06 7.36369e-19
-0.000148588 -7.24245e-06 7.36345e-19
-0.000149535 -6.39266e-06 7.36321e-19
-0.000150471 -5.53975e-06 7.36296e-19
-0.000151402 -4.68434e-06 7.36272e-19
-0.000152323 -3.82539e-06 7.36247e-19
-0.000153237 -2.96369e-06 7.36222e-19
-0.000154141 -2.09882e-06 7.36198e-19
-0.000155038 -1.23137e-06 7.36173e-19
-0.000155925 -3.61201e-07 7.36148e-19
-0.000156803 5.11205e-07 7.36123e-19
-0.000157672 1.38579e-06 7.36097e-19
-0.000158523 2.24653e-06 7.36073e-19
-0.000159361 3.10415e-06 7.36048e-19
-0.000160192 3.96711e-06 7.36023e-19
-0.000161011 4.82923e-06 7.35999e-19
-0.00016182 5.69448e-06 7.35974e-19
-0.000162619 6.5605e-06 7.35949e-19
-0.000163408 7.42952e-06 7.35924e-19
-0.000164186 8.30077e-06 7.35899e-19
-0.000164954 9.17531e-06 7.35873e-19
-0.000165711 1.00526e-05 7.35848e-19
-0.000166457 1.09329e-05 7.35823e-19
-0.000167192 1.18155e-05 7.35797e-19
-0.000167917 1.27001e-05 7.35772e-19
-0.00016863 1.35858e-05 7.35746e-19
-0.000169332 1.44716e-05 7.3572e-19
-0.000170024 1.53563e-05 7.35694e-19
-0.000170704 1.62385e-05 7.35669e-19
-0.000171372 1.71167e-05 7.35643e-19
-0.000172029 1.7989e-05 7.35618e-19
-0.000172675 1.88535e-05 7.35593e-19
-0.000173308 1.97085e-05 7.35568e-19
-0.00017393 2.05521e-05 7.35543e-19
-0.000174541 2.13827e-05 7.35519e-19
-0.000175139 2.21988e-05 7.35495e-19
-0.000175726 2.29986e-05 7.35472e-19
-0.0001763 2.37806e-05 7.35449e-19
-0.000176863 2.45433e-05 7.35427e-19
-0.000177414 2.52852e-05 7.35405e-19
-0.000177953 2.60048e-05 7.35384e-19
-0.000178479 2.67005e-05 7.35364e-19
-0.000178994 2.73706e-05 7.35344e-19
-0.000179496 2.80137e-05 7.35326e-19
-0.000179987 2.86284e-05 7.35308e-19
-0.000180464 2.92135e-05 7.35291e-19
-0.00018093 2.97681e-05 7.35275e-19
-0.000181383 3.02915e-05 7.3526e-19
-0.000181823 3.07832e-05 7.35245e-19
-0.000182251 3.12428e-05 7.35232e-19
-0.000182666 3.16705e-05 7.3522e-19
-0.000183068 3.20663e-05 7.35208e-19
-0.000183458 3.24304e-05 7.35198e-19
-0.000183834 3.27629e-05 7.35189e-19
-0.000184198 3.30638e-05 7.3518e-19
-0.000184548 3.33331e-05 7.35172e-19
-0.000184884 3.35712e-05 7.35166e-19
-0.000185208 3.37781e-05 7.3516e-19
-0.000185517 3.3954e-05 7.35155e-19
-0.000185812 3.40993e-05 7.35151e-19
-0.000186093 3.42145e-05 7.35148e-19
-0.00018636 3.43001e-05 7.35146e-19
-0.000186612 3.43569e-05 7.35145e-19
-0.000186849 3.43858e-05 7.35144e-19
-0.000187071 3.43877e-05 7.35145e-19
-0.000187277 3.4364e-05 7.35146e-19
-0.000187469 3.43163e-05 7.35147e-19
-0.000187644 3.42462e-05 7.3515e-19
-0.000187804 3.41553e-05 7.35153e-19
-0.000187949 3.40452e-05 7.35156e-19
-0.000188077 3.39174e-05 7.3516e-19
-0.000188189 3.37736e-05 7.35165e-19
-0.000188285 3.36151e-05 7.3517e-19
-0.000188364 3.34438e-05 7.35175e-19
-0.000188427 3.32612e-05 7.3518e-19
-0.000188474 3.30689e-05 7.35186e-19
-0.000188504 3.28685e-05 7.35192e-19
-0.000188518 3.26612e-05 7.35198e-19
-0.000188515 3.24482e-05 7.35205e-19
-0.000188495 3.22303e-05 7.35211e-19
-0.000188459 3.20084e-05 7.35217e-19
-0.000188407 3.1783e-05 7.35224e-19
-0.000188337 3.15547e-05 7.35231e-19
-0.000188252 3.13236e-05 7.35237e-19
-0.000188149 3.10898e-05 7.35244e-19
-0.000188031 3.08531e-05 7.35251e-19
-0.000187895 3.06127e-05 7.35258e-19
-0.000187743 3.03679e-05 7.35265e-19
-0.000187575 3.01181e-05 7.35272e-19
-0.000187389 2.98627e-05 7.35279e-19
-0.000187187 2.96011e-05 7.35286e-19
-0.000186969 2.93329e-05 7.35294e-19
-0.000186734 2.90577e-05 7.35302e-19
-0.000186483 2.87748e-05 7.3531e-19
-0.000186215 2.84837e-05 7.35318e-19
-0.000185931 2.8184e-05 7.35326e-19
-0.00018563 2.7875e-05 7.35335e-19
-0.000185313 2.75553e-05 7.35344e-19
-0.00018498 2.72233e-05 7.35353e-19
-0.00018463 2.68775e-05 7.35363e-19
-0.000184263 2.65165e-05 7.35374e-19
-0.00018388 2.61395e-05 7.35384e-19
-0.00018348 2.57461e-05 7.35395e-19
-0.000183064 2.53359e-05 7.35407e-19
-0.000182631 2.49089e-05 7.35419e-19
-0.000182181 2.44652e-05 7.35432e-19
-0.000181715 2.40051e-05 7.35445e-19
-0.000181232 2.3529e-05 7.35459e-19
-0.000180734 2.30377e-05 7.35473e-19
-0.000180219 2.2532e-05 7.35488e-19
-0.000179688 2.20131e-05 7.35503e-19
-0.000179141 2.14823e-05 7.35518e-19
-0.000178578 2.09409e-05 7.35534e-19
-0.000178001 2.03897e-05 7.3555e-19
-0.000177408 1.98297e-05 7.35566e-19
-0.0001768 1.92617e-05 7.35582e-19
-0.000176177 1.86866e-05 7.35599e-19
-0.00017554 1.81053e-05 7.35615e-19
-0.000174889 1.75191e-05 7.35632e-19
-0.000174224 1.69289e-05 7.35649e-19
-0.000173545 1.63359e-05 7.35667e-19
-0.000172854 1.57412e-05 7.35684e-19
-0.00017215 1.51461e-05 7.35701e-19
-0.000171434 1.45518e-05 7.35718e-19
-0.000170706 1.39593e-05 7.35735e-19
-0.000169967 1.3369e-05 7.35752e-19
-0.000169217 1.27814e-05 7.35769e-19
-0.000168456 1.21965e-05 7.35785e-19
-0.000167686 1.16145e-05 7.35802e-19
-0.000166906 1.10353e-05 7.35819e-19
-0.000166117 1.0459e-05 7.35835e-19
-0.000165319 9.88545e-06 7.35851e-19
-0.000164512 9.31445e-06 7.35868e-19
-0.000163698 8.74582e-06 7.35884e-19
-0.000162877 8.1793e-06 7.359e-19
-0.000162048 7.6146e-06 7.35916e-19
-0.000161213 7.05143e-06 7.35932e-19
-0.000160371 6.48955e-06 7.35948e-19
-0.000159524 5.92872e-06 7.35964e-19
-0.000158671 5.36866e-06 7.3598e-19
-0.000157813 4.80906e-06 7.35996e-19
-0.00015695 4.24936e-06 7.36011e-19
-0.000156079 3.68013e-06 7.36028e-19
-0.0001552 3.10376e-06 7.36044e-19
-0.000154318 2.52618e-06 7.3606e-19
-0.000153432 1.94517e-06 7.36077e-19
-0.000152544 1.36138e-06 7.36094e-19
-0.000151652 7.73567e-07 7.3611e-19
-0.000150757 1.81835e-07 7.36127e-19
-0.000149861 -4.14665e-07 7.36144e-19
-0.000148955 -1.01374e-06 7.36161e-19
-0.000148046 -1.61793e-06 7.36178e-19
-0.000147136 -2.22836e-06 7.36196e-19
-0.000146226 -2.84462e-06 7.36213e-19
-0.000145315 -3.46747e-06 7.36231e-19
-0.000144404 -4.09657e-06 7.36249e-19
-0.000143493 -4.73259e-06 7.36267e-19
-0.000142583 -5.37554e-06 7.36285e-19
-0.000141674 -6.02613e-06 7.36304e-19
-0.000140766 -6.68461e-06 7.36322e-19
-0.00013986 -7.3516e-06 7.36341e-19
-0.000138956 -8.02738e-06 7.36361e-19
-0.000138055 -8.71247e-06 7.3638e-19
-0.000137156 -9.40715e-06 7.364e-19
-0.000136261 -1.01117e-05 7.3642e-19
-0.000135365 -1.08263e-05 7.3644e-19
-0.000134472 -1.15504e-05 7.36461e-19
-0.000133584 -1.22835e-05 7.36482e-19
-0.000132701 -1.30255e-05 7.36503e-19
-0.000131823 -1.37759e-05 7.36525e-19
-0.00013095 -1.4535e-05 7.36547e-19
-0.000130084 -1.53025e-05 7.36569e-19
-0.000129224 -1.60784e-05 7.36591e-19
-0.000128372 -1.68621e-05 7.36614e-19
-0.00012753 -1.76522e-05 7.36637e-19
-0.0001267 -1.84468e-05 7.36659e-19
-0.000125879 -1.9247e-05 7.36683e-19
-0.000125066 -2.00528e-05 7.36706e-19
-0.000124262 -2.0863e-05 7.36729e-19
-0.000123468 -2.16768e-05 7.36753e-19
-0.000122681 -2.24934e-05 7.36776e-19
-0.000121904 -2.33113e-05 7.368e-19
-0.000121137 -2.41283e-05 7.36824e-19
-0.000120381 -2.49431e-05 7.36847e-19
-0.000119635 -2.57538e-05 7.36871e-19
-0.000118899 -2.65594e-05 7.36894e-19
-0.000118175 -2.7359e-05 7.36918e-19
-0.000117461 -2.81517e-05 7.36941e-19
-0.000116758 -2.89368e-05 7.36963e-19
-0.000116067 -2.97134e-05 7.36986e-19
-0.000115386 -3.04808e-05 7.37008e-19
-0.000114717 -3.12383e-05 7.3703e-19
-0.000114059 -3.19852e-05 7.37052e-19
-0.000113412 -3.27207e-05 7.37073e-19
-0.000112777 -3.34442e-05 7.37094e-19
-0.000112152 -3.41552e-05 7.37115e-19
-0.00011154 -3.48529e-05 7.37135e-19
-0.000110939 -3.55363e-05 7.37155e-19
-0.000110349 -3.62044e-05 7.37174e-19
-0.000109771 -3.6856e-05 7.37193e-19
-0.000109205 -3.74903e-05 7.37212e-19
-0.000108651 -3.8107e-05 7.3723e-19
-0.000108108 -3.8706e-05 7.37247e-19
-0.000107578 -3.92875e-05 7.37264e-19
-0.000107059 -3.98516e-05 7.3728e-19
-0.000106553 -4.03982e-05 7.37296e-19
-0.000106058 -4.09271e-05 7.37311e-19
-0.000105576 -4.14384e-05 7.37326e-19
-0.000105107 -4.19319e-05 7.3734e-19
-0.00010465 -4.24076e-05 7.37354e-19
-0.000104205 -4.28655e-05 7.37367e-19
-0.000103773 -4.33058e-05 7.37379e-19
-0.000103354 -4.37284e-05 7.37391e-19
-0.000102948 -4.41335e-05 7.37403e-19
-0.000102555 -4.45216e-05 7.37414e-19
-0.000102175 -4.48927e-05 7.37425e-19
-0.000101809 -4.52473e-05 7.37435e-19
-0.000101456 -4.55857e-05 7.37445e-19
-0.000101117 -4.59082e-05 7.37454e-19
-0.000100791 -4.62153e-05 7.37463e-19
-0.000100479 -4.65071e-05 7.37471e-19
-0.00010018 -4.67835e-05 7.37479e-19
-9.98963e-05 -4.70442e-05 7.37486e-19
-9.96263e-05 -4.72887e-05 7.37493e-19
-9.93705e-05 -4.75167e-05 7.375e-19
-9.91291e-05 -4.77282e-05 7.37506e-19
-9.89022e-05 -4.79231e-05 7.37511e-19
-9.86897e-05 -4.81014e-05 7.37517e-19
-9.84919e-05 -4.82631e-05 7.37521e-19
-9.83086e-05 -4.84081e-05 7.37525e-19
-9.81401e-05 -4.85361e-05 7.37529e-19
-9.79862e-05 -4.86469e-05 7.37532e-19
-9.78472e-05 -4.87403e-05 7.37535e-19
-9.7723e-05 -4.88165e-05 7.37537e-19
-9.76136e-05 -4.88757e-05 7.37539e-19
-9.75188e-05 -4.89183e-05 7.3754e-19
-9.74389e-05 -4.89446e-05 7.37541e-19
-9.73736e-05 -4.89545e-05 7.37541e-19
-9.73232e-05 -4.89479e-05 7.37541e-19
-9.72877e-05 -4.89246e-05 7.3754e-19
-9.72672e-05 -4.88846e-05 7.37539e-19
-9.72615e-05 -4.88278e-05 7.37538e-19
-9.72708e-05 -4.87543e-05 7.37535e-19
-9.72949e-05 -4.86641e-05 7.37533e-19
-9.7334e-05 -4.85574e-05 7.3753e-19
-9.73879e-05 -4.84343e-05 7.37526e-19
-9.74566e-05 -4.82951e-05 7.37522e-19
-9.75402e-05 -4.814e-05 7.37518e-19
-9.76385e-05 -4.79694e-05 7.37513e-19
-9.77517e-05 -4.77833e-05 7.37507e-19
-9.78797e-05 -4.75817e-05 7.37502e-19
-9.80225e-05 -4.73647e-05 7.37495e-19
-9.81801e-05 -4.71325e-05 7.37489e-19
-9.83526e-05 -4.68856e-05 7.37482e-19
-9.85397e-05 -4.66248e-05 7.37474e-19
-9.87415e-05 -4.6351e-05 7.37466e-19
-9.89578e-05 -4.60648e-05 7.37458e-19
-9.91887e-05 -4.57669e-05 7.37449e-19
-9.94341e-05 -4.54576e-05 7.3744e-19
-9.96939e-05 -4.51373e-05 7.37431e-19
-9.99682e-05 -4.48064e-05 7.37421e-19
-0.000100257 -4.44653e-05 7.37411e-19
-0.00010056 -4.41145e-05 7.37401e-19
-0.000100877 -4.37545e-05 7.37391e-19
-0.000101208 -4.33855e-05 7.3738e-19
-0.000101553 -4.30073e-05 7.37369e-19
-0.000101913 -4.26198e-05 7.37358e-19
-0.000102286 -4.22223e-05 7.37347e-19
-0.000102674 -4.18147e-05 7.37335e-19
-0.000103075 -4.13967e-05 7.37323e-19
-0.00010349 -4.09682e-05 7.3731e-19
-0.00010392 -4.05292e-05 7.37298e-19
-0.000104363 -4.00793e-05 7.37285e-19
-0.000104819 -3.96179e-05 7.37271e-19
-0.00010529 -3.91443e-05 7.37258e-19
-0.000105774 -3.86574e-05 7.37243e-19
-0.000106272 -3.81567e-05 7.37229e-19
-0.000106784 -3.76416e-05 7.37214e-19
-0.00010731 -3.71117e-05 7.37199e-19
-0.000107849 -3.65668e-05 7.37183e-19
-0.000108402 -3.60069e-05 7.37166e-19
-0.000108969 -3.54325e-05 7.3715e-19
-0.000109548 -3.48446e-05 7.37133e-19
-0.000110141 -3.42442e-05 7.37115e-19
-0.000110747 -3.36324e-05 7.37097e-19
-0.000111366 -3.30109e-05 7.37079e-19
-0.000111998 -3.23816e-05 7.37061e-19
-0.000112641 -3.17462e-05 7.37043e-19
-0.000113297 -3.11065e-05 7.37024e-19
-0.000113964 -3.04643e-05 7.37005e-19
-0.000114642 -2.98209e-05 7.36987e-19
-0.000115332 -2.91779e-05 7.36968e-19
-0.000116033 -2.85364e-05 7.36949e-19
-0.000116744 -2.78974e-05 7.36931e-19
-0.000117465 -2.72619e-05 7.36913e-19
-0.000118196 -2.66303e-05 7.36894e-19
-0.000118937 -2.60034e-05 7.36876e-19
-0.000119687 -2.53817e-05 7.36859e-19
-0.000120446 -2.47657e-05 7.36841e-19
-0.000121213 -2.41558e-05 7.36823e-19
-0.000121989 -2.35522e-05 7.36806e-19
-0.000122772 -2.29549e-05 7.36789e-19
-0.000123561 -2.23637e-05 7.36772e-19
-0.000124357 -2.17781e-05 7.36756e-19
-0.000125159 -2.11969e-05 7.36739e-19
-0.000125968 -2.0619e-05 7.36723e-19
-0.000126782 -2.00422e-05 7.36706e-19
-0.000127602 -1.94651e-05 7.3669e-19
-0.000128426 -1.8886e-05 7.36674e-19
-0.000129255 -1.83027e-05 7.36657e-19
-0.000130087 -1.77127e-05 7.3664e-19
-0.000130923 -1.71146e-05 7.36623e-19
-0.000131765 -1.65066e-05 7.36606e-19
-0.00013261 -1.58875e-05 7.36588e-19
-0.000133459 -1.52563e-05 7.3657e-19
-0.000134307 -1.46124e-05 7.36552e-19
-0.000135157 -1.3955e-05 7.36533e-19
-0.000136011 -1.32834e-05 7.36514e-19
-0.000136867 -1.25975e-05 7.36494e-19
-0.000137726 -1.18969e-05 7.36474e-19
-0.000138588 -1.11817e-05 7.36454e-19
-0.000139452 -1.04516e-05 7.36433e-19
-0.000140318 -9.70667e-06 7.36411e-19
-0.000141186 -8.94677e-06 7.36389e-19
-0.000142055 -8.17228e-06 7.36367e-19
-0.000142927 -7.38403e-06 7.36344e-19
-0.000143799 -6.58335e-06 7.36321e-19
-0.000144672 -5.77158e-06 7.36297e-19
-0.000145547 -4.95022e-06 7.36274e-19
-0.000146421 -4.12083e-06 7.3625e-19
-0.000147296 -3.2851e-06 7.36225e-19
-0.00014817 -2.44465e-06 7.36201e-19
-0.000149044 -1.60092e-06 7.36177e-19
-0.000149911 -7.52789e-07 7.36152e-19
-0.000150774 9.76065e-08 7.36127e-19
-0.000151638 9.48938e-07 7.36103e-19
-0.000152499 1.80162e-06 7.36078e-19
-0.000153359 2.655e-06 7.36053e-19
-0.000154216 3.50966e-06 7.36029e-19
-0.000155072 4.36543e-06 7.36004e-19
-0.000155918 5.20815e-06 7.3598e-19
-0.000156758 6.0471e-06 7.35955e-19
-0.000157597 6.88976e-06 7.35931e-19
-0.000158431 7.72969e-06 7.35907e-19
-0.000159263 8.57008e-06 7.35883e-19
-0.00016009 9.40789e-06 7.35859e-19
-0.000160913 1.02444e-05 7.35835e-19
-0.000161732 1.1078e-05 7.35811e-19
-0.000162545 1.19091e-05 7.35787e-19
-0.000163354 1.27369e-05 7.35763e-19
-0.000164158 1.35615e-05 7.35739e-19
-0.000164956 1.43825e-05 7.35715e-19
-0.000165748 1.51998e-05 7.35692e-19
-0.000166535 1.60128e-05 7.35668e-19
-0.000167316 1.6821e-05 7.35645e-19
-0.00016809 1.76239e-05 7.35622e-19
-0.000168858 1.84207e-05 7.35599e-19
-0.00016962 1.92104e-05 7.35576e-19
-0.000170375 1.99917e-05 7.35554e-19
-0.000171123 2.07632e-05 7.35532e-19
-0.000171863 2.15237e-05 7.3551e-19
-0.000172597 2.22719e-05 7.35488e-19
-0.000173323 2.30067e-05 7.35467e-19
-0.000174041 2.37269e-05 7.35446e-19
-0.000174751 2.44317e-05 7.35426e-19
-0.000175453 2.51207e-05 7.35406e-19
-0.000176147 2.57937e-05 7.35387e-19
-0.000176832 2.64509e-05 7.35368e-19
-0.000177509 2.70925e-05 7.3535e-19
-0.000178178 2.77187e-05 7.35332e-19
-0.000178838 2.83302e-05 7.35315e-19
-0.000179489 2.89275e-05 7.35298e-19
-0.000180131 2.95114e-05 7.35281e-19
-0.000180764 3.00825e-05 7.35265e-19
-0.000181388 3.0642e-05 7.35249e-19
-0.000182003 3.11906e-05 7.35233e-19
-0.000182608 3.17295e-05 7.35218e-19
-0.000183204 3.22601e-05 7.35203e-19
-0.000183791 3.27842e-05 7.35188e-19
-0.000184368 3.33035e-05 7.35173e-19
-0.000184935 3.38195e-05 7.35158e-19
-0.000185493 3.43342e-05 7.35144e-19
-0.000186041 3.48491e-05 7.35129e-19
-0.00018658 3.53661e-05 7.35114e-19
-0.000187109 3.58864e-05 7.35099e-19
-0.000187629 3.64106e-05 7.35084e-19
-0.000188139 3.69386e-05 7.35069e-19
-0.000188639 3.74703e-05 7.35053e-19
-0.00018913 3.80053e-05 7.35038e-19
-0.000189611 3.85426e-05 7.35022e-19
-0.000190082 3.90809e-05 7.35007e-19
-0.000190543 3.96189e-05 7.34991e-19
-0.000190994 4.0155e-05 7.34975e-19
-0.000191435 4.06873e-05 7.3496e-19
-0.000191865 4.12139e-05 7.34944e-19
-0.000192285 4.17327e-05 7.34929e-19
-0.000192695 4.22419e-05 7.34914e-19
-0.000193093 4.27396e-05 7.349e-19
-0.000193482 4.32246e-05 7.34886e-19
-0.000193859 4.36954e-05 7.34872e-19
-0.000194225 4.41507e-05 7.34858e-19
-0.000194581 4.4589e-05 7.34846e-19
-0.000194926 4.50088e-05 7.34833e-19
-0.000195259 4.54086e-05 7.34822e-19
-0.000195582 4.57871e-05 7.3481e-19
-0.000195893 4.61428e-05 7.348e-19
-0.000196192 4.64745e-05 7.3479e-19
-0.00019648 4.67809e-05 7.34782e-19
-0.000196756 4.70612e-05 7.34773e-19
-0.00019702 4.73147e-05 7.34766e-19
-0.000197272 4.75412e-05 7.3476e-19
-0.000197511 4.77405e-05 7.34754e-19
-0.000197738 4.79128e-05 7.34749e-19
-0.000197953 4.80583e-05 7.34745e-19
-0.000198154 4.81777e-05 7.34742e-19
-0.000198343 4.82714e-05 7.34739e-19
-0.000198519 4.83404e-05 7.34737e-19
-0.000198682 4.83856e-05 7.34736e-19
-0.000198832 4.8408e-05 7.34736e-19
-0.000198969 4.84089e-05 7.34736e-19
-0.000199092 4.83894e-05 7.34737e-19
-0.000199201 4.83508e-05 7.34738e-19
-0.000199298 4.82942e-05 7.3474e-19
-0.00019938 4.82209e-05 7.34742e-19
-0.000199449 4.81322e-05 7.34745e-19
-0.000199504 4.80293e-05 7.34748e-19
-0.000199546 4.79136e-05 7.34752e-19
-0.000199573 4.77864e-05 7.34756e-19
-0.000199587 4.76487e-05 7.3476e-19
-0.000199587 4.75008e-05 7.34765e-19
-0.000199573 4.73428e-05 7.34769e-19
-0.000199545 4.71747e-05 7.34775e-19
-0.000199504 4.69962e-05 7.3478e-19
-0.000199447 4.68074e-05 7.34785e-19
-0.000199377 4.66082e-05 7.34791e-19
-0.000199293 4.63988e-05 7.34798e-19
-0.000199194 4.61791e-05 7.34804e-19
-0.000199081 4.59495e-05 7.34811e-19
-0.000198953 4.57105e-05 7.34818e-19
-0.000198811 4.54625e-05 7.34825e-19
-0.000198655 4.52058e-05 7.34833e-19
-0.000198485 4.49408e-05 7.3484e-19
-0.0001983 4.46674e-05 7.34848e-19
-0.000198101 4.43856e-05 7.34857e-19
-0.000197887 4.40955e-05 7.34865e-19
-0.000197659 4.37972e-05 7.34874e-19
-0.000197417 4.34908e-05 7.34883e-19
-0.00019716 4.31764e-05 7.34892e-19
-0.000196889 4.28543e-05 7.34901e-19
-0.000196603 4.25249e-05 7.3491e-19
-0.000196302 4.21887e-05 7.3492e-19
-0.000195988 4.18462e-05 7.3493e-19
-0.000195659 4.1498e-05 7.3494e-19
-0.000195316 4.11456e-05 7.3495e-19
-0.000194958 4.07904e-05 7.3496e-19
-0.000194587 4.0434e-05 7.3497e-19
-0.000194203 4.00777e-05 7.3498e-19
-0.000193805 3.97223e-05 7.3499e-19
-0.000193394 3.93682e-05 7.35e-19
-0.00019297 3.90155e-05 7.3501e-19
-0.000192533 3.86641e-05 7.3502e-19
-0.000192084 3.83133e-05 7.3503e-19
-0.000191622 3.79621e-05 7.3504e-19
-0.000191149 3.76094e-05 7.3505e-19
-0.000190663 3.72537e-05 7.3506e-19
-0.000190165 3.68931e-05 7.3507e-19
-0.000189655 3.65256e-05 7.3508e-19
-0.000189134 3.61491e-05 7.35091e-19
-0.000188601 3.57614e-05 7.35102e-19
-0.000188056 3.53607e-05 7.35113e-19
-0.0001875 3.49454e-05 7.35125e-19
-0.000186933 3.4514e-05 7.35137e-19
-0.000186356 3.4065e-05 7.35149e-19
-0.000185767 3.35973e-05 7.35163e-19
-0.000185168 3.31098e-05 7.35177e-19
-0.000184558 3.26018e-05 7.35191e-19
-0.000183938 3.20726e-05 7.35206e-19
-0.000183307 3.15215e-05 7.35222e-19
-0.000182667 3.09479e-05 7.35239e-19
-0.000182016 3.03515e-05 7.35256e-19
-0.000181356 2.97321e-05 7.35274e-19
-0.000180686 2.90904e-05 7.35292e-19
-0.000180007 2.84272e-05 7.35311e-19
-0.000179318 2.77436e-05 7.35331e-19
-0.000178619 2.70408e-05 7.35352e-19
-0.000177912 2.63195e-05 7.35373e-19
-0.000177195 2.55805e-05 7.35394e-19
-0.00017647 2.48243e-05 7.35416e-19
-0.000175735 2.40519e-05 7.35439e-19
-0.000174992 2.32643e-05 7.35461e-19
-0.00017424 2.24625e-05 7.35485e-19
-0.000173479 2.16478e-05 7.35509e-19
-0.000172709 2.08212e-05 7.35533e-19
-0.00017193 1.99835e-05 7.35557e-19
-0.000171144 1.91353e-05 7.35582e-19
-0.000170348 1.82772e-05 7.35607e-19
-0.000169544 1.74097e-05 7.35632e-19
-0.000168732 1.65343e-05 7.35657e-19
-0.000167912 1.56524e-05 7.35683e-19
-0.000167083 1.47656e-05 7.35709e-19
-0.000166247 1.38753e-05 7.35735e-19
-0.000165403 1.29829e-05 7.35761e-19
-0.000164552 1.20896e-05 7.35786e-19
-0.000163694 1.11965e-05 7.35812e-19
-0.000162829 1.03046e-05 7.35838e-19
-0.000161957 9.41504e-06 7.35864e-19
-0.000161079 8.52866e-06 7.35889e-19
-0.000160196 7.64631e-06 7.35915e-19
-0.000159307 6.76862e-06 7.3594e-19
-0.000158412 5.89591e-06 7.35965e-19
-0.000157512 5.02834e-06 7.3599e-19
-0.000156608 4.16587e-06 7.36015e-19
-0.000155694 3.29744e-06 7.36039e-19
-0.000154771 2.42482e-06 7.36065e-19
-0.000153845 1.55677e-06 7.36089e-19
-0.000152915 6.91357e-07 7.36114e-19
-0.000151981 -1.71426e-07 7.36139e-19
-0.000151045 -1.03286e-06 7.36164e-19
-0.000150105 -1.89335e-06 7.36188e-19
-0.000149157 -2.75185e-06 7.36213e-19
-0.000148203 -3.61029e-06 7.36237e-19
-0.000147248 -4.47099e-06 7.36262e-19
-0.000146291 -5.33444e-06 7.36287e-19
-0.000145333 -6.20223e-06 7.36312e-19
-0.000144374 -7.07474e-06 7.36337e-19
-0.000143413 -7.95246e-06 7.36362e-19
-0.000142451 -8.83483e-06 7.36387e-19
-0.000141489 -9.72163e-06 7.36412e-19
-0.000140527 -1.06121e-05 7.36438e-19
-0.000139564 -1.15058e-05 7.36464e-19
-0.000138603 -1.24016e-05 7.36489e-19
-0.000137642 -1.32989e-05 7.36515e-19
-0.000136682 -1.41964e-05 7.36541e-19
-0.000135723 -1.50932e-05 7.36567e-19
-0.000134766 -1.59877e-05 7.36592e-19
-0.000133811 -1.68789e-05 7.36618e-19
-0.000132859 -1.77655e-05 7.36643e-19
-0.000131905 -1.86472e-05 7.36669e-19
-0.000130955 -1.95223e-05 7.36694e-19
-0.000130015 -2.03894e-05 7.36719e-19
-0.000129078 -2.12503e-05 7.36744e-19
-0.000128145 -2.21059e-05 7.36768e-19
-0.000127216 -2.29558e-05 7.36793e-19
-0.00012629 -2.38009e-05 7.36817e-19
-0.000125368 -2.46408e-05 7.36841e-19
-0.00012445 -2.5475e-05 7.36865e-19
-0.000123536 -2.63036e-05 7.36889e-19
-0.000122629 -2.71263e-05 7.36913e-19
-0.000121727 -2.79431e-05 7.36936e-19
-0.000120831 -2.87533e-05 7.3696e-19
-0.000119942 -2.95563e-05 7.36983e-19
-0.000119061 -3.03515e-05 7.37006e-19
-0.000118186 -3.1138e-05 7.37029e-19
-0.00011732 -3.19155e-05 7.37051e-19
-0.000116462 -3.26836e-05 7.37073e-19
-0.000115612 -3.34419e-05 7.37095e-19
-0.000114771 -3.419e-05 7.37117e-19
-0.00011394 -3.49272e-05 7.37138e-19
-0.000113117 -3.56531e-05 7.37159e-19
-0.000112305 -3.63669e-05 7.3718e-19
-0.000111503 -3.7068e-05 7.372e-19
-0.000110711 -3.77555e-05 7.3722e-19
-0.00010993 -3.84285e-05 7.3724e-19
-0.00010916 -3.90862e-05 7.37259e-19
-0.000108401 -3.97279e-05 7.37277e-19
-0.000107654 -4.03529e-05 7.37295e-19
-0.000106919 -4.09608e-05 7.37313e-19
-0.000106196 -4.15513e-05 7.3733e-19
-0.000105485 -4.2124e-05 7.37346e-19
-0.000104786 -4.26782e-05 7.37362e-19
-0.0001041 -4.32134e-05 7.37378e-19
-0.000103427 -4.37289e-05 7.37393e-19
-0.000102767 -4.42244e-05 7.37407e-19
-0.00010212 -4.47e-05 7.37421e-19
-0.000101487 -4.51559e-05 7.37434e-19
-0.000100868 -4.55929e-05 7.37446e-19
-0.000100262 -4.60113e-05 7.37458e-19
-9.96698e-05 -4.64119e-05 7.37469e-19
-9.90919e-05 -4.67952e-05 7.3748e-19
-9.85282e-05 -4.71617e-05 7.37491e-19
-9.7979e-05 -4.75122e-05 7.37501e-19
-9.74443e-05 -4.78474e-05 7.3751e-19
-9.69245e-05 -4.81678e-05 7.37519e-19
-9.64196e-05 -4.84741e-05 7.37528e-19
-9.59299e-05 -4.87671e-05 7.37536e-19
-9.54556e-05 -4.9047e-05 7.37544e-19
-9.4997e-05 -4.93141e-05 7.37551e-19
-9.45545e-05 -4.95687e-05 7.37558e-19
-9.41282e-05 -4.98111e-05 7.37565e-19
-9.37183e-05 -5.00422e-05 7.37571e-19
-9.33252e-05 -5.02629e-05 7.37578e-19
-9.29488e-05 -5.04742e-05 7.37583e-19
-9.25895e-05 -5.06775e-05 7.37589e-19
-9.22473e-05 -5.08739e-05 7.37594e-19
-9.19224e-05 -5.10649e-05 7.376e-19
-9.16149e-05 -5.1252e-05 7.37605e-19
-9.13248e-05 -5.14363e-05 7.3761e-19
-9.10524e-05 -5.1619e-05 7.37615e-19
-9.07976e-05 -5.18007e-05 7.3762e-19
-9.05605e-05 -5.19821e-05 7.37625e-19
-9.03414e-05 -5.21638e-05 7.3763e-19
-9.01401e-05 -5.23463e-05 7.37636e-19
-8.99567e-05 -5.25299e-05 7.37641e-19
-8.97913e-05 -5.2715e-05 7.37646e-19
-8.96437e-05 -5.29015e-05 7.37652e-19
-8.95141e-05 -5.30892e-05 7.37657e-19
-8.94024e-05 -5.32775e-05 7.37663e-19
-8.93085e-05 -5.34658e-05 7.37668e-19
-8.92324e-05 -5.36533e-05 7.37674e-19
-8.9174e-05 -5.38398e-05 7.37679e-19
-8.91331e-05 -5.40249e-05 7.37685e-19
-8.91095e-05 -5.42083e-05 7.37691e-19
-8.91031e-05 -5.43895e-05 7.37696e-19
-8.91135e-05 -5.45677e-05 7.37701e-19
-8.91407e-05 -5.47418e-05 7.37707e-19
-8.91845e-05 -5.49106e-05 7.37712e-19
-8.92448e-05 -5.5073e-05 7.37717e-19
-8.93211e-05 -5.52278e-05 7.37722e-19
-8.94135e-05 -5.53738e-05 7.37726e-19
-8.95216e-05 -5.551e-05 7.37731e-19
-8.96454e-05 -5.5635e-05 7.37735e-19
-8.97845e-05 -5.57475e-05 7.37738e-19
-8.99389e-05 -5.58461e-05 7.37741e-19
-9.01084e-05 -5.59296e-05 7.37744e-19
-9.02927e-05 -5.59965e-05 7.37746e-19
-9.04916e-05 -5.60456e-05 7.37748e-19
-9.07051e-05 -5.60759e-05 7.37749e-19
-9.09328e-05 -5.60863e-05 7.3775e-19
-9.11747e-05 -5.60757e-05 7.3775e-19
-9.14307e-05 -5.60431e-05 7.37749e-19
-9.17005e-05 -5.59872e-05 7.37748e-19
-9.19842e-05 -5.5907e-05 7.37746e-19
-9.22816e-05 -5.58015e-05 7.37743e-19
-9.25927e-05 -5.56698e-05 7.37739e-19
-9.29174e-05 -5.55106e-05 7.37734e-19
-9.32557e-05 -5.53231e-05 7.37729e-19
-9.36077e-05 -5.51067e-05 7.37723e-19
-9.39732e-05 -5.48606e-05 7.37716e-19
-9.43522e-05 -5.45845e-05 7.37708e-19
-9.47447e-05 -5.42782e-05 7.37699e-19
-9.51506e-05 -5.39416e-05 7.37689e-19
-9.557e-05 -5.35752e-05 7.37678e-19
-9.60026e-05 -5.31799e-05 7.37667e-19
-9.64484e-05 -5.27567e-05 7.37654e-19
-9.69072e-05 -5.23067e-05 7.37641e-19
-9.73789e-05 -5.18315e-05 7.37627e-19
-9.78632e-05 -5.13331e-05 7.37613e-19
-9.83599e-05 -5.08133e-05 7.37598e-19
-9.88689e-05 -5.0274e-05 7.37582e-19
-9.93898e-05 -4.97172e-05 7.37566e-19
-9.99224e-05 -4.91449e-05 7.37549e-19
-0.000100467 -4.85587e-05 7.37532e-19
-0.000101022 -4.79606e-05 7.37514e-19
-0.000101588 -4.73525e-05 7.37497e-19
-0.000102165 -4.67362e-05 7.37479e-19
-0.000102752 -4.61136e-05 7.37461e-19
-0.000103348 -4.54862e-05 7.37442e-19
-0.000103955 -4.48558e-05 7.37424e-19
-0.00010457 -4.42241e-05 7.37406e-19
-0.000105194 -4.35926e-05 7.37388e-19
-0.000105827 -4.29626e-05 7.37369e-19
-0.000106467 -4.23352e-05 7.37351e-19
-0.000107115 -4.17113e-05 7.37333e-19
-0.00010777 -4.10915e-05 7.37316e-19
-0.000108432 -4.04763e-05 7.37298e-19
-0.0001091 -3.98656e-05 7.3728e-19
-0.000109774 -3.92588e-05 7.37263e-19
-0.000110454 -3.86554e-05 7.37246e-19
-0.00011114 -3.80545e-05 7.37229e-19
-0.000111831 -3.7455e-05 7.37212e-19
-0.000112527 -3.68556e-05 7.37195e-19
-0.000113228 -3.62547e-05 7.37178e-19
-0.000113934 -3.56512e-05 7.3716e-19
-0.000114645 -3.50435e-05 7.37143e-19
-0.00011536 -3.44303e-05 7.37126e-19
-0.000116079 -3.38105e-05 7.37108e-19
-0.000116803 -3.31828e-05 7.3709e-19
-0.000117532 -3.25466e-05 7.37072e-19
-0.000118264 -3.19011e-05 7.37053e-19
-0.000119001 -3.12458e-05 7.37035e-19
-0.000119741 -3.05805e-05 7.37016e-19
-0.000120485 -2.99047e-05 7.36996e-19
-0.000121233 -2.92182e-05 7.36976e-19
-0.000121985 -2.85208e-05 7.36956e-19
-0.00012274 -2.78124e-05 7.36936e-19
-0.000123498 -2.70927e-05 7.36915e-19
-0.00012426 -2.63617e-05 7.36894e-19
-0.000125026 -2.56191e-05 7.36873e-19
-0.000125795 -2.48652e-05 7.36851e-19
-0.000126567 -2.40995e-05 7.36829e-19
-0.000127342 -2.33211e-05 7.36806e-19
-0.000128122 -2.25301e-05 7.36783e-19
-0.000128902 -2.1727e-05 7.3676e-19
-0.000129686 -2.09114e-05 7.36737e-19
-0.000130473 -2.00829e-05 7.36713e-19
-0.000131262 -1.92418e-05 7.36688e-19
-0.000132054 -1.83885e-05 7.36663e-19
-0.000132849 -1.75239e-05 7.36638e-19
-0.000133643 -1.6649e-05 7.36613e-19
-0.000134438 -1.57647e-05 7.36587e-19
-0.000135236 -1.48723e-05 7.36561e-19
-0.000136035 -1.39734e-05 7.36535e-19
-0.000136837 -1.30699e-05 7.36508e-19
-0.00013764 -1.2164e-05 7.36482e-19
-0.000138445 -1.12575e-05 7.36456e-19
-0.00013925 -1.03523e-05 7.36429e-19
-0.000140055 -9.45006e-06 7.36403e-19
-0.000140861 -8.55256e-06 7.36377e-19
-0.000141666 -7.66145e-06 7.36351e-19
-0.000142471 -6.77849e-06 7.36325e-19
-0.000143275 -5.90542e-06 7.363e-19
-0.000144077 -5.04396e-06 7.36275e-19
-0.000144878 -4.19574e-06 7.3625e-19
-0.000145677 -3.3624e-06 7.36226e-19
-0.000146474 -2.54546e-06 7.36202e-19
-0.000147268 -1.74642e-06 7.36179e-19
-0.00014806 -9.66521e-07 7.36156e-19
-0.000148847 -2.06671e-07 7.36134e-19
-0.000149632 5.32525e-07 7.36113e-19
-0.000150406 1.2524e-06 7.36092e-19
-0.000151175 1.95119e-06 7.36072e-19
-0.00015194 2.62791e-06 7.36052e-19
-0.0001527 3.28326e-06 7.36034e-19
-0.000153455 3.91676e-06 7.36015e-19
-0.000154205 4.52917e-06 7.35998e-19
-0.00015495 5.12083e-06 7.35981e-19
-0.000155684 5.68174e-06 7.35965e-19
-0.00015641 6.22058e-06 7.3595e-19
-0.000157132 6.74474e-06 7.35935e-19
-0.000157848 7.25046e-06 7.35921e-19
-0.000158558 7.74137e-06 7.35907e-19
-0.000159262 8.21613e-06 7.35894e-19
-0.00015996 8.67685e-06 7.35881e-19
-0.000160651 9.12353e-06 7.35868e-19
-0.000161335 9.55779e-06 7.35856e-19
-0.000162013 9.98028e-06 7.35844e-19
-0.000162683 1.03923e-05 7.35833e-19
-0.000163346 1.07947e-05 7.35822e-19
-0.000164001 1.11885e-05 7.35811e-19
-0.000164649 1.15744e-05 7.358e-19
-0.000165288 1.19536e-05 7.35789e-19
-0.000165919 1.23273e-05 7.35779e-19
-0.000166542 1.2697e-05 7.35769e-19
-0.000167156 1.3064e-05 7.35759e-19
-0.00016776 1.34298e-05 7.35748e-19
-0.000168355 1.37962e-05 7.35738e-19
-0.000168941 1.41647e-05 7.35728e-19
-0.000169517 1.45369e-05 7.35718e-19
-0.000170083 1.49142e-05 7.35707e-19
-0.000170639 1.52969e-05 7.35696e-19
-0.000171185 1.56851e-05 7.35685e-19
-0.000171719 1.60787e-05 7.35674e-19
-0.000172243 1.6477e-05 7.35663e-19
-0.000172755 1.68791e-05 7.35651e-19
-0.000173254 1.72836e-05 7.3564e-19
-0.000173742 1.7689e-05 7.35628e-19
-0.000174217 1.80937e-05 7.35616e-19
-0.000174679 1.84959e-05 7.35605e-19
-0.000175127 1.88937e-05 7.35593e-19
-0.000175561 1.92851e-05 7.35582e-19
-0.000175981 1.96684e-05 7.35571e-19
-0.000176387 2.00419e-05 7.3556e-19
-0.000176777 2.04041e-05 7.35549e-19
-0.000177153 2.07538e-05 7.35539e-19
-0.000177513 2.10892e-05 7.3553e-19
-0.000177858 2.14089e-05 7.3552e-19
-0.000178186 2.17109e-05 7.35511e-19
-0.000178498 2.19933e-05 7.35503e-19
-0.000178794 2.22548e-05 7.35496e-19
-0.000179073 2.24939e-05 7.35489e-19
-0.000179335 2.27101e-05 7.35482e-19
-0.00017958 2.29025e-05 7.35477e-19
-0.000179808 2.30705e-05 7.35472e-19
-0.000180018 2.3214e-05 7.35468e-19
-0.000180211 2.33327e-05 7.35465e-19
-0.000180386 2.34267e-05 7.35462e-19
-0.000180544 2.34959e-05 7.3546e-19
-0.000180684 2.35407e-05 7.35459e-19
-0.000180806 2.35615e-05 7.35458e-19
-0.00018091 2.35588e-05 7.35458e-19
-0.000180996 2.35333e-05 7.35459e-19
-0.000181065 2.34858e-05 7.35461e-19
-0.000181116 2.34176e-05 7.35463e-19
-0.000181148 2.33297e-05 7.35466e-19
-0.000181163 2.32232e-05 7.35469e-19
-0.000181161 2.30989e-05 7.35473e-19
-0.00018114 2.29571e-05 7.35477e-19
-0.000181102 2.27983e-05 7.35482e-19
-0.000181045 2.26232e-05 7.35487e-19
-0.000180971 2.24327e-05 7.35493e-19
-0.00018088 2.22283e-05 7.35499e-19
-0.00018077 2.20112e-05 7.35505e-19
-0.000180643 2.17827e-05 7.35512e-19
-0.000180499 2.15438e-05 7.35519e-19
-0.000180337 2.12951e-05 7.35526e-19
-0.000180158 2.10372e-05 7.35534e-19
-0.000179962 2.07708e-05 7.35542e-19
-0.000179748 2.04964e-05 7.3555e-19
-0.000179517 2.02147e-05 7.35558e-19
-0.000179269 1.99262e-05 7.35566e-19
-0.000179003 1.96316e-05 7.35575e-19
-0.000178721 1.93316e-05 7.35584e-19
-0.000178422 1.90273e-05 7.35592e-19
-0.000178106 1.87193e-05 7.35601e-19
-0.000177774 1.84086e-05 7.3561e-19
-0.000177425 1.80962e-05 7.35619e-19
-0.00017706 1.77831e-05 7.35628e-19
-0.000176679 1.74699e-05 7.35637e-19
-0.000176282 1.71576e-05 7.35646e-19
-0.00017587 1.68467e-05 7.35655e-19
-0.000175442 1.65375e-05 7.35664e-19
-0.000174999 1.62305e-05 7.35672e-19
-0.000174542 1.59256e-05 7.35681e-19
-0.00017407 1.56225e-05 7.35689e-19
-0.000173584 1.53206e-05 7.35698e-19
-0.000173083 1.50191e-05 7.35706e-19
-0.000172569 1.47172e-05 7.35714e-19
-0.000172041 1.44143e-05 7.35723e-19
-0.0001715 1.41099e-05 7.35731e-19
-0.000170946 1.38035e-05 7.3574e-19
-0.00017038 1.34943e-05 7.35748e-19
-0.000169802 1.31815e-05 7.35757e-19
-0.000169211 1.28639e-05 7.35766e-19
-0.000168609 1.25403e-05 7.35774e-19
-0.000167996 1.22096e-05 7.35783e-19
-0.000167372 1.1871e-05 7.35793e-19
-0.000166738 1.15238e-05 7.35802e-19
-0.000166094 1.11673e-05 7.35812e-19
-0.00016544 1.08011e-05 7.35822e-19
-0.000164778 1.04243e-05 7.35833e-19
-0.000164106 1.00365e-05 7.35844e-19
-0.000163426 9.63704e-06 7.35855e-19
-0.000162738 9.22553e-06 7.35866e-19
-0.000162043 8.80188e-06 7.35878e-19
-0.000161341 8.36617e-06 7.3589e-19
-0.000160632 7.91863e-06 7.35903e-19
-0.000159917 7.45953e-06 7.35916e-19
-0.000159196 6.98916e-06 7.35929e-19
-0.00015847 6.50779e-06 7.35943e-19
-0.000157739 6.01583e-06 7.35957e-19
-0.000157004 5.5138e-06 7.35971e-19
-0.000156261 4.9953e-06 7.35986e-19
-0.000155512 4.46324e-06 7.36001e-19
-0.00015476 3.92467e-06 7.36016e-19
-0.000154005 3.37967e-06 7.36032e-19
-0.000153249 2.82996e-06 7.36048e-19
-0.000152491 2.27612e-06 7.36063e-19
-0.000151732 1.71954e-06 7.36079e-19
-0.000150972 1.16101e-06 7.36095e-19
-0.000150211 6.01842e-07 7.36112e-19
-0.000149446 4.43022e-08 7.36128e-19
-0.00014868 -5.1201e-07 7.36143e-19
-0.000147916 -1.06693e-06 7.36159e-19
-0.000147153 -1.6194e-06 7.36175e-19
-0.000146393 -2.16955e-06 7.36191e-19
-0.000145635 -2.71674e-06 7.36207e-19
-0.00014488 -3.26108e-06 7.36222e-19
-0.000144128 -3.80233e-06 7.36238e-19
-0.00014338 -4.34082e-06 7.36253e-19
-0.000142636 -4.87657e-06 7.36269e-19
-0.000141896 -5.40988e-06 7.36284e-19
-0.00014116 -5.94089e-06 7.36299e-19
-0.00014043 -6.46992e-06 7.36314e-19
-0.000139705 -6.99719e-06 7.36329e-19
-0.000138985 -7.52306e-06 7.36344e-19
-0.00013827 -8.04808e-06 7.36359e-19
-0.000137562 -8.57298e-06 7.36374e-19
-0.00013686 -9.09846e-06 7.36389e-19
-0.000136161 -9.62535e-06 7.36405e-19
-0.000135466 -1.01539e-05 7.3642e-19
-0.00013478 -1.06844e-05 7.36435e-19
-0.000134098 -1.1217e-05 7.3645e-19
-0.000133424 -1.17523e-05 7.36466e-19
-0.000132757 -1.22906e-05 7.36481e-19
-0.000132098 -1.28326e-05 7.36497e-19
-0.000131446 -1.33788e-05 7.36512e-19
-0.000130802 -1.39297e-05 7.36528e-19
-0.000130166 -1.44852e-05 7.36544e-19
-0.000129537 -1.50454e-05 7.3656e-19
-0.000128917 -1.56099e-05 7.36577e-19
-0.000128305 -1.61787e-05 7.36593e-19
-0.000127702 -1.67514e-05 7.3661e-19
-0.000127107 -1.73278e-05 7.36626e-19
-0.00012652 -1.79079e-05 7.36643e-19
-0.000125942 -1.84913e-05 7.3666e-19
-0.000125376 -1.90759e-05 7.36677e-19
-0.000124821 -1.96623e-05 7.36694e-19
-0.000124273 -2.02516e-05 7.36711e-19
-0.000123735 -2.08428e-05 7.36728e-19
-0.000123206 -2.14354e-05 7.36745e-19
-0.000122685 -2.20284e-05 7.36762e-19
-0.000122173 -2.26214e-05 7.3678e-19
-0.000121671 -2.32133e-05 7.36797e-19
-0.000121177 -2.38028e-05 7.36814e-19
-0.000120694 -2.4389e-05 7.36831e-19
-0.00012022 -2.49707e-05 7.36848e-19
-0.000119757 -2.55474e-05 7.36864e-19
-0.000119303 -2.61188e-05 7.36881e-19
-0.000118859 -2.66852e-05 7.36897e-19
-0.000118425 -2.72469e-05 7.36914e-19
-0.000118002 -2.78043e-05 7.3693e-19
-0.000117588 -2.83576e-05 7.36946e-19
-0.000117184 -2.89069e-05 7.36962e-19
-0.000116791 -2.94522e-05 7.36978e-19
-0.000116407 -2.99937e-05 7.36993e-19
-0.000116033 -3.05312e-05 7.37009e-19
-0.000115669 -3.10643e-05 7.37025e-19
-0.000115315 -3.15927e-05 7.3704e-19
-0.000114971 -3.21161e-05 7.37055e-19
-0.000114637 -3.26339e-05 7.3707e-19
-0.000114313 -3.3146e-05 7.37085e-19
-0.000113998 -3.36517e-05 7.371e-19
-0.000113693 -3.41506e-05 7.37115e-19
-0.000113397 -3.46423e-05 7.37129e-19
-0.000113111 -3.51264e-05 7.37143e-19
-0.000112834 -3.56025e-05 7.37157e-19
-0.000112566 -3.60699e-05 7.37171e-19
-0.000112307 -3.65279e-05 7.37184e-19
-0.000112056 -3.69755e-05 7.37197e-19
-0.000111815 -3.74118e-05 7.3721e-19
-0.000111582 -3.78356e-05 7.37223e-19
-0.000111358 -3.82457e-05 7.37235e-19
-0.000111142 -3.86407e-05 7.37246e-19
-0.000110934 -3.90191e-05 7.37257e-19
-0.000110735 -3.93797e-05 7.37268e-19
-0.000110544 -3.97217e-05 7.37278e-19
-0.000110361 -4.00446e-05 7.37288e-19
-0.000110186 -4.03479e-05 7.37296e-19
-0.00011002 -4.06312e-05 7.37305e-19
-0.000109861 -4.08944e-05 7.37312e-19
-0.00010971 -4.11371e-05 7.3732e-19
-0.000109566 -4.13594e-05 7.37326e-19
-0.000109431 -4.15614e-05 7.37332e-19
-0.000109303 -4.17432e-05 7.37337e-19
-0.000109183 -4.19052e-05 7.37342e-19
-0.00010907 -4.20479e-05 7.37346e-19
-0.000108965 -4.21718e-05 7.3735e-19
-0.000108868 -4.22774e-05 7.37353e-19
-0.000108778 -4.2365e-05 7.37355e-19
-0.000108697 -4.24351e-05 7.37357e-19
-0.000108622 -4.24882e-05 7.37359e-19
-0.000108556 -4.25244e-05 7.3736e-19
-0.000108497 -4.25441e-05 7.3736e-19
-0.000108446 -4.25473e-05 7.3736e-19
-0.000108404 -4.25344e-05 7.3736e-19
-0.000108369 -4.25059e-05 7.37359e-19
-0.000108343 -4.24623e-05 7.37357e-19
-0.000108325 -4.24045e-05 7.37356e-19
-0.000108315 -4.23331e-05 7.37353e-19
-0.000108313 -4.22485e-05 7.37351e-19
-0.00010832 -4.2151e-05 7.37348e-19
-0.000108335 -4.20411e-05 7.37345e-19
-0.000108359 -4.1919e-05 7.37341e-19
-0.000108391 -4.17847e-05 7.37337e-19
-0.000108431 -4.16382e-05 7.37333e-19
-0.00010848 -4.14794e-05 7.37328e-19
-0.000108538 -4.13083e-05 7.37323e-19
-0.000108605 -4.11246e-05 7.37318e-19
-0.00010868 -4.09281e-05 7.37312e-19
-0.000108764 -4.07184e-05 7.37306e-19
-0.000108857 -4.04953e-05 7.373e-19
-0.000108959 -4.02588e-05 7.37293e-19
-0.00010907 -4.00088e-05 7.37285e-19
-0.00010919 -3.97457e-05 7.37278e-19
-0.000109319 -3.94692e-05 7.3727e-19
-0.000109457 -3.91797e-05 7.37261e-19
-0.000109604 -3.88769e-05 7.37252e-19
-0.000109761 -3.8561e-05 7.37243e-19
-0.000109926 -3.82321e-05 7.37233e-19
-0.000110102 -3.78905e-05 7.37223e-19
-0.000110286 -3.75367e-05 7.37213e-19
-0.000110481 -3.71712e-05 7.37202e-19
-0.000110685 -3.67944e-05 7.37191e-19
-0.000110898 -3.64069e-05 7.3718e-19
-0.000111122 -3.60092e-05 7.37168e-19
-0.000111355 -3.56017e-05 7.37156e-19
-0.000111599 -3.51851e-05 7.37144e-19
-0.000111852 -3.47601e-05 7.37132e-19
-0.000112116 -3.43276e-05 7.37119e-19
-0.00011239 -3.38886e-05 7.37106e-19
-0.000112674 -3.34438e-05 7.37093e-19
-0.000112968 -3.29944e-05 7.3708e-19
-0.000113273 -3.25412e-05 7.37067e-19
-0.000113588 -3.20852e-05 7.37053e-19
-0.000113913 -3.16274e-05 7.3704e-19
-0.000114249 -3.11681e-05 7.37027e-19
-0.000114595 -3.07078e-05 7.37013e-19
-0.000114952 -3.02466e-05 7.37e-19
-0.000115319 -2.97846e-05 7.36986e-19
-0.000115697 -2.93216e-05 7.36973e-19
-0.000116086 -2.8857e-05 7.36959e-19
-0.000116485 -2.83904e-05 7.36946e-19
-0.000116895 -2.7921e-05 7.36932e-19
-0.000117316 -2.74481e-05 7.36918e-19
-0.000117747 -2.69709e-05 7.36905e-19
-0.00011819 -2.64887e-05 7.36891e-19
-0.000118643 -2.60007e-05 7.36877e-19
-0.000119107 -2.55062e-05 7.36862e-19
-0.000119583 -2.50046e-05 7.36848e-19
-0.000120069 -2.44956e-05 7.36833e-19
-0.000120566 -2.39783e-05 7.36818e-19
-0.000121074 -2.34523e-05 7.36803e-19
-0.000121592 -2.29167e-05 7.36787e-19
-0.000122122 -2.23707e-05 7.36771e-19
-0.000122662 -2.18141e-05 7.36755e-19
-0.000123213 -2.12462e-05 7.36739e-19
-0.000123774 -2.06662e-05 7.36722e-19
-0.000124347 -2.00741e-05 7.36704e-19
-0.00012493 -1.94696e-05 7.36687e-19
-0.000125523 -1.88527e-05 7.36669e-19
-0.000126127 -1.82234e-05 7.36651e-19
-0.000126741 -1.7581e-05 7.36632e-19
-0.000127367 -1.69256e-05 7.36613e-19
-0.000128003 -1.62573e-05 7.36593e-19
-0.00012865 -1.55767e-05 7.36574e-19
-0.000129308 -1.48844e-05 7.36553e-19
-0.000129977 -1.41809e-05 7.36533e-19
-0.000130656 -1.34669e-05 7.36512e-19
-0.000131346 -1.2743e-05 7.36491e-19
-0.000132047 -1.201e-05 7.3647e-19
-0.000132757 -1.12685e-05 7.36448e-19
-0.000133476 -1.05197e-05 7.36426e-19
-0.000134206 -9.76509e-06 7.36404e-19
-0.000134946 -9.00588e-06 7.36382e-19
-0.000135691 -8.24366e-06 7.3636e-19
-0.000136445 -7.47967e-06 7.36338e-19
-0.000137209 -6.71543e-06 7.36316e-19
-0.00013798 -5.95242e-06 7.36294e-19
-0.000138761 -5.1919e-06 7.36272e-19
-0.000139549 -4.43525e-06 7.3625e-19
-0.000140345 -3.68364e-06 7.36228e-19
-0.000141149 -2.9382e-06 7.36207e-19
-0.000141959 -2.20002e-06 7.36186e-19
-0.000142776 -1.47052e-06 7.36165e-19
-0.000143599 -7.51212e-07 7.36144e-19
-0.000144426 -4.35516e-08 7.36124e-19
-0.000145259 6.51226e-07 7.36104e-19
-0.000146096 1.33199e-06 7.36085e-19
-0.000146936 1.99779e-06 7.36066e-19
-0.000147779 2.6478e-06 7.36047e-19
-0.000148624 3.28141e-06 7.36029e-19
-0.000149471 3.89824e-06 7.36012e-19
-0.000150313 4.50026e-06 7.35995e-19
-0.000151152 5.08569e-06 7.35979e-19
-0.000151993 5.65372e-06 7.35963e-19
-0.000152825 6.19299e-06 7.35948e-19
-0.000153654 6.71255e-06 7.35933e-19
-0.000154483 7.22085e-06 7.35919e-19
-0.000155309 7.71364e-06 7.35905e-19
-0.000156132 8.19606e-06 7.35892e-19
-0.000156952 8.66758e-06 7.35879e-19
-0.000157769 9.13169e-06 7.35866e-19
-0.000158581 9.58908e-06 7.35854e-19
-0.00015939 1.00422e-05 7.35841e-19
-0.000160194 1.04923e-05 7.35829e-19
-0.000160993 1.09412e-05 7.35816e-19
-0.000161786 1.139e-05 7.35804e-19
-0.000162575 1.18406e-05 7.35791e-19
-0.000163357 1.22941e-05 7.35779e-19
-0.000164133 1.27522e-05 7.35766e-19
-0.000164903 1.32156e-05 7.35753e-19
-0.000165667 1.36853e-05 7.35739e-19
-0.000166424 1.41614e-05 7.35726e-19
-0.000167173 1.46442e-05 7.35712e-19
-0.000167916 1.51337e-05 7.35698e-19
-0.000168651 1.56299e-05 7.35684e-19
-0.000169379 1.61328e-05 7.3567e-19
-0.000170098 1.66422e-05 7.35655e-19
-0.00017081 1.71577e-05 7.3564e-19
-0.000171513 1.76789e-05 7.35625e-19
-0.000172207 1.82048e-05 7.3561e-19
-0.000172893 1.87347e-05 7.35595e-19
-0.00017357 1.92676e-05 7.3558e-19
-0.000174237 1.98027e-05 7.35564e-19
-0.000174895 2.03392e-05 7.35549e-19
-0.000175543 2.08763e-05 7.35533e-19
-0.000176181 2.14131e-05 7.35518e-19
-0.000176808 2.19489e-05 7.35502e-19
-0.000177425 2.24828e-05 7.35487e-19
-0.000178031 2.3014e-05 7.35471e-19
-0.000178625 2.3542e-05 7.35456e-19
-0.000179208 2.40663e-05 7.35441e-19
-0.00017978 2.45865e-05 7.35426e-19
-0.000180339 2.51025e-05 7.35411e-19
-0.000180886 2.56139e-05 7.35396e-19
-0.000181421 2.612e-05 7.35381e-19
-0.000181943 2.66198e-05 7.35367e-19
-0.000182452 2.71124e-05 7.35352e-19
-0.000182948 2.75968e-05 7.35338e-19
-0.00018343 2.80716e-05 7.35324e-19
-0.000183899 2.85354e-05 7.35311e-19
-0.000184353 2.89868e-05 7.35298e-19
-0.000184792 2.94243e-05 7.35285e-19
-0.000185217 2.98467e-05 7.35273e-19
-0.000185627 3.0253e-05 7.35262e-19
-0.000186022 3.06422e-05 7.3525e-19
-0.000186401 3.10134e-05 7.3524e-19
-0.000186765 3.13659e-05 7.3523e-19
-0.000187113 3.16993e-05 7.3522e-19
-0.000187445 3.20133e-05 7.35211e-19
-0.000187761 3.23075e-05 7.35203e-19
-0.000188062 3.25819e-05 7.35195e-19
-0.000188346 3.28365e-05 7.35188e-19
-0.000188613 3.30714e-05 7.35181e-19
-0.000188865 3.32868e-05 7.35175e-19
-0.0001891 3.34831e-05 7.3517e-19
-0.000189319 3.36608e-05 7.35165e-19
-0.000189522 3.38202e-05 7.35161e-19
-0.000189708 3.39621e-05 7.35157e-19
-0.000189878 3.40868e-05 7.35153e-19
-0.000190032 3.41946e-05 7.35151e-19
-0.000190169 3.4286e-05 7.35148e-19
-0.00019029 3.43614e-05 7.35146e-19
-0.000190394 3.44212e-05 7.35145e-19
-0.000190482 3.44659e-05 7.35144e-19
-0.000190553 3.44961e-05 7.35143e-19
-0.000190608 3.45123e-05 7.35143e-19
-0.000190646 3.45152e-05 7.35143e-19
-0.000190667 3.45056e-05 7.35144e-19
-0.000190672 3.44841e-05 7.35145e-19
-0.000190661 3.44517e-05 7.35146e-19
-0.000190632 3.44092e-05 7.35147e-19
-0.000190587 3.4358e-05 7.35149e-19
-0.000190526 3.42989e-05 7.35151e-19
-0.000190447 3.4233e-05 7.35153e-19
-0.000190353 3.41608e-05 7.35155e-19
-0.000190242 3.40828e-05 7.35157e-19
-0.000190114 3.39993e-05 7.3516e-19
-0.00018997 3.39104e-05 7.35162e-19
-0.000189809 3.38165e-05 7.35165e-19
-0.000189632 3.37178e-05 7.35168e-19
-0.000189439 3.36145e-05 7.35171e-19
-0.000189229 3.35064e-05 7.35174e-19
-0.000189004 3.33934e-05 7.35177e-19
-0.000188763 3.32753e-05 7.3518e-19
-0.000188505 3.31515e-05 7.35183e-19
-0.000188233 3.30217e-05 7.35187e-19
-0.000187945 3.28855e-05 7.3519e-19
-0.000187641 3.27426e-05 7.35194e-19
-0.000187323 3.25926e-05 7.35198e-19
-0.00018699 3.24349e-05 7.35202e-19
-0.000186643 3.22685e-05 7.35206e-19
-0.000186281 3.20923e-05 7.35211e-19
-0.000185906 3.19048e-05 7.35216e-19
-0.000185517 3.17046e-05 7.35221e-19
-0.000185115 3.14901e-05 7.35227e-19
-0.000184699 3.12593e-05 7.35233e-19
-0.00018427 3.10106e-05 7.3524e-19
-0.000183829 3.07421e-05 7.35247e-19
-0.000183375 3.04521e-05 7.35255e-19
-0.000182909 3.01389e-05 7.35264e-19
-0.000182431 2.9801e-05 7.35273e-19
-0.000181941 2.9437e-05 7.35283e-19
-0.000181439 2.90456e-05 7.35294e-19
-0.000180925 2.86258e-05 7.35306e-19
-0.0001804 2.81768e-05 7.35319e-19
-0.000179864 2.76981e-05 7.35332e-19
-0.000179316 2.7189e-05 7.35347e-19
-0.000178758 2.66493e-05 7.35362e-19
-0.000178189 2.6079e-05 7.35379e-19
-0.000177609 2.54783e-05 7.35396e-19
-0.000177018 2.48478e-05 7.35414e-19
-0.000176417 2.41884e-05 7.35433e-19
-0.000175806 2.35015e-05 7.35453e-19
-0.000175184 2.27883e-05 7.35474e-19
-0.000174552 2.205e-05 7.35495e-19
-0.000173909 2.12876e-05 7.35517e-19
-0.000173257 2.05024e-05 7.3554e-19
-0.000172594 1.96959e-05 7.35564e-19
-0.000171921 1.88696e-05 7.35588e-19
-0.000171239 1.80251e-05 7.35613e-19
-0.000170546 1.71644e-05 7.35638e-19
-0.000169843 1.62894e-05 7.35663e-19
-0.000169131 1.5402e-05 7.35689e-19
-0.000168408 1.45046e-05 7.35716e-19
-0.000167677 1.35993e-05 7.35742e-19
-0.000166935 1.26882e-05 7.35769e-19
-0.000166185 1.17737e-05 7.35795e-19
-0.000165425 1.0858e-05 7.35822e-19
-0.000164656 9.94325e-06 7.35849e-19
-0.000163879 9.03154e-06 7.35875e-19
-0.000163093 8.12484e-06 7.35902e-19
-0.000162299 7.22501e-06 7.35928e-19
-0.000161497 6.33374e-06 7.35954e-19
-0.000160687 5.45241e-06 7.35979e-19
-0.00015987 4.58189e-06 7.36004e-19
-0.000159045 3.72267e-06 7.36029e-19
-0.000158214 2.87501e-06 7.36054e-19
-0.000157369 2.02412e-06 7.36078e-19
-0.000156514 1.1813e-06 7.36103e-19
-0.000155656 3.54232e-07 7.36127e-19
-0.00015479 -4.62291e-07 7.3615e-19
-0.00015392 -1.26421e-06 7.36173e-19
-0.000153045 -2.05434e-06 7.36196e-19
-0.000152165 -2.83088e-06 7.36218e-19
-0.000151281 -3.59556e-06 7.3624e-19
-0.000150393 -4.34779e-06 7.36261e-19
-0.000149501 -5.08893e-06 7.36283e-19
-0.000148598 -5.81676e-06 7.36303e-19
-0.00014769 -6.53451e-06 7.36324e-19
-0.000146781 -7.24379e-06 7.36344e-19
-0.000145868 -7.94536e-06 7.36364e-19
-0.000144954 -8.64131e-06 7.36383e-19
-0.000144038 -9.33282e-06 7.36403e-19
-0.00014312 -1.00218e-05 7.36423e-19
-0.000142201 -1.07091e-05 7.36442e-19
-0.00014128 -1.13963e-05 7.36462e-19
-0.000140359 -1.20842e-05 7.36481e-19
-0.000139437 -1.2774e-05 7.36501e-19
-0.000138514 -1.34671e-05 7.3652e-19
-0.000137591 -1.41653e-05 7.3654e-19
-0.000136667 -1.48699e-05 7.3656e-19
-0.000135744 -1.55825e-05 7.36581e-19
-0.000134821 -1.63044e-05 7.36601e-19
-0.000133898 -1.70366e-05 7.36622e-19
-0.000132975 -1.77803e-05 7.36643e-19
-0.000132048 -1.85364e-05 7.36665e-19
-0.00013112 -1.93052e-05 7.36687e-19
-0.000130196 -2.00863e-05 7.3671e-19
-0.000129276 -2.08781e-05 7.36732e-19
-0.00012836 -2.16819e-05 7.36756e-19
-0.000127445 -2.24994e-05 7.36779e-19
-0.000126531 -2.33305e-05 7.36803e-19
-0.000125616 -2.41751e-05 7.36828e-19
-0.000124704 -2.50327e-05 7.36853e-19
-0.000123793 -2.59034e-05 7.36878e-19
-0.000122885 -2.67864e-05 7.36903e-19
-0.000121979 -2.76815e-05 7.36929e-19
-0.000121076 -2.85882e-05 7.36956e-19
-0.000120176 -2.95056e-05 7.36982e-19
-0.00011928 -3.04331e-05 7.3701e-19
-0.000118387 -3.13698e-05 7.37037e-19
-0.000117498 -3.23147e-05 7.37064e-19
-0.000116613 -3.32661e-05 7.37092e-19
-0.000115732 -3.42221e-05 7.3712e-19
-0.000114856 -3.51809e-05 7.37148e-19
-0.000113985 -3.61406e-05 7.37176e-19
-0.000113119 -3.70994e-05 7.37204e-19
-0.000112258 -3.80558e-05 7.37232e-19
-0.000111403 -3.90084e-05 7.3726e-19
-0.000110555 -3.99559e-05 7.37287e-19
-0.000109712 -4.0897e-05 7.37315e-19
-0.000108876 -4.1831e-05 7.37342e-19
-0.000108046 -4.2757e-05 7.37369e-19
-0.000107222 -4.36743e-05 7.37396e-19
-0.000106405 -4.45823e-05 7.37422e-19
-0.000105595 -4.54806e-05 7.37448e-19
-0.000104792 -4.63689e-05 7.37474e-19
-0.000103995 -4.72469e-05 7.375e-19
-0.000103206 -4.81142e-05 7.37525e-19
-0.000102423 -4.89704e-05 7.3755e-19
-0.000101647 -4.9815e-05 7.37574e-19
-0.000100878 -5.06479e-05 7.37599e-19
-0.000100117 -5.14688e-05 7.37622e-19
-9.93622e-05 -5.22776e-05 7.37646e-19
-9.86147e-05 -5.30743e-05 7.37669e-19
-9.78743e-05 -5.38588e-05 7.37691e-19
-9.7141e-05 -5.46306e-05 7.37714e-19
-9.64151e-05 -5.53891e-05 7.37735e-19
-9.56965e-05 -5.61336e-05 7.37757e-19
-9.49854e-05 -5.68636e-05 7.37778e-19
-9.4282e-05 -5.75786e-05 7.37798e-19
-9.35862e-05 -5.82784e-05 7.37819e-19
-9.28984e-05 -5.89627e-05 7.37838e-19
-9.22186e-05 -5.96315e-05 7.37857e-19
-9.15469e-05 -6.02849e-05 7.37876e-19
-9.08834e-05 -6.09235e-05 7.37894e-19
-9.02283e-05 -6.15479e-05 7.37912e-19
-8.95818e-05 -6.21587e-05 7.37929e-19
-8.89438e-05 -6.27571e-05 7.37946e-19
-8.83146e-05 -6.33441e-05 7.37963e-19
-8.76943e-05 -6.39209e-05 7.37979e-19
-8.70829e-05 -6.4489e-05 7.37995e-19
-8.64807e-05 -6.50495e-05 7.38011e-19
-8.58878e-05 -6.56038e-05 7.38027e-19
-8.53042e-05 -6.61532e-05 7.38043e-19
-8.47302e-05 -6.66988e-05 7.38058e-19
-8.41659e-05 -6.72411e-05 7.38074e-19
-8.36116e-05 -6.77803e-05 7.38089e-19
-8.30675e-05 -6.83166e-05 7.38104e-19
-8.25338e-05 -6.885e-05 7.3812e-19
-8.20107e-05 -6.93808e-05 7.38135e-19
-8.14983e-05 -6.99096e-05 7.3815e-19
-8.09967e-05 -7.04366e-05 7.38165e-19
-8.0506e-05 -7.09618e-05 7.38181e-19
-8.00264e-05 -7.14848e-05 7.38196e-19
-7.9558e-05 -7.20047e-05 7.38211e-19
-7.91011e-05 -7.25204e-05 7.38226e-19
-7.86557e-05 -7.30308e-05 7.38241e-19
-7.8222e-05 -7.35345e-05 7.38255e-19
-7.78002e-05 -7.40299e-05 7.3827e-19
-7.73904e-05 -7.45156e-05 7.38284e-19
-7.69926e-05 -7.49897e-05 7.38298e-19
-7.66072e-05 -7.54501e-05 7.38312e-19
-7.62342e-05 -7.58945e-05 7.38325e-19
-7.58739e-05 -7.63205e-05 7.38337e-19
-7.55263e-05 -7.67258e-05 7.38349e-19
-7.51918e-05 -7.71081e-05 7.3836e-19
-7.48704e-05 -7.74653e-05 7.38371e-19
-7.45623e-05 -7.77953e-05 7.38381e-19
-7.42676e-05 -7.80961e-05 7.3839e-19
-7.39866e-05 -7.83661e-05 7.38398e-19
-7.37194e-05 -7.86038e-05 7.38405e-19
-7.34662e-05 -7.8808e-05 7.38411e-19
-7.32271e-05 -7.89774e-05 7.38415e-19
-7.30024e-05 -7.91105e-05 7.38419e-19
-7.27925e-05 -7.92059e-05 7.38422e-19
-7.25975e-05 -7.92623e-05 7.38424e-19
-7.24179e-05 -7.92788e-05 7.38424e-19
-7.22537e-05 -7.92551e-05 7.38423e-19
-7.21054e-05 -7.91912e-05 7.38421e-19
-7.19732e-05 -7.90876e-05 7.38418e-19
-7.18575e-05 -7.89447e-05 7.38414e-19
-7.17586e-05 -7.8763e-05 7.38408e-19
-7.16768e-05 -7.85431e-05 7.38401e-19
-7.16124e-05 -7.82856e-05 7.38394e-19
-7.15658e-05 -7.79915e-05 7.38385e-19
-7.15373e-05 -7.76618e-05 7.38375e-19
-7.15271e-05 -7.72981e-05 7.38364e-19
-7.15356e-05 -7.69019e-05 7.38352e-19
-7.1563e-05 -7.64749e-05 7.38339e-19
-7.16096e-05 -7.6019e-05 7.38325e-19
-7.16756e-05 -7.55366e-05 7.38311e-19
-7.17613e-05 -7.50298e-05 7.38295e-19
-7.18667e-05 -7.4501e-05 7.3828e-19
-7.19922e-05 -7.39524e-05 7.38263e-19
-7.21378e-05 -7.33865e-05 7.38246e-19
-7.23037e-05 -7.28056e-05 7.38229e-19
-7.24901e-05 -7.2212e-05 7.38211e-19
-7.26969e-05 -7.16079e-05 7.38193e-19
-7.29243e-05 -7.09959e-05 7.38175e-19
-7.31723e-05 -7.0378e-05 7.38157e-19
-7.3441e-05 -6.97563e-05 7.38139e-19
-7.37303e-05 -6.91323e-05 7.3812e-19
-7.40403e-05 -6.85077e-05 7.38102e-19
-7.4371e-05 -6.78836e-05 7.38083e-19
-7.47224e-05 -6.72612e-05 7.38065e-19
-7.50943e-05 -6.66417e-05 7.38047e-19
-7.54869e-05 -6.60263e-05 7.38029e-19
-7.58998e-05 -6.54161e-05 7.38011e-19
-7.6333e-05 -6.48119e-05 7.37994e-19
-7.67865e-05 -6.42141e-05 7.37976e-19
-7.72601e-05 -6.36227e-05 7.37959e-19
-7.77537e-05 -6.30377e-05 7.37942e-19
-7.82673e-05 -6.24588e-05 7.37926e-19
-7.88008e-05 -6.18858e-05 7.37909e-19
-7.9354e-05 -6.13181e-05 7.37893e-19
-7.99268e-05 -6.07554e-05 7.37877e-19
-8.05191e-05 -6.0197e-05 7.37861e-19
-8.11307e-05 -5.96424e-05 7.37845e-19
-8.17614e-05 -5.9091e-05 7.37829e-19
-8.24112e-05 -5.85422e-05 7.37814e-19
-8.30798e-05 -5.79954e-05 7.37798e-19
-8.37671e-05 -5.74501e-05 7.37783e-19
-8.44727e-05 -5.6906e-05 7.37767e-19
-8.51964e-05 -5.63629e-05 7.37752e-19
-8.59381e-05 -5.58202e-05 7.37736e-19
-8.66974e-05 -5.52773e-05 7.37721e-19
-8.74742e-05 -5.47334e-05 7.37706e-19
-8.82681e-05 -5.41874e-05 7.3769e-19
-8.90791e-05 -5.36386e-05 7.37675e-19
-8.99067e-05 -5.30859e-05 7.37659e-19
-9.07507e-05 -5.25283e-05 7.37643e-19
-9.16109e-05 -5.1965e-05 7.37627e-19
-9.24869e-05 -5.13948e-05 7.37611e-19
-9.33783e-05 -5.08169e-05 7.37595e-19
-9.4285e-05 -5.02302e-05 7.37578e-19
-9.52064e-05 -4.96335e-05 7.37561e-19
-9.61424e-05 -4.9026e-05 7.37544e-19
-9.70924e-05 -4.84062e-05 7.37527e-19
-9.80562e-05 -4.77729e-05 7.37508e-19
-9.90334e-05 -4.71247e-05 7.3749e-19
-0.000100024 -4.64604e-05 7.37471e-19
-0.000101027 -4.57785e-05 7.37452e-19
-0.000102042 -4.50778e-05 7.37432e-19
-0.000103069 -4.4357e-05 7.37411e-19
-0.000104108 -4.36152e-05 7.3739e-19
-0.000105158 -4.28517e-05 7.37368e-19
-0.000106219 -4.20662e-05 7.37345e-19
-0.00010729 -4.12586e-05 7.37322e-19
-0.000108371 -4.0429e-05 7.37298e-19
-0.000109462 -3.95778e-05 7.37273e-19
-0.000110561 -3.87055e-05 7.37248e-19
-0.000111669 -3.78128e-05 7.37222e-19
-0.000112785 -3.69006e-05 7.37196e-19
-0.000113908 -3.59697e-05 7.37169e-19
-0.000115038 -3.50208e-05 7.37141e-19
-0.000116176 -3.40548e-05 7.37113e-19
-0.000117319 -3.30728e-05 7.37085e-19
-0.000118469 -3.2076e-05 7.37056e-19
-0.000119624 -3.10659e-05 7.37026e-19
-0.000120784 -3.0044e-05 7.36997e-19
-0.000121948 -2.90117e-05 7.36967e-19
-0.000123117 -2.79707e-05 7.36937e-19
-0.000124286 -2.69223e-05 7.36906e-19
-0.000125458 -2.58681e-05 7.36876e-19
-0.000126633 -2.48097e-05 7.36845e-19
-0.00012781 -2.37496e-05 7.36814e-19
-0.000128988 -2.26892e-05 7.36783e-19
-0.000130166 -2.16307e-05 7.36753e-19
-0.000131337 -2.05761e-05 7.36722e-19
-0.000132508 -1.95253e-05 7.36692e-19
-0.000133679 -1.84802e-05 7.36662e-19
-0.00013485 -1.74419e-05 7.36632e-19
-0.000136021 -1.64116e-05 7.36602e-19
-0.00013719 -1.53902e-05 7.36573e-19
-0.000138358 -1.4378e-05 7.36544e-19
-0.000139523 -1.33756e-05 7.36515e-19
-0.000140686 -1.23829e-05 7.36487e-19
-0.000141847 -1.13997e-05 7.36459e-19
-0.000143003 -1.04253e-05 7.36431e-19
-0.000144156 -9.45888e-06 7.36403e-19
-0.000145305 -8.49949e-06 7.36376e-19
-0.000146449 -7.54585e-06 7.36349e-19
-0.000147587 -6.59644e-06 7.36322e-19
-0.00014872 -5.64971e-06 7.36295e-19
-0.000149838 -4.70103e-06 7.36268e-19
-0.000150947 -3.75099e-06 7.36241e-19
-0.000152051 -2.79909e-06 7.36214e-19
-0.000153148 -1.84244e-06 7.36187e-19
-0.000154238 -8.80296e-07 7.36159e-19
-0.00015532 8.93711e-08 7.36132e-19
-0.000156395 1.06714e-06 7.36104e-19
-0.000157463 2.05436e-06 7.36076e-19
-0.000158512 3.03258e-06 7.36048e-19
-0.00015955 4.01598e-06 7.3602e-19
-0.000160582 5.01572e-06 7.35991e-19
-0.000161603 6.02514e-06 7.35962e-19
-0.000162617 7.04959e-06 7.35933e-19
-0.000163622 8.08638e-06 7.35903e-19
-0.000164618 9.13803e-06 7.35873e-19
-0.000165605 1.02033e-05 7.35842e-19
-0.000166583 1.12831e-05 7.35811e-19
-0.000167552 1.23765e-05 7.3578e-19
-0.000168512 1.34832e-05 7.35748e-19
-0.000169463 1.46022e-05 7.35715e-19
-0.000170404 1.57324e-05 7.35682e-19
-0.000171337 1.68722e-05 7.35649e-19
-0.000172261 1.80195e-05 7.35616e-19
-0.000173175 1.9172e-05 7.35582e-19
-0.00017408 2.03276e-05 7.35549e-19
-0.000174975 2.14836e-05 7.35515e-19
-0.000175861 2.26374e-05 7.35481e-19
-0.000176737 2.37862e-05 7.35448e-19
-0.000177604 2.49275e-05 7.35415e-19
-0.00017846 2.60587e-05 7.35382e-19
-0.000179307 2.71773e-05 7.35349e-19
-0.000180143 2.8281e-05 7.35317e-19
-0.000180969 2.93674e-05 7.35285e-19
-0.000181784 3.04344e-05 7.35254e-19
-0.000182589 3.14803e-05 7.35223e-19
-0.000183383 3.25031e-05 7.35194e-19
-0.000184166 3.35012e-05 7.35164e-19
-0.000184938 3.44733e-05 7.35136e-19
-0.000185699 3.54181e-05 7.35109e-19
-0.000186449 3.63344e-05 7.35082e-19
-0.000187187 3.72213e-05 7.35056e-19
-0.000187914 3.8078e-05 7.35031e-19
-0.000188628 3.89037e-05 7.35007e-19
-0.000189331 3.96978e-05 7.34984e-19
-0.000190021 4.04598e-05 7.34962e-19
-0.000190699 4.1189e-05 7.34941e-19
-0.000191364 4.18847e-05 7.34921e-19
-0.000192017 4.25463e-05 7.34902e-19
-0.000192657 4.31734e-05 7.34884e-19
-0.000193283 4.37658e-05 7.34867e-19
-0.000193896 4.43236e-05 7.34851e-19
-0.000194496 4.4847e-05 7.34836e-19
-0.000195082 4.53364e-05 7.34822e-19
-0.000195654 4.57921e-05 7.34809e-19
-0.000196212 4.62145e-05 7.34798e-19
-0.000196755 4.6604e-05 7.34787e-19
-0.000197285 4.69611e-05 7.34777e-19
-0.0001978 4.72865e-05 7.34768e-19
-0.0001983 4.75804e-05 7.34759e-19
-0.000198785 4.78436e-05 7.34752e-19
-0.000199256 4.80766e-05 7.34746e-19
-0.000199711 4.82801e-05 7.3474e-19
-0.00020015 4.84549e-05 7.34736e-19
-0.000200574 4.86017e-05 7.34732e-19
-0.000200982 4.87216e-05 7.34729e-19
-0.000201373 4.88155e-05 7.34727e-19
-0.000201748 4.8885e-05 7.34725e-19
-0.000202107 4.89313e-05 7.34724e-19
-0.000202449 4.89561e-05 7.34724e-19
-0.000202773 4.8961e-05 7.34724e-19
-0.000203081 4.89481e-05 7.34725e-19
-0.000203371 4.89192e-05 7.34727e-19
-0.000203643 4.88764e-05 7.34728e-19
-0.000203898 4.88214e-05 7.3473e-19
-0.000204134 4.87562e-05 7.34733e-19
-0.000204353 4.86826e-05 7.34735e-19
-0.000204553 4.86022e-05 7.34738e-19
-0.000204735 4.85167e-05 7.3474e-19
-0.000204898 4.84277e-05 7.34743e-19
-0.000205042 4.83363e-05 7.34746e-19
-0.000205167 4.82441e-05 7.34749e-19
-0.000205273 4.81521e-05 7.34752e-19
-0.00020536 4.80615e-05 7.34754e-19
-0.000205427 4.79734e-05 7.34757e-19
-0.000205475 4.78884e-05 7.34759e-19
-0.000205504 4.7807e-05 7.34762e-19
-0.000205514 4.77294e-05 7.34764e-19
-0.000205504 4.76556e-05 7.34766e-19
-0.000205475 4.75851e-05 7.34768e-19
-0.000205426 4.75172e-05 7.34769e-19
-0.000205358 4.74508e-05 7.34771e-19
-0.000205271 4.73846e-05 7.34773e-19
-0.000205165 4.73171e-05 7.34774e-19
-0.000205039 4.7247e-05 7.34776e-19
-0.000204894 4.71727e-05 7.34778e-19
-0.00020473 4.70926e-05 7.3478e-19
-0.000204547 4.70051e-05 7.34782e-19
-0.000204345 4.69085e-05 7.34784e-19
-0.000204125 4.6801e-05 7.34787e-19
-0.000203885 4.66809e-05 7.3479e-19
-0.000203628 4.65464e-05 7.34793e-19
-0.000203351 4.63961e-05 7.34797e-19
-0.000203057 4.62284e-05 7.34802e-19
-0.000202744 4.60421e-05 7.34807e-19
-0.000202414 4.5836e-05 7.34812e-19
-0.000202066 4.56086e-05 7.34819e-19
-0.000201699 4.53586e-05 7.34826e-19
-0.000201316 4.50849e-05 7.34833e-19
-0.000200914 4.47865e-05 7.34842e-19
-0.000200496 4.44628e-05 7.34851e-19
-0.000200059 4.41132e-05 7.34861e-19
-0.000199606 4.37375e-05 7.34872e-19
-0.000199135 4.33359e-05 7.34883e-19
-0.000198648 4.29091e-05 7.34896e-19
-0.000198143 4.2458e-05 7.34909e-19
-0.000197622 4.19839e-05 7.34922e-19
-0.000197084 4.14882e-05 7.34937e-19
-0.00019653 4.09724e-05 7.34952e-19
-0.00019596 4.04379e-05 7.34968e-19
-0.000195374 3.98864e-05 7.34984e-19
-0.000194772 3.93196e-05 7.35e-19
-0.000194155 3.87396e-05 7.35017e-19
-0.000193523 3.81486e-05 7.35034e-19
-0.000192876 3.75489e-05 7.35052e-19
-0.000192214 3.69426e-05 7.35069e-19
-0.000191538 3.63319e-05 7.35087e-19
-0.000190848 3.57188e-05 7.35105e-19
-0.000190144 3.51051e-05 7.35123e-19
-0.000189428 3.44925e-05 7.35141e-19
-0.000188699 3.38828e-05 7.35158e-19
-0.000187958 3.32774e-05 7.35176e-19
-0.000187204 3.26778e-05 7.35193e-19
-0.00018644 3.20849e-05 7.3521e-19
-0.000185665 3.14993e-05 7.35227e-19
-0.000184879 3.09212e-05 7.35244e-19
-0.000184083 3.03505e-05 7.3526e-19
-0.000183278 2.97869e-05 7.35276e-19
-0.000182464 2.923e-05 7.35292e-19
-0.000181641 2.86791e-05 7.35307e-19
-0.00018081 2.81335e-05 7.35323e-19
-0.000179971 2.75921e-05 7.35338e-19
-0.000179124 2.70542e-05 7.35353e-19
-0.000178271 2.65188e-05 7.35368e-19
-0.000177411 2.59849e-05 7.35383e-19
-0.000176545 2.54516e-05 7.35398e-19
-0.000175674 2.49177e-05 7.35413e-19
-0.000174798 2.43823e-05 7.35428e-19
-0.000173917 2.38442e-05 7.35443e-19
-0.000173031 2.33024e-05 7.35458e-19
-0.000172142 2.27559e-05 7.35474e-19
-0.000171249 2.22038e-05 7.35489e-19
-0.000170353 2.1645e-05 7.35505e-19
-0.000169455 2.10787e-05 7.3552e-19
-0.000168554 2.05033e-05 7.35537e-19
-0.00016765 1.99175e-05 7.35553e-19
-0.000166745 1.93199e-05 7.3557e-19
-0.000165839 1.87088e-05 7.35587e-19
-0.00016493 1.80828e-05 7.35604e-19
-0.000164021 1.74401e-05 7.35623e-19
-0.000163111 1.6779e-05 7.35641e-19
-0.000162199 1.60981e-05 7.3566e-19
-0.000161287 1.53955e-05 7.3568e-19
-0.000160375 1.46698e-05 7.35701e-19
-0.000159462 1.39193e-05 7.35722e-19
-0.000158548 1.31427e-05 7.35744e-19
-0.000157634 1.2339e-05 7.35767e-19
-0.000156721 1.15075e-05 7.35791e-19
-0.000155807 1.06477e-05 7.35816e-19
-0.000154892 9.75931e-06 7.35841e-19
-0.000153978 8.84221e-06 7.35868e-19
-0.000153065 7.89665e-06 7.35895e-19
-0.000152143 6.90608e-06 7.35924e-19
-0.000151219 5.8833e-06 7.35953e-19
-0.00015029 4.83945e-06 7.35984e-19
-0.000149359 3.7675e-06 7.36015e-19
-0.000148432 2.67216e-06 7.36047e-19
-0.000147504 1.55242e-06 7.3608e-19
-0.000146579 4.11497e-07 7.36113e-19
-0.000145655 -7.49818e-07 7.36147e-19
-0.000144732 -1.92881e-06 7.36181e-19
-0.000143812 -3.1239e-06 7.36216e-19
-0.000142893 -4.33256e-06 7.36252e-19
-0.000141977 -5.55279e-06 7.36287e-19
-0.000141063 -6.78212e-06 7.36323e-19
-0.000140151 -8.01823e-06 7.36359e-19
-0.000139243 -9.25842e-06 7.36396e-19
-0.000138337 -1.05e-05 7.36432e-19
-0.000137434 -1.17401e-05 7.36469e-19
-0.000136534 -1.29762e-05 7.36505e-19
-0.000135637 -1.42058e-05 7.36541e-19
-0.000134744 -1.54269e-05 7.36576e-19
-0.000133851 -1.66375e-05 7.36612e-19
-0.00013296 -1.78355e-05 7.36647e-19
-0.000132074 -1.9019e-05 7.36681e-19
-0.000131191 -2.01861e-05 7.36716e-19
-0.000130311 -2.13351e-05 7.36749e-19
-0.000129434 -2.24646e-05 7.36782e-19
-0.000128569 -2.35701e-05 7.36814e-19
-0.00012771 -2.46517e-05 7.36846e-19
-0.000126852 -2.57115e-05 7.36877e-19
-0.000126 -2.6747e-05 7.36907e-19
-0.000125151 -2.77571e-05 7.36936e-19
-0.000124307 -2.87407e-05 7.36964e-19
-0.000123468 -2.96967e-05 7.36992e-19
-0.000122633 -3.06247e-05 7.37019e-19
-0.000121802 -3.15244e-05 7.37045e-19
-0.000120976 -3.23963e-05 7.3707e-19
-0.000120154 -3.32412e-05 7.37094e-19
-0.000119338 -3.40599e-05 7.37118e-19
-0.000118526 -3.48534e-05 7.3714e-19
-0.00011772 -3.5623e-05 7.37162e-19
-0.000116918 -3.63699e-05 7.37184e-19
-0.000116121 -3.70956e-05 7.37204e-19
-0.00011533 -3.78015e-05 7.37224e-19
-0.000114543 -3.84889e-05 7.37244e-19
-0.000113763 -3.91592e-05 7.37263e-19
-0.000112987 -3.98139e-05 7.37282e-19
-0.000112218 -4.04543e-05 7.373e-19
-0.000111454 -4.1082e-05 7.37318e-19
-0.000110696 -4.16983e-05 7.37335e-19
-0.000109944 -4.23046e-05 7.37352e-19
-0.000109199 -4.29017e-05 7.37369e-19
-0.00010846 -4.34904e-05 7.37386e-19
-0.000107729 -4.40712e-05 7.37402e-19
-0.000107004 -4.46447e-05 7.37419e-19
-0.000106287 -4.52111e-05 7.37435e-19
-0.000105577 -4.57706e-05 7.37451e-19
-0.000104876 -4.63234e-05 7.37467e-19
-0.000104183 -4.68694e-05 7.37482e-19
-0.000103498 -4.74083e-05 7.37498e-19
-0.000102823 -4.794e-05 7.37513e-19
-0.000102157 -4.84639e-05 7.37528e-19
-0.0001015 -4.89797e-05 7.37543e-19
-0.000100853 -4.9487e-05 7.37557e-19
-0.000100217 -4.99854e-05 7.37572e-19
-9.95906e-05 -5.04747e-05 7.37586e-19
-9.89752e-05 -5.09543e-05 7.376e-19
-9.83709e-05 -5.14236e-05 7.37613e-19
-9.77779e-05 -5.18821e-05 7.37627e-19
-9.71965e-05 -5.23291e-05 7.3764e-19
-9.66271e-05 -5.27637e-05 7.37652e-19
-9.60698e-05 -5.3185e-05 7.37664e-19
-9.55252e-05 -5.35918e-05 7.37676e-19
-9.49933e-05 -5.39828e-05 7.37688e-19
-9.44747e-05 -5.4357e-05 7.37699e-19
-9.39695e-05 -5.47131e-05 7.37709e-19
-9.34782e-05 -5.505e-05 7.37719e-19
-9.30009e-05 -5.53666e-05 7.37728e-19
-9.25381e-05 -5.56617e-05 7.37737e-19
-9.209e-05 -5.59344e-05 7.37744e-19
-9.16569e-05 -5.61836e-05 7.37752e-19
-9.12392e-05 -5.64084e-05 7.37758e-19
-9.08371e-05 -5.66079e-05 7.37764e-19
-9.0451e-05 -5.67816e-05 7.37769e-19
-9.0081e-05 -5.69292e-05 7.37773e-19
-8.97275e-05 -5.70506e-05 7.37776e-19
-8.93907e-05 -5.71456e-05 7.37779e-19
-8.90709e-05 -5.72142e-05 7.37781e-19
-8.87684e-05 -5.72565e-05 7.37782e-19
-8.84834e-05 -5.72728e-05 7.37782e-19
-8.82161e-05 -5.72634e-05 7.37782e-19
-8.79669e-05 -5.72287e-05 7.3778e-19
-8.7736e-05 -5.71697e-05 7.37778e-19
-8.75235e-05 -5.70871e-05 7.37776e-19
-8.73297e-05 -5.69818e-05 7.37772e-19
-8.71549e-05 -5.68547e-05 7.37768e-19
-8.69993e-05 -5.6707e-05 7.37764e-19
-8.68632e-05 -5.65394e-05 7.37758e-19
-8.67468e-05 -5.63532e-05 7.37753e-19
-8.66504e-05 -5.61494e-05 7.37746e-19
-8.65741e-05 -5.59294e-05 7.3774e-19
-8.65182e-05 -5.56942e-05 7.37732e-19
-8.64828e-05 -5.54452e-05 7.37725e-19
-8.6468e-05 -5.51839e-05 7.37717e-19
-8.64741e-05 -5.49116e-05 7.37709e-19
-8.65011e-05 -5.46298e-05 7.377e-19
-8.65491e-05 -5.43402e-05 7.37691e-19
-8.66183e-05 -5.40443e-05 7.37682e-19
-8.67086e-05 -5.37438e-05 7.37673e-19
-8.682e-05 -5.34404e-05 7.37664e-19
-8.69527e-05 -5.31355e-05 7.37655e-19
-8.71065e-05 -5.28306e-05 7.37646e-19
-8.72816e-05 -5.25266e-05 7.37637e-19
-8.74779e-05 -5.22246e-05 7.37628e-19
-8.76953e-05 -5.19256e-05 7.37619e-19
-8.79338e-05 -5.16305e-05 7.3761e-19
-8.81932e-05 -5.13404e-05 7.37602e-19
-8.84735e-05 -5.10561e-05 7.37594e-19
-8.87743e-05 -5.07784e-05 7.37586e-19
-8.90957e-05 -5.05082e-05 7.37578e-19
-8.94372e-05 -5.02463e-05 7.3757e-19
-8.97986e-05 -4.99936e-05 7.37563e-19
-9.01795e-05 -4.97506e-05 7.37556e-19
-9.05798e-05 -4.95176e-05 7.3755e-19
-9.0999e-05 -4.9295e-05 7.37544e-19
-9.14368e-05 -4.90828e-05 7.37538e-19
-9.18928e-05 -4.88806e-05 7.37532e-19
-9.23667e-05 -4.8688e-05 7.37527e-19
-9.28581e-05 -4.85038e-05 7.37522e-19
-9.33666e-05 -4.83269e-05 7.37518e-19
-9.3892e-05 -4.81557e-05 7.37513e-19
-9.44338e-05 -4.79883e-05 7.37509e-19
-9.49918e-05 -4.78221e-05 7.37504e-19
-9.55658e-05 -4.76547e-05 7.375e-19
-9.61553e-05 -4.74836e-05 7.37496e-19
-9.676e-05 -4.73064e-05 7.37491e-19
-9.73796e-05 -4.71211e-05 7.37487e-19
-9.80137e-05 -4.69255e-05 7.37481e-19
-9.8662e-05 -4.67176e-05 7.37476e-19
-9.93239e-05 -4.64953e-05 7.3747e-19
-9.99992e-05 -4.62569e-05 7.37464e-19
-0.000100688 -4.60007e-05 7.37457e-19
-0.000101388 -4.57251e-05 7.37449e-19
-0.000102102 -4.54284e-05 7.37441e-19
-0.000102827 -4.51092e-05 7.37432e-19
-0.000103563 -4.47662e-05 7.37423e-19
-0.000104311 -4.43982e-05 7.37413e-19
-0.00010507 -4.40044e-05 7.37402e-19
-0.000105839 -4.35841e-05 7.3739e-19
-0.000106618 -4.3137e-05 7.37377e-19
-0.000107407 -4.26626e-05 7.37364e-19
-0.000108206 -4.21609e-05 7.37349e-19
-0.000109013 -4.16321e-05 7.37334e-19
-0.000109829 -4.10763e-05 7.37318e-19
-0.000110654 -4.04939e-05 7.37301e-19
-0.000111486 -3.98856e-05 7.37284e-19
-0.000112326 -3.92523e-05 7.37266e-19
-0.000113173 -3.85949e-05 7.37247e-19
-0.000114026 -3.79143e-05 7.37227e-19
-0.000114887 -3.72115e-05 7.37207e-19
-0.000115753 -3.64872e-05 7.37186e-19
-0.000116625 -3.57422e-05 7.37164e-19
-0.000117502 -3.49775e-05 7.37142e-19
-0.000118384 -3.41946e-05 7.37119e-19
-0.000119271 -3.33952e-05 7.37096e-19
-0.000120161 -3.25808e-05 7.37072e-19
-0.000121056 -3.17531e-05 7.37048e-19
-0.000121954 -3.09136e-05 7.37024e-19
-0.000122854 -3.00636e-05 7.36999e-19
-0.000123755 -2.92039e-05 7.36974e-19
-0.000124657 -2.83359e-05 7.36949e-19
-0.000125561 -2.74605e-05 7.36923e-19
-0.000126467 -2.65781e-05 7.36898e-19
-0.000127374 -2.56894e-05 7.36872e-19
-0.000128282 -2.47951e-05 7.36846e-19
-0.00012919 -2.38959e-05 7.3682e-19
-0.000130093 -2.29924e-05 7.36794e-19
-0.000130993 -2.20852e-05 7.36768e-19
-0.000131893 -2.11739e-05 7.36741e-19
-0.000132793 -2.02585e-05 7.36715e-19
-0.000133693 -1.93393e-05 7.36688e-19
-0.000134592 -1.84165e-05 7.36662e-19
-0.000135491 -1.74904e-05 7.36635e-19
-0.000136388 -1.65612e-05 7.36608e-19
-0.000137285 -1.56288e-05 7.36581e-19
-0.00013818 -1.46932e-05 7.36554e-19
-0.000139074 -1.37545e-05 7.36527e-19
-0.000139967 -1.28127e-05 7.365e-19
-0.000140858 -1.18678e-05 7.36473e-19
-0.000141748 -1.09199e-05 7.36445e-19
-0.000142636 -9.96881e-06 7.36418e-19
-0.000143523 -9.01482e-06 7.3639e-19
-0.000144408 -8.05799e-06 7.36363e-19
-0.000145291 -7.09849e-06 7.36335e-19
-0.000146172 -6.13643e-06 7.36307e-19
-0.000147051 -5.172e-06 7.36279e-19
-0.000147928 -4.2054e-06 7.36252e-19
-0.000148803 -3.23683e-06 7.36224e-19
-0.000149669 -2.26404e-06 7.36196e-19
-0.000150529 -1.28875e-06 7.36167e-19
-0.000151389 -3.11672e-07 7.36139e-19
-0.000152246 6.68305e-07 7.36111e-19
-0.0001531 1.65068e-06 7.36083e-19
-0.000153952 2.63591e-06 7.36054e-19
-0.000154802 3.62341e-06 7.36026e-19
-0.00015564 4.59618e-06 7.35998e-19
-0.000156472 5.56534e-06 7.3597e-19
-0.000157303 6.54001e-06 7.35942e-19
-0.00015813 7.51288e-06 7.35914e-19
-0.000158955 8.48785e-06 7.35886e-19
-0.000159776 9.46136e-06 7.35858e-19
-0.000160593 1.0435e-05 7.35829e-19
-0.000161407 1.1407e-05 7.35801e-19
-0.000162217 1.23779e-05 7.35773e-19
-0.000163023 1.33466e-05 7.35745e-19
-0.000163825 1.43128e-05 7.35717e-19
-0.000164623 1.52757e-05 7.3569e-19
-0.000165416 1.62347e-05 7.35662e-19
-0.000166205 1.71888e-05 7.35634e-19
-0.000166989 1.81371e-05 7.35607e-19
-0.000167769 1.90787e-05 7.35579e-19
-0.000168544 2.00123e-05 7.35552e-19
-0.000169313 2.09369e-05 7.35525e-19
-0.000170078 2.18508e-05 7.35499e-19
-0.000170837 2.27526e-05 7.35473e-19
-0.000171591 2.36404e-05 7.35447e-19
-0.000172339 2.45125e-05 7.35422e-19
-0.000173081 2.53672e-05 7.35397e-19
-0.000173817 2.62027e-05 7.35372e-19
-0.000174546 2.70173e-05 7.35349e-19
-0.00017527 2.78094e-05 7.35326e-19
-0.000175987 2.85777e-05 7.35303e-19
-0.000176697 2.93209e-05 7.35282e-19
-0.0001774 3.0038e-05 7.35261e-19
-0.000178096 3.07281e-05 7.35241e-19
-0.000178785 3.13901e-05 7.35222e-19
-0.000179467 3.20233e-05 7.35204e-19
-0.00018014 3.26268e-05 7.35186e-19
-0.000180807 3.32e-05 7.3517e-19
-0.000181465 3.37417e-05 7.35154e-19
-0.000182114 3.42512e-05 7.3514e-19
-0.000182755 3.47273e-05 7.35126e-19
-0.000183387 3.51696e-05 7.35114e-19
-0.000184009 3.55777e-05 7.35102e-19
-0.000184622 3.59519e-05 7.35092e-19
-0.000185224 3.62924e-05 7.35082e-19
-0.000185816 3.65999e-05 7.35074e-19
-0.000186397 3.68754e-05 7.35066e-19
-0.000186968 3.71199e-05 7.35059e-19
-0.000187526 3.73351e-05 7.35054e-19
-0.000188073 3.75223e-05 7.35049e-19
-0.000188608 3.76832e-05 7.35044e-19
-0.000189131 3.78192e-05 7.35041e-19
-0.00018964 3.7932e-05 7.35038e-19
-0.000190136 3.80232e-05 7.35036e-19
-0.000190619 3.80942e-05 7.35035e-19
-0.000191087 3.81465e-05 7.35034e-19
-0.000191541 3.81815e-05 7.35033e-19
-0.00019198 3.82004e-05 7.35033e-19
-0.000192404 3.82048e-05 7.35034e-19
-0.000192812 3.8196e-05 7.35034e-19
-0.000193205 3.81752e-05 7.35035e-19
-0.00019358 3.8144e-05 7.35037e-19
-0.00019394 3.81038e-05 7.35038e-19
-0.000194282 3.80561e-05 7.3504e-19
-0.000194606 3.80024e-05 7.35042e-19
-0.000194914 3.79441e-05 7.35044e-19
-0.000195203 3.78826e-05 7.35046e-19
-0.000195475 3.78189e-05 7.35049e-19
-0.000195728 3.77541e-05 7.35051e-19
-0.000195963 3.76891e-05 7.35053e-19
-0.000196179 3.76246e-05 7.35055e-19
-0.000196377 3.75611e-05 7.35057e-19
-0.000196555 3.74991e-05 7.35059e-19
-0.000196715 3.74387e-05 7.35061e-19
-0.000196855 3.73803e-05 7.35063e-19
-0.000196976 3.73239e-05 7.35064e-19
-0.000197078 3.72696e-05 7.35066e-19
-0.000197161 3.72172e-05 7.35067e-19
-0.000197224 3.71665e-05 7.35069e-19
-0.000197267 3.71171e-05 7.3507e-19
-0.000197291 3.70685e-05 7.35071e-19
-0.000197295 3.70202e-05 7.35073e-19
-0.00019728 3.6971e-05 7.35074e-19
-0.000197245 3.69197e-05 7.35075e-19
-0.00019719 3.68651e-05 7.35077e-19
-0.000197116 3.68058e-05 7.35078e-19
-0.000197021 3.67406e-05 7.3508e-19
-0.000196907 3.66681e-05 7.35082e-19
-0.000196773 3.65872e-05 7.35084e-19
-0.000196619 3.64967e-05 7.35086e-19
-0.000196445 3.63959e-05 7.35089e-19
-0.000196251 3.62845e-05 7.35092e-19
-0.000196038 3.61621e-05 7.35095e-19
-0.000195804 3.60286e-05 7.35099e-19
-0.000195551 3.58838e-05 7.35103e-19
-0.000195279 3.57281e-05 7.35107e-19
-0.000194987 3.55615e-05 7.35112e-19
-0.000194676 3.53841e-05 7.35117e-19
-0.000194346 3.51957e-05 7.35122e-19
-0.000193997 3.49954e-05 7.35128e-19
-0.000193629 3.47827e-05 7.35134e-19
-0.000193242 3.4557e-05 7.3514e-19
-0.000192837 3.43183e-05 7.35147e-19
-0.000192413 3.40666e-05 7.35154e-19
-0.000191972 3.38021e-05 7.35162e-19
-0.000191512 3.35251e-05 7.3517e-19
-0.000191035 3.3236e-05 7.35178e-19
-0.00019054 3.29352e-05 7.35186e-19
-0.000190029 3.26233e-05 7.35195e-19
-0.000189501 3.23008e-05 7.35205e-19
-0.000188956 3.19676e-05 7.35214e-19
-0.000188396 3.16237e-05 7.35224e-19
-0.00018782 3.1269e-05 7.35234e-19
-0.000187229 3.09033e-05 7.35244e-19
-0.000186623 3.05266e-05 7.35255e-19
-0.000186003 3.01385e-05 7.35266e-19
-0.000185368 2.9739e-05 7.35278e-19
-0.000184719 2.93277e-05 7.35289e-19
-0.000184057 2.89044e-05 7.35301e-19
-0.000183382 2.84691e-05 7.35314e-19
-0.000182694 2.80215e-05 7.35327e-19
-0.000181994 2.75615e-05 7.3534e-19
-0.000181282 2.70895e-05 7.35353e-19
-0.000180558 2.66059e-05 7.35367e-19
-0.000179823 2.61113e-05 7.35381e-19
-0.000179077 2.56061e-05 7.35396e-19
-0.000178321 2.50908e-05 7.3541e-19
-0.000177555 2.45658e-05 7.35425e-19
-0.00017678 2.40316e-05 7.35441e-19
-0.000175995 2.34885e-05 7.35456e-19
-0.000175202 2.29369e-05 7.35472e-19
-0.0001744 2.23772e-05 7.35488e-19
-0.000173591 2.18099e-05 7.35504e-19
-0.000172774 2.1235e-05 7.3552e-19
-0.00017195 2.06528e-05 7.35537e-19
-0.000171118 2.00634e-05 7.35554e-19
-0.000170281 1.94666e-05 7.35571e-19
-0.000169437 1.88624e-05 7.35588e-19
-0.000168588 1.82506e-05 7.35605e-19
-0.000167733 1.76309e-05 7.35623e-19
-0.000166873 1.7003e-05 7.3564e-19
-0.000166008 1.63665e-05 7.35658e-19
-0.000165139 1.57211e-05 7.35677e-19
-0.000164266 1.50666e-05 7.35695e-19
-0.000163389 1.44025e-05 7.35714e-19
-0.000162508 1.37285e-05 7.35733e-19
-0.000161625 1.30442e-05 7.35752e-19
-0.000160739 1.23492e-05 7.35772e-19
-0.00015985 1.16428e-05 7.35792e-19
-0.00015896 1.09247e-05 7.35812e-19
-0.000158068 1.01939e-05 7.35833e-19
-0.000157174 9.4497e-06 7.35854e-19
-0.00015628 8.69117e-06 7.35876e-19
-0.000155384 7.91739e-06 7.35898e-19
-0.000154488 7.12725e-06 7.3592e-19
-0.000153587 6.31116e-06 7.35944e-19
-0.000152681 5.46613e-06 7.35968e-19
-0.000151774 4.60087e-06 7.35993e-19
-0.000150867 3.71537e-06 7.36018e-19
-0.000149953 2.81075e-06 7.36044e-19
-0.000149038 1.88519e-06 7.36071e-19
-0.000148125 9.37334e-07 7.36098e-19
-0.000147212 -3.17019e-08 7.36126e-19
-0.0001463 -1.02241e-06 7.36155e-19
-0.00014539 -2.03358e-06 7.36184e-19
-0.00014448 -3.06508e-06 7.36214e-19
-0.000143573 -4.1157e-06 7.36245e-19
-0.000142666 -5.18487e-06 7.36276e-19
-0.000141762 -6.27129e-06 7.36308e-19
-0.000140859 -7.37393e-06 7.3634e-19
-0.000139957 -8.49131e-06 7.36372e-19
-0.000139058 -9.62208e-06 7.36405e-19
-0.00013816 -1.07646e-05 7.36439e-19
-0.000137264 -1.19171e-05 7.36472e-19
-0.000136371 -1.30777e-05 7.36506e-19
-0.000135479 -1.42442e-05 7.3654e-19
-0.000134589 -1.54144e-05 7.36575e-19
-0.000133698 -1.65864e-05 7.36609e-19
-0.000132807 -1.77578e-05 7.36643e-19
-0.000131919 -1.89267e-05 7.36677e-19
-0.000131033 -2.00912e-05 7.36711e-19
-0.00013015 -2.12493e-05 7.36745e-19
-0.000129269 -2.23985e-05 7.36779e-19
-0.000128397 -2.35341e-05 7.36812e-19
-0.000127528 -2.46556e-05 7.36845e-19
-0.000126659 -2.57637e-05 7.36877e-19
-0.000125794 -2.68553e-05 7.36909e-19
-0.000124932 -2.79286e-05 7.3694e-19
-0.000124072 -2.89822e-05 7.36971e-19
-0.000123216 -3.00146e-05 7.37001e-19
-0.000122363 -3.10243e-05 7.3703e-19
-0.000121513 -3.20098e-05 7.37059e-19
-0.000120668 -3.29701e-05 7.37087e-19
-0.000119826 -3.39042e-05 7.37114e-19
-0.00011899 -3.48115e-05 7.3714e-19
-0.000118157 -3.5692e-05 7.37165e-19
-0.00011733 -3.65458e-05 7.3719e-19
-0.000116507 -3.73731e-05 7.37214e-19
-0.00011569 -3.81745e-05 7.37237e-19
-0.000114878 -3.89508e-05 7.37259e-19
-0.000114071 -3.97027e-05 7.3728e-19
-0.000113271 -4.04313e-05 7.37301e-19
-0.000112476 -4.11375e-05 7.37321e-19
-0.000111688 -4.18226e-05 7.37341e-19
-0.000110906 -4.24878e-05 7.3736e-19
-0.000110131 -4.31342e-05 7.37378e-19
-0.000109362 -4.3763e-05 7.37396e-19
-0.0001086 -4.43752e-05 7.37414e-19
-0.000107846 -4.49719e-05 7.37431e-19
-0.000107098 -4.55542e-05 7.37447e-19
-0.000106359 -4.61229e-05 7.37463e-19
-0.000105626 -4.6679e-05 7.37479e-19
-0.000104902 -4.72234e-05 7.37495e-19
-0.000104186 -4.77568e-05 7.3751e-19
-0.000103477 -4.82801e-05 7.37525e-19
-0.000102777 -4.87939e-05 7.37539e-19
-0.000102085 -4.92992e-05 7.37554e-19
-0.000101402 -4.97964e-05 7.37568e-19
-0.000100728 -5.02854e-05 7.37582e-19
-0.000100063 -5.07661e-05 7.37596e-19
-9.94064e-05 -5.1238e-05 7.37609e-19
-9.87598e-05 -5.17008e-05 7.37622e-19
-9.81229e-05 -5.2154e-05 7.37635e-19
-9.7496e-05 -5.25974e-05 7.37648e-19
-9.68793e-05 -5.30306e-05 7.3766e-19
-9.62732e-05 -5.34532e-05 7.37673e-19
-9.56777e-05 -5.38656e-05 7.37684e-19
-9.50932e-05 -5.42679e-05 7.37696e-19
-9.45198e-05 -5.46607e-05 7.37707e-19
-9.39577e-05 -5.50445e-05 7.37718e-19
-9.34071e-05 -5.54199e-05 7.37729e-19
-9.28681e-05 -5.57882e-05 7.3774e-19
-9.23409e-05 -5.61501e-05 7.3775e-19
-9.18257e-05 -5.65066e-05 7.3776e-19
-9.13225e-05 -5.68584e-05 7.3777e-19
-9.08318e-05 -5.72057e-05 7.3778e-19
-9.03536e-05 -5.7549e-05 7.3779e-19
-8.98881e-05 -5.78884e-05 7.378e-19
-8.94356e-05 -5.82243e-05 7.3781e-19
-8.89962e-05 -5.85566e-05 7.3782e-19
-8.857e-05 -5.88856e-05 7.37829e-19
-8.81573e-05 -5.9211e-05 7.37839e-19
-8.77582e-05 -5.95322e-05 7.37848e-19
-8.7373e-05 -5.98485e-05 7.37857e-19
-8.70019e-05 -6.01589e-05 7.37866e-19
-8.6645e-05 -6.04624e-05 7.37875e-19
-8.63025e-05 -6.0758e-05 7.37884e-19
-8.59746e-05 -6.10448e-05 7.37892e-19
-8.56614e-05 -6.13216e-05 7.379e-19
-8.5363e-05 -6.15877e-05 7.37908e-19
-8.50796e-05 -6.18419e-05 7.37916e-19
-8.48112e-05 -6.20834e-05 7.37923e-19
-8.45579e-05 -6.23114e-05 7.37929e-19
-8.43199e-05 -6.25251e-05 7.37936e-19
-8.4097e-05 -6.27239e-05 7.37941e-19
-8.38895e-05 -6.2907e-05 7.37947e-19
-8.36974e-05 -6.30742e-05 7.37952e-19
-8.35207e-05 -6.3225e-05 7.37956e-19
-8.33593e-05 -6.33593e-05 7.3796e-19
-8.32134e-05 -6.34773e-05 7.37963e-19
-8.30828e-05 -6.35791e-05 7.37966e-19
-8.29676e-05 -6.36651e-05 7.37968e-19
-8.28678e-05 -6.37355e-05 7.3797e-19
-8.27834e-05 -6.37906e-05 7.37972e-19
-8.27143e-05 -6.3831e-05 7.37973e-19
-8.26607e-05 -6.38572e-05 7.37973e-19
-8.26223e-05 -6.387e-05 7.37974e-19
-8.25993e-05 -6.38704e-05 7.37974e-19
-8.25915e-05 -6.38595e-05 7.37973e-19
-8.25989e-05 -6.38384e-05 7.37972e-19
-8.26214e-05 -6.38079e-05 7.37971e-19
-8.26591e-05 -6.37689e-05 7.3797e-19
-8.2712e-05 -6.37222e-05 7.37968e-19
-8.27799e-05 -6.36685e-05 7.37967e-19
-8.28629e-05 -6.36083e-05 7.37965e-19
-8.2961e-05 -6.35421e-05 7.37963e-19
-8.30743e-05 -6.34701e-05 7.3796e-19
-8.32027e-05 -6.33928e-05 7.37958e-19
-8.33462e-05 -6.33106e-05 7.37955e-19
-8.35047e-05 -6.32241e-05 7.37953e-19
-8.36781e-05 -6.31338e-05 7.3795e-19
-8.38663e-05 -6.30402e-05 7.37947e-19
-8.40691e-05 -6.2944e-05 7.37945e-19
-8.42863e-05 -6.28461e-05 7.37942e-19
-8.45178e-05 -6.27472e-05 7.37939e-19
-8.47632e-05 -6.26479e-05 7.37936e-19
-8.50225e-05 -6.25485e-05 7.37933e-19
-8.52953e-05 -6.2449e-05 7.37931e-19
-8.55816e-05 -6.23493e-05 7.37928e-19
-8.58809e-05 -6.22491e-05 7.37925e-19
-8.61933e-05 -6.21479e-05 7.37923e-19
-8.65183e-05 -6.20449e-05 7.3792e-19
-8.68558e-05 -6.19394e-05 7.37917e-19
-8.72055e-05 -6.18306e-05 7.37914e-19
-8.75669e-05 -6.17185e-05 7.37911e-19
-8.79398e-05 -6.16034e-05 7.37908e-19
-8.83235e-05 -6.14854e-05 7.37905e-19
-8.87178e-05 -6.13647e-05 7.37902e-19
-8.91221e-05 -6.1241e-05 7.37899e-19
-8.9536e-05 -6.11138e-05 7.37896e-19
-8.99592e-05 -6.09827e-05 7.37892e-19
-9.03913e-05 -6.08469e-05 7.37889e-19
-9.08318e-05 -6.07053e-05 7.37885e-19
-9.12805e-05 -6.05566e-05 7.37881e-19
-9.1737e-05 -6.03995e-05 7.37877e-19
-9.22009e-05 -6.02324e-05 7.37873e-19
-9.2672e-05 -6.00542e-05 7.37868e-19
-9.31499e-05 -5.98634e-05 7.37863e-19
-9.36343e-05 -5.96588e-05 7.37858e-19
-9.41249e-05 -5.94391e-05 7.37852e-19
-9.46213e-05 -5.92029e-05 7.37845e-19
-9.51235e-05 -5.89488e-05 7.37838e-19
-9.56311e-05 -5.86755e-05 7.37831e-19
-9.61439e-05 -5.83817e-05 7.37823e-19
-9.66617e-05 -5.80662e-05 7.37814e-19
-9.71845e-05 -5.77279e-05 7.37804e-19
-9.77119e-05 -5.73657e-05 7.37794e-19
-9.82439e-05 -5.69788e-05 7.37783e-19
-9.87805e-05 -5.6566e-05 7.37771e-19
-9.93216e-05 -5.61263e-05 7.37759e-19
-9.98672e-05 -5.56586e-05 7.37745e-19
-0.000100417 -5.51624e-05 7.37731e-19
-0.000100972 -5.46375e-05 7.37715e-19
-0.000101531 -5.40842e-05 7.37699e-19
-0.000102094 -5.35029e-05 7.37682e-19
-0.000102661 -5.28943e-05 7.37665e-19
-0.000103233 -5.22591e-05 7.37646e-19
-0.000103809 -5.15981e-05 7.37627e-19
-0.000104389 -5.09123e-05 7.37607e-19
-0.000104974 -5.02029e-05 7.37586e-19
-0.000105563 -4.94709e-05 7.37564e-19
-0.000106156 -4.87179e-05 7.37542e-19
-0.000106754 -4.79451e-05 7.37519e-19
-0.000107356 -4.71541e-05 7.37496e-19
-0.000107963 -4.6346e-05 7.37472e-19
-0.000108574 -4.5522e-05 7.37448e-19
-0.000109189 -4.46834e-05 7.37424e-19
-0.000109809 -4.38315e-05 7.37399e-19
-0.000110434 -4.29676e-05 7.37373e-19
-0.000111063 -4.20935e-05 7.37347e-19
-0.000111696 -4.12106e-05 7.37321e-19
-0.000112335 -4.03206e-05 7.37295e-19
-0.000112977 -3.94245e-05 7.37269e-19
-0.000113625 -3.85235e-05 7.37243e-19
-0.000114276 -3.76187e-05 7.37216e-19
-0.000114933 -3.6711e-05 7.3719e-19
-0.000115594 -3.58014e-05 7.37163e-19
-0.000116259 -3.4891e-05 7.37136e-19
-0.000116929 -3.39808e-05 7.3711e-19
-0.000117603 -3.30715e-05 7.37083e-19
-0.000118282 -3.21635e-05 7.37057e-19
-0.000118966 -3.12569e-05 7.3703e-19
-0.000119654 -3.03515e-05 7.37004e-19
-0.000120347 -2.94474e-05 7.36978e-19
-0.000121045 -2.85449e-05 7.36951e-19
-0.000121747 -2.76444e-05 7.36925e-19
-0.000122454 -2.67462e-05 7.36899e-19
-0.000123166 -2.58506e-05 7.36873e-19
-0.000123882 -2.49579e-05 7.36847e-19
-0.000124602 -2.40682e-05 7.36821e-19
-0.000125327 -2.31825e-05 7.36796e-19
-0.000126055 -2.23005e-05 7.3677e-19
-0.000126787 -2.14232e-05 7.36745e-19
-0.000127522 -2.05504e-05 7.3672e-19
-0.000128262 -1.9681e-05 7.36695e-19
-0.000129006 -1.88159e-05 7.3667e-19
-0.000129756 -1.79547e-05 7.36645e-19
-0.00013051 -1.70972e-05 7.3662e-19
-0.000131269 -1.62435e-05 7.36596e-19
-0.000132032 -1.53932e-05 7.36571e-19
-0.0001328 -1.45465e-05 7.36547e-19
-0.000133571 -1.37033e-05 7.36522e-19
-0.000134347 -1.28639e-05 7.36498e-19
-0.000135128 -1.20282e-05 7.36474e-19
-0.000135912 -1.11959e-05 7.3645e-19
-0.000136698 -1.03668e-05 7.36426e-19
-0.000137486 -9.54027e-06 7.36403e-19
-0.000138279 -8.71603e-06 7.36379e-19
-0.000139074 -7.89406e-06 7.36355e-19
-0.000139874 -7.07439e-06 7.36332e-19
-0.000140676 -6.2573e-06 7.36308e-19
-0.000141482 -5.44295e-06 7.36285e-19
-0.00014229 -4.63177e-06 7.36261e-19
-0.000143101 -3.82413e-06 7.36238e-19
-0.000143913 -3.02057e-06 7.36215e-19
-0.000144728 -2.22165e-06 7.36192e-19
-0.000145544 -1.4282e-06 7.36169e-19
-0.000146361 -6.41132e-07 7.36146e-19
-0.000147179 1.38518e-07 7.36124e-19
-0.000147997 9.09663e-07 7.36102e-19
-0.000148809 1.6729e-06 7.36079e-19
-0.000149619 2.42536e-06 7.36058e-19
-0.00015043 3.16476e-06 7.36036e-19
-0.000151238 3.89048e-06 7.36015e-19
-0.000152045 4.6009e-06 7.35995e-19
-0.000152843 5.28371e-06 7.35975e-19
-0.000153638 5.94612e-06 7.35956e-19
-0.00015443 6.59422e-06 7.35938e-19
-0.000155219 7.22232e-06 7.3592e-19
-0.000156004 7.83286e-06 7.35902e-19
-0.000156786 8.4229e-06 7.35885e-19
-0.000157563 8.99331e-06 7.35869e-19
-0.000158335 9.54289e-06 7.35853e-19
-0.000159102 1.00724e-05 7.35838e-19
-0.000159864 1.05816e-05 7.35823e-19
-0.00016062 1.10708e-05 7.35809e-19
-0.00016137 1.15401e-05 7.35796e-19
-0.000162114 1.19895e-05 7.35783e-19
-0.00016285 1.2419e-05 7.35771e-19
-0.00016358 1.2829e-05 7.35759e-19
-0.000164302 1.32198e-05 7.35748e-19
-0.000165016 1.35924e-05 7.35738e-19
-0.000165722 1.39473e-05 7.35728e-19
-0.00016642 1.42856e-05 7.35718e-19
-0.000167109 1.46083e-05 7.35709e-19
-0.000167789 1.49169e-05 7.35701e-19
-0.00016846 1.52126e-05 7.35693e-19
-0.000169121 1.54969e-05 7.35685e-19
-0.000169773 1.57712e-05 7.35677e-19
-0.000170415 1.60369e-05 7.3567e-19
-0.000171046 1.62953e-05 7.35663e-19
-0.000171667 1.65479e-05 7.35656e-19
-0.000172278 1.67959e-05 7.35649e-19
-0.000172878 1.70406e-05 7.35642e-19
-0.000173466 1.72831e-05 7.35635e-19
-0.000174043 1.75244e-05 7.35629e-19
-0.000174609 1.77656e-05 7.35622e-19
-0.000175162 1.80071e-05 7.35616e-19
-0.000175704 1.82496e-05 7.35609e-19
-0.000176232 1.84937e-05 7.35602e-19
-0.000176748 1.874e-05 7.35595e-19
-0.000177251 1.89887e-05 7.35588e-19
-0.000177741 1.92402e-05 7.35581e-19
-0.000178217 1.9495e-05 7.35574e-19
-0.000178679 1.97532e-05 7.35567e-19
-0.000179127 2.00151e-05 7.3556e-19
-0.00017956 2.02809e-05 7.35552e-19
-0.000179979 2.05508e-05 7.35545e-19
-0.000180383 2.08251e-05 7.35537e-19
-0.000180772 2.11041e-05 7.35529e-19
-0.000181145 2.13883e-05 7.35521e-19
-0.000181503 2.16778e-05 7.35513e-19
-0.000181846 2.19731e-05 7.35504e-19
-0.000182173 2.22746e-05 7.35496e-19
-0.000182484 2.25827e-05 7.35487e-19
-0.000182779 2.28975e-05 7.35478e-19
-0.000183058 2.32187e-05 7.35469e-19
-0.000183321 2.35458e-05 7.35459e-19
-0.000183568 2.38781e-05 7.3545e-19
-0.000183799 2.42148e-05 7.3544e-19
-0.000184014 2.45552e-05 7.3543e-19
-0.000184212 2.48984e-05 7.3542e-19
-0.000184394 2.52434e-05 7.3541e-19
-0.00018456 2.55892e-05 7.354e-19
-0.00018471 2.59347e-05 7.3539e-19
-0.000184843 2.62785e-05 7.35379e-19
-0.000184961 2.66194e-05 7.35369e-19
-0.000185062 2.69558e-05 7.35359e-19
-0.000185148 2.72866e-05 7.3535e-19
-0.000185218 2.76104e-05 7.3534e-19
-0.000185272 2.7926e-05 7.35331e-19
-0.00018531 2.82323e-05 7.35322e-19
-0.000185333 2.85281e-05 7.35313e-19
-0.000185341 2.88127e-05 7.35305e-19
-0.000185334 2.90853e-05 7.35296e-19
-0.000185313 2.93454e-05 7.35289e-19
-0.000185277 2.95924e-05 7.35281e-19
-0.000185226 2.98264e-05 7.35274e-19
-0.000185162 3.00472e-05 7.35268e-19
-0.000185084 3.02548e-05 7.35262e-19
-0.000184992 3.04496e-05 7.35256e-19
-0.000184888 3.0632e-05 7.3525e-19
-0.000184771 3.08024e-05 7.35245e-19
-0.000184642 3.09612e-05 7.3524e-19
-0.000184501 3.11085e-05 7.35236e-19
-0.000184348 3.12443e-05 7.35232e-19
-0.000184184 3.13684e-05 7.35228e-19
-0.000184009 3.14805e-05 7.35225e-19
-0.000183824 3.15802e-05 7.35221e-19
-0.000183628 3.16666e-05 7.35219e-19
-0.000183421 3.1739e-05 7.35216e-19
-0.000183205 3.17966e-05 7.35214e-19
-0.000182978 3.18387e-05 7.35213e-19
-0.000182743 3.18649e-05 7.35212e-19
-0.000182497 3.18746e-05 7.35212e-19
-0.000182243 3.18674e-05 7.35212e-19
-0.00018198 3.18426e-05 7.35212e-19
-0.000181708 3.17996e-05 7.35213e-19
-0.000181428 3.17379e-05 7.35215e-19
-0.00018114 3.16567e-05 7.35217e-19
-0.000180844 3.15556e-05 7.3522e-19
-0.000180539 3.14338e-05 7.35223e-19
-0.000180227 3.12907e-05 7.35227e-19
-0.000179908 3.11258e-05 7.35231e-19
-0.00017958 3.09381e-05 7.35237e-19
-0.000179246 3.07266e-05 7.35243e-19
-0.000178904 3.04903e-05 7.35249e-19
-0.000178554 3.02285e-05 7.35257e-19
-0.000178197 2.99409e-05 7.35265e-19
-0.000177834 2.96278e-05 7.35274e-19
-0.000177462 2.92896e-05 7.35284e-19
-0.000177084 2.89266e-05 7.35294e-19
-0.000176699 2.85396e-05 7.35305e-19
-0.000176308 2.81292e-05 7.35317e-19
-0.000175909 2.76963e-05 7.3533e-19
-0.000175504 2.72419e-05 7.35343e-19
-0.000175093 2.67669e-05 7.35357e-19
-0.000174675 2.62725e-05 7.35371e-19
-0.000174251 2.57598e-05 7.35386e-19
-0.000173821 2.52302e-05 7.35401e-19
-0.000173385 2.46845e-05 7.35417e-19
-0.000172943 2.4124e-05 7.35433e-19
-0.000172495 2.35495e-05 7.3545e-19
-0.000172041 2.2962e-05 7.35467e-19
-0.000171582 2.23623e-05 7.35484e-19
-0.000171118 2.17511e-05 7.35502e-19
-0.000170648 2.1129e-05 7.3552e-19
-0.000170173 2.04967e-05 7.35538e-19
-0.000169692 1.9855e-05 7.35557e-19
-0.000169207 1.92049e-05 7.35575e-19
-0.000168716 1.85472e-05 7.35594e-19
-0.000168221 1.78828e-05 7.35614e-19
-0.000167721 1.72126e-05 7.35633e-19
-0.000167216 1.65373e-05 7.35652e-19
-0.000166707 1.58577e-05 7.35672e-19
-0.000166194 1.51744e-05 7.35692e-19
-0.000165676 1.44875e-05 7.35712e-19
-0.000165153 1.37972e-05 7.35732e-19
-0.000164627 1.31033e-05 7.35752e-19
-0.000164096 1.2406e-05 7.35772e-19
-0.000163561 1.17051e-05 7.35792e-19
-0.000163022 1.10006e-05 7.35812e-19
-0.000162478 1.02927e-05 7.35833e-19
-0.000161931 9.58122e-06 7.35853e-19
-0.000161378 8.86648e-06 7.35874e-19
-0.000160822 8.14868e-06 7.35895e-19
-0.000160261 7.42811e-06 7.35916e-19
-0.000159695 6.70525e-06 7.35936e-19
-0.000159126 5.98087e-06 7.35957e-19
-0.000158551 5.25598e-06 7.35978e-19
-0.000157971 4.52761e-06 7.36e-19
-0.000157381 3.79173e-06 7.36021e-19
-0.000156786 3.05735e-06 7.36042e-19
-0.000156188 2.32801e-06 7.36064e-19
-0.000155585 1.60286e-06 7.36085e-19
-0.000154979 8.84368e-07 7.36105e-19
-0.000154368 1.72691e-07 7.36126e-19
-0.000153754 -5.30324e-07 7.36147e-19
-0.000153136 -1.22409e-06 7.36167e-19
-0.000152515 -1.90718e-06 7.36187e-19
-0.00015189 -2.57887e-06 7.36206e-19
-0.000151262 -3.238e-06 7.36225e-19
-0.000150626 -3.88231e-06 7.36244e-19
-0.000149986 -4.51213e-06 7.36262e-19
-0.000149344 -5.12718e-06 7.3628e-19
-0.000148699 -5.72591e-06 7.36297e-19
-0.000148053 -6.30792e-06 7.36314e-19
-0.000147406 -6.87225e-06 7.3633e-19
-0.000146757 -7.41908e-06 7.36346e-19
-0.000146107 -7.94843e-06 7.36361e-19
-0.000145457 -8.46088e-06 7.36375e-19
-0.000144806 -8.95678e-06 7.3639e-19
-0.000144155 -9.43697e-06 7.36403e-19
-0.000143504 -9.90218e-06 7.36417e-19
-0.000142854 -1.03534e-05 7.36429e-19
-0.000142205 -1.07913e-05 7.36442e-19
-0.000141557 -1.12164e-05 7.36454e-19
-0.000140911 -1.16292e-05 7.36466e-19
-0.000140266 -1.20298e-05 7.36477e-19
-0.000139624 -1.24187e-05 7.36488e-19
-0.000138984 -1.27964e-05 7.36499e-19
-0.000138348 -1.31635e-05 7.36509e-19
-0.000137715 -1.35205e-05 7.36519e-19
-0.000137085 -1.3868e-05 7.36529e-19
-0.00013646 -1.42063e-05 7.36539e-19
-0.000135838 -1.45357e-05 7.36548e-19
-0.000135222 -1.48563e-05 7.36557e-19
-0.00013461 -1.51685e-05 7.36566e-19
-0.000134003 -1.54728e-05 7.36574e-19
-0.000133398 -1.57702e-05 7.36583e-19
-0.000132797 -1.60612e-05 7.36591e-19
-0.000132203 -1.63466e-05 7.36599e-19
-0.000131615 -1.66266e-05 7.36607e-19
-0.000131033 -1.69015e-05 7.36615e-19
-0.000130456 -1.71714e-05 7.36622e-19
-0.000129886 -1.74365e-05 7.3663e-19
-0.000129323 -1.76973e-05 7.36637e-19
-0.000128768 -1.79541e-05 7.36644e-19
-0.00012822 -1.82074e-05 7.36652e-19
-0.000127681 -1.84577e-05 7.36659e-19
-0.000127149 -1.87056e-05 7.36666e-19
-0.000126626 -1.89518e-05 7.36673e-19
-0.000126112 -1.91969e-05 7.36679e-19
-0.000125606 -1.94416e-05 7.36686e-19
-0.000125109 -1.9686e-05 7.36693e-19
-0.000124622 -1.99303e-05 7.367e-19
-0.000124145 -2.01745e-05 7.36707e-19
-0.000123679 -2.04178e-05 7.36714e-19
-0.000123224 -2.06605e-05 7.36721e-19
-0.00012278 -2.09026e-05 7.36728e-19
-0.000122346 -2.11432e-05 7.36734e-19
-0.000121923 -2.13822e-05 7.36741e-19
-0.000121513 -2.16189e-05 7.36748e-19
-0.000121114 -2.18529e-05 7.36755e-19
-0.000120727 -2.20837e-05 7.36761e-19
-0.000120353 -2.23107e-05 7.36767e-19
-0.000119992 -2.25338e-05 7.36774e-19
-0.000119644 -2.27534e-05 7.3678e-19
-0.00011931 -2.29696e-05 7.36786e-19
-0.000118989 -2.31827e-05 7.36792e-19
-0.000118683 -2.33933e-05 7.36798e-19
-0.00011839 -2.36019e-05 7.36804e-19
-0.000118112 -2.3809e-05 7.3681e-19
-0.000117848 -2.40153e-05 7.36816e-19
-0.000117598 -2.42212e-05 7.36821e-19
-0.000117363 -2.44271e-05 7.36827e-19
-0.000117142 -2.46333e-05 7.36833e-19
-0.000116937 -2.484e-05 7.36839e-19
-0.000116746 -2.50476e-05 7.36845e-19
-0.000116569 -2.52558e-05 7.36851e-19
-0.000116407 -2.54649e-05 7.36857e-19
-0.00011626 -2.56745e-05 7.36863e-19
-0.000116128 -2.58849e-05 7.36869e-19
-0.00011601 -2.6096e-05 7.36876e-19
-0.000115906 -2.63077e-05 7.36882e-19
-0.000115816 -2.65201e-05 7.36888e-19
-0.000115741 -2.67329e-05 7.36894e-19
-0.000115679 -2.6946e-05 7.369e-19
-0.000115631 -2.71593e-05 7.36907e-19
-0.000115596 -2.73725e-05 7.36913e-19
-0.000115574 -2.75856e-05 7.36919e-19
-0.000115565 -2.77985e-05 7.36926e-19
-0.000115569 -2.80111e-05 7.36932e-19
-0.000115584 -2.82234e-05 7.36938e-19
-0.000115612 -2.84354e-05 7.36945e-19
-0.000115651 -2.86475e-05 7.36951e-19
-0.000115702 -2.88599e-05 7.36958e-19
-0.000115763 -2.90728e-05 7.36964e-19
-0.000115835 -2.92863e-05 7.3697e-19
-0.000115917 -2.95005e-05 7.36977e-19
-0.000116008 -2.97156e-05 7.36983e-19
-0.000116109 -2.99316e-05 7.3699e-19
-0.000116219 -3.01482e-05 7.36997e-19
-0.000116338 -3.03651e-05 7.37003e-19
-0.000116465 -3.05818e-05 7.3701e-19
-0.0001166 -3.0798e-05 7.37016e-19
-0.000116742 -3.10129e-05 7.37023e-19
-0.000116892 -3.12258e-05 7.37029e-19
-0.000117049 -3.14358e-05 7.37036e-19
-0.000117213 -3.16419e-05 7.37042e-19
-0.000117384 -3.18426e-05 7.37048e-19
-0.000117561 -3.20362e-05 7.37054e-19
-0.000117744 -3.22208e-05 7.3706e-19
-0.000117934 -3.23947e-05 7.37066e-19
-0.000118129 -3.25565e-05 7.37071e-19
-0.00011833 -3.27045e-05 7.37075e-19
-0.000118537 -3.28373e-05 7.37079e-19
-0.000118749 -3.29536e-05 7.37083e-19
-0.000118966 -3.30523e-05 7.37086e-19
-0.000119189 -3.31323e-05 7.37089e-19
-0.000119416 -3.31926e-05 7.37091e-19
-0.000119648 -3.32326e-05 7.37092e-19
-0.000119885 -3.32519e-05 7.37093e-19
-0.000120125 -3.32505e-05 7.37093e-19
-0.00012037 -3.32287e-05 7.37093e-19
-0.000120618 -3.31866e-05 7.37092e-19
-0.00012087 -3.31242e-05 7.3709e-19
-0.000121126 -3.30416e-05 7.37088e-19
-0.000121384 -3.29387e-05 7.37085e-19
-0.000121645 -3.28159e-05 7.37081e-19
-0.000121909 -3.26732e-05 7.37077e-19
-0.000122175 -3.25111e-05 7.37073e-19
-0.000122444 -3.233e-05 7.37068e-19
-0.000122715 -3.21303e-05 7.37062e-19
-0.000122987 -3.19124e-05 7.37056e-19
-0.000123261 -3.16768e-05 7.37049e-19
-0.000123536 -3.14241e-05 7.37041e-19
-0.000123812 -3.11547e-05 7.37034e-19
-0.000124089 -3.0869e-05 7.37025e-19
-0.000124368 -3.05672e-05 7.37016e-19
-0.000124647 -3.02498e-05 7.37007e-19
-0.000124927 -2.99169e-05 7.36997e-19
-0.000125209 -2.95686e-05 7.36987e-19
-0.000125491 -2.92047e-05 7.36977e-19
-0.000125774 -2.8825e-05 7.36966e-19
-0.000126057 -2.84296e-05 7.36954e-19
-0.000126342 -2.80185e-05 7.36942e-19
-0.000126628 -2.75921e-05 7.36929e-19
-0.000126915 -2.71505e-05 7.36916e-19
-0.000127202 -2.66943e-05 7.36903e-19
-0.000127491 -2.62241e-05 7.36889e-19
-0.000127782 -2.57408e-05 7.36875e-19
-0.000128073 -2.52454e-05 7.36861e-19
-0.000128365 -2.47392e-05 7.36846e-19
-0.000128659 -2.42235e-05 7.36831e-19
-0.000128954 -2.36998e-05 7.36815e-19
-0.000129251 -2.317e-05 7.368e-19
-0.000129547 -2.26361e-05 7.36784e-19
-0.000129845 -2.20992e-05 7.36768e-19
-0.000130145 -2.15601e-05 7.36752e-19
-0.000130447 -2.102e-05 7.36737e-19
-0.00013075 -2.04799e-05 7.36721e-19
-0.000131056 -1.99408e-05 7.36705e-19
-0.000131363 -1.94036e-05 7.36689e-19
-0.000131673 -1.8869e-05 7.36674e-19
-0.000131985 -1.83379e-05 7.36658e-19
-0.000132299 -1.78108e-05 7.36643e-19
-0.000132616 -1.72884e-05 7.36628e-19
-0.000132935 -1.67711e-05 7.36613e-19
-0.000133257 -1.62591e-05 7.36598e-19
-0.000133581 -1.57522e-05 7.36583e-19
-0.000133908 -1.52496e-05 7.36569e-19
-0.000134238 -1.47506e-05 7.36554e-19
-0.00013457 -1.42546e-05 7.3654e-19
-0.000134905 -1.3761e-05 7.36526e-19
-0.000135242 -1.32697e-05 7.36511e-19
-0.000135583 -1.27805e-05 7.36497e-19
-0.000135927 -1.22933e-05 7.36483e-19
-0.000136274 -1.18083e-05 7.36469e-19
-0.000136623 -1.13261e-05 7.36455e-19
-0.000136975 -1.08472e-05 7.36441e-19
-0.00013733 -1.0372e-05 7.36428e-19
-0.000137688 -9.90062e-06 7.36414e-19
-0.000138048 -9.43325e-06 7.364e-19
-0.000138411 -8.9699e-06 7.36387e-19
-0.000138776 -8.51073e-06 7.36374e-19
-0.000139144 -8.05604e-06 7.36361e-19
-0.000139514 -7.60628e-06 7.36348e-19
-0.000139886 -7.16192e-06 7.36335e-19
-0.000140261 -6.72336e-06 7.36322e-19
-0.000140638 -6.29068e-06 7.36309e-19
-0.000141016 -5.8638e-06 7.36297e-19
-0.000141398 -5.44262e-06 7.36285e-19
-0.000141781 -5.02705e-06 7.36273e-19
-0.000142166 -4.61692e-06 7.36261e-19
-0.000142553 -4.21203e-06 7.36249e-19
-0.000142943 -3.81218e-06 7.36237e-19
-0.000143335 -3.41724e-06 7.36226e-19
-0.000143729 -3.02709e-06 7.36215e-19
-0.000144125 -2.64163e-06 7.36203e-19
-0.000144523 -2.26079e-06 7.36192e-19
-0.000144924 -1.88474e-06 7.36181e-19
-0.000145326 -1.51416e-06 7.3617e-19
-0.000145731 -1.15004e-06 7.3616e-19
-0.000146137 -7.93442e-07 7.36149e-19
-0.000146545 -4.455e-07 7.36139e-19
-0.000146955 -1.07572e-07 7.36129e-19
-0.000147366 2.18868e-07 7.3612e-19
-0.000147778 5.32393e-07 7.36111e-19
-0.00014819 8.31724e-07 7.36102e-19
-0.000148603 1.1158e-06 7.36094e-19
-0.000149016 1.38377e-06 7.36086e-19
-0.000149429 1.6349e-06 7.36079e-19
-0.000149842 1.86859e-06 7.36072e-19
-0.000150251 2.08509e-06 7.36066e-19
-0.000150659 2.28317e-06 7.36061e-19
-0.000151065 2.462e-06 7.36056e-19
-0.000151469 2.62176e-06 7.36051e-19
-0.000151872 2.76242e-06 7.36047e-19
-0.000152271 2.88472e-06 7.36044e-19
-0.000152668 2.98922e-06 7.36041e-19
-0.000153061 3.07672e-06 7.36039e-19
-0.000153451 3.14773e-06 7.36037e-19
-0.000153836 3.2028e-06 7.36036e-19
-0.000154217 3.24245e-06 7.36035e-19
-0.000154594 3.26749e-06 7.36035e-19
-0.000154964 3.27896e-06 7.36035e-19
-0.000155329 3.2782e-06 7.36036e-19
-0.000155688 3.26659e-06 7.36036e-19
-0.000156041 3.24545e-06 7.36037e-19
-0.000156387 3.21589e-06 7.36039e-19
-0.000156725 3.17892e-06 7.3604e-19
-0.000157056 3.13545e-06 7.36042e-19
-0.000157379 3.08644e-06 7.36044e-19
-0.000157694 3.03273e-06 7.36046e-19
-0.000158001 2.97519e-06 7.36048e-19
-0.000158298 2.9146e-06 7.3605e-19
-0.000158585 2.85012e-06 7.36052e-19
-0.000158863 2.78369e-06 7.36055e-19
-0.000159131 2.71691e-06 7.36057e-19
-0.000159389 2.64978e-06 7.36059e-19
-0.000159637 2.58346e-06 7.36061e-19
-0.000159874 2.51866e-06 7.36064e-19
-0.000160101 2.45673e-06 7.36066e-19
-0.000160318 2.39867e-06 7.36068e-19
-0.000160523 2.3456e-06 7.36069e-19
-0.000160718 2.29837e-06 7.36071e-19
-0.000160901 2.25789e-06 7.36072e-19
-0.000161074 2.22483e-06 7.36074e-19
-0.000161235 2.19993e-06 7.36075e-19
-0.000161385 2.18388e-06 7.36075e-19
-0.000161524 2.17739e-06 7.36075e-19
-0.000161651 2.18107e-06 7.36075e-19
-0.000161767 2.19539e-06 7.36075e-19
-0.000161872 2.22066e-06 7.36074e-19
-0.000161965 2.25701e-06 7.36073e-19
-0.000162047 2.30447e-06 7.36072e-19
-0.000162117 2.36306e-06 7.3607e-19
-0.000162177 2.43285e-06 7.36068e-19
-0.000162224 2.51392e-06 7.36066e-19
-0.000162261 2.60629e-06 7.36063e-19
-0.000162286 2.7098e-06 7.3606e-19
-0.0001623 2.824e-06 7.36056e-19
-0.000162303 2.94823e-06 7.36052e-19
-0.000162295 3.08174e-06 7.36048e-19
-0.000162276 3.22369e-06 7.36044e-19
-0.000162245 3.37314e-06 7.36039e-19
-0.000162205 3.52906e-06 7.36035e-19
-0.000162153 3.69041e-06 7.3603e-19
-0.000162091 3.8559e-06 7.36024e-19
-0.000162018 4.02392e-06 7.36019e-19
-0.000161934 4.19255e-06 7.36014e-19
-0.00016184 4.35987e-06 7.36009e-19
-0.000161736 4.524e-06 7.36004e-19
-0.000161622 4.68326e-06 7.35999e-19
-0.000161497 4.83605e-06 7.35994e-19
-0.000161362 4.98087e-06 7.3599e-19
-0.000161217 5.11643e-06 7.35986e-19
-0.000161063 5.24184e-06 7.35982e-19
-0.000160899 5.35647e-06 7.35978e-19
-0.000160725 5.45986e-06 7.35975e-19
-0.000160543 5.55149e-06 7.35972e-19
-0.000160351 5.63077e-06 7.35969e-19
-0.000160151 5.69703e-06 7.35967e-19
-0.000159943 5.74965e-06 7.35966e-19
-0.000159726 5.78823e-06 7.35964e-19
-0.000159502 5.81268e-06 7.35963e-19
-0.000159269 5.82313e-06 7.35963e-19
-0.00015903 5.81984e-06 7.35963e-19
-0.000158783 5.80304e-06 7.35963e-19
-0.000158529 5.77283e-06 7.35964e-19
-0.000158269 5.72921e-06 7.35965e-19
-0.000158002 5.67224e-06 7.35967e-19
-0.000157729 5.60207e-06 7.35969e-19
-0.00015745 5.519e-06 7.35971e-19
-0.000157166 5.42342e-06 7.35974e-19
-0.000156877 5.31579e-06 7.35977e-19
-0.000156582 5.19653e-06 7.35981e-19
-0.000156283 5.06594e-06 7.35984e-19
-0.000155979 4.92426e-06 7.35988e-19
-0.000155671 4.77169e-06 7.35993e-19
-0.000155358 4.60849e-06 7.35997e-19
-0.000155041 4.43304e-06 7.36002e-19
-0.000154719 4.24536e-06 7.36008e-19
-0.000154394 4.04744e-06 7.36014e-19
-0.000154065 3.83956e-06 7.3602e-19
-0.000153732 3.62197e-06 7.36026e-19
-0.000153397 3.39512e-06 7.36033e-19
-0.000153059 3.15932e-06 7.36039e-19
-0.000152718 2.91493e-06 7.36046e-19
-0.000152374 2.66225e-06 7.36054e-19
-0.000152028 2.40159e-06 7.36061e-19
-0.00015168 2.13317e-06 7.36069e-19
-0.000151329 1.85721e-06 7.36077e-19
-0.000150977 1.57381e-06 7.36085e-19
-0.000150623 1.28306e-06 7.36093e-19
-0.000150267 9.84975e-07 7.36102e-19
-0.000149909 6.79612e-07 7.36111e-19
-0.00014955 3.67189e-07 7.3612e-19
-0.000149187 4.88911e-08 7.36129e-19
-0.000148821 -2.75587e-07 7.36138e-19
-0.000148455 -6.06514e-07 7.36147e-19
-0.000148087 -9.43703e-07 7.36157e-19
-0.000147719 -1.28756e-06 7.36167e-19
-0.000147349 -1.6382e-06 7.36177e-19
-0.000146979 -1.99609e-06 7.36187e-19
-0.000146608 -2.36159e-06 7.36197e-19
-0.000146237 -2.73535e-06 7.36208e-19
-0.000145865 -3.11785e-06 7.36219e-19
-0.000145492 -3.50967e-06 7.3623e-19
-0.000145119 -3.91121e-06 7.36242e-19
-0.000144746 -4.32283e-06 7.36253e-19
-0.000144372 -4.74483e-06 7.36265e-19
-0.000143999 -5.17753e-06 7.36278e-19
-0.000143624 -5.62135e-06 7.36291e-19
-0.00014325 -6.07673e-06 7.36304e-19
-0.000142876 -6.54405e-06 7.36317e-19
-0.000142501 -7.02372e-06 7.36331e-19
-0.000142126 -7.5162e-06 7.36345e-19
-0.000141751 -8.022e-06 7.3636e-19
-0.000141376 -8.54154e-06 7.36375e-19
-0.000141 -9.07512e-06 7.3639e-19
-0.000140624 -9.62294e-06 7.36406e-19
-0.000140247 -1.01851e-05 7.36423e-19
-0.00013987 -1.07615e-05 7.36439e-19
-0.000139492 -1.13517e-05 7.36457e-19
-0.000139114 -1.19547e-05 7.36474e-19
-0.000138734 -1.25689e-05 7.36492e-19
-0.000138354 -1.31925e-05 7.36511e-19
-0.000137974 -1.38238e-05 7.36529e-19
-0.000137592 -1.44612e-05 7.36548e-19
-0.00013721 -1.51029e-05 7.36567e-19
-0.000136827 -1.57473e-05 7.36586e-19
-0.000136444 -1.63928e-05 7.36605e-19
-0.000136059 -1.70382e-05 7.36624e-19
-0.000135674 -1.76823e-05 7.36643e-19
-0.000135287 -1.83242e-05 7.36661e-19
-0.0001349 -1.89626e-05 7.3668e-19
-0.000134511 -1.95959e-05 7.36699e-19
-0.000134121 -2.02224e-05 7.36717e-19
-0.00013373 -2.08403e-05 7.36735e-19
-0.000133337 -2.14478e-05 7.36753e-19
-0.000132944 -2.20426e-05 7.36771e-19
-0.00013255 -2.26225e-05 7.36788e-19
-0.000132155 -2.31852e-05 7.36804e-19
-0.000131759 -2.37288e-05 7.3682e-19
-0.000131363 -2.4251e-05 7.36836e-19
-0.00013097 -2.4749e-05 7.3685e-19
-0.000130577 -2.52211e-05 7.36864e-19
-0.000130182 -2.5667e-05 7.36877e-19
-0.000129788 -2.60852e-05 7.36889e-19
-0.000129394 -2.64747e-05 7.369e-19
-0.000129 -2.68353e-05 7.3691e-19
-0.000128608 -2.71665e-05 7.3692e-19
-0.000128217 -2.74683e-05 7.36929e-19
-0.000127827 -2.77414e-05 7.36936e-19
-0.000127439 -2.79867e-05 7.36943e-19
-0.000127052 -2.82053e-05 7.36949e-19
-0.000126668 -2.83982e-05 7.36954e-19
-0.000126286 -2.85666e-05 7.36959e-19
-0.000125907 -2.87119e-05 7.36963e-19
-0.00012553 -2.88354e-05 7.36966e-19
-0.000125156 -2.89386e-05 7.36969e-19
-0.000124785 -2.90233e-05 7.36971e-19
-0.000124417 -2.90911e-05 7.36972e-19
-0.000124052 -2.91437e-05 7.36974e-19
-0.000123692 -2.91826e-05 7.36974e-19
-0.000123335 -2.92093e-05 7.36975e-19
-0.000122983 -2.9225e-05 7.36975e-19
-0.000122635 -2.92311e-05 7.36974e-19
-0.000122292 -2.92289e-05 7.36974e-19
-0.000121954 -2.92196e-05 7.36973e-19
-0.000121621 -2.92045e-05 7.36973e-19
-0.000121294 -2.91844e-05 7.36972e-19
-0.000120972 -2.91603e-05 7.36971e-19
-0.000120657 -2.91325e-05 7.36969e-19
-0.000120347 -2.91016e-05 7.36968e-19
-0.000120044 -2.9068e-05 7.36967e-19
-0.000119748 -2.90324e-05 7.36966e-19
-0.000119459 -2.89954e-05 7.36964e-19
-0.000119177 -2.89577e-05 7.36963e-19
-0.000118902 -2.89198e-05 7.36962e-19
-0.000118635 -2.8882e-05 7.3696e-19
-0.000118376 -2.88444e-05 7.36959e-19
-0.000118125 -2.88069e-05 7.36958e-19
-0.000117882 -2.87697e-05 7.36956e-19
-0.000117648 -2.87328e-05 7.36955e-19
-0.000117423 -2.86967e-05 7.36954e-19
-0.000117208 -2.86614e-05 7.36953e-19
-0.000117001 -2.86273e-05 7.36952e-19
-0.000116805 -2.85946e-05 7.36951e-19
-0.000116618 -2.85637e-05 7.3695e-19
-0.000116442 -2.85348e-05 7.36949e-19
-0.000116276 -2.85081e-05 7.36948e-19
-0.00011612 -2.8484e-05 7.36947e-19
-0.000115975 -2.84628e-05 7.36947e-19
-0.000115842 -2.84445e-05 7.36946e-19
-0.000115719 -2.84295e-05 7.36946e-19
-0.000115608 -2.84178e-05 7.36945e-19
-0.000115508 -2.84096e-05 7.36945e-19
-0.00011542 -2.84047e-05 7.36945e-19
-0.000115343 -2.84032e-05 7.36945e-19
-0.000115278 -2.84047e-05 7.36945e-19
-0.000115225 -2.84086e-05 7.36945e-19
-0.000115184 -2.84146e-05 7.36945e-19
-0.000115156 -2.84221e-05 7.36946e-19
-0.000115139 -2.84304e-05 7.36946e-19
-0.000115135 -2.8439e-05 7.36946e-19
-0.000115143 -2.84474e-05 7.36947e-19
-0.000115162 -2.8455e-05 7.36947e-19
-0.000115195 -2.84615e-05 7.36947e-19
-0.000115239 -2.84667e-05 7.36948e-19
-0.000115295 -2.84705e-05 7.36948e-19
-0.000115362 -2.84726e-05 7.36948e-19
-0.000115442 -2.84729e-05 7.36948e-19
-0.000115532 -2.84711e-05 7.36948e-19
-0.000115635 -2.84671e-05 7.36948e-19
-0.000115748 -2.84604e-05 7.36948e-19
-0.000115872 -2.84505e-05 7.36948e-19
-0.000116008 -2.84366e-05 7.36948e-19
-0.000116154 -2.84179e-05 7.36947e-19
-0.000116311 -2.83936e-05 7.36946e-19
-0.000116478 -2.83631e-05 7.36946e-19
-0.000116656 -2.83259e-05 7.36945e-19
-0.000116844 -2.82815e-05 7.36943e-19
-0.000117043 -2.82296e-05 7.36942e-19
-0.000117251 -2.81699e-05 7.3694e-19
-0.00011747 -2.8102e-05 7.36938e-19
-0.000117698 -2.80258e-05 7.36936e-19
-0.000117936 -2.79412e-05 7.36933e-19
-0.000118184 -2.78486e-05 7.36931e-19
-0.000118441 -2.77487e-05 7.36928e-19
-0.000118707 -2.7642e-05 7.36925e-19
-0.000118983 -2.75291e-05 7.36921e-19
-0.000119267 -2.74108e-05 7.36918e-19
-0.000119561 -2.72874e-05 7.36914e-19
-0.000119863 -2.71593e-05 7.3691e-19
-0.000120173 -2.70271e-05 7.36907e-19
-0.000120492 -2.6891e-05 7.36903e-19
-0.000120819 -2.67513e-05 7.36899e-19
-0.000121154 -2.6608e-05 7.36894e-19
-0.000121497 -2.64614e-05 7.3689e-19
-0.000121848 -2.63113e-05 7.36886e-19
-0.000122207 -2.61578e-05 7.36882e-19
-0.000122573 -2.60006e-05 7.36877e-19
-0.000122946 -2.58393e-05 7.36873e-19
-0.000123327 -2.56736e-05 7.36868e-19
-0.000123714 -2.55027e-05 7.36863e-19
-0.000124108 -2.53258e-05 7.36858e-19
-0.000124509 -2.51424e-05 7.36853e-19
-0.000124916 -2.49515e-05 7.36848e-19
-0.000125328 -2.47525e-05 7.36842e-19
-0.000125745 -2.45446e-05 7.36836e-19
-0.000126169 -2.43269e-05 7.3683e-19
-0.000126598 -2.4099e-05 7.36824e-19
-0.000127033 -2.38603e-05 7.36817e-19
-0.000127471 -2.36106e-05 7.3681e-19
-0.000127915 -2.3349e-05 7.36803e-19
-0.000128362 -2.3075e-05 7.36795e-19
-0.000128814 -2.27883e-05 7.36787e-19
-0.00012927 -2.24884e-05 7.36779e-19
-0.000129727 -2.21752e-05 7.3677e-19
-0.000130188 -2.18478e-05 7.36761e-19
-0.000130652 -2.15055e-05 7.36751e-19
-0.000131118 -2.11479e-05 7.36741e-19
-0.000131585 -2.07745e-05 7.36731e-19
-0.000132053 -2.03846e-05 7.36719e-19
-0.000132524 -1.99778e-05 7.36708e-19
-0.000132997 -1.95536e-05 7.36696e-19
-0.000133472 -1.91118e-05 7.36683e-19
-0.000133948 -1.86525e-05 7.3667e-19
-0.000134426 -1.81759e-05 7.36656e-19
-0.000134905 -1.76824e-05 7.36642e-19
-0.000135386 -1.71726e-05 7.36628e-19
-0.000135867 -1.66467e-05 7.36612e-19
-0.000136349 -1.61049e-05 7.36597e-19
-0.000136832 -1.55476e-05 7.36581e-19
-0.000137316 -1.49752e-05 7.36564e-19
-0.000137801 -1.43883e-05 7.36547e-19
-0.000138287 -1.37877e-05 7.3653e-19
-0.000138773 -1.31741e-05 7.36512e-19
-0.00013926 -1.25484e-05 7.36494e-19
-0.000139747 -1.19117e-05 7.36475e-19
-0.000140235 -1.1265e-05 7.36456e-19
-0.000140724 -1.06096e-05 7.36437e-19
-0.000141213 -9.94667e-06 7.36418e-19
-0.000141702 -9.27795e-06 7.36398e-19
-0.000142192 -8.60525e-06 7.36379e-19
-0.000142682 -7.93042e-06 7.36359e-19
-0.000143171 -7.25529e-06 7.36339e-19
-0.000143661 -6.58149e-06 7.3632e-19
-0.000144151 -5.91057e-06 7.363e-19
-0.00014464 -5.24402e-06 7.36281e-19
-0.000145129 -4.58331e-06 7.36261e-19
-0.000145617 -3.92998e-06 7.36242e-19
-0.000146105 -3.2856e-06 7.36224e-19
-0.000146592 -2.65167e-06 7.36205e-19
-0.000147078 -2.02945e-06 7.36187e-19
-0.000147563 -1.41972e-06 7.36169e-19
-0.000148046 -8.22933e-07 7.36152e-19
-0.000148529 -2.3944e-07 7.36135e-19
-0.000149009 3.305e-07 7.36118e-19
-0.000149488 8.86692e-07 7.36102e-19
-0.000149962 1.43014e-06 7.36087e-19
-0.000150433 1.95987e-06 7.36071e-19
-0.000150903 2.4754e-06 7.36056e-19
-0.00015137 2.97732e-06 7.36042e-19
-0.000151836 3.46564e-06 7.36028e-19
-0.000152299 3.94097e-06 7.36014e-19
-0.00015276 4.40342e-06 7.36001e-19
-0.000153218 4.85339e-06 7.35988e-19
-0.000153674 5.29095e-06 7.35975e-19
-0.000154124 5.70885e-06 7.35963e-19
-0.00015457 6.11238e-06 7.35951e-19
-0.000155014 6.50564e-06 7.3594e-19
-0.000155455 6.8854e-06 7.35929e-19
-0.000155893 7.25335e-06 7.35919e-19
-0.000156328 7.60801e-06 7.35909e-19
-0.00015676 7.9503e-06 7.35899e-19
-0.000157189 8.27985e-06 7.3589e-19
-0.000157615 8.5973e-06 7.3588e-19
-0.000158037 8.90263e-06 7.35872e-19
-0.000158456 9.19622e-06 7.35863e-19
-0.000158871 9.47814e-06 7.35855e-19
-0.000159283 9.74866e-06 7.35848e-19
-0.000159691 1.00081e-05 7.3584e-19
-0.000160095 1.0257e-05 7.35833e-19
-0.000160495 1.0496e-05 7.35827e-19
-0.000160892 1.0726e-05 7.3582e-19
-0.000161284 1.09475e-05 7.35814e-19
-0.000161671 1.11609e-05 7.35808e-19
-0.000162054 1.13661e-05 7.35802e-19
-0.000162433 1.15634e-05 7.35797e-19
-0.000162806 1.17525e-05 7.35791e-19
-0.000163174 1.19335e-05 7.35786e-19
-0.000163537 1.21061e-05 7.35782e-19
-0.000163894 1.22699e-05 7.35777e-19
-0.000164245 1.2425e-05 7.35773e-19
-0.000164589 1.25713e-05 7.35769e-19
-0.000164926 1.27089e-05 7.35765e-19
-0.000165257 1.2838e-05 7.35761e-19
-0.00016558 1.29588e-05 7.35758e-19
-0.000165896 1.30715e-05 7.35755e-19
-0.000166203 1.31765e-05 7.35752e-19
-0.000166503 1.3274e-05 7.3575e-19
-0.000166794 1.33643e-05 7.35747e-19
-0.000167076 1.34478e-05 7.35745e-19
-0.000167349 1.3525e-05 7.35743e-19
-0.000167613 1.35963e-05 7.35741e-19
-0.000167867 1.36621e-05 7.35739e-19
-0.000168112 1.37226e-05 7.35738e-19
-0.000168347 1.37781e-05 7.35736e-19
-0.000168571 1.38288e-05 7.35735e-19
-0.000168785 1.38749e-05 7.35734e-19
-0.000168989 1.39164e-05 7.35733e-19
-0.000169181 1.3953e-05 7.35732e-19
-0.000169363 1.39848e-05 7.35731e-19
-0.000169533 1.40115e-05 7.3573e-19
-0.000169693 1.40327e-05 7.3573e-19
-0.00016984 1.40479e-05 7.3573e-19
-0.000169976 1.40568e-05 7.35729e-19
-0.000170101 1.40587e-05 7.35729e-19
-0.000170213 1.40529e-05 7.3573e-19
-0.000170313 1.40386e-05 7.3573e-19
-0.000170402 1.4015e-05 7.35731e-19
-0.000170477 1.39814e-05 7.35732e-19
-0.00017054 1.39373e-05 7.35733e-19
-0.000170591 1.38823e-05 7.35735e-19
-0.000170629 1.38161e-05 7.35737e-19
-0.000170654 1.37388e-05 7.35739e-19
-0.000170666 1.36508e-05 7.35742e-19
-0.000170665 1.35528e-05 7.35745e-19
-0.000170652 1.3446e-05 7.35748e-19
-0.000170625 1.33311e-05 7.35752e-19
-0.000170586 1.32096e-05 7.35755e-19
-0.000170535 1.30828e-05 7.35759e-19
-0.00017047 1.2952e-05 7.35763e-19
-0.000170393 1.28187e-05 7.35767e-19
-0.000170304 1.26838e-05 7.35771e-19
-0.000170202 1.25485e-05 7.35775e-19
-0.000170088 1.24136e-05 7.35779e-19
-0.000169961 1.228e-05 7.35783e-19
-0.000169823 1.2148e-05 7.35787e-19
-0.000169672 1.20178e-05 7.3579e-19
-0.000169509 1.18894e-05 7.35794e-19
-0.000169334 1.1763e-05 7.35798e-19
-0.000169148 1.16388e-05 7.35801e-19
-0.000168949 1.1517e-05 7.35805e-19
-0.000168739 1.1398e-05 7.35808e-19
-0.000168517 1.1282e-05 7.35811e-19
-0.000168284 1.11689e-05 7.35814e-19
-0.00016804 1.10589e-05 7.35817e-19
-0.000167785 1.09517e-05 7.3582e-19
-0.000167519 1.08473e-05 7.35823e-19
-0.000167242 1.07455e-05 7.35826e-19
-0.000166956 1.06465e-05 7.35828e-19
-0.000166659 1.055e-05 7.35831e-19
-0.000166353 1.04557e-05 7.35833e-19
-0.000166038 1.03629e-05 7.35836e-19
-0.000165713 1.02701e-05 7.35838e-19
-0.000165379 1.0176e-05 7.35841e-19
-0.000165036 1.00793e-05 7.35843e-19
-0.000164685 9.97859e-06 7.35846e-19
-0.000164326 9.87254e-06 7.35848e-19
-0.000163958 9.75983e-06 7.35851e-19
-0.000163582 9.63918e-06 7.35854e-19
-0.000163199 9.50945e-06 7.35858e-19
-0.000162808 9.36958e-06 7.35862e-19
-0.00016241 9.2186e-06 7.35866e-19
-0.000162005 9.05557e-06 7.3587e-19
-0.000161593 8.87964e-06 7.35875e-19
-0.000161174 8.68997e-06 7.3588e-19
-0.00016075 8.48584e-06 7.35886e-19
-0.000160318 8.26656e-06 7.35892e-19
-0.000159881 8.03136e-06 7.35899e-19
-0.000159438 7.77947e-06 7.35906e-19
-0.000158989 7.51019e-06 7.35913e-19
-0.000158534 7.22295e-06 7.35921e-19
-0.000158074 6.91723e-06 7.3593e-19
-0.000157609 6.59261e-06 7.35939e-19
-0.000157138 6.24878e-06 7.35949e-19
-0.000156662 5.88581e-06 7.3596e-19
-0.000156181 5.50448e-06 7.35971e-19
-0.000155695 5.1061e-06 7.35982e-19
-0.000155201 4.68483e-06 7.35994e-19
-0.000154701 4.24728e-06 7.36007e-19
-0.000154198 3.79847e-06 7.3602e-19
-0.000153691 3.33722e-06 7.36034e-19
-0.00015318 2.86694e-06 7.36047e-19
-0.000152666 2.38774e-06 7.36061e-19
-0.000152149 1.902e-06 7.36075e-19
-0.000151629 1.41037e-06 7.36089e-19
-0.000151106 9.14625e-07 7.36104e-19
-0.000150581 4.15403e-07 7.36118e-19
-0.000150055 -8.66278e-08 7.36133e-19
-0.000149522 -5.90442e-07 7.36147e-19
-0.000148987 -1.09706e-06 7.36162e-19
-0.000148451 -1.60727e-06 7.36177e-19
-0.000147914 -2.1208e-06 7.36192e-19
-0.000147375 -2.63836e-06 7.36206e-19
-0.000146835 -3.15991e-06 7.36222e-19
-0.000146295 -3.68607e-06 7.36237e-19
-0.000145754 -4.21699e-06 7.36252e-19
-0.000145213 -4.75323e-06 7.36267e-19
-0.000144671 -5.29505e-06 7.36283e-19
-0.000144129 -5.84286e-06 7.36299e-19
-0.000143587 -6.3968e-06 7.36315e-19
-0.000143044 -6.95704e-06 7.36331e-19
-0.000142502 -7.52357e-06 7.36347e-19
-0.000141961 -8.09638e-06 7.36364e-19
-0.000141419 -8.67514e-06 7.36381e-19
-0.000140878 -9.2594e-06 7.36398e-19
-0.000140338 -9.84861e-06 7.36415e-19
-0.000139798 -1.04422e-05 7.36432e-19
-0.000139259 -1.10398e-05 7.36449e-19
-0.000138721 -1.16408e-05 7.36466e-19
-0.000138183 -1.22447e-05 7.36484e-19
-0.000137647 -1.28512e-05 7.36501e-19
-0.000137111 -1.34599e-05 7.36519e-19
-0.000136576 -1.40705e-05 7.36537e-19
-0.000136042 -1.46828e-05 7.36555e-19
-0.000135509 -1.52967e-05 7.36572e-19
-0.000134977 -1.59116e-05 7.3659e-19
-0.000134445 -1.65273e-05 7.36608e-19
-0.000133915 -1.71431e-05 7.36626e-19
-0.000133385 -1.77588e-05 7.36644e-19
-0.000132854 -1.8374e-05 7.36661e-19
-0.000132324 -1.89881e-05 7.36679e-19
-0.000131795 -1.96008e-05 7.36697e-19
-0.000131267 -2.02117e-05 7.36715e-19
-0.00013074 -2.08205e-05 7.36732e-19
-0.000130214 -2.14269e-05 7.3675e-19
-0.00012969 -2.20306e-05 7.36767e-19
-0.00012917 -2.26303e-05 7.36785e-19
-0.000128653 -2.32255e-05 7.36802e-19
-0.000128138 -2.38172e-05 7.36819e-19
-0.000127624 -2.44052e-05 7.36836e-19
-0.000127112 -2.49895e-05 7.36853e-19
-0.000126602 -2.55695e-05 7.3687e-19
-0.000126094 -2.61438e-05 7.36886e-19
-0.000125587 -2.6712e-05 7.36903e-19
-0.000125083 -2.72732e-05 7.36919e-19
-0.000124581 -2.78266e-05 7.36935e-19
-0.000124082 -2.83716e-05 7.36951e-19
-0.000123587 -2.89073e-05 7.36966e-19
-0.000123095 -2.9433e-05 7.36982e-19
-0.000122606 -2.99483e-05 7.36997e-19
-0.000122121 -3.04528e-05 7.37011e-19
-0.000121639 -3.09461e-05 7.37025e-19
-0.000121162 -3.14279e-05 7.37039e-19
-0.000120689 -3.18978e-05 7.37053e-19
-0.00012022 -3.23557e-05 7.37066e-19
-0.000119756 -3.28013e-05 7.37079e-19
-0.000119297 -3.32344e-05 7.37092e-19
-0.000118842 -3.36552e-05 7.37104e-19
-0.000118392 -3.4064e-05 7.37116e-19
-0.000117947 -3.44609e-05 7.37127e-19
-0.000117507 -3.48463e-05 7.37138e-19
-0.000117071 -3.522e-05 7.37149e-19
-0.000116641 -3.55822e-05 7.37159e-19
-0.000116217 -3.59327e-05 7.3717e-19
-0.000115797 -3.62717e-05 7.37179e-19
-0.000115383 -3.65993e-05 7.37189e-19
-0.000114974 -3.69162e-05 7.37198e-19
-0.00011457 -3.72229e-05 7.37207e-19
-0.000114172 -3.752e-05 7.37215e-19
-0.000113779 -3.7808e-05 7.37224e-19
-0.000113392 -3.80874e-05 7.37232e-19
-0.00011301 -3.83589e-05 7.37239e-19
-0.000112633 -3.86231e-05 7.37247e-19
-0.000112262 -3.88802e-05 7.37254e-19
-0.000111896 -3.91308e-05 7.37262e-19
-0.000111536 -3.93752e-05 7.37269e-19
-0.000111181 -3.96137e-05 7.37275e-19
-0.000110832 -3.98469e-05 7.37282e-19
-0.000110489 -4.00753e-05 7.37289e-19
-0.000110151 -4.02995e-05 7.37295e-19
-0.000109819 -4.05199e-05 7.37301e-19
-0.000109493 -4.07371e-05 7.37308e-19
-0.000109173 -4.09519e-05 7.37314e-19
-0.000108859 -4.11647e-05 7.3732e-19
-0.000108551 -4.13763e-05 7.37326e-19
-0.000108249 -4.15875e-05 7.37332e-19
-0.000107953 -4.17992e-05 7.37338e-19
-0.000107664 -4.20124e-05 7.37344e-19
-0.00010738 -4.22277e-05 7.3735e-19
-0.000107103 -4.24458e-05 7.37357e-19
-0.000106832 -4.26669e-05 7.37363e-19
-0.000106568 -4.28912e-05 7.37369e-19
-0.00010631 -4.31188e-05 7.37376e-19
-0.000106059 -4.33494e-05 7.37383e-19
-0.000105815 -4.35825e-05 7.37389e-19
-0.000105577 -4.38175e-05 7.37396e-19
-0.000105347 -4.40539e-05 7.37403e-19
-0.000105124 -4.4291e-05 7.3741e-19
-0.000104908 -4.45285e-05 7.37417e-19
-0.000104699 -4.47658e-05 7.37424e-19
-0.000104498 -4.50024e-05 7.37431e-19
-0.000104304 -4.52376e-05 7.37438e-19
-0.000104118 -4.54707e-05 7.37444e-19
-0.000103939 -4.57008e-05 7.37451e-19
-0.000103768 -4.59273e-05 7.37458e-19
-0.000103605 -4.61491e-05 7.37464e-19
-0.00010345 -4.63654e-05 7.37471e-19
-0.000103302 -4.65751e-05 7.37477e-19
-0.000103162 -4.67774e-05 7.37483e-19
-0.000103031 -4.69717e-05 7.37488e-19
-0.000102907 -4.71572e-05 7.37494e-19
-0.000102792 -4.73336e-05 7.37499e-19
-0.000102685 -4.75004e-05 7.37504e-19
-0.000102585 -4.76573e-05 7.37508e-19
-0.000102494 -4.78043e-05 7.37512e-19
-0.000102411 -4.79414e-05 7.37516e-19
-0.000102335 -4.80686e-05 7.3752e-19
-0.000102268 -4.81857e-05 7.37523e-19
-0.000102209 -4.8293e-05 7.37526e-19
-0.000102157 -4.83903e-05 7.37529e-19
-0.000102114 -4.84775e-05 7.37532e-19
-0.000102079 -4.85541e-05 7.37534e-19
-0.000102051 -4.86192e-05 7.37536e-19
-0.000102032 -4.86719e-05 7.37537e-19
-0.000102021 -4.87117e-05 7.37538e-19
-0.000102019 -4.87378e-05 7.37539e-19
-0.000102025 -4.87499e-05 7.37539e-19
-0.00010204 -4.87478e-05 7.37539e-19
-0.000102063 -4.8731e-05 7.37538e-19
-0.000102095 -4.86995e-05 7.37537e-19
-0.000102135 -4.8653e-05 7.37536e-19
-0.000102185 -4.85913e-05 7.37534e-19
-0.000102243 -4.85147e-05 7.37532e-19
-0.000102311 -4.84233e-05 7.37529e-19
-0.000102387 -4.83178e-05 7.37526e-19
-0.000102473 -4.81988e-05 7.37522e-19
-0.000102568 -4.80669e-05 7.37518e-19
-0.000102671 -4.79227e-05 7.37514e-19
-0.000102784 -4.77667e-05 7.37509e-19
-0.000102906 -4.75995e-05 7.37504e-19
-0.000103037 -4.74213e-05 7.37499e-19
-0.000103177 -4.72324e-05 7.37494e-19
-0.000103327 -4.70328e-05 7.37488e-19
-0.000103485 -4.68224e-05 7.37481e-19
-0.000103653 -4.66011e-05 7.37475e-19
-0.00010383 -4.63685e-05 7.37468e-19
-0.000104017 -4.61243e-05 7.37461e-19
-0.000104213 -4.58681e-05 7.37454e-19
-0.000104419 -4.55994e-05 7.37446e-19
-0.000104634 -4.53178e-05 7.37438e-19
-0.00010486 -4.50227e-05 7.37429e-19
-0.000105094 -4.47135e-05 7.3742e-19
-0.000105339 -4.43899e-05 7.37411e-19
-0.000105593 -4.40517e-05 7.37401e-19
-0.000105858 -4.36988e-05 7.37391e-19
-0.000106132 -4.33312e-05 7.3738e-19
-0.000106416 -4.29491e-05 7.37369e-19
-0.000106709 -4.25523e-05 7.37358e-19
-0.000107013 -4.21408e-05 7.37346e-19
-0.000107327 -4.17148e-05 7.37333e-19
-0.00010765 -4.12742e-05 7.3732e-19
-0.000107983 -4.08195e-05 7.37307e-19
-0.000108327 -4.03511e-05 7.37294e-19
-0.00010868 -3.98697e-05 7.3728e-19
-0.000109042 -3.93757e-05 7.37265e-19
-0.000109415 -3.88693e-05 7.37251e-19
-0.000109798 -3.83503e-05 7.37236e-19
-0.000110191 -3.78187e-05 7.3722e-19
-0.000110593 -3.72745e-05 7.37204e-19
-0.000111006 -3.67183e-05 7.37188e-19
-0.000111429 -3.61508e-05 7.37172e-19
-0.000111861 -3.55726e-05 7.37155e-19
-0.000112304 -3.49847e-05 7.37138e-19
-0.000112757 -3.43878e-05 7.3712e-19
-0.000113219 -3.37827e-05 7.37103e-19
-0.000113691 -3.317e-05 7.37085e-19
-0.000114173 -3.25507e-05 7.37067e-19
-0.000114665 -3.19256e-05 7.37049e-19
-0.000115166 -3.12956e-05 7.37031e-19
-0.000115677 -3.06616e-05 7.37012e-19
-0.000116197 -3.00244e-05 7.36994e-19
-0.000116727 -2.93847e-05 7.36975e-19
-0.000117265 -2.87432e-05 7.36956e-19
-0.000117813 -2.81004e-05 7.36938e-19
-0.000118371 -2.74568e-05 7.36919e-19
-0.000118937 -2.68128e-05 7.369e-19
-0.000119512 -2.61686e-05 7.36882e-19
-0.000120096 -2.55244e-05 7.36863e-19
-0.000120688 -2.48805e-05 7.36844e-19
-0.000121289 -2.42371e-05 7.36826e-19
-0.000121899 -2.35944e-05 7.36807e-19
-0.000122516 -2.29526e-05 7.36789e-19
-0.000123141 -2.23121e-05 7.3677e-19
-0.000123774 -2.16725e-05 7.36751e-19
-0.000124413 -2.10345e-05 7.36733e-19
-0.00012506 -2.03981e-05 7.36715e-19
-0.000125714 -1.97629e-05 7.36696e-19
-0.000126375 -1.91291e-05 7.36678e-19
-0.000127044 -1.84971e-05 7.3666e-19
-0.00012772 -1.78675e-05 7.36641e-19
-0.000128402 -1.72408e-05 7.36623e-19
-0.000129091 -1.66175e-05 7.36605e-19
-0.000129787 -1.59982e-05 7.36587e-19
-0.000130489 -1.53836e-05 7.3657e-19
-0.000131196 -1.47744e-05 7.36552e-19
-0.000131909 -1.41713e-05 7.36535e-19
-0.000132627 -1.35752e-05 7.36518e-19
-0.000133349 -1.29868e-05 7.36501e-19
-0.000134075 -1.24069e-05 7.36484e-19
-0.000134805 -1.18361e-05 7.36468e-19
-0.000135535 -1.12752e-05 7.36452e-19
-0.000136267 -1.07242e-05 7.36436e-19
-0.000137003 -1.01836e-05 7.3642e-19
-0.000137741 -9.65337e-06 7.36405e-19
-0.000138482 -9.13332e-06 7.3639e-19
-0.000139225 -8.62334e-06 7.36376e-19
-0.00013997 -8.12307e-06 7.36362e-19
-0.000140715 -7.63215e-06 7.36348e-19
-0.000141462 -7.15004e-06 7.36334e-19
-0.00014221 -6.67623e-06 7.36321e-19
-0.000142957 -6.21009e-06 7.36308e-19
-0.000143705 -5.7511e-06 7.36295e-19
-0.000144452 -5.29868e-06 7.36282e-19
-0.000145197 -4.85227e-06 7.36269e-19
-0.000145942 -4.41129e-06 7.36257e-19
-0.000146684 -3.97514e-06 7.36244e-19
-0.000147424 -3.54324e-06 7.36232e-19
-0.000148162 -3.11503e-06 7.3622e-19
-0.000148896 -2.68994e-06 7.36208e-19
-0.000149621 -2.26571e-06 7.36196e-19
-0.000150341 -1.84323e-06 7.36184e-19
-0.000151057 -1.42287e-06 7.36173e-19
-0.000151768 -1.0035e-06 7.36161e-19
-0.000152474 -5.85119e-07 7.36149e-19
-0.000153174 -1.6667e-07 7.36137e-19
-0.00015387 2.52124e-07 7.36125e-19
-0.000154558 6.72112e-07 7.36113e-19
-0.000155241 1.09383e-06 7.36101e-19
-0.000155917 1.51819e-06 7.36089e-19
-0.000156586 1.94579e-06 7.36077e-19
-0.000157248 2.37732e-06 7.36065e-19
-0.000157902 2.81321e-06 7.36052e-19
-0.000158545 3.24527e-06 7.3604e-19
-0.000159178 3.67961e-06 7.36028e-19
-0.000159804 4.12114e-06 7.36015e-19
-0.000160421 4.56646e-06 7.36003e-19
-0.00016103 5.01767e-06 7.3599e-19
-0.00016163 5.47307e-06 7.35977e-19
-0.000162221 5.9334e-06 7.35963e-19
-0.000162803 6.3978e-06 7.3595e-19
-0.000163376 6.86652e-06 7.35937e-19
-0.000163939 7.33901e-06 7.35923e-19
-0.000164492 7.81508e-06 7.35909e-19
-0.000165036 8.29377e-06 7.35896e-19
-0.000165569 8.7741e-06 7.35882e-19
-0.000166092 9.25488e-06 7.35868e-19
-0.000166605 9.73515e-06 7.35854e-19
-0.000167107 1.02141e-05 7.3584e-19
-0.000167597 1.06912e-05 7.35826e-19
-0.000168077 1.11659e-05 7.35813e-19
-0.000168545 1.16377e-05 7.35799e-19
-0.000169002 1.21065e-05 7.35786e-19
-0.000169448 1.2572e-05 7.35772e-19
-0.000169882 1.30342e-05 7.35759e-19
-0.000170304 1.34932e-05 7.35746e-19
-0.000170715 1.39493e-05 7.35732e-19
-0.000171114 1.44033e-05 7.35719e-19
-0.000171501 1.48557e-05 7.35706e-19
-0.000171876 1.53073e-05 7.35693e-19
-0.00017224 1.57586e-05 7.3568e-19
-0.000172592 1.62102e-05 7.35667e-19
-0.000172933 1.66626e-05 7.35654e-19
-0.000173263 1.71161e-05 7.35641e-19
-0.000173581 1.75709e-05 7.35628e-19
-0.000173887 1.80268e-05 7.35614e-19
-0.000174183 1.84836e-05 7.35601e-19
-0.000174467 1.89411e-05 7.35588e-19
-0.000174741 1.93987e-05 7.35574e-19
-0.000175003 1.98556e-05 7.35561e-19
-0.000175255 2.03111e-05 7.35548e-19
-0.000175496 2.07642e-05 7.35535e-19
-0.000175727 2.12138e-05 7.35521e-19
-0.000175947 2.16586e-05 7.35508e-19
-0.000176157 2.20974e-05 7.35496e-19
-0.000176357 2.25287e-05 7.35483e-19
-0.000176546 2.29508e-05 7.35471e-19
-0.000176725 2.33618e-05 7.35459e-19
-0.000176894 2.37599e-05 7.35447e-19
-0.000177053 2.41434e-05 7.35436e-19
-0.000177202 2.45111e-05 7.35425e-19
-0.000177341 2.48619e-05 7.35415e-19
-0.00017747 2.5195e-05 7.35405e-19
-0.000177589 2.55098e-05 7.35396e-19
-0.000177699 2.5806e-05 7.35387e-19
-0.000177799 2.60834e-05 7.35379e-19
-0.000177889 2.63421e-05 7.35372e-19
-0.00017797 2.65822e-05 7.35365e-19
-0.000178041 2.68034e-05 7.35358e-19
-0.000178103 2.70054e-05 7.35352e-19
-0.000178156 2.7188e-05 7.35347e-19
-0.000178199 2.7351e-05 7.35343e-19
-0.000178233 2.74946e-05 7.35338e-19
-0.000178257 2.76189e-05 7.35335e-19
-0.000178272 2.77242e-05 7.35332e-19
-0.000178277 2.78109e-05 7.35329e-19
-0.000178274 2.78792e-05 7.35327e-19
-0.00017826 2.79294e-05 7.35326e-19
-0.000178238 2.79615e-05 7.35325e-19
-0.000178206 2.79756e-05 7.35325e-19
-0.000178165 2.7972e-05 7.35325e-19
-0.000178115 2.79505e-05 7.35325e-19
-0.000178055 2.79111e-05 7.35327e-19
-0.000177985 2.78537e-05 7.35328e-19
-0.000177906 2.7778e-05 7.35331e-19
-0.000177818 2.76835e-05 7.35333e-19
-0.000177721 2.75699e-05 7.35337e-19
-0.000177613 2.74367e-05 7.3534e-19
-0.000177497 2.72838e-05 7.35345e-19
-0.000177371 2.71109e-05 7.3535e-19
-0.000177235 2.69179e-05 7.35355e-19
-0.00017709 2.67049e-05 7.35361e-19
-0.000176935 2.6472e-05 7.35368e-19
-0.000176772 2.62197e-05 7.35375e-19
-0.000176599 2.59485e-05 7.35383e-19
-0.000176416 2.5659e-05 7.35392e-19
-0.000176225 2.53517e-05 7.35401e-19
-0.000176024 2.50272e-05 7.3541e-19
-0.000175815 2.46861e-05 7.3542e-19
-0.000175596 2.43291e-05 7.3543e-19
-0.000175369 2.39567e-05 7.35441e-19
-0.000175132 2.35694e-05 7.35452e-19
-0.000174887 2.31676e-05 7.35464e-19
-0.000174633 2.27519e-05 7.35476e-19
-0.000174371 2.23227e-05 7.35488e-19
-0.000174099 2.18804e-05 7.35501e-19
-0.000173818 2.14255e-05 7.35514e-19
-0.000173529 2.09584e-05 7.35528e-19
-0.000173231 2.04795e-05 7.35541e-19
-0.000172923 1.99892e-05 7.35556e-19
-0.000172607 1.94877e-05 7.3557e-19
-0.000172282 1.89756e-05 7.35585e-19
-0.000171948 1.84539e-05 7.356e-19
-0.000171604 1.79234e-05 7.35616e-19
-0.000171252 1.73854e-05 7.35631e-19
-0.00017089 1.68411e-05 7.35647e-19
-0.00017052 1.6292e-05 7.35663e-19
-0.00017014 1.57399e-05 7.35679e-19
-0.000169752 1.51865e-05 7.35695e-19
-0.000169355 1.46335e-05 7.35711e-19
-0.00016895 1.40825e-05 7.35727e-19
-0.000168536 1.35353e-05 7.35743e-19
-0.000168114 1.29933e-05 7.35758e-19
-0.000167684 1.24578e-05 7.35774e-19
-0.000167246 1.19302e-05 7.35789e-19
-0.0001668 1.14111e-05 7.35804e-19
-0.000166347 1.09014e-05 7.35818e-19
-0.000165886 1.04018e-05 7.35833e-19
-0.000165419 9.91267e-06 7.35847e-19
-0.000164944 9.43415e-06 7.3586e-19
-0.000164462 8.9664e-06 7.35874e-19
-0.000163974 8.50946e-06 7.35887e-19
-0.00016348 8.0633e-06 7.359e-19
-0.000162979 7.6278e-06 7.35912e-19
-0.000162473 7.20281e-06 7.35924e-19
-0.000161961 6.78799e-06 7.35936e-19
-0.000161444 6.38264e-06 7.35947e-19
-0.000160922 5.98576e-06 7.35959e-19
-0.000160394 5.59637e-06 7.3597e-19
-0.000159862 5.2134e-06 7.3598e-19
-0.000159326 4.83573e-06 7.35991e-19
-0.000158782 4.45789e-06 7.36002e-19
-0.000158232 4.07836e-06 7.36013e-19
-0.000157678 3.7008e-06 7.36023e-19
-0.00015712 3.32452e-06 7.36034e-19
-0.000156559 2.94857e-06 7.36045e-19
-0.000155994 2.5725e-06 7.36056e-19
-0.000155425 2.19569e-06 7.36067e-19
-0.000154854 1.81785e-06 7.36077e-19
-0.000154279 1.43867e-06 7.36088e-19
-0.000153701 1.05805e-06 7.36099e-19
-0.000153121 6.75924e-07 7.3611e-19
-0.000152539 2.92431e-07 7.36121e-19
-0.000151954 -9.21883e-08 7.36132e-19
-0.000151367 -4.77624e-07 7.36143e-19
-0.000150777 -8.63434e-07 7.36155e-19
-0.000150182 -1.24757e-06 7.36166e-19
-0.000149585 -1.63031e-06 7.36177e-19
-0.000148987 -2.01128e-06 7.36188e-19
-0.000148387 -2.3892e-06 7.36199e-19
-0.000147788 -2.76366e-06 7.36209e-19
-0.000147188 -3.13356e-06 7.3622e-19
-0.000146588 -3.49851e-06 7.3623e-19
-0.000145988 -3.85779e-06 7.36241e-19
-0.00014539 -4.21138e-06 7.36251e-19
-0.000144792 -4.55918e-06 7.36261e-19
-0.000144196 -4.90149e-06 7.3627e-19
-0.000143602 -5.23842e-06 7.3628e-19
-0.00014301 -5.57018e-06 7.36289e-19
-0.00014242 -5.8968e-06 7.36299e-19
-0.000141833 -6.21853e-06 7.36308e-19
-0.00014125 -6.53573e-06 7.36317e-19
-0.00014067 -6.84914e-06 7.36325e-19
-0.000140094 -7.15975e-06 7.36334e-19
-0.000139522 -7.46863e-06 7.36343e-19
-0.000138956 -7.7768e-06 7.36352e-19
-0.000138394 -8.08519e-06 7.3636e-19
-0.000137838 -8.39457e-06 7.36369e-19
-0.000137287 -8.70574e-06 7.36378e-19
-0.00013674 -9.01972e-06 7.36386e-19
-0.000136198 -9.33744e-06 7.36395e-19
-0.000135663 -9.66015e-06 7.36404e-19
-0.000135133 -9.98905e-06 7.36414e-19
-0.000134611 -1.03252e-05 7.36423e-19
-0.000134097 -1.06694e-05 7.36433e-19
-0.000133589 -1.1022e-05 7.36443e-19
-0.00013309 -1.13836e-05 7.36453e-19
-0.000132599 -1.17544e-05 7.36464e-19
-0.000132115 -1.21346e-05 7.36475e-19
-0.00013164 -1.25244e-05 7.36486e-19
-0.000131173 -1.29238e-05 7.36497e-19
-0.000130715 -1.33328e-05 7.36509e-19
-0.000130265 -1.37513e-05 7.36521e-19
-0.000129823 -1.41792e-05 7.36534e-19
-0.000129389 -1.46164e-05 7.36546e-19
-0.000128964 -1.50626e-05 7.36559e-19
-0.000128548 -1.55178e-05 7.36572e-19
-0.000128139 -1.5982e-05 7.36586e-19
-0.000127739 -1.64552e-05 7.366e-19
-0.000127346 -1.69372e-05 7.36614e-19
-0.000126962 -1.74274e-05 7.36628e-19
-0.000126586 -1.7925e-05 7.36642e-19
-0.000126217 -1.84291e-05 7.36657e-19
-0.000125857 -1.8939e-05 7.36672e-19
-0.000125504 -1.94541e-05 7.36687e-19
-0.000125159 -1.99739e-05 7.36702e-19
-0.000124824 -2.04967e-05 7.36717e-19
-0.000124498 -2.10224e-05 7.36733e-19
-0.000124179 -2.15514e-05 7.36748e-19
-0.000123868 -2.20828e-05 7.36764e-19
-0.000123564 -2.26163e-05 7.36779e-19
-0.000123267 -2.31513e-05 7.36795e-19
-0.000122977 -2.3687e-05 7.36811e-19
-0.000122694 -2.4222e-05 7.36827e-19
-0.000122419 -2.47554e-05 7.36842e-19
-0.00012215 -2.52861e-05 7.36858e-19
-0.000121889 -2.58132e-05 7.36873e-19
-0.000121635 -2.63355e-05 7.36888e-19
-0.000121389 -2.6852e-05 7.36904e-19
-0.00012115 -2.73617e-05 7.36919e-19
-0.000120917 -2.7864e-05 7.36933e-19
-0.000120692 -2.83583e-05 7.36948e-19
-0.000120474 -2.8844e-05 7.36962e-19
-0.000120263 -2.93206e-05 7.36976e-19
-0.000120059 -2.97871e-05 7.3699e-19
-0.000119862 -3.02427e-05 7.37003e-19
-0.000119671 -3.06863e-05 7.37016e-19
-0.000119487 -3.11168e-05 7.37029e-19
-0.00011931 -3.15337e-05 7.37041e-19
-0.000119139 -3.19365e-05 7.37053e-19
-0.000118975 -3.23246e-05 7.37064e-19
-0.000118816 -3.26975e-05 7.37075e-19
-0.000118664 -3.30546e-05 7.37086e-19
-0.000118518 -3.3395e-05 7.37096e-19
-0.000118377 -3.37182e-05 7.37105e-19
-0.000118243 -3.40234e-05 7.37114e-19
-0.000118114 -3.43102e-05 7.37123e-19
-0.00011799 -3.45781e-05 7.37131e-19
-0.000117871 -3.48268e-05 7.37138e-19
-0.000117758 -3.50559e-05 7.37145e-19
-0.000117649 -3.5265e-05 7.37151e-19
-0.000117546 -3.54539e-05 7.37156e-19
-0.000117447 -3.5622e-05 7.37161e-19
-0.000117353 -3.57691e-05 7.37165e-19
-0.000117264 -3.5895e-05 7.37169e-19
-0.000117179 -3.59992e-05 7.37172e-19
-0.000117099 -3.60817e-05 7.37174e-19
-0.000117024 -3.61425e-05 7.37176e-19
-0.000116954 -3.61821e-05 7.37177e-19
-0.000116888 -3.62012e-05 7.37178e-19
-0.000116826 -3.62008e-05 7.37177e-19
-0.000116769 -3.61818e-05 7.37177e-19
-0.000116717 -3.61452e-05 7.37176e-19
-0.000116669 -3.60922e-05 7.37174e-19
-0.000116625 -3.60238e-05 7.37172e-19
-0.000116587 -3.59411e-05 7.37169e-19
-0.000116553 -3.58453e-05 7.37166e-19
-0.000116524 -3.57378e-05 7.37163e-19
-0.0001165 -3.56198e-05 7.37159e-19
-0.00011648 -3.54924e-05 7.37156e-19
-0.000116466 -3.53565e-05 7.37152e-19
-0.000116457 -3.52128e-05 7.37147e-19
-0.000116453 -3.50619e-05 7.37143e-19
-0.000116454 -3.49043e-05 7.37138e-19
-0.000116461 -3.47402e-05 7.37133e-19
-0.000116474 -3.45696e-05 7.37128e-19
-0.000116492 -3.43926e-05 7.37123e-19
-0.000116517 -3.4209e-05 7.37118e-19
-0.000116547 -3.40188e-05 7.37112e-19
-0.000116584 -3.3822e-05 7.37106e-19
-0.000116627 -3.36183e-05 7.371e-19
-0.000116677 -3.34076e-05 7.37094e-19
-0.000116733 -3.31893e-05 7.37088e-19
-0.000116796 -3.29628e-05 7.37081e-19
-0.000116867 -3.27274e-05 7.37074e-19
-0.000116944 -3.24824e-05 7.37067e-19
-0.000117029 -3.22277e-05 7.3706e-19
-0.000117121 -3.19631e-05 7.37052e-19
-0.000117221 -3.16888e-05 7.37044e-19
-0.000117328 -3.14048e-05 7.37036e-19
-0.000117443 -3.11113e-05 7.37027e-19
-0.000117566 -3.08085e-05 7.37019e-19
-0.000117696 -3.0497e-05 7.37009e-19
-0.000117834 -3.0177e-05 7.37e-19
-0.00011798 -2.98497e-05 7.36991e-19
-0.000118134 -2.9516e-05 7.36981e-19
-0.000118296 -2.91772e-05 7.36971e-19
-0.000118465 -2.88345e-05 7.36961e-19
-0.000118642 -2.84889e-05 7.36951e-19
-0.000118827 -2.81412e-05 7.36941e-19
-0.000119019 -2.77922e-05 7.3693e-19
-0.000119219 -2.74428e-05 7.3692e-19
-0.000119427 -2.70939e-05 7.3691e-19
-0.000119643 -2.67462e-05 7.369e-19
-0.000119866 -2.64006e-05 7.3689e-19
-0.000120096 -2.60578e-05 7.3688e-19
-0.000120335 -2.57182e-05 7.3687e-19
-0.000120581 -2.53822e-05 7.3686e-19
-0.000120834 -2.50498e-05 7.3685e-19
-0.000121095 -2.47214e-05 7.36841e-19
-0.000121364 -2.43973e-05 7.36831e-19
-0.00012164 -2.40778e-05 7.36822e-19
-0.000121923 -2.37632e-05 7.36813e-19
-0.000122214 -2.34537e-05 7.36804e-19
-0.000122511 -2.315e-05 7.36795e-19
-0.000122816 -2.2852e-05 7.36787e-19
-0.000123128 -2.256e-05 7.36778e-19
-0.000123447 -2.22741e-05 7.3677e-19
-0.000123773 -2.19943e-05 7.36762e-19
-0.000124105 -2.17208e-05 7.36754e-19
-0.000124445 -2.14535e-05 7.36746e-19
-0.00012479 -2.11925e-05 7.36739e-19
-0.000125142 -2.09381e-05 7.36731e-19
-0.000125499 -2.06899e-05 7.36724e-19
-0.000125863 -2.04481e-05 7.36717e-19
-0.000126233 -2.02127e-05 7.36711e-19
-0.000126608 -1.9984e-05 7.36704e-19
-0.000126989 -1.97621e-05 7.36698e-19
-0.000127376 -1.95473e-05 7.36692e-19
-0.000127767 -1.93396e-05 7.36686e-19
-0.000128163 -1.91394e-05 7.3668e-19
-0.000128564 -1.89466e-05 7.36675e-19
-0.000128968 -1.87615e-05 7.36669e-19
-0.000129377 -1.85838e-05 7.36664e-19
-0.00012979 -1.84136e-05 7.3666e-19
-0.000130206 -1.82506e-05 7.36655e-19
-0.000130623 -1.80944e-05 7.36651e-19
-0.000131043 -1.79447e-05 7.36647e-19
-0.000131466 -1.7801e-05 7.36643e-19
-0.000131891 -1.76627e-05 7.36639e-19
-0.000132318 -1.75291e-05 7.36636e-19
-0.000132746 -1.73995e-05 7.36632e-19
-0.000133175 -1.72732e-05 7.36629e-19
-0.000133603 -1.71495e-05 7.36626e-19
-0.00013403 -1.70276e-05 7.36622e-19
-0.000134457 -1.69066e-05 7.36619e-19
-0.000134885 -1.67853e-05 7.36616e-19
-0.000135312 -1.66626e-05 7.36613e-19
-0.000135739 -1.65372e-05 7.36609e-19
-0.000136165 -1.6408e-05 7.36606e-19
-0.00013659 -1.6274e-05 7.36602e-19
-0.000137014 -1.61342e-05 7.36598e-19
-0.000137436 -1.59878e-05 7.36594e-19
-0.000137856 -1.58341e-05 7.3659e-19
-0.000138274 -1.56722e-05 7.36586e-19
-0.00013869 -1.55015e-05 7.36581e-19
-0.000139104 -1.53212e-05 7.36576e-19
-0.000139514 -1.5131e-05 7.36571e-19
-0.000139922 -1.49303e-05 7.36565e-19
-0.000140327 -1.4719e-05 7.36559e-19
-0.000140728 -1.44971e-05 7.36553e-19
-0.000141126 -1.42645e-05 7.36546e-19
-0.00014152 -1.40212e-05 7.36539e-19
-0.00014191 -1.37674e-05 7.36532e-19
-0.000142296 -1.35034e-05 7.36525e-19
-0.000142678 -1.32293e-05 7.36517e-19
-0.000143056 -1.29455e-05 7.36508e-19
-0.000143429 -1.26522e-05 7.365e-19
-0.000143797 -1.23499e-05 7.36491e-19
-0.000144161 -1.20387e-05 7.36482e-19
-0.00014452 -1.17191e-05 7.36473e-19
-0.000144874 -1.13912e-05 7.36464e-19
-0.000145222 -1.10554e-05 7.36454e-19
-0.000145566 -1.07118e-05 7.36444e-19
-0.000145904 -1.03609e-05 7.36434e-19
-0.000146237 -1.00031e-05 7.36423e-19
-0.000146565 -9.63885e-06 7.36413e-19
-0.000146887 -9.26845e-06 7.36402e-19
-0.000147203 -8.89227e-06 7.36391e-19
-0.000147514 -8.51061e-06 7.3638e-19
-0.00014782 -8.12375e-06 7.36369e-19
-0.000148119 -7.73199e-06 7.36357e-19
-0.000148413 -7.33563e-06 7.36346e-19
-0.000148702 -6.935e-06 7.36334e-19
-0.000148984 -6.53042e-06 7.36322e-19
-0.000149261 -6.12227e-06 7.3631e-19
-0.000149533 -5.71106e-06 7.36298e-19
-0.000149798 -5.2974e-06 7.36286e-19
-0.000150058 -4.88192e-06 7.36274e-19
-0.000150311 -4.46463e-06 7.36262e-19
-0.000150557 -4.04672e-06 7.3625e-19
-0.000150797 -3.62918e-06 7.36237e-19
-0.000151032 -3.21249e-06 7.36225e-19
-0.000151262 -2.79752e-06 7.36213e-19
-0.000151486 -2.38471e-06 7.36201e-19
-0.000151704 -1.9747e-06 7.36189e-19
-0.000151917 -1.56791e-06 7.36177e-19
-0.000152125 -1.16487e-06 7.36165e-19
-0.000152328 -7.65927e-07 7.36154e-19
-0.000152526 -3.71431e-07 7.36142e-19
-0.000152718 1.83266e-08 7.36131e-19
-0.000152906 4.03048e-07 7.3612e-19
-0.000153089 7.82524e-07 7.36109e-19
-0.000153267 1.15657e-06 7.36098e-19
-0.000153441 1.52502e-06 7.36087e-19
-0.000153611 1.8877e-06 7.36076e-19
-0.000153777 2.24441e-06 7.36066e-19
-0.000153938 2.59494e-06 7.36056e-19
-0.000154096 2.93907e-06 7.36046e-19
-0.00015425 3.27656e-06 7.36036e-19
-0.0001544 3.6071e-06 7.36026e-19
-0.000154546 3.93034e-06 7.36017e-19
-0.00015469 4.24594e-06 7.36007e-19
-0.000154829 4.55349e-06 7.35998e-19
-0.000154964 4.84814e-06 7.3599e-19
-0.000155094 5.13244e-06 7.35981e-19
-0.000155222 5.40824e-06 7.35973e-19
-0.000155347 5.67317e-06 7.35966e-19
-0.000155469 5.92748e-06 7.35958e-19
-0.000155587 6.16941e-06 7.35951e-19
-0.000155703 6.39844e-06 7.35945e-19
-0.000155816 6.61338e-06 7.35938e-19
-0.000155925 6.81391e-06 7.35932e-19
-0.000156031 6.99956e-06 7.35927e-19
-0.000156135 7.17018e-06 7.35922e-19
-0.000156235 7.32556e-06 7.35918e-19
-0.000156332 7.46579e-06 7.35914e-19
-0.000156426 7.59105e-06 7.3591e-19
-0.000156517 7.70161e-06 7.35907e-19
-0.000156604 7.79766e-06 7.35904e-19
-0.000156688 7.87932e-06 7.35902e-19
-0.000156769 7.94664e-06 7.359e-19
-0.000156847 7.99966e-06 7.35898e-19
-0.000156921 8.03847e-06 7.35897e-19
-0.000156992 8.06323e-06 7.35896e-19
-0.000157059 8.07417e-06 7.35896e-19
-0.000157123 8.07152e-06 7.35896e-19
-0.000157183 8.05544e-06 7.35897e-19
-0.000157239 8.02595e-06 7.35898e-19
-0.000157292 7.98296e-06 7.35899e-19
-0.00015734 7.92639e-06 7.35901e-19
-0.000157385 7.85632e-06 7.35903e-19
-0.000157425 7.77316e-06 7.35905e-19
-0.000157461 7.67758e-06 7.35908e-19
-0.000157493 7.57028e-06 7.35911e-19
-0.00015752 7.4519e-06 7.35915e-19
-0.000157544 7.32288e-06 7.35918e-19
-0.000157563 7.18357e-06 7.35922e-19
-0.000157578 7.03428e-06 7.35927e-19
-0.000157588 6.8753e-06 7.35932e-19
-0.000157594 6.70689e-06 7.35936e-19
-0.000157596 6.52925e-06 7.35942e-19
-0.000157592 6.34259e-06 7.35947e-19
-0.000157585 6.14719e-06 7.35953e-19
-0.000157572 5.9435e-06 7.35959e-19
-0.000157554 5.73203e-06 7.35965e-19
-0.000157532 5.51337e-06 7.35972e-19
-0.000157504 5.28806e-06 7.35978e-19
-0.000157472 5.05653e-06 7.35985e-19
-0.000157434 4.81915e-06 7.35992e-19
-0.000157391 4.57631e-06 7.35999e-19
-0.000157343 4.32844e-06 7.36006e-19
-0.000157287 4.07257e-06 7.36014e-19
-0.000157225 3.81179e-06 7.36022e-19
-0.000157158 3.54843e-06 7.36029e-19
-0.000157085 3.28186e-06 7.36037e-19
-0.000157006 3.01368e-06 7.36045e-19
-0.000156921 2.74395e-06 7.36053e-19
-0.00015683 2.47386e-06 7.36061e-19
-0.000156733 2.20375e-06 7.36069e-19
-0.00015663 1.93451e-06 7.36077e-19
-0.00015652 1.66653e-06 7.36085e-19
-0.000156404 1.40049e-06 7.36093e-19
-0.000156281 1.13686e-06 7.361e-19
-0.000156152 8.76327e-07 7.36108e-19
-0.000156016 6.19455e-07 7.36116e-19
-0.000155874 3.66875e-07 7.36123e-19
-0.000155725 1.19041e-07 7.3613e-19
-0.000155569 -1.2379e-07 7.36137e-19
-0.000155406 -3.61558e-07 7.36144e-19
-0.000155237 -5.94252e-07 7.36151e-19
-0.000155061 -8.2182e-07 7.36158e-19
-0.000154877 -1.04403e-06 7.36164e-19
-0.000154688 -1.26054e-06 7.3617e-19
-0.000154491 -1.47105e-06 7.36177e-19
-0.000154288 -1.67534e-06 7.36182e-19
-0.000154078 -1.87342e-06 7.36188e-19
-0.000153861 -2.06541e-06 7.36194e-19
-0.000153638 -2.2515e-06 7.36199e-19
-0.000153409 -2.43194e-06 7.36204e-19
-0.000153173 -2.60702e-06 7.36209e-19
-0.000152931 -2.77708e-06 7.36214e-19
-0.000152683 -2.94248e-06 7.36219e-19
-0.000152429 -3.10363e-06 7.36223e-19
-0.000152169 -3.26101e-06 7.36228e-19
-0.000151904 -3.41513e-06 7.36232e-19
-0.000151633 -3.56654e-06 7.36236e-19
-0.000151356 -3.7157e-06 7.36241e-19
-0.000151074 -3.86293e-06 7.36245e-19
-0.000150787 -4.00843e-06 7.36249e-19
-0.000150494 -4.15239e-06 7.36253e-19
-0.000150195 -4.29424e-06 7.36257e-19
-0.000149891 -4.43462e-06 7.36261e-19
-0.000149582 -4.57376e-06 7.36265e-19
-0.000149269 -4.71139e-06 7.36269e-19
-0.000148952 -4.84775e-06 7.36272e-19
-0.000148631 -4.9828e-06 7.36276e-19
-0.000148307 -5.11688e-06 7.3628e-19
-0.000147979 -5.25009e-06 7.36284e-19
-0.000147648 -5.38268e-06 7.36287e-19
-0.000147314 -5.51459e-06 7.36291e-19
-0.000146978 -5.6458e-06 7.36295e-19
-0.000146639 -5.77617e-06 7.36298e-19
-0.000146297 -5.90568e-06 7.36302e-19
-0.000145954 -6.03426e-06 7.36305e-19
-0.000145609 -6.16195e-06 7.36309e-19
-0.000145262 -6.28874e-06 7.36312e-19
-0.000144914 -6.41466e-06 7.36316e-19
-0.000144565 -6.53957e-06 7.36319e-19
-0.000144216 -6.66334e-06 7.36323e-19
-0.000143866 -6.7858e-06 7.36326e-19
-0.000143516 -6.90694e-06 7.36329e-19
-0.000143167 -7.02697e-06 7.36333e-19
-0.000142817 -7.1463e-06 7.36336e-19
-0.000142469 -7.26536e-06 7.36339e-19
-0.000142122 -7.38462e-06 7.36342e-19
-0.000141775 -7.50453e-06 7.36346e-19
-0.000141431 -7.6256e-06 7.36349e-19
-0.000141088 -7.74828e-06 7.36352e-19
-0.000140747 -7.87321e-06 7.36356e-19
-0.000140408 -8.00133e-06 7.36359e-19
-0.000140072 -8.13381e-06 7.36363e-19
-0.000139738 -8.2718e-06 7.36366e-19
-0.000139407 -8.4164e-06 7.3637e-19
-0.000139079 -8.56861e-06 7.36375e-19
-0.000138754 -8.72934e-06 7.36379e-19
-0.000138432 -8.8994e-06 7.36384e-19
-0.000138114 -9.07967e-06 7.36389e-19
-0.000137798 -9.27114e-06 7.36394e-19
-0.000137486 -9.47491e-06 7.364e-19
-0.000137178 -9.69201e-06 7.36406e-19
-0.000136872 -9.92327e-06 7.36413e-19
-0.00013657 -1.01693e-05 7.3642e-19
-0.000136272 -1.04305e-05 7.36428e-19
-0.000135975 -1.07072e-05 7.36436e-19
-0.000135681 -1.09994e-05 7.36444e-19
-0.000135391 -1.13071e-05 7.36453e-19
-0.000135104 -1.16302e-05 7.36463e-19
-0.000134821 -1.19685e-05 7.36473e-19
-0.000134541 -1.23214e-05 7.36483e-19
-0.000134263 -1.26882e-05 7.36494e-19
-0.00013399 -1.30676e-05 7.36505e-19
-0.000133719 -1.34584e-05 7.36516e-19
-0.000133451 -1.38594e-05 7.36528e-19
-0.000133187 -1.42694e-05 7.3654e-19
-0.000132925 -1.46872e-05 7.36553e-19
-0.000132667 -1.51117e-05 7.36565e-19
-0.000132411 -1.55417e-05 7.36578e-19
-0.000132158 -1.59759e-05 7.3659e-19
-0.000131909 -1.64131e-05 7.36603e-19
-0.000131662 -1.68521e-05 7.36616e-19
-0.000131418 -1.72916e-05 7.36629e-19
-0.000131178 -1.77307e-05 7.36642e-19
-0.00013094 -1.81683e-05 7.36655e-19
-0.000130705 -1.86036e-05 7.36668e-19
-0.000130473 -1.90357e-05 7.3668e-19
-0.000130244 -1.94639e-05 7.36693e-19
-0.000130018 -1.98873e-05 7.36705e-19
-0.000129795 -2.03051e-05 7.36717e-19
-0.000129575 -2.07167e-05 7.36729e-19
-0.000129358 -2.11213e-05 7.36741e-19
-0.000129144 -2.15184e-05 7.36753e-19
-0.000128933 -2.19074e-05 7.36764e-19
-0.000128725 -2.22878e-05 7.36775e-19
-0.000128521 -2.26592e-05 7.36786e-19
-0.000128322 -2.30207e-05 7.36796e-19
-0.000128126 -2.33727e-05 7.36807e-19
-0.000127934 -2.37157e-05 7.36817e-19
-0.000127744 -2.40489e-05 7.36826e-19
-0.000127558 -2.4372e-05 7.36836e-19
-0.000127374 -2.46841e-05 7.36845e-19
-0.000127193 -2.49849e-05 7.36853e-19
-0.000127016 -2.52739e-05 7.36862e-19
-0.000126841 -2.55504e-05 7.3687e-19
-0.00012667 -2.58139e-05 7.36877e-19
-0.000126503 -2.60641e-05 7.36884e-19
-0.000126338 -2.63007e-05 7.36891e-19
-0.000126177 -2.65233e-05 7.36898e-19
-0.000126019 -2.67317e-05 7.36903e-19
-0.000125865 -2.69258e-05 7.36909e-19
-0.000125713 -2.71058e-05 7.36914e-19
-0.000125565 -2.7272e-05 7.36919e-19
-0.00012542 -2.74248e-05 7.36923e-19
-0.000125278 -2.75644e-05 7.36927e-19
-0.00012514 -2.76911e-05 7.36931e-19
-0.000125004 -2.78049e-05 7.36934e-19
-0.000124872 -2.79056e-05 7.36937e-19
-0.000124743 -2.79934e-05 7.36939e-19
-0.000124617 -2.80682e-05 7.36941e-19
-0.000124495 -2.81297e-05 7.36943e-19
-0.000124376 -2.8178e-05 7.36944e-19
-0.000124261 -2.8213e-05 7.36945e-19
-0.00012415 -2.82345e-05 7.36946e-19
-0.000124042 -2.82423e-05 7.36946e-19
-0.000123938 -2.82364e-05 7.36946e-19
-0.000123838 -2.82166e-05 7.36945e-19
-0.000123742 -2.81831e-05 7.36944e-19
-0.000123651 -2.81363e-05 7.36942e-19
-0.000123564 -2.80764e-05 7.36941e-19
-0.000123482 -2.8004e-05 7.36938e-19
-0.000123405 -2.79195e-05 7.36936e-19
-0.000123333 -2.78236e-05 7.36933e-19
-0.000123265 -2.77171e-05 7.3693e-19
-0.000123204 -2.76003e-05 7.36926e-19
-0.000123147 -2.74734e-05 7.36923e-19
-0.000123097 -2.73365e-05 7.36919e-19
-0.000123052 -2.71894e-05 7.36914e-19
-0.000123013 -2.70321e-05 7.3691e-19
-0.000122981 -2.68648e-05 7.36905e-19
-0.000122955 -2.66878e-05 7.36899e-19
-0.000122936 -2.65015e-05 7.36894e-19
-0.000122924 -2.63063e-05 7.36888e-19
-0.000122918 -2.61025e-05 7.36882e-19
-0.00012292 -2.58904e-05 7.36876e-19
-0.000122929 -2.56706e-05 7.3687e-19
-0.000122945 -2.54432e-05 7.36863e-19
-0.000122968 -2.52085e-05 7.36856e-19
-0.000122999 -2.49668e-05 7.36849e-19
-0.000123037 -2.47182e-05 7.36842e-19
-0.000123083 -2.44629e-05 7.36834e-19
-0.000123137 -2.42013e-05 7.36827e-19
-0.000123199 -2.39337e-05 7.36819e-19
-0.000123268 -2.36604e-05 7.36811e-19
-0.000123346 -2.33821e-05 7.36803e-19
-0.000123431 -2.30988e-05 7.36794e-19
-0.000123524 -2.28104e-05 7.36786e-19
-0.000123626 -2.25171e-05 7.36777e-19
-0.000123736 -2.22192e-05 7.36769e-19
-0.000123854 -2.19172e-05 7.3676e-19
-0.00012398 -2.16118e-05 7.36751e-19
-0.000124115 -2.13039e-05 7.36742e-19
-0.000124258 -2.09945e-05 7.36733e-19
-0.000124408 -2.06846e-05 7.36724e-19
-0.000124566 -2.03752e-05 7.36715e-19
-0.000124733 -2.00671e-05 7.36706e-19
-0.000124908 -1.97612e-05 7.36697e-19
-0.000125091 -1.94584e-05 7.36688e-19
-0.000125282 -1.91594e-05 7.36679e-19
-0.000125482 -1.88651e-05 7.3667e-19
-0.000125689 -1.85761e-05 7.36662e-19
-0.000125905 -1.82931e-05 7.36654e-19
-0.000126129 -1.80168e-05 7.36645e-19
-0.00012636 -1.7748e-05 7.36638e-19
-0.0001266 -1.74871e-05 7.3663e-19
-0.000126848 -1.7235e-05 7.36623e-19
-0.000127103 -1.69924e-05 7.36616e-19
-0.000127367 -1.67598e-05 7.36609e-19
-0.000127637 -1.65378e-05 7.36602e-19
-0.000127916 -1.63269e-05 7.36596e-19
-0.000128201 -1.61271e-05 7.3659e-19
-0.000128494 -1.59388e-05 7.36585e-19
-0.000128794 -1.57618e-05 7.3658e-19
-0.000129101 -1.55961e-05 7.36575e-19
-0.000129415 -1.54415e-05 7.36571e-19
-0.000129735 -1.52977e-05 7.36567e-19
-0.000130062 -1.51642e-05 7.36563e-19
-0.000130395 -1.50401e-05 7.3656e-19
-0.000130734 -1.49247e-05 7.36557e-19
-0.000131079 -1.48169e-05 7.36554e-19
-0.00013143 -1.47155e-05 7.36551e-19
-0.000131786 -1.46195e-05 7.36548e-19
-0.000132146 -1.45274e-05 7.36546e-19
-0.000132512 -1.44382e-05 7.36544e-19
-0.000132882 -1.43506e-05 7.36541e-19
-0.000133257 -1.42635e-05 7.36539e-19
-0.000133637 -1.41757e-05 7.36537e-19
-0.00013402 -1.40861e-05 7.36534e-19
-0.000134405 -1.39938e-05 7.36532e-19
-0.000134793 -1.38979e-05 7.3653e-19
-0.000135184 -1.37977e-05 7.36527e-19
-0.000135579 -1.36926e-05 7.36524e-19
-0.000135977 -1.35819e-05 7.36521e-19
-0.000136377 -1.34654e-05 7.36518e-19
-0.000136779 -1.33428e-05 7.36515e-19
-0.000137184 -1.3214e-05 7.36511e-19
-0.00013759 -1.3079e-05 7.36507e-19
-0.000137997 -1.29378e-05 7.36504e-19
-0.000138406 -1.27906e-05 7.365e-19
-0.000138815 -1.26376e-05 7.36495e-19
-0.000139225 -1.2479e-05 7.36491e-19
-0.000139635 -1.23147e-05 7.36486e-19
-0.000140045 -1.21447e-05 7.36482e-19
-0.000140454 -1.19688e-05 7.36477e-19
-0.000140863 -1.17868e-05 7.36472e-19
-0.00014127 -1.15988e-05 7.36466e-19
-0.000141676 -1.14047e-05 7.36461e-19
-0.000142081 -1.12045e-05 7.36455e-19
-0.000142484 -1.09981e-05 7.3645e-19
-0.000142884 -1.07848e-05 7.36444e-19
-0.000143283 -1.05641e-05 7.36437e-19
-0.000143679 -1.03352e-05 7.36431e-19
-0.000144072 -1.00974e-05 7.36424e-19
-0.000144463 -9.84989e-06 7.36417e-19
-0.00014485 -9.59201e-06 7.3641e-19
-0.000145235 -9.32308e-06 7.36402e-19
-0.000145616 -9.04251e-06 7.36394e-19
-0.000145994 -8.74986e-06 7.36386e-19
-0.000146368 -8.44476e-06 7.36377e-19
-0.000146739 -8.12696e-06 7.36368e-19
-0.000147106 -7.7963e-06 7.36358e-19
-0.00014747 -7.45278e-06 7.36348e-19
-0.00014783 -7.09648e-06 7.36338e-19
-0.000148186 -6.72761e-06 7.36327e-19
-0.000148537 -6.34643e-06 7.36316e-19
-0.000148885 -5.95328e-06 7.36305e-19
-0.000149229 -5.54857e-06 7.36293e-19
-0.000149569 -5.13278e-06 7.36281e-19
-0.000149905 -4.70644e-06 7.36269e-19
-0.000150237 -4.27016e-06 7.36256e-19
-0.000150562 -3.82383e-06 7.36243e-19
-0.000150883 -3.36879e-06 7.3623e-19
-0.0001512 -2.90624e-06 7.36216e-19
-0.000151513 -2.43708e-06 7.36202e-19
-0.000151823 -1.9629e-06 7.36188e-19
-0.000152128 -1.48492e-06 7.36174e-19
-0.000152429 -1.00461e-06 7.3616e-19
-0.000152727 -5.23045e-07 7.36146e-19
-0.00015302 -4.13329e-08 7.36132e-19
-0.000153309 4.39593e-07 7.36118e-19
-0.000153595 9.1874e-07 7.36104e-19
-0.000153876 1.39522e-06 7.3609e-19
-0.000154154 1.86814e-06 7.36076e-19
-0.000154428 2.33668e-06 7.36063e-19
-0.000154698 2.80007e-06 7.36049e-19
-0.000154964 3.25755e-06 7.36036e-19
-0.000155226 3.7084e-06 7.36023e-19
-0.000155484 4.15197e-06 7.3601e-19
-0.000155738 4.58765e-06 7.35997e-19
-0.000155984 5.00807e-06 7.35985e-19
-0.000156226 5.41746e-06 7.35973e-19
-0.000156464 5.81914e-06 7.35962e-19
-0.000156698 6.21001e-06 7.3595e-19
-0.000156928 6.59154e-06 7.35939e-19
-0.000157154 6.96225e-06 7.35929e-19
-0.000157376 7.32271e-06 7.35918e-19
-0.000157594 7.67224e-06 7.35908e-19
-0.000157808 8.01124e-06 7.35898e-19
-0.000158018 8.33967e-06 7.35889e-19
-0.000158224 8.65788e-06 7.3588e-19
-0.000158426 8.96593e-06 7.35871e-19
-0.000158625 9.26403e-06 7.35862e-19
-0.000158819 9.55221e-06 7.35854e-19
-0.00015901 9.83056e-06 7.35846e-19
-0.000159197 1.00991e-05 7.35838e-19
-0.00015938 1.03578e-05 7.35831e-19
-0.00015956 1.06066e-05 7.35824e-19
-0.000159736 1.08455e-05 7.35817e-19
-0.000159908 1.10743e-05 7.3581e-19
-0.000160077 1.12928e-05 7.35804e-19
-0.000160242 1.15009e-05 7.35798e-19
-0.000160404 1.16982e-05 7.35792e-19
-0.000160562 1.18844e-05 7.35787e-19
-0.000160717 1.20595e-05 7.35782e-19
-0.000160868 1.22233e-05 7.35777e-19
-0.000161017 1.23759e-05 7.35772e-19
-0.000161161 1.25171e-05 7.35768e-19
-0.000161302 1.26466e-05 7.35764e-19
-0.00016144 1.2764e-05 7.35761e-19
-0.000161575 1.28689e-05 7.35758e-19
-0.000161706 1.29609e-05 7.35755e-19
-0.000161833 1.30401e-05 7.35753e-19
-0.000161957 1.31066e-05 7.35751e-19
-0.000162077 1.31605e-05 7.3575e-19
-0.000162194 1.32021e-05 7.35748e-19
-0.000162307 1.32316e-05 7.35748e-19
-0.000162416 1.32492e-05 7.35747e-19
-0.000162521 1.32551e-05 7.35747e-19
-0.000162622 1.32494e-05 7.35747e-19
-0.00016272 1.32323e-05 7.35748e-19
-0.000162813 1.32034e-05 7.35749e-19
-0.000162901 1.31627e-05 7.3575e-19
-0.000162985 1.31102e-05 7.35751e-19
-0.000163064 1.30454e-05 7.35753e-19
-0.000163139 1.29682e-05 7.35756e-19
-0.000163208 1.28783e-05 7.35758e-19
-0.000163271 1.27755e-05 7.35761e-19
-0.000163329 1.26596e-05 7.35765e-19
-0.000163382 1.25308e-05 7.35769e-19
-0.000163428 1.2389e-05 7.35773e-19
-0.000163468 1.22345e-05 7.35777e-19
-0.000163501 1.20675e-05 7.35782e-19
-0.000163528 1.18885e-05 7.35788e-19
-0.000163549 1.16977e-05 7.35793e-19
-0.000163562 1.14957e-05 7.35799e-19
-0.000163568 1.12832e-05 7.35806e-19
-0.000163567 1.10606e-05 7.35812e-19
-0.000163559 1.08287e-05 7.35819e-19
-0.000163543 1.05882e-05 7.35826e-19
-0.000163519 1.03399e-05 7.35834e-19
-0.000163488 1.00849e-05 7.35841e-19
-0.000163449 9.82408e-06 7.35849e-19
-0.000163402 9.5585e-06 7.35857e-19
-0.000163347 9.28907e-06 7.35865e-19
-0.000163284 9.01674e-06 7.35873e-19
-0.000163214 8.74241e-06 7.35881e-19
-0.000163135 8.46698e-06 7.35889e-19
-0.000163048 8.19128e-06 7.35897e-19
-0.000162953 7.91613e-06 7.35905e-19
-0.00016285 7.64231e-06 7.35913e-19
-0.000162739 7.37046e-06 7.35921e-19
-0.00016262 7.10092e-06 7.35929e-19
-0.000162492 6.83388e-06 7.35937e-19
-0.000162357 6.56943e-06 7.35945e-19
-0.000162213 6.30766e-06 7.35952e-19
-0.00016206 6.04863e-06 7.3596e-19
-0.0001619 5.79237e-06 7.35967e-19
-0.000161731 5.5389e-06 7.35975e-19
-0.000161554 5.28825e-06 7.35982e-19
-0.000161368 5.04043e-06 7.35989e-19
-0.000161174 4.79548e-06 7.35996e-19
-0.000160972 4.5534e-06 7.36004e-19
-0.000160761 4.3143e-06 7.3601e-19
-0.000160541 4.07856e-06 7.36017e-19
-0.000160314 3.84666e-06 7.36024e-19
-0.000160078 3.61912e-06 7.36031e-19
-0.000159833 3.39645e-06 7.36037e-19
-0.000159581 3.17922e-06 7.36043e-19
-0.000159321 2.96777e-06 7.36049e-19
-0.00015905 2.75908e-06 7.36055e-19
-0.000158772 2.55645e-06 7.36061e-19
-0.000158486 2.36194e-06 7.36067e-19
-0.000158192 2.17448e-06 7.36072e-19
-0.000157891 1.99518e-06 7.36077e-19
-0.000157583 1.82333e-06 7.36082e-19
-0.000157268 1.65913e-06 7.36086e-19
-0.000156946 1.50169e-06 7.36091e-19
-0.000156617 1.35063e-06 7.36095e-19
-0.000156282 1.20507e-06 7.36099e-19
-0.00015594 1.0644e-06 7.36103e-19
-0.000155592 9.27748e-07 7.36107e-19
-0.000155238 7.94354e-07 7.3611e-19
-0.000154878 6.63249e-07 7.36114e-19
-0.000154513 5.33423e-07 7.36117e-19
-0.000154142 4.03715e-07 7.36121e-19
-0.000153766 2.72983e-07 7.36124e-19
-0.000153386 1.40101e-07 7.36128e-19
-0.000153 4.0825e-09 7.36132e-19
-0.00015261 -1.3598e-07 7.36135e-19
-0.000152216 -2.80943e-07 7.36139e-19
-0.000151818 -4.31683e-07 7.36143e-19
-0.000151417 -5.89159e-07 7.36148e-19
-0.000151012 -7.5436e-07 7.36152e-19
-0.000150604 -9.28218e-07 7.36157e-19
-0.000150189 -1.11064e-06 7.36162e-19
-0.000149771 -1.30338e-06 7.36167e-19
-0.000149351 -1.50765e-06 7.36173e-19
-0.000148929 -1.72392e-06 7.36179e-19
-0.000148504 -1.95315e-06 7.36186e-19
-0.000148077 -2.19569e-06 7.36193e-19
-0.000147648 -2.45222e-06 7.362e-19
-0.000147218 -2.72296e-06 7.36208e-19
-0.000146786 -3.00823e-06 7.36216e-19
-0.000146353 -3.30789e-06 7.36225e-19
-0.000145918 -3.62177e-06 7.36234e-19
-0.000145482 -3.94946e-06 7.36243e-19
-0.000145045 -4.29058e-06 7.36253e-19
-0.000144608 -4.64465e-06 7.36263e-19
-0.000144169 -5.0112e-06 7.36274e-19
-0.00014373 -5.38968e-06 7.36285e-19
-0.00014329 -5.77954e-06 7.36296e-19
-0.00014285 -6.18018e-06 7.36308e-19
-0.00014241 -6.59103e-06 7.3632e-19
-0.000141969 -7.01148e-06 7.36332e-19
-0.000141529 -7.44096e-06 7.36345e-19
-0.000141088 -7.87888e-06 7.36358e-19
-0.000140647 -8.32465e-06 7.3637e-19
-0.000140206 -8.77773e-06 7.36384e-19
-0.000139766 -9.23762e-06 7.36397e-19
-0.000139326 -9.70382e-06 7.36411e-19
-0.000138886 -1.01759e-05 7.36424e-19
-0.000138446 -1.06535e-05 7.36438e-19
-0.000138007 -1.11361e-05 7.36452e-19
-0.000137569 -1.16235e-05 7.36466e-19
-0.000137132 -1.21152e-05 7.36481e-19
-0.000136695 -1.26109e-05 7.36495e-19
-0.00013626 -1.31102e-05 7.3651e-19
-0.000135825 -1.36131e-05 7.36524e-19
-0.000135391 -1.41194e-05 7.36539e-19
-0.000134957 -1.46293e-05 7.36554e-19
-0.000134524 -1.51425e-05 7.36568e-19
-0.000134092 -1.56588e-05 7.36583e-19
-0.000133662 -1.61778e-05 7.36598e-19
-0.000133233 -1.66991e-05 7.36613e-19
-0.000132806 -1.72223e-05 7.36629e-19
-0.000132381 -1.77469e-05 7.36644e-19
-0.000131957 -1.82727e-05 7.36659e-19
-0.000131535 -1.87993e-05 7.36674e-19
-0.000131116 -1.93264e-05 7.36689e-19
-0.000130698 -1.98539e-05 7.36705e-19
-0.000130282 -2.03817e-05 7.3672e-19
-0.000129868 -2.091e-05 7.36735e-19
-0.000129456 -2.14386e-05 7.36751e-19
-0.000129047 -2.19673e-05 7.36766e-19
-0.000128641 -2.24947e-05 7.36781e-19
-0.00012824 -2.30204e-05 7.36796e-19
-0.00012784 -2.35451e-05 7.36812e-19
-0.000127442 -2.40682e-05 7.36827e-19
-0.000127047 -2.45895e-05 7.36842e-19
-0.000126653 -2.51086e-05 7.36857e-19
-0.00012626 -2.56249e-05 7.36872e-19
-0.00012587 -2.61378e-05 7.36887e-19
-0.000125482 -2.66473e-05 7.36901e-19
-0.000125096 -2.7153e-05 7.36916e-19
-0.000124711 -2.76546e-05 7.36931e-19
-0.000124329 -2.81523e-05 7.36945e-19
-0.000123949 -2.86462e-05 7.36959e-19
-0.00012357 -2.91364e-05 7.36974e-19
-0.000123193 -2.96229e-05 7.36988e-19
-0.000122817 -3.01057e-05 7.37002e-19
-0.000122443 -3.05846e-05 7.37016e-19
-0.000122071 -3.10595e-05 7.37029e-19
-0.000121701 -3.153e-05 7.37043e-19
-0.000121332 -3.19954e-05 7.37057e-19
-0.000120965 -3.24547e-05 7.3707e-19
-0.0001206 -3.2907e-05 7.37083e-19
-0.000120237 -3.33513e-05 7.37096e-19
-0.000119877 -3.37867e-05 7.37109e-19
-0.000119518 -3.42124e-05 7.37121e-19
-0.000119162 -3.46276e-05 7.37133e-19
-0.000118809 -3.50314e-05 7.37145e-19
-0.000118458 -3.54231e-05 7.37156e-19
-0.00011811 -3.58017e-05 7.37167e-19
-0.000117764 -3.61663e-05 7.37178e-19
-0.000117422 -3.65163e-05 7.37188e-19
-0.000117083 -3.68509e-05 7.37198e-19
-0.000116748 -3.71696e-05 7.37207e-19
-0.000116416 -3.74721e-05 7.37216e-19
-0.000116088 -3.77578e-05 7.37224e-19
-0.000115764 -3.80264e-05 7.37232e-19
-0.000115443 -3.82776e-05 7.37239e-19
-0.000115127 -3.8511e-05 7.37246e-19
-0.000114816 -3.87265e-05 7.37252e-19
-0.000114509 -3.8924e-05 7.37258e-19
-0.000114207 -3.91035e-05 7.37263e-19
-0.00011391 -3.92652e-05 7.37267e-19
-0.000113618 -3.94093e-05 7.37271e-19
-0.000113331 -3.95364e-05 7.37275e-19
-0.00011305 -3.96473e-05 7.37278e-19
-0.000112774 -3.97428e-05 7.37281e-19
-0.000112503 -3.98237e-05 7.37283e-19
-0.000112238 -3.98909e-05 7.37285e-19
-0.000111979 -3.99453e-05 7.37286e-19
-0.000111726 -3.99875e-05 7.37287e-19
-0.000111479 -4.00183e-05 7.37288e-19
-0.000111238 -4.00384e-05 7.37288e-19
-0.000111004 -4.00481e-05 7.37288e-19
-0.000110776 -4.00479e-05 7.37288e-19
-0.000110555 -4.00383e-05 7.37288e-19
-0.00011034 -4.00198e-05 7.37287e-19
-0.000110132 -3.99931e-05 7.37286e-19
-0.000109932 -3.99587e-05 7.37285e-19
-0.000109739 -3.99174e-05 7.37283e-19
-0.000109552 -3.98704e-05 7.37282e-19
-0.000109374 -3.98189e-05 7.3728e-19
-0.000109202 -3.97642e-05 7.37278e-19
-0.000109039 -3.97078e-05 7.37276e-19
-0.000108882 -3.96504e-05 7.37275e-19
-0.000108734 -3.9593e-05 7.37273e-19
-0.000108593 -3.95364e-05 7.37271e-19
-0.00010846 -3.94812e-05 7.37269e-19
-0.000108334 -3.94282e-05 7.37268e-19
-0.000108218 -3.93779e-05 7.37266e-19
-0.000108109 -3.93308e-05 7.37264e-19
-0.000108008 -3.92873e-05 7.37263e-19
-0.000107916 -3.92473e-05 7.37262e-19
-0.000107833 -3.92104e-05 7.37261e-19
-0.000107758 -3.9176e-05 7.3726e-19
-0.000107693 -3.91436e-05 7.37259e-19
-0.000107637 -3.91125e-05 7.37258e-19
-0.00010759 -3.90821e-05 7.37257e-19
-0.000107553 -3.90513e-05 7.37256e-19
-0.000107525 -3.90197e-05 7.37255e-19
-0.000107508 -3.89865e-05 7.37254e-19
-0.000107501 -3.89512e-05 7.37253e-19
-0.000107504 -3.89133e-05 7.37252e-19
-0.000107517 -3.88725e-05 7.3725e-19
-0.000107541 -3.88285e-05 7.37249e-19
-0.000107575 -3.87811e-05 7.37248e-19
-0.00010762 -3.87302e-05 7.37246e-19
-0.000107676 -3.86756e-05 7.37245e-19
-0.000107743 -3.86172e-05 7.37243e-19
-0.00010782 -3.85548e-05 7.37241e-19
-0.000107908 -3.84881e-05 7.37239e-19
-0.000108007 -3.8417e-05 7.37237e-19
-0.000108117 -3.83412e-05 7.37235e-19
-0.000108238 -3.82608e-05 7.37233e-19
-0.000108369 -3.81756e-05 7.3723e-19
-0.000108511 -3.80854e-05 7.37228e-19
-0.000108664 -3.79899e-05 7.37225e-19
-0.000108828 -3.78887e-05 7.37222e-19
-0.000109003 -3.77813e-05 7.37219e-19
-0.000109188 -3.76673e-05 7.37216e-19
-0.000109383 -3.75466e-05 7.37212e-19
-0.000109589 -3.74193e-05 7.37209e-19
-0.000109805 -3.72854e-05 7.37205e-19
-0.000110032 -3.7145e-05 7.37201e-19
-0.000110268 -3.69983e-05 7.37197e-19
-0.000110514 -3.68455e-05 7.37192e-19
-0.000110769 -3.66871e-05 7.37188e-19
-0.000111034 -3.6523e-05 7.37183e-19
-0.000111307 -3.6353e-05 7.37178e-19
-0.00011159 -3.61765e-05 7.37173e-19
-0.000111882 -3.5993e-05 7.37168e-19
-0.000112183 -3.58019e-05 7.37162e-19
-0.000112492 -3.5603e-05 7.37157e-19
-0.00011281 -3.53959e-05 7.37151e-19
-0.000113136 -3.51804e-05 7.37144e-19
-0.00011347 -3.49563e-05 7.37138e-19
-0.000113813 -3.47232e-05 7.37131e-19
-0.000114163 -3.44806e-05 7.37124e-19
-0.000114521 -3.42278e-05 7.37117e-19
-0.000114887 -3.39643e-05 7.3711e-19
-0.000115261 -3.36899e-05 7.37102e-19
-0.000115643 -3.34042e-05 7.37093e-19
-0.000116032 -3.31068e-05 7.37085e-19
-0.000116428 -3.27975e-05 7.37076e-19
-0.000116832 -3.24758e-05 7.37067e-19
-0.000117244 -3.21412e-05 7.37057e-19
-0.000117662 -3.1793e-05 7.37047e-19
-0.000118089 -3.1431e-05 7.37036e-19
-0.000118522 -3.10553e-05 7.37026e-19
-0.000118963 -3.06665e-05 7.37014e-19
-0.000119411 -3.02652e-05 7.37003e-19
-0.000119865 -2.9852e-05 7.36991e-19
-0.000120327 -2.94276e-05 7.36979e-19
-0.000120795 -2.89926e-05 7.36966e-19
-0.00012127 -2.85479e-05 7.36953e-19
-0.000121751 -2.8094e-05 7.3694e-19
-0.000122238 -2.76318e-05 7.36927e-19
-0.000122732 -2.71618e-05 7.36913e-19
-0.000123231 -2.66847e-05 7.36899e-19
-0.000123736 -2.6201e-05 7.36885e-19
-0.000124246 -2.5711e-05 7.36871e-19
-0.000124762 -2.52147e-05 7.36857e-19
-0.000125283 -2.47121e-05 7.36842e-19
-0.000125808 -2.42031e-05 7.36828e-19
-0.000126339 -2.36879e-05 7.36813e-19
-0.000126873 -2.3166e-05 7.36798e-19
-0.000127413 -2.26369e-05 7.36783e-19
-0.000127955 -2.21009e-05 7.36767e-19
-0.0001285 -2.15577e-05 7.36752e-19
-0.00012905 -2.10069e-05 7.36736e-19
-0.000129603 -2.04476e-05 7.3672e-19
-0.000130159 -1.98798e-05 7.36704e-19
-0.000130719 -1.93031e-05 7.36687e-19
-0.000131283 -1.87173e-05 7.3667e-19
-0.00013185 -1.81224e-05 7.36653e-19
-0.00013242 -1.75182e-05 7.36635e-19
-0.000132992 -1.69053e-05 7.36618e-19
-0.000133568 -1.62842e-05 7.366e-19
-0.000134144 -1.56558e-05 7.36582e-19
-0.000134721 -1.50208e-05 7.36563e-19
-0.000135301 -1.43798e-05 7.36545e-19
-0.000135882 -1.37335e-05 7.36526e-19
-0.000136466 -1.30824e-05 7.36507e-19
-0.000137052 -1.24273e-05 7.36488e-19
-0.00013764 -1.17687e-05 7.36469e-19
-0.000138229 -1.1107e-05 7.3645e-19
-0.00013882 -1.04429e-05 7.36431e-19
-0.000139412 -9.77692e-06 7.36411e-19
-0.000140006 -9.10981e-06 7.36392e-19
-0.000140601 -8.44248e-06 7.36373e-19
-0.000141198 -7.7758e-06 7.36353e-19
-0.000141796 -7.11065e-06 7.36334e-19
-0.000142395 -6.44784e-06 7.36315e-19
-0.000142995 -5.78811e-06 7.36296e-19
-0.000143596 -5.13217e-06 7.36277e-19
-0.000144198 -4.48081e-06 7.36258e-19
-0.000144801 -3.83506e-06 7.36239e-19
-0.000145404 -3.19605e-06 7.3622e-19
-0.000146008 -2.56489e-06 7.36202e-19
-0.000146611 -1.94252e-06 7.36184e-19
-0.000147215 -1.32958e-06 7.36166e-19
-0.000147818 -7.26435e-07 7.36149e-19
-0.000148421 -1.33391e-07 7.36132e-19
-0.000149024 4.49391e-07 7.36115e-19
-0.000149621 1.02333e-06 7.36098e-19
-0.000150216 1.58744e-06 7.36082e-19
-0.000150811 2.14126e-06 7.36066e-19
-0.000151403 2.68557e-06 7.36051e-19
-0.000151995 3.22023e-06 7.36035e-19
-0.000152585 3.7459e-06 7.3602e-19
-0.000153173 4.26268e-06 7.36005e-19
-0.000153758 4.771e-06 7.35991e-19
-0.000154337 5.26146e-06 7.35977e-19
-0.000154911 5.74031e-06 7.35963e-19
-0.000155484 6.21222e-06 7.35949e-19
-0.000156053 6.67334e-06 7.35936e-19
-0.000156619 7.12553e-06 7.35923e-19
-0.000157181 7.56675e-06 7.35911e-19
-0.00015774 7.99749e-06 7.35899e-19
-0.000158294 8.41666e-06 7.35887e-19
-0.000158843 8.82456e-06 7.35875e-19
-0.000159388 9.22089e-06 7.35864e-19
-0.000159927 9.60589e-06 7.35853e-19
-0.000160461 9.9796e-06 7.35842e-19
-0.00016099 1.03426e-05 7.35832e-19
-0.000161513 1.06953e-05 7.35822e-19
-0.00016203 1.10387e-05 7.35812e-19
-0.000162542 1.13732e-05 7.35803e-19
-0.000163047 1.16998e-05 7.35794e-19
-0.000163545 1.20191e-05 7.35785e-19
-0.000164037 1.23322e-05 7.35776e-19
-0.000164523 1.26396e-05 7.35767e-19
-0.000165002 1.2942e-05 7.35758e-19
-0.000165474 1.32399e-05 7.3575e-19
-0.000165938 1.35337e-05 7.35742e-19
-0.000166396 1.38239e-05 7.35733e-19
-0.000166846 1.4111e-05 7.35725e-19
-0.000167289 1.43955e-05 7.35717e-19
-0.000167724 1.46779e-05 7.35709e-19
-0.000168152 1.49586e-05 7.35701e-19
-0.000168572 1.52377e-05 7.35693e-19
-0.000168983 1.55152e-05 7.35685e-19
-0.000169387 1.57908e-05 7.35678e-19
-0.000169782 1.60643e-05 7.3567e-19
-0.000170168 1.6335e-05 7.35662e-19
-0.000170546 1.6602e-05 7.35654e-19
-0.000170915 1.68645e-05 7.35647e-19
-0.000171274 1.71215e-05 7.3564e-19
-0.000171624 1.73724e-05 7.35632e-19
-0.000171964 1.76164e-05 7.35625e-19
-0.000172294 1.78531e-05 7.35619e-19
-0.000172614 1.80819e-05 7.35612e-19
-0.000172923 1.83028e-05 7.35606e-19
-0.000173222 1.85158e-05 7.356e-19
-0.00017351 1.87209e-05 7.35594e-19
-0.000173787 1.89184e-05 7.35588e-19
-0.000174053 1.91084e-05 7.35583e-19
-0.000174308 1.92912e-05 7.35578e-19
-0.000174551 1.9467e-05 7.35573e-19
-0.000174783 1.9636e-05 7.35568e-19
-0.000175003 1.97985e-05 7.35564e-19
-0.000175211 1.9955e-05 7.35559e-19
-0.000175408 2.01057e-05 7.35555e-19
-0.000175592 2.02511e-05 7.35551e-19
-0.000175764 2.03912e-05 7.35547e-19
-0.000175925 2.05265e-05 7.35543e-19
-0.000176073 2.06571e-05 7.35539e-19
-0.000176208 2.07832e-05 7.35536e-19
-0.000176332 2.09052e-05 7.35532e-19
-0.000176444 2.10236e-05 7.35529e-19
-0.000176543 2.11389e-05 7.35525e-19
-0.000176631 2.12513e-05 7.35522e-19
-0.000176706 2.13607e-05 7.35519e-19
-0.00017677 2.14667e-05 7.35516e-19
-0.000176821 2.15689e-05 7.35513e-19
-0.000176861 2.16669e-05 7.3551e-19
-0.000176889 2.17598e-05 7.35507e-19
-0.000176906 2.18469e-05 7.35505e-19
-0.000176911 2.19275e-05 7.35502e-19
-0.000176904 2.20008e-05 7.355e-19
-0.000176886 2.20665e-05 7.35498e-19
-0.000176856 2.21241e-05 7.35496e-19
-0.000176815 2.21737e-05 7.35495e-19
-0.000176763 2.22149e-05 7.35493e-19
-0.0001767 2.22476e-05 7.35492e-19
-0.000176627 2.22718e-05 7.35492e-19
-0.000176542 2.22874e-05 7.35491e-19
-0.000176447 2.22943e-05 7.35491e-19
-0.000176341 2.22928e-05 7.35491e-19
-0.000176225 2.22831e-05 7.35491e-19
-0.000176099 2.22653e-05 7.35492e-19
-0.000175963 2.22399e-05 7.35492e-19
-0.000175817 2.2207e-05 7.35493e-19
-0.000175661 2.21669e-05 7.35494e-19
-0.000175496 2.21198e-05 7.35495e-19
-0.000175321 2.2066e-05 7.35497e-19
-0.000175137 2.20056e-05 7.35498e-19
-0.000174943 2.19386e-05 7.355e-19
-0.000174741 2.18651e-05 7.35502e-19
-0.000174529 2.1785e-05 7.35505e-19
-0.000174308 2.16982e-05 7.35507e-19
-0.000174079 2.16042e-05 7.35509e-19
-0.000173841 2.15027e-05 7.35512e-19
-0.000173595 2.13935e-05 7.35515e-19
-0.00017334 2.12762e-05 7.35519e-19
-0.000173077 2.1151e-05 7.35522e-19
-0.000172805 2.10177e-05 7.35526e-19
-0.000172526 2.08763e-05 7.3553e-19
-0.000172239 2.07268e-05 7.35534e-19
-0.000171945 2.05693e-05 7.35538e-19
-0.000171643 2.04039e-05 7.35543e-19
-0.000171334 2.02305e-05 7.35548e-19
-0.000171018 2.0049e-05 7.35553e-19
-0.000170696 1.98592e-05 7.35558e-19
-0.000170367 1.96608e-05 7.35563e-19
-0.000170032 1.94534e-05 7.35569e-19
-0.00016969 1.92365e-05 7.35575e-19
-0.000169343 1.90093e-05 7.35582e-19
-0.00016899 1.87712e-05 7.35588e-19
-0.000168632 1.85216e-05 7.35595e-19
-0.000168268 1.82602e-05 7.35603e-19
-0.000167899 1.79868e-05 7.3561e-19
-0.000167525 1.77012e-05 7.35619e-19
-0.000167147 1.74034e-05 7.35627e-19
-0.000166763 1.70933e-05 7.35636e-19
-0.000166376 1.67707e-05 7.35645e-19
-0.000165984 1.64357e-05 7.35655e-19
-0.000165588 1.60881e-05 7.35665e-19
-0.000165188 1.57282e-05 7.35675e-19
-0.000164784 1.5356e-05 7.35686e-19
-0.000164377 1.49719e-05 7.35697e-19
-0.000163966 1.45761e-05 7.35708e-19
-0.000163552 1.41693e-05 7.3572e-19
-0.000163134 1.37524e-05 7.35732e-19
-0.000162714 1.33262e-05 7.35744e-19
-0.00016229 1.28917e-05 7.35757e-19
-0.000161863 1.245e-05 7.35769e-19
-0.000161434 1.20026e-05 7.35782e-19
-0.000161003 1.15508e-05 7.35795e-19
-0.000160569 1.10958e-05 7.35808e-19
-0.000160134 1.06383e-05 7.35822e-19
-0.000159696 1.01788e-05 7.35835e-19
-0.000159256 9.71778e-06 7.35848e-19
-0.000158815 9.25558e-06 7.35862e-19
-0.000158371 8.79231e-06 7.35875e-19
-0.000157926 8.32794e-06 7.35888e-19
-0.00015748 7.86239e-06 7.35902e-19
-0.000157032 7.39549e-06 7.35915e-19
-0.000156582 6.92688e-06 7.35929e-19
-0.000156131 6.45608e-06 7.35942e-19
-0.000155678 5.98257e-06 7.35956e-19
-0.000155222 5.50261e-06 7.3597e-19
-0.000154761 5.01283e-06 7.35984e-19
-0.000154299 4.51836e-06 7.35998e-19
-0.000153835 4.02024e-06 7.36013e-19
-0.00015337 3.51701e-06 7.36027e-19
-0.000152904 3.00896e-06 7.36042e-19
-0.000152436 2.49496e-06 7.36057e-19
-0.000151967 1.97484e-06 7.36072e-19
-0.000151497 1.44789e-06 7.36087e-19
-0.000151025 9.14007e-07 7.36103e-19
-0.000150551 3.72929e-07 7.36118e-19
-0.000150073 -1.74138e-07 7.36134e-19
-0.000149592 -7.28225e-07 7.3615e-19
-0.000149111 -1.2896e-06 7.36167e-19
-0.000148627 -1.85769e-06 7.36183e-19
-0.000148142 -2.43255e-06 7.362e-19
-0.000147656 -3.0136e-06 7.36217e-19
-0.000147169 -3.60068e-06 7.36234e-19
-0.000146679 -4.19319e-06 7.36251e-19
-0.000146189 -4.79082e-06 7.36269e-19
-0.000145697 -5.39284e-06 7.36286e-19
-0.000145203 -5.99833e-06 7.36304e-19
-0.000144708 -6.606e-06 7.36322e-19
-0.000144212 -7.21465e-06 7.36339e-19
-0.000143714 -7.82301e-06 7.36357e-19
-0.000143215 -8.42994e-06 7.36375e-19
-0.000142716 -9.0343e-06 7.36392e-19
-0.000142215 -9.63505e-06 7.3641e-19
-0.000141713 -1.02311e-05 7.36427e-19
-0.00014121 -1.0821e-05 7.36444e-19
-0.000140707 -1.14033e-05 7.36461e-19
-0.000140203 -1.19767e-05 7.36478e-19
-0.000139699 -1.254e-05 7.36494e-19
-0.000139195 -1.30924e-05 7.3651e-19
-0.000138692 -1.36339e-05 7.36526e-19
-0.000138188 -1.41641e-05 7.36541e-19
-0.000137685 -1.46833e-05 7.36556e-19
-0.000137182 -1.51914e-05 7.36571e-19
-0.00013668 -1.56889e-05 7.36585e-19
-0.000136179 -1.61761e-05 7.36599e-19
-0.000135679 -1.66535e-05 7.36613e-19
-0.00013518 -1.71218e-05 7.36626e-19
-0.000134682 -1.75816e-05 7.3664e-19
-0.000134186 -1.80337e-05 7.36653e-19
-0.000133691 -1.84788e-05 7.36665e-19
-0.000133197 -1.89176e-05 7.36678e-19
-0.000132705 -1.93511e-05 7.3669e-19
-0.000132213 -1.978e-05 7.36703e-19
-0.000131722 -2.0205e-05 7.36715e-19
-0.000131233 -2.06268e-05 7.36727e-19
-0.000130746 -2.1046e-05 7.36739e-19
-0.000130261 -2.14633e-05 7.36751e-19
-0.000129778 -2.1879e-05 7.36763e-19
-0.0001293 -2.2292e-05 7.36775e-19
-0.000128826 -2.27024e-05 7.36787e-19
-0.000128354 -2.31109e-05 7.36798e-19
-0.000127884 -2.35168e-05 7.3681e-19
-0.000127418 -2.39195e-05 7.36822e-19
-0.000126954 -2.43184e-05 7.36833e-19
-0.000126491 -2.47129e-05 7.36845e-19
-0.000126032 -2.51024e-05 7.36856e-19
-0.000125576 -2.54861e-05 7.36867e-19
-0.000125124 -2.58639e-05 7.36878e-19
-0.000124675 -2.62352e-05 7.36888e-19
-0.00012423 -2.66e-05 7.36899e-19
-0.000123788 -2.69579e-05 7.36909e-19
-0.000123351 -2.73087e-05 7.36919e-19
-0.000122917 -2.76522e-05 7.36929e-19
-0.000122487 -2.79883e-05 7.36939e-19
-0.000122062 -2.83167e-05 7.36948e-19
-0.000121642 -2.86369e-05 7.36958e-19
-0.000121226 -2.89487e-05 7.36967e-19
-0.000120815 -2.92516e-05 7.36975e-19
-0.00012041 -2.95452e-05 7.36984e-19
-0.000120011 -2.9829e-05 7.36992e-19
-0.000119618 -3.01027e-05 7.37e-19
-0.00011923 -3.0366e-05 7.37007e-19
-0.00011885 -3.06189e-05 7.37014e-19
-0.000118476 -3.08615e-05 7.37021e-19
-0.000118109 -3.1094e-05 7.37028e-19
-0.00011775 -3.13168e-05 7.37034e-19
-0.000117398 -3.15302e-05 7.3704e-19
-0.000117053 -3.17347e-05 7.37046e-19
-0.000116717 -3.19307e-05 7.37051e-19
-0.000116389 -3.21187e-05 7.37057e-19
-0.00011607 -3.22993e-05 7.37062e-19
-0.000115759 -3.2473e-05 7.37067e-19
-0.000115457 -3.26404e-05 7.37071e-19
-0.000115163 -3.2802e-05 7.37076e-19
-0.000114879 -3.29582e-05 7.3708e-19
-0.000114604 -3.31097e-05 7.37084e-19
-0.000114339 -3.32569e-05 7.37089e-19
-0.000114082 -3.34003e-05 7.37093e-19
-0.000113836 -3.35403e-05 7.37097e-19
-0.000113598 -3.36775e-05 7.371e-19
-0.00011337 -3.38122e-05 7.37104e-19
-0.000113152 -3.39449e-05 7.37108e-19
-0.000112943 -3.40762e-05 7.37112e-19
-0.000112744 -3.42066e-05 7.37116e-19
-0.000112554 -3.43368e-05 7.37119e-19
-0.000112373 -3.44672e-05 7.37123e-19
-0.000112201 -3.45977e-05 7.37127e-19
-0.000112039 -3.4728e-05 7.37131e-19
-0.000111885 -3.48577e-05 7.37134e-19
-0.000111741 -3.49865e-05 7.37138e-19
-0.000111606 -3.51141e-05 7.37142e-19
-0.00011148 -3.52403e-05 7.37146e-19
-0.000111363 -3.53651e-05 7.37149e-19
-0.000111255 -3.54882e-05 7.37153e-19
-0.000111156 -3.56093e-05 7.37156e-19
-0.000111066 -3.5728e-05 7.3716e-19
-0.000110985 -3.58438e-05 7.37163e-19
-0.000110912 -3.59564e-05 7.37167e-19
-0.000110849 -3.60652e-05 7.3717e-19
-0.000110794 -3.61697e-05 7.37173e-19
-0.000110748 -3.62694e-05 7.37176e-19
-0.000110711 -3.63641e-05 7.37179e-19
-0.000110683 -3.64537e-05 7.37181e-19
-0.000110664 -3.65387e-05 7.37184e-19
-0.000110654 -3.66192e-05 7.37186e-19
-0.000110653 -3.6696e-05 7.37188e-19
-0.000110661 -3.67693e-05 7.3719e-19
-0.000110677 -3.68399e-05 7.37193e-19
-0.000110702 -3.69083e-05 7.37195e-19
-0.000110736 -3.69749e-05 7.37197e-19
-0.000110778 -3.704e-05 7.37198e-19
-0.000110829 -3.71034e-05 7.372e-19
-0.000110888 -3.71652e-05 7.37202e-19
-0.000110956 -3.72249e-05 7.37204e-19
-0.000111032 -3.72818e-05 7.37206e-19
-0.000111117 -3.73348e-05 7.37207e-19
-0.00011121 -3.73828e-05 7.37209e-19
-0.000111312 -3.74247e-05 7.3721e-19
-0.000111423 -3.74599e-05 7.37211e-19
-0.000111541 -3.74883e-05 7.37212e-19
-0.000111668 -3.75096e-05 7.37213e-19
-0.000111803 -3.75236e-05 7.37214e-19
-0.000111945 -3.75299e-05 7.37214e-19
-0.000112095 -3.75282e-05 7.37214e-19
-0.000112253 -3.75182e-05 7.37214e-19
-0.000112418 -3.74995e-05 7.37214e-19
-0.00011259 -3.74717e-05 7.37213e-19
-0.000112769 -3.74347e-05 7.37212e-19
-0.000112954 -3.73879e-05 7.37211e-19
-0.000113146 -3.73313e-05 7.37209e-19
-0.000113344 -3.72644e-05 7.37207e-19
-0.000113548 -3.71871e-05 7.37205e-19
-0.000113758 -3.70993e-05 7.37203e-19
-0.000113974 -3.70008e-05 7.372e-19
-0.000114195 -3.68918e-05 7.37197e-19
-0.000114421 -3.67724e-05 7.37194e-19
-0.000114651 -3.66428e-05 7.3719e-19
-0.000114887 -3.65031e-05 7.37186e-19
-0.000115127 -3.63535e-05 7.37182e-19
-0.000115372 -3.6194e-05 7.37177e-19
-0.000115621 -3.60247e-05 7.37172e-19
-0.000115874 -3.58455e-05 7.37167e-19
-0.000116131 -3.56566e-05 7.37162e-19
-0.000116392 -3.5458e-05 7.37156e-19
-0.000116657 -3.52498e-05 7.3715e-19
-0.000116926 -3.5032e-05 7.37144e-19
-0.000117198 -3.48051e-05 7.37137e-19
-0.000117475 -3.45695e-05 7.3713e-19
-0.000117754 -3.43257e-05 7.37123e-19
-0.000118037 -3.40742e-05 7.37116e-19
-0.000118323 -3.38157e-05 7.37109e-19
-0.000118613 -3.35505e-05 7.37101e-19
-0.000118906 -3.32794e-05 7.37093e-19
-0.000119202 -3.30028e-05 7.37085e-19
-0.000119501 -3.27211e-05 7.37077e-19
-0.000119803 -3.24345e-05 7.37069e-19
-0.000120107 -3.21433e-05 7.3706e-19
-0.000120415 -3.18477e-05 7.37052e-19
-0.000120725 -3.15477e-05 7.37043e-19
-0.000121039 -3.12434e-05 7.37034e-19
-0.000121354 -3.09348e-05 7.37026e-19
-0.000121673 -3.0622e-05 7.37017e-19
-0.000121994 -3.03049e-05 7.37007e-19
-0.000122317 -2.99836e-05 7.36998e-19
-0.000122642 -2.96582e-05 7.36989e-19
-0.00012297 -2.93286e-05 7.36979e-19
-0.0001233 -2.89947e-05 7.3697e-19
-0.000123631 -2.86564e-05 7.3696e-19
-0.000123965 -2.83134e-05 7.3695e-19
-0.0001243 -2.79655e-05 7.3694e-19
-0.000124637 -2.76129e-05 7.3693e-19
-0.000124975 -2.72558e-05 7.3692e-19
-0.000125315 -2.68942e-05 7.36909e-19
-0.000125656 -2.65287e-05 7.36899e-19
-0.000125998 -2.61596e-05 7.36888e-19
-0.000126341 -2.57878e-05 7.36877e-19
-0.000126684 -2.54141e-05 7.36867e-19
-0.000127028 -2.50391e-05 7.36856e-19
-0.000127372 -2.46635e-05 7.36845e-19
-0.000127716 -2.42883e-05 7.36834e-19
-0.000128059 -2.39141e-05 7.36823e-19
-0.000128403 -2.35418e-05 7.36813e-19
-0.000128745 -2.31725e-05 7.36802e-19
-0.000129086 -2.2806e-05 7.36791e-19
-0.000129427 -2.24424e-05 7.36781e-19
-0.000129767 -2.20822e-05 7.36771e-19
-0.000130106 -2.17252e-05 7.3676e-19
-0.000130445 -2.13717e-05 7.3675e-19
-0.000130783 -2.10216e-05 7.3674e-19
-0.000131119 -2.0675e-05 7.3673e-19
-0.000131455 -2.03319e-05 7.3672e-19
-0.00013179 -1.99925e-05 7.3671e-19
-0.000132124 -1.96567e-05 7.367e-19
-0.000132457 -1.93248e-05 7.36691e-19
-0.000132788 -1.89966e-05 7.36681e-19
-0.000133117 -1.86722e-05 7.36672e-19
-0.000133444 -1.83517e-05 7.36663e-19
-0.00013377 -1.80348e-05 7.36654e-19
-0.000134095 -1.77219e-05 7.36644e-19
-0.000134418 -1.7413e-05 7.36636e-19
-0.00013474 -1.71084e-05 7.36627e-19
-0.000135061 -1.6808e-05 7.36618e-19
-0.00013538 -1.6512e-05 7.36609e-19
-0.000135697 -1.62204e-05 7.36601e-19
-0.000136013 -1.59331e-05 7.36593e-19
-0.000136327 -1.56501e-05 7.36584e-19
-0.00013664 -1.53715e-05 7.36576e-19
-0.000136951 -1.50977e-05 7.36568e-19
-0.00013726 -1.48289e-05 7.36561e-19
-0.000137567 -1.4565e-05 7.36553e-19
-0.000137871 -1.4306e-05 7.36546e-19
-0.000138174 -1.40514e-05 7.36538e-19
-0.000138475 -1.38007e-05 7.36531e-19
-0.000138774 -1.35533e-05 7.36524e-19
-0.00013907 -1.3309e-05 7.36517e-19
-0.000139364 -1.30671e-05 7.3651e-19
-0.000139656 -1.28273e-05 7.36503e-19
-0.000139946 -1.25892e-05 7.36496e-19
-0.000140233 -1.23524e-05 7.36489e-19
-0.000140518 -1.21168e-05 7.36482e-19
-0.0001408 -1.18821e-05 7.36476e-19
-0.00014108 -1.16481e-05 7.36469e-19
-0.000141357 -1.14147e-05 7.36462e-19
-0.000141631 -1.11818e-05 7.36455e-19
-0.000141902 -1.09494e-05 7.36449e-19
-0.000142171 -1.07173e-05 7.36442e-19
-0.000142436 -1.04856e-05 7.36435e-19
-0.000142699 -1.02543e-05 7.36428e-19
-0.000142958 -1.00234e-05 7.36422e-19
-0.000143215 -9.793e-06 7.36415e-19
-0.000143468 -9.5629e-06 7.36408e-19
-0.000143718 -9.33295e-06 7.36402e-19
-0.000143965 -9.10296e-06 7.36395e-19
-0.000144209 -8.87283e-06 7.36388e-19
-0.00014445 -8.64264e-06 7.36382e-19
-0.000144688 -8.41262e-06 7.36375e-19
-0.000144922 -8.18299e-06 7.36368e-19
-0.000145153 -7.95389e-06 7.36362e-19
-0.00014538 -7.72529e-06 7.36355e-19
-0.000145605 -7.49701e-06 7.36348e-19
-0.000145826 -7.26883e-06 7.36342e-19
-0.000146044 -7.04054e-06 7.36335e-19
-0.000146259 -6.81184e-06 7.36329e-19
-0.00014647 -6.58244e-06 7.36322e-19
-0.000146679 -6.35201e-06 7.36315e-19
-0.000146884 -6.12027e-06 7.36309e-19
-0.000147087 -5.88706e-06 7.36302e-19
-0.000147286 -5.65227e-06 7.36295e-19
-0.000147482 -5.41582e-06 7.36288e-19
-0.000147676 -5.1776e-06 7.36281e-19
-0.000147866 -4.93743e-06 7.36274e-19
-0.000148054 -4.6951e-06 7.36267e-19
-0.000148238 -4.45041e-06 7.3626e-19
-0.00014842 -4.20318e-06 7.36253e-19
-0.0001486 -3.95331e-06 7.36246e-19
-0.000148776 -3.70073e-06 7.36238e-19
-0.00014895 -3.44543e-06 7.36231e-19
-0.000149121 -3.18741e-06 7.36223e-19
-0.00014929 -2.92677e-06 7.36216e-19
-0.000149456 -2.66367e-06 7.36208e-19
-0.00014962 -2.3983e-06 7.362e-19
-0.000149781 -2.13089e-06 7.36192e-19
-0.00014994 -1.8618e-06 7.36185e-19
-0.000150095 -1.5911e-06 7.36177e-19
-0.000150248 -1.31954e-06 7.36169e-19
-0.000150398 -1.04786e-06 7.36161e-19
-0.000150546 -7.76747e-07 7.36153e-19
-0.000150692 -5.0727e-07 7.36145e-19
-0.000150836 -2.40331e-07 7.36137e-19
-0.000150977 2.3124e-08 7.36129e-19
-0.000151115 2.82499e-07 7.36122e-19
-0.000151251 5.37275e-07 7.36114e-19
-0.000151385 7.87048e-07 7.36107e-19
-0.000151517 1.03145e-06 7.361e-19
-0.000151646 1.27032e-06 7.36093e-19
-0.000151773 1.5036e-06 7.36086e-19
-0.000151898 1.73127e-06 7.36079e-19
-0.000152021 1.95338e-06 7.36073e-19
-0.000152142 2.17013e-06 7.36067e-19
-0.000152261 2.38178e-06 7.3606e-19
-0.000152377 2.58864e-06 7.36054e-19
-0.000152492 2.79089e-06 7.36048e-19
-0.000152606 2.98851e-06 7.36043e-19
-0.000152717 3.18133e-06 7.36037e-19
-0.000152827 3.36912e-06 7.36032e-19
-0.000152935 3.55164e-06 7.36026e-19
-0.000153042 3.72854e-06 7.36021e-19
-0.000153147 3.8994e-06 7.36016e-19
-0.00015325 4.06381e-06 7.36011e-19
-0.000153351 4.2214e-06 7.36007e-19
-0.000153451 4.37188e-06 7.36002e-19
-0.00015355 4.51502e-06 7.35998e-19
-0.000153647 4.6506e-06 7.35994e-19
-0.000153742 4.77847e-06 7.3599e-19
-0.000153835 4.89846e-06 7.35987e-19
-0.000153928 5.01049e-06 7.35984e-19
-0.000154018 5.11448e-06 7.35981e-19
-0.000154107 5.2105e-06 7.35978e-19
-0.000154195 5.29893e-06 7.35975e-19
-0.000154281 5.38032e-06 7.35973e-19
-0.000154365 5.4553e-06 7.35971e-19
-0.000154449 5.52437e-06 7.35969e-19
-0.00015453 5.58661e-06 7.35967e-19
-0.00015461 5.64291e-06 7.35965e-19
-0.000154689 5.69389e-06 7.35964e-19
-0.000154766 5.73908e-06 7.35963e-19
-0.000154842 5.77875e-06 7.35961e-19
-0.000154917 5.81265e-06 7.3596e-19
-0.00015499 5.84088e-06 7.3596e-19
-0.000155061 5.86323e-06 7.35959e-19
-0.000155131 5.87947e-06 7.35959e-19
-0.000155199 5.88914e-06 7.35958e-19
-0.000155265 5.89184e-06 7.35958e-19
-0.00015533 5.88727e-06 7.35959e-19
-0.000155392 5.87538e-06 7.35959e-19
-0.000155452 5.85628e-06 7.3596e-19
-0.000155509 5.83014e-06 7.3596e-19
-0.000155565 5.79707e-06 7.35961e-19
-0.000155618 5.75705e-06 7.35963e-19
-0.000155668 5.70993e-06 7.35964e-19
-0.000155715 5.65561e-06 7.35966e-19
-0.00015576 5.594e-06 7.35968e-19
-0.000155802 5.52504e-06 7.3597e-19
-0.00015584 5.44873e-06 7.35972e-19
-0.000155876 5.36508e-06 7.35975e-19
-0.000155907 5.27423e-06 7.35977e-19
-0.000155936 5.17661e-06 7.3598e-19
-0.00015596 5.0728e-06 7.35983e-19
-0.000155981 4.96344e-06 7.35987e-19
-0.000155998 4.84831e-06 7.3599e-19
-0.000156011 4.72832e-06 7.35994e-19
-0.000156019 4.60476e-06 7.35997e-19
-0.000156024 4.47815e-06 7.36001e-19
-0.000156025 4.34919e-06 7.36005e-19
-0.000156021 4.21835e-06 7.36009e-19
-0.000156014 4.08613e-06 7.36013e-19
-0.000156002 3.95292e-06 7.36017e-19
-0.000155986 3.81911e-06 7.36021e-19
-0.000155965 3.68493e-06 7.36025e-19
-0.00015594 3.55059e-06 7.36029e-19
-0.000155911 3.41622e-06 7.36033e-19
-0.000155877 3.28195e-06 7.36037e-19
-0.000155839 3.14792e-06 7.36041e-19
-0.000155796 3.01425e-06 7.36045e-19
-0.000155749 2.88104e-06 7.36048e-19
-0.000155697 2.74836e-06 7.36052e-19
-0.00015564 2.6162e-06 7.36056e-19
-0.000155579 2.48449e-06 7.3606e-19
-0.000155513 2.35316e-06 7.36064e-19
-0.000155442 2.22212e-06 7.36068e-19
-0.000155367 2.09131e-06 7.36072e-19
-0.000155287 1.96068e-06 7.36075e-19
-0.000155202 1.83017e-06 7.36079e-19
-0.000155112 1.69982e-06 7.36083e-19
-0.000155017 1.56984e-06 7.36087e-19
-0.000154918 1.44054e-06 7.3609e-19
-0.000154813 1.31228e-06 7.36094e-19
-0.000154705 1.18538e-06 7.36098e-19
-0.000154591 1.0602e-06 7.36102e-19
-0.000154473 9.37083e-07 7.36105e-19
-0.00015435 8.16343e-07 7.36109e-19
-0.000154222 6.98248e-07 7.36112e-19
-0.00015409 5.82941e-07 7.36115e-19
-0.000153954 4.7048e-07 7.36119e-19
-0.000153813 3.60879e-07 7.36122e-19
-0.000153667 2.54168e-07 7.36125e-19
-0.000153517 1.50429e-07 7.36128e-19
-0.000153363 4.97689e-08 7.36131e-19
-0.000153205 -4.77321e-08 7.36133e-19
-0.000153043 -1.42015e-07 7.36136e-19
-0.000152876 -2.33055e-07 7.36139e-19
-0.000152706 -3.20848e-07 7.36141e-19
-0.000152532 -4.05436e-07 7.36143e-19
-0.000152354 -4.86838e-07 7.36146e-19
-0.000152173 -5.65004e-07 7.36148e-19
-0.000151989 -6.39838e-07 7.3615e-19
-0.000151801 -7.11272e-07 7.36152e-19
-0.000151611 -7.79355e-07 7.36154e-19
-0.000151417 -8.44377e-07 7.36155e-19
-0.000151221 -9.06785e-07 7.36157e-19
-0.000151023 -9.67076e-07 7.36159e-19
-0.000150822 -1.02574e-06 7.3616e-19
-0.000150618 -1.08324e-06 7.36162e-19
-0.000150413 -1.14e-06 7.36163e-19
-0.000150204 -1.19596e-06 7.36165e-19
-0.000149994 -1.252e-06 7.36166e-19
-0.000149782 -1.30884e-06 7.36168e-19
-0.000149568 -1.36688e-06 7.36169e-19
-0.000149353 -1.42683e-06 7.36171e-19
-0.000149137 -1.48905e-06 7.36172e-19
-0.00014892 -1.55404e-06 7.36174e-19
-0.000148703 -1.622e-06 7.36176e-19
-0.000148485 -1.69325e-06 7.36178e-19
-0.000148266 -1.76797e-06 7.3618e-19
-0.000148047 -1.84647e-06 7.36182e-19
-0.000147828 -1.929e-06 7.36184e-19
-0.000147609 -2.0158e-06 7.36187e-19
-0.000147389 -2.10699e-06 7.36189e-19
-0.00014717 -2.20248e-06 7.36192e-19
-0.000146952 -2.30201e-06 7.36195e-19
-0.000146733 -2.40528e-06 7.36198e-19
-0.000146516 -2.51198e-06 7.36201e-19
-0.000146299 -2.6218e-06 7.36204e-19
-0.000146083 -2.73443e-06 7.36207e-19
-0.000145868 -2.84956e-06 7.3621e-19
-0.000145655 -2.96693e-06 7.36214e-19
-0.000145442 -3.08635e-06 7.36217e-19
-0.000145231 -3.20769e-06 7.36221e-19
-0.000145021 -3.33086e-06 7.36224e-19
-0.000144813 -3.45585e-06 7.36228e-19
-0.000144607 -3.58288e-06 7.36231e-19
-0.000144402 -3.7123e-06 7.36235e-19
-0.000144199 -3.8445e-06 7.36239e-19
-0.000143998 -3.97993e-06 7.36243e-19
-0.000143799 -4.11908e-06 7.36247e-19
-0.000143601 -4.26254e-06 7.36251e-19
-0.000143406 -4.41086e-06 7.36255e-19
-0.000143212 -4.56457e-06 7.36259e-19
-0.000143021 -4.72412e-06 7.36264e-19
-0.000142831 -4.88988e-06 7.36269e-19
-0.000142643 -5.06219e-06 7.36274e-19
-0.000142457 -5.24135e-06 7.36279e-19
-0.000142274 -5.4276e-06 7.36284e-19
-0.000142092 -5.62114e-06 7.3629e-19
-0.000141912 -5.82211e-06 7.36296e-19
-0.000141735 -6.03054e-06 7.36302e-19
-0.000141559 -6.2463e-06 7.36308e-19
-0.000141386 -6.46908e-06 7.36315e-19
-0.000141214 -6.69854e-06 7.36321e-19
-0.000141045 -6.93425e-06 7.36328e-19
-0.000140878 -7.17568e-06 7.36335e-19
-0.000140712 -7.4222e-06 7.36343e-19
-0.000140549 -7.67314e-06 7.3635e-19
-0.000140388 -7.92783e-06 7.36357e-19
-0.000140229 -8.18552e-06 7.36365e-19
-0.000140072 -8.44542e-06 7.36372e-19
-0.000139918 -8.70675e-06 7.3638e-19
-0.000139765 -8.96875e-06 7.36388e-19
-0.000139615 -9.23061e-06 7.36395e-19
-0.000139466 -9.49158e-06 7.36403e-19
-0.00013932 -9.7509e-06 7.36411e-19
-0.000139176 -1.00079e-05 7.36418e-19
-0.000139034 -1.02618e-05 7.36426e-19
-0.000138895 -1.0512e-05 7.36433e-19
-0.000138757 -1.07581e-05 7.3644e-19
-0.000138622 -1.09993e-05 7.36447e-19
-0.000138489 -1.12354e-05 7.36454e-19
-0.000138358 -1.14661e-05 7.36461e-19
-0.000138229 -1.16912e-05 7.36467e-19
-0.000138103 -1.19105e-05 7.36474e-19
-0.000137979 -1.21239e-05 7.3648e-19
-0.000137857 -1.23313e-05 7.36486e-19
-0.000137737 -1.25328e-05 7.36492e-19
-0.000137619 -1.27284e-05 7.36497e-19
-0.000137504 -1.29181e-05 7.36503e-19
-0.000137391 -1.3102e-05 7.36508e-19
-0.00013728 -1.32801e-05 7.36513e-19
-0.000137171 -1.34525e-05 7.36518e-19
-0.000137065 -1.36194e-05 7.36523e-19
-0.00013696 -1.3781e-05 7.36528e-19
-0.000136858 -1.39375e-05 7.36532e-19
-0.000136758 -1.40893e-05 7.36537e-19
-0.000136659 -1.42368e-05 7.36541e-19
-0.000136563 -1.43807e-05 7.36545e-19
-0.000136469 -1.45218e-05 7.36549e-19
-0.000136376 -1.46604e-05 7.36553e-19
-0.000136285 -1.47969e-05 7.36557e-19
-0.000136195 -1.49315e-05 7.36561e-19
-0.000136107 -1.50642e-05 7.36565e-19
-0.000136021 -1.51949e-05 7.36569e-19
-0.000135935 -1.53237e-05 7.36573e-19
-0.000135851 -1.54506e-05 7.36576e-19
-0.000135769 -1.55757e-05 7.3658e-19
-0.000135687 -1.56988e-05 7.36584e-19
-0.000135606 -1.58197e-05 7.36587e-19
-0.000135527 -1.59382e-05 7.36591e-19
-0.000135448 -1.60537e-05 7.36594e-19
-0.00013537 -1.6166e-05 7.36598e-19
-0.000135294 -1.62746e-05 7.36601e-19
-0.000135217 -1.63791e-05 7.36604e-19
-0.000135142 -1.6479e-05 7.36607e-19
-0.000135068 -1.65738e-05 7.3661e-19
-0.000134994 -1.66629e-05 7.36612e-19
-0.000134921 -1.67455e-05 7.36615e-19
-0.000134849 -1.68211e-05 7.36617e-19
-0.000134778 -1.6889e-05 7.36619e-19
-0.000134708 -1.69484e-05 7.36621e-19
-0.00013464 -1.69989e-05 7.36622e-19
-0.000134572 -1.70397e-05 7.36624e-19
-0.000134506 -1.70705e-05 7.36625e-19
-0.000134441 -1.70914e-05 7.36625e-19
-0.000134378 -1.71026e-05 7.36625e-19
-0.000134316 -1.71045e-05 7.36625e-19
-0.000134255 -1.70977e-05 7.36625e-19
-0.000134197 -1.70824e-05 7.36625e-19
-0.00013414 -1.70593e-05 7.36624e-19
-0.000134085 -1.70286e-05 7.36623e-19
-0.000134031 -1.69912e-05 7.36622e-19
-0.00013398 -1.69481e-05 7.36621e-19
-0.000133931 -1.69005e-05 7.36619e-19
-0.000133883 -1.68498e-05 7.36617e-19
-0.000133838 -1.67971e-05 7.36616e-19
-0.000133794 -1.67434e-05 7.36614e-19
-0.000133752 -1.66893e-05 7.36613e-19
-0.000133712 -1.66353e-05 7.36611e-19
-0.000133674 -1.65819e-05 7.36609e-19
-0.000133638 -1.65299e-05 7.36608e-19
-0.000133603 -1.64797e-05 7.36606e-19
-0.000133571 -1.64321e-05 7.36605e-19
-0.00013354 -1.63874e-05 7.36603e-19
-0.000133512 -1.63454e-05 7.36602e-19
-0.000133485 -1.63056e-05 7.36601e-19
-0.000133461 -1.62673e-05 7.366e-19
-0.000133439 -1.623e-05 7.36599e-19
-0.000133419 -1.61932e-05 7.36598e-19
-0.000133401 -1.61566e-05 7.36597e-19
-0.000133385 -1.61198e-05 7.36595e-19
-0.000133372 -1.60826e-05 7.36594e-19
-0.000133361 -1.60446e-05 7.36593e-19
-0.000133352 -1.60058e-05 7.36592e-19
-0.000133346 -1.59658e-05 7.36591e-19
-0.000133342 -1.59246e-05 7.3659e-19
-0.00013334 -1.58823e-05 7.36588e-19
-0.000133341 -1.58389e-05 7.36587e-19
-0.000133345 -1.57947e-05 7.36586e-19
-0.000133351 -1.575e-05 7.36584e-19
-0.000133359 -1.5705e-05 7.36583e-19
-0.00013337 -1.56603e-05 7.36582e-19
-0.000133384 -1.5616e-05 7.3658e-19
-0.0001334 -1.55729e-05 7.36579e-19
-0.000133419 -1.55313e-05 7.36578e-19
-0.00013344 -1.5492e-05 7.36576e-19
-0.000133465 -1.54555e-05 7.36575e-19
-0.000133492 -1.54225e-05 7.36574e-19
-0.000133521 -1.53941e-05 7.36573e-19
-0.000133553 -1.53715e-05 7.36573e-19
-0.000133588 -1.53558e-05 7.36572e-19
-0.000133625 -1.53481e-05 7.36572e-19
-0.000133664 -1.53491e-05 7.36572e-19
-0.000133706 -1.53594e-05 7.36572e-19
-0.000133749 -1.53794e-05 7.36573e-19
-0.000133795 -1.54096e-05 7.36574e-19
-0.000133842 -1.54499e-05 7.36575e-19
-0.000133892 -1.55002e-05 7.36577e-19
-0.000133942 -1.55606e-05 7.36579e-19
-0.000133994 -1.56305e-05 7.36581e-19
-0.000134047 -1.57093e-05 7.36583e-19
-0.000134101 -1.5796e-05 7.36586e-19
-0.000134157 -1.58897e-05 7.36589e-19
-0.000134213 -1.59893e-05 7.36592e-19
-0.00013427 -1.60938e-05 7.36595e-19
-0.000134328 -1.62021e-05 7.36599e-19
-0.000134386 -1.63131e-05 7.36602e-19
-0.000134445 -1.64259e-05 7.36606e-19
-0.000134504 -1.65392e-05 7.36609e-19
-0.000134563 -1.66521e-05 7.36613e-19
-0.000134622 -1.67632e-05 7.36616e-19
-0.000134681 -1.68718e-05 7.3662e-19
-0.000134739 -1.69768e-05 7.36623e-19
-0.000134797 -1.70776e-05 7.36626e-19
-0.000134854 -1.71736e-05 7.36629e-19
-0.00013491 -1.7264e-05 7.36632e-19
-0.000134966 -1.73484e-05 7.36634e-19
-0.000135021 -1.74262e-05 7.36637e-19
-0.000135075 -1.7497e-05 7.36639e-19
-0.000135128 -1.75605e-05 7.36641e-19
-0.000135179 -1.76165e-05 7.36642e-19
-0.00013523 -1.76651e-05 7.36644e-19
-0.00013528 -1.77062e-05 7.36645e-19
-0.000135328 -1.774e-05 7.36646e-19
-0.000135376 -1.77669e-05 7.36647e-19
-0.000135422 -1.77871e-05 7.36647e-19
-0.000135467 -1.78011e-05 7.36648e-19
-0.000135511 -1.78092e-05 7.36648e-19
-0.000135553 -1.7812e-05 7.36648e-19
-0.000135595 -1.78101e-05 7.36648e-19
-0.000135635 -1.78039e-05 7.36648e-19
-0.000135674 -1.77941e-05 7.36647e-19
-0.000135711 -1.7781e-05 7.36647e-19
-0.000135747 -1.77654e-05 7.36646e-19
-0.000135783 -1.77476e-05 7.36646e-19
-0.000135816 -1.7728e-05 7.36645e-19
-0.000135849 -1.77068e-05 7.36644e-19
-0.00013588 -1.76842e-05 7.36644e-19
-0.00013591 -1.76601e-05 7.36643e-19
-0.000135938 -1.76347e-05 7.36642e-19
-0.000135965 -1.76083e-05 7.36641e-19
-0.00013599 -1.75813e-05 7.36641e-19
-0.000136014 -1.7554e-05 7.3664e-19
-0.000136037 -1.75269e-05 7.36639e-19
-0.000136057 -1.75001e-05 7.36638e-19
-0.000136076 -1.7474e-05 7.36637e-19
-0.000136093 -1.74486e-05 7.36637e-19
-0.000136107 -1.74241e-05 7.36636e-19
-0.00013612 -1.74006e-05 7.36635e-19
-0.000136131 -1.73782e-05 7.36635e-19
-0.000136139 -1.73571e-05 7.36634e-19
-0.000136145 -1.73373e-05 7.36634e-19
-0.000136149 -1.73187e-05 7.36633e-19
-0.00013615 -1.7301e-05 7.36633e-19
-0.000136149 -1.72842e-05 7.36632e-19
-0.000136145 -1.72679e-05 7.36632e-19
-0.000136139 -1.72519e-05 7.36631e-19
-0.00013613 -1.72358e-05 7.36631e-19
-0.00013612 -1.72194e-05 7.3663e-19
-0.000136106 -1.72022e-05 7.3663e-19
-0.000136091 -1.71841e-05 7.36629e-19
-0.000136073 -1.71649e-05 7.36629e-19
-0.000136053 -1.71444e-05 7.36628e-19
-0.000136031 -1.71223e-05 7.36628e-19
-0.000136007 -1.70986e-05 7.36627e-19
-0.000135981 -1.70731e-05 7.36626e-19
-0.000135953 -1.70457e-05 7.36626e-19
-0.000135924 -1.70164e-05 7.36625e-19
-0.000135893 -1.69853e-05 7.36624e-19
-0.000135861 -1.69525e-05 7.36623e-19
-0.000135827 -1.69184e-05 7.36622e-19
-0.000135792 -1.68832e-05 7.36621e-19
-0.000135755 -1.68469e-05 7.3662e-19
-0.000135718 -1.68096e-05 7.36619e-19
-0.00013568 -1.67714e-05 7.36617e-19
-0.000135641 -1.67323e-05 7.36616e-19
-0.000135601 -1.66923e-05 7.36615e-19
-0.000135561 -1.66515e-05 7.36614e-19
-0.00013552 -1.66101e-05 7.36613e-19
-0.000135479 -1.65682e-05 7.36611e-19
-0.000135437 -1.6526e-05 7.3661e-19
-0.000135395 -1.64839e-05 7.36609e-19
-0.000135353 -1.64422e-05 7.36607e-19
-0.00013531 -1.64011e-05 7.36606e-19
-0.000135268 -1.63607e-05 7.36605e-19
-0.000135225 -1.63212e-05 7.36604e-19
-0.000135182 -1.62825e-05 7.36603e-19
-0.000135139 -1.62445e-05 7.36601e-19
-0.000135096 -1.62064e-05 7.366e-19
-0.000135053 -1.61672e-05 7.36599e-19
-0.00013501 -1.61257e-05 7.36598e-19
-0.000134968 -1.6081e-05 7.36596e-19
-0.000134927 -1.60318e-05 7.36595e-19
-0.000134887 -1.5977e-05 7.36593e-19
-0.000134847 -1.59154e-05 7.36591e-19
-0.000134809 -1.58462e-05 7.36589e-19
-0.000134773 -1.57688e-05 7.36586e-19
-0.000134738 -1.56828e-05 7.36584e-19
-0.000134706 -1.55881e-05 7.36581e-19
-0.000134675 -1.54847e-05 7.36578e-19
-0.000134647 -1.5373e-05 7.36574e-19
-0.000134621 -1.52537e-05 7.3657e-19
-0.000134598 -1.51275e-05 7.36567e-19
-0.000134577 -1.49952e-05 7.36562e-19
-0.00013456 -1.4858e-05 7.36558e-19
-0.000134545 -1.47172e-05 7.36554e-19
-0.000134534 -1.4574e-05 7.36549e-19
-0.000134526 -1.44298e-05 7.36545e-19
-0.000134522 -1.4286e-05 7.36541e-19
-0.000134521 -1.41443e-05 7.36536e-19
-0.000134524 -1.4006e-05 7.36532e-19
-0.000134531 -1.38726e-05 7.36528e-19
-0.000134541 -1.37454e-05 7.36524e-19
-0.000134555 -1.36259e-05 7.3652e-19
-0.000134574 -1.35151e-05 7.36517e-19
-0.000134595 -1.3414e-05 7.36514e-19
-0.000134621 -1.33234e-05 7.36511e-19
-0.000134651 -1.32438e-05 7.36509e-19
-0.000134684 -1.31754e-05 7.36507e-19
-0.000134722 -1.31183e-05 7.36505e-19
-0.000134763 -1.30722e-05 7.36504e-19
-0.000134808 -1.30367e-05 7.36503e-19
-0.000134856 -1.30111e-05 7.36502e-19
-0.000134908 -1.29945e-05 7.36502e-19
-0.000134964 -1.29863e-05 7.36502e-19
-0.000135023 -1.29854e-05 7.36502e-19
-0.000135086 -1.2991e-05 7.36503e-19
-0.000135152 -1.30021e-05 7.36503e-19
-0.00013522 -1.30174e-05 7.36504e-19
-0.000135292 -1.30359e-05 7.36505e-19
-0.000135367 -1.30565e-05 7.36505e-19
-0.000135445 -1.30779e-05 7.36506e-19
-0.000135525 -1.30989e-05 7.36507e-19
-0.000135608 -1.31184e-05 7.36508e-19
-0.000135694 -1.31352e-05 7.36509e-19
-0.000135782 -1.31481e-05 7.36509e-19
-0.000135872 -1.31561e-05 7.3651e-19
-0.000135965 -1.31578e-05 7.3651e-19
-0.000136061 -1.31522e-05 7.3651e-19
-0.000136158 -1.31385e-05 7.3651e-19
-0.000136258 -1.31157e-05 7.36509e-19
-0.000136361 -1.30831e-05 7.36508e-19
-0.000136466 -1.30403e-05 7.36507e-19
-0.000136574 -1.29867e-05 7.36506e-19
-0.000136684 -1.29221e-05 7.36504e-19
-0.000136797 -1.28464e-05 7.36502e-19
-0.000136912 -1.27596e-05 7.36499e-19
-0.00013703 -1.26619e-05 7.36496e-19
-0.000137151 -1.25537e-05 7.36493e-19
-0.000137275 -1.24358e-05 7.36489e-19
-0.000137402 -1.23091e-05 7.36486e-19
-0.000137531 -1.21743e-05 7.36482e-19
-0.000137663 -1.20326e-05 7.36477e-19
-0.000137798 -1.1885e-05 7.36473e-19
-0.000137936 -1.17327e-05 7.36469e-19
-0.000138076 -1.15768e-05 7.36464e-19
-0.000138219 -1.14185e-05 7.36459e-19
-0.000138365 -1.12588e-05 7.36454e-19
-0.000138513 -1.10987e-05 7.3645e-19
-0.000138663 -1.09394e-05 7.36445e-19
-0.000138815 -1.07817e-05 7.3644e-19
-0.00013897 -1.06266e-05 7.36436e-19
-0.000139126 -1.04748e-05 7.36431e-19
-0.000139284 -1.0327e-05 7.36427e-19
-0.000139444 -1.0184e-05 7.36423e-19
-0.000139605 -1.00461e-05 7.36419e-19
-0.000139767 -9.91383e-06 7.36415e-19
-0.00013993 -9.78747e-06 7.36411e-19
-0.000140094 -9.66704e-06 7.36408e-19
-0.000140258 -9.55237e-06 7.36405e-19
-0.000140423 -9.44324e-06 7.36402e-19
-0.000140588 -9.33926e-06 7.36399e-19
-0.000140753 -9.23978e-06 7.36396e-19
-0.000140918 -9.14395e-06 7.36393e-19
-0.000141083 -9.05088e-06 7.3639e-19
-0.000141248 -8.9597e-06 7.36388e-19
-0.000141413 -8.86955e-06 7.36385e-19
-0.000141577 -8.77962e-06 7.36383e-19
-0.000141741 -8.68912e-06 7.3638e-19
-0.000141905 -8.59743e-06 7.36378e-19
-0.000142068 -8.50416e-06 7.36375e-19
-0.000142231 -8.40915e-06 7.36373e-19
-0.000142393 -8.31231e-06 7.3637e-19
-0.000142554 -8.21361e-06 7.36367e-19
-0.000142715 -8.11305e-06 7.36364e-19
-0.000142876 -8.01073e-06 7.36361e-19
-0.000143035 -7.90673e-06 7.36358e-19
-0.000143195 -7.80117e-06 7.36355e-19
-0.000143353 -7.69412e-06 7.36352e-19
-0.000143511 -7.58564e-06 7.36349e-19
-0.000143669 -7.47578e-06 7.36346e-19
-0.000143826 -7.36466e-06 7.36343e-19
-0.000143983 -7.25259e-06 7.3634e-19
-0.000144139 -7.13995e-06 7.36337e-19
-0.000144295 -7.02714e-06 7.36333e-19
-0.00014445 -6.91444e-06 7.3633e-19
-0.000144605 -6.80189e-06 7.36327e-19
-0.000144759 -6.6894e-06 7.36324e-19
-0.000144913 -6.5768e-06 7.36321e-19
-0.000145066 -6.4638e-06 7.36318e-19
-0.000145218 -6.34994e-06 7.36314e-19
-0.000145369 -6.23461e-06 7.36311e-19
-0.00014552 -6.11717e-06 7.36308e-19
-0.00014567 -5.99692e-06 7.36304e-19
-0.000145819 -5.87313e-06 7.36301e-19
-0.000145967 -5.74508e-06 7.36297e-19
-0.000146114 -5.61203e-06 7.36294e-19
-0.00014626 -5.47342e-06 7.3629e-19
-0.000146404 -5.32904e-06 7.36285e-19
-0.000146548 -5.17894e-06 7.36281e-19
-0.00014669 -5.02327e-06 7.36277e-19
-0.00014683 -4.86232e-06 7.36272e-19
-0.000146968 -4.69657e-06 7.36267e-19
-0.000147105 -4.52669e-06 7.36262e-19
-0.000147239 -4.35345e-06 7.36257e-19
-0.000147371 -4.17751e-06 7.36252e-19
-0.000147501 -3.99928e-06 7.36247e-19
-0.000147628 -3.81901e-06 7.36242e-19
-0.000147753 -3.63695e-06 7.36236e-19
-0.000147875 -3.4534e-06 7.36231e-19
-0.000147994 -3.26851e-06 7.36225e-19
-0.000148111 -3.08241e-06 7.3622e-19
-0.000148226 -2.89528e-06 7.36214e-19
-0.000148338 -2.70741e-06 7.36209e-19
-0.000148448 -2.51917e-06 7.36203e-19
-0.000148556 -2.33103e-06 7.36198e-19
-0.000148661 -2.14352e-06 7.36192e-19
-0.000148764 -1.95727e-06 7.36187e-19
-0.000148866 -1.77309e-06 7.36181e-19
-0.000148965 -1.59191e-06 7.36176e-19
-0.000149062 -1.41468e-06 7.3617e-19
-0.000149158 -1.24232e-06 7.36165e-19
-0.000149252 -1.07577e-06 7.3616e-19
-0.000149344 -9.15948e-07 7.36155e-19
-0.000149435 -7.63689e-07 7.36151e-19
-0.000149524 -6.19842e-07 7.36147e-19
-0.000149611 -4.85311e-07 7.36143e-19
-0.000149697 -3.61005e-07 7.36139e-19
-0.000149782 -2.47734e-07 7.36136e-19
-0.000149865 -1.46188e-07 7.36133e-19
-0.000149946 -5.69366e-08 7.3613e-19
-0.000150026 1.95821e-08 7.36128e-19
-0.000150104 8.30722e-08 7.36126e-19
-0.00015018 1.33655e-07 7.36125e-19
-0.000150254 1.71342e-07 7.36124e-19
-0.000150326 1.9644e-07 7.36123e-19
-0.000150396 2.0957e-07 7.36123e-19
-0.000150464 2.11369e-07 7.36123e-19
-0.000150529 2.02785e-07 7.36123e-19
-0.000150593 1.84827e-07 7.36124e-19
-0.000150654 1.58652e-07 7.36125e-19
-0.000150713 1.25433e-07 7.36126e-19
-0.00015077 8.64582e-08 7.36128e-19
-0.000150824 4.30271e-08 7.36129e-19
-0.000150875 -3.54395e-09 7.36131e-19
-0.000150924 -5.20418e-08 7.36132e-19
-0.000150969 -1.01411e-07 7.36134e-19
-0.000151012 -1.50757e-07 7.36135e-19
-0.000151052 -1.99267e-07 7.36137e-19
-0.000151089 -2.46209e-07 7.36138e-19
-0.000151123 -2.90913e-07 7.3614e-19
-0.000151154 -3.32799e-07 7.36141e-19
-0.000151182 -3.71392e-07 7.36142e-19
-0.000151206 -4.06391e-07 7.36143e-19
-0.000151228 -4.37737e-07 7.36144e-19
-0.000151246 -4.65576e-07 7.36145e-19
-0.00015126 -4.90172e-07 7.36146e-19
-0.000151272 -5.11864e-07 7.36147e-19
-0.00015128 -5.31005e-07 7.36147e-19
-0.000151285 -5.47983e-07 7.36148e-19
-0.000151287 -5.63254e-07 7.36148e-19
-0.000151286 -5.77263e-07 7.36148e-19
-0.000151281 -5.90349e-07 7.36149e-19
-0.000151274 -6.02776e-07 7.36149e-19
-0.000151263 -6.14826e-07 7.36149e-19
-0.00015125 -6.26774e-07 7.36149e-19
-0.000151233 -6.38849e-07 7.3615e-19
-0.000151214 -6.51242e-07 7.3615e-19
-0.000151193 -6.64132e-07 7.3615e-19
-0.000151168 -6.77607e-07 7.36151e-19
-0.000151142 -6.91556e-07 7.36151e-19
-0.000151113 -7.0572e-07 7.36151e-19
-0.000151081 -7.19801e-07 7.36151e-19
-0.000151048 -7.33522e-07 7.36152e-19
-0.000151012 -7.46691e-07 7.36152e-19
-0.000150974 -7.59161e-07 7.36152e-19
-0.000150934 -7.70781e-07 7.36153e-19
-0.000150893 -7.81464e-07 7.36153e-19
-0.000150849 -7.91316e-07 7.36153e-19
-0.000150804 -8.00565e-07 7.36153e-19
-0.000150756 -8.09441e-07 7.36153e-19
-0.000150707 -8.1832e-07 7.36154e-19
-0.000150656 -8.27956e-07 7.36154e-19
-0.000150603 -8.39345e-07 7.36154e-19
-0.000150547 -8.53487e-07 7.36154e-19
-0.00015049 -8.71366e-07 7.36155e-19
-0.000150429 -8.93781e-07 7.36155e-19
-0.000150365 -9.2189e-07 7.36156e-19
-0.000150299 -9.56708e-07 7.36157e-19
-0.000150231 -9.98985e-07 7.36158e-19
-0.000150159 -1.04942e-06 7.3616e-19
-0.000150085 -1.10847e-06 7.36161e-19
-0.000150008 -1.17659e-06 7.36163e-19
-0.000149927 -1.25396e-06 7.36166e-19
-0.000149844 -1.34047e-06 7.36168e-19
-0.000149757 -1.43572e-06 7.36171e-19
-0.000149668 -1.53925e-06 7.36174e-19
-0.000149575 -1.65054e-06 7.36178e-19
-0.000149479 -1.76912e-06 7.36181e-19
-0.000149381 -1.89447e-06 7.36185e-19
-0.000149279 -2.0261e-06 7.36189e-19
-0.000149174 -2.16343e-06 7.36193e-19
-0.000149066 -2.30577e-06 7.36197e-19
-0.000148956 -2.45236e-06 7.36201e-19
-0.000148842 -2.60244e-06 7.36206e-19
-0.000148726 -2.75514e-06 7.3621e-19
-0.000148607 -2.90937e-06 7.36215e-19
-0.000148486 -3.06388e-06 7.3622e-19
-0.000148362 -3.21744e-06 7.36224e-19
-0.000148236 -3.36891e-06 7.36229e-19
-0.000148108 -3.51728e-06 7.36233e-19
-0.000147978 -3.66166e-06 7.36237e-19
-0.000147846 -3.80123e-06 7.36241e-19
-0.000147713 -3.93524e-06 7.36245e-19
-0.000147578 -4.06303e-06 7.36249e-19
-0.000147442 -4.18404e-06 7.36252e-19
-0.000147305 -4.29776e-06 7.36256e-19
-0.000147167 -4.40383e-06 7.36259e-19
-0.000147028 -4.50212e-06 7.36262e-19
-0.000146889 -4.59268e-06 7.36264e-19
-0.000146748 -4.67562e-06 7.36266e-19
-0.000146608 -4.75112e-06 7.36269e-19
-0.000146467 -4.81937e-06 7.3627e-19
-0.000146325 -4.88063e-06 7.36272e-19
-0.000146184 -4.93517e-06 7.36274e-19
-0.000146043 -4.98348e-06 7.36275e-19
-0.000145901 -5.02654e-06 7.36276e-19
-0.00014576 -5.06563e-06 7.36277e-19
-0.000145618 -5.10206e-06 7.36278e-19
-0.000145477 -5.13724e-06 7.36279e-19
-0.000145335 -5.17266e-06 7.36279e-19
-0.000145193 -5.20991e-06 7.3628e-19
-0.000145051 -5.25053e-06 7.36281e-19
-0.000144909 -5.29593e-06 7.36282e-19
-0.000144766 -5.34721e-06 7.36284e-19
-0.000144623 -5.40526e-06 7.36285e-19
-0.000144479 -5.47089e-06 7.36287e-19
-0.000144335 -5.54481e-06 7.36289e-19
-0.00014419 -5.62767e-06 7.36291e-19
-0.000144045 -5.72004e-06 7.36294e-19
-0.000143899 -5.82244e-06 7.36297e-19
-0.000143752 -5.93521e-06 7.363e-19
-0.000143604 -6.05852e-06 7.36304e-19
-0.000143456 -6.19235e-06 7.36308e-19
-0.000143306 -6.33663e-06 7.36312e-19
-0.000143156 -6.49121e-06 7.36316e-19
-0.000143005 -6.65586e-06 7.36321e-19
-0.000142853 -6.83031e-06 7.36326e-19
-0.0001427 -7.01425e-06 7.36331e-19
-0.000142547 -7.20729e-06 7.36337e-19
-0.000142392 -7.40895e-06 7.36343e-19
-0.000142237 -7.61868e-06 7.36349e-19
-0.000142081 -7.83591e-06 7.36356e-19
-0.000141924 -8.06001e-06 7.36362e-19
-0.000141767 -8.29029e-06 7.36369e-19
-0.000141609 -8.52598e-06 7.36376e-19
-0.000141451 -8.76634e-06 7.36383e-19
-0.000141292 -9.0106e-06 7.3639e-19
-0.000141134 -9.25801e-06 7.36397e-19
-0.000140975 -9.50786e-06 7.36405e-19
-0.000140815 -9.7594e-06 7.36412e-19
-0.000140656 -1.0012e-05 7.3642e-19
-0.000140497 -1.02649e-05 7.36427e-19
-0.000140339 -1.05177e-05 7.36434e-19
-0.00014018 -1.07699e-05 7.36442e-19
-0.000140022 -1.10208e-05 7.36449e-19
-0.000139864 -1.12701e-05 7.36457e-19
-0.000139706 -1.15174e-05 7.36464e-19
-0.000139549 -1.17621e-05 7.36471e-19
-0.000139393 -1.20039e-05 7.36478e-19
-0.000139236 -1.22422e-05 7.36485e-19
-0.000139081 -1.24763e-05 7.36492e-19
-0.000138925 -1.27056e-05 7.36499e-19
-0.000138771 -1.29295e-05 7.36505e-19
-0.000138616 -1.31473e-05 7.36512e-19
-0.000138463 -1.33583e-05 7.36518e-19
-0.000138309 -1.35619e-05 7.36524e-19
-0.000138157 -1.37576e-05 7.3653e-19
-0.000138005 -1.3945e-05 7.36535e-19
-0.000137853 -1.41242e-05 7.3654e-19
-0.000137702 -1.4295e-05 7.36545e-19
-0.000137551 -1.44576e-05 7.3655e-19
-0.000137401 -1.46124e-05 7.36554e-19
-0.000137251 -1.47596e-05 7.36558e-19
-0.000137101 -1.48999e-05 7.36562e-19
-0.000136951 -1.50338e-05 7.36566e-19
-0.000136801 -1.51616e-05 7.3657e-19
-0.000136651 -1.5284e-05 7.36573e-19
-0.000136501 -1.54014e-05 7.36577e-19
-0.00013635 -1.55144e-05 7.3658e-19
-0.0001362 -1.56233e-05 7.36583e-19
-0.00013605 -1.57286e-05 7.36586e-19
-0.000135899 -1.58306e-05 7.36589e-19
-0.000135749 -1.59299e-05 7.36591e-19
-0.000135599 -1.6027e-05 7.36594e-19
-0.000135448 -1.61229e-05 7.36597e-19
-0.000135298 -1.62182e-05 7.36599e-19
-0.000135148 -1.63138e-05 7.36602e-19
-0.000134998 -1.64102e-05 7.36605e-19
-0.000134848 -1.6508e-05 7.36607e-19
-0.000134698 -1.66076e-05 7.3661e-19
-0.000134549 -1.67094e-05 7.36613e-19
-0.0001344 -1.68139e-05 7.36616e-19
-0.000134252 -1.69214e-05 7.36619e-19
-0.000134104 -1.70324e-05 7.36622e-19
-0.000133957 -1.7147e-05 7.36625e-19
-0.000133811 -1.72651e-05 7.36629e-19
-0.000133665 -1.73865e-05 7.36632e-19
-0.000133521 -1.75108e-05 7.36636e-19
-0.000133378 -1.76377e-05 7.3664e-19
-0.000133236 -1.77666e-05 7.36643e-19
-0.000133096 -1.78971e-05 7.36647e-19
-0.000132958 -1.80285e-05 7.36651e-19
-0.00013282 -1.81602e-05 7.36655e-19
-0.000132684 -1.82919e-05 7.36659e-19
-0.00013255 -1.8423e-05 7.36662e-19
-0.000132417 -1.85531e-05 7.36666e-19
-0.000132287 -1.86816e-05 7.3667e-19
-0.000132158 -1.88081e-05 7.36674e-19
-0.000132031 -1.89321e-05 7.36677e-19
-0.000131907 -1.90532e-05 7.36681e-19
-0.000131785 -1.91709e-05 7.36685e-19
-0.000131665 -1.92845e-05 7.36688e-19
-0.000131547 -1.93934e-05 7.36691e-19
-0.000131431 -1.94969e-05 7.36694e-19
-0.000131318 -1.95944e-05 7.36697e-19
-0.000131207 -1.96853e-05 7.367e-19
-0.000131099 -1.97688e-05 7.36702e-19
-0.000130993 -1.98445e-05 7.36704e-19
-0.00013089 -1.9912e-05 7.36706e-19
-0.000130789 -1.9971e-05 7.36708e-19
-0.000130691 -2.00215e-05 7.3671e-19
-0.000130596 -2.00634e-05 7.36711e-19
-0.000130504 -2.00969e-05 7.36712e-19
-0.000130414 -2.01219e-05 7.36712e-19
-0.000130327 -2.01387e-05 7.36713e-19
-0.000130243 -2.01473e-05 7.36713e-19
-0.000130162 -2.01482e-05 7.36713e-19
-0.000130084 -2.01416e-05 7.36713e-19
-0.000130009 -2.01284e-05 7.36712e-19
-0.000129937 -2.0109e-05 7.36712e-19
-0.000129868 -2.00844e-05 7.36711e-19
-0.000129802 -2.00551e-05 7.3671e-19
-0.000129739 -2.0022e-05 7.36709e-19
-0.00012968 -1.99858e-05 7.36707e-19
-0.000129624 -1.99474e-05 7.36706e-19
-0.000129571 -1.99077e-05 7.36705e-19
-0.000129522 -1.98676e-05 7.36704e-19
-0.000129476 -1.98282e-05 7.36702e-19
-0.000129433 -1.97902e-05 7.36701e-19
-0.000129394 -1.97545e-05 7.367e-19
-0.000129358 -1.97218e-05 7.36699e-19
-0.000129326 -1.96927e-05 7.36698e-19
-0.000129297 -1.96679e-05 7.36697e-19
-0.000129272 -1.96479e-05 7.36696e-19
-0.00012925 -1.96331e-05 7.36696e-19
-0.000129231 -1.96237e-05 7.36696e-19
-0.000129216 -1.96201e-05 7.36695e-19
-0.000129204 -1.96225e-05 7.36696e-19
-0.000129196 -1.96309e-05 7.36696e-19
-0.00012919 -1.96453e-05 7.36696e-19
-0.000129189 -1.96659e-05 7.36697e-19
-0.00012919 -1.96928e-05 7.36698e-19
-0.000129195 -1.97264e-05 7.36699e-19
-0.000129202 -1.97669e-05 7.367e-19
-0.000129212 -1.98143e-05 7.36701e-19
-0.000129226 -1.98688e-05 7.36703e-19
-0.000129242 -1.99301e-05 7.36705e-19
-0.00012926 -1.9998e-05 7.36707e-19
-0.000129281 -2.00721e-05 7.36709e-19
-0.000129304 -2.01519e-05 7.36712e-19
-0.00012933 -2.02366e-05 7.36714e-19
-0.000129358 -2.03255e-05 7.36717e-19
-0.000129388 -2.04178e-05 7.3672e-19
-0.00012942 -2.05125e-05 7.36723e-19
-0.000129455 -2.06084e-05 7.36726e-19
-0.000129491 -2.07042e-05 7.36729e-19
-0.000129529 -2.0799e-05 7.36732e-19
-0.00012957 -2.08916e-05 7.36735e-19
-0.000129612 -2.09812e-05 7.36737e-19
-0.000129657 -2.1067e-05 7.3674e-19
-0.000129703 -2.11482e-05 7.36742e-19
-0.000129752 -2.12243e-05 7.36745e-19
-0.000129802 -2.12948e-05 7.36747e-19
-0.000129853 -2.13594e-05 7.36749e-19
-0.000129907 -2.14176e-05 7.36751e-19
-0.000129962 -2.14691e-05 7.36752e-19
-0.000130019 -2.15133e-05 7.36754e-19
-0.000130077 -2.15496e-05 7.36755e-19
-0.000130138 -2.15778e-05 7.36756e-19
-0.0001302 -2.15974e-05 7.36756e-19
-0.000130263 -2.16082e-05 7.36757e-19
-0.000130328 -2.16098e-05 7.36757e-19
-0.000130395 -2.16022e-05 7.36756e-19
-0.000130463 -2.15851e-05 7.36756e-19
-0.000130534 -2.15585e-05 7.36755e-19
-0.000130605 -2.15223e-05 7.36754e-19
-0.000130679 -2.14766e-05 7.36753e-19
-0.000130754 -2.14219e-05 7.36751e-19
-0.00013083 -2.13587e-05 7.36749e-19
-0.000130908 -2.12877e-05 7.36747e-19
-0.000130987 -2.12095e-05 7.36745e-19
-0.000131068 -2.11247e-05 7.36742e-19
-0.000131149 -2.10341e-05 7.3674e-19
-0.000131232 -2.09383e-05 7.36737e-19
-0.000131316 -2.08381e-05 7.36734e-19
-0.000131401 -2.0734e-05 7.36731e-19
-0.000131487 -2.06268e-05 7.36727e-19
-0.000131574 -2.05172e-05 7.36724e-19
-0.000131661 -2.04058e-05 7.36721e-19
-0.000131749 -2.02931e-05 7.36718e-19
-0.000131837 -2.01793e-05 7.36714e-19
-0.000131926 -2.00649e-05 7.36711e-19
-0.000132015 -1.995e-05 7.36708e-19
-0.000132105 -1.98346e-05 7.36704e-19
-0.000132194 -1.97185e-05 7.36701e-19
-0.000132284 -1.96013e-05 7.36697e-19
-0.000132375 -1.94831e-05 7.36694e-19
-0.000132466 -1.93639e-05 7.3669e-19
-0.000132557 -1.92443e-05 7.36687e-19
-0.000132648 -1.91245e-05 7.36683e-19
-0.00013274 -1.9005e-05 7.3668e-19
-0.000132831 -1.88857e-05 7.36677e-19
-0.000132923 -1.87663e-05 7.36673e-19
-0.000133015 -1.86467e-05 7.3667e-19
-0.000133108 -1.85264e-05 7.36666e-19
-0.000133201 -1.84049e-05 7.36663e-19
-0.000133294 -1.82814e-05 7.36659e-19
-0.000133388 -1.81552e-05 7.36655e-19
-0.000133483 -1.80257e-05 7.36652e-19
-0.000133578 -1.7892e-05 7.36648e-19
-0.000133675 -1.77534e-05 7.36644e-19
-0.000133773 -1.76091e-05 7.3664e-19
-0.000133872 -1.74585e-05 7.36635e-19
-0.000133972 -1.73011e-05 7.36631e-19
-0.000134074 -1.71368e-05 7.36626e-19
-0.000134178 -1.69653e-05 7.36621e-19
-0.000134283 -1.67866e-05 7.36616e-19
-0.000134391 -1.66011e-05 7.3661e-19
-0.0001345 -1.64093e-05 7.36605e-19
-0.000134611 -1.62121e-05 7.36599e-19
-0.000134724 -1.60101e-05 7.36593e-19
-0.00013484 -1.5804e-05 7.36587e-19
-0.000134957 -1.55946e-05 7.36581e-19
-0.000135076 -1.53825e-05 7.36575e-19
-0.000135197 -1.51683e-05 7.36569e-19
-0.00013532 -1.49529e-05 7.36562e-19
-0.000135445 -1.47369e-05 7.36556e-19
-0.000135571 -1.45209e-05 7.3655e-19
-0.0001357 -1.43054e-05 7.36543e-19
-0.00013583 -1.40909e-05 7.36537e-19
-0.000135963 -1.38774e-05 7.36531e-19
-0.000136097 -1.36652e-05 7.36525e-19
-0.000136232 -1.34541e-05 7.36519e-19
-0.000136369 -1.3244e-05 7.36512e-19
-0.000136508 -1.30345e-05 7.36506e-19
-0.000136649 -1.28252e-05 7.365e-19
-0.000136791 -1.26157e-05 7.36494e-19
-0.000136935 -1.24061e-05 7.36488e-19
-0.000137081 -1.21963e-05 7.36482e-19
-0.000137228 -1.19867e-05 7.36476e-19
-0.000137377 -1.17772e-05 7.3647e-19
-0.000137527 -1.15682e-05 7.36464e-19
-0.000137679 -1.13597e-05 7.36458e-19
-0.000137832 -1.1152e-05 7.36451e-19
-0.000137986 -1.09453e-05 7.36445e-19
-0.000138142 -1.07397e-05 7.36439e-19
-0.000138299 -1.05356e-05 7.36433e-19
-0.000138458 -1.0333e-05 7.36427e-19
-0.000138618 -1.01323e-05 7.36422e-19
-0.000138779 -9.93353e-06 7.36416e-19
-0.000138943 -9.73699e-06 7.3641e-19
-0.000139107 -9.54279e-06 7.36404e-19
-0.000139274 -9.35118e-06 7.36399e-19
-0.000139442 -9.1625e-06 7.36393e-19
-0.000139612 -8.97716e-06 7.36388e-19
-0.000139783 -8.79558e-06 7.36382e-19
-0.000139956 -8.6181e-06 7.36377e-19
-0.000140132 -8.44496e-06 7.36372e-19
-0.000140309 -8.27627e-06 7.36367e-19
-0.000140487 -8.11208e-06 7.36362e-19
-0.000140668 -7.95241e-06 7.36358e-19
-0.000140851 -7.79726e-06 7.36353e-19
-0.000141036 -7.64657e-06 7.36349e-19
-0.000141222 -7.50022e-06 7.36345e-19
-0.000141411 -7.35809e-06 7.3634e-19
-0.000141601 -7.22017e-06 7.36337e-19
-0.000141794 -7.08644e-06 7.36333e-19
-0.000141988 -6.95686e-06 7.36329e-19
-0.000142184 -6.83135e-06 7.36325e-19
-0.000142381 -6.70987e-06 7.36322e-19
-0.00014258 -6.59238e-06 7.36319e-19
-0.00014278 -6.47876e-06 7.36316e-19
-0.000142981 -6.3689e-06 7.36312e-19
-0.000143183 -6.26272e-06 7.36309e-19
-0.000143386 -6.16013e-06 7.36307e-19
-0.000143589 -6.06102e-06 7.36304e-19
-0.000143793 -5.96521e-06 7.36301e-19
-0.000143997 -5.8724e-06 7.36299e-19
-0.000144201 -5.78226e-06 7.36296e-19
-0.000144405 -5.69441e-06 7.36294e-19
-0.000144608 -5.60837e-06 7.36292e-19
-0.000144811 -5.52345e-06 7.36289e-19
-0.000145013 -5.43887e-06 7.36287e-19
-0.000145215 -5.35379e-06 7.36285e-19
-0.000145415 -5.26746e-06 7.36282e-19
-0.000145614 -5.1791e-06 7.3628e-19
-0.000145812 -5.08799e-06 7.36277e-19
-0.000146009 -4.99348e-06 7.36275e-19
-0.000146205 -4.89492e-06 7.36272e-19
-0.000146399 -4.79159e-06 7.36269e-19
-0.000146591 -4.68275e-06 7.36266e-19
-0.000146782 -4.56775e-06 7.36263e-19
-0.000146972 -4.44609e-06 7.36259e-19
-0.00014716 -4.31756e-06 7.36256e-19
-0.000147346 -4.18214e-06 7.36252e-19
-0.000147531 -4.03991e-06 7.36248e-19
-0.000147714 -3.89113e-06 7.36243e-19
-0.000147896 -3.73625e-06 7.36239e-19
-0.000148076 -3.5759e-06 7.36234e-19
-0.000148254 -3.41075e-06 7.36229e-19
-0.000148431 -3.24152e-06 7.36224e-19
-0.000148606 -3.06887e-06 7.36219e-19
-0.00014878 -2.89341e-06 7.36214e-19
-0.000148952 -2.71578e-06 7.36209e-19
-0.000149122 -2.53661e-06 7.36204e-19
-0.00014929 -2.35658e-06 7.36198e-19
-0.000149456 -2.17639e-06 7.36193e-19
-0.000149621 -1.99667e-06 7.36188e-19
-0.000149784 -1.81801e-06 7.36183e-19
-0.000149945 -1.64085e-06 7.36178e-19
-0.000150104 -1.46554e-06 7.36172e-19
-0.00015026 -1.29201e-06 7.36167e-19
-0.000150414 -1.12075e-06 7.36162e-19
-0.000150566 -9.52083e-07 7.36158e-19
-0.000150715 -7.8605e-07 7.36153e-19
-0.000150863 -6.2284e-07 7.36148e-19
-0.000151008 -4.6251e-07 7.36143e-19
-0.00015115 -3.05422e-07 7.36139e-19
-0.00015129 -1.51929e-07 7.36134e-19
-0.000151428 -2.45699e-09 7.3613e-19
-0.000151562 1.42695e-07 7.36126e-19
-0.000151693 2.83289e-07 7.36122e-19
-0.000151822 4.19181e-07 7.36118e-19
-0.000151947 5.50236e-07 7.36114e-19
-0.000152068 6.76386e-07 7.36111e-19
-0.000152187 7.97625e-07 7.36107e-19
-0.000152301 9.14013e-07 7.36104e-19
-0.000152412 1.02561e-06 7.36101e-19
-0.000152519 1.13262e-06 7.36098e-19
-0.000152623 1.23564e-06 7.36095e-19
-0.000152723 1.33546e-06 7.36092e-19
-0.000152819 1.4329e-06 7.36089e-19
-0.000152911 1.52867e-06 7.36086e-19
-0.000153 1.62328e-06 7.36084e-19
-0.000153085 1.71712e-06 7.36081e-19
-0.000153166 1.81047e-06 7.36078e-19
-0.000153245 1.90353e-06 7.36076e-19
-0.000153319 1.99637e-06 7.36073e-19
-0.000153391 2.08894e-06 7.3607e-19
-0.000153459 2.1811e-06 7.36068e-19
-0.000153524 2.27276e-06 7.36065e-19
-0.000153586 2.36384e-06 7.36062e-19
-0.000153645 2.45433e-06 7.3606e-19
-0.000153701 2.54418e-06 7.36057e-19
-0.000153754 2.63334e-06 7.36054e-19
-0.000153805 2.72175e-06 7.36052e-19
-0.000153853 2.80935e-06 7.36049e-19
-0.000153898 2.8961e-06 7.36047e-19
-0.000153941 2.98193e-06 7.36044e-19
-0.000153982 3.06674e-06 7.36042e-19
-0.000154021 3.15043e-06 7.36039e-19
-0.000154058 3.2329e-06 7.36037e-19
-0.000154092 3.31393e-06 7.36034e-19
-0.000154125 3.39301e-06 7.36032e-19
-0.000154155 3.46945e-06 7.3603e-19
-0.000154183 3.54254e-06 7.36027e-19
-0.000154209 3.61167e-06 7.36025e-19
-0.000154233 3.67639e-06 7.36023e-19
-0.000154255 3.73635e-06 7.36022e-19
-0.000154274 3.79128e-06 7.3602e-19
-0.000154291 3.84094e-06 7.36019e-19
-0.000154306 3.88523e-06 7.36017e-19
-0.000154318 3.92409e-06 7.36016e-19
-0.000154328 3.95753e-06 7.36015e-19
-0.000154335 3.98553e-06 7.36014e-19
-0.00015434 4.00809e-06 7.36014e-19
-0.000154341 4.02516e-06 7.36013e-19
-0.00015434 4.03672e-06 7.36013e-19
-0.000154337 4.04275e-06 7.36013e-19
-0.00015433 4.04326e-06 7.36013e-19
-0.00015432 4.03826e-06 7.36013e-19
-0.000154307 4.02776e-06 7.36013e-19
-0.000154292 4.01182e-06 7.36013e-19
-0.000154273 3.99066e-06 7.36014e-19
-0.000154251 3.9646e-06 7.36015e-19
-0.000154226 3.93394e-06 7.36016e-19
-0.000154198 3.89902e-06 7.36017e-19
-0.000154168 3.86022e-06 7.36018e-19
-0.000154134 3.81797e-06 7.36019e-19
-0.000154098 3.77269e-06 7.3602e-19
-0.000154059 3.72469e-06 7.36022e-19
-0.000154018 3.67409e-06 7.36023e-19
-0.000153974 3.62088e-06 7.36025e-19
-0.000153927 3.56504e-06 7.36026e-19
-0.000153879 3.5065e-06 7.36028e-19
-0.000153828 3.44516e-06 7.3603e-19
-0.000153775 3.38091e-06 7.36031e-19
-0.00015372 3.31364e-06 7.36033e-19
-0.000153663 3.24326e-06 7.36035e-19
-0.000153604 3.16972e-06 7.36038e-19
-0.000153544 3.09297e-06 7.3604e-19
-0.000153482 3.01303e-06 7.36042e-19
-0.000153418 2.9299e-06 7.36044e-19
-0.000153352 2.84359e-06 7.36047e-19
-0.000153285 2.75413e-06 7.3605e-19
-0.000153217 2.66156e-06 7.36052e-19
-0.000153147 2.56588e-06 7.36055e-19
-0.000153076 2.46682e-06 7.36058e-19
-0.000153003 2.36395e-06 7.36061e-19
-0.000152928 2.25687e-06 7.36064e-19
-0.000152852 2.14532e-06 7.36067e-19
-0.000152773 2.02915e-06 7.36071e-19
-0.000152693 1.90837e-06 7.36074e-19
-0.000152611 1.78303e-06 7.36078e-19
-0.000152527 1.65319e-06 7.36082e-19
-0.00015244 1.51878e-06 7.36086e-19
-0.000152352 1.37965e-06 7.3609e-19
-0.00015226 1.23571e-06 7.36094e-19
-0.000152166 1.08695e-06 7.36099e-19
-0.000152069 9.33647e-07 7.36103e-19
-0.000151969 7.76254e-07 7.36108e-19
-0.000151866 6.15234e-07 7.36113e-19
-0.00015176 4.51024e-07 7.36118e-19
-0.00015165 2.83966e-07 7.36123e-19
-0.000151538 1.14336e-07 7.36128e-19
-0.000151421 -5.76349e-08 7.36133e-19
-0.000151302 -2.31722e-07 7.36138e-19
-0.000151178 -4.07689e-07 7.36143e-19
-0.000151051 -5.85292e-07 7.36148e-19
-0.000150921 -7.64334e-07 7.36153e-19
-0.000150786 -9.44687e-07 7.36159e-19
-0.000150648 -1.12627e-06 7.36164e-19
-0.000150507 -1.30908e-06 7.36169e-19
-0.000150362 -1.49316e-06 7.36175e-19
-0.000150213 -1.67857e-06 7.3618e-19
-0.00015006 -1.86537e-06 7.36185e-19
-0.000149903 -2.0532e-06 7.36191e-19
-0.000149742 -2.24244e-06 7.36196e-19
-0.000149578 -2.43331e-06 7.36202e-19
-0.00014941 -2.62565e-06 7.36207e-19
-0.00014924 -2.8195e-06 7.36213e-19
-0.000149066 -3.01473e-06 7.36219e-19
-0.000148889 -3.21139e-06 7.36224e-19
-0.000148709 -3.40949e-06 7.3623e-19
-0.000148527 -3.60919e-06 7.36236e-19
-0.000148341 -3.81059e-06 7.36242e-19
-0.000148154 -4.01374e-06 7.36247e-19
-0.000147963 -4.21854e-06 7.36253e-19
-0.000147771 -4.42476e-06 7.36259e-19
-0.000147576 -4.63214e-06 7.36265e-19
-0.000147379 -4.84041e-06 7.36271e-19
-0.000147179 -5.04929e-06 7.36277e-19
-0.000146978 -5.25851e-06 7.36283e-19
-0.000146775 -5.46777e-06 7.36289e-19
-0.00014657 -5.67677e-06 7.36295e-19
-0.000146363 -5.88525e-06 7.36301e-19
-0.000146154 -6.09295e-06 7.36307e-19
-0.000145944 -6.29962e-06 7.36313e-19
-0.000145732 -6.50505e-06 7.36319e-19
-0.000145518 -6.70916e-06 7.36325e-19
-0.000145302 -6.91197e-06 7.36331e-19
-0.000145085 -7.1135e-06 7.36337e-19
-0.000144865 -7.31384e-06 7.36343e-19
-0.000144645 -7.51316e-06 7.36348e-19
-0.000144422 -7.71171e-06 7.36354e-19
-0.000144198 -7.90977e-06 7.3636e-19
-0.000143972 -8.10751e-06 7.36365e-19
-0.000143744 -8.30485e-06 7.36371e-19
-0.000143514 -8.50156e-06 7.36377e-19
-0.000143283 -8.69739e-06 7.36382e-19
-0.00014305 -8.89227e-06 7.36388e-19
-0.000142816 -9.08643e-06 7.36394e-19
-0.00014258 -9.28036e-06 7.36399e-19
-0.000142342 -9.47459e-06 7.36405e-19
-0.000142103 -9.66968e-06 7.3641e-19
-0.000141863 -9.86629e-06 7.36416e-19
-0.000141621 -1.00651e-05 7.36422e-19
-0.000141378 -1.02669e-05 7.36427e-19
-0.000141133 -1.04722e-05 7.36433e-19
-0.000140886 -1.06814e-05 7.36439e-19
-0.000140639 -1.08948e-05 7.36446e-19
-0.00014039 -1.11127e-05 7.36452e-19
-0.00014014 -1.1335e-05 7.36458e-19
-0.000139889 -1.15614e-05 7.36465e-19
-0.000139637 -1.17913e-05 7.36472e-19
-0.000139384 -1.20241e-05 7.36478e-19
-0.000139131 -1.22591e-05 7.36485e-19
-0.000138877 -1.24955e-05 7.36492e-19
-0.000138623 -1.2733e-05 7.36499e-19
-0.000138369 -1.29707e-05 7.36506e-19
-0.000138115 -1.32083e-05 7.36513e-19
-0.000137861 -1.34453e-05 7.3652e-19
-0.000137608 -1.36816e-05 7.36526e-19
-0.000137354 -1.39169e-05 7.36533e-19
-0.000137101 -1.4151e-05 7.3654e-19
-0.000136849 -1.43838e-05 7.36547e-19
-0.000136597 -1.46149e-05 7.36553e-19
-0.000136346 -1.48442e-05 7.3656e-19
-0.000136095 -1.50714e-05 7.36567e-19
-0.000135846 -1.52964e-05 7.36573e-19
-0.000135597 -1.55191e-05 7.3658e-19
-0.000135349 -1.57395e-05 7.36586e-19
-0.000135103 -1.59575e-05 7.36592e-19
-0.000134857 -1.6173e-05 7.36599e-19
-0.000134613 -1.63858e-05 7.36605e-19
-0.000134369 -1.65959e-05 7.36611e-19
-0.000134127 -1.68033e-05 7.36617e-19
-0.000133887 -1.7008e-05 7.36623e-19
-0.000133647 -1.72104e-05 7.36628e-19
-0.000133408 -1.74108e-05 7.36634e-19
-0.00013317 -1.76093e-05 7.3664e-19
-0.000132933 -1.7806e-05 7.36645e-19
-0.000132698 -1.80008e-05 7.36651e-19
-0.000132464 -1.81937e-05 7.36657e-19
-0.000132232 -1.83847e-05 7.36662e-19
-0.000132002 -1.8574e-05 7.36667e-19
-0.000131774 -1.87618e-05 7.36673e-19
-0.000131547 -1.89485e-05 7.36678e-19
-0.000131322 -1.91345e-05 7.36683e-19
-0.000131099 -1.93199e-05 7.36689e-19
-0.000130878 -1.9505e-05 7.36694e-19
-0.000130659 -1.96901e-05 7.36699e-19
-0.000130442 -1.98753e-05 7.36705e-19
-0.000130227 -2.00607e-05 7.3671e-19
-0.000130014 -2.02466e-05 7.36715e-19
-0.000129804 -2.04329e-05 7.36721e-19
-0.000129596 -2.06197e-05 7.36726e-19
-0.00012939 -2.0807e-05 7.36731e-19
-0.000129187 -2.09946e-05 7.36737e-19
-0.000128987 -2.11824e-05 7.36742e-19
-0.000128789 -2.13702e-05 7.36747e-19
-0.000128594 -2.1558e-05 7.36753e-19
-0.000128402 -2.17458e-05 7.36758e-19
-0.000128213 -2.19332e-05 7.36764e-19
-0.000128029 -2.21201e-05 7.36769e-19
-0.000127847 -2.23071e-05 7.36774e-19
-0.000127668 -2.24942e-05 7.3678e-19
-0.000127493 -2.26816e-05 7.36785e-19
-0.000127321 -2.28693e-05 7.36791e-19
-0.000127152 -2.30573e-05 7.36796e-19
-0.000126986 -2.32455e-05 7.36802e-19
-0.000126823 -2.34338e-05 7.36807e-19
-0.000126664 -2.36221e-05 7.36812e-19
-0.000126508 -2.381e-05 7.36818e-19
-0.000126355 -2.39974e-05 7.36823e-19
-0.000126205 -2.41841e-05 7.36829e-19
-0.000126059 -2.43697e-05 7.36834e-19
-0.000125916 -2.45542e-05 7.3684e-19
-0.000125776 -2.47372e-05 7.36845e-19
-0.00012564 -2.49183e-05 7.3685e-19
-0.000125507 -2.50972e-05 7.36856e-19
-0.000125377 -2.52732e-05 7.36861e-19
-0.00012525 -2.54457e-05 7.36866e-19
-0.000125127 -2.56138e-05 7.36871e-19
-0.000125007 -2.57767e-05 7.36876e-19
-0.00012489 -2.59338e-05 7.3688e-19
-0.000124777 -2.60841e-05 7.36885e-19
-0.000124667 -2.62271e-05 7.36889e-19
-0.000124561 -2.63618e-05 7.36893e-19
-0.000124458 -2.64877e-05 7.36896e-19
-0.000124359 -2.6604e-05 7.369e-19
-0.000124264 -2.67101e-05 7.36903e-19
-0.000124172 -2.68054e-05 7.36906e-19
-0.000124085 -2.68899e-05 7.36908e-19
-0.000124001 -2.69635e-05 7.3691e-19
-0.000123921 -2.70266e-05 7.36912e-19
-0.000123845 -2.70794e-05 7.36914e-19
-0.000123773 -2.7122e-05 7.36915e-19
-0.000123705 -2.71549e-05 7.36916e-19
-0.000123641 -2.71783e-05 7.36916e-19
-0.000123581 -2.71925e-05 7.36917e-19
-0.000123525 -2.71977e-05 7.36917e-19
-0.000123474 -2.71937e-05 7.36916e-19
-0.000123427 -2.71807e-05 7.36916e-19
-0.000123385 -2.71587e-05 7.36915e-19
-0.000123348 -2.71279e-05 7.36914e-19
-0.000123315 -2.70886e-05 7.36913e-19
-0.000123287 -2.70411e-05 7.36911e-19
-0.000123264 -2.69858e-05 7.3691e-19
-0.000123246 -2.69234e-05 7.36908e-19
-0.000123233 -2.68549e-05 7.36906e-19
-0.000123225 -2.67811e-05 7.36903e-19
-0.000123222 -2.67028e-05 7.36901e-19
-0.000123224 -2.66205e-05 7.36898e-19
-0.000123231 -2.65341e-05 7.36896e-19
-0.000123243 -2.64439e-05 7.36893e-19
-0.00012326 -2.63497e-05 7.3689e-19
-0.000123283 -2.62517e-05 7.36887e-19
-0.000123311 -2.615e-05 7.36884e-19
-0.000123345 -2.60447e-05 7.36881e-19
-0.000123384 -2.59359e-05 7.36878e-19
-0.000123428 -2.58242e-05 7.36875e-19
-0.000123477 -2.57102e-05 7.36871e-19
-0.000123532 -2.55948e-05 7.36868e-19
-0.000123592 -2.54785e-05 7.36865e-19
-0.000123657 -2.53619e-05 7.36861e-19
-0.000123727 -2.52454e-05 7.36858e-19
-0.000123802 -2.51297e-05 7.36855e-19
-0.000123881 -2.50149e-05 7.36851e-19
-0.000123966 -2.49011e-05 7.36848e-19
-0.000124055 -2.47884e-05 7.36845e-19
-0.000124149 -2.46766e-05 7.36841e-19
-0.000124248 -2.45655e-05 7.36838e-19
-0.000124352 -2.4455e-05 7.36835e-19
-0.00012446 -2.43445e-05 7.36832e-19
-0.000124573 -2.42338e-05 7.36829e-19
-0.000124691 -2.41226e-05 7.36826e-19
-0.000124813 -2.40105e-05 7.36823e-19
-0.00012494 -2.38975e-05 7.36819e-19
-0.000125071 -2.37831e-05 7.36816e-19
-0.000125207 -2.36674e-05 7.36813e-19
-0.000125348 -2.35499e-05 7.3681e-19
-0.000125492 -2.34304e-05 7.36806e-19
-0.000125642 -2.33086e-05 7.36803e-19
-0.000125796 -2.31842e-05 7.36799e-19
-0.000125954 -2.30569e-05 7.36796e-19
-0.000126117 -2.29261e-05 7.36792e-19
-0.000126284 -2.27914e-05 7.36788e-19
-0.000126456 -2.26523e-05 7.36784e-19
-0.000126632 -2.25084e-05 7.3678e-19
-0.000126813 -2.23593e-05 7.36776e-19
-0.000126998 -2.22044e-05 7.36771e-19
-0.000127187 -2.20435e-05 7.36767e-19
-0.000127381 -2.18764e-05 7.36762e-19
-0.000127579 -2.17031e-05 7.36757e-19
-0.000127782 -2.15233e-05 7.36752e-19
-0.000127989 -2.13371e-05 7.36746e-19
-0.0001282 -2.11444e-05 7.36741e-19
-0.000128416 -2.09452e-05 7.36735e-19
-0.000128636 -2.07393e-05 7.36729e-19
-0.00012886 -2.05268e-05 7.36723e-19
-0.000129089 -2.03081e-05 7.36716e-19
-0.000129321 -2.0084e-05 7.3671e-19
-0.000129558 -1.98549e-05 7.36703e-19
-0.000129799 -1.96217e-05 7.36696e-19
-0.000130043 -1.93851e-05 7.3669e-19
-0.00013029 -1.91461e-05 7.36683e-19
-0.000130541 -1.89055e-05 7.36676e-19
-0.000130795 -1.86641e-05 7.36669e-19
-0.000131052 -1.84229e-05 7.36662e-19
-0.000131312 -1.81824e-05 7.36655e-19
-0.000131575 -1.79434e-05 7.36648e-19
-0.00013184 -1.77065e-05 7.36641e-19
-0.000132108 -1.74721e-05 7.36634e-19
-0.000132378 -1.72406e-05 7.36627e-19
-0.000132651 -1.70124e-05 7.36621e-19
-0.000132925 -1.67877e-05 7.36614e-19
-0.000133201 -1.65665e-05 7.36608e-19
-0.000133477 -1.63488e-05 7.36602e-19
-0.000133755 -1.61343e-05 7.36595e-19
-0.000134034 -1.5923e-05 7.36589e-19
-0.000134314 -1.57147e-05 7.36583e-19
-0.000134595 -1.55096e-05 7.36578e-19
-0.000134877 -1.53075e-05 7.36572e-19
-0.00013516 -1.51085e-05 7.36566e-19
-0.000135444 -1.49124e-05 7.36561e-19
-0.000135728 -1.47189e-05 7.36555e-19
-0.000136013 -1.45275e-05 7.3655e-19
-0.000136298 -1.43382e-05 7.36544e-19
-0.000136583 -1.41508e-05 7.36539e-19
-0.000136868 -1.39654e-05 7.36534e-19
-0.000137153 -1.37822e-05 7.36529e-19
-0.000137438 -1.36011e-05 7.36523e-19
-0.000137723 -1.34219e-05 7.36518e-19
-0.000138007 -1.3244e-05 7.36513e-19
-0.00013829 -1.30669e-05 7.36508e-19
-0.000138574 -1.28901e-05 7.36503e-19
-0.000138856 -1.27128e-05 7.36498e-19
-0.000139138 -1.25346e-05 7.36493e-19
-0.000139419 -1.23547e-05 7.36488e-19
-0.000139699 -1.21725e-05 7.36483e-19
-0.000139978 -1.19867e-05 7.36478e-19
-0.000140257 -1.17961e-05 7.36473e-19
-0.000140535 -1.15992e-05 7.36467e-19
-0.000140812 -1.13951e-05 7.36461e-19
-0.000141089 -1.11831e-05 7.36455e-19
-0.000141365 -1.0963e-05 7.36449e-19
-0.00014164 -1.07345e-05 7.36442e-19
-0.000141914 -1.04978e-05 7.36435e-19
-0.000142187 -1.02526e-05 7.36428e-19
-0.00014246 -9.99922e-06 7.36421e-19
-0.000142731 -9.73768e-06 7.36414e-19
-0.000143001 -9.46818e-06 7.36406e-19
-0.00014327 -9.19099e-06 7.36398e-19
-0.000143537 -8.90641e-06 7.36389e-19
-0.000143804 -8.61479e-06 7.36381e-19
-0.000144069 -8.31654e-06 7.36372e-19
-0.000144332 -8.01215e-06 7.36363e-19
-0.000144594 -7.70216e-06 7.36354e-19
-0.000144854 -7.38714e-06 7.36345e-19
-0.000145113 -7.06766e-06 7.36336e-19
-0.00014537 -6.74428e-06 7.36326e-19
-0.000145625 -6.41751e-06 7.36317e-19
-0.000145878 -6.08791e-06 7.36307e-19
-0.00014613 -5.75603e-06 7.36297e-19
-0.000146379 -5.42248e-06 7.36288e-19
-0.000146627 -5.08793e-06 7.36278e-19
-0.000146872 -4.75301e-06 7.36268e-19
-0.000147116 -4.41838e-06 7.36258e-19
-0.000147357 -4.0847e-06 7.36248e-19
-0.000147596 -3.75258e-06 7.36239e-19
-0.000147833 -3.42266e-06 7.36229e-19
-0.000148068 -3.09558e-06 7.3622e-19
-0.0001483 -2.77202e-06 7.3621e-19
-0.00014853 -2.45267e-06 7.36201e-19
-0.000148758 -2.13822e-06 7.36192e-19
-0.000148983 -1.82932e-06 7.36183e-19
-0.000149206 -1.52664e-06 7.36174e-19
-0.000149427 -1.23081e-06 7.36165e-19
-0.000149645 -9.42436e-07 7.36157e-19
-0.00014986 -6.62083e-07 7.36148e-19
-0.000150074 -3.90306e-07 7.36141e-19
-0.000150282 -1.27099e-07 7.36133e-19
-0.000150488 1.26655e-07 7.36126e-19
-0.000150691 3.70399e-07 7.36119e-19
-0.000150892 6.04283e-07 7.36112e-19
-0.00015109 8.28324e-07 7.36105e-19
-0.000151285 1.04289e-06 7.36099e-19
-0.000151478 1.24817e-06 7.36093e-19
-0.000151668 1.44444e-06 7.36088e-19
-0.000151855 1.63189e-06 7.36082e-19
-0.00015204 1.81079e-06 7.36077e-19
-0.000152222 1.98146e-06 7.36072e-19
-0.000152402 2.14447e-06 7.36068e-19
-0.000152578 2.30046e-06 7.36063e-19
-0.000152753 2.45015e-06 7.36059e-19
-0.000152924 2.5942e-06 7.36055e-19
-0.000153093 2.73316e-06 7.36051e-19
-0.000153259 2.86749e-06 7.36047e-19
-0.000153423 2.99763e-06 7.36044e-19
-0.000153583 3.12407e-06 7.3604e-19
-0.000153741 3.24741e-06 7.36037e-19
-0.000153897 3.36831e-06 7.36033e-19
-0.000154049 3.4874e-06 7.3603e-19
-0.000154199 3.60532e-06 7.36027e-19
-0.000154346 3.72273e-06 7.36023e-19
-0.00015449 3.8403e-06 7.3602e-19
-0.000154632 3.95864e-06 7.36016e-19
-0.000154771 4.07828e-06 7.36013e-19
-0.000154907 4.19967e-06 7.3601e-19
-0.000155041 4.32317e-06 7.36006e-19
-0.000155171 4.44906e-06 7.36002e-19
-0.0001553 4.57749e-06 7.35999e-19
-0.000155424 4.70642e-06 7.35995e-19
-0.000155546 4.83689e-06 7.35991e-19
-0.000155665 4.96952e-06 7.35987e-19
-0.000155782 5.10316e-06 7.35983e-19
-0.000155895 5.23795e-06 7.35979e-19
-0.000156006 5.37327e-06 7.35975e-19
-0.000156115 5.50901e-06 7.35971e-19
-0.000156221 5.64462e-06 7.35967e-19
-0.000156324 5.77965e-06 7.35963e-19
-0.000156424 5.91343e-06 7.35959e-19
-0.000156522 6.04535e-06 7.35955e-19
-0.000156617 6.17476e-06 7.35951e-19
-0.000156709 6.30111e-06 7.35947e-19
-0.000156799 6.42388e-06 7.35944e-19
-0.000156886 6.54259e-06 7.3594e-19
-0.00015697 6.65675e-06 7.35937e-19
-0.000157052 6.76578e-06 7.35934e-19
-0.00015713 6.86909e-06 7.3593e-19
-0.000157206 6.96615e-06 7.35928e-19
-0.000157279 7.05637e-06 7.35925e-19
-0.00015735 7.13908e-06 7.35922e-19
-0.000157417 7.21358e-06 7.3592e-19
-0.000157481 7.2792e-06 7.35918e-19
-0.000157542 7.33538e-06 7.35917e-19
-0.0001576 7.38169e-06 7.35915e-19
-0.000157654 7.4178e-06 7.35914e-19
-0.000157705 7.44348e-06 7.35914e-19
-0.000157753 7.45859e-06 7.35913e-19
-0.000157797 7.46308e-06 7.35913e-19
-0.000157838 7.45701e-06 7.35913e-19
-0.000157875 7.4405e-06 7.35914e-19
-0.000157908 7.41382e-06 7.35915e-19
-0.000157938 7.37754e-06 7.35916e-19
-0.000157963 7.33238e-06 7.35917e-19
-0.000157985 7.27916e-06 7.35919e-19
-0.000158003 7.21871e-06 7.35921e-19
-0.000158017 7.15192e-06 7.35923e-19
-0.000158027 7.07967e-06 7.35925e-19
-0.000158034 7.00286e-06 7.35928e-19
-0.000158036 6.92244e-06 7.3593e-19
-0.000158034 6.83948e-06 7.35933e-19
-0.000158029 6.75509e-06 7.35935e-19
-0.00015802 6.67038e-06 7.35938e-19
-0.000158006 6.58636e-06 7.3594e-19
-0.00015799 6.50384e-06 7.35943e-19
-0.000157969 6.42351e-06 7.35945e-19
-0.000157945 6.34597e-06 7.35948e-19
-0.000157917 6.27167e-06 7.3595e-19
-0.000157885 6.20083e-06 7.35952e-19
-0.00015785 6.13347e-06 7.35954e-19
-0.000157812 6.06954e-06 7.35956e-19
-0.000157769 6.00886e-06 7.35958e-19
-0.000157723 5.95105e-06 7.3596e-19
-0.000157674 5.89559e-06 7.35961e-19
-0.00015762 5.84188e-06 7.35963e-19
-0.000157563 5.78935e-06 7.35964e-19
-0.000157503 5.73744e-06 7.35966e-19
-0.000157438 5.68562e-06 7.35967e-19
-0.00015737 5.63337e-06 7.35969e-19
-0.000157298 5.58018e-06 7.3597e-19
-0.000157223 5.52565e-06 7.35972e-19
-0.000157143 5.46944e-06 7.35973e-19
-0.00015706 5.41122e-06 7.35975e-19
-0.000156973 5.35066e-06 7.35977e-19
-0.000156882 5.2875e-06 7.35978e-19
-0.000156787 5.22148e-06 7.3598e-19
-0.000156688 5.15234e-06 7.35982e-19
-0.000156585 5.07978e-06 7.35984e-19
-0.000156479 5.0034e-06 7.35986e-19
-0.000156368 4.9227e-06 7.35989e-19
-0.000156253 4.83718e-06 7.35991e-19
-0.000156134 4.74642e-06 7.35994e-19
-0.00015601 4.64797e-06 7.35996e-19
-0.000155881 4.54309e-06 7.35999e-19
-0.000155749 4.43261e-06 7.36003e-19
-0.000155611 4.31558e-06 7.36006e-19
-0.00015547 4.19242e-06 7.36009e-19
-0.000155324 4.06261e-06 7.36013e-19
-0.000155174 3.92634e-06 7.36017e-19
-0.00015502 3.78338e-06 7.36021e-19
-0.000154862 3.63413e-06 7.36025e-19
-0.000154699 3.47889e-06 7.3603e-19
-0.000154533 3.31814e-06 7.36034e-19
-0.000154362 3.15213e-06 7.36039e-19
-0.000154188 2.98088e-06 7.36044e-19
-0.00015401 2.80414e-06 7.36049e-19
-0.000153828 2.62171e-06 7.36054e-19
-0.000153643 2.43347e-06 7.3606e-19
-0.000153454 2.23975e-06 7.36065e-19
-0.000153262 2.04108e-06 7.36071e-19
-0.000153066 1.83809e-06 7.36077e-19
-0.000152868 1.6313e-06 7.36083e-19
-0.000152666 1.42103e-06 7.36089e-19
-0.000152462 1.20747e-06 7.36095e-19
-0.000152255 9.90807e-07 7.36102e-19
-0.000152046 7.71243e-07 7.36108e-19
-0.000151834 5.49021e-07 7.36114e-19
-0.00015162 3.24407e-07 7.36121e-19
-0.000151403 9.77064e-08 7.36127e-19
-0.000151185 -1.30965e-07 7.36134e-19
-0.000150965 -3.61922e-07 7.36141e-19
-0.000150742 -5.95792e-07 7.36148e-19
-0.000150517 -8.33197e-07 7.36154e-19
-0.000150291 -1.07469e-06 7.36161e-19
-0.000150061 -1.32039e-06 7.36169e-19
-0.000149828 -1.57079e-06 7.36176e-19
-0.000149593 -1.8265e-06 7.36183e-19
-0.000149355 -2.08767e-06 7.36191e-19
-0.000149116 -2.35435e-06 7.36199e-19
-0.000148873 -2.62639e-06 7.36207e-19
-0.000148629 -2.90359e-06 7.36215e-19
-0.000148382 -3.18568e-06 7.36223e-19
-0.000148132 -3.47232e-06 7.36231e-19
-0.00014788 -3.76308e-06 7.3624e-19
-0.000147626 -4.05752e-06 7.36249e-19
-0.000147368 -4.35506e-06 7.36257e-19
-0.000147109 -4.65472e-06 7.36266e-19
-0.000146846 -4.95535e-06 7.36275e-19
-0.000146581 -5.25576e-06 7.36284e-19
-0.000146314 -5.55493e-06 7.36292e-19
-0.000146044 -5.85214e-06 7.36301e-19
-0.000145771 -6.1469e-06 7.3631e-19
-0.000145496 -6.43882e-06 7.36318e-19
-0.000145219 -6.72754e-06 7.36327e-19
-0.00014494 -7.01257e-06 7.36335e-19
-0.000144658 -7.29338e-06 7.36343e-19
-0.000144375 -7.56955e-06 7.36351e-19
-0.000144089 -7.84078e-06 7.36359e-19
-0.000143801 -8.10703e-06 7.36366e-19
-0.000143512 -8.36843e-06 7.36374e-19
-0.000143222 -8.62522e-06 7.36381e-19
-0.00014293 -8.87764e-06 7.36388e-19
-0.000142636 -9.12581e-06 7.36395e-19
-0.000142342 -9.36979e-06 7.36402e-19
-0.000142047 -9.60967e-06 7.36409e-19
-0.000141751 -9.84563e-06 7.36416e-19
-0.000141455 -1.0078e-05 7.36422e-19
-0.000141159 -1.03071e-05 7.36429e-19
-0.000140863 -1.05334e-05 7.36435e-19
-0.000140566 -1.07574e-05 7.36442e-19
-0.000140271 -1.09792e-05 7.36448e-19
-0.000139975 -1.11994e-05 7.36454e-19
-0.000139681 -1.14182e-05 7.3646e-19
-0.000139387 -1.16359e-05 7.36466e-19
-0.000139094 -1.18533e-05 7.36473e-19
-0.000138803 -1.20713e-05 7.36479e-19
-0.000138512 -1.22907e-05 7.36485e-19
-0.000138223 -1.25123e-05 7.36491e-19
-0.000137935 -1.2737e-05 7.36498e-19
-0.000137648 -1.29654e-05 7.36504e-19
-0.000137363 -1.31983e-05 7.36511e-19
-0.000137078 -1.34363e-05 7.36518e-19
-0.000136795 -1.36798e-05 7.36525e-19
-0.000136513 -1.39292e-05 7.36532e-19
-0.000136231 -1.41848e-05 7.36539e-19
-0.000135951 -1.44465e-05 7.36547e-19
-0.000135672 -1.47137e-05 7.36555e-19
-0.000135394 -1.49857e-05 7.36563e-19
-0.000135117 -1.52615e-05 7.36571e-19
-0.000134842 -1.55401e-05 7.36579e-19
-0.000134567 -1.58206e-05 7.36587e-19
-0.000134294 -1.61023e-05 7.36595e-19
-0.000134022 -1.63842e-05 7.36604e-19
-0.000133751 -1.66657e-05 7.36612e-19
-0.00013348 -1.69462e-05 7.3662e-19
-0.000133209 -1.72251e-05 7.36628e-19
-0.000132941 -1.75019e-05 7.36636e-19
-0.000132673 -1.77763e-05 7.36644e-19
-0.000132407 -1.8048e-05 7.36652e-19
-0.000132143 -1.83171e-05 7.3666e-19
-0.00013188 -1.85835e-05 7.36668e-19
-0.000131618 -1.88472e-05 7.36675e-19
-0.000131358 -1.91079e-05 7.36683e-19
-0.0001311 -1.93655e-05 7.36691e-19
-0.000130844 -1.96197e-05 7.36698e-19
-0.00013059 -1.98702e-05 7.36705e-19
-0.000130339 -2.01167e-05 7.36712e-19
-0.000130089 -2.03589e-05 7.36719e-19
-0.000129843 -2.05964e-05 7.36726e-19
-0.000129598 -2.0829e-05 7.36733e-19
-0.000129356 -2.10565e-05 7.36739e-19
-0.000129118 -2.1279e-05 7.36746e-19
-0.000128882 -2.14963e-05 7.36752e-19
-0.00012865 -2.17086e-05 7.36758e-19
-0.000128422 -2.1916e-05 7.36764e-19
-0.000128198 -2.2118e-05 7.3677e-19
-0.000127978 -2.2315e-05 7.36776e-19
-0.000127763 -2.25078e-05 7.36781e-19
-0.000127551 -2.26965e-05 7.36787e-19
-0.000127343 -2.28818e-05 7.36792e-19
-0.000127138 -2.30639e-05 7.36797e-19
-0.000126938 -2.32432e-05 7.36802e-19
-0.000126742 -2.34194e-05 7.36807e-19
-0.000126549 -2.35918e-05 7.36812e-19
-0.000126361 -2.37599e-05 7.36817e-19
-0.000126177 -2.3923e-05 7.36822e-19
-0.000125997 -2.40811e-05 7.36826e-19
-0.000125821 -2.42343e-05 7.36831e-19
-0.000125649 -2.43828e-05 7.36835e-19
-0.000125481 -2.4527e-05 7.36839e-19
-0.000125318 -2.46672e-05 7.36843e-19
-0.000125158 -2.48041e-05 7.36847e-19
-0.000125002 -2.49385e-05 7.36851e-19
-0.000124849 -2.50709e-05 7.36854e-19
-0.000124701 -2.52024e-05 7.36858e-19
-0.000124555 -2.53338e-05 7.36862e-19
-0.000124413 -2.54661e-05 7.36866e-19
-0.000124275 -2.56002e-05 7.3687e-19
-0.000124139 -2.57369e-05 7.36874e-19
-0.000124006 -2.58773e-05 7.36878e-19
-0.000123877 -2.60222e-05 7.36882e-19
-0.000123749 -2.61723e-05 7.36886e-19
-0.000123625 -2.63283e-05 7.36891e-19
-0.000123503 -2.64907e-05 7.36895e-19
-0.000123384 -2.66601e-05 7.369e-19
-0.000123267 -2.68367e-05 7.36906e-19
-0.000123152 -2.7021e-05 7.36911e-19
-0.000123039 -2.72129e-05 7.36917e-19
-0.000122929 -2.74128e-05 7.36923e-19
-0.000122821 -2.76206e-05 7.36929e-19
-0.000122714 -2.78361e-05 7.36935e-19
-0.00012261 -2.80589e-05 7.36942e-19
-0.000122507 -2.82887e-05 7.36949e-19
-0.000122406 -2.85248e-05 7.36956e-19
-0.000122308 -2.87664e-05 7.36963e-19
-0.00012221 -2.90122e-05 7.3697e-19
-0.000122115 -2.9261e-05 7.36977e-19
-0.000122022 -2.95116e-05 7.36985e-19
-0.00012193 -2.97627e-05 7.36992e-19
-0.000121841 -3.00135e-05 7.37e-19
-0.000121753 -3.02628e-05 7.37007e-19
-0.000121666 -3.05098e-05 7.37015e-19
-0.000121582 -3.07535e-05 7.37022e-19
-0.000121499 -3.09931e-05 7.37029e-19
-0.000121418 -3.12279e-05 7.37036e-19
-0.000121338 -3.14571e-05 7.37043e-19
-0.00012126 -3.16797e-05 7.3705e-19
-0.000121184 -3.18946e-05 7.37056e-19
-0.000121108 -3.21009e-05 7.37062e-19
-0.000121035 -3.22975e-05 7.37068e-19
-0.000120963 -3.24837e-05 7.37073e-19
-0.000120892 -3.26584e-05 7.37079e-19
-0.000120823 -3.28209e-05 7.37083e-19
-0.000120755 -3.29707e-05 7.37088e-19
-0.000120689 -3.3108e-05 7.37092e-19
-0.000120624 -3.32333e-05 7.37095e-19
-0.00012056 -3.33471e-05 7.37099e-19
-0.000120498 -3.345e-05 7.37102e-19
-0.000120436 -3.35422e-05 7.37104e-19
-0.000120375 -3.36238e-05 7.37107e-19
-0.000120316 -3.36946e-05 7.37108e-19
-0.000120257 -3.37551e-05 7.3711e-19
-0.0001202 -3.38058e-05 7.37112e-19
-0.000120143 -3.38476e-05 7.37113e-19
-0.000120088 -3.38816e-05 7.37113e-19
-0.000120033 -3.39085e-05 7.37114e-19
-0.000119979 -3.39289e-05 7.37115e-19
-0.000119926 -3.3943e-05 7.37115e-19
-0.000119873 -3.3951e-05 7.37115e-19
-0.000119822 -3.39531e-05 7.37115e-19
-0.000119771 -3.39501e-05 7.37115e-19
-0.000119722 -3.39429e-05 7.37114e-19
-0.000119673 -3.39325e-05 7.37114e-19
-0.000119625 -3.39196e-05 7.37113e-19
-0.000119578 -3.39047e-05 7.37113e-19
-0.000119532 -3.38881e-05 7.37112e-19
-0.000119487 -3.38699e-05 7.37112e-19
-0.000119443 -3.38504e-05 7.37111e-19
-0.0001194 -3.38297e-05 7.3711e-19
-0.000119358 -3.38078e-05 7.37109e-19
-0.000119318 -3.37848e-05 7.37109e-19
-0.000119279 -3.37608e-05 7.37108e-19
-0.000119241 -3.3736e-05 7.37107e-19
-0.000119205 -3.37108e-05 7.37106e-19
-0.000119171 -3.36856e-05 7.37106e-19
-0.000119138 -3.36605e-05 7.37105e-19
-0.000119106 -3.36354e-05 7.37104e-19
-0.000119077 -3.36098e-05 7.37103e-19
-0.000119049 -3.35834e-05 7.37103e-19
-0.000119024 -3.35554e-05 7.37102e-19
-0.000119 -3.35253e-05 7.37101e-19
-0.000118979 -3.34926e-05 7.371e-19
-0.00011896 -3.34565e-05 7.37099e-19
-0.000118944 -3.34162e-05 7.37098e-19
-0.000118931 -3.3371e-05 7.37096e-19
-0.00011892 -3.33196e-05 7.37095e-19
-0.000118913 -3.3261e-05 7.37093e-19
-0.000118909 -3.31942e-05 7.37091e-19
-0.000118908 -3.31188e-05 7.37089e-19
-0.000118911 -3.30344e-05 7.37087e-19
-0.000118918 -3.29408e-05 7.37084e-19
-0.000118928 -3.28377e-05 7.37081e-19
-0.000118943 -3.27247e-05 7.37078e-19
-0.000118961 -3.26016e-05 7.37074e-19
-0.000118984 -3.24677e-05 7.3707e-19
-0.000119011 -3.2323e-05 7.37066e-19
-0.000119042 -3.21676e-05 7.37061e-19
-0.000119078 -3.20018e-05 7.37057e-19
-0.000119119 -3.18262e-05 7.37051e-19
-0.000119164 -3.1641e-05 7.37046e-19
-0.000119214 -3.14464e-05 7.3704e-19
-0.00011927 -3.12421e-05 7.37034e-19
-0.00011933 -3.10278e-05 7.37028e-19
-0.000119396 -3.08035e-05 7.37021e-19
-0.000119467 -3.0569e-05 7.37014e-19
-0.000119544 -3.03245e-05 7.37007e-19
-0.000119626 -3.007e-05 7.36999e-19
-0.000119715 -2.98057e-05 7.36992e-19
-0.00011981 -2.95311e-05 7.36983e-19
-0.000119911 -2.92461e-05 7.36975e-19
-0.000120018 -2.89501e-05 7.36966e-19
-0.000120133 -2.86431e-05 7.36957e-19
-0.000120254 -2.83253e-05 7.36948e-19
-0.000120382 -2.79975e-05 7.36938e-19
-0.000120517 -2.76604e-05 7.36928e-19
-0.00012066 -2.73151e-05 7.36918e-19
-0.00012081 -2.69626e-05 7.36907e-19
-0.000120967 -2.66046e-05 7.36896e-19
-0.000121132 -2.62426e-05 7.36886e-19
-0.000121304 -2.58782e-05 7.36875e-19
-0.000121484 -2.55132e-05 7.36864e-19
-0.000121671 -2.51495e-05 7.36853e-19
-0.000121865 -2.4789e-05 7.36843e-19
-0.000122067 -2.44333e-05 7.36832e-19
-0.000122276 -2.40841e-05 7.36822e-19
-0.000122492 -2.37427e-05 7.36812e-19
-0.000122715 -2.34101e-05 7.36802e-19
-0.000122945 -2.30875e-05 7.36793e-19
-0.000123183 -2.27756e-05 7.36783e-19
-0.000123427 -2.24753e-05 7.36775e-19
-0.000123677 -2.2187e-05 7.36766e-19
-0.000123935 -2.19106e-05 7.36758e-19
-0.000124199 -2.16461e-05 7.36751e-19
-0.00012447 -2.13929e-05 7.36743e-19
-0.000124748 -2.11503e-05 7.36737e-19
-0.000125032 -2.09175e-05 7.3673e-19
-0.000125323 -2.06938e-05 7.36724e-19
-0.000125619 -2.04783e-05 7.36718e-19
-0.000125922 -2.02706e-05 7.36712e-19
-0.00012623 -2.00697e-05 7.36706e-19
-0.000126545 -1.98752e-05 7.36701e-19
-0.000126865 -1.96873e-05 7.36695e-19
-0.00012719 -1.95059e-05 7.3669e-19
-0.000127521 -1.93311e-05 7.36686e-19
-0.000127856 -1.91625e-05 7.36681e-19
-0.000128197 -1.89998e-05 7.36677e-19
-0.000128541 -1.88424e-05 7.36672e-19
-0.00012889 -1.86896e-05 7.36668e-19
-0.000129244 -1.85405e-05 7.36664e-19
-0.000129601 -1.83937e-05 7.3666e-19
-0.000129961 -1.8248e-05 7.36656e-19
-0.000130326 -1.81018e-05 7.36652e-19
-0.000130694 -1.79537e-05 7.36648e-19
-0.000131066 -1.78017e-05 7.36644e-19
-0.000131441 -1.76442e-05 7.3664e-19
-0.000131818 -1.74795e-05 7.36635e-19
-0.000132198 -1.7306e-05 7.36631e-19
-0.000132582 -1.71223e-05 7.36625e-19
-0.000132969 -1.69269e-05 7.3662e-19
-0.000133358 -1.67188e-05 7.36614e-19
-0.000133751 -1.6497e-05 7.36608e-19
-0.000134144 -1.6261e-05 7.36601e-19
-0.000134538 -1.60102e-05 7.36594e-19
-0.000134936 -1.57442e-05 7.36586e-19
-0.000135336 -1.54631e-05 7.36578e-19
-0.000135738 -1.51668e-05 7.3657e-19
-0.000136143 -1.48558e-05 7.36561e-19
-0.00013655 -1.45303e-05 7.36551e-19
-0.000136958 -1.41915e-05 7.36541e-19
-0.000137369 -1.38406e-05 7.36531e-19
-0.000137781 -1.34789e-05 7.3652e-19
-0.000138195 -1.31079e-05 7.3651e-19
-0.000138609 -1.27288e-05 7.36498e-19
-0.000139025 -1.23429e-05 7.36487e-19
-0.000139442 -1.19514e-05 7.36476e-19
-0.000139859 -1.15555e-05 7.36464e-19
-0.000140276 -1.11563e-05 7.36453e-19
-0.000140694 -1.07548e-05 7.36441e-19
-0.000141112 -1.03523e-05 7.36429e-19
-0.000141529 -9.94962e-06 7.36417e-19
-0.000141946 -9.54766e-06 7.36406e-19
-0.000142363 -9.14721e-06 7.36394e-19
-0.000142778 -8.74901e-06 7.36382e-19
-0.000143193 -8.35375e-06 7.36371e-19
-0.000143606 -7.96223e-06 7.3636e-19
-0.000144017 -7.57526e-06 7.36348e-19
-0.000144427 -7.19359e-06 7.36337e-19
-0.000144835 -6.81775e-06 7.36326e-19
-0.00014524 -6.44785e-06 7.36316e-19
-0.000145643 -6.0837e-06 7.36305e-19
-0.000146044 -5.72501e-06 7.36295e-19
-0.000146442 -5.37143e-06 7.36285e-19
-0.000146837 -5.02255e-06 7.36275e-19
-0.000147229 -4.67794e-06 7.36265e-19
-0.000147618 -4.33714e-06 7.36255e-19
-0.000148004 -3.99974e-06 7.36246e-19
-0.000148386 -3.66557e-06 7.36236e-19
-0.000148765 -3.33457e-06 7.36227e-19
-0.000149141 -3.00673e-06 7.36217e-19
-0.000149512 -2.68194e-06 7.36208e-19
-0.00014988 -2.35996e-06 7.36199e-19
-0.000150241 -2.03944e-06 7.3619e-19
-0.000150597 -1.72086e-06 7.36181e-19
-0.00015095 -1.40432e-06 7.36172e-19
-0.000151298 -1.08901e-06 7.36163e-19
-0.000151643 -7.74801e-07 7.36154e-19
-0.000151983 -4.60991e-07 7.36145e-19
-0.00015232 -1.47344e-07 7.36136e-19
-0.000152652 1.66653e-07 7.36127e-19
-0.000152981 4.8122e-07 7.36118e-19
-0.000153305 7.96746e-07 7.36109e-19
-0.000153626 1.11336e-06 7.361e-19
-0.000153942 1.43106e-06 7.36091e-19
-0.000154255 1.74961e-06 7.36082e-19
-0.000154563 2.06878e-06 7.36073e-19
-0.000154866 2.38845e-06 7.36064e-19
-0.000155166 2.70894e-06 7.36054e-19
-0.000155461 3.03078e-06 7.36045e-19
-0.000155751 3.35455e-06 7.36036e-19
-0.000156038 3.68078e-06 7.36026e-19
-0.000156317 4.00429e-06 7.36017e-19
-0.000156591 4.32952e-06 7.36008e-19
-0.000156861 4.66002e-06 7.35998e-19
-0.000157126 4.99379e-06 7.35989e-19
-0.000157388 5.33226e-06 7.35979e-19
-0.000157645 5.67415e-06 7.35969e-19
-0.000157897 6.01971e-06 7.35959e-19
-0.000158145 6.36796e-06 7.35949e-19
-0.000158389 6.71853e-06 7.35938e-19
-0.000158628 7.07038e-06 7.35928e-19
-0.000158863 7.42275e-06 7.35918e-19
-0.000159092 7.77461e-06 7.35907e-19
-0.000159318 8.12516e-06 7.35897e-19
-0.000159538 8.47349e-06 7.35887e-19
-0.000159754 8.81874e-06 7.35877e-19
-0.000159964 9.16002e-06 7.35867e-19
-0.000160171 9.49662e-06 7.35857e-19
-0.000160372 9.82789e-06 7.35847e-19
-0.000160569 1.01532e-05 7.35837e-19
-0.000160761 1.04717e-05 7.35828e-19
-0.000160949 1.07823e-05 7.35819e-19
-0.000161132 1.10835e-05 7.3581e-19
-0.000161311 1.13741e-05 7.35801e-19
-0.000161485 1.16527e-05 7.35793e-19
-0.000161654 1.19179e-05 7.35785e-19
-0.000161819 1.21688e-05 7.35778e-19
-0.000161979 1.24042e-05 7.35771e-19
-0.000162135 1.26232e-05 7.35764e-19
-0.000162286 1.28249e-05 7.35758e-19
-0.000162433 1.30086e-05 7.35753e-19
-0.000162575 1.31739e-05 7.35748e-19
-0.000162712 1.33202e-05 7.35744e-19
-0.000162845 1.34475e-05 7.3574e-19
-0.000162973 1.35558e-05 7.35737e-19
-0.000163097 1.36456e-05 7.35734e-19
-0.000163216 1.37172e-05 7.35732e-19
-0.00016333 1.37707e-05 7.35731e-19
-0.00016344 1.38066e-05 7.3573e-19
-0.000163545 1.38253e-05 7.3573e-19
-0.000163645 1.38273e-05 7.3573e-19
-0.00016374 1.38133e-05 7.3573e-19
-0.000163831 1.37842e-05 7.35731e-19
-0.000163916 1.37409e-05 7.35733e-19
-0.000163996 1.36847e-05 7.35735e-19
-0.000164072 1.36168e-05 7.35737e-19
-0.000164142 1.35389e-05 7.35739e-19
-0.000164207 1.34527e-05 7.35742e-19
-0.000164266 1.33598e-05 7.35745e-19
-0.000164321 1.32622e-05 7.35748e-19
-0.00016437 1.31618e-05 7.35751e-19
-0.000164414 1.30606e-05 7.35755e-19
-0.000164453 1.29602e-05 7.35758e-19
-0.000164487 1.2862e-05 7.35761e-19
-0.000164515 1.27665e-05 7.35764e-19
-0.000164538 1.26747e-05 7.35766e-19
-0.000164556 1.25871e-05 7.35769e-19
-0.000164568 1.25043e-05 7.35772e-19
-0.000164575 1.24272e-05 7.35774e-19
-0.000164576 1.23562e-05 7.35776e-19
-0.000164573 1.22919e-05 7.35778e-19
-0.000164563 1.22347e-05 7.3578e-19
-0.000164549 1.2185e-05 7.35781e-19
-0.000164529 1.2143e-05 7.35782e-19
-0.000164505 1.21089e-05 7.35783e-19
-0.000164475 1.20828e-05 7.35784e-19
-0.00016444 1.20645e-05 7.35784e-19
-0.000164401 1.20539e-05 7.35785e-19
-0.000164356 1.20507e-05 7.35785e-19
-0.000164307 1.20544e-05 7.35784e-19
-0.000164253 1.20642e-05 7.35784e-19
-0.000164195 1.20792e-05 7.35783e-19
-0.000164132 1.20986e-05 7.35782e-19
-0.000164064 1.21213e-05 7.35782e-19
-0.000163992 1.2146e-05 7.35781e-19
-0.000163916 1.21713e-05 7.3578e-19
-0.000163835 1.21961e-05 7.35779e-19
-0.000163749 1.22194e-05 7.35778e-19
-0.00016366 1.22406e-05 7.35777e-19
-0.000163566 1.22588e-05 7.35776e-19
-0.000163468 1.22735e-05 7.35776e-19
-0.000163366 1.22838e-05 7.35775e-19
-0.000163259 1.2289e-05 7.35775e-19
-0.000163149 1.22881e-05 7.35774e-19
-0.000163035 1.22803e-05 7.35775e-19
-0.000162916 1.22645e-05 7.35775e-19
-0.000162794 1.22393e-05 7.35775e-19
-0.000162667 1.22033e-05 7.35776e-19
-0.000162536 1.21553e-05 7.35778e-19
-0.000162401 1.20943e-05 7.35779e-19
-0.000162261 1.20194e-05 7.35781e-19
-0.000162116 1.19298e-05 7.35784e-19
-0.000161968 1.1825e-05 7.35787e-19
-0.000161814 1.17051e-05 7.3579e-19
-0.000161657 1.15705e-05 7.35794e-19
-0.000161494 1.14219e-05 7.35799e-19
-0.000161328 1.126e-05 7.35803e-19
-0.000161157 1.10854e-05 7.35809e-19
-0.000160981 1.08991e-05 7.35814e-19
-0.000160802 1.07017e-05 7.3582e-19
-0.000160618 1.04942e-05 7.35826e-19
-0.00016043 1.02779e-05 7.35832e-19
-0.000160238 1.00541e-05 7.35839e-19
-0.000160042 9.82426e-06 7.35846e-19
-0.000159843 9.58974e-06 7.35853e-19
-0.00015964 9.35198e-06 7.3586e-19
-0.000159433 9.1124e-06 7.35867e-19
-0.000159224 8.87237e-06 7.35874e-19
-0.000159012 8.63313e-06 7.35881e-19
-0.000158796 8.39576e-06 7.35888e-19
-0.000158578 8.16116e-06 7.35895e-19
-0.000158358 7.93014e-06 7.35901e-19
-0.000158135 7.70332e-06 7.35908e-19
-0.00015791 7.48095e-06 7.35914e-19
-0.000157684 7.26301e-06 7.35921e-19
-0.000157455 7.0494e-06 7.35927e-19
-0.000157224 6.84001e-06 7.35933e-19
-0.000156992 6.63493e-06 7.35939e-19
-0.000156758 6.43431e-06 7.35945e-19
-0.000156523 6.23828e-06 7.3595e-19
-0.000156287 6.04688e-06 7.35956e-19
-0.000156049 5.85996e-06 7.35961e-19
-0.000155811 5.67727e-06 7.35966e-19
-0.000155572 5.49848e-06 7.35971e-19
-0.000155331 5.32327e-06 7.35976e-19
-0.000155091 5.15123e-06 7.35981e-19
-0.000154847 4.97839e-06 7.35986e-19
-0.000154602 4.80725e-06 7.35991e-19
-0.000154357 4.63916e-06 7.35995e-19
-0.000154112 4.47209e-06 7.36e-19
-0.000153866 4.30617e-06 7.36005e-19
-0.000153619 4.13985e-06 7.36009e-19
-0.000153372 3.97273e-06 7.36014e-19
-0.000153124 3.80363e-06 7.36019e-19
-0.000152875 3.63197e-06 7.36024e-19
-0.000152626 3.45674e-06 7.36029e-19
-0.000152376 3.27727e-06 7.36034e-19
-0.000152126 3.09263e-06 7.36039e-19
-0.000151874 2.90205e-06 7.36044e-19
-0.000151622 2.70468e-06 7.3605e-19
-0.000151369 2.49953e-06 7.36056e-19
-0.000151114 2.2851e-06 7.36062e-19
-0.000150859 2.05958e-06 7.36068e-19
-0.000150602 1.82116e-06 7.36075e-19
-0.000150342 1.56907e-06 7.36082e-19
-0.000150079 1.30183e-06 7.3609e-19
-0.000149816 1.01874e-06 7.36098e-19
-0.00014955 7.19801e-07 7.36107e-19
-0.000149283 4.04648e-07 7.36116e-19
-0.000149014 7.34818e-08 7.36126e-19
-0.000148743 -2.7367e-07 7.36136e-19
-0.000148471 -6.36428e-07 7.36146e-19
-0.000148197 -1.0144e-06 7.36157e-19
-0.000147921 -1.40666e-06 7.36169e-19
-0.000147644 -1.81214e-06 7.36181e-19
-0.000147365 -2.22956e-06 7.36193e-19
-0.000147085 -2.65772e-06 7.36206e-19
-0.000146803 -3.09538e-06 7.36219e-19
-0.00014652 -3.54136e-06 7.36232e-19
-0.000146235 -3.99442e-06 7.36245e-19
-0.000145949 -4.45325e-06 7.36258e-19
-0.000145663 -4.91627e-06 7.36272e-19
-0.000145375 -5.38178e-06 7.36286e-19
-0.000145086 -5.84804e-06 7.363e-19
-0.000144796 -6.3135e-06 7.36313e-19
-0.000144505 -6.77697e-06 7.36327e-19
-0.000144214 -7.23753e-06 7.36341e-19
-0.000143922 -7.69434e-06 7.36354e-19
-0.000143629 -8.14661e-06 7.36367e-19
-0.000143335 -8.59372e-06 7.3638e-19
-0.00014304 -9.03511e-06 7.36393e-19
-0.000142745 -9.4703e-06 7.36406e-19
-0.000142449 -9.89881e-06 7.36419e-19
-0.000142152 -1.03201e-05 7.36431e-19
-0.000141855 -1.07336e-05 7.36443e-19
-0.000141556 -1.1139e-05 7.36455e-19
-0.000141257 -1.15355e-05 7.36467e-19
-0.000140957 -1.19224e-05 7.36478e-19
-0.000140656 -1.22987e-05 7.36489e-19
-0.000140355 -1.26637e-05 7.36499e-19
-0.000140053 -1.30166e-05 7.3651e-19
-0.00013975 -1.33568e-05 7.3652e-19
-0.000139447 -1.36843e-05 7.36529e-19
-0.000139143 -1.39988e-05 7.36538e-19
-0.000138838 -1.43004e-05 7.36547e-19
-0.000138534 -1.45897e-05 7.36555e-19
-0.000138228 -1.48673e-05 7.36563e-19
-0.000137922 -1.51341e-05 7.36571e-19
-0.000137615 -1.53912e-05 7.36578e-19
-0.000137308 -1.56396e-05 7.36585e-19
-0.000137 -1.58807e-05 7.36592e-19
-0.000136691 -1.61159e-05 7.36598e-19
-0.000136381 -1.63463e-05 7.36605e-19
-0.000136071 -1.65725e-05 7.36611e-19
-0.00013576 -1.67948e-05 7.36617e-19
-0.000135448 -1.70134e-05 7.36624e-19
-0.000135137 -1.72284e-05 7.3663e-19
-0.000134825 -1.74401e-05 7.36636e-19
-0.000134513 -1.76485e-05 7.36641e-19
-0.000134202 -1.78539e-05 7.36647e-19
-0.00013389 -1.80562e-05 7.36653e-19
-0.00013358 -1.82556e-05 7.36658e-19
-0.00013327 -1.8452e-05 7.36664e-19
-0.000132961 -1.86454e-05 7.36669e-19
-0.000132654 -1.88358e-05 7.36675e-19
-0.000132348 -1.90234e-05 7.3668e-19
-0.000132042 -1.92085e-05 7.36685e-19
-0.000131738 -1.93913e-05 7.3669e-19
-0.000131436 -1.95719e-05 7.36695e-19
-0.000131136 -1.97504e-05 7.367e-19
-0.000130839 -1.99269e-05 7.36705e-19
-0.000130544 -2.01013e-05 7.3671e-19
-0.000130253 -2.02736e-05 7.36715e-19
-0.000129965 -2.0444e-05 7.3672e-19
-0.00012968 -2.0613e-05 7.36725e-19
-0.000129399 -2.07808e-05 7.36729e-19
-0.000129122 -2.09478e-05 7.36734e-19
-0.000128849 -2.11142e-05 7.36739e-19
-0.00012858 -2.12802e-05 7.36744e-19
-0.000128316 -2.14468e-05 7.36749e-19
-0.000128055 -2.16142e-05 7.36753e-19
-0.000127798 -2.17825e-05 7.36758e-19
-0.000127546 -2.19519e-05 7.36763e-19
-0.000127297 -2.21223e-05 7.36768e-19
-0.000127053 -2.22933e-05 7.36773e-19
-0.000126814 -2.24646e-05 7.36778e-19
-0.000126579 -2.26355e-05 7.36783e-19
-0.000126349 -2.28056e-05 7.36788e-19
-0.000126123 -2.29741e-05 7.36793e-19
-0.000125902 -2.31405e-05 7.36798e-19
-0.000125686 -2.33041e-05 7.36803e-19
-0.000125475 -2.34645e-05 7.36808e-19
-0.000125269 -2.36211e-05 7.36812e-19
-0.000125067 -2.37732e-05 7.36817e-19
-0.000124871 -2.39201e-05 7.36821e-19
-0.00012468 -2.40613e-05 7.36825e-19
-0.000124494 -2.41961e-05 7.36829e-19
-0.000124313 -2.43243e-05 7.36833e-19
-0.000124137 -2.44456e-05 7.36837e-19
-0.000123966 -2.456e-05 7.3684e-19
-0.000123801 -2.46672e-05 7.36843e-19
-0.000123641 -2.47672e-05 7.36846e-19
-0.000123486 -2.48599e-05 7.36848e-19
-0.000123337 -2.49453e-05 7.36851e-19
-0.000123194 -2.50235e-05 7.36853e-19
-0.000123056 -2.50945e-05 7.36855e-19
-0.000122925 -2.51584e-05 7.36857e-19
-0.000122799 -2.52156e-05 7.36858e-19
-0.000122679 -2.52662e-05 7.3686e-19
-0.000122566 -2.53106e-05 7.36861e-19
-0.000122459 -2.53491e-05 7.36862e-19
-0.000122359 -2.5382e-05 7.36863e-19
-0.000122265 -2.541e-05 7.36863e-19
-0.000122177 -2.54339e-05 7.36864e-19
-0.000122097 -2.54547e-05 7.36864e-19
-0.000122023 -2.54738e-05 7.36864e-19
-0.000121956 -2.54922e-05 7.36865e-19
-0.000121896 -2.55115e-05 7.36865e-19
-0.000121843 -2.55332e-05 7.36866e-19
-0.000121796 -2.55589e-05 7.36866e-19
-0.000121756 -2.559e-05 7.36867e-19
-0.000121722 -2.56274e-05 7.36868e-19
-0.000121694 -2.56722e-05 7.36869e-19
-0.000121673 -2.5725e-05 7.36871e-19
-0.000121658 -2.57865e-05 7.36873e-19
-0.00012165 -2.58572e-05 7.36875e-19
-0.000121647 -2.59374e-05 7.36877e-19
-0.00012165 -2.60273e-05 7.3688e-19
-0.000121658 -2.61271e-05 7.36883e-19
-0.000121672 -2.62364e-05 7.36886e-19
-0.000121692 -2.63549e-05 7.36889e-19
-0.000121716 -2.64819e-05 7.36893e-19
-0.000121745 -2.66169e-05 7.36897e-19
-0.000121779 -2.67592e-05 7.36902e-19
-0.000121818 -2.69082e-05 7.36906e-19
-0.00012186 -2.70633e-05 7.36911e-19
-0.000121907 -2.72235e-05 7.36916e-19
-0.000121958 -2.73875e-05 7.36921e-19
-0.000122012 -2.75538e-05 7.36926e-19
-0.00012207 -2.77207e-05 7.36931e-19
-0.000122132 -2.78867e-05 7.36936e-19
-0.000122196 -2.80503e-05 7.36941e-19
-0.000122264 -2.82103e-05 7.36946e-19
-0.000122336 -2.83653e-05 7.36951e-19
-0.00012241 -2.85142e-05 7.36955e-19
-0.000122487 -2.86559e-05 7.3696e-19
-0.000122566 -2.87894e-05 7.36964e-19
-0.000122649 -2.89138e-05 7.36968e-19
-0.000122734 -2.90282e-05 7.36971e-19
-0.000122822 -2.9132e-05 7.36974e-19
-0.000122912 -2.92246e-05 7.36977e-19
-0.000123004 -2.93056e-05 7.3698e-19
-0.000123099 -2.93745e-05 7.36982e-19
-0.000123197 -2.94308e-05 7.36984e-19
-0.000123296 -2.94742e-05 7.36985e-19
-0.000123399 -2.95042e-05 7.36986e-19
-0.000123503 -2.95206e-05 7.36987e-19
-0.00012361 -2.95232e-05 7.36987e-19
-0.000123719 -2.95119e-05 7.36986e-19
-0.000123831 -2.94865e-05 7.36986e-19
-0.000123945 -2.94472e-05 7.36985e-19
-0.000124061 -2.93943e-05 7.36983e-19
-0.000124179 -2.93281e-05 7.36981e-19
-0.000124299 -2.92493e-05 7.36979e-19
-0.000124421 -2.9158e-05 7.36976e-19
-0.000124546 -2.90547e-05 7.36973e-19
-0.000124672 -2.89395e-05 7.3697e-19
-0.0001248 -2.88125e-05 7.36966e-19
-0.000124929 -2.86738e-05 7.36962e-19
-0.000125061 -2.85234e-05 7.36958e-19
-0.000125194 -2.83612e-05 7.36953e-19
-0.000125328 -2.8187e-05 7.36948e-19
-0.000125464 -2.80009e-05 7.36942e-19
-0.000125601 -2.78029e-05 7.36937e-19
-0.00012574 -2.75932e-05 7.3693e-19
-0.00012588 -2.73721e-05 7.36924e-19
-0.000126022 -2.71399e-05 7.36917e-19
-0.000126165 -2.68971e-05 7.3691e-19
-0.000126309 -2.66446e-05 7.36902e-19
-0.000126454 -2.63829e-05 7.36895e-19
-0.0001266 -2.61131e-05 7.36887e-19
-0.000126748 -2.58357e-05 7.36879e-19
-0.000126897 -2.55516e-05 7.3687e-19
-0.000127046 -2.52614e-05 7.36862e-19
-0.000127197 -2.4966e-05 7.36853e-19
-0.000127348 -2.46661e-05 7.36844e-19
-0.000127501 -2.43623e-05 7.36835e-19
-0.000127655 -2.40553e-05 7.36826e-19
-0.000127811 -2.3746e-05 7.36817e-19
-0.000127968 -2.34352e-05 7.36808e-19
-0.000128126 -2.31238e-05 7.36799e-19
-0.000128285 -2.28128e-05 7.3679e-19
-0.000128446 -2.25029e-05 7.3678e-19
-0.000128609 -2.21951e-05 7.36771e-19
-0.000128774 -2.18898e-05 7.36762e-19
-0.000128939 -2.1588e-05 7.36754e-19
-0.000129107 -2.129e-05 7.36745e-19
-0.000129276 -2.09959e-05 7.36736e-19
-0.000129448 -2.0706e-05 7.36728e-19
-0.000129621 -2.04204e-05 7.3672e-19
-0.000129797 -2.01392e-05 7.36711e-19
-0.000129976 -1.98625e-05 7.36703e-19
-0.000130157 -1.95903e-05 7.36696e-19
-0.00013034 -1.93226e-05 7.36688e-19
-0.000130526 -1.90592e-05 7.3668e-19
-0.000130715 -1.88003e-05 7.36673e-19
-0.000130906 -1.85456e-05 7.36666e-19
-0.0001311 -1.82951e-05 7.36658e-19
-0.000131296 -1.80485e-05 7.36651e-19
-0.000131495 -1.78057e-05 7.36644e-19
-0.000131696 -1.7566e-05 7.36638e-19
-0.000131901 -1.73291e-05 7.36631e-19
-0.000132107 -1.70947e-05 7.36624e-19
-0.000132316 -1.68624e-05 7.36617e-19
-0.000132527 -1.66325e-05 7.36611e-19
-0.000132741 -1.64049e-05 7.36604e-19
-0.000132957 -1.61796e-05 7.36598e-19
-0.000133174 -1.5956e-05 7.36592e-19
-0.000133394 -1.57334e-05 7.36585e-19
-0.000133615 -1.55111e-05 7.36579e-19
-0.000133839 -1.52885e-05 7.36573e-19
-0.000134064 -1.5065e-05 7.36566e-19
-0.000134291 -1.48405e-05 7.3656e-19
-0.000134519 -1.46148e-05 7.36553e-19
-0.000134749 -1.43878e-05 7.36547e-19
-0.000134981 -1.41593e-05 7.3654e-19
-0.000135213 -1.39294e-05 7.36533e-19
-0.000135446 -1.36981e-05 7.36527e-19
-0.00013568 -1.34655e-05 7.3652e-19
-0.000135916 -1.32315e-05 7.36513e-19
-0.000136153 -1.29963e-05 7.36506e-19
-0.000136391 -1.276e-05 7.36499e-19
-0.000136631 -1.25228e-05 7.36492e-19
-0.000136872 -1.22856e-05 7.36485e-19
-0.000137114 -1.20492e-05 7.36478e-19
-0.000137357 -1.18146e-05 7.36471e-19
-0.000137601 -1.15826e-05 7.36465e-19
-0.000137846 -1.1354e-05 7.36458e-19
-0.000138092 -1.11289e-05 7.36451e-19
-0.000138339 -1.0908e-05 7.36445e-19
-0.000138587 -1.06915e-05 7.36438e-19
-0.000138836 -1.04799e-05 7.36432e-19
-0.000139086 -1.02738e-05 7.36426e-19
-0.000139337 -1.00736e-05 7.3642e-19
-0.000139589 -9.8797e-06 7.36415e-19
-0.000139841 -9.69242e-06 7.36409e-19
-0.000140094 -9.51199e-06 7.36404e-19
-0.000140348 -9.33856e-06 7.36399e-19
-0.000140602 -9.17224e-06 7.36394e-19
-0.000140857 -9.01321e-06 7.36389e-19
-0.000141111 -8.86162e-06 7.36385e-19
-0.000141366 -8.71756e-06 7.36381e-19
-0.000141621 -8.58092e-06 7.36377e-19
-0.000141875 -8.45133e-06 7.36373e-19
-0.00014213 -8.32815e-06 7.3637e-19
-0.000142383 -8.21069e-06 7.36367e-19
-0.000142636 -8.0982e-06 7.36364e-19
-0.000142889 -7.99004e-06 7.36361e-19
-0.00014314 -7.88559e-06 7.36358e-19
-0.000143391 -7.7842e-06 7.36355e-19
-0.00014364 -7.68521e-06 7.36352e-19
-0.000143888 -7.58797e-06 7.3635e-19
-0.000144134 -7.49184e-06 7.36347e-19
-0.000144379 -7.39618e-06 7.36344e-19
-0.000144621 -7.30042e-06 7.36342e-19
-0.000144861 -7.20413e-06 7.36339e-19
-0.0001451 -7.10703e-06 7.36337e-19
-0.000145335 -7.00886e-06 7.36334e-19
-0.000145568 -6.90945e-06 7.36331e-19
-0.000145798 -6.80883e-06 7.36329e-19
-0.000146025 -6.7072e-06 7.36326e-19
-0.000146249 -6.60478e-06 7.36323e-19
-0.000146469 -6.50175e-06 7.3632e-19
-0.000146686 -6.39821e-06 7.36317e-19
-0.000146899 -6.2942e-06 7.36315e-19
-0.000147107 -6.18977e-06 7.36312e-19
-0.000147312 -6.08499e-06 7.36309e-19
-0.000147513 -5.97999e-06 7.36306e-19
-0.000147708 -5.87492e-06 7.36303e-19
-0.0001479 -5.76998e-06 7.363e-19
-0.000148086 -5.66521e-06 7.36297e-19
-0.000148268 -5.56038e-06 7.36294e-19
-0.000148445 -5.45503e-06 7.36292e-19
-0.000148617 -5.34873e-06 7.36289e-19
-0.000148784 -5.24107e-06 7.36286e-19
-0.000148946 -5.1318e-06 7.36283e-19
-0.000149103 -5.02073e-06 7.36279e-19
-0.000149254 -4.90774e-06 7.36276e-19
-0.0001494 -4.79256e-06 7.36273e-19
-0.000149541 -4.67456e-06 7.3627e-19
-0.000149676 -4.55255e-06 7.36266e-19
-0.000149805 -4.42596e-06 7.36262e-19
-0.000149929 -4.29428e-06 7.36259e-19
-0.000150048 -4.15699e-06 7.36255e-19
-0.000150162 -4.01402e-06 7.36251e-19
-0.000150271 -3.86524e-06 7.36246e-19
-0.000150374 -3.71051e-06 7.36242e-19
-0.000150473 -3.54923e-06 7.36237e-19
-0.000150568 -3.38061e-06 7.36232e-19
-0.000150657 -3.20386e-06 7.36227e-19
-0.000150743 -3.01853e-06 7.36221e-19
-0.000150824 -2.82467e-06 7.36215e-19
-0.000150901 -2.62273e-06 7.36209e-19
-0.000150974 -2.41332e-06 7.36203e-19
-0.000151042 -2.19709e-06 7.36196e-19
-0.000151107 -1.97473e-06 7.3619e-19
-0.000151169 -1.74696e-06 7.36183e-19
-0.000151227 -1.51453e-06 7.36176e-19
-0.000151281 -1.2784e-06 7.36169e-19
-0.000151332 -1.03986e-06 7.36162e-19
-0.00015138 -8.0043e-07 7.36154e-19
-0.000151425 -5.61669e-07 7.36147e-19
-0.000151467 -3.25119e-07 7.3614e-19
-0.000151506 -9.22952e-08 7.36133e-19
-0.000151542 1.35309e-07 7.36126e-19
-0.000151575 3.56277e-07 7.3612e-19
-0.000151606 5.69278e-07 7.36113e-19
-0.000151634 7.73051e-07 7.36107e-19
-0.000151659 9.66433e-07 7.36101e-19
-0.000151682 1.14837e-06 7.36096e-19
-0.000151702 1.31801e-06 7.36091e-19
-0.000151719 1.47471e-06 7.36086e-19
-0.000151734 1.61809e-06 7.36082e-19
-0.000151747 1.74787e-06 7.36078e-19
-0.000151758 1.86407e-06 7.36075e-19
-0.000151766 1.96708e-06 7.36072e-19
-0.000151772 2.05763e-06 7.36069e-19
-0.000151776 2.13656e-06 7.36067e-19
-0.000151778 2.20467e-06 7.36065e-19
-0.000151778 2.26256e-06 7.36063e-19
-0.000151776 2.31068e-06 7.36062e-19
-0.000151772 2.3495e-06 7.36061e-19
-0.000151766 2.3797e-06 7.3606e-19
-0.000151759 2.40237e-06 7.36059e-19
-0.00015175 2.41892e-06 7.36059e-19
-0.000151739 2.43074e-06 7.36059e-19
-0.000151727 2.43908e-06 7.36058e-19
-0.000151714 2.44471e-06 7.36058e-19
-0.0001517 2.44813e-06 7.36058e-19
-0.000151684 2.4497e-06 7.36058e-19
-0.000151667 2.44981e-06 7.36058e-19
-0.00015165 2.44889e-06 7.36059e-19
-0.000151631 2.4474e-06 7.36059e-19
-0.000151612 2.44574e-06 7.36059e-19
-0.000151592 2.4442e-06 7.36059e-19
-0.000151571 2.44289e-06 7.36059e-19
-0.000151549 2.44176e-06 7.36059e-19
-0.000151527 2.44071e-06 7.36059e-19
-0.000151505 2.43961e-06 7.36059e-19
-0.000151482 2.4383e-06 7.36059e-19
-0.000151459 2.43665e-06 7.36059e-19
-0.000151436 2.43446e-06 7.36059e-19
-0.000151413 2.43148e-06 7.36059e-19
-0.000151389 2.42736e-06 7.36059e-19
-0.000151365 2.42162e-06 7.36059e-19
-0.000151341 2.4138e-06 7.3606e-19
-0.000151317 2.40341e-06 7.3606e-19
-0.000151293 2.38991e-06 7.3606e-19
-0.000151268 2.37271e-06 7.36061e-19
-0.000151244 2.35126e-06 7.36061e-19
-0.000151219 2.325e-06 7.36062e-19
-0.000151193 2.29327e-06 7.36063e-19
-0.000151167 2.2554e-06 7.36064e-19
-0.00015114 2.21074e-06 7.36065e-19
-0.000151113 2.15876e-06 7.36067e-19
-0.000151084 2.09914e-06 7.36068e-19
-0.000151055 2.03175e-06 7.3607e-19
-0.000151024 1.95648e-06 7.36072e-19
-0.000150993 1.87333e-06 7.36075e-19
-0.000150959 1.78241e-06 7.36077e-19
-0.000150925 1.68391e-06 7.3608e-19
-0.000150889 1.57809e-06 7.36083e-19
-0.000150851 1.46515e-06 7.36087e-19
-0.000150811 1.34527e-06 7.3609e-19
-0.00015077 1.21855e-06 7.36094e-19
-0.000150727 1.08514e-06 7.36098e-19
-0.000150681 9.45204e-07 7.36102e-19
-0.000150634 7.99073e-07 7.36106e-19
-0.000150584 6.47159e-07 7.36111e-19
-0.000150533 4.899e-07 7.36115e-19
-0.000150479 3.27683e-07 7.3612e-19
-0.000150423 1.60829e-07 7.36125e-19
-0.000150364 -1.04018e-08 7.3613e-19
-0.000150303 -1.85666e-07 7.36135e-19
-0.000150239 -3.64761e-07 7.3614e-19
-0.000150174 -5.47737e-07 7.36146e-19
-0.000150105 -7.34584e-07 7.36151e-19
-0.000150035 -9.25266e-07 7.36157e-19
-0.000149962 -1.1198e-06 7.36162e-19
-0.000149886 -1.31815e-06 7.36168e-19
-0.000149809 -1.52025e-06 7.36174e-19
-0.000149729 -1.72602e-06 7.3618e-19
-0.000149646 -1.93527e-06 7.36186e-19
-0.000149561 -2.14774e-06 7.36193e-19
-0.000149474 -2.36308e-06 7.36199e-19
-0.000149384 -2.58087e-06 7.36205e-19
-0.000149291 -2.8006e-06 7.36212e-19
-0.000149196 -3.02166e-06 7.36218e-19
-0.000149099 -3.24332e-06 7.36225e-19
-0.000148999 -3.46481e-06 7.36232e-19
-0.000148897 -3.68546e-06 7.36238e-19
-0.000148792 -3.90481e-06 7.36245e-19
-0.000148685 -4.12259e-06 7.36251e-19
-0.000148574 -4.33855e-06 7.36258e-19
-0.000148461 -4.55232e-06 7.36264e-19
-0.000148345 -4.7633e-06 7.3627e-19
-0.000148226 -4.97078e-06 7.36276e-19
-0.000148104 -5.17401e-06 7.36282e-19
-0.000147979 -5.37227e-06 7.36288e-19
-0.000147851 -5.56486e-06 7.36294e-19
-0.00014772 -5.75112e-06 7.36299e-19
-0.000147585 -5.93045e-06 7.36305e-19
-0.000147448 -6.10227e-06 7.3631e-19
-0.000147307 -6.26599e-06 7.36314e-19
-0.000147162 -6.42104e-06 7.36319e-19
-0.000147015 -6.56694e-06 7.36323e-19
-0.000146864 -6.70335e-06 7.36327e-19
-0.000146711 -6.83018e-06 7.36331e-19
-0.000146554 -6.94751e-06 7.36334e-19
-0.000146394 -7.05556e-06 7.36337e-19
-0.000146231 -7.1546e-06 7.3634e-19
-0.000146065 -7.24491e-06 7.36343e-19
-0.000145896 -7.32678e-06 7.36345e-19
-0.000145725 -7.40063e-06 7.36347e-19
-0.00014555 -7.46691e-06 7.36349e-19
-0.000145374 -7.52619e-06 7.3635e-19
-0.000145194 -7.5791e-06 7.36351e-19
-0.000145013 -7.62632e-06 7.36353e-19
-0.00014483 -7.66859e-06 7.36354e-19
-0.000144644 -7.70666e-06 7.36355e-19
-0.000144457 -7.74132e-06 7.36355e-19
-0.000144268 -7.77334e-06 7.36356e-19
-0.000144078 -7.80362e-06 7.36357e-19
-0.000143887 -7.83332e-06 7.36357e-19
-0.000143695 -7.86372e-06 7.36358e-19
-0.000143502 -7.8961e-06 7.36359e-19
-0.000143308 -7.93162e-06 7.3636e-19
-0.000143113 -7.97129e-06 7.36361e-19
-0.000142917 -8.01593e-06 7.36362e-19
-0.000142721 -8.06629e-06 7.36363e-19
-0.000142525 -8.12293e-06 7.36364e-19
-0.000142328 -8.18611e-06 7.36366e-19
-0.000142131 -8.25589e-06 7.36368e-19
-0.000141935 -8.33217e-06 7.3637e-19
-0.000141738 -8.41478e-06 7.36372e-19
-0.000141542 -8.50333e-06 7.36375e-19
-0.000141347 -8.59736e-06 7.36378e-19
-0.000141151 -8.69629e-06 7.36381e-19
-0.000140957 -8.79951e-06 7.36383e-19
-0.000140764 -8.90629e-06 7.36387e-19
-0.000140571 -9.01592e-06 7.3639e-19
-0.00014038 -9.12762e-06 7.36393e-19
-0.000140189 -9.24077e-06 7.36396e-19
-0.00014 -9.35513e-06 7.364e-19
-0.000139813 -9.47073e-06 7.36403e-19
-0.000139626 -9.58764e-06 7.36406e-19
-0.000139442 -9.70592e-06 7.3641e-19
-0.000139258 -9.82555e-06 7.36413e-19
-0.000139076 -9.94651e-06 7.36417e-19
-0.000138896 -1.00688e-05 7.3642e-19
-0.000138717 -1.01925e-05 7.36424e-19
-0.00013854 -1.0318e-05 7.36427e-19
-0.000138364 -1.04459e-05 7.36431e-19
-0.00013819 -1.05767e-05 7.36435e-19
-0.000138018 -1.07111e-05 7.36439e-19
-0.000137848 -1.08493e-05 7.36443e-19
-0.000137679 -1.09915e-05 7.36447e-19
-0.000137512 -1.1138e-05 7.36451e-19
-0.000137347 -1.12888e-05 7.36456e-19
-0.000137183 -1.14442e-05 7.3646e-19
-0.000137022 -1.16042e-05 7.36465e-19
-0.000136862 -1.17689e-05 7.3647e-19
-0.000136704 -1.19383e-05 7.36474e-19
-0.000136549 -1.2112e-05 7.3648e-19
-0.000136395 -1.22893e-05 7.36485e-19
-0.000136244 -1.24696e-05 7.3649e-19
-0.000136095 -1.26522e-05 7.36495e-19
-0.000135948 -1.28365e-05 7.36501e-19
-0.000135804 -1.3022e-05 7.36506e-19
-0.000135662 -1.32081e-05 7.36511e-19
-0.000135522 -1.33945e-05 7.36517e-19
-0.000135385 -1.35808e-05 7.36522e-19
-0.000135251 -1.37669e-05 7.36528e-19
-0.000135119 -1.39524e-05 7.36533e-19
-0.000134989 -1.41374e-05 7.36538e-19
-0.000134863 -1.43216e-05 7.36544e-19
-0.000134738 -1.45052e-05 7.36549e-19
-0.000134616 -1.46881e-05 7.36554e-19
-0.000134496 -1.48704e-05 7.3656e-19
-0.000134379 -1.50521e-05 7.36565e-19
-0.000134264 -1.52333e-05 7.3657e-19
-0.000134151 -1.54141e-05 7.36575e-19
-0.000134041 -1.55946e-05 7.36581e-19
-0.000133933 -1.5775e-05 7.36586e-19
-0.000133826 -1.59553e-05 7.36591e-19
-0.000133722 -1.61356e-05 7.36596e-19
-0.00013362 -1.63161e-05 7.36602e-19
-0.000133519 -1.64967e-05 7.36607e-19
-0.000133421 -1.66777e-05 7.36612e-19
-0.000133324 -1.6859e-05 7.36617e-19
-0.000133229 -1.70406e-05 7.36623e-19
-0.000133136 -1.72222e-05 7.36628e-19
-0.000133045 -1.74033e-05 7.36633e-19
-0.000132955 -1.75833e-05 7.36638e-19
-0.000132867 -1.77619e-05 7.36644e-19
-0.00013278 -1.79386e-05 7.36649e-19
-0.000132696 -1.81131e-05 7.36654e-19
-0.000132613 -1.82851e-05 7.36659e-19
-0.000132531 -1.84543e-05 7.36664e-19
-0.000132452 -1.86203e-05 7.36669e-19
-0.000132373 -1.87827e-05 7.36673e-19
-0.000132297 -1.89408e-05 7.36678e-19
-0.000132222 -1.90943e-05 7.36682e-19
-0.000132149 -1.92431e-05 7.36687e-19
-0.000132077 -1.93874e-05 7.36691e-19
-0.000132007 -1.95272e-05 7.36695e-19
-0.000131938 -1.96625e-05 7.36699e-19
-0.000131871 -1.97932e-05 7.36703e-19
-0.000131805 -1.99191e-05 7.36707e-19
-0.000131741 -2.00399e-05 7.3671e-19
-0.000131679 -2.01553e-05 7.36714e-19
-0.000131617 -2.02654e-05 7.36717e-19
-0.000131557 -2.03701e-05 7.3672e-19
-0.000131499 -2.04695e-05 7.36723e-19
-0.000131442 -2.05635e-05 7.36726e-19
-0.000131386 -2.0652e-05 7.36728e-19
-0.000131332 -2.07345e-05 7.36731e-19
-0.000131279 -2.08105e-05 7.36733e-19
-0.000131228 -2.08799e-05 7.36735e-19
-0.000131178 -2.09422e-05 7.36737e-19
-0.000131129 -2.09973e-05 7.36739e-19
-0.000131082 -2.1045e-05 7.3674e-19
-0.000131036 -2.10852e-05 7.36741e-19
-0.000130991 -2.11175e-05 7.36742e-19
-0.000130948 -2.11417e-05 7.36743e-19
-0.000130907 -2.11573e-05 7.36743e-19
-0.000130867 -2.11643e-05 7.36744e-19
-0.000130828 -2.11624e-05 7.36744e-19
-0.000130791 -2.11519e-05 7.36743e-19
-0.000130755 -2.11328e-05 7.36743e-19
-0.000130721 -2.11055e-05 7.36742e-19
-0.000130689 -2.10701e-05 7.36741e-19
-0.000130658 -2.10273e-05 7.3674e-19
-0.000130628 -2.09773e-05 7.36738e-19
-0.0001306 -2.09206e-05 7.36736e-19
-0.000130574 -2.08574e-05 7.36734e-19
-0.00013055 -2.07878e-05 7.36732e-19
-0.000130527 -2.07118e-05 7.3673e-19
-0.000130506 -2.06297e-05 7.36728e-19
-0.000130486 -2.05419e-05 7.36725e-19
-0.000130469 -2.0449e-05 7.36722e-19
-0.000130454 -2.03517e-05 7.36719e-19
-0.000130441 -2.02507e-05 7.36716e-19
-0.000130429 -2.01465e-05 7.36713e-19
-0.00013042 -2.00397e-05 7.3671e-19
-0.000130413 -1.99307e-05 7.36707e-19
-0.000130408 -1.98201e-05 7.36703e-19
-0.000130406 -1.97083e-05 7.367e-19
-0.000130406 -1.95958e-05 7.36697e-19
-0.000130408 -1.94833e-05 7.36693e-19
-0.000130413 -1.9371e-05 7.3669e-19
-0.000130421 -1.92591e-05 7.36687e-19
-0.000130431 -1.91478e-05 7.36683e-19
-0.000130444 -1.90371e-05 7.3668e-19
-0.00013046 -1.8927e-05 7.36677e-19
-0.000130478 -1.8818e-05 7.36673e-19
-0.0001305 -1.87106e-05 7.3667e-19
-0.000130525 -1.86055e-05 7.36667e-19
-0.000130552 -1.85031e-05 7.36664e-19
-0.000130583 -1.84038e-05 7.36661e-19
-0.000130617 -1.83076e-05 7.36658e-19
-0.000130653 -1.82147e-05 7.36656e-19
-0.000130693 -1.81252e-05 7.36653e-19
-0.000130736 -1.80392e-05 7.3665e-19
-0.000130782 -1.7957e-05 7.36648e-19
-0.000130832 -1.78786e-05 7.36646e-19
-0.000130884 -1.78041e-05 7.36644e-19
-0.000130939 -1.77337e-05 7.36642e-19
-0.000130997 -1.76675e-05 7.3664e-19
-0.000131059 -1.76057e-05 7.36638e-19
-0.000131123 -1.75484e-05 7.36636e-19
-0.00013119 -1.74956e-05 7.36635e-19
-0.00013126 -1.74474e-05 7.36633e-19
-0.000131333 -1.74038e-05 7.36632e-19
-0.000131409 -1.73648e-05 7.36631e-19
-0.000131487 -1.73302e-05 7.3663e-19
-0.000131568 -1.73e-05 7.36629e-19
-0.000131651 -1.72739e-05 7.36629e-19
-0.000131737 -1.72517e-05 7.36628e-19
-0.000131825 -1.72328e-05 7.36628e-19
-0.000131916 -1.72164e-05 7.36627e-19
-0.000132009 -1.72017e-05 7.36627e-19
-0.000132104 -1.71881e-05 7.36627e-19
-0.000132201 -1.71752e-05 7.36626e-19
-0.000132301 -1.71628e-05 7.36626e-19
-0.000132403 -1.71505e-05 7.36626e-19
-0.000132507 -1.71384e-05 7.36626e-19
-0.000132613 -1.71261e-05 7.36625e-19
-0.00013272 -1.71136e-05 7.36625e-19
-0.00013283 -1.71007e-05 7.36625e-19
-0.000132941 -1.70872e-05 7.36625e-19
-0.000133054 -1.70733e-05 7.36624e-19
-0.000133168 -1.70591e-05 7.36624e-19
-0.000133284 -1.70449e-05 7.36624e-19
-0.000133401 -1.70308e-05 7.36623e-19
-0.000133518 -1.7017e-05 7.36623e-19
-0.000133635 -1.70036e-05 7.36623e-19
-0.000133754 -1.69905e-05 7.36622e-19
-0.000133873 -1.69779e-05 7.36622e-19
-0.000133993 -1.69661e-05 7.36622e-19
-0.000134113 -1.69556e-05 7.36621e-19
-0.000134234 -1.69468e-05 7.36621e-19
-0.000134354 -1.694e-05 7.36621e-19
-0.000134475 -1.69352e-05 7.36621e-19
-0.000134595 -1.69325e-05 7.36621e-19
-0.000134715 -1.69314e-05 7.36621e-19
-0.000134834 -1.69319e-05 7.36621e-19
-0.000134953 -1.69333e-05 7.36621e-19
-0.000135071 -1.69349e-05 7.36622e-19
-0.000135189 -1.69359e-05 7.36622e-19
-0.000135306 -1.69356e-05 7.36622e-19
-0.000135421 -1.69333e-05 7.36622e-19
-0.000135536 -1.69282e-05 7.36622e-19
-0.00013565 -1.69199e-05 7.36622e-19
-0.000135763 -1.69076e-05 7.36621e-19
-0.000135875 -1.6891e-05 7.36621e-19
-0.000135985 -1.68698e-05 7.3662e-19
-0.000136094 -1.68436e-05 7.3662e-19
-0.000136202 -1.68123e-05 7.36619e-19
-0.000136309 -1.67758e-05 7.36618e-19
-0.000136414 -1.67342e-05 7.36617e-19
-0.000136517 -1.66876e-05 7.36615e-19
-0.000136619 -1.6636e-05 7.36614e-19
-0.000136719 -1.65792e-05 7.36612e-19
-0.000136818 -1.6517e-05 7.3661e-19
-0.000136915 -1.64489e-05 7.36608e-19
-0.00013701 -1.63749e-05 7.36606e-19
-0.000137104 -1.62947e-05 7.36604e-19
-0.000137197 -1.62082e-05 7.36601e-19
-0.000137288 -1.61154e-05 7.36599e-19
-0.000137378 -1.60163e-05 7.36596e-19
-0.000137466 -1.59109e-05 7.36593e-19
-0.000137553 -1.5799e-05 7.36589e-19
-0.000137639 -1.56807e-05 7.36586e-19
-0.000137724 -1.55561e-05 7.36582e-19
-0.000137808 -1.54252e-05 7.36578e-19
-0.00013789 -1.52884e-05 7.36574e-19
-0.000137972 -1.51458e-05 7.3657e-19
-0.000138052 -1.49978e-05 7.36566e-19
-0.000138132 -1.48445e-05 7.36561e-19
-0.000138211 -1.46864e-05 7.36557e-19
-0.000138288 -1.45237e-05 7.36552e-19
-0.000138366 -1.43569e-05 7.36547e-19
-0.000138442 -1.41868e-05 7.36542e-19
-0.000138517 -1.40141e-05 7.36537e-19
-0.000138591 -1.384e-05 7.36532e-19
-0.000138665 -1.36652e-05 7.36527e-19
-0.000138737 -1.34902e-05 7.36521e-19
-0.000138809 -1.33156e-05 7.36516e-19
-0.000138879 -1.31418e-05 7.36511e-19
-0.000138949 -1.2969e-05 7.36506e-19
-0.000139017 -1.27974e-05 7.36501e-19
-0.000139085 -1.26273e-05 7.36496e-19
-0.000139152 -1.24588e-05 7.36491e-19
-0.000139217 -1.22919e-05 7.36487e-19
-0.000139282 -1.21268e-05 7.36482e-19
-0.000139346 -1.19638e-05 7.36477e-19
-0.000139409 -1.18031e-05 7.36472e-19
-0.000139471 -1.16445e-05 7.36468e-19
-0.000139532 -1.14879e-05 7.36463e-19
-0.000139592 -1.13325e-05 7.36459e-19
-0.000139652 -1.11776e-05 7.36454e-19
-0.000139711 -1.10229e-05 7.3645e-19
-0.00013977 -1.08681e-05 7.36445e-19
-0.000139828 -1.07135e-05 7.36441e-19
-0.000139886 -1.05594e-05 7.36436e-19
-0.000139943 -1.04057e-05 7.36432e-19
-0.00014 -1.02526e-05 7.36427e-19
-0.000140058 -1.00999e-05 7.36423e-19
-0.000140115 -9.94725e-06 7.36418e-19
-0.000140172 -9.79493e-06 7.36414e-19
-0.000140229 -9.64352e-06 7.36409e-19
-0.000140287 -9.49409e-06 7.36405e-19
-0.000140345 -9.34774e-06 7.364e-19
-0.000140403 -9.20547e-06 7.36396e-19
-0.000140461 -9.06801e-06 7.36392e-19
-0.00014052 -8.93589e-06 7.36388e-19
-0.000140578 -8.80959e-06 7.36385e-19
-0.000140637 -8.6896e-06 7.36381e-19
-0.000140697 -8.57646e-06 7.36378e-19
-0.000140757 -8.47075e-06 7.36375e-19
-0.000140817 -8.37301e-06 7.36372e-19
-0.000140877 -8.28358e-06 7.36369e-19
-0.000140938 -8.20244e-06 7.36367e-19
-0.000140999 -8.12933e-06 7.36365e-19
-0.000141061 -8.06388e-06 7.36363e-19
-0.000141123 -8.00568e-06 7.36361e-19
-0.000141185 -7.95431e-06 7.3636e-19
-0.000141248 -7.9093e-06 7.36358e-19
-0.000141311 -7.87015e-06 7.36357e-19
-0.000141375 -7.83632e-06 7.36356e-19
-0.000141439 -7.80718e-06 7.36355e-19
-0.000141503 -7.78203e-06 7.36355e-19
-0.000141568 -7.76018e-06 7.36354e-19
-0.000141633 -7.74094e-06 7.36354e-19
-0.000141698 -7.72362e-06 7.36353e-19
-0.000141764 -7.70755e-06 7.36353e-19
-0.00014183 -7.69208e-06 7.36352e-19
-0.000141896 -7.67664e-06 7.36352e-19
-0.000141963 -7.66075e-06 7.36351e-19
-0.00014203 -7.64399e-06 7.36351e-19
-0.000142097 -7.62603e-06 7.3635e-19
-0.000142165 -7.60657e-06 7.3635e-19
-0.000142233 -7.58541e-06 7.36349e-19
-0.000142302 -7.56245e-06 7.36348e-19
-0.000142371 -7.53759e-06 7.36348e-19
-0.00014244 -7.51098e-06 7.36347e-19
-0.00014251 -7.48322e-06 7.36346e-19
-0.00014258 -7.4552e-06 7.36345e-19
-0.00014265 -7.42785e-06 7.36344e-19
-0.000142721 -7.40201e-06 7.36344e-19
-0.000142791 -7.37822e-06 7.36343e-19
-0.000142861 -7.35685e-06 7.36342e-19
-0.000142932 -7.33817e-06 7.36342e-19
-0.000143002 -7.32242e-06 7.36341e-19
-0.000143073 -7.30984e-06 7.36341e-19
-0.000143143 -7.30058e-06 7.36341e-19
-0.000143213 -7.29476e-06 7.3634e-19
-0.000143283 -7.2924e-06 7.3634e-19
-0.000143353 -7.29338e-06 7.3634e-19
-0.000143423 -7.29751e-06 7.36341e-19
-0.000143492 -7.30448e-06 7.36341e-19
-0.000143561 -7.31401e-06 7.36341e-19
-0.000143629 -7.32583e-06 7.36342e-19
-0.000143697 -7.33971e-06 7.36342e-19
-0.000143764 -7.35539e-06 7.36343e-19
-0.00014383 -7.37256e-06 7.36343e-19
-0.000143896 -7.39092e-06 7.36344e-19
-0.00014396 -7.41017e-06 7.36345e-19
-0.000144024 -7.42998e-06 7.36345e-19
-0.000144086 -7.44998e-06 7.36346e-19
-0.000144146 -7.46974e-06 7.36347e-19
-0.000144206 -7.4888e-06 7.36347e-19
-0.000144263 -7.50669e-06 7.36348e-19
-0.000144319 -7.52294e-06 7.36349e-19
-0.000144374 -7.53702e-06 7.36349e-19
-0.000144426 -7.54839e-06 7.3635e-19
-0.000144477 -7.55656e-06 7.3635e-19
-0.000144526 -7.56102e-06 7.3635e-19
-0.000144573 -7.56123e-06 7.3635e-19
-0.000144617 -7.55665e-06 7.3635e-19
-0.00014466 -7.54681e-06 7.3635e-19
-0.000144701 -7.53119e-06 7.3635e-19
-0.00014474 -7.50916e-06 7.36349e-19
-0.000144778 -7.48002e-06 7.36348e-19
-0.000144813 -7.44312e-06 7.36347e-19
-0.000144847 -7.398e-06 7.36346e-19
-0.000144879 -7.34441e-06 7.36344e-19
-0.00014491 -7.28232e-06 7.36343e-19
-0.000144939 -7.21179e-06 7.3634e-19
-0.000144967 -7.13303e-06 7.36338e-19
-0.000144993 -7.04643e-06 7.36336e-19
-0.000145019 -6.95254e-06 7.36333e-19
-0.000145043 -6.85196e-06 7.3633e-19
-0.000145066 -6.74542e-06 7.36326e-19
-0.000145088 -6.63384e-06 7.36323e-19
-0.000145109 -6.51828e-06 7.3632e-19
-0.000145129 -6.39982e-06 7.36316e-19
-0.000145148 -6.27941e-06 7.36312e-19
-0.000145166 -6.15779e-06 7.36309e-19
-0.000145184 -6.03548e-06 7.36305e-19
-0.000145201 -5.91298e-06 7.36301e-19
-0.000145217 -5.79076e-06 7.36298e-19
-0.000145232 -5.66938e-06 7.36294e-19
-0.000145247 -5.5494e-06 7.36291e-19
-0.000145261 -5.43136e-06 7.36287e-19
-0.000145275 -5.31568e-06 7.36284e-19
-0.000145288 -5.20265e-06 7.3628e-19
-0.0001453 -5.09238e-06 7.36277e-19
-0.000145313 -4.98499e-06 7.36274e-19
-0.000145324 -4.8805e-06 7.36271e-19
-0.000145336 -4.77895e-06 7.36268e-19
-0.000145346 -4.68032e-06 7.36265e-19
-0.000145357 -4.58459e-06 7.36262e-19
-0.000145367 -4.49186e-06 7.36259e-19
-0.000145377 -4.40258e-06 7.36256e-19
-0.000145386 -4.3174e-06 7.36254e-19
-0.000145395 -4.23702e-06 7.36252e-19
-0.000145403 -4.16205e-06 7.36249e-19
-0.000145411 -4.09297e-06 7.36247e-19
-0.000145418 -4.03016e-06 7.36246e-19
-0.000145425 -3.97397e-06 7.36244e-19
-0.00014543 -3.92464e-06 7.36242e-19
-0.000145435 -3.88229e-06 7.36241e-19
-0.00014544 -3.84691e-06 7.3624e-19
-0.000145443 -3.81845e-06 7.36239e-19
-0.000145446 -3.79689e-06 7.36239e-19
-0.000145449 -3.78229e-06 7.36238e-19
-0.000145451 -3.77472e-06 7.36238e-19
-0.000145452 -3.77427e-06 7.36238e-19
-0.000145452 -3.78104e-06 7.36238e-19
-0.000145452 -3.79519e-06 7.36239e-19
-0.000145452 -3.8169e-06 7.3624e-19
-0.00014545 -3.84636e-06 7.36241e-19
-0.000145448 -3.8837e-06 7.36242e-19
-0.000145445 -3.92906e-06 7.36243e-19
-0.000145442 -3.98253e-06 7.36245e-19
-0.000145438 -4.04417e-06 7.36247e-19
-0.000145432 -4.11397e-06 7.36249e-19
-0.000145426 -4.19183e-06 7.36251e-19
-0.000145419 -4.27757e-06 7.36254e-19
-0.000145411 -4.37096e-06 7.36257e-19
-0.000145402 -4.47161e-06 7.3626e-19
-0.000145392 -4.57886e-06 7.36263e-19
-0.000145381 -4.69182e-06 7.36266e-19
-0.000145368 -4.80957e-06 7.3627e-19
-0.000145355 -4.93111e-06 7.36273e-19
-0.00014534 -5.05532e-06 7.36277e-19
-0.000145325 -5.18102e-06 7.36281e-19
-0.000145308 -5.30701e-06 7.36285e-19
-0.00014529 -5.43223e-06 7.36288e-19
-0.00014527 -5.55576e-06 7.36292e-19
-0.00014525 -5.67687e-06 7.36296e-19
-0.000145228 -5.79488e-06 7.36299e-19
-0.000145205 -5.90915e-06 7.36303e-19
-0.000145181 -6.01906e-06 7.36306e-19
-0.000145156 -6.12398e-06 7.36309e-19
-0.000145129 -6.22339e-06 7.36312e-19
-0.000145101 -6.31688e-06 7.36314e-19
-0.000145072 -6.40423e-06 7.36317e-19
-0.000145042 -6.48538e-06 7.36319e-19
-0.00014501 -6.56035e-06 7.36321e-19
-0.000144977 -6.62938e-06 7.36323e-19
-0.000144943 -6.69308e-06 7.36325e-19
-0.000144907 -6.75232e-06 7.36327e-19
-0.00014487 -6.80804e-06 7.36328e-19
-0.000144831 -6.8612e-06 7.3633e-19
-0.000144791 -6.91268e-06 7.36331e-19
-0.00014475 -6.96333e-06 7.36332e-19
-0.000144707 -7.01396e-06 7.36334e-19
-0.000144662 -7.06535e-06 7.36335e-19
-0.000144616 -7.11813e-06 7.36337e-19
-0.000144568 -7.17283e-06 7.36338e-19
-0.000144519 -7.22991e-06 7.3634e-19
-0.000144468 -7.28974e-06 7.36341e-19
-0.000144415 -7.35249e-06 7.36343e-19
-0.000144361 -7.41821e-06 7.36345e-19
-0.000144305 -7.48685e-06 7.36347e-19
-0.000144248 -7.55838e-06 7.36349e-19
-0.000144189 -7.6329e-06 7.36351e-19
-0.000144129 -7.71058e-06 7.36353e-19
-0.000144067 -7.79151e-06 7.36356e-19
-0.000144004 -7.87571e-06 7.36358e-19
-0.000143938 -7.96301e-06 7.36361e-19
-0.000143872 -8.0531e-06 7.36363e-19
-0.000143803 -8.14562e-06 7.36366e-19
-0.000143733 -8.24002e-06 7.36369e-19
-0.000143662 -8.3354e-06 7.36372e-19
-0.000143589 -8.43058e-06 7.36374e-19
-0.000143514 -8.52438e-06 7.36377e-19
-0.000143438 -8.61548e-06 7.3638e-19
-0.000143361 -8.70234e-06 7.36383e-19
-0.000143283 -8.78332e-06 7.36385e-19
-0.000143204 -8.85677e-06 7.36387e-19
-0.000143125 -8.92121e-06 7.36389e-19
-0.000143045 -8.97542e-06 7.36391e-19
-0.000142965 -9.01844e-06 7.36392e-19
-0.000142884 -9.04939e-06 7.36393e-19
-0.000142804 -9.06765e-06 7.36393e-19
-0.000142724 -9.07296e-06 7.36393e-19
-0.000142644 -9.06538e-06 7.36393e-19
-0.000142565 -9.04509e-06 7.36392e-19
-0.000142486 -9.01244e-06 7.36391e-19
-0.000142408 -8.96808e-06 7.3639e-19
-0.000142331 -8.91286e-06 7.36388e-19
-0.000142254 -8.84772e-06 7.36386e-19
-0.000142179 -8.77365e-06 7.36384e-19
-0.000142105 -8.69169e-06 7.36382e-19
-0.000142032 -8.60295e-06 7.36379e-19
-0.00014196 -8.50852e-06 7.36376e-19
-0.00014189 -8.40946e-06 7.36373e-19
-0.000141822 -8.3067e-06 7.3637e-19
-0.000141755 -8.2011e-06 7.36367e-19
-0.000141689 -8.09348e-06 7.36363e-19
-0.000141626 -7.98461e-06 7.3636e-19
-0.000141564 -7.87527e-06 7.36357e-19
-0.000141504 -7.76615e-06 7.36353e-19
-0.000141447 -7.65794e-06 7.3635e-19
-0.000141391 -7.55122e-06 7.36347e-19
-0.000141337 -7.44643e-06 7.36344e-19
-0.000141286 -7.3439e-06 7.36341e-19
-0.000141236 -7.2439e-06 7.36338e-19
-0.000141189 -7.14672e-06 7.36335e-19
-0.000141144 -7.05266e-06 7.36332e-19
-0.000141101 -6.96205e-06 7.36329e-19
-0.000141061 -6.87519e-06 7.36327e-19
-0.000141022 -6.79242e-06 7.36324e-19
-0.000140986 -6.71415e-06 7.36322e-19
-0.000140952 -6.64083e-06 7.3632e-19
-0.000140921 -6.57293e-06 7.36318e-19
-0.000140891 -6.51085e-06 7.36316e-19
-0.000140864 -6.45495e-06 7.36314e-19
-0.000140839 -6.4055e-06 7.36313e-19
-0.000140816 -6.36277e-06 7.36311e-19
-0.000140795 -6.32701e-06 7.3631e-19
-0.000140776 -6.29839e-06 7.36309e-19
-0.00014076 -6.27705e-06 7.36309e-19
-0.000140746 -6.26312e-06 7.36308e-19
-0.000140734 -6.25663e-06 7.36308e-19
-0.000140724 -6.25749e-06 7.36308e-19
-0.000140717 -6.26547e-06 7.36308e-19
-0.000140712 -6.28031e-06 7.36309e-19
-0.00014071 -6.30171e-06 7.36309e-19
-0.00014071 -6.32921e-06 7.3631e-19
-0.000140713 -6.36227e-06 7.36311e-19
-0.000140718 -6.4003e-06 7.36312e-19
-0.000140727 -6.44283e-06 7.36314e-19
-0.000140738 -6.48964e-06 7.36315e-19
-0.000140753 -6.54064e-06 7.36317e-19
-0.00014077 -6.59577e-06 7.36318e-19
-0.00014079 -6.65497e-06 7.3632e-19
-0.000140813 -6.71815e-06 7.36322e-19
-0.000140838 -6.78526e-06 7.36324e-19
-0.000140867 -6.85618e-06 7.36326e-19
-0.000140898 -6.9307e-06 7.36328e-19
-0.000140932 -7.00838e-06 7.36331e-19
-0.000140969 -7.08862e-06 7.36333e-19
-0.000141009 -7.17078e-06 7.36336e-19
-0.000141051 -7.25412e-06 7.36338e-19
-0.000141095 -7.33769e-06 7.36341e-19
-0.000141143 -7.42043e-06 7.36343e-19
-0.000141192 -7.50127e-06 7.36346e-19
-0.000141245 -7.57926e-06 7.36348e-19
-0.000141299 -7.65382e-06 7.3635e-19
-0.000141356 -7.72463e-06 7.36352e-19
-0.000141416 -7.79142e-06 7.36354e-19
-0.000141477 -7.85399e-06 7.36356e-19
-0.00014154 -7.91236e-06 7.36358e-19
-0.000141604 -7.96663e-06 7.3636e-19
-0.000141671 -8.01699e-06 7.36361e-19
-0.000141738 -8.06365e-06 7.36363e-19
-0.000141807 -8.10688e-06 7.36364e-19
-0.000141876 -8.14697e-06 7.36365e-19
-0.000141946 -8.18429e-06 7.36366e-19
-0.000142017 -8.21912e-06 7.36367e-19
-0.000142088 -8.25167e-06 7.36368e-19
-0.00014216 -8.28207e-06 7.36369e-19
-0.000142232 -8.31046e-06 7.3637e-19
-0.000142303 -8.33692e-06 7.36371e-19
-0.000142375 -8.36137e-06 7.36372e-19
-0.000142447 -8.38361e-06 7.36372e-19
-0.000142518 -8.40347e-06 7.36373e-19
-0.000142589 -8.42068e-06 7.36374e-19
-0.000142659 -8.43482e-06 7.36374e-19
-0.00014273 -8.44533e-06 7.36374e-19
-0.0001428 -8.45168e-06 7.36375e-19
-0.000142869 -8.45339e-06 7.36375e-19
-0.000142939 -8.4501e-06 7.36375e-19
-0.000143008 -8.44156e-06 7.36374e-19
-0.000143076 -8.42753e-06 7.36374e-19
-0.000143145 -8.408e-06 7.36373e-19
-0.000143213 -8.38336e-06 7.36373e-19
-0.00014328 -8.35433e-06 7.36372e-19
-0.000143348 -8.32164e-06 7.36371e-19
-0.000143414 -8.28612e-06 7.3637e-19
-0.00014348 -8.24883e-06 7.36369e-19
-0.000143545 -8.21098e-06 7.36368e-19
-0.000143609 -8.17373e-06 7.36367e-19
-0.000143673 -8.13808e-06 7.36366e-19
-0.000143734 -8.10473e-06 7.36365e-19
-0.000143795 -8.07417e-06 7.36364e-19
-0.000143854 -8.04676e-06 7.36363e-19
-0.000143911 -8.02266e-06 7.36363e-19
-0.000143967 -8.00164e-06 7.36362e-19
-0.000144022 -7.98317e-06 7.36362e-19
-0.000144074 -7.96664e-06 7.36361e-19
-0.000144125 -7.95142e-06 7.36361e-19
-0.000144174 -7.93683e-06 7.36361e-19
-0.000144221 -7.9222e-06 7.36361e-19
-0.000144266 -7.90684e-06 7.3636e-19
-0.00014431 -7.88999e-06 7.3636e-19
-0.000144351 -7.87065e-06 7.36359e-19
-0.00014439 -7.84771e-06 7.36359e-19
-0.000144427 -7.82008e-06 7.36358e-19
-0.000144462 -7.78683e-06 7.36357e-19
-0.000144495 -7.74729e-06 7.36356e-19
-0.000144527 -7.70102e-06 7.36355e-19
-0.000144556 -7.64767e-06 7.36353e-19
-0.000144583 -7.58699e-06 7.36352e-19
-0.000144608 -7.51872e-06 7.3635e-19
-0.000144631 -7.44263e-06 7.36348e-19
-0.000144653 -7.35863e-06 7.36345e-19
-0.000144673 -7.26664e-06 7.36342e-19
-0.000144691 -7.16655e-06 7.36339e-19
-0.000144707 -7.05824e-06 7.36336e-19
-0.000144722 -6.94172e-06 7.36333e-19
-0.000144736 -6.81712e-06 7.36329e-19
-0.000144749 -6.68489e-06 7.36325e-19
-0.000144761 -6.54566e-06 7.36321e-19
-0.000144772 -6.40018e-06 7.36316e-19
-0.000144782 -6.2494e-06 7.36312e-19
-0.000144792 -6.09466e-06 7.36307e-19
-0.000144802 -5.93758e-06 7.36302e-19
-0.00014481 -5.77984e-06 7.36298e-19
-0.000144819 -5.62306e-06 7.36293e-19
-0.000144827 -5.46885e-06 7.36288e-19
-0.000144835 -5.31871e-06 7.36284e-19
-0.000144842 -5.1741e-06 7.36279e-19
-0.000144849 -5.0363e-06 7.36275e-19
-0.000144856 -4.90629e-06 7.36271e-19
-0.000144863 -4.78481e-06 7.36267e-19
-0.000144869 -4.67246e-06 7.36264e-19
-0.000144876 -4.56973e-06 7.36261e-19
-0.000144882 -4.47691e-06 7.36258e-19
-0.000144888 -4.39415e-06 7.36256e-19
-0.000144895 -4.32149e-06 7.36254e-19
-0.000144901 -4.25891e-06 7.36252e-19
-0.000144907 -4.20643e-06 7.3625e-19
-0.000144913 -4.16404e-06 7.36249e-19
-0.000144918 -4.13169e-06 7.36248e-19
-0.000144924 -4.1093e-06 7.36247e-19
-0.000144929 -4.09684e-06 7.36247e-19
-0.000144933 -4.09434e-06 7.36247e-19
-0.000144937 -4.10176e-06 7.36247e-19
-0.000144941 -4.11892e-06 7.36248e-19
-0.000144943 -4.1453e-06 7.36249e-19
-0.000144945 -4.18018e-06 7.3625e-19
-0.000144946 -4.22279e-06 7.36251e-19
-0.000144947 -4.27236e-06 7.36253e-19
-0.000144946 -4.32816e-06 7.36254e-19
-0.000144945 -4.38949e-06 7.36256e-19
-0.000144943 -4.45568e-06 7.36258e-19
-0.00014494 -4.52608e-06 7.3626e-19
-0.000144937 -4.6001e-06 7.36263e-19
-0.000144932 -4.67714e-06 7.36265e-19
-0.000144927 -4.75668e-06 7.36267e-19
-0.000144921 -4.83828e-06 7.3627e-19
-0.000144915 -4.92161e-06 7.36272e-19
-0.000144908 -5.00645e-06 7.36275e-19
-0.0001449 -5.09264e-06 7.36277e-19
-0.000144891 -5.18006e-06 7.3628e-19
-0.000144882 -5.26866e-06 7.36283e-19
-0.000144872 -5.35845e-06 7.36285e-19
-0.000144862 -5.44944e-06 7.36288e-19
-0.000144851 -5.54167e-06 7.36291e-19
-0.000144839 -5.6352e-06 7.36294e-19
-0.000144827 -5.73008e-06 7.36296e-19
-0.000144814 -5.82637e-06 7.36299e-19
-0.0001448 -5.92408e-06 7.36302e-19
-0.000144786 -6.02323e-06 7.36305e-19
-0.00014477 -6.12378e-06 7.36308e-19
-0.000144754 -6.22568e-06 7.36311e-19
-0.000144737 -6.32875e-06 7.36314e-19
-0.00014472 -6.43259e-06 7.36317e-19
-0.000144701 -6.53663e-06 7.3632e-19
-0.000144681 -6.64026e-06 7.36323e-19
-0.00014466 -6.74287e-06 7.36326e-19
-0.000144638 -6.84394e-06 7.36329e-19
-0.000144615 -6.94297e-06 7.36332e-19
-0.000144591 -7.03948e-06 7.36335e-19
-0.000144565 -7.13298e-06 7.36338e-19
-0.000144538 -7.22297e-06 7.3634e-19
-0.00014451 -7.30893e-06 7.36343e-19
-0.00014448 -7.39038e-06 7.36345e-19
-0.000144448 -7.46688e-06 7.36348e-19
-0.000144416 -7.538e-06 7.3635e-19
-0.000144381 -7.60334e-06 7.36351e-19
-0.000144345 -7.66257e-06 7.36353e-19
-0.000144308 -7.71548e-06 7.36355e-19
-0.000144269 -7.76207e-06 7.36356e-19
-0.000144228 -7.8025e-06 7.36357e-19
-0.000144186 -7.83698e-06 7.36358e-19
-0.000144143 -7.86594e-06 7.36359e-19
-0.000144097 -7.89004e-06 7.36359e-19
-0.000144051 -7.91018e-06 7.3636e-19
-0.000144002 -7.92731e-06 7.3636e-19
-0.000143953 -7.94239e-06 7.3636e-19
-0.000143901 -7.95642e-06 7.36361e-19
-0.000143848 -7.97037e-06 7.36361e-19
-0.000143794 -7.98519e-06 7.36361e-19
-0.000143738 -8.00182e-06 7.36362e-19
-0.000143681 -8.02115e-06 7.36362e-19
-0.000143622 -8.04403e-06 7.36363e-19
-0.000143562 -8.07124e-06 7.36364e-19
-0.0001435 -8.1034e-06 7.36364e-19
-0.000143437 -8.14092e-06 7.36365e-19
-0.000143373 -8.18402e-06 7.36367e-19
-0.000143307 -8.23279e-06 7.36368e-19
-0.00014324 -8.28723e-06 7.3637e-19
-0.000143172 -8.34724e-06 7.36371e-19
-0.000143103 -8.41258e-06 7.36373e-19
-0.000143032 -8.48295e-06 7.36376e-19
-0.00014296 -8.55797e-06 7.36378e-19
-0.000142888 -8.63717e-06 7.3638e-19
-0.000142813 -8.72002e-06 7.36383e-19
-0.000142738 -8.80591e-06 7.36385e-19
-0.000142662 -8.89422e-06 7.36388e-19
-0.000142584 -8.98431e-06 7.36391e-19
-0.000142505 -9.07552e-06 7.36393e-19
-0.000142425 -9.16718e-06 7.36396e-19
-0.000142344 -9.2586e-06 7.36399e-19
-0.000142262 -9.34901e-06 7.36402e-19
-0.000142178 -9.43761e-06 7.36404e-19
-0.000142093 -9.52363e-06 7.36407e-19
-0.000142007 -9.60628e-06 7.3641e-19
-0.00014192 -9.68467e-06 7.36412e-19
-0.000141831 -9.75787e-06 7.36414e-19
-0.000141742 -9.82501e-06 7.36416e-19
-0.000141652 -9.88537e-06 7.36418e-19
-0.000141561 -9.93845e-06 7.36419e-19
-0.000141469 -9.98391e-06 7.36421e-19
-0.000141377 -1.00216e-05 7.36422e-19
-0.000141284 -1.00513e-05 7.36423e-19
-0.00014119 -1.00729e-05 7.36423e-19
-0.000141097 -1.00865e-05 7.36424e-19
-0.000141003 -1.0092e-05 7.36424e-19
-0.000140909 -1.00897e-05 7.36423e-19
-0.000140815 -1.00802e-05 7.36423e-19
-0.000140722 -1.00641e-05 7.36422e-19
-0.000140628 -1.00424e-05 7.36422e-19
-0.000140536 -1.00161e-05 7.36421e-19
-0.000140443 -9.98606e-06 7.3642e-19
-0.000140352 -9.95348e-06 7.36418e-19
-0.000140261 -9.91944e-06 7.36417e-19
-0.000140171 -9.88513e-06 7.36416e-19
-0.000140082 -9.85176e-06 7.36415e-19
-0.000139994 -9.82061e-06 7.36414e-19
-0.000139907 -9.79289e-06 7.36413e-19
-0.000139821 -9.76976e-06 7.36412e-19
-0.000139736 -9.75221e-06 7.36411e-19
-0.000139652 -9.74112e-06 7.36411e-19
-0.000139569 -9.73727e-06 7.3641e-19
-0.000139488 -9.74132e-06 7.3641e-19
-0.000139408 -9.75372e-06 7.36411e-19
-0.000139329 -9.7748e-06 7.36411e-19
-0.000139251 -9.80477e-06 7.36412e-19
-0.000139174 -9.84378e-06 7.36413e-19
-0.000139099 -9.89199e-06 7.36414e-19
-0.000139024 -9.94954e-06 7.36416e-19
-0.000138951 -1.00165e-05 7.36418e-19
-0.000138879 -1.00928e-05 7.3642e-19
-0.000138807 -1.01782e-05 7.36423e-19
-0.000138737 -1.02726e-05 7.36425e-19
-0.000138667 -1.03755e-05 7.36429e-19
-0.000138599 -1.04865e-05 7.36432e-19
-0.00013853 -1.06052e-05 7.36435e-19
-0.000138463 -1.07308e-05 7.36439e-19
-0.000138396 -1.08626e-05 7.36443e-19
-0.00013833 -1.10001e-05 7.36447e-19
-0.000138265 -1.11427e-05 7.36451e-19
-0.0001382 -1.12899e-05 7.36456e-19
-0.000138136 -1.14413e-05 7.3646e-19
-0.000138072 -1.15966e-05 7.36465e-19
-0.000138009 -1.17554e-05 7.3647e-19
-0.000137946 -1.19176e-05 7.36474e-19
-0.000137883 -1.2083e-05 7.36479e-19
-0.000137821 -1.22514e-05 7.36484e-19
-0.000137759 -1.24223e-05 7.36489e-19
-0.000137698 -1.25953e-05 7.36495e-19
-0.000137636 -1.27697e-05 7.365e-19
-0.000137575 -1.2945e-05 7.36505e-19
-0.000137515 -1.31203e-05 7.3651e-19
-0.000137454 -1.32948e-05 7.36515e-19
-0.000137395 -1.34675e-05 7.3652e-19
-0.000137335 -1.36378e-05 7.36526e-19
-0.000137277 -1.38051e-05 7.3653e-19
-0.000137218 -1.39691e-05 7.36535e-19
-0.000137161 -1.41297e-05 7.3654e-19
-0.000137103 -1.42867e-05 7.36545e-19
-0.000137046 -1.44402e-05 7.36549e-19
-0.00013699 -1.45902e-05 7.36554e-19
-0.000136933 -1.4737e-05 7.36558e-19
-0.000136877 -1.48806e-05 7.36562e-19
-0.000136821 -1.50214e-05 7.36566e-19
-0.000136765 -1.51594e-05 7.36571e-19
-0.000136708 -1.52951e-05 7.36575e-19
-0.000136651 -1.54284e-05 7.36578e-19
-0.000136594 -1.55593e-05 7.36582e-19
-0.000136536 -1.56877e-05 7.36586e-19
-0.000136478 -1.58133e-05 7.3659e-19
-0.000136419 -1.59358e-05 7.36593e-19
-0.00013636 -1.60551e-05 7.36597e-19
-0.000136299 -1.61712e-05 7.366e-19
-0.000136238 -1.62839e-05 7.36603e-19
-0.000136175 -1.63932e-05 7.36607e-19
-0.000136112 -1.64988e-05 7.3661e-19
-0.000136047 -1.66008e-05 7.36613e-19
-0.000135981 -1.6699e-05 7.36616e-19
-0.000135914 -1.67933e-05 7.36618e-19
-0.000135846 -1.68835e-05 7.36621e-19
-0.000135776 -1.69693e-05 7.36623e-19
-0.000135705 -1.70505e-05 7.36626e-19
-0.000135632 -1.71269e-05 7.36628e-19
-0.000135559 -1.71983e-05 7.3663e-19
-0.000135484 -1.72646e-05 7.36632e-19
-0.000135408 -1.73259e-05 7.36633e-19
-0.000135332 -1.73823e-05 7.36635e-19
-0.000135254 -1.74338e-05 7.36636e-19
-0.000135175 -1.74809e-05 7.36637e-19
-0.000135096 -1.75239e-05 7.36639e-19
-0.000135016 -1.75633e-05 7.3664e-19
-0.000134935 -1.75997e-05 7.36641e-19
-0.000134854 -1.7634e-05 7.36641e-19
-0.000134772 -1.76669e-05 7.36642e-19
-0.00013469 -1.76991e-05 7.36643e-19
-0.000134607 -1.77311e-05 7.36644e-19
-0.000134525 -1.77636e-05 7.36645e-19
-0.000134442 -1.77969e-05 7.36646e-19
-0.000134359 -1.78314e-05 7.36647e-19
-0.000134276 -1.78678e-05 7.36648e-19
-0.000134193 -1.79064e-05 7.36649e-19
-0.00013411 -1.79479e-05 7.3665e-19
-0.000134027 -1.79924e-05 7.36651e-19
-0.000133945 -1.80401e-05 7.36653e-19
-0.000133862 -1.80909e-05 7.36654e-19
-0.00013378 -1.81445e-05 7.36656e-19
-0.000133698 -1.82007e-05 7.36657e-19
-0.000133616 -1.82593e-05 7.36659e-19
-0.000133535 -1.83203e-05 7.36661e-19
-0.000133454 -1.83835e-05 7.36663e-19
-0.000133373 -1.84485e-05 7.36665e-19
-0.000133292 -1.85151e-05 7.36667e-19
-0.000133211 -1.85824e-05 7.36669e-19
-0.00013313 -1.86499e-05 7.36671e-19
-0.00013305 -1.87171e-05 7.36673e-19
-0.000132969 -1.87834e-05 7.36675e-19
-0.000132889 -1.88486e-05 7.36677e-19
-0.000132807 -1.89126e-05 7.36679e-19
-0.000132726 -1.89751e-05 7.36681e-19
-0.000132644 -1.90354e-05 7.36683e-19
-0.000132563 -1.90927e-05 7.36684e-19
-0.000132481 -1.91463e-05 7.36686e-19
-0.0001324 -1.91955e-05 7.36687e-19
-0.000132318 -1.92398e-05 7.36689e-19
-0.000132237 -1.92787e-05 7.3669e-19
-0.000132156 -1.93118e-05 7.36691e-19
-0.000132076 -1.93389e-05 7.36692e-19
-0.000131996 -1.93602e-05 7.36692e-19
-0.000131916 -1.93756e-05 7.36693e-19
-0.000131837 -1.93857e-05 7.36693e-19
-0.000131759 -1.93908e-05 7.36693e-19
-0.000131682 -1.93914e-05 7.36693e-19
-0.000131605 -1.93879e-05 7.36693e-19
-0.00013153 -1.93811e-05 7.36692e-19
-0.000131456 -1.93716e-05 7.36692e-19
-0.000131383 -1.93603e-05 7.36691e-19
-0.000131311 -1.93481e-05 7.36691e-19
-0.00013124 -1.9336e-05 7.3669e-19
-0.000131171 -1.93249e-05 7.3669e-19
-0.000131104 -1.93157e-05 7.36689e-19
-0.000131038 -1.93095e-05 7.36689e-19
-0.000130973 -1.93069e-05 7.36689e-19
-0.000130911 -1.93088e-05 7.36689e-19
-0.00013085 -1.93159e-05 7.36689e-19
-0.00013079 -1.93286e-05 7.36689e-19
-0.000130733 -1.93475e-05 7.3669e-19
-0.000130677 -1.9373e-05 7.3669e-19
-0.000130623 -1.94056e-05 7.36691e-19
-0.000130571 -1.94457e-05 7.36692e-19
-0.00013052 -1.94936e-05 7.36694e-19
-0.000130471 -1.95496e-05 7.36695e-19
-0.000130423 -1.96137e-05 7.36697e-19
-0.000130377 -1.96856e-05 7.36699e-19
-0.000130332 -1.9765e-05 7.36702e-19
-0.000130289 -1.98514e-05 7.36704e-19
-0.000130247 -1.99443e-05 7.36707e-19
-0.000130206 -2.00429e-05 7.3671e-19
-0.000130167 -2.01463e-05 7.36713e-19
-0.000130128 -2.02537e-05 7.36716e-19
-0.000130091 -2.03645e-05 7.36719e-19
-0.000130055 -2.0478e-05 7.36723e-19
-0.00013002 -2.05935e-05 7.36726e-19
-0.000129986 -2.07103e-05 7.3673e-19
-0.000129953 -2.08273e-05 7.36733e-19
-0.000129921 -2.09435e-05 7.36737e-19
-0.00012989 -2.10577e-05 7.3674e-19
-0.00012986 -2.11688e-05 7.36743e-19
-0.000129831 -2.12758e-05 7.36746e-19
-0.000129804 -2.13778e-05 7.36749e-19
-0.000129778 -2.14741e-05 7.36752e-19
-0.000129753 -2.15639e-05 7.36755e-19
-0.00012973 -2.16469e-05 7.36757e-19
-0.000129709 -2.17227e-05 7.3676e-19
-0.000129689 -2.17912e-05 7.36762e-19
-0.000129671 -2.18524e-05 7.36763e-19
-0.000129654 -2.19066e-05 7.36765e-19
-0.000129639 -2.19541e-05 7.36766e-19
-0.000129626 -2.19956e-05 7.36767e-19
-0.000129615 -2.20315e-05 7.36768e-19
-0.000129606 -2.20626e-05 7.36769e-19
-0.000129598 -2.20896e-05 7.3677e-19
-0.000129593 -2.21132e-05 7.36771e-19
-0.000129589 -2.21339e-05 7.36771e-19
-0.000129587 -2.2152e-05 7.36772e-19
-0.000129586 -2.21674e-05 7.36772e-19
-0.000129588 -2.218e-05 7.36773e-19
-0.000129591 -2.21895e-05 7.36773e-19
-0.000129596 -2.21962e-05 7.36773e-19
-0.000129603 -2.22002e-05 7.36773e-19
-0.000129611 -2.22017e-05 7.36773e-19
-0.000129621 -2.22007e-05 7.36773e-19
-0.000129633 -2.21975e-05 7.36773e-19
-0.000129646 -2.21923e-05 7.36773e-19
-0.00012966 -2.21853e-05 7.36773e-19
-0.000129675 -2.21763e-05 7.36773e-19
-0.000129691 -2.2165e-05 7.36773e-19
-0.000129708 -2.21505e-05 7.36772e-19
-0.000129727 -2.21321e-05 7.36772e-19
-0.000129746 -2.2109e-05 7.36771e-19
-0.000129766 -2.20805e-05 7.3677e-19
-0.000129787 -2.20461e-05 7.36769e-19
-0.000129809 -2.20053e-05 7.36768e-19
-0.000129832 -2.19574e-05 7.36767e-19
-0.000129856 -2.1902e-05 7.36765e-19
-0.000129881 -2.18387e-05 7.36763e-19
-0.000129907 -2.17669e-05 7.36761e-19
-0.000129934 -2.16863e-05 7.36759e-19
-0.000129963 -2.15966e-05 7.36756e-19
-0.000129992 -2.14974e-05 7.36753e-19
-0.000130024 -2.13885e-05 7.3675e-19
-0.000130056 -2.12697e-05 7.36746e-19
-0.000130091 -2.1141e-05 7.36742e-19
-0.000130128 -2.10027e-05 7.36738e-19
-0.000130166 -2.08548e-05 7.36734e-19
-0.000130207 -2.06978e-05 7.36729e-19
-0.000130251 -2.05322e-05 7.36724e-19
-0.000130297 -2.03588e-05 7.36719e-19
-0.000130346 -2.01784e-05 7.36714e-19
-0.000130398 -1.99918e-05 7.36708e-19
-0.000130454 -1.98002e-05 7.36702e-19
-0.000130512 -1.96047e-05 7.36696e-19
-0.000130574 -1.94066e-05 7.3669e-19
-0.000130639 -1.92069e-05 7.36684e-19
-0.000130708 -1.90068e-05 7.36679e-19
-0.000130781 -1.88072e-05 7.36673e-19
-0.000130857 -1.86091e-05 7.36667e-19
-0.000130937 -1.84132e-05 7.36661e-19
-0.000131021 -1.82199e-05 7.36655e-19
-0.000131108 -1.80294e-05 7.3665e-19
-0.0001312 -1.78418e-05 7.36644e-19
-0.000131295 -1.7657e-05 7.36639e-19
-0.000131395 -1.7475e-05 7.36634e-19
-0.000131498 -1.72957e-05 7.36628e-19
-0.000131605 -1.7119e-05 7.36623e-19
-0.000131716 -1.69446e-05 7.36618e-19
-0.000131831 -1.67724e-05 7.36613e-19
-0.00013195 -1.66021e-05 7.36608e-19
-0.000132072 -1.64336e-05 7.36603e-19
-0.000132198 -1.62665e-05 7.36599e-19
-0.000132328 -1.61005e-05 7.36594e-19
-0.00013246 -1.59352e-05 7.36589e-19
-0.000132597 -1.57703e-05 7.36585e-19
-0.000132736 -1.56054e-05 7.3658e-19
-0.000132879 -1.544e-05 7.36575e-19
-0.000133024 -1.52737e-05 7.3657e-19
-0.000133173 -1.5106e-05 7.36566e-19
-0.000133325 -1.49366e-05 7.36561e-19
-0.00013348 -1.47652e-05 7.36556e-19
-0.000133638 -1.45917e-05 7.36551e-19
-0.000133799 -1.44159e-05 7.36546e-19
-0.000133963 -1.42378e-05 7.36541e-19
-0.00013413 -1.40574e-05 7.36535e-19
-0.0001343 -1.38748e-05 7.3653e-19
-0.000134473 -1.36899e-05 7.36525e-19
-0.000134649 -1.3503e-05 7.36519e-19
-0.000134828 -1.33144e-05 7.36514e-19
-0.00013501 -1.31248e-05 7.36508e-19
-0.000135194 -1.29345e-05 7.36503e-19
-0.000135382 -1.27442e-05 7.36497e-19
-0.000135572 -1.25543e-05 7.36492e-19
-0.000135766 -1.23651e-05 7.36486e-19
-0.000135963 -1.21767e-05 7.36481e-19
-0.000136164 -1.19897e-05 7.36475e-19
-0.000136367 -1.18044e-05 7.3647e-19
-0.000136574 -1.16213e-05 7.36464e-19
-0.000136784 -1.14409e-05 7.36459e-19
-0.000136997 -1.12636e-05 7.36454e-19
-0.000137213 -1.10896e-05 7.36449e-19
-0.000137432 -1.0919e-05 7.36444e-19
-0.000137654 -1.0752e-05 7.36439e-19
-0.000137879 -1.05884e-05 7.36435e-19
-0.000138107 -1.0428e-05 7.3643e-19
-0.000138337 -1.02704e-05 7.36426e-19
-0.00013857 -1.01152e-05 7.36421e-19
-0.000138805 -9.96194e-06 7.36417e-19
-0.000139042 -9.8104e-06 7.36412e-19
-0.000139282 -9.66035e-06 7.36408e-19
-0.000139523 -9.51159e-06 7.36404e-19
-0.000139767 -9.36389e-06 7.364e-19
-0.000140011 -9.21698e-06 7.36396e-19
-0.000140257 -9.07054e-06 7.36391e-19
-0.000140504 -8.92428e-06 7.36387e-19
-0.000140752 -8.77787e-06 7.36383e-19
-0.000141001 -8.63096e-06 7.36379e-19
-0.00014125 -8.48315e-06 7.36375e-19
-0.0001415 -8.33408e-06 7.36371e-19
-0.00014175 -8.18339e-06 7.36366e-19
-0.000142 -8.03063e-06 7.36362e-19
-0.00014225 -7.87537e-06 7.36358e-19
-0.000142499 -7.71719e-06 7.36353e-19
-0.000142749 -7.55581e-06 7.36349e-19
-0.000142998 -7.39121e-06 7.36344e-19
-0.000143247 -7.22352e-06 7.36339e-19
-0.000143496 -7.05296e-06 7.36334e-19
-0.000143743 -6.87984e-06 7.36329e-19
-0.00014399 -6.70458e-06 7.36324e-19
-0.000144237 -6.52771e-06 7.36319e-19
-0.000144482 -6.34979e-06 7.36314e-19
-0.000144726 -6.17139e-06 7.36309e-19
-0.000144969 -5.99313e-06 7.36304e-19
-0.000145211 -5.81564e-06 7.36298e-19
-0.000145451 -5.63953e-06 7.36293e-19
-0.00014569 -5.46535e-06 7.36288e-19
-0.000145928 -5.29346e-06 7.36284e-19
-0.000146164 -5.12413e-06 7.36279e-19
-0.000146399 -4.95755e-06 7.36274e-19
-0.000146632 -4.7938e-06 7.36269e-19
-0.000146863 -4.63277e-06 7.36265e-19
-0.000147092 -4.47423e-06 7.3626e-19
-0.000147319 -4.31787e-06 7.36256e-19
-0.000147544 -4.1633e-06 7.36251e-19
-0.000147768 -4.01004e-06 7.36247e-19
-0.000147989 -3.85756e-06 7.36243e-19
-0.000148208 -3.70526e-06 7.36238e-19
-0.000148424 -3.55252e-06 7.36234e-19
-0.000148639 -3.39868e-06 7.3623e-19
-0.000148851 -3.24307e-06 7.36225e-19
-0.00014906 -3.08502e-06 7.36221e-19
-0.000149266 -2.92393e-06 7.36216e-19
-0.00014947 -2.75935e-06 7.36212e-19
-0.000149671 -2.59099e-06 7.36207e-19
-0.000149868 -2.41811e-06 7.36202e-19
-0.000150061 -2.24091e-06 7.36197e-19
-0.000150251 -2.05948e-06 7.36192e-19
-0.000150437 -1.8736e-06 7.36186e-19
-0.000150621 -1.68343e-06 7.36181e-19
-0.000150801 -1.48901e-06 7.36175e-19
-0.000150977 -1.2908e-06 7.3617e-19
-0.00015115 -1.08928e-06 7.36164e-19
-0.000151319 -8.85084e-07 7.36158e-19
-0.000151485 -6.7881e-07 7.36152e-19
-0.000151646 -4.71015e-07 7.36146e-19
-0.000151804 -2.62172e-07 7.3614e-19
-0.000151958 -5.28236e-08 7.36134e-19
-0.000152108 1.56581e-07 7.36127e-19
-0.000152254 3.65788e-07 7.36121e-19
-0.000152397 5.74695e-07 7.36115e-19
-0.000152536 7.83182e-07 7.36109e-19
-0.000152671 9.91215e-07 7.36103e-19
-0.000152802 1.19898e-06 7.36097e-19
-0.00015293 1.40679e-06 7.36091e-19
-0.000153055 1.61499e-06 7.36085e-19
-0.000153177 1.82378e-06 7.36078e-19
-0.000153296 2.03306e-06 7.36072e-19
-0.000153412 2.24257e-06 7.36066e-19
-0.000153525 2.45203e-06 7.3606e-19
-0.000153635 2.66101e-06 7.36054e-19
-0.000153743 2.86888e-06 7.36048e-19
-0.000153848 3.07487e-06 7.36041e-19
-0.000153951 3.27819e-06 7.36035e-19
-0.000154052 3.47798e-06 7.3603e-19
-0.00015415 3.67318e-06 7.36024e-19
-0.000154245 3.86263e-06 7.36018e-19
-0.000154338 4.04521e-06 7.36013e-19
-0.000154428 4.21991e-06 7.36008e-19
-0.000154516 4.38598e-06 7.36003e-19
-0.000154601 4.5428e-06 7.35998e-19
-0.000154684 4.68991e-06 7.35994e-19
-0.000154764 4.82685e-06 7.3599e-19
-0.000154841 4.95323e-06 7.35986e-19
-0.000154916 5.06864e-06 7.35983e-19
-0.000154987 5.17278e-06 7.3598e-19
-0.000155056 5.26543e-06 7.35977e-19
-0.000155121 5.34643e-06 7.35975e-19
-0.000155183 5.41419e-06 7.35973e-19
-0.000155241 5.46985e-06 7.35971e-19
-0.000155296 5.51436e-06 7.3597e-19
-0.000155348 5.5472e-06 7.35969e-19
-0.000155396 5.56899e-06 7.35969e-19
-0.000155441 5.57967e-06 7.35969e-19
-0.000155481 5.57969e-06 7.35969e-19
-0.000155519 5.56926e-06 7.35969e-19
-0.000155552 5.54883e-06 7.3597e-19
-0.000155581 5.5187e-06 7.35971e-19
-0.000155607 5.47932e-06 7.35972e-19
-0.000155628 5.43111e-06 7.35974e-19
-0.000155645 5.37458e-06 7.35976e-19
-0.000155658 5.31016e-06 7.35978e-19
-0.000155666 5.23838e-06 7.3598e-19
-0.000155671 5.15986e-06 7.35982e-19
-0.000155671 5.07535e-06 7.35985e-19
-0.000155667 4.98554e-06 7.35987e-19
-0.000155658 4.89111e-06 7.3599e-19
-0.000155646 4.79282e-06 7.35993e-19
-0.000155629 4.69147e-06 7.35996e-19
-0.000155608 4.58778e-06 7.35999e-19
-0.000155583 4.48226e-06 7.36002e-19
-0.000155554 4.3741e-06 7.36006e-19
-0.00015552 4.26472e-06 7.36009e-19
-0.000155483 4.1551e-06 7.36012e-19
-0.000155441 4.04485e-06 7.36015e-19
-0.000155396 3.9339e-06 7.36018e-19
-0.000155347 3.82121e-06 7.36022e-19
-0.000155295 3.70608e-06 7.36025e-19
-0.000155238 3.58766e-06 7.36028e-19
-0.000155177 3.46559e-06 7.36032e-19
-0.000155112 3.33954e-06 7.36036e-19
-0.000155043 3.20936e-06 7.36039e-19
-0.00015497 3.07493e-06 7.36043e-19
-0.000154893 2.93638e-06 7.36047e-19
-0.000154812 2.79396e-06 7.36051e-19
-0.000154726 2.64802e-06 7.36055e-19
-0.000154637 2.49882e-06 7.3606e-19
-0.000154544 2.34657e-06 7.36064e-19
-0.000154446 2.1914e-06 7.36069e-19
-0.000154344 2.03346e-06 7.36073e-19
-0.000154238 1.87282e-06 7.36078e-19
-0.000154128 1.70934e-06 7.36083e-19
-0.000154013 1.54272e-06 7.36087e-19
-0.000153894 1.37271e-06 7.36092e-19
-0.000153769 1.19901e-06 7.36097e-19
-0.000153641 1.02135e-06 7.36103e-19
-0.000153507 8.39421e-07 7.36108e-19
-0.000153368 6.52962e-07 7.36113e-19
-0.000153224 4.61795e-07 7.36119e-19
-0.000153075 2.65963e-07 7.36124e-19
-0.000152921 6.5651e-08 7.3613e-19
-0.000152762 -1.38923e-07 7.36136e-19
-0.000152597 -3.47602e-07 7.36142e-19
-0.000152428 -5.60375e-07 7.36148e-19
-0.000152253 -7.77325e-07 7.36155e-19
-0.000152072 -9.98556e-07 7.36161e-19
-0.000151886 -1.22417e-06 7.36168e-19
-0.000151695 -1.45429e-06 7.36174e-19
-0.000151499 -1.68903e-06 7.36181e-19
-0.000151297 -1.92851e-06 7.36188e-19
-0.000151091 -2.1728e-06 7.36195e-19
-0.000150878 -2.42182e-06 7.36203e-19
-0.000150661 -2.67546e-06 7.3621e-19
-0.000150438 -2.93352e-06 7.36218e-19
-0.00015021 -3.19563e-06 7.36225e-19
-0.000149976 -3.46135e-06 7.36233e-19
-0.000149736 -3.73069e-06 7.36241e-19
-0.000149492 -4.00338e-06 7.36249e-19
-0.000149243 -4.27902e-06 7.36257e-19
-0.000148989 -4.55739e-06 7.36265e-19
-0.000148731 -4.83814e-06 7.36273e-19
-0.000148468 -5.12102e-06 7.36281e-19
-0.000148201 -5.40565e-06 7.3629e-19
-0.000147929 -5.69156e-06 7.36298e-19
-0.000147654 -5.97819e-06 7.36306e-19
-0.000147374 -6.26498e-06 7.36315e-19
-0.00014709 -6.55131e-06 7.36323e-19
-0.000146802 -6.83651e-06 7.36331e-19
-0.00014651 -7.11988e-06 7.3634e-19
-0.000146215 -7.40073e-06 7.36348e-19
-0.000145916 -7.6785e-06 7.36356e-19
-0.000145613 -7.95293e-06 7.36364e-19
-0.000145307 -8.22396e-06 7.36372e-19
-0.000144998 -8.49161e-06 7.3638e-19
-0.000144685 -8.75587e-06 7.36387e-19
-0.000144369 -9.01661e-06 7.36395e-19
-0.00014405 -9.27364e-06 7.36402e-19
-0.000143727 -9.52678e-06 7.36409e-19
-0.000143402 -9.776e-06 7.36417e-19
-0.000143074 -1.00213e-05 7.36424e-19
-0.000142743 -1.0263e-05 7.3643e-19
-0.000142409 -1.05013e-05 7.36437e-19
-0.000142073 -1.07366e-05 7.36444e-19
-0.000141734 -1.09693e-05 7.36451e-19
-0.000141393 -1.12e-05 7.36457e-19
-0.000141049 -1.14292e-05 7.36464e-19
-0.000140703 -1.16576e-05 7.3647e-19
-0.000140355 -1.1886e-05 7.36476e-19
-0.000140005 -1.21153e-05 7.36483e-19
-0.000139653 -1.23462e-05 7.36489e-19
-0.000139299 -1.25796e-05 7.36496e-19
-0.000138944 -1.28164e-05 7.36503e-19
-0.000138587 -1.30571e-05 7.3651e-19
-0.000138228 -1.33026e-05 7.36516e-19
-0.000137868 -1.35534e-05 7.36524e-19
-0.000137507 -1.38094e-05 7.36531e-19
-0.000137145 -1.40706e-05 7.36538e-19
-0.000136782 -1.43366e-05 7.36546e-19
-0.000136419 -1.4607e-05 7.36553e-19
-0.000136055 -1.48817e-05 7.36561e-19
-0.000135691 -1.51605e-05 7.36569e-19
-0.000135328 -1.54431e-05 7.36577e-19
-0.000134965 -1.57295e-05 7.36586e-19
-0.000134602 -1.60193e-05 7.36594e-19
-0.00013424 -1.63126e-05 7.36602e-19
-0.00013388 -1.66091e-05 7.36611e-19
-0.00013352 -1.69086e-05 7.36619e-19
-0.000133159 -1.72109e-05 7.36628e-19
-0.0001328 -1.75155e-05 7.36637e-19
-0.000132443 -1.78218e-05 7.36645e-19
-0.000132087 -1.81293e-05 7.36654e-19
-0.000131734 -1.84376e-05 7.36663e-19
-0.000131382 -1.87459e-05 7.36672e-19
-0.000131034 -1.90535e-05 7.36681e-19
-0.000130688 -1.93599e-05 7.3669e-19
-0.000130345 -1.96648e-05 7.36699e-19
-0.000130005 -1.9968e-05 7.36707e-19
-0.000129668 -2.02695e-05 7.36716e-19
-0.000129334 -2.05691e-05 7.36725e-19
-0.000129004 -2.08669e-05 7.36733e-19
-0.000128677 -2.11625e-05 7.36742e-19
-0.000128355 -2.14558e-05 7.3675e-19
-0.000128037 -2.17473e-05 7.36759e-19
-0.000127723 -2.20366e-05 7.36767e-19
-0.000127412 -2.2323e-05 7.36775e-19
-0.000127105 -2.26054e-05 7.36784e-19
-0.000126803 -2.28832e-05 7.36792e-19
-0.000126504 -2.31557e-05 7.36799e-19
-0.000126211 -2.34223e-05 7.36807e-19
-0.000125921 -2.36826e-05 7.36815e-19
-0.000125637 -2.39361e-05 7.36822e-19
-0.000125357 -2.4182e-05 7.36829e-19
-0.000125082 -2.442e-05 7.36836e-19
-0.000124811 -2.46494e-05 7.36842e-19
-0.000124546 -2.48695e-05 7.36849e-19
-0.000124287 -2.50802e-05 7.36855e-19
-0.000124033 -2.52813e-05 7.36861e-19
-0.000123784 -2.54729e-05 7.36866e-19
-0.000123541 -2.5655e-05 7.36871e-19
-0.000123304 -2.58273e-05 7.36876e-19
-0.000123073 -2.59893e-05 7.36881e-19
-0.000122848 -2.61408e-05 7.36885e-19
-0.00012263 -2.62816e-05 7.36889e-19
-0.000122418 -2.6412e-05 7.36893e-19
-0.000122212 -2.65323e-05 7.36896e-19
-0.000122013 -2.66434e-05 7.36899e-19
-0.000121821 -2.67457e-05 7.36902e-19
-0.000121636 -2.68393e-05 7.36904e-19
-0.000121458 -2.69241e-05 7.36907e-19
-0.000121287 -2.70002e-05 7.36909e-19
-0.000121123 -2.70675e-05 7.36911e-19
-0.000120968 -2.71264e-05 7.36912e-19
-0.00012082 -2.71774e-05 7.36913e-19
-0.000120679 -2.72211e-05 7.36915e-19
-0.000120547 -2.7258e-05 7.36915e-19
-0.000120422 -2.72883e-05 7.36916e-19
-0.000120306 -2.73124e-05 7.36917e-19
-0.000120198 -2.73303e-05 7.36917e-19
-0.000120098 -2.73422e-05 7.36917e-19
-0.000120007 -2.73488e-05 7.36917e-19
-0.000119924 -2.73509e-05 7.36917e-19
-0.000119849 -2.73492e-05 7.36917e-19
-0.000119782 -2.73443e-05 7.36917e-19
-0.000119724 -2.73371e-05 7.36917e-19
-0.000119675 -2.73282e-05 7.36916e-19
-0.000119633 -2.73182e-05 7.36916e-19
-0.0001196 -2.73076e-05 7.36916e-19
-0.000119575 -2.72964e-05 7.36916e-19
-0.000119558 -2.72845e-05 7.36915e-19
-0.00011955 -2.72717e-05 7.36915e-19
-0.00011955 -2.72579e-05 7.36914e-19
-0.000119558 -2.72428e-05 7.36914e-19
-0.000119574 -2.72266e-05 7.36914e-19
-0.000119599 -2.72092e-05 7.36913e-19
-0.000119631 -2.71905e-05 7.36913e-19
-0.000119671 -2.71702e-05 7.36912e-19
-0.000119719 -2.7148e-05 7.36912e-19
-0.000119775 -2.71233e-05 7.36911e-19
-0.000119839 -2.70956e-05 7.3691e-19
-0.000119911 -2.70647e-05 7.3691e-19
-0.00011999 -2.70301e-05 7.36909e-19
-0.000120077 -2.69916e-05 7.36908e-19
-0.000120171 -2.69486e-05 7.36907e-19
-0.000120273 -2.69004e-05 7.36905e-19
-0.000120382 -2.68457e-05 7.36904e-19
-0.0001205 -2.67837e-05 7.36902e-19
-0.000120624 -2.67132e-05 7.369e-19
-0.000120757 -2.66338e-05 7.36898e-19
-0.000120897 -2.65448e-05 7.36896e-19
-0.000121045 -2.64459e-05 7.36893e-19
-0.0001212 -2.63368e-05 7.3689e-19
-0.000121364 -2.62168e-05 7.36886e-19
-0.000121534 -2.60854e-05 7.36883e-19
-0.000121713 -2.59422e-05 7.36878e-19
-0.0001219 -2.57867e-05 7.36874e-19
-0.000122094 -2.56186e-05 7.36869e-19
-0.000122296 -2.54381e-05 7.36864e-19
-0.000122506 -2.52451e-05 7.36858e-19
-0.000122723 -2.50398e-05 7.36852e-19
-0.000122949 -2.48228e-05 7.36846e-19
-0.000123182 -2.45946e-05 7.36839e-19
-0.000123423 -2.43559e-05 7.36832e-19
-0.000123671 -2.41076e-05 7.36825e-19
-0.000123927 -2.38504e-05 7.36817e-19
-0.00012419 -2.35854e-05 7.3681e-19
-0.00012446 -2.33133e-05 7.36802e-19
-0.000124737 -2.30349e-05 7.36794e-19
-0.000125021 -2.27511e-05 7.36785e-19
-0.000125312 -2.24626e-05 7.36777e-19
-0.00012561 -2.21703e-05 7.36768e-19
-0.000125914 -2.18749e-05 7.3676e-19
-0.000126225 -2.1577e-05 7.36751e-19
-0.000126541 -2.12771e-05 7.36743e-19
-0.000126864 -2.09759e-05 7.36734e-19
-0.000127192 -2.06739e-05 7.36725e-19
-0.000127526 -2.03716e-05 7.36716e-19
-0.000127864 -2.00697e-05 7.36708e-19
-0.000128207 -1.97684e-05 7.36699e-19
-0.000128555 -1.94678e-05 7.3669e-19
-0.000128908 -1.91685e-05 7.36682e-19
-0.000129265 -1.88706e-05 7.36673e-19
-0.000129625 -1.85746e-05 7.36665e-19
-0.00012999 -1.82806e-05 7.36656e-19
-0.000130358 -1.79887e-05 7.36648e-19
-0.00013073 -1.76987e-05 7.3664e-19
-0.000131105 -1.74105e-05 7.36631e-19
-0.000131484 -1.71238e-05 7.36623e-19
-0.000131865 -1.68386e-05 7.36615e-19
-0.000132249 -1.65546e-05 7.36607e-19
-0.000132636 -1.62717e-05 7.36599e-19
-0.000133026 -1.59896e-05 7.36591e-19
-0.000133418 -1.57083e-05 7.36583e-19
-0.00013381 -1.54282e-05 7.36575e-19
-0.000134203 -1.5149e-05 7.36567e-19
-0.000134598 -1.4871e-05 7.36559e-19
-0.000134994 -1.45938e-05 7.36551e-19
-0.000135393 -1.43173e-05 7.36544e-19
-0.000135792 -1.40411e-05 7.36536e-19
-0.000136193 -1.37649e-05 7.36528e-19
-0.000136594 -1.34883e-05 7.3652e-19
-0.000136997 -1.3211e-05 7.36512e-19
-0.000137401 -1.29324e-05 7.36504e-19
-0.000137805 -1.26521e-05 7.36496e-19
-0.000138209 -1.23693e-05 7.36488e-19
-0.000138615 -1.20831e-05 7.3648e-19
-0.00013902 -1.17929e-05 7.36472e-19
-0.000139426 -1.14977e-05 7.36464e-19
-0.000139833 -1.1197e-05 7.36455e-19
-0.000140239 -1.08902e-05 7.36446e-19
-0.000140646 -1.05768e-05 7.36438e-19
-0.000141052 -1.02563e-05 7.36428e-19
-0.000141459 -9.92811e-06 7.36419e-19
-0.000141865 -9.59159e-06 7.36409e-19
-0.00014227 -9.24617e-06 7.36399e-19
-0.000142676 -8.89139e-06 7.36389e-19
-0.000143081 -8.52697e-06 7.36379e-19
-0.000143485 -8.15282e-06 7.36368e-19
-0.000143889 -7.76891e-06 7.36357e-19
-0.000144292 -7.37537e-06 7.36345e-19
-0.000144694 -6.97257e-06 7.36334e-19
-0.000145095 -6.56106e-06 7.36322e-19
-0.000145495 -6.14147e-06 7.36309e-19
-0.000145893 -5.7145e-06 7.36297e-19
-0.00014629 -5.28088e-06 7.36284e-19
-0.000146686 -4.8414e-06 7.36272e-19
-0.00014708 -4.39688e-06 7.36259e-19
-0.000147472 -3.94817e-06 7.36245e-19
-0.000147862 -3.4961e-06 7.36232e-19
-0.00014825 -3.04151e-06 7.36219e-19
-0.000148637 -2.58524e-06 7.36206e-19
-0.000149021 -2.12824e-06 7.36192e-19
-0.000149403 -1.67169e-06 7.36179e-19
-0.000149783 -1.21689e-06 7.36166e-19
-0.000150157 -7.64363e-07 7.36152e-19
-0.000150529 -3.15969e-07 7.36139e-19
-0.000150898 1.26879e-07 7.36126e-19
-0.000151263 5.63556e-07 7.36114e-19
-0.000151627 9.92964e-07 7.36101e-19
-0.000151987 1.41451e-06 7.36089e-19
-0.000152344 1.82736e-06 7.36077e-19
-0.000152698 2.231e-06 7.36065e-19
-0.000153049 2.62483e-06 7.36054e-19
-0.000153396 3.00851e-06 7.36042e-19
-0.00015374 3.38182e-06 7.36032e-19
-0.000154081 3.74479e-06 7.36021e-19
-0.000154419 4.0975e-06 7.36011e-19
-0.000154753 4.44003e-06 7.36001e-19
-0.000155083 4.7723e-06 7.35991e-19
-0.00015541 5.09417e-06 7.35982e-19
-0.00015573 5.39971e-06 7.35974e-19
-0.000156045 5.69302e-06 7.35965e-19
-0.000156357 5.97754e-06 7.35957e-19
-0.000156665 6.25134e-06 7.35949e-19
-0.000156969 6.51636e-06 7.35942e-19
-0.000157269 6.77218e-06 7.35935e-19
-0.000157565 7.02041e-06 7.35928e-19
-0.000157856 7.26173e-06 7.35921e-19
-0.000158144 7.49765e-06 7.35914e-19
-0.000158428 7.72915e-06 7.35908e-19
-0.000158707 7.95748e-06 7.35901e-19
-0.000158983 8.18361e-06 7.35895e-19
-0.000159254 8.40863e-06 7.35889e-19
-0.000159521 8.63342e-06 7.35882e-19
-0.000159784 8.85878e-06 7.35876e-19
-0.000160043 9.08529e-06 7.3587e-19
-0.000160298 9.31351e-06 7.35863e-19
-0.000160549 9.54382e-06 7.35857e-19
-0.000160796 9.77641e-06 7.3585e-19
-0.000161038 1.00113e-05 7.35843e-19
-0.000161276 1.02484e-05 7.35836e-19
-0.00016151 1.04875e-05 7.35829e-19
-0.00016174 1.07284e-05 7.35823e-19
-0.000161965 1.09709e-05 7.35816e-19
-0.000162186 1.12144e-05 7.35808e-19
-0.000162402 1.14586e-05 7.35801e-19
-0.000162614 1.17027e-05 7.35794e-19
-0.000162822 1.19458e-05 7.35787e-19
-0.000163024 1.21869e-05 7.3578e-19
-0.000163222 1.24252e-05 7.35773e-19
-0.000163415 1.26595e-05 7.35766e-19
-0.000163603 1.28892e-05 7.3576e-19
-0.000163787 1.31131e-05 7.35753e-19
-0.000163965 1.33305e-05 7.35747e-19
-0.000164138 1.35405e-05 7.35741e-19
-0.000164305 1.37424e-05 7.35735e-19
-0.000164467 1.39354e-05 7.35729e-19
-0.000164624 1.41187e-05 7.35724e-19
-0.000164775 1.42919e-05 7.35719e-19
-0.000164921 1.44544e-05 7.35714e-19
-0.00016506 1.46058e-05 7.35709e-19
-0.000165194 1.47456e-05 7.35705e-19
-0.000165322 1.48732e-05 7.35702e-19
-0.000165444 1.4988e-05 7.35698e-19
-0.00016556 1.50895e-05 7.35695e-19
-0.00016567 1.51772e-05 7.35693e-19
-0.000165773 1.5251e-05 7.35691e-19
-0.000165869 1.53108e-05 7.35689e-19
-0.000165959 1.53567e-05 7.35688e-19
-0.000166043 1.53887e-05 7.35687e-19
-0.00016612 1.5407e-05 7.35686e-19
-0.00016619 1.54116e-05 7.35686e-19
-0.000166253 1.54024e-05 7.35686e-19
-0.000166309 1.53796e-05 7.35687e-19
-0.000166359 1.53434e-05 7.35688e-19
-0.000166401 1.52937e-05 7.3569e-19
-0.000166436 1.52309e-05 7.35692e-19
-0.000166464 1.51552e-05 7.35694e-19
-0.000166485 1.50668e-05 7.35697e-19
-0.000166498 1.49662e-05 7.357e-19
-0.000166504 1.48535e-05 7.35703e-19
-0.000166503 1.47293e-05 7.35707e-19
-0.000166494 1.45938e-05 7.35711e-19
-0.000166478 1.44472e-05 7.35715e-19
-0.000166454 1.42899e-05 7.3572e-19
-0.000166422 1.41223e-05 7.35725e-19
-0.000166383 1.39451e-05 7.3573e-19
-0.000166336 1.37593e-05 7.35736e-19
-0.000166281 1.35659e-05 7.35742e-19
-0.000166218 1.33656e-05 7.35748e-19
-0.000166148 1.31592e-05 7.35754e-19
-0.00016607 1.29468e-05 7.3576e-19
-0.000165984 1.27288e-05 7.35767e-19
-0.00016589 1.25054e-05 7.35773e-19
-0.000165788 1.22772e-05 7.3578e-19
-0.000165677 1.20445e-05 7.35787e-19
-0.000165559 1.18077e-05 7.35794e-19
-0.000165432 1.15673e-05 7.35801e-19
-0.000165297 1.13236e-05 7.35808e-19
-0.000165153 1.10768e-05 7.35815e-19
-0.000165001 1.08272e-05 7.35823e-19
-0.00016484 1.0575e-05 7.3583e-19
-0.00016467 1.0321e-05 7.35838e-19
-0.000164492 1.00661e-05 7.35845e-19
-0.000164305 9.81103e-06 7.35852e-19
-0.00016411 9.55656e-06 7.3586e-19
-0.000163906 9.30312e-06 7.35867e-19
-0.000163694 9.05094e-06 7.35874e-19
-0.000163473 8.80015e-06 7.35882e-19
-0.000163243 8.55091e-06 7.35889e-19
-0.000163005 8.3036e-06 7.35896e-19
-0.000162758 8.05874e-06 7.35903e-19
-0.000162504 7.81677e-06 7.3591e-19
-0.000162241 7.57791e-06 7.35916e-19
-0.00016197 7.34199e-06 7.35923e-19
-0.000161691 7.10855e-06 7.3593e-19
-0.000161404 6.87703e-06 7.35936e-19
-0.00016111 6.64686e-06 7.35943e-19
-0.000160807 6.41753e-06 7.35949e-19
-0.000160498 6.1886e-06 7.35956e-19
-0.000160181 5.9596e-06 7.35962e-19
-0.000159857 5.73007e-06 7.35968e-19
-0.000159525 5.49963e-06 7.35975e-19
-0.000159187 5.26797e-06 7.35981e-19
-0.000158843 5.03479e-06 7.35988e-19
-0.000158492 4.79972e-06 7.35994e-19
-0.000158135 4.56234e-06 7.36001e-19
-0.000157772 4.32022e-06 7.36008e-19
-0.0001574 4.07041e-06 7.36015e-19
-0.000157022 3.81605e-06 7.36022e-19
-0.000156639 3.55744e-06 7.36029e-19
-0.000156251 3.29258e-06 7.36037e-19
-0.000155858 3.02108e-06 7.36044e-19
-0.000155459 2.74146e-06 7.36052e-19
-0.000155056 2.45288e-06 7.3606e-19
-0.000154648 2.15392e-06 7.36069e-19
-0.000154235 1.84366e-06 7.36078e-19
-0.000153817 1.52106e-06 7.36087e-19
-0.000153395 1.18558e-06 7.36097e-19
-0.000152967 8.36732e-07 7.36107e-19
-0.000152536 4.74294e-07 7.36117e-19
-0.000152099 9.81857e-08 7.36128e-19
-0.000151659 -2.9128e-07 7.3614e-19
-0.000151213 -6.93583e-07 7.36151e-19
-0.000150764 -1.10804e-06 7.36163e-19
-0.00015031 -1.53386e-06 7.36176e-19
-0.000149849 -1.96905e-06 7.36189e-19
-0.000149382 -2.41336e-06 7.36202e-19
-0.000148913 -2.86603e-06 7.36215e-19
-0.000148439 -3.32554e-06 7.36228e-19
-0.000147962 -3.79098e-06 7.36242e-19
-0.000147481 -4.26085e-06 7.36256e-19
-0.000146997 -4.73417e-06 7.36269e-19
-0.00014651 -5.20958e-06 7.36283e-19
-0.00014602 -5.68599e-06 7.36297e-19
-0.000145527 -6.1621e-06 7.36311e-19
-0.000145031 -6.63687e-06 7.36325e-19
-0.000144533 -7.10917e-06 7.36339e-19
-0.000144032 -7.57789e-06 7.36352e-19
-0.00014353 -8.0419e-06 7.36366e-19
-0.000143026 -8.50021e-06 7.36379e-19
-0.000142521 -8.9519e-06 7.36392e-19
-0.000142015 -9.39618e-06 7.36405e-19
-0.000141508 -9.83234e-06 7.36417e-19
-0.000141 -1.02598e-05 7.36429e-19
-0.000140493 -1.06781e-05 7.36441e-19
-0.000139986 -1.10872e-05 7.36453e-19
-0.000139479 -1.1487e-05 7.36465e-19
-0.000138974 -1.18777e-05 7.36476e-19
-0.000138469 -1.22597e-05 7.36487e-19
-0.000137966 -1.26336e-05 7.36497e-19
-0.000137465 -1.30007e-05 7.36507e-19
-0.000136965 -1.33619e-05 7.36518e-19
-0.000136468 -1.37185e-05 7.36528e-19
-0.000135973 -1.40711e-05 7.36538e-19
-0.00013548 -1.44206e-05 7.36548e-19
-0.000134991 -1.47676e-05 7.36557e-19
-0.000134504 -1.51127e-05 7.36567e-19
-0.000134019 -1.54567e-05 7.36577e-19
-0.000133536 -1.58e-05 7.36586e-19
-0.000133057 -1.61431e-05 7.36596e-19
-0.000132582 -1.64865e-05 7.36606e-19
-0.00013211 -1.6831e-05 7.36616e-19
-0.000131643 -1.71771e-05 7.36625e-19
-0.000131179 -1.75256e-05 7.36635e-19
-0.00013072 -1.7877e-05 7.36645e-19
-0.000130265 -1.8232e-05 7.36655e-19
-0.000129815 -1.85913e-05 7.36666e-19
-0.000129368 -1.89554e-05 7.36676e-19
-0.000128925 -1.93248e-05 7.36687e-19
-0.000128487 -1.96997e-05 7.36697e-19
-0.000128055 -2.00792e-05 7.36708e-19
-0.000127629 -2.04632e-05 7.36719e-19
-0.000127207 -2.08527e-05 7.36731e-19
-0.000126789 -2.12472e-05 7.36742e-19
-0.000126377 -2.16466e-05 7.36753e-19
-0.000125968 -2.20505e-05 7.36765e-19
-0.000125565 -2.24585e-05 7.36777e-19
-0.000125166 -2.28704e-05 7.36789e-19
-0.000124772 -2.32855e-05 7.36801e-19
-0.000124383 -2.37037e-05 7.36813e-19
-0.000123998 -2.41245e-05 7.36825e-19
-0.000123618 -2.4547e-05 7.36838e-19
-0.000123244 -2.49706e-05 7.3685e-19
-0.000122875 -2.53948e-05 7.36862e-19
-0.000122511 -2.58189e-05 7.36875e-19
-0.000122152 -2.62418e-05 7.36887e-19
-0.0001218 -2.66629e-05 7.36899e-19
-0.000121453 -2.7081e-05 7.36912e-19
-0.000121112 -2.74954e-05 7.36924e-19
-0.000120778 -2.7905e-05 7.36936e-19
-0.00012045 -2.83092e-05 7.36948e-19
-0.000120128 -2.87072e-05 7.36959e-19
-0.000119813 -2.90983e-05 7.36971e-19
-0.000119504 -2.9482e-05 7.36982e-19
-0.000119203 -2.9858e-05 7.36993e-19
-0.000118908 -3.02259e-05 7.37004e-19
-0.00011862 -3.05854e-05 7.37014e-19
-0.000118339 -3.09359e-05 7.37024e-19
-0.000118066 -3.1277e-05 7.37034e-19
-0.000117799 -3.1608e-05 7.37044e-19
-0.000117539 -3.19286e-05 7.37053e-19
-0.000117287 -3.22383e-05 7.37062e-19
-0.000117042 -3.25373e-05 7.37071e-19
-0.000116804 -3.28252e-05 7.3708e-19
-0.000116573 -3.3102e-05 7.37088e-19
-0.000116349 -3.33673e-05 7.37095e-19
-0.000116132 -3.36204e-05 7.37103e-19
-0.000115922 -3.38607e-05 7.3711e-19
-0.00011572 -3.40879e-05 7.37116e-19
-0.000115524 -3.43018e-05 7.37123e-19
-0.000115335 -3.45023e-05 7.37128e-19
-0.000115153 -3.46896e-05 7.37134e-19
-0.000114978 -3.48638e-05 7.37139e-19
-0.000114809 -3.50248e-05 7.37143e-19
-0.000114647 -3.51726e-05 7.37148e-19
-0.000114492 -3.53071e-05 7.37151e-19
-0.000114343 -3.54286e-05 7.37155e-19
-0.000114201 -3.5537e-05 7.37158e-19
-0.000114066 -3.56325e-05 7.37161e-19
-0.000113937 -3.57154e-05 7.37163e-19
-0.000113815 -3.57862e-05 7.37165e-19
-0.000113699 -3.58454e-05 7.37166e-19
-0.000113591 -3.58939e-05 7.37168e-19
-0.000113488 -3.59326e-05 7.37168e-19
-0.000113393 -3.59624e-05 7.37169e-19
-0.000113304 -3.59846e-05 7.3717e-19
-0.000113222 -3.60005e-05 7.3717e-19
-0.000113147 -3.60113e-05 7.3717e-19
-0.000113078 -3.60185e-05 7.3717e-19
-0.000113016 -3.60232e-05 7.3717e-19
-0.000112961 -3.60265e-05 7.3717e-19
-0.000112912 -3.60297e-05 7.3717e-19
-0.00011287 -3.60335e-05 7.3717e-19
-0.000112835 -3.60387e-05 7.3717e-19
-0.000112807 -3.60457e-05 7.3717e-19
-0.000112786 -3.60548e-05 7.3717e-19
-0.000112771 -3.60662e-05 7.37171e-19
-0.000112764 -3.608e-05 7.37171e-19
-0.000112764 -3.60962e-05 7.37172e-19
-0.00011277 -3.61146e-05 7.37172e-19
-0.000112784 -3.61347e-05 7.37173e-19
-0.000112805 -3.6156e-05 7.37174e-19
-0.000112833 -3.61775e-05 7.37174e-19
-0.000112869 -3.61983e-05 7.37175e-19
-0.000112911 -3.62171e-05 7.37176e-19
-0.000112961 -3.62334e-05 7.37176e-19
-0.000113018 -3.62461e-05 7.37177e-19
-0.000113081 -3.62545e-05 7.37177e-19
-0.000113152 -3.62578e-05 7.37178e-19
-0.00011323 -3.6255e-05 7.37178e-19
-0.000113315 -3.62454e-05 7.37178e-19
-0.000113406 -3.62279e-05 7.37177e-19
-0.000113504 -3.62018e-05 7.37177e-19
-0.000113609 -3.61662e-05 7.37176e-19
-0.00011372 -3.61206e-05 7.37175e-19
-0.000113838 -3.60642e-05 7.37173e-19
-0.000113962 -3.59965e-05 7.37172e-19
-0.000114093 -3.5917e-05 7.37169e-19
-0.000114229 -3.58255e-05 7.37167e-19
-0.000114372 -3.57215e-05 7.37164e-19
-0.000114521 -3.56052e-05 7.37161e-19
-0.000114675 -3.54765e-05 7.37157e-19
-0.000114836 -3.53359e-05 7.37153e-19
-0.000115002 -3.51839e-05 7.37149e-19
-0.000115173 -3.50211e-05 7.37144e-19
-0.00011535 -3.48477e-05 7.37139e-19
-0.000115532 -3.46641e-05 7.37134e-19
-0.00011572 -3.44709e-05 7.37128e-19
-0.000115913 -3.42685e-05 7.37122e-19
-0.000116111 -3.40574e-05 7.37116e-19
-0.000116314 -3.38383e-05 7.3711e-19
-0.000116522 -3.36118e-05 7.37103e-19
-0.000116735 -3.33785e-05 7.37096e-19
-0.000116953 -3.31393e-05 7.37089e-19
-0.000117175 -3.28948e-05 7.37082e-19
-0.000117403 -3.26457e-05 7.37075e-19
-0.000117635 -3.23929e-05 7.37067e-19
-0.000117872 -3.21371e-05 7.3706e-19
-0.000118113 -3.18795e-05 7.37052e-19
-0.000118358 -3.16208e-05 7.37045e-19
-0.000118607 -3.13619e-05 7.37037e-19
-0.000118861 -3.11034e-05 7.3703e-19
-0.000119119 -3.08459e-05 7.37022e-19
-0.00011938 -3.05896e-05 7.37015e-19
-0.000119646 -3.0335e-05 7.37007e-19
-0.000119915 -3.00819e-05 7.37e-19
-0.000120188 -2.98298e-05 7.36993e-19
-0.000120464 -2.95784e-05 7.36986e-19
-0.000120744 -2.93273e-05 7.36978e-19
-0.000121028 -2.90763e-05 7.36971e-19
-0.000121315 -2.88254e-05 7.36964e-19
-0.000121606 -2.85745e-05 7.36956e-19
-0.0001219 -2.83235e-05 7.36949e-19
-0.000122197 -2.80721e-05 7.36942e-19
-0.000122497 -2.782e-05 7.36935e-19
-0.0001228 -2.75668e-05 7.36927e-19
-0.000123106 -2.7312e-05 7.3692e-19
-0.000123415 -2.70552e-05 7.36913e-19
-0.000123727 -2.67958e-05 7.36905e-19
-0.000124042 -2.65333e-05 7.36898e-19
-0.00012436 -2.6267e-05 7.3689e-19
-0.00012468 -2.59962e-05 7.36882e-19
-0.000125004 -2.57202e-05 7.36874e-19
-0.000125331 -2.54383e-05 7.36866e-19
-0.00012566 -2.51498e-05 7.36858e-19
-0.000125992 -2.48542e-05 7.36849e-19
-0.000126327 -2.45514e-05 7.3684e-19
-0.000126665 -2.4241e-05 7.36832e-19
-0.000127006 -2.39226e-05 7.36822e-19
-0.000127349 -2.35963e-05 7.36813e-19
-0.000127695 -2.32622e-05 7.36803e-19
-0.000128044 -2.29205e-05 7.36793e-19
-0.000128396 -2.25714e-05 7.36783e-19
-0.000128751 -2.22154e-05 7.36773e-19
-0.000129108 -2.18531e-05 7.36762e-19
-0.000129467 -2.14852e-05 7.36752e-19
-0.000129828 -2.11119e-05 7.36741e-19
-0.000130192 -2.07333e-05 7.3673e-19
-0.000130558 -2.03494e-05 7.36719e-19
-0.000130927 -1.99602e-05 7.36708e-19
-0.000131298 -1.95656e-05 7.36696e-19
-0.000131672 -1.91655e-05 7.36685e-19
-0.000132047 -1.876e-05 7.36673e-19
-0.000132426 -1.83489e-05 7.36661e-19
-0.000132804 -1.79322e-05 7.36649e-19
-0.000133184 -1.75099e-05 7.36637e-19
-0.000133567 -1.7082e-05 7.36624e-19
-0.000133951 -1.66488e-05 7.36612e-19
-0.000134337 -1.62104e-05 7.36599e-19
-0.000134725 -1.57673e-05 7.36586e-19
-0.000135115 -1.53201e-05 7.36573e-19
-0.000135506 -1.48693e-05 7.3656e-19
-0.000135899 -1.44156e-05 7.36547e-19
-0.000136292 -1.39594e-05 7.36534e-19
-0.000136687 -1.3501e-05 7.3652e-19
-0.000137083 -1.30407e-05 7.36507e-19
-0.00013748 -1.2579e-05 7.36494e-19
-0.000137877 -1.21162e-05 7.3648e-19
-0.000138275 -1.16529e-05 7.36467e-19
-0.000138674 -1.11897e-05 7.36453e-19
-0.000139074 -1.07268e-05 7.3644e-19
-0.000139474 -1.02648e-05 7.36427e-19
-0.000139874 -9.80378e-06 7.36413e-19
-0.000140274 -9.34394e-06 7.364e-19
-0.000140675 -8.88553e-06 7.36387e-19
-0.000141077 -8.42892e-06 7.36373e-19
-0.000141478 -7.97453e-06 7.3636e-19
-0.000141879 -7.52277e-06 7.36347e-19
-0.000142281 -7.07405e-06 7.36334e-19
-0.000142683 -6.62865e-06 7.36321e-19
-0.000143084 -6.18677e-06 7.36308e-19
-0.000143486 -5.74861e-06 7.36296e-19
-0.000143888 -5.31436e-06 7.36283e-19
-0.000144289 -4.88422e-06 7.36271e-19
-0.000144691 -4.45842e-06 7.36258e-19
-0.000145092 -4.03715e-06 7.36246e-19
-0.000145493 -3.62054e-06 7.36234e-19
-0.000145894 -3.2086e-06 7.36222e-19
-0.000146295 -2.8012e-06 7.3621e-19
-0.000146696 -2.39821e-06 7.36199e-19
-0.000147096 -1.99956e-06 7.36187e-19
-0.000147496 -1.60542e-06 7.36176e-19
-0.000147895 -1.21608e-06 7.36164e-19
-0.000148294 -8.31852e-07 7.36153e-19
-0.000148692 -4.53057e-07 7.36142e-19
-0.00014909 -8.00925e-08 7.36132e-19
-0.000149486 2.86605e-07 7.36121e-19
-0.000149878 6.4757e-07 7.36111e-19
-0.000150268 1.00172e-06 7.36101e-19
-0.000150657 1.34842e-06 7.36091e-19
-0.000151044 1.68793e-06 7.36081e-19
-0.00015143 2.01992e-06 7.36071e-19
-0.000151813 2.34462e-06 7.36062e-19
-0.000152195 2.66201e-06 7.36053e-19
-0.000152574 2.97245e-06 7.36044e-19
-0.00015295 3.2761e-06 7.36035e-19
-0.000153325 3.57329e-06 7.36027e-19
-0.000153696 3.86418e-06 7.36019e-19
-0.000154064 4.14903e-06 7.3601e-19
-0.000154429 4.428e-06 7.36002e-19
-0.000154792 4.70129e-06 7.35995e-19
-0.000155147 4.96383e-06 7.35987e-19
-0.000155499 5.21931e-06 7.3598e-19
-0.000155847 5.4706e-06 7.35973e-19
-0.000156191 5.71568e-06 7.35966e-19
-0.000156531 5.95583e-06 7.35959e-19
-0.000156867 6.19008e-06 7.35952e-19
-0.000157199 6.41889e-06 7.35946e-19
-0.000157526 6.64177e-06 7.35939e-19
-0.000157848 6.85887e-06 7.35933e-19
-0.000158165 7.06992e-06 7.35927e-19
-0.000158477 7.27494e-06 7.35921e-19
-0.000158784 7.47376e-06 7.35916e-19
-0.000159086 7.66642e-06 7.3591e-19
-0.000159382 7.85291e-06 7.35905e-19
-0.000159672 8.03328e-06 7.359e-19
-0.000159957 8.20754e-06 7.35895e-19
-0.000160236 8.37577e-06 7.3589e-19
-0.000160509 8.53804e-06 7.35886e-19
-0.000160777 8.69445e-06 7.35881e-19
-0.000161038 8.84512e-06 7.35877e-19
-0.000161292 8.99026e-06 7.35873e-19
-0.000161541 9.13015e-06 7.35869e-19
-0.000161783 9.26507e-06 7.35865e-19
-0.000162018 9.39532e-06 7.35861e-19
-0.000162247 9.52121e-06 7.35858e-19
-0.000162469 9.64307e-06 7.35854e-19
-0.000162685 9.76123e-06 7.35851e-19
-0.000162893 9.87604e-06 7.35848e-19
-0.000163095 9.98794e-06 7.35845e-19
-0.00016329 1.00974e-05 7.35842e-19
-0.000163478 1.02049e-05 7.35839e-19
-0.000163658 1.03108e-05 7.35836e-19
-0.000163832 1.04157e-05 7.35833e-19
-0.000163998 1.052e-05 7.3583e-19
-0.000164157 1.06241e-05 7.35827e-19
-0.000164309 1.07284e-05 7.35824e-19
-0.000164454 1.08331e-05 7.35821e-19
-0.000164591 1.09384e-05 7.35818e-19
-0.000164721 1.10443e-05 7.35815e-19
-0.000164844 1.1151e-05 7.35812e-19
-0.000164959 1.12585e-05 7.35809e-19
-0.000165067 1.13667e-05 7.35805e-19
-0.000165167 1.14754e-05 7.35802e-19
-0.000165259 1.15846e-05 7.35799e-19
-0.000165345 1.16935e-05 7.35796e-19
-0.000165422 1.18012e-05 7.35793e-19
-0.000165492 1.19067e-05 7.3579e-19
-0.000165554 1.20093e-05 7.35787e-19
-0.000165609 1.21078e-05 7.35784e-19
-0.000165655 1.22014e-05 7.35781e-19
-0.000165694 1.22893e-05 7.35779e-19
-0.000165725 1.23706e-05 7.35776e-19
-0.000165747 1.24446e-05 7.35774e-19
-0.000165762 1.25109e-05 7.35772e-19
-0.000165769 1.25689e-05 7.3577e-19
-0.000165767 1.26182e-05 7.35769e-19
-0.000165758 1.26588e-05 7.35768e-19
-0.00016574 1.26909e-05 7.35767e-19
-0.000165714 1.27148e-05 7.35766e-19
-0.000165681 1.27306e-05 7.35766e-19
-0.00016564 1.27386e-05 7.35765e-19
-0.000165591 1.27388e-05 7.35765e-19
-0.000165534 1.27315e-05 7.35766e-19
-0.000165469 1.27166e-05 7.35766e-19
-0.000165397 1.26944e-05 7.35767e-19
-0.000165316 1.26651e-05 7.35767e-19
-0.000165229 1.26287e-05 7.35769e-19
-0.000165134 1.25855e-05 7.3577e-19
-0.000165031 1.25355e-05 7.35771e-19
-0.000164921 1.24788e-05 7.35773e-19
-0.000164804 1.24155e-05 7.35775e-19
-0.000164679 1.23457e-05 7.35777e-19
-0.000164547 1.22697e-05 7.35779e-19
-0.000164408 1.21879e-05 7.35781e-19
-0.000164263 1.21007e-05 7.35784e-19
-0.00016411 1.20084e-05 7.35786e-19
-0.000163951 1.1911e-05 7.35789e-19
-0.000163786 1.18085e-05 7.35792e-19
-0.000163614 1.17007e-05 7.35795e-19
-0.000163435 1.15875e-05 7.35798e-19
-0.000163251 1.14688e-05 7.35802e-19
-0.00016306 1.13444e-05 7.35805e-19
-0.000162863 1.12143e-05 7.35809e-19
-0.000162661 1.10784e-05 7.35813e-19
-0.000162453 1.09364e-05 7.35817e-19
-0.000162239 1.07885e-05 7.35821e-19
-0.00016202 1.06345e-05 7.35825e-19
-0.000161795 1.04742e-05 7.3583e-19
-0.000161565 1.03075e-05 7.35834e-19
-0.000161329 1.01338e-05 7.35839e-19
-0.000161089 9.9527e-06 7.35844e-19
-0.000160844 9.76394e-06 7.3585e-19
-0.000160593 9.56724e-06 7.35855e-19
-0.000160338 9.36247e-06 7.35861e-19
-0.000160078 9.1495e-06 7.35867e-19
-0.000159813 8.92826e-06 7.35874e-19
-0.000159544 8.69867e-06 7.3588e-19
-0.00015927 8.46068e-06 7.35887e-19
-0.000158991 8.21424e-06 7.35894e-19
-0.000158709 7.95932e-06 7.35901e-19
-0.000158421 7.69591e-06 7.35909e-19
-0.00015813 7.42396e-06 7.35917e-19
-0.000157834 7.14347e-06 7.35925e-19
-0.000157534 6.85441e-06 7.35933e-19
-0.00015723 6.55663e-06 7.35941e-19
-0.000156921 6.24994e-06 7.3595e-19
-0.000156609 5.93417e-06 7.35959e-19
-0.000156292 5.60904e-06 7.35969e-19
-0.000155971 5.27396e-06 7.35978e-19
-0.000155644 4.92379e-06 7.35988e-19
-0.000155311 4.55908e-06 7.35999e-19
-0.000154974 4.18269e-06 7.3601e-19
-0.000154632 3.79371e-06 7.36021e-19
-0.000154286 3.39267e-06 7.36033e-19
-0.000153936 2.9794e-06 7.36045e-19
-0.000153581 2.55456e-06 7.36057e-19
-0.000153222 2.11884e-06 7.3607e-19
-0.000152859 1.67359e-06 7.36083e-19
-0.000152492 1.22001e-06 7.36096e-19
-0.000152121 7.59462e-07 7.36109e-19
-0.000151746 2.93125e-07 7.36123e-19
-0.000151368 -1.77768e-07 7.36137e-19
-0.000150986 -6.52065e-07 7.36151e-19
-0.000150601 -1.1287e-06 7.36165e-19
-0.000150212 -1.60692e-06 7.36178e-19
-0.000149817 -2.08519e-06 7.36192e-19
-0.000149419 -2.56377e-06 7.36206e-19
-0.000149018 -3.04256e-06 7.3622e-19
-0.000148613 -3.52096e-06 7.36234e-19
-0.000148206 -3.99901e-06 7.36248e-19
-0.000147796 -4.47635e-06 7.36262e-19
-0.000147383 -4.95292e-06 7.36276e-19
-0.000146967 -5.42822e-06 7.36289e-19
-0.000146549 -5.90188e-06 7.36303e-19
-0.000146129 -6.37337e-06 7.36317e-19
-0.000145706 -6.84233e-06 7.3633e-19
-0.000145281 -7.30842e-06 7.36344e-19
-0.000144854 -7.77146e-06 7.36357e-19
-0.000144425 -8.23124e-06 7.36371e-19
-0.000143994 -8.68755e-06 7.36384e-19
-0.000143561 -9.14012e-06 7.36397e-19
-0.000143126 -9.58862e-06 7.3641e-19
-0.00014269 -1.00327e-05 7.36423e-19
-0.000142252 -1.04722e-05 7.36435e-19
-0.000141813 -1.09069e-05 7.36448e-19
-0.000141373 -1.13366e-05 7.3646e-19
-0.000140931 -1.17614e-05 7.36473e-19
-0.000140488 -1.21811e-05 7.36485e-19
-0.000140045 -1.2596e-05 7.36497e-19
-0.0001396 -1.30064e-05 7.36509e-19
-0.000139154 -1.34125e-05 7.3652e-19
-0.000138708 -1.38147e-05 7.36532e-19
-0.000138261 -1.42133e-05 7.36543e-19
-0.000137813 -1.4609e-05 7.36555e-19
-0.000137364 -1.50021e-05 7.36566e-19
-0.000136915 -1.53931e-05 7.36577e-19
-0.000136465 -1.5782e-05 7.36588e-19
-0.000136015 -1.61689e-05 7.36599e-19
-0.000135565 -1.65537e-05 7.36611e-19
-0.000135114 -1.69364e-05 7.36622e-19
-0.000134664 -1.73165e-05 7.36632e-19
-0.000134213 -1.76935e-05 7.36643e-19
-0.000133763 -1.8067e-05 7.36654e-19
-0.000133314 -1.84365e-05 7.36665e-19
-0.000132866 -1.88018e-05 7.36675e-19
-0.000132416 -1.91627e-05 7.36685e-19
-0.000131966 -1.95191e-05 7.36696e-19
-0.000131519 -1.98709e-05 7.36706e-19
-0.000131072 -2.02183e-05 7.36716e-19
-0.000130628 -2.05614e-05 7.36726e-19
-0.000130185 -2.09006e-05 7.36735e-19
-0.000129745 -2.1236e-05 7.36745e-19
-0.000129309 -2.15668e-05 7.36754e-19
-0.000128877 -2.18936e-05 7.36764e-19
-0.000128447 -2.22174e-05 7.36773e-19
-0.000128019 -2.25377e-05 7.36782e-19
-0.000127594 -2.28544e-05 7.36791e-19
-0.000127172 -2.31672e-05 7.368e-19
-0.000126754 -2.34756e-05 7.36809e-19
-0.00012634 -2.37792e-05 7.36818e-19
-0.000125929 -2.40779e-05 7.36826e-19
-0.000125523 -2.43721e-05 7.36835e-19
-0.000125121 -2.46617e-05 7.36843e-19
-0.000124724 -2.49465e-05 7.36851e-19
-0.000124332 -2.52267e-05 7.36859e-19
-0.000123945 -2.55023e-05 7.36867e-19
-0.000123563 -2.57733e-05 7.36875e-19
-0.000123186 -2.60398e-05 7.36882e-19
-0.000122815 -2.63017e-05 7.3689e-19
-0.00012245 -2.65592e-05 7.36897e-19
-0.00012209 -2.68122e-05 7.36905e-19
-0.000121737 -2.70608e-05 7.36912e-19
-0.00012139 -2.73049e-05 7.36919e-19
-0.000121048 -2.75443e-05 7.36925e-19
-0.000120714 -2.77788e-05 7.36932e-19
-0.000120386 -2.80084e-05 7.36939e-19
-0.000120065 -2.82334e-05 7.36945e-19
-0.00011975 -2.8454e-05 7.36952e-19
-0.000119443 -2.8671e-05 7.36958e-19
-0.000119142 -2.88847e-05 7.36964e-19
-0.000118848 -2.90956e-05 7.3697e-19
-0.000118561 -2.9304e-05 7.36976e-19
-0.000118281 -2.95103e-05 7.36982e-19
-0.000118008 -2.97147e-05 7.36988e-19
-0.000117742 -2.99174e-05 7.36993e-19
-0.000117483 -3.01182e-05 7.36999e-19
-0.000117232 -3.03171e-05 7.37005e-19
-0.000116988 -3.05138e-05 7.37011e-19
-0.000116752 -3.07083e-05 7.37016e-19
-0.000116523 -3.09004e-05 7.37022e-19
-0.000116301 -3.109e-05 7.37027e-19
-0.000116088 -3.12768e-05 7.37032e-19
-0.000115882 -3.14608e-05 7.37038e-19
-0.000115684 -3.16418e-05 7.37043e-19
-0.000115494 -3.18197e-05 7.37048e-19
-0.000115311 -3.19943e-05 7.37053e-19
-0.000115137 -3.21657e-05 7.37058e-19
-0.000114971 -3.23342e-05 7.37063e-19
-0.000114813 -3.24999e-05 7.37068e-19
-0.000114663 -3.26629e-05 7.37072e-19
-0.000114522 -3.28232e-05 7.37077e-19
-0.000114388 -3.2981e-05 7.37081e-19
-0.000114263 -3.31359e-05 7.37086e-19
-0.000114146 -3.32881e-05 7.3709e-19
-0.000114038 -3.34373e-05 7.37095e-19
-0.000113937 -3.35834e-05 7.37099e-19
-0.000113845 -3.37261e-05 7.37103e-19
-0.000113762 -3.38652e-05 7.37107e-19
-0.000113687 -3.40003e-05 7.37111e-19
-0.00011362 -3.41307e-05 7.37115e-19
-0.000113562 -3.4256e-05 7.37118e-19
-0.000113513 -3.43754e-05 7.37122e-19
-0.000113472 -3.44885e-05 7.37125e-19
-0.000113439 -3.45947e-05 7.37128e-19
-0.000113415 -3.46933e-05 7.37131e-19
-0.0001134 -3.47839e-05 7.37134e-19
-0.000113393 -3.4866e-05 7.37136e-19
-0.000113395 -3.4939e-05 7.37139e-19
-0.000113405 -3.50024e-05 7.3714e-19
-0.000113424 -3.5056e-05 7.37142e-19
-0.000113451 -3.50993e-05 7.37143e-19
-0.000113486 -3.51322e-05 7.37144e-19
-0.00011353 -3.51547e-05 7.37145e-19
-0.000113582 -3.51666e-05 7.37145e-19
-0.000113642 -3.51679e-05 7.37145e-19
-0.000113711 -3.51589e-05 7.37145e-19
-0.000113787 -3.51397e-05 7.37145e-19
-0.000113871 -3.51105e-05 7.37144e-19
-0.000113964 -3.50713e-05 7.37143e-19
-0.000114063 -3.50223e-05 7.37141e-19
-0.000114171 -3.49633e-05 7.3714e-19
-0.000114286 -3.48945e-05 7.37138e-19
-0.000114409 -3.48159e-05 7.37136e-19
-0.000114539 -3.47276e-05 7.37133e-19
-0.000114676 -3.46295e-05 7.3713e-19
-0.000114821 -3.45218e-05 7.37127e-19
-0.000114973 -3.44047e-05 7.37124e-19
-0.000115132 -3.42785e-05 7.3712e-19
-0.000115298 -3.41434e-05 7.37116e-19
-0.000115471 -3.39996e-05 7.37112e-19
-0.00011565 -3.3847e-05 7.37108e-19
-0.000115836 -3.36855e-05 7.37103e-19
-0.000116029 -3.3515e-05 7.37098e-19
-0.000116229 -3.33353e-05 7.37093e-19
-0.000116435 -3.31464e-05 7.37088e-19
-0.000116648 -3.29485e-05 7.37082e-19
-0.000116867 -3.27416e-05 7.37076e-19
-0.000117093 -3.25259e-05 7.3707e-19
-0.000117325 -3.23013e-05 7.37063e-19
-0.000117563 -3.2068e-05 7.37057e-19
-0.000117807 -3.18259e-05 7.3705e-19
-0.000118058 -3.15751e-05 7.37042e-19
-0.000118314 -3.13154e-05 7.37035e-19
-0.000118577 -3.10466e-05 7.37027e-19
-0.000118846 -3.07685e-05 7.37019e-19
-0.000119121 -3.04809e-05 7.37011e-19
-0.000119402 -3.01837e-05 7.37002e-19
-0.000119689 -2.98765e-05 7.36993e-19
-0.000119982 -2.95592e-05 7.36984e-19
-0.000120281 -2.92315e-05 7.36975e-19
-0.000120587 -2.88932e-05 7.36965e-19
-0.000120898 -2.85437e-05 7.36955e-19
-0.000121215 -2.81828e-05 7.36944e-19
-0.000121539 -2.78103e-05 7.36933e-19
-0.000121869 -2.74263e-05 7.36922e-19
-0.000122205 -2.70314e-05 7.36911e-19
-0.000122547 -2.66259e-05 7.36899e-19
-0.000122894 -2.62106e-05 7.36887e-19
-0.000123248 -2.57857e-05 7.36874e-19
-0.000123608 -2.53518e-05 7.36862e-19
-0.000123973 -2.49092e-05 7.36849e-19
-0.000124345 -2.44585e-05 7.36836e-19
-0.000124722 -2.40006e-05 7.36823e-19
-0.000125104 -2.35364e-05 7.36809e-19
-0.000125492 -2.30667e-05 7.36795e-19
-0.000125886 -2.25926e-05 7.36782e-19
-0.000126285 -2.21147e-05 7.36768e-19
-0.000126689 -2.16339e-05 7.36754e-19
-0.000127099 -2.11509e-05 7.3674e-19
-0.000127512 -2.06669e-05 7.36726e-19
-0.000127931 -2.01823e-05 7.36712e-19
-0.000128354 -1.96974e-05 7.36697e-19
-0.000128782 -1.92126e-05 7.36683e-19
-0.000129215 -1.87284e-05 7.36669e-19
-0.000129652 -1.82452e-05 7.36655e-19
-0.000130094 -1.77632e-05 7.36641e-19
-0.000130539 -1.72828e-05 7.36628e-19
-0.000130988 -1.68043e-05 7.36614e-19
-0.000131442 -1.63283e-05 7.366e-19
-0.000131899 -1.58558e-05 7.36586e-19
-0.00013236 -1.53875e-05 7.36573e-19
-0.000132824 -1.49243e-05 7.36559e-19
-0.000133292 -1.4467e-05 7.36546e-19
-0.000133762 -1.40162e-05 7.36533e-19
-0.000134235 -1.35728e-05 7.3652e-19
-0.000134711 -1.31371e-05 7.36508e-19
-0.000135187 -1.27096e-05 7.36496e-19
-0.000135664 -1.229e-05 7.36484e-19
-0.000136143 -1.18782e-05 7.36472e-19
-0.000136624 -1.1474e-05 7.3646e-19
-0.000137106 -1.10772e-05 7.36449e-19
-0.00013759 -1.06877e-05 7.36438e-19
-0.000138075 -1.03052e-05 7.36427e-19
-0.000138561 -9.92936e-06 7.36416e-19
-0.000139047 -9.55984e-06 7.36406e-19
-0.000139534 -9.19611e-06 7.36395e-19
-0.000140022 -8.83759e-06 7.36385e-19
-0.00014051 -8.48382e-06 7.36375e-19
-0.000140998 -8.13436e-06 7.36365e-19
-0.000141486 -7.78886e-06 7.36355e-19
-0.000141974 -7.447e-06 7.36346e-19
-0.000142461 -7.10848e-06 7.36336e-19
-0.000142948 -6.77301e-06 7.36326e-19
-0.000143433 -6.44035e-06 7.36317e-19
-0.000143918 -6.11027e-06 7.36308e-19
-0.000144402 -5.78252e-06 7.36298e-19
-0.000144884 -5.45667e-06 7.36289e-19
-0.000145364 -5.13224e-06 7.3628e-19
-0.000145843 -4.80873e-06 7.3627e-19
-0.00014632 -4.48574e-06 7.36261e-19
-0.000146795 -4.16307e-06 7.36252e-19
-0.000147268 -3.84058e-06 7.36243e-19
-0.000147738 -3.51824e-06 7.36234e-19
-0.000148206 -3.19605e-06 7.36224e-19
-0.000148671 -2.87409e-06 7.36215e-19
-0.000149133 -2.55255e-06 7.36206e-19
-0.000149588 -2.23061e-06 7.36197e-19
-0.000150039 -1.90933e-06 7.36187e-19
-0.000150487 -1.58946e-06 7.36178e-19
-0.00015093 -1.27096e-06 7.36169e-19
-0.00015137 -9.54522e-07 7.3616e-19
-0.000151805 -6.40262e-07 7.36151e-19
-0.000152236 -3.28772e-07 7.36142e-19
-0.000152662 -2.03411e-08 7.36133e-19
-0.000153082 2.84515e-07 7.36124e-19
-0.000153498 5.85528e-07 7.36116e-19
-0.000153908 8.82435e-07 7.36107e-19
-0.000154312 1.17518e-06 7.36099e-19
-0.000154711 1.46365e-06 7.36091e-19
-0.000155103 1.74787e-06 7.36082e-19
-0.000155489 2.02793e-06 7.36074e-19
-0.000155869 2.30403e-06 7.36066e-19
-0.000156241 2.57638e-06 7.36059e-19
-0.000156607 2.84517e-06 7.36051e-19
-0.000156966 3.11055e-06 7.36043e-19
-0.000157318 3.37263e-06 7.36036e-19
-0.000157663 3.63152e-06 7.36028e-19
-0.000157997 3.88248e-06 7.36021e-19
-0.000158323 4.12877e-06 7.36014e-19
-0.000158643 4.37286e-06 7.36007e-19
-0.000158953 4.6127e-06 7.36e-19
-0.000159257 4.84935e-06 7.35994e-19
-0.000159552 5.08176e-06 7.35987e-19
-0.000159838 5.31028e-06 7.3598e-19
-0.000160117 5.53432e-06 7.35974e-19
-0.000160387 5.754e-06 7.35968e-19
-0.000160648 5.96911e-06 7.35962e-19
-0.000160901 6.17983e-06 7.35956e-19
-0.000161145 6.38619e-06 7.3595e-19
-0.000161381 6.58841e-06 7.35944e-19
-0.000161608 6.78683e-06 7.35938e-19
-0.000161826 6.98199e-06 7.35933e-19
-0.000162036 7.17438e-06 7.35927e-19
-0.000162237 7.36449e-06 7.35922e-19
-0.000162429 7.55263e-06 7.35917e-19
-0.000162613 7.73901e-06 7.35911e-19
-0.000162788 7.92381e-06 7.35906e-19
-0.000162954 8.10721e-06 7.35901e-19
-0.000163112 8.28935e-06 7.35896e-19
-0.000163261 8.47035e-06 7.3589e-19
-0.000163402 8.65031e-06 7.35885e-19
-0.000163534 8.82926e-06 7.3588e-19
-0.000163658 9.0071e-06 7.35875e-19
-0.000163773 9.18362e-06 7.3587e-19
-0.000163879 9.35858e-06 7.35865e-19
-0.000163977 9.53183e-06 7.3586e-19
-0.000164067 9.70346e-06 7.35855e-19
-0.000164148 9.8737e-06 7.3585e-19
-0.000164221 1.00428e-05 7.35845e-19
-0.000164286 1.02109e-05 7.3584e-19
-0.000164342 1.03781e-05 7.35835e-19
-0.000164391 1.05445e-05 7.3583e-19
-0.000164431 1.071e-05 7.35825e-19
-0.000164464 1.08745e-05 7.35821e-19
-0.000164489 1.10379e-05 7.35816e-19
-0.000164507 1.11998e-05 7.35811e-19
-0.000164516 1.13599e-05 7.35806e-19
-0.000164519 1.15179e-05 7.35801e-19
-0.000164514 1.16735e-05 7.35797e-19
-0.000164502 1.18263e-05 7.35792e-19
-0.000164483 1.19762e-05 7.35788e-19
-0.000164456 1.21226e-05 7.35783e-19
-0.000164424 1.2265e-05 7.35779e-19
-0.000164384 1.24029e-05 7.35775e-19
-0.000164338 1.25356e-05 7.35771e-19
-0.000164286 1.26624e-05 7.35767e-19
-0.000164228 1.27825e-05 7.35763e-19
-0.000164163 1.28953e-05 7.3576e-19
-0.000164093 1.29999e-05 7.35756e-19
-0.000164017 1.30956e-05 7.35753e-19
-0.000163935 1.31813e-05 7.35751e-19
-0.000163848 1.3256e-05 7.35748e-19
-0.000163755 1.33185e-05 7.35746e-19
-0.000163657 1.33679e-05 7.35745e-19
-0.000163553 1.34033e-05 7.35743e-19
-0.000163444 1.34238e-05 7.35743e-19
-0.00016333 1.34288e-05 7.35742e-19
-0.000163211 1.34176e-05 7.35743e-19
-0.000163087 1.33894e-05 7.35743e-19
-0.000162958 1.33434e-05 7.35745e-19
-0.000162824 1.32789e-05 7.35746e-19
-0.000162685 1.31954e-05 7.35749e-19
-0.000162541 1.30926e-05 7.35752e-19
-0.000162393 1.29703e-05 7.35755e-19
-0.000162239 1.28286e-05 7.35759e-19
-0.00016208 1.26675e-05 7.35764e-19
-0.000161916 1.24871e-05 7.35769e-19
-0.000161747 1.22876e-05 7.35775e-19
-0.000161573 1.20693e-05 7.35782e-19
-0.000161394 1.18325e-05 7.35789e-19
-0.00016121 1.1578e-05 7.35796e-19
-0.000161021 1.1307e-05 7.35804e-19
-0.000160827 1.10206e-05 7.35812e-19
-0.000160628 1.072e-05 7.35821e-19
-0.000160423 1.04061e-05 7.35831e-19
-0.000160214 1.008e-05 7.3584e-19
-0.000159999 9.74269e-06 7.3585e-19
-0.000159779 9.39498e-06 7.3586e-19
-0.000159554 9.03753e-06 7.35871e-19
-0.000159324 8.67083e-06 7.35881e-19
-0.000159089 8.29529e-06 7.35893e-19
-0.000158848 7.91145e-06 7.35904e-19
-0.000158602 7.52009e-06 7.35915e-19
-0.000158351 7.12219e-06 7.35927e-19
-0.000158094 6.71871e-06 7.35939e-19
-0.000157832 6.31055e-06 7.35951e-19
-0.000157565 5.89859e-06 7.35963e-19
-0.000157293 5.48363e-06 7.35975e-19
-0.000157015 5.06645e-06 7.35987e-19
-0.000156733 4.64781e-06 7.35999e-19
-0.000156445 4.22863e-06 7.36011e-19
-0.00015615 3.80373e-06 7.36023e-19
-0.000155848 3.37757e-06 7.36036e-19
-0.000155542 2.95441e-06 7.36048e-19
-0.000155231 2.53249e-06 7.3606e-19
-0.000154915 2.11276e-06 7.36072e-19
-0.000154595 1.69388e-06 7.36085e-19
-0.00015427 1.27608e-06 7.36097e-19
-0.00015394 8.58613e-07 7.36109e-19
-0.000153606 4.41607e-07 7.36121e-19
-0.000153267 2.46227e-08 7.36133e-19
-0.000152923 -3.92418e-07 7.36145e-19
-0.000152575 -8.09993e-07 7.36157e-19
-0.000152222 -1.22842e-06 7.36169e-19
-0.000151865 -1.64818e-06 7.36181e-19
-0.000151503 -2.06949e-06 7.36193e-19
-0.000151136 -2.49235e-06 7.36205e-19
-0.000150764 -2.91647e-06 7.36217e-19
-0.000150389 -3.34156e-06 7.3623e-19
-0.000150005 -3.76621e-06 7.36242e-19
-0.000149616 -4.19099e-06 7.36254e-19
-0.000149223 -4.61595e-06 7.36266e-19
-0.000148825 -5.04041e-06 7.36279e-19
-0.000148424 -5.46433e-06 7.36291e-19
-0.000148018 -5.88722e-06 7.36303e-19
-0.000147608 -6.30904e-06 7.36315e-19
-0.000147193 -6.7294e-06 7.36327e-19
-0.000146776 -7.14822e-06 7.36339e-19
-0.000146354 -7.56526e-06 7.36351e-19
-0.000145928 -7.98048e-06 7.36363e-19
-0.000145499 -8.39373e-06 7.36375e-19
-0.000145066 -8.80506e-06 7.36387e-19
-0.00014463 -9.21468e-06 7.36399e-19
-0.00014419 -9.62306e-06 7.36411e-19
-0.000143747 -1.00306e-05 7.36423e-19
-0.0001433 -1.04376e-05 7.36434e-19
-0.000142851 -1.08439e-05 7.36446e-19
-0.000142398 -1.12494e-05 7.36458e-19
-0.000141943 -1.16536e-05 7.36469e-19
-0.000141486 -1.20562e-05 7.36481e-19
-0.000141025 -1.2457e-05 7.36493e-19
-0.000140563 -1.28558e-05 7.36504e-19
-0.000140099 -1.32524e-05 7.36516e-19
-0.000139633 -1.36464e-05 7.36527e-19
-0.000139166 -1.40371e-05 7.36538e-19
-0.000138697 -1.44235e-05 7.36549e-19
-0.000138227 -1.48047e-05 7.3656e-19
-0.000137757 -1.51797e-05 7.36571e-19
-0.000137287 -1.55474e-05 7.36582e-19
-0.000136816 -1.5907e-05 7.36592e-19
-0.000136346 -1.62576e-05 7.36602e-19
-0.000135876 -1.65981e-05 7.36612e-19
-0.000135408 -1.69278e-05 7.36622e-19
-0.00013494 -1.72457e-05 7.36631e-19
-0.000134474 -1.7551e-05 7.3664e-19
-0.00013401 -1.78429e-05 7.36648e-19
-0.000133549 -1.81212e-05 7.36656e-19
-0.000133089 -1.8386e-05 7.36663e-19
-0.00013263 -1.86374e-05 7.36671e-19
-0.000132172 -1.88756e-05 7.36677e-19
-0.000131719 -1.91006e-05 7.36684e-19
-0.000131269 -1.93127e-05 7.3669e-19
-0.000130823 -1.95122e-05 7.36695e-19
-0.000130381 -1.96994e-05 7.367e-19
-0.000129942 -1.98749e-05 7.36705e-19
-0.000129507 -2.00394e-05 7.3671e-19
-0.000129078 -2.01935e-05 7.36714e-19
-0.000128654 -2.03381e-05 7.36718e-19
-0.000128236 -2.04739e-05 7.36721e-19
-0.000127823 -2.06017e-05 7.36725e-19
-0.000127418 -2.07217e-05 7.36728e-19
-0.00012702 -2.08352e-05 7.36731e-19
-0.000126628 -2.09438e-05 7.36734e-19
-0.000126243 -2.10485e-05 7.36736e-19
-0.000125864 -2.11508e-05 7.36739e-19
-0.000125492 -2.12518e-05 7.36742e-19
-0.000125128 -2.13526e-05 7.36744e-19
-0.000124771 -2.14544e-05 7.36747e-19
-0.000124421 -2.15581e-05 7.3675e-19
-0.00012408 -2.16648e-05 7.36753e-19
-0.000123746 -2.17755e-05 7.36755e-19
-0.00012342 -2.18913e-05 7.36759e-19
-0.000123102 -2.20131e-05 7.36762e-19
-0.000122793 -2.21419e-05 7.36765e-19
-0.000122491 -2.22787e-05 7.36769e-19
-0.000122198 -2.24243e-05 7.36773e-19
-0.000121913 -2.25797e-05 7.36778e-19
-0.000121637 -2.27452e-05 7.36782e-19
-0.00012137 -2.29214e-05 7.36787e-19
-0.000121111 -2.31085e-05 7.36793e-19
-0.000120861 -2.33066e-05 7.36798e-19
-0.00012062 -2.35157e-05 7.36804e-19
-0.000120388 -2.37356e-05 7.36811e-19
-0.000120165 -2.3966e-05 7.36818e-19
-0.000119951 -2.42063e-05 7.36825e-19
-0.000119746 -2.4456e-05 7.36832e-19
-0.00011955 -2.47138e-05 7.36839e-19
-0.000119364 -2.49782e-05 7.36847e-19
-0.000119186 -2.52476e-05 7.36855e-19
-0.000119019 -2.55206e-05 7.36863e-19
-0.00011886 -2.57957e-05 7.36871e-19
-0.000118712 -2.60718e-05 7.3688e-19
-0.000118573 -2.63481e-05 7.36888e-19
-0.000118443 -2.66232e-05 7.36896e-19
-0.000118323 -2.6896e-05 7.36904e-19
-0.000118213 -2.71655e-05 7.36912e-19
-0.000118112 -2.74304e-05 7.3692e-19
-0.000118021 -2.76897e-05 7.36927e-19
-0.00011794 -2.79426e-05 7.36935e-19
-0.000117868 -2.81884e-05 7.36942e-19
-0.000117806 -2.84266e-05 7.36949e-19
-0.000117753 -2.86567e-05 7.36956e-19
-0.000117709 -2.88777e-05 7.36963e-19
-0.000117675 -2.90888e-05 7.36969e-19
-0.000117651 -2.92891e-05 7.36975e-19
-0.000117635 -2.94779e-05 7.3698e-19
-0.000117629 -2.96548e-05 7.36986e-19
-0.000117632 -2.98194e-05 7.3699e-19
-0.000117644 -2.99715e-05 7.36995e-19
-0.000117664 -3.0111e-05 7.36999e-19
-0.000117694 -3.02376e-05 7.37003e-19
-0.000117732 -3.03513e-05 7.37006e-19
-0.000117779 -3.0452e-05 7.37009e-19
-0.000117834 -3.05395e-05 7.37012e-19
-0.000117897 -3.06139e-05 7.37014e-19
-0.000117969 -3.06753e-05 7.37016e-19
-0.000118048 -3.07238e-05 7.37017e-19
-0.000118135 -3.07594e-05 7.37018e-19
-0.00011823 -3.07822e-05 7.37019e-19
-0.000118332 -3.07925e-05 7.37019e-19
-0.000118442 -3.07903e-05 7.37019e-19
-0.000118558 -3.07759e-05 7.37019e-19
-0.000118682 -3.07496e-05 7.37018e-19
-0.000118813 -3.07121e-05 7.37017e-19
-0.000118951 -3.06638e-05 7.37015e-19
-0.000119095 -3.06054e-05 7.37014e-19
-0.000119245 -3.05372e-05 7.37012e-19
-0.000119401 -3.04596e-05 7.37009e-19
-0.000119564 -3.03729e-05 7.37007e-19
-0.000119732 -3.02775e-05 7.37004e-19
-0.000119906 -3.01734e-05 7.37001e-19
-0.000120086 -3.0061e-05 7.36998e-19
-0.000120271 -2.99402e-05 7.36995e-19
-0.000120461 -2.98113e-05 7.36991e-19
-0.000120657 -2.96743e-05 7.36987e-19
-0.000120857 -2.95294e-05 7.36983e-19
-0.000121063 -2.93767e-05 7.36978e-19
-0.000121274 -2.92162e-05 7.36974e-19
-0.00012149 -2.90481e-05 7.36969e-19
-0.00012171 -2.88725e-05 7.36964e-19
-0.000121935 -2.86892e-05 7.36959e-19
-0.000122165 -2.84984e-05 7.36953e-19
-0.000122399 -2.83002e-05 7.36948e-19
-0.000122638 -2.80946e-05 7.36942e-19
-0.000122881 -2.78816e-05 7.36936e-19
-0.000123128 -2.76612e-05 7.36929e-19
-0.00012338 -2.74334e-05 7.36923e-19
-0.000123636 -2.71979e-05 7.36916e-19
-0.000123895 -2.69545e-05 7.36909e-19
-0.000124159 -2.67029e-05 7.36902e-19
-0.000124427 -2.64426e-05 7.36895e-19
-0.0001247 -2.61732e-05 7.36887e-19
-0.000124976 -2.5894e-05 7.36879e-19
-0.000125256 -2.56046e-05 7.36871e-19
-0.00012554 -2.53043e-05 7.36862e-19
-0.000125829 -2.49926e-05 7.36853e-19
-0.000126121 -2.46691e-05 7.36844e-19
-0.000126417 -2.43331e-05 7.36834e-19
-0.000126717 -2.39839e-05 7.36824e-19
-0.000127021 -2.36213e-05 7.36814e-19
-0.000127329 -2.32447e-05 7.36803e-19
-0.000127641 -2.2854e-05 7.36792e-19
-0.000127958 -2.24488e-05 7.3678e-19
-0.000128278 -2.20291e-05 7.36768e-19
-0.000128602 -2.15951e-05 7.36755e-19
-0.000128929 -2.1147e-05 7.36742e-19
-0.000129261 -2.06845e-05 7.36729e-19
-0.000129597 -2.02083e-05 7.36715e-19
-0.000129937 -1.97187e-05 7.36701e-19
-0.000130281 -1.92164e-05 7.36686e-19
-0.000130629 -1.87019e-05 7.36671e-19
-0.000130982 -1.81756e-05 7.36655e-19
-0.000131338 -1.76382e-05 7.3664e-19
-0.000131699 -1.70903e-05 7.36624e-19
-0.000132065 -1.65329e-05 7.36607e-19
-0.000132435 -1.5967e-05 7.36591e-19
-0.000132809 -1.53937e-05 7.36574e-19
-0.000133188 -1.48142e-05 7.36557e-19
-0.000133571 -1.42297e-05 7.3654e-19
-0.000133959 -1.36415e-05 7.36522e-19
-0.000134352 -1.3051e-05 7.36505e-19
-0.000134749 -1.24596e-05 7.36488e-19
-0.00013515 -1.18687e-05 7.3647e-19
-0.000135555 -1.12799e-05 7.36453e-19
-0.000135963 -1.06947e-05 7.36436e-19
-0.000136376 -1.01144e-05 7.36419e-19
-0.000136793 -9.5404e-06 7.36402e-19
-0.000137214 -8.97396e-06 7.36385e-19
-0.00013764 -8.41626e-06 7.36369e-19
-0.00013807 -7.86833e-06 7.36353e-19
-0.000138504 -7.3312e-06 7.36337e-19
-0.000138941 -6.80571e-06 7.36322e-19
-0.000139383 -6.29265e-06 7.36307e-19
-0.000139828 -5.79267e-06 7.36293e-19
-0.000140277 -5.3063e-06 7.36279e-19
-0.000140729 -4.83395e-06 7.36265e-19
-0.000141185 -4.3759e-06 7.36252e-19
-0.000141644 -3.93231e-06 7.36239e-19
-0.000142106 -3.50323e-06 7.36227e-19
-0.00014257 -3.08857e-06 7.36215e-19
-0.000143038 -2.68814e-06 7.36203e-19
-0.000143507 -2.30164e-06 7.36192e-19
-0.00014398 -1.92861e-06 7.36182e-19
-0.000144454 -1.5685e-06 7.36171e-19
-0.00014493 -1.22068e-06 7.36162e-19
-0.000145408 -8.84434e-07 7.36152e-19
-0.000145887 -5.5897e-07 7.36143e-19
-0.000146368 -2.4343e-07 7.36134e-19
-0.00014685 6.30756e-08 7.36125e-19
-0.000147333 3.6149e-07 7.36117e-19
-0.000147817 6.52828e-07 7.36109e-19
-0.000148302 9.38153e-07 7.36101e-19
-0.000148786 1.21852e-06 7.36093e-19
-0.000149271 1.49488e-06 7.36085e-19
-0.000149753 1.76915e-06 7.36078e-19
-0.000150232 2.04085e-06 7.3607e-19
-0.000150713 2.30984e-06 7.36063e-19
-0.000151192 2.57695e-06 7.36055e-19
-0.00015167 2.84209e-06 7.36048e-19
-0.000152147 3.10576e-06 7.3604e-19
-0.000152623 3.36793e-06 7.36033e-19
-0.000153097 3.62888e-06 7.36026e-19
-0.000153569 3.88855e-06 7.36018e-19
-0.000154039 4.14707e-06 7.36011e-19
-0.000154506 4.40439e-06 7.36004e-19
-0.000154971 4.66051e-06 7.35997e-19
-0.00015543 4.90973e-06 7.3599e-19
-0.000155885 5.15575e-06 7.35983e-19
-0.000156337 5.40139e-06 7.35976e-19
-0.000156784 5.64412e-06 7.35969e-19
-0.000157228 5.88467e-06 7.35962e-19
-0.000157667 6.1212e-06 7.35955e-19
-0.000158101 6.3534e-06 7.35949e-19
-0.00015853 6.58021e-06 7.35943e-19
-0.000158953 6.80193e-06 7.35936e-19
-0.00015937 7.01888e-06 7.3593e-19
-0.000159781 7.23174e-06 7.35924e-19
-0.000160186 7.44095e-06 7.35918e-19
-0.000160584 7.64694e-06 7.35913e-19
-0.000160975 7.84994e-06 7.35907e-19
-0.000161358 8.05024e-06 7.35901e-19
-0.000161734 8.24802e-06 7.35896e-19
-0.000162103 8.44349e-06 7.3589e-19
-0.000162463 8.63679e-06 7.35885e-19
-0.000162815 8.82804e-06 7.35879e-19
-0.000163159 9.01731e-06 7.35874e-19
-0.000163494 9.20466e-06 7.35869e-19
-0.00016382 9.39008e-06 7.35863e-19
-0.000164137 9.57353e-06 7.35858e-19
-0.000164444 9.75495e-06 7.35853e-19
-0.000164743 9.93422e-06 7.35848e-19
-0.000165032 1.01112e-05 7.35843e-19
-0.000165311 1.02858e-05 7.35838e-19
-0.00016558 1.04577e-05 7.35833e-19
