-1.3539e-05 6.98787e-08 -2.86593e-24
-2.70779e-05 1.39768e-07 -5.73229e-24
-4.06167e-05 2.09668e-07 -8.59909e-24
-5.41554e-05 2.79579e-07 -1.14663e-23
-6.76941e-05 3.495e-07 -1.4334e-23
-8.12326e-05 4.19432e-07 -1.72021e-23
-9.4771e-05 4.89374e-07 -2.00707e-23
-0.000108309 5.59327e-07 -2.29396e-23
-0.000121848 6.29291e-07 -2.58091e-23
-0.000135386 6.99266e-07 -2.86789e-23
-0.000135385 6.99427e-07 -2.86855e-23
-0.000135382 7.00136e-07 -2.87146e-23
-0.000135374 7.01727e-07 -2.87798e-23
-0.000135362 7.04411e-07 -2.88899e-23
-0.000135344 7.08186e-07 -2.90447e-23
-0.000135324 7.12622e-07 -2.92267e-23
-0.000135303 7.1707e-07 -2.94091e-23
-0.000135286 7.20883e-07 -2.95655e-23
-0.000135275 7.23338e-07 -2.96662e-23
-0.000135275 7.2355e-07 -2.96749e-23
-0.000135289 7.20562e-07 -2.95523e-23
-0.000135323 7.13453e-07 -2.92608e-23
-0.00013538 7.0147e-07 -2.87693e-23
-0.000135461 6.8416e-07 -2.80594e-23
-0.000135569 6.61254e-07 -2.71199e-23
-0.000135703 6.32529e-07 -2.59418e-23
-0.000135864 5.97973e-07 -2.45246e-23
-0.000136049 5.5796e-07 -2.28835e-23
-0.000136256 5.13073e-07 -2.10426e-23
-0.000136481 4.63926e-07 -1.90269e-23
-0.00013672 4.11446e-07 -1.68746e-23
-0.000136966 3.57181e-07 -1.4649e-23
-0.000137209 3.02983e-07 -1.24262e-23
-0.00013744 2.50672e-07 -1.02808e-23
-0.000137652 2.01916e-07 -8.28118e-24
-0.000137838 1.5811e-07 -6.48453e-24
-0.000137992 1.2046e-07 -4.94039e-24
-0.00013811 9.00888e-08 -3.6948e-24
-0.000138186 6.79548e-08 -2.78702e-24
-0.000138217 5.47687e-08 -2.24622e-24
-0.000138202 5.10632e-08 -2.09425e-24
-0.000138138 5.72688e-08 -2.34876e-24
-0.000138026 7.35682e-08 -3.01724e-24
-0.000137866 9.97452e-08 -4.09084e-24
-0.000137662 1.35339e-07 -5.55065e-24
-0.000137416 1.79814e-07 -7.37469e-24
-0.000137132 2.32519e-07 -9.53628e-24
-0.000136815 2.9265e-07 -1.20024e-23
-0.00013647 3.59311e-07 -1.47364e-23
-0.000136101 4.31585e-07 -1.77005e-23
-0.000135713 5.08642e-07 -2.08609e-23
-0.00013531 5.89853e-07 -2.41916e-23
-0.000134894 6.74703e-07 -2.76715e-23
-0.000134469 7.62703e-07 -3.12807e-23
-0.000134038 8.53164e-07 -3.49907e-23
-0.000133607 9.44962e-07 -3.87556e-23
-0.000133183 1.03678e-06 -4.25214e-23
-0.000132771 1.12738e-06 -4.62371e-23
-0.000132377 1.2155e-06 -4.98512e-23
-0.000132008 1.2998e-06 -5.33084e-23
-0.000131671 1.37892e-06 -5.65534e-23
-0.00013137 1.45163e-06 -5.95357e-23
-0.000131112 1.51678e-06 -6.22075e-23
-0.0001309 1.57322e-06 -6.45222e-23
-0.00013074 1.61988e-06 -6.64361e-23
-0.000130635 1.65585e-06 -6.79111e-23
-0.000130587 1.68053e-06 -6.89234e-23
-0.000130596 1.69395e-06 -6.94737e-23
-0.000130659 1.69647e-06 -6.95771e-23
-0.000130772 1.68856e-06 -6.92526e-23
-0.000130933 1.67093e-06 -6.85295e-23
-0.000131133 1.6447e-06 -6.74539e-23
-0.000131367 1.61122e-06 -6.60807e-23
-0.000131627 1.57184e-06 -6.44659e-23
-0.000131905 1.52807e-06 -6.26705e-23
-0.000132192 1.48163e-06 -6.07661e-23
-0.000132479 1.43437e-06 -5.88277e-23
-0.000132757 1.38804e-06 -5.69277e-23
-0.000133018 1.34422e-06 -5.51304e-23
-0.000133257 1.30416e-06 -5.34872e-23
-0.000133467 1.26887e-06 -5.20399e-23
-0.000133645 1.23926e-06 -5.08255e-23
-0.000133788 1.21594e-06 -4.9869e-23
-0.000133895 1.19907e-06 -4.91773e-23
-0.000133967 1.18853e-06 -4.87451e-23
-0.000134007 1.18408e-06 -4.85626e-23
-0.000134015 1.18524e-06 -4.861e-23
-0.000133998 1.19114e-06 -4.88522e-23
-0.000133961 1.20073e-06 -4.92454e-23
-0.000133909 1.21287e-06 -4.97433e-23
-0.000133848 1.22669e-06 -5.03103e-23
-0.000133779 1.24189e-06 -5.09336e-23
-0.000133704 1.25844e-06 -5.16124e-23
-0.000133623 1.27634e-06 -5.23462e-23
-0.000133537 1.29558e-06 -5.31355e-23
-0.000133446 1.31624e-06 -5.39828e-23
-0.00013335 1.33841e-06 -5.48922e-23
-0.000133248 1.36223e-06 -5.58689e-23
-0.000133142 1.38763e-06 -5.69109e-23
-0.000133033 1.4142e-06 -5.80005e-23
-0.000132924 1.44132e-06 -5.91126e-23
-0.000132819 1.46842e-06 -6.02241e-23
-0.00013272 1.49503e-06 -6.13154e-23
-0.000132627 1.52079e-06 -6.23722e-23
-0.000132542 1.54545e-06 -6.33836e-23
-0.000132466 1.5688e-06 -6.43409e-23
-0.000132399 1.59072e-06 -6.52401e-23
-0.00013234 1.6113e-06 -6.6084e-23
-0.000132288 1.6307e-06 -6.68798e-23
-0.000132241 1.64913e-06 -6.76356e-23
-0.000132198 1.66687e-06 -6.83631e-23
-0.000132157 1.68436e-06 -6.90806e-23
-0.000132113 1.70213e-06 -6.98094e-23
-0.000132065 1.72067e-06 -7.05698e-23
-0.000132012 1.7402e-06 -7.13706e-23
-0.000131953 1.76036e-06 -7.21974e-23
-0.000131893 1.7805e-06 -7.30234e-23
-0.000131835 1.79993e-06 -7.38204e-23
-0.000131781 1.81778e-06 -7.45524e-23
-0.000131739 1.83282e-06 -7.51691e-23
-0.000131714 1.84364e-06 -7.56128e-23
-0.000131713 1.84883e-06 -7.5826e-23
-0.000131742 1.84723e-06 -7.57601e-23
-0.000131804 1.83808e-06 -7.53848e-23
-0.000131902 1.8209e-06 -7.46802e-23
-0.000132038 1.79524e-06 -7.36278e-23
-0.000132212 1.76095e-06 -7.22217e-23
-0.000132424 1.71846e-06 -7.04792e-23
-0.000132669 1.66852e-06 -6.8431e-23
-0.000132945 1.61192e-06 -6.61093e-23
-0.000133246 1.54965e-06 -6.35555e-23
-0.000133566 1.48313e-06 -6.08275e-23
-0.000133898 1.414e-06 -5.79921e-23
-0.000134234 1.34389e-06 -5.51167e-23
-0.000134567 1.27431e-06 -5.22632e-23
-0.000134892 1.20649e-06 -4.94818e-23
-0.000135204 1.1415e-06 -4.68161e-23
-0.000135498 1.08038e-06 -4.43095e-23
-0.00013577 1.024e-06 -4.19972e-23
-0.000136018 9.72855e-07 -3.98996e-23
-0.00013624 9.27232e-07 -3.80285e-23
-0.000136437 8.87406e-07 -3.63951e-23
-0.000136606 8.5364e-07 -3.50102e-23
-0.000136746 8.26201e-07 -3.38849e-23
-0.000136856 8.05347e-07 -3.30296e-23
-0.000136936 7.91319e-07 -3.24543e-23
-0.000136983 7.84339e-07 -3.2168e-23
-0.000136998 7.84597e-07 -3.21786e-23
-0.000136978 7.92261e-07 -3.24929e-23
-0.000136924 8.07474e-07 -3.31168e-23
-0.000136836 8.30218e-07 -3.40496e-23
-0.000136714 8.60168e-07 -3.5278e-23
-0.00013656 8.96829e-07 -3.67816e-23
-0.000136378 9.39682e-07 -3.85391e-23
-0.00013617 9.88169e-07 -4.05277e-23
-0.000135937 1.04168e-06 -4.27225e-23
-0.000135684 1.09958e-06 -4.50971e-23
-0.000135412 1.1612e-06 -4.76243e-23
-0.000135124 1.22597e-06 -5.02806e-23
-0.000134822 1.2935e-06 -5.30503e-23
-0.000134507 1.36352e-06 -5.59219e-23
-0.00013418 1.43571e-06 -5.88825e-23
-0.000133842 1.50979e-06 -6.1921e-23
-0.000133494 1.58561e-06 -6.50304e-23
-0.000133137 1.66302e-06 -6.82052e-23
-0.000132771 1.74185e-06 -7.14384e-23
-0.000132397 1.82176e-06 -7.47158e-23
-0.00013202 1.90208e-06 -7.80096e-23
-0.000131642 1.98193e-06 -8.12848e-23
-0.000131269 2.06046e-06 -8.45054e-23
-0.000130905 2.13666e-06 -8.76306e-23
-0.000130556 2.20934e-06 -9.06114e-23
-0.000130228 2.2772e-06 -9.33944e-23
-0.000129928 2.33896e-06 -9.59274e-23
-0.00012966 2.39352e-06 -9.81653e-23
-0.00012943 2.44013e-06 -1.00077e-22
-0.000129239 2.47821e-06 -1.01638e-22
-0.00012909 2.50725e-06 -1.0283e-22
-0.000128985 2.52701e-06 -1.0364e-22
-0.000128923 2.53766e-06 -1.04077e-22
-0.000128902 2.53962e-06 -1.04157e-22
-0.00012892 2.53339e-06 -1.03902e-22
-0.000128974 2.51962e-06 -1.03337e-22
-0.00012906 2.49917e-06 -1.02498e-22
-0.000129174 2.47305e-06 -1.01427e-22
-0.00012931 2.4423e-06 -1.00166e-22
-0.000129464 2.40786e-06 -9.87532e-23
-0.000129633 2.37035e-06 -9.72148e-23
-0.000129815 2.33027e-06 -9.55711e-23
-0.000130008 2.28814e-06 -9.3843e-23
-0.000130208 2.24451e-06 -9.20538e-23
-0.000130412 2.20002e-06 -9.02292e-23
-0.000130618 2.15534e-06 -8.83969e-23
-0.000130821 2.11114e-06 -8.65841e-23
-0.000131019 2.06804e-06 -8.48165e-23
-0.00013121 2.02655e-06 -8.31149e-23
-0.000131391 1.98712e-06 -8.14976e-23
-0.00013156 1.95017e-06 -7.99821e-23
-0.000131714 1.91613e-06 -7.8586e-23
-0.000131852 1.88546e-06 -7.7328e-23
-0.000131971 1.85859e-06 -7.62263e-23
-0.00013207 1.83595e-06 -7.52976e-23
-0.000132147 1.81774e-06 -7.45509e-23
-0.000132202 1.80384e-06 -7.39807e-23
-0.000132237 1.79391e-06 -7.35734e-23
-0.000132254 1.78758e-06 -7.33137e-23
-0.000132255 1.78448e-06 -7.31869e-23
-0.00013224 1.78436e-06 -7.31816e-23
-0.000132211 1.78693e-06 -7.32873e-23
-0.00013217 1.79193e-06 -7.34922e-23
-0.000132117 1.79894e-06 -7.37799e-23
-0.000132056 1.80738e-06 -7.4126e-23
-0.000131991 1.81654e-06 -7.45017e-23
-0.000131924 1.8257e-06 -7.48773e-23
-0.00013186 1.83406e-06 -7.52201e-23
-0.000131803 1.84067e-06 -7.54912e-23
-0.000131757 1.84451e-06 -7.56485e-23
-0.000131728 1.84456e-06 -7.56509e-23
-0.000131719 1.84013e-06 -7.5469e-23
-0.000131731 1.83107e-06 -7.50976e-23
-0.000131763 1.81758e-06 -7.45441e-23
-0.000131813 1.79985e-06 -7.38169e-23
-0.000131881 1.77818e-06 -7.29284e-23
-0.000131965 1.75306e-06 -7.18979e-23
-0.000132061 1.72504e-06 -7.07487e-23
-0.000132167 1.6947e-06 -6.95044e-23
-0.00013228 1.66267e-06 -6.81907e-23
-0.000132397 1.62968e-06 -6.68381e-23
-0.000132515 1.59654e-06 -6.54789e-23
-0.000132629 1.56402e-06 -6.4145e-23
-0.000132738 1.53257e-06 -6.28549e-23
-0.000132843 1.502e-06 -6.16013e-23
-0.000132947 1.4718e-06 -6.03627e-23
-0.000133051 1.44144e-06 -5.91178e-23
-0.00013316 1.41038e-06 -5.78436e-23
-0.000133276 1.37796e-06 -5.65142e-23
-0.000133403 1.34354e-06 -5.51025e-23
-0.000133543 1.30649e-06 -5.35829e-23
-0.000133699 1.2664e-06 -5.19386e-23
-0.000133871 1.22327e-06 -5.01698e-23
-0.000134058 1.17734e-06 -4.82859e-23
-0.000134259 1.12888e-06 -4.62987e-23
-0.000134472 1.07827e-06 -4.42232e-23
-0.000134695 1.02602e-06 -4.20802e-23
-0.000134924 9.72721e-07 -3.98941e-23
-0.000135158 9.18993e-07 -3.76905e-23
-0.000135392 8.65515e-07 -3.54973e-23
-0.000135622 8.13038e-07 -3.3345e-23
-0.000135846 7.62352e-07 -3.12663e-23
-0.000136059 7.14251e-07 -2.92935e-23
-0.000136257 6.69575e-07 -2.74612e-23
-0.000136435 6.29257e-07 -2.58076e-23
-0.00013659 5.94259e-07 -2.43723e-23
-0.000136715 5.65512e-07 -2.31933e-23
-0.000136807 5.43906e-07 -2.23072e-23
-0.000136862 5.30292e-07 -2.17488e-23
-0.000136876 5.25465e-07 -2.15509e-23
-0.000136845 5.30151e-07 -2.1743e-23
-0.000136768 5.44782e-07 -2.23431e-23
-0.000136645 5.69263e-07 -2.33471e-23
-0.000136478 6.0319e-07 -2.47386e-23
-0.000136269 6.46089e-07 -2.6498e-23
-0.000136022 6.97011e-07 -2.85864e-23
-0.000135748 7.541e-07 -3.09278e-23
-0.000135456 8.1503e-07 -3.34267e-23
-0.000135157 8.77466e-07 -3.59874e-23
-0.000134864 9.39078e-07 -3.85143e-23
-0.000134587 9.97549e-07 -4.09124e-23
-0.000134336 1.0506e-06 -4.30883e-23
-0.000134122 1.09605e-06 -4.49521e-23
-0.000133953 1.13196e-06 -4.64251e-23
-0.000133837 1.15694e-06 -4.74494e-23
-0.000133778 1.16988e-06 -4.79801e-23
-0.00013378 1.1698e-06 -4.79768e-23
-0.000133845 1.15636e-06 -4.74256e-23
-0.000133968 1.13038e-06 -4.63602e-23
-0.000134141 1.09334e-06 -4.48409e-23
-0.000134358 1.04677e-06 -4.29311e-23
-0.000134609 9.92483e-07 -4.07046e-23
-0.000134882 9.32719e-07 -3.82535e-23
-0.000135166 8.69949e-07 -3.56791e-23
-0.000135449 8.0661e-07 -3.30814e-23
-0.000135719 7.44949e-07 -3.05525e-23
-0.000135968 6.8686e-07 -2.81701e-23
-0.000136188 6.33995e-07 -2.6002e-23
-0.00013637 5.87896e-07 -2.41113e-23
-0.00013651 5.49806e-07 -2.25491e-23
-0.000136603 5.20489e-07 -2.13468e-23
-0.000136648 5.00391e-07 -2.05225e-23
-0.000136644 4.89822e-07 -2.0089e-23
-0.000136592 4.88673e-07 -2.00419e-23
-0.000136496 4.96122e-07 -2.03474e-23
-0.000136363 5.10932e-07 -2.09548e-23
-0.000136199 5.31785e-07 -2.181e-23
-0.000136012 5.57432e-07 -2.28619e-23
-0.000135806 5.86849e-07 -2.40684e-23
-0.000135587 6.1913e-07 -2.53923e-23
-0.00013536 6.53357e-07 -2.67961e-23
-0.000135131 6.88659e-07 -2.82439e-23
-0.000134902 7.24258e-07 -2.97039e-23
-0.000134679 7.59451e-07 -3.11473e-23
-0.000134465 7.93589e-07 -3.25474e-23
-0.000134263 8.25994e-07 -3.38764e-23
-0.000134078 8.55882e-07 -3.51022e-23
-0.000133914 8.82458e-07 -3.61922e-23
-0.000133774 9.05018e-07 -3.71174e-23
-0.00013366 9.23352e-07 -3.78693e-23
-0.000133567 9.38152e-07 -3.84763e-23
-0.000133492 9.50618e-07 -3.89876e-23
-0.000133426 9.62017e-07 -3.94551e-23
-0.000133364 9.73673e-07 -3.99332e-23
-0.0001333 9.86962e-07 -4.04782e-23
-0.000133225 1.00328e-06 -4.11475e-23
-0.000133134 1.02403e-06 -4.19986e-23
-0.000133021 1.05022e-06 -4.30725e-23
-0.000132886 1.08203e-06 -4.43771e-23
-0.000132728 1.11922e-06 -4.59024e-23
-0.000132549 1.16151e-06 -4.76368e-23
-0.000132352 1.20813e-06 -4.9549e-23
-0.000132145 1.25738e-06 -5.15689e-23
-0.000131938 1.30705e-06 -5.3606e-23
-0.000131741 1.35494e-06 -5.55699e-23
-0.000131564 1.39891e-06 -5.73735e-23
-0.000131417 1.43699e-06 -5.89351e-23
-0.000131307 1.46729e-06 -6.01778e-23
-0.000131244 1.48799e-06 -6.10269e-23
-0.000131232 1.4978e-06 -6.14289e-23
-0.000131274 1.49636e-06 -6.13699e-23
-0.000131368 1.48388e-06 -6.08583e-23
-0.000131513 1.46065e-06 -5.99053e-23
-0.000131704 1.42739e-06 -5.85414e-23
-0.000131935 1.38573e-06 -5.68328e-23
-0.000132195 1.33774e-06 -5.48646e-23
-0.000132474 1.28551e-06 -5.27227e-23
-0.000132762 1.23091e-06 -5.04832e-23
-0.000133054 1.1753e-06 -4.82025e-23
-0.000133344 1.11979e-06 -4.59259e-23
-0.000133627 1.06544e-06 -4.36969e-23
-0.000133899 1.01307e-06 -4.1549e-23
-0.000134159 9.63017e-07 -3.94961e-23
-0.000134405 9.15358e-07 -3.75415e-23
-0.000134639 8.70126e-07 -3.56864e-23
-0.000134861 8.27034e-07 -3.39191e-23
-0.000135076 7.85194e-07 -3.22031e-23
-0.000135289 7.43398e-07 -3.04889e-23
-0.000135506 7.00439e-07 -2.8727e-23
-0.000135733 6.5523e-07 -2.68729e-23
-0.000135973 6.06923e-07 -2.48917e-23
-0.00013623 5.54821e-07 -2.27548e-23
-0.000136506 4.98264e-07 -2.04353e-23
-0.000136804 4.36807e-07 -1.79147e-23
-0.000137124 3.70393e-07 -1.51909e-23
-0.000137465 2.99192e-07 -1.22707e-23
-0.000137825 2.23414e-07 -9.16287e-24
-0.000138204 1.43301e-07 -5.87717e-24
-0.000138598 5.90986e-08 -2.4238e-24
-0.000139007 -2.89291e-08 1.18646e-24
-0.00013943 -1.20498e-07 4.94199e-24
-0.000139863 -2.15299e-07 8.83005e-24
-0.000140305 -3.12989e-07 1.28366e-23
-0.000140753 -4.13214e-07 1.69471e-23
-0.000141206 -5.15632e-07 2.11476e-23
-0.000141661 -6.19779e-07 2.54189e-23
-0.000142114 -7.24925e-07 2.97313e-23
-0.00014256 -8.30233e-07 3.40503e-23
-0.000142996 -9.34918e-07 3.83437e-23
-0.000143417 -1.03816e-06 4.25779e-23
-0.000143819 -1.13899e-06 4.67132e-23
-0.000144196 -1.23642e-06 5.07092e-23
-0.000144545 -1.32956e-06 5.45292e-23
-0.000144862 -1.41751e-06 5.81364e-23
-0.000145141 -1.49924e-06 6.14882e-23
-0.000145378 -1.57371e-06 6.45423e-23
-0.00014557 -1.64e-06 6.72611e-23
-0.000145714 -1.69742e-06 6.96161e-23
-0.000145808 -1.7456e-06 7.15919e-23
-0.000145853 -1.78436e-06 7.31818e-23
-0.000145849 -1.81367e-06 7.43838e-23
-0.000145799 -1.83387e-06 7.52122e-23
-0.000145709 -1.846e-06 7.57099e-23
-0.000145595 -1.85283e-06 7.59897e-23
-0.000145459 -1.85478e-06 7.60701e-23
-0.000145305 -1.85274e-06 7.59864e-23
-0.000145143 -1.84879e-06 7.58244e-23
-0.000144982 -1.84418e-06 7.56353e-23
-0.000144829 -1.8407e-06 7.54926e-23
-0.000144692 -1.83967e-06 7.54501e-23
-0.00014458 -1.84267e-06 7.55731e-23
-0.000144498 -1.851e-06 7.59147e-23
-0.000144454 -1.86595e-06 7.65282e-23
-0.00014445 -1.88806e-06 7.74348e-23
-0.000144484 -1.91668e-06 7.86087e-23
-0.000144549 -1.95043e-06 7.99928e-23
-0.000144637 -1.98783e-06 8.15266e-23
-0.000144741 -2.02708e-06 8.31364e-23
-0.00014485 -2.06596e-06 8.47311e-23
-0.00014495 -2.10199e-06 8.62087e-23
-0.000145032 -2.13265e-06 8.74661e-23
-0.000145082 -2.15577e-06 8.84144e-23
-0.000145095 -2.16994e-06 8.89955e-23
-0.000145065 -2.17415e-06 8.9168e-23
-0.000144987 -2.16744e-06 8.88928e-23
-0.000144857 -2.14921e-06 8.81452e-23
-0.000144677 -2.11956e-06 8.69294e-23
-0.000144448 -2.07899e-06 8.52654e-23
-0.000144172 -2.02805e-06 8.31762e-23
-0.000143852 -1.96724e-06 8.06824e-23
-0.000143488 -1.89687e-06 7.77961e-23
-0.000143082 -1.81716e-06 7.45268e-23
-0.000142635 -1.7284e-06 7.08868e-23
-0.000142148 -1.63061e-06 6.68759e-23
-0.000141617 -1.52308e-06 6.2466e-23
-0.000141037 -1.40483e-06 5.76161e-23
-0.000140405 -1.27493e-06 5.22886e-23
-0.000139719 -1.13291e-06 4.64638e-23
-0.00013898 -9.79058e-07 4.0154e-23
-0.000138193 -8.14118e-07 3.33893e-23
-0.000137373 -6.40531e-07 2.627e-23
-0.00013652 -4.5856e-07 1.88069e-23
-0.000135638 -2.69547e-07 1.10549e-23
-0.000134746 -7.67898e-08 3.14937e-24
-0.000133852 1.17459e-07 -4.81734e-24
-0.000132972 3.10518e-07 -1.27353e-23
-0.000132112 5.00649e-07 -2.0533e-23
-0.000131282 6.86113e-07 -2.81395e-23
-0.000130489 8.65478e-07 -3.54957e-23
-0.000129738 1.03758e-06 -4.2554e-23
-0.000129031 1.20207e-06 -4.93004e-23
-0.000128368 1.35899e-06 -5.57361e-23
-0.000127748 1.50851e-06 -6.18685e-23
-0.000127168 1.65113e-06 -6.77178e-23
-0.000126623 1.78792e-06 -7.33276e-23
-0.000126107 1.92023e-06 -7.87543e-23
-0.000125611 2.04953e-06 -8.4057e-23
-0.00012513 2.17682e-06 -8.92777e-23
-0.000124665 2.30226e-06 -9.44222e-23
-0.000124214 2.42551e-06 -9.94773e-23
-0.00012378 2.54629e-06 -1.04431e-22
-0.000123364 2.6641e-06 -1.09262e-22
-0.000122969 2.77813e-06 -1.13939e-22
-0.0001226 2.88735e-06 -1.18419e-22
-0.000122261 2.99078e-06 -1.22661e-22
-0.000121955 3.08773e-06 -1.26637e-22
-0.00012168 3.17816e-06 -1.30346e-22
-0.000121437 3.26237e-06 -1.33799e-22
-0.000121223 3.34062e-06 -1.37009e-22
-0.000121035 3.41337e-06 -1.39992e-22
-0.000120871 3.48139e-06 -1.42782e-22
-0.000120724 3.54558e-06 -1.45414e-22
-0.000120593 3.60683e-06 -1.47927e-22
-0.00012047 3.66626e-06 -1.50364e-22
-0.000120349 3.72545e-06 -1.52792e-22
-0.000120221 3.78625e-06 -1.55285e-22
-0.000120078 3.85038e-06 -1.57915e-22
-0.000119915 3.9192e-06 -1.60738e-22
-0.000119729 3.99332e-06 -1.63777e-22
-0.00011952 4.07298e-06 -1.67045e-22
-0.000119287 4.15838e-06 -1.70547e-22
-0.000119033 4.24898e-06 -1.74263e-22
-0.000118767 4.343e-06 -1.78119e-22
-0.000118502 4.43799e-06 -1.82015e-22
-0.00011825 4.53152e-06 -1.85851e-22
-0.000118023 4.62101e-06 -1.89521e-22
-0.000117836 4.70359e-06 -1.92908e-22
-0.000117703 4.77633e-06 -1.95891e-22
-0.000117637 4.83642e-06 -1.98356e-22
-0.000117648 4.8817e-06 -2.00213e-22
-0.000117742 4.91118e-06 -2.01422e-22
-0.00011792 4.92457e-06 -2.01971e-22
-0.000118182 4.92178e-06 -2.01856e-22
-0.000118525 4.90337e-06 -2.01102e-22
-0.00011894 4.87107e-06 -1.99777e-22
-0.000119415 4.82724e-06 -1.97979e-22
-0.000119938 4.77438e-06 -1.95811e-22
-0.000120496 4.71493e-06 -1.93373e-22
-0.000121079 4.65108e-06 -1.90754e-22
-0.000121676 4.5849e-06 -1.8804e-22
-0.000122275 4.51847e-06 -1.85315e-22
-0.000122868 4.45333e-06 -1.82644e-22
-0.000123453 4.38996e-06 -1.80045e-22
-0.000124029 4.32825e-06 -1.77514e-22
-0.000124595 4.26803e-06 -1.75044e-22
-0.000125153 4.20898e-06 -1.72623e-22
-0.000125704 4.15048e-06 -1.70223e-22
-0.000126252 4.0917e-06 -1.67813e-22
-0.0001268 4.03176e-06 -1.65354e-22
-0.00012735 3.97017e-06 -1.62828e-22
-0.000127901 3.90725e-06 -1.60248e-22
-0.000128448 3.84371e-06 -1.57642e-22
-0.000128987 3.7802e-06 -1.55037e-22
-0.000129516 3.71744e-06 -1.52463e-22
-0.000130031 3.65626e-06 -1.49954e-22
-0.000130526 3.59755e-06 -1.47546e-22
-0.000130998 3.54213e-06 -1.45273e-22
-0.000131445 3.49065e-06 -1.43162e-22
-0.000131864 3.44357e-06 -1.41231e-22
-0.000132254 3.4012e-06 -1.39493e-22
-0.000132614 3.36377e-06 -1.37958e-22
-0.000132944 3.33132e-06 -1.36627e-22
-0.000133245 3.3036e-06 -1.3549e-22
-0.000133521 3.28014e-06 -1.34528e-22
-0.000133773 3.26047e-06 -1.33721e-22
-0.000134004 3.24414e-06 -1.33051e-22
-0.000134216 3.23078e-06 -1.32503e-22
-0.000134411 3.22007e-06 -1.32065e-22
-0.000134591 3.21173e-06 -1.31722e-22
-0.000134754 3.20572e-06 -1.31476e-22
-0.0001349 3.20263e-06 -1.31349e-22
-0.000135024 3.20332e-06 -1.31378e-22
-0.000135122 3.20869e-06 -1.31598e-22
-0.000135188 3.21978e-06 -1.32053e-22
-0.000135217 3.23801e-06 -1.328e-22
-0.0001352 3.26492e-06 -1.33904e-22
-0.000135131 3.30205e-06 -1.35427e-22
-0.000135005 3.3502e-06 -1.37401e-22
-0.000134826 3.40878e-06 -1.39804e-22
-0.000134598 3.47645e-06 -1.42579e-22
-0.00013433 3.55183e-06 -1.45671e-22
-0.000134029 3.63283e-06 -1.48993e-22
-0.000133712 3.71601e-06 -1.52404e-22
-0.000133399 3.79722e-06 -1.55735e-22
-0.000133108 3.87239e-06 -1.58818e-22
-0.000132857 3.9375e-06 -1.61488e-22
-0.000132664 3.98864e-06 -1.63585e-22
-0.000132547 4.02199e-06 -1.64953e-22
-0.000132521 4.03394e-06 -1.65444e-22
-0.000132602 4.02125e-06 -1.64923e-22
-0.0001328 3.98134e-06 -1.63286e-22
-0.000133123 3.91203e-06 -1.60444e-22
-0.000133581 3.81139e-06 -1.56316e-22
-0.000134177 3.67833e-06 -1.50859e-22
-0.000134907 3.5133e-06 -1.44091e-22
-0.000135763 3.31761e-06 -1.36065e-22
-0.000136738 3.09274e-06 -1.26842e-22
-0.000137818 2.84085e-06 -1.16511e-22
-0.000138987 2.56543e-06 -1.05216e-22
-0.000140223 2.27064e-06 -9.31255e-23
-0.000141505 1.96061e-06 -8.04103e-23
-0.000142813 1.63962e-06 -6.72456e-23
-0.000144123 1.31229e-06 -5.38209e-23
-0.000145412 9.83327e-07 -4.03291e-23
-0.00014666 6.57207e-07 -2.69539e-23
-0.000147846 3.38014e-07 -1.38629e-23
-0.000148953 2.92689e-08 -1.2004e-24
-0.000149968 -2.65988e-07 1.0909e-23
-0.000150879 -5.4504e-07 2.23537e-23
-0.000151677 -8.0581e-07 3.30486e-23
-0.000152359 -1.04738e-06 4.2956e-23
-0.000152923 -1.26926e-06 5.2056e-23
-0.00015337 -1.47118e-06 6.03374e-23
-0.000153705 -1.65358e-06 6.78181e-23
-0.000153933 -1.81742e-06 7.45376e-23
-0.000154063 -1.96413e-06 8.05547e-23
-0.000154106 -2.09533e-06 8.59354e-23
-0.000154071 -2.21266e-06 9.07474e-23
-0.000153969 -2.31771e-06 9.50559e-23
-0.000153807 -2.41196e-06 9.89214e-23
-0.000153596 -2.49701e-06 1.0241e-22
-0.000153345 -2.57418e-06 1.05574e-22
-0.000153057 -2.64408e-06 1.08442e-22
-0.000152738 -2.70703e-06 1.11023e-22
-0.000152388 -2.76323e-06 1.13328e-22
-0.000152039 -2.81685e-06 1.15527e-22
-0.000151667 -2.86419e-06 1.17469e-22
-0.000151256 -2.90237e-06 1.19035e-22
-0.000150813 -2.9321e-06 1.20254e-22
-0.000150326 -2.95131e-06 1.21042e-22
-0.000149797 -2.95978e-06 1.21389e-22
-0.000149218 -2.95586e-06 1.21228e-22
-0.000148587 -2.93886e-06 1.20531e-22
-0.000147897 -2.90756e-06 1.19247e-22
-0.000147147 -2.86157e-06 1.17361e-22
-0.000146336 -2.80033e-06 1.1485e-22
-0.000145452 -2.72259e-06 1.11661e-22
-0.000144503 -2.62909e-06 1.07827e-22
-0.000143497 -2.52084e-06 1.03387e-22
-0.000142435 -2.3984e-06 9.83654e-23
-0.000141326 -2.26306e-06 9.28147e-23
-0.000140172 -2.11582e-06 8.67759e-23
-0.000138986 -1.95871e-06 8.03323e-23
-0.000137777 -1.79366e-06 7.3563e-23
-0.000136555 -1.62289e-06 6.65593e-23
-0.000135333 -1.44849e-06 5.94068e-23
-0.000134122 -1.27297e-06 5.2208e-23
-0.000132933 -1.09886e-06 4.50676e-23
-0.000131779 -9.28482e-07 3.80797e-23
-0.000130672 -7.63902e-07 3.13298e-23
-0.000129621 -6.06896e-07 2.48905e-23
-0.000128632 -4.58819e-07 1.88175e-23
-0.000127714 -3.20969e-07 1.31639e-23
-0.000126869 -1.94147e-07 7.96251e-24
-0.000126101 -7.86362e-08 3.2251e-24
-0.000125406 2.58278e-08 -1.05927e-24
-0.000124784 1.19542e-07 -4.90277e-24
-0.000124234 2.03193e-07 -8.33351e-24
-0.00012375 2.77857e-07 -1.13957e-23
-0.000123324 3.44934e-07 -1.41467e-23
-0.000122951 4.05965e-07 -1.66498e-23
-0.000122623 4.62225e-07 -1.89572e-23
-0.000122337 5.14244e-07 -2.10906e-23
-0.000122093 5.62228e-07 -2.30586e-23
-0.000121887 6.06513e-07 -2.48748e-23
-0.00012172 6.47008e-07 -2.65357e-23
-0.000121595 6.82637e-07 -2.79969e-23
-0.000121519 7.11867e-07 -2.91957e-23
-0.000121497 7.33291e-07 -3.00744e-23
-0.000121534 7.45595e-07 -3.0579e-23
-0.000121634 7.4752e-07 -3.06579e-23
-0.000121802 7.37889e-07 -3.0263e-23
-0.000122041 7.15644e-07 -2.93506e-23
-0.000122351 6.80153e-07 -2.7895e-23
-0.000122732 6.31539e-07 -2.59013e-23
-0.000123177 5.70338e-07 -2.33912e-23
-0.000123683 4.97125e-07 -2.03885e-23
-0.000124244 4.12819e-07 -1.69309e-23
-0.000124849 3.18997e-07 -1.3083e-23
-0.000125489 2.1753e-07 -8.92151e-24
-0.000126152 1.10207e-07 -4.51989e-24
-0.000126829 -9.77897e-10 4.01064e-26
-0.000127506 -1.13514e-07 4.65553e-24
-0.000128168 -2.24737e-07 9.21713e-24
-0.000128804 -3.32209e-07 1.36248e-23
-0.000129401 -4.33479e-07 1.77782e-23
-0.000129946 -5.25834e-07 2.1566e-23
-0.000130426 -6.06587e-07 2.48779e-23
-0.00013083 -6.73386e-07 2.76175e-23
-0.00013115 -7.24559e-07 2.97163e-23
-0.000131384 -7.59477e-07 3.11484e-23
-0.000131534 -7.78206e-07 3.19165e-23
-0.000131603 -7.81131e-07 3.20364e-23
-0.000131598 -7.69586e-07 3.15629e-23
-0.000131536 -7.46491e-07 3.06157e-23
-0.000131435 -7.15661e-07 2.93513e-23
-0.000131317 -6.81052e-07 2.79319e-23
-0.000131205 -6.4694e-07 2.65329e-23
-0.000131122 -6.18109e-07 2.53504e-23
-0.000131095 -5.99545e-07 2.45891e-23
-0.000131148 -5.96106e-07 2.4448e-23
-0.000131305 -6.12487e-07 2.51199e-23
-0.00013159 -6.53185e-07 2.6789e-23
-0.000132022 -7.2235e-07 2.96257e-23
-0.000132621 -8.23891e-07 3.37901e-23
-0.000133404 -9.61072e-07 3.94163e-23
-0.000134382 -1.13629e-06 4.66024e-23
-0.000135564 -1.35143e-06 5.54261e-23
-0.000136953 -1.60758e-06 6.59316e-23
-0.000138555 -1.90543e-06 7.81473e-23
-0.000140368 -2.24511e-06 9.20782e-23
-0.000142388 -2.62612e-06 1.07705e-22
-0.00014461 -3.04762e-06 1.24992e-22
-0.000147025 -3.50804e-06 1.43875e-22
-0.000149618 -4.00512e-06 1.64261e-22
-0.000152374 -4.53595e-06 1.86032e-22
-0.000155275 -5.09739e-06 2.09059e-22
-0.0001583 -5.68567e-06 2.33186e-22
-0.000161425 -6.29617e-06 2.58224e-22
-0.000164616 -6.92319e-06 2.8394e-22
-0.00016785 -7.562e-06 3.10139e-22
-0.000171102 -8.20743e-06 3.3661e-22
-0.00017434 -8.85342e-06 3.63104e-22
-0.000177533 -9.49413e-06 3.89382e-22
-0.000180652 -1.01237e-05 4.15202e-22
-0.000183669 -1.07364e-05 4.40332e-22
-0.000186554 -1.13264e-05 4.6453e-22
-0.000189278 -1.1888e-05 4.8756e-22
-0.000191817 -1.24157e-05 5.09204e-22
-0.000194147 -1.29051e-05 5.29274e-22
-0.000196253 -1.33525e-05 5.47623e-22
-0.000198121 -1.37551e-05 5.64137e-22
-0.000199742 -1.41107e-05 5.78721e-22
-0.00020111 -1.44179e-05 5.9132e-22
-0.000202228 -1.46767e-05 6.01934e-22
-0.0002031 -1.48879e-05 6.10597e-22
-0.000203736 -1.50529e-05 6.17361e-22
-0.000204146 -1.51734e-05 6.22304e-22
-0.000204345 -1.52521e-05 6.25532e-22
-0.000204349 -1.52922e-05 6.27175e-22
-0.000204178 -1.52969e-05 6.2737e-22
-0.000203848 -1.52694e-05 6.26241e-22
-0.000203372 -1.52119e-05 6.23886e-22
-0.000202762 -1.51266e-05 6.20387e-22
-0.000202029 -1.50154e-05 6.15827e-22
-0.000201184 -1.48803e-05 6.10284e-22
-0.000200236 -1.4723e-05 6.03833e-22
-0.000199195 -1.45453e-05 5.96544e-22
-0.000198069 -1.43487e-05 5.88483e-22
-0.000196864 -1.41346e-05 5.79702e-22
-0.000195585 -1.39038e-05 5.70234e-22
-0.000194233 -1.36566e-05 5.60097e-22
-0.000192811 -1.33936e-05 5.49309e-22
-0.000191318 -1.3115e-05 5.37882e-22
-0.00018975 -1.28206e-05 5.25808e-22
-0.000188113 -1.25114e-05 5.13127e-22
-0.000186411 -1.21881e-05 4.99868e-22
-0.000184643 -1.18509e-05 4.86039e-22
-0.000182811 -1.15005e-05 4.71667e-22
-0.000180917 -1.11371e-05 4.56766e-22
-0.000178963 -1.07616e-05 4.41365e-22
-0.00017695 -1.03744e-05 4.25486e-22
-0.000174881 -9.97648e-06 4.09164e-22
-0.000172762 -9.56857e-06 3.92435e-22
-0.000170595 -9.15177e-06 3.75341e-22
-0.000168387 -8.72728e-06 3.57931e-22
-0.000166145 -8.29661e-06 3.40268e-22
-0.000163877 -7.86144e-06 3.2242e-22
-0.000161593 -7.42357e-06 3.04462e-22
-0.0001593 -6.98451e-06 2.86455e-22
-0.000157004 -6.54508e-06 2.68433e-22
-0.000154707 -6.10574e-06 2.50414e-22
-0.000152413 -5.66722e-06 2.32429e-22
-0.000150124 -5.22967e-06 2.14484e-22
-0.000147845 -4.79296e-06 1.96573e-22
-0.000145574 -4.35675e-06 1.78683e-22
-0.000143312 -3.92065e-06 1.60797e-22
-0.000141059 -3.48424e-06 1.42899e-22
-0.00013881 -3.04665e-06 1.24952e-22
-0.000136567 -2.60714e-06 1.06926e-22
-0.000134328 -2.16475e-06 8.87829e-23
-0.000132091 -1.71907e-06 7.05041e-23
-0.000129863 -1.27061e-06 5.21112e-23
-0.000127648 -8.20361e-07 3.36454e-23
-0.000125454 -3.69191e-07 1.51416e-23
-0.000123286 8.18874e-08 -3.35844e-24
-0.000121153 5.31411e-07 -2.17947e-23
-0.000119062 9.77795e-07 -4.01022e-23
-0.000117022 1.41966e-06 -5.82244e-23
-0.000115036 1.85608e-06 -7.61233e-23
-0.000113107 2.28681e-06 -9.37885e-23
-0.000111234 2.71204e-06 -1.11229e-22
-0.000109413 3.13221e-06 -1.28461e-22
-0.00010768 3.54233e-06 -1.45281e-22
-0.000106005 3.94705e-06 -1.6188e-22
-0.000104359 4.35055e-06 -1.78429e-22
-0.000102751 4.75185e-06 -1.94887e-22
-0.000101163 5.15343e-06 -2.11357e-22
-9.95998e-05 5.55488e-06 -2.27822e-22
-9.80524e-05 5.95712e-06 -2.44319e-22
-9.65212e-05 6.36002e-06 -2.60843e-22
-9.50038e-05 6.76359e-06 -2.77395e-22
-9.35064e-05 7.16624e-06 -2.93908e-22
-9.2036e-05 7.56608e-06 -3.10307e-22
-9.06029e-05 7.96069e-06 -3.26491e-22
-8.92156e-05 8.34796e-06 -3.42374e-22
-8.78844e-05 8.72539e-06 -3.57853e-22
-8.66223e-05 9.08999e-06 -3.72807e-22
-8.54419e-05 9.4389e-06 -3.87117e-22
-8.43566e-05 9.76906e-06 -4.00657e-22
-8.33812e-05 1.00772e-05 -4.13297e-22
-8.25304e-05 1.03602e-05 -4.249e-22
-8.18196e-05 1.06145e-05 -4.35333e-22
-8.12623e-05 1.08374e-05 -4.44472e-22
-8.08702e-05 1.10262e-05 -4.52217e-22
-8.06532e-05 1.1179e-05 -4.58482e-22
-8.06207e-05 1.12936e-05 -4.63184e-22
-8.07825e-05 1.13681e-05 -4.66239e-22
-8.11497e-05 1.14001e-05 -4.67551e-22
-8.17336e-05 1.13872e-05 -4.67024e-22
-8.25442e-05 1.13274e-05 -4.6457e-22
-8.35891e-05 1.1219e-05 -4.60124e-22
-8.4862e-05 1.10623e-05 -4.53695e-22
-8.6371e-05 1.08561e-05 -4.45241e-22
-8.81206e-05 1.06003e-05 -4.34749e-22
-9.01024e-05 1.0296e-05 -4.22267e-22
-9.2309e-05 9.94499e-06 -4.07873e-22
-9.47235e-05 9.55059e-06 -3.91697e-22
-9.73317e-05 9.11582e-06 -3.73866e-22
-0.000100115 8.64442e-06 -3.54532e-22
-0.000103048 8.14015e-06 -3.33851e-22
-0.000106112 7.60769e-06 -3.12013e-22
-0.000109289 7.05151e-06 -2.89203e-22
-0.000112553 6.47622e-06 -2.65608e-22
-0.000115883 5.88642e-06 -2.41419e-22
-0.000119255 5.28663e-06 -2.1682e-22
-0.000122647 4.68153e-06 -1.92003e-22
-0.000126036 4.07539e-06 -1.67144e-22
-0.000129405 3.4719e-06 -1.42393e-22
-0.000132736 2.87442e-06 -1.17888e-22
-0.000136013 2.28622e-06 -9.37646e-23
-0.000139221 1.71015e-06 -7.01381e-23
-0.000142349 1.14835e-06 -4.70971e-23
-0.000145388 6.02482e-07 -2.47095e-23
-0.00014833 7.40889e-08 -3.0386e-24
-0.000151169 -4.35523e-07 1.78621e-23
-0.000153897 -9.25259e-07 3.79475e-23
-0.000156511 -1.3942e-06 5.71803e-23
-0.000159007 -1.84177e-06 7.55363e-23
-0.000161381 -2.2673e-06 9.29884e-23
-0.000163629 -2.67007e-06 1.09507e-22
-0.000165749 -3.04962e-06 1.25074e-22
-0.00016774 -3.40562e-06 1.39674e-22
-0.000169599 -3.73779e-06 1.53297e-22
-0.000171324 -4.04574e-06 1.65928e-22
-0.000172915 -4.32914e-06 1.77551e-22
-0.00017437 -4.58781e-06 1.88159e-22
-0.000175687 -4.82147e-06 1.97742e-22
-0.000176865 -5.02943e-06 2.06271e-22
-0.000177899 -5.21086e-06 2.13712e-22
-0.000178787 -5.36513e-06 2.20039e-22
-0.000179528 -5.49188e-06 2.25238e-22
-0.000180122 -5.59117e-06 2.2931e-22
-0.000180571 -5.66335e-06 2.3227e-22
-0.000180878 -5.70892e-06 2.34139e-22
-0.000181049 -5.7286e-06 2.34946e-22
-0.000181087 -5.72341e-06 2.34734e-22
-0.000181 -5.69459e-06 2.33551e-22
-0.000180794 -5.64343e-06 2.31453e-22
-0.000180478 -5.57157e-06 2.28506e-22
-0.000180062 -5.48117e-06 2.24799e-22
-0.00017956 -5.3747e-06 2.20432e-22
-0.000178983 -5.25461e-06 2.15507e-22
-0.000178343 -5.12326e-06 2.1012e-22
-0.00017765 -4.98293e-06 2.04364e-22
-0.000176916 -4.83577e-06 1.98329e-22
-0.000176151 -4.68382e-06 1.92097e-22
-0.000175362 -4.52888e-06 1.85743e-22
-0.000174557 -4.37241e-06 1.79325e-22
-0.000173741 -4.21555e-06 1.72892e-22
-0.000172918 -4.05934e-06 1.66485e-22
-0.000172092 -3.90444e-06 1.60132e-22
-0.000171261 -3.75087e-06 1.53834e-22
-0.000170424 -3.5983e-06 1.47577e-22
-0.000169577 -3.4463e-06 1.41343e-22
-0.000168717 -3.2942e-06 1.35105e-22
-0.000167838 -3.14106e-06 1.28824e-22
-0.000166935 -2.98575e-06 1.22454e-22
-0.000166 -2.82713e-06 1.15949e-22
-0.000165027 -2.66405e-06 1.0926e-22
-0.00016401 -2.49539e-06 1.02343e-22
-0.000162943 -2.32011e-06 9.51542e-23
-0.000161821 -2.1372e-06 8.76527e-23
-0.000160639 -1.94594e-06 7.98088e-23
-0.000159393 -1.74574e-06 7.1598e-23
-0.000158082 -1.53618e-06 6.30032e-23
-0.000156704 -1.3171e-06 5.40181e-23
-0.000155258 -1.08865e-06 4.46488e-23
-0.000153749 -8.51588e-07 3.49261e-23
-0.000152182 -6.0702e-07 2.48956e-23
-0.000150562 -3.56219e-07 1.46096e-23
-0.000148896 -1.00626e-07 4.12695e-24
-0.000147192 1.58196e-07 -6.48808e-24
-0.000145458 4.18574e-07 -1.71669e-23
-0.000143703 6.78683e-07 -2.78347e-23
-0.000141936 9.36719e-07 -3.84176e-23
-0.000140164 1.19116e-06 -4.88529e-23
-0.000138397 1.44055e-06 -5.90812e-23
-0.00013664 1.68336e-06 -6.90394e-23
-0.000134902 1.91819e-06 -7.86705e-23
-0.00013319 2.14378e-06 -8.79224e-23
-0.000131509 2.35891e-06 -9.67457e-23
-0.000129867 2.56244e-06 -1.05093e-22
-0.000128269 2.75288e-06 -1.12904e-22
-0.000126728 2.92803e-06 -1.20087e-22
-0.000125255 3.08515e-06 -1.26531e-22
-0.000123863 3.22201e-06 -1.32144e-22
-0.000122567 3.33632e-06 -1.36832e-22
-0.000121375 3.42594e-06 -1.40508e-22
-0.000120299 3.48898e-06 -1.43093e-22
-0.000119349 3.52342e-06 -1.44506e-22
-0.000118531 3.52771e-06 -1.44681e-22
-0.00011784 3.50196e-06 -1.43626e-22
-0.000117293 3.44394e-06 -1.41246e-22
-0.000116899 3.35214e-06 -1.37481e-22
-0.000116658 3.22625e-06 -1.32318e-22
-0.000116579 3.06518e-06 -1.25712e-22
-0.000116661 2.86883e-06 -1.17659e-22
-0.000116908 2.63656e-06 -1.08133e-22
-0.000117322 2.36778e-06 -9.71095e-23
-0.000117916 2.0604e-06 -8.45028e-23
-0.000118754 1.70429e-06 -6.98977e-23
-0.000119811 1.30245e-06 -5.34174e-23
-0.00012107 8.56471e-07 -3.51264e-23
-0.000122564 3.61169e-07 -1.48126e-23
-0.000124289 -1.83648e-07 7.53195e-24
-0.000126263 -7.81383e-07 3.20468e-23
-0.000128488 -1.43258e-06 5.87544e-23
-0.000130973 -2.13914e-06 8.77323e-23
-0.000133719 -2.90126e-06 1.18989e-22
-0.000136729 -3.71977e-06 1.52559e-22
-0.000140004 -4.59478e-06 1.88445e-22
-0.000143546 -5.52717e-06 2.26685e-22
-0.000147357 -6.51745e-06 2.67299e-22
-0.000151439 -7.56603e-06 3.10305e-22
-0.00015579 -8.67277e-06 3.55695e-22
-0.000160405 -9.83723e-06 4.03453e-22
-0.00016528 -1.10585e-05 4.53541e-22
-0.000170408 -1.23355e-05 5.05913e-22
-0.000175777 -1.36662e-05 5.60488e-22
-0.000181372 -1.50475e-05 6.17142e-22
-0.000187173 -1.64758e-05 6.75719e-22
-0.000193159 -1.79469e-05 7.36055e-22
-0.000199305 -1.94559e-05 7.97944e-22
-0.000205575 -2.09957e-05 8.61096e-22
-0.000211929 -2.25582e-05 9.25177e-22
-0.000218328 -2.41353e-05 9.8986e-22
-0.000224731 -2.57188e-05 1.0548e-21
-0.000231094 -2.72996e-05 1.11963e-21
-0.000237373 -2.88685e-05 1.18398e-21
-0.000243525 -3.04166e-05 1.24747e-21
-0.000249508 -3.19352e-05 1.30976e-21
-0.000255278 -3.34148e-05 1.37044e-21
-0.00026079 -3.48458e-05 1.42913e-21
-0.000266004 -3.62196e-05 1.48547e-21
-0.000270886 -3.75288e-05 1.53917e-21
-0.000275417 -3.87689e-05 1.59002e-21
-0.000279583 -3.99366e-05 1.63792e-21
-0.000283376 -4.10297e-05 1.68274e-21
-0.000286794 -4.2047e-05 1.72447e-21
-0.000289846 -4.29899e-05 1.76314e-21
-0.000292547 -4.38607e-05 1.79885e-21
-0.000294914 -4.46626e-05 1.83174e-21
-0.000296967 -4.53988e-05 1.86194e-21
-0.000298727 -4.60729e-05 1.88958e-21
-0.000300214 -4.66886e-05 1.91484e-21
-0.000301453 -4.72499e-05 1.93786e-21
-0.000302463 -4.77606e-05 1.9588e-21
-0.000303263 -4.82239e-05 1.9778e-21
-0.000303873 -4.86429e-05 1.99498e-21
-0.000304307 -4.90205e-05 2.01047e-21
-0.00030458 -4.93589e-05 2.02435e-21
-0.000304697 -4.96588e-05 2.03665e-21
-0.000304659 -4.99198e-05 2.04735e-21
-0.000304466 -5.01416e-05 2.05645e-21
-0.000304114 -5.03231e-05 2.0639e-21
-0.000303595 -5.04622e-05 2.0696e-21
-0.000302896 -5.0556e-05 2.07345e-21
-0.000302005 -5.06016e-05 2.07532e-21
-0.000300912 -5.05966e-05 2.07511e-21
-0.000299608 -5.05391e-05 2.07275e-21
-0.000298088 -5.04279e-05 2.06819e-21
-0.000296347 -5.02617e-05 2.06138e-21
-0.00029438 -5.00395e-05 2.05227e-21
-0.000292188 -4.97611e-05 2.04085e-21
-0.000289771 -4.94264e-05 2.02712e-21
-0.00028713 -4.90355e-05 2.01109e-21
-0.000284269 -4.8589e-05 1.99277e-21
-0.000281195 -4.80879e-05 1.97222e-21
-0.000277915 -4.75336e-05 1.94949e-21
-0.000274437 -4.69277e-05 1.92464e-21
-0.000270771 -4.62718e-05 1.89774e-21
-0.000266926 -4.55675e-05 1.86885e-21
-0.000262913 -4.48166e-05 1.83806e-21
-0.000258742 -4.40209e-05 1.80543e-21
-0.000254422 -4.31823e-05 1.77103e-21
-0.000249962 -4.2302e-05 1.73493e-21
-0.000245372 -4.13816e-05 1.69718e-21
-0.000240658 -4.04222e-05 1.65783e-21
-0.000235827 -3.9425e-05 1.61693e-21
-0.000230883 -3.83906e-05 1.57451e-21
-0.000225831 -3.73192e-05 1.53057e-21
-0.000220671 -3.6211e-05 1.48512e-21
-0.000215409 -3.50666e-05 1.43818e-21
-0.000210051 -3.38875e-05 1.38982e-21
-0.000204606 -3.26753e-05 1.34011e-21
-0.000199085 -3.14318e-05 1.28911e-21
-0.000193495 -3.0159e-05 1.23691e-21
-0.000187852 -2.88597e-05 1.18362e-21
-0.00018217 -2.75372e-05 1.12938e-21
-0.000176463 -2.61946e-05 1.07432e-21
-0.000170751 -2.48359e-05 1.01859e-21
-0.00016506 -2.34671e-05 9.62455e-22
-0.000159423 -2.20954e-05 9.06197e-22
-0.000153871 -2.07276e-05 8.50097e-22
-0.000148435 -1.93708e-05 7.94452e-22
-0.000143155 -1.80338e-05 7.39617e-22
-0.00013807 -1.67256e-05 6.85966e-22
-0.00013322 -1.5455e-05 6.33854e-22
-0.000128642 -1.42309e-05 5.8365e-22
-0.00012438 -1.30634e-05 5.35768e-22
-0.00012048 -1.19628e-05 4.90631e-22
-0.000116983 -1.0939e-05 4.4864e-22
-0.000113928 -1.00012e-05 4.10177e-22
-0.000111353 -9.15837e-06 3.75611e-22
-0.000109292 -8.41907e-06 3.45291e-22
-0.000107776 -7.79117e-06 3.19538e-22
-0.000106831 -7.2814e-06 2.98631e-22
-0.000106477 -6.89489e-06 2.82779e-22
-0.000106724 -6.63565e-06 2.72147e-22
-0.000107583 -6.50714e-06 2.66876e-22
-0.000109058 -6.51141e-06 2.67052e-22
-0.00011114 -6.64827e-06 2.72665e-22
-0.000113817 -6.91618e-06 2.83652e-22
-0.000117074 -7.31327e-06 2.99938e-22
-0.00012089 -7.83641e-06 3.21394e-22
-0.000125233 -8.48023e-06 3.47799e-22
-0.000130069 -9.23818e-06 3.78885e-22
-0.000135362 -1.01037e-05 4.14383e-22
-0.000141075 -1.10701e-05 4.54016e-22
-0.00014717 -1.213e-05 4.97485e-22
-0.00015361 -1.3276e-05 5.44486e-22
-0.000160359 -1.4501e-05 5.94729e-22
-0.000167382 -1.57981e-05 6.47927e-22
-0.000174644 -1.71603e-05 7.03795e-22
-0.000182115 -1.85809e-05 7.62057e-22
-0.000189763 -2.00535e-05 8.22454e-22
-0.000197564 -2.15726e-05 8.84756e-22
-0.000205496 -2.31337e-05 9.48782e-22
-0.000213546 -2.47332e-05 1.01438e-21
-0.000221697 -2.63675e-05 1.08141e-21
-0.000229941 -2.80342e-05 1.14976e-21
-0.00023827 -2.97314e-05 1.21937e-21
-0.000246684 -3.14583e-05 1.2902e-21
-0.00025518 -3.32138e-05 1.36219e-21
-0.000263754 -3.49964e-05 1.4353e-21
-0.000272394 -3.68033e-05 1.50941e-21
-0.000281086 -3.86308e-05 1.58436e-21
-0.000289815 -4.04755e-05 1.66002e-21
-0.00029856 -4.23322e-05 1.73616e-21
-0.000307276 -4.4193e-05 1.81248e-21
-0.000315921 -4.60497e-05 1.88863e-21
-0.000324462 -4.78927e-05 1.96422e-21
-0.000332854 -4.97114e-05 2.03881e-21
-0.000341035 -5.14931e-05 2.11188e-21
-0.000348939 -5.32233e-05 2.18284e-21
-0.000356503 -5.48886e-05 2.25114e-21
-0.000363661 -5.64748e-05 2.31619e-21
-0.000370346 -5.79674e-05 2.37741e-21
-0.000376489 -5.93516e-05 2.43418e-21
-0.000382028 -6.06137e-05 2.48594e-21
-0.000386903 -6.17406e-05 2.53216e-21
-0.000391062 -6.27208e-05 2.57236e-21
-0.000394458 -6.35438e-05 2.60611e-21
-0.00039705 -6.42002e-05 2.63304e-21
-0.000398806 -6.46822e-05 2.6528e-21
-0.000399704 -6.4984e-05 2.66518e-21
-0.000399728 -6.51016e-05 2.67e-21
-0.00039887 -6.50317e-05 2.66714e-21
-0.000397132 -6.47734e-05 2.65654e-21
-0.00039453 -6.43286e-05 2.6383e-21
-0.000391089 -6.37012e-05 2.61257e-21
-0.000386839 -6.28958e-05 2.57954e-21
-0.000381816 -6.19185e-05 2.53946e-21
-0.000376068 -6.07778e-05 2.49267e-21
-0.00036965 -5.94833e-05 2.43958e-21
-0.000362615 -5.80451e-05 2.3806e-21
-0.00035502 -5.64736e-05 2.31615e-21
-0.000346928 -5.47803e-05 2.2467e-21
-0.000338398 -5.29767e-05 2.17273e-21
-0.000329492 -5.10742e-05 2.0947e-21
-0.000320263 -4.90834e-05 2.01305e-21
-0.00031076 -4.70137e-05 1.92817e-21
-0.000301029 -4.48738e-05 1.8404e-21
-0.000291108 -4.26712e-05 1.75007e-21
-0.00028103 -4.04127e-05 1.65744e-21
-0.000270822 -3.8104e-05 1.56276e-21
-0.000260505 -3.57495e-05 1.46619e-21
-0.000250095 -3.33528e-05 1.3679e-21
-0.000239599 -3.09165e-05 1.26797e-21
-0.000229023 -2.84418e-05 1.16648e-21
-0.000218364 -2.59291e-05 1.06343e-21
-0.000207616 -2.33782e-05 9.5881e-22
-0.000196771 -2.07885e-05 8.52595e-22
-0.000185811 -1.81598e-05 7.44784e-22
-0.000174728 -1.54905e-05 6.35311e-22
-0.00016352 -1.27796e-05 5.2413e-22
-0.000152169 -1.00263e-05 4.11209e-22
-0.000140664 -7.23014e-06 2.96529e-22
-0.000129006 -4.39206e-06 1.80131e-22
-0.000117197 -1.51263e-06 6.20372e-23
-0.000105233 1.40704e-06 -5.77069e-23
-9.3117e-05 4.36568e-06 -1.79049e-22
-8.11584e-05 7.31767e-06 -3.00119e-22
-6.91528e-05 1.02905e-05 -4.22042e-22
-5.69538e-05 1.33037e-05 -5.45621e-22
-4.46869e-05 1.63377e-05 -6.70057e-22
-3.22806e-05 1.94016e-05 -7.95714e-22
-1.98103e-05 2.24825e-05 -9.2207e-22
-7.26036e-06 2.5581e-05 -1.04915e-21
5.32264e-06 2.86888e-05 -1.17661e-21
1.79297e-05 3.18028e-05 -1.30432e-21
3.05227e-05 3.49157e-05 -1.43199e-21
4.30755e-05 3.80218e-05 -1.55938e-21
5.55439e-05 4.11123e-05 -1.68613e-21
6.78869e-05 4.41786e-05 -1.81189e-21
8.00567e-05 4.72114e-05 -1.93627e-21
9.20072e-05 5.02011e-05 -2.05889e-21
0.000103688 5.31378e-05 -2.17933e-21
0.000115072 5.60138e-05 -2.29729e-21
0.000126093 5.88172e-05 -2.41226e-21
0.000136692 6.15374e-05 -2.52383e-21
0.000146831 6.41661e-05 -2.63164e-21
0.00015646 6.66938e-05 -2.73531e-21
0.000165544 6.91129e-05 -2.83452e-21
0.000174043 7.14157e-05 -2.92896e-21
0.000181929 7.3596e-05 -3.01838e-21
0.000189173 7.56482e-05 -3.10255e-21
0.000195752 7.75677e-05 -3.18127e-21
0.00020165 7.93508e-05 -3.25441e-21
0.000206858 8.09959e-05 -3.32188e-21
0.000211375 8.25025e-05 -3.38366e-21
0.000215202 8.38707e-05 -3.43978e-21
0.000218346 8.51016e-05 -3.49026e-21
0.000220816 8.61971e-05 -3.53519e-21
0.000222626 8.71597e-05 -3.57467e-21
0.000223793 8.79927e-05 -3.60883e-21
0.000224334 8.86995e-05 -3.63782e-21
0.000224268 8.92838e-05 -3.66179e-21
0.000223615 8.97495e-05 -3.68089e-21
0.000222394 9.01009e-05 -3.6953e-21
0.00022063 9.03424e-05 -3.7052e-21
0.000218346 9.04789e-05 -3.7108e-21
0.000215565 9.05157e-05 -3.71231e-21
0.000212313 9.0458e-05 -3.70994e-21
0.000208628 9.03098e-05 -3.70387e-21
0.000204525 9.0077e-05 -3.69432e-21
0.000200028 8.97646e-05 -3.6815e-21
0.000195153 8.93765e-05 -3.66559e-21
0.000189913 8.89175e-05 -3.64676e-21
0.000184328 8.83914e-05 -3.62518e-21
0.000178414 8.78022e-05 -3.60102e-21
0.000172189 8.71542e-05 -3.57444e-21
0.000165674 8.64521e-05 -3.54565e-21
0.000158893 8.57012e-05 -3.51485e-21
0.000151872 8.49075e-05 -3.4823e-21
0.000144639 8.40772e-05 -3.44825e-21
0.000137222 8.32163e-05 -3.41294e-21
0.000129641 8.23293e-05 -3.37656e-21
0.000121914 8.14202e-05 -3.33928e-21
0.000114064 8.04935e-05 -3.30127e-21
0.000106112 7.95536e-05 -3.26272e-21
9.80743e-05 7.86038e-05 -3.22377e-21
8.99688e-05 7.76473e-05 -3.18454e-21
8.18151e-05 7.66876e-05 -3.14518e-21
7.36329e-05 7.57282e-05 -3.10583e-21
6.54372e-05 7.47715e-05 -3.06659e-21
5.72421e-05 7.38192e-05 -3.02754e-21
4.90652e-05 7.28741e-05 -2.98878e-21
4.09264e-05 7.19388e-05 -2.95042e-21
3.28478e-05 7.10167e-05 -2.9126e-21
2.48534e-05 7.01111e-05 -2.87546e-21
1.69694e-05 6.92259e-05 -2.83915e-21
9.22204e-06 6.83647e-05 -2.80383e-21
1.63487e-06 6.75307e-05 -2.76963e-21
-5.76952e-06 6.67265e-05 -2.73665e-21
-1.29682e-05 6.59551e-05 -2.70501e-21
-1.99379e-05 6.52191e-05 -2.67482e-21
-2.66554e-05 6.45213e-05 -2.64621e-21
-3.30983e-05 6.38645e-05 -2.61927e-21
-3.92459e-05 6.32508e-05 -2.5941e-21
-4.50755e-05 6.26832e-05 -2.57082e-21
-5.05592e-05 6.21654e-05 -2.54958e-21
-5.56678e-05 6.17019e-05 -2.53057e-21
-6.03761e-05 6.12962e-05 -2.51393e-21
-6.46578e-05 6.09522e-05 -2.49983e-21
-6.84795e-05 6.06757e-05 -2.48849e-21
-7.18072e-05 6.04725e-05 -2.48015e-21
-7.46128e-05 6.03475e-05 -2.47503e-21
-7.68703e-05 6.03053e-05 -2.47329e-21
-7.85514e-05 6.03512e-05 -2.47518e-21
-7.96301e-05 6.04903e-05 -2.48088e-21
-8.00875e-05 6.07262e-05 -2.49056e-21
-7.99098e-05 6.10619e-05 -2.50433e-21
-7.90853e-05 6.15001e-05 -2.5223e-21
-7.7607e-05 6.20426e-05 -2.54455e-21
-7.54751e-05 6.26899e-05 -2.57109e-21
-7.26947e-05 6.34417e-05 -2.60193e-21
-6.9273e-05 6.42975e-05 -2.63702e-21
-6.52218e-05 6.52557e-05 -2.67633e-21
-6.05581e-05 6.63141e-05 -2.71973e-21
-5.53051e-05 6.7469e-05 -2.7671e-21
-4.94919e-05 6.87158e-05 -2.81823e-21
-4.31519e-05 7.00486e-05 -2.8729e-21
-3.63223e-05 7.14612e-05 -2.93083e-21
-2.90392e-05 7.29475e-05 -2.99179e-21
-2.13333e-05 7.45024e-05 -3.05556e-21
-1.32332e-05 7.61214e-05 -3.12196e-21
-4.76853e-06 7.77997e-05 -3.19079e-21
4.03118e-06 7.95324e-05 -3.26185e-21
1.31379e-05 8.13148e-05 -3.33496e-21
2.25246e-05 8.31426e-05 -3.40992e-21
3.21646e-05 8.50111e-05 -3.48655e-21
4.20322e-05 8.6916e-05 -3.56467e-21
5.21028e-05 8.8853e-05 -3.64412e-21
6.2353e-05 9.08181e-05 -3.72471e-21
7.27607e-05 9.28072e-05 -3.80629e-21
8.33024e-05 9.48162e-05 -3.88868e-21
9.39509e-05 9.68397e-05 -3.97168e-21
0.000104678 9.88723e-05 -4.05504e-21
0.000115455 0.000100909 -4.13856e-21
0.000126258 0.000102944 -4.22201e-21
0.000137061 0.000104972 -4.3052e-21
0.000147839 0.000106989 -4.38793e-21
0.00015857 0.00010899 -4.46999e-21
0.000169232 0.000110971 -4.55123e-21
0.000179807 0.000112928 -4.63149e-21
0.000190279 0.000114857 -4.71063e-21
0.000200632 0.000116757 -4.78853e-21
0.000210849 0.000118622 -4.86505e-21
0.00022091 0.000120451 -4.94004e-21
0.000230796 0.000122238 -5.01332e-21
0.000240483 0.000123979 -5.08475e-21
0.000249952 0.000125671 -5.15414e-21
0.000259181 0.00012731 -5.22134e-21
0.000268146 0.00012889 -5.28614e-21
0.000276823 0.000130407 -5.34836e-21
0.000285187 0.000131857 -5.40782e-21
0.00029321 0.000133234 -5.46429e-21
0.000300862 0.000134532 -5.51755e-21
0.000308117 0.000135747 -5.56738e-21
0.000314944 0.000136873 -5.61355e-21
0.000321311 0.000137904 -5.65582e-21
0.000327189 0.000138833 -5.69395e-21
0.000332552 0.000139657 -5.72773e-21
0.000337373 0.000140369 -5.75693e-21
0.000341621 0.000140963 -5.78131e-21
0.000345266 0.000141434 -5.80062e-21
0.000348281 0.000141776 -5.81463e-21
0.000350644 0.000141984 -5.82316e-21
0.000352336 0.000142053 -5.82601e-21
0.000353337 0.000141981 -5.82305e-21
0.000353637 0.000141764 -5.81414e-21
0.000353228 0.0001414 -5.79921e-21
0.000352111 0.000140888 -5.77824e-21
0.000350288 0.00014023 -5.75123e-21
0.000347768 0.000139425 -5.71821e-21
0.000344566 0.000138475 -5.67928e-21
0.000340704 0.000137386 -5.63458e-21
0.000336207 0.00013616 -5.58431e-21
0.000331107 0.000134803 -5.52867e-21
0.000325435 0.000133321 -5.4679e-21
0.000319224 0.00013172 -5.40223e-21
0.000312511 0.000130007 -5.33195e-21
0.000305332 0.000128187 -5.2573e-21
0.000297724 0.000126267 -5.17858e-21
0.00028973 0.000124257 -5.09613e-21
0.000281395 0.000122164 -5.01029e-21
0.000272763 0.000119996 -4.9214e-21
0.000263871 0.000117763 -4.82979e-21
0.000254755 0.000115469 -4.73574e-21
0.000245448 0.000113123 -4.63951e-21
0.000235977 0.00011073 -4.54135e-21
0.000226365 0.000108294 -4.44146e-21
0.000216628 0.00010582 -4.33998e-21
0.000206775 0.000103309 -4.23701e-21
0.000196813 0.000100764 -4.13262e-21
0.000186742 9.81855e-05 -4.02687e-21
0.00017656 9.55737e-05 -3.91976e-21
0.00016626 9.29281e-05 -3.81125e-21
0.000155832 9.02477e-05 -3.70132e-21
0.000145264 8.75313e-05 -3.58991e-21
0.000134547 8.47777e-05 -3.47698e-21
0.000123667 8.19855e-05 -3.36246e-21
0.000112613 7.91535e-05 -3.24632e-21
0.000101377 7.62812e-05 -3.12851e-21
8.99569e-05 7.33691e-05 -3.00908e-21
7.83535e-05 7.04188e-05 -2.88808e-21
6.65715e-05 6.74321e-05 -2.76559e-21
5.4617e-05 6.44115e-05 -2.6417e-21
4.24976e-05 6.13592e-05 -2.51652e-21
3.02234e-05 5.82782e-05 -2.39016e-21
1.78079e-05 5.51718e-05 -2.26276e-21
5.26968e-06 5.20446e-05 -2.1345e-21
-7.36599e-06 4.89021e-05 -2.00562e-21
-2.00686e-05 4.57511e-05 -1.87639e-21
-3.28044e-05 4.25988e-05 -1.7471e-21
-4.55381e-05 3.94525e-05 -1.61806e-21
-5.82355e-05 3.63194e-05 -1.48956e-21
-7.08613e-05 3.32066e-05 -1.3619e-21
-8.33782e-05 3.01217e-05 -1.23538e-21
-9.57454e-05 2.70727e-05 -1.11033e-21
-0.000107918 2.40687e-05 -9.87128e-22
-0.000119847 2.11194e-05 -8.66168e-22
-0.000131485 1.82343e-05 -7.47842e-22
-0.000142785 1.54225e-05 -6.3252e-22
-0.000153708 1.26917e-05 -5.20524e-22
-0.000164218 1.00492e-05 -4.12145e-22
-0.000174278 7.50159e-06 -3.07662e-22
-0.000183854 5.05574e-06 -2.07351e-22
-0.00019291 2.71862e-06 -1.11499e-22
-0.000201412 4.97072e-07 -2.03864e-23
-0.000209329 -1.60264e-06 6.57288e-23
-0.000216633 -3.57533e-06 1.46635e-22
-0.000223307 -5.41743e-06 2.22184e-22
-0.000229339 -7.12655e-06 2.9228e-22
-0.000234719 -8.70101e-06 3.56854e-22
-0.000239444 -1.01401e-05 4.15875e-22
-0.000243518 -1.14443e-05 4.69364e-22
-0.000246949 -1.26157e-05 5.17408e-22
-0.000249748 -1.36562e-05 5.6008e-22
-0.000251925 -1.45679e-05 5.97472e-22
-0.000253501 -1.53552e-05 6.29759e-22
-0.000254499 -1.60224e-05 6.57125e-22
-0.000255034 -1.65877e-05 6.8031e-22
-0.000255059 -1.7046e-05 6.99105e-22
-0.000254558 -1.73964e-05 7.13477e-22
-0.000253592 -1.76499e-05 7.23873e-22
-0.000252169 -1.7809e-05 7.30399e-22
-0.000250335 -1.78825e-05 7.33411e-22
-0.000248106 -1.78742e-05 7.33074e-22
-0.000245518 -1.77914e-05 7.29678e-22
-0.000242592 -1.76389e-05 7.23421e-22
-0.00023936 -1.74232e-05 7.14577e-22
-0.000235848 -1.71502e-05 7.03378e-22
-0.000232086 -1.68263e-05 6.90093e-22
-0.000228102 -1.64575e-05 6.74969e-22
-0.000223924 -1.60505e-05 6.58277e-22
-0.000219582 -1.56118e-05 6.40283e-22
-0.000215108 -1.51483e-05 6.21274e-22
-0.00021053 -1.46668e-05 6.01528e-22
-0.000205877 -1.41741e-05 5.8132e-22
-0.000201182 -1.36776e-05 5.60957e-22
-0.00019648 -1.3185e-05 5.40754e-22
-0.000191802 -1.27037e-05 5.21016e-22
-0.000187141 -1.22372e-05 5.01885e-22
-0.000182548 -1.17978e-05 4.83862e-22
-0.000178081 -1.13938e-05 4.67291e-22
-0.000173775 -1.10317e-05 4.52442e-22
-0.000169675 -1.0721e-05 4.39698e-22
-0.000165807 -1.04682e-05 4.29329e-22
-0.000162215 -1.02823e-05 4.21705e-22
-0.000158928 -1.01701e-05 4.17107e-22
-0.000155985 -1.01399e-05 4.15865e-22
-0.00015341 -1.01969e-05 4.18203e-22
-0.000151232 -1.03471e-05 4.24366e-22
-0.000149473 -1.05956e-05 4.34556e-22
-0.000148161 -1.09478e-05 4.49003e-22
-0.000147318 -1.14088e-05 4.6791e-22
-0.000146971 -1.19839e-05 4.91493e-22
-0.000147143 -1.26776e-05 5.19946e-22
-0.000147853 -1.34941e-05 5.53433e-22
-0.000149113 -1.44354e-05 5.92039e-22
-0.000150931 -1.55028e-05 6.35815e-22
-0.00015331 -1.6697e-05 6.84793e-22
-0.000156256 -1.80188e-05 7.39003e-22
-0.000159775 -1.94688e-05 7.98472e-22
-0.00016387 -2.10476e-05 8.63221e-22
-0.000168542 -2.27552e-05 9.33256e-22
-0.000173792 -2.4591e-05 1.00855e-21
-0.000179611 -2.65531e-05 1.08902e-21
-0.000185987 -2.86387e-05 1.17455e-21
-0.000192908 -3.08445e-05 1.26502e-21
-0.000200359 -3.31674e-05 1.36029e-21
-0.000208325 -3.56041e-05 1.46023e-21
-0.000216793 -3.81515e-05 1.5647e-21
-0.000225747 -4.08058e-05 1.67356e-21
-0.000235165 -4.35625e-05 1.78663e-21
-0.000245021 -4.64157e-05 1.90364e-21
-0.000255281 -4.93584e-05 2.02433e-21
-0.000265914 -5.23834e-05 2.14839e-21
-0.000276884 -5.54835e-05 2.27554e-21
-0.000288159 -5.86516e-05 2.40547e-21
-0.000299706 -6.18807e-05 2.53791e-21
-0.000311492 -6.51638e-05 2.67255e-21
-0.000323483 -6.84934e-05 2.80911e-21
-0.000335643 -7.1862e-05 2.94727e-21
-0.000347935 -7.52615e-05 3.08669e-21
-0.000360324 -7.86844e-05 3.22708e-21
-0.000372774 -8.21228e-05 3.36809e-21
-0.000385247 -8.55684e-05 3.50941e-21
-0.000397705 -8.9013e-05 3.65068e-21
-0.000410113 -9.24485e-05 3.79158e-21
-0.000422435 -9.58671e-05 3.93179e-21
-0.000434637 -9.92609e-05 4.07098e-21
-0.000446684 -0.000102622 4.20884e-21
-0.000458546 -0.000105944 4.34506e-21
-0.000470194 -0.000109219 4.47939e-21
-0.000481604 -0.000112441 4.61155e-21
-0.000492752 -0.000115606 4.74133e-21
-0.000503618 -0.000118707 4.86851e-21
-0.000514187 -0.00012174 4.99292e-21
-0.000524441 -0.000124701 5.11436e-21
-0.000534368 -0.000127586 5.23268e-21
-0.000543963 -0.000130393 5.3478e-21
-0.000553225 -0.000133121 5.45967e-21
-0.00056215 -0.000135767 5.56818e-21
-0.000570724 -0.000138327 5.67319e-21
-0.000578948 -0.000140801 5.77466e-21
-0.000586842 -0.000143192 5.87271e-21
-0.000594414 -0.0001455 5.96736e-21
-0.000601667 -0.000147724 6.05859e-21
-0.000608607 -0.000149866 6.14643e-21
-0.000615242 -0.000151925 6.23089e-21
-0.000621577 -0.000153903 6.31199e-21
-0.000627595 -0.000155794 6.38956e-21
-0.00063302 -0.000157541 6.4612e-21
-0.000637869 -0.000159151 6.52726e-21
-0.000642499 -0.000160696 6.59062e-21
-0.000646887 -0.000162168 6.65099e-21
-0.000650918 -0.000163538 1.20046e-20
-0.000654691 -0.000164822 1.20596e-20
-0.000658201 -0.000166031 1.21113e-20
-0.000661423 -0.000167159 1.21596e-20
-0.000664326 -0.000168204 1.22042e-20
-0.000666894 -0.00016916 1.22451e-20
-0.000669098 -0.000170022 1.22819e-20
-0.000670915 -0.000170787 1.23145e-20
-0.000672318 -0.000171448 1.23428e-20
-0.000673285 -0.000172002 1.23664e-20
-0.000673791 -0.000172444 1.23852e-20
-0.000673818 -0.00017277 1.2399e-20
-0.000673346 -0.000172977 1.24078e-20
-0.000672361 -0.000173062 1.24113e-20
-0.000670847 -0.000173021 4.56964e-21
-0.000668781 -0.000172848 4.56255e-21
-0.000666151 -0.000172541 4.54995e-21
-0.000662938 -0.000172096 4.53169e-21
-0.000659142 -0.000171513 4.50778e-21
-0.000654769 -0.000170793 4.47825e-21
-0.000649826 -0.000169937 4.44316e-21
-0.000644326 -0.000168949 4.40263e-21
-0.000638292 -0.000167832 4.35683e-21
-0.000631752 -0.000166593 4.30599e-21
-0.000624734 -0.000165236 4.25035e-21
-0.000617274 -0.000163769 4.1902e-21
-0.000609413 -0.000162201 4.12589e-21
-0.000601194 -0.00016054 4.05777e-21
-0.000592663 -0.000158796 3.98623e-21
-0.000583866 -0.000156978 3.91166e-21
-0.00057485 -0.000155095 3.83444e-21
-0.00056566 -0.000153157 3.75497e-21
-0.000556343 -0.000151174 3.67364e-21
-0.000546941 -0.000149155 3.59082e-21
-0.000537493 -0.000147107 3.50683e-21
-0.000528037 -0.000145039 3.422e-21
-0.000518605 -0.000142957 3.33663e-21
-0.000509231 -0.000140869 3.25099e-21
-0.000499936 -0.00013878 3.1653e-21
-0.000490742 -0.000136693 3.07973e-21
-0.000481667 -0.000134614 2.99447e-21
-0.000472728 -0.000132547 2.90967e-21
-0.000463946 -0.000130495 2.82552e-21
-0.000455337 -0.000128463 2.74219e-21
-0.000446921 -0.000126455 2.65985e-21
-0.000438714 -0.000124476 2.57866e-21
-0.000430735 -0.000122529 2.4988e-21
-0.000423002 -0.000120618 2.42043e-21
-0.000415533 -0.000118747 2.34372e-21
-0.000408346 -0.000116921 2.26884e-21
-0.000401462 -0.000115145 2.19597e-21
-0.000394902 -0.000113422 2.12531e-21
-0.000388687 -0.000111757 2.05704e-21
-0.00038284 -0.000110156 1.99134e-21
-0.000377383 -0.000108622 1.92844e-21
-0.000372342 -0.000107161 1.86854e-21
-0.000367741 -0.000105779 1.81184e-21
-0.0003636 -0.000104479 1.75854e-21
-0.000359943 -0.000103266 1.70881e-21
-0.000356789 -0.000102145 1.66282e-21
-0.000354156 -0.000101119 1.62073e-21
-0.00035206 -0.000100191 1.58268e-21
-0.000350517 -9.93649e-05 1.54879e-21
-0.000349539 -9.86426e-05 1.51917e-21
-0.000349135 -9.80265e-05 1.4939e-21
-0.000349311 -9.75178e-05 1.47303e-21
-0.00035007 -9.71172e-05 1.45661e-21
-0.000351409 -9.68247e-05 1.44461e-21
-0.000353325 -9.66394e-05 1.43701e-21
-0.000355803 -9.65591e-05 1.43372e-21
-0.000358822 -9.65793e-05 1.43455e-21
-0.000362349 -9.66941e-05 1.43925e-21
-0.000366352 -9.68968e-05 1.44757e-21
-0.000370791 -9.71802e-05 1.45919e-21
-0.000375626 -9.75361e-05 1.47379e-21
-0.000380811 -9.79559e-05 1.491e-21
-0.000386298 -9.84304e-05 1.51046e-21
-0.000392039 -9.89502e-05 1.53178e-21
-0.000397981 -9.95051e-05 1.55454e-21
-0.000404071 -0.000100085 1.57832e-21
-0.000410255 -0.000100679 1.60269e-21
-0.00041648 -0.000101277 1.62722e-21
-0.000422693 -0.000101869 1.6515e-21
-0.000428841 -0.000102445 1.6751e-21
-0.000434874 -0.000102994 1.69763e-21
-0.000440745 -0.000103508 1.71869e-21
-0.000446407 -0.000103976 1.73792e-21
-0.000451817 -0.000104392 1.75496e-21
-0.000456936 -0.000104746 1.7695e-21
-0.000461727 -0.000105032 1.78123e-21
-0.000466161 -0.000105244 1.7899e-21
-0.000470212 -0.000105376 1.79532e-21
-0.00047386 -0.000105424 1.7973e-21
-0.000477089 -0.000105385 1.7957e-21
-0.00047989 -0.000105257 1.79044e-21
-0.000482258 -0.000105039 1.78149e-21
-0.000484195 -0.00010473 1.76882e-21
-0.0004857 -0.000104331 1.75245e-21
-0.000486776 -0.000103841 1.73235e-21
-0.000487423 -0.00010326 1.70854e-21
-0.000487647 -0.000102589 1.68103e-21
-0.000487454 -0.000101829 1.64986e-21
-0.000486857 -0.000100982 1.61511e-21
-0.000485869 -0.00010005 1.57691e-21
-0.000484496 -9.90368e-05 1.53533e-21
-0.000482759 -9.79439e-05 1.49051e-21
-0.000480671 -9.67731e-05 1.44249e-21
-0.000478235 -9.55253e-05 1.39132e-21
-0.000475458 -9.42014e-05 1.33702e-21
-0.000472338 -9.2801e-05 1.27959e-21
-0.000468868 -9.1322e-05 1.21893e-21
-0.000465021 -8.97614e-05 1.15492e-21
-0.000460786 -8.81151e-05 1.0874e-21
-0.000456151 -8.63788e-05 1.01619e-21
-0.000451087 -8.45476e-05 9.41088e-22
-0.000445569 -8.26154e-05 8.61845e-22
-0.000439569 -8.0577e-05 7.78243e-22
-0.000433062 -7.84267e-05 6.90053e-22
-0.000426023 -7.61596e-05 5.97072e-22
-0.000418428 -7.37705e-05 4.99088e-22
-0.000410256 -7.12549e-05 3.95918e-22
-0.000401487 -6.86091e-05 2.87406e-22
-0.000392112 -6.58307e-05 1.73455e-22
-0.000382123 -6.29181e-05 5.40022e-23
-0.000371516 -5.98705e-05 -7.09907e-23
-0.00036029 -5.66876e-05 -2.01531e-22
-0.000348451 -5.33704e-05 -3.37577e-22
-0.00033601 -4.99209e-05 -4.79052e-22
-0.000322978 -4.63413e-05 -6.2586e-22
-0.000309371 -4.26348e-05 -7.77875e-22
-0.00029521 -3.88055e-05 -9.34927e-22
-0.00028052 -3.48581e-05 -1.09682e-21
-0.000265327 -3.07979e-05 -1.26334e-21
-0.000249611 -2.66257e-05 -1.43446e-21
-0.000233434 -2.23504e-05 -1.6098e-21
-0.000216847 -1.79797e-05 -1.78905e-21
-0.000199861 -1.35178e-05 -1.97205e-21
-0.000182516 -8.9713e-06 -2.15851e-21
-0.000165278 -4.40875e-06 -2.34564e-21
-0.000147895 2.0343e-07 -2.53479e-21
-0.000130145 4.89634e-06 -2.72726e-21
-0.000112215 9.64119e-06 -2.92186e-21
-9.40298e-05 1.44469e-05 -3.11896e-21
-7.56946e-05 1.92961e-05 -3.31784e-21
-5.71904e-05 2.41894e-05 -3.51853e-21
-3.85895e-05 2.91138e-05 -3.72049e-21
-1.99146e-05 3.40625e-05 -3.92345e-21
-1.23598e-06 3.90218e-05 -4.12685e-21
1.74075e-05 4.39823e-05 -4.33029e-21
3.59536e-05 4.89309e-05 -4.53325e-21
5.43468e-05 5.38551e-05 -4.7352e-21
7.25185e-05 5.87401e-05 -4.93555e-21
9.04108e-05 6.35729e-05 -5.13376e-21
0.00010796 6.83394e-05 -5.32925e-21
0.000125105 7.30258e-05 -5.52145e-21
0.000141781 7.76177e-05 -5.70978e-21
0.00015793 8.21016e-05 -5.89368e-21
0.000173494 8.64646e-05 -6.07261e-21
0.000188419 9.06938e-05 -6.24606e-21
0.000202651 9.47768e-05 -6.41352e-21
0.000216142 9.87022e-05 -6.57451e-21
0.000228847 0.000102459 -6.72859e-21
0.00024072 0.000106036 -6.8753e-21
0.00025172 0.000109424 -7.01423e-21
0.00026181 0.000112612 -7.145e-21
0.000270955 0.000115593 -7.26725e-21
0.000279126 0.000118358 -7.38065e-21
0.000286296 0.0001209 -7.48492e-21
0.000292442 0.000123213 -7.57978e-21
0.000297549 0.000125292 -7.66505e-21
0.000301609 0.000127134 -7.74058e-21
0.000304617 0.000128736 -7.80628e-21
0.000306572 0.000130097 -7.86209e-21
0.000307489 0.000131217 -7.90805e-21
0.000307282 0.000132078 -7.94336e-21
0.000305929 0.000132676 -7.96787e-21
0.000303619 0.000133048 -7.98312e-21
0.000300446 0.000133211 -7.98983e-21
0.000296451 0.000133175 -7.98832e-21
0.000291707 0.000132952 -7.9792e-21
0.000286277 0.000132557 -7.96298e-21
0.000280234 0.000132003 -7.94026e-21
0.000273653 0.000131306 -7.91168e-21
0.000266617 0.000130483 -7.87795e-21
0.000259204 0.000129551 -7.83972e-21
0.000251492 0.000128526 -7.79768e-21
0.000243556 0.000127424 -7.75248e-21
0.000235456 0.000126258 -7.70466e-21
0.000227256 0.000125042 -7.65479e-21
0.000219026 0.000123791 -7.60349e-21
0.000210819 0.000122518 -7.55129e-21
0.000202689 0.000121235 -7.49866e-21
0.000194682 0.000119953 -7.44605e-21
0.000186838 0.00011868 -7.39387e-21
0.000179189 0.000117426 -7.34243e-21
0.000171764 0.000116198 -7.29206e-21
0.000164586 0.000115002 -7.243e-21
0.000157675 0.000113843 -7.19549e-21
0.000151047 0.000112728 -7.14974e-21
0.000144714 0.000111659 -7.10591e-21
0.000138686 0.000110641 -7.06416e-21
0.00013297 0.000109677 -7.02462e-21
0.000127573 0.000108769 -6.9874e-21
0.000122498 0.000107921 -6.95259e-21
0.000117747 0.000107133 -6.92028e-21
0.000113325 0.000106408 -6.89055e-21
0.000109239 0.000105749 -6.86353e-21
0.000105499 0.00010516 -6.83935e-21
0.000102112 0.000104642 -6.81812e-21
9.90901e-05 0.0001042 -6.79998e-21
9.64431e-05 0.000103836 -6.78506e-21
9.41824e-05 0.000103554 -6.7735e-21
9.23204e-05 0.000103357 -6.76543e-21
9.08675e-05 0.000103249 -6.76098e-21
8.98297e-05 0.00010323 -6.76021e-21
8.92109e-05 0.000103303 -6.7632e-21
8.90159e-05 0.000103468 -6.76999e-21
8.92442e-05 0.000103727 -6.7806e-21
8.9883e-05 0.000104077 -6.79494e-21
9.09136e-05 0.000104513 -6.81284e-21
9.2319e-05 0.000105034 -6.83418e-21
9.40783e-05 0.000105633 -6.85877e-21
9.61616e-05 0.000106306 -6.88635e-21
9.85348e-05 0.000107044 -6.91663e-21
0.000101167 0.000107841 -6.94932e-21
0.000104023 0.000108689 -6.98412e-21
0.000107058 0.00010958 -7.02063e-21
0.000110225 0.000110501 -7.0584e-21
0.00011348 0.000111443 -7.09703e-21
0.000116784 0.000112397 -7.13617e-21
0.000120104 0.000113355 -7.17548e-21
0.000123414 0.000114311 -7.21469e-21
0.000126692 0.000115259 -7.25357e-21
0.00012992 0.000116194 -7.29192e-21
0.000133094 0.000117114 -7.32963e-21
0.000136082 0.000117988 -7.36548e-21
0.000138875 0.000118816 -7.39945e-21
0.000141639 0.000119631 -7.43285e-21
0.000144383 0.00012043 -7.46563e-21
0.000147133 0.000121219 -7.49798e-21
0.000149932 0.000122004 -7.53018e-21
0.000152805 0.00012279 -7.56241e-21
0.000155798 0.000123583 -7.59495e-21
0.000158943 0.00012439 -7.62803e-21
0.00016228 0.000125215 -7.6619e-21
0.00016584 0.000126066 -7.69677e-21
0.000169657 0.000126945 -7.73285e-21
0.000173758 0.000127859 -7.77033e-21
0.000178169 0.000128811 -7.80935e-21
0.000182906 0.000129802 -7.85001e-21
0.000187981 0.000130835 -7.89235e-21
0.000193396 0.000131907 -7.93636e-21
0.000199091 0.000133005 -9.63373e-21
0.000205018 0.000134102 -9.67978e-21
0.000211275 0.000135239 -9.72748e-21
0.000217853 0.000136409 -9.77655e-21
0.000224724 0.000137607 -9.82675e-21
0.000231868 0.000138827 -9.8779e-21
0.000239259 0.000140066 -9.92977e-21
0.000246874 0.000141317 -9.98215e-21
0.000254677 0.000142574 -1.00348e-20
0.000262634 0.00014383 -1.00873e-20
0.000270706 0.000145079 -1.01395e-20
0.000278838 0.000146309 -1.01909e-20
0.000286966 0.000147508 -1.0241e-20
0.000295046 0.000148668 -1.02894e-20
0.00030303 0.00014978 -1.03358e-20
0.000310872 0.000150838 -1.03799e-20
0.000318494 0.00015181 -1.28175e-20
0.000325836 0.000152696 -1.53705e-20
0.000332881 0.000153506 -9.46079e-21
0.000339577 0.000154228 -8.35939e-21
0.000345865 0.000154854 -1.2108e-20
0.000351685 0.000155372 -9.07049e-21
0.000356959 0.000155763 -9.79142e-21
0.000361614 0.000156011 -9.8016e-21
0.000365586 0.000156106 -9.80549e-21
0.000368814 0.000156037 -9.80265e-21
0.000371237 0.000155792 -9.79262e-21
0.000372795 0.000155361 -9.77496e-21
0.000373436 0.000154735 -9.74929e-21
0.000373111 0.000153905 -9.71523e-21
0.000371776 0.000152863 -9.67249e-21
0.000369396 0.000151602 -9.62079e-21
0.000365942 0.000150118 -9.55992e-21
0.000361394 0.000148408 -9.48976e-21
0.000355743 0.000146469 -9.41025e-21
0.000348989 0.000144303 -9.32142e-21
0.000341142 0.000141912 -9.22337e-21
0.000332223 0.000139301 -9.11627e-21
0.000322266 0.000136476 -9.00043e-21
0.000311319 0.000133449 -8.87625e-21
0.000299434 0.000130228 -8.74419e-21
0.000286674 0.000126829 -8.60475e-21
0.000273105 0.000123263 -8.4585e-21
0.000258801 0.000119546 -8.30605e-21
0.000243841 0.000115693 -8.14806e-21
0.000228305 0.000111722 -7.98519e-21
0.000212274 0.000107649 -7.81813e-21
0.000195831 0.000103489 -7.64754e-21
0.000179059 9.92611e-05 -7.47412e-21
0.00016204 9.49803e-05 -7.29856e-21
0.000144851 9.06629e-05 -7.12149e-21
0.000127568 8.63239e-05 -6.94353e-21
0.000110263 8.19781e-05 -6.7653e-21
9.30091e-05 7.76402e-05 -6.58739e-21
7.587e-05 7.33232e-05 -6.41034e-21
5.89071e-05 6.90396e-05 -6.23465e-21
4.21788e-05 6.48013e-05 -6.06083e-21
2.5739e-05 6.06195e-05 -5.88932e-21
9.63468e-06 5.65038e-05 -5.72052e-21
-6.09221e-06 5.24627e-05 -5.55479e-21
-2.14034e-05 4.85043e-05 -5.39244e-21
-3.62659e-05 4.46354e-05 -5.23377e-21
-5.06545e-05 4.08611e-05 -5.07897e-21
-6.45493e-05 3.71857e-05 -4.92824e-21
-7.79343e-05 3.36126e-05 -4.78169e-21
-9.07971e-05 3.01443e-05 -4.63944e-21
-0.00010313 2.67824e-05 -4.50157e-21
-0.000114928 2.3528e-05 -4.36809e-21
-0.000126191 2.03812e-05 -4.23903e-21
-0.000136921 1.73413e-05 -4.11436e-21
-0.000147129 1.44064e-05 -3.99399e-21
-0.000156828 1.15734e-05 -3.8778e-21
-0.000166034 8.83904e-06 -3.76566e-21
-0.000174764 6.19934e-06 -3.65739e-21
-0.000183038 3.65023e-06 -3.55285e-21
-0.000190876 1.18731e-06 -3.45184e-21
-0.000198301 -1.19428e-06 -3.35416e-21
-0.000205336 -3.49987e-06 -3.2596e-21
-0.00021201 -5.73534e-06 -3.16792e-21
-0.00021835 -7.90701e-06 -3.07885e-21
-0.000224389 -1.00215e-05 -2.99213e-21
-0.000230163 -1.20869e-05 -2.90742e-21
-0.000235703 -1.41095e-05 -2.82447e-21
-0.000241307 -1.61339e-05 -2.74144e-21
-0.000246805 -1.81386e-05 -2.65922e-21
-0.000252098 -2.01111e-05 -2.57832e-21
-0.000257317 -2.2073e-05 -2.49786e-21
-0.000262423 -2.40205e-05 -2.41799e-21
-0.000267499 -2.59677e-05 -2.33813e-21
-0.000272539 -2.7916e-05 -2.25822e-21
-0.000277597 -2.98751e-05 -2.17787e-21
-0.000282685 -3.18489e-05 -2.09693e-21
-0.000287836 -3.38441e-05 -2.0151e-21
-0.000293027 -3.58609e-05 -1.93238e-21
-0.000298326 -3.79085e-05 -1.8484e-21
-0.000303759 -3.99902e-05 -1.76303e-21
-0.000309329 -4.21078e-05 -1.67618e-21
-0.000315054 -4.42638e-05 -1.58775e-21
-0.000320934 -4.64589e-05 -1.49773e-21
-0.000326976 -4.86941e-05 -1.40606e-21
-0.000333179 -5.0969e-05 -1.31276e-21
-0.000339545 -5.32835e-05 -1.21783e-21
-0.000346063 -5.56352e-05 -1.12138e-21
-0.00035271 -5.80223e-05 -1.02348e-21
-0.000359474 -6.04402e-05 -9.24313e-22
-0.000366348 -6.28853e-05 -8.24033e-22
-0.000373306 -6.53533e-05 -7.22813e-22
-0.000380317 -6.78388e-05 -6.20874e-22
-0.000387365 -7.03375e-05 -5.18397e-22
-0.000394431 -7.28441e-05 -4.15592e-22
-0.00040149 -7.53543e-05 -3.12644e-22
-0.000408521 -7.78632e-05 -2.09745e-22
-0.000415501 -8.03665e-05 -1.07078e-22
-0.000422411 -8.28598e-05 -4.81942e-24
-0.000429233 -8.534e-05 9.69006e-23
-0.000435953 -8.78043e-05 1.97966e-22
-0.000442558 -9.025e-05 2.98271e-22
-0.000449032 -9.26743e-05 3.977e-22
-0.000455361 -9.50742e-05 4.96128e-22
-0.000461528 -9.74465e-05 5.93421e-22
-0.000467517 -9.97883e-05 6.89466e-22
-0.000473316 -0.000102097 7.84152e-22
-0.000478911 -0.00010437 8.77385e-22
-0.000484293 -0.000106606 9.69077e-22
-0.000489452 -0.000108803 1.05917e-21
-0.000494381 -0.000110959 1.14759e-21
-0.000499072 -0.000113072 1.23428e-21
-0.000503515 -0.000115142 1.31915e-21
-0.000507707 -0.000117166 1.40217e-21
-0.000511644 -0.000119144 1.48331e-21
-0.000515328 -0.000121076 1.56254e-21
-0.000518759 -0.000122962 1.63987e-21
-0.000521944 -0.000124802 1.71533e-21
-0.000524892 -0.000126597 1.78899e-21
-0.000527619 -0.000128352 1.86093e-21
-0.000530142 -0.000130067 1.93128e-21
-0.000532485 -0.000131747 2.00019e-21
-0.00053467 -0.000133396 2.06783e-21
-0.000536706 -0.000135015 2.13421e-21
-0.000538332 -0.000136547 2.19703e-21
-0.000539594 -0.000138006 2.25687e-21
-0.000540861 -0.000139463 2.31663e-21
-0.0005421 -0.00014091 2.37597e-21
-0.000543352 -0.000142355 2.43523e-21
-0.000544677 -0.000143808 2.49483e-21
-0.000546096 -0.000145274 2.55495e-21
-0.000547671 -0.000146762 2.61601e-21
-0.000549438 -0.000148281 2.67831e-21
-0.000551453 -0.00014984 2.74223e-21
-0.000553818 -0.000151447 2.80813e-21
-0.000556785 -0.000153117 2.87661e-21
-0.000560254 -0.000154845 2.94751e-21
-0.000564017 -0.000156627 3.02057e-21
-0.000568125 -0.000158465 3.09595e-21
-0.000572317 -0.000160265 1.14431e-20
-0.000576639 -0.000162083 1.152e-20
-0.000581303 -0.000163956 1.15992e-20
-0.000586295 -0.000165879 1.16805e-20
-0.000591589 -0.000167849 1.17637e-20
-0.000597195 -0.000169865 1.18489e-20
-0.00060316 -0.000171935 1.19363e-20
-0.000609331 -0.000174014 1.31609e-20
-0.000615652 -0.000176089 1.32524e-20
-0.000622189 -0.000178186 1.33448e-20
-0.000628682 -0.000180234 9.96615e-21
-0.000635032 -0.000182186 1.64308e-20
-0.000641655 -0.000184151 8.82139e-21
-0.000642322 -0.000184347 6.34874e-21
-0.00064299 -0.000184544 6.35867e-21
-0.000643637 -0.000184724 9.8985e-21
-0.000644273 -0.000184898 9.89241e-21
-0.000644909 -0.000185073 9.89027e-21
-0.000645544 -0.000185247 9.88823e-21
-0.000646181 -0.000185423 1.49854e-20
-0.000646816 -0.000185598 1.40055e-20
-0.000647454 -0.000185774 1.40046e-20
-0.000648092 -0.000185949 1.40042e-20
-0.000648728 -0.000186125 1.39997e-20
-0.000649363 -0.0001863 1.39908e-20
-0.000649997 -0.000186476 1.39891e-20
-0.000650629 -0.000186651 1.39819e-20
-0.000651261 -0.000186826 1.39767e-20
-0.000651892 -0.000187002 1.39737e-20
-0.000658221 -0.000188751 1.65786e-20
-0.000664536 -0.000190483 1.44008e-20
-0.00067082 -0.000192189 1.52963e-20
-0.000677067 -0.00019387 1.82358e-20
-0.000683232 -0.000195519 8.3762e-21
-0.000689276 -0.000197127 2.2673e-20
-0.00069515 -0.000198679 1.065e-20
-0.000700809 -0.000200176 -2.39818e-19
-0.000706017 -0.00020155 2.65771e-20
-0.000710709 -0.000202762 1.72994e-20
-0.000715276 -0.000203915 -1.05265e-18
-0.000719509 -0.000204975 3.00783e-20
-0.000723213 -0.000205837 1.715e-20
-0.000726541 -0.000206639 2.81262e-20
-0.000729534 -0.000207371 2.74177e-20
-0.000732191 -0.00020803 -1.02996e-18
-0.00073449 -0.000208613 2.91993e-20
-0.000736413 -0.000209121 2.60505e-20
-0.000737958 -0.000209551 -6.06174e-19
-0.00073913 -0.000209905 -2.72304e-19
-0.00073993 -0.000210183 2.13065e-20
-0.000740367 -0.000210385 -2.33782e-19
-0.000740446 -0.000210513 3.07201e-20
-0.000740179 -0.000210567 3.71449e-20
-0.000739576 -0.000210548 3.71451e-20
-0.000738627 -0.000210451 2.45229e-20
-0.000737251 -0.000210235 2.4514e-20
-0.000735488 -0.000209908 2.45006e-20
-0.000733341 -0.00020947 2.44826e-20
-0.000730826 -0.000208923 2.44602e-20
-0.000727968 -0.000208275 2.44336e-20
-0.000724795 -0.000207528 2.4403e-20
-0.000721339 -0.00020669 2.43686e-20
-0.000717631 -0.000205763 2.43306e-20
-0.000713694 -0.000204756 2.42893e-20
-0.00070956 -0.000203671 2.42448e-20
-0.000705252 -0.000202516 2.41974e-20
-0.000700795 -0.000201295 2.41474e-20
-0.00069621 -0.000200012 2.40947e-20
-0.000691514 -0.000198671 2.40398e-20
-0.000686723 -0.000197276 2.39825e-20
-0.000681846 -0.000195828 2.39231e-20
-0.000676888 -0.000194328 2.38616e-20
-0.000671848 -0.000192777 2.3798e-20
-0.000666727 -0.000191175 2.37323e-20
-0.000661523 -0.000189522 2.36645e-20
-0.000656231 -0.000187818 2.35946e-20
-0.000650845 -0.000186061 2.35226e-20
-0.00064536 -0.000184251 2.34483e-20
-0.000639762 -0.000182385 2.33718e-20
-0.000634035 -0.000180461 2.32929e-20
-0.000628161 -0.000178474 2.32114e-20
-0.000622124 -0.000176423 2.31273e-20
-0.000615906 -0.000174304 2.30404e-20
-0.000609496 -0.000172115 2.29506e-20
-0.00060288 -0.000169853 2.28578e-20
-0.000596047 -0.000167517 2.2762e-20
-0.000588983 -0.000165105 2.26631e-20
-0.000581678 -0.000162613 2.25609e-20
-0.00057412 -0.000160041 2.24554e-20
-0.000566299 -0.000157387 2.23466e-20
-0.00055821 -0.000154649 2.22343e-20
-0.000549849 -0.000151828 2.21186e-20
-0.000541216 -0.000148923 2.19994e-20
-0.000532311 -0.000145935 2.18769e-20
-0.000523133 -0.000142864 2.1751e-20
-0.000513683 -0.000139711 2.16216e-20
-0.00050396 -0.000136476 2.14889e-20
-0.000493968 -0.000133159 2.13529e-20
-0.000483712 -0.000129763 2.12136e-20
-0.000473205 -0.00012629 2.10712e-20
-0.000462458 -0.000122743 2.09257e-20
-0.000451484 -0.000119125 2.07773e-20
-0.000440299 -0.00011544 2.06262e-20
-0.000428918 -0.000111691 2.04724e-20
-0.000417357 -0.000107883 2.03162e-20
-0.000405635 -0.000104019 2.01578e-20
-0.000393773 -0.000100105 1.99973e-20
-0.000381796 -9.61463e-05 1.98349e-20
-0.000369731 -9.21494e-05 1.9671e-20
-0.000357606 -8.81206e-05 1.95057e-20
-0.000345452 -8.40676e-05 1.93395e-20
-0.000333309 -7.99987e-05 1.91726e-20
-0.000321213 -7.59229e-05 1.90055e-20
-0.000309203 -7.18485e-05 1.88384e-20
-0.000297316 -6.77844e-05 1.86717e-20
-0.00028559 -6.37393e-05 1.85058e-20
-0.00027406 -5.97215e-05 1.8341e-20
-0.000262762 -5.57393e-05 1.81777e-20
-0.00025173 -5.18008e-05 1.80162e-20
-0.000240997 -4.79138e-05 1.78568e-20
-0.000230595 -4.4086e-05 1.76998e-20
-0.000220554 -4.03244e-05 1.75455e-20
-0.000210903 -3.66366e-05 1.73942e-20
-0.000201671 -3.30295e-05 1.72463e-20
-0.000192888 -2.95103e-05 1.7102e-20
-0.000184578 -2.60852e-05 1.69615e-20
-0.000176766 -2.27607e-05 1.68251e-20
-0.000169477 -1.95429e-05 1.66932e-20
-0.000162731 -1.64373e-05 1.65658e-20
-0.000156553 -1.34504e-05 1.64433e-20
-0.000150968 -1.05882e-05 1.63259e-20
-0.000145985 -7.85412e-06 1.62138e-20
-0.000141615 -5.25208e-06 1.61071e-20
-0.00013787 -2.78578e-06 1.60059e-20
-0.000134747 -4.5606e-07 1.59104e-20
-0.000132227 1.73878e-06 1.58204e-20
-0.000130285 3.80094e-06 1.57358e-20
-0.000129158 5.68913e-06 1.56583e-20
-0.000128641 7.43872e-06 1.55866e-20
-0.000128563 9.08095e-06 1.55192e-20
-0.000128977 1.06056e-05 1.54567e-20
-0.00012978 1.20315e-05 1.53982e-20
-0.00013096 1.33614e-05 1.53437e-20
-0.000132429 1.46116e-05 1.52924e-20
-0.00013414 1.5791e-05 1.5244e-20
-0.000136019 1.69141e-05 1.5198e-20
-0.000138006 1.79923e-05 1.51537e-20
-0.000140028 1.90401e-05 1.51108e-20
-0.000142022 2.00698e-05 1.50685e-20
-0.00014392 2.10947e-05 1.50265e-20
-0.000145664 2.21264e-05 1.49842e-20
-0.000147195 2.31767e-05 1.49411e-20
-0.000148461 2.4256e-05 1.48969e-20
-0.000149412 2.53744e-05 1.4851e-20
-0.000150003 2.65411e-05 1.48031e-20
-0.000150192 2.7765e-05 1.47529e-20
-0.000149941 2.90537e-05 1.47001e-20
-0.000149219 3.0414e-05 1.46443e-20
-0.000148002 3.18511e-05 1.45854e-20
-0.000146203 3.33712e-05 1.4523e-20
-0.000143637 3.49812e-05 1.4457e-20
-0.000140438 3.66738e-05 1.43876e-20
-0.000136803 3.84427e-05 1.4315e-20
-0.000132703 4.02868e-05 1.42394e-20
-0.000128175 4.22006e-05 1.41609e-20
-0.000123243 4.41799e-05 1.40797e-20
-0.000117944 4.62176e-05 1.39961e-20
-0.000112434 4.82821e-05 1.39115e-20
-0.000106953 5.03262e-05 1.38276e-20
-0.000101438 5.23662e-05 1.3744e-20
-9.57205e-05 5.44334e-05 1.36592e-20
-8.98758e-05 5.6513e-05 1.35739e-20
-8.3958e-05 5.85948e-05 1.34885e-20
-7.80046e-05 6.06709e-05 1.34034e-20
-7.20686e-05 6.27312e-05 1.33189e-20
-6.61898e-05 6.4767e-05 1.32354e-20
-6.0413e-05 6.67695e-05 1.31533e-20
-5.47715e-05 6.87312e-05 1.30728e-20
-4.92961e-05 7.06458e-05 1.29943e-20
-4.40083e-05 7.25081e-05 1.29179e-20
-3.89256e-05 7.43141e-05 1.28438e-20
-3.40589e-05 7.60607e-05 1.27722e-20
-2.94133e-05 7.77462e-05 1.27031e-20
-2.49873e-05 7.937e-05 1.26365e-20
-2.07752e-05 8.09322e-05 1.25724e-20
-1.67654e-05 8.24343e-05 1.25108e-20
-1.29371e-05 8.38796e-05 1.24515e-20
-9.26074e-06 8.52731e-05 1.23944e-20
-5.70317e-06 8.66206e-05 1.23391e-20
-2.22769e-06 8.79286e-05 1.22855e-20
1.20869e-06 8.92051e-05 1.22331e-20
4.6051e-06 9.04288e-05 8.54188e-21
8.03288e-06 9.16288e-05 8.48502e-21
1.15706e-05 9.28277e-05 8.42834e-21
1.52713e-05 9.4034e-05 8.37144e-21
1.9181e-05 9.52566e-05 8.31393e-21
2.33433e-05 9.65042e-05 8.2554e-21
2.77977e-05 9.77845e-05 8.19549e-21
3.25813e-05 9.91052e-05 8.13388e-21
3.77277e-05 0.000100473 8.07024e-21
4.32658e-05 0.000101895 8.00429e-21
4.92187e-05 0.000103375 7.93581e-21
5.56021e-05 0.000104917 7.86463e-21
6.24247e-05 0.000106524 7.79064e-21
6.96858e-05 0.000108196 7.71383e-21
7.73809e-05 0.000109933 7.63419e-21
8.55094e-05 0.000111736 7.5517e-21
9.40634e-05 0.000113604 7.4664e-21
0.000103041 0.000115535 7.37834e-21
0.00011243 0.000117529 7.28764e-21
0.000122202 0.00011957 2.03756e-21
0.000132097 0.000121522 8.75803e-22
0.00014226 0.000123526 1.08591e-21
0.000152707 0.000125567 7.9342e-21
0.000163401 0.000127638 1.22835e-20
0.000174294 0.000129732 7.18854e-21
0.000185345 0.00013184 7.24226e-21
0.000196503 0.000133953 7.87284e-21
0.000207721 0.000136063 8.81927e-21
0.000218945 0.000138158 -9.66042e-22
0.000230115 0.000140223 4.38856e-21
0.00024118 0.00014225 2.68037e-21
0.000252093 0.000144233 5.3094e-21
0.000262808 0.000146164 9.19188e-21
0.000273276 0.000148032 4.80102e-21
0.000283304 0.000149782 6.21455e-21
0.000293001 0.00015144 3.87027e-21
0.000302338 0.000153013 -4.72677e-22
0.000311246 0.000154489 4.77382e-21
0.000319682 0.00015586 2.79761e-21
0.000327609 0.00015712 8.40212e-21
0.000334993 0.000158262 -2.56706e-21
0.000341789 0.000159278 3.16088e-21
0.000347957 0.000160159 1.42493e-21
0.000353468 0.0001609 -1.39381e-21
0.000358291 0.000161496 1.87288e-21
0.000362397 0.000161941 -8.56733e-21
0.000365762 0.00016223 -8.58129e-21
0.000368332 0.000162343 -5.40708e-21
0.000370055 0.000162268 5.42406e-22
0.000370902 0.000161998 5.53473e-22
0.000370856 0.000161531 5.7265e-22
0.000369898 0.000160862 6.00067e-22
0.000368012 0.00015999 6.35831e-22
0.000365186 0.000158913 6.80017e-22
0.000361413 0.000157629 7.32659e-22
0.000356688 0.000156139 7.93761e-22
0.000351014 0.000154444 8.6329e-22
0.000344396 0.000152545 9.41167e-22
0.000336847 0.000150446 1.02726e-21
0.000328389 0.000148151 1.12138e-21
0.000319048 0.000145667 1.22327e-21
0.000308859 0.000143 1.33264e-21
0.000297863 0.00014016 1.44913e-21
0.000286105 0.000137155 1.57236e-21
0.000273633 0.000133996 1.70191e-21
0.000260503 0.000130695 1.83733e-21
0.000246775 0.000127262 1.97811e-21
0.000232517 0.000123712 2.12369e-21
0.000217802 0.00012006 2.27347e-21
0.000202711 0.000116322 2.42679e-21
0.000187321 0.000112513 2.58301e-21
0.000171712 0.000108649 2.74148e-21
0.000155961 0.000104746 2.90157e-21
0.000140148 0.000100818 3.06264e-21
0.000124349 9.68822e-05 3.22407e-21
0.00010864 9.29525e-05 3.38524e-21
9.30967e-05 8.90442e-05 3.54553e-21
7.77915e-05 8.51715e-05 3.70436e-21
6.27923e-05 8.13481e-05 3.86117e-21
4.81638e-05 7.7587e-05 4.01542e-21
3.39656e-05 7.39002e-05 4.16663e-21
2.0252e-05 7.02988e-05 4.31433e-21
7.07216e-06 6.67928e-05 4.45812e-21
-5.52554e-06 6.33925e-05 4.59758e-21
-1.74953e-05 6.01077e-05 4.7323e-21
-2.87976e-05 5.69471e-05 4.86192e-21
-3.94005e-05 5.3918e-05 4.98616e-21
-4.92791e-05 5.10264e-05 5.10475e-21
-5.84158e-05 4.82771e-05 5.21751e-21
-6.68005e-05 4.56733e-05 5.3243e-21
-7.44307e-05 4.32169e-05 5.42504e-21
-8.13097e-05 4.09089e-05 5.5197e-21
-8.74466e-05 3.87491e-05 5.60828e-21
-9.28569e-05 3.6736e-05 5.69084e-21
-9.75621e-05 3.48672e-05 5.76748e-21
-0.00010159 3.31391e-05 5.83836e-21
-0.000104972 3.1547e-05 5.90366e-21
-0.000107745 3.00855e-05 5.9636e-21
-0.000109948 2.87489e-05 6.01841e-21
-0.00011162 2.75312e-05 6.06835e-21
-0.000112799 2.64267e-05 6.11365e-21
-0.000113525 2.54294e-05 6.15455e-21
-0.000113836 2.45335e-05 6.1913e-21
-0.000113769 2.37331e-05 6.22412e-21
-0.00011336 2.30229e-05 6.25325e-21
-0.000112642 2.23976e-05 6.2789e-21
-0.000111649 2.18523e-05 6.30126e-21
-0.000110412 2.13815e-05 6.32057e-21
-0.000108966 2.09795e-05 6.33706e-21
-0.000107341 2.06411e-05 6.35094e-21
-0.000105564 2.03619e-05 6.36239e-21
-0.000103653 2.01384e-05 6.37155e-21
-0.000101625 1.99682e-05 6.37854e-21
-9.94878e-05 1.98496e-05 6.3834e-21
-9.72494e-05 1.97816e-05 6.38619e-21
-9.49187e-05 1.9762e-05 6.38699e-21
-9.25068e-05 1.97883e-05 6.38591e-21
-9.00215e-05 1.98587e-05 6.38303e-21
-8.74672e-05 1.99716e-05 6.3784e-21
-8.48466e-05 2.01258e-05 6.37207e-21
-8.21611e-05 2.03201e-05 6.3641e-21
-7.94088e-05 2.05541e-05 6.35451e-21
-7.6587e-05 2.08272e-05 6.34331e-21
-7.36967e-05 2.11381e-05 6.33056e-21
-7.07422e-05 2.14846e-05 6.31634e-21
-6.77273e-05 2.18646e-05 6.30076e-21
-6.46551e-05 2.22761e-05 6.28388e-21
-6.15301e-05 2.27168e-05 6.26581e-21
-5.83585e-05 2.31839e-05 6.24665e-21
-5.51437e-05 2.36748e-05 6.22652e-21
-5.18921e-05 2.41871e-05 6.20551e-21
-4.8608e-05 2.47187e-05 6.1837e-21
-4.52838e-05 2.52676e-05 6.16119e-21
-4.19048e-05 2.58332e-05 6.13799e-21
-3.84901e-05 2.64142e-05 6.11417e-21
-3.50448e-05 2.70093e-05 6.08976e-21
-3.15627e-05 2.76179e-05 6.0648e-21
-2.80474e-05 2.82387e-05 6.03934e-21
-2.44974e-05 2.88706e-05 6.01342e-21
-2.0917e-05 2.9512e-05 5.98712e-21
-1.73078e-05 3.01615e-05 5.96048e-21
-1.36765e-05 3.08171e-05 5.93359e-21
-1.00294e-05 3.14766e-05 5.90654e-21
-6.36638e-06 3.21386e-05 5.87939e-21
-2.70179e-06 3.28002e-05 5.85226e-21
9.49297e-07 3.34582e-05 5.82527e-21
4.57855e-06 3.41101e-05 5.79854e-21
8.17316e-06 3.47533e-05 5.77216e-21
1.17269e-05 3.53861e-05 5.7462e-21
1.52281e-05 3.60061e-05 5.72077e-21
1.86654e-05 3.66108e-05 5.69598e-21
2.20239e-05 3.71971e-05 5.67193e-21
2.52884e-05 3.77621e-05 5.64876e-21
2.84404e-05 3.8302e-05 5.62661e-21
3.14608e-05 3.88131e-05 5.60565e-21
3.43306e-05 3.92918e-05 5.58602e-21
3.70315e-05 3.97346e-05 5.56786e-21
3.9544e-05 4.0138e-05 5.55131e-21
4.18468e-05 4.0498e-05 5.53655e-21
4.39168e-05 4.08104e-05 5.52374e-21
4.57295e-05 4.10707e-05 5.51306e-21
4.72593e-05 4.12741e-05 5.50472e-21
4.84823e-05 4.14163e-05 5.49889e-21
4.93754e-05 4.14933e-05 5.49573e-21
4.99181e-05 4.15017e-05 5.49538e-21
5.0092e-05 4.14384e-05 5.49798e-21
4.98787e-05 4.13003e-05 5.50364e-21
4.92608e-05 4.10849e-05 5.51248e-21
4.82219e-05 4.07894e-05 5.5246e-21
4.67472e-05 4.04117e-05 5.54009e-21
4.48233e-05 3.99498e-05 5.55903e-21
4.24374e-05 3.9402e-05 5.5815e-21
3.95781e-05 3.87667e-05 5.60755e-21
3.62364e-05 3.80429e-05 5.63724e-21
3.24059e-05 3.723e-05 5.67058e-21
2.80818e-05 3.63279e-05 5.70758e-21
2.32614e-05 3.53366e-05 5.74823e-21
1.79457e-05 3.4257e-05 5.79251e-21
1.21387e-05 3.30906e-05 5.84035e-21
5.84572e-06 3.1839e-05 5.89168e-21
-9.25673e-07 3.05043e-05 5.94642e-21
-8.16367e-06 2.90892e-05 6.00446e-21
-1.58509e-05 2.75976e-05 6.06563e-21
-2.39561e-05 2.60346e-05 6.12973e-21
-3.24583e-05 2.44062e-05 6.19652e-21
-4.13276e-05 2.27193e-05 6.26571e-21
-5.05144e-05 2.0981e-05 6.337e-21
-5.99829e-05 1.92006e-05 6.41002e-21
-6.96949e-05 1.73873e-05 6.48438e-21
-7.95983e-05 1.55507e-05 6.55971e-21
-8.96092e-05 1.37047e-05 6.63542e-21
-9.96977e-05 1.18573e-05 6.71119e-21
-0.000109823 1.00185e-05 6.7866e-21
-0.000119977 8.19204e-06 6.86151e-21
-0.000130056 6.39617e-06 6.93516e-21
-0.000139964 4.6479e-06 7.00686e-21
-0.000149666 2.95556e-06 7.07627e-21
-0.000159081 1.33397e-06 7.14278e-21
-0.000168161 -2.06889e-07 7.20597e-21
-0.000176836 -1.65419e-06 7.26533e-21
-0.000185059 -2.99808e-06 7.32045e-21
-0.00019277 -4.22746e-06 7.37087e-21
-0.00019992 -5.33287e-06 7.4162e-21
-0.000206457 -6.30423e-06 7.45604e-21
-0.000212333 -7.13259e-06 7.49002e-21
-0.000217504 -7.8092e-06 7.51777e-21
-0.000221931 -8.32674e-06 7.53899e-21
-0.000225581 -8.67922e-06 7.55345e-21
-0.000228495 -8.8715e-06 7.56133e-21
-0.000230619 -8.89547e-06 7.56232e-21
-0.000231911 -8.74466e-06 7.55613e-21
-0.000232389 -8.4219e-06 7.5429e-21
-0.000232042 -7.92623e-06 7.52257e-21
-0.000230888 -7.26137e-06 7.4953e-21
-0.000228935 -6.42984e-06 7.46119e-21
-0.000226211 -5.43706e-06 7.42048e-21
-0.000222739 -4.28865e-06 7.37338e-21
-0.000218554 -2.99193e-06 7.3202e-21
-0.000213693 -1.55459e-06 7.26125e-21
-0.000208197 1.43304e-08 7.1969e-21
-0.000202113 1.70515e-06 7.12756e-21
-0.00019549 3.50739e-06 7.05364e-21
-0.00018838 5.4101e-06 6.9756e-21
-0.000180839 7.40165e-06 6.89393e-21
-0.000172923 9.46998e-06 6.8091e-21
-0.000164691 1.16027e-05 6.72163e-21
-0.000156202 1.37874e-05 6.63203e-21
-0.000147512 1.6012e-05 6.54079e-21
-0.000138679 1.82646e-05 6.44841e-21
-0.000129755 2.05336e-05 6.35535e-21
-0.000120795 2.28077e-05 6.26208e-21
-0.000111848 2.5076e-05 6.16905e-21
-0.000102963 2.73282e-05 6.07668e-21
-9.41842e-05 2.95544e-05 5.98538e-21
-8.5554e-05 3.17454e-05 5.89552e-21
-7.71049e-05 3.38941e-05 5.80739e-21
-6.88614e-05 3.59948e-05 5.72124e-21
-6.08446e-05 3.80428e-05 5.63724e-21
-5.30734e-05 4.00335e-05 5.5556e-21
-4.55656e-05 4.19627e-05 5.47648e-21
-3.8338e-05 4.38264e-05 5.40004e-21
-3.14053e-05 4.5621e-05 5.32644e-21
-2.47793e-05 4.73436e-05 5.25579e-21
-1.84663e-05 4.89923e-05 5.18817e-21
-1.24674e-05 5.05664e-05 5.12362e-21
-6.78164e-06 5.20657e-05 5.06213e-21
-1.40669e-06 5.34902e-05 5.0037e-21
3.66086e-06 5.48403e-05 4.94833e-21
8.42547e-06 5.61166e-05 4.89599e-21
1.28923e-05 5.73197e-05 4.84664e-21
1.70677e-05 5.84508e-05 4.80025e-21
2.09604e-05 5.95114e-05 4.75675e-21
2.45812e-05 6.05036e-05 4.71606e-21
2.79411e-05 6.14294e-05 4.67809e-21
3.10502e-05 6.22909e-05 4.64276e-21
3.39135e-05 6.3089e-05 4.61003e-21
3.65324e-05 6.38238e-05 4.57989e-21
3.89069e-05 6.44953e-05 4.55235e-21
4.10376e-05 6.51034e-05 4.52741e-21
4.29256e-05 6.56482e-05 4.50506e-21
4.45729e-05 6.61303e-05 4.48529e-21
4.59819e-05 6.65499e-05 4.46809e-21
4.7157e-05 6.69079e-05 4.4534e-21
4.81082e-05 6.72064e-05 4.44116e-21
4.88505e-05 6.74484e-05 4.43124e-21
4.93999e-05 6.76373e-05 4.42349e-21
4.97708e-05 6.77761e-05 4.4178e-21
4.99725e-05 6.78665e-05 4.41409e-21
5.001e-05 6.79097e-05 4.41232e-21
4.98863e-05 6.79061e-05 4.41246e-21
4.96054e-05 6.78565e-05 4.4145e-21
4.91736e-05 6.77622e-05 4.41837e-21
4.85993e-05 6.76248e-05 4.424e-21
4.7891e-05 6.74463e-05 4.43132e-21
4.70545e-05 6.72277e-05 4.44029e-21
4.60902e-05 6.69692e-05 4.45089e-21
4.49934e-05 6.66699e-05 4.46316e-21
4.37576e-05 6.63284e-05 4.47717e-21
4.23763e-05 6.59435e-05 4.49295e-21
4.08465e-05 6.55147e-05 4.51054e-21
3.91676e-05 6.50421e-05 4.52993e-21
3.73392e-05 6.45258e-05 4.5511e-21
3.53577e-05 6.39654e-05 4.57408e-21
3.32127e-05 6.33591e-05 4.59895e-21
3.08876e-05 6.27036e-05 4.62583e-21
2.83639e-05 6.19955e-05 4.65487e-21
2.56238e-05 6.12315e-05 4.68621e-21
2.26519e-05 6.04089e-05 4.71995e-21
1.94354e-05 5.95252e-05 4.75619e-21
1.59627e-05 5.85788e-05 4.795e-21
1.22212e-05 5.75674e-05 4.83648e-21
8.19495e-06 5.64882e-05 4.88074e-21
3.86497e-06 5.53377e-05 4.92793e-21
-7.86779e-07 5.41126e-05 4.97817e-21
-5.7747e-06 5.28104e-05 5.03158e-21
-1.11058e-05 5.14299e-05 5.0882e-21
-1.67805e-05 4.99716e-05 5.14801e-21
-2.27948e-05 4.84366e-05 5.21097e-21
-2.91434e-05 4.68263e-05 5.27701e-21
-3.58216e-05 4.51422e-05 5.34608e-21
-4.28245e-05 4.33853e-05 5.41813e-21
-5.01453e-05 4.15572e-05 5.49311e-21
-5.77732e-05 3.96602e-05 5.57091e-21
-6.56931e-05 3.76974e-05 5.65141e-21
-7.38855e-05 3.5673e-05 5.73444e-21
-8.23276e-05 3.35915e-05 5.81981e-21
-9.09944e-05 3.14579e-05 5.90731e-21
-9.98606e-05 2.92772e-05 5.99675e-21
-0.0001089 2.70545e-05 6.0879e-21
-0.000118085 2.47953e-05 6.18056e-21
-0.000127386 2.25051e-05 6.27449e-21
-0.000136772 2.019e-05 6.36944e-21
-0.000146211 1.78561e-05 6.46516e-21
-0.000155668 1.55097e-05 6.56139e-21
-0.000165112 1.31572e-05 6.65787e-21
-0.000174509 1.08046e-05 6.75436e-21
-0.000183829 8.45769e-06 6.85061e-21
-0.000193041 6.12191e-06 6.94641e-21
-0.000202118 3.80252e-06 7.04154e-21
-0.000211034 1.50392e-06 7.13581e-21
-0.000219768 -7.70213e-07 7.22908e-21
-0.000228301 -3.01668e-06 7.32121e-21
-0.000236617 -5.2327e-06 7.4121e-21
-0.000244702 -7.41618e-06 7.50165e-21
-0.000252546 -9.56567e-06 7.5898e-21
-0.000260141 -1.16803e-05 7.67653e-21
-0.000267482 -1.37594e-05 7.7618e-21
-0.000274564 -1.58027e-05 7.8456e-21
-0.000281485 -1.78243e-05 7.92851e-21
-0.000288277 -1.98296e-05 8.01076e-21
-0.000294818 -2.18012e-05 8.09162e-21
-0.000301092 -2.37372e-05 8.17102e-21
-0.00030711 -2.56393e-05 8.24903e-21
-0.000312862 -2.75063e-05 8.3256e-21
-0.000318357 -2.93398e-05 8.4008e-21
-0.000323595 -3.11399e-05 8.47463e-21
-0.000328586 -3.29087e-05 8.54717e-21
-0.000333337 -3.46474e-05 8.61848e-21
-0.00033786 -3.63587e-05 8.68867e-21
-0.000342166 -3.80447e-05 8.75781e-21
-0.000346268 -3.97079e-05 8.82602e-21
-0.000350182 -4.13509e-05 8.89341e-21
-0.000353923 -4.2977e-05 8.9601e-21
-0.000357514 -4.45899e-05 9.02625e-21
-0.000360965 -4.61918e-05 9.09195e-21
-0.000364286 -4.77839e-05 9.15724e-21
-0.00036743 -4.93635e-05 9.22203e-21
-0.000370462 -5.09378e-05 9.28659e-21
-0.000373421 -5.25116e-05 9.35114e-21
-0.000376296 -5.40846e-05 9.41566e-21
-0.000379122 -5.56614e-05 9.48032e-21
-0.000381905 -5.72437e-05 9.54522e-21
-0.000384672 -5.88354e-05 9.6105e-21
-0.000387435 -6.0439e-05 9.67627e-21
-0.000390219 -6.20584e-05 9.74268e-21
-0.00039303 -6.36975e-05 9.80991e-21
-0.000395897 -6.53595e-05 9.87807e-21
-0.000398848 -6.70478e-05 9.94731e-21
-0.000401901 -6.87665e-05 1.00178e-20
-0.000405078 -7.05191e-05 1.00897e-20
-0.000408394 -7.23099e-05 1.01631e-20
-0.000411876 -7.41426e-05 1.02383e-20
-0.000415549 -7.60215e-05 1.03153e-20
-0.00041943 -7.79499e-05 1.03944e-20
-0.000423541 -7.99317e-05 1.04757e-20
-0.000427897 -8.197e-05 1.05593e-20
-0.000432519 -8.40685e-05 1.06454e-20
-0.000437428 -8.62317e-05 1.07341e-20
-0.000442652 -8.84652e-05 1.08257e-20
-0.000448217 -9.07745e-05 1.09204e-20
-0.000454147 -9.31647e-05 1.10184e-20
-0.000460465 -9.56406e-05 1.112e-20
-0.000467192 -9.82069e-05 1.12252e-20
-0.000474347 -0.000100868 1.13344e-20
-0.000481942 -0.000103626 1.14475e-20
-0.000489983 -0.000106484 1.15647e-20
-0.000498469 -0.00010944 1.1686e-20
-0.000507394 -0.000112496 1.18113e-20
-0.000516744 -0.000115648 1.19405e-20
-0.000526493 -0.000118891 1.20736e-20
-0.0005366 -0.000122218 1.221e-20
-0.000547021 -0.000125619 1.23495e-20
-0.000557706 -0.000129084 1.24916e-20
-0.000568599 -0.000132603 1.26359e-20
-0.000579631 -0.000136162 1.27819e-20
-0.000590744 -0.000139747 1.29289e-20
-0.000601883 -0.00014335 1.30767e-20
-0.000612928 -0.000146943 1.3224e-20
-0.000623382 -0.000150423 1.33668e-20
-0.000633235 -0.000153796 1.35051e-20
-0.000642957 -0.000157154 1.36428e-20
-0.000652295 -0.000160383 2.11659e-20
-0.000661262 -0.000163542 2.12953e-20
-0.0006699 -0.000166646 2.14225e-20
-0.000678148 -0.000169679 2.15469e-20
-0.000686003 -0.00017264 2.16684e-20
-0.000693499 -0.000175527 2.17869e-20
-0.00070087 -0.000178351 2.19028e-20
-0.000707995 -0.000181099 2.20157e-20
-0.000714655 -0.000183762 2.21251e-20
-0.000720834 -0.00018629 2.62381e-20
-0.000726272 -0.000188544 2.61456e-20
-0.000731238 -0.000190729 2.60364e-20
-0.00073583 -0.000192835 2.59597e-20
-0.000740074 -0.000194867 2.58451e-20
-0.000744001 -0.000196828 2.57539e-20
-0.000747644 -0.000198723 2.56709e-20
-0.000751038 -0.000200558 2.55462e-20
-0.000754039 -0.000202271 2.091e-20
-0.00075686 -0.000203916 2.08422e-20
-0.000759571 -0.000205521 2.07431e-20
-0.000762194 -0.000207093 2.06669e-20
-0.00076477 -0.000208638 2.05748e-20
-0.000767339 -0.000210163 2.04964e-20
-0.000769707 -0.000211604 2.0612e-20
-0.000771234 -0.000212744 2.86599e-20
-0.00077294 -0.000213693 2.4943e-20
-0.000774777 -0.000214663 2.2009e-20
-0.000776874 -0.000215659 4.39962e-19
-0.000779261 -0.000216681 2.65455e-20
-0.000781929 -0.00021772 3.02003e-20
-0.000783896 -0.000218663 -2.71081e-17
-0.00078397 -0.000219373 4.53274e-20
-0.000782984 -0.000219869 5.89195e-20
-0.000782762 -0.000220421 4.94259e-20
-0.00078292 -0.000220963 5.47137e-20
-0.000783396 -0.000221422 4.63812e-20
-0.000784235 -0.000221931 5.64971e-20
-0.000785455 -0.00022248 4.44233e-20
-0.000787063 -0.00022307 7.17111e-18
-0.000789058 -0.000223701 4.13085e-20
-0.000791432 -0.000224372 3.79818e-20
-0.000794187 -0.000225083 4.27163e-20
-0.000797319 -0.000225835 3.70006e-20
-0.000800825 -0.000226625 5.86459e-20
-0.000804692 -0.000227452 4.85023e-20
-0.000808908 -0.000228316 4.31702e-20
-0.00081346 -0.000229216 3.11158e-20
-0.000818351 -0.000230151 4.70181e-20
-0.000823573 -0.00023112 3.53451e-20
-0.000829117 -0.000232122 4.11451e-20
-0.000834976 -0.000233155 3.15082e-20
-0.000840551 -0.000234072 3.09763e-20
-0.000846385 -0.000234856 2.42828e-20
-0.000852554 -0.000235609 3.22926e-20
-0.000858893 -0.00023639 2.68256e-20
-0.000865471 -0.000237191 1.78944e-18
-0.000872303 -0.000238013 2.79075e-20
-0.000879386 -0.000238856 9.47311e-20
-0.000886715 -0.000239717 -3.61395e-20
-0.000894281 -0.000240596 1.65974e-20
-0.000902074 -0.000241492 -1.64373e-21
-0.000910082 -0.000242404 1.41121e-20
-0.000918291 -0.000243329 2.3228e-20
-0.000926698 -0.000244271 8.82062e-21
-0.00093526 -0.000245226 -4.38785e-19
-0.000943934 -0.000246187 -1.1197e-18
-0.000952699 -0.00024715 3.14533e-20
-0.000961522 -0.000248113 5.70442e-20
-0.000970366 -0.000249073 2.56291e-20
-0.000979195 -0.000250024 3.65481e-20
-0.000987969 -0.000250963 6.14766e-21
-0.000996647 -0.000251886 3.39037e-20
-0.00100519 -0.000252788 1.051e-20
-0.00101355 -0.000253667 7.70396e-21
-0.00102145 -0.000254466 3.03638e-19
-0.00102875 -0.000255141 -1.2511e-18
-0.00103607 -0.000255786 9.92485e-21
-0.00104316 -0.000256411 -3.073e-19
-0.00105001 -0.000257029 7.77043e-19
-0.00105697 -0.00025763 3.21831e-20
-0.00106391 -0.000258209 -2.26491e-19
-0.00107043 -0.000258746 -4.52688e-20
-0.0010765 -0.000259236 2.2298e-19
-0.00108211 -0.000259679 -3.29389e-19
-0.00108723 -0.000260075 2.61406e-21
-0.0010919 -0.000260422 -2.79181e-18
-0.00109612 -0.000260706 6.53058e-19
-0.00109982 -0.000260949 3.92844e-19
-0.00110307 -0.000261152 3.51616e-19
-0.00110588 -0.000261316 -1.52878e-18
-0.00110828 -0.000261441 -1.70025e-19
-0.00111028 -0.000261531 -2.3468e-19
-0.00111191 -0.000261586 -6.83989e-18
-0.0011132 -0.00026161 5.47886e-19
-0.00111417 -0.000261607 7.42863e-20
-0.00111487 -0.000261578 5.90743e-19
-0.00111532 -0.000261526 9.98259e-20
-0.00111556 -0.000261451 1.3228e-19
-0.00111562 -0.000261353 1.12496e-19
-0.0011155 -0.000261222 2.83011e-19
-0.00111522 -0.000261055 1.7879e-19
-0.00111478 -0.000260851 9.82102e-20
-0.00111411 -0.000260582 9.07619e-20
-0.0011132 -0.000260237 1.12378e-19
-0.00111198 -0.000259809 1.12365e-19
-0.00111049 -0.0002593 1.1235e-19
-0.00110874 -0.000258715 1.12332e-19
-0.00110677 -0.000258056 1.12312e-19
-0.00110458 -0.000257325 1.1229e-19
-0.00110219 -0.000256525 1.12266e-19
-0.00109962 -0.000255657 1.1224e-19
-0.00109687 -0.000254723 1.12213e-19
-0.00109396 -0.000253724 1.12183e-19
-0.00109089 -0.000252661 1.12152e-19
-0.00108765 -0.000251534 1.12119e-19
-0.00108425 -0.000250342 1.12084e-19
-0.00108067 -0.000249084 1.12047e-19
-0.0010769 -0.000247757 1.12009e-19
-0.00107293 -0.00024636 1.11968e-19
-0.00106873 -0.000244889 1.11925e-19
-0.00106428 -0.000243339 1.11881e-19
-0.00105956 -0.000241709 1.11833e-19
-0.00105455 -0.000239994 1.11783e-19
-0.00104921 -0.00023819 1.11731e-19
-0.00104353 -0.000236294 1.11676e-19
-0.00103748 -0.000234302 1.11618e-19
-0.00103104 -0.000232211 1.11557e-19
-0.00102419 -0.000230018 1.11493e-19
-0.00101691 -0.000227721 1.11426e-19
-0.00100919 -0.00022532 1.11356e-19
-0.00100103 -0.000222815 1.11283e-19
-0.000992429 -0.000220206 1.11206e-19
-0.000983381 -0.000217495 1.11127e-19
-0.000973888 -0.000214682 1.11044e-19
-0.000963953 -0.000211768 1.10958e-19
-0.000953585 -0.000208755 1.10869e-19
-0.000942797 -0.000205647 1.10778e-19
-0.000931607 -0.000202448 1.10683e-19
-0.000920037 -0.000199163 1.10586e-19
-0.000908111 -0.000195796 1.10487e-19
-0.000895854 -0.000192353 1.10385e-19
-0.000883288 -0.000188837 1.1028e-19
-0.000870434 -0.000185254 1.10174e-19
-0.000857321 -0.000181608 1.10066e-19
-0.000843985 -0.000177906 1.09956e-19
-0.000830467 -0.000174158 1.09845e-19
-0.000816811 -0.000170371 1.09732e-19
-0.000803062 -0.000166554 1.09619e-19
-0.000789257 -0.000162715 1.09505e-19
-0.000775431 -0.000158861 1.09391e-19
-0.000761613 -0.000154997 1.09276e-19
-0.000747834 -0.000151129 1.09161e-19
-0.000734119 -0.000147263 1.09047e-19
-0.000720494 -0.000143403 1.08932e-19
-0.000706981 -0.000139555 1.08818e-19
-0.000693599 -0.000135722 1.08705e-19
-0.000680362 -0.000131907 1.08592e-19
-0.000667283 -0.000128113 1.08479e-19
-0.000654366 -0.000124342 1.08368e-19
-0.000641621 -0.000120595 1.08257e-19
-0.000629051 -0.000116875 1.08147e-19
-0.000616663 -0.000113183 1.08038e-19
-0.000604463 -0.00010952 1.0793e-19
-0.000592455 -0.000105888 1.07823e-19
-0.000580642 -0.000102289 1.07716e-19
-0.00056903 -9.87246e-05 1.07611e-19
-0.000557623 -9.51955e-05 1.07507e-19
-0.000546424 -9.17034e-05 1.07404e-19
-0.000535433 -8.82488e-05 1.07302e-19
-0.00052465 -8.48319e-05 1.07202e-19
-0.000514072 -8.14525e-05 1.07102e-19
-0.000503698 -7.81109e-05 1.07004e-19
-0.00049353 -7.4808e-05 1.06907e-19
-0.000483577 -7.15455e-05 1.06811e-19
-0.000473844 -6.83248e-05 1.06716e-19
-0.000464341 -6.51478e-05 1.06623e-19
-0.000455072 -6.20155e-05 1.06531e-19
-0.000446042 -5.89286e-05 1.0644e-19
-0.000437255 -5.58876e-05 1.06351e-19
-0.000428714 -5.28931e-05 1.06263e-19
-0.000420424 -4.99459e-05 1.06177e-19
-0.000412424 -4.70534e-05 1.06092e-19
-0.000404787 -4.42303e-05 1.0601e-19
-0.000397464 -4.14648e-05 1.05929e-19
-0.000390388 -3.87437e-05 1.0585e-19
-0.000383586 -3.6072e-05 1.05772e-19
-0.000377043 -3.34463e-05 1.05696e-19
-0.000370757 -3.08656e-05 1.05621e-19
-0.000364718 -2.83272e-05 1.05547e-19
-0.00035891 -2.58291e-05 1.05475e-19
-0.00035333 -2.33699e-05 1.05404e-19
-0.000347969 -2.0947e-05 1.05334e-19
-0.000342816 -1.85578e-05 1.05266e-19
-0.000337851 -1.61981e-05 1.05198e-19
-0.00033305 -1.38634e-05 1.05131e-19
-0.00032839 -1.15489e-05 1.05064e-19
-0.000323844 -9.25152e-06 1.04999e-19
-0.0003194 -6.96879e-06 1.04933e-19
-0.000315028 -4.69774e-06 1.04869e-19
-0.000310702 -2.43159e-06 1.04804e-19
-0.000306407 -1.64968e-07 1.04739e-19
-0.000302101 2.10805e-06 1.04675e-19
-0.000297748 4.39475e-06 1.0461e-19
-0.000293307 6.70191e-06 1.04544e-19
-0.000288833 8.98309e-06 8.65816e-20
-0.000284518 1.12337e-05 8.65346e-20
-0.000280098 1.35118e-05 8.64865e-20
-0.000275391 1.58443e-05 8.64366e-20
-0.00027046 1.82218e-05 8.63852e-20
-0.000265207 2.06601e-05 8.63319e-20
-0.000259643 2.31584e-05 8.62765e-20
-0.000253713 2.57254e-05 8.6219e-20
-0.000247414 2.83621e-05 8.61592e-20
-0.000240724 3.10717e-05 8.60971e-20
-0.000233652 3.38527e-05 8.60326e-20
-0.000226494 3.65098e-05 8.74267e-20
-0.000219047 3.92152e-05 8.53599e-20
-0.000211193 4.1997e-05 8.54027e-20
-0.000202915 4.48532e-05 8.61498e-20
-0.000194217 4.7783e-05 8.73524e-20
-0.000185099 5.07859e-05 8.50733e-20
-0.000175571 5.38601e-05 8.55348e-20
-0.000165763 5.69658e-05 8.52744e-20
-0.000155661 6.00956e-05 8.7152e-20
-0.000144969 6.32856e-05 8.8242e-20
-0.000134145 6.64503e-05 8.42285e-20
-0.000123489 6.95793e-05 8.46696e-20
-0.000112598 7.27504e-05 8.48982e-20
-0.000101514 7.59526e-05 8.95347e-20
-9.04365e-05 7.91042e-05 6.809e-20
-7.96524e-05 8.20404e-05 6.84378e-20
-6.89627e-05 8.499e-05 6.94592e-20
-5.86079e-05 8.78358e-05 7.07241e-20
-4.83119e-05 9.06351e-05 6.66605e-20
-3.80649e-05 9.34123e-05 6.38494e-20
-2.79231e-05 9.61635e-05 6.84234e-20
-1.78996e-05 9.88869e-05 6.79658e-20
-7.99947e-06 0.000101577 6.93514e-20
1.77247e-06 0.000104234 7.15851e-20
1.14294e-05 0.000106867 6.96717e-20
2.09885e-05 0.000109478 7.10342e-20
3.04649e-05 0.000112068 6.80969e-20
3.98767e-05 0.00011464 6.91968e-20
4.92453e-05 0.000117199 6.88827e-20
5.85982e-05 0.000119747 6.53413e-20
6.7967e-05 0.000122291 6.04994e-20
7.72606e-05 0.000124739 7.2703e-20
8.63093e-05 0.000126999 7.40893e-20
9.53495e-05 0.000129278 6.4906e-20
0.000104359 0.00013152 6.61025e-20
0.00011297 0.000133592 7.34302e-20
0.000121761 0.000135656 7.15908e-20
0.000127725 0.000137367 6.98323e-20
0.000131907 0.000138866 7.29222e-20
0.00013695 0.000140467 6.94663e-20
0.000142201 0.000142093 6.41096e-20
0.000147795 0.000143759 6.57259e-20
0.00015372 0.000145464 7.63706e-20
0.000159988 0.000147209 6.35438e-20
0.00016659 0.000148995 7.27519e-20
0.000173526 0.000150822 6.95358e-20
0.000180792 0.00015269 7.1512e-20
0.000188383 0.000154598 6.62706e-20
0.00019629 0.000156544 6.76874e-20
0.000204501 0.000158529 7.13401e-20
0.000213005 0.000160548 7.3502e-20
0.000221798 0.0001626 6.53762e-20
0.000230857 0.000164681 6.7459e-20
0.000240152 0.000166791 6.67026e-20
0.000249475 0.000168728 8.53105e-20
0.000258737 0.000170592 9.3171e-20
0.000268119 0.000172477 8.99428e-20
0.00027767 0.00017438 9.36906e-20
0.00028736 0.000176292 8.78173e-20
0.000297015 0.00017817 9.38099e-20
0.000306033 0.000179838 9.52547e-20
0.000315597 0.000181523 9.31459e-20
0.000325286 0.000183208 -5.4462e-18
0.000335048 0.000184894 7.86019e-20
0.000344891 0.00018658 7.94282e-20
0.000354798 0.000188266 8.21037e-20
0.000364512 0.000189926 2.60921e-19
0.00037377 0.000191529 1.00287e-19
0.000382849 0.000193105 9.12243e-20
0.00039199 0.000194682 6.60344e-20
0.000401138 0.000196254 7.98131e-20
0.000410301 0.00019782 1.53829e-17
0.00041946 0.000199372 -2.26578e-19
0.000428573 0.000200896 9.69322e-20
0.00043765 0.000202406 1.15471e-19
0.000446688 0.0002039 9.00272e-19
0.000455669 0.000205377 2.53477e-19
0.000464525 0.000206804 4.51572e-18
0.000473252 0.000208191 -6.91443e-17
0.000481851 0.000209549 -4.16332e-20
0.000490286 0.000210869 -3.22172e-20
0.000498493 0.00021198 -3.52842e-20
0.000506295 0.000213005 -3.22966e-20
0.000513743 0.000213959 -2.60776e-20
0.000520879 0.000214834 -1.35644e-20
0.00052773 0.000215661 -1.76559e-20
0.000534324 0.000216451 -1.38579e-20
0.000540607 0.000217204 -2.83539e-20
0.000546255 0.000217843 6.69502e-21
0.000551842 0.00021845 -1.70765e-20
0.00055713 0.000219015 -5.05043e-21
0.000562092 0.000219546 -1.53458e-20
0.000566759 0.000220053 -6.55877e-21
0.000571044 0.000220516 -1.85526e-20
0.000574955 0.000220938 -1.07596e-20
0.000578483 0.000221319 -1.61562e-21
0.00058162 0.000221658 -1.72228e-20
0.000584495 0.000221849 -1.49234e-20
0.000586698 0.000221994 -8.94677e-21
0.000588457 0.000222108 -8.99674e-22
0.000589841 0.000222192 7.76262e-20
0.00058996 0.0002222 -6.32607e-19
0.000590074 0.000222208 2.26908e-19
0.00059017 0.000222214 7.57312e-21
0.000590255 0.000222219 1.11082e-19
0.000590354 0.000222226 3.61013e-19
0.000590453 0.000222232 -3.03406e-20
0.000590549 0.000222238 -4.35459e-18
0.000590572 0.000222238 1.52053e-20
0.000590549 0.000222235 6.75439e-19
0.000590601 0.000222237 -3.55687e-20
0.000590677 0.000222242 -1.3048e-19
0.000590754 0.000222246 -1.67779e-19
0.00059137 0.000222278 -6.4671e-21
0.000591678 0.000222284 -2.89624e-21
0.000591859 0.000222279 -8.68427e-21
0.000591874 0.000222261 2.91636e-21
0.000591553 0.000222215 -3.57757e-19
0.000590944 0.000222147 5.1732e-21
0.000590058 0.000222059 1.35072e-17
0.000588911 0.00022195 -4.93593e-19
0.000587512 0.000221823 4.47572e-20
0.00058588 0.000221679 4.90625e-19
0.000584012 0.000221514 5.79594e-19
0.0005819 0.00022132 6.09112e-19
0.000579525 0.00022105 5.6174e-19
0.000576868 0.000220699 5.90147e-19
0.00057394 0.000220271 5.90152e-19
0.000570766 0.000219771 5.90156e-19
0.000567368 0.000219202 5.90159e-19
0.000563684 0.000218555 5.90162e-19
0.000559673 0.000217825 5.90165e-19
0.000555367 0.000217018 5.90167e-19
0.000550778 0.000216135 5.90169e-19
0.000545928 0.00021518 5.9017e-19
0.000540834 0.000214155 5.90171e-19
0.000535519 0.000213065 5.90171e-19
0.000529999 0.000211913 5.90171e-19
0.000524294 0.000210702 5.90171e-19
0.000518415 0.000209433 5.90169e-19
0.000512371 0.00020811 5.90168e-19
0.000506166 0.000206732 5.90166e-19
0.000499805 0.0002053 5.90163e-19
0.000493288 0.000203815 5.9016e-19
0.000486623 0.000202277 5.90156e-19
0.000479831 0.000200689 5.90151e-19
0.000472925 0.000199052 5.90147e-19
0.0004659 0.000197366 5.90141e-19
0.000458756 0.000195632 5.90135e-19
0.000451487 0.000193847 5.90128e-19
0.000444089 0.000192013 5.90121e-19
0.000436555 0.000190126 5.90113e-19
0.000428879 0.000188188 5.90105e-19
0.000421057 0.000186197 5.90096e-19
0.000413084 0.000184153 5.90087e-19
0.000404957 0.000182055 5.90077e-19
0.000396678 0.000179905 5.90067e-19
0.000388252 0.000177703 5.90056e-19
0.000379685 0.000175451 5.90045e-19
0.000370985 0.000173151 5.90034e-19
0.000362164 0.000170805 5.90022e-19
0.00035324 0.000168418 5.90009e-19
0.000344228 0.000165993 5.89996e-19
0.000335153 0.000163534 5.89983e-19
0.000326042 0.000161046 5.89969e-19
0.000316925 0.000158536 5.89955e-19
0.000307832 0.00015601 5.89941e-19
0.000298794 0.000153474 5.89926e-19
0.000289841 0.000150934 5.8991e-19
0.000281005 0.000148397 5.89894e-19
0.000272315 0.000145869 5.89878e-19
0.000263801 0.000143356 5.89861e-19
0.000255489 0.000140864 5.89844e-19
0.00024741 0.000138399 5.89826e-19
0.000239586 0.000135966 5.89808e-19
0.000232043 0.00013357 5.89789e-19
0.000224798 0.000131216 5.8977e-19
0.000217871 0.000128908 5.8975e-19
0.000211274 0.000126649 5.8973e-19
0.000205018 0.000124442 5.8971e-19
0.000199112 0.000122289 5.89689e-19
0.000193561 0.000120193 5.89668e-19
0.000188368 0.000118155 5.89646e-19
0.00018353 0.000116174 5.89624e-19
0.000179036 0.000114251 5.89602e-19
0.000174874 0.000112384 5.8958e-19
0.000171024 0.000110569 5.89557e-19
0.000167468 0.000108803 5.89534e-19
0.000164184 0.000107084 5.89511e-19
0.000161149 0.000105408 5.89488e-19
0.00015834 0.00010377 5.89465e-19
0.000155732 0.000102168 5.89441e-19
0.0001533 0.000100596 5.89418e-19
0.000151018 9.90507e-05 5.89394e-19
0.00014886 9.75271e-05 5.89371e-19
0.000146803 9.60215e-05 5.89347e-19
0.000144827 9.45304e-05 5.89324e-19
0.000142917 9.30512e-05 5.893e-19
0.000141059 9.15817e-05 5.89277e-19
0.000139241 9.01197e-05 5.89254e-19
0.000137454 8.86638e-05 5.89231e-19
0.00013569 8.72128e-05 5.89207e-19
0.000133946 8.57657e-05 5.89184e-19
0.000132218 8.4322e-05 5.89161e-19
0.000130502 8.2881e-05 5.89138e-19
0.000128796 8.14421e-05 5.89115e-19
0.000127099 8.00049e-05 5.89093e-19
0.000125412 7.85691e-05 5.8907e-19
0.000123734 7.71344e-05 5.89047e-19
0.000122065 7.57005e-05 5.89024e-19
0.000120405 7.42671e-05 5.89001e-19
0.000118756 7.28339e-05 5.88978e-19
0.000117117 7.14009e-05 5.88956e-19
0.000115491 6.9968e-05 5.88933e-19
0.000113878 6.85349e-05 5.8891e-19
0.000112277 6.71013e-05 5.88886e-19
0.000110685 6.56661e-05 5.88863e-19
0.000109096 6.42283e-05 5.8884e-19
0.000107504 6.2786e-05 5.88816e-19
0.000105899 6.13378e-05 5.88793e-19
0.000104277 5.9882e-05 5.88769e-19
0.000102627 5.8417e-05 5.88745e-19
0.000100939 5.6941e-05 5.88722e-19
9.92011e-05 5.54517e-05 5.88697e-19
9.73978e-05 5.39463e-05 5.88673e-19
9.55137e-05 5.24216e-05 5.88649e-19
9.35345e-05 5.08742e-05 5.88625e-19
9.14392e-05 4.93007e-05 5.886e-19
8.91999e-05 4.76975e-05 5.88576e-19
8.67775e-05 4.60615e-05 5.88551e-19
8.41871e-05 4.43897e-05 5.88526e-19
8.14236e-05 4.26813e-05 5.88502e-19
7.84485e-05 4.09331e-05 5.88477e-19
7.53234e-05 3.91564e-05 5.88453e-19
7.20604e-05 3.73546e-05 5.88428e-19
6.85684e-05 3.55088e-05 5.88403e-19
6.47999e-05 3.36109e-05 5.88378e-19
6.082e-05 3.16667e-05 5.88354e-19
5.65451e-05 2.96653e-05 5.88329e-19
5.19294e-05 2.76014e-05 5.88304e-19
4.69825e-05 2.54744e-05 5.8828e-19
4.16376e-05 2.32752e-05 5.88256e-19
3.58354e-05 2.09944e-05 5.88232e-19
2.96333e-05 1.86402e-05 5.88208e-19
2.30732e-05 1.62181e-05 5.88184e-19
1.61185e-05 1.37231e-05 5.88161e-19
8.7881e-06 1.11581e-05 5.88137e-19
1.07113e-06 8.52178e-06 5.88114e-19
-7.01776e-06 5.81662e-06 5.88091e-19
-1.54789e-05 3.04298e-06 5.88068e-19
-2.42979e-05 2.03496e-07 5.88046e-19
-3.34696e-05 -2.70053e-06 5.88023e-19
-4.29824e-05 -5.66702e-06 5.88001e-19
-5.28417e-05 -8.69681e-06 5.87979e-19
-6.30363e-05 -1.17877e-05 5.87956e-19
-7.3548e-05 -1.49362e-05 5.87935e-19
-8.43655e-05 -1.81402e-05 5.87913e-19
-9.54746e-05 -2.13969e-05 5.87891e-19
-0.00010686 -2.47034e-05 5.8787e-19
-0.000118509 -2.80571e-05 5.87848e-19
-0.000130407 -3.14548e-05 5.87827e-19
-0.00014254 -3.48936e-05 5.87806e-19
-0.00015489 -3.83697e-05 5.87785e-19
-0.000167441 -4.18795e-05 5.87765e-19
-0.000180132 -4.53947e-05 5.93562e-19
-0.000192857 -4.88661e-05 5.93478e-19
-0.00020569 -5.23604e-05 5.93394e-19
-0.000218384 -5.57068e-05 5.95815e-19
-0.000230974 -5.89866e-05 5.95396e-19
-0.000243613 -6.22792e-05 5.94978e-19
-0.000256322 -6.55763e-05 5.94567e-19
-0.000269081 -6.88734e-05 5.94158e-19
-0.000281867 -7.21656e-05 5.93723e-19
-0.00029464 -7.54444e-05 5.93319e-19
-0.000307366 -7.87026e-05 5.92921e-19
-0.000320041 -8.19386e-05 5.92503e-19
-0.000332647 -8.51484e-05 5.92116e-19
-0.000345205 -8.83334e-05 5.90829e-19
-0.000357337 -9.12972e-05 6.06489e-19
-0.000369086 -9.41351e-05 6.06065e-19
-0.000380614 -9.69318e-05 6.057e-19
-0.000391957 -9.96795e-05 6.05283e-19
-0.000403092 -0.000102373 6.04895e-19
-0.000413999 -0.000105009 6.04618e-19
-0.000424617 -0.00010756 6.07989e-19
-0.000434731 -0.000109966 6.08443e-19
-0.000444658 -0.000112309 6.05855e-19
-0.000454279 -0.000114581 6.03602e-19
-0.0004636 -0.000116782 6.03378e-19
-0.000472618 -0.00011891 6.03123e-19
-0.000481323 -0.000120965 6.09138e-19
-0.000489705 -0.000122945 6.04421e-19
-0.000497755 -0.000124847 6.01114e-19
-0.000505461 -0.000126671 6.04406e-19
-0.000512814 -0.000128414 6.04201e-19
-0.000519803 -0.000130076 6.01644e-19
-0.000526421 -0.000131654 6.09829e-19
-0.000532658 -0.000133148 6.04323e-19
-0.00053801 -0.000134401 6.03005e-19
-0.000543214 -0.000135593 6.06909e-19
-0.000548025 -0.000136707 6.01838e-19
-0.000552387 -0.0001377 6.07771e-19
-0.000556221 -0.00013854 6.10188e-19
-0.000559606 -0.00013931 6.02284e-19
-0.000562589 -0.000140005 6.07071e-19
-0.000565163 -0.000140625 6.01293e-19
-0.000567315 -0.000141167 6.11004e-19
-0.00056905 -0.000141632 6.11032e-19
-0.000570387 -0.000142024 6.02226e-19
-0.000571277 -0.000142334 6.02226e-19
-0.000571741 -0.000142566 6.02236e-19
-0.000571782 -0.000142722 6.0223e-19
-0.0005714 -0.000142801 6.02216e-19
-0.000570601 -0.000142804 6.02196e-19
-0.000569362 -0.000142721 6.02754e-19
-0.000567644 -0.000142529 6.05993e-19
-0.00056544 -0.000142222 6.05986e-19
-0.000562758 -0.000141803 6.05979e-19
-0.000559615 -0.000141275 6.05972e-19
-0.00055603 -0.000140642 6.05964e-19
-0.000552024 -0.000139909 6.05956e-19
-0.000547618 -0.000139078 6.05948e-19
-0.000542836 -0.000138155 6.0594e-19
-0.000537704 -0.000137144 6.05931e-19
-0.000532246 -0.000136049 6.05922e-19
-0.000526492 -0.000134878 6.05914e-19
-0.000520469 -0.000133634 6.05905e-19
-0.000514207 -0.000132324 6.05896e-19
-0.000507737 -0.000130954 6.05888e-19
-0.000501091 -0.00012953 6.05879e-19
-0.000494299 -0.000128058 6.05871e-19
-0.000487393 -0.000126545 6.05863e-19
-0.000480404 -0.000124997 6.05855e-19
-0.000473362 -0.00012342 6.05848e-19
-0.000466295 -0.000121821 6.05841e-19
-0.000459232 -0.000120205 6.05834e-19
-0.000452199 -0.000118579 6.05828e-19
-0.000445225 -0.000116948 6.05822e-19
-0.000438334 -0.000115318 6.05817e-19
-0.000431549 -0.000113695 6.05812e-19
-0.000424888 -0.000112082 6.05807e-19
-0.000418369 -0.000110485 6.05804e-19
-0.000412007 -0.000108906 6.058e-19
-0.000405812 -0.000107348 6.05798e-19
-0.000399792 -0.000105815 6.05795e-19
-0.00039395 -0.000104306 6.05794e-19
-0.000388288 -0.000102824 6.05793e-19
-0.000382807 -0.000101368 6.05792e-19
-0.000377503 -9.99393e-05 6.05792e-19
-0.000372368 -9.85358e-05 6.05792e-19
-0.000367396 -9.7157e-05 6.05793e-19
-0.000362578 -9.58014e-05 6.05794e-19
-0.000357906 -9.44675e-05 6.05796e-19
-0.000353369 -9.31533e-05 6.05798e-19
-0.000348959 -9.18571e-05 6.058e-19
-0.000344667 -9.0577e-05 6.05803e-19
-0.000340485 -8.93113e-05 6.05806e-19
-0.000336406 -8.80583e-05 6.0581e-19
-0.000332423 -8.68163e-05 6.05814e-19
-0.000328532 -8.5584e-05 6.05818e-19
-0.000324727 -8.43599e-05 6.05823e-19
-0.000321004 -8.31423e-05 6.05828e-19
-0.000317361 -8.193e-05 6.05833e-19
-0.000313793 -8.0722e-05 6.05839e-19
-0.000310304 -7.95181e-05 6.05845e-19
-0.000306898 -7.83181e-05 6.05852e-19
-0.000303578 -7.71224e-05 6.05859e-19
-0.000300349 -7.59311e-05 6.05867e-19
-0.00029722 -7.47454e-05 6.05875e-19
-0.000294198 -7.35662e-05 6.05883e-19
-0.00029129 -7.23946e-05 6.05892e-19
-0.000288504 -7.12313e-05 6.05902e-19
-0.000285847 -7.00777e-05 6.05912e-19
-0.000283325 -6.89345e-05 6.05923e-19
-0.000280944 -6.78029e-05 6.05935e-19
-0.000278705 -6.66829e-05 6.05947e-19
-0.000276611 -6.5575e-05 6.05959e-19
-0.00027466 -6.44791e-05 6.05973e-19
-0.000272851 -6.33949e-05 6.05986e-19
-0.000271175 -6.2321e-05 6.06001e-19
-0.000269622 -6.12555e-05 6.06016e-19
-0.000268174 -6.01954e-05 6.06031e-19
-0.000266812 -5.91373e-05 6.06047e-19
-0.000265518 -5.80777e-05 6.06064e-19
-0.000264272 -5.70134e-05 6.0608e-19
-0.000263055 -5.59413e-05 6.06097e-19
-0.000261848 -5.48582e-05 6.06115e-19
-0.000260632 -5.37606e-05 6.06133e-19
-0.000259387 -5.26454e-05 6.0615e-19
-0.000258093 -5.15093e-05 6.06169e-19
-0.000256731 -5.0349e-05 6.06187e-19
-0.000255284 -4.91616e-05 6.06205e-19
-0.000253736 -4.79449e-05 6.06224e-19
-0.000252076 -4.66969e-05 6.06242e-19
-0.000250294 -4.54162e-05 6.0626e-19
-0.000248379 -4.41009e-05 6.06279e-19
-0.000246316 -4.27487e-05 6.06297e-19
-0.000244091 -4.13569e-05 6.06315e-19
-0.000241691 -3.99228e-05 6.06333e-19
-0.000239104 -3.84444e-05 6.06351e-19
-0.00023632 -3.69197e-05 6.06369e-19
-0.000233334 -3.53475e-05 6.06387e-19
-0.000230138 -3.37266e-05 6.06405e-19
-0.000226723 -3.20558e-05 6.06422e-19
-0.000223087 -3.03344e-05 6.06439e-19
-0.000219232 -2.85618e-05 6.06456e-19
-0.000215148 -2.67386e-05 6.06473e-19
-0.000210839 -2.48639e-05 6.06489e-19
-0.000206317 -2.29377e-05 6.06506e-19
-0.000201588 -2.09623e-05 6.06522e-19
-0.000196655 -1.89374e-05 6.06538e-19
-0.000191513 -1.68623e-05 6.06554e-19
-0.000186098 -1.47313e-05 6.06569e-19
-0.00018046 -1.25491e-05 6.06584e-19
-0.000174631 -1.03187e-05 6.066e-19
-0.000168585 -8.03741e-06 6.06615e-19
-0.000162337 -5.70651e-06 6.06629e-19
-0.000155869 -3.32374e-06 6.06644e-19
-0.000149185 -8.89169e-07 6.06659e-19
-0.000142272 1.59901e-06 6.06673e-19
-0.000135126 4.14133e-06 6.06687e-19
-0.000128064 6.69302e-06 6.06702e-19
-0.000120859 9.28588e-06 6.06716e-19
-0.000113328 1.19466e-05 6.06731e-19
-0.000105588 1.46581e-05 6.06745e-19
-9.75492e-05 1.74333e-05 6.06758e-19
-8.92595e-05 2.0265e-05 6.06772e-19
-8.06769e-05 2.31589e-05 6.06785e-19
-7.18257e-05 2.6111e-05 6.06798e-19
-6.26907e-05 2.91227e-05 6.0681e-19
-5.32874e-05 3.21907e-05 6.06822e-19
-4.36126e-05 3.53145e-05 6.06833e-19
-3.36773e-05 3.84918e-05 6.06845e-19
-2.3484e-05 4.1721e-05 6.06856e-19
-1.30438e-05 4.49996e-05 6.06866e-19
-2.36691e-06 4.83247e-05 6.06876e-19
8.52678e-06 5.1692e-05 6.06886e-19
1.9615e-05 5.50963e-05 6.06895e-19
3.08713e-05 5.85318e-05 6.06904e-19
4.22685e-05 6.19926e-05 6.06913e-19
5.37767e-05 6.5472e-05 6.06921e-19
6.53647e-05 6.89635e-05 6.0693e-19
7.69997e-05 7.24601e-05 6.06938e-19
8.86476e-05 7.59545e-05 6.06946e-19
0.00010027 7.94387e-05 6.06954e-19
0.000111828 8.29044e-05 6.06962e-19
0.000123279 8.63429e-05 6.0697e-19
0.000134581 8.97458e-05 6.06978e-19
0.000145702 9.31054e-05 6.06986e-19
0.000156604 9.64136e-05 6.06994e-19
0.000167248 9.96624e-05 6.07003e-19
0.000177599 0.000102844 6.07011e-19
0.000187623 0.000105951 6.0702e-19
0.000197203 0.000108924 5.99756e-19
0.000206296 0.000111761 5.99721e-19
0.000214969 0.000114512 6.04495e-19
0.000223211 0.000117166 5.99781e-19
0.000231003 0.00011972 5.97887e-19
0.000238332 0.000122171 5.88544e-19
0.000245197 0.000124516 5.97303e-19
0.000251593 0.000126753 5.99433e-19
0.000257514 0.000128881 5.98264e-19
0.000262965 0.000130899 5.93241e-19
0.000267956 0.000132808 5.93417e-19
0.000272221 0.000134431 5.99878e-19
0.000275991 0.000135962 6.03903e-19
0.000279359 0.000137399 5.93073e-19
0.000282353 0.000138744 5.89979e-19
0.000284986 0.00014 6.819e-18
0.000287279 0.00014117 5.87638e-19
0.00028925 0.000142256 5.96973e-19
0.000290915 0.000143261 5.96218e-19
0.000292289 0.000144187 5.92426e-19
0.000293386 0.000145035 5.95014e-19
0.000294215 0.000145807 5.96361e-19
0.000294786 0.000146505 5.98525e-19
0.000295102 0.000147128 6.03254e-19
0.000295163 0.000147675 5.89545e-19
0.000294974 0.000148148 6.00354e-19
0.000294539 0.000148547 5.87831e-19
0.000293856 0.000148871 6.01589e-19
0.000292921 0.000149119 5.95939e-19
0.000291732 0.000149291 5.95729e-19
0.000290283 0.000149385 5.83912e-19
0.000288577 0.000149402 5.96137e-19
0.000286614 0.000149342 5.95516e-19
0.000284396 0.000149205 5.95527e-19
0.000281917 0.000148987 5.98626e-19
0.000279164 0.000148683 5.98636e-19
0.000276136 0.000148293 5.98646e-19
0.000272834 0.000147817 5.98656e-19
0.000269262 0.000147256 5.98665e-19
0.000265429 0.000146612 5.98674e-19
0.000261349 0.00014589 5.98683e-19
0.000257037 0.000145091 5.98691e-19
0.000252509 0.000144219 5.98699e-19
0.000247787 0.00014328 5.98707e-19
0.000242891 0.000142278 5.98714e-19
0.000237846 0.000141217 5.98721e-19
0.000232674 0.000140104 5.98727e-19
0.000227402 0.000138944 5.98733e-19
0.000222054 0.000137742 5.98739e-19
0.000216658 0.000136504 5.98744e-19
0.000211236 0.000135235 5.98748e-19
0.000205808 0.00013394 5.98752e-19
0.00020039 0.000132623 5.98755e-19
0.000194999 0.000131287 5.98757e-19
0.000189648 0.000129935 5.98759e-19
0.00018435 0.000128571 5.98761e-19
0.000179116 0.000127197 5.98761e-19
0.000173956 0.000125816 5.98761e-19
0.00016888 0.000124431 5.98761e-19
0.000163892 0.000123042 5.9876e-19
0.000158995 0.000121651 5.98758e-19
0.000154193 0.000120259 5.98755e-19
0.000149488 0.000118866 5.98752e-19
0.000144884 0.000117476 5.98749e-19
0.000140386 0.000116088 5.98744e-19
0.000136 0.000114705 5.9874e-19
0.000131732 0.000113329 5.98734e-19
0.000127588 0.00011196 5.98728e-19
0.000123574 0.000110602 5.98721e-19
0.000119699 0.000109256 5.98714e-19
0.000115971 0.000107924 5.98706e-19
0.000112398 0.000106609 5.98698e-19
0.000108993 0.000105313 5.98689e-19
0.000105764 0.00010404 5.98679e-19
0.000102724 0.000102791 5.98669e-19
9.98806e-05 0.000101569 5.98658e-19
9.72457e-05 0.000100376 5.98646e-19
9.4827e-05 9.92156e-05 5.98634e-19
9.26339e-05 9.80886e-05 5.98621e-19
9.06708e-05 9.69966e-05 5.98608e-19
8.89432e-05 9.59411e-05 5.98594e-19
8.74527e-05 9.49226e-05 5.98579e-19
8.62022e-05 9.39419e-05 5.98564e-19
8.5188e-05 9.29985e-05 5.98548e-19
8.44068e-05 9.20918e-05 5.98532e-19
8.3851e-05 9.12204e-05 5.98515e-19
8.35155e-05 9.03835e-05 5.98497e-19
8.33904e-05 8.9579e-05 5.98479e-19
8.3468e-05 8.88055e-05 5.9846e-19
8.37366e-05 8.80607e-05 5.98441e-19
8.41867e-05 8.73426e-05 5.98421e-19
8.48049e-05 8.66488e-05 5.98401e-19
8.55801e-05 8.59768e-05 5.9838e-19
8.64974e-05 8.53238e-05 5.98359e-19
8.75427e-05 8.46868e-05 5.98338e-19
8.86958e-05 8.40619e-05 5.98316e-19
8.99366e-05 8.34449e-05 5.98293e-19
9.12415e-05 8.28311e-05 5.98271e-19
9.259e-05 8.22162e-05 5.98248e-19
9.39628e-05 8.15964e-05 5.98225e-19
9.53438e-05 8.09686e-05 5.98202e-19
9.67156e-05 8.03292e-05 5.98178e-19
9.80577e-05 7.96742e-05 5.98154e-19
9.93406e-05 7.89976e-05 5.9813e-19
0.00010053 7.82925e-05 5.98106e-19
0.00010159 7.75515e-05 5.98082e-19
0.000102488 7.6768e-05 5.98058e-19
0.000103198 7.59369e-05 5.98035e-19
0.0001037 7.50539e-05 5.98011e-19
0.000103973 7.41151e-05 5.97987e-19
0.000103995 7.31164e-05 5.97964e-19
0.000103742 7.20525e-05 5.9794e-19
0.000103184 7.09177e-05 5.97917e-19
0.000102294 6.97066e-05 5.97894e-19
0.000101047 6.84141e-05 5.97872e-19
9.94289e-05 6.70372e-05 5.9785e-19
9.74264e-05 6.55736e-05 5.97828e-19
9.50306e-05 6.40218e-05 5.97806e-19
9.22317e-05 6.23798e-05 5.97785e-19
8.90191e-05 6.06458e-05 5.97765e-19
8.53795e-05 5.88171e-05 5.97745e-19
8.13041e-05 5.68919e-05 5.97725e-19
7.67829e-05 5.48685e-05 5.97706e-19
7.18209e-05 5.27467e-05 5.97687e-19
6.64117e-05 5.05267e-05 5.97669e-19
6.05549e-05 4.82093e-05 5.97651e-19
5.42551e-05 4.57951e-05 5.97633e-19
4.75127e-05 4.32843e-05 5.97617e-19
4.03206e-05 4.06759e-05 5.976e-19
3.26743e-05 3.79712e-05 5.97585e-19
2.4585e-05 3.51712e-05 5.97569e-19
1.60591e-05 3.22769e-05 5.97555e-19
7.10207e-06 2.92898e-05 5.97541e-19
-2.27855e-06 2.62117e-05 5.97527e-19
-1.20736e-05 2.30445e-05 5.97514e-19
-2.22072e-05 1.97971e-05 5.97501e-19
-3.27468e-05 1.64699e-05 5.97488e-19
-4.36878e-05 1.30634e-05 5.97477e-19
-5.49959e-05 9.57678e-06 5.97466e-19
-6.66664e-05 6.01424e-06 5.97455e-19
-7.86637e-05 2.3806e-06 5.97445e-19
-9.09915e-05 -1.32259e-06 5.97435e-19
-0.000103611 -5.08887e-06 5.97425e-19
-0.00011651 -8.91503e-06 5.97416e-19
-0.000129654 -1.2794e-05 5.97407e-19
-0.000143042 -1.67245e-05 5.97399e-19
-0.00015664 -2.06995e-05 5.9739e-19
-0.000170421 -2.47133e-05 5.97382e-19
-0.000184363 -2.87618e-05 5.97374e-19
-0.000198452 -3.28411e-05 5.97367e-19
-0.000212665 -3.69468e-05 5.97359e-19
-0.000226983 -4.10745e-05 5.97352e-19
-0.000241379 -4.52184e-05 5.97345e-19
-0.000255831 -4.93735e-05 5.97338e-19
-0.000270316 -5.35347e-05 5.97331e-19
-0.000284821 -5.76989e-05 5.97324e-19
-0.000299332 -6.18632e-05 5.97317e-19
-0.000313842 -6.60254e-05 5.9731e-19
-0.000328338 -7.01827e-05 5.97303e-19
-0.000342808 -7.4332e-05 5.97296e-19
-0.000357234 -7.84696e-05 5.97289e-19
-0.000371603 -8.25919e-05 5.97282e-19
-0.0003859 -8.66958e-05 5.97276e-19
-0.000400119 -9.07796e-05 5.97269e-19
-0.000414259 -9.48427e-05 5.97262e-19
-0.000428317 -9.88844e-05 5.97255e-19
-0.00044229 -0.000102904 5.97248e-19
-0.000456168 -0.000106899 5.97241e-19
-0.00046994 -0.000110867 5.97234e-19
-0.000483435 -0.000114707 6.03459e-19
-0.000496757 -0.000118511 6.0341e-19
-0.000509742 -0.000122158 5.99071e-19
-0.000522278 -0.000125611 5.98689e-19
-0.000534612 -0.000129042 5.98338e-19
-0.000546811 -0.000132441 5.97966e-19
-0.000558883 -0.00013581 5.97598e-19
-0.000570833 -0.000139148 5.97284e-19
-0.000582141 -0.000142289 6.07755e-19
-0.000592502 -0.000145001 6.00394e-19
-0.00060233 -0.000147228 6.03258e-19
-0.000611783 -0.00014945 6.03463e-19
-0.000621204 -0.000151664 6.03628e-19
-0.000630656 -0.000153876 6.03902e-19
-0.000640285 -0.000156112 -3.6606e-20
-0.000649917 -0.000158337 -3.40938e-20
-0.000659666 -0.000160573 -3.17512e-20
-0.000669259 -0.000162775 -2.93805e-20
-0.000678714 -0.000164946 -2.70348e-20
-0.000688407 -0.000167149 -2.47588e-20
-0.000697441 -0.000169102 6.31303e-19
-0.000706961 -0.00017107 -6.31062e-18
-0.000716687 -0.000173063 8.42218e-19
-0.000726573 -0.000175075 6.46665e-19
-0.000736701 -0.000177108 6.4869e-19
-0.000747105 -0.000179161 -7.42597e-18
-0.000757636 -0.000181224 6.72224e-19
-0.000768175 -0.000183287 6.58476e-19
-0.000778681 -0.000185344 1.3307e-18
-0.000789105 -0.000187384 1.09214e-17
-0.000799409 -0.0001894 6.63062e-18
-0.000809495 -0.000191387 2.72815e-17
-0.000819336 -0.000193338 5.61223e-19
-0.000828881 -0.000195246 5.65591e-19
-0.000837636 -0.00019705 5.63085e-19
-0.000843667 -0.00019832 -1.77563e-17
-0.000847831 -0.0001994 1.35449e-18
-0.00085183 -0.000200451 5.96496e-19
-0.000855275 -0.000201428 4.85189e-19
-0.00085822 -0.000202337 4.31655e-18
-0.000860618 -0.00020317 -4.38722e-18
-0.00086247 -0.00020393 -2.31089e-17
-0.000863737 -0.000204609 -1.66031e-17
-0.000864415 -0.000205206 -1.41139e-19
-0.0008645 -0.000205719 -1.86287e-19
-0.000863993 -0.000206147 -7.70362e-19
-0.000862906 -0.000206495 6.96693e-19
-0.000861263 -0.000206772 -2.86924e-17
-0.000859073 -0.000206967 2.62686e-18
-0.000856351 -0.000207083 3.276e-19
-0.000853127 -0.000207122 1.04174e-17
-0.000849431 -0.000207089 9.74615e-19
-0.000845299 -0.000206987 7.22968e-19
-0.000840767 -0.000206821 -8.90665e-18
-0.000835872 -0.000206596 -2.27157e-18
-0.000830653 -0.000206316 1.26014e-17
-0.000825136 -0.000205983 -1.78462e-16
-0.000819406 -0.000205612 -3.51188e-19
-0.000813458 -0.000205197 7.94744e-19
-0.000807341 -0.000204746 7.92717e-19
-0.000801102 -0.00020426 7.92458e-19
-0.000794684 -0.000203718 7.86339e-19
-0.000788265 -0.000203158 7.91492e-19
-0.000781885 -0.00020257 7.88096e-19
-0.000775552 -0.000201954 7.95166e-19
-0.000769266 -0.000201317 7.95038e-19
-0.000763086 -0.00020067 7.95012e-19
-0.000757054 -0.000200022 7.94987e-19
-0.000751196 -0.00019938 7.94963e-19
-0.000745543 -0.000198753 7.94939e-19
-0.000740156 -0.000198148 7.94915e-19
-0.000735068 -0.000197574 7.94893e-19
-0.000730305 -0.000197036 7.94873e-19
-0.000725892 -0.000196539 7.94854e-19
-0.000721849 -0.000196088 7.94836e-19
-0.000718189 -0.000195687 7.94821e-19
-0.000714926 -0.000195339 7.94808e-19
-0.00071207 -0.000195045 7.94796e-19
-0.000709627 -0.000194808 7.94787e-19
-0.000707605 -0.000194631 7.9478e-19
-0.000706006 -0.000194513 7.94775e-19
-0.000704832 -0.000194456 7.94773e-19
-0.00070408 -0.000194459 7.94773e-19
-0.000703747 -0.000194522 7.94775e-19
-0.000703825 -0.000194644 7.94779e-19
-0.000704304 -0.000194822 7.94785e-19
-0.000705175 -0.000195054 7.76619e-19
-0.000706437 -0.000195336 7.76597e-19
-0.000708069 -0.00019566 7.84869e-19
-0.000709979 -0.000196009 7.84826e-19
-0.000712114 -0.000196369 7.8302e-19
-0.00071439 -0.000196693 7.82566e-19
-0.000716831 -0.000197029 7.82212e-19
-0.000719459 -0.000197381 7.81853e-19
-0.000722243 -0.000197742 7.8151e-19
-0.000725156 -0.000198108 7.81186e-19
-0.000728174 -0.000198475 7.80886e-19
-0.000731269 -0.000198839 7.80618e-19
-0.000734407 -0.000199194 7.80397e-19
-0.000737554 -0.000199534 7.80213e-19
-0.000740673 -0.000199853 7.83334e-19
-0.000743696 -0.000200137 7.83274e-19
-0.000746579 -0.000200375 7.88695e-19
-0.000749302 -0.000200555 7.86884e-19
-0.000751797 -0.000200668 7.03091e-19
-0.000754007 -0.000200704 7.80567e-19
-0.000755869 -0.00020065 7.80566e-19
-0.000757349 -0.000200496 7.80561e-19
-0.000758408 -0.000200237 7.80551e-19
-0.000759007 -0.000199864 7.80538e-19
-0.000759116 -0.000199372 7.8052e-19
-0.000758708 -0.000198756 7.80497e-19
-0.000757762 -0.000198012 7.8047e-19
-0.000756257 -0.000197137 7.80437e-19
-0.00075418 -0.000196128 7.80399e-19
-0.000751517 -0.000194983 7.80356e-19
-0.00074826 -0.000193701 7.80307e-19
-0.000744409 -0.000192281 7.80253e-19
-0.000739968 -0.000190726 7.80194e-19
-0.000734951 -0.000189037 7.8013e-19
-0.000729376 -0.000187219 7.80061e-19
-0.000723265 -0.000185275 7.79987e-19
-0.000716647 -0.000183213 7.79908e-19
-0.000709552 -0.000181037 7.79826e-19
-0.000702016 -0.000178755 7.79738e-19
-0.00069408 -0.000176375 7.79648e-19
-0.000685787 -0.000173905 7.79553e-19
-0.000677183 -0.000171354 7.79456e-19
-0.000668317 -0.000168732 7.79356e-19
-0.000659239 -0.000166049 7.79254e-19
-0.000649999 -0.000163313 7.79149e-19
-0.000640646 -0.000160534 7.79043e-19
-0.000631228 -0.000157722 7.78936e-19
-0.000621795 -0.000154886 7.78828e-19
-0.000612394 -0.000152035 7.78719e-19
-0.000603074 -0.000149178 7.7861e-19
-0.000593878 -0.000146324 7.78502e-19
-0.000584849 -0.000143482 7.78394e-19
-0.000576024 -0.000140658 7.78286e-19
-0.000567437 -0.000137859 7.7818e-19
-0.000559116 -0.000135091 7.78075e-19
-0.000551084 -0.000132358 7.77971e-19
-0.000543358 -0.000129665 7.77869e-19
-0.000535949 -0.000127012 7.77769e-19
-0.000528859 -0.000124401 7.7767e-19
-0.00052209 -0.000121832 7.77573e-19
-0.000515633 -0.000119306 7.77478e-19
-0.000509478 -0.000116818 7.77384e-19
-0.000503607 -0.000114368 7.77292e-19
-0.000497999 -0.000111951 7.77201e-19
-0.000492627 -0.000109563 7.77112e-19
-0.000487464 -0.0001072 7.77023e-19
-0.000482477 -0.000104854 7.76935e-19
-0.00047763 -0.000102522 7.76848e-19
-0.000472884 -0.000100195 7.76761e-19
-0.000468199 -9.78669e-05 7.76674e-19
-0.000463532 -9.55303e-05 7.76586e-19
-0.000458839 -9.31773e-05 7.76498e-19
-0.000454072 -9.07996e-05 7.7641e-19
-0.000449182 -8.83885e-05 7.76319e-19
-0.000444122 -8.59354e-05 7.76228e-19
-0.000438844 -8.3432e-05 7.76134e-19
-0.000433304 -8.08704e-05 7.76038e-19
-0.000427461 -7.82433e-05 7.75939e-19
-0.000421277 -7.5544e-05 7.75838e-19
-0.000414715 -7.27664e-05 7.75734e-19
-0.000407746 -6.99052e-05 7.75626e-19
-0.000400344 -6.69558e-05 7.75515e-19
-0.000392486 -6.39146e-05 7.75401e-19
-0.000384156 -6.07788e-05 7.75282e-19
-0.000375343 -5.75471e-05 7.7516e-19
-0.000366043 -5.42189e-05 7.75035e-19
-0.000356257 -5.07947e-05 7.74905e-19
-0.00034597 -4.72754e-05 7.74772e-19
-0.000335209 -4.36653e-05 7.74635e-19
-0.000324083 -3.99846e-05 7.74496e-19
-0.000312573 -3.62286e-05 7.74353e-19
-0.000300622 -3.23868e-05 7.74208e-19
-0.000288297 -2.84726e-05 7.74059e-19
-0.000275611 -2.44891e-05 7.73908e-19
-0.000262623 -2.04478e-05 7.73754e-19
-0.000249373 -1.63559e-05 7.73599e-19
-0.000235865 -1.22198e-05 7.73442e-19
-0.000222167 -8.04963e-06 7.73283e-19
-0.00020833 -3.85327e-06 7.73124e-19
-0.000194396 3.58868e-07 7.72964e-19
-0.000180416 4.57795e-06 7.72803e-19
-0.000166365 8.80081e-06 7.72643e-19
-0.000152342 1.30126e-05 7.72482e-19
-0.000138851 1.71406e-05 7.72326e-19
-0.000125618 2.12192e-05 7.72171e-19
-0.000112481 2.52702e-05 7.72017e-19
-9.96289e-05 2.92632e-05 7.71865e-19
-8.70047e-05 3.32039e-05 7.71716e-19
-7.47134e-05 3.70745e-05 7.71569e-19
-6.27519e-05 4.08731e-05 7.71425e-19
-5.11818e-05 4.45884e-05 7.71284e-19
-4.00986e-05 4.81631e-05 7.70607e-19
-2.95759e-05 5.15791e-05 7.70449e-19
-1.95085e-05 5.49066e-05 7.69631e-19
-9.89479e-06 5.81368e-05 7.68854e-19
-7.4708e-07 6.12672e-05 7.68115e-19
7.92764e-06 6.42965e-05 7.67414e-19
1.61452e-05 6.72259e-05 7.66748e-19
2.39115e-05 7.00561e-05 7.66116e-19
3.09297e-05 7.25893e-05 7.61357e-19
3.73489e-05 7.49826e-05 7.6008e-19
4.33409e-05 7.72913e-05 7.62457e-19
4.89522e-05 7.95159e-05 -3.9533e-19
5.41981e-05 8.16588e-05 7.61149e-19
5.90985e-05 8.37234e-05 7.60115e-19
6.36675e-05 8.57119e-05 7.56905e-19
6.79248e-05 8.76277e-05 7.57065e-19
7.18993e-05 8.94759e-05 7.55617e-19
7.5619e-05 9.12615e-05 7.53407e-19
7.91119e-05 9.29896e-05 7.54389e-19
8.24073e-05 9.46656e-05 7.52223e-19
8.55311e-05 9.62942e-05 7.51272e-19
8.8543e-05 9.78829e-05 7.50374e-19
9.17408e-05 9.94475e-05 7.49466e-19
9.50606e-05 0.000100985 7.48599e-19
9.82451e-05 0.00010249 7.4777e-19
0.000101192 0.000103837 7.33915e-19
0.000103853 0.000105117 7.32247e-19
0.000106148 0.000106323 7.30651e-19
0.000108198 0.000107475 -5.16869e-17
0.000110276 0.000108619 2.39158e-16
0.000112388 0.000109759 2.94658e-16
0.000114527 0.000110893 -1.23077e-15
0.000116728 0.000112027 -1.60807e-15
0.000118992 0.000113163 -1.16647e-15
0.000121345 0.000114304 -1.82478e-15
0.000123833 0.000115459 5.30052e-21
0.000126413 0.000116622 1.86118e-20
0.00012913 0.000117799 2.85387e-20
0.000132005 0.000118995 4.30191e-20
0.000135055 0.000120212 4.61996e-20
0.0001383 0.000121454 5.69047e-20
0.000141753 0.000122722 6.23789e-20
0.000145427 0.00012402 8.10706e-20
0.000149328 0.000125347 8.7292e-20
0.000153471 0.000126706 9.27216e-20
0.000157869 0.000128099 1.04743e-19
0.000162534 0.000129528 1.06926e-19
0.00016747 0.000130994 1.19463e-19
0.000172684 0.000132497 -1.72159e-18
0.000178173 0.000134036 1.35945e-19
0.000183933 0.000135611 1.52836e-19
0.000189955 0.00013722 1.57012e-19
0.000196231 0.00013886 1.74667e-19
0.000202639 0.000140446 -2.00917e-18
0.000209093 0.000141942 1.85341e-18
0.000215499 0.000143396 2.01721e-19
0.000222181 0.000144878 -4.21068e-20
0.000229055 0.000146381 -1.22105e-18
0.000236105 0.000147904 2.1782e-19
0.000243303 0.000149438 1.48983e-18
0.000250237 0.000150857 2.35442e-19
0.000257266 0.000152236 -3.13508e-18
0.000264492 0.000153628 1.50272e-19
0.000271767 0.000155019 2.63853e-19
0.000279059 0.000156403 8.64384e-20
0.000286343 0.000157778 2.66627e-19
0.000293582 0.000159138 2.773e-19
0.000300748 0.000160479 7.86121e-19
0.00030781 0.000161796 5.26731e-18
0.000314742 0.000163086 1.16719e-19
0.000321114 0.000164297 -5.14299e-20
0.00032634 0.00016536 2.90534e-19
0.000330994 0.00016634 2.82848e-19
0.000335608 0.0001673 3.17275e-19
0.000339997 0.000168219 -2.39521e-18
0.000344188 0.0001691 1.32315e-17
0.000348162 0.000169941 5.84277e-19
0.000351912 0.000170741 3.30887e-19
0.000355434 0.000171499 4.16942e-19
0.000358727 0.000172215 3.29766e-19
0.000361794 0.000172888 4.11458e-22
0.000364643 0.000173521 3.39647e-19
0.000367285 0.000174114 3.01231e-19
0.000369737 0.00017467 3.47056e-19
0.000372013 0.000175191 3.4499e-19
0.000374138 0.00017568 -4.96166e-18
0.000376135 0.000176141 -1.09587e-19
0.00037803 0.000176577 3.45263e-19
0.000379766 0.000176966 3.49505e-19
0.000381349 0.000177294 7.28405e-19
0.000383014 0.000177619 -2.86617e-18
0.000384724 0.00017794 3.17429e-19
0.000386518 0.000178265 3.27503e-19
0.000388428 0.000178595 3.53707e-19
0.000390486 0.000178938 4.33478e-19
0.00039272 0.000179296 3.59784e-19
0.000395158 0.000179673 3.75146e-19
0.000397819 0.000180073 1.79016e-19
0.000400722 0.000180497 3.6285e-19
0.000403881 0.000180949 3.66492e-19
0.000407304 0.00018143 3.68417e-19
0.000410992 0.00018194 5.70971e-19
0.00041494 0.000182478 9.06187e-19
0.000419138 0.000183044 3.72985e-19
0.000423573 0.000183637 3.67509e-19
0.000428219 0.000184252 3.65688e-19
0.000433052 0.000184888 3.35362e-19
0.000438038 0.000185539 3.91207e-19
0.000443142 0.000186201 3.73357e-19
0.000448321 0.000186869 1.02392e-19
0.00045353 0.000187536 5.6616e-19
0.000458719 0.000188196 5.32721e-19
0.00046384 0.000188842 6.31112e-19
0.000468806 0.000189464 1.25547e-19
0.00047356 0.000190052 3.8225e-19
0.000478063 0.000190603 5.14704e-19
0.000482263 0.000191109 3.91389e-19
0.000486118 0.000191562 7.57495e-19
0.000489544 0.000191923 2.25377e-19
0.000492521 0.000192231 5.50991e-19
0.000495049 0.000192481 1.05627e-18
0.0004971 0.000192669 4.10354e-19
0.000498638 0.00019279 4.06262e-19
0.000499551 0.000192786 4.0966e-19
0.000499722 0.000192636 4.09662e-19
0.000499155 0.000192334 4.09669e-19
0.000497836 0.000191877 4.0968e-19
0.000495754 0.000191263 4.09696e-19
0.000492911 0.000190491 4.09716e-19
0.000489312 0.000189561 4.09742e-19
0.000484971 0.000188474 4.09772e-19
0.000479908 0.000187233 4.09806e-19
0.00047415 0.000185843 4.09845e-19
0.000467731 0.000184309 4.09888e-19
0.000460696 0.000182639 4.09935e-19
0.000453089 0.00018084 4.09986e-19
0.000444959 0.000178922 4.1004e-19
0.000436358 0.000176893 4.10097e-19
0.000427336 0.000174763 4.10157e-19
0.000417946 0.000172541 4.1022e-19
0.00040824 0.000170237 4.10285e-19
0.000398273 0.000167861 4.10352e-19
0.000388102 0.000165424 4.1042e-19
0.000377781 0.000162938 4.1049e-19
0.00036736 0.000160411 4.10561e-19
0.000356887 0.000157854 4.10632e-19
0.000346405 0.000155274 4.10704e-19
0.000335951 0.000152681 4.10776e-19
0.000325562 0.000150081 4.10848e-19
0.000315273 0.000147483 4.1092e-19
0.000305119 0.000144894 4.10991e-19
0.000295128 0.000142321 4.11062e-19
0.000285328 0.000139769 4.11132e-19
0.00027574 0.000137246 4.112e-19
0.000266384 0.000134755 4.11268e-19
0.000257277 0.000132302 4.11334e-19
0.000248431 0.000129889 4.11399e-19
0.000239857 0.000127521 4.11463e-19
0.000231564 0.0001252 4.11525e-19
0.00022356 0.000122929 4.11585e-19
0.000215848 0.00012071 4.11644e-19
0.000208426 0.000118543 4.11701e-19
0.000201291 0.000116429 4.11756e-19
0.000194437 0.000114368 4.1181e-19
0.000187858 0.000112358 4.11862e-19
0.000181543 0.000110398 4.11912e-19
0.000175481 0.000108487 4.11961e-19
0.00016966 0.000106622 4.12009e-19
0.00016407 0.000104802 4.12055e-19
0.000158702 0.000103025 4.121e-19
0.000153546 0.000101289 4.12143e-19
0.000148595 9.95926e-05 4.12185e-19
0.00014384 9.7934e-05 4.12226e-19
0.000139265 9.631e-05 4.12266e-19
0.000134855 9.4717e-05 4.12305e-19
0.000130592 9.31512e-05 4.12343e-19
0.000126461 9.16087e-05 4.12381e-19
0.000122441 9.00856e-05 4.12417e-19
0.000118516 8.85778e-05 4.12454e-19
0.000114667 8.7081e-05 4.12489e-19
0.000110874 8.55908e-05 4.12525e-19
0.000107113 8.41021e-05 4.1256e-19
0.000103358 8.26091e-05 4.12595e-19
9.95826e-05 8.11061e-05 4.12631e-19
9.57625e-05 7.95877e-05 4.12667e-19
9.18776e-05 7.80498e-05 4.12703e-19
8.79114e-05 7.64888e-05 4.1274e-19
8.38479e-05 7.49013e-05 4.12777e-19
7.96718e-05 7.32843e-05 4.12816e-19
7.53663e-05 7.16343e-05 4.12855e-19
7.09155e-05 6.99481e-05 4.12895e-19
6.63038e-05 6.82226e-05 4.12936e-19
6.15197e-05 6.64555e-05 4.12979e-19
5.65582e-05 6.46462e-05 4.13022e-19
5.14202e-05 6.27948e-05 4.13067e-19
4.61081e-05 6.09024e-05 4.13113e-19
4.06251e-05 5.89696e-05 4.1316e-19
3.49721e-05 5.69968e-05 4.13208e-19
2.91496e-05 5.49845e-05 4.13257e-19
2.31597e-05 5.2933e-05 4.13307e-19
1.7009e-05 5.08439e-05 4.13358e-19
1.07107e-05 4.87198e-05 4.1341e-19
4.2838e-06 4.65648e-05 4.13463e-19
-2.25053e-06 4.43831e-05 4.13517e-19
-8.86948e-06 4.21793e-05 4.13572e-19
-1.555e-05 3.99579e-05 4.13626e-19
-2.22684e-05 3.77237e-05 4.13681e-19
-2.9e-05 3.54813e-05 4.13737e-19
-3.57155e-05 3.32364e-05 4.13792e-19
-4.23768e-05 3.09964e-05 4.13847e-19
-4.894e-05 2.877e-05 4.13902e-19
-5.53611e-05 2.65659e-05 4.13955e-19
-6.15987e-05 2.43922e-05 4.14008e-19
-6.76158e-05 2.22559e-05 4.1406e-19
-7.33815e-05 2.0163e-05 4.1411e-19
-7.8868e-05 1.81188e-05 4.14159e-19
-8.40489e-05 1.61284e-05 4.14206e-19
-8.89005e-05 1.41963e-05 4.14251e-19
-9.34009e-05 1.23267e-05 4.14294e-19
-9.75321e-05 1.0523e-05 4.14335e-19
-0.000101284 8.78737e-06 4.14374e-19
-0.000104645 7.12233e-06 4.14411e-19
-0.000107564 5.53862e-06 4.14445e-19
-0.000110069 4.02852e-06 4.14477e-19
-0.000112237 2.578e-06 4.14508e-19
-0.000114225 1.16526e-06 4.14537e-19
-0.000115976 -2.08018e-07 4.14564e-19
-0.000117434 -1.53118e-06 4.1459e-19
-0.000118678 -2.81558e-06 4.14615e-19
-0.000119726 -4.06684e-06 4.14639e-19
-0.000120644 -5.29588e-06 4.14662e-19
-0.000121474 -6.51128e-06 4.14685e-19
-0.000122278 -7.72385e-06 4.14708e-19
-0.000123105 -8.94312e-06 4.14731e-19
-0.000124007 -1.01789e-05 4.14754e-19
-0.000125039 -1.14411e-05 4.14778e-19
-0.000126259 -1.27396e-05 4.14803e-19
-0.000127707 -1.40819e-05 4.1483e-19
-0.000129433 -1.54764e-05 4.14858e-19
-0.00013147 -1.69287e-05 4.14889e-19
-0.000133845 -1.84434e-05 4.14921e-19
-0.000136601 -2.00284e-05 4.14955e-19
-0.000139777 -2.16901e-05 4.14991e-19
-0.000143408 -2.34352e-05 4.15031e-19
-0.000147523 -2.52688e-05 4.15073e-19
-0.000152146 -2.7195e-05 4.15118e-19
-0.000157295 -2.92168e-05 4.15166e-19
-0.000162981 -3.13355e-05 4.15217e-19
-0.000169211 -3.35521e-05 4.15271e-19
-0.000175989 -3.58676e-05 4.15328e-19
-0.00018332 -3.82824e-05 4.15388e-19
-0.000191201 -4.07958e-05 4.15452e-19
-0.000199621 -4.34058e-05 4.15518e-19
-0.000208558 -4.6108e-05 4.15588e-19
-0.000217982 -4.88961e-05 4.1566e-19
-0.000227854 -5.17629e-05 4.15735e-19
-0.000238123 -5.46981e-05 4.15812e-19
-0.000248754 -5.76949e-05 4.15891e-19
-0.000259701 -6.07348e-05 4.2449e-19
-0.000270897 -6.37986e-05 4.2806e-19
-0.00028233 -6.69015e-05 4.24322e-19
-0.00029396 -7.0033e-05 4.25972e-19
-0.000305728 -7.31817e-05 4.25593e-19
-0.000317575 -7.63365e-05 4.24831e-19
-0.000329441 -7.94859e-05 4.30951e-19
-0.000341275 -8.26196e-05 4.26211e-19
-0.000353021 -8.57273e-05 4.29414e-19
-0.000364602 -8.87933e-05 4.33271e-19
-0.000375965 -9.18078e-05 4.30519e-19
-0.000387094 -9.47671e-05 4.31819e-19
-0.000397924 -9.76523e-05 4.34708e-19
-0.000408284 -0.00010038 4.33715e-19
-0.00041823 -0.000103023 4.39703e-19
-0.00042776 -0.000105571 4.43586e-19
-0.000436865 -0.000108024 4.41488e-19
-0.000445535 -0.000110381 4.42615e-19
-0.000453756 -0.000112637 4.42268e-19
-0.000461312 -0.000114649 4.59236e-19
-0.000468326 -0.000116561 4.59887e-19
-0.000474882 -0.000118376 4.63782e-19
-0.000480995 -0.000120095 4.66701e-19
-0.000486669 -0.000121719 4.67253e-19
-0.000491915 -0.00012325 4.72854e-19
-0.000496742 -0.000124689 4.68041e-19
-0.000501165 -0.000126039 4.7138e-19
-0.000505192 -0.000127302 4.74262e-19
-0.000508811 -0.000128474 4.80153e-19
-0.000511934 -0.000129525 4.81254e-19
-0.000514731 -0.000130492 4.84812e-19
-0.000517227 -0.000131386 4.81235e-19
-0.000519415 -0.00013221 4.8306e-19
-0.000521318 -0.000132966 4.84124e-19
-0.000522953 -0.000133659 4.87722e-19
-0.000524338 -0.00013429 4.81566e-19
-0.000525494 -0.000134864 4.87396e-19
-0.000526441 -0.000135384 4.88827e-19
-0.000527196 -0.000135854 4.91517e-19
-0.000527776 -0.000136276 4.91431e-19
-0.000528198 -0.000136653 4.90749e-19
-0.000528477 -0.000136988 4.88426e-19
-0.000528627 -0.000137284 4.9228e-19
-0.000528668 -0.000137544 4.91409e-19
-0.00052862 -0.000137772 4.91745e-19
-0.000528507 -0.000137971 4.87905e-19
-0.000528344 -0.000138147 4.95417e-19
-0.000528147 -0.0001383 4.81695e-19
-0.000527928 -0.000138433 4.89536e-19
-0.000527697 -0.000138549 4.94617e-19
-0.000527463 -0.000138648 4.95707e-19
-0.000527241 -0.000138734 4.88081e-19
-0.000527042 -0.000138808 4.90489e-19
-0.000526879 -0.000138873 4.96295e-19
-0.000526762 -0.000138931 4.86733e-19
-0.000526692 -0.000138982 4.9303e-19
-0.000526668 -0.000139026 4.97774e-19
-0.000526684 -0.000139061 4.9691e-19
-0.000526734 -0.000139088 4.94368e-19
-0.000526815 -0.000139103 4.94376e-19
-0.00052692 -0.000139106 4.99174e-19
-0.000527044 -0.000139094 4.99173e-19
-0.00052718 -0.000139066 4.99172e-19
-0.000527315 -0.00013902 4.9917e-19
-0.000527431 -0.000138952 4.99167e-19
-0.000527508 -0.000138859 4.99163e-19
-0.000527527 -0.000138736 4.99158e-19
-0.000527476 -0.000138582 4.99152e-19
-0.000527343 -0.000138395 4.99144e-19
-0.00052712 -0.000138173 4.99135e-19
-0.000526793 -0.000137914 4.99124e-19
-0.000526345 -0.000137615 4.99112e-19
-0.000525753 -0.000137272 4.99097e-19
-0.000524994 -0.00013688 4.99081e-19
-0.00052405 -0.000136437 4.99063e-19
-0.0005229 -0.000135939 4.99042e-19
-0.000521532 -0.000135383 4.99019e-19
-0.000519929 -0.000134767 4.98994e-19
-0.00051808 -0.000134089 4.98965e-19
-0.000515968 -0.000133347 4.98935e-19
-0.000513573 -0.000132536 4.98901e-19
-0.000510882 -0.000131654 4.98865e-19
-0.000507881 -0.0001307 4.98825e-19
-0.000504569 -0.000129672 4.98783e-19
-0.000500945 -0.000128572 4.98737e-19
-0.000497018 -0.000127402 4.98689e-19
-0.000492794 -0.000126162 4.98637e-19
-0.000488286 -0.000124856 4.98583e-19
-0.000483508 -0.000123487 4.98527e-19
-0.000478476 -0.000122058 4.98468e-19
-0.000473212 -0.000120574 4.98406e-19
-0.000467743 -0.00011904 4.98343e-19
-0.0004621 -0.000117462 4.98278e-19
-0.000456317 -0.000115848 4.98211e-19
-0.00045043 -0.000114204 4.98143e-19
-0.000444476 -0.000112538 4.98074e-19
-0.000438493 -0.000110858 4.98004e-19
-0.000432519 -0.00010917 4.97935e-19
-0.000426592 -0.000107483 4.97865e-19
-0.000420746 -0.000105803 4.97795e-19
-0.00041501 -0.000104135 4.97726e-19
-0.000409414 -0.000102486 4.97658e-19
-0.000403987 -0.000100861 4.97591e-19
-0.000398762 -9.92666e-05 4.97525e-19
-0.000393773 -9.77091e-05 4.9746e-19
-0.000389049 -9.61949e-05 4.97398e-19
-0.000384618 -9.47294e-05 4.97337e-19
-0.0003805 -9.33163e-05 4.97279e-19
-0.000376708 -9.19585e-05 4.97222e-19
-0.000373253 -9.0658e-05 4.97169e-19
-0.00037014 -8.94162e-05 4.97117e-19
-0.000367375 -8.82342e-05 4.97068e-19
-0.000364958 -8.71122e-05 4.97022e-19
-0.000362887 -8.60502e-05 4.96978e-19
-0.000361154 -8.50467e-05 4.96936e-19
-0.000359739 -8.4098e-05 4.96897e-19
-0.000358616 -8.3199e-05 4.9686e-19
-0.000357754 -8.23441e-05 4.96824e-19
-0.000357124 -8.15272e-05 4.9679e-19
-0.000356698 -8.07437e-05 4.96758e-19
-0.000356454 -7.99893e-05 4.96726e-19
-0.000356367 -7.92595e-05 4.96696e-19
-0.000356407 -7.85492e-05 4.96667e-19
-0.000356543 -7.78521e-05 4.96638e-19
-0.000356736 -7.71611e-05 4.96609e-19
-0.000356948 -7.64689e-05 4.9658e-19
-0.000357142 -7.57685e-05 4.96551e-19
-0.000357284 -7.50536e-05 4.96521e-19
-0.000357343 -7.43183e-05 4.96491e-19
-0.000357289 -7.35572e-05 4.96459e-19
-0.000357092 -7.27644e-05 4.96426e-19
-0.000356721 -7.1934e-05 4.96392e-19
-0.000356143 -7.10599e-05 4.96356e-19
-0.000355328 -7.01363e-05 4.96317e-19
-0.00035425 -6.9158e-05 4.96277e-19
-0.00035289 -6.81213e-05 4.96234e-19
-0.00035123 -6.70234e-05 4.96188e-19
-0.000349261 -6.58621e-05 4.9614e-19
-0.000346972 -6.46355e-05 4.96089e-19
-0.000344352 -6.33418e-05 4.96036e-19
-0.000341393 -6.19791e-05 4.95979e-19
-0.000338088 -6.05464e-05 4.9592e-19
-0.000334434 -5.90428e-05 4.95858e-19
-0.000330431 -5.74685e-05 4.95792e-19
-0.000326081 -5.58238e-05 4.95724e-19
-0.000321389 -5.41096e-05 4.95653e-19
-0.000316363 -5.23281e-05 4.9558e-19
-0.000311023 -5.04827e-05 4.95503e-19
-0.00030539 -4.85783e-05 4.95424e-19
-0.000299485 -4.66199e-05 4.95343e-19
-0.000293335 -4.46128e-05 4.9526e-19
-0.000286972 -4.2563e-05 4.95175e-19
-0.000280417 -4.04767e-05 4.95089e-19
-0.000273702 -3.83594e-05 4.95001e-19
-0.000266862 -3.62173e-05 4.94913e-19
-0.00025993 -3.40578e-05 4.94823e-19
-0.000252943 -3.18885e-05 4.94734e-19
-0.000245942 -2.97182e-05 4.94644e-19
-0.000238963 -2.75545e-05 4.94554e-19
-0.000232034 -2.54033e-05 4.94465e-19
-0.000225181 -2.32706e-05 4.94377e-19
-0.000218432 -2.11623e-05 4.9429e-19
-0.000211811 -1.9084e-05 4.94204e-19
-0.000205343 -1.70412e-05 4.94119e-19
-0.000199053 -1.50394e-05 4.94036e-19
-0.000192964 -1.30838e-05 4.93956e-19
-0.000187053 -1.11745e-05 4.93877e-19
-0.000181362 -9.31752e-06 4.938e-19
-0.000175914 -7.51607e-06 4.93725e-19
-0.000170699 -5.76995e-06 4.93653e-19
-0.00016573 -4.08121e-06 4.93583e-19
-0.000161 -2.44989e-06 4.93515e-19
-0.000156517 -8.77397e-07 4.9345e-19
-0.000152473 6.08238e-07 4.93389e-19
-0.000148728 2.02659e-06 4.9333e-19
-0.000145163 3.39522e-06 4.93273e-19
-0.00014184 4.70553e-06 4.93219e-19
-0.000138692 5.96795e-06 4.93167e-19
-0.000135736 7.18051e-06 4.93117e-19
-0.000132935 8.34938e-06 4.93068e-19
-0.000130289 9.47508e-06 4.93022e-19
-0.000127773 1.05619e-05 4.92977e-19
-0.00012538 1.16115e-05 4.92933e-19
-0.000123091 1.26272e-05 4.92891e-19
-0.000120896 1.36111e-05 4.9285e-19
-0.000118779 1.45661e-05 4.92811e-19
-0.000116731 1.54942e-05 4.92772e-19
-0.000114739 1.63976e-05 4.92735e-19
-0.000112794 1.72781e-05 4.92698e-19
-0.000110887 1.81374e-05 4.92663e-19
-0.000109009 1.89774e-05 4.92628e-19
-0.000107148 1.97999e-05 4.92594e-19
-0.000105296 2.06072e-05 4.9256e-19
-0.00010344 2.14011e-05 4.92527e-19
-0.00010157 2.21838e-05 4.92495e-19
-9.9676e-05 2.29574e-05 4.92463e-19
-9.77456e-05 2.37241e-05 4.92431e-19
-9.57683e-05 2.4486e-05 4.924e-19
-9.37342e-05 2.5245e-05 4.92368e-19
-9.16336e-05 2.6003e-05 4.92337e-19
-8.94571e-05 2.67617e-05 4.92305e-19
-8.71971e-05 2.75228e-05 4.92274e-19
-8.48465e-05 2.82874e-05 4.92242e-19
-8.23982e-05 2.90571e-05 4.9221e-19
-7.98454e-05 2.98333e-05 4.92178e-19
-7.71833e-05 3.06168e-05 4.92146e-19
-7.44095e-05 3.14084e-05 4.92113e-19
-7.1525e-05 3.22078e-05 4.9208e-19
-6.85336e-05 3.30144e-05 4.92047e-19
-6.54417e-05 3.3827e-05 4.92013e-19
-6.22572e-05 3.46443e-05 4.91979e-19
-5.89903e-05 3.54643e-05 4.91946e-19
-5.56523e-05 3.62852e-05 4.91912e-19
-5.22569e-05 3.71044e-05 4.91878e-19
-4.88186e-05 3.79193e-05 4.91844e-19
-4.53527e-05 3.87274e-05 4.91811e-19
-4.18745e-05 3.95261e-05 4.91778e-19
-3.8401e-05 4.03123e-05 4.91745e-19
-3.49506e-05 4.10829e-05 4.91713e-19
-3.1546e-05 4.1834e-05 4.91682e-19
-2.82113e-05 4.25611e-05 4.91652e-19
-2.49716e-05 4.32598e-05 4.91623e-19
-2.18505e-05 4.39258e-05 4.91596e-19
-1.88702e-05 4.45554e-05 4.9157e-19
-1.60502e-05 4.51452e-05 4.91546e-19
-1.34094e-05 4.56919e-05 4.91523e-19
-1.0967e-05 4.61922e-05 4.91502e-19
-8.74697e-06 4.66419e-05 4.91484e-19
-6.77512e-06 4.70359e-05 4.91467e-19
-5.07544e-06 4.73699e-05 4.91454e-19
-3.66885e-06 4.764e-05 4.91442e-19
-2.57425e-06 4.78424e-05 4.91434e-19
-1.80722e-06 4.79743e-05 4.91429e-19
-1.37992e-06 4.80332e-05 4.91426e-19
-1.30036e-06 4.80176e-05 4.91427e-19
-1.57318e-06 4.79264e-05 4.91431e-19
-2.19884e-06 4.77595e-05 4.91438e-19
-3.17413e-06 4.75172e-05 4.91448e-19
-4.48996e-06 4.72012e-05 4.91461e-19
-6.13011e-06 4.68144e-05 4.91477e-19
-8.07205e-06 4.6361e-05 4.91495e-19
-1.029e-05 4.5846e-05 4.91517e-19
-1.27548e-05 4.52747e-05 4.9154e-19
-1.5434e-05 4.46533e-05 4.91566e-19
-1.82927e-05 4.39884e-05 4.91593e-19
-2.12945e-05 4.32869e-05 4.91622e-19
-2.4402e-05 4.25559e-05 4.91653e-19
-2.75779e-05 4.18024e-05 4.91684e-19
-3.07842e-05 4.10336e-05 4.91716e-19
-3.39845e-05 4.02566e-05 4.91748e-19
-3.71429e-05 3.94782e-05 4.9178e-19
-4.02253e-05 3.87048e-05 4.91812e-19
-4.31993e-05 3.79429e-05 4.91843e-19
-4.60351e-05 3.71982e-05 4.91874e-19
-4.87062e-05 3.64759e-05 4.91904e-19
-5.11898e-05 3.57804e-05 4.91933e-19
-5.34672e-05 3.51157e-05 4.9196e-19
-5.55233e-05 3.44846e-05 4.91986e-19
-5.73469e-05 3.38896e-05 4.92011e-19
-5.89316e-05 3.33323e-05 4.92034e-19
-6.02748e-05 3.28132e-05 4.92056e-19
-6.13782e-05 3.23323e-05 4.92075e-19
-6.22473e-05 3.1889e-05 4.92094e-19
-6.2893e-05 3.14814e-05 4.92111e-19
-6.33304e-05 3.11067e-05 4.92126e-19
-6.35779e-05 3.07617e-05 4.92141e-19
-6.36551e-05 3.0443e-05 4.92154e-19
-6.35822e-05 3.0147e-05 4.92166e-19
-6.33798e-05 2.987e-05 4.92178e-19
-6.30698e-05 2.96081e-05 4.92189e-19
-6.26754e-05 2.93571e-05 4.92199e-19
-6.22219e-05 2.91125e-05 4.92209e-19
-6.17355e-05 2.88695e-05 4.92219e-19
-6.12426e-05 2.86231e-05 4.9223e-19
-6.07681e-05 2.83687e-05 4.9224e-19
-6.03345e-05 2.81022e-05 4.92251e-19
-5.99612e-05 2.78201e-05 4.92263e-19
-5.9667e-05 2.7519e-05 4.92275e-19
-5.94681e-05 2.71958e-05 4.92289e-19
-5.93783e-05 2.68481e-05 4.92303e-19
-5.94082e-05 2.64741e-05 4.92319e-19
-5.95675e-05 2.6072e-05 4.92336e-19
-5.9864e-05 2.56405e-05 4.92353e-19
-6.03055e-05 2.51781e-05 4.92373e-19
-6.08984e-05 2.46838e-05 4.92393e-19
-6.16485e-05 2.41565e-05 4.92415e-19
-6.25597e-05 2.35954e-05 4.92438e-19
-6.36372e-05 2.29997e-05 4.92463e-19
-6.48851e-05 2.23686e-05 4.92489e-19
-6.63068e-05 2.17014e-05 4.92517e-19
-6.79051e-05 2.09976e-05 4.92546e-19
-6.96849e-05 2.02563e-05 4.92577e-19
-7.16513e-05 1.94764e-05 4.92609e-19
-7.38087e-05 1.86571e-05 4.92643e-19
-7.6159e-05 1.77981e-05 4.92678e-19
-7.8701e-05 1.68995e-05 4.92716e-19
-8.14307e-05 1.59623e-05 4.92754e-19
-8.43428e-05 1.49876e-05 4.92795e-19
-8.74296e-05 1.39771e-05 4.92837e-19
-9.06817e-05 1.29329e-05 4.9288e-19
-9.40872e-05 1.18575e-05 4.92924e-19
-9.76332e-05 1.07536e-05 4.9297e-19
-0.000101306 9.62416e-06 4.93017e-19
-0.000105092 8.47202e-06 4.93064e-19
-0.000108978 7.30001e-06 4.93113e-19
-0.000113071 6.09399e-06 4.93163e-19
-0.000117266 4.86948e-06 4.93213e-19
-0.000121495 3.63774e-06 4.93264e-19
-0.000125782 2.39586e-06 4.93316e-19
-0.000130069 1.1525e-06 4.93367e-19
-0.000134375 -9.34433e-08 4.93419e-19
-0.000138666 -1.33553e-06 4.9347e-19
-0.00014291 -2.56654e-06 4.93521e-19
-0.00014709 -3.78411e-06 4.93571e-19
-0.000151213 -4.98883e-06 4.93621e-19
-0.000155249 -6.17475e-06 4.9367e-19
-0.000159186 -7.33966e-06 4.93718e-19
-0.000163006 -8.47988e-06 4.93766e-19
-0.000166694 -9.59251e-06 4.93812e-19
-0.000170235 -1.06746e-05 4.93856e-19
-0.000173613 -1.17232e-05 4.939e-19
-0.000176817 -1.2736e-05 4.93942e-19
-0.000179833 -1.37109e-05 4.93982e-19
-0.000182652 -1.46456e-05 4.94021e-19
-0.000185268 -1.55383e-05 4.94058e-19
-0.000187672 -1.63877e-05 4.94093e-19
-0.000189859 -1.71927e-05 4.94126e-19
-0.000191825 -1.79521e-05 4.94158e-19
-0.000193566 -1.86652e-05 4.94187e-19
-0.000195079 -1.93314e-05 4.94215e-19
-0.000196366 -1.9951e-05 4.9424e-19
-0.000197434 -2.05251e-05 4.94264e-19
-0.000198294 -2.10557e-05 4.94286e-19
-0.000198959 -2.15453e-05 4.94307e-19
-0.000199443 -2.19968e-05 4.94325e-19
-0.000199766 -2.24134e-05 4.94343e-19
-0.000199946 -2.2799e-05 4.94359e-19
-0.000200009 -2.31581e-05 4.94374e-19
-0.000199972 -2.34942e-05 4.94387e-19
-0.000199856 -2.38111e-05 4.94401e-19
-0.000199684 -2.41129e-05 4.94413e-19
-0.000199476 -2.44033e-05 4.94425e-19
-0.000199255 -2.46862e-05 4.94437e-19
-0.000199041 -2.49655e-05 4.94449e-19
-0.000198853 -2.52448e-05 4.9446e-19
-0.000198713 -2.55276e-05 4.94472e-19
-0.000198637 -2.58171e-05 4.94484e-19
-0.000198644 -2.61163e-05 4.94496e-19
-0.000198746 -2.64277e-05 4.94509e-19
-0.000198958 -2.67537e-05 4.94523e-19
-0.000199291 -2.7096e-05 4.94537e-19
-0.000199753 -2.74562e-05 4.94552e-19
-0.000200352 -2.78354e-05 4.94568e-19
-0.000201091 -2.82341e-05 4.94584e-19
-0.000201973 -2.86526e-05 4.94602e-19
-0.000202998 -2.90906e-05 4.9462e-19
-0.000204163 -2.95475e-05 4.94639e-19
-0.000205464 -3.00221e-05 4.94658e-19
-0.000206894 -3.05132e-05 4.94679e-19
-0.000208446 -3.10193e-05 4.947e-19
-0.000210112 -3.15389e-05 4.94721e-19
-0.000211884 -3.20704e-05 4.94743e-19
-0.000213751 -3.26115e-05 4.94765e-19
-0.000215704 -3.31607e-05 4.94788e-19
-0.000217732 -3.37161e-05 4.94811e-19
-0.000219824 -3.42756e-05 4.94834e-19
-0.000221969 -3.48373e-05 4.94858e-19
-0.000224159 -3.54001e-05 4.94881e-19
-0.000226388 -3.59628e-05 4.94904e-19
-0.000228649 -3.65246e-05 4.94927e-19
-0.000230933 -3.70843e-05 4.9495e-19
-0.000233233 -3.76407e-05 4.94973e-19
-0.00023554 -3.81925e-05 4.94996e-19
-0.000237846 -3.87385e-05 4.95019e-19
-0.000240141 -3.92772e-05 4.95041e-19
-0.000242416 -3.98073e-05 4.95063e-19
-0.000244663 -4.03275e-05 4.95084e-19
-0.000246872 -4.08366e-05 4.95105e-19
-0.000249036 -4.13331e-05 4.95126e-19
-0.000251144 -4.18157e-05 4.95146e-19
-0.000253188 -4.22828e-05 4.95165e-19
-0.000255158 -4.27329e-05 4.95184e-19
-0.000257046 -4.31648e-05 4.95202e-19
-0.000258845 -4.35772e-05 4.95219e-19
-0.000260546 -4.39689e-05 4.95235e-19
-0.000262145 -4.43389e-05 4.9525e-19
-0.000263636 -4.46865e-05 4.95265e-19
-0.000265014 -4.5011e-05 4.95278e-19
-0.000266278 -4.53119e-05 4.9529e-19
-0.000267424 -4.55889e-05 4.95302e-19
-0.000268454 -4.58421e-05 4.95312e-19
-0.000269367 -4.60717e-05 4.95322e-19
-0.000270168 -4.62783e-05 4.9533e-19
-0.000270859 -4.64626e-05 4.95338e-19
-0.000271448 -4.66258e-05 4.95345e-19
-0.000271941 -4.67695e-05 4.95351e-19
-0.000272348 -4.68952e-05 4.95356e-19
-0.00027268 -4.7005e-05 4.9536e-19
-0.000272948 -4.71012e-05 4.95364e-19
-0.000273168 -4.71867e-05 4.95368e-19
-0.000273355 -4.72645e-05 4.95371e-19
-0.000273528 -4.73381e-05 4.95374e-19
-0.000273703 -4.74106e-05 4.95377e-19
-0.000273896 -4.74853e-05 4.9538e-19
-0.000274122 -4.7565e-05 4.95384e-19
-0.000274398 -4.76527e-05 4.95387e-19
-0.000274735 -4.7751e-05 4.95391e-19
-0.000275146 -4.78617e-05 4.95396e-19
-0.000275637 -4.79863e-05 4.95401e-19
-0.000276214 -4.81261e-05 4.95407e-19
-0.000276884 -4.82817e-05 4.95413e-19
-0.000277646 -4.84535e-05 4.9542e-19
-0.000278501 -4.86413e-05 4.95428e-19
-0.000279447 -4.88444e-05 4.95437e-19
-0.000280482 -4.90625e-05 4.95446e-19
-0.000281604 -4.92955e-05 4.95455e-19
-0.000282815 -4.95434e-05 4.95465e-19
-0.000284113 -4.98061e-05 4.95476e-19
-0.000285497 -5.00833e-05 4.95488e-19
-0.000286963 -5.03743e-05 4.955e-19
-0.000288505 -5.06782e-05 4.95512e-19
-0.000290119 -5.09939e-05 4.95525e-19
-0.000291795 -5.13199e-05 4.95539e-19
-0.000293526 -5.16546e-05 4.95553e-19
-0.000295302 -5.19959e-05 4.95567e-19
-0.000297111 -5.2342e-05 4.95581e-19
-0.000298942 -5.26905e-05 4.95595e-19
-0.000300783 -5.30389e-05 4.9561e-19
-0.00030262 -5.33847e-05 4.95624e-19
-0.00030444 -5.37253e-05 4.95638e-19
-0.000306228 -5.40579e-05 4.95652e-19
-0.000307972 -5.438e-05 4.95665e-19
-0.000309658 -5.46888e-05 4.95678e-19
-0.000311273 -5.49821e-05 4.9569e-19
-0.000312804 -5.5257e-05 4.95701e-19
-0.000314237 -5.55106e-05 4.95712e-19
-0.000315554 -5.57398e-05 4.95721e-19
-0.000316742 -5.59413e-05 4.9573e-19
-0.000317785 -5.61125e-05 4.95737e-19
-0.000318673 -5.62511e-05 4.95742e-19
-0.000319398 -5.63553e-05 4.95747e-19
-0.000319951 -5.64238e-05 4.9575e-19
-0.000320328 -5.64554e-05 4.95751e-19
-0.000320526 -5.64497e-05 4.95751e-19
-0.000320545 -5.64068e-05 4.95749e-19
-0.000320387 -5.6327e-05 4.95745e-19
-0.000320055 -5.62111e-05 4.95741e-19
-0.000319555 -5.606e-05 4.95734e-19
-0.000318892 -5.58754e-05 4.95727e-19
-0.000318075 -5.56589e-05 4.95718e-19
-0.00031711 -5.54119e-05 4.95708e-19
-0.000316001 -5.5135e-05 4.95696e-19
-0.000314748 -5.48284e-05 4.95683e-19
-0.000313353 -5.44922e-05 4.9567e-19
-0.000311814 -5.41266e-05 4.95654e-19
-0.000310133 -5.37314e-05 4.95638e-19
-0.000308306 -5.33062e-05 4.95621e-19
-0.000306333 -5.28506e-05 4.95602e-19
-0.000304214 -5.2365e-05 4.95582e-19
-0.000301955 -5.18501e-05 4.9556e-19
-0.000299563 -5.13075e-05 4.95538e-19
-0.000297045 -5.07389e-05 4.95514e-19
-0.000294413 -5.01461e-05 4.9549e-19
-0.000291673 -4.95308e-05 4.95465e-19
-0.000288835 -4.88947e-05 4.95438e-19
-0.000285908 -4.82396e-05 4.95411e-19
-0.000282903 -4.75673e-05 4.95383e-19
-0.000279829 -4.68798e-05 4.95355e-19
-0.000276697 -4.61791e-05 4.95326e-19
-0.000273519 -4.54672e-05 4.95297e-19
-0.000270305 -4.47463e-05 4.95267e-19
-0.000267065 -4.40182e-05 4.95237e-19
-0.000263812 -4.32848e-05 4.95206e-19
-0.000260554 -4.2548e-05 4.95176e-19
-0.000257303 -4.18097e-05 4.95145e-19
-0.000254069 -4.1072e-05 4.95115e-19
-0.000250865 -4.0337e-05 4.95085e-19
-0.000247702 -3.96067e-05 4.95054e-19
-0.000244592 -3.88833e-05 4.95025e-19
-0.000241546 -3.8169e-05 4.94995e-19
-0.000238576 -3.7466e-05 4.94966e-19
-0.000235694 -3.67764e-05 4.94937e-19
-0.000232909 -3.61021e-05 4.9491e-19
-0.000230232 -3.54452e-05 4.94882e-19
-0.000227673 -3.48075e-05 4.94856e-19
-0.00022524 -3.41905e-05 4.94831e-19
-0.000222939 -3.35958e-05 4.94806e-19
-0.000220779 -3.30249e-05 4.94782e-19
-0.000218766 -3.24793e-05 4.9476e-19
-0.000216906 -3.19603e-05 4.94738e-19
-0.000215202 -3.14686e-05 4.94718e-19
-0.000213654 -3.10045e-05 4.94699e-19
-0.000212259 -3.05675e-05 4.94681e-19
-0.000211013 -3.01571e-05 4.94664e-19
-0.000209909 -2.9772e-05 4.94648e-19
-0.000208936 -2.94103e-05 4.94633e-19
-0.000208078 -2.90692e-05 4.94619e-19
-0.000207321 -2.87457e-05 4.94605e-19
-0.000206647 -2.84367e-05 4.94592e-19
-0.000206037 -2.81387e-05 4.9458e-19
-0.000205473 -2.78479e-05 4.94568e-19
-0.000204934 -2.75607e-05 4.94556e-19
-0.000204401 -2.72735e-05 4.94544e-19
-0.000203858 -2.69826e-05 4.94532e-19
-0.000203285 -2.66849e-05 4.9452e-19
-0.000202667 -2.63772e-05 4.94507e-19
-0.00020199 -2.60566e-05 4.94494e-19
-0.000201243 -2.57211e-05 4.9448e-19
-0.000200416 -2.53687e-05 4.94465e-19
-0.000199501 -2.49979e-05 4.9445e-19
-0.000198493 -2.46077e-05 4.94434e-19
-0.000197391 -2.41975e-05 4.94417e-19
-0.000196195 -2.37675e-05 4.94399e-19
-0.000194906 -2.33178e-05 4.9438e-19
-0.000193532 -2.28497e-05 4.94361e-19
-0.000192081 -2.23646e-05 4.94341e-19
-0.000190563 -2.18648e-05 4.9432e-19
-0.000188993 -2.13529e-05 4.94299e-19
-0.000187385 -2.08317e-05 4.94277e-19
-0.000185758 -2.0305e-05 4.94256e-19
-0.000184135 -1.97769e-05 4.94234e-19
-0.000182534 -1.92516e-05 4.94212e-19
-0.000180978 -1.8733e-05 4.94191e-19
-0.000179483 -1.82248e-05 4.9417e-19
-0.000178068 -1.77304e-05 4.94149e-19
-0.000176747 -1.72529e-05 4.94129e-19
-0.000175535 -1.67953e-05 4.9411e-19
-0.000174446 -1.63601e-05 4.94092e-19
-0.00017349 -1.59499e-05 4.94075e-19
-0.000172677 -1.55666e-05 4.9406e-19
-0.000172014 -1.52121e-05 4.94045e-19
-0.000171507 -1.48874e-05 4.94031e-19
-0.000171158 -1.45933e-05 4.94019e-19
-0.000170968 -1.43301e-05 4.94008e-19
-0.000170931 -1.40977e-05 4.93999e-19
-0.000171046 -1.38956e-05 4.9399e-19
-0.000171308 -1.3723e-05 4.93983e-19
-0.000171709 -1.35785e-05 4.93977e-19
-0.000172239 -1.34606e-05 4.93972e-19
-0.000172884 -1.33676e-05 4.93968e-19
-0.000173632 -1.32966e-05 4.93965e-19
-0.000174469 -1.32449e-05 4.93963e-19
-0.000175381 -1.32101e-05 4.93962e-19
-0.000176352 -1.31892e-05 4.93961e-19
-0.000177369 -1.31794e-05 4.9396e-19
-0.000178415 -1.31781e-05 4.9396e-19
-0.000179478 -1.31828e-05 4.9396e-19
-0.000180549 -1.31918e-05 4.93961e-19
-0.000181622 -1.32041e-05 4.93961e-19
-0.00018269 -1.32187e-05 4.93962e-19
-0.00018375 -1.32346e-05 4.93962e-19
-0.000184794 -1.32508e-05 4.93963e-19
-0.000185817 -1.32662e-05 4.93963e-19
-0.000186814 -1.32795e-05 4.93964e-19
-0.000187779 -1.32897e-05 4.93964e-19
-0.000188704 -1.32955e-05 4.93965e-19
-0.000189585 -1.32954e-05 4.93964e-19
-0.000190414 -1.32882e-05 4.93964e-19
-0.000191186 -1.32727e-05 4.93963e-19
-0.000191901 -1.3249e-05 4.93962e-19
-0.000192561 -1.32171e-05 4.93961e-19
-0.000193166 -1.31778e-05 4.93959e-19
-0.000193707 -1.31299e-05 4.93957e-19
-0.000194194 -1.30747e-05 4.93955e-19
-0.000194632 -1.30126e-05 4.93953e-19
-0.000195015 -1.29431e-05 4.9395e-19
-0.000195346 -1.28661e-05 4.93946e-19
-0.000195616 -1.27806e-05 4.93943e-19
-0.000195824 -1.26859e-05 4.93939e-19
-0.000195961 -1.25808e-05 4.93935e-19
-0.000196023 -1.24644e-05 4.9393e-19
-0.000196002 -1.23351e-05 4.93924e-19
-0.00019589 -1.21918e-05 4.93918e-19
-0.00019568 -1.20329e-05 4.93912e-19
-0.000195365 -1.18575e-05 4.93905e-19
-0.000194941 -1.16646e-05 4.93897e-19
-0.000194404 -1.1454e-05 4.93888e-19
-0.000193753 -1.12252e-05 4.93878e-19
-0.000192986 -1.09785e-05 4.93868e-19
-0.000192107 -1.07146e-05 4.93857e-19
-0.000191121 -1.04348e-05 4.93846e-19
-0.000190034 -1.01406e-05 4.93833e-19
-0.000188855 -9.83379e-06 4.93821e-19
-0.000187591 -9.51603e-06 4.93808e-19
-0.000186251 -9.18919e-06 4.93794e-19
-0.000184844 -8.85531e-06 4.9378e-19
-0.000183382 -8.51658e-06 4.93766e-19
-0.000181876 -8.17551e-06 4.93752e-19
-0.000180339 -7.83474e-06 4.93738e-19
-0.000178786 -7.49709e-06 4.93724e-19
-0.000177231 -7.16545e-06 4.93711e-19
-0.000175689 -6.8429e-06 4.93697e-19
-0.000174176 -6.5326e-06 4.93684e-19
-0.000172709 -6.23771e-06 4.93672e-19
-0.000171302 -5.96122e-06 4.93661e-19
-0.00016997 -5.70587e-06 4.9365e-19
-0.000168725 -5.4741e-06 4.93641e-19
-0.000167579 -5.26823e-06 4.93632e-19
-0.000166543 -5.09027e-06 4.93625e-19
-0.000165625 -4.94187e-06 4.93619e-19
-0.000164831 -4.82422e-06 4.93614e-19
-0.000164169 -4.73835e-06 4.9361e-19
-0.000163639 -4.68488e-06 4.93608e-19
-0.000163245 -4.66399e-06 4.93607e-19
-0.000162984 -4.67535e-06 4.93608e-19
-0.000162854 -4.71847e-06 4.9361e-19
-0.000162851 -4.79242e-06 4.93613e-19
-0.000162969 -4.89578e-06 4.93617e-19
-0.000163197 -5.02667e-06 4.93622e-19
-0.000163526 -5.18308e-06 4.93629e-19
-0.000163945 -5.36265e-06 4.93636e-19
-0.000164439 -5.56264e-06 4.93645e-19
-0.000164993 -5.77996e-06 4.93654e-19
-0.000165592 -6.01148e-06 4.93663e-19
-0.00016622 -6.25377e-06 4.93673e-19
-0.000166856 -6.50289e-06 4.93683e-19
-0.00016748 -6.75445e-06 4.93694e-19
-0.000168071 -7.00422e-06 4.93704e-19
-0.00016861 -7.24818e-06 4.93714e-19
-0.000169081 -7.48292e-06 4.93724e-19
-0.000169459 -7.70445e-06 4.93733e-19
-0.00016974 -7.91082e-06 4.93742e-19
-0.000169917 -8.10011e-06 4.9375e-19
-0.000169979 -8.27039e-06 4.93757e-19
-0.000169924 -8.42043e-06 4.93763e-19
-0.000169741 -8.54832e-06 4.93768e-19
-0.000169436 -8.65474e-06 4.93773e-19
-0.000169016 -8.74089e-06 4.93776e-19
-0.000168487 -8.80742e-06 4.93779e-19
-0.000167855 -8.85576e-06 4.93781e-19
-0.000167131 -8.88736e-06 4.93782e-19
-0.000166323 -8.90364e-06 4.93783e-19
-0.00016544 -8.90617e-06 4.93783e-19
-0.000164493 -8.89655e-06 4.93783e-19
-0.000163493 -8.87662e-06 4.93782e-19
-0.00016245 -8.84829e-06 4.93781e-19
-0.000161378 -8.81364e-06 4.9378e-19
-0.000160288 -8.77473e-06 4.93778e-19
-0.000159193 -8.73379e-06 4.93776e-19
-0.000158106 -8.69321e-06 4.93775e-19
-0.000157042 -8.65554e-06 4.93773e-19
-0.000156013 -8.62325e-06 4.93772e-19
-0.000155034 -8.5987e-06 4.93771e-19
-0.000154117 -8.58421e-06 4.9377e-19
-0.000153272 -8.5821e-06 4.9377e-19
-0.000152509 -8.59421e-06 4.93771e-19
-0.000151841 -8.6223e-06 4.93772e-19
-0.000151276 -8.66805e-06 4.93774e-19
-0.00015082 -8.73285e-06 4.93777e-19
-0.000150481 -8.81794e-06 4.9378e-19
-0.000150262 -8.92387e-06 4.93785e-19
-0.00015016 -9.05035e-06 4.9379e-19
-0.000150171 -9.19621e-06 4.93796e-19
-0.000150289 -9.36013e-06 4.93803e-19
-0.000150506 -9.5407e-06 4.9381e-19
-0.000150819 -9.73692e-06 4.93818e-19
-0.000151221 -9.94786e-06 4.93827e-19
-0.00015171 -1.01726e-05 4.93837e-19
-0.000152278 -1.041e-05 4.93846e-19
-0.000152921 -1.06588e-05 4.93857e-19
-0.00015363 -1.09175e-05 4.93867e-19
-0.000154399 -1.11848e-05 4.93878e-19
-0.000155219 -1.14589e-05 4.9389e-19
-0.000156083 -1.17382e-05 4.93901e-19
-0.000156981 -1.20207e-05 4.93913e-19
-0.000157903 -1.23044e-05 4.93925e-19
-0.000158842 -1.25878e-05 4.93936e-19
-0.000159793 -1.28698e-05 4.93948e-19
-0.000160754 -1.315e-05 4.9396e-19
-0.000161724 -1.34279e-05 4.93971e-19
-0.000162699 -1.37031e-05 4.93983e-19
-0.000163675 -1.39746e-05 4.93994e-19
-0.000164648 -1.42412e-05 4.94005e-19
-0.000165611 -1.45018e-05 4.94016e-19
-0.000166559 -1.47549e-05 4.94026e-19
-0.000167485 -1.49994e-05 4.94036e-19
-0.000168382 -1.52337e-05 4.94046e-19
-0.000169244 -1.54565e-05 4.94055e-19
-0.000170063 -1.56661e-05 4.94064e-19
-0.000170834 -1.58612e-05 4.94072e-19
-0.000171547 -1.60402e-05 4.94079e-19
-0.000172198 -1.62018e-05 4.94086e-19
-0.000172779 -1.63446e-05 4.94092e-19
-0.000173288 -1.64681e-05 4.94097e-19
-0.000173724 -1.65722e-05 4.94101e-19
-0.000174086 -1.66567e-05 4.94105e-19
-0.000174374 -1.67217e-05 4.94107e-19
-0.000174589 -1.67674e-05 4.94109e-19
-0.000174731 -1.67938e-05 4.9411e-19
-0.000174801 -1.68014e-05 4.94111e-19
-0.000174799 -1.679e-05 4.9411e-19
-0.00017472 -1.67589e-05 4.94109e-19
-0.000174558 -1.67066e-05 4.94107e-19
-0.000174307 -1.66319e-05 4.94104e-19
-0.000173961 -1.65337e-05 4.941e-19
-0.000173518 -1.64115e-05 4.94095e-19
-0.000172977 -1.6265e-05 4.94089e-19
-0.000172337 -1.60942e-05 4.94081e-19
-0.0001716 -1.58993e-05 4.94073e-19
-0.00017077 -1.56811e-05 4.94064e-19
-0.000169854 -1.54407e-05 4.94054e-19
-0.000168857 -1.51795e-05 4.94044e-19
-0.000167787 -1.48989e-05 4.94032e-19
-0.000166654 -1.46007e-05 4.9402e-19
-0.000165467 -1.42867e-05 4.94007e-19
-0.000164237 -1.39587e-05 4.93993e-19
-0.000162972 -1.36188e-05 4.93979e-19
-0.000161684 -1.32689e-05 4.93965e-19
-0.000160382 -1.29108e-05 4.9395e-19
-0.000159077 -1.25464e-05 4.93935e-19
-0.000157779 -1.21777e-05 4.9392e-19
-0.000156498 -1.18067e-05 4.93904e-19
-0.000155246 -1.14357e-05 4.93889e-19
-0.000154033 -1.10666e-05 4.93874e-19
-0.000152869 -1.07014e-05 4.93858e-19
-0.000151764 -1.03419e-05 4.93844e-19
-0.000150723 -9.98946e-06 4.93829e-19
-0.000149754 -9.64562e-06 4.93815e-19
-0.000148863 -9.31128e-06 4.93801e-19
-0.00014805 -8.98683e-06 4.93787e-19
-0.000147315 -8.67213e-06 4.93774e-19
-0.000146655 -8.36679e-06 4.93762e-19
-0.000146066 -8.06991e-06 4.93749e-19
-0.000145539 -7.77996e-06 4.93737e-19
-0.000145063 -7.49484e-06 4.93726e-19
-0.000144627 -7.21227e-06 4.93714e-19
-0.000144217 -6.92978e-06 4.93702e-19
-0.000143819 -6.64492e-06 4.9369e-19
-0.00014342 -6.35527e-06 4.93678e-19
-0.000143006 -6.05815e-06 4.93666e-19
-0.000142566 -5.75111e-06 4.93653e-19
-0.000142086 -5.43217e-06 4.9364e-19
-0.000141558 -5.09959e-06 4.93626e-19
-0.000140973 -4.75182e-06 4.93612e-19
-0.00014032 -4.38707e-06 4.93597e-19
-0.000139589 -4.0033e-06 4.93581e-19
-0.000138767 -3.59816e-06 4.93564e-19
-0.000137842 -3.16952e-06 4.93546e-19
-0.000136804 -2.71528e-06 4.93528e-19
-0.000135642 -2.23355e-06 4.93508e-19
-0.000134348 -1.7225e-06 4.93486e-19
-0.000132912 -1.1806e-06 4.93464e-19
-0.000131329 -6.06389e-07 4.9344e-19
-0.00012959 1.62754e-09 4.93415e-19
-0.000127687 6.44947e-07 4.93388e-19
-0.000125617 1.32476e-06 4.9336e-19
-0.000123375 2.0418e-06 4.93331e-19
-0.000120962 2.79602e-06 4.93299e-19
-0.000118366 3.5883e-06 4.93267e-19
-0.000115605 4.41648e-06 4.93232e-19
-0.000112691 5.27873e-06 4.93197e-19
-0.000109717 6.16167e-06 4.9316e-19
-0.000106632 7.07207e-06 4.93122e-19
-0.000103394 8.01579e-06 4.93083e-19
-0.000100049 8.98592e-06 4.93043e-19
-9.6584e-05 9.98375e-06 4.93002e-19
-9.30282e-05 1.10045e-05 4.9296e-19
-8.93841e-05 1.20472e-05 4.92917e-19
-8.56728e-05 1.31082e-05 4.92873e-19
-8.19022e-05 1.41856e-05 4.92828e-19
-7.80882e-05 1.52767e-05 4.92783e-19
-7.42405e-05 1.63794e-05 4.92737e-19
-7.03733e-05 1.7491e-05 4.92691e-19
-6.64989e-05 1.86091e-05 4.92645e-19
-6.26311e-05 1.97309e-05 4.92599e-19
-5.87822e-05 2.08539e-05 4.92552e-19
-5.49651e-05 2.19756e-05 4.92506e-19
-5.11925e-05 2.30931e-05 4.9246e-19
-4.74778e-05 2.42037e-05 4.92414e-19
-4.3833e-05 2.53049e-05 4.92368e-19
-4.02696e-05 2.63941e-05 4.92323e-19
-3.67987e-05 2.74689e-05 4.92279e-19
-3.34313e-05 2.85268e-05 4.92235e-19
-3.01767e-05 2.95657e-05 4.92192e-19
-2.70424e-05 3.05837e-05 4.9215e-19
-2.40334e-05 3.15797e-05 4.92108e-19
-2.11524e-05 3.25527e-05 4.92068e-19
-1.84008e-05 3.35022e-05 4.92029e-19
-1.57787e-05 3.44278e-05 4.91991e-19
-1.32862e-05 3.53292e-05 4.91953e-19
-1.09225e-05 3.62062e-05 4.91917e-19
-8.68617e-06 3.70588e-05 4.91882e-19
-6.57436e-06 3.78872e-05 4.91847e-19
-4.58361e-06 3.86917e-05 4.91814e-19
-2.70911e-06 3.94731e-05 4.91782e-19
-9.45869e-07 4.02319e-05 4.9175e-19
7.12535e-07 4.09693e-05 4.9172e-19
2.27327e-06 4.16863e-05 4.9169e-19
3.74501e-06 4.23844e-05 4.91661e-19
5.13614e-06 4.30651e-05 4.91633e-19
6.45644e-06 4.37301e-05 4.91605e-19
7.71663e-06 4.43814e-05 4.91578e-19
8.929e-06 4.50213e-05 4.91552e-19
1.01051e-05 4.5652e-05 4.91526e-19
1.12573e-05 4.62757e-05 4.915e-19
1.23975e-05 4.68948e-05 4.91474e-19
1.35383e-05 4.75118e-05 4.91449e-19
1.46912e-05 4.81288e-05 4.91423e-19
1.58682e-05 4.87482e-05 4.91397e-19
1.70817e-05 4.93726e-05 4.91371e-19
1.8345e-05 5.00046e-05 4.91345e-19
1.967e-05 5.06466e-05 4.91319e-19
2.10673e-05 5.13008e-05 4.91292e-19
2.25437e-05 5.19686e-05 4.91264e-19
2.41041e-05 5.26509e-05 4.91236e-19
2.57515e-05 5.33484e-05 4.91207e-19
2.7488e-05 5.40614e-05 4.91177e-19
2.9313e-05 5.479e-05 4.91147e-19
3.12249e-05 5.55338e-05 4.91116e-19
3.32203e-05 5.62921e-05 4.91085e-19
3.52939e-05 5.70637e-05 4.91053e-19
3.74356e-05 5.78467e-05 4.9102e-19
3.9632e-05 5.86382e-05 4.90988e-19
4.18688e-05 5.94353e-05 4.90955e-19
4.41309e-05 6.02347e-05 4.90922e-19
4.64012e-05 6.10329e-05 4.90889e-19
4.86616e-05 6.18261e-05 4.90856e-19
5.08939e-05 6.26103e-05 4.90823e-19
5.30797e-05 6.33816e-05 4.90791e-19
5.51995e-05 6.41359e-05 4.9076e-19
5.72335e-05 6.48688e-05 4.9073e-19
5.91623e-05 6.55762e-05 4.907e-19
6.09675e-05 6.62539e-05 4.90672e-19
6.26315e-05 6.68981e-05 4.90646e-19
6.41372e-05 6.7505e-05 4.90621e-19
6.54693e-05 6.80711e-05 4.90597e-19
6.66143e-05 6.85931e-05 4.90576e-19
6.75618e-05 6.90687e-05 4.90556e-19
6.83039e-05 6.94958e-05 4.90538e-19
6.88347e-05 6.98728e-05 4.90522e-19
6.91493e-05 7.01983e-05 4.90509e-19
6.92445e-05 7.04713e-05 4.90498e-19
6.91184e-05 7.06909e-05 4.90489e-19
6.87704e-05 7.08567e-05 4.90482e-19
6.82017e-05 7.09683e-05 4.90477e-19
6.74162e-05 7.10264e-05 4.90475e-19
6.64199e-05 7.10316e-05 4.90474e-19
6.52199e-05 7.09851e-05 4.90476e-19
6.38246e-05 7.08883e-05 4.9048e-19
6.22452e-05 7.07431e-05 4.90486e-19
6.04945e-05 7.05519e-05 4.90494e-19
5.85861e-05 7.03172e-05 4.90504e-19
5.65343e-05 7.00416e-05 4.90515e-19
5.4355e-05 6.97283e-05 4.90528e-19
5.20654e-05 6.93805e-05 4.90542e-19
4.96823e-05 6.90016e-05 4.90558e-19
4.7223e-05 6.8595e-05 4.90575e-19
4.47044e-05 6.8164e-05 4.90592e-19
4.21437e-05 6.7712e-05 4.90611e-19
3.95571e-05 6.72423e-05 4.9063e-19
3.69614e-05 6.67584e-05 4.9065e-19
3.43736e-05 6.62636e-05 4.90671e-19
3.18111e-05 6.57616e-05 4.90692e-19
2.92905e-05 6.52558e-05 4.90712e-19
2.68278e-05 6.47495e-05 4.90733e-19
2.44385e-05 6.4246e-05 4.90754e-19
2.21377e-05 6.37485e-05 4.90775e-19
1.99393e-05 6.32598e-05 4.90795e-19
1.78555e-05 6.27826e-05 4.90815e-19
1.58961e-05 6.2319e-05 4.90834e-19
1.40694e-05 6.18707e-05 4.90852e-19
1.23817e-05 6.14393e-05 4.9087e-19
1.08383e-05 6.10258e-05 4.90887e-19
9.44189e-06 6.0631e-05 4.90904e-19
8.19419e-06 6.02553e-05 4.90919e-19
7.09494e-06 5.98987e-05 4.90934e-19
6.14296e-06 5.95612e-05 4.90948e-19
5.33549e-06 5.92423e-05 4.90961e-19
4.66884e-06 5.89413e-05 4.90974e-19
4.13777e-06 5.86574e-05 4.90985e-19
3.737e-06 5.83895e-05 4.90996e-19
3.46188e-06 5.81369e-05 4.91007e-19
3.30822e-06 5.78989e-05 4.91017e-19
3.27072e-06 5.76747e-05 4.91026e-19
3.34225e-06 5.74629e-05 4.91035e-19
3.51232e-06 5.72616e-05 4.91043e-19
3.76814e-06 5.70684e-05 4.91051e-19
4.09576e-06 5.68806e-05 4.91059e-19
4.48049e-06 5.66954e-05 4.91067e-19
4.90666e-06 5.651e-05 4.91075e-19
5.35809e-06 5.63211e-05 4.91082e-19
5.81817e-06 5.61257e-05 4.91091e-19
6.2698e-06 5.59204e-05 4.91099e-19
6.69483e-06 5.57019e-05 4.91108e-19
7.07469e-06 5.54666e-05 4.91118e-19
7.39102e-06 5.52109e-05 4.91129e-19
7.62603e-06 5.49315e-05 4.9114e-19
7.76224e-06 5.46251e-05 4.91153e-19
7.78301e-06 5.42884e-05 4.91167e-19
7.67266e-06 5.39185e-05 4.91182e-19
7.41734e-06 5.35128e-05 4.91199e-19
7.00524e-06 5.3069e-05 4.91218e-19
6.42688e-06 5.25854e-05 4.91238e-19
5.67428e-06 5.20605e-05 4.91259e-19
4.7415e-06 5.14933e-05 4.91283e-19
3.62423e-06 5.08829e-05 4.91308e-19
2.32034e-06 5.02291e-05 4.91335e-19
8.29244e-07 4.95317e-05 4.91364e-19
-8.46809e-07 4.87914e-05 4.91395e-19
-2.70243e-06 4.80091e-05 4.91427e-19
-4.72904e-06 4.71868e-05 4.91461e-19
-6.91672e-06 4.63264e-05 4.91497e-19
-9.25319e-06 4.54304e-05 4.91534e-19
-1.1724e-05 4.45017e-05 4.91572e-19
-1.43124e-05 4.35437e-05 4.91612e-19
-1.70009e-05 4.256e-05 4.91653e-19
-1.97713e-05 4.15542e-05 4.91694e-19
-2.2605e-05 4.053e-05 4.91737e-19
-2.54827e-05 3.94914e-05 4.9178e-19
-2.8386e-05 3.84421e-05 4.91823e-19
-3.12952e-05 3.73861e-05 4.91867e-19
-3.41901e-05 3.63274e-05 4.91911e-19
-3.70493e-05 3.52705e-05 4.91955e-19
-3.98529e-05 3.42196e-05 4.91998e-19
-4.2582e-05 3.31784e-05 4.92041e-19
-4.52196e-05 3.21507e-05 4.92084e-19
-4.77499e-05 3.11398e-05 4.92126e-19
-5.01596e-05 3.01485e-05 4.92167e-19
-5.24381e-05 2.91793e-05 4.92207e-19
-5.45798e-05 2.82335e-05 4.92246e-19
-5.65823e-05 2.73117e-05 4.92284e-19
-5.84467e-05 2.6414e-05 4.92321e-19
-6.01757e-05 2.55403e-05 4.92358e-19
-6.17741e-05 2.46898e-05 4.92393e-19
-6.32489e-05 2.38615e-05 4.92427e-19
-6.4609e-05 2.30539e-05 4.92461e-19
-6.58645e-05 2.22654e-05 4.92493e-19
-6.70272e-05 2.14941e-05 4.92525e-19
-6.81098e-05 2.07376e-05 4.92557e-19
-6.91264e-05 1.99937e-05 4.92588e-19
-7.00923e-05 1.92596e-05 4.92618e-19
-7.10237e-05 1.85325e-05 4.92648e-19
-7.1939e-05 1.7809e-05 4.92678e-19
-7.28572e-05 1.70859e-05 4.92708e-19
-7.37969e-05 1.63597e-05 4.92738e-19
-7.47791e-05 1.56266e-05 4.92769e-19
-7.58248e-05 1.48826e-05 4.92799e-19
-7.69549e-05 1.41239e-05 4.92831e-19
-7.81883e-05 1.33469e-05 4.92863e-19
-7.9504e-05 1.25526e-05 4.92896e-19
-8.09449e-05 1.17354e-05 4.9293e-19
-8.25373e-05 1.08922e-05 4.92965e-19
-8.44204e-05 1.00022e-05 4.93002e-19
-8.65015e-05 9.07894e-06 4.9304e-19
-8.8705e-05 8.13356e-06 4.93079e-19
-9.10865e-05 7.15853e-06 4.9312e-19
-9.35971e-05 6.1605e-06 4.93161e-19
-9.62634e-05 5.13688e-06 4.93203e-19
-9.90599e-05 4.09237e-06 4.93247e-19
-0.000101993 3.02657e-06 4.93291e-19
-0.000105039 1.94348e-06 4.93336e-19
-0.000108176 8.48806e-07 4.93381e-19
-0.000111402 -2.57706e-07 4.93427e-19
-0.000114741 -1.3802e-06 4.93473e-19
-0.000118169 -2.51382e-06 4.9352e-19
-0.000121683 -3.65752e-06 4.93567e-19
-0.000125265 -4.80762e-06 4.93615e-19
-0.000128902 -5.96123e-06 4.93663e-19
-0.00013258 -7.11513e-06 4.9371e-19
-0.000136284 -8.26637e-06 4.93758e-19
-0.000140003 -9.41219e-06 4.93805e-19
-0.000143723 -1.05497e-05 4.93853e-19
-0.000147432 -1.16763e-05 4.93899e-19
-0.00015112 -1.27897e-05 4.93945e-19
-0.000154779 -1.38882e-05 4.93991e-19
-0.000158402 -1.49701e-05 4.94035e-19
-0.00016198 -1.60335e-05 4.94079e-19
-0.000165507 -1.7077e-05 4.94123e-19
-0.000168974 -1.80987e-05 4.94165e-19
-0.000172378 -1.90979e-05 4.94206e-19
-0.00017571 -2.00724e-05 4.94247e-19
-0.000178959 -2.10202e-05 4.94286e-19
-0.000182118 -2.19399e-05 4.94324e-19
-0.000185179 -2.28297e-05 4.94361e-19
-0.000188132 -2.36878e-05 4.94396e-19
-0.000190966 -2.4512e-05 4.9443e-19
-0.00019367 -2.52998e-05 4.94463e-19
-0.000196231 -2.60488e-05 4.94494e-19
-0.000198638 -2.67567e-05 4.94523e-19
-0.000200883 -2.74219e-05 4.94551e-19
-0.000202957 -2.80431e-05 4.94576e-19
-0.000204856 -2.86192e-05 4.946e-19
-0.000206573 -2.91492e-05 4.94622e-19
-0.000208102 -2.96317e-05 4.94642e-19
-0.000209436 -3.00656e-05 4.9466e-19
-0.000210569 -3.04496e-05 4.94676e-19
-0.000211498 -3.07831e-05 4.9469e-19
-0.000212218 -3.10656e-05 4.94701e-19
-0.00021273 -3.12968e-05 4.94711e-19
-0.000213033 -3.14769e-05 4.94718e-19
-0.000213128 -3.1606e-05 4.94724e-19
-0.000213018 -3.16846e-05 4.94727e-19
-0.000212704 -3.17128e-05 4.94728e-19
-0.000212188 -3.16911e-05 4.94727e-19
-0.000211478 -3.16208e-05 4.94724e-19
-0.000210585 -3.15039e-05 4.9472e-19
-0.000209523 -3.13435e-05 4.94713e-19
-0.000208309 -3.11427e-05 4.94705e-19
-0.000206961 -3.09049e-05 4.94695e-19
-0.000205495 -3.06333e-05 4.94684e-19
-0.00020393 -3.03314e-05 4.94671e-19
-0.000202283 -3.00026e-05 4.94658e-19
-0.000200573 -2.96504e-05 4.94643e-19
-0.000198818 -2.92785e-05 4.94628e-19
-0.000197038 -2.88904e-05 4.94612e-19
-0.000195249 -2.84894e-05 4.94595e-19
-0.00019347 -2.80789e-05 4.94578e-19
-0.000191717 -2.76624e-05 4.94561e-19
-0.000190007 -2.72431e-05 4.94544e-19
-0.000188357 -2.68241e-05 4.94526e-19
-0.000186781 -2.64086e-05 4.94509e-19
-0.000185298 -2.60004e-05 4.94492e-19
-0.000183926 -2.56033e-05 4.94476e-19
-0.000182684 -2.52212e-05 4.9446e-19
-0.000181585 -2.48571e-05 4.94445e-19
-0.000180642 -2.45138e-05 4.94431e-19
-0.000179863 -2.41933e-05 4.94417e-19
-0.000179255 -2.38973e-05 4.94405e-19
-0.000178818 -2.36266e-05 4.94394e-19
-0.000178548 -2.33804e-05 4.94384e-19
-0.000178435 -2.31571e-05 4.94375e-19
-0.000178464 -2.29544e-05 4.94366e-19
-0.00017862 -2.27696e-05 4.94358e-19
-0.000178884 -2.25992e-05 4.94351e-19
-0.000179233 -2.24394e-05 4.94345e-19
-0.000179646 -2.2286e-05 4.94338e-19
-0.000180099 -2.2135e-05 4.94332e-19
-0.000180573 -2.19829e-05 4.94326e-19
-0.000181049 -2.18264e-05 4.94319e-19
-0.00018151 -2.16626e-05 4.94312e-19
-0.000181939 -2.14886e-05 4.94305e-19
-0.000182322 -2.13021e-05 4.94297e-19
-0.00018265 -2.11015e-05 4.94289e-19
-0.000182912 -2.08851e-05 4.9428e-19
-0.000183097 -2.06512e-05 4.9427e-19
-0.000183201 -2.0399e-05 4.9426e-19
-0.000183217 -2.01279e-05 4.94248e-19
-0.000183143 -1.98375e-05 4.94236e-19
-0.000182979 -1.95281e-05 4.94224e-19
-0.000182727 -1.92004e-05 4.9421e-19
-0.000182394 -1.88558e-05 4.94196e-19
-0.000181985 -1.84957e-05 4.94181e-19
-0.000181507 -1.81216e-05 4.94165e-19
-0.000180967 -1.77349e-05 4.94149e-19
-0.000180368 -1.73365e-05 4.94133e-19
-0.000179716 -1.69276e-05 4.94116e-19
-0.000179018 -1.65097e-05 4.94098e-19
-0.000178282 -1.60843e-05 4.94081e-19
-0.000177517 -1.56535e-05 4.94063e-19
-0.000176733 -1.52191e-05 4.94045e-19
-0.000175937 -1.47829e-05 4.94027e-19
-0.000175133 -1.43456e-05 4.94009e-19
-0.000174321 -1.39071e-05 4.93991e-19
-0.0001735 -1.34675e-05 4.93972e-19
-0.000172673 -1.30269e-05 4.93954e-19
-0.000171834 -1.25865e-05 4.93936e-19
-0.000170995 -1.21472e-05 4.93918e-19
-0.000170166 -1.17103e-05 4.939e-19
-0.000169349 -1.12771e-05 4.93882e-19
-0.000168549 -1.08482e-05 4.93864e-19
-0.000167768 -1.04242e-05 4.93846e-19
-0.000167007 -1.00055e-05 4.93829e-19
-0.000166268 -9.59266e-06 4.93812e-19
-0.000165554 -9.18624e-06 4.93795e-19
-0.000164868 -8.78691e-06 4.93778e-19
-0.000164212 -8.39533e-06 4.93762e-19
-0.000163587 -8.01189e-06 4.93746e-19
-0.000162993 -7.63646e-06 4.93731e-19
-0.000162427 -7.26856e-06 4.93715e-19
-0.000161886 -6.90761e-06 4.93701e-19
-0.000161368 -6.55322e-06 4.93686e-19
-0.000160873 -6.20553e-06 4.93671e-19
-0.000160403 -5.86495e-06 4.93657e-19
-0.000159944 -5.5304e-06 4.93643e-19
-0.000159509 -5.20326e-06 4.9363e-19
-0.000159102 -4.8836e-06 4.93617e-19
-0.000158712 -4.56964e-06 4.93604e-19
-0.000158337 -4.26059e-06 4.93591e-19
-0.00015797 -3.95502e-06 4.93578e-19
-0.00015761 -3.65283e-06 4.93566e-19
-0.000157258 -3.35383e-06 4.93553e-19
-0.000156913 -3.05822e-06 4.93541e-19
-0.000156574 -2.76576e-06 4.93529e-19
-0.000156241 -2.47617e-06 4.93517e-19
-0.00015591 -2.18875e-06 4.93505e-19
-0.000155578 -1.90286e-06 4.93493e-19
-0.000155242 -1.61782e-06 4.93481e-19
-0.000154899 -1.33343e-06 4.93469e-19
-0.00015455 -1.04959e-06 4.93458e-19
-0.000154193 -7.66226e-07 4.93446e-19
-0.000153825 -4.82712e-07 4.93434e-19
-0.000153438 -1.97458e-07 4.93422e-19
-0.000153074 8.40588e-08 4.93411e-19
-0.000152683 3.69555e-07 4.93399e-19
-0.000152223 6.6591e-07 4.93386e-19
-0.000151699 9.72948e-07 4.93374e-19
-0.000151083 1.2957e-06 4.9336e-19
-0.000150369 1.63578e-06 4.93346e-19
-0.000149536 1.99665e-06 4.93331e-19
-0.000148579 2.37944e-06 4.93315e-19
-0.00014749 2.78565e-06 4.93299e-19
-0.000146264 3.21582e-06 4.93281e-19
-0.000144898 3.67078e-06 4.93262e-19
-0.000143387 4.15079e-06 4.93242e-19
-0.000141731 4.65614e-06 4.93221e-19
-0.000139928 5.18668e-06 4.93199e-19
-0.000137982 5.7417e-06 4.93176e-19
-0.000135901 6.31916e-06 4.93152e-19
-0.0001337 6.91614e-06 4.93128e-19
-0.000131392 7.52932e-06 4.93102e-19
-0.000128991 8.1557e-06 4.93076e-19
-0.00012651 8.79305e-06 4.9305e-19
-0.000123954 9.43973e-06 4.93023e-19
-0.000121332 1.0094e-05 4.92996e-19
-0.000118655 1.07537e-05 4.92969e-19
-0.000115936 1.1416e-05 4.92942e-19
-0.000113192 1.20775e-05 4.92914e-19
-0.000110441 1.27344e-05 4.92887e-19
-0.000107697 1.33837e-05 4.9286e-19
-0.000104974 1.40229e-05 4.92834e-19
-0.000102279 1.46505e-05 4.92808e-19
-9.96197e-05 1.52647e-05 4.92783e-19
-9.70058e-05 1.5864e-05 4.92758e-19
-9.44463e-05 1.64466e-05 4.92734e-19
-9.19503e-05 1.70105e-05 4.9271e-19
-8.95277e-05 1.75541e-05 4.92688e-19
-8.71869e-05 1.80756e-05 4.92666e-19
-8.49351e-05 1.85737e-05 4.92646e-19
-8.27778e-05 1.90474e-05 4.92626e-19
-8.07204e-05 1.94958e-05 4.92608e-19
-7.87695e-05 1.99176e-05 4.9259e-19
-7.69354e-05 2.03108e-05 4.92574e-19
-7.52309e-05 2.06729e-05 4.92559e-19
-7.36685e-05 2.10013e-05 4.92546e-19
-7.22585e-05 2.12941e-05 4.92533e-19
-7.1008e-05 2.15498e-05 4.92523e-19
-6.9921e-05 2.17676e-05 4.92514e-19
-6.90002e-05 2.19472e-05 4.92506e-19
-6.8247e-05 2.20882e-05 4.92501e-19
-6.76609e-05 2.21908e-05 4.92496e-19
-6.724e-05 2.22554e-05 4.92494e-19
-6.69813e-05 2.22826e-05 4.92493e-19
-6.68808e-05 2.22733e-05 4.92493e-19
-6.69341e-05 2.22284e-05 4.92495e-19
-6.71359e-05 2.21489e-05 4.92498e-19
-6.74804e-05 2.20359e-05 4.92503e-19
-6.79622e-05 2.18906e-05 4.92509e-19
-6.85788e-05 2.17133e-05 4.92516e-19
-6.9329e-05 2.15043e-05 4.92525e-19
-7.02115e-05 2.12636e-05 4.92535e-19
-7.12243e-05 2.09916e-05 4.92546e-19
-7.23642e-05 2.06888e-05 4.92559e-19
-7.36276e-05 2.03558e-05 4.92572e-19
-7.50103e-05 1.99934e-05 4.92587e-19
-7.65071e-05 1.96025e-05 4.92603e-19
-7.81122e-05 1.91841e-05 4.92621e-19
-7.98187e-05 1.87397e-05 4.92639e-19
-8.16197e-05 1.82705e-05 4.92659e-19
-8.35079e-05 1.77778e-05 4.92679e-19
-8.54759e-05 1.72632e-05 4.927e-19
-8.75161e-05 1.67282e-05 4.92722e-19
-8.96212e-05 1.6174e-05 4.92745e-19
-9.17832e-05 1.56025e-05 4.92769e-19
-9.39926e-05 1.50153e-05 4.92793e-19
-9.62394e-05 1.44148e-05 4.92818e-19
-9.85135e-05 1.38028e-05 4.92843e-19
-0.000100806 1.31814e-05 4.92869e-19
-0.000103107 1.25524e-05 4.92895e-19
-0.000105409 1.19177e-05 4.92921e-19
-0.000107704 1.12789e-05 4.92948e-19
-0.000109986 1.06375e-05 4.92974e-19
-0.000112246 9.9954e-06 4.93001e-19
-0.000114476 9.35422e-06 4.93027e-19
-0.000116671 8.71564e-06 4.93054e-19
-0.000118826 8.08061e-06 4.9308e-19
-0.000120944 7.44882e-06 4.93106e-19
-0.000123032 6.81905e-06 4.93132e-19
-0.000125098 6.18983e-06 4.93158e-19
-0.000127149 5.55975e-06 4.93184e-19
-0.000129192 4.92768e-06 4.93211e-19
-0.000131232 4.29268e-06 4.93237e-19
-0.000133277 3.65382e-06 4.93263e-19
-0.00013533 3.01009e-06 4.9329e-19
-0.0001374 2.36021e-06 4.93317e-19
-0.000139579 1.69084e-06 4.93344e-19
-0.000141811 1.00931e-06 4.93373e-19
-0.000144063 3.20337e-07 4.93401e-19
-0.000146368 -3.80939e-07 4.9343e-19
-0.000148706 -1.09144e-06 4.9346e-19
-0.000151092 -1.81326e-06 4.93489e-19
-0.000153514 -2.54475e-06 4.9352e-19
-0.000155983 -3.28739e-06 4.9355e-19
-0.000158495 -4.04086e-06 4.93582e-19
-0.000161057 -4.80623e-06 4.93613e-19
-0.000163665 -5.5831e-06 4.93645e-19
-0.00016632 -6.37121e-06 4.93678e-19
-0.000169012 -7.16918e-06 4.93711e-19
-0.000171738 -7.97593e-06 4.93744e-19
-0.000174475 -8.78855e-06 4.93778e-19
-0.00017723 -9.60726e-06 4.93812e-19
-0.000180002 -1.04315e-05 4.93846e-19
-0.000182772 -1.12576e-05 4.9388e-19
-0.000185533 -1.20842e-05 4.93914e-19
-0.000188286 -1.29121e-05 4.93949e-19
-0.00019103 -1.37406e-05 4.93983e-19
-0.000193756 -1.45679e-05 4.94017e-19
-0.000196458 -1.53932e-05 4.94051e-19
-0.00019913 -1.62153e-05 4.94085e-19
-0.00020177 -1.70334e-05 4.94119e-19
-0.000204373 -1.7847e-05 4.94153e-19
-0.000206936 -1.86552e-05 4.94186e-19
-0.000209454 -1.94571e-05 4.9422e-19
-0.000211921 -2.02517e-05 4.94252e-19
-0.000214334 -2.10379e-05 4.94285e-19
-0.000216686 -2.18148e-05 4.94317e-19
-0.000218976 -2.25814e-05 4.94349e-19
-0.000221198 -2.33371e-05 4.9438e-19
-0.00022335 -2.40812e-05 4.94411e-19
-0.000225431 -2.4813e-05 4.94441e-19
-0.000227439 -2.55326e-05 4.94471e-19
-0.000229374 -2.62396e-05 4.945e-19
-0.000231237 -2.69343e-05 4.94529e-19
-0.00023303 -2.76167e-05 4.94557e-19
-0.000234753 -2.82872e-05 4.94585e-19
-0.000236412 -2.89465e-05 4.94612e-19
-0.000238008 -2.95947e-05 4.94639e-19
-0.000239537 -3.02322e-05 4.94666e-19
-0.000241003 -3.0859e-05 4.94692e-19
-0.000242409 -3.14749e-05 4.94717e-19
-0.000243754 -3.20803e-05 4.94742e-19
-0.000245037 -3.26751e-05 4.94767e-19
-0.000246262 -3.32597e-05 4.94791e-19
-0.000247434 -3.38346e-05 4.94815e-19
-0.000248553 -3.44003e-05 4.94838e-19
-0.000249623 -3.49575e-05 4.94861e-19
-0.000250648 -3.55071e-05 4.94884e-19
-0.000251639 -3.60507e-05 4.94907e-19
-0.000252599 -3.65896e-05 4.94929e-19
-0.000253538 -3.71252e-05 4.94951e-19
-0.000254463 -3.76592e-05 4.94973e-19
-0.00025538 -3.8193e-05 4.94995e-19
-0.000256299 -3.87281e-05 4.95018e-19
-0.000257228 -3.92666e-05 4.9504e-19
-0.00025818 -3.98109e-05 4.95062e-19
-0.00025917 -4.03642e-05 4.95085e-19
-0.000260213 -4.09296e-05 4.95109e-19
-0.000261325 -4.15101e-05 4.95133e-19
-0.000262517 -4.21085e-05 4.95158e-19
-0.000263805 -4.27275e-05 4.95183e-19
-0.000265199 -4.33696e-05 4.9521e-19
-0.000266714 -4.40375e-05 4.95238e-19
-0.000268361 -4.4734e-05 4.95266e-19
-0.000270157 -4.54621e-05 4.95297e-19
-0.000272114 -4.62247e-05 4.95328e-19
-0.000274244 -4.70243e-05 4.95361e-19
-0.000276557 -4.78627e-05 4.95396e-19
-0.000279056 -4.8741e-05 4.95432e-19
-0.000281748 -4.96605e-05 4.9547e-19
-0.000284635 -5.06216e-05 4.9551e-19
-0.000287719 -5.16249e-05 4.95552e-19
-0.000290999 -5.26704e-05 4.95595e-19
-0.000294475 -5.3758e-05 4.9564e-19
-0.000298143 -5.48872e-05 4.95687e-19
-0.000301996 -5.60565e-05 4.95735e-19
-0.000306022 -5.72638e-05 4.95785e-19
-0.000310211 -5.85068e-05 4.95836e-19
-0.000314549 -5.97829e-05 4.95889e-19
-0.000319023 -6.10894e-05 4.95943e-19
-0.000323616 -6.2423e-05 4.95998e-19
-0.000328313 -6.37807e-05 4.96055e-19
-0.000333097 -6.51589e-05 4.96112e-19
-0.00033795 -6.65538e-05 4.96169e-19
-0.00034285 -6.79613e-05 4.96228e-19
-0.000347779 -6.93774e-05 4.96286e-19
-0.000352716 -7.07977e-05 4.96345e-19
-0.00035764 -7.22177e-05 4.96404e-19
-0.000362526 -7.36324e-05 4.96462e-19
-0.000367353 -7.5037e-05 4.9652e-19
-0.000372098 -7.64269e-05 4.96578e-19
-0.000376738 -7.77967e-05 4.96634e-19
-0.000381247 -7.91409e-05 4.9669e-19
-0.000385602 -8.04545e-05 4.96744e-19
-0.000389781 -8.17323e-05 4.96797e-19
-0.000393759 -8.29691e-05 4.96849e-19
-0.000397515 -8.41594e-05 4.96898e-19
-0.000401026 -8.52985e-05 4.96945e-19
-0.000404274 -8.63819e-05 4.9699e-19
-0.000407245 -8.7406e-05 4.97032e-19
-0.000409927 -8.83677e-05 4.97072e-19
-0.000412311 -8.92644e-05 4.97109e-19
-0.000414389 -9.0094e-05 4.97143e-19
-0.000416158 -9.08547e-05 4.97175e-19
-0.000417614 -9.15452e-05 4.97204e-19
-0.000418757 -9.21644e-05 4.97229e-19
-0.000419589 -9.27121e-05 4.97252e-19
-0.000420118 -9.31892e-05 4.97272e-19
-0.000420358 -9.35978e-05 4.97289e-19
-0.000420324 -9.39401e-05 4.97303e-19
-0.000420031 -9.42185e-05 4.97315e-19
-0.000419494 -9.44354e-05 4.97324e-19
-0.00041873 -9.45934e-05 4.9733e-19
-0.000417753 -9.46949e-05 4.97334e-19
-0.000416581 -9.47428e-05 4.97336e-19
-0.000415232 -9.47406e-05 4.97336e-19
-0.00041373 -9.46923e-05 4.97335e-19
-0.000412095 -9.46017e-05 4.97331e-19
-0.000410348 -9.44728e-05 4.97326e-19
-0.000408508 -9.43091e-05 4.97319e-19
-0.000406595 -9.41143e-05 4.97311e-19
-0.000404626 -9.38919e-05 4.97302e-19
-0.000402617 -9.36449e-05 4.97292e-19
-0.000400585 -9.33769e-05 4.97281e-19
-0.000398548 -9.30913e-05 4.97269e-19
-0.00039652 -9.27911e-05 4.97256e-19
-0.000394513 -9.2479e-05 4.97243e-19
-0.000392537 -9.21571e-05 4.9723e-19
-0.000390602 -9.18275e-05 4.97217e-19
-0.000388712 -9.14917e-05 4.97203e-19
-0.000386874 -9.11512e-05 4.97189e-19
-0.000385092 -9.08071e-05 4.97174e-19
-0.000383371 -9.04607e-05 4.9716e-19
-0.000381713 -9.0113e-05 4.97146e-19
-0.000380119 -8.97645e-05 4.97131e-19
-0.000378583 -8.94147e-05 4.97117e-19
-0.000377102 -8.90628e-05 4.97102e-19
-0.000375666 -8.87078e-05 4.97088e-19
-0.000374269 -8.83484e-05 4.97073e-19
-0.000372899 -8.79829e-05 4.97058e-19
-0.000371547 -8.76097e-05 4.97042e-19
-0.000370202 -8.72271e-05 4.97026e-19
-0.000368854 -8.68334e-05 4.9701e-19
-0.000367495 -8.64271e-05 4.96993e-19
-0.000366114 -8.60067e-05 4.96976e-19
-0.000364706 -8.55711e-05 4.96958e-19
-0.000363261 -8.51191e-05 4.96939e-19
-0.000361775 -8.46498e-05 4.9692e-19
-0.000360242 -8.41623e-05 4.969e-19
-0.000358657 -8.36561e-05 4.96879e-19
-0.000357016 -8.31306e-05 4.96857e-19
-0.000355316 -8.25852e-05 4.96834e-19
-0.000353552 -8.20191e-05 4.96811e-19
-0.000351721 -8.1432e-05 4.96787e-19
-0.00034982 -8.08237e-05 4.96761e-19
-0.00034785 -8.01943e-05 4.96735e-19
-0.000345813 -7.95444e-05 4.96708e-19
-0.000343712 -7.88749e-05 4.96681e-19
-0.000341549 -7.81864e-05 4.96652e-19
-0.000339329 -7.74798e-05 4.96623e-19
-0.000337051 -7.67556e-05 4.96593e-19
-0.000334721 -7.60146e-05 4.96562e-19
-0.000332341 -7.52576e-05 4.96531e-19
-0.000329914 -7.44852e-05 4.96499e-19
-0.00032744 -7.36977e-05 4.96466e-19
-0.000324925 -7.2896e-05 4.96433e-19
-0.000322368 -7.20805e-05 4.96399e-19
-0.000319774 -7.12517e-05 4.96365e-19
-0.000317142 -7.04099e-05 4.9633e-19
-0.000314477 -6.95557e-05 4.96295e-19
-0.000311781 -6.86897e-05 4.96259e-19
-0.000309062 -6.78134e-05 4.96223e-19
-0.000306328 -6.69284e-05 4.96186e-19
-0.000303589 -6.60368e-05 4.96149e-19
-0.000300856 -6.51406e-05 4.96112e-19
-0.000298141 -6.42421e-05 4.96075e-19
-0.000295456 -6.33439e-05 4.96038e-19
-0.000292815 -6.24484e-05 4.96001e-19
-0.000290231 -6.15582e-05 4.95964e-19
-0.000287717 -6.06757e-05 4.95928e-19
-0.000285286 -5.98033e-05 4.95891e-19
-0.000282949 -5.89431e-05 4.95856e-19
-0.000280717 -5.80973e-05 4.95821e-19
-0.000278604 -5.72681e-05 4.95786e-19
-0.000276621 -5.64577e-05 4.95753e-19
-0.000274777 -5.5668e-05 4.9572e-19
-0.000273085 -5.4901e-05 4.95688e-19
-0.000271557 -5.41592e-05 4.95658e-19
-0.000270207 -5.34454e-05 4.95628e-19
-0.000269047 -5.2762e-05 4.956e-19
-0.000268087 -5.21108e-05 4.95573e-19
-0.000267332 -5.1493e-05 4.95547e-19
-0.000266784 -5.09088e-05 4.95523e-19
-0.000266441 -5.03581e-05 4.955e-19
-0.000266299 -4.98402e-05 4.95479e-19
-0.000266351 -4.93534e-05 4.95458e-19
-0.000266585 -4.88956e-05 4.95439e-19
-0.000266985 -4.84641e-05 4.95421e-19
-0.000267536 -4.80558e-05 4.95405e-19
-0.000268218 -4.76669e-05 4.95388e-19
-0.000269008 -4.72933e-05 4.95373e-19
-0.000269881 -4.69304e-05 4.95358e-19
-0.000270813 -4.65733e-05 4.95343e-19
-0.000271774 -4.62167e-05 4.95328e-19
-0.000272735 -4.5855e-05 4.95313e-19
-0.000273664 -4.54824e-05 4.95297e-19
-0.000274531 -4.50932e-05 4.95281e-19
-0.000275305 -4.46815e-05 4.95264e-19
-0.000275956 -4.42419e-05 4.95246e-19
-0.000276454 -4.37688e-05 4.95226e-19
-0.000276771 -4.3257e-05 4.95205e-19
-0.000276876 -4.27013e-05 4.95182e-19
-0.000276747 -4.20972e-05 4.95157e-19
-0.000276361 -4.14403e-05 4.95129e-19
-0.000275693 -4.07265e-05 4.951e-19
-0.000274728 -3.99527e-05 4.95068e-19
-0.000273448 -3.91171e-05 4.95033e-19
-0.000271842 -3.8217e-05 4.94996e-19
-0.000269906 -3.72508e-05 4.94956e-19
-0.000267629 -3.62169e-05 4.94913e-19
-0.000265003 -3.51142e-05 4.94867e-19
-0.000262025 -3.39419e-05 4.94819e-19
-0.000258696 -3.27003e-05 4.94767e-19
-0.000255017 -3.13898e-05 4.94713e-19
-0.000250985 -3.00099e-05 4.94656e-19
-0.000246607 -2.85621e-05 4.94596e-19
-0.00024189 -2.70475e-05 4.94533e-19
-0.000236841 -2.54679e-05 4.94468e-19
-0.000231471 -2.3825e-05 4.944e-19
-0.00022579 -2.21211e-05 4.94329e-19
-0.000219815 -2.03591e-05 4.94257e-19
-0.000213561 -1.85423e-05 4.94181e-19
-0.000207021 -1.66717e-05 4.94104e-19
-0.000200237 -1.47538e-05 4.94025e-19
-0.000193247 -1.27942e-05 4.93944e-19
-0.000186063 -1.07966e-05 4.93861e-19
-0.000178718 -8.76692e-06 4.93777e-19
-0.000171233 -6.70948e-06 4.93692e-19
-0.000163639 -4.62996e-06 4.93606e-19
-0.000155958 -2.5333e-06 4.93519e-19
-0.00014822 -4.25079e-07 4.93432e-19
-0.000140647 1.66176e-06 4.93346e-19
-0.000133128 3.7409e-06 4.9326e-19
-0.000125584 5.82293e-06 4.93174e-19
-0.000118111 7.89235e-06 4.93088e-19
-0.000110682 9.95202e-06 4.93003e-19
-0.000103348 1.19931e-05 4.92918e-19
-9.61058e-05 1.40154e-05 4.92835e-19
-8.89841e-05 1.60135e-05 4.92752e-19
-8.19862e-05 1.79863e-05 4.9267e-19
-7.51299e-05 1.99303e-05 4.9259e-19
-6.84184e-05 2.18446e-05 4.92511e-19
-6.18605e-05 2.37274e-05 4.92433e-19
-5.54577e-05 2.55781e-05 4.92356e-19
-4.92133e-05 2.73961e-05 4.92281e-19
-4.31269e-05 2.91811e-05 4.92207e-19
-3.71977e-05 3.09332e-05 4.92135e-19
-3.14229e-05 3.26528e-05 4.92064e-19
-2.57993e-05 3.43403e-05 4.91994e-19
-2.03235e-05 3.59962e-05 4.91925e-19
-1.49919e-05 3.76211e-05 4.91858e-19
-9.80005e-06 3.92157e-05 4.91792e-19
-4.74183e-06 4.0781e-05 4.91727e-19
1.91314e-07 4.23187e-05 4.91664e-19
5.01017e-06 4.38307e-05 4.91601e-19
9.72574e-06 4.53193e-05 4.91539e-19
1.43492e-05 4.67865e-05 4.91479e-19
1.88904e-05 4.82342e-05 4.91419e-19
2.33587e-05 4.96643e-05 4.9136e-19
2.77628e-05 5.10784e-05 4.91301e-19
3.21122e-05 5.24783e-05 4.91243e-19
3.64156e-05 5.38658e-05 4.91186e-19
4.06826e-05 5.52427e-05 4.91129e-19
4.49216e-05 5.66107e-05 4.91072e-19
4.91419e-05 5.79717e-05 4.91016e-19
5.33533e-05 5.93276e-05 4.9096e-19
5.75666e-05 6.06807e-05 4.90904e-19
6.17914e-05 6.2033e-05 4.90848e-19
6.60394e-05 6.33867e-05 4.90792e-19
7.03253e-05 6.47452e-05 4.90735e-19
7.46668e-05 6.6112e-05 4.90679e-19
7.90804e-05 6.74908e-05 4.90622e-19
8.35813e-05 6.88849e-05 4.90564e-19
8.81833e-05 7.02972e-05 4.90506e-19
9.28985e-05 7.17304e-05 4.90446e-19
9.77372e-05 7.3187e-05 4.90386e-19
0.000102708 7.4669e-05 4.90325e-19
0.000107819 7.61784e-05 4.90262e-19
0.000113076 7.77167e-05 4.90199e-19
0.000118484 7.92855e-05 4.90134e-19
0.000124047 8.0886e-05 4.90068e-19
0.000129766 8.25186e-05 4.9e-19
0.000135637 8.4183e-05 4.89931e-19
0.000141655 8.58789e-05 4.89861e-19
0.000147811 8.76048e-05 4.8979e-19
0.000154092 8.93586e-05 4.89717e-19
0.00016048 9.1137e-05 4.89644e-19
0.000166955 9.29366e-05 4.89569e-19
0.000173493 9.47531e-05 4.89494e-19
0.00018006 9.65798e-05 4.89419e-19
0.000186615 9.84087e-05 4.89343e-19
0.000193115 0.000100232 4.89267e-19
0.000199519 0.00010204 4.89193e-19
0.000205779 0.000103825 4.89119e-19
0.000211847 0.000105577 4.89046e-19
0.000217676 0.000107285 4.88976e-19
0.000223221 0.000108941 4.88907e-19
0.000228437 0.000110536 4.88841e-19
0.000233277 0.00011206 4.88778e-19
0.000237703 0.000113504 4.88718e-19
0.000241677 0.000114861 4.88662e-19
0.000245166 0.000116123 4.8861e-19
0.000248142 0.000117283 4.88562e-19
0.00025058 0.000118337 4.88518e-19
0.000252456 0.000119276 4.81058e-19
0.000253711 0.000120071 4.81674e-19
0.00025438 0.000120752 4.76164e-19
0.000254467 0.000121315 4.78759e-19
0.000253974 0.000121757 4.80543e-19
0.000252907 0.000122081 4.75007e-19
0.000251282 0.000122286 4.78413e-19
0.000249117 0.000122375 4.79178e-19
0.000246436 0.000122353 4.79287e-19
0.000243266 0.000122222 4.79363e-19
0.000239639 0.000121988 4.79408e-19
0.00023559 0.000121657 4.79423e-19
0.000231152 0.000121232 4.78171e-19
0.000226361 0.000120719 4.78193e-19
0.000221261 0.000120126 4.78217e-19
0.000215893 0.00011946 4.78244e-19
0.000210301 0.000118729 4.78274e-19
0.000204526 0.00011794 4.78307e-19
0.000198612 0.000117102 4.78341e-19
0.000192597 0.00011622 4.78378e-19
0.000186523 0.000115303 4.78416e-19
0.000180428 0.000114357 4.78455e-19
0.000174354 0.000113392 4.78494e-19
0.000168338 0.000112412 4.78535e-19
0.000162414 0.000111427 4.78575e-19
0.000156617 0.000110441 4.78616e-19
0.000150981 0.000109463 4.78657e-19
0.000145535 0.000108497 4.78696e-19
0.000140304 0.00010755 4.78735e-19
0.000135312 0.000106625 4.78774e-19
0.000130579 0.000105729 4.78811e-19
0.000126117 0.000104863 4.78846e-19
0.000121941 0.00010403 4.78881e-19
0.000118055 0.000103233 4.78914e-19
0.000114467 0.000102473 4.78945e-19
0.000111174 0.00010175 4.78975e-19
0.000108178 0.000101066 4.79003e-19
0.000105477 0.00010042 4.7903e-19
0.000103073 9.98136e-05 4.79055e-19
0.000100962 9.92474e-05 4.79079e-19
9.91405e-05 9.87207e-05 4.791e-19
9.75967e-05 9.82322e-05 4.79121e-19
9.63179e-05 9.77799e-05 4.79139e-19
9.52879e-05 9.73614e-05 4.79157e-19
9.44886e-05 9.69736e-05 4.79173e-19
9.38966e-05 9.66125e-05 4.79188e-19
9.34865e-05 9.62736e-05 4.79202e-19
9.32311e-05 9.59519e-05 4.79215e-19
9.31019e-05 9.56422e-05 4.79228e-19
9.30665e-05 9.53385e-05 4.79241e-19
9.30906e-05 9.50342e-05 4.79253e-19
9.31402e-05 9.47229e-05 4.79266e-19
9.31821e-05 9.43983e-05 4.7928e-19
9.31848e-05 9.40544e-05 4.79294e-19
9.3118e-05 9.36852e-05 4.79309e-19
9.29537e-05 9.32854e-05 4.79326e-19
9.26658e-05 9.28499e-05 4.79344e-19
9.22315e-05 9.23744e-05 4.79364e-19
9.16301e-05 9.18548e-05 4.79385e-19
9.08447e-05 9.12879e-05 4.79409e-19
8.98596e-05 9.06706e-05 4.79435e-19
8.8663e-05 9.00006e-05 4.79462e-19
8.72444e-05 8.92758e-05 4.79492e-19
8.55976e-05 8.84951e-05 4.79525e-19
8.37186e-05 8.76576e-05 4.79559e-19
8.16099e-05 8.67638e-05 4.79596e-19
7.9276e-05 8.58147e-05 4.79636e-19
7.67265e-05 8.48121e-05 4.79677e-19
7.39713e-05 8.37581e-05 4.79721e-19
7.10234e-05 8.26551e-05 4.79767e-19
6.78959e-05 8.15058e-05 4.79814e-19
6.46057e-05 8.03135e-05 4.79864e-19
6.11708e-05 7.90817e-05 4.79915e-19
5.76153e-05 7.78152e-05 4.79967e-19
5.39648e-05 7.6519e-05 4.80021e-19
5.02474e-05 7.51988e-05 4.80075e-19
4.64903e-05 7.38599e-05 4.80131e-19
4.27196e-05 7.25075e-05 4.80187e-19
3.89594e-05 7.11463e-05 4.80243e-19
3.52341e-05 6.97811e-05 4.803e-19
3.15685e-05 6.84167e-05 4.80356e-19
2.79895e-05 6.70583e-05 4.80412e-19
2.45247e-05 6.57115e-05 4.80468e-19
2.12008e-05 6.43816e-05 4.80523e-19
1.80428e-05 6.30734e-05 4.80577e-19
1.50739e-05 6.17915e-05 4.8063e-19
1.23152e-05 6.05401e-05 4.80682e-19
9.78505e-06 5.93229e-05 4.80733e-19
7.50053e-06 5.81432e-05 4.80782e-19
5.47782e-06 5.70043e-05 4.80829e-19
3.73194e-06 5.59092e-05 4.80874e-19
2.27426e-06 5.48604e-05 4.80918e-19
1.11117e-06 5.38592e-05 4.80959e-19
2.40439e-07 5.29052e-05 4.80999e-19
-3.46245e-07 5.19968e-05 4.81036e-19
-6.62213e-07 5.11315e-05 4.81072e-19
-7.24192e-07 5.0306e-05 4.81107e-19
-5.54517e-07 4.9516e-05 4.81139e-19
-1.78858e-07 4.87565e-05 4.81171e-19
3.7276e-07 4.80218e-05 4.81202e-19
1.06748e-06 4.73053e-05 4.81231e-19
1.86702e-06 4.65999e-05 4.81261e-19
2.73043e-06 4.58974e-05 4.8129e-19
3.61411e-06 4.51893e-05 4.81319e-19
4.47441e-06 4.44674e-05 4.81349e-19
5.26908e-06 4.37236e-05 4.8138e-19
5.95887e-06 4.29504e-05 4.81413e-19
6.50309e-06 4.21403e-05 4.81446e-19
6.86184e-06 4.12857e-05 4.81482e-19
6.99431e-06 4.03789e-05 4.81519e-19
6.86093e-06 3.94127e-05 4.8156e-19
6.42336e-06 3.83797e-05 4.81602e-19
5.64312e-06 3.72728e-05 4.81648e-19
4.48221e-06 3.60853e-05 4.81698e-19
2.90602e-06 3.48105e-05 4.81751e-19
8.81269e-07 3.34426e-05 4.81807e-19
-1.62252e-06 3.19758e-05 4.81868e-19
-4.6347e-06 3.04049e-05 4.81933e-19
-8.13004e-06 2.87301e-05 4.82003e-19
-1.21576e-05 2.69435e-05 4.82077e-19
-1.67658e-05 2.50393e-05 4.82155e-19
-2.19643e-05 2.30161e-05 4.82239e-19
-2.77758e-05 2.08708e-05 4.82328e-19
-3.41981e-05 1.86032e-05 4.82422e-19
-4.14773e-05 1.61791e-05 4.82522e-19
-4.94948e-05 1.36153e-05 4.82629e-19
-5.80875e-05 1.09365e-05 4.82739e-19
-6.72901e-05 8.13869e-06 4.82855e-19
-7.70479e-05 5.23117e-06 4.82975e-19
-8.73599e-05 2.21564e-06 4.831e-19
-9.81714e-05 -8.98019e-07 4.83229e-19
-0.000109414 -4.09469e-06 4.83361e-19
-0.000121061 -7.37042e-06 4.83497e-19
-0.000133122 -1.07258e-05 4.83636e-19
-0.000145519 -1.41457e-05 4.83777e-19
-0.000158222 -1.76238e-05 4.83921e-19
-0.000171169 -2.11475e-05 4.84067e-19
-0.000184296 -2.47044e-05 4.84214e-19
-0.000197553 -2.82843e-05 4.84362e-19
-0.000210883 -3.18757e-05 4.84511e-19
-0.00022423 -3.54678e-05 4.84659e-19
-0.00023754 -3.90491e-05 4.84807e-19
-0.000250756 -4.26087e-05 4.84954e-19
-0.000263827 -4.61357e-05 4.851e-19
-0.0002767 -4.962e-05 4.85244e-19
-0.000289331 -5.30523e-05 4.85386e-19
-0.000301678 -5.64241e-05 4.85526e-19
-0.000313704 -5.97278e-05 4.85663e-19
-0.000325373 -6.29559e-05 4.85796e-19
-0.000336653 -6.6102e-05 4.85926e-19
-0.000347515 -6.91599e-05 4.86053e-19
-0.000357935 -7.21242e-05 4.86175e-19
-0.000367892 -7.49906e-05 4.86294e-19
-0.000377374 -7.77564e-05 4.86409e-19
-0.000386375 -8.04197e-05 4.86519e-19
-0.000394893 -8.298e-05 4.86625e-19
-0.000402927 -8.54368e-05 4.86726e-19
-0.000410483 -8.77904e-05 4.86824e-19
-0.000417563 -9.00412e-05 4.86917e-19
-0.000424177 -9.21904e-05 4.87006e-19
-0.000430336 -9.42397e-05 4.87091e-19
-0.000436054 -9.61918e-05 4.87172e-19
-0.00044135 -9.80495e-05 4.87249e-19
-0.000446242 -9.98166e-05 4.87322e-19
-0.000450752 -0.000101497 4.87391e-19
-0.000454905 -0.000103094 4.87457e-19
-0.000458725 -0.000104614 4.8752e-19
-0.000462238 -0.00010606 4.8758e-19
-0.000465468 -0.000107437 4.87637e-19
-0.000468443 -0.00010875 4.87692e-19
-0.000471193 -0.000110004 4.87744e-19
-0.000473744 -0.000111206 4.87794e-19
-0.000476126 -0.00011236 4.87841e-19
-0.000478366 -0.000113471 4.87887e-19
-0.00048049 -0.000114545 4.87932e-19
-0.000482523 -0.000115586 4.87975e-19
-0.00048449 -0.0001166 4.88017e-19
-0.000486414 -0.00011759 4.88058e-19
-0.000488316 -0.00011856 4.88098e-19
-0.000490214 -0.000119516 4.88138e-19
-0.000492127 -0.000120459 4.88177e-19
-0.000494068 -0.000121393 4.88216e-19
-0.000496049 -0.00012232 4.88254e-19
-0.000498081 -0.000123242 4.88292e-19
-0.00050017 -0.000124161 4.8833e-19
-0.000502319 -0.000125077 4.88368e-19
-0.000504528 -0.00012599 4.88406e-19
-0.000506796 -0.000126901 4.88444e-19
-0.000509116 -0.000127808 4.88482e-19
-0.000511482 -0.00012871 4.88519e-19
-0.000513884 -0.000129605 4.88556e-19
-0.000516311 -0.00013049 4.88593e-19
-0.000518748 -0.000131364 4.88629e-19
-0.000521182 -0.000132224 4.88664e-19
-0.000523598 -0.000133067 4.88699e-19
-0.000525978 -0.00013389 4.88733e-19
-0.000528307 -0.000134689 4.88766e-19
-0.00053057 -0.000135463 4.88798e-19
-0.000532753 -0.000136208 4.88829e-19
-0.000534841 -0.000136923 4.88859e-19
-0.000536822 -0.000137604 4.88887e-19
-0.000538683 -0.00013825 4.88914e-19
-0.000540388 -0.000138851 4.97095e-19
-0.00054194 -0.000139407 4.98491e-19
-0.000543353 -0.000139924 4.9723e-19
-0.000544611 -0.000140401 4.94777e-19
-0.00054571 -0.000140838 4.93408e-19
-0.00054658 -0.000141188 4.95013e-19
-0.000547266 -0.000141497 4.9584e-19
-0.000547799 -0.000141772 5.02541e-19
-0.000548187 -0.000142013 4.93343e-19
-0.000548434 -0.000142222 4.92929e-19
-0.000548548 -0.000142401 5.01331e-19
-0.000548534 -0.00014255 5.01251e-19
-0.0005484 -0.000142672 4.9397e-19
-0.000548158 -0.000142769 4.94165e-19
-0.000547816 -0.000142844 5.01648e-19
-0.000547384 -0.000142897 4.94541e-19
-0.000546869 -0.000142932 5.02595e-19
-0.00054628 -0.000142951 5.03e-19
-0.000545629 -0.000142954 4.98204e-19
-0.000544927 -0.000142946 4.97755e-19
-0.000544189 -0.000142928 4.9757e-19
-0.000543429 -0.000142904 4.99451e-19
-0.000542665 -0.000142877 4.99507e-19
-0.000541914 -0.000142851 4.99563e-19
-0.000541194 -0.000142829 5.037e-19
-0.000540525 -0.000142814 4.99453e-19
-0.000539925 -0.00014281 5.02744e-19
-0.000539415 -0.000142821 4.97685e-19
-0.000539012 -0.00014285 4.97418e-19
-0.000538735 -0.0001429 4.99455e-19
-0.000538604 -0.000142974 4.96373e-19
-0.000538621 -0.000143067 4.94553e-19
-0.000538816 -0.00014319 4.91908e-19
-0.000539208 -0.000143346 5.01231e-19
-0.000539819 -0.000143537 4.99667e-19
-0.000540667 -0.000143768 4.98522e-19
-0.000541773 -0.000144041 5.02286e-19
-0.000543153 -0.000144359 5.05288e-19
-0.000544823 -0.000144726 5.03482e-19
-0.000546801 -0.000145143 5.02447e-19
-0.000549095 -0.000145611 5.01682e-19
-0.000551712 -0.000146133 4.96877e-19
-0.000554655 -0.000146707 5.0246e-19
-0.00055792 -0.000147334 5.08707e-19
-0.000561502 -0.000148011 5.06778e-19
-0.000565393 -0.000148737 5.04393e-19
-0.00056958 -0.000149509 5.15335e-19
-0.000574042 -0.000150323 5.09229e-19
-0.000578752 -0.000151174 5.0992e-19
-0.000583682 -0.000152057 5.11181e-19
-0.000588802 -0.000152966 5.04717e-19
-0.000594077 -0.000153895 5.14038e-19
-0.000599335 -0.000154794 5.11347e-19
-0.000604547 -0.000155644 5.12341e-19
-0.000609888 -0.000156499 5.12517e-19
-0.000615245 -0.000157349 5.28846e-19
-0.000620576 -0.000158186 5.13476e-19
-0.000625802 -0.000158976 5.07601e-19
-0.000630847 -0.0001597 5.18299e-19
-0.000635723 -0.000160396 5.14408e-19
-0.000640428 -0.000161059 5.07546e-19
-0.000644929 -0.000161683 5.17381e-19
-0.000649194 -0.000162263 5.19545e-19
-0.000653192 -0.000162795 5.11675e-19
-0.000656897 -0.000163274 5.27256e-19
-0.00066028 -0.000163696 5.13007e-19
-0.000663317 -0.000164058 5.12323e-19
-0.000665985 -0.000164356 5.1971e-19
-0.000668262 -0.000164587 5.18541e-19
-0.000670128 -0.000164747 5.1528e-19
-0.000671542 -0.000164818 5.18818e-19
-0.000672446 -0.000164781 5.20714e-19
-0.000672794 -0.000164626 5.20708e-19
-0.000672588 -0.00016435 5.20697e-19
-0.000671824 -0.000163954 5.2068e-19
-0.000670502 -0.000163436 5.20659e-19
-0.000668631 -0.000162799 5.20633e-19
-0.000666223 -0.000162045 5.20602e-19
-0.000663292 -0.000161177 5.20566e-19
-0.000659862 -0.0001602 5.20526e-19
-0.000655956 -0.000159117 5.20481e-19
-0.000651602 -0.000157934 5.20432e-19
-0.000646828 -0.000156658 5.2038e-19
-0.000641664 -0.000155293 5.20323e-19
-0.000636137 -0.000153845 5.20264e-19
-0.000630279 -0.000152319 5.20201e-19
-0.000624116 -0.000150722 5.20135e-19
-0.00061768 -0.000149059 5.20066e-19
-0.000611 -0.000147336 5.19995e-19
-0.000604105 -0.000145558 5.19922e-19
-0.000597021 -0.000143732 5.19847e-19
-0.000589775 -0.00014186 5.1977e-19
-0.000582386 -0.000139949 5.19691e-19
-0.000574876 -0.000138002 5.19611e-19
-0.000567263 -0.000136022 5.19529e-19
-0.000559566 -0.000134014 5.19446e-19
-0.000551801 -0.000131981 5.19362e-19
-0.000543985 -0.000129926 5.19278e-19
-0.00053613 -0.000127852 5.19192e-19
-0.000528246 -0.000125761 5.19106e-19
-0.00052034 -0.000123654 5.19019e-19
-0.000512417 -0.000121533 5.18932e-19
-0.000504481 -0.000119399 5.18844e-19
-0.000496536 -0.000117252 5.18755e-19
-0.000488583 -0.000115093 5.18666e-19
-0.000480622 -0.000112923 5.18577e-19
-0.000472654 -0.000110741 5.18487e-19
-0.00046468 -0.000108547 5.18396e-19
-0.0004567 -0.000106343 5.18306e-19
-0.000448714 -0.000104129 5.18214e-19
-0.000440723 -0.000101903 5.18123e-19
-0.000432731 -9.96688e-05 5.1803e-19
-0.000424741 -9.74257e-05 5.17938e-19
-0.00041676 -9.51753e-05 5.17845e-19
-0.000408791 -9.29185e-05 5.17752e-19
-0.000400839 -9.06565e-05 5.17659e-19
-0.000392909 -8.83903e-05 5.17565e-19
-0.000385006 -8.6121e-05 5.17472e-19
-0.000377134 -8.38495e-05 5.17378e-19
-0.000369299 -8.15771e-05 5.17285e-19
-0.000361506 -7.93049e-05 5.17191e-19
-0.000353761 -7.70339e-05 5.17097e-19
-0.000346068 -7.47656e-05 5.17004e-19
-0.000338434 -7.25011e-05 5.1691e-19
-0.000330867 -7.02422e-05 5.16817e-19
-0.000323372 -6.79902e-05 5.16724e-19
-0.000315956 -6.57467e-05 5.16632e-19
-0.000308627 -6.35134e-05 5.1654e-19
-0.000301392 -6.12919e-05 5.16448e-19
-0.000294257 -5.9084e-05 5.16357e-19
-0.000287229 -5.68911e-05 5.16267e-19
-0.000280312 -5.47144e-05 5.16177e-19
-0.000273511 -5.2555e-05 5.16088e-19
-0.000266826 -5.04137e-05 5.16e-19
-0.000260262 -4.82916e-05 5.15912e-19
-0.000253822 -4.61898e-05 5.15826e-19
-0.000247512 -4.41097e-05 5.1574e-19
-0.000241335 -4.20527e-05 5.15655e-19
-0.000235296 -4.002e-05 5.15571e-19
-0.000229396 -3.80123e-05 5.15488e-19
-0.000223637 -3.60304e-05 5.15407e-19
-0.000218019 -3.40748e-05 5.15326e-19
-0.000212543 -3.21458e-05 5.15247e-19
-0.000207207 -3.02437e-05 5.15168e-19
-0.00020201 -2.83681e-05 5.15091e-19
-0.000196948 -2.6519e-05 5.15015e-19
-0.000192021 -2.46965e-05 5.14939e-19
-0.00018723 -2.29012e-05 5.14865e-19
-0.000182579 -2.11338e-05 5.14792e-19
-0.000178073 -1.93956e-05 5.14721e-19
-0.000173715 -1.76875e-05 5.1465e-19
-0.000169517 -1.6012e-05 5.14581e-19
-0.000165484 -1.43699e-05 5.14514e-19
-0.000161615 -1.27616e-05 5.14447e-19
-0.000157924 -1.11896e-05 5.14382e-19
-0.000154409 -9.65409e-06 5.14319e-19
-0.000151073 -8.1553e-06 5.14257e-19
-0.000147922 -6.69411e-06 5.14197e-19
-0.000144953 -5.27027e-06 5.14138e-19
-0.000142165 -3.88296e-06 5.14081e-19
-0.000139548 -2.53023e-06 5.14025e-19
-0.000137094 -1.21015e-06 5.13971e-19
-0.000134775 7.88167e-08 5.13918e-19
-0.000132594 1.33892e-06 5.13866e-19
-0.000130556 2.57184e-06 5.13815e-19
-0.000128646 3.77909e-06 5.13765e-19
-0.000126861 4.96263e-06 5.13716e-19
-0.000125134 6.12912e-06 5.13668e-19
-0.000123501 7.27573e-06 5.13621e-19
-0.000122166 8.37538e-06 5.13576e-19
-0.000120973 9.44939e-06 5.13531e-19
-0.000119833 1.05119e-05 5.13488e-19
-0.000118794 1.1556e-05 5.13444e-19
-0.000117807 1.25895e-05 5.13402e-19
-0.000116882 1.36114e-05 5.1336e-19
-0.000115986 1.46276e-05 5.13318e-19
-0.000115108 1.56406e-05 5.13276e-19
-0.000114218 1.66558e-05 5.13234e-19
-0.000113298 1.76769e-05 5.13192e-19
-0.000112323 1.87082e-05 5.13149e-19
-0.000111277 1.97532e-05 5.13106e-19
-0.000110137 2.08157e-05 5.13062e-19
-0.000108885 2.18992e-05 5.13018e-19
-0.0001075 2.30073e-05 5.12972e-19
-0.000105963 2.41436e-05 5.12925e-19
-0.000104255 2.53115e-05 5.12877e-19
-0.000102358 2.65141e-05 5.12827e-19
-0.000100255 2.77545e-05 5.12776e-19
-9.7931e-05 2.90355e-05 5.12723e-19
-9.53702e-05 3.03598e-05 5.12669e-19
-9.25606e-05 3.17295e-05 5.12612e-19
-8.94926e-05 3.31461e-05 5.12554e-19
-8.61593e-05 3.46109e-05 5.12493e-19
-8.2556e-05 3.61244e-05 5.12431e-19
-7.86799e-05 3.76869e-05 5.12367e-19
-7.45307e-05 3.92983e-05 5.123e-19
-7.01099e-05 4.0958e-05 5.12232e-19
-6.54214e-05 4.26652e-05 5.12161e-19
-6.04709e-05 4.44185e-05 5.12089e-19
-5.5266e-05 4.62163e-05 5.12015e-19
-4.98164e-05 4.80564e-05 5.11939e-19
-4.41331e-05 4.99366e-05 5.11861e-19
-3.82278e-05 5.18546e-05 5.11782e-19
-3.21108e-05 5.3808e-05 5.11702e-19
-2.5792e-05 5.57951e-05 5.1162e-19
-1.92837e-05 5.78134e-05 5.11537e-19
-1.25991e-05 5.98605e-05 5.11452e-19
-5.75111e-06 6.19333e-05 5.11367e-19
1.24328e-06 6.40285e-05 5.1128e-19
8.36495e-06 6.61421e-05 5.11193e-19
1.55959e-05 6.82703e-05 5.11106e-19
2.29184e-05 7.04096e-05 5.11017e-19
3.0316e-05 7.25564e-05 5.10929e-19
3.7772e-05 7.47074e-05 5.1084e-19
4.52695e-05 7.68589e-05 5.10752e-19
5.27896e-05 7.90069e-05 5.10663e-19
6.03129e-05 8.11474e-05 5.10575e-19
6.782e-05 8.32761e-05 5.10487e-19
7.52941e-05 8.53893e-05 5.104e-19
8.27221e-05 8.74843e-05 5.10313e-19
9.00948e-05 8.95588e-05 5.10228e-19
9.74035e-05 9.16109e-05 5.10143e-19
0.000104639 9.36384e-05 5.1006e-19
0.000111789 9.56385e-05 5.09977e-19
0.000118753 9.75553e-05 5.02822e-19
0.000125578 9.94353e-05 5.07168e-19
0.000132279 0.00010128 5.05419e-19
0.000138852 0.000103088 5.02185e-19
0.000145292 0.000104858 5.00546e-19
0.000151506 0.000106532 4.96592e-19
0.000157409 0.000108075 4.97887e-19
0.000163138 0.000109587 5.06982e-19
0.000168727 0.00011106 5.05036e-19
0.000174178 0.000112494 5.07822e-19
0.000179487 0.000113889 5.0967e-19
0.000184658 0.000115244 5.04305e-19
0.000189693 0.000116559 5.06421e-19
0.000194592 0.000117836 5.12476e-19
0.000199356 0.000119073 5.13667e-19
0.000203983 0.00012027 5.14605e-19
0.000208465 0.000121426 5.15988e-19
0.000212723 0.000122525 5.06857e-19
0.000216671 0.000123551 5.10262e-19
0.00022039 0.000124519 5.0884e-19
0.000223954 0.000125446 5.12889e-19
0.000227342 0.000126325 5.14876e-19
0.000230543 0.000127156 5.12867e-19
0.00023355 0.000127937 5.15095e-19
0.000236353 0.000128666 5.16568e-19
0.000238945 0.000129343 5.17248e-19
0.000241318 0.000129965 5.15918e-19
0.000243467 0.000130533 5.22863e-19
0.000245388 0.000131045 5.1787e-19
0.000247077 0.0001315 5.20147e-19
0.000248531 0.000131899 5.21467e-19
0.000249751 0.000132241 5.24413e-19
0.000250737 0.000132526 5.19617e-19
0.000251491 0.000132755 5.18291e-19
0.000252017 0.000132929 5.19285e-19
0.000252318 0.000133047 5.1789e-19
0.000252401 0.000133112 5.13806e-19
0.000252269 0.000133123 5.13833e-19
0.000251922 0.000133079 5.12812e-19
0.000251351 0.000132975 5.12815e-19
0.000250561 0.000132814 5.1282e-19
0.000249562 0.000132596 5.12826e-19
0.000248362 0.000132324 5.12834e-19
0.000246968 0.000131999 5.12844e-19
0.000245385 0.000131622 5.12855e-19
0.000243616 0.000131193 5.12867e-19
0.000241666 0.000130713 5.12881e-19
0.000239542 0.000130185 5.12897e-19
0.000237251 0.000129609 5.12913e-19
0.0002348 0.000128987 5.12932e-19
0.000232195 0.00012832 5.12951e-19
0.000229438 0.00012761 5.12972e-19
0.00022653 0.000126856 5.12994e-19
0.00022347 0.000126059 5.13017e-19
0.00022026 0.000125218 5.13041e-19
0.000216902 0.000124336 5.13067e-19
0.000213401 0.000123413 5.13094e-19
0.000209761 0.00012245 5.13122e-19
0.000205988 0.00012145 5.13151e-19
0.000202083 0.000120412 5.13181e-19
0.000198051 0.000119338 5.13212e-19
0.000193893 0.000118229 5.13245e-19
0.000189616 0.000117086 5.13278e-19
0.000185225 0.000115912 5.13312e-19
0.000180731 0.000114707 5.13347e-19
0.000176144 0.000113476 5.13383e-19
0.000171473 0.000112219 5.1342e-19
0.000166729 0.00011094 5.13457e-19
0.00016192 0.00010964 5.13495e-19
0.000157056 0.000108322 5.13534e-19
0.000152148 0.000106988 5.13573e-19
0.00014721 0.000105641 5.13612e-19
0.000142256 0.000104283 5.13652e-19
0.000137301 0.000102919 5.13692e-19
0.000132362 0.000101551 5.13732e-19
0.000127457 0.000100184 5.13772e-19
0.000122607 9.88213e-05 5.13812e-19
0.000117829 9.74669e-05 5.13851e-19
0.000113146 9.61249e-05 5.1389e-19
0.000108577 9.47998e-05 5.13929e-19
0.000104145 9.34961e-05 5.13967e-19
9.98711e-05 9.22181e-05 5.14004e-19
9.57752e-05 9.09699e-05 5.1404e-19
9.18766e-05 8.97556e-05 5.14076e-19
8.81919e-05 8.85785e-05 5.1411e-19
8.47373e-05 8.74421e-05 5.14142e-19
8.1526e-05 8.63493e-05 5.14174e-19
7.85717e-05 8.53029e-05 5.14204e-19
7.58849e-05 8.43055e-05 5.14232e-19
7.34756e-05 8.33592e-05 5.14259e-19
7.13502e-05 8.24658e-05 5.14285e-19
6.95164e-05 8.16271e-05 5.14308e-19
6.79785e-05 8.08444e-05 5.1433e-19
6.67402e-05 8.01191e-05 5.14351e-19
6.58017e-05 7.94516e-05 5.14369e-19
6.51623e-05 7.88423e-05 5.14386e-19
6.48178e-05 7.8291e-05 5.14401e-19
6.47635e-05 7.77973e-05 5.14414e-19
6.49894e-05 7.73599e-05 5.14425e-19
6.54802e-05 7.69763e-05 5.14435e-19
6.62149e-05 7.66427e-05 5.14443e-19
6.71718e-05 7.63553e-05 5.1445e-19
6.83253e-05 7.61095e-05 5.14456e-19
6.96437e-05 7.58994e-05 5.1446e-19
7.1091e-05 7.5718e-05 5.14464e-19
7.26314e-05 7.55584e-05 5.14467e-19
7.42273e-05 7.54135e-05 5.1447e-19
7.58374e-05 7.52749e-05 5.14473e-19
7.74189e-05 7.51342e-05 5.14475e-19
7.893e-05 7.49828e-05 5.14478e-19
8.03315e-05 7.48129e-05 5.14482e-19
8.15852e-05 7.46165e-05 5.14487e-19
8.26557e-05 7.43863e-05 5.14492e-19
8.35101e-05 7.41153e-05 5.14499e-19
8.41206e-05 7.37974e-05 5.14507e-19
8.44633e-05 7.34274e-05 5.14517e-19
8.45199e-05 7.3001e-05 5.14529e-19
8.42748e-05 7.25146e-05 5.14543e-19
8.37156e-05 7.19648e-05 5.14558e-19
8.28287e-05 7.13483e-05 5.14576e-19
8.16027e-05 7.06618e-05 5.14595e-19
8.00276e-05 6.99024e-05 5.14617e-19
7.80989e-05 6.90684e-05 5.14641e-19
7.58159e-05 6.81586e-05 5.14668e-19
7.31836e-05 6.71732e-05 5.14697e-19
7.02079e-05 6.61125e-05 5.14728e-19
6.68975e-05 6.49774e-05 5.14761e-19
6.32608e-05 6.37686e-05 5.14796e-19
5.93082e-05 6.24875e-05 5.14834e-19
5.50495e-05 6.11353e-05 5.14874e-19
5.04977e-05 5.97138e-05 5.14915e-19
4.56688e-05 5.82257e-05 5.14959e-19
4.05821e-05 5.66742e-05 5.15004e-19
3.52561e-05 5.50628e-05 5.15052e-19
2.97097e-05 5.33947e-05 5.15101e-19
2.39617e-05 5.16736e-05 5.15151e-19
1.80323e-05 4.99034e-05 5.15203e-19
1.19393e-05 4.80875e-05 5.15256e-19
5.70038e-06 4.62296e-05 5.1531e-19
-6.6683e-07 4.43333e-05 5.15366e-19
-7.14455e-06 4.24025e-05 5.15422e-19
-1.37173e-05 4.04404e-05 5.15479e-19
-2.03706e-05 3.84505e-05 5.15537e-19
-2.70902e-05 3.6436e-05 5.15595e-19
-3.38624e-05 3.44002e-05 5.15655e-19
-4.06755e-05 3.2346e-05 5.15714e-19
-4.75186e-05 3.02763e-05 5.15774e-19
-5.43806e-05 2.81939e-05 5.15834e-19
-6.12508e-05 2.61018e-05 5.15895e-19
-6.81191e-05 2.40026e-05 5.15956e-19
-7.49772e-05 2.1899e-05 5.16016e-19
-8.18156e-05 1.97935e-05 5.16077e-19
-8.86251e-05 1.76888e-05 5.16138e-19
-9.53968e-05 1.55875e-05 5.16198e-19
-0.000102124 1.34919e-05 5.16258e-19
-0.000108799 1.14041e-05 5.16318e-19
-0.000115418 9.32567e-06 5.16378e-19
-0.000121976 7.25838e-06 5.16437e-19
-0.000128584 5.18739e-06 5.16497e-19
-0.000135306 3.10435e-06 5.16557e-19
-0.000141974 1.03369e-06 5.16617e-19
-0.000148513 -1.01487e-06 5.16675e-19
-0.000154983 -3.04816e-06 5.16734e-19
-0.000161389 -5.06533e-06 5.16792e-19
-0.000167732 -7.06729e-06 5.16849e-19
-0.00017402 -9.05461e-06 5.16907e-19
-0.000180256 -1.10278e-05 5.16963e-19
-0.000186406 -1.29787e-05 5.17019e-19
-0.000192482 -1.4911e-05 5.17075e-19
-0.000198532 -1.68329e-05 5.1713e-19
-0.000204538 -1.87407e-05 5.17185e-19
-0.000210511 -2.06363e-05 5.17239e-19
-0.000216457 -2.25203e-05 5.17293e-19
-0.000222375 -2.43924e-05 5.17347e-19
-0.000228259 -2.6251e-05 5.17401e-19
-0.000234113 -2.80968e-05 5.17454e-19
-0.000239934 -2.99292e-05 5.17507e-19
-0.000245724 -3.1748e-05 5.17559e-19
-0.000251486 -3.35532e-05 5.17611e-19
-0.000257217 -3.53444e-05 5.17663e-19
-0.000262917 -3.71218e-05 5.17715e-19
-0.000268584 -3.88846e-05 5.17766e-19
-0.000274222 -4.06324e-05 5.17816e-19
-0.000279827 -4.23647e-05 5.17867e-19
-0.000285399 -4.40812e-05 5.17916e-19
-0.000290935 -4.5781e-05 5.17966e-19
-0.000296431 -4.74632e-05 5.18015e-19
-0.000301881 -4.91264e-05 5.18063e-19
-0.000307277 -5.07689e-05 5.18111e-19
-0.000312611 -5.23888e-05 5.18159e-19
-0.000317871 -5.39837e-05 5.18205e-19
-0.000323044 -5.5551e-05 5.18251e-19
-0.000328116 -5.70877e-05 5.18296e-19
-0.000333066 -5.85905e-05 5.1834e-19
-0.000337879 -6.0056e-05 5.18383e-19
-0.000342538 -6.14801e-05 5.18425e-19
-0.000347017 -6.28582e-05 5.18466e-19
-0.000351294 -6.41857e-05 5.18505e-19
-0.000355344 -6.54576e-05 5.18542e-19
-0.000359142 -6.66693e-05 5.18578e-19
-0.000362662 -6.78158e-05 5.18611e-19
-0.000365881 -6.88924e-05 5.18643e-19
-0.000368774 -6.98945e-05 5.18672e-19
-0.00037132 -7.08179e-05 5.18699e-19
-0.000373496 -7.16585e-05 5.18724e-19
-0.000375285 -7.24127e-05 5.18746e-19
-0.000376669 -7.30775e-05 5.18765e-19
-0.000377635 -7.36505e-05 5.18781e-19
-0.000378174 -7.41298e-05 5.18795e-19
-0.000378278 -7.45143e-05 5.18806e-19
-0.000377945 -7.48036e-05 5.18814e-19
-0.000377175 -7.49979e-05 5.18819e-19
-0.000375974 -7.50985e-05 5.18821e-19
-0.000374349 -7.51069e-05 5.1882e-19
-0.000372314 -7.50259e-05 5.18817e-19
-0.000369886 -7.48591e-05 5.18811e-19
-0.000367087 -7.46109e-05 5.18802e-19
-0.000363943 -7.42863e-05 5.18791e-19
-0.000360484 -7.38913e-05 5.18778e-19
-0.000356742 -7.34323e-05 5.18764e-19
-0.000352754 -7.29166e-05 5.18747e-19
-0.000348559 -7.23519e-05 5.18729e-19
-0.000344198 -7.17461e-05 5.1871e-19
-0.000339708 -7.11066e-05 5.18689e-19
-0.000335131 -7.04412e-05 5.18668e-19
-0.000330504 -6.97575e-05 5.18646e-19
-0.000325869 -6.90633e-05 5.18624e-19
-0.000321265 -6.83663e-05 5.18602e-19
-0.000316733 -6.76743e-05 5.18581e-19
-0.000312312 -6.69949e-05 5.18559e-19
-0.000308039 -6.63355e-05 5.18538e-19
-0.000303952 -6.5703e-05 5.18518e-19
-0.000300083 -6.51041e-05 5.185e-19
-0.000296466 -6.45449e-05 5.18482e-19
-0.000293129 -6.40314e-05 5.18466e-19
-0.000290102 -6.35689e-05 5.18451e-19
-0.00028741 -6.31627e-05 5.18439e-19
-0.000285075 -6.28172e-05 5.18428e-19
-0.000283116 -6.25361e-05 5.18419e-19
-0.000281545 -6.23216e-05 5.18412e-19
-0.000280368 -6.21751e-05 5.18407e-19
-0.000279587 -6.20969e-05 5.18405e-19
-0.0002792 -6.20867e-05 5.18404e-19
-0.000279199 -6.21429e-05 5.18406e-19
-0.000279571 -6.2263e-05 5.1841e-19
-0.0002803 -6.24439e-05 5.18415e-19
-0.000281369 -6.26821e-05 5.18422e-19
-0.000282757 -6.29737e-05 5.18431e-19
-0.000284442 -6.33146e-05 5.18442e-19
-0.000286403 -6.37003e-05 5.18454e-19
-0.000288613 -6.41258e-05 5.18467e-19
-0.000291048 -6.45864e-05 5.18481e-19
-0.000293679 -6.50766e-05 5.18496e-19
-0.000296481 -6.55913e-05 5.18512e-19
-0.000299427 -6.61251e-05 5.18529e-19
-0.000302491 -6.66734e-05 5.18546e-19
-0.000305651 -6.72319e-05 5.18563e-19
-0.000308887 -6.77964e-05 5.18581e-19
-0.000312174 -6.83625e-05 5.18598e-19
-0.000315493 -6.89262e-05 5.18616e-19
-0.000318822 -6.94832e-05 5.18633e-19
-0.000322141 -7.00297e-05 5.1865e-19
-0.000325429 -7.05617e-05 5.18667e-19
-0.000328667 -7.10753e-05 5.18683e-19
-0.000331835 -7.15667e-05 5.18698e-19
-0.000334916 -7.20323e-05 5.18713e-19
-0.000337891 -7.24686e-05 5.18727e-19
-0.000340746 -7.28726e-05 5.18739e-19
-0.000343467 -7.32415e-05 5.18751e-19
-0.00034604 -7.35728e-05 5.18761e-19
-0.000348455 -7.38641e-05 5.18771e-19
-0.000350702 -7.41139e-05 5.18779e-19
-0.000352776 -7.43208e-05 5.18786e-19
-0.000354669 -7.44836e-05 5.18791e-19
-0.00035638 -7.46019e-05 5.18795e-19
-0.000357906 -7.46752e-05 5.18798e-19
-0.000359247 -7.47036e-05 5.18799e-19
-0.000360405 -7.46876e-05 5.18799e-19
-0.000361382 -7.46276e-05 5.18798e-19
-0.00036218 -7.4524e-05 5.18795e-19
-0.000362802 -7.43774e-05 5.18792e-19
-0.000363249 -7.41884e-05 5.18786e-19
-0.000363527 -7.39578e-05 5.1878e-19
-0.000363639 -7.36867e-05 5.18772e-19
-0.000363593 -7.33763e-05 5.18764e-19
-0.000363394 -7.30279e-05 5.18754e-19
-0.000363051 -7.26432e-05 5.18743e-19
-0.000362572 -7.2224e-05 5.18731e-19
-0.000361967 -7.17726e-05 5.18718e-19
-0.000361249 -7.12911e-05 5.18704e-19
-0.000360426 -7.07817e-05 5.18689e-19
-0.000359506 -7.02458e-05 5.18674e-19
-0.000358494 -6.96845e-05 5.18658e-19
-0.000357396 -6.90989e-05 5.18641e-19
-0.000356216 -6.84897e-05 5.18624e-19
-0.000354954 -6.78571e-05 5.18606e-19
-0.00035361 -6.7201e-05 5.18587e-19
-0.000352184 -6.6521e-05 5.18567e-19
-0.000350673 -6.58168e-05 5.18547e-19
-0.000349077 -6.50883e-05 5.18526e-19
-0.000347394 -6.43351e-05 5.18505e-19
-0.000345625 -6.35571e-05 5.18483e-19
-0.000343767 -6.27538e-05 5.1846e-19
-0.000341819 -6.19252e-05 5.18436e-19
-0.000339781 -6.10711e-05 5.18412e-19
-0.000337651 -6.01912e-05 5.18386e-19
-0.000335428 -5.92851e-05 5.18361e-19
-0.000333104 -5.83521e-05 5.18334e-19
-0.000330679 -5.73913e-05 5.18307e-19
-0.000328146 -5.64018e-05 5.18278e-19
-0.000325499 -5.53825e-05 5.18249e-19
-0.000322735 -5.43326e-05 5.18219e-19
-0.000319849 -5.32514e-05 5.18189e-19
-0.000316835 -5.21381e-05 5.18157e-19
-0.000313687 -5.09917e-05 5.18124e-19
-0.0003104 -4.98115e-05 5.1809e-19
-0.000306967 -4.85962e-05 5.18056e-19
-0.000303381 -4.73448e-05 5.1802e-19
-0.000299635 -4.60564e-05 5.17983e-19
-0.000295723 -4.473e-05 5.17945e-19
-0.000291638 -4.33648e-05 5.17906e-19
-0.000287375 -4.19601e-05 5.17866e-19
-0.000282927 -4.0515e-05 5.17824e-19
-0.000278284 -3.90281e-05 5.17781e-19
-0.000273436 -3.74979e-05 5.17737e-19
-0.000268378 -3.59231e-05 5.17692e-19
-0.0002631 -3.43028e-05 5.17645e-19
-0.000257603 -3.26372e-05 5.17597e-19
-0.000251888 -3.09274e-05 5.17547e-19
-0.000245959 -2.91746e-05 5.17497e-19
-0.000239828 -2.73819e-05 5.17445e-19
-0.000233504 -2.55509e-05 5.17391e-19
-0.000226992 -2.36833e-05 5.17337e-19
-0.000220309 -2.1783e-05 5.17282e-19
-0.000213467 -1.9853e-05 5.17225e-19
-0.000206484 -1.78971e-05 5.17168e-19
-0.000199377 -1.59189e-05 5.1711e-19
-0.000192162 -1.39221e-05 5.17052e-19
-0.000184859 -1.19109e-05 5.16993e-19
-0.000177486 -9.88935e-06 5.16934e-19
-0.000170065 -7.86165e-06 5.16874e-19
-0.000162614 -5.83207e-06 5.16815e-19
-0.000155158 -3.80525e-06 5.16755e-19
-0.000147719 -1.78598e-06 5.16696e-19
-0.000140322 2.20669e-07 5.16637e-19
-0.000132992 2.20958e-06 5.16579e-19
-0.000125756 4.17543e-06 5.16521e-19
-0.000118616 6.11493e-06 5.16464e-19
-0.0001118 7.9949e-06 5.16409e-19
-0.00010522 9.82648e-06 5.16355e-19
-9.8796e-05 1.16192e-05 5.16302e-19
-9.26302e-05 1.3357e-05 5.16252e-19
-8.6696e-05 1.50422e-05 5.16202e-19
-8.10506e-05 1.66652e-05 5.16155e-19
-7.56917e-05 1.8225e-05 5.16109e-19
-7.06548e-05 1.97153e-05 5.16066e-19
-6.59459e-05 2.11342e-05 5.16025e-19
-6.15879e-05 2.24774e-05 5.15986e-19
-5.75876e-05 2.37429e-05 5.15949e-19
-5.39577e-05 2.49284e-05 5.15915e-19
-5.0701e-05 2.60327e-05 5.15883e-19
-4.78228e-05 2.7055e-05 5.15854e-19
-4.5323e-05 2.79948e-05 5.15827e-19
-4.32021e-05 2.88518e-05 5.15803e-19
-4.14568e-05 2.96264e-05 5.15781e-19
-4.00832e-05 3.03192e-05 5.15761e-19
-3.90731e-05 3.09314e-05 5.15744e-19
-3.84151e-05 3.14651e-05 5.1573e-19
-3.80935e-05 3.19231e-05 5.15717e-19
-3.80916e-05 3.23085e-05 5.15707e-19
-3.83906e-05 3.26249e-05 5.15699e-19
-3.89709e-05 3.28759e-05 5.15693e-19
-3.98116e-05 3.30654e-05 5.15688e-19
-4.08912e-05 3.31976e-05 5.15685e-19
-4.21878e-05 3.32765e-05 5.15684e-19
-4.36798e-05 3.33065e-05 5.15685e-19
-4.53449e-05 3.32916e-05 5.15686e-19
-4.71618e-05 3.32361e-05 5.15689e-19
-4.91092e-05 3.31442e-05 5.15693e-19
-5.11674e-05 3.30196e-05 5.15698e-19
-5.33179e-05 3.2866e-05 5.15703e-19
-5.55429e-05 3.26868e-05 5.15709e-19
-5.78249e-05 3.24857e-05 5.15716e-19
-6.01454e-05 3.22663e-05 5.15724e-19
-6.24863e-05 3.20323e-05 5.15731e-19
-6.48297e-05 3.17874e-05 5.1574e-19
-6.716e-05 3.15349e-05 5.15748e-19
-6.94625e-05 3.12778e-05 5.15756e-19
-7.17253e-05 3.10187e-05 5.15764e-19
-7.39367e-05 3.07601e-05 5.15773e-19
-7.60875e-05 3.05041e-05 5.15781e-19
-7.817e-05 3.02523e-05 5.15789e-19
-8.01787e-05 3.00061e-05 5.15796e-19
-8.21087e-05 2.97666e-05 5.15804e-19
-8.39578e-05 2.95344e-05 5.15811e-19
-8.57254e-05 2.93099e-05 5.15818e-19
-8.74138e-05 2.90926e-05 5.15825e-19
-8.90255e-05 2.88823e-05 5.15831e-19
-9.05634e-05 2.86785e-05 5.15837e-19
-9.20286e-05 2.8481e-05 5.15843e-19
-9.3422e-05 2.82899e-05 5.15849e-19
-9.4744e-05 2.81052e-05 5.15855e-19
-9.59954e-05 2.79269e-05 5.1586e-19
-9.71757e-05 2.77551e-05 5.15865e-19
-9.82843e-05 2.75901e-05 5.1587e-19
-9.93203e-05 2.74321e-05 5.15875e-19
-0.000100283 2.72815e-05 5.15879e-19
-0.000101168 2.7139e-05 5.15883e-19
-0.000101974 2.70052e-05 5.15887e-19
-0.000102696 2.68812e-05 5.15891e-19
-0.000103331 2.67675e-05 5.15894e-19
-0.000103876 2.66649e-05 5.15897e-19
-0.000104328 2.6574e-05 5.159e-19
-0.000104686 2.64954e-05 5.15902e-19
-0.000104947 2.64297e-05 5.15904e-19
-0.000105107 2.63774e-05 5.15905e-19
-0.000105165 2.63394e-05 5.15906e-19
-0.000105118 2.63163e-05 5.15906e-19
-0.000104963 2.63086e-05 5.15906e-19
-0.000104701 2.63165e-05 5.15906e-19
-0.000104333 2.63401e-05 5.15905e-19
-0.00010386 2.63792e-05 5.15903e-19
-0.000103283 2.64335e-05 5.15902e-19
-0.000102607 2.65027e-05 5.15899e-19
-0.000101835 2.65861e-05 5.15897e-19
-0.000100972 2.66831e-05 5.15893e-19
-0.00010002 2.67929e-05 5.1589e-19
-9.89866e-05 2.69149e-05 5.15886e-19
-9.78741e-05 2.70483e-05 5.15882e-19
-9.66877e-05 2.71925e-05 5.15877e-19
-9.54312e-05 2.73467e-05 5.15872e-19
-9.41083e-05 2.75104e-05 5.15867e-19
-9.2722e-05 2.76831e-05 5.15862e-19
-9.12754e-05 2.78643e-05 5.15856e-19
-8.97705e-05 2.80537e-05 5.1585e-19
-8.82105e-05 2.82507e-05 5.15844e-19
-8.65977e-05 2.84548e-05 5.15838e-19
-8.49347e-05 2.86655e-05 5.15831e-19
-8.32235e-05 2.88824e-05 5.15824e-19
-8.14677e-05 2.91047e-05 5.15818e-19
-7.96705e-05 2.93317e-05 5.15811e-19
-7.78357e-05 2.95625e-05 5.15803e-19
-7.59654e-05 2.97964e-05 5.15796e-19
-7.40605e-05 3.00332e-05 5.15789e-19
-7.21204e-05 3.02729e-05 5.15781e-19
-7.01447e-05 3.05153e-05 5.15774e-19
-6.81329e-05 3.07604e-05 5.15766e-19
-6.60866e-05 3.10077e-05 5.15759e-19
-6.40079e-05 3.12566e-05 5.15751e-19
-6.18999e-05 3.15062e-05 5.15743e-19
-5.97663e-05 3.17556e-05 5.15735e-19
-5.76122e-05 3.20035e-05 5.15727e-19
-5.5444e-05 3.22486e-05 5.1572e-19
-5.32689e-05 3.24891e-05 5.15712e-19
-5.10951e-05 3.27232e-05 5.15704e-19
-4.89322e-05 3.29489e-05 5.15697e-19
-4.67908e-05 3.3164e-05 5.1569e-19
-4.46824e-05 3.33659e-05 5.15683e-19
-4.26189e-05 3.35524e-05 5.15677e-19
-4.06111e-05 3.37211e-05 5.15671e-19
-3.86697e-05 3.38699e-05 5.15666e-19
-3.6806e-05 3.39966e-05 5.15661e-19
-3.50323e-05 3.40989e-05 5.15658e-19
-3.33604e-05 3.41745e-05 5.15654e-19
-3.18029e-05 3.42211e-05 5.15652e-19
-3.03722e-05 3.42362e-05 5.15651e-19
-2.90817e-05 3.42174e-05 5.1565e-19
-2.79448e-05 3.41623e-05 5.15651e-19
-2.69755e-05 3.40683e-05 5.15653e-19
-2.61875e-05 3.39328e-05 5.15656e-19
-2.5595e-05 3.37533e-05 5.1566e-19
-2.52137e-05 3.35269e-05 5.15666e-19
-2.506e-05 3.32505e-05 5.15673e-19
-2.51491e-05 3.29212e-05 5.15682e-19
-2.54953e-05 3.25365e-05 5.15692e-19
-2.61108e-05 3.20942e-05 5.15704e-19
-2.70049e-05 3.15926e-05 5.15718e-19
-2.81855e-05 3.10305e-05 5.15734e-19
-2.96581e-05 3.04068e-05 5.15752e-19
-3.14249e-05 2.97216e-05 5.15771e-19
-3.34848e-05 2.89751e-05 5.15793e-19
-3.58353e-05 2.81681e-05 5.15816e-19
-3.84709e-05 2.7302e-05 5.15841e-19
-4.13832e-05 2.63786e-05 5.15867e-19
-4.45612e-05 2.54003e-05 5.15896e-19
-4.79921e-05 2.437e-05 5.15926e-19
-5.1662e-05 2.32905e-05 5.15957e-19
-5.55578e-05 2.21647e-05 5.1599e-19
-5.96657e-05 2.09954e-05 5.16024e-19
-6.39714e-05 1.97857e-05 5.16059e-19
-6.84594e-05 1.85387e-05 5.16095e-19
-7.31146e-05 1.72577e-05 5.16133e-19
-7.79212e-05 1.59459e-05 5.16171e-19
-8.28631e-05 1.46066e-05 5.1621e-19
-8.79233e-05 1.32433e-05 5.1625e-19
-9.30834e-05 1.186e-05 5.16291e-19
-9.83088e-05 1.0462e-05 5.16332e-19
-0.000103669 9.04149e-06 5.16373e-19
-0.00010916 7.60036e-06 5.16416e-19
-0.000114674 6.15514e-06 5.16458e-19
-0.000120194 4.70997e-06 5.16501e-19
-0.0001257 3.26854e-06 5.16543e-19
-0.000131175 1.83475e-06 5.16585e-19
-0.000136605 4.11924e-07 5.16627e-19
-0.000141973 -9.96781e-07 5.16668e-19
-0.000147267 -2.38842e-06 5.16709e-19
-0.000152475 -3.76019e-06 5.16749e-19
-0.000157584 -5.10944e-06 5.16789e-19
-0.000162583 -6.43369e-06 5.16828e-19
-0.000167464 -7.7306e-06 5.16866e-19
-0.000172215 -8.99794e-06 5.16903e-19
-0.000176827 -1.02334e-05 5.16939e-19
-0.000181292 -1.14349e-05 5.16974e-19
-0.000185599 -1.26003e-05 5.17008e-19
-0.000189742 -1.37276e-05 5.17041e-19
-0.000193711 -1.48148e-05 5.17072e-19
-0.000197492 -1.58584e-05 5.17103e-19
-0.000201069 -1.68552e-05 5.17132e-19
-0.000204446 -1.78057e-05 5.17159e-19
-0.000207619 -1.87087e-05 5.17186e-19
-0.000210575 -1.95611e-05 5.1721e-19
-0.000213305 -2.03611e-05 5.17234e-19
-0.0002158 -2.11063e-05 5.17255e-19
-0.000218053 -2.17949e-05 5.17275e-19
-0.000220055 -2.24253e-05 5.17293e-19
-0.000221803 -2.2996e-05 5.17309e-19
-0.00022329 -2.35058e-05 5.17324e-19
-0.000224512 -2.39536e-05 5.17337e-19
-0.000225471 -2.4339e-05 5.17348e-19
-0.000226162 -2.46614e-05 5.17357e-19
-0.000226585 -2.49203e-05 5.17364e-19
-0.000226745 -2.51167e-05 5.17369e-19
-0.00022665 -2.52517e-05 5.17372e-19
-0.000226308 -2.53271e-05 5.17374e-19
-0.000225727 -2.53443e-05 5.17374e-19
-0.000224915 -2.53049e-05 5.17372e-19
-0.000223881 -2.52102e-05 5.17369e-19
-0.000222632 -2.50618e-05 5.17364e-19
-0.000221177 -2.48612e-05 5.17358e-19
-0.000219526 -2.46107e-05 5.1735e-19
-0.000217692 -2.43124e-05 5.17341e-19
-0.000215687 -2.39688e-05 5.1733e-19
-0.00021352 -2.35827e-05 5.17319e-19
-0.000211209 -2.3157e-05 5.17306e-19
-0.00020877 -2.26949e-05 5.17292e-19
-0.000206218 -2.21995e-05 5.17277e-19
-0.000203568 -2.16738e-05 5.17261e-19
-0.000200832 -2.11207e-05 5.17245e-19
-0.000198023 -2.05425e-05 5.17227e-19
-0.000195152 -1.99421e-05 5.17209e-19
-0.000192231 -1.93216e-05 5.17191e-19
-0.000189267 -1.86835e-05 5.17172e-19
-0.000186276 -1.80308e-05 5.17153e-19
-0.00018327 -1.73661e-05 5.17133e-19
-0.000180259 -1.6692e-05 5.17113e-19
-0.000177255 -1.60108e-05 5.17093e-19
-0.000174266 -1.53247e-05 5.17073e-19
-0.0001713 -1.46358e-05 5.17053e-19
-0.000168366 -1.39462e-05 5.17033e-19
-0.000165472 -1.3258e-05 5.17013e-19
-0.000162628 -1.25736e-05 5.16993e-19
-0.000159843 -1.18953e-05 5.16973e-19
-0.000157124 -1.12249e-05 5.16954e-19
-0.000154474 -1.05638e-05 5.16935e-19
-0.000151895 -9.91245e-06 5.16916e-19
-0.000149388 -9.27166e-06 5.16897e-19
-0.000146953 -8.64174e-06 5.16879e-19
-0.000144589 -8.02287e-06 5.16861e-19
-0.000142293 -7.41516e-06 5.16843e-19
-0.000140066 -6.81872e-06 5.16826e-19
-0.000137906 -6.2336e-06 5.16809e-19
-0.00013581 -5.65988e-06 5.16793e-19
-0.000133779 -5.09757e-06 5.16777e-19
-0.000131811 -4.54681e-06 5.16761e-19
-0.000129907 -4.00804e-06 5.16745e-19
-0.000128071 -3.48233e-06 5.1673e-19
-0.000126309 -2.97119e-06 5.16715e-19
-0.000124629 -2.47629e-06 5.16701e-19
-0.000123037 -1.9992e-06 5.16687e-19
-0.000121538 -1.54106e-06 5.16674e-19
-0.000120137 -1.10278e-06 5.16661e-19
-0.000118836 -6.85267e-07 5.16649e-19
-0.000117643 -2.89694e-07 5.16638e-19
-0.000116564 8.23072e-08 5.16627e-19
-0.000115609 4.28795e-07 5.16617e-19
-0.000114787 7.47759e-07 5.16608e-19
-0.000114109 1.03708e-06 5.16599e-19
-0.000113587 1.29441e-06 5.16592e-19
-0.000113231 1.51729e-06 5.16586e-19
-0.000113053 1.7033e-06 5.1658e-19
-0.000113064 1.85045e-06 5.16576e-19
-0.000113269 1.95754e-06 5.16573e-19
-0.000113671 2.02402e-06 5.16572e-19
-0.000114272 2.04954e-06 5.16571e-19
-0.000115071 2.03407e-06 5.16572e-19
-0.000116067 1.97799e-06 5.16574e-19
-0.000117256 1.88206e-06 5.16577e-19
-0.000118634 1.74722e-06 5.16581e-19
-0.000120194 1.57468e-06 5.16587e-19
-0.000121929 1.36604e-06 5.16593e-19
-0.000123829 1.1232e-06 5.16601e-19
-0.000125885 8.48211e-07 5.16609e-19
-0.000128086 5.43067e-07 5.16619e-19
-0.000130419 2.09574e-07 5.16629e-19
-0.000132877 -1.51326e-07 5.1664e-19
-0.000135456 -5.37774e-07 5.16652e-19
-0.00013815 -9.47898e-07 5.16665e-19
-0.000140945 -1.37951e-06 5.16678e-19
-0.000143829 -1.82982e-06 5.16692e-19
-0.00014679 -2.29617e-06 5.16706e-19
-0.000149814 -2.77586e-06 5.16721e-19
-0.000152891 -3.26692e-06 5.16736e-19
-0.000156013 -3.76751e-06 5.16751e-19
-0.000159171 -4.27602e-06 5.16767e-19
-0.000162357 -4.79044e-06 5.16782e-19
-0.000165558 -5.30851e-06 5.16798e-19
-0.000168762 -5.82755e-06 5.16814e-19
-0.000171957 -6.34494e-06 5.1683e-19
-0.000175131 -6.85812e-06 5.16846e-19
-0.000178257 -7.3634e-06 5.16861e-19
-0.000181336 -7.85983e-06 5.16876e-19
-0.000184367 -8.34604e-06 5.16891e-19
-0.000187332 -8.81929e-06 5.16906e-19
-0.000190223 -9.27744e-06 5.1692e-19
-0.000193024 -9.71734e-06 5.16934e-19
-0.000195723 -1.01364e-05 5.16947e-19
-0.000198304 -1.05318e-05 5.16959e-19
-0.000200758 -1.09012e-05 5.1697e-19
-0.000203072 -1.12424e-05 5.16981e-19
-0.000205237 -1.15536e-05 5.16991e-19
-0.000207241 -1.18324e-05 5.17e-19
-0.000209072 -1.20762e-05 5.17007e-19
-0.000210714 -1.22819e-05 5.17014e-19
-0.000212151 -1.24468e-05 5.17019e-19
-0.000213372 -1.2568e-05 5.17024e-19
-0.000214364 -1.26434e-05 5.17026e-19
-0.000215117 -1.26711e-05 5.17027e-19
-0.000215623 -1.26494e-05 5.17027e-19
-0.000215875 -1.25769e-05 5.17025e-19
-0.000215864 -1.24523e-05 5.17022e-19
-0.000215587 -1.22746e-05 5.17017e-19
-0.000215038 -1.2043e-05 5.17011e-19
-0.000214215 -1.17569e-05 5.17002e-19
-0.000213117 -1.14165e-05 5.16993e-19
-0.000211745 -1.10219e-05 5.16981e-19
-0.000210102 -1.05737e-05 5.16968e-19
-0.000208192 -1.00731e-05 5.16953e-19
-0.000206026 -9.52211e-06 5.16937e-19
-0.000203616 -8.92324e-06 5.16919e-19
-0.000200976 -8.27949e-06 5.169e-19
-0.000198119 -7.5938e-06 5.1688e-19
-0.00019506 -6.86887e-06 5.16858e-19
-0.00019181 -6.10723e-06 5.16836e-19
-0.000188383 -5.31153e-06 5.16812e-19
-0.000184792 -4.48475e-06 5.16788e-19
-0.000181056 -3.63041e-06 5.16762e-19
-0.000177193 -2.75239e-06 5.16736e-19
-0.000173222 -1.85472e-06 5.16709e-19
-0.000169163 -9.41172e-07 5.16682e-19
-0.00016503 -1.49656e-08 5.16655e-19
-0.000160837 9.2113e-07 5.16627e-19
-0.00015667 1.85418e-06 5.16599e-19
-0.000152494 2.78819e-06 5.16571e-19
-0.000148286 3.7253e-06 5.16543e-19
-0.000144092 4.65776e-06 5.16516e-19
-0.000139913 5.58439e-06 5.16488e-19
-0.000135776 6.49998e-06 5.16461e-19
-0.000131687 7.40282e-06 5.16434e-19
-0.000127664 8.28973e-06 5.16408e-19
-0.000123712 9.159e-06 5.16382e-19
-0.000119846 1.0008e-05 5.16357e-19
-0.000116075 1.08343e-05 5.16332e-19
-0.000112413 1.1635e-05 5.16309e-19
-0.000108872 1.24076e-05 5.16286e-19
-0.000105464 1.31495e-05 5.16264e-19
-0.000102195 1.38593e-05 5.16243e-19
-9.90702e-05 1.45357e-05 5.16223e-19
-9.60934e-05 1.51779e-05 5.16204e-19
-9.32681e-05 1.57849e-05 5.16186e-19
-9.05969e-05 1.63562e-05 5.16169e-19
-8.8082e-05 1.68911e-05 5.16153e-19
-8.5725e-05 1.73892e-05 5.16138e-19
-8.35262e-05 1.78503e-05 5.16125e-19
-8.14841e-05 1.82745e-05 5.16112e-19
-7.95961e-05 1.86625e-05 5.16101e-19
-7.78584e-05 1.90149e-05 5.1609e-19
-7.62692e-05 1.9332e-05 5.16081e-19
-7.48299e-05 1.96134e-05 5.16073e-19
-7.35442e-05 1.98585e-05 5.16065e-19
-7.24162e-05 2.00662e-05 5.16059e-19
-7.145e-05 2.02357e-05 5.16054e-19
-7.06494e-05 2.03662e-05 5.1605e-19
-7.00183e-05 2.04568e-05 5.16047e-19
-6.95604e-05 2.05069e-05 5.16046e-19
-6.9279e-05 2.05158e-05 5.16045e-19
-6.9177e-05 2.04828e-05 5.16046e-19
-6.92569e-05 2.04075e-05 5.16048e-19
-6.95207e-05 2.02895e-05 5.16052e-19
-6.99698e-05 2.01286e-05 5.16056e-19
-7.0604e-05 1.99248e-05 5.16062e-19
-7.14223e-05 1.96785e-05 5.16069e-19
-7.24228e-05 1.93901e-05 5.16078e-19
-7.36031e-05 1.90601e-05 5.16087e-19
-7.49591e-05 1.86894e-05 5.16098e-19
-7.6486e-05 1.82792e-05 5.1611e-19
-7.81783e-05 1.78306e-05 5.16123e-19
-8.00308e-05 1.73448e-05 5.16137e-19
-8.20399e-05 1.68226e-05 5.16152e-19
-8.42025e-05 1.62647e-05 5.16169e-19
-8.65155e-05 1.56719e-05 5.16186e-19
-8.8975e-05 1.50449e-05 5.16204e-19
-9.15748e-05 1.43853e-05 5.16224e-19
-9.43074e-05 1.36946e-05 5.16244e-19
-9.71652e-05 1.29745e-05 5.16265e-19
-0.000100142 1.22265e-05 5.16287e-19
-0.000103235 1.1451e-05 5.16309e-19
-0.000106446 1.06481e-05 5.16333e-19
-0.000109774 9.8177e-06 5.16357e-19
-0.00011322 8.95991e-06 5.16382e-19
-0.000116783 8.07518e-06 5.16408e-19
-0.000120458 7.16426e-06 5.16435e-19
-0.000124242 6.22795e-06 5.16462e-19
-0.000128228 5.25358e-06 5.16491e-19
-0.000132343 4.25132e-06 5.1652e-19
-0.000136542 3.22815e-06 5.16551e-19
-0.000140857 2.17966e-06 5.16581e-19
-0.000145258 1.11034e-06 5.16613e-19
-0.000149755 1.955e-08 5.16645e-19
-0.000154323 -1.08841e-06 5.16678e-19
-0.000158958 -2.21216e-06 5.16711e-19
-0.000163642 -3.34819e-06 5.16744e-19
-0.00016837 -4.49505e-06 5.16778e-19
-0.000173128 -5.65038e-06 5.16812e-19
-0.000177911 -6.81266e-06 5.16847e-19
-0.000182707 -7.97954e-06 5.16881e-19
-0.000187504 -9.14879e-06 5.16916e-19
-0.00019229 -1.03176e-05 5.1695e-19
-0.000197052 -1.14833e-05 5.16985e-19
-0.000201769 -1.26425e-05 5.17019e-19
-0.000206436 -1.37937e-05 5.17053e-19
-0.000211046 -1.4935e-05 5.17087e-19
-0.000215588 -1.60645e-05 5.1712e-19
-0.000220053 -1.71802e-05 5.17153e-19
-0.00022443 -1.82799e-05 5.17185e-19
-0.00022871 -1.93618e-05 5.17217e-19
-0.000232881 -2.04237e-05 5.17249e-19
-0.000236934 -2.14636e-05 5.17279e-19
-0.000240856 -2.24789e-05 5.17309e-19
-0.000244628 -2.34657e-05 5.17338e-19
-0.000248246 -2.44235e-05 5.17367e-19
-0.000251711 -2.53524e-05 5.17394e-19
-0.00025501 -2.62498e-05 5.1742e-19
-0.000258137 -2.71144e-05 5.17446e-19
-0.000261083 -2.79446e-05 5.1747e-19
-0.000263841 -2.87389e-05 5.17493e-19
-0.000266405 -2.94959e-05 5.17515e-19
-0.000268765 -3.0214e-05 5.17536e-19
-0.000270917 -3.08919e-05 5.17556e-19
-0.000272854 -3.15286e-05 5.17574e-19
-0.00027458 -3.21244e-05 5.17592e-19
-0.000276092 -3.26792e-05 5.17608e-19
-0.000277393 -3.31933e-05 5.17622e-19
-0.000278486 -3.36674e-05 5.17636e-19
-0.000279372 -3.41018e-05 5.17648e-19
-0.000280054 -3.44966e-05 5.17659e-19
-0.000280532 -3.48523e-05 5.17669e-19
-0.000280812 -3.51695e-05 5.17678e-19
-0.000280898 -3.54491e-05 5.17686e-19
-0.000280796 -3.56923e-05 5.17692e-19
-0.000280514 -3.59006e-05 5.17698e-19
-0.000280061 -3.60755e-05 5.17702e-19
-0.000279446 -3.62191e-05 5.17705e-19
-0.000278681 -3.63333e-05 5.17708e-19
-0.000277778 -3.64206e-05 5.1771e-19
-0.000276749 -3.64834e-05 5.17711e-19
-0.00027561 -3.65246e-05 5.17711e-19
-0.000274375 -3.65474e-05 5.17711e-19
-0.000273062 -3.65549e-05 5.17711e-19
-0.000271683 -3.65507e-05 5.1771e-19
-0.000270253 -3.65375e-05 5.17708e-19
-0.000268791 -3.65179e-05 5.17707e-19
-0.000267308 -3.64946e-05 5.17705e-19
-0.000265818 -3.64704e-05 5.17704e-19
-0.000264336 -3.64483e-05 5.17702e-19
-0.000262875 -3.64312e-05 5.17701e-19
-0.000261452 -3.64222e-05 5.177e-19
-0.000260082 -3.6424e-05 5.17699e-19
-0.000258778 -3.64397e-05 5.17699e-19
-0.000257555 -3.64719e-05 5.17699e-19
-0.000256425 -3.65234e-05 5.177e-19
-0.000255401 -3.65967e-05 5.17701e-19
-0.000254493 -3.66942e-05 5.17704e-19
-0.000253713 -3.68179e-05 5.17706e-19
-0.000253068 -3.69698e-05 5.1771e-19
-0.000252567 -3.71514e-05 5.17715e-19
-0.000252214 -3.7364e-05 5.17721e-19
-0.000252013 -3.76082e-05 5.17727e-19
-0.000251965 -3.78846e-05 5.17735e-19
-0.000252074 -3.81935e-05 5.17744e-19
-0.000252341 -3.85358e-05 5.17753e-19
-0.000252772 -3.89124e-05 5.17764e-19
-0.000253368 -3.93241e-05 5.17775e-19
-0.000254133 -3.97714e-05 5.17788e-19
-0.000255067 -4.02546e-05 5.17802e-19
-0.000256169 -4.07736e-05 5.17817e-19
-0.000257439 -4.13282e-05 5.17833e-19
-0.000258872 -4.1918e-05 5.1785e-19
-0.000260464 -4.25415e-05 5.17868e-19
-0.000262205 -4.3197e-05 5.17887e-19
-0.000264084 -4.38824e-05 5.17907e-19
-0.000266092 -4.45955e-05 5.17927e-19
-0.000268215 -4.53336e-05 5.17949e-19
-0.000270439 -4.60935e-05 5.17971e-19
-0.00027275 -4.68722e-05 5.17993e-19
-0.000275133 -4.76667e-05 5.18016e-19
-0.000277576 -4.84742e-05 5.18039e-19
-0.000280067 -4.92919e-05 5.18063e-19
-0.000282594 -5.01175e-05 5.18087e-19
-0.000285147 -5.09483e-05 5.18111e-19
-0.000287713 -5.17814e-05 5.18135e-19
-0.000290278 -5.26137e-05 5.18159e-19
-0.00029283 -5.34422e-05 5.18183e-19
-0.000295357 -5.42641e-05 5.18206e-19
-0.000297848 -5.50769e-05 5.1823e-19
-0.000300295 -5.58782e-05 5.18253e-19
-0.000302689 -5.66659e-05 5.18275e-19
-0.000305022 -5.74378e-05 5.18297e-19
-0.000307289 -5.81922e-05 5.18319e-19
-0.000309482 -5.89271e-05 5.1834e-19
-0.000311596 -5.9641e-05 5.1836e-19
-0.000313627 -6.03324e-05 5.1838e-19
-0.000315574 -6.10005e-05 5.18399e-19
-0.000317435 -6.16446e-05 5.18417e-19
-0.000319213 -6.22644e-05 5.18435e-19
-0.000320907 -6.28595e-05 5.18451e-19
-0.000322522 -6.34303e-05 5.18467e-19
-0.000324063 -6.39773e-05 5.18483e-19
-0.000325535 -6.45013e-05 5.18498e-19
-0.000326944 -6.50028e-05 5.18512e-19
-0.000328296 -6.54827e-05 5.18525e-19
-0.000329598 -6.5942e-05 5.18538e-19
-0.000330855 -6.63814e-05 5.1855e-19
-0.000332072 -6.68019e-05 5.18562e-19
-0.000333258 -6.72046e-05 5.18574e-19
-0.000334419 -6.75907e-05 5.18585e-19
-0.00033556 -6.79612e-05 5.18595e-19
-0.000336688 -6.83171e-05 5.18605e-19
-0.000337804 -6.86587e-05 5.18615e-19
-0.00033891 -6.89862e-05 5.18624e-19
-0.000340007 -6.92995e-05 5.18633e-19
-0.000341092 -6.95984e-05 5.18642e-19
-0.000342164 -6.98826e-05 5.1865e-19
-0.000343223 -7.01519e-05 5.18658e-19
-0.000344265 -7.04058e-05 5.18666e-19
-0.000345287 -7.06436e-05 5.18673e-19
-0.000346285 -7.08648e-05 5.18679e-19
-0.000347255 -7.10685e-05 5.18685e-19
-0.000348192 -7.1254e-05 5.18691e-19
-0.000349091 -7.14204e-05 5.18696e-19
-0.000349947 -7.15671e-05 5.18701e-19
-0.000350757 -7.16935e-05 5.18705e-19
-0.000351518 -7.17993e-05 5.18708e-19
-0.000352225 -7.18838e-05 5.18711e-19
-0.000352872 -7.1946e-05 5.18714e-19
-0.000353454 -7.19852e-05 5.18715e-19
-0.000353965 -7.20002e-05 5.18716e-19
-0.000354396 -7.19899e-05 5.18717e-19
-0.000354742 -7.19531e-05 5.18716e-19
-0.000354995 -7.18886e-05 5.18715e-19
-0.000355147 -7.17952e-05 5.18713e-19
-0.00035519 -7.16715e-05 5.18709e-19
-0.000355115 -7.15158e-05 5.18705e-19
-0.000354913 -7.13266e-05 5.18701e-19
-0.000354573 -7.11021e-05 5.18694e-19
-0.000354088 -7.08408e-05 5.18687e-19
-0.00035345 -7.05413e-05 5.18679e-19
-0.000352651 -7.02024e-05 5.1867e-19
-0.000351685 -6.98232e-05 5.18659e-19
-0.000350547 -6.94028e-05 5.18647e-19
-0.000349235 -6.89409e-05 5.18634e-19
-0.000347746 -6.84374e-05 5.1862e-19
-0.000346081 -6.78923e-05 5.18604e-19
-0.000344239 -6.73061e-05 5.18587e-19
-0.000342222 -6.66791e-05 5.18569e-19
-0.000340032 -6.60118e-05 5.1855e-19
-0.000337671 -6.53051e-05 5.1853e-19
-0.000335145 -6.456e-05 5.18508e-19
-0.000332458 -6.37779e-05 5.18485e-19
-0.000329619 -6.29604e-05 5.18461e-19
-0.000326635 -6.21094e-05 5.18436e-19
-0.000323517 -6.12269e-05 5.18411e-19
-0.000320272 -6.03148e-05 5.18384e-19
-0.000316911 -5.9375e-05 5.18356e-19
-0.000313442 -5.84097e-05 5.18328e-19
-0.000309878 -5.74211e-05 5.18299e-19
-0.00030623 -5.6412e-05 5.18269e-19
-0.000302514 -5.53853e-05 5.18239e-19
-0.000298743 -5.43441e-05 5.18209e-19
-0.000294934 -5.32914e-05 5.18178e-19
-0.000291099 -5.22301e-05 5.18146e-19
-0.000287252 -5.11627e-05 5.18115e-19
-0.000283405 -5.00918e-05 5.18083e-19
-0.000279572 -4.90201e-05 5.18052e-19
-0.000275765 -4.79502e-05 5.1802e-19
-0.000271999 -4.6885e-05 5.17989e-19
-0.000268287 -4.58272e-05 5.17958e-19
-0.000264642 -4.47792e-05 5.17927e-19
-0.000261074 -4.3743e-05 5.17897e-19
-0.000257592 -4.27205e-05 5.17867e-19
-0.000254203 -4.17131e-05 5.17837e-19
-0.000250916 -4.07223e-05 5.17808e-19
-0.000247738 -3.97494e-05 5.1778e-19
-0.000244674 -3.87956e-05 5.17752e-19
-0.00024173 -3.7862e-05 5.17725e-19
-0.000238911 -3.69495e-05 5.17698e-19
-0.00023622 -3.60586e-05 5.17673e-19
-0.00023366 -3.51899e-05 5.17647e-19
-0.000231231 -3.43434e-05 5.17623e-19
-0.000228933 -3.35191e-05 5.17599e-19
-0.000226765 -3.27168e-05 5.17576e-19
-0.000224725 -3.19359e-05 5.17554e-19
-0.000222808 -3.11757e-05 5.17532e-19
-0.000221009 -3.0435e-05 5.17511e-19
-0.000219322 -2.97125e-05 5.1749e-19
-0.000217735 -2.90061e-05 5.1747e-19
-0.000216239 -2.8314e-05 5.17451e-19
-0.000214824 -2.7634e-05 5.17432e-19
-0.000213479 -2.69641e-05 5.17413e-19
-0.000212194 -2.63025e-05 5.17394e-19
-0.000210959 -2.56472e-05 5.17376e-19
-0.000209763 -2.49962e-05 5.17358e-19
-0.000208598 -2.43479e-05 5.17339e-19
-0.000207454 -2.37008e-05 5.17321e-19
-0.000206322 -2.30532e-05 5.17303e-19
-0.000205197 -2.24043e-05 5.17285e-19
-0.000204069 -2.17521e-05 5.17267e-19
-0.000202925 -2.10945e-05 5.17248e-19
-0.000201758 -2.04301e-05 5.1723e-19
-0.000200557 -1.97572e-05 5.17211e-19
-0.000199314 -1.90743e-05 5.17192e-19
-0.000198021 -1.83799e-05 5.17172e-19
-0.000196671 -1.7673e-05 5.17153e-19
-0.000195252 -1.6952e-05 5.17132e-19
-0.000193758 -1.62153e-05 5.17111e-19
-0.000192179 -1.54624e-05 5.1709e-19
-0.00019051 -1.46916e-05 5.17068e-19
-0.000188749 -1.39021e-05 5.17046e-19
-0.000186888 -1.30931e-05 5.17023e-19
-0.000184924 -1.22635e-05 5.16999e-19
-0.000182852 -1.14129e-05 5.16975e-19
-0.000180669 -1.05407e-05 5.1695e-19
-0.000178374 -9.64671e-06 5.16924e-19
-0.000175964 -8.73061e-06 5.16898e-19
-0.00017344 -7.79258e-06 5.16871e-19
-0.000170804 -6.83297e-06 5.16843e-19
-0.00016806 -5.85268e-06 5.16815e-19
-0.000165213 -4.8529e-06 5.16786e-19
-0.000162246 -3.83265e-06 5.16756e-19
-0.000159185 -2.79563e-06 5.16726e-19
-0.000156055 -1.74516e-06 5.16696e-19
-0.000152858 -6.82943e-07 5.16665e-19
-0.000149616 3.87609e-07 5.16634e-19
-0.000146335 1.46437e-06 5.16603e-19
-0.000143033 2.54439e-06 5.16571e-19
-0.000139718 3.62563e-06 5.1654e-19
-0.000136523 4.68874e-06 5.16509e-19
-0.000133374 5.74324e-06 5.16478e-19
-0.000130218 6.79646e-06 5.16448e-19
-0.000127107 7.84053e-06 5.16418e-19
-0.000124017 8.87839e-06 5.16388e-19
-0.000120975 9.90593e-06 5.16358e-19
-0.000117974 1.09236e-05 5.16329e-19
-0.000115031 1.19286e-05 5.163e-19
-0.000112145 1.29206e-05 5.16271e-19
-0.000109326 1.38976e-05 5.16243e-19
-0.000106577 1.48587e-05 5.16215e-19
-0.000103905 1.58026e-05 5.16188e-19
-0.000101313 1.67284e-05 5.16161e-19
-9.88047e-05 1.76351e-05 5.16135e-19
-9.63822e-05 1.85221e-05 5.1611e-19
-9.40467e-05 1.9389e-05 5.16085e-19
-9.17979e-05 2.02355e-05 5.16061e-19
-8.96349e-05 2.10616e-05 5.16038e-19
-8.75545e-05 2.18677e-05 5.16015e-19
-8.55525e-05 2.26543e-05 5.15992e-19
-8.36238e-05 2.34223e-05 5.15971e-19
-8.17626e-05 2.41725e-05 5.1595e-19
-7.99623e-05 2.4906e-05 5.15929e-19
-7.82155e-05 2.5624e-05 5.15909e-19
-7.65147e-05 2.63279e-05 5.15889e-19
-7.4852e-05 2.70188e-05 5.15869e-19
-7.3219e-05 2.76984e-05 5.1585e-19
-7.16072e-05 2.8368e-05 5.15831e-19
-7.00081e-05 2.90292e-05 5.15813e-19
-6.84134e-05 2.96834e-05 5.15794e-19
-6.68138e-05 3.03324e-05 5.15776e-19
-6.52001e-05 3.09779e-05 5.15757e-19
-6.35635e-05 3.16215e-05 5.15739e-19
-6.18968e-05 3.22645e-05 5.15721e-19
-6.01954e-05 3.29079e-05 5.15703e-19
-5.84565e-05 3.35519e-05 5.15684e-19
-5.66785e-05 3.41969e-05 5.15666e-19
-5.48614e-05 3.48428e-05 5.15648e-19
-5.3007e-05 3.54891e-05 5.15629e-19
-5.11191e-05 3.6135e-05 5.15611e-19
-4.92023e-05 3.67795e-05 5.15592e-19
-4.72615e-05 3.74215e-05 5.15574e-19
-4.53011e-05 3.80601e-05 5.15555e-19
-4.33256e-05 3.86945e-05 5.15537e-19
-4.13397e-05 3.93235e-05 5.15519e-19
-3.9348e-05 3.99463e-05 5.155e-19
-3.73538e-05 4.05623e-05 5.15483e-19
-3.53596e-05 4.11708e-05 5.15465e-19
-3.33683e-05 4.17715e-05 5.15447e-19
-3.13833e-05 4.23636e-05 5.1543e-19
-2.94087e-05 4.29462e-05 5.15413e-19
-2.74494e-05 4.35185e-05 5.15396e-19
-2.55103e-05 4.40794e-05 5.1538e-19
-2.35963e-05 4.46279e-05 5.15364e-19
-2.17113e-05 4.51634e-05 5.15348e-19
-1.98584e-05 4.56851e-05 5.15333e-19
-1.80408e-05 4.61925e-05 5.15318e-19
-1.62626e-05 4.66849e-05 5.15303e-19
-1.45296e-05 4.7161e-05 5.15289e-19
-1.28488e-05 4.76194e-05 5.15276e-19
-1.12276e-05 4.80587e-05 5.15263e-19
-9.67257e-06 4.84775e-05 5.15251e-19
-8.18938e-06 4.88748e-05 5.15239e-19
-6.78256e-06 4.92496e-05 5.15228e-19
-5.45657e-06 4.96012e-05 5.15217e-19
-4.2156e-06 4.99288e-05 5.15208e-19
-3.06418e-06 5.02314e-05 5.15199e-19
-2.00657e-06 5.05084e-05 5.1519e-19
-1.04695e-06 5.07589e-05 5.15183e-19
-1.88663e-07 5.09824e-05 5.15176e-19
5.65782e-07 5.11784e-05 5.1517e-19
1.21486e-06 5.13468e-05 5.15165e-19
1.75744e-06 5.14874e-05 5.15161e-19
2.19295e-06 5.16002e-05 5.15158e-19
2.52082e-06 5.16852e-05 5.15155e-19
2.74097e-06 5.17426e-05 5.15153e-19
2.85376e-06 5.17724e-05 5.15153e-19
2.85963e-06 5.1775e-05 5.15152e-19
2.75838e-06 5.17502e-05 5.15153e-19
2.54962e-06 5.16982e-05 5.15155e-19
2.23356e-06 5.16191e-05 5.15157e-19
1.81152e-06 5.15131e-05 5.1516e-19
1.28653e-06 5.1381e-05 5.15164e-19
6.62921e-07 5.12237e-05 5.15169e-19
-5.40021e-08 5.10423e-05 5.15174e-19
-8.59263e-07 5.08379e-05 5.1518e-19
-1.74889e-06 5.06113e-05 5.15187e-19
-2.71962e-06 5.03631e-05 5.15194e-19
-3.76766e-06 5.00941e-05 5.15202e-19
-4.88858e-06 4.98051e-05 5.15211e-19
-6.07622e-06 4.94973e-05 5.1522e-19
-7.32374e-06 4.91721e-05 5.1523e-19
-8.62353e-06 4.8831e-05 5.1524e-19
-9.96812e-06 4.84753e-05 5.1525e-19
-1.13498e-05 4.81066e-05 5.15261e-19
-1.27615e-05 4.77263e-05 5.15273e-19
-1.41955e-05 4.73357e-05 5.15284e-19
-1.56443e-05 4.69363e-05 5.15296e-19
-1.70996e-05 4.65297e-05 5.15308e-19
-1.8553e-05 4.61176e-05 5.1532e-19
-1.99961e-05 4.57015e-05 5.15332e-19
-2.14224e-05 4.52827e-05 5.15344e-19
-2.28282e-05 4.48619e-05 5.15357e-19
-2.42128e-05 4.44391e-05 5.15369e-19
-2.55756e-05 4.40142e-05 5.15381e-19
-2.69174e-05 4.35872e-05 5.15394e-19
-2.82389e-05 4.31578e-05 5.15406e-19
-2.95418e-05 4.27255e-05 5.15419e-19
-3.08283e-05 4.229e-05 5.15431e-19
-3.21005e-05 4.18506e-05 5.15444e-19
-3.33601e-05 4.14072e-05 5.15457e-19
-3.46083e-05 4.09595e-05 5.15469e-19
-3.58466e-05 4.05072e-05 5.15482e-19
-3.70766e-05 4.00501e-05 5.15495e-19
-3.82978e-05 3.95884e-05 5.15508e-19
-3.95089e-05 3.91225e-05 5.15522e-19
-4.07091e-05 3.86527e-05 5.15535e-19
-4.18988e-05 3.81791e-05 5.15548e-19
-4.30816e-05 3.77011e-05 5.15562e-19
-4.4263e-05 3.72177e-05 5.15576e-19
-4.54492e-05 3.67279e-05 5.15589e-19
-4.66476e-05 3.62302e-05 5.15604e-19
-4.78682e-05 3.57229e-05 5.15618e-19
-4.91221e-05 3.52037e-05 5.15632e-19
-5.04213e-05 3.46704e-05 5.15648e-19
-5.17764e-05 3.41209e-05 5.15663e-19
-5.31973e-05 3.35533e-05 5.15679e-19
-5.46922e-05 3.29662e-05 5.15696e-19
-5.62692e-05 3.2358e-05 5.15713e-19
-5.79346e-05 3.17274e-05 5.15731e-19
-5.96943e-05 3.10735e-05 5.1575e-19
-6.1552e-05 3.03955e-05 5.15769e-19
-6.35112e-05 2.96928e-05 5.15789e-19
-6.55737e-05 2.89651e-05 5.1581e-19
-6.77404e-05 2.82122e-05 5.15832e-19
-7.00105e-05 2.74344e-05 5.15854e-19
-7.23829e-05 2.66319e-05 5.15877e-19
-7.4855e-05 2.58052e-05 5.15901e-19
-7.74243e-05 2.49548e-05 5.15926e-19
-8.00867e-05 2.40816e-05 5.15951e-19
-8.28384e-05 2.31862e-05 5.15977e-19
-8.56738e-05 2.22697e-05 5.16003e-19
-8.85858e-05 2.13336e-05 5.16031e-19
-9.15661e-05 2.03796e-05 5.16058e-19
-9.46061e-05 1.94093e-05 5.16086e-19
-9.76969e-05 1.84245e-05 5.16115e-19
-0.00010083 1.7427e-05 5.16144e-19
-0.000103997 1.64184e-05 5.16173e-19
-0.00010719 1.54002e-05 5.16203e-19
-0.000110402 1.43742e-05 5.16232e-19
-0.000113622 1.33421e-05 5.16262e-19
-0.000116844 1.23057e-05 5.16292e-19
-0.000120058 1.12666e-05 5.16323e-19
-0.000123258 1.02266e-05 5.16353e-19
-0.000126434 9.1872e-06 5.16383e-19
-0.000129581 8.15019e-06 5.16413e-19
-0.00013269 7.11707e-06 5.16443e-19
-0.000135755 6.0893e-06 5.16472e-19
-0.000138769 5.06838e-06 5.16502e-19
-0.000141728 4.05571e-06 5.16531e-19
-0.000144656 3.04809e-06 5.1656e-19
-0.000147621 2.03641e-06 5.16589e-19
-0.000150539 1.03296e-06 5.16618e-19
-0.000153376 4.24284e-08 5.16646e-19
-0.000156163 -9.39134e-07 5.16675e-19
-0.000158882 -1.90954e-06 5.16703e-19
-0.000161552 -2.87133e-06 5.1673e-19
-0.000164169 -3.82404e-06 5.16758e-19
-0.000166744 -4.76955e-06 5.16785e-19
-0.000169252 -5.70557e-06 5.16811e-19
-0.000171724 -6.6359e-06 5.16838e-19
-0.000174176 -7.56237e-06 5.16865e-19
-0.000176607 -8.48549e-06 5.16891e-19
-0.000179028 -9.40702e-06 5.16917e-19
-0.000181443 -1.03276e-05 5.16944e-19
-0.000183859 -1.12489e-05 5.1697e-19
-0.000186281 -1.21715e-05 5.16996e-19
-0.000188716 -1.30967e-05 5.17023e-19
-0.000191167 -1.40253e-05 5.1705e-19
-0.000193639 -1.49581e-05 5.17076e-19
-0.000196136 -1.58957e-05 5.17103e-19
-0.000198659 -1.68387e-05 5.1713e-19
-0.00020121 -1.77872e-05 5.17157e-19
-0.000203776 -1.87384e-05 5.17185e-19
-0.000206354 -1.96919e-05 5.17212e-19
-0.000208952 -2.06504e-05 5.1724e-19
-0.00021157 -2.16129e-05 5.17267e-19
-0.000214208 -2.2579e-05 5.17295e-19
-0.000216862 -2.35482e-05 5.17323e-19
-0.000219535 -2.45208e-05 5.17351e-19
-0.000222223 -2.54965e-05 5.17379e-19
-0.000224926 -2.64748e-05 5.17407e-19
-0.000227648 -2.74566e-05 5.17435e-19
-0.000230386 -2.84416e-05 5.17463e-19
-0.000233145 -2.94303e-05 5.17492e-19
-0.000235927 -3.04229e-05 5.17521e-19
-0.000238733 -3.14199e-05 5.17549e-19
-0.000241565 -3.24212e-05 5.17578e-19
-0.000244422 -3.3427e-05 5.17607e-19
-0.000247306 -3.44371e-05 5.17636e-19
-0.000250217 -3.54516e-05 5.17665e-19
-0.000253154 -3.64701e-05 5.17695e-19
-0.000256116 -3.74921e-05 5.17724e-19
-0.000259099 -3.85169e-05 5.17754e-19
-0.000262099 -3.95435e-05 5.17784e-19
-0.000265115 -4.05712e-05 5.17813e-19
-0.000268141 -4.1599e-05 5.17843e-19
-0.000271175 -4.2626e-05 5.17873e-19
-0.000274211 -4.36513e-05 5.17902e-19
-0.000277247 -4.46737e-05 5.17932e-19
-0.000280276 -4.5692e-05 5.17961e-19
-0.000283291 -4.67048e-05 5.17991e-19
-0.000286286 -4.77106e-05 5.1802e-19
-0.000289255 -4.87078e-05 5.18049e-19
-0.00029219 -4.9695e-05 5.18077e-19
-0.000295085 -5.06707e-05 5.18105e-19
-0.000297932 -5.16332e-05 5.18133e-19
-0.000300726 -5.25813e-05 5.18161e-19
-0.000303461 -5.3514e-05 5.18188e-19
-0.000306134 -5.44304e-05 5.18214e-19
-0.000308742 -5.53297e-05 5.1824e-19
-0.000311282 -5.62115e-05 5.18265e-19
-0.000313752 -5.70754e-05 5.1829e-19
-0.000316152 -5.79212e-05 5.18315e-19
-0.000318482 -5.87488e-05 5.18338e-19
-0.000320742 -5.95581e-05 5.18362e-19
-0.000322928 -6.03486e-05 5.18384e-19
-0.00032504 -6.112e-05 5.18407e-19
-0.000327075 -6.18715e-05 5.18428e-19
-0.000329032 -6.26029e-05 5.18449e-19
-0.00033091 -6.33138e-05 5.18469e-19
-0.000332707 -6.4004e-05 5.18489e-19
-0.000334423 -6.46731e-05 5.18508e-19
-0.00033606 -6.53213e-05 5.18527e-19
-0.000337617 -6.59487e-05 5.18544e-19
-0.000339099 -6.65557e-05 5.18562e-19
-0.000340508 -6.71426e-05 5.18578e-19
-0.000341848 -6.77101e-05 5.18594e-19
-0.000343121 -6.82585e-05 5.1861e-19
-0.000344332 -6.87885e-05 5.18625e-19
-0.000345484 -6.93006e-05 5.18639e-19
-0.000346582 -6.97956e-05 5.18653e-19
-0.000347633 -7.02746e-05 5.18667e-19
-0.000348644 -7.07389e-05 5.1868e-19
-0.000349623 -7.11898e-05 5.18692e-19
-0.000350578 -7.16288e-05 5.18705e-19
-0.000351517 -7.20575e-05 5.18717e-19
-0.000352451 -7.24777e-05 5.18729e-19
-0.000353388 -7.28911e-05 5.1874e-19
-0.000354337 -7.32992e-05 5.18752e-19
-0.000355305 -7.37035e-05 5.18763e-19
-0.000356298 -7.4105e-05 5.18775e-19
-0.000357321 -7.45047e-05 5.18786e-19
-0.000358379 -7.49034e-05 5.18798e-19
-0.000359475 -7.53017e-05 5.18809e-19
-0.00036061 -7.57001e-05 5.18821e-19
-0.000361787 -7.60987e-05 5.18832e-19
-0.000363003 -7.64975e-05 5.18844e-19
-0.000364256 -7.68956e-05 5.18855e-19
-0.000365537 -7.72916e-05 5.18867e-19
-0.000366841 -7.76843e-05 5.18878e-19
-0.000368157 -7.80718e-05 5.1889e-19
-0.00036948 -7.84529e-05 5.18901e-19
-0.0003708 -7.8826e-05 5.18912e-19
-0.000372111 -7.91897e-05 5.18923e-19
-0.000373402 -7.95423e-05 5.18933e-19
-0.000374664 -7.98818e-05 5.18943e-19
-0.000375884 -8.02058e-05 5.18953e-19
-0.00037705 -8.05121e-05 5.18962e-19
-0.000378151 -8.07982e-05 5.18971e-19
-0.000379177 -8.10624e-05 5.18979e-19
-0.000380116 -8.13027e-05 5.18986e-19
-0.000380962 -8.15173e-05 5.18992e-19
-0.000381705 -8.17048e-05 5.18998e-19
-0.000382338 -8.18634e-05 5.19003e-19
-0.000382852 -8.19914e-05 5.19007e-19
-0.00038324 -8.20877e-05 5.19009e-19
-0.000383497 -8.21508e-05 5.19011e-19
-0.000383618 -8.21799e-05 5.19012e-19
-0.000383598 -8.2174e-05 5.19012e-19
-0.000383436 -8.21324e-05 5.19011e-19
-0.00038313 -8.20548e-05 5.19009e-19
-0.000382679 -8.19409e-05 5.19005e-19
-0.000382084 -8.17908e-05 5.19001e-19
-0.000381347 -8.16046e-05 5.18995e-19
-0.000380471 -8.13829e-05 5.18989e-19
-0.000379462 -8.11268e-05 5.18981e-19
-0.000378329 -8.08377e-05 5.18972e-19
-0.00037708 -8.05173e-05 5.18963e-19
-0.000375725 -8.01674e-05 5.18952e-19
-0.000374273 -7.97897e-05 5.18941e-19
-0.000372734 -7.93863e-05 5.18929e-19
-0.000371119 -7.8959e-05 5.18916e-19
-0.000369436 -7.85096e-05 5.18903e-19
-0.000367694 -7.80396e-05 5.18889e-19
-0.0003659 -7.75504e-05 5.18875e-19
-0.00036406 -7.70432e-05 5.1886e-19
-0.00036218 -7.65192e-05 5.18844e-19
-0.000360267 -7.59796e-05 5.18828e-19
-0.000358327 -7.54258e-05 5.18812e-19
-0.000356366 -7.48589e-05 5.18796e-19
-0.000354389 -7.42801e-05 5.18779e-19
-0.000352402 -7.36907e-05 5.18761e-19
-0.000350411 -7.3092e-05 5.18744e-19
-0.000348422 -7.24852e-05 5.18726e-19
-0.000346439 -7.18713e-05 5.18708e-19
-0.000344467 -7.12516e-05 5.1869e-19
-0.000342511 -7.06272e-05 5.18672e-19
-0.000340575 -6.99988e-05 5.18654e-19
-0.000338661 -6.93675e-05 5.18636e-19
-0.000336771 -6.87333e-05 5.18617e-19
-0.000334904 -6.80966e-05 5.18599e-19
-0.000333058 -6.74571e-05 5.18581e-19
-0.000331234 -6.68149e-05 5.18562e-19
-0.00032943 -6.617e-05 5.18544e-19
-0.000327646 -6.55226e-05 5.18525e-19
-0.000325881 -6.48726e-05 5.18507e-19
-0.000324136 -6.42205e-05 5.18488e-19
-0.000322414 -6.35667e-05 5.18469e-19
-0.000320716 -6.29121e-05 5.18451e-19
-0.000319046 -6.22576e-05 5.18432e-19
-0.000317407 -6.16038e-05 5.18413e-19
-0.000315799 -6.0951e-05 5.18395e-19
-0.000314222 -6.02993e-05 5.18376e-19
-0.000312674 -5.96486e-05 5.18358e-19
-0.000311154 -5.89988e-05 5.18339e-19
-0.00030966 -5.83496e-05 5.18321e-19
-0.000308187 -5.77004e-05 5.18303e-19
-0.000306733 -5.70505e-05 5.18284e-19
-0.000305292 -5.63995e-05 5.18266e-19
-0.000303862 -5.57466e-05 5.18247e-19
-0.000302438 -5.50913e-05 5.18229e-19
-0.000301016 -5.44327e-05 5.1821e-19
-0.00029959 -5.37702e-05 5.18192e-19
-0.000298154 -5.31025e-05 5.18173e-19
-0.000296701 -5.24282e-05 5.18154e-19
-0.000295221 -5.17458e-05 5.18135e-19
-0.000293707 -5.10539e-05 5.18115e-19
-0.000292149 -5.03506e-05 5.18095e-19
-0.000290537 -4.9634e-05 5.18075e-19
-0.000288861 -4.89023e-05 5.18054e-19
-0.000287111 -4.81537e-05 5.18033e-19
-0.000285281 -4.7387e-05 5.18011e-19
-0.000283364 -4.6601e-05 5.17988e-19
-0.000281356 -4.57951e-05 5.17965e-19
-0.000279254 -4.49685e-05 5.17942e-19
-0.000277058 -4.41216e-05 5.17917e-19
-0.000274769 -4.32549e-05 5.17893e-19
-0.000272393 -4.23693e-05 5.17867e-19
-0.000269932 -4.14658e-05 5.17841e-19
-0.000267393 -4.05457e-05 5.17814e-19
-0.000264783 -3.96104e-05 5.17787e-19
-0.000262108 -3.86614e-05 5.1776e-19
-0.000259377 -3.77005e-05 5.17732e-19
-0.000256597 -3.67293e-05 5.17704e-19
-0.000253776 -3.57496e-05 5.17676e-19
-0.000250924 -3.47629e-05 5.17647e-19
-0.000248048 -3.37712e-05 5.17618e-19
-0.000245155 -3.2776e-05 5.17589e-19
-0.000242254 -3.17788e-05 5.17561e-19
-0.000239351 -3.07811e-05 5.17532e-19
-0.000236453 -2.97842e-05 5.17503e-19
-0.000233567 -2.87899e-05 5.17474e-19
-0.000230702 -2.78002e-05 5.17445e-19
-0.000227867 -2.68167e-05 5.17417e-19
-0.000225071 -2.5841e-05 5.17389e-19
-0.00022232 -2.48747e-05 5.17361e-19
-0.000219617 -2.39178e-05 5.17333e-19
-0.000216955 -2.29705e-05 5.17306e-19
-0.000214338 -2.2033e-05 5.17279e-19
-0.000211771 -2.11055e-05 5.17252e-19
-0.000209252 -2.01883e-05 5.17225e-19
-0.00020678 -1.92808e-05 5.17199e-19
-0.000204351 -1.83824e-05 5.17173e-19
-0.000201964 -1.7493e-05 5.17148e-19
-0.000199616 -1.6612e-05 5.17123e-19
-0.000197303 -1.5739e-05 5.17098e-19
-0.000195024 -1.48733e-05 5.17073e-19
-0.000192772 -1.40139e-05 5.17048e-19
-0.000190541 -1.316e-05 5.17024e-19
-0.000188327 -1.23102e-05 5.16999e-19
-0.000186122 -1.14634e-05 5.16975e-19
-0.000183922 -1.06187e-05 5.16951e-19
-0.000181721 -9.77509e-06 5.16927e-19
-0.000179514 -8.93175e-06 5.16903e-19
-0.000177297 -8.08779e-06 5.16879e-19
-0.000175066 -7.24245e-06 5.16855e-19
-0.000172791 -6.39266e-06 5.1683e-19
-0.000170488 -5.53975e-06 5.16806e-19
-0.000168167 -4.68434e-06 5.16781e-19
-0.000165816 -3.82539e-06 5.16757e-19
-0.000163442 -2.96369e-06 5.16732e-19
-0.00016104 -2.09882e-06 5.16707e-19
-0.000158614 -1.23137e-06 5.16682e-19
-0.000156161 -3.61201e-07 5.16657e-19
-0.000153684 5.11205e-07 5.16632e-19
-0.000151182 1.38579e-06 5.16607e-19
-0.000148765 2.24653e-06 5.16583e-19
-0.000146358 3.10415e-06 5.16558e-19
-0.0001439 3.96711e-06 5.16533e-19
-0.000141432 4.82923e-06 5.16509e-19
-0.000138928 5.69448e-06 5.16484e-19
-0.000136403 6.5605e-06 5.16459e-19
-0.000133841 7.42952e-06 5.16434e-19
-0.000131249 8.30077e-06 5.16409e-19
-0.000128619 9.17531e-06 5.16384e-19
-0.000125954 1.00526e-05 5.16358e-19
-0.000123251 1.09329e-05 5.16333e-19
-0.000120514 1.18155e-05 5.16308e-19
-0.000117743 1.27001e-05 5.16282e-19
-0.000114943 1.35858e-05 5.16256e-19
-0.000112117 1.44716e-05 5.16231e-19
-0.000109272 1.53563e-05 5.16205e-19
-0.000106413 1.62385e-05 5.16179e-19
-0.000103549 1.71167e-05 5.16154e-19
-0.000100687 1.7989e-05 5.16129e-19
-9.78359e-05 1.88535e-05 5.16103e-19
-9.50054e-05 1.97085e-05 5.16079e-19
-9.22037e-05 2.05521e-05 5.16054e-19
-8.94386e-05 2.13827e-05 5.1603e-19
-8.67181e-05 2.21988e-05 5.16006e-19
-8.405e-05 2.29986e-05 5.15983e-19
-8.14422e-05 2.37806e-05 5.1596e-19
-7.89021e-05 2.45433e-05 5.15938e-19
-7.6437e-05 2.52852e-05 5.15916e-19
-7.40541e-05 2.60048e-05 5.15895e-19
-7.17615e-05 2.67005e-05 5.15875e-19
-6.95668e-05 2.73706e-05 5.15856e-19
-6.74778e-05 2.80137e-05 5.15837e-19
-6.55009e-05 2.86284e-05 5.15819e-19
-6.36416e-05 2.92135e-05 5.15802e-19
-6.19042e-05 2.97681e-05 5.15786e-19
-6.02921e-05 3.02915e-05 5.15771e-19
-5.88077e-05 3.07832e-05 5.15757e-19
-5.74522e-05 3.12428e-05 5.15744e-19
-5.62251e-05 3.16705e-05 5.15731e-19
-5.51257e-05 3.20663e-05 5.1572e-19
-5.41524e-05 3.24304e-05 5.1571e-19
-5.33048e-05 3.27629e-05 5.157e-19
-5.25822e-05 3.30638e-05 5.15692e-19
-5.19837e-05 3.33331e-05 5.15684e-19
-5.15076e-05 3.35712e-05 5.15677e-19
-5.11525e-05 3.37781e-05 5.15672e-19
-5.09165e-05 3.3954e-05 5.15667e-19
-5.07976e-05 3.40993e-05 5.15663e-19
-5.07926e-05 3.42145e-05 5.1566e-19
-5.0898e-05 3.43001e-05 5.15658e-19
-5.11092e-05 3.43569e-05 5.15656e-19
-5.14216e-05 3.43858e-05 5.15656e-19
-5.18292e-05 3.43877e-05 5.15656e-19
-5.23251e-05 3.4364e-05 5.15657e-19
-5.29008e-05 3.43163e-05 5.15659e-19
-5.35482e-05 3.42462e-05 5.15661e-19
-5.42585e-05 3.41553e-05 5.15664e-19
-5.50238e-05 3.40452e-05 5.15668e-19
-5.58358e-05 3.39174e-05 5.15672e-19
-5.66871e-05 3.37736e-05 5.15676e-19
-5.75697e-05 3.36151e-05 5.15681e-19
-5.84757e-05 3.34438e-05 5.15686e-19
-5.93965e-05 3.32612e-05 5.15692e-19
-6.03245e-05 3.30689e-05 5.15698e-19
-6.12527e-05 3.28685e-05 5.15704e-19
-6.21751e-05 3.26612e-05 5.1571e-19
-6.30867e-05 3.24482e-05 5.15716e-19
-6.3983e-05 3.22303e-05 5.15723e-19
-6.4861e-05 3.20084e-05 5.15729e-19
-6.57181e-05 3.1783e-05 5.15736e-19
-6.65531e-05 3.15547e-05 5.15742e-19
-6.73651e-05 3.13236e-05 5.15749e-19
-6.81547e-05 3.10898e-05 5.15756e-19
-6.89243e-05 3.08531e-05 5.15762e-19
-6.96777e-05 3.06127e-05 5.15769e-19
-7.04191e-05 3.03679e-05 5.15776e-19
-7.1153e-05 3.01181e-05 5.15783e-19
-7.18829e-05 2.98627e-05 5.1579e-19
-7.26122e-05 2.96011e-05 5.15798e-19
-7.33438e-05 2.93329e-05 5.15805e-19
-7.40814e-05 2.90577e-05 5.15813e-19
-7.48281e-05 2.87748e-05 5.15821e-19
-7.55873e-05 2.84837e-05 5.15829e-19
-7.63622e-05 2.8184e-05 5.15838e-19
-7.71569e-05 2.7875e-05 5.15846e-19
-7.79781e-05 2.75553e-05 5.15855e-19
-7.88342e-05 2.72233e-05 5.15865e-19
-7.9733e-05 2.68775e-05 5.15874e-19
-8.06815e-05 2.65165e-05 5.15885e-19
-8.16838e-05 2.61395e-05 5.15895e-19
-8.27424e-05 2.57461e-05 5.15907e-19
-8.38588e-05 2.53359e-05 5.15918e-19
-8.50337e-05 2.49089e-05 5.15931e-19
-8.62665e-05 2.44652e-05 5.15943e-19
-8.75557e-05 2.40051e-05 5.15956e-19
-8.88991e-05 2.3529e-05 5.1597e-19
-9.02937e-05 2.30377e-05 5.15984e-19
-9.17349e-05 2.2532e-05 5.15999e-19
-9.3217e-05 2.20131e-05 5.16014e-19
-9.47338e-05 2.14823e-05 5.16029e-19
-9.62797e-05 2.09409e-05 5.16045e-19
-9.78497e-05 2.03897e-05 5.1606e-19
-9.94398e-05 1.98297e-05 5.16077e-19
-0.000101046 1.92617e-05 5.16093e-19
-0.000102664 1.86866e-05 5.16109e-19
-0.00010429 1.81053e-05 5.16126e-19
-0.000105917 1.75191e-05 5.16143e-19
-0.000107543 1.69289e-05 5.1616e-19
-0.00010916 1.63359e-05 5.16177e-19
-0.000110765 1.57412e-05 5.16194e-19
-0.000112352 1.51461e-05 5.16211e-19
-0.000113915 1.45518e-05 5.16228e-19
-0.000115451 1.39593e-05 5.16245e-19
-0.000116957 1.3369e-05 5.16262e-19
-0.000118433 1.27814e-05 5.16279e-19
-0.000119878 1.21965e-05 5.16296e-19
-0.000121293 1.16145e-05 5.16312e-19
-0.000122679 1.10353e-05 5.16329e-19
-0.000124036 1.0459e-05 5.16345e-19
-0.000125365 9.88545e-06 5.16362e-19
-0.000126668 9.31445e-06 5.16378e-19
-0.000127946 8.74582e-06 5.16394e-19
-0.000129202 8.1793e-06 5.1641e-19
-0.000130436 7.6146e-06 5.16426e-19
-0.000131652 7.05143e-06 5.16442e-19
-0.000132851 6.48955e-06 5.16458e-19
-0.000134033 5.92872e-06 5.16474e-19
-0.000135202 5.36866e-06 5.1649e-19
-0.000136358 4.80906e-06 5.16506e-19
-0.000137506 4.24936e-06 5.16521e-19
-0.000138709 3.68013e-06 5.16538e-19
-0.000139949 3.10376e-06 5.16554e-19
-0.000141184 2.52618e-06 5.1657e-19
-0.000142428 1.94517e-06 5.16587e-19
-0.000143676 1.36138e-06 5.16603e-19
-0.000144935 7.73567e-07 5.1662e-19
-0.000146205 1.81835e-07 5.16637e-19
-0.000147489 -4.14665e-07 5.16654e-19
-0.000148765 -1.01374e-06 5.16671e-19
-0.000150056 -1.61793e-06 5.16688e-19
-0.000151372 -2.22836e-06 5.16705e-19
-0.000152707 -2.84462e-06 5.16723e-19
-0.000154069 -3.46747e-06 5.1674e-19
-0.000155454 -4.09657e-06 5.16758e-19
-0.000156868 -4.73259e-06 5.16776e-19
-0.00015831 -5.37554e-06 5.16794e-19
-0.000159786 -6.02613e-06 5.16813e-19
-0.000161296 -6.68461e-06 5.16832e-19
-0.000162845 -7.3516e-06 5.16851e-19
-0.000164435 -8.02738e-06 5.1687e-19
-0.000166069 -8.71247e-06 5.16889e-19
-0.00016775 -9.40715e-06 5.16909e-19
-0.000169481 -1.01117e-05 5.16929e-19
-0.000171258 -1.08263e-05 5.1695e-19
-0.000173084 -1.15504e-05 5.1697e-19
-0.00017496 -1.22835e-05 5.16991e-19
-0.000176884 -1.30255e-05 5.17012e-19
-0.000178855 -1.37759e-05 5.17034e-19
-0.000180876 -1.4535e-05 5.17056e-19
-0.000182948 -1.53025e-05 5.17078e-19
-0.000185071 -1.60784e-05 5.171e-19
-0.000187244 -1.68621e-05 5.17122e-19
-0.000189461 -1.76522e-05 5.17145e-19
-0.000191713 -1.84468e-05 5.17168e-19
-0.000194007 -1.9247e-05 5.17191e-19
-0.000196344 -2.00528e-05 5.17214e-19
-0.000198718 -2.0863e-05 5.17238e-19
-0.000201126 -2.16768e-05 5.17261e-19
-0.000203566 -2.24934e-05 5.17285e-19
-0.000206029 -2.33113e-05 5.17308e-19
-0.000208507 -2.41283e-05 5.17332e-19
-0.000210992 -2.49431e-05 5.17356e-19
-0.000213477 -2.57538e-05 5.17379e-19
-0.000215956 -2.65594e-05 5.17403e-19
-0.000218425 -2.7359e-05 5.17426e-19
-0.000220881 -2.81517e-05 5.17449e-19
-0.000223319 -2.89368e-05 5.17471e-19
-0.000225735 -2.97134e-05 5.17494e-19
-0.000228126 -3.04808e-05 5.17516e-19
-0.000230488 -3.12383e-05 5.17538e-19
-0.000232817 -3.19852e-05 5.1756e-19
-0.000235111 -3.27207e-05 5.17581e-19
-0.000237366 -3.34442e-05 5.17602e-19
-0.000239579 -3.41552e-05 5.17623e-19
-0.000241747 -3.48529e-05 5.17643e-19
-0.000243864 -3.55363e-05 5.17663e-19
-0.000245927 -3.62044e-05 5.17682e-19
-0.00024793 -3.6856e-05 5.17701e-19
-0.000249868 -3.74903e-05 5.17719e-19
-0.000251742 -3.8107e-05 5.17737e-19
-0.000253549 -3.8706e-05 5.17754e-19
-0.000255293 -3.92875e-05 5.17771e-19
-0.000256973 -3.98516e-05 5.17787e-19
-0.00025859 -4.03982e-05 5.17803e-19
-0.000260143 -4.09271e-05 5.17818e-19
-0.000261633 -4.14384e-05 5.17833e-19
-0.000263061 -4.19319e-05 5.17847e-19
-0.000264426 -4.24076e-05 5.17861e-19
-0.000265729 -4.28655e-05 5.17874e-19
-0.000266972 -4.33058e-05 5.17887e-19
-0.000268155 -4.37284e-05 5.17899e-19
-0.000269281 -4.41335e-05 5.1791e-19
-0.000270351 -4.45216e-05 5.17921e-19
-0.000271367 -4.48927e-05 5.17932e-19
-0.000272332 -4.52473e-05 5.17942e-19
-0.000273248 -4.55857e-05 5.17952e-19
-0.000274118 -4.59082e-05 5.17961e-19
-0.000274943 -4.62153e-05 5.1797e-19
-0.000275725 -4.65071e-05 5.17978e-19
-0.000276464 -4.67835e-05 5.17986e-19
-0.00027716 -4.70442e-05 5.17993e-19
-0.00027781 -4.72887e-05 5.18e-19
-0.000278413 -4.75167e-05 5.18007e-19
-0.000278969 -4.77282e-05 5.18013e-19
-0.000279479 -4.79231e-05 5.18018e-19
-0.000279941 -4.81014e-05 5.18024e-19
-0.000280358 -4.82631e-05 5.18028e-19
-0.000280727 -4.84081e-05 5.18032e-19
-0.000281047 -4.85361e-05 5.18036e-19
-0.000281318 -4.86469e-05 5.18039e-19
-0.000281538 -4.87403e-05 5.18042e-19
-0.000281708 -4.88165e-05 5.18044e-19
-0.000281829 -4.88757e-05 5.18046e-19
-0.000281902 -4.89183e-05 5.18047e-19
-0.000281929 -4.89446e-05 5.18048e-19
-0.000281909 -4.89545e-05 5.18048e-19
-0.00028184 -4.89479e-05 5.18048e-19
-0.000281722 -4.89246e-05 5.18047e-19
-0.000281555 -4.88846e-05 5.18046e-19
-0.000281336 -4.88278e-05 5.18044e-19
-0.000281067 -4.87543e-05 5.18042e-19
-0.000280748 -4.86641e-05 5.1804e-19
-0.000280377 -4.85574e-05 5.18037e-19
-0.000279957 -4.84343e-05 5.18033e-19
-0.000279487 -4.82951e-05 5.18029e-19
-0.000278969 -4.814e-05 5.18025e-19
-0.000278404 -4.79694e-05 5.1802e-19
-0.000277791 -4.77833e-05 5.18014e-19
-0.000277131 -4.75817e-05 5.18009e-19
-0.000276423 -4.73647e-05 5.18002e-19
-0.000275668 -4.71325e-05 5.17996e-19
-0.000274869 -4.68856e-05 5.17989e-19
-0.000274029 -4.66248e-05 5.17981e-19
-0.000273151 -4.6351e-05 5.17973e-19
-0.000272239 -4.60648e-05 5.17965e-19
-0.000271295 -4.57669e-05 5.17956e-19
-0.000270322 -4.54576e-05 5.17947e-19
-0.00026932 -4.51373e-05 5.17938e-19
-0.000268291 -4.48064e-05 5.17928e-19
-0.000267237 -4.44653e-05 5.17919e-19
-0.000266161 -4.41145e-05 5.17908e-19
-0.000265063 -4.37545e-05 5.17898e-19
-0.000263944 -4.33855e-05 5.17887e-19
-0.000262806 -4.30073e-05 5.17877e-19
-0.000261644 -4.26198e-05 5.17865e-19
-0.000260457 -4.22223e-05 5.17854e-19
-0.000259244 -4.18147e-05 5.17842e-19
-0.000258002 -4.13967e-05 5.1783e-19
-0.000256732 -4.09682e-05 5.17818e-19
-0.000255432 -4.05292e-05 5.17805e-19
-0.000254102 -4.00793e-05 5.17792e-19
-0.000252737 -3.96179e-05 5.17779e-19
-0.000251334 -3.91443e-05 5.17765e-19
-0.000249889 -3.86574e-05 5.17751e-19
-0.000248399 -3.81567e-05 5.17736e-19
-0.000246859 -3.76416e-05 5.17721e-19
-0.00024527 -3.71117e-05 5.17706e-19
-0.00024363 -3.65668e-05 5.1769e-19
-0.000241938 -3.60069e-05 5.17674e-19
-0.000240199 -3.54325e-05 5.17657e-19
-0.000238415 -3.48446e-05 5.1764e-19
-0.000236593 -3.42442e-05 5.17623e-19
-0.000234738 -3.36324e-05 5.17605e-19
-0.000232858 -3.30109e-05 5.17587e-19
-0.000230961 -3.23816e-05 5.17569e-19
-0.000229058 -3.17462e-05 5.1755e-19
-0.000227156 -3.11065e-05 5.17532e-19
-0.000225263 -3.04643e-05 5.17513e-19
-0.000223387 -2.98209e-05 5.17495e-19
-0.000221534 -2.91779e-05 5.17476e-19
-0.00021971 -2.85364e-05 5.17458e-19
-0.000217919 -2.78974e-05 5.17439e-19
-0.000216166 -2.72619e-05 5.17421e-19
-0.000214452 -2.66303e-05 5.17403e-19
-0.000212781 -2.60034e-05 5.17385e-19
-0.000211154 -2.53817e-05 5.17367e-19
-0.000209573 -2.47657e-05 5.17349e-19
-0.000208039 -2.41558e-05 5.17332e-19
-0.000206553 -2.35522e-05 5.17315e-19
-0.000205113 -2.29549e-05 5.17297e-19
-0.000203717 -2.23637e-05 5.17281e-19
-0.000202362 -2.17781e-05 5.17264e-19
-0.000201041 -2.11969e-05 5.17248e-19
-0.000199748 -2.0619e-05 5.17231e-19
-0.000198471 -2.00422e-05 5.17215e-19
-0.000197203 -1.94651e-05 5.17199e-19
-0.000195934 -1.8886e-05 5.17182e-19
-0.000194652 -1.83027e-05 5.17166e-19
-0.000193345 -1.77127e-05 5.17149e-19
-0.000192004 -1.71146e-05 5.17132e-19
-0.000190621 -1.65066e-05 5.17115e-19
-0.000189189 -1.58875e-05 5.17097e-19
-0.000187704 -1.52563e-05 5.17079e-19
-0.000186158 -1.46124e-05 5.17061e-19
-0.000184548 -1.3955e-05 5.17042e-19
-0.000182874 -1.32834e-05 5.17023e-19
-0.000181134 -1.25975e-05 5.17003e-19
-0.000179326 -1.18969e-05 5.16983e-19
-0.00017745 -1.11817e-05 5.16963e-19
-0.000175505 -1.04516e-05 5.16942e-19
-0.000173491 -9.70667e-06 5.1692e-19
-0.000171409 -8.94677e-06 5.16898e-19
-0.000169259 -8.17228e-06 5.16876e-19
-0.000167046 -7.38403e-06 5.16853e-19
-0.000164776 -6.58335e-06 5.1683e-19
-0.000162456 -5.77158e-06 5.16807e-19
-0.000160094 -4.95022e-06 5.16783e-19
-0.000157696 -4.12083e-06 5.16759e-19
-0.00015527 -3.2851e-06 5.16735e-19
-0.000152825 -2.44465e-06 5.16711e-19
-0.000150367 -1.60092e-06 5.16686e-19
-0.00014788 -7.52789e-07 5.16662e-19
-0.000145381 9.76065e-08 5.16637e-19
-0.000142882 9.48938e-07 5.16613e-19
-0.000140377 1.80162e-06 5.16588e-19
-0.00013787 2.655e-06 5.16563e-19
-0.000135357 3.50966e-06 5.16539e-19
-0.000132839 4.36543e-06 5.16514e-19
-0.000130415 5.20815e-06 5.1649e-19
-0.000128018 6.0471e-06 5.16466e-19
-0.000125593 6.88976e-06 5.16441e-19
-0.000123184 7.72969e-06 5.16417e-19
-0.000120765 8.57008e-06 5.16393e-19
-0.000118356 9.40789e-06 5.16369e-19
-0.000115947 1.02444e-05 5.16345e-19
-0.000113546 1.1078e-05 5.16321e-19
-0.00011115 1.19091e-05 5.16297e-19
-0.000108762 1.27369e-05 5.16273e-19
-0.000106381 1.35615e-05 5.16249e-19
-0.000104009 1.43825e-05 5.16226e-19
-0.000101645 1.51998e-05 5.16202e-19
-9.92918e-05 1.60128e-05 5.16179e-19
-9.69508e-05 1.6821e-05 5.16156e-19
-9.46249e-05 1.76239e-05 5.16133e-19
-9.23167e-05 1.84207e-05 5.1611e-19
-9.00313e-05 1.92104e-05 5.16087e-19
-8.77743e-05 1.99917e-05 5.16065e-19
-8.55521e-05 2.07632e-05 5.16043e-19
-8.33703e-05 2.15237e-05 5.16021e-19
-8.12347e-05 2.22719e-05 5.15999e-19
-7.91506e-05 2.30067e-05 5.15978e-19
-7.71232e-05 2.37269e-05 5.15958e-19
-7.5156e-05 2.44317e-05 5.15937e-19
-7.32511e-05 2.51207e-05 5.15918e-19
-7.14081e-05 2.57937e-05 5.15898e-19
-6.96265e-05 2.64509e-05 5.1588e-19
-6.7905e-05 2.70925e-05 5.15861e-19
-6.62413e-05 2.77187e-05 5.15843e-19
-6.46323e-05 2.83302e-05 5.15826e-19
-6.30748e-05 2.89275e-05 5.15809e-19
-6.15646e-05 2.95114e-05 5.15792e-19
-6.00973e-05 3.00825e-05 5.15776e-19
-5.86677e-05 3.0642e-05 5.1576e-19
-5.72708e-05 3.11906e-05 5.15745e-19
-5.59003e-05 3.17295e-05 5.15729e-19
-5.45486e-05 3.22601e-05 5.15714e-19
-5.3207e-05 3.27842e-05 5.157e-19
-5.18668e-05 3.33035e-05 5.15685e-19
-5.05192e-05 3.38195e-05 5.1567e-19
-4.91554e-05 3.43342e-05 5.15655e-19
-4.77664e-05 3.48491e-05 5.15641e-19
-4.63438e-05 3.53661e-05 5.15626e-19
-4.48812e-05 3.58864e-05 5.15611e-19
-4.33757e-05 3.64106e-05 5.15596e-19
-4.18269e-05 3.69386e-05 5.15581e-19
-4.02358e-05 3.74703e-05 5.15565e-19
-3.86046e-05 3.80053e-05 5.1555e-19
-3.69378e-05 3.85426e-05 5.15534e-19
-3.52416e-05 3.90809e-05 5.15519e-19
-3.3523e-05 3.96189e-05 5.15503e-19
-3.17899e-05 4.0155e-05 5.15487e-19
-3.00513e-05 4.06873e-05 5.15472e-19
-2.83171e-05 4.12139e-05 5.15456e-19
-2.65977e-05 4.17327e-05 5.15441e-19
-2.49029e-05 4.22419e-05 5.15426e-19
-2.32409e-05 4.27396e-05 5.15412e-19
-2.16192e-05 4.32246e-05 5.15398e-19
-2.00446e-05 4.36954e-05 5.15384e-19
-1.85244e-05 4.41507e-05 5.15371e-19
-1.70659e-05 4.4589e-05 5.15358e-19
-1.56767e-05 4.50088e-05 5.15346e-19
-1.4364e-05 4.54086e-05 5.15334e-19
-1.31347e-05 4.57871e-05 5.15323e-19
-1.19953e-05 4.61428e-05 5.15312e-19
-1.09522e-05 4.64745e-05 5.15303e-19
-1.00111e-05 4.67809e-05 5.15294e-19
-9.17634e-06 4.70612e-05 5.15286e-19
-8.4504e-06 4.73147e-05 5.15279e-19
-7.83443e-06 4.75412e-05 5.15272e-19
-7.3284e-06 4.77405e-05 5.15266e-19
-6.93152e-06 4.79128e-05 5.15261e-19
-6.64168e-06 4.80583e-05 5.15257e-19
-6.45594e-06 4.81777e-05 5.15254e-19
-6.37052e-06 4.82714e-05 5.15252e-19
-6.38107e-06 4.83404e-05 5.1525e-19
-6.4823e-06 4.83856e-05 5.15249e-19
-6.66842e-06 4.8408e-05 5.15248e-19
-6.93313e-06 4.84089e-05 5.15248e-19
-7.27009e-06 4.83894e-05 5.15249e-19
-7.67281e-06 4.83508e-05 5.15251e-19
-8.13494e-06 4.82942e-05 5.15252e-19
-8.65002e-06 4.82209e-05 5.15255e-19
-9.2116e-06 4.81322e-05 5.15258e-19
-9.81299e-06 4.80293e-05 5.15261e-19
-1.04475e-05 4.79136e-05 5.15265e-19
-1.11088e-05 4.77864e-05 5.15268e-19
-1.17917e-05 4.76487e-05 5.15273e-19
-1.24939e-05 4.75008e-05 5.15277e-19
-1.32153e-05 4.73428e-05 5.15282e-19
-1.39564e-05 4.71747e-05 5.15287e-19
-1.47174e-05 4.69962e-05 5.15292e-19
-1.54985e-05 4.68074e-05 5.15298e-19
-1.62995e-05 4.66082e-05 5.15304e-19
-1.71205e-05 4.63988e-05 5.1531e-19
-1.7961e-05 4.61791e-05 5.15316e-19
-1.88196e-05 4.59495e-05 5.15323e-19
-1.96942e-05 4.57105e-05 5.1533e-19
-2.05826e-05 4.54625e-05 5.15337e-19
-2.14831e-05 4.52058e-05 5.15345e-19
-2.23949e-05 4.49408e-05 5.15353e-19
-2.33177e-05 4.46674e-05 5.15361e-19
-2.42515e-05 4.43856e-05 5.15369e-19
-2.51963e-05 4.40955e-05 5.15377e-19
-2.61515e-05 4.37972e-05 5.15386e-19
-2.71163e-05 4.34908e-05 5.15395e-19
-2.80902e-05 4.31764e-05 5.15404e-19
-2.90721e-05 4.28543e-05 5.15413e-19
-3.006e-05 4.25249e-05 5.15423e-19
-3.10516e-05 4.21887e-05 5.15432e-19
-3.20446e-05 4.18462e-05 5.15442e-19
-3.30355e-05 4.1498e-05 5.15452e-19
-3.40186e-05 4.11456e-05 5.15462e-19
-3.49866e-05 4.07904e-05 5.15472e-19
-3.59322e-05 4.0434e-05 5.15482e-19
-3.68499e-05 4.00777e-05 5.15492e-19
-3.77364e-05 3.97223e-05 5.15502e-19
-3.85906e-05 3.93682e-05 5.15512e-19
-3.94123e-05 3.90155e-05 5.15522e-19
-4.02028e-05 3.86641e-05 5.15532e-19
-4.0966e-05 3.83133e-05 5.15542e-19
-4.17078e-05 3.79621e-05 5.15552e-19
-4.24348e-05 3.76094e-05 5.15562e-19
-4.31548e-05 3.72537e-05 5.15572e-19
-4.38775e-05 3.68931e-05 5.15582e-19
-4.46141e-05 3.65256e-05 5.15592e-19
-4.5376e-05 3.61491e-05 5.15602e-19
-4.61738e-05 3.57614e-05 5.15613e-19
-4.70175e-05 3.53607e-05 5.15625e-19
-4.79159e-05 3.49454e-05 5.15636e-19
-4.88772e-05 3.4514e-05 5.15648e-19
-4.99089e-05 3.4065e-05 5.15661e-19
-5.10175e-05 3.35973e-05 5.15674e-19
-5.22082e-05 3.31098e-05 5.15688e-19
-5.34857e-05 3.26018e-05 5.15703e-19
-5.48536e-05 3.20726e-05 5.15718e-19
-5.63153e-05 3.15215e-05 5.15734e-19
-5.78738e-05 3.09479e-05 5.1575e-19
-5.95308e-05 3.03515e-05 5.15767e-19
-6.12865e-05 2.97321e-05 5.15785e-19
-6.31382e-05 2.90904e-05 5.15803e-19
-6.50812e-05 2.84272e-05 5.15823e-19
-6.71098e-05 2.77436e-05 5.15842e-19
-6.92181e-05 2.70408e-05 5.15863e-19
-7.14018e-05 2.63195e-05 5.15884e-19
-7.36569e-05 2.55805e-05 5.15905e-19
-7.59794e-05 2.48243e-05 5.15927e-19
-7.83644e-05 2.40519e-05 5.1595e-19
-8.08063e-05 2.32643e-05 5.15973e-19
-8.32989e-05 2.24625e-05 5.15996e-19
-8.58358e-05 2.16478e-05 5.1602e-19
-8.8411e-05 2.08212e-05 5.16044e-19
-9.102e-05 1.99835e-05 5.16068e-19
-9.36593e-05 1.91353e-05 5.16093e-19
-9.63257e-05 1.82772e-05 5.16117e-19
-9.9015e-05 1.74097e-05 5.16143e-19
-0.000101721 1.65343e-05 5.16168e-19
-0.000104436 1.56524e-05 5.16194e-19
-0.000107151 1.47656e-05 5.16219e-19
-0.000109861 1.38753e-05 5.16245e-19
-0.000112558 1.29829e-05 5.16271e-19
-0.000115237 1.20896e-05 5.16297e-19
-0.000117892 1.11965e-05 5.16323e-19
-0.000120519 1.03046e-05 5.16348e-19
-0.000123113 9.41504e-06 5.16374e-19
-0.000125671 8.52866e-06 5.16399e-19
-0.000128189 7.64631e-06 5.16425e-19
-0.000130666 6.76862e-06 5.1645e-19
-0.000133099 5.89591e-06 5.16475e-19
-0.000135491 5.02834e-06 5.165e-19
-0.000137841 4.16587e-06 5.16524e-19
-0.000140229 3.29744e-06 5.16549e-19
-0.000142641 2.42482e-06 5.16574e-19
-0.000145017 1.55677e-06 5.16599e-19
-0.00014737 6.91357e-07 5.16624e-19
-0.000149699 -1.71426e-07 5.16649e-19
-0.000152014 -1.03286e-06 5.16673e-19
-0.000154315 -1.89335e-06 5.16698e-19
-0.000156591 -2.75185e-06 5.16722e-19
-0.000158855 -3.61029e-06 5.16747e-19
-0.000161129 -4.47099e-06 5.16771e-19
-0.000163412 -5.33444e-06 5.16796e-19
-0.000165715 -6.20223e-06 5.16821e-19
-0.000168039 -7.07474e-06 5.16846e-19
-0.00017039 -7.95246e-06 5.16871e-19
-0.000172764 -8.83483e-06 5.16896e-19
-0.000175162 -9.72163e-06 5.16921e-19
-0.00017758 -1.06121e-05 5.16947e-19
-0.000180018 -1.15058e-05 5.16973e-19
-0.000182471 -1.24016e-05 5.16998e-19
-0.000184937 -1.32989e-05 5.17024e-19
-0.000187409 -1.41964e-05 5.1705e-19
-0.000189885 -1.50932e-05 5.17075e-19
-0.000192359 -1.59877e-05 5.17101e-19
-0.000194824 -1.68789e-05 5.17127e-19
-0.000197276 -1.77655e-05 5.17152e-19
-0.00019971 -1.86472e-05 5.17177e-19
-0.000202121 -1.95223e-05 5.17203e-19
-0.000204505 -2.03894e-05 5.17227e-19
-0.00020687 -2.12503e-05 5.17252e-19
-0.000209223 -2.21059e-05 5.17277e-19
-0.000211561 -2.29558e-05 5.17301e-19
-0.00021389 -2.38009e-05 5.17325e-19
-0.000216208 -2.46408e-05 5.1735e-19
-0.000218513 -2.5475e-05 5.17374e-19
-0.000220805 -2.63036e-05 5.17397e-19
-0.000223085 -2.71263e-05 5.17421e-19
-0.000225354 -2.79431e-05 5.17445e-19
-0.00022761 -2.87533e-05 5.17468e-19
-0.00022985 -2.95563e-05 5.17491e-19
-0.000232071 -3.03515e-05 5.17514e-19
-0.000234271 -3.1138e-05 5.17537e-19
-0.000236448 -3.19155e-05 5.17559e-19
-0.000238601 -3.26836e-05 5.17581e-19
-0.000240728 -3.34419e-05 5.17603e-19
-0.000242827 -3.419e-05 5.17625e-19
-0.000244897 -3.49272e-05 5.17646e-19
-0.000246934 -3.56531e-05 5.17667e-19
-0.000248936 -3.63669e-05 5.17687e-19
-0.0002509 -3.7068e-05 5.17708e-19
-0.00025282 -3.77555e-05 5.17728e-19
-0.000254694 -3.84285e-05 5.17747e-19
-0.000256517 -3.90862e-05 5.17766e-19
-0.000258285 -3.97279e-05 5.17785e-19
-0.000259996 -4.03529e-05 5.17803e-19
-0.000261647 -4.09608e-05 5.1782e-19
-0.000263236 -4.15513e-05 5.17837e-19
-0.00026476 -4.2124e-05 5.17854e-19
-0.000266218 -4.26782e-05 5.1787e-19
-0.000267605 -4.32134e-05 5.17885e-19
-0.000268919 -4.37289e-05 5.179e-19
-0.000270157 -4.42244e-05 5.17914e-19
-0.000271319 -4.47e-05 5.17928e-19
-0.000272409 -4.51559e-05 5.17941e-19
-0.000273426 -4.55929e-05 5.17953e-19
-0.000274376 -4.60113e-05 5.17965e-19
-0.00027526 -4.64119e-05 5.17977e-19
-0.00027608 -4.67952e-05 5.17987e-19
-0.000276841 -4.71617e-05 5.17998e-19
-0.000277545 -4.75122e-05 5.18008e-19
-0.000278197 -4.78474e-05 5.18017e-19
-0.000278799 -4.81678e-05 5.18026e-19
-0.000279355 -4.84741e-05 5.18035e-19
-0.000279869 -4.87671e-05 5.18043e-19
-0.000280343 -4.9047e-05 5.18051e-19
-0.000280779 -4.93141e-05 5.18058e-19
-0.000281179 -4.95687e-05 5.18065e-19
-0.000281546 -4.98111e-05 5.18072e-19
-0.000281884 -5.00422e-05 5.18078e-19
-0.0002822 -5.02629e-05 5.18084e-19
-0.000282498 -5.04742e-05 5.1809e-19
-0.000282785 -5.06775e-05 5.18096e-19
-0.000283068 -5.08739e-05 5.18101e-19
-0.000283356 -5.10649e-05 5.18106e-19
-0.000283655 -5.1252e-05 5.18112e-19
-0.000283973 -5.14363e-05 5.18117e-19
-0.000284316 -5.1619e-05 5.18122e-19
-0.000284686 -5.18007e-05 5.18127e-19
-0.000285089 -5.19821e-05 5.18132e-19
-0.000285527 -5.21638e-05 5.18137e-19
-0.000286003 -5.23463e-05 5.18142e-19
-0.000286519 -5.25299e-05 5.18148e-19
-0.000287077 -5.2715e-05 5.18153e-19
-0.000287677 -5.29015e-05 5.18158e-19
-0.000288318 -5.30892e-05 5.18164e-19
-0.000288997 -5.32775e-05 5.18169e-19
-0.00028971 -5.34658e-05 5.18175e-19
-0.000290454 -5.36533e-05 5.1818e-19
-0.000291227 -5.38398e-05 5.18186e-19
-0.000292026 -5.40249e-05 5.18192e-19
-0.000292851 -5.42083e-05 5.18197e-19
-0.000293697 -5.43895e-05 5.18203e-19
-0.00029456 -5.45677e-05 5.18208e-19
-0.000295434 -5.47418e-05 5.18213e-19
-0.000296312 -5.49106e-05 5.18218e-19
-0.000297189 -5.5073e-05 5.18223e-19
-0.000298058 -5.52278e-05 5.18228e-19
-0.000298913 -5.53738e-05 5.18233e-19
-0.000299747 -5.551e-05 5.18237e-19
-0.000300553 -5.5635e-05 5.18241e-19
-0.000301325 -5.57475e-05 5.18245e-19
-0.000302054 -5.58461e-05 5.18248e-19
-0.000302734 -5.59296e-05 5.18251e-19
-0.000303359 -5.59965e-05 5.18253e-19
-0.000303921 -5.60456e-05 5.18255e-19
-0.000304414 -5.60759e-05 5.18256e-19
-0.000304834 -5.60863e-05 5.18256e-19
-0.000305175 -5.60757e-05 5.18256e-19
-0.000305432 -5.60431e-05 5.18256e-19
-0.000305598 -5.59872e-05 5.18254e-19
-0.000305669 -5.5907e-05 5.18252e-19
-0.000305641 -5.58015e-05 5.18249e-19
-0.000305507 -5.56698e-05 5.18245e-19
-0.000305265 -5.55106e-05 5.18241e-19
-0.000304908 -5.53231e-05 5.18236e-19
-0.000304435 -5.51067e-05 5.18229e-19
-0.000303844 -5.48606e-05 5.18222e-19
-0.000303132 -5.45845e-05 5.18214e-19
-0.000302299 -5.42782e-05 5.18205e-19
-0.000301345 -5.39416e-05 5.18196e-19
-0.000300274 -5.35752e-05 5.18185e-19
-0.00029909 -5.31799e-05 5.18173e-19
-0.000297798 -5.27567e-05 5.18161e-19
-0.000296405 -5.23067e-05 5.18148e-19
-0.000294919 -5.18315e-05 5.18134e-19
-0.000293349 -5.13331e-05 5.1812e-19
-0.000291705 -5.08133e-05 5.18104e-19
-0.000289996 -5.0274e-05 5.18089e-19
-0.000288232 -4.97172e-05 5.18072e-19
-0.000286423 -4.91449e-05 5.18056e-19
-0.000284576 -4.85587e-05 5.18039e-19
-0.0002827 -4.79606e-05 5.18021e-19
-0.000280805 -4.73525e-05 5.18004e-19
-0.000278899 -4.67362e-05 5.17986e-19
-0.00027699 -4.61136e-05 5.17968e-19
-0.000275086 -4.54862e-05 5.17949e-19
-0.000273193 -4.48558e-05 5.17931e-19
-0.00027132 -4.42241e-05 5.17913e-19
-0.000269472 -4.35926e-05 5.17895e-19
-0.000267655 -4.29626e-05 5.17877e-19
-0.000265872 -4.23352e-05 5.17859e-19
-0.000264127 -4.17113e-05 5.17841e-19
-0.000262421 -4.10915e-05 5.17823e-19
-0.000260756 -4.04763e-05 5.17805e-19
-0.000259129 -3.98656e-05 5.17788e-19
-0.000257537 -3.92588e-05 5.17771e-19
-0.000255974 -3.86554e-05 5.17753e-19
-0.000254437 -3.80545e-05 5.17736e-19
-0.000252918 -3.7455e-05 5.17719e-19
-0.00025141 -3.68556e-05 5.17702e-19
-0.000249904 -3.62547e-05 5.17685e-19
-0.000248393 -3.56512e-05 5.17668e-19
-0.000246869 -3.50435e-05 5.17651e-19
-0.000245325 -3.44303e-05 5.17633e-19
-0.000243754 -3.38105e-05 5.17616e-19
-0.00024215 -3.31828e-05 5.17598e-19
-0.000240509 -3.25466e-05 5.1758e-19
-0.000238827 -3.19011e-05 5.17561e-19
-0.000237102 -3.12458e-05 5.17543e-19
-0.000235331 -3.05805e-05 5.17524e-19
-0.000233512 -2.99047e-05 5.17504e-19
-0.000231645 -2.92182e-05 5.17484e-19
-0.000229727 -2.85208e-05 5.17464e-19
-0.000227758 -2.78124e-05 5.17444e-19
-0.000225738 -2.70927e-05 5.17423e-19
-0.000223666 -2.63617e-05 5.17402e-19
-0.000221541 -2.56191e-05 5.17381e-19
-0.000219365 -2.48652e-05 5.17359e-19
-0.000217136 -2.40995e-05 5.17337e-19
-0.000214848 -2.33211e-05 5.17315e-19
-0.000212504 -2.25301e-05 5.17292e-19
-0.000210104 -2.1727e-05 5.17269e-19
-0.000207648 -2.09114e-05 5.17245e-19
-0.000205133 -2.00829e-05 5.17221e-19
-0.000202559 -1.92418e-05 5.17197e-19
-0.00019993 -1.83885e-05 5.17172e-19
-0.000197249 -1.75239e-05 5.17147e-19
-0.000194518 -1.6649e-05 5.17121e-19
-0.000191744 -1.57647e-05 5.17096e-19
-0.000188933 -1.48723e-05 5.1707e-19
-0.000186093 -1.39734e-05 5.17044e-19
-0.000183233 -1.30699e-05 5.17017e-19
-0.000180362 -1.2164e-05 5.16991e-19
-0.000177489 -1.12575e-05 5.16965e-19
-0.000174623 -1.03523e-05 5.16938e-19
-0.00017177 -9.45006e-06 5.16912e-19
-0.00016894 -8.55256e-06 5.16886e-19
-0.000166139 -7.66145e-06 5.1686e-19
-0.000163376 -6.77849e-06 5.16834e-19
-0.000160658 -5.90542e-06 5.16809e-19
-0.000157993 -5.04396e-06 5.16784e-19
-0.000155388 -4.19574e-06 5.16759e-19
-0.000152851 -3.3624e-06 5.16735e-19
-0.000150388 -2.54546e-06 5.16712e-19
-0.000148006 -1.74642e-06 5.16688e-19
-0.000145711 -9.66521e-07 5.16666e-19
-0.000143506 -2.06671e-07 5.16644e-19
-0.000141393 5.32525e-07 5.16623e-19
-0.000139357 1.2524e-06 5.16602e-19
-0.000137412 1.95119e-06 5.16582e-19
-0.000135568 2.62791e-06 5.16562e-19
-0.000133816 3.28326e-06 5.16543e-19
-0.000132162 3.91676e-06 5.16525e-19
-0.0001306 4.52917e-06 5.16508e-19
-0.00012913 5.12083e-06 5.16491e-19
-0.000127823 5.68174e-06 5.16475e-19
-0.000126619 6.22058e-06 5.1646e-19
-0.000125471 6.74474e-06 5.16445e-19
-0.000124404 7.25046e-06 5.16431e-19
-0.000123396 7.74137e-06 5.16417e-19
-0.000122456 8.21613e-06 5.16404e-19
-0.000121571 8.67685e-06 5.16391e-19
-0.000120742 9.12353e-06 5.16378e-19
-0.00011996 9.55779e-06 5.16366e-19
-0.000119223 9.98028e-06 5.16355e-19
-0.000118523 1.03923e-05 5.16343e-19
-0.000117856 1.07947e-05 5.16332e-19
-0.000117215 1.11885e-05 5.16321e-19
-0.000116598 1.15744e-05 5.1631e-19
-0.000115997 1.19536e-05 5.163e-19
-0.000115407 1.23273e-05 5.16289e-19
-0.000114818 1.2697e-05 5.16279e-19
-0.000114225 1.3064e-05 5.16269e-19
-0.000113617 1.34298e-05 5.16259e-19
-0.000112988 1.37962e-05 5.16249e-19
-0.000112329 1.41647e-05 5.16238e-19
-0.00011163 1.45369e-05 5.16228e-19
-0.000110885 1.49142e-05 5.16217e-19
-0.000110091 1.52969e-05 5.16207e-19
-0.000109246 1.56851e-05 5.16196e-19
-0.000108352 1.60787e-05 5.16185e-19
-0.00010741 1.6477e-05 5.16173e-19
-0.000106423 1.68791e-05 5.16162e-19
-0.000105399 1.72836e-05 5.1615e-19
-0.000104343 1.7689e-05 5.16139e-19
-0.000103262 1.80937e-05 5.16127e-19
-0.000102166 1.84959e-05 5.16115e-19
-0.000101062 1.88937e-05 5.16104e-19
-9.99587e-05 1.92851e-05 5.16093e-19
-9.88656e-05 1.96684e-05 5.16082e-19
-9.77897e-05 2.00419e-05 5.16071e-19
-9.67377e-05 2.04041e-05 5.1606e-19
-9.57161e-05 2.07538e-05 5.1605e-19
-9.4732e-05 2.10892e-05 5.1604e-19
-9.37936e-05 2.14089e-05 5.16031e-19
-9.29093e-05 2.17109e-05 5.16022e-19
-9.20878e-05 2.19933e-05 5.16014e-19
-9.13367e-05 2.22548e-05 5.16007e-19
-9.06614e-05 2.24939e-05 5.16e-19
-9.00659e-05 2.27101e-05 5.15993e-19
-8.95534e-05 2.29025e-05 5.15988e-19
-8.91267e-05 2.30705e-05 5.15983e-19
-8.87872e-05 2.3214e-05 5.15979e-19
-8.85357e-05 2.33327e-05 5.15976e-19
-8.83722e-05 2.34267e-05 5.15973e-19
-8.82965e-05 2.34959e-05 5.15971e-19
-8.83071e-05 2.35407e-05 5.1597e-19
-8.84022e-05 2.35615e-05 5.15969e-19
-8.85791e-05 2.35588e-05 5.15969e-19
-8.88348e-05 2.35333e-05 5.1597e-19
-8.91648e-05 2.34858e-05 5.15972e-19
-8.9564e-05 2.34176e-05 5.15974e-19
-9.00267e-05 2.33297e-05 5.15977e-19
-9.05478e-05 2.32232e-05 5.1598e-19
-9.11241e-05 2.30989e-05 5.15984e-19
-9.17532e-05 2.29571e-05 5.15988e-19
-9.2433e-05 2.27983e-05 5.15993e-19
-9.31603e-05 2.26232e-05 5.15998e-19
-9.39301e-05 2.24327e-05 5.16003e-19
-9.47359e-05 2.22283e-05 5.1601e-19
-9.55714e-05 2.20112e-05 5.16016e-19
-9.64303e-05 2.17827e-05 5.16023e-19
-9.73083e-05 2.15438e-05 5.1603e-19
-9.82021e-05 2.12951e-05 5.16037e-19
-9.91084e-05 2.10372e-05 5.16045e-19
-0.000100024 2.07708e-05 5.16052e-19
-0.000100946 2.04964e-05 5.16061e-19
-0.000101872 2.02147e-05 5.16069e-19
-0.000102798 1.99262e-05 5.16077e-19
-0.000103722 1.96316e-05 5.16086e-19
-0.00010464 1.93316e-05 5.16094e-19
-0.000105546 1.90273e-05 5.16103e-19
-0.000106438 1.87193e-05 5.16112e-19
-0.000107311 1.84086e-05 5.16121e-19
-0.000108159 1.80962e-05 5.1613e-19
-0.00010898 1.77831e-05 5.16139e-19
-0.000109769 1.74699e-05 5.16148e-19
-0.000110523 1.71576e-05 5.16157e-19
-0.000111239 1.68467e-05 5.16166e-19
-0.000111915 1.65375e-05 5.16174e-19
-0.000112551 1.62305e-05 5.16183e-19
-0.000113147 1.59256e-05 5.16191e-19
-0.000113705 1.56225e-05 5.162e-19
-0.000114228 1.53206e-05 5.16208e-19
-0.000114722 1.50191e-05 5.16217e-19
-0.000115191 1.47172e-05 5.16225e-19
-0.000115637 1.44143e-05 5.16233e-19
-0.000116066 1.41099e-05 5.16242e-19
-0.00011648 1.38035e-05 5.1625e-19
-0.000116883 1.34943e-05 5.16259e-19
-0.000117282 1.31815e-05 5.16267e-19
-0.000117683 1.28639e-05 5.16276e-19
-0.000118092 1.25403e-05 5.16285e-19
-0.000118516 1.22096e-05 5.16294e-19
-0.00011896 1.1871e-05 5.16303e-19
-0.000119429 1.15238e-05 5.16313e-19
-0.000119926 1.11673e-05 5.16323e-19
-0.000120456 1.08011e-05 5.16333e-19
-0.000121022 1.04243e-05 5.16343e-19
-0.00012163 1.00365e-05 5.16354e-19
-0.000122282 9.63704e-06 5.16365e-19
-0.000122981 9.22553e-06 5.16376e-19
-0.000123729 8.80188e-06 5.16388e-19
-0.000124526 8.36617e-06 5.164e-19
-0.000125372 7.91863e-06 5.16413e-19
-0.000126267 7.45953e-06 5.16426e-19
-0.00012721 6.98916e-06 5.16439e-19
-0.0001282 6.50779e-06 5.16453e-19
-0.000129236 6.01583e-06 5.16467e-19
-0.000130316 5.5138e-06 5.16481e-19
-0.000131488 4.9953e-06 5.16496e-19
-0.000132733 4.46324e-06 5.16511e-19
-0.000134006 3.92467e-06 5.16526e-19
-0.000135309 3.37967e-06 5.16542e-19
-0.000136632 2.82996e-06 5.16557e-19
-0.000137975 2.27612e-06 5.16573e-19
-0.000139329 1.71954e-06 5.16589e-19
-0.000140693 1.16101e-06 5.16605e-19
-0.00014206 6.01842e-07 5.16621e-19
-0.000143411 4.43022e-08 5.16637e-19
-0.000144756 -5.1201e-07 5.16653e-19
-0.000146097 -1.06693e-06 5.16669e-19
-0.000147428 -1.6194e-06 5.16685e-19
-0.000148752 -2.16955e-06 5.16701e-19
-0.000150065 -2.71674e-06 5.16716e-19
-0.000151368 -3.26108e-06 5.16732e-19
-0.00015266 -3.80233e-06 5.16747e-19
-0.000153944 -4.34082e-06 5.16763e-19
-0.000155221 -4.87657e-06 5.16778e-19
-0.000156491 -5.40988e-06 5.16793e-19
-0.000157756 -5.94089e-06 5.16808e-19
-0.000159019 -6.46992e-06 5.16823e-19
-0.00016028 -6.99719e-06 5.16839e-19
-0.000161542 -7.52306e-06 5.16854e-19
-0.000162808 -8.04808e-06 5.16869e-19
-0.000164081 -8.57298e-06 5.16884e-19
-0.000165365 -9.09846e-06 5.16899e-19
-0.000166661 -9.62535e-06 5.16914e-19
-0.000167973 -1.01539e-05 5.16929e-19
-0.000169304 -1.06844e-05 5.16944e-19
-0.000170653 -1.1217e-05 5.16959e-19
-0.000172023 -1.17523e-05 5.16975e-19
-0.000173417 -1.22906e-05 5.1699e-19
-0.000174839 -1.28326e-05 5.17006e-19
-0.00017629 -1.33788e-05 5.17021e-19
-0.000177774 -1.39297e-05 5.17037e-19
-0.000179289 -1.44852e-05 5.17053e-19
-0.000180836 -1.50454e-05 5.17069e-19
-0.000182414 -1.56099e-05 5.17086e-19
-0.000184021 -1.61787e-05 5.17102e-19
-0.000185658 -1.67514e-05 5.17118e-19
-0.000187322 -1.73278e-05 5.17135e-19
-0.000189013 -1.79079e-05 5.17152e-19
-0.00019073 -1.84913e-05 5.17169e-19
-0.000192463 -1.90759e-05 5.17185e-19
-0.000194213 -1.96623e-05 5.17202e-19
-0.000195989 -2.02516e-05 5.17219e-19
-0.000197783 -2.08428e-05 5.17237e-19
-0.000199595 -2.14354e-05 5.17254e-19
-0.00020142 -2.20284e-05 5.17271e-19
-0.000203256 -2.26214e-05 5.17288e-19
-0.0002051 -2.32133e-05 5.17305e-19
-0.000206943 -2.38028e-05 5.17322e-19
-0.000208784 -2.4389e-05 5.17339e-19
-0.000210617 -2.49707e-05 5.17356e-19
-0.00021244 -2.55474e-05 5.17373e-19
-0.000214252 -2.61188e-05 5.17389e-19
-0.000216055 -2.66852e-05 5.17406e-19
-0.000217851 -2.72469e-05 5.17422e-19
-0.000219643 -2.78043e-05 5.17438e-19
-0.000221432 -2.83576e-05 5.17454e-19
-0.00022322 -2.89069e-05 5.1747e-19
-0.000225006 -2.94522e-05 5.17486e-19
-0.000226793 -2.99937e-05 5.17501e-19
-0.000228579 -3.05312e-05 5.17517e-19
-0.000230364 -3.10643e-05 5.17532e-19
-0.000232147 -3.15927e-05 5.17548e-19
-0.000233925 -3.21161e-05 5.17563e-19
-0.000235697 -3.26339e-05 5.17578e-19
-0.000237462 -3.3146e-05 5.17593e-19
-0.000239217 -3.36517e-05 5.17608e-19
-0.00024096 -3.41506e-05 5.17622e-19
-0.000242689 -3.46423e-05 5.17637e-19
-0.000244402 -3.51264e-05 5.17651e-19
-0.000246097 -3.56025e-05 5.17665e-19
-0.00024777 -3.60699e-05 5.17678e-19
-0.000249417 -3.65279e-05 5.17692e-19
-0.000251034 -3.69755e-05 5.17705e-19
-0.000252615 -3.74118e-05 5.17718e-19
-0.000254155 -3.78356e-05 5.1773e-19
-0.000255647 -3.82457e-05 5.17742e-19
-0.000257085 -3.86407e-05 5.17754e-19
-0.000258461 -3.90191e-05 5.17765e-19
-0.000259768 -3.93797e-05 5.17775e-19
-0.000261004 -3.97217e-05 5.17785e-19
-0.000262164 -4.00446e-05 5.17795e-19
-0.000263247 -4.03479e-05 5.17804e-19
-0.00026425 -4.06312e-05 5.17812e-19
-0.000265173 -4.08944e-05 5.1782e-19
-0.000266015 -4.11371e-05 5.17827e-19
-0.000266774 -4.13594e-05 5.17833e-19
-0.000267452 -4.15614e-05 5.17839e-19
-0.000268051 -4.17432e-05 5.17844e-19
-0.000268571 -4.19052e-05 5.17849e-19
-0.000269015 -4.20479e-05 5.17853e-19
-0.000269387 -4.21718e-05 5.17857e-19
-0.000269688 -4.22774e-05 5.1786e-19
-0.000269921 -4.2365e-05 5.17862e-19
-0.000270089 -4.24351e-05 5.17864e-19
-0.000270194 -4.24882e-05 5.17866e-19
-0.000270237 -4.25244e-05 5.17867e-19
-0.00027022 -4.25441e-05 5.17867e-19
-0.000270144 -4.25473e-05 5.17867e-19
-0.00027001 -4.25344e-05 5.17867e-19
-0.000269823 -4.25059e-05 5.17866e-19
-0.000269583 -4.24623e-05 5.17865e-19
-0.000269297 -4.24045e-05 5.17863e-19
-0.000268965 -4.23331e-05 5.17861e-19
-0.000268592 -4.22485e-05 5.17858e-19
-0.000268178 -4.2151e-05 5.17855e-19
-0.000267725 -4.20411e-05 5.17852e-19
-0.000267234 -4.1919e-05 5.17849e-19
-0.000266705 -4.17847e-05 5.17845e-19
-0.000266139 -4.16382e-05 5.1784e-19
-0.000265534 -4.14794e-05 5.17836e-19
-0.000264889 -4.13083e-05 5.17831e-19
-0.000264204 -4.11246e-05 5.17825e-19
-0.000263477 -4.09281e-05 5.1782e-19
-0.000262705 -4.07184e-05 5.17813e-19
-0.000261887 -4.04953e-05 5.17807e-19
-0.000261024 -4.02588e-05 5.178e-19
-0.000260114 -4.00088e-05 5.17793e-19
-0.000259157 -3.97457e-05 5.17785e-19
-0.000258154 -3.94692e-05 5.17777e-19
-0.000257105 -3.91797e-05 5.17769e-19
-0.000256009 -3.88769e-05 5.1776e-19
-0.000254866 -3.8561e-05 5.17751e-19
-0.000253677 -3.82321e-05 5.17741e-19
-0.000252444 -3.78905e-05 5.17731e-19
-0.000251167 -3.75367e-05 5.17721e-19
-0.00024985 -3.71712e-05 5.1771e-19
-0.000248494 -3.67944e-05 5.17699e-19
-0.000247103 -3.64069e-05 5.17688e-19
-0.000245679 -3.60092e-05 5.17676e-19
-0.000244224 -3.56017e-05 5.17664e-19
-0.000242741 -3.51851e-05 5.17652e-19
-0.000241235 -3.47601e-05 5.17639e-19
-0.000239709 -3.43276e-05 5.17627e-19
-0.000238167 -3.38886e-05 5.17614e-19
-0.000236616 -3.34438e-05 5.17601e-19
-0.000235059 -3.29944e-05 5.17588e-19
-0.000233501 -3.25412e-05 5.17575e-19
-0.000231947 -3.20852e-05 5.17561e-19
-0.000230401 -3.16274e-05 5.17548e-19
-0.000228866 -3.11681e-05 5.17535e-19
-0.000227343 -3.07078e-05 5.17521e-19
-0.000225834 -3.02466e-05 5.17508e-19
-0.000224339 -2.97846e-05 5.17494e-19
-0.000222856 -2.93216e-05 5.17481e-19
-0.000221383 -2.8857e-05 5.17467e-19
-0.000219917 -2.83904e-05 5.17454e-19
-0.000218455 -2.7921e-05 5.1744e-19
-0.000216994 -2.74481e-05 5.17427e-19
-0.000215529 -2.69709e-05 5.17413e-19
-0.000214057 -2.64887e-05 5.17399e-19
-0.000212574 -2.60007e-05 5.17385e-19
-0.000211076 -2.55062e-05 5.1737e-19
-0.00020956 -2.50046e-05 5.17356e-19
-0.000208025 -2.44956e-05 5.17341e-19
-0.000206467 -2.39783e-05 5.17326e-19
-0.000204882 -2.34523e-05 5.17311e-19
-0.000203268 -2.29167e-05 5.17295e-19
-0.00020162 -2.23707e-05 5.1728e-19
-0.000199937 -2.18141e-05 5.17264e-19
-0.000198216 -2.12462e-05 5.17247e-19
-0.000196453 -2.06662e-05 5.1723e-19
-0.000194649 -2.00741e-05 5.17213e-19
-0.000192802 -1.94696e-05 5.17195e-19
-0.000190913 -1.88527e-05 5.17178e-19
-0.000188982 -1.82234e-05 5.17159e-19
-0.000187006 -1.7581e-05 5.17141e-19
-0.000184985 -1.69256e-05 5.17122e-19
-0.000182922 -1.62573e-05 5.17102e-19
-0.000180819 -1.55767e-05 5.17082e-19
-0.000178679 -1.48844e-05 5.17062e-19
-0.000176505 -1.41809e-05 5.17042e-19
-0.000174301 -1.34669e-05 5.17021e-19
-0.00017207 -1.2743e-05 5.17e-19
-0.000169817 -1.201e-05 5.16979e-19
-0.000167543 -1.12685e-05 5.16957e-19
-0.000165255 -1.05197e-05 5.16935e-19
-0.000162961 -9.76509e-06 5.16914e-19
-0.000160667 -9.00588e-06 5.16892e-19
-0.000158377 -8.24366e-06 5.1687e-19
-0.000156098 -7.47967e-06 5.16847e-19
-0.000153841 -6.71543e-06 5.16825e-19
-0.00015161 -5.95242e-06 5.16803e-19
-0.000149411 -5.1919e-06 5.16781e-19
-0.000147251 -4.43525e-06 5.1676e-19
-0.000145134 -3.68364e-06 5.16738e-19
-0.000143065 -2.9382e-06 5.16717e-19
-0.000141048 -2.20002e-06 5.16695e-19
-0.000139088 -1.47052e-06 5.16674e-19
-0.000137192 -7.51212e-07 5.16654e-19
-0.000135365 -4.35516e-08 5.16634e-19
-0.000133612 6.51226e-07 5.16614e-19
-0.000131936 1.33199e-06 5.16595e-19
-0.00013034 1.99779e-06 5.16576e-19
-0.000128827 2.6478e-06 5.16557e-19
-0.000127398 3.28141e-06 5.16539e-19
-0.000126052 3.89824e-06 5.16522e-19
-0.000124766 4.50026e-06 5.16505e-19
-0.000123555 5.08569e-06 5.16489e-19
-0.000122428 5.65372e-06 5.16473e-19
-0.000121461 6.19299e-06 5.16458e-19
-0.00012059 6.71255e-06 5.16443e-19
-0.000119758 7.22085e-06 5.16429e-19
-0.000118994 7.71364e-06 5.16416e-19
-0.000118265 8.19606e-06 5.16402e-19
-0.000117576 8.66758e-06 5.16389e-19
-0.000116907 9.13169e-06 5.16376e-19
-0.000116254 9.58908e-06 5.16364e-19
-0.000115604 1.00422e-05 5.16351e-19
-0.000114951 1.04923e-05 5.16339e-19
-0.000114284 1.09412e-05 5.16327e-19
-0.000113597 1.139e-05 5.16314e-19
-0.000112882 1.18406e-05 5.16302e-19
-0.000112131 1.22941e-05 5.16289e-19
-0.000111338 1.27522e-05 5.16276e-19
-0.000110498 1.32156e-05 5.16263e-19
-0.000109607 1.36853e-05 5.1625e-19
-0.000108663 1.41614e-05 5.16236e-19
-0.000107667 1.46442e-05 5.16223e-19
-0.000106619 1.51337e-05 5.16209e-19
-0.000105518 1.56299e-05 5.16195e-19
-0.000104366 1.61328e-05 5.1618e-19
-0.000103163 1.66422e-05 5.16166e-19
-0.000101912 1.71577e-05 5.16151e-19
-0.000100616 1.76789e-05 5.16136e-19
-9.92803e-05 1.82048e-05 5.16121e-19
-9.7908e-05 1.87347e-05 5.16106e-19
-9.65046e-05 1.92676e-05 5.1609e-19
-9.50744e-05 1.98027e-05 5.16075e-19
-9.36217e-05 2.03392e-05 5.16059e-19
-9.21509e-05 2.08763e-05 5.16044e-19
-9.0666e-05 2.14131e-05 5.16028e-19
-8.91712e-05 2.19489e-05 5.16013e-19
-8.76704e-05 2.24828e-05 5.15998e-19
-8.6167e-05 2.3014e-05 5.15982e-19
-8.46643e-05 2.3542e-05 5.15967e-19
-8.31643e-05 2.40663e-05 5.15952e-19
-8.16683e-05 2.45865e-05 5.15937e-19
-8.01771e-05 2.51025e-05 5.15922e-19
-7.86924e-05 2.56139e-05 5.15907e-19
-7.72172e-05 2.612e-05 5.15892e-19
-7.57556e-05 2.66198e-05 5.15878e-19
-7.43118e-05 2.71124e-05 5.15864e-19
-7.28904e-05 2.75968e-05 5.1585e-19
-7.14971e-05 2.80716e-05 5.15836e-19
-7.01386e-05 2.85354e-05 5.15822e-19
-6.88215e-05 2.89868e-05 5.15809e-19
-6.75517e-05 2.94243e-05 5.15797e-19
-6.63347e-05 2.98467e-05 5.15785e-19
-6.51753e-05 3.0253e-05 5.15773e-19
-6.40777e-05 3.06422e-05 5.15762e-19
-6.30456e-05 3.10134e-05 5.15751e-19
-6.20818e-05 3.13659e-05 5.15741e-19
-6.11878e-05 3.16993e-05 5.15732e-19
-6.03653e-05 3.20133e-05 5.15723e-19
-5.96147e-05 3.23075e-05 5.15714e-19
-5.89362e-05 3.25819e-05 5.15707e-19
-5.83292e-05 3.28365e-05 5.15699e-19
-5.77927e-05 3.30714e-05 5.15693e-19
-5.73251e-05 3.32868e-05 5.15687e-19
-5.69243e-05 3.34831e-05 5.15681e-19
-5.65875e-05 3.36608e-05 5.15677e-19
-5.63117e-05 3.38202e-05 5.15672e-19
-5.60937e-05 3.39621e-05 5.15668e-19
-5.5931e-05 3.40868e-05 5.15665e-19
-5.58212e-05 3.41946e-05 5.15662e-19
-5.57617e-05 3.4286e-05 5.1566e-19
-5.57497e-05 3.43614e-05 5.15658e-19
-5.57822e-05 3.44212e-05 5.15657e-19
-5.58561e-05 3.44659e-05 5.15656e-19
-5.59681e-05 3.44961e-05 5.15655e-19
-5.61145e-05 3.45123e-05 5.15655e-19
-5.62913e-05 3.45152e-05 5.15655e-19
-5.64939e-05 3.45056e-05 5.15656e-19
-5.6718e-05 3.44841e-05 5.15656e-19
-5.69589e-05 3.44517e-05 5.15658e-19
-5.72109e-05 3.44092e-05 5.15659e-19
-5.74677e-05 3.4358e-05 5.15661e-19
-5.77234e-05 3.42989e-05 5.15663e-19
-5.79731e-05 3.4233e-05 5.15665e-19
-5.8213e-05 3.41608e-05 5.15667e-19
-5.84405e-05 3.40828e-05 5.15669e-19
-5.86537e-05 3.39993e-05 5.15671e-19
-5.88513e-05 3.39104e-05 5.15674e-19
-5.90316e-05 3.38165e-05 5.15677e-19
-5.91933e-05 3.37178e-05 5.15679e-19
-5.93357e-05 3.36145e-05 5.15682e-19
-5.94592e-05 3.35064e-05 5.15685e-19
-5.95647e-05 3.33934e-05 5.15688e-19
-5.96539e-05 3.32753e-05 5.15691e-19
-5.97294e-05 3.31515e-05 5.15695e-19
-5.97943e-05 3.30217e-05 5.15698e-19
-5.98509e-05 3.28855e-05 5.15702e-19
-5.99015e-05 3.27426e-05 5.15706e-19
-5.99489e-05 3.25926e-05 5.15709e-19
-5.99974e-05 3.24349e-05 5.15714e-19
-6.00528e-05 3.22685e-05 5.15718e-19
-6.01224e-05 3.20923e-05 5.15723e-19
-6.0214e-05 3.19048e-05 5.15727e-19
-6.03363e-05 3.17046e-05 5.15733e-19
-6.04987e-05 3.14901e-05 5.15738e-19
-6.07116e-05 3.12593e-05 5.15745e-19
-6.09852e-05 3.10106e-05 5.15751e-19
-6.13294e-05 3.07421e-05 5.15759e-19
-6.17543e-05 3.04521e-05 5.15766e-19
-6.22692e-05 3.01389e-05 5.15775e-19
-6.28831e-05 2.9801e-05 5.15784e-19
-6.36039e-05 2.9437e-05 5.15795e-19
-6.44387e-05 2.90456e-05 5.15805e-19
-6.53935e-05 2.86258e-05 5.15817e-19
-6.64731e-05 2.81768e-05 5.1583e-19
-6.76814e-05 2.76981e-05 5.15843e-19
-6.90214e-05 2.7189e-05 5.15858e-19
-7.04952e-05 2.66493e-05 5.15873e-19
-7.21033e-05 2.6079e-05 5.1589e-19
-7.3845e-05 2.54783e-05 5.15907e-19
-7.57173e-05 2.48478e-05 5.15925e-19
-7.77155e-05 2.41884e-05 5.15944e-19
-7.98336e-05 2.35015e-05 5.15964e-19
-8.20653e-05 2.27883e-05 5.15985e-19
-8.44045e-05 2.205e-05 5.16006e-19
-8.68456e-05 2.12876e-05 5.16028e-19
-8.93819e-05 2.05024e-05 5.16051e-19
-9.20063e-05 1.96959e-05 5.16075e-19
-9.47103e-05 1.88696e-05 5.16099e-19
-9.74851e-05 1.80251e-05 5.16123e-19
-0.000100321 1.71644e-05 5.16149e-19
-0.000103209 1.62894e-05 5.16174e-19
-0.000106138 1.5402e-05 5.162e-19
-0.000109096 1.45046e-05 5.16226e-19
-0.000112074 1.35993e-05 5.16253e-19
-0.000115059 1.26882e-05 5.16279e-19
-0.00011804 1.17737e-05 5.16306e-19
-0.000121007 1.0858e-05 5.16332e-19
-0.000123949 9.94325e-06 5.16359e-19
-0.000126855 9.03154e-06 5.16386e-19
-0.000129717 8.12484e-06 5.16412e-19
-0.000132525 7.22501e-06 5.16438e-19
-0.000135272 6.33374e-06 5.16464e-19
-0.000137951 5.45241e-06 5.16489e-19
-0.000140559 4.58189e-06 5.16514e-19
-0.000143093 3.72267e-06 5.16539e-19
-0.000145554 2.87501e-06 5.16564e-19
-0.000148047 2.02412e-06 5.16588e-19
-0.000150492 1.1813e-06 5.16612e-19
-0.00015284 3.54232e-07 5.16636e-19
-0.000155127 -4.62291e-07 5.1666e-19
-0.000157327 -1.26421e-06 5.16683e-19
-0.000159461 -2.05434e-06 5.16705e-19
-0.000161516 -2.83088e-06 5.16728e-19
-0.000163506 -3.59556e-06 5.16749e-19
-0.000165427 -4.34779e-06 5.16771e-19
-0.000167286 -5.08893e-06 5.16792e-19
-0.000169063 -5.81676e-06 5.16813e-19
-0.000170782 -6.53451e-06 5.16833e-19
-0.000172459 -7.24379e-06 5.16853e-19
-0.000174094 -7.94536e-06 5.16873e-19
-0.000175702 -8.64131e-06 5.16893e-19
-0.000177286 -9.33282e-06 5.16912e-19
-0.000178859 -1.00218e-05 5.16932e-19
-0.000180424 -1.07091e-05 5.16951e-19
-0.00018199 -1.13963e-05 5.16971e-19
-0.000183562 -1.20842e-05 5.1699e-19
-0.000185146 -1.2774e-05 5.1701e-19
-0.00018675 -1.34671e-05 5.17029e-19
-0.000188383 -1.41653e-05 5.17049e-19
-0.000190051 -1.48699e-05 5.17069e-19
-0.000191763 -1.55825e-05 5.17089e-19
-0.000193525 -1.63044e-05 5.1711e-19
-0.000195343 -1.70366e-05 5.17131e-19
-0.000197221 -1.77803e-05 5.17152e-19
-0.000199162 -1.85364e-05 5.17174e-19
-0.000201168 -1.93052e-05 5.17196e-19
-0.000203242 -2.00863e-05 5.17218e-19
-0.000205372 -2.08781e-05 5.17241e-19
-0.000207567 -2.16819e-05 5.17264e-19
-0.000209834 -2.24994e-05 5.17288e-19
-0.000212174 -2.33305e-05 5.17312e-19
-0.000214584 -2.41751e-05 5.17336e-19
-0.000217062 -2.50327e-05 5.17361e-19
-0.00021961 -2.59034e-05 5.17386e-19
-0.000222223 -2.67864e-05 5.17412e-19
-0.000224901 -2.76815e-05 5.17438e-19
-0.00022764 -2.85882e-05 5.17464e-19
-0.000230438 -2.95056e-05 5.1749e-19
-0.000233291 -3.04331e-05 5.17517e-19
-0.000236194 -3.13698e-05 5.17545e-19
-0.000239143 -3.23147e-05 5.17572e-19
-0.00024213 -3.32661e-05 5.176e-19
-0.000245145 -3.42221e-05 5.17628e-19
-0.00024818 -3.51809e-05 5.17656e-19
-0.000251226 -3.61406e-05 5.17684e-19
-0.000254274 -3.70994e-05 5.17712e-19
-0.000257317 -3.80558e-05 5.17739e-19
-0.000260348 -3.90084e-05 5.17767e-19
-0.00026336 -3.99559e-05 5.17795e-19
-0.000266349 -4.0897e-05 5.17822e-19
-0.000269309 -4.1831e-05 5.17849e-19
-0.000272237 -4.2757e-05 5.17876e-19
-0.00027513 -4.36743e-05 5.17903e-19
-0.000277984 -4.45823e-05 5.17929e-19
-0.000280797 -4.54806e-05 5.17956e-19
-0.000283569 -4.63689e-05 5.17981e-19
-0.000286297 -4.72469e-05 5.18007e-19
-0.000288979 -4.81142e-05 5.18032e-19
-0.000291613 -4.89704e-05 5.18057e-19
-0.000294197 -4.9815e-05 5.18081e-19
-0.000296731 -5.06479e-05 5.18105e-19
-0.000299212 -5.14688e-05 5.18129e-19
-0.000301641 -5.22776e-05 5.18152e-19
-0.000304018 -5.30743e-05 5.18175e-19
-0.000306341 -5.38588e-05 5.18198e-19
-0.000308609 -5.46306e-05 5.1822e-19
-0.000310819 -5.53891e-05 5.18242e-19
-0.000312968 -5.61336e-05 5.18263e-19
-0.000315054 -5.68636e-05 5.18284e-19
-0.000317076 -5.75786e-05 5.18305e-19
-0.000319032 -5.82784e-05 5.18325e-19
-0.000320923 -5.89627e-05 5.18344e-19
-0.000322747 -5.96315e-05 5.18363e-19
-0.000324509 -6.02849e-05 5.18382e-19
-0.00032621 -6.09235e-05 5.184e-19
-0.000327855 -6.15479e-05 5.18418e-19
-0.000329448 -6.21587e-05 5.18435e-19
-0.000330995 -6.27571e-05 5.18452e-19
-0.000332504 -6.33441e-05 5.18469e-19
-0.000333981 -6.39209e-05 5.18485e-19
-0.000335434 -6.4489e-05 5.18501e-19
-0.00033687 -6.50495e-05 5.18517e-19
-0.000338298 -6.56038e-05 5.18533e-19
-0.000339724 -6.61532e-05 5.18549e-19
-0.000341155 -6.66988e-05 5.18564e-19
-0.000342596 -6.72411e-05 5.1858e-19
-0.000344049 -6.77803e-05 5.18595e-19
-0.000345515 -6.83166e-05 5.1861e-19
-0.000346995 -6.885e-05 5.18625e-19
-0.000348493 -6.93808e-05 5.18641e-19
-0.000350011 -6.99096e-05 5.18656e-19
-0.000351552 -7.04366e-05 5.18671e-19
-0.000353116 -7.09618e-05 5.18686e-19
-0.000354701 -7.14848e-05 5.18701e-19
-0.000356304 -7.20047e-05 5.18716e-19
-0.00035792 -7.25204e-05 5.18731e-19
-0.000359543 -7.30308e-05 5.18746e-19
-0.000361167 -7.35345e-05 5.18761e-19
-0.000362783 -7.40299e-05 5.18775e-19
-0.000364386 -7.45156e-05 5.18789e-19
-0.000365964 -7.49897e-05 5.18803e-19
-0.000367509 -7.54501e-05 5.18817e-19
-0.000369008 -7.58945e-05 5.1883e-19
-0.000370449 -7.63205e-05 5.18842e-19
-0.000371821 -7.67258e-05 5.18854e-19
-0.000373113 -7.71081e-05 5.18866e-19
-0.000374312 -7.74653e-05 5.18876e-19
-0.00037541 -7.77953e-05 5.18886e-19
-0.000376395 -7.80961e-05 5.18895e-19
-0.00037726 -7.83661e-05 5.18903e-19
-0.000377997 -7.86038e-05 5.1891e-19
-0.000378599 -7.8808e-05 5.18916e-19
-0.000379061 -7.89774e-05 5.18921e-19
-0.000379375 -7.91105e-05 5.18924e-19
-0.000379534 -7.92059e-05 5.18927e-19
-0.000379533 -7.92623e-05 5.18929e-19
-0.000379366 -7.92788e-05 5.18929e-19
-0.000379033 -7.92551e-05 5.18928e-19
-0.000378535 -7.91912e-05 5.18926e-19
-0.000377873 -7.90876e-05 5.18923e-19
-0.000377051 -7.89447e-05 5.18919e-19
-0.000376071 -7.8763e-05 5.18913e-19
-0.000374937 -7.85431e-05 5.18907e-19
-0.000373654 -7.82856e-05 5.18899e-19
-0.000372225 -7.79915e-05 5.1889e-19
-0.000370659 -7.76618e-05 5.1888e-19
-0.000368962 -7.72981e-05 5.18869e-19
-0.000367143 -7.69019e-05 5.18857e-19
-0.000365211 -7.64749e-05 5.18844e-19
-0.000363176 -7.6019e-05 5.1883e-19
-0.000361051 -7.55366e-05 5.18816e-19
-0.000358846 -7.50298e-05 5.18801e-19
-0.000356573 -7.4501e-05 5.18785e-19
-0.000354245 -7.39524e-05 5.18769e-19
-0.000351874 -7.33865e-05 5.18752e-19
-0.00034947 -7.28056e-05 5.18735e-19
-0.000347046 -7.2212e-05 5.18717e-19
-0.000344613 -7.16079e-05 5.18699e-19
-0.000342182 -7.09959e-05 5.18681e-19
-0.000339765 -7.0378e-05 5.18663e-19
-0.00033737 -6.97563e-05 5.18644e-19
-0.000335006 -6.91323e-05 5.18626e-19
-0.000332679 -6.85077e-05 5.18608e-19
-0.000330396 -6.78836e-05 5.18589e-19
-0.00032816 -6.72612e-05 5.18571e-19
-0.000325978 -6.66417e-05 5.18553e-19
-0.000323855 -6.60263e-05 5.18535e-19
-0.000321795 -6.54161e-05 5.18517e-19
-0.000319802 -6.48119e-05 5.185e-19
-0.000317875 -6.42141e-05 5.18482e-19
-0.000316016 -6.36227e-05 5.18465e-19
-0.000314222 -6.30377e-05 5.18448e-19
-0.000312492 -6.24588e-05 5.18432e-19
-0.000310823 -6.18858e-05 5.18415e-19
-0.000309213 -6.13181e-05 5.18399e-19
-0.000307658 -6.07554e-05 5.18383e-19
-0.000306154 -6.0197e-05 5.18367e-19
-0.000304699 -5.96424e-05 5.18351e-19
-0.000303289 -5.9091e-05 5.18336e-19
-0.000301919 -5.85422e-05 5.1832e-19
-0.000300586 -5.79954e-05 5.18304e-19
-0.000299288 -5.74501e-05 5.18289e-19
-0.000298022 -5.6906e-05 5.18274e-19
-0.000296786 -5.63629e-05 5.18258e-19
-0.000295577 -5.58202e-05 5.18243e-19
-0.000294392 -5.52773e-05 5.18228e-19
-0.000293225 -5.47334e-05 5.18212e-19
-0.000292072 -5.41874e-05 5.18197e-19
-0.000290927 -5.36386e-05 5.18181e-19
-0.000289787 -5.30859e-05 5.18166e-19
-0.000288644 -5.25283e-05 5.1815e-19
-0.000287495 -5.1965e-05 5.18134e-19
-0.000286334 -5.13948e-05 5.18118e-19
-0.000285155 -5.08169e-05 5.18102e-19
-0.000283954 -5.02302e-05 5.18085e-19
-0.000282723 -4.96335e-05 5.18068e-19
-0.000281458 -4.9026e-05 5.18051e-19
-0.000280153 -4.84062e-05 5.18033e-19
-0.000278799 -4.77729e-05 5.18015e-19
-0.000277391 -4.71247e-05 5.17997e-19
-0.00027592 -4.64604e-05 5.17978e-19
-0.000274382 -4.57785e-05 5.17959e-19
-0.000272768 -4.50778e-05 5.17939e-19
-0.000271072 -4.4357e-05 5.17918e-19
-0.000269289 -4.36152e-05 5.17897e-19
-0.000267416 -4.28517e-05 5.17875e-19
-0.000265451 -4.20662e-05 5.17852e-19
-0.000263394 -4.12586e-05 5.17829e-19
-0.000261244 -4.0429e-05 5.17805e-19
-0.000259003 -3.95778e-05 5.17781e-19
-0.000256674 -3.87055e-05 5.17756e-19
-0.00025426 -3.78128e-05 5.1773e-19
-0.000251765 -3.69006e-05 5.17703e-19
-0.000249193 -3.59697e-05 5.17676e-19
-0.000246549 -3.50208e-05 5.17649e-19
-0.000243835 -3.40548e-05 5.17621e-19
-0.000241059 -3.30728e-05 5.17592e-19
-0.000238225 -3.2076e-05 5.17564e-19
-0.000235342 -3.10659e-05 5.17534e-19
-0.000232417 -3.0044e-05 5.17505e-19
-0.000229457 -2.90117e-05 5.17475e-19
-0.00022647 -2.79707e-05 5.17445e-19
-0.000223458 -2.69223e-05 5.17414e-19
-0.000220433 -2.58681e-05 5.17384e-19
-0.000217405 -2.48097e-05 5.17353e-19
-0.000214384 -2.37496e-05 5.17322e-19
-0.000211378 -2.26892e-05 5.17292e-19
-0.000208396 -2.16307e-05 5.17261e-19
-0.000205443 -2.05761e-05 5.17231e-19
-0.000202521 -1.95253e-05 5.17201e-19
-0.000199642 -1.84802e-05 5.1717e-19
-0.000196808 -1.74419e-05 5.17141e-19
-0.000194027 -1.64116e-05 5.17111e-19
-0.000191299 -1.53902e-05 5.17082e-19
-0.000188627 -1.4378e-05 5.17053e-19
-0.000186012 -1.33756e-05 5.17024e-19
-0.000183452 -1.23829e-05 5.16996e-19
-0.000180944 -1.13997e-05 5.16968e-19
-0.000178484 -1.04253e-05 5.1694e-19
-0.000176066 -9.45888e-06 5.16913e-19
-0.000173684 -8.49949e-06 5.16885e-19
-0.000171331 -7.54585e-06 5.16858e-19
-0.000168996 -6.59644e-06 5.16831e-19
-0.00016667 -5.64971e-06 5.16804e-19
-0.000164314 -4.70103e-06 5.16778e-19
-0.000161939 -3.75099e-06 5.16751e-19
-0.000159551 -2.79909e-06 5.16724e-19
-0.000157127 -1.84244e-06 5.16696e-19
-0.000154667 -8.80296e-07 5.16669e-19
-0.000152155 8.93711e-08 5.16641e-19
-0.000149591 1.06714e-06 5.16614e-19
-0.000146964 2.05436e-06 5.16585e-19
-0.000144406 3.03258e-06 5.16558e-19
-0.000141815 4.01598e-06 5.1653e-19
-0.000139117 5.01572e-06 5.16501e-19
-0.000136358 6.02514e-06 5.16472e-19
-0.0001335 7.04959e-06 5.16443e-19
-0.000130564 8.08638e-06 5.16413e-19
-0.000127531 9.13803e-06 5.16383e-19
-0.000124411 1.02033e-05 5.16353e-19
-0.000121197 1.12831e-05 5.16321e-19
-0.000117895 1.23765e-05 5.1629e-19
-0.000114504 1.34832e-05 5.16258e-19
-0.000111031 1.46022e-05 5.16226e-19
-0.000107481 1.57324e-05 5.16193e-19
-0.000103862 1.68722e-05 5.1616e-19
-0.000100183 1.80195e-05 5.16127e-19
-9.64569e-05 1.9172e-05 5.16093e-19
-9.26936e-05 2.03276e-05 5.1606e-19
-8.89064e-05 2.14836e-05 5.16026e-19
-8.5108e-05 2.26374e-05 5.15992e-19
-8.13117e-05 2.37862e-05 5.15959e-19
-7.75306e-05 2.49275e-05 5.15926e-19
-7.37772e-05 2.60587e-05 5.15893e-19
-7.00634e-05 2.71773e-05 5.1586e-19
-6.6401e-05 2.8281e-05 5.15828e-19
-6.28008e-05 2.93674e-05 5.15796e-19
-5.9273e-05 3.04344e-05 5.15765e-19
-5.58265e-05 3.14803e-05 5.15735e-19
-5.247e-05 3.25031e-05 5.15705e-19
-4.9211e-05 3.35012e-05 5.15676e-19
-4.60563e-05 3.44733e-05 5.15648e-19
-4.30113e-05 3.54181e-05 5.1562e-19
-4.00812e-05 3.63344e-05 5.15594e-19
-3.727e-05 3.72213e-05 5.15568e-19
-3.45817e-05 3.8078e-05 5.15543e-19
-3.2019e-05 3.89037e-05 5.15519e-19
-2.95845e-05 3.96978e-05 5.15496e-19
-2.72803e-05 4.04598e-05 5.15474e-19
-2.51092e-05 4.1189e-05 5.15453e-19
-2.30739e-05 4.18847e-05 5.15433e-19
-2.11769e-05 4.25463e-05 5.15414e-19
-1.94195e-05 4.31734e-05 5.15396e-19
-1.7802e-05 4.37658e-05 5.15379e-19
-1.63234e-05 4.43236e-05 5.15363e-19
-1.49822e-05 4.4847e-05 5.15349e-19
-1.37766e-05 4.53364e-05 5.15335e-19
-1.27044e-05 4.57921e-05 5.15322e-19
-1.17633e-05 4.62145e-05 5.1531e-19
-1.09506e-05 4.6604e-05 5.15299e-19
-1.02634e-05 4.69611e-05 5.15289e-19
-9.69883e-06 4.72865e-05 5.1528e-19
-9.25412e-06 4.75804e-05 5.15272e-19
-8.92602e-06 4.78436e-05 5.15265e-19
-8.71105e-06 4.80766e-05 5.15258e-19
-8.60537e-06 4.82801e-05 5.15253e-19
-8.60503e-06 4.84549e-05 5.15248e-19
-8.70552e-06 4.86017e-05 5.15245e-19
-8.90179e-06 4.87216e-05 5.15242e-19
-9.18749e-06 4.88155e-05 5.15239e-19
-9.55569e-06 4.8885e-05 5.15238e-19
-9.9989e-06 4.89313e-05 5.15237e-19
-1.05092e-05 4.89561e-05 5.15237e-19
-1.10771e-05 4.8961e-05 5.15237e-19
-1.16929e-05 4.89481e-05 5.15238e-19
-1.23463e-05 4.89192e-05 5.15239e-19
-1.30274e-05 4.88764e-05 5.15241e-19
-1.37263e-05 4.88214e-05 5.15243e-19
-1.44335e-05 4.87562e-05 5.15245e-19
-1.51396e-05 4.86826e-05 5.15248e-19
-1.5836e-05 4.86022e-05 5.1525e-19
-1.65144e-05 4.85167e-05 5.15253e-19
-1.71669e-05 4.84277e-05 5.15256e-19
-1.77868e-05 4.83363e-05 5.15259e-19
-1.83677e-05 4.82441e-05 5.15261e-19
-1.89036e-05 4.81521e-05 5.15264e-19
-1.93888e-05 4.80615e-05 5.15267e-19
-1.98188e-05 4.79734e-05 5.15269e-19
-2.01904e-05 4.78884e-05 5.15272e-19
-2.05018e-05 4.7807e-05 5.15274e-19
-2.07527e-05 4.77294e-05 5.15276e-19
-2.09441e-05 4.76556e-05 5.15278e-19
-2.10785e-05 4.75851e-05 5.1528e-19
-2.11604e-05 4.75172e-05 5.15282e-19
-2.11964e-05 4.74508e-05 5.15283e-19
-2.11936e-05 4.73846e-05 5.15285e-19
-2.11601e-05 4.73171e-05 5.15287e-19
-2.11041e-05 4.7247e-05 5.15288e-19
-2.10343e-05 4.71727e-05 5.1529e-19
-2.09595e-05 4.70926e-05 5.15292e-19
-2.0889e-05 4.70051e-05 5.15294e-19
-2.08326e-05 4.69085e-05 5.15296e-19
-2.08001e-05 4.6801e-05 5.15299e-19
-2.08014e-05 4.66809e-05 5.15302e-19
-2.08457e-05 4.65464e-05 5.15306e-19
-2.09418e-05 4.63961e-05 5.1531e-19
-2.10978e-05 4.62284e-05 5.15314e-19
-2.13209e-05 4.60421e-05 5.15319e-19
-2.16182e-05 4.5836e-05 5.15325e-19
-2.19969e-05 4.56086e-05 5.15331e-19
-2.24642e-05 4.53586e-05 5.15338e-19
-2.30263e-05 4.50849e-05 5.15346e-19
-2.36879e-05 4.47865e-05 5.15354e-19
-2.44529e-05 4.44628e-05 5.15363e-19
-2.53233e-05 4.41132e-05 5.15373e-19
-2.63003e-05 4.37375e-05 5.15384e-19
-2.7383e-05 4.33359e-05 5.15395e-19
-2.85681e-05 4.29091e-05 5.15408e-19
-2.98501e-05 4.2458e-05 5.15421e-19
-3.12227e-05 4.19839e-05 5.15435e-19
-3.26785e-05 4.14882e-05 5.15449e-19
-3.42101e-05 4.09724e-05 5.15464e-19
-3.58094e-05 4.04379e-05 5.1548e-19
-3.74682e-05 3.98864e-05 5.15496e-19
-3.9177e-05 3.93196e-05 5.15512e-19
-4.09255e-05 3.87396e-05 5.15529e-19
-4.2702e-05 3.81486e-05 5.15546e-19
-4.44952e-05 3.75489e-05 5.15564e-19
-4.62938e-05 3.69426e-05 5.15581e-19
-4.80874e-05 3.63319e-05 5.15599e-19
-4.9866e-05 3.57188e-05 5.15617e-19
-5.16203e-05 3.51051e-05 5.15635e-19
-5.33417e-05 3.44925e-05 5.15652e-19
-5.50221e-05 3.38828e-05 5.1567e-19
-5.66542e-05 3.32774e-05 5.15687e-19
-5.82317e-05 3.26778e-05 5.15705e-19
-5.97497e-05 3.20849e-05 5.15722e-19
-6.1206e-05 3.14993e-05 5.15739e-19
-6.26004e-05 3.09212e-05 5.15755e-19
-6.39338e-05 3.03505e-05 5.15771e-19
-6.52082e-05 2.97869e-05 5.15787e-19
-6.64264e-05 2.923e-05 5.15803e-19
-6.75926e-05 2.86791e-05 5.15819e-19
-6.87113e-05 2.81335e-05 5.15834e-19
-6.97879e-05 2.75921e-05 5.15849e-19
-7.08276e-05 2.70542e-05 5.15865e-19
-7.18358e-05 2.65188e-05 5.1588e-19
-7.28182e-05 2.59849e-05 5.15894e-19
-7.37809e-05 2.54516e-05 5.15909e-19
-7.473e-05 2.49177e-05 5.15924e-19
-7.56713e-05 2.43823e-05 5.15939e-19
-7.6611e-05 2.38442e-05 5.15954e-19
-7.75552e-05 2.33024e-05 5.15969e-19
-7.85095e-05 2.27559e-05 5.15985e-19
-7.94797e-05 2.22038e-05 5.16e-19
-8.04709e-05 2.1645e-05 5.16016e-19
-8.14893e-05 2.10787e-05 5.16031e-19
-8.25417e-05 2.05033e-05 5.16047e-19
-8.36361e-05 1.99175e-05 5.16064e-19
-8.47801e-05 1.93199e-05 5.1608e-19
-8.59813e-05 1.87088e-05 5.16098e-19
-8.72481e-05 1.80828e-05 5.16115e-19
-8.85895e-05 1.74401e-05 5.16133e-19
-9.00136e-05 1.6779e-05 5.16152e-19
-9.15285e-05 1.60981e-05 5.16171e-19
-9.31427e-05 1.53955e-05 5.16191e-19
-9.48644e-05 1.46698e-05 5.16211e-19
-9.67016e-05 1.39193e-05 5.16233e-19
-9.86608e-05 1.31427e-05 5.16255e-19
-0.000100747 1.2339e-05 5.16278e-19
-0.000102964 1.15075e-05 5.16302e-19
-0.000105316 1.06477e-05 5.16326e-19
-0.000107802 9.75931e-06 5.16352e-19
-0.000110424 8.84221e-06 5.16378e-19
-0.000113182 7.89665e-06 5.16405e-19
-0.000116192 6.90608e-06 5.16434e-19
-0.000119366 5.8833e-06 5.16463e-19
-0.000122622 4.83945e-06 5.16494e-19
-0.000126016 3.7675e-06 5.16525e-19
-0.000129521 2.67216e-06 5.16557e-19
-0.000133145 1.55242e-06 5.16589e-19
-0.000136871 4.11497e-07 5.16623e-19
-0.000140697 -7.49818e-07 5.16656e-19
-0.000144609 -1.92881e-06 5.16691e-19
-0.0001486 -3.1239e-06 5.16726e-19
-0.000152657 -4.33256e-06 5.16761e-19
-0.000156772 -5.55279e-06 5.16797e-19
-0.000160933 -6.78212e-06 5.16833e-19
-0.000165128 -8.01823e-06 5.16869e-19
-0.000169345 -9.25842e-06 5.16905e-19
-0.000173572 -1.05e-05 5.16941e-19
-0.000177793 -1.17401e-05 5.16978e-19
-0.000181998 -1.29762e-05 5.17014e-19
-0.000186175 -1.42058e-05 5.1705e-19
-0.000190314 -1.54269e-05 5.17085e-19
-0.000194402 -1.66375e-05 5.17121e-19
-0.000198431 -1.78355e-05 5.17156e-19
-0.000202395 -1.9019e-05 5.1719e-19
-0.000206283 -2.01861e-05 5.17224e-19
-0.000210086 -2.13351e-05 5.17258e-19
-0.0002138 -2.24646e-05 5.1729e-19
-0.000217402 -2.35701e-05 5.17323e-19
-0.000220893 -2.46517e-05 5.17354e-19
-0.000224284 -2.57115e-05 5.17385e-19
-0.000227564 -2.6747e-05 5.17415e-19
-0.000230727 -2.77571e-05 5.17444e-19
-0.000233767 -2.87407e-05 5.17472e-19
-0.000236682 -2.96967e-05 5.175e-19
-0.000239468 -3.06247e-05 5.17527e-19
-0.000242124 -3.15244e-05 5.17553e-19
-0.000244655 -3.23963e-05 5.17578e-19
-0.000247063 -3.32412e-05 5.17602e-19
-0.000249355 -3.40599e-05 5.17625e-19
-0.000251536 -3.48534e-05 5.17648e-19
-0.000253612 -3.5623e-05 5.1767e-19
-0.00025559 -3.63699e-05 5.17691e-19
-0.000257479 -3.70956e-05 5.17712e-19
-0.000259286 -3.78015e-05 5.17732e-19
-0.000261018 -3.84889e-05 5.17751e-19
-0.000262684 -3.91592e-05 5.1777e-19
-0.00026429 -3.98139e-05 5.17789e-19
-0.000265845 -4.04543e-05 5.17807e-19
-0.000267358 -4.1082e-05 5.17825e-19
-0.000268835 -4.16983e-05 5.17842e-19
-0.000270283 -4.23046e-05 5.1786e-19
-0.00027171 -4.29017e-05 5.17876e-19
-0.000273117 -4.34904e-05 5.17893e-19
-0.000274511 -4.40712e-05 5.1791e-19
-0.000275892 -4.46447e-05 5.17926e-19
-0.000277265 -4.52111e-05 5.17942e-19
-0.00027863 -4.57706e-05 5.17958e-19
-0.000279988 -4.63234e-05 5.17974e-19
-0.000281341 -4.68694e-05 5.17989e-19
-0.000282688 -4.74083e-05 5.18005e-19
-0.000284027 -4.794e-05 5.1802e-19
-0.000285357 -4.84639e-05 5.18035e-19
-0.000286677 -4.89797e-05 5.1805e-19
-0.000287985 -4.9487e-05 5.18064e-19
-0.00028928 -4.99854e-05 5.18079e-19
-0.00029056 -5.04747e-05 5.18093e-19
-0.000291823 -5.09543e-05 5.18107e-19
-0.000293067 -5.14236e-05 5.1812e-19
-0.000294287 -5.18821e-05 5.18133e-19
-0.000295482 -5.23291e-05 5.18146e-19
-0.000296646 -5.27637e-05 5.18159e-19
-0.000297775 -5.3185e-05 5.18171e-19
-0.000298863 -5.35918e-05 5.18183e-19
-0.000299904 -5.39828e-05 5.18194e-19
-0.000300892 -5.4357e-05 5.18205e-19
-0.000301822 -5.47131e-05 5.18215e-19
-0.000302687 -5.505e-05 5.18225e-19
-0.000303481 -5.53666e-05 5.18234e-19
-0.000304199 -5.56617e-05 5.18243e-19
-0.000304837 -5.59344e-05 5.18251e-19
-0.000305387 -5.61836e-05 5.18258e-19
-0.000305846 -5.64084e-05 5.18265e-19
-0.00030621 -5.66079e-05 5.1827e-19
-0.000306476 -5.67816e-05 5.18275e-19
-0.000306642 -5.69292e-05 5.18279e-19
-0.000306707 -5.70506e-05 5.18283e-19
-0.000306671 -5.71456e-05 5.18285e-19
-0.000306533 -5.72142e-05 5.18287e-19
-0.000306295 -5.72565e-05 5.18288e-19
-0.000305957 -5.72728e-05 5.18289e-19
-0.000305521 -5.72634e-05 5.18288e-19
-0.00030499 -5.72287e-05 5.18287e-19
-0.000304368 -5.71697e-05 5.18285e-19
-0.00030366 -5.70871e-05 5.18282e-19
-0.00030287 -5.69818e-05 5.18279e-19
-0.000302003 -5.68547e-05 5.18275e-19
-0.000301064 -5.6707e-05 5.1827e-19
-0.000300059 -5.65394e-05 5.18265e-19
-0.000298993 -5.63532e-05 5.18259e-19
-0.000297874 -5.61494e-05 5.18253e-19
-0.000296706 -5.59294e-05 5.18246e-19
-0.000295497 -5.56942e-05 5.18239e-19
-0.000294254 -5.54452e-05 5.18231e-19
-0.000292983 -5.51839e-05 5.18223e-19
-0.000291694 -5.49116e-05 5.18215e-19
-0.000290393 -5.46298e-05 5.18207e-19
-0.000289089 -5.43402e-05 5.18198e-19
-0.000287789 -5.40443e-05 5.18189e-19
-0.000286504 -5.37438e-05 5.1818e-19
-0.000285241 -5.34404e-05 5.18171e-19
-0.000284008 -5.31355e-05 5.18162e-19
-0.000282811 -5.28306e-05 5.18153e-19
-0.000281657 -5.25266e-05 5.18144e-19
-0.00028055 -5.22246e-05 5.18135e-19
-0.000279496 -5.19256e-05 5.18126e-19
-0.0002785 -5.16305e-05 5.18117e-19
-0.000277565 -5.13404e-05 5.18109e-19
-0.000276697 -5.10561e-05 5.181e-19
-0.000275899 -5.07784e-05 5.18092e-19
-0.000275175 -5.05082e-05 5.18085e-19
-0.000274528 -5.02463e-05 5.18077e-19
-0.000273963 -4.99936e-05 5.1807e-19
-0.000273481 -4.97506e-05 5.18063e-19
-0.000273084 -4.95176e-05 5.18057e-19
-0.000272771 -4.9295e-05 5.1805e-19
-0.000272543 -4.90828e-05 5.18045e-19
-0.000272398 -4.88806e-05 5.18039e-19
-0.00027233 -4.8688e-05 5.18034e-19
-0.000272335 -4.85038e-05 5.18029e-19
-0.000272405 -4.83269e-05 5.18024e-19
-0.000272532 -4.81557e-05 5.1802e-19
-0.000272705 -4.79883e-05 5.18016e-19
-0.000272912 -4.78221e-05 5.18011e-19
-0.000273139 -4.76547e-05 5.18007e-19
-0.000273373 -4.74836e-05 5.18003e-19
-0.000273601 -4.73064e-05 5.17998e-19
-0.000273813 -4.71211e-05 5.17993e-19
-0.000273997 -4.69255e-05 5.17988e-19
-0.000274142 -4.67176e-05 5.17983e-19
-0.000274237 -4.64953e-05 5.17977e-19
-0.000274274 -4.62569e-05 5.17971e-19
-0.000274242 -4.60007e-05 5.17964e-19
-0.000274134 -4.57251e-05 5.17956e-19
-0.000273941 -4.54284e-05 5.17948e-19
-0.000273656 -4.51092e-05 5.1794e-19
-0.000273271 -4.47662e-05 5.1793e-19
-0.000272781 -4.43982e-05 5.1792e-19
-0.000272181 -4.40044e-05 5.17909e-19
-0.000271469 -4.35841e-05 5.17897e-19
-0.000270641 -4.3137e-05 5.17884e-19
-0.000269696 -4.26626e-05 5.17871e-19
-0.000268633 -4.21609e-05 5.17857e-19
-0.000267454 -4.16321e-05 5.17841e-19
-0.000266158 -4.10763e-05 5.17826e-19
-0.000264749 -4.04939e-05 5.17809e-19
-0.000263229 -3.98856e-05 5.17791e-19
-0.000261603 -3.92523e-05 5.17773e-19
-0.000259875 -3.85949e-05 5.17754e-19
-0.00025805 -3.79143e-05 5.17735e-19
-0.000256131 -3.72115e-05 5.17714e-19
-0.000254124 -3.64872e-05 5.17693e-19
-0.000252032 -3.57422e-05 5.17672e-19
-0.000249859 -3.49775e-05 5.1765e-19
-0.000247613 -3.41946e-05 5.17627e-19
-0.000245302 -3.33952e-05 5.17604e-19
-0.000242933 -3.25808e-05 5.1758e-19
-0.000240514 -3.17531e-05 5.17556e-19
-0.000238051 -3.09136e-05 5.17532e-19
-0.000235552 -3.00636e-05 5.17507e-19
-0.000233016 -2.92039e-05 5.17482e-19
-0.000230452 -2.83359e-05 5.17457e-19
-0.000227865 -2.74605e-05 5.17432e-19
-0.000225257 -2.65781e-05 5.17406e-19
-0.00022263 -2.56894e-05 5.1738e-19
-0.000219987 -2.47951e-05 5.17354e-19
-0.000217332 -2.38959e-05 5.17328e-19
-0.000214664 -2.29924e-05 5.17302e-19
-0.000211985 -2.20852e-05 5.17276e-19
-0.000209297 -2.11739e-05 5.1725e-19
-0.000206598 -2.02585e-05 5.17223e-19
-0.000203889 -1.93393e-05 5.17197e-19
-0.00020117 -1.84165e-05 5.1717e-19
-0.000198443 -1.74904e-05 5.17144e-19
-0.000195708 -1.65612e-05 5.17117e-19
-0.000192963 -1.56288e-05 5.1709e-19
-0.000190209 -1.46932e-05 5.17063e-19
-0.000187446 -1.37545e-05 5.17036e-19
-0.000184672 -1.28127e-05 5.17009e-19
-0.000181888 -1.18678e-05 5.16982e-19
-0.000179093 -1.09199e-05 5.16954e-19
-0.000176287 -9.96881e-06 5.16927e-19
-0.00017347 -9.01482e-06 5.16899e-19
-0.000170642 -8.05799e-06 5.16872e-19
-0.000167802 -7.09849e-06 5.16844e-19
-0.000164952 -6.13643e-06 5.16817e-19
-0.000162092 -5.172e-06 5.16789e-19
-0.000159221 -4.2054e-06 5.16761e-19
-0.00015634 -3.23683e-06 5.16733e-19
-0.000153425 -2.26404e-06 5.16705e-19
-0.000150493 -1.28875e-06 5.16677e-19
-0.000147552 -3.11672e-07 5.16649e-19
-0.000144592 6.68305e-07 5.16621e-19
-0.000141617 1.65068e-06 5.16592e-19
-0.000138623 2.63591e-06 5.16564e-19
-0.000135613 3.62341e-06 5.16536e-19
-0.000132705 4.59618e-06 5.16508e-19
-0.000129818 5.56534e-06 5.1648e-19
-0.000126887 6.54001e-06 5.16452e-19
-0.00012396 7.51288e-06 5.16424e-19
-0.000121009 8.48785e-06 5.16396e-19
-0.000118056 9.46136e-06 5.16368e-19
-0.000115088 1.0435e-05 5.1634e-19
-0.000112116 1.1407e-05 5.16312e-19
-0.000109134 1.23779e-05 5.16284e-19
-0.000106148 1.33466e-05 5.16256e-19
-0.000103158 1.43128e-05 5.16228e-19
-0.000100167 1.52757e-05 5.162e-19
-9.71775e-05 1.62347e-05 5.16172e-19
-9.41939e-05 1.71888e-05 5.16145e-19
-9.12194e-05 1.81371e-05 5.16117e-19
-8.82591e-05 1.90787e-05 5.1609e-19
-8.53172e-05 2.00123e-05 5.16063e-19
-8.23999e-05 2.09369e-05 5.16036e-19
-7.95138e-05 2.18508e-05 5.1601e-19
-7.66667e-05 2.27526e-05 5.15984e-19
-7.38668e-05 2.36404e-05 5.15958e-19
-7.11225e-05 2.45125e-05 5.15933e-19
-6.84421e-05 2.53672e-05 5.15908e-19
-6.58342e-05 2.62027e-05 5.15884e-19
-6.33072e-05 2.70173e-05 5.1586e-19
-6.08691e-05 2.78094e-05 5.15837e-19
-5.85266e-05 2.85777e-05 5.15815e-19
-5.62854e-05 2.93209e-05 5.15793e-19
-5.41508e-05 3.0038e-05 5.15773e-19
-5.21278e-05 3.07281e-05 5.15753e-19
-5.02211e-05 3.13901e-05 5.15734e-19
-4.84351e-05 3.20233e-05 5.15715e-19
-4.67734e-05 3.26268e-05 5.15698e-19
-4.52397e-05 3.32e-05 5.15682e-19
-4.38387e-05 3.37417e-05 5.15666e-19
-4.25749e-05 3.42512e-05 5.15651e-19
-4.14526e-05 3.47273e-05 5.15638e-19
-4.04743e-05 3.51696e-05 5.15625e-19
-3.96407e-05 3.55777e-05 5.15614e-19
-3.89507e-05 3.59519e-05 5.15603e-19
-3.84022e-05 3.62924e-05 5.15594e-19
-3.79917e-05 3.65999e-05 5.15585e-19
-3.77139e-05 3.68754e-05 5.15578e-19
-3.7562e-05 3.71199e-05 5.15571e-19
-3.75285e-05 3.73351e-05 5.15565e-19
-3.76051e-05 3.75223e-05 5.1556e-19
-3.77837e-05 3.76832e-05 5.15556e-19
-3.80558e-05 3.78192e-05 5.15553e-19
-3.84126e-05 3.7932e-05 5.1555e-19
-3.88453e-05 3.80232e-05 5.15548e-19
-3.93459e-05 3.80942e-05 5.15547e-19
-3.99067e-05 3.81465e-05 5.15546e-19
-4.052e-05 3.81815e-05 5.15545e-19
-4.11782e-05 3.82004e-05 5.15545e-19
-4.18737e-05 3.82048e-05 5.15545e-19
-4.25991e-05 3.8196e-05 5.15546e-19
-4.3347e-05 3.81752e-05 5.15547e-19
-4.41103e-05 3.8144e-05 5.15549e-19
-4.4881e-05 3.81038e-05 5.1555e-19
-4.56511e-05 3.80561e-05 5.15552e-19
-4.64131e-05 3.80024e-05 5.15554e-19
-4.71599e-05 3.79441e-05 5.15556e-19
-4.78851e-05 3.78826e-05 5.15558e-19
-4.8583e-05 3.78189e-05 5.1556e-19
-4.92483e-05 3.77541e-05 5.15563e-19
-4.98771e-05 3.76891e-05 5.15565e-19
-5.04659e-05 3.76246e-05 5.15567e-19
-5.10124e-05 3.75611e-05 5.15569e-19
-5.15149e-05 3.74991e-05 5.15571e-19
-5.19725e-05 3.74387e-05 5.15573e-19
-5.23846e-05 3.73803e-05 5.15574e-19
-5.27512e-05 3.73239e-05 5.15576e-19
-5.30727e-05 3.72696e-05 5.15578e-19
-5.33503e-05 3.72172e-05 5.15579e-19
-5.35859e-05 3.71665e-05 5.15581e-19
-5.3782e-05 3.71171e-05 5.15582e-19
-5.39413e-05 3.70685e-05 5.15583e-19
-5.40678e-05 3.70202e-05 5.15584e-19
-5.41669e-05 3.6971e-05 5.15586e-19
-5.42451e-05 3.69197e-05 5.15587e-19
-5.43093e-05 3.68651e-05 5.15588e-19
-5.43662e-05 3.68058e-05 5.1559e-19
-5.44227e-05 3.67406e-05 5.15592e-19
-5.44852e-05 3.66681e-05 5.15594e-19
-5.45603e-05 3.65872e-05 5.15596e-19
-5.46532e-05 3.64967e-05 5.15598e-19
-5.47675e-05 3.63959e-05 5.15601e-19
-5.49056e-05 3.62845e-05 5.15604e-19
-5.50692e-05 3.61621e-05 5.15607e-19
-5.52594e-05 3.60286e-05 5.15611e-19
-5.54763e-05 3.58838e-05 5.15615e-19
-5.57193e-05 3.57281e-05 5.15619e-19
-5.59875e-05 3.55615e-05 5.15624e-19
-5.62805e-05 3.53841e-05 5.15629e-19
-5.66002e-05 3.51957e-05 5.15634e-19
-5.69496e-05 3.49954e-05 5.1564e-19
-5.73319e-05 3.47827e-05 5.15646e-19
-5.77491e-05 3.4557e-05 5.15652e-19
-5.8202e-05 3.43183e-05 5.15659e-19
-5.86899e-05 3.40666e-05 5.15666e-19
-5.92119e-05 3.38021e-05 5.15673e-19
-5.97667e-05 3.35251e-05 5.15681e-19
-6.03526e-05 3.3236e-05 5.1569e-19
-6.09671e-05 3.29352e-05 5.15698e-19
-6.1608e-05 3.26233e-05 5.15707e-19
-6.22735e-05 3.23008e-05 5.15716e-19
-6.29631e-05 3.19676e-05 5.15726e-19
-6.36774e-05 3.16237e-05 5.15735e-19
-6.44172e-05 3.1269e-05 5.15745e-19
-6.51831e-05 3.09033e-05 5.15756e-19
-6.59764e-05 3.05266e-05 5.15767e-19
-6.67981e-05 3.01385e-05 5.15778e-19
-6.76495e-05 2.9739e-05 5.15789e-19
-6.85317e-05 2.93277e-05 5.15801e-19
-6.9446e-05 2.89044e-05 5.15813e-19
-7.03935e-05 2.84691e-05 5.15825e-19
-7.13752e-05 2.80215e-05 5.15838e-19
-7.23915e-05 2.75615e-05 5.15851e-19
-7.34415e-05 2.70895e-05 5.15865e-19
-7.45229e-05 2.66059e-05 5.15878e-19
-7.56334e-05 2.61113e-05 5.15892e-19
-7.6771e-05 2.56061e-05 5.15907e-19
-7.79334e-05 2.50908e-05 5.15922e-19
-7.9119e-05 2.45658e-05 5.15936e-19
-8.03258e-05 2.40316e-05 5.15952e-19
-8.15523e-05 2.34885e-05 5.15967e-19
-8.27966e-05 2.29369e-05 5.15983e-19
-8.40571e-05 2.23772e-05 5.15999e-19
-8.53324e-05 2.18099e-05 5.16015e-19
-8.66215e-05 2.1235e-05 5.16031e-19
-8.79239e-05 2.06528e-05 5.16048e-19
-8.92399e-05 2.00634e-05 5.16064e-19
-9.05698e-05 1.94666e-05 5.16081e-19
-9.19148e-05 1.88624e-05 5.16098e-19
-9.32761e-05 1.82506e-05 5.16116e-19
-9.46556e-05 1.76309e-05 5.16133e-19
-9.60554e-05 1.7003e-05 5.16151e-19
-9.74779e-05 1.63665e-05 5.16169e-19
-9.89252e-05 1.57211e-05 5.16187e-19
-0.0001004 1.50666e-05 5.16206e-19
-0.000101904 1.44025e-05 5.16224e-19
-0.000103441 1.37285e-05 5.16244e-19
-0.000105013 1.30442e-05 5.16263e-19
-0.000106623 1.23492e-05 5.16283e-19
-0.000108276 1.16428e-05 5.16302e-19
-0.000109975 1.09247e-05 5.16323e-19
-0.000111724 1.01939e-05 5.16343e-19
-0.000113529 9.4497e-06 5.16365e-19
-0.000115395 8.69117e-06 5.16386e-19
-0.000117329 7.91739e-06 5.16408e-19
-0.000119335 7.12725e-06 5.1643e-19
-0.000121481 6.31116e-06 5.16454e-19
-0.000123785 5.46613e-06 5.16478e-19
-0.000126185 4.60087e-06 5.16503e-19
-0.000128681 3.71537e-06 5.16528e-19
-0.000131257 2.81075e-06 5.16554e-19
-0.000133932 1.88519e-06 5.16581e-19
-0.000136719 9.37334e-07 5.16608e-19
-0.000139608 -3.17019e-08 5.16636e-19
-0.000142606 -1.02241e-06 5.16665e-19
-0.000145706 -2.03358e-06 5.16694e-19
-0.000148908 -3.06508e-06 5.16724e-19
-0.000152207 -4.1157e-06 5.16754e-19
-0.000155599 -5.18487e-06 5.16785e-19
-0.00015908 -6.27129e-06 5.16817e-19
-0.000162643 -7.37393e-06 5.16849e-19
-0.000166283 -8.49131e-06 5.16881e-19
-0.000169991 -9.62208e-06 5.16914e-19
-0.000173761 -1.07646e-05 5.16948e-19
-0.000177584 -1.19171e-05 5.16981e-19
-0.000181449 -1.30777e-05 5.17015e-19
-0.000185347 -1.42442e-05 5.17049e-19
-0.000189266 -1.54144e-05 5.17083e-19
-0.000193195 -1.65864e-05 5.17118e-19
-0.000197122 -1.77578e-05 5.17152e-19
-0.000201041 -1.89267e-05 5.17186e-19
-0.000204941 -2.00912e-05 5.1722e-19
-0.000208813 -2.12493e-05 5.17254e-19
-0.000212645 -2.23985e-05 5.17287e-19
-0.000216413 -2.35341e-05 5.1732e-19
-0.000220114 -2.46556e-05 5.17353e-19
-0.000223753 -2.57637e-05 5.17385e-19
-0.000227316 -2.68553e-05 5.17417e-19
-0.000230794 -2.79286e-05 5.17448e-19
-0.00023418 -2.89822e-05 5.17479e-19
-0.000237468 -3.00146e-05 5.17509e-19
-0.000240651 -3.10243e-05 5.17538e-19
-0.000243721 -3.20098e-05 5.17567e-19
-0.000246676 -3.29701e-05 5.17594e-19
-0.000249511 -3.39042e-05 5.17621e-19
-0.000252225 -3.48115e-05 5.17647e-19
-0.000254818 -3.5692e-05 5.17673e-19
-0.000257292 -3.65458e-05 5.17697e-19
-0.000259649 -3.73731e-05 5.17721e-19
-0.000261893 -3.81745e-05 5.17744e-19
-0.000264028 -3.89508e-05 5.17766e-19
-0.00026606 -3.97027e-05 5.17788e-19
-0.000267994 -4.04313e-05 5.17809e-19
-0.000269836 -4.11375e-05 5.17829e-19
-0.000271594 -4.18226e-05 5.17848e-19
-0.000273273 -4.24878e-05 5.17867e-19
-0.00027488 -4.31342e-05 5.17886e-19
-0.000276423 -4.3763e-05 5.17903e-19
-0.000277906 -4.43752e-05 5.17921e-19
-0.000279336 -4.49719e-05 5.17938e-19
-0.000280717 -4.55542e-05 5.17954e-19
-0.000282056 -4.61229e-05 5.1797e-19
-0.000283358 -4.6679e-05 5.17986e-19
-0.000284625 -4.72234e-05 5.18002e-19
-0.000285864 -4.77568e-05 5.18017e-19
-0.000287077 -4.82801e-05 5.18032e-19
-0.00028827 -4.87939e-05 5.18046e-19
-0.000289444 -4.92992e-05 5.18061e-19
-0.000290604 -4.97964e-05 5.18075e-19
-0.000291748 -5.02854e-05 5.18089e-19
-0.000292877 -5.07661e-05 5.18102e-19
-0.000293987 -5.1238e-05 5.18116e-19
-0.000295077 -5.17008e-05 5.18129e-19
-0.000296146 -5.2154e-05 5.18142e-19
-0.00029719 -5.25974e-05 5.18155e-19
-0.00029821 -5.30306e-05 5.18167e-19
-0.000299203 -5.34532e-05 5.18179e-19
-0.00030017 -5.38656e-05 5.18191e-19
-0.000301113 -5.42679e-05 5.18202e-19
-0.000302034 -5.46607e-05 5.18214e-19
-0.000302935 -5.50445e-05 5.18225e-19
-0.00030382 -5.54199e-05 5.18236e-19
-0.000304695 -5.57882e-05 5.18246e-19
-0.000305563 -5.61501e-05 5.18256e-19
-0.000306429 -5.65066e-05 5.18267e-19
-0.000307296 -5.68584e-05 5.18277e-19
-0.000308166 -5.72057e-05 5.18287e-19
-0.00030904 -5.7549e-05 5.18297e-19
-0.000309921 -5.78884e-05 5.18307e-19
-0.000310808 -5.82243e-05 5.18316e-19
-0.000311702 -5.85566e-05 5.18326e-19
-0.000312604 -5.88856e-05 5.18336e-19
-0.000313512 -5.9211e-05 5.18345e-19
-0.000314424 -5.95322e-05 5.18354e-19
-0.000315336 -5.98485e-05 5.18364e-19
-0.000316242 -6.01589e-05 5.18373e-19
-0.000317138 -6.04624e-05 5.18382e-19
-0.000318018 -6.0758e-05 5.1839e-19
-0.000318878 -6.10448e-05 5.18399e-19
-0.000319712 -6.13216e-05 5.18407e-19
-0.000320515 -6.15877e-05 5.18414e-19
-0.000321282 -6.18419e-05 5.18422e-19
-0.000322009 -6.20834e-05 5.18429e-19
-0.00032269 -6.23114e-05 5.18436e-19
-0.000323323 -6.25251e-05 5.18442e-19
-0.000323903 -6.27239e-05 5.18448e-19
-0.000324428 -6.2907e-05 5.18453e-19
-0.000324895 -6.30742e-05 5.18458e-19
-0.000325301 -6.3225e-05 5.18462e-19
-0.000325648 -6.33593e-05 5.18466e-19
-0.000325934 -6.34773e-05 5.18469e-19
-0.000326162 -6.35791e-05 5.18472e-19
-0.000326332 -6.36651e-05 5.18474e-19
-0.000326446 -6.37355e-05 5.18476e-19
-0.000326507 -6.37906e-05 5.18478e-19
-0.000326515 -6.3831e-05 5.18479e-19
-0.000326476 -6.38572e-05 5.18479e-19
-0.000326394 -6.387e-05 5.1848e-19
-0.000326272 -6.38704e-05 5.1848e-19
-0.000326119 -6.38595e-05 5.18479e-19
-0.000325938 -6.38384e-05 5.18478e-19
-0.000325735 -6.38079e-05 5.18477e-19
-0.000325515 -6.37689e-05 5.18476e-19
-0.000325282 -6.37222e-05 5.18474e-19
-0.000325042 -6.36685e-05 5.18473e-19
-0.000324796 -6.36083e-05 5.18471e-19
-0.000324547 -6.35421e-05 5.18469e-19
-0.000324299 -6.34701e-05 5.18466e-19
-0.000324053 -6.33928e-05 5.18464e-19
-0.000323813 -6.33106e-05 5.18462e-19
-0.000323581 -6.32241e-05 5.18459e-19
-0.000323361 -6.31338e-05 5.18456e-19
-0.000323156 -6.30402e-05 5.18454e-19
-0.000322969 -6.2944e-05 5.18451e-19
-0.000322805 -6.28461e-05 5.18448e-19
-0.000322667 -6.27472e-05 5.18445e-19
-0.000322559 -6.26479e-05 5.18442e-19
-0.000322481 -6.25485e-05 5.1844e-19
-0.000322435 -6.2449e-05 5.18437e-19
-0.000322418 -6.23493e-05 5.18434e-19
-0.00032243 -6.22491e-05 5.18431e-19
-0.000322467 -6.21479e-05 5.18429e-19
-0.000322525 -6.20449e-05 5.18426e-19
-0.000322601 -6.19394e-05 5.18423e-19
-0.00032269 -6.18306e-05 5.1842e-19
-0.00032279 -6.17185e-05 5.18417e-19
-0.000322902 -6.16034e-05 5.18414e-19
-0.000323027 -6.14854e-05 5.18411e-19
-0.000323163 -6.13647e-05 5.18408e-19
-0.000323308 -6.1241e-05 5.18405e-19
-0.000323459 -6.11138e-05 5.18402e-19
-0.000323612 -6.09827e-05 5.18399e-19
-0.000323762 -6.08469e-05 5.18395e-19
-0.000323902 -6.07053e-05 5.18391e-19
-0.000324026 -6.05566e-05 5.18388e-19
-0.000324125 -6.03995e-05 5.18384e-19
-0.000324191 -6.02324e-05 5.18379e-19
-0.000324217 -6.00542e-05 5.18375e-19
-0.000324195 -5.98634e-05 5.18369e-19
-0.000324117 -5.96588e-05 5.18364e-19
-0.000323977 -5.94391e-05 5.18358e-19
-0.000323766 -5.92029e-05 5.18352e-19
-0.000323477 -5.89488e-05 5.18345e-19
-0.000323103 -5.86755e-05 5.18337e-19
-0.000322637 -5.83817e-05 5.18329e-19
-0.000322073 -5.80662e-05 5.1832e-19
-0.000321404 -5.77279e-05 5.18311e-19
-0.000320626 -5.73657e-05 5.183e-19
-0.000319732 -5.69788e-05 5.18289e-19
-0.00031872 -5.6566e-05 5.18278e-19
-0.000317581 -5.61263e-05 5.18265e-19
-0.000316314 -5.56586e-05 5.18252e-19
-0.000314914 -5.51624e-05 5.18237e-19
-0.000313381 -5.46375e-05 5.18222e-19
-0.000311717 -5.40842e-05 5.18206e-19
-0.000309924 -5.35029e-05 5.18189e-19
-0.000308007 -5.28943e-05 5.18171e-19
-0.000305968 -5.22591e-05 5.18153e-19
-0.000303814 -5.15981e-05 5.18133e-19
-0.000301549 -5.09123e-05 5.18113e-19
-0.000299179 -5.02029e-05 5.18093e-19
-0.000296711 -4.94709e-05 5.18071e-19
-0.000294152 -4.87179e-05 5.18049e-19
-0.00029151 -4.79451e-05 5.18026e-19
-0.000288791 -4.71541e-05 5.18003e-19
-0.000286004 -4.6346e-05 5.17979e-19
-0.000283155 -4.5522e-05 5.17955e-19
-0.000280249 -4.46834e-05 5.17931e-19
-0.000277293 -4.38315e-05 5.17906e-19
-0.000274296 -4.29676e-05 5.1788e-19
-0.000271265 -4.20935e-05 5.17855e-19
-0.000268208 -4.12106e-05 5.17829e-19
-0.000265132 -4.03206e-05 5.17803e-19
-0.000262044 -3.94245e-05 5.17777e-19
-0.000258949 -3.85235e-05 5.1775e-19
-0.000255853 -3.76187e-05 5.17724e-19
-0.000252759 -3.6711e-05 5.17697e-19
-0.000249672 -3.58014e-05 5.17671e-19
-0.000246599 -3.4891e-05 5.17644e-19
-0.000243542 -3.39808e-05 5.17617e-19
-0.000240506 -3.30715e-05 5.17591e-19
-0.000237492 -3.21635e-05 5.17565e-19
-0.000234501 -3.12569e-05 5.17538e-19
-0.00023153 -3.03515e-05 5.17512e-19
-0.000228581 -2.94474e-05 5.17486e-19
-0.000225653 -2.85449e-05 5.17459e-19
-0.000222749 -2.76444e-05 5.17433e-19
-0.00021987 -2.67462e-05 5.17407e-19
-0.000217017 -2.58506e-05 5.17381e-19
-0.000214189 -2.49579e-05 5.17355e-19
-0.000211388 -2.40682e-05 5.1733e-19
-0.000208618 -2.31825e-05 5.17304e-19
-0.000205877 -2.23005e-05 5.17279e-19
-0.00020317 -2.14232e-05 5.17253e-19
-0.000200494 -2.05504e-05 5.17228e-19
-0.000197845 -1.9681e-05 5.17203e-19
-0.000195224 -1.88159e-05 5.17178e-19
-0.000192631 -1.79547e-05 5.17153e-19
-0.000190064 -1.70972e-05 5.17129e-19
-0.000187522 -1.62435e-05 5.17104e-19
-0.000185002 -1.53932e-05 5.1708e-19
-0.000182506 -1.45465e-05 5.17056e-19
-0.000180031 -1.37033e-05 5.17031e-19
-0.000177578 -1.28639e-05 5.17007e-19
-0.000175146 -1.20282e-05 5.16983e-19
-0.000172734 -1.11959e-05 5.16959e-19
-0.000170336 -1.03668e-05 5.16935e-19
-0.00016795 -9.54027e-06 5.16912e-19
-0.000165576 -8.71603e-06 5.16888e-19
-0.000163212 -7.89406e-06 5.16865e-19
-0.000160858 -7.07439e-06 5.16841e-19
-0.000158512 -6.2573e-06 5.16817e-19
-0.000156177 -5.44295e-06 5.16794e-19
-0.000153852 -4.63177e-06 5.16771e-19
-0.000151539 -3.82413e-06 5.16748e-19
-0.00014924 -3.02057e-06 5.16724e-19
-0.000146955 -2.22165e-06 5.16701e-19
-0.000144689 -1.4282e-06 5.16679e-19
-0.000142444 -6.41132e-07 5.16656e-19
-0.000140225 1.38518e-07 5.16633e-19
-0.000138037 9.09663e-07 5.16611e-19
-0.000135865 1.6729e-06 5.16589e-19
-0.00013373 2.42536e-06 5.16568e-19
-0.000131648 3.16476e-06 5.16546e-19
-0.000129617 3.89048e-06 5.16525e-19
-0.000127646 4.6009e-06 5.16505e-19
-0.00012582 5.28371e-06 5.16485e-19
-0.000124085 5.94612e-06 5.16466e-19
-0.000122396 6.59422e-06 5.16448e-19
-0.000120792 7.22232e-06 5.1643e-19
-0.000119253 7.83286e-06 5.16412e-19
-0.000117797 8.4229e-06 5.16395e-19
-0.000116418 8.99331e-06 5.16379e-19
-0.000115123 9.54289e-06 5.16363e-19
-0.000113906 1.00724e-05 5.16348e-19
-0.000112771 1.05816e-05 5.16334e-19
-0.000111714 1.10708e-05 5.1632e-19
-0.000110736 1.15401e-05 5.16306e-19
-0.000109836 1.19895e-05 5.16294e-19
-0.000109015 1.2419e-05 5.16281e-19
-0.000108271 1.2829e-05 5.1627e-19
-0.000107602 1.32198e-05 5.16259e-19
-0.000107004 1.35924e-05 5.16248e-19
-0.000106475 1.39473e-05 5.16238e-19
-0.000106009 1.42856e-05 5.16229e-19
-0.000105602 1.46083e-05 5.1622e-19
-0.000105247 1.49169e-05 5.16211e-19
-0.000104938 1.52126e-05 5.16203e-19
-0.000104668 1.54969e-05 5.16195e-19
-0.000104431 1.57712e-05 5.16188e-19
-0.00010422 1.60369e-05 5.1618e-19
-0.000104029 1.62953e-05 5.16173e-19
-0.000103851 1.65479e-05 5.16166e-19
-0.00010368 1.67959e-05 5.1616e-19
-0.00010351 1.70406e-05 5.16153e-19
-0.000103335 1.72831e-05 5.16146e-19
-0.000103151 1.75244e-05 5.1614e-19
-0.000102953 1.77656e-05 5.16133e-19
-0.000102738 1.80071e-05 5.16126e-19
-0.000102503 1.82496e-05 5.1612e-19
-0.000102244 1.84937e-05 5.16113e-19
-0.000101959 1.874e-05 5.16106e-19
-0.000101646 1.89887e-05 5.16099e-19
-0.000101303 1.92402e-05 5.16092e-19
-0.000100928 1.9495e-05 5.16085e-19
-0.000100518 1.97532e-05 5.16078e-19
-0.000100072 2.00151e-05 5.16071e-19
-9.95897e-05 2.02809e-05 5.16063e-19
-9.90684e-05 2.05508e-05 5.16056e-19
-9.85062e-05 2.08251e-05 5.16048e-19
-9.7901e-05 2.11041e-05 5.1604e-19
-9.72505e-05 2.13883e-05 5.16032e-19
-9.65528e-05 2.16778e-05 5.16024e-19
-9.58053e-05 2.19731e-05 5.16015e-19
-9.50055e-05 2.22746e-05 5.16007e-19
-9.41512e-05 2.25827e-05 5.15998e-19
-9.32414e-05 2.28975e-05 5.15989e-19
-9.22767e-05 2.32187e-05 5.1598e-19
-9.12595e-05 2.35458e-05 5.1597e-19
-9.01926e-05 2.38781e-05 5.15961e-19
-8.90793e-05 2.42148e-05 5.15951e-19
-8.79232e-05 2.45552e-05 5.15941e-19
-8.67281e-05 2.48984e-05 5.15931e-19
-8.54982e-05 2.52434e-05 5.15921e-19
-8.42385e-05 2.55892e-05 5.15911e-19
-8.29544e-05 2.59347e-05 5.15901e-19
-8.16523e-05 2.62785e-05 5.15891e-19
-8.03386e-05 2.66194e-05 5.15881e-19
-7.90197e-05 2.69558e-05 5.15871e-19
-7.77021e-05 2.72866e-05 5.15861e-19
-7.63919e-05 2.76104e-05 5.15851e-19
-7.50953e-05 2.7926e-05 5.15842e-19
-7.38181e-05 2.82323e-05 5.15833e-19
-7.2565e-05 2.85281e-05 5.15824e-19
-7.13402e-05 2.88127e-05 5.15816e-19
-7.01474e-05 2.90853e-05 5.15808e-19
-6.899e-05 2.93454e-05 5.158e-19
-6.78696e-05 2.95924e-05 5.15793e-19
-6.67871e-05 2.98264e-05 5.15786e-19
-6.57429e-05 3.00472e-05 5.15779e-19
-6.47371e-05 3.02548e-05 5.15773e-19
-6.37684e-05 3.04496e-05 5.15767e-19
-6.2835e-05 3.0632e-05 5.15762e-19
-6.19347e-05 3.08024e-05 5.15757e-19
-6.10659e-05 3.09612e-05 5.15752e-19
-6.02284e-05 3.11085e-05 5.15747e-19
-5.94226e-05 3.12443e-05 5.15743e-19
-5.86493e-05 3.13684e-05 5.15739e-19
-5.79098e-05 3.14805e-05 5.15736e-19
-5.72069e-05 3.15802e-05 5.15733e-19
-5.65444e-05 3.16666e-05 5.1573e-19
-5.59266e-05 3.1739e-05 5.15728e-19
-5.5357e-05 3.17966e-05 5.15726e-19
-5.48389e-05 3.18387e-05 5.15725e-19
-5.43748e-05 3.18649e-05 5.15724e-19
-5.39675e-05 3.18746e-05 5.15723e-19
-5.36194e-05 3.18674e-05 5.15723e-19
-5.33337e-05 3.18426e-05 5.15724e-19
-5.31136e-05 3.17996e-05 5.15725e-19
-5.29621e-05 3.17379e-05 5.15726e-19
-5.28822e-05 3.16567e-05 5.15728e-19
-5.28771e-05 3.15556e-05 5.15731e-19
-5.29499e-05 3.14338e-05 5.15734e-19
-5.31036e-05 3.12907e-05 5.15738e-19
-5.33411e-05 3.11258e-05 5.15743e-19
-5.36671e-05 3.09381e-05 5.15748e-19
-5.40864e-05 3.07266e-05 5.15754e-19
-5.46039e-05 3.04903e-05 5.15761e-19
-5.52229e-05 3.02285e-05 5.15768e-19
-5.59443e-05 2.99409e-05 5.15776e-19
-5.67671e-05 2.96278e-05 5.15785e-19
-5.76898e-05 2.92896e-05 5.15795e-19
-5.87101e-05 2.89266e-05 5.15806e-19
-5.9825e-05 2.85396e-05 5.15817e-19
-6.1031e-05 2.81292e-05 5.15829e-19
-6.23243e-05 2.76963e-05 5.15841e-19
-6.37005e-05 2.72419e-05 5.15854e-19
-6.51548e-05 2.67669e-05 5.15868e-19
-6.66817e-05 2.62725e-05 5.15882e-19
-6.82758e-05 2.57598e-05 5.15897e-19
-6.9932e-05 2.52302e-05 5.15912e-19
-7.16452e-05 2.46845e-05 5.15928e-19
-7.34108e-05 2.4124e-05 5.15944e-19
-7.52245e-05 2.35495e-05 5.15961e-19
-7.70824e-05 2.2962e-05 5.15978e-19
-7.8981e-05 2.23623e-05 5.15995e-19
-8.09179e-05 2.17511e-05 5.16013e-19
-8.28905e-05 2.1129e-05 5.16031e-19
-8.48963e-05 2.04967e-05 5.16049e-19
-8.69321e-05 1.9855e-05 5.16067e-19
-8.89942e-05 1.92049e-05 5.16086e-19
-9.1079e-05 1.85472e-05 5.16105e-19
-9.31831e-05 1.78828e-05 5.16124e-19
-9.53035e-05 1.72126e-05 5.16144e-19
-9.74373e-05 1.65373e-05 5.16163e-19
-9.95819e-05 1.58577e-05 5.16183e-19
-0.000101735 1.51744e-05 5.16202e-19
-0.000103897 1.44875e-05 5.16222e-19
-0.000106068 1.37972e-05 5.16242e-19
-0.000108249 1.31033e-05 5.16262e-19
-0.00011044 1.2406e-05 5.16282e-19
-0.000112643 1.17051e-05 5.16302e-19
-0.000114858 1.10006e-05 5.16323e-19
-0.000117085 1.02927e-05 5.16343e-19
-0.000119325 9.58122e-06 5.16364e-19
-0.000121578 8.86648e-06 5.16384e-19
-0.000123841 8.14868e-06 5.16405e-19
-0.000126115 7.42811e-06 5.16426e-19
-0.000128397 6.70525e-06 5.16447e-19
-0.000130684 5.98087e-06 5.16468e-19
-0.00013297 5.25598e-06 5.16488e-19
-0.000135281 4.52761e-06 5.1651e-19
-0.000137645 3.79173e-06 5.16531e-19
-0.000140002 3.05735e-06 5.16552e-19
-0.000142331 2.32801e-06 5.16573e-19
-0.000144639 1.60286e-06 5.16594e-19
-0.000146911 8.84368e-07 5.16615e-19
-0.000149149 1.72691e-07 5.16636e-19
-0.000151344 -5.30324e-07 5.16656e-19
-0.000153492 -1.22409e-06 5.16676e-19
-0.000155587 -1.90718e-06 5.16696e-19
-0.000157626 -2.57887e-06 5.16716e-19
-0.000159603 -3.238e-06 5.16735e-19
-0.0001615 -3.88231e-06 5.16753e-19
-0.000163325 -4.51213e-06 5.16771e-19
-0.00016508 -5.12718e-06 5.16789e-19
-0.000166756 -5.72591e-06 5.16806e-19
-0.000168355 -6.30792e-06 5.16823e-19
-0.000169869 -6.87225e-06 5.16839e-19
-0.000171303 -7.41908e-06 5.16855e-19
-0.000172657 -7.94843e-06 5.1687e-19
-0.000173933 -8.46088e-06 5.16885e-19
-0.000175135 -8.95678e-06 5.16899e-19
-0.000176268 -9.43697e-06 5.16912e-19
-0.000177336 -9.90218e-06 5.16926e-19
-0.000178343 -1.03534e-05 5.16939e-19
-0.000179296 -1.07913e-05 5.16951e-19
-0.000180196 -1.12164e-05 5.16963e-19
-0.000181047 -1.16292e-05 5.16975e-19
-0.000181851 -1.20298e-05 5.16986e-19
-0.000182609 -1.24187e-05 5.16997e-19
-0.000183326 -1.27964e-05 5.17008e-19
-0.000184003 -1.31635e-05 5.17018e-19
-0.000184646 -1.35205e-05 5.17028e-19
-0.000185256 -1.3868e-05 5.17038e-19
-0.000185835 -1.42063e-05 5.17047e-19
-0.000186385 -1.45357e-05 5.17057e-19
-0.000186906 -1.48563e-05 5.17066e-19
-0.000187401 -1.51685e-05 5.17075e-19
-0.000187871 -1.54728e-05 5.17083e-19
-0.000188319 -1.57702e-05 5.17092e-19
-0.000188749 -1.60612e-05 5.171e-19
-0.000189165 -1.63466e-05 5.17108e-19
-0.000189568 -1.66266e-05 5.17116e-19
-0.00018996 -1.69015e-05 5.17123e-19
-0.000190339 -1.71714e-05 5.17131e-19
-0.000190706 -1.74365e-05 5.17138e-19
-0.000191066 -1.76973e-05 5.17146e-19
-0.000191418 -1.79541e-05 5.17153e-19
-0.000191765 -1.82074e-05 5.1716e-19
-0.000192109 -1.84577e-05 5.17167e-19
-0.000192453 -1.87056e-05 5.17174e-19
-0.0001928 -1.89518e-05 5.17181e-19
-0.000193153 -1.91969e-05 5.17188e-19
-0.000193515 -1.94416e-05 5.17195e-19
-0.000193887 -1.9686e-05 5.17202e-19
-0.00019427 -1.99303e-05 5.17209e-19
-0.000194663 -2.01745e-05 5.17216e-19
-0.000195065 -2.04178e-05 5.17222e-19
-0.000195474 -2.06605e-05 5.17229e-19
-0.000195893 -2.09026e-05 5.17236e-19
-0.000196318 -2.11432e-05 5.17243e-19
-0.000196748 -2.13822e-05 5.1725e-19
-0.000197181 -2.16189e-05 5.17256e-19
-0.000197615 -2.18529e-05 5.17263e-19
-0.000198049 -2.20837e-05 5.17269e-19
-0.000198481 -2.23107e-05 5.17276e-19
-0.00019891 -2.25338e-05 5.17282e-19
-0.00019934 -2.27534e-05 5.17288e-19
-0.000199771 -2.29696e-05 5.17294e-19
-0.000200206 -2.31827e-05 5.173e-19
-0.000200648 -2.33933e-05 5.17306e-19
-0.0002011 -2.36019e-05 5.17312e-19
-0.000201566 -2.3809e-05 5.17318e-19
-0.000202049 -2.40153e-05 5.17324e-19
-0.000202551 -2.42212e-05 5.1733e-19
-0.000203076 -2.44271e-05 5.17336e-19
-0.000203625 -2.46333e-05 5.17342e-19
-0.0002042 -2.484e-05 5.17347e-19
-0.000204802 -2.50476e-05 5.17353e-19
-0.000205431 -2.52558e-05 5.17359e-19
-0.000206088 -2.54649e-05 5.17365e-19
-0.000206772 -2.56745e-05 5.17371e-19
-0.000207482 -2.58849e-05 5.17378e-19
-0.00020822 -2.6096e-05 5.17384e-19
-0.000208985 -2.63077e-05 5.1739e-19
-0.000209775 -2.65201e-05 5.17396e-19
-0.000210591 -2.67329e-05 5.17402e-19
-0.000211431 -2.6946e-05 5.17409e-19
-0.000212295 -2.71593e-05 5.17415e-19
-0.00021318 -2.73725e-05 5.17421e-19
-0.000214085 -2.75856e-05 5.17428e-19
-0.000215011 -2.77985e-05 5.17434e-19
-0.000215956 -2.80111e-05 5.1744e-19
-0.000216918 -2.82234e-05 5.17446e-19
-0.0002179 -2.84354e-05 5.17453e-19
-0.0002189 -2.86475e-05 5.17459e-19
-0.00021992 -2.88599e-05 5.17466e-19
-0.00022096 -2.90728e-05 5.17472e-19
-0.00022202 -2.92863e-05 5.17478e-19
-0.000223101 -2.95005e-05 5.17485e-19
-0.000224202 -2.97156e-05 5.17491e-19
-0.000225323 -2.99316e-05 5.17498e-19
-0.000226462 -3.01482e-05 5.17504e-19
-0.000227617 -3.03651e-05 5.17511e-19
-0.000228786 -3.05818e-05 5.17518e-19
-0.000229967 -3.0798e-05 5.17524e-19
-0.000231155 -3.10129e-05 5.17531e-19
-0.000232347 -3.12258e-05 5.17537e-19
-0.000233538 -3.14358e-05 5.17544e-19
-0.000234722 -3.16419e-05 5.1755e-19
-0.000235894 -3.18426e-05 5.17556e-19
-0.000237043 -3.20362e-05 5.17562e-19
-0.000238162 -3.22208e-05 5.17568e-19
-0.000239241 -3.23947e-05 5.17573e-19
-0.000240273 -3.25565e-05 5.17578e-19
-0.000241251 -3.27045e-05 5.17583e-19
-0.000242167 -3.28373e-05 5.17587e-19
-0.000243016 -3.29536e-05 5.17591e-19
-0.00024379 -3.30523e-05 5.17594e-19
-0.000244487 -3.31323e-05 5.17597e-19
-0.0002451 -3.31926e-05 5.17599e-19
-0.000245626 -3.32326e-05 5.176e-19
-0.000246064 -3.32519e-05 5.17601e-19
-0.000246413 -3.32505e-05 5.17601e-19
-0.000246676 -3.32287e-05 5.17601e-19
-0.000246851 -3.31866e-05 5.17599e-19
-0.000246939 -3.31242e-05 5.17598e-19
-0.000246941 -3.30416e-05 5.17596e-19
-0.000246856 -3.29387e-05 5.17593e-19
-0.000246686 -3.28159e-05 5.17589e-19
-0.00024643 -3.26732e-05 5.17585e-19
-0.000246091 -3.25111e-05 5.17581e-19
-0.00024567 -3.233e-05 5.17575e-19
-0.000245169 -3.21303e-05 5.1757e-19
-0.000244591 -3.19124e-05 5.17563e-19
-0.000243936 -3.16768e-05 5.17557e-19
-0.000243207 -3.14241e-05 5.17549e-19
-0.000242405 -3.11547e-05 5.17541e-19
-0.000241534 -3.0869e-05 5.17533e-19
-0.000240594 -3.05672e-05 5.17524e-19
-0.000239586 -3.02498e-05 5.17515e-19
-0.000238511 -2.99169e-05 5.17505e-19
-0.00023737 -2.95686e-05 5.17495e-19
-0.00023616 -2.92047e-05 5.17485e-19
-0.000234882 -2.8825e-05 5.17474e-19
-0.000233535 -2.84296e-05 5.17462e-19
-0.00023212 -2.80185e-05 5.1745e-19
-0.000230638 -2.75921e-05 5.17438e-19
-0.00022909 -2.71505e-05 5.17425e-19
-0.000227478 -2.66943e-05 5.17411e-19
-0.000225807 -2.62241e-05 5.17397e-19
-0.000224079 -2.57408e-05 5.17383e-19
-0.000222302 -2.52454e-05 5.17369e-19
-0.000220479 -2.47392e-05 5.17354e-19
-0.000218619 -2.42235e-05 5.17339e-19
-0.000216729 -2.36998e-05 5.17323e-19
-0.000214817 -2.317e-05 5.17308e-19
-0.000212894 -2.26361e-05 5.17292e-19
-0.000210966 -2.20992e-05 5.17277e-19
-0.000209035 -2.15601e-05 5.17261e-19
-0.000207108 -2.102e-05 5.17245e-19
-0.00020519 -2.04799e-05 5.17229e-19
-0.000203286 -1.99408e-05 5.17214e-19
-0.0002014 -1.94036e-05 5.17198e-19
-0.000199536 -1.8869e-05 5.17182e-19
-0.000197696 -1.83379e-05 5.17167e-19
-0.000195884 -1.78108e-05 5.17152e-19
-0.000194103 -1.72884e-05 5.17136e-19
-0.000192353 -1.67711e-05 5.17121e-19
-0.000190636 -1.62591e-05 5.17107e-19
-0.00018895 -1.57522e-05 5.17092e-19
-0.00018729 -1.52496e-05 5.17077e-19
-0.000185654 -1.47506e-05 5.17063e-19
-0.000184035 -1.42546e-05 5.17049e-19
-0.000182432 -1.3761e-05 5.17034e-19
-0.000180843 -1.32697e-05 5.1702e-19
-0.000179267 -1.27805e-05 5.17006e-19
-0.000177701 -1.22933e-05 5.16992e-19
-0.000176148 -1.18083e-05 5.16978e-19
-0.000174607 -1.13261e-05 5.16964e-19
-0.000173082 -1.08472e-05 5.1695e-19
-0.000171573 -1.0372e-05 5.16937e-19
-0.00017008 -9.90062e-06 5.16923e-19
-0.000168604 -9.43325e-06 5.1691e-19
-0.000167144 -8.9699e-06 5.16896e-19
-0.0001657 -8.51073e-06 5.16883e-19
-0.000164273 -8.05604e-06 5.1687e-19
-0.000162865 -7.60628e-06 5.16857e-19
-0.000161478 -7.16192e-06 5.16844e-19
-0.000160113 -6.72336e-06 5.16831e-19
-0.000158771 -6.29068e-06 5.16819e-19
-0.00015745 -5.8638e-06 5.16806e-19
-0.000156152 -5.44262e-06 5.16794e-19
-0.000154874 -5.02705e-06 5.16782e-19
-0.000153617 -4.61692e-06 5.1677e-19
-0.00015238 -4.21203e-06 5.16759e-19
-0.000151162 -3.81218e-06 5.16747e-19
-0.000149962 -3.41724e-06 5.16735e-19
-0.00014878 -3.02709e-06 5.16724e-19
-0.000147616 -2.64163e-06 5.16713e-19
-0.000146471 -2.26079e-06 5.16702e-19
-0.000145346 -1.88474e-06 5.16691e-19
-0.000144243 -1.51416e-06 5.1668e-19
-0.000143169 -1.15004e-06 5.16669e-19
-0.000142129 -7.93442e-07 5.16659e-19
-0.000141129 -4.455e-07 5.16649e-19
-0.000140176 -1.07572e-07 5.16639e-19
-0.000139277 2.18868e-07 5.1663e-19
-0.000138439 5.32393e-07 5.16621e-19
-0.000137668 8.31724e-07 5.16612e-19
-0.000136971 1.1158e-06 5.16604e-19
-0.00013635 1.38377e-06 5.16596e-19
-0.00013581 1.6349e-06 5.16589e-19
-0.000135353 1.86859e-06 5.16582e-19
-0.000134974 2.08509e-06 5.16576e-19
-0.00013468 2.28317e-06 5.16571e-19
-0.000134479 2.462e-06 5.16566e-19
-0.000134366 2.62176e-06 5.16561e-19
-0.000134344 2.76242e-06 5.16557e-19
-0.000134405 2.88472e-06 5.16554e-19
-0.000134549 2.98922e-06 5.16551e-19
-0.00013477 3.07672e-06 5.16549e-19
-0.000135064 3.14773e-06 5.16547e-19
-0.000135429 3.2028e-06 5.16546e-19
-0.00013586 3.24245e-06 5.16545e-19
-0.000136354 3.26749e-06 5.16545e-19
-0.000136904 3.27896e-06 5.16545e-19
-0.000137502 3.2782e-06 5.16546e-19
-0.000138142 3.26659e-06 5.16546e-19
-0.000138816 3.24545e-06 5.16547e-19
-0.000139517 3.21589e-06 5.16549e-19
-0.000140241 3.17892e-06 5.1655e-19
-0.000140981 3.13545e-06 5.16552e-19
-0.000141734 3.08644e-06 5.16554e-19
-0.000142493 3.03273e-06 5.16556e-19
-0.000143255 2.97519e-06 5.16558e-19
-0.000144014 2.9146e-06 5.1656e-19
-0.000144779 2.85012e-06 5.16562e-19
-0.000145536 2.78369e-06 5.16564e-19
-0.000146276 2.71691e-06 5.16567e-19
-0.000146999 2.64978e-06 5.16569e-19
-0.0001477 2.58346e-06 5.16571e-19
-0.000148375 2.51866e-06 5.16573e-19
-0.000149017 2.45673e-06 5.16576e-19
-0.000149621 2.39867e-06 5.16577e-19
-0.000150183 2.3456e-06 5.16579e-19
-0.000150698 2.29837e-06 5.16581e-19
-0.000151162 2.25789e-06 5.16582e-19
-0.000151571 2.22483e-06 5.16583e-19
-0.000151923 2.19993e-06 5.16584e-19
-0.000152213 2.18388e-06 5.16585e-19
-0.00015244 2.17739e-06 5.16585e-19
-0.0001526 2.18107e-06 5.16585e-19
-0.000152691 2.19539e-06 5.16585e-19
-0.000152712 2.22066e-06 5.16584e-19
-0.000152663 2.25701e-06 5.16583e-19
-0.000152543 2.30447e-06 5.16582e-19
-0.000152353 2.36306e-06 5.1658e-19
-0.000152093 2.43285e-06 5.16578e-19
-0.000151763 2.51392e-06 5.16575e-19
-0.000151362 2.60629e-06 5.16573e-19
-0.000150892 2.7098e-06 5.16569e-19
-0.000150355 2.824e-06 5.16566e-19
-0.000149755 2.94823e-06 5.16562e-19
-0.000149096 3.08174e-06 5.16558e-19
-0.000148382 3.22369e-06 5.16554e-19
-0.000147618 3.37314e-06 5.16549e-19
-0.000146808 3.52906e-06 5.16544e-19
-0.000145959 3.69041e-06 5.16539e-19
-0.000145077 3.8559e-06 5.16534e-19
-0.00014417 4.02392e-06 5.16529e-19
-0.000143247 4.19255e-06 5.16524e-19
-0.000142318 4.35987e-06 5.16519e-19
-0.000141392 4.524e-06 5.16514e-19
-0.000140477 4.68326e-06 5.16509e-19
-0.000139581 4.83605e-06 5.16504e-19
-0.000138712 4.98087e-06 5.165e-19
-0.000137876 5.11643e-06 5.16496e-19
-0.000137077 5.24184e-06 5.16492e-19
-0.000136318 5.35647e-06 5.16488e-19
-0.000135603 5.45986e-06 5.16485e-19
-0.000134932 5.55149e-06 5.16482e-19
-0.00013431 5.63077e-06 5.16479e-19
-0.00013374 5.69703e-06 5.16477e-19
-0.000133224 5.74965e-06 5.16476e-19
-0.000132764 5.78823e-06 5.16474e-19
-0.000132361 5.81268e-06 5.16474e-19
-0.000132014 5.82313e-06 5.16473e-19
-0.000131722 5.81984e-06 5.16473e-19
-0.000131483 5.80304e-06 5.16473e-19
-0.000131298 5.77283e-06 5.16474e-19
-0.000131165 5.72921e-06 5.16475e-19
-0.000131085 5.67224e-06 5.16477e-19
-0.000131056 5.60207e-06 5.16479e-19
-0.000131078 5.519e-06 5.16481e-19
-0.000131147 5.42342e-06 5.16484e-19
-0.000131262 5.31579e-06 5.16487e-19
-0.000131421 5.19653e-06 5.1649e-19
-0.000131621 5.06594e-06 5.16494e-19
-0.000131862 4.92426e-06 5.16498e-19
-0.000132142 4.77169e-06 5.16503e-19
-0.00013246 4.60849e-06 5.16507e-19
-0.000132828 4.43304e-06 5.16512e-19
-0.000133246 4.24536e-06 5.16518e-19
-0.0001337 4.04744e-06 5.16524e-19
-0.000134188 3.83956e-06 5.1653e-19
-0.00013471 3.62197e-06 5.16536e-19
-0.000135262 3.39512e-06 5.16542e-19
-0.000135844 3.15932e-06 5.16549e-19
-0.000136454 2.91493e-06 5.16556e-19
-0.000137089 2.66225e-06 5.16564e-19
-0.00013775 2.40159e-06 5.16571e-19
-0.000138434 2.13317e-06 5.16579e-19
-0.000139141 1.85721e-06 5.16587e-19
-0.00013987 1.57381e-06 5.16595e-19
-0.000140622 1.28306e-06 5.16603e-19
-0.000141395 9.84975e-07 5.16612e-19
-0.00014219 6.79612e-07 5.1662e-19
-0.000143006 3.67189e-07 5.16629e-19
-0.000143834 4.88911e-08 5.16638e-19
-0.000144678 -2.75587e-07 5.16648e-19
-0.000145541 -6.06514e-07 5.16657e-19
-0.000146423 -9.43703e-07 5.16667e-19
-0.000147328 -1.28756e-06 5.16676e-19
-0.000148254 -1.6382e-06 5.16686e-19
-0.000149206 -1.99609e-06 5.16697e-19
-0.000150186 -2.36159e-06 5.16707e-19
-0.000151198 -2.73535e-06 5.16718e-19
-0.000152244 -3.11785e-06 5.16728e-19
-0.000153329 -3.50967e-06 5.1674e-19
-0.000154455 -3.91121e-06 5.16751e-19
-0.000155625 -4.32283e-06 5.16763e-19
-0.000156841 -4.74483e-06 5.16775e-19
-0.000158105 -5.17753e-06 5.16787e-19
-0.00015942 -5.62135e-06 5.168e-19
-0.000160789 -6.07673e-06 5.16813e-19
-0.000162215 -6.54405e-06 5.16826e-19
-0.0001637 -7.02372e-06 5.1684e-19
-0.000165247 -7.5162e-06 5.16854e-19
-0.000166859 -8.022e-06 5.16869e-19
-0.000168539 -8.54154e-06 5.16884e-19
-0.000170289 -9.07512e-06 5.169e-19
-0.00017211 -9.62294e-06 5.16915e-19
-0.000174003 -1.01851e-05 5.16932e-19
-0.000175967 -1.07615e-05 5.16949e-19
-0.000178001 -1.13517e-05 5.16966e-19
-0.0001801 -1.19547e-05 5.16983e-19
-0.000182257 -1.25689e-05 5.17001e-19
-0.000184462 -1.31925e-05 5.1702e-19
-0.000186708 -1.38238e-05 5.17038e-19
-0.000188986 -1.44612e-05 5.17057e-19
-0.000191289 -1.51029e-05 5.17076e-19
-0.000193608 -1.57473e-05 5.17094e-19
-0.000195936 -1.63928e-05 5.17113e-19
-0.000198265 -1.70382e-05 5.17132e-19
-0.000200591 -1.76823e-05 5.17151e-19
-0.000202907 -1.83242e-05 5.1717e-19
-0.000205209 -1.89626e-05 5.17189e-19
-0.000207488 -1.95959e-05 5.17207e-19
-0.000209736 -2.02224e-05 5.17226e-19
-0.000211943 -2.08403e-05 5.17244e-19
-0.0002141 -2.14478e-05 5.17262e-19
-0.000216198 -2.20426e-05 5.17279e-19
-0.000218224 -2.26225e-05 5.17296e-19
-0.000220169 -2.31852e-05 5.17313e-19
-0.000222022 -2.37288e-05 5.17329e-19
-0.000223774 -2.4251e-05 5.17344e-19
-0.000225411 -2.4749e-05 5.17358e-19
-0.000226924 -2.52211e-05 5.17372e-19
-0.000228312 -2.5667e-05 5.17385e-19
-0.000229568 -2.60852e-05 5.17397e-19
-0.000230689 -2.64747e-05 5.17408e-19
-0.000231675 -2.68353e-05 5.17419e-19
-0.000232524 -2.71665e-05 5.17428e-19
-0.000233236 -2.74683e-05 5.17437e-19
-0.000233816 -2.77414e-05 5.17444e-19
-0.000234268 -2.79867e-05 5.17451e-19
-0.000234599 -2.82053e-05 5.17457e-19
-0.000234815 -2.83982e-05 5.17463e-19
-0.000234922 -2.85666e-05 5.17467e-19
-0.000234927 -2.87119e-05 5.17471e-19
-0.000234838 -2.88354e-05 5.17474e-19
-0.000234663 -2.89386e-05 5.17477e-19
-0.00023441 -2.90233e-05 5.17479e-19
-0.000234089 -2.90911e-05 5.1748e-19
-0.000233709 -2.91437e-05 5.17482e-19
-0.000233277 -2.91826e-05 5.17482e-19
-0.000232801 -2.92093e-05 5.17483e-19
-0.000232287 -2.9225e-05 5.17483e-19
-0.000231742 -2.92311e-05 5.17482e-19
-0.000231174 -2.92289e-05 5.17482e-19
-0.000230589 -2.92196e-05 5.17481e-19
-0.000229991 -2.92045e-05 5.17481e-19
-0.000229387 -2.91844e-05 5.1748e-19
-0.00022878 -2.91603e-05 5.17479e-19
-0.000228173 -2.91325e-05 5.17477e-19
-0.000227567 -2.91016e-05 5.17476e-19
-0.000226965 -2.9068e-05 5.17475e-19
-0.00022637 -2.90324e-05 5.17474e-19
-0.000225786 -2.89954e-05 5.17472e-19
-0.000225215 -2.89577e-05 5.17471e-19
-0.000224659 -2.89198e-05 5.1747e-19
-0.00022412 -2.8882e-05 5.17468e-19
-0.000223599 -2.88444e-05 5.17467e-19
-0.000223094 -2.88069e-05 5.17466e-19
-0.000222606 -2.87697e-05 5.17464e-19
-0.000222137 -2.87328e-05 5.17463e-19
-0.000221687 -2.86967e-05 5.17462e-19
-0.000221257 -2.86614e-05 5.17461e-19
-0.000220849 -2.86273e-05 5.1746e-19
-0.000220464 -2.85946e-05 5.17459e-19
-0.000220103 -2.85637e-05 5.17458e-19
-0.000219769 -2.85348e-05 5.17457e-19
-0.000219461 -2.85081e-05 5.17456e-19
-0.000219182 -2.8484e-05 5.17455e-19
-0.000218933 -2.84628e-05 5.17455e-19
-0.000218715 -2.84445e-05 5.17454e-19
-0.000218528 -2.84295e-05 5.17454e-19
-0.000218374 -2.84178e-05 5.17453e-19
-0.000218253 -2.84096e-05 5.17453e-19
-0.000218165 -2.84047e-05 5.17453e-19
-0.000218108 -2.84032e-05 5.17453e-19
-0.000218082 -2.84047e-05 5.17453e-19
-0.000218084 -2.84086e-05 5.17453e-19
-0.00021811 -2.84146e-05 5.17454e-19
-0.00021816 -2.84221e-05 5.17454e-19
-0.000218228 -2.84304e-05 5.17454e-19
-0.000218313 -2.8439e-05 5.17455e-19
-0.000218411 -2.84474e-05 5.17455e-19
-0.000218519 -2.8455e-05 5.17455e-19
-0.000218636 -2.84615e-05 5.17455e-19
-0.000218759 -2.84667e-05 5.17456e-19
-0.000218889 -2.84705e-05 5.17456e-19
-0.000219022 -2.84726e-05 5.17456e-19
-0.000219159 -2.84729e-05 5.17456e-19
-0.000219296 -2.84711e-05 5.17456e-19
-0.000219434 -2.84671e-05 5.17456e-19
-0.00021957 -2.84604e-05 5.17456e-19
-0.000219701 -2.84505e-05 5.17456e-19
-0.000219822 -2.84366e-05 5.17456e-19
-0.00021993 -2.84179e-05 5.17455e-19
-0.000220021 -2.83936e-05 5.17454e-19
-0.000220093 -2.83631e-05 5.17454e-19
-0.000220141 -2.83259e-05 5.17453e-19
-0.000220166 -2.82815e-05 5.17451e-19
-0.000220164 -2.82296e-05 5.1745e-19
-0.000220135 -2.81699e-05 5.17448e-19
-0.000220077 -2.8102e-05 5.17446e-19
-0.000219991 -2.80258e-05 5.17444e-19
-0.000219876 -2.79412e-05 5.17441e-19
-0.000219736 -2.78486e-05 5.17439e-19
-0.000219573 -2.77487e-05 5.17436e-19
-0.000219391 -2.7642e-05 5.17433e-19
-0.000219195 -2.75291e-05 5.17429e-19
-0.000218987 -2.74108e-05 5.17426e-19
-0.00021877 -2.72874e-05 5.17422e-19
-0.000218549 -2.71593e-05 5.17419e-19
-0.000218324 -2.70271e-05 5.17415e-19
-0.0002181 -2.6891e-05 5.17411e-19
-0.000217877 -2.67513e-05 5.17407e-19
-0.000217657 -2.6608e-05 5.17403e-19
-0.000217441 -2.64614e-05 5.17398e-19
-0.000217229 -2.63113e-05 5.17394e-19
-0.000217021 -2.61578e-05 5.1739e-19
-0.000216818 -2.60006e-05 5.17385e-19
-0.000216617 -2.58393e-05 5.17381e-19
-0.000216416 -2.56736e-05 5.17376e-19
-0.000216212 -2.55027e-05 5.17371e-19
-0.000216002 -2.53258e-05 5.17366e-19
-0.000215781 -2.51424e-05 5.17361e-19
-0.000215546 -2.49515e-05 5.17356e-19
-0.000215293 -2.47525e-05 5.1735e-19
-0.000215016 -2.45446e-05 5.17345e-19
-0.000214714 -2.43269e-05 5.17339e-19
-0.000214381 -2.4099e-05 5.17332e-19
-0.000214016 -2.38603e-05 5.17326e-19
-0.000213616 -2.36106e-05 5.17319e-19
-0.000213176 -2.3349e-05 5.17311e-19
-0.000212693 -2.3075e-05 5.17304e-19
-0.000212164 -2.27883e-05 5.17296e-19
-0.000211586 -2.24884e-05 5.17287e-19
-0.000210958 -2.21752e-05 5.17278e-19
-0.000210274 -2.18478e-05 5.17269e-19
-0.00020953 -2.15055e-05 5.1726e-19
-0.000208723 -2.11479e-05 5.1725e-19
-0.000207848 -2.07745e-05 5.17239e-19
-0.000206902 -2.03846e-05 5.17228e-19
-0.000205883 -1.99778e-05 5.17216e-19
-0.000204787 -1.95536e-05 5.17204e-19
-0.000203613 -1.91118e-05 5.17192e-19
-0.00020236 -1.86525e-05 5.17179e-19
-0.000201029 -1.81759e-05 5.17165e-19
-0.000199622 -1.76824e-05 5.17151e-19
-0.000198139 -1.71726e-05 5.17136e-19
-0.000196582 -1.66467e-05 5.17121e-19
-0.000194951 -1.61049e-05 5.17105e-19
-0.000193248 -1.55476e-05 5.17089e-19
-0.000191475 -1.49752e-05 5.17073e-19
-0.000189634 -1.43883e-05 5.17056e-19
-0.000187728 -1.37877e-05 5.17038e-19
-0.000185761 -1.31741e-05 5.17021e-19
-0.000183737 -1.25484e-05 5.17003e-19
-0.00018166 -1.19117e-05 5.16984e-19
-0.000179537 -1.1265e-05 5.16965e-19
-0.000177372 -1.06096e-05 5.16946e-19
-0.000175172 -9.94667e-06 5.16927e-19
-0.000172944 -9.27795e-06 5.16907e-19
-0.000170697 -8.60525e-06 5.16888e-19
-0.00016844 -7.93042e-06 5.16868e-19
-0.000166181 -7.25529e-06 5.16849e-19
-0.000163928 -6.58149e-06 5.16829e-19
-0.000161688 -5.91057e-06 5.16809e-19
-0.000159469 -5.24402e-06 5.1679e-19
-0.000157275 -4.58331e-06 5.16771e-19
-0.000155116 -3.92998e-06 5.16752e-19
-0.000152998 -3.2856e-06 5.16733e-19
-0.000150926 -2.65167e-06 5.16715e-19
-0.000148908 -2.02945e-06 5.16697e-19
-0.000146946 -1.41972e-06 5.16679e-19
-0.000145042 -8.22933e-07 5.16662e-19
-0.000143197 -2.3944e-07 5.16645e-19
-0.000141412 3.305e-07 5.16628e-19
-0.000139686 8.86692e-07 5.16612e-19
-0.000138009 1.43014e-06 5.16596e-19
-0.000136389 1.95987e-06 5.16581e-19
-0.00013483 2.4754e-06 5.16566e-19
-0.000133328 2.97732e-06 5.16552e-19
-0.000131883 3.46564e-06 5.16538e-19
-0.00013049 3.94097e-06 5.16524e-19
-0.00012915 4.40342e-06 5.16511e-19
-0.00012786 4.85339e-06 5.16498e-19
-0.000126619 5.29095e-06 5.16485e-19
-0.000125479 5.70885e-06 5.16473e-19
-0.000124402 6.11238e-06 5.16462e-19
-0.000123359 6.50564e-06 5.1645e-19
-0.000122373 6.8854e-06 5.16439e-19
-0.00012143 7.25335e-06 5.16429e-19
-0.000120541 7.60801e-06 5.16419e-19
-0.000119699 7.9503e-06 5.16409e-19
-0.000118908 8.27985e-06 5.164e-19
-0.000118164 8.5973e-06 5.16391e-19
-0.000117467 8.90263e-06 5.16382e-19
-0.000116816 9.19622e-06 5.16374e-19
-0.000116211 9.47814e-06 5.16366e-19
-0.000115649 9.74866e-06 5.16358e-19
-0.000115131 1.00081e-05 5.16351e-19
-0.000114654 1.0257e-05 5.16344e-19
-0.000114213 1.0496e-05 5.16337e-19
-0.000113806 1.0726e-05 5.16331e-19
-0.000113429 1.09475e-05 5.16324e-19
-0.000113081 1.11609e-05 5.16318e-19
-0.000112762 1.13661e-05 5.16313e-19
-0.000112471 1.15634e-05 5.16307e-19
-0.000112208 1.17525e-05 5.16302e-19
-0.000111973 1.19335e-05 5.16297e-19
-0.000111767 1.21061e-05 5.16292e-19
-0.000111591 1.22699e-05 5.16287e-19
-0.000111446 1.2425e-05 5.16283e-19
-0.000111329 1.25713e-05 5.16279e-19
-0.000111241 1.27089e-05 5.16275e-19
-0.000111181 1.2838e-05 5.16272e-19
-0.000111145 1.29588e-05 5.16269e-19
-0.000111134 1.30715e-05 5.16266e-19
-0.000111144 1.31765e-05 5.16263e-19
-0.000111175 1.3274e-05 5.1626e-19
-0.000111223 1.33643e-05 5.16258e-19
-0.000111286 1.34478e-05 5.16256e-19
-0.000111362 1.3525e-05 5.16254e-19
-0.000111449 1.35963e-05 5.16252e-19
-0.000111543 1.36621e-05 5.1625e-19
-0.000111644 1.37226e-05 5.16248e-19
-0.000111749 1.37781e-05 5.16247e-19
-0.000111857 1.38288e-05 5.16246e-19
-0.000111969 1.38749e-05 5.16244e-19
-0.000112082 1.39164e-05 5.16243e-19
-0.000112198 1.3953e-05 5.16242e-19
-0.000112317 1.39848e-05 5.16242e-19
-0.000112441 1.40115e-05 5.16241e-19
-0.000112571 1.40327e-05 5.1624e-19
-0.000112709 1.40479e-05 5.1624e-19
-0.000112858 1.40568e-05 5.1624e-19
-0.00011302 1.40587e-05 5.1624e-19
-0.0001132 1.40529e-05 5.1624e-19
-0.0001134 1.40386e-05 5.16241e-19
-0.000113626 1.4015e-05 5.16241e-19
-0.000113881 1.39814e-05 5.16242e-19
-0.000114166 1.39373e-05 5.16244e-19
-0.000114485 1.38823e-05 5.16246e-19
-0.000114838 1.38161e-05 5.16248e-19
-0.000115225 1.37388e-05 5.1625e-19
-0.000115644 1.36508e-05 5.16253e-19
-0.000116092 1.35528e-05 5.16255e-19
-0.000116563 1.3446e-05 5.16259e-19
-0.000117053 1.33311e-05 5.16262e-19
-0.000117555 1.32096e-05 5.16266e-19
-0.000118064 1.30828e-05 5.16269e-19
-0.000118571 1.2952e-05 5.16273e-19
-0.000119071 1.28187e-05 5.16277e-19
-0.000119558 1.26838e-05 5.16281e-19
-0.000120027 1.25485e-05 5.16285e-19
-0.000120473 1.24136e-05 5.16289e-19
-0.000120893 1.228e-05 5.16293e-19
-0.000121284 1.2148e-05 5.16297e-19
-0.000121645 1.20178e-05 5.16301e-19
-0.000121976 1.18894e-05 5.16304e-19
-0.000122278 1.1763e-05 5.16308e-19
-0.000122547 1.16388e-05 5.16312e-19
-0.000122784 1.1517e-05 5.16315e-19
-0.000122986 1.1398e-05 5.16318e-19
-0.000123154 1.1282e-05 5.16322e-19
-0.000123286 1.11689e-05 5.16325e-19
-0.000123384 1.10589e-05 5.16328e-19
-0.000123449 1.09517e-05 5.16331e-19
-0.00012348 1.08473e-05 5.16333e-19
-0.00012348 1.07455e-05 5.16336e-19
-0.000123449 1.06465e-05 5.16339e-19
-0.000123387 1.055e-05 5.16341e-19
-0.000123297 1.04557e-05 5.16344e-19
-0.000123184 1.03629e-05 5.16346e-19
-0.000123054 1.02701e-05 5.16348e-19
-0.000122914 1.0176e-05 5.16351e-19
-0.000122772 1.00793e-05 5.16353e-19
-0.000122636 9.97859e-06 5.16356e-19
-0.00012251 9.87254e-06 5.16359e-19
-0.000122404 9.75983e-06 5.16362e-19
-0.000122323 9.63918e-06 5.16365e-19
-0.000122274 9.50945e-06 5.16368e-19
-0.000122261 9.36958e-06 5.16372e-19
-0.000122291 9.2186e-06 5.16376e-19
-0.000122368 9.05557e-06 5.1638e-19
-0.000122496 8.87964e-06 5.16385e-19
-0.00012268 8.68997e-06 5.1639e-19
-0.000122923 8.48584e-06 5.16396e-19
-0.000123229 8.26656e-06 5.16402e-19
-0.000123601 8.03136e-06 5.16409e-19
-0.000124043 7.77947e-06 5.16416e-19
-0.000124559 7.51019e-06 5.16423e-19
-0.000125151 7.22295e-06 5.16432e-19
-0.000125822 6.91723e-06 5.1644e-19
-0.000126573 6.59261e-06 5.1645e-19
-0.000127405 6.24878e-06 5.16459e-19
-0.000128318 5.88581e-06 5.1647e-19
-0.000129307 5.50448e-06 5.16481e-19
-0.000130367 5.1061e-06 5.16492e-19
-0.000131542 4.68483e-06 5.16504e-19
-0.000132787 4.24728e-06 5.16517e-19
-0.000134072 3.79847e-06 5.1653e-19
-0.000135407 3.33722e-06 5.16543e-19
-0.000136772 2.86694e-06 5.16557e-19
-0.000138169 2.38774e-06 5.16571e-19
-0.000139586 1.902e-06 5.16585e-19
-0.00014102 1.41037e-06 5.16599e-19
-0.000142462 9.14625e-07 5.16614e-19
-0.00014391 4.15403e-07 5.16628e-19
-0.000145361 -8.66278e-08 5.16642e-19
-0.000146804 -5.90442e-07 5.16657e-19
-0.00014825 -1.09706e-06 5.16672e-19
-0.000149705 -1.60727e-06 5.16686e-19
-0.000151167 -2.1208e-06 5.16701e-19
-0.000152641 -2.63836e-06 5.16716e-19
-0.000154126 -3.15991e-06 5.16731e-19
-0.000155628 -3.68607e-06 5.16746e-19
-0.000157147 -4.21699e-06 5.16761e-19
-0.000158687 -4.75323e-06 5.16777e-19
-0.000160248 -5.29505e-06 5.16792e-19
-0.000161835 -5.84286e-06 5.16808e-19
-0.000163449 -6.3968e-06 5.16824e-19
-0.00016509 -6.95704e-06 5.1684e-19
-0.000166759 -7.52357e-06 5.16857e-19
-0.000168456 -8.09638e-06 5.16873e-19
-0.000170181 -8.67514e-06 5.1689e-19
-0.000171931 -9.2594e-06 5.16907e-19
-0.000173705 -9.84861e-06 5.16924e-19
-0.0001755 -1.04422e-05 5.16941e-19
-0.000177313 -1.10398e-05 5.16958e-19
-0.000179143 -1.16408e-05 5.16975e-19
-0.000180987 -1.22447e-05 5.16993e-19
-0.000182844 -1.28512e-05 5.1701e-19
-0.000184712 -1.34599e-05 5.17028e-19
-0.000186589 -1.40705e-05 5.17046e-19
-0.000188476 -1.46828e-05 5.17063e-19
-0.00019037 -1.52967e-05 5.17081e-19
-0.00019227 -1.59116e-05 5.17099e-19
-0.000194174 -1.65273e-05 5.17117e-19
-0.000196081 -1.71431e-05 5.17135e-19
-0.000197987 -1.77588e-05 5.17152e-19
-0.00019989 -1.8374e-05 5.1717e-19
-0.00020179 -1.89881e-05 5.17188e-19
-0.000203684 -1.96008e-05 5.17206e-19
-0.000205572 -2.02117e-05 5.17223e-19
-0.000207453 -2.08205e-05 5.17241e-19
-0.000209324 -2.14269e-05 5.17258e-19
-0.000211186 -2.20306e-05 5.17276e-19
-0.000213033 -2.26303e-05 5.17293e-19
-0.000214861 -2.32255e-05 5.1731e-19
-0.000216678 -2.38172e-05 5.17327e-19
-0.000218483 -2.44052e-05 5.17344e-19
-0.000220276 -2.49895e-05 5.17361e-19
-0.000222055 -2.55695e-05 5.17378e-19
-0.000223814 -2.61438e-05 5.17395e-19
-0.00022555 -2.6712e-05 5.17411e-19
-0.000227261 -2.72732e-05 5.17427e-19
-0.000228944 -2.78266e-05 5.17443e-19
-0.000230596 -2.83716e-05 5.17459e-19
-0.000232214 -2.89073e-05 5.17475e-19
-0.000233794 -2.9433e-05 5.1749e-19
-0.000235335 -2.99483e-05 5.17505e-19
-0.000236837 -3.04528e-05 5.17519e-19
-0.000238297 -3.09461e-05 5.17533e-19
-0.000239715 -3.14279e-05 5.17547e-19
-0.000241089 -3.18978e-05 5.17561e-19
-0.000242418 -3.23557e-05 5.17574e-19
-0.000243702 -3.28013e-05 5.17587e-19
-0.000244941 -3.32344e-05 5.17599e-19
-0.000246134 -3.36552e-05 5.17612e-19
-0.000247284 -3.4064e-05 5.17623e-19
-0.000248391 -3.44609e-05 5.17635e-19
-0.000249456 -3.48463e-05 5.17646e-19
-0.000250479 -3.522e-05 5.17657e-19
-0.000251461 -3.55822e-05 5.17667e-19
-0.000252401 -3.59327e-05 5.17677e-19
-0.000253298 -3.62717e-05 5.17687e-19
-0.000254154 -3.65993e-05 5.17696e-19
-0.000254972 -3.69162e-05 5.17706e-19
-0.000255753 -3.72229e-05 5.17714e-19
-0.000256499 -3.752e-05 5.17723e-19
-0.000257214 -3.7808e-05 5.17731e-19
-0.000257899 -3.80874e-05 5.17739e-19
-0.000258557 -3.83589e-05 5.17747e-19
-0.00025919 -3.86231e-05 5.17755e-19
-0.0002598 -3.88802e-05 5.17762e-19
-0.000260387 -3.91308e-05 5.17769e-19
-0.000260955 -3.93752e-05 5.17776e-19
-0.000261504 -3.96137e-05 5.17783e-19
-0.000262036 -3.98469e-05 5.1779e-19
-0.000262554 -4.00753e-05 5.17796e-19
-0.00026306 -4.02995e-05 5.17802e-19
-0.000263556 -4.05199e-05 5.17809e-19
-0.000264046 -4.07371e-05 5.17815e-19
-0.000264533 -4.09519e-05 5.17821e-19
-0.000265018 -4.11647e-05 5.17827e-19
-0.000265506 -4.13763e-05 5.17833e-19
-0.000266001 -4.15875e-05 5.17839e-19
-0.000266506 -4.17992e-05 5.17845e-19
-0.000267027 -4.20124e-05 5.17851e-19
-0.000267567 -4.22277e-05 5.17858e-19
-0.000268129 -4.24458e-05 5.17864e-19
-0.000268715 -4.26669e-05 5.1787e-19
-0.000269325 -4.28912e-05 5.17877e-19
-0.00026996 -4.31188e-05 5.17883e-19
-0.000270619 -4.33494e-05 5.1789e-19
-0.0002713 -4.35825e-05 5.17897e-19
-0.000271999 -4.38175e-05 5.17903e-19
-0.000272715 -4.40539e-05 5.1791e-19
-0.000273445 -4.4291e-05 5.17917e-19
-0.000274187 -4.45285e-05 5.17924e-19
-0.000274938 -4.47658e-05 5.17931e-19
-0.000275696 -4.50024e-05 5.17938e-19
-0.000276457 -4.52376e-05 5.17945e-19
-0.000277219 -4.54707e-05 5.17952e-19
-0.000277978 -4.57008e-05 5.17958e-19
-0.000278729 -4.59273e-05 5.17965e-19
-0.000279469 -4.61491e-05 5.17971e-19
-0.000280193 -4.63654e-05 5.17978e-19
-0.000280896 -4.65751e-05 5.17984e-19
-0.000281575 -4.67774e-05 5.1799e-19
-0.000282227 -4.69717e-05 5.17995e-19
-0.000282848 -4.71572e-05 5.18001e-19
-0.000283436 -4.73336e-05 5.18006e-19
-0.00028399 -4.75004e-05 5.18011e-19
-0.000284509 -4.76573e-05 5.18015e-19
-0.000284992 -4.78043e-05 5.18019e-19
-0.000285439 -4.79414e-05 5.18023e-19
-0.000285852 -4.80686e-05 5.18027e-19
-0.000286229 -4.81857e-05 5.1803e-19
-0.000286572 -4.8293e-05 5.18033e-19
-0.00028688 -4.83903e-05 5.18036e-19
-0.000287153 -4.84775e-05 5.18039e-19
-0.00028739 -4.85541e-05 5.18041e-19
-0.000287586 -4.86192e-05 5.18043e-19
-0.000287738 -4.86719e-05 5.18044e-19
-0.000287843 -4.87117e-05 5.18045e-19
-0.000287898 -4.87378e-05 5.18046e-19
-0.000287903 -4.87499e-05 5.18046e-19
-0.000287856 -4.87478e-05 5.18046e-19
-0.000287757 -4.8731e-05 5.18045e-19
-0.000287605 -4.86995e-05 5.18044e-19
-0.000287399 -4.8653e-05 5.18043e-19
-0.000287141 -4.85913e-05 5.18041e-19
-0.000286829 -4.85147e-05 5.18039e-19
-0.000286468 -4.84233e-05 5.18036e-19
-0.000286059 -4.83178e-05 5.18033e-19
-0.000285607 -4.81988e-05 5.18029e-19
-0.000285114 -4.80669e-05 5.18025e-19
-0.000284585 -4.79227e-05 5.18021e-19
-0.000284021 -4.77667e-05 5.18016e-19
-0.000283426 -4.75995e-05 5.18011e-19
-0.000282802 -4.74213e-05 5.18006e-19
-0.00028215 -4.72324e-05 5.18e-19
-0.00028147 -4.70328e-05 5.17995e-19
-0.000280762 -4.68224e-05 5.17988e-19
-0.000280025 -4.66011e-05 5.17982e-19
-0.000279258 -4.63685e-05 5.17975e-19
-0.000278459 -4.61243e-05 5.17968e-19
-0.000277627 -4.58681e-05 5.17961e-19
-0.000276758 -4.55994e-05 5.17953e-19
-0.000275851 -4.53178e-05 5.17945e-19
-0.000274902 -4.50227e-05 5.17936e-19
-0.00027391 -4.47135e-05 5.17927e-19
-0.000272871 -4.43899e-05 5.17918e-19
-0.000271784 -4.40517e-05 5.17908e-19
-0.000270649 -4.36988e-05 5.17898e-19
-0.000269466 -4.33312e-05 5.17887e-19
-0.000268235 -4.29491e-05 5.17876e-19
-0.000266954 -4.25523e-05 5.17865e-19
-0.000265625 -4.21408e-05 5.17853e-19
-0.000264246 -4.17148e-05 5.17841e-19
-0.000262817 -4.12742e-05 5.17828e-19
-0.000261341 -4.08195e-05 5.17815e-19
-0.000259819 -4.03511e-05 5.17801e-19
-0.000258254 -3.98697e-05 5.17787e-19
-0.000256647 -3.93757e-05 5.17773e-19
-0.000254999 -3.88693e-05 5.17758e-19
-0.000253309 -3.83503e-05 5.17743e-19
-0.000251577 -3.78187e-05 5.17728e-19
-0.000249803 -3.72745e-05 5.17712e-19
-0.000247988 -3.67183e-05 5.17696e-19
-0.000246136 -3.61508e-05 5.17679e-19
-0.00024425 -3.55726e-05 5.17663e-19
-0.000242334 -3.49847e-05 5.17645e-19
-0.000240391 -3.43878e-05 5.17628e-19
-0.000238425 -3.37827e-05 5.17611e-19
-0.000236439 -3.317e-05 5.17593e-19
-0.000234436 -3.25507e-05 5.17575e-19
-0.000232421 -3.19256e-05 5.17557e-19
-0.000230397 -3.12956e-05 5.17538e-19
-0.000228368 -3.06616e-05 5.1752e-19
-0.000226339 -3.00244e-05 5.17502e-19
-0.000224312 -2.93847e-05 5.17483e-19
-0.000222289 -2.87432e-05 5.17464e-19
-0.000220273 -2.81004e-05 5.17446e-19
-0.000218267 -2.74568e-05 5.17427e-19
-0.000216271 -2.68128e-05 5.17409e-19
-0.000214286 -2.61686e-05 5.1739e-19
-0.000212313 -2.55244e-05 5.17371e-19
-0.000210353 -2.48805e-05 5.17353e-19
-0.000208406 -2.42371e-05 5.17334e-19
-0.000206473 -2.35944e-05 5.17315e-19
-0.000204555 -2.29526e-05 5.17297e-19
-0.000202653 -2.23121e-05 5.17278e-19
-0.000200764 -2.16725e-05 5.1726e-19
-0.000198893 -2.10345e-05 5.17241e-19
-0.000197039 -2.03981e-05 5.17223e-19
-0.000195199 -1.97629e-05 5.17205e-19
-0.000193374 -1.91291e-05 5.17187e-19
-0.000191567 -1.84971e-05 5.17168e-19
-0.000189778 -1.78675e-05 5.1715e-19
-0.000188011 -1.72408e-05 5.17132e-19
-0.000186268 -1.66175e-05 5.17114e-19
-0.000184552 -1.59982e-05 5.17096e-19
-0.000182866 -1.53836e-05 5.17079e-19
-0.000181212 -1.47744e-05 5.17061e-19
-0.000179594 -1.41713e-05 5.17044e-19
-0.000178016 -1.35752e-05 5.17027e-19
-0.00017648 -1.29868e-05 5.1701e-19
-0.00017499 -1.24069e-05 5.16993e-19
-0.000173549 -1.18361e-05 5.16977e-19
-0.000172157 -1.12752e-05 5.16961e-19
-0.000170817 -1.07242e-05 5.16945e-19
-0.00016953 -1.01836e-05 5.1693e-19
-0.000168297 -9.65337e-06 5.16914e-19
-0.000167116 -9.13332e-06 5.169e-19
-0.000165987 -8.62334e-06 5.16885e-19
-0.000164905 -8.12307e-06 5.16871e-19
-0.00016387 -7.63215e-06 5.16857e-19
-0.000162877 -7.15004e-06 5.16843e-19
-0.000161925 -6.67623e-06 5.1683e-19
-0.000161008 -6.21009e-06 5.16817e-19
-0.000160124 -5.7511e-06 5.16804e-19
-0.000159269 -5.29868e-06 5.16791e-19
-0.000158439 -4.85227e-06 5.16779e-19
-0.000157631 -4.41129e-06 5.16766e-19
-0.000156842 -3.97514e-06 5.16754e-19
-0.000156068 -3.54324e-06 5.16742e-19
-0.000155304 -3.11503e-06 5.1673e-19
-0.000154549 -2.68994e-06 5.16718e-19
-0.00015378 -2.26571e-06 5.16706e-19
-0.000153008 -1.84323e-06 5.16694e-19
-0.000152239 -1.42287e-06 5.16682e-19
-0.000151463 -1.0035e-06 5.1667e-19
-0.000150683 -5.85119e-07 5.16659e-19
-0.000149891 -1.6667e-07 5.16647e-19
-0.000149087 2.52124e-07 5.16635e-19
-0.000148265 6.72112e-07 5.16623e-19
-0.000147422 1.09383e-06 5.16611e-19
-0.000146555 1.51819e-06 5.16599e-19
-0.000145659 1.94579e-06 5.16587e-19
-0.000144732 2.37732e-06 5.16575e-19
-0.00014377 2.81321e-06 5.16562e-19
-0.000142834 3.24527e-06 5.1655e-19
-0.000141878 3.67961e-06 5.16538e-19
-0.000140871 4.12114e-06 5.16525e-19
-0.000139835 4.56646e-06 5.16512e-19
-0.000138755 5.01767e-06 5.165e-19
-0.000137643 5.47307e-06 5.16487e-19
-0.000136494 5.9334e-06 5.16473e-19
-0.000135312 6.3978e-06 5.1646e-19
-0.000134096 6.86652e-06 5.16447e-19
-0.000132849 7.33901e-06 5.16433e-19
-0.000131571 7.81508e-06 5.16419e-19
-0.000130268 8.29377e-06 5.16406e-19
-0.000128944 8.7741e-06 5.16392e-19
-0.000127605 9.25488e-06 5.16378e-19
-0.000126255 9.73515e-06 5.16364e-19
-0.000124897 1.02141e-05 5.1635e-19
-0.000123534 1.06912e-05 5.16337e-19
-0.00012217 1.11659e-05 5.16323e-19
-0.000120804 1.16377e-05 5.16309e-19
-0.00011944 1.21065e-05 5.16296e-19
-0.000118076 1.2572e-05 5.16283e-19
-0.000116712 1.30342e-05 5.16269e-19
-0.000115349 1.34932e-05 5.16256e-19
-0.000113984 1.39493e-05 5.16243e-19
-0.000112613 1.44033e-05 5.1623e-19
-0.000111233 1.48557e-05 5.16217e-19
-0.00010984 1.53073e-05 5.16204e-19
-0.000108432 1.57586e-05 5.16191e-19
-0.000107006 1.62102e-05 5.16178e-19
-0.000105558 1.66626e-05 5.16165e-19
-0.000104087 1.71161e-05 5.16152e-19
-0.000102592 1.75709e-05 5.16138e-19
-0.000101074 1.80268e-05 5.16125e-19
-9.95334e-05 1.84836e-05 5.16112e-19
-9.79719e-05 1.89411e-05 5.16099e-19
-9.63922e-05 1.93987e-05 5.16085e-19
-9.47978e-05 1.98556e-05 5.16072e-19
-9.31927e-05 2.03111e-05 5.16059e-19
-9.15812e-05 2.07642e-05 5.16045e-19
-8.99691e-05 2.12138e-05 5.16032e-19
-8.83625e-05 2.16586e-05 5.16019e-19
-8.67678e-05 2.20974e-05 5.16007e-19
-8.51921e-05 2.25287e-05 5.15994e-19
-8.36436e-05 2.29508e-05 5.15982e-19
-8.21313e-05 2.33618e-05 5.1597e-19
-8.0664e-05 2.37599e-05 5.15958e-19
-7.92496e-05 2.41434e-05 5.15947e-19
-7.78941e-05 2.45111e-05 5.15936e-19
-7.6602e-05 2.48619e-05 5.15926e-19
-7.53773e-05 2.5195e-05 5.15916e-19
-7.42228e-05 2.55098e-05 5.15907e-19
-7.31396e-05 2.5806e-05 5.15898e-19
-7.21278e-05 2.60834e-05 5.1589e-19
-7.11865e-05 2.63421e-05 5.15883e-19
-7.03152e-05 2.65822e-05 5.15876e-19
-6.95142e-05 2.68034e-05 5.1587e-19
-6.87844e-05 2.70054e-05 5.15864e-19
-6.81264e-05 2.7188e-05 5.15858e-19
-6.75403e-05 2.7351e-05 5.15854e-19
-6.70247e-05 2.74946e-05 5.1585e-19
-6.65779e-05 2.76189e-05 5.15846e-19
-6.61978e-05 2.77242e-05 5.15843e-19
-6.58823e-05 2.78109e-05 5.15841e-19
-6.56296e-05 2.78792e-05 5.15839e-19
-6.54382e-05 2.79294e-05 5.15837e-19
-6.53068e-05 2.79615e-05 5.15836e-19
-6.52343e-05 2.79756e-05 5.15836e-19
-6.52199e-05 2.7972e-05 5.15836e-19
-6.52635e-05 2.79505e-05 5.15837e-19
-6.53652e-05 2.79111e-05 5.15838e-19
-6.55252e-05 2.78537e-05 5.1584e-19
-6.57451e-05 2.7778e-05 5.15842e-19
-6.60265e-05 2.76835e-05 5.15845e-19
-6.63717e-05 2.75699e-05 5.15848e-19
-6.67827e-05 2.74367e-05 5.15852e-19
-6.72609e-05 2.72838e-05 5.15856e-19
-6.78073e-05 2.71109e-05 5.15861e-19
-6.84228e-05 2.69179e-05 5.15867e-19
-6.91079e-05 2.67049e-05 5.15873e-19
-6.98619e-05 2.6472e-05 5.15879e-19
-7.0683e-05 2.62197e-05 5.15887e-19
-7.15694e-05 2.59485e-05 5.15894e-19
-7.25192e-05 2.5659e-05 5.15903e-19
-7.35303e-05 2.53517e-05 5.15912e-19
-7.46003e-05 2.50272e-05 5.15921e-19
-7.57269e-05 2.46861e-05 5.15931e-19
-7.69078e-05 2.43291e-05 5.15941e-19
-7.81411e-05 2.39567e-05 5.15952e-19
-7.94249e-05 2.35694e-05 5.15963e-19
-8.07575e-05 2.31676e-05 5.15975e-19
-8.21371e-05 2.27519e-05 5.15987e-19
-8.35621e-05 2.23227e-05 5.15999e-19
-8.50311e-05 2.18804e-05 5.16012e-19
-8.65424e-05 2.14255e-05 5.16025e-19
-8.80943e-05 2.09584e-05 5.16039e-19
-8.96858e-05 2.04795e-05 5.16052e-19
-9.13152e-05 1.99892e-05 5.16067e-19
-9.29814e-05 1.94877e-05 5.16081e-19
-9.4682e-05 1.89756e-05 5.16096e-19
-9.64134e-05 1.84539e-05 5.16111e-19
-9.81709e-05 1.79234e-05 5.16126e-19
-9.99495e-05 1.73854e-05 5.16142e-19
-0.000101744 1.68411e-05 5.16158e-19
-0.000103546 1.6292e-05 5.16173e-19
-0.000105349 1.57399e-05 5.16189e-19
-0.000107145 1.51865e-05 5.16205e-19
-0.000108925 1.46335e-05 5.16221e-19
-0.000110682 1.40825e-05 5.16237e-19
-0.000112409 1.35353e-05 5.16253e-19
-0.0001141 1.29933e-05 5.16269e-19
-0.000115748 1.24578e-05 5.16284e-19
-0.000117348 1.19302e-05 5.16299e-19
-0.000118896 1.14111e-05 5.16314e-19
-0.000120391 1.09014e-05 5.16329e-19
-0.000121828 1.04018e-05 5.16343e-19
-0.000123208 9.91267e-06 5.16357e-19
-0.000124531 9.43415e-06 5.16371e-19
-0.000125795 8.9664e-06 5.16384e-19
-0.000127003 8.50946e-06 5.16397e-19
-0.000128155 8.0633e-06 5.1641e-19
-0.000129252 7.6278e-06 5.16422e-19
-0.000130297 7.20281e-06 5.16434e-19
-0.000131292 6.78799e-06 5.16446e-19
-0.00013224 6.38264e-06 5.16457e-19
-0.000133148 5.98576e-06 5.16469e-19
-0.000134022 5.59637e-06 5.1648e-19
-0.000134865 5.2134e-06 5.1649e-19
-0.000135686 4.83573e-06 5.16501e-19
-0.000136519 4.45789e-06 5.16512e-19
-0.000137374 4.07836e-06 5.16523e-19
-0.000138222 3.7008e-06 5.16533e-19
-0.000139067 3.32452e-06 5.16544e-19
-0.000139914 2.94857e-06 5.16555e-19
-0.000140764 2.5725e-06 5.16566e-19
-0.000141621 2.19569e-06 5.16576e-19
-0.000142485 1.81785e-06 5.16587e-19
-0.000143359 1.43867e-06 5.16598e-19
-0.000144241 1.05805e-06 5.16609e-19
-0.000145133 6.75924e-07 5.1662e-19
-0.000146032 2.92431e-07 5.16631e-19
-0.000146937 -9.21883e-08 5.16642e-19
-0.000147845 -4.77624e-07 5.16653e-19
-0.000148755 -8.63434e-07 5.16664e-19
-0.000149648 -1.24757e-06 5.16675e-19
-0.000150531 -1.63031e-06 5.16686e-19
-0.000151405 -2.01128e-06 5.16697e-19
-0.00015226 -2.3892e-06 5.16708e-19
-0.000153097 -2.76366e-06 5.16719e-19
-0.000153908 -3.13356e-06 5.16729e-19
-0.000154692 -3.49851e-06 5.1674e-19
-0.000155445 -3.85779e-06 5.1675e-19
-0.000156167 -4.21138e-06 5.1676e-19
-0.000156858 -4.55918e-06 5.1677e-19
-0.00015752 -4.90149e-06 5.1678e-19
-0.000158152 -5.23842e-06 5.16789e-19
-0.000158758 -5.57018e-06 5.16799e-19
-0.000159337 -5.8968e-06 5.16808e-19
-0.000159891 -6.21853e-06 5.16817e-19
-0.000160423 -6.53573e-06 5.16826e-19
-0.000160936 -6.84914e-06 5.16835e-19
-0.000161438 -7.15975e-06 5.16843e-19
-0.000161933 -7.46863e-06 5.16852e-19
-0.000162427 -7.7768e-06 5.16861e-19
-0.000162926 -8.08519e-06 5.16869e-19
-0.000163435 -8.39457e-06 5.16878e-19
-0.000163958 -8.70574e-06 5.16887e-19
-0.000164498 -9.01972e-06 5.16896e-19
-0.000165062 -9.33744e-06 5.16904e-19
-0.000165658 -9.66015e-06 5.16914e-19
-0.000166292 -9.98905e-06 5.16923e-19
-0.00016697 -1.03252e-05 5.16932e-19
-0.000167696 -1.06694e-05 5.16942e-19
-0.000168474 -1.1022e-05 5.16952e-19
-0.000169305 -1.13836e-05 5.16962e-19
-0.000170192 -1.17544e-05 5.16973e-19
-0.000171135 -1.21346e-05 5.16984e-19
-0.000172136 -1.25244e-05 5.16995e-19
-0.000173194 -1.29238e-05 5.17006e-19
-0.000174309 -1.33328e-05 5.17018e-19
-0.000175482 -1.37513e-05 5.1703e-19
-0.000176711 -1.41792e-05 5.17042e-19
-0.000177995 -1.46164e-05 5.17055e-19
-0.000179334 -1.50626e-05 5.17068e-19
-0.000180726 -1.55178e-05 5.17081e-19
-0.000182171 -1.5982e-05 5.17095e-19
-0.00018367 -1.64552e-05 5.17108e-19
-0.00018522 -1.69372e-05 5.17122e-19
-0.000186818 -1.74274e-05 5.17137e-19
-0.000188462 -1.7925e-05 5.17151e-19
-0.000190146 -1.84291e-05 5.17166e-19
-0.000191866 -1.8939e-05 5.17181e-19
-0.00019362 -1.94541e-05 5.17196e-19
-0.000195405 -1.99739e-05 5.17211e-19
-0.000197214 -2.04967e-05 5.17226e-19
-0.000199044 -2.10224e-05 5.17241e-19
-0.000200899 -2.15514e-05 5.17257e-19
-0.000202775 -2.20828e-05 5.17272e-19
-0.00020467 -2.26163e-05 5.17288e-19
-0.000206582 -2.31513e-05 5.17304e-19
-0.000208507 -2.3687e-05 5.17319e-19
-0.000210439 -2.4222e-05 5.17335e-19
-0.000212374 -2.47554e-05 5.1735e-19
-0.000214307 -2.52861e-05 5.17366e-19
-0.000216234 -2.58132e-05 5.17381e-19
-0.000218151 -2.63355e-05 5.17397e-19
-0.000220051 -2.6852e-05 5.17412e-19
-0.000221933 -2.73617e-05 5.17427e-19
-0.000223792 -2.7864e-05 5.17441e-19
-0.000225626 -2.83583e-05 5.17456e-19
-0.000227433 -2.8844e-05 5.1747e-19
-0.000229211 -2.93206e-05 5.17484e-19
-0.000230956 -2.97871e-05 5.17498e-19
-0.000232664 -3.02427e-05 5.17511e-19
-0.000234329 -3.06863e-05 5.17524e-19
-0.000235947 -3.11168e-05 5.17537e-19
-0.000237516 -3.15337e-05 5.17549e-19
-0.000239032 -3.19365e-05 5.17561e-19
-0.000240494 -3.23246e-05 5.17572e-19
-0.000241898 -3.26975e-05 5.17583e-19
-0.000243242 -3.30546e-05 5.17594e-19
-0.000244522 -3.3395e-05 5.17604e-19
-0.000245734 -3.37182e-05 5.17613e-19
-0.000246875 -3.40234e-05 5.17622e-19
-0.000247942 -3.43102e-05 5.1763e-19
-0.000248933 -3.45781e-05 5.17638e-19
-0.000249845 -3.48268e-05 5.17646e-19
-0.000250678 -3.50559e-05 5.17652e-19
-0.000251429 -3.5265e-05 5.17658e-19
-0.000252096 -3.54539e-05 5.17664e-19
-0.000252676 -3.5622e-05 5.17669e-19
-0.000253169 -3.57691e-05 5.17673e-19
-0.000253572 -3.5895e-05 5.17677e-19
-0.000253885 -3.59992e-05 5.1768e-19
-0.000254106 -3.60817e-05 5.17682e-19
-0.000254236 -3.61425e-05 5.17684e-19
-0.000254277 -3.61821e-05 5.17685e-19
-0.000254233 -3.62012e-05 5.17685e-19
-0.000254108 -3.62008e-05 5.17685e-19
-0.000253907 -3.61818e-05 5.17684e-19
-0.000253636 -3.61452e-05 5.17683e-19
-0.0002533 -3.60922e-05 5.17681e-19
-0.000252904 -3.60238e-05 5.17679e-19
-0.000252454 -3.59411e-05 5.17677e-19
-0.000251956 -3.58453e-05 5.17674e-19
-0.000251417 -3.57378e-05 5.17671e-19
-0.000250844 -3.56198e-05 5.17667e-19
-0.000250241 -3.54924e-05 5.17663e-19
-0.000249613 -3.53565e-05 5.17659e-19
-0.000248965 -3.52128e-05 5.17655e-19
-0.000248298 -3.50619e-05 5.1765e-19
-0.000247616 -3.49043e-05 5.17646e-19
-0.00024692 -3.47402e-05 5.17641e-19
-0.00024621 -3.45696e-05 5.17636e-19
-0.000245486 -3.43926e-05 5.17631e-19
-0.000244747 -3.4209e-05 5.17625e-19
-0.000243993 -3.40188e-05 5.1762e-19
-0.000243223 -3.3822e-05 5.17614e-19
-0.000242438 -3.36183e-05 5.17608e-19
-0.000241634 -3.34076e-05 5.17602e-19
-0.00024081 -3.31893e-05 5.17596e-19
-0.000239962 -3.29628e-05 5.17589e-19
-0.000239087 -3.27274e-05 5.17582e-19
-0.00023818 -3.24824e-05 5.17575e-19
-0.00023724 -3.22277e-05 5.17568e-19
-0.000236267 -3.19631e-05 5.1756e-19
-0.00023526 -3.16888e-05 5.17552e-19
-0.00023422 -3.14048e-05 5.17544e-19
-0.000233147 -3.11113e-05 5.17535e-19
-0.000232041 -3.08085e-05 5.17526e-19
-0.000230905 -3.0497e-05 5.17517e-19
-0.00022974 -3.0177e-05 5.17508e-19
-0.00022855 -2.98497e-05 5.17499e-19
-0.00022734 -2.9516e-05 5.17489e-19
-0.000226116 -2.91772e-05 5.17479e-19
-0.000224883 -2.88345e-05 5.17469e-19
-0.000223645 -2.84889e-05 5.17459e-19
-0.000222407 -2.81412e-05 5.17449e-19
-0.000221171 -2.77922e-05 5.17439e-19
-0.000219942 -2.74428e-05 5.17428e-19
-0.000218724 -2.70939e-05 5.17418e-19
-0.000217519 -2.67462e-05 5.17408e-19
-0.000216333 -2.64006e-05 5.17398e-19
-0.000215169 -2.60578e-05 5.17388e-19
-0.000214027 -2.57182e-05 5.17378e-19
-0.00021291 -2.53822e-05 5.17368e-19
-0.000211818 -2.50498e-05 5.17359e-19
-0.000210752 -2.47214e-05 5.17349e-19
-0.000209714 -2.43973e-05 5.1734e-19
-0.000208705 -2.40778e-05 5.1733e-19
-0.000207727 -2.37632e-05 5.17321e-19
-0.00020678 -2.34537e-05 5.17312e-19
-0.000205867 -2.315e-05 5.17304e-19
-0.000204989 -2.2852e-05 5.17295e-19
-0.000204146 -2.256e-05 5.17286e-19
-0.000203339 -2.22741e-05 5.17278e-19
-0.000202568 -2.19943e-05 5.1727e-19
-0.000201833 -2.17208e-05 5.17262e-19
-0.000201135 -2.14535e-05 5.17255e-19
-0.000200474 -2.11925e-05 5.17247e-19
-0.00019985 -2.09381e-05 5.1724e-19
-0.000199264 -2.06899e-05 5.17233e-19
-0.000198714 -2.04481e-05 5.17226e-19
-0.000198201 -2.02127e-05 5.17219e-19
-0.000197727 -1.9984e-05 5.17213e-19
-0.000197292 -1.97621e-05 5.17206e-19
-0.000196897 -1.95473e-05 5.172e-19
-0.000196543 -1.93396e-05 5.17194e-19
-0.00019623 -1.91394e-05 5.17189e-19
-0.000195958 -1.89466e-05 5.17183e-19
-0.000195729 -1.87615e-05 5.17178e-19
-0.000195542 -1.85838e-05 5.17173e-19
-0.000195395 -1.84136e-05 5.17168e-19
-0.000195288 -1.82506e-05 5.17164e-19
-0.000195217 -1.80944e-05 5.1716e-19
-0.00019518 -1.79447e-05 5.17156e-19
-0.000195177 -1.7801e-05 5.17152e-19
-0.000195203 -1.76627e-05 5.17148e-19
-0.000195255 -1.75291e-05 5.17144e-19
-0.000195329 -1.73995e-05 5.17141e-19
-0.00019542 -1.72732e-05 5.17137e-19
-0.000195524 -1.71495e-05 5.17134e-19
-0.000195636 -1.70276e-05 5.17131e-19
-0.000195754 -1.69066e-05 5.17128e-19
-0.00019587 -1.67853e-05 5.17125e-19
-0.00019598 -1.66626e-05 5.17121e-19
-0.000196077 -1.65372e-05 5.17118e-19
-0.000196153 -1.6408e-05 5.17115e-19
-0.000196206 -1.6274e-05 5.17111e-19
-0.000196229 -1.61342e-05 5.17107e-19
-0.000196218 -1.59878e-05 5.17103e-19
-0.00019617 -1.58341e-05 5.17099e-19
-0.00019608 -1.56722e-05 5.17095e-19
-0.000195945 -1.55015e-05 5.1709e-19
-0.000195761 -1.53212e-05 5.17085e-19
-0.000195526 -1.5131e-05 5.1708e-19
-0.000195237 -1.49303e-05 5.17074e-19
-0.000194894 -1.4719e-05 5.17068e-19
-0.000194497 -1.44971e-05 5.17062e-19
-0.000194045 -1.42645e-05 5.17055e-19
-0.000193538 -1.40212e-05 5.17048e-19
-0.000192978 -1.37674e-05 5.17041e-19
-0.000192365 -1.35034e-05 5.17033e-19
-0.000191701 -1.32293e-05 5.17026e-19
-0.000190986 -1.29455e-05 5.17017e-19
-0.000190223 -1.26522e-05 5.17009e-19
-0.000189413 -1.23499e-05 5.17e-19
-0.000188558 -1.20387e-05 5.16991e-19
-0.000187659 -1.17191e-05 5.16982e-19
-0.000186718 -1.13912e-05 5.16973e-19
-0.000185735 -1.10554e-05 5.16963e-19
-0.000184712 -1.07118e-05 5.16953e-19
-0.00018365 -1.03609e-05 5.16943e-19
-0.000182553 -1.00031e-05 5.16932e-19
-0.00018142 -9.63885e-06 5.16922e-19
-0.000180255 -9.26845e-06 5.16911e-19
-0.000179058 -8.89227e-06 5.169e-19
-0.000177831 -8.51061e-06 5.16889e-19
-0.000176575 -8.12375e-06 5.16878e-19
-0.000175291 -7.73199e-06 5.16866e-19
-0.00017398 -7.33563e-06 5.16855e-19
-0.000172644 -6.935e-06 5.16843e-19
-0.000171284 -6.53042e-06 5.16831e-19
-0.000169902 -6.12227e-06 5.1682e-19
-0.0001685 -5.71106e-06 5.16808e-19
-0.000167081 -5.2974e-06 5.16796e-19
-0.000165646 -4.88192e-06 5.16783e-19
-0.000164194 -4.46463e-06 5.16771e-19
-0.000162731 -4.04672e-06 5.16759e-19
-0.000161263 -3.62918e-06 5.16747e-19
-0.000159793 -3.21249e-06 5.16735e-19
-0.000158324 -2.79752e-06 5.16723e-19
-0.000156858 -2.38471e-06 5.16711e-19
-0.000155397 -1.9747e-06 5.16699e-19
-0.000153945 -1.56791e-06 5.16687e-19
-0.000152503 -1.16487e-06 5.16675e-19
-0.000151072 -7.65927e-07 5.16663e-19
-0.000149654 -3.71431e-07 5.16652e-19
-0.000148251 1.83266e-08 5.16641e-19
-0.000146864 4.03048e-07 5.16629e-19
-0.000145493 7.82524e-07 5.16618e-19
-0.000144139 1.15657e-06 5.16607e-19
-0.000142804 1.52502e-06 5.16597e-19
-0.000141487 1.8877e-06 5.16586e-19
-0.00014019 2.24441e-06 5.16576e-19
-0.000138913 2.59494e-06 5.16565e-19
-0.000137658 2.93907e-06 5.16555e-19
-0.000136426 3.27656e-06 5.16546e-19
-0.000135218 3.6071e-06 5.16536e-19
-0.000134035 3.93034e-06 5.16526e-19
-0.00013288 4.24594e-06 5.16517e-19
-0.000131754 4.55349e-06 5.16508e-19
-0.00013069 4.84814e-06 5.165e-19
-0.000129668 5.13244e-06 5.16491e-19
-0.000128675 5.40824e-06 5.16483e-19
-0.000127725 5.67317e-06 5.16476e-19
-0.000126814 5.92748e-06 5.16468e-19
-0.000125953 6.16941e-06 5.16461e-19
-0.000125143 6.39844e-06 5.16455e-19
-0.000124389 6.61338e-06 5.16448e-19
-0.000123693 6.81391e-06 5.16443e-19
-0.000123056 6.99956e-06 5.16437e-19
-0.00012248 7.17018e-06 5.16432e-19
-0.000121965 7.32556e-06 5.16428e-19
-0.00012151 7.46579e-06 5.16424e-19
-0.000121115 7.59105e-06 5.1642e-19
-0.000120777 7.70161e-06 5.16417e-19
-0.000120495 7.79766e-06 5.16414e-19
-0.000120269 7.87932e-06 5.16412e-19
-0.000120099 7.94664e-06 5.1641e-19
-0.000119983 7.99966e-06 5.16408e-19
-0.000119922 8.03847e-06 5.16407e-19
-0.000119914 8.06323e-06 5.16407e-19
-0.000119958 8.07417e-06 5.16406e-19
-0.000120052 8.07152e-06 5.16406e-19
-0.000120197 8.05544e-06 5.16407e-19
-0.000120393 8.02595e-06 5.16408e-19
-0.000120638 7.98296e-06 5.16409e-19
-0.000120935 7.92639e-06 5.16411e-19
-0.000121282 7.85632e-06 5.16413e-19
-0.000121679 7.77316e-06 5.16415e-19
-0.000122121 7.67758e-06 5.16418e-19
-0.000122606 7.57028e-06 5.16421e-19
-0.000123132 7.4519e-06 5.16425e-19
-0.000123696 7.32288e-06 5.16429e-19
-0.000124297 7.18357e-06 5.16433e-19
-0.000124934 7.03428e-06 5.16437e-19
-0.000125606 6.8753e-06 5.16442e-19
-0.000126312 6.70689e-06 5.16447e-19
-0.000127052 6.52925e-06 5.16452e-19
-0.000127824 6.34259e-06 5.16457e-19
-0.000128629 6.14719e-06 5.16463e-19
-0.000129464 5.9435e-06 5.16469e-19
-0.000130327 5.73203e-06 5.16475e-19
-0.000131215 5.51337e-06 5.16482e-19
-0.000132127 5.28806e-06 5.16488e-19
-0.000133061 5.05653e-06 5.16495e-19
-0.000134015 4.81915e-06 5.16502e-19
-0.000134987 4.57631e-06 5.16509e-19
-0.000135975 4.32844e-06 5.16516e-19
-0.000137003 4.07257e-06 5.16524e-19
-0.000138049 3.81179e-06 5.16531e-19
-0.000139098 3.54843e-06 5.16539e-19
-0.000140157 3.28186e-06 5.16547e-19
-0.000141215 3.01368e-06 5.16555e-19
-0.000142274 2.74395e-06 5.16563e-19
-0.000143328 2.47386e-06 5.16571e-19
-0.000144374 2.20375e-06 5.16579e-19
-0.000145408 1.93451e-06 5.16587e-19
-0.000146429 1.66653e-06 5.16595e-19
-0.000147433 1.40049e-06 5.16602e-19
-0.000148418 1.13686e-06 5.1661e-19
-0.000149379 8.76327e-07 5.16618e-19
-0.000150315 6.19455e-07 5.16625e-19
-0.000151223 3.66875e-07 5.16633e-19
-0.000152099 1.19041e-07 5.1664e-19
-0.000152943 -1.2379e-07 5.16647e-19
-0.000153754 -3.61558e-07 5.16654e-19
-0.000154532 -5.94252e-07 5.16661e-19
-0.000155278 -8.2182e-07 5.16667e-19
-0.000155989 -1.04403e-06 5.16674e-19
-0.000156664 -1.26054e-06 5.1668e-19
-0.000157303 -1.47105e-06 5.16686e-19
-0.000157903 -1.67534e-06 5.16692e-19
-0.000158466 -1.87342e-06 5.16698e-19
-0.000158991 -2.06541e-06 5.16703e-19
-0.000159481 -2.2515e-06 5.16709e-19
-0.000159935 -2.43194e-06 5.16714e-19
-0.000160357 -2.60702e-06 5.16719e-19
-0.000160748 -2.77708e-06 5.16724e-19
-0.000161109 -2.94248e-06 5.16728e-19
-0.000161444 -3.10363e-06 5.16733e-19
-0.000161754 -3.26101e-06 5.16737e-19
-0.000162042 -3.41513e-06 5.16742e-19
-0.000162311 -3.56654e-06 5.16746e-19
-0.000162564 -3.7157e-06 5.1675e-19
-0.000162801 -3.86293e-06 5.16754e-19
-0.000163025 -4.00843e-06 5.16758e-19
-0.000163237 -4.15239e-06 5.16762e-19
-0.000163429 -4.29424e-06 5.16766e-19
-0.000163609 -4.43462e-06 5.1677e-19
-0.000163778 -4.57376e-06 5.16774e-19
-0.000163935 -4.71139e-06 5.16778e-19
-0.000164081 -4.84775e-06 5.16782e-19
-0.000164216 -4.9828e-06 5.16786e-19
-0.000164342 -5.11688e-06 5.16789e-19
-0.00016446 -5.25009e-06 5.16793e-19
-0.00016457 -5.38268e-06 5.16797e-19
-0.000164672 -5.51459e-06 5.168e-19
-0.000164767 -5.6458e-06 5.16804e-19
-0.000164854 -5.77617e-06 5.16808e-19
-0.000164932 -5.90568e-06 5.16811e-19
-0.000165002 -6.03426e-06 5.16815e-19
-0.000165064 -6.16195e-06 5.16818e-19
-0.000165118 -6.28874e-06 5.16822e-19
-0.000165165 -6.41466e-06 5.16825e-19
-0.000165203 -6.53957e-06 5.16829e-19
-0.000165233 -6.66334e-06 5.16832e-19
-0.000165254 -6.7858e-06 5.16835e-19
-0.000165267 -6.90694e-06 5.16839e-19
-0.000165272 -7.02697e-06 5.16842e-19
-0.000165272 -7.1463e-06 5.16845e-19
-0.000165269 -7.26536e-06 5.16848e-19
-0.000165267 -7.38462e-06 5.16852e-19
-0.000165267 -7.50453e-06 5.16855e-19
-0.000165273 -7.6256e-06 5.16858e-19
-0.000165288 -7.74828e-06 5.16861e-19
-0.000165314 -7.87321e-06 5.16865e-19
-0.000165357 -8.00133e-06 5.16868e-19
-0.000165423 -8.13381e-06 5.16872e-19
-0.000165518 -8.2718e-06 5.16876e-19
-0.000165647 -8.4164e-06 5.1688e-19
-0.000165816 -8.56861e-06 5.16884e-19
-0.00016603 -8.72934e-06 5.16888e-19
-0.000166292 -8.8994e-06 5.16893e-19
-0.000166607 -9.07967e-06 5.16898e-19
-0.00016698 -9.27114e-06 5.16904e-19
-0.000167416 -9.47491e-06 5.16909e-19
-0.000167921 -9.69201e-06 5.16916e-19
-0.000168497 -9.92327e-06 5.16922e-19
-0.000169149 -1.01693e-05 5.16929e-19
-0.000169878 -1.04305e-05 5.16937e-19
-0.000170683 -1.07072e-05 5.16945e-19
-0.000171566 -1.09994e-05 5.16953e-19
-0.000172527 -1.13071e-05 5.16962e-19
-0.000173564 -1.16302e-05 5.16972e-19
-0.000174676 -1.19685e-05 5.16982e-19
-0.000175861 -1.23214e-05 5.16992e-19
-0.000177114 -1.26882e-05 5.17003e-19
-0.000178428 -1.30676e-05 5.17014e-19
-0.000179798 -1.34584e-05 5.17025e-19
-0.000181216 -1.38594e-05 5.17037e-19
-0.000182678 -1.42694e-05 5.17049e-19
-0.000184177 -1.46872e-05 5.17061e-19
-0.000185706 -1.51117e-05 5.17074e-19
-0.00018726 -1.55417e-05 5.17086e-19
-0.000188834 -1.59759e-05 5.17099e-19
-0.00019042 -1.64131e-05 5.17112e-19
-0.000192014 -1.68521e-05 5.17125e-19
-0.000193608 -1.72916e-05 5.17138e-19
-0.000195199 -1.77307e-05 5.17151e-19
-0.000196781 -1.81683e-05 5.17163e-19
-0.000198352 -1.86036e-05 5.17176e-19
-0.000199906 -1.90357e-05 5.17189e-19
-0.000201442 -1.94639e-05 5.17201e-19
-0.000202954 -1.98873e-05 5.17214e-19
-0.000204441 -2.03051e-05 5.17226e-19
-0.000205899 -2.07167e-05 5.17238e-19
-0.000207325 -2.11213e-05 5.1725e-19
-0.000208718 -2.15184e-05 5.17261e-19
-0.000210076 -2.19074e-05 5.17272e-19
-0.000211396 -2.22878e-05 5.17284e-19
-0.000212678 -2.26592e-05 5.17294e-19
-0.000213918 -2.30207e-05 5.17305e-19
-0.000215118 -2.33727e-05 5.17315e-19
-0.000216282 -2.37157e-05 5.17325e-19
-0.000217407 -2.40489e-05 5.17335e-19
-0.00021849 -2.4372e-05 5.17344e-19
-0.00021953 -2.46841e-05 5.17353e-19
-0.000220525 -2.49849e-05 5.17362e-19
-0.000221473 -2.52739e-05 5.1737e-19
-0.000222371 -2.55504e-05 5.17378e-19
-0.000223218 -2.58139e-05 5.17385e-19
-0.000224011 -2.60641e-05 5.17393e-19
-0.000224751 -2.63007e-05 5.17399e-19
-0.000225436 -2.65233e-05 5.17406e-19
-0.000226065 -2.67317e-05 5.17412e-19
-0.000226637 -2.69258e-05 5.17417e-19
-0.000227154 -2.71058e-05 5.17422e-19
-0.000227618 -2.7272e-05 5.17427e-19
-0.000228031 -2.74248e-05 5.17431e-19
-0.000228393 -2.75644e-05 5.17435e-19
-0.000228707 -2.76911e-05 5.17439e-19
-0.000228972 -2.78049e-05 5.17442e-19
-0.000229188 -2.79056e-05 5.17445e-19
-0.000229356 -2.79934e-05 5.17447e-19
-0.000229474 -2.80682e-05 5.17449e-19
-0.000229544 -2.81297e-05 5.17451e-19
-0.000229564 -2.8178e-05 5.17452e-19
-0.000229534 -2.8213e-05 5.17453e-19
-0.000229454 -2.82345e-05 5.17454e-19
-0.000229323 -2.82423e-05 5.17454e-19
-0.00022914 -2.82364e-05 5.17454e-19
-0.000228906 -2.82166e-05 5.17453e-19
-0.00022862 -2.81831e-05 5.17452e-19
-0.000228286 -2.81363e-05 5.17451e-19
-0.000227905 -2.80764e-05 5.17449e-19
-0.00022748 -2.8004e-05 5.17446e-19
-0.000227012 -2.79195e-05 5.17444e-19
-0.000226505 -2.78236e-05 5.17441e-19
-0.000225963 -2.77171e-05 5.17438e-19
-0.000225387 -2.76003e-05 5.17434e-19
-0.00022478 -2.74734e-05 5.17431e-19
-0.000224141 -2.73365e-05 5.17427e-19
-0.000223469 -2.71894e-05 5.17422e-19
-0.000222764 -2.70321e-05 5.17418e-19
-0.000222028 -2.68648e-05 5.17413e-19
-0.000221261 -2.66878e-05 5.17408e-19
-0.000220466 -2.65015e-05 5.17402e-19
-0.000219643 -2.63063e-05 5.17396e-19
-0.000218794 -2.61025e-05 5.1739e-19
-0.000217921 -2.58904e-05 5.17384e-19
-0.000217025 -2.56706e-05 5.17378e-19
-0.000216108 -2.54432e-05 5.17371e-19
-0.00021517 -2.52085e-05 5.17364e-19
-0.000214211 -2.49668e-05 5.17357e-19
-0.000213232 -2.47182e-05 5.1735e-19
-0.000212233 -2.44629e-05 5.17343e-19
-0.000211217 -2.42013e-05 5.17335e-19
-0.000210182 -2.39337e-05 5.17327e-19
-0.000209132 -2.36604e-05 5.17319e-19
-0.000208069 -2.33821e-05 5.17311e-19
-0.000206991 -2.30988e-05 5.17303e-19
-0.000205898 -2.28104e-05 5.17294e-19
-0.000204791 -2.25171e-05 5.17286e-19
-0.00020367 -2.22192e-05 5.17277e-19
-0.000202537 -2.19172e-05 5.17268e-19
-0.000201397 -2.16118e-05 5.17259e-19
-0.000200252 -2.13039e-05 5.1725e-19
-0.000199107 -2.09945e-05 5.17241e-19
-0.000197966 -2.06846e-05 5.17232e-19
-0.000196835 -2.03752e-05 5.17223e-19
-0.000195717 -2.00671e-05 5.17214e-19
-0.000194616 -1.97612e-05 5.17205e-19
-0.000193537 -1.94584e-05 5.17196e-19
-0.000192483 -1.91594e-05 5.17188e-19
-0.000191458 -1.88651e-05 5.17179e-19
-0.000190465 -1.85761e-05 5.1717e-19
-0.000189509 -1.82931e-05 5.17162e-19
-0.000188592 -1.80168e-05 5.17154e-19
-0.000187717 -1.7748e-05 5.17146e-19
-0.000186889 -1.74871e-05 5.17139e-19
-0.00018611 -1.7235e-05 5.17131e-19
-0.000185385 -1.69924e-05 5.17124e-19
-0.000184716 -1.67598e-05 5.17118e-19
-0.000184106 -1.65378e-05 5.17111e-19
-0.000183557 -1.63269e-05 5.17105e-19
-0.000183071 -1.61271e-05 5.17099e-19
-0.000182648 -1.59388e-05 5.17094e-19
-0.000182288 -1.57618e-05 5.17089e-19
-0.00018199 -1.55961e-05 5.17084e-19
-0.000181755 -1.54415e-05 5.1708e-19
-0.000181579 -1.52977e-05 5.17076e-19
-0.000181462 -1.51642e-05 5.17072e-19
-0.000181398 -1.50401e-05 5.17069e-19
-0.000181384 -1.49247e-05 5.17065e-19
-0.000181415 -1.48169e-05 5.17063e-19
-0.000181484 -1.47155e-05 5.1706e-19
-0.000181586 -1.46195e-05 5.17057e-19
-0.000181714 -1.45274e-05 5.17055e-19
-0.000181862 -1.44382e-05 5.17053e-19
-0.000182026 -1.43506e-05 5.1705e-19
-0.000182197 -1.42635e-05 5.17048e-19
-0.000182372 -1.41757e-05 5.17046e-19
-0.000182545 -1.40861e-05 5.17043e-19
-0.000182709 -1.39938e-05 5.17041e-19
-0.00018286 -1.38979e-05 5.17038e-19
-0.000182996 -1.37977e-05 5.17036e-19
-0.000183113 -1.36926e-05 5.17033e-19
-0.00018321 -1.35819e-05 5.1703e-19
-0.000183283 -1.34654e-05 5.17027e-19
-0.000183331 -1.33428e-05 5.17024e-19
-0.000183355 -1.3214e-05 5.1702e-19
-0.000183353 -1.3079e-05 5.17016e-19
-0.000183326 -1.29378e-05 5.17013e-19
-0.000183273 -1.27906e-05 5.17009e-19
-0.000183197 -1.26376e-05 5.17004e-19
-0.000183097 -1.2479e-05 5.17e-19
-0.000182973 -1.23147e-05 5.16995e-19
-0.000182825 -1.21447e-05 5.16991e-19
-0.000182651 -1.19688e-05 5.16986e-19
-0.000182451 -1.17868e-05 5.16981e-19
-0.000182225 -1.15988e-05 5.16976e-19
-0.000181971 -1.14047e-05 5.1697e-19
-0.000181689 -1.12045e-05 5.16964e-19
-0.000181379 -1.09981e-05 5.16959e-19
-0.000181037 -1.07848e-05 5.16953e-19
-0.000180659 -1.05641e-05 5.16947e-19
-0.000180243 -1.03352e-05 5.1694e-19
-0.000179784 -1.00974e-05 5.16933e-19
-0.000179278 -9.84989e-06 5.16926e-19
-0.000178721 -9.59201e-06 5.16919e-19
-0.00017811 -9.32308e-06 5.16911e-19
-0.000177442 -9.04251e-06 5.16903e-19
-0.000176715 -8.74986e-06 5.16895e-19
-0.000175926 -8.44476e-06 5.16886e-19
-0.000175074 -8.12696e-06 5.16877e-19
-0.000174158 -7.7963e-06 5.16868e-19
-0.000173178 -7.45278e-06 5.16858e-19
-0.000172134 -7.09648e-06 5.16847e-19
-0.000171027 -6.72761e-06 5.16837e-19
-0.000169859 -6.34643e-06 5.16826e-19
-0.00016863 -5.95328e-06 5.16814e-19
-0.000167344 -5.54857e-06 5.16803e-19
-0.000166002 -5.13278e-06 5.1679e-19
-0.000164607 -4.70644e-06 5.16778e-19
-0.000163162 -4.27016e-06 5.16765e-19
-0.000161663 -3.82383e-06 5.16752e-19
-0.000160119 -3.36879e-06 5.16739e-19
-0.000158538 -2.90624e-06 5.16726e-19
-0.000156922 -2.43708e-06 5.16712e-19
-0.000155282 -1.9629e-06 5.16698e-19
-0.000153621 -1.48492e-06 5.16684e-19
-0.000151947 -1.00461e-06 5.1667e-19
-0.000150265 -5.23045e-07 5.16656e-19
-0.000148581 -4.13329e-08 5.16642e-19
-0.000146899 4.39593e-07 5.16628e-19
-0.000145223 9.1874e-07 5.16614e-19
-0.000143557 1.39522e-06 5.166e-19
-0.000141906 1.86814e-06 5.16586e-19
-0.000140272 2.33668e-06 5.16573e-19
-0.00013866 2.80007e-06 5.16559e-19
-0.000137072 3.25755e-06 5.16546e-19
-0.000135512 3.7084e-06 5.16533e-19
-0.000133981 4.15197e-06 5.1652e-19
-0.000132483 4.58765e-06 5.16507e-19
-0.000131067 5.00807e-06 5.16495e-19
-0.000129702 5.41746e-06 5.16483e-19
-0.000128362 5.81914e-06 5.16472e-19
-0.000127068 6.21001e-06 5.1646e-19
-0.000125808 6.59154e-06 5.16449e-19
-0.000124592 6.96225e-06 5.16439e-19
-0.000123413 7.32271e-06 5.16428e-19
-0.000122277 7.67224e-06 5.16418e-19
-0.000121178 8.01124e-06 5.16409e-19
-0.000120119 8.33967e-06 5.16399e-19
-0.000119096 8.65788e-06 5.1639e-19
-0.000118108 8.96593e-06 5.16381e-19
-0.000117154 9.26403e-06 5.16373e-19
-0.000116234 9.55221e-06 5.16364e-19
-0.000115347 9.83056e-06 5.16356e-19
-0.000114492 1.00991e-05 5.16348e-19
-0.00011367 1.03578e-05 5.16341e-19
-0.00011288 1.06066e-05 5.16334e-19
-0.000112123 1.08455e-05 5.16327e-19
-0.0001114 1.10743e-05 5.1632e-19
-0.00011071 1.12928e-05 5.16314e-19
-0.000110056 1.15009e-05 5.16308e-19
-0.000109439 1.16982e-05 5.16302e-19
-0.000108861 1.18844e-05 5.16297e-19
-0.000108321 1.20595e-05 5.16292e-19
-0.000107822 1.22233e-05 5.16287e-19
-0.000107362 1.23759e-05 5.16283e-19
-0.000106944 1.25171e-05 5.16279e-19
-0.000106568 1.26466e-05 5.16275e-19
-0.000106238 1.2764e-05 5.16272e-19
-0.000105954 1.28689e-05 5.16268e-19
-0.00010572 1.29609e-05 5.16266e-19
-0.000105535 1.30401e-05 5.16264e-19
-0.000105398 1.31066e-05 5.16262e-19
-0.00010531 1.31605e-05 5.1626e-19
-0.000105269 1.32021e-05 5.16259e-19
-0.000105275 1.32316e-05 5.16258e-19
-0.000105326 1.32492e-05 5.16258e-19
-0.000105422 1.32551e-05 5.16257e-19
-0.000105562 1.32494e-05 5.16258e-19
-0.000105745 1.32323e-05 5.16258e-19
-0.000105974 1.32034e-05 5.16259e-19
-0.000106248 1.31627e-05 5.1626e-19
-0.000106568 1.31102e-05 5.16262e-19
-0.000106934 1.30454e-05 5.16264e-19
-0.000107349 1.29682e-05 5.16266e-19
-0.000107813 1.28783e-05 5.16269e-19
-0.000108328 1.27755e-05 5.16272e-19
-0.000108893 1.26596e-05 5.16275e-19
-0.000109509 1.25308e-05 5.16279e-19
-0.000110174 1.2389e-05 5.16283e-19
-0.000110888 1.22345e-05 5.16288e-19
-0.00011165 1.20675e-05 5.16293e-19
-0.000112458 1.18885e-05 5.16298e-19
-0.000113309 1.16977e-05 5.16304e-19
-0.0001142 1.14957e-05 5.1631e-19
-0.000115131 1.12832e-05 5.16316e-19
-0.000116096 1.10606e-05 5.16323e-19
-0.000117093 1.08287e-05 5.16329e-19
-0.000118119 1.05882e-05 5.16337e-19
-0.000119169 1.03399e-05 5.16344e-19
-0.000120238 1.00849e-05 5.16351e-19
-0.000121322 9.82408e-06 5.16359e-19
-0.000122417 9.5585e-06 5.16367e-19
-0.000123517 9.28907e-06 5.16375e-19
-0.000124619 9.01674e-06 5.16383e-19
-0.000125718 8.74241e-06 5.16391e-19
-0.00012681 8.46698e-06 5.16399e-19
-0.000127891 8.19128e-06 5.16407e-19
-0.000128957 7.91613e-06 5.16415e-19
-0.000130006 7.64231e-06 5.16423e-19
-0.000131034 7.37046e-06 5.16431e-19
-0.000132039 7.10092e-06 5.16439e-19
-0.000133021 6.83388e-06 5.16447e-19
-0.00013398 6.56943e-06 5.16455e-19
-0.000134914 6.30766e-06 5.16462e-19
-0.000135825 6.04863e-06 5.1647e-19
-0.000136713 5.79237e-06 5.16477e-19
-0.000137576 5.5389e-06 5.16485e-19
-0.000138415 5.28825e-06 5.16492e-19
-0.00013923 5.04043e-06 5.16499e-19
-0.00014002 4.79548e-06 5.16506e-19
-0.000140786 4.5534e-06 5.16513e-19
-0.000141527 4.3143e-06 5.1652e-19
-0.000142241 4.07856e-06 5.16527e-19
-0.000142926 3.84666e-06 5.16534e-19
-0.000143579 3.61912e-06 5.1654e-19
-0.000144197 3.39645e-06 5.16547e-19
-0.000144778 3.17922e-06 5.16553e-19
-0.00014532 2.96777e-06 5.16559e-19
-0.000145846 2.75908e-06 5.16565e-19
-0.000146334 2.55645e-06 5.16571e-19
-0.000146769 2.36194e-06 5.16576e-19
-0.00014716 2.17448e-06 5.16582e-19
-0.0001475 1.99518e-06 5.16587e-19
-0.000147793 1.82333e-06 5.16592e-19
-0.000148038 1.65913e-06 5.16596e-19
-0.00014824 1.50169e-06 5.16601e-19
-0.000148399 1.35063e-06 5.16605e-19
-0.000148523 1.20507e-06 5.16609e-19
-0.000148612 1.0644e-06 5.16613e-19
-0.000148672 9.27748e-07 5.16616e-19
-0.000148707 7.94354e-07 5.1662e-19
-0.000148722 6.63249e-07 5.16623e-19
-0.000148723 5.33423e-07 5.16627e-19
-0.000148715 4.03715e-07 5.1663e-19
-0.000148705 2.72983e-07 5.16634e-19
-0.000148698 1.40101e-07 5.16638e-19
-0.0001487 4.0825e-09 5.16641e-19
-0.000148715 -1.3598e-07 5.16645e-19
-0.000148749 -2.80943e-07 5.16649e-19
-0.000148805 -4.31683e-07 5.16653e-19
-0.00014889 -5.89159e-07 5.16657e-19
-0.000149008 -7.5436e-07 5.16662e-19
-0.000149164 -9.28218e-07 5.16667e-19
-0.000149352 -1.11064e-06 5.16672e-19
-0.000149586 -1.30338e-06 5.16677e-19
-0.000149873 -1.50765e-06 5.16683e-19
-0.000150215 -1.72392e-06 5.16689e-19
-0.000150617 -1.95315e-06 5.16695e-19
-0.000151081 -2.19569e-06 5.16702e-19
-0.000151609 -2.45222e-06 5.1671e-19
-0.000152203 -2.72296e-06 5.16717e-19
-0.000152864 -3.00823e-06 5.16726e-19
-0.000153591 -3.30789e-06 5.16734e-19
-0.000154384 -3.62177e-06 5.16743e-19
-0.000155239 -3.94946e-06 5.16753e-19
-0.000156155 -4.29058e-06 5.16763e-19
-0.000157129 -4.64465e-06 5.16773e-19
-0.000158158 -5.0112e-06 5.16783e-19
-0.00015924 -5.38968e-06 5.16794e-19
-0.000160371 -5.77954e-06 5.16806e-19
-0.000161548 -6.18018e-06 5.16817e-19
-0.000162768 -6.59103e-06 5.16829e-19
-0.000164028 -7.01148e-06 5.16842e-19
-0.000165325 -7.44096e-06 5.16854e-19
-0.000166655 -7.87888e-06 5.16867e-19
-0.000168015 -8.32465e-06 5.1688e-19
-0.000169404 -8.77773e-06 5.16893e-19
-0.000170817 -9.23762e-06 5.16906e-19
-0.000172254 -9.70382e-06 5.1692e-19
-0.000173711 -1.01759e-05 5.16933e-19
-0.000175188 -1.06535e-05 5.16947e-19
-0.000176681 -1.11361e-05 5.16961e-19
-0.000178191 -1.16235e-05 5.16975e-19
-0.000179714 -1.21152e-05 5.1699e-19
-0.000181251 -1.26109e-05 5.17004e-19
-0.000182799 -1.31102e-05 5.17019e-19
-0.000184358 -1.36131e-05 5.17033e-19
-0.000185929 -1.41194e-05 5.17048e-19
-0.000187511 -1.46293e-05 5.17062e-19
-0.000189105 -1.51425e-05 5.17077e-19
-0.000190711 -1.56588e-05 5.17092e-19
-0.000192326 -1.61778e-05 5.17107e-19
-0.00019395 -1.66991e-05 5.17122e-19
-0.000195582 -1.72223e-05 5.17137e-19
-0.00019722 -1.77469e-05 5.17152e-19
-0.000198863 -1.82727e-05 5.17168e-19
-0.00020051 -1.87993e-05 5.17183e-19
-0.000202161 -1.93264e-05 5.17198e-19
-0.000203814 -1.98539e-05 5.17213e-19
-0.000205472 -2.03817e-05 5.17229e-19
-0.000207134 -2.091e-05 5.17244e-19
-0.000208801 -2.14386e-05 5.17259e-19
-0.000210472 -2.19673e-05 5.17274e-19
-0.00021214 -2.24947e-05 5.1729e-19
-0.000213804 -2.30204e-05 5.17305e-19
-0.000215468 -2.35451e-05 5.1732e-19
-0.00021713 -2.40682e-05 5.17335e-19
-0.000218789 -2.45895e-05 5.1735e-19
-0.000220442 -2.51086e-05 5.17365e-19
-0.00022209 -2.56249e-05 5.1738e-19
-0.000223727 -2.61378e-05 5.17395e-19
-0.000225354 -2.66473e-05 5.1741e-19
-0.000226969 -2.7153e-05 5.17424e-19
-0.000228573 -2.76546e-05 5.17439e-19
-0.000230165 -2.81523e-05 5.17453e-19
-0.000231747 -2.86462e-05 5.17467e-19
-0.000233318 -2.91364e-05 5.17482e-19
-0.000234879 -2.96229e-05 5.17496e-19
-0.000236431 -3.01057e-05 5.1751e-19
-0.000237972 -3.05846e-05 5.17523e-19
-0.000239502 -3.10595e-05 5.17537e-19
-0.00024102 -3.153e-05 5.17551e-19
-0.000242523 -3.19954e-05 5.17564e-19
-0.000244005 -3.24547e-05 5.17578e-19
-0.000245463 -3.2907e-05 5.17591e-19
-0.000246892 -3.33513e-05 5.17604e-19
-0.000248287 -3.37867e-05 5.17616e-19
-0.000249646 -3.42124e-05 5.17629e-19
-0.000250965 -3.46276e-05 5.17641e-19
-0.000252239 -3.50314e-05 5.17653e-19
-0.000253465 -3.54231e-05 5.17664e-19
-0.000254639 -3.58017e-05 5.17675e-19
-0.000255756 -3.61663e-05 5.17686e-19
-0.000256814 -3.65163e-05 5.17696e-19
-0.00025781 -3.68509e-05 5.17705e-19
-0.00025874 -3.71696e-05 5.17715e-19
-0.000259604 -3.74721e-05 5.17723e-19
-0.0002604 -3.77578e-05 5.17732e-19
-0.000261125 -3.80264e-05 5.17739e-19
-0.000261778 -3.82776e-05 5.17747e-19
-0.000262358 -3.8511e-05 5.17753e-19
-0.000262865 -3.87265e-05 5.17759e-19
-0.000263298 -3.8924e-05 5.17765e-19
-0.000263658 -3.91035e-05 5.1777e-19
-0.000263944 -3.92652e-05 5.17775e-19
-0.000264159 -3.94093e-05 5.17779e-19
-0.000264306 -3.95364e-05 5.17782e-19
-0.000264388 -3.96473e-05 5.17785e-19
-0.000264409 -3.97428e-05 5.17788e-19
-0.000264373 -3.98237e-05 5.1779e-19
-0.000264285 -3.98909e-05 5.17792e-19
-0.000264147 -3.99453e-05 5.17793e-19
-0.000263965 -3.99875e-05 5.17794e-19
-0.000263741 -4.00183e-05 5.17795e-19
-0.000263478 -4.00384e-05 5.17796e-19
-0.000263179 -4.00481e-05 5.17796e-19
-0.000262844 -4.00479e-05 5.17795e-19
-0.000262478 -4.00383e-05 5.17795e-19
-0.000262081 -4.00198e-05 5.17794e-19
-0.000261657 -3.99931e-05 5.17793e-19
-0.000261209 -3.99587e-05 5.17792e-19
-0.000260741 -3.99174e-05 5.17791e-19
-0.000260257 -3.98704e-05 5.17789e-19
-0.000259764 -3.98189e-05 5.17787e-19
-0.000259268 -3.97642e-05 5.17786e-19
-0.000258775 -3.97078e-05 5.17784e-19
-0.00025829 -3.96504e-05 5.17782e-19
-0.000257817 -3.9593e-05 5.1778e-19
-0.00025736 -3.95364e-05 5.17778e-19
-0.000256922 -3.94812e-05 5.17777e-19
-0.000256506 -3.94282e-05 5.17775e-19
-0.000256115 -3.93779e-05 5.17773e-19
-0.000255752 -3.93308e-05 5.17772e-19
-0.000255419 -3.92873e-05 5.17771e-19
-0.000255114 -3.92473e-05 5.17769e-19
-0.000254837 -3.92104e-05 5.17768e-19
-0.000254585 -3.9176e-05 5.17767e-19
-0.000254355 -3.91436e-05 5.17766e-19
-0.000254144 -3.91125e-05 5.17765e-19
-0.000253949 -3.90821e-05 5.17764e-19
-0.000253767 -3.90513e-05 5.17763e-19
-0.000253593 -3.90197e-05 5.17762e-19
-0.000253426 -3.89865e-05 5.17761e-19
-0.000253263 -3.89512e-05 5.1776e-19
-0.000253103 -3.89133e-05 5.17759e-19
-0.000252943 -3.88725e-05 5.17758e-19
-0.000252782 -3.88285e-05 5.17757e-19
-0.00025262 -3.87811e-05 5.17755e-19
-0.000252457 -3.87302e-05 5.17754e-19
-0.000252293 -3.86756e-05 5.17752e-19
-0.000252126 -3.86172e-05 5.1775e-19
-0.000251956 -3.85548e-05 5.17749e-19
-0.000251782 -3.84881e-05 5.17747e-19
-0.000251604 -3.8417e-05 5.17745e-19
-0.00025142 -3.83412e-05 5.17743e-19
-0.000251232 -3.82608e-05 5.1774e-19
-0.000251037 -3.81756e-05 5.17738e-19
-0.000250836 -3.80854e-05 5.17735e-19
-0.000250626 -3.79899e-05 5.17732e-19
-0.000250407 -3.78887e-05 5.1773e-19
-0.000250175 -3.77813e-05 5.17726e-19
-0.00024993 -3.76673e-05 5.17723e-19
-0.000249669 -3.75466e-05 5.1772e-19
-0.000249394 -3.74193e-05 5.17716e-19
-0.000249104 -3.72854e-05 5.17712e-19
-0.0002488 -3.7145e-05 5.17708e-19
-0.000248483 -3.69983e-05 5.17704e-19
-0.000248153 -3.68455e-05 5.177e-19
-0.000247813 -3.66871e-05 5.17695e-19
-0.000247461 -3.6523e-05 5.17691e-19
-0.000247097 -3.6353e-05 5.17686e-19
-0.000246718 -3.61765e-05 5.17681e-19
-0.00024632 -3.5993e-05 5.17675e-19
-0.000245902 -3.58019e-05 5.1767e-19
-0.000245461 -3.5603e-05 5.17664e-19
-0.000244997 -3.53959e-05 5.17658e-19
-0.000244507 -3.51804e-05 5.17652e-19
-0.000243991 -3.49563e-05 5.17646e-19
-0.000243447 -3.47232e-05 5.17639e-19
-0.000242871 -3.44806e-05 5.17632e-19
-0.000242262 -3.42278e-05 5.17625e-19
-0.000241617 -3.39643e-05 5.17617e-19
-0.000240934 -3.36899e-05 5.17609e-19
-0.000240212 -3.34042e-05 5.17601e-19
-0.00023945 -3.31068e-05 5.17593e-19
-0.000238646 -3.27975e-05 5.17584e-19
-0.000237798 -3.24758e-05 5.17574e-19
-0.000236904 -3.21412e-05 5.17565e-19
-0.000235962 -3.1793e-05 5.17555e-19
-0.000234969 -3.1431e-05 5.17544e-19
-0.000233928 -3.10553e-05 5.17534e-19
-0.000232841 -3.06665e-05 5.17522e-19
-0.000231711 -3.02652e-05 5.17511e-19
-0.000230541 -2.9852e-05 5.17499e-19
-0.000229334 -2.94276e-05 5.17487e-19
-0.000228094 -2.89926e-05 5.17474e-19
-0.000226825 -2.85479e-05 5.17461e-19
-0.00022553 -2.8094e-05 5.17448e-19
-0.000224212 -2.76318e-05 5.17435e-19
-0.000222874 -2.71618e-05 5.17421e-19
-0.000221517 -2.66847e-05 5.17407e-19
-0.000220146 -2.6201e-05 5.17394e-19
-0.00021876 -2.5711e-05 5.17379e-19
-0.00021736 -2.52147e-05 5.17365e-19
-0.000215944 -2.47121e-05 5.17351e-19
-0.000214512 -2.42031e-05 5.17336e-19
-0.000213064 -2.36879e-05 5.17321e-19
-0.000211598 -2.3166e-05 5.17306e-19
-0.000210108 -2.26369e-05 5.17291e-19
-0.000208596 -2.21009e-05 5.17276e-19
-0.000207059 -2.15577e-05 5.1726e-19
-0.000205496 -2.10069e-05 5.17244e-19
-0.0002039 -2.04476e-05 5.17228e-19
-0.000202271 -1.98798e-05 5.17212e-19
-0.000200607 -1.93031e-05 5.17195e-19
-0.000198905 -1.87173e-05 5.17179e-19
-0.000197165 -1.81224e-05 5.17162e-19
-0.000195385 -1.75182e-05 5.17144e-19
-0.000193567 -1.69053e-05 5.17126e-19
-0.000191713 -1.62842e-05 5.17109e-19
-0.000189826 -1.56558e-05 5.1709e-19
-0.000187907 -1.50208e-05 5.17072e-19
-0.000185963 -1.43798e-05 5.17054e-19
-0.000183993 -1.37335e-05 5.17035e-19
-0.000182003 -1.30824e-05 5.17016e-19
-0.000179994 -1.24273e-05 5.16997e-19
-0.000177969 -1.17687e-05 5.16978e-19
-0.00017593 -1.1107e-05 5.16959e-19
-0.00017388 -1.04429e-05 5.1694e-19
-0.000171821 -9.77692e-06 5.1692e-19
-0.000169758 -9.10981e-06 5.16901e-19
-0.000167693 -8.44248e-06 5.16882e-19
-0.000165632 -7.7758e-06 5.16862e-19
-0.000163579 -7.11065e-06 5.16843e-19
-0.000161537 -6.44784e-06 5.16824e-19
-0.00015951 -5.78811e-06 5.16805e-19
-0.000157501 -5.13217e-06 5.16786e-19
-0.000155514 -4.48081e-06 5.16767e-19
-0.000153555 -3.83506e-06 5.16748e-19
-0.000151627 -3.19605e-06 5.1673e-19
-0.000149736 -2.56489e-06 5.16712e-19
-0.000147887 -1.94252e-06 5.16694e-19
-0.000146082 -1.32958e-06 5.16676e-19
-0.000144323 -7.26435e-07 5.16659e-19
-0.000142609 -1.33391e-07 5.16641e-19
-0.000140943 4.49391e-07 5.16625e-19
-0.000139309 1.02333e-06 5.16608e-19
-0.000137716 1.58744e-06 5.16592e-19
-0.00013617 2.14126e-06 5.16576e-19
-0.000134665 2.68557e-06 5.1656e-19
-0.000133201 3.22023e-06 5.16545e-19
-0.000131774 3.7459e-06 5.1653e-19
-0.000130384 4.26268e-06 5.16515e-19
-0.000129027 4.771e-06 5.16501e-19
-0.000127769 5.26146e-06 5.16487e-19
-0.000126564 5.74031e-06 5.16473e-19
-0.000125379 6.21222e-06 5.16459e-19
-0.000124239 6.67334e-06 5.16446e-19
-0.00012313 7.12553e-06 5.16433e-19
-0.000122064 7.56675e-06 5.16421e-19
-0.000121037 7.99749e-06 5.16409e-19
-0.000120054 8.41666e-06 5.16397e-19
-0.000119112 8.82456e-06 5.16385e-19
-0.000118214 9.22089e-06 5.16374e-19
-0.000117357 9.60589e-06 5.16363e-19
-0.000116541 9.9796e-06 5.16352e-19
-0.000115764 1.03426e-05 5.16342e-19
-0.000115021 1.06953e-05 5.16332e-19
-0.00011431 1.10387e-05 5.16323e-19
-0.000113627 1.13732e-05 5.16313e-19
-0.000112968 1.16998e-05 5.16304e-19
-0.000112329 1.20191e-05 5.16295e-19
-0.000111706 1.23322e-05 5.16286e-19
-0.000111095 1.26396e-05 5.16277e-19
-0.000110494 1.2942e-05 5.16269e-19
-0.000109901 1.32399e-05 5.1626e-19
-0.000109312 1.35337e-05 5.16252e-19
-0.000108726 1.38239e-05 5.16244e-19
-0.00010814 1.4111e-05 5.16236e-19
-0.000107553 1.43955e-05 5.16228e-19
-0.000106961 1.46779e-05 5.1622e-19
-0.000106363 1.49586e-05 5.16212e-19
-0.000105759 1.52377e-05 5.16204e-19
-0.000105148 1.55152e-05 5.16196e-19
-0.000104533 1.57908e-05 5.16188e-19
-0.000103913 1.60643e-05 5.1618e-19
-0.000103293 1.6335e-05 5.16173e-19
-0.000102676 1.6602e-05 5.16165e-19
-0.000102067 1.68645e-05 5.16158e-19
-0.000101469 1.71215e-05 5.1615e-19
-0.000100886 1.73724e-05 5.16143e-19
-0.000100321 1.76164e-05 5.16136e-19
-9.97764e-05 1.78531e-05 5.16129e-19
-9.92537e-05 1.80819e-05 5.16123e-19
-9.87533e-05 1.83028e-05 5.16117e-19
-9.82747e-05 1.85158e-05 5.16111e-19
-9.78169e-05 1.87209e-05 5.16105e-19
-9.73787e-05 1.89184e-05 5.16099e-19
-9.69587e-05 1.91084e-05 5.16094e-19
-9.65556e-05 1.92912e-05 5.16089e-19
-9.61675e-05 1.9467e-05 5.16084e-19
-9.5793e-05 1.9636e-05 5.16079e-19
-9.54299e-05 1.97985e-05 5.16074e-19
-9.50761e-05 1.9955e-05 5.1607e-19
-9.47294e-05 2.01057e-05 5.16066e-19
-9.43881e-05 2.02511e-05 5.16062e-19
-9.40504e-05 2.03912e-05 5.16058e-19
-9.37149e-05 2.05265e-05 5.16054e-19
-9.33805e-05 2.06571e-05 5.1605e-19
-9.30458e-05 2.07832e-05 5.16046e-19
-9.27089e-05 2.09052e-05 5.16043e-19
-9.23675e-05 2.10236e-05 5.1604e-19
-9.20194e-05 2.11389e-05 5.16036e-19
-9.16635e-05 2.12513e-05 5.16033e-19
-9.13004e-05 2.13607e-05 5.1603e-19
-9.09321e-05 2.14667e-05 5.16027e-19
-9.05608e-05 2.15689e-05 5.16024e-19
-9.01893e-05 2.16669e-05 5.16021e-19
-8.98211e-05 2.17598e-05 5.16018e-19
-8.94602e-05 2.18469e-05 5.16016e-19
-8.91108e-05 2.19275e-05 5.16013e-19
-8.87764e-05 2.20008e-05 5.16011e-19
-8.84594e-05 2.20665e-05 5.16009e-19
-8.81614e-05 2.21241e-05 5.16007e-19
-8.78836e-05 2.21737e-05 5.16006e-19
-8.7627e-05 2.22149e-05 5.16004e-19
-8.73927e-05 2.22476e-05 5.16003e-19
-8.71811e-05 2.22718e-05 5.16003e-19
-8.69928e-05 2.22874e-05 5.16002e-19
-8.68278e-05 2.22943e-05 5.16002e-19
-8.66856e-05 2.22928e-05 5.16002e-19
-8.65649e-05 2.22831e-05 5.16002e-19
-8.64648e-05 2.22653e-05 5.16002e-19
-8.63838e-05 2.22399e-05 5.16003e-19
-8.63207e-05 2.2207e-05 5.16004e-19
-8.62741e-05 2.21669e-05 5.16005e-19
-8.62428e-05 2.21198e-05 5.16006e-19
-8.62256e-05 2.2066e-05 5.16008e-19
-8.6222e-05 2.20056e-05 5.16009e-19
-8.62314e-05 2.19386e-05 5.16011e-19
-8.62537e-05 2.18651e-05 5.16013e-19
-8.6289e-05 2.1785e-05 5.16015e-19
-8.63382e-05 2.16982e-05 5.16018e-19
-8.64029e-05 2.16042e-05 5.1602e-19
-8.64848e-05 2.15027e-05 5.16023e-19
-8.65855e-05 2.13935e-05 5.16026e-19
-8.67058e-05 2.12762e-05 5.16029e-19
-8.6846e-05 2.1151e-05 5.16033e-19
-8.70066e-05 2.10177e-05 5.16037e-19
-8.71882e-05 2.08763e-05 5.1604e-19
-8.73907e-05 2.07268e-05 5.16045e-19
-8.76141e-05 2.05693e-05 5.16049e-19
-8.78586e-05 2.04039e-05 5.16054e-19
-8.81246e-05 2.02305e-05 5.16058e-19
-8.84133e-05 2.0049e-05 5.16063e-19
-8.87263e-05 1.98592e-05 5.16069e-19
-8.90655e-05 1.96608e-05 5.16074e-19
-8.94333e-05 1.94534e-05 5.1608e-19
-8.98328e-05 1.92365e-05 5.16086e-19
-9.0268e-05 1.90093e-05 5.16092e-19
-9.07426e-05 1.87712e-05 5.16099e-19
-9.12603e-05 1.85216e-05 5.16106e-19
-9.18231e-05 1.82602e-05 5.16114e-19
-9.24326e-05 1.79868e-05 5.16121e-19
-9.30897e-05 1.77012e-05 5.16129e-19
-9.37956e-05 1.74034e-05 5.16138e-19
-9.45511e-05 1.70933e-05 5.16147e-19
-9.53575e-05 1.67707e-05 5.16156e-19
-9.62153e-05 1.64357e-05 5.16165e-19
-9.71248e-05 1.60881e-05 5.16175e-19
-9.8086e-05 1.57282e-05 5.16185e-19
-9.90984e-05 1.5356e-05 5.16196e-19
-0.000100161 1.49719e-05 5.16207e-19
-0.000101272 1.45761e-05 5.16219e-19
-0.000102429 1.41693e-05 5.1623e-19
-0.000103629 1.37524e-05 5.16242e-19
-0.000104866 1.33262e-05 5.16254e-19
-0.000106136 1.28917e-05 5.16267e-19
-0.000107434 1.245e-05 5.1628e-19
-0.000108753 1.20026e-05 5.16293e-19
-0.000110087 1.15508e-05 5.16306e-19
-0.000111431 1.10958e-05 5.16319e-19
-0.000112781 1.06383e-05 5.16332e-19
-0.000114134 1.01788e-05 5.16345e-19
-0.000115489 9.71778e-06 5.16358e-19
-0.000116843 9.25558e-06 5.16372e-19
-0.000118198 8.79231e-06 5.16385e-19
-0.000119552 8.32794e-06 5.16398e-19
-0.000120907 7.86239e-06 5.16412e-19
-0.000122263 7.39549e-06 5.16425e-19
-0.000123623 6.92688e-06 5.16439e-19
-0.000124989 6.45608e-06 5.16452e-19
-0.000126363 5.98257e-06 5.16466e-19
-0.000127772 5.50261e-06 5.1648e-19
-0.000129238 5.01283e-06 5.16494e-19
-0.000130725 4.51836e-06 5.16508e-19
-0.000132225 4.02024e-06 5.16523e-19
-0.000133748 3.51701e-06 5.16537e-19
-0.00013529 3.00896e-06 5.16552e-19
-0.00013686 2.49496e-06 5.16567e-19
-0.000138455 1.97484e-06 5.16582e-19
-0.000140082 1.44789e-06 5.16597e-19
-0.000141741 9.14007e-07 5.16612e-19
-0.000143432 3.72929e-07 5.16628e-19
-0.000145143 -1.74138e-07 5.16644e-19
-0.000146885 -7.28225e-07 5.1666e-19
-0.000148661 -1.2896e-06 5.16676e-19
-0.000150467 -1.85769e-06 5.16693e-19
-0.000152304 -2.43255e-06 5.1671e-19
-0.000154168 -3.0136e-06 5.16726e-19
-0.000156059 -3.60068e-06 5.16744e-19
-0.000157974 -4.19319e-06 5.16761e-19
-0.000159911 -4.79082e-06 5.16778e-19
-0.000161866 -5.39284e-06 5.16796e-19
-0.000163834 -5.99833e-06 5.16813e-19
-0.000165811 -6.606e-06 5.16831e-19
-0.000167788 -7.21465e-06 5.16849e-19
-0.000169762 -7.82301e-06 5.16866e-19
-0.000171725 -8.42994e-06 5.16884e-19
-0.000173672 -9.0343e-06 5.16902e-19
-0.000175599 -9.63505e-06 5.16919e-19
-0.0001775 -1.02311e-05 5.16936e-19
-0.000179369 -1.0821e-05 5.16954e-19
-0.000181199 -1.14033e-05 5.1697e-19
-0.000182983 -1.19767e-05 5.16987e-19
-0.000184717 -1.254e-05 5.17003e-19
-0.000186398 -1.30924e-05 5.17019e-19
-0.000188024 -1.36339e-05 5.17035e-19
-0.000189597 -1.41641e-05 5.1705e-19
-0.000191117 -1.46833e-05 5.17065e-19
-0.000192584 -1.51914e-05 5.1708e-19
-0.000194002 -1.56889e-05 5.17094e-19
-0.000195373 -1.61761e-05 5.17108e-19
-0.0001967 -1.66535e-05 5.17122e-19
-0.000197987 -1.71218e-05 5.17135e-19
-0.000199238 -1.75816e-05 5.17148e-19
-0.000200457 -1.80337e-05 5.17161e-19
-0.000201648 -1.84788e-05 5.17174e-19
-0.000202815 -1.89176e-05 5.17187e-19
-0.000203964 -1.93511e-05 5.17199e-19
-0.000205097 -1.978e-05 5.17211e-19
-0.000206217 -2.0205e-05 5.17223e-19
-0.000207331 -2.06268e-05 5.17236e-19
-0.000208441 -2.1046e-05 5.17248e-19
-0.000209551 -2.14633e-05 5.17259e-19
-0.000210661 -2.1879e-05 5.17271e-19
-0.000211769 -2.2292e-05 5.17283e-19
-0.000212872 -2.27024e-05 5.17295e-19
-0.000213975 -2.31109e-05 5.17307e-19
-0.000215074 -2.35168e-05 5.17318e-19
-0.000216166 -2.39195e-05 5.1733e-19
-0.000217249 -2.43184e-05 5.17342e-19
-0.000218319 -2.47129e-05 5.17353e-19
-0.000219373 -2.51024e-05 5.17364e-19
-0.000220407 -2.54861e-05 5.17375e-19
-0.00022142 -2.58639e-05 5.17386e-19
-0.000222411 -2.62352e-05 5.17397e-19
-0.000223377 -2.66e-05 5.17407e-19
-0.000224318 -2.69579e-05 5.17417e-19
-0.000225233 -2.73087e-05 5.17428e-19
-0.000226119 -2.76522e-05 5.17437e-19
-0.000226977 -2.79883e-05 5.17447e-19
-0.000227807 -2.83167e-05 5.17456e-19
-0.000228605 -2.86369e-05 5.17466e-19
-0.00022937 -2.89487e-05 5.17475e-19
-0.000230102 -2.92516e-05 5.17483e-19
-0.000230798 -2.95452e-05 5.17492e-19
-0.000231457 -2.9829e-05 5.175e-19
-0.000232077 -3.01027e-05 5.17507e-19
-0.000232658 -3.0366e-05 5.17515e-19
-0.0002332 -3.06189e-05 5.17522e-19
-0.000233705 -3.08615e-05 5.17529e-19
-0.000234174 -3.1094e-05 5.17536e-19
-0.00023461 -3.13168e-05 5.17542e-19
-0.000235014 -3.15302e-05 5.17548e-19
-0.00023539 -3.17347e-05 5.17554e-19
-0.000235741 -3.19307e-05 5.17559e-19
-0.000236069 -3.21187e-05 5.17564e-19
-0.000236377 -3.22993e-05 5.17569e-19
-0.000236669 -3.2473e-05 5.17574e-19
-0.000236948 -3.26404e-05 5.17579e-19
-0.000237217 -3.2802e-05 5.17584e-19
-0.000237478 -3.29582e-05 5.17588e-19
-0.000237734 -3.31097e-05 5.17592e-19
-0.000237987 -3.32569e-05 5.17596e-19
-0.000238241 -3.34003e-05 5.176e-19
-0.000238496 -3.35403e-05 5.17604e-19
-0.000238756 -3.36775e-05 5.17608e-19
-0.000239021 -3.38122e-05 5.17612e-19
-0.000239295 -3.39449e-05 5.17616e-19
-0.000239578 -3.40762e-05 5.1762e-19
-0.000239875 -3.42066e-05 5.17623e-19
-0.000240186 -3.43368e-05 5.17627e-19
-0.000240515 -3.44672e-05 5.17631e-19
-0.000240859 -3.45977e-05 5.17635e-19
-0.000241217 -3.4728e-05 5.17638e-19
-0.000241586 -3.48577e-05 5.17642e-19
-0.000241965 -3.49865e-05 5.17646e-19
-0.000242351 -3.51141e-05 5.1765e-19
-0.000242744 -3.52403e-05 5.17653e-19
-0.000243142 -3.53651e-05 5.17657e-19
-0.000243544 -3.54882e-05 5.17661e-19
-0.000243948 -3.56093e-05 5.17664e-19
-0.000244352 -3.5728e-05 5.17668e-19
-0.000244753 -3.58438e-05 5.17671e-19
-0.00024515 -3.59564e-05 5.17674e-19
-0.00024554 -3.60652e-05 5.17677e-19
-0.00024592 -3.61697e-05 5.1768e-19
-0.000246289 -3.62694e-05 5.17683e-19
-0.000246645 -3.63641e-05 5.17686e-19
-0.000246989 -3.64537e-05 5.17689e-19
-0.000247323 -3.65387e-05 5.17691e-19
-0.000247648 -3.66192e-05 5.17694e-19
-0.000247968 -3.6696e-05 5.17696e-19
-0.000248284 -3.67693e-05 5.17698e-19
-0.000248601 -3.68399e-05 5.177e-19
-0.000248921 -3.69083e-05 5.17702e-19
-0.000249248 -3.69749e-05 5.17704e-19
-0.000249582 -3.704e-05 5.17706e-19
-0.000249923 -3.71034e-05 5.17708e-19
-0.000250272 -3.71652e-05 5.1771e-19
-0.000250626 -3.72249e-05 5.17712e-19
-0.000250984 -3.72818e-05 5.17713e-19
-0.000251338 -3.73348e-05 5.17715e-19
-0.000251685 -3.73828e-05 5.17717e-19
-0.00025202 -3.74247e-05 5.17718e-19
-0.000252339 -3.74599e-05 5.17719e-19
-0.000252641 -3.74883e-05 5.1772e-19
-0.000252926 -3.75096e-05 5.17721e-19
-0.000253191 -3.75236e-05 5.17721e-19
-0.000253434 -3.75299e-05 5.17722e-19
-0.000253655 -3.75282e-05 5.17722e-19
-0.000253851 -3.75182e-05 5.17722e-19
-0.000254019 -3.74995e-05 5.17721e-19
-0.000254158 -3.74717e-05 5.1772e-19
-0.000254266 -3.74347e-05 5.1772e-19
-0.000254341 -3.73879e-05 5.17718e-19
-0.00025438 -3.73313e-05 5.17717e-19
-0.000254383 -3.72644e-05 5.17715e-19
-0.000254348 -3.71871e-05 5.17713e-19
-0.000254273 -3.70993e-05 5.1771e-19
-0.000254157 -3.70008e-05 5.17708e-19
-0.000254002 -3.68918e-05 5.17705e-19
-0.000253806 -3.67724e-05 5.17701e-19
-0.000253572 -3.66428e-05 5.17698e-19
-0.000253298 -3.65031e-05 5.17694e-19
-0.000252986 -3.63535e-05 5.17689e-19
-0.000252635 -3.6194e-05 5.17685e-19
-0.000252246 -3.60247e-05 5.1768e-19
-0.000251818 -3.58455e-05 5.17675e-19
-0.000251353 -3.56566e-05 5.17669e-19
-0.000250849 -3.5458e-05 5.17664e-19
-0.000250308 -3.52498e-05 5.17658e-19
-0.00024973 -3.5032e-05 5.17652e-19
-0.000249117 -3.48051e-05 5.17645e-19
-0.000248471 -3.45695e-05 5.17638e-19
-0.000247796 -3.43257e-05 5.17631e-19
-0.000247092 -3.40742e-05 5.17624e-19
-0.000246364 -3.38157e-05 5.17616e-19
-0.000245614 -3.35505e-05 5.17609e-19
-0.000244844 -3.32794e-05 5.17601e-19
-0.000244058 -3.30028e-05 5.17593e-19
-0.000243257 -3.27211e-05 5.17585e-19
-0.000242443 -3.24345e-05 5.17577e-19
-0.000241616 -3.21433e-05 5.17568e-19
-0.000240778 -3.18477e-05 5.1756e-19
-0.000239928 -3.15477e-05 5.17551e-19
-0.000239067 -3.12434e-05 5.17542e-19
-0.000238194 -3.09348e-05 5.17533e-19
-0.000237309 -3.0622e-05 5.17524e-19
-0.000236412 -3.03049e-05 5.17515e-19
-0.000235504 -2.99836e-05 5.17506e-19
-0.000234583 -2.96582e-05 5.17497e-19
-0.000233648 -2.93286e-05 5.17487e-19
-0.0002327 -2.89947e-05 5.17478e-19
-0.000231736 -2.86564e-05 5.17468e-19
-0.000230755 -2.83134e-05 5.17458e-19
-0.000229756 -2.79655e-05 5.17448e-19
-0.000228738 -2.76129e-05 5.17438e-19
-0.000227701 -2.72558e-05 5.17428e-19
-0.000226647 -2.68942e-05 5.17418e-19
-0.000225575 -2.65287e-05 5.17407e-19
-0.000224488 -2.61596e-05 5.17396e-19
-0.000223388 -2.57878e-05 5.17386e-19
-0.00022228 -2.54141e-05 5.17375e-19
-0.000221166 -2.50391e-05 5.17364e-19
-0.000220047 -2.46635e-05 5.17353e-19
-0.000218929 -2.42883e-05 5.17343e-19
-0.000217813 -2.39141e-05 5.17332e-19
-0.000216704 -2.35418e-05 5.17321e-19
-0.000215605 -2.31725e-05 5.1731e-19
-0.000214518 -2.2806e-05 5.173e-19
-0.00021344 -2.24424e-05 5.17289e-19
-0.000212374 -2.20822e-05 5.17279e-19
-0.000211319 -2.17252e-05 5.17269e-19
-0.000210276 -2.13717e-05 5.17258e-19
-0.000209245 -2.10216e-05 5.17248e-19
-0.000208225 -2.0675e-05 5.17238e-19
-0.000207217 -2.03319e-05 5.17228e-19
-0.00020622 -1.99925e-05 5.17219e-19
-0.000205237 -1.96567e-05 5.17209e-19
-0.000204265 -1.93248e-05 5.17199e-19
-0.000203307 -1.89966e-05 5.1719e-19
-0.00020236 -1.86722e-05 5.17181e-19
-0.000201424 -1.83517e-05 5.17171e-19
-0.000200502 -1.80348e-05 5.17162e-19
-0.000199593 -1.77219e-05 5.17153e-19
-0.000198698 -1.7413e-05 5.17144e-19
-0.000197818 -1.71084e-05 5.17135e-19
-0.000196954 -1.6808e-05 5.17127e-19
-0.000196106 -1.6512e-05 5.17118e-19
-0.000195273 -1.62204e-05 5.1711e-19
-0.000194457 -1.59331e-05 5.17101e-19
-0.000193656 -1.56501e-05 5.17093e-19
-0.000192873 -1.53715e-05 5.17085e-19
-0.000192107 -1.50977e-05 5.17077e-19
-0.00019136 -1.48289e-05 5.1707e-19
-0.000190633 -1.4565e-05 5.17062e-19
-0.000189925 -1.4306e-05 5.17054e-19
-0.000189233 -1.40514e-05 5.17047e-19
-0.000188555 -1.38007e-05 5.1704e-19
-0.000187889 -1.35533e-05 5.17033e-19
-0.000187233 -1.3309e-05 5.17026e-19
-0.000186584 -1.30671e-05 5.17019e-19
-0.00018594 -1.28273e-05 5.17012e-19
-0.0001853 -1.25892e-05 5.17005e-19
-0.000184662 -1.23524e-05 5.16998e-19
-0.000184024 -1.21168e-05 5.16991e-19
-0.000183386 -1.18821e-05 5.16985e-19
-0.000182747 -1.16481e-05 5.16978e-19
-0.000182107 -1.14147e-05 5.16971e-19
-0.000181464 -1.11818e-05 5.16964e-19
-0.000180818 -1.09494e-05 5.16958e-19
-0.000180169 -1.07173e-05 5.16951e-19
-0.000179518 -1.04856e-05 5.16944e-19
-0.000178864 -1.02543e-05 5.16938e-19
-0.000178208 -1.00234e-05 5.16931e-19
-0.00017755 -9.793e-06 5.16924e-19
-0.000176889 -9.5629e-06 5.16918e-19
-0.000176224 -9.33295e-06 5.16911e-19
-0.000175556 -9.10296e-06 5.16904e-19
-0.000174883 -8.87283e-06 5.16898e-19
-0.000174206 -8.64264e-06 5.16891e-19
-0.000173526 -8.41262e-06 5.16884e-19
-0.000172845 -8.18299e-06 5.16878e-19
-0.000172163 -7.95389e-06 5.16871e-19
-0.00017148 -7.72529e-06 5.16864e-19
-0.000170796 -7.49701e-06 5.16858e-19
-0.000170109 -7.26883e-06 5.16851e-19
-0.000169419 -7.04054e-06 5.16845e-19
-0.000168724 -6.81184e-06 5.16838e-19
-0.000168022 -6.58244e-06 5.16831e-19
-0.000167313 -6.35201e-06 5.16825e-19
-0.000166596 -6.12027e-06 5.16818e-19
-0.000165868 -5.88706e-06 5.16811e-19
-0.000165131 -5.65227e-06 5.16804e-19
-0.000164383 -5.41582e-06 5.16797e-19
-0.000163623 -5.1776e-06 5.16791e-19
-0.000162852 -4.93743e-06 5.16784e-19
-0.000162068 -4.6951e-06 5.16777e-19
-0.00016127 -4.45041e-06 5.16769e-19
-0.000160456 -4.20318e-06 5.16762e-19
-0.000159627 -3.95331e-06 5.16755e-19
-0.000158783 -3.70073e-06 5.16748e-19
-0.000157922 -3.44543e-06 5.1674e-19
-0.000157045 -3.18741e-06 5.16733e-19
-0.000156153 -2.92677e-06 5.16725e-19
-0.000155246 -2.66367e-06 5.16718e-19
-0.000154324 -2.3983e-06 5.1671e-19
-0.00015339 -2.13089e-06 5.16702e-19
-0.000152444 -1.8618e-06 5.16694e-19
-0.000151485 -1.5911e-06 5.16686e-19
-0.000150517 -1.31954e-06 5.16678e-19
-0.000149546 -1.04786e-06 5.1667e-19
-0.000148573 -7.76747e-07 5.16662e-19
-0.000147605 -5.0727e-07 5.16655e-19
-0.000146645 -2.40331e-07 5.16647e-19
-0.000145698 2.3124e-08 5.16639e-19
-0.000144766 2.82499e-07 5.16631e-19
-0.000143851 5.37275e-07 5.16624e-19
-0.000142957 7.87048e-07 5.16617e-19
-0.000142083 1.03145e-06 5.1661e-19
-0.000141231 1.27032e-06 5.16603e-19
-0.000140401 1.5036e-06 5.16596e-19
-0.000139593 1.73127e-06 5.16589e-19
-0.000138807 1.95338e-06 5.16583e-19
-0.000138041 2.17013e-06 5.16576e-19
-0.000137294 2.38178e-06 5.1657e-19
-0.000136565 2.58864e-06 5.16564e-19
-0.000135852 2.79089e-06 5.16558e-19
-0.000135156 2.98851e-06 5.16552e-19
-0.000134478 3.18133e-06 5.16547e-19
-0.000133817 3.36912e-06 5.16541e-19
-0.000133177 3.55164e-06 5.16536e-19
-0.000132557 3.72854e-06 5.16531e-19
-0.000131961 3.8994e-06 5.16526e-19
-0.00013139 4.06381e-06 5.16521e-19
-0.000130846 4.2214e-06 5.16517e-19
-0.00013033 4.37188e-06 5.16512e-19
-0.000129844 4.51502e-06 5.16508e-19
-0.000129388 4.6506e-06 5.16504e-19
-0.000128964 4.77847e-06 5.165e-19
-0.000128573 4.89846e-06 5.16497e-19
-0.000128214 5.01049e-06 5.16494e-19
-0.000127888 5.11448e-06 5.16491e-19
-0.000127595 5.2105e-06 5.16488e-19
-0.000127333 5.29893e-06 5.16485e-19
-0.0001271 5.38032e-06 5.16483e-19
-0.000126892 5.4553e-06 5.16481e-19
-0.000126708 5.52437e-06 5.16479e-19
-0.000126553 5.58661e-06 5.16477e-19
-0.000126423 5.64291e-06 5.16475e-19
-0.000126313 5.69389e-06 5.16474e-19
-0.000126225 5.73908e-06 5.16473e-19
-0.000126159 5.77875e-06 5.16471e-19
-0.000126115 5.81265e-06 5.16471e-19
-0.000126094 5.84088e-06 5.1647e-19
-0.000126095 5.86323e-06 5.16469e-19
-0.00012612 5.87947e-06 5.16469e-19
-0.000126172 5.88914e-06 5.16468e-19
-0.000126252 5.89184e-06 5.16468e-19
-0.000126361 5.88727e-06 5.16469e-19
-0.0001265 5.87538e-06 5.16469e-19
-0.000126668 5.85628e-06 5.1647e-19
-0.000126864 5.83014e-06 5.1647e-19
-0.000127088 5.79707e-06 5.16471e-19
-0.000127339 5.75705e-06 5.16473e-19
-0.000127618 5.70993e-06 5.16474e-19
-0.000127926 5.65561e-06 5.16476e-19
-0.000128262 5.594e-06 5.16478e-19
-0.000128627 5.52504e-06 5.1648e-19
-0.00012902 5.44873e-06 5.16482e-19
-0.000129441 5.36508e-06 5.16485e-19
-0.00012989 5.27423e-06 5.16487e-19
-0.000130364 5.17661e-06 5.1649e-19
-0.000130861 5.0728e-06 5.16493e-19
-0.000131376 4.96344e-06 5.16497e-19
-0.000131913 4.84831e-06 5.165e-19
-0.000132468 4.72832e-06 5.16504e-19
-0.000133031 4.60476e-06 5.16507e-19
-0.000133601 4.47815e-06 5.16511e-19
-0.000134175 4.34919e-06 5.16515e-19
-0.00013475 4.21835e-06 5.16519e-19
-0.000135323 4.08613e-06 5.16523e-19
-0.000135893 3.95292e-06 5.16527e-19
-0.000136459 3.81911e-06 5.16531e-19
-0.000137018 3.68493e-06 5.16535e-19
-0.00013757 3.55059e-06 5.16539e-19
-0.000138115 3.41622e-06 5.16543e-19
-0.000138652 3.28195e-06 5.16547e-19
-0.00013918 3.14792e-06 5.1655e-19
-0.0001397 3.01425e-06 5.16554e-19
-0.00014021 2.88104e-06 5.16558e-19
-0.00014071 2.74836e-06 5.16562e-19
-0.000141202 2.6162e-06 5.16566e-19
-0.000141684 2.48449e-06 5.1657e-19
-0.000142158 2.35316e-06 5.16574e-19
-0.000142625 2.22212e-06 5.16578e-19
-0.000143084 2.09131e-06 5.16581e-19
-0.000143535 1.96068e-06 5.16585e-19
-0.000143981 1.83017e-06 5.16589e-19
-0.000144419 1.69982e-06 5.16593e-19
-0.000144849 1.56984e-06 5.16597e-19
-0.000145271 1.44054e-06 5.166e-19
-0.000145681 1.31228e-06 5.16604e-19
-0.000146079 1.18538e-06 5.16608e-19
-0.000146462 1.0602e-06 5.16611e-19
-0.00014683 9.37083e-07 5.16615e-19
-0.00014718 8.16343e-07 5.16618e-19
-0.000147512 6.98248e-07 5.16622e-19
-0.000147824 5.82941e-07 5.16625e-19
-0.000148117 4.7048e-07 5.16628e-19
-0.00014839 3.60879e-07 5.16631e-19
-0.000148643 2.54168e-07 5.16634e-19
-0.000148876 1.50429e-07 5.16637e-19
-0.000149088 4.97689e-08 5.1664e-19
-0.000149279 -4.77321e-08 5.16643e-19
-0.000149448 -1.42015e-07 5.16646e-19
-0.000149597 -2.33055e-07 5.16648e-19
-0.000149725 -3.20848e-07 5.16651e-19
-0.000149832 -4.05436e-07 5.16653e-19
-0.000149918 -4.86838e-07 5.16655e-19
-0.000149984 -5.65004e-07 5.16657e-19
-0.00015003 -6.39838e-07 5.16659e-19
-0.000150055 -7.11272e-07 5.16661e-19
-0.000150059 -7.79355e-07 5.16663e-19
-0.000150046 -8.44377e-07 5.16665e-19
-0.000150017 -9.06785e-07 5.16667e-19
-0.000149974 -9.67076e-07 5.16668e-19
-0.000149921 -1.02574e-06 5.1667e-19
-0.00014986 -1.08324e-06 5.16671e-19
-0.000149793 -1.14e-06 5.16673e-19
-0.000149719 -1.19596e-06 5.16674e-19
-0.000149642 -1.252e-06 5.16676e-19
-0.000149569 -1.30884e-06 5.16677e-19
-0.000149501 -1.36688e-06 5.16679e-19
-0.000149442 -1.42683e-06 5.1668e-19
-0.000149394 -1.48905e-06 5.16682e-19
-0.000149359 -1.55404e-06 5.16684e-19
-0.000149338 -1.622e-06 5.16686e-19
-0.000149334 -1.69325e-06 5.16687e-19
-0.000149347 -1.76797e-06 5.1669e-19
-0.000149379 -1.84647e-06 5.16692e-19
-0.00014943 -1.929e-06 5.16694e-19
-0.000149503 -2.0158e-06 5.16696e-19
-0.000149598 -2.10699e-06 5.16699e-19
-0.000149713 -2.20248e-06 5.16702e-19
-0.000149849 -2.30201e-06 5.16704e-19
-0.000150003 -2.40528e-06 5.16707e-19
-0.000150174 -2.51198e-06 5.1671e-19
-0.00015036 -2.6218e-06 5.16713e-19
-0.000150559 -2.73443e-06 5.16717e-19
-0.000150771 -2.84956e-06 5.1672e-19
-0.000150993 -2.96693e-06 5.16723e-19
-0.000151225 -3.08635e-06 5.16727e-19
-0.000151466 -3.20769e-06 5.1673e-19
-0.000151716 -3.33086e-06 5.16734e-19
-0.000151974 -3.45585e-06 5.16737e-19
-0.000152242 -3.58288e-06 5.16741e-19
-0.00015252 -3.7123e-06 5.16745e-19
-0.000152812 -3.8445e-06 5.16748e-19
-0.000153119 -3.97993e-06 5.16752e-19
-0.000153444 -4.11908e-06 5.16756e-19
-0.000153789 -4.26254e-06 5.1676e-19
-0.000154157 -4.41086e-06 5.16765e-19
-0.000154552 -4.56457e-06 5.16769e-19
-0.000154974 -4.72412e-06 5.16774e-19
-0.000155426 -4.88988e-06 5.16778e-19
-0.00015591 -5.06219e-06 5.16783e-19
-0.000156428 -5.24135e-06 5.16788e-19
-0.00015698 -5.4276e-06 5.16794e-19
-0.000157567 -5.62114e-06 5.16799e-19
-0.000158191 -5.82211e-06 5.16805e-19
-0.000158851 -6.03054e-06 5.16811e-19
-0.000159547 -6.2463e-06 5.16818e-19
-0.000160277 -6.46908e-06 5.16824e-19
-0.00016104 -6.69854e-06 5.16831e-19
-0.000161833 -6.93425e-06 5.16838e-19
-0.000162655 -7.17568e-06 5.16845e-19
-0.000163502 -7.4222e-06 5.16852e-19
-0.000164371 -7.67314e-06 5.16859e-19
-0.000165259 -7.92783e-06 5.16867e-19
-0.000166162 -8.18552e-06 5.16874e-19
-0.000167076 -8.44542e-06 5.16882e-19
-0.000167998 -8.70675e-06 5.16889e-19
-0.000168924 -8.96875e-06 5.16897e-19
-0.00016985 -9.23061e-06 5.16905e-19
-0.000170773 -9.49158e-06 5.16912e-19
-0.00017169 -9.7509e-06 5.1692e-19
-0.000172596 -1.00079e-05 5.16927e-19
-0.000173489 -1.02618e-05 5.16935e-19
-0.000174367 -1.0512e-05 5.16942e-19
-0.000175226 -1.07581e-05 5.16949e-19
-0.000176065 -1.09993e-05 5.16956e-19
-0.000176881 -1.12354e-05 5.16963e-19
-0.000177675 -1.14661e-05 5.1697e-19
-0.000178445 -1.16912e-05 5.16976e-19
-0.000179191 -1.19105e-05 5.16983e-19
-0.000179912 -1.21239e-05 5.16989e-19
-0.00018061 -1.23313e-05 5.16995e-19
-0.000181284 -1.25328e-05 5.17001e-19
-0.000181934 -1.27284e-05 5.17006e-19
-0.000182563 -1.29181e-05 5.17012e-19
-0.000183169 -1.3102e-05 5.17017e-19
-0.000183754 -1.32801e-05 5.17022e-19
-0.000184319 -1.34525e-05 5.17027e-19
-0.000184864 -1.36194e-05 5.17032e-19
-0.000185391 -1.3781e-05 5.17037e-19
-0.000185902 -1.39375e-05 5.17041e-19
-0.000186398 -1.40893e-05 5.17045e-19
-0.000186881 -1.42368e-05 5.1705e-19
-0.000187356 -1.43807e-05 5.17054e-19
-0.000187824 -1.45218e-05 5.17058e-19
-0.000188289 -1.46604e-05 5.17062e-19
-0.000188752 -1.47969e-05 5.17066e-19
-0.000189214 -1.49315e-05 5.1707e-19
-0.000189674 -1.50642e-05 5.17074e-19
-0.000190133 -1.51949e-05 5.17078e-19
-0.00019059 -1.53237e-05 5.17081e-19
-0.000191045 -1.54506e-05 5.17085e-19
-0.000191498 -1.55757e-05 5.17089e-19
-0.000191948 -1.56988e-05 5.17092e-19
-0.000192393 -1.58197e-05 5.17096e-19
-0.000192831 -1.59382e-05 5.171e-19
-0.000193262 -1.60537e-05 5.17103e-19
-0.000193681 -1.6166e-05 5.17106e-19
-0.000194087 -1.62746e-05 5.1711e-19
-0.000194477 -1.63791e-05 5.17113e-19
-0.000194848 -1.6479e-05 5.17116e-19
-0.000195199 -1.65738e-05 5.17118e-19
-0.000195525 -1.66629e-05 5.17121e-19
-0.000195822 -1.67455e-05 5.17124e-19
-0.000196088 -1.68211e-05 5.17126e-19
-0.000196319 -1.6889e-05 5.17128e-19
-0.000196512 -1.69484e-05 5.1713e-19
-0.000196663 -1.69989e-05 5.17131e-19
-0.000196771 -1.70397e-05 5.17132e-19
-0.000196832 -1.70705e-05 5.17133e-19
-0.000196848 -1.70914e-05 5.17134e-19
-0.000196819 -1.71026e-05 5.17134e-19
-0.000196748 -1.71045e-05 5.17134e-19
-0.000196638 -1.70977e-05 5.17134e-19
-0.000196489 -1.70824e-05 5.17133e-19
-0.000196306 -1.70593e-05 5.17133e-19
-0.00019609 -1.70286e-05 5.17132e-19
-0.000195845 -1.69912e-05 5.17131e-19
-0.000195575 -1.69481e-05 5.17129e-19
-0.000195288 -1.69005e-05 5.17128e-19
-0.00019499 -1.68498e-05 5.17126e-19
-0.000194687 -1.67971e-05 5.17125e-19
-0.000194382 -1.67434e-05 5.17123e-19
-0.00019408 -1.66893e-05 5.17121e-19
-0.000193782 -1.66353e-05 5.1712e-19
-0.000193491 -1.65819e-05 5.17118e-19
-0.000193211 -1.65299e-05 5.17116e-19
-0.000192943 -1.64797e-05 5.17115e-19
-0.000192691 -1.64321e-05 5.17114e-19
-0.000192456 -1.63874e-05 5.17112e-19
-0.000192238 -1.63454e-05 5.17111e-19
-0.000192033 -1.63056e-05 5.1711e-19
-0.000191838 -1.62673e-05 5.17109e-19
-0.00019165 -1.623e-05 5.17108e-19
-0.000191467 -1.61932e-05 5.17106e-19
-0.000191287 -1.61566e-05 5.17105e-19
-0.000191107 -1.61198e-05 5.17104e-19
-0.000190926 -1.60826e-05 5.17103e-19
-0.000190744 -1.60446e-05 5.17102e-19
-0.000190558 -1.60058e-05 5.17101e-19
-0.000190367 -1.59658e-05 5.171e-19
-0.000190172 -1.59246e-05 5.17098e-19
-0.000189972 -1.58823e-05 5.17097e-19
-0.000189769 -1.58389e-05 5.17096e-19
-0.000189562 -1.57947e-05 5.17094e-19
-0.000189354 -1.575e-05 5.17093e-19
-0.000189147 -1.5705e-05 5.17092e-19
-0.000188942 -1.56603e-05 5.1709e-19
-0.000188742 -1.5616e-05 5.17089e-19
-0.00018855 -1.55729e-05 5.17088e-19
-0.000188369 -1.55313e-05 5.17086e-19
-0.000188201 -1.5492e-05 5.17085e-19
-0.000188051 -1.54555e-05 5.17084e-19
-0.000187921 -1.54225e-05 5.17083e-19
-0.000187818 -1.53941e-05 5.17082e-19
-0.000187747 -1.53715e-05 5.17082e-19
-0.000187715 -1.53558e-05 5.17081e-19
-0.000187725 -1.53481e-05 5.17081e-19
-0.000187783 -1.53491e-05 5.17081e-19
-0.000187891 -1.53594e-05 5.17081e-19
-0.00018805 -1.53794e-05 5.17082e-19
-0.000188263 -1.54096e-05 5.17083e-19
-0.00018853 -1.54499e-05 5.17084e-19
-0.000188849 -1.55002e-05 5.17086e-19
-0.000189221 -1.55606e-05 5.17088e-19
-0.000189641 -1.56305e-05 5.1709e-19
-0.000190108 -1.57093e-05 5.17092e-19
-0.000190615 -1.5796e-05 5.17095e-19
-0.000191158 -1.58897e-05 5.17098e-19
-0.000191731 -1.59893e-05 5.17101e-19
-0.000192328 -1.60938e-05 5.17104e-19
-0.000192943 -1.62021e-05 5.17108e-19
-0.000193571 -1.63131e-05 5.17111e-19
-0.000194206 -1.64259e-05 5.17115e-19
-0.000194842 -1.65392e-05 5.17118e-19
-0.000195472 -1.66521e-05 5.17122e-19
-0.000196091 -1.67632e-05 5.17125e-19
-0.000196694 -1.68718e-05 5.17128e-19
-0.000197275 -1.69768e-05 5.17132e-19
-0.000197832 -1.70776e-05 5.17135e-19
-0.00019836 -1.71736e-05 5.17138e-19
-0.000198857 -1.7264e-05 5.1714e-19
-0.000199319 -1.73484e-05 5.17143e-19
-0.000199745 -1.74262e-05 5.17145e-19
-0.000200131 -1.7497e-05 5.17147e-19
-0.000200477 -1.75605e-05 5.17149e-19
-0.000200783 -1.76165e-05 5.17151e-19
-0.000201048 -1.76651e-05 5.17152e-19
-0.000201272 -1.77062e-05 5.17154e-19
-0.000201459 -1.774e-05 5.17155e-19
-0.000201608 -1.77669e-05 5.17155e-19
-0.000201722 -1.77871e-05 5.17156e-19
-0.000201805 -1.78011e-05 5.17156e-19
-0.000201857 -1.78092e-05 5.17157e-19
-0.000201883 -1.7812e-05 5.17157e-19
-0.000201885 -1.78101e-05 5.17156e-19
-0.000201866 -1.78039e-05 5.17156e-19
-0.000201831 -1.77941e-05 5.17156e-19
-0.000201781 -1.7781e-05 5.17155e-19
-0.00020172 -1.77654e-05 5.17155e-19
-0.00020165 -1.77476e-05 5.17154e-19
-0.000201573 -1.7728e-05 5.17154e-19
-0.000201491 -1.77068e-05 5.17153e-19
-0.000201405 -1.76842e-05 5.17152e-19
-0.000201314 -1.76601e-05 5.17152e-19
-0.000201219 -1.76347e-05 5.17151e-19
-0.000201122 -1.76083e-05 5.1715e-19
-0.000201025 -1.75813e-05 5.17149e-19
-0.000200929 -1.7554e-05 5.17148e-19
-0.000200835 -1.75269e-05 5.17148e-19
-0.000200746 -1.75001e-05 5.17147e-19
-0.00020066 -1.7474e-05 5.17146e-19
-0.00020058 -1.74486e-05 5.17145e-19
-0.000200505 -1.74241e-05 5.17145e-19
-0.000200435 -1.74006e-05 5.17144e-19
-0.00020037 -1.73782e-05 5.17143e-19
-0.000200311 -1.73571e-05 5.17143e-19
-0.000200257 -1.73373e-05 5.17142e-19
-0.000200207 -1.73187e-05 5.17142e-19
-0.000200161 -1.7301e-05 5.17141e-19
-0.000200116 -1.72842e-05 5.17141e-19
-0.000200072 -1.72679e-05 5.1714e-19
-0.000200025 -1.72519e-05 5.1714e-19
-0.000199976 -1.72358e-05 5.1714e-19
-0.000199921 -1.72194e-05 5.17139e-19
-0.000199859 -1.72022e-05 5.17139e-19
-0.000199789 -1.71841e-05 5.17138e-19
-0.00019971 -1.71649e-05 5.17138e-19
-0.000199621 -1.71444e-05 5.17137e-19
-0.00019952 -1.71223e-05 5.17136e-19
-0.000199408 -1.70986e-05 5.17136e-19
-0.000199283 -1.70731e-05 5.17135e-19
-0.000199146 -1.70457e-05 5.17134e-19
-0.000198996 -1.70164e-05 5.17133e-19
-0.000198834 -1.69853e-05 5.17132e-19
-0.000198661 -1.69525e-05 5.17132e-19
-0.000198479 -1.69184e-05 5.1713e-19
-0.000198289 -1.68832e-05 5.17129e-19
-0.000198091 -1.68469e-05 5.17128e-19
-0.000197886 -1.68096e-05 5.17127e-19
-0.000197674 -1.67714e-05 5.17126e-19
-0.000197455 -1.67323e-05 5.17125e-19
-0.000197231 -1.66923e-05 5.17124e-19
-0.000197002 -1.66515e-05 5.17122e-19
-0.000196767 -1.66101e-05 5.17121e-19
-0.000196529 -1.65682e-05 5.1712e-19
-0.000196288 -1.6526e-05 5.17119e-19
-0.000196046 -1.64839e-05 5.17117e-19
-0.000195804 -1.64422e-05 5.17116e-19
-0.000195563 -1.64011e-05 5.17115e-19
-0.000195324 -1.63607e-05 5.17114e-19
-0.000195087 -1.63212e-05 5.17112e-19
-0.000194852 -1.62825e-05 5.17111e-19
-0.000194618 -1.62445e-05 5.1711e-19
-0.000194381 -1.62064e-05 5.17109e-19
-0.000194137 -1.61672e-05 5.17108e-19
-0.00019388 -1.61257e-05 5.17106e-19
-0.000193604 -1.6081e-05 5.17105e-19
-0.000193306 -1.60318e-05 5.17103e-19
-0.000192978 -1.5977e-05 5.17102e-19
-0.000192616 -1.59154e-05 5.171e-19
-0.000192216 -1.58462e-05 5.17098e-19
-0.000191775 -1.57688e-05 5.17095e-19
-0.000191292 -1.56828e-05 5.17093e-19
-0.000190768 -1.55881e-05 5.1709e-19
-0.000190203 -1.54847e-05 5.17086e-19
-0.000189599 -1.5373e-05 5.17083e-19
-0.00018896 -1.52537e-05 5.17079e-19
-0.000188291 -1.51275e-05 5.17075e-19
-0.000187597 -1.49952e-05 5.17071e-19
-0.000186884 -1.4858e-05 5.17067e-19
-0.000186158 -1.47172e-05 5.17063e-19
-0.000185428 -1.4574e-05 5.17058e-19
-0.0001847 -1.44298e-05 5.17054e-19
-0.000183983 -1.4286e-05 5.17049e-19
-0.000183285 -1.41443e-05 5.17045e-19
-0.000182613 -1.4006e-05 5.17041e-19
-0.000181975 -1.38726e-05 5.17037e-19
-0.000181378 -1.37454e-05 5.17033e-19
-0.00018083 -1.36259e-05 5.17029e-19
-0.000180336 -1.35151e-05 5.17026e-19
-0.0001799 -1.3414e-05 5.17023e-19
-0.000179528 -1.33234e-05 5.1702e-19
-0.00017922 -1.32438e-05 5.17018e-19
-0.000178979 -1.31754e-05 5.17016e-19
-0.000178805 -1.31183e-05 5.17014e-19
-0.000178695 -1.30722e-05 5.17013e-19
-0.000178647 -1.30367e-05 5.17012e-19
-0.000178658 -1.30111e-05 5.17011e-19
-0.000178722 -1.29945e-05 5.17011e-19
-0.000178835 -1.29863e-05 5.17011e-19
-0.000178992 -1.29854e-05 5.17011e-19
-0.000179187 -1.2991e-05 5.17012e-19
-0.000179415 -1.30021e-05 5.17012e-19
-0.000179669 -1.30174e-05 5.17013e-19
-0.000179943 -1.30359e-05 5.17013e-19
-0.000180231 -1.30565e-05 5.17014e-19
-0.000180525 -1.30779e-05 5.17015e-19
-0.00018082 -1.30989e-05 5.17016e-19
-0.000181108 -1.31184e-05 5.17017e-19
-0.000181383 -1.31352e-05 5.17018e-19
-0.00018164 -1.31481e-05 5.17018e-19
-0.000181872 -1.31561e-05 5.17019e-19
-0.000182073 -1.31578e-05 5.17019e-19
-0.000182238 -1.31522e-05 5.17019e-19
-0.000182361 -1.31385e-05 5.17019e-19
-0.000182439 -1.31157e-05 5.17018e-19
-0.000182469 -1.30831e-05 5.17017e-19
-0.000182447 -1.30403e-05 5.17016e-19
-0.000182373 -1.29867e-05 5.17014e-19
-0.000182245 -1.29221e-05 5.17013e-19
-0.000182062 -1.28464e-05 5.1701e-19
-0.000181827 -1.27596e-05 5.17008e-19
-0.000181539 -1.26619e-05 5.17005e-19
-0.000181202 -1.25537e-05 5.17002e-19
-0.00018082 -1.24358e-05 5.16998e-19
-0.000180398 -1.23091e-05 5.16995e-19
-0.000179941 -1.21743e-05 5.16991e-19
-0.000179453 -1.20326e-05 5.16986e-19
-0.000178942 -1.1885e-05 5.16982e-19
-0.000178413 -1.17327e-05 5.16978e-19
-0.000177872 -1.15768e-05 5.16973e-19
-0.000177324 -1.14185e-05 5.16968e-19
-0.000176777 -1.12588e-05 5.16964e-19
-0.000176234 -1.10987e-05 5.16959e-19
-0.0001757 -1.09394e-05 5.16954e-19
-0.000175181 -1.07817e-05 5.16949e-19
-0.000174681 -1.06266e-05 5.16945e-19
-0.000174203 -1.04748e-05 5.1694e-19
-0.000173751 -1.0327e-05 5.16936e-19
-0.000173328 -1.0184e-05 5.16932e-19
-0.000172934 -1.00461e-05 5.16928e-19
-0.000172573 -9.91383e-06 5.16924e-19
-0.000172245 -9.78747e-06 5.1692e-19
-0.000171948 -9.66704e-06 5.16917e-19
-0.000171683 -9.55237e-06 5.16914e-19
-0.000171448 -9.44324e-06 5.16911e-19
-0.000171239 -9.33926e-06 5.16908e-19
-0.000171053 -9.23978e-06 5.16905e-19
-0.000170886 -9.14395e-06 5.16902e-19
-0.000170733 -9.05088e-06 5.169e-19
-0.000170589 -8.9597e-06 5.16897e-19
-0.00017045 -8.86955e-06 5.16895e-19
-0.000170311 -8.77962e-06 5.16892e-19
-0.000170168 -8.68912e-06 5.1689e-19
-0.000170018 -8.59743e-06 5.16887e-19
-0.00016986 -8.50416e-06 5.16884e-19
-0.000169692 -8.40915e-06 5.16882e-19
-0.000169515 -8.31231e-06 5.16879e-19
-0.000169327 -8.21361e-06 5.16876e-19
-0.000169129 -8.11305e-06 5.16873e-19
-0.000168923 -8.01073e-06 5.1687e-19
-0.000168708 -7.90673e-06 5.16868e-19
-0.000168485 -7.80117e-06 5.16865e-19
-0.000168256 -7.69412e-06 5.16862e-19
-0.000168021 -7.58564e-06 5.16858e-19
-0.00016778 -7.47578e-06 5.16855e-19
-0.000167535 -7.36466e-06 5.16852e-19
-0.000167287 -7.25259e-06 5.16849e-19
-0.000167038 -7.13995e-06 5.16846e-19
-0.00016679 -7.02714e-06 5.16843e-19
-0.000166546 -6.91444e-06 5.16839e-19
-0.000166304 -6.80189e-06 5.16836e-19
-0.000166065 -6.6894e-06 5.16833e-19
-0.000165827 -6.5768e-06 5.1683e-19
-0.000165589 -6.4638e-06 5.16827e-19
-0.000165349 -6.34994e-06 5.16824e-19
-0.000165103 -6.23461e-06 5.1682e-19
-0.000164848 -6.11717e-06 5.16817e-19
-0.000164579 -5.99692e-06 5.16814e-19
-0.000164293 -5.87313e-06 5.1681e-19
-0.000163986 -5.74508e-06 5.16807e-19
-0.000163653 -5.61203e-06 5.16803e-19
-0.000163292 -5.47342e-06 5.16799e-19
-0.000162899 -5.32904e-06 5.16795e-19
-0.000162476 -5.17894e-06 5.16791e-19
-0.000162022 -5.02327e-06 5.16786e-19
-0.000161537 -4.86232e-06 5.16781e-19
-0.000161024 -4.69657e-06 5.16777e-19
-0.000160485 -4.52669e-06 5.16772e-19
-0.000159923 -4.35345e-06 5.16767e-19
-0.000159341 -4.17751e-06 5.16762e-19
-0.00015874 -3.99928e-06 5.16756e-19
-0.000158121 -3.81901e-06 5.16751e-19
-0.000157486 -3.63695e-06 5.16746e-19
-0.000156836 -3.4534e-06 5.1674e-19
-0.000156171 -3.26851e-06 5.16735e-19
-0.000155492 -3.08241e-06 5.16729e-19
-0.000154801 -2.89528e-06 5.16724e-19
-0.000154098 -2.70741e-06 5.16718e-19
-0.000153387 -2.51917e-06 5.16713e-19
-0.000152669 -2.33103e-06 5.16707e-19
-0.000151949 -2.14352e-06 5.16702e-19
-0.000151228 -1.95727e-06 5.16696e-19
-0.000150513 -1.77309e-06 5.16691e-19
-0.000149808 -1.59191e-06 5.16685e-19
-0.000149117 -1.41468e-06 5.1668e-19
-0.000148448 -1.24232e-06 5.16675e-19
-0.000147804 -1.07577e-06 5.1667e-19
-0.00014719 -9.15948e-07 5.16665e-19
-0.000146612 -7.63689e-07 5.16661e-19
-0.000146073 -6.19842e-07 5.16656e-19
-0.000145579 -4.85311e-07 5.16652e-19
-0.000145135 -3.61005e-07 5.16649e-19
-0.000144744 -2.47734e-07 5.16645e-19
-0.00014441 -1.46188e-07 5.16642e-19
-0.000144136 -5.69366e-08 5.1664e-19
-0.000143925 1.95821e-08 5.16638e-19
-0.000143776 8.30722e-08 5.16636e-19
-0.000143689 1.33655e-07 5.16634e-19
-0.000143664 1.71342e-07 5.16633e-19
-0.000143699 1.9644e-07 5.16633e-19
-0.00014379 2.0957e-07 5.16633e-19
-0.000143935 2.11369e-07 5.16633e-19
-0.000144127 2.02785e-07 5.16633e-19
-0.000144362 1.84827e-07 5.16634e-19
-0.000144633 1.58652e-07 5.16635e-19
-0.000144933 1.25433e-07 5.16636e-19
-0.000145255 8.64582e-08 5.16637e-19
-0.000145593 4.30271e-08 5.16639e-19
-0.000145939 -3.54395e-09 5.1664e-19
-0.000146286 -5.20418e-08 5.16642e-19
-0.00014663 -1.01411e-07 5.16643e-19
-0.000146964 -1.50757e-07 5.16645e-19
-0.000147285 -1.99267e-07 5.16647e-19
-0.000147589 -2.46209e-07 5.16648e-19
-0.000147871 -2.90913e-07 5.1665e-19
-0.000148129 -3.32799e-07 5.16651e-19
-0.000148361 -3.71392e-07 5.16652e-19
-0.000148564 -4.06391e-07 5.16653e-19
-0.000148739 -4.37737e-07 5.16654e-19
-0.000148886 -4.65576e-07 5.16655e-19
-0.000149007 -4.90172e-07 5.16656e-19
-0.000149103 -5.11864e-07 5.16656e-19
-0.000149178 -5.31005e-07 5.16657e-19
-0.000149232 -5.47983e-07 5.16657e-19
-0.000149269 -5.63254e-07 5.16658e-19
-0.000149292 -5.77263e-07 5.16658e-19
-0.000149302 -5.90349e-07 5.16658e-19
-0.000149302 -6.02776e-07 5.16659e-19
-0.000149294 -6.14826e-07 5.16659e-19
-0.000149279 -6.26774e-07 5.16659e-19
-0.000149259 -6.38849e-07 5.16659e-19
-0.000149236 -6.51242e-07 5.1666e-19
-0.000149211 -6.64132e-07 5.1666e-19
-0.000149186 -6.77607e-07 5.1666e-19
-0.000149159 -6.91556e-07 5.16661e-19
-0.000149131 -7.0572e-07 5.16661e-19
-0.000149101 -7.19801e-07 5.16661e-19
-0.000149067 -7.33522e-07 5.16661e-19
-0.000149029 -7.46691e-07 5.16662e-19
-0.000148986 -7.59161e-07 5.16662e-19
-0.000148939 -7.70781e-07 5.16662e-19
-0.000148887 -7.81464e-07 5.16662e-19
-0.00014883 -7.91316e-07 5.16663e-19
-0.00014877 -8.00565e-07 5.16663e-19
-0.000148707 -8.09441e-07 5.16663e-19
-0.000148645 -8.1832e-07 5.16663e-19
-0.000148586 -8.27956e-07 5.16663e-19
-0.000148535 -8.39345e-07 5.16664e-19
-0.000148496 -8.53487e-07 5.16664e-19
-0.000148475 -8.71366e-07 5.16664e-19
-0.000148474 -8.93781e-07 5.16665e-19
-0.000148498 -9.2189e-07 5.16666e-19
-0.000148554 -9.56708e-07 5.16667e-19
-0.000148644 -9.98985e-07 5.16668e-19
-0.000148771 -1.04942e-06 5.16669e-19
-0.000148937 -1.10847e-06 5.16671e-19
-0.000149144 -1.17659e-06 5.16673e-19
-0.000149392 -1.25396e-06 5.16675e-19
-0.000149682 -1.34047e-06 5.16678e-19
-0.000150009 -1.43572e-06 5.16681e-19
-0.000150373 -1.53925e-06 5.16684e-19
-0.000150769 -1.65054e-06 5.16687e-19
-0.000151196 -1.76912e-06 5.16691e-19
-0.000151651 -1.89447e-06 5.16694e-19
-0.000152131 -2.0261e-06 5.16698e-19
-0.000152632 -2.16343e-06 5.16702e-19
-0.000153152 -2.30577e-06 5.16707e-19
-0.000153687 -2.45236e-06 5.16711e-19
-0.000154233 -2.60244e-06 5.16715e-19
-0.000154785 -2.75514e-06 5.1672e-19
-0.000155338 -2.90937e-06 5.16725e-19
-0.000155886 -3.06388e-06 5.16729e-19
-0.000156424 -3.21744e-06 5.16734e-19
-0.000156946 -3.36891e-06 5.16738e-19
-0.000157447 -3.51728e-06 5.16742e-19
-0.000157923 -3.66166e-06 5.16747e-19
-0.00015837 -3.80123e-06 5.16751e-19
-0.000158786 -3.93524e-06 5.16755e-19
-0.000159166 -4.06303e-06 5.16758e-19
-0.000159509 -4.18404e-06 5.16762e-19
-0.000159813 -4.29776e-06 5.16765e-19
-0.000160075 -4.40383e-06 5.16768e-19
-0.000160297 -4.50212e-06 5.16771e-19
-0.000160478 -4.59268e-06 5.16774e-19
-0.00016062 -4.67562e-06 5.16776e-19
-0.000160723 -4.75112e-06 5.16778e-19
-0.000160789 -4.81937e-06 5.1678e-19
-0.00016082 -4.88063e-06 5.16781e-19
-0.000160817 -4.93517e-06 5.16783e-19
-0.000160784 -4.98348e-06 5.16784e-19
-0.000160724 -5.02654e-06 5.16785e-19
-0.000160644 -5.06563e-06 5.16786e-19
-0.000160551 -5.10206e-06 5.16787e-19
-0.000160452 -5.13724e-06 5.16788e-19
-0.000160355 -5.17266e-06 5.16789e-19
-0.000160266 -5.20991e-06 5.1679e-19
-0.000160193 -5.25053e-06 5.16791e-19
-0.000160143 -5.29593e-06 5.16792e-19
-0.000160122 -5.34721e-06 5.16793e-19
-0.000160133 -5.40526e-06 5.16795e-19
-0.000160181 -5.47089e-06 5.16797e-19
-0.000160267 -5.54481e-06 5.16799e-19
-0.000160397 -5.62767e-06 5.16801e-19
-0.000160571 -5.72004e-06 5.16803e-19
-0.000160793 -5.82244e-06 5.16806e-19
-0.000161063 -5.93521e-06 5.1681e-19
-0.000161383 -6.05852e-06 5.16813e-19
-0.000161752 -6.19235e-06 5.16817e-19
-0.000162169 -6.33663e-06 5.16821e-19
-0.000162634 -6.49121e-06 5.16826e-19
-0.000163145 -6.65586e-06 5.1683e-19
-0.0001637 -6.83031e-06 5.16835e-19
-0.000164299 -7.01425e-06 5.16841e-19
-0.000164939 -7.20729e-06 5.16846e-19
-0.000165618 -7.40895e-06 5.16852e-19
-0.000166334 -7.61868e-06 5.16858e-19
-0.000167083 -7.83591e-06 5.16865e-19
-0.000167862 -8.06001e-06 5.16871e-19
-0.000168669 -8.29029e-06 5.16878e-19
-0.0001695 -8.52598e-06 5.16885e-19
-0.000170352 -8.76634e-06 5.16892e-19
-0.000171221 -9.0106e-06 5.16899e-19
-0.000172103 -9.25801e-06 5.16907e-19
-0.000172996 -9.50786e-06 5.16914e-19
-0.000173896 -9.7594e-06 5.16921e-19
-0.000174801 -1.0012e-05 5.16929e-19
-0.000175707 -1.02649e-05 5.16936e-19
-0.000176613 -1.05177e-05 5.16944e-19
-0.000177515 -1.07699e-05 5.16951e-19
-0.000178412 -1.10208e-05 5.16958e-19
-0.000179302 -1.12701e-05 5.16966e-19
-0.000180183 -1.15174e-05 5.16973e-19
-0.000181052 -1.17621e-05 5.1698e-19
-0.000181908 -1.20039e-05 5.16987e-19
-0.000182749 -1.22422e-05 5.16994e-19
-0.00018357 -1.24763e-05 5.17001e-19
-0.000184369 -1.27056e-05 5.17008e-19
-0.000185144 -1.29295e-05 5.17014e-19
-0.000185889 -1.31473e-05 5.17021e-19
-0.000186603 -1.33583e-05 5.17027e-19
-0.000187282 -1.35619e-05 5.17033e-19
-0.000187923 -1.37576e-05 5.17038e-19
-0.000188525 -1.3945e-05 5.17044e-19
-0.000189088 -1.41242e-05 5.17049e-19
-0.00018961 -1.4295e-05 5.17054e-19
-0.000190093 -1.44576e-05 5.17059e-19
-0.000190537 -1.46124e-05 5.17063e-19
-0.000190945 -1.47596e-05 5.17067e-19
-0.000191318 -1.48999e-05 5.17071e-19
-0.00019166 -1.50338e-05 5.17075e-19
-0.000191972 -1.51616e-05 5.17079e-19
-0.000192257 -1.5284e-05 5.17082e-19
-0.000192518 -1.54014e-05 5.17085e-19
-0.000192756 -1.55144e-05 5.17089e-19
-0.000192975 -1.56233e-05 5.17092e-19
-0.000193175 -1.57286e-05 5.17095e-19
-0.00019336 -1.58306e-05 5.17097e-19
-0.000193531 -1.59299e-05 5.171e-19
-0.000193693 -1.6027e-05 5.17103e-19
-0.000193848 -1.61229e-05 5.17106e-19
-0.000194003 -1.62182e-05 5.17108e-19
-0.00019416 -1.63138e-05 5.17111e-19
-0.000194323 -1.64102e-05 5.17113e-19
-0.000194495 -1.6508e-05 5.17116e-19
-0.000194678 -1.66076e-05 5.17119e-19
-0.000194876 -1.67094e-05 5.17122e-19
-0.000195089 -1.68139e-05 5.17125e-19
-0.000195321 -1.69214e-05 5.17128e-19
-0.000195574 -1.70324e-05 5.17131e-19
-0.00019585 -1.7147e-05 5.17134e-19
-0.000196147 -1.72651e-05 5.17137e-19
-0.000196466 -1.73865e-05 5.17141e-19
-0.000196804 -1.75108e-05 5.17145e-19
-0.000197161 -1.76377e-05 5.17148e-19
-0.000197534 -1.77666e-05 5.17152e-19
-0.00019792 -1.78971e-05 5.17156e-19
-0.000198318 -1.80285e-05 5.1716e-19
-0.000198723 -1.81602e-05 5.17163e-19
-0.000199135 -1.82919e-05 5.17167e-19
-0.000199549 -1.8423e-05 5.17171e-19
-0.000199965 -1.85531e-05 5.17175e-19
-0.00020038 -1.86816e-05 5.17179e-19
-0.000200791 -1.88081e-05 5.17182e-19
-0.000201196 -1.89321e-05 5.17186e-19
-0.000201593 -1.90532e-05 5.1719e-19
-0.000201978 -1.91709e-05 5.17193e-19
-0.000202349 -1.92845e-05 5.17197e-19
-0.000202702 -1.93934e-05 5.172e-19
-0.000203033 -1.94969e-05 5.17203e-19
-0.00020334 -1.95944e-05 5.17206e-19
-0.000203618 -1.96853e-05 5.17208e-19
-0.000203864 -1.97688e-05 5.17211e-19
-0.000204077 -1.98445e-05 5.17213e-19
-0.000204253 -1.9912e-05 5.17215e-19
-0.000204391 -1.9971e-05 5.17217e-19
-0.00020449 -2.00215e-05 5.17218e-19
-0.000204551 -2.00634e-05 5.17219e-19
-0.000204573 -2.00969e-05 5.1722e-19
-0.000204558 -2.01219e-05 5.17221e-19
-0.000204504 -2.01387e-05 5.17221e-19
-0.000204415 -2.01473e-05 5.17222e-19
-0.00020429 -2.01482e-05 5.17222e-19
-0.000204132 -2.01416e-05 5.17221e-19
-0.000203945 -2.01284e-05 5.17221e-19
-0.000203731 -2.0109e-05 5.1722e-19
-0.000203494 -2.00844e-05 5.17219e-19
-0.000203239 -2.00551e-05 5.17218e-19
-0.000202969 -2.0022e-05 5.17217e-19
-0.000202688 -1.99858e-05 5.17216e-19
-0.000202401 -1.99474e-05 5.17215e-19
-0.000202112 -1.99077e-05 5.17213e-19
-0.000201826 -1.98676e-05 5.17212e-19
-0.000201548 -1.98282e-05 5.17211e-19
-0.000201283 -1.97902e-05 5.1721e-19
-0.000201034 -1.97545e-05 5.17208e-19
-0.000200806 -1.97218e-05 5.17207e-19
-0.000200601 -1.96927e-05 5.17206e-19
-0.000200423 -1.96679e-05 5.17206e-19
-0.000200274 -1.96479e-05 5.17205e-19
-0.000200157 -1.96331e-05 5.17205e-19
-0.000200073 -1.96237e-05 5.17204e-19
-0.000200023 -1.96201e-05 5.17204e-19
-0.000200008 -1.96225e-05 5.17204e-19
-0.000200028 -1.96309e-05 5.17204e-19
-0.000200084 -1.96453e-05 5.17205e-19
-0.000200176 -1.96659e-05 5.17205e-19
-0.000200305 -1.96928e-05 5.17206e-19
-0.000200471 -1.97264e-05 5.17207e-19
-0.000200676 -1.97669e-05 5.17208e-19
-0.00020092 -1.98143e-05 5.1721e-19
-0.000201202 -1.98688e-05 5.17212e-19
-0.000201522 -1.99301e-05 5.17213e-19
-0.000201878 -1.9998e-05 5.17216e-19
-0.000202268 -2.00721e-05 5.17218e-19
-0.000202688 -2.01519e-05 5.1722e-19
-0.000203136 -2.02366e-05 5.17223e-19
-0.000203607 -2.03255e-05 5.17226e-19
-0.000204097 -2.04178e-05 5.17228e-19
-0.0002046 -2.05125e-05 5.17231e-19
-0.000205111 -2.06084e-05 5.17234e-19
-0.000205624 -2.07042e-05 5.17237e-19
-0.000206133 -2.0799e-05 5.1724e-19
-0.000206633 -2.08916e-05 5.17243e-19
-0.00020712 -2.09812e-05 5.17246e-19
-0.000207589 -2.1067e-05 5.17248e-19
-0.000208038 -2.11482e-05 5.17251e-19
-0.000208463 -2.12243e-05 5.17253e-19
-0.000208862 -2.12948e-05 5.17255e-19
-0.000209234 -2.13594e-05 5.17257e-19
-0.000209576 -2.14176e-05 5.17259e-19
-0.000209887 -2.14691e-05 5.17261e-19
-0.000210164 -2.15133e-05 5.17262e-19
-0.000210405 -2.15496e-05 5.17263e-19
-0.000210609 -2.15778e-05 5.17264e-19
-0.000210773 -2.15974e-05 5.17265e-19
-0.000210897 -2.16082e-05 5.17265e-19
-0.000210979 -2.16098e-05 5.17265e-19
-0.00021102 -2.16022e-05 5.17265e-19
-0.000211018 -2.15851e-05 5.17264e-19
-0.000210974 -2.15585e-05 5.17264e-19
-0.000210887 -2.15223e-05 5.17263e-19
-0.000210758 -2.14766e-05 5.17261e-19
-0.00021059 -2.14219e-05 5.1726e-19
-0.000210386 -2.13587e-05 5.17258e-19
-0.000210148 -2.12877e-05 5.17256e-19
-0.00020988 -2.12095e-05 5.17253e-19
-0.000209585 -2.11247e-05 5.17251e-19
-0.000209268 -2.10341e-05 5.17248e-19
-0.00020893 -2.09383e-05 5.17245e-19
-0.000208575 -2.08381e-05 5.17242e-19
-0.000208207 -2.0734e-05 5.17239e-19
-0.00020783 -2.06268e-05 5.17236e-19
-0.000207445 -2.05172e-05 5.17233e-19
-0.000207056 -2.04058e-05 5.17229e-19
-0.000206666 -2.02931e-05 5.17226e-19
-0.000206275 -2.01793e-05 5.17223e-19
-0.000205886 -2.00649e-05 5.17219e-19
-0.000205499 -1.995e-05 5.17216e-19
-0.000205112 -1.98346e-05 5.17213e-19
-0.000204727 -1.97185e-05 5.17209e-19
-0.00020434 -1.96013e-05 5.17206e-19
-0.000203952 -1.94831e-05 5.17202e-19
-0.000203562 -1.93639e-05 5.17199e-19
-0.000203174 -1.92443e-05 5.17196e-19
-0.000202788 -1.91245e-05 5.17192e-19
-0.000202406 -1.9005e-05 5.17189e-19
-0.000202028 -1.88857e-05 5.17185e-19
-0.000201653 -1.87663e-05 5.17182e-19
-0.000201279 -1.86467e-05 5.17178e-19
-0.000200904 -1.85264e-05 5.17175e-19
-0.000200526 -1.84049e-05 5.17171e-19
-0.000200141 -1.82814e-05 5.17168e-19
-0.000199746 -1.81552e-05 5.17164e-19
-0.000199337 -1.80257e-05 5.1716e-19
-0.000198912 -1.7892e-05 5.17157e-19
-0.000198465 -1.77534e-05 5.17153e-19
-0.000197995 -1.76091e-05 5.17148e-19
-0.000197497 -1.74585e-05 5.17144e-19
-0.000196971 -1.73011e-05 5.17139e-19
-0.000196414 -1.71368e-05 5.17135e-19
-0.000195827 -1.69653e-05 5.1713e-19
-0.000195209 -1.67866e-05 5.17125e-19
-0.000194563 -1.66011e-05 5.17119e-19
-0.00019389 -1.64093e-05 5.17114e-19
-0.000193196 -1.62121e-05 5.17108e-19
-0.000192483 -1.60101e-05 5.17102e-19
-0.000191755 -1.5804e-05 5.17096e-19
-0.000191016 -1.55946e-05 5.1709e-19
-0.000190267 -1.53825e-05 5.17084e-19
-0.000189514 -1.51683e-05 5.17077e-19
-0.000188758 -1.49529e-05 5.17071e-19
-0.000188003 -1.47369e-05 5.17065e-19
-0.000187252 -1.45209e-05 5.17058e-19
-0.000186507 -1.43054e-05 5.17052e-19
-0.00018577 -1.40909e-05 5.17046e-19
-0.00018504 -1.38774e-05 5.1704e-19
-0.000184318 -1.36652e-05 5.17034e-19
-0.000183604 -1.34541e-05 5.17027e-19
-0.000182896 -1.3244e-05 5.17021e-19
-0.000182192 -1.30345e-05 5.17015e-19
-0.000181489 -1.28252e-05 5.17009e-19
-0.000180786 -1.26157e-05 5.17003e-19
-0.000180081 -1.24061e-05 5.16997e-19
-0.000179376 -1.21963e-05 5.16991e-19
-0.00017867 -1.19867e-05 5.16985e-19
-0.000177964 -1.17772e-05 5.16979e-19
-0.000177258 -1.15682e-05 5.16973e-19
-0.000176553 -1.13597e-05 5.16967e-19
-0.000175851 -1.1152e-05 5.1696e-19
-0.000175151 -1.09453e-05 5.16954e-19
-0.000174455 -1.07397e-05 5.16948e-19
-0.000173764 -1.05356e-05 5.16942e-19
-0.00017308 -1.0333e-05 5.16937e-19
-0.000172403 -1.01323e-05 5.16931e-19
-0.000171735 -9.93353e-06 5.16925e-19
-0.000171076 -9.73699e-06 5.16919e-19
-0.000170429 -9.54279e-06 5.16913e-19
-0.000169795 -9.35118e-06 5.16908e-19
-0.000169175 -9.1625e-06 5.16902e-19
-0.000168572 -8.97716e-06 5.16897e-19
-0.000167989 -8.79558e-06 5.16891e-19
-0.000167428 -8.6181e-06 5.16886e-19
-0.000166891 -8.44496e-06 5.16881e-19
-0.000166377 -8.27627e-06 5.16876e-19
-0.000165889 -8.11208e-06 5.16872e-19
-0.000165427 -7.95241e-06 5.16867e-19
-0.00016499 -7.79726e-06 5.16862e-19
-0.00016458 -7.64657e-06 5.16858e-19
-0.000164194 -7.50022e-06 5.16854e-19
-0.000163835 -7.35809e-06 5.1685e-19
-0.0001635 -7.22017e-06 5.16846e-19
-0.000163191 -7.08644e-06 5.16842e-19
-0.000162906 -6.95686e-06 5.16838e-19
-0.000162646 -6.83135e-06 5.16835e-19
-0.00016241 -6.70987e-06 5.16831e-19
-0.000162197 -6.59238e-06 5.16828e-19
-0.000162008 -6.47876e-06 5.16825e-19
-0.00016184 -6.3689e-06 5.16822e-19
-0.000161692 -6.26272e-06 5.16819e-19
-0.000161565 -6.16013e-06 5.16816e-19
-0.000161457 -6.06102e-06 5.16813e-19
-0.000161366 -5.96521e-06 5.16811e-19
-0.00016129 -5.8724e-06 5.16808e-19
-0.000161227 -5.78226e-06 5.16806e-19
-0.000161175 -5.69441e-06 5.16803e-19
-0.00016113 -5.60837e-06 5.16801e-19
-0.00016109 -5.52345e-06 5.16799e-19
-0.000161048 -5.43887e-06 5.16796e-19
-0.000161002 -5.35379e-06 5.16794e-19
-0.000160946 -5.26746e-06 5.16792e-19
-0.000160876 -5.1791e-06 5.16789e-19
-0.000160789 -5.08799e-06 5.16787e-19
-0.000160682 -4.99348e-06 5.16784e-19
-0.00016055 -4.89492e-06 5.16782e-19
-0.00016039 -4.79159e-06 5.16779e-19
-0.000160198 -4.68275e-06 5.16776e-19
-0.000159973 -4.56775e-06 5.16772e-19
-0.00015971 -4.44609e-06 5.16769e-19
-0.000159409 -4.31756e-06 5.16765e-19
-0.000159071 -4.18214e-06 5.16761e-19
-0.000158696 -4.03991e-06 5.16757e-19
-0.000158285 -3.89113e-06 5.16753e-19
-0.000157842 -3.73625e-06 5.16748e-19
-0.000157369 -3.5759e-06 5.16744e-19
-0.00015687 -3.41075e-06 5.16739e-19
-0.00015635 -3.24152e-06 5.16734e-19
-0.000155811 -3.06887e-06 5.16729e-19
-0.000155257 -2.89341e-06 5.16724e-19
-0.000154692 -2.71578e-06 5.16719e-19
-0.000154119 -2.53661e-06 5.16713e-19
-0.000153541 -2.35658e-06 5.16708e-19
-0.000152963 -2.17639e-06 5.16703e-19
-0.000152388 -1.99667e-06 5.16698e-19
-0.000151817 -1.81801e-06 5.16692e-19
-0.000151255 -1.64085e-06 5.16687e-19
-0.000150702 -1.46554e-06 5.16682e-19
-0.000150156 -1.29201e-06 5.16677e-19
-0.000149621 -1.12075e-06 5.16672e-19
-0.000149099 -9.52083e-07 5.16667e-19
-0.000148589 -7.8605e-07 5.16662e-19
-0.000148092 -6.2284e-07 5.16658e-19
-0.000147609 -4.6251e-07 5.16653e-19
-0.00014714 -3.05422e-07 5.16648e-19
-0.000146686 -1.51929e-07 5.16644e-19
-0.000146249 -2.45699e-09 5.1664e-19
-0.00014583 1.42695e-07 5.16636e-19
-0.00014543 2.83289e-07 5.16632e-19
-0.000145048 4.19181e-07 5.16628e-19
-0.000144684 5.50236e-07 5.16624e-19
-0.000144339 6.76386e-07 5.1662e-19
-0.000144011 7.97625e-07 5.16617e-19
-0.0001437 9.14013e-07 5.16614e-19
-0.000143406 1.02561e-06 5.1661e-19
-0.000143126 1.13262e-06 5.16607e-19
-0.000142857 1.23564e-06 5.16605e-19
-0.000142595 1.33546e-06 5.16602e-19
-0.000142337 1.4329e-06 5.16599e-19
-0.000142078 1.52867e-06 5.16596e-19
-0.000141816 1.62328e-06 5.16594e-19
-0.000141549 1.71712e-06 5.16591e-19
-0.000141275 1.81047e-06 5.16588e-19
-0.000140994 1.90353e-06 5.16585e-19
-0.000140706 1.99637e-06 5.16583e-19
-0.00014041 2.08894e-06 5.1658e-19
-0.000140109 2.1811e-06 5.16577e-19
-0.000139802 2.27276e-06 5.16575e-19
-0.00013949 2.36384e-06 5.16572e-19
-0.000139175 2.45433e-06 5.16569e-19
-0.000138855 2.54418e-06 5.16567e-19
-0.000138533 2.63334e-06 5.16564e-19
-0.000138208 2.72175e-06 5.16562e-19
-0.000137882 2.80935e-06 5.16559e-19
-0.000137555 2.8961e-06 5.16557e-19
-0.000137228 2.98193e-06 5.16554e-19
-0.000136901 3.06674e-06 5.16551e-19
-0.000136576 3.15043e-06 5.16549e-19
-0.000136252 3.2329e-06 5.16547e-19
-0.000135932 3.31393e-06 5.16544e-19
-0.000135618 3.39301e-06 5.16542e-19
-0.000135314 3.46945e-06 5.1654e-19
-0.000135022 3.54254e-06 5.16537e-19
-0.000134745 3.61167e-06 5.16535e-19
-0.000134487 3.67639e-06 5.16533e-19
-0.000134247 3.73635e-06 5.16532e-19
-0.000134028 3.79128e-06 5.1653e-19
-0.00013383 3.84094e-06 5.16529e-19
-0.000133654 3.88523e-06 5.16527e-19
-0.000133499 3.92409e-06 5.16526e-19
-0.000133365 3.95753e-06 5.16525e-19
-0.000133251 3.98553e-06 5.16524e-19
-0.000133159 4.00809e-06 5.16524e-19
-0.000133086 4.02516e-06 5.16523e-19
-0.000133033 4.03672e-06 5.16523e-19
-0.000133001 4.04275e-06 5.16523e-19
-0.000132987 4.04326e-06 5.16523e-19
-0.000132993 4.03826e-06 5.16523e-19
-0.000133018 4.02776e-06 5.16523e-19
-0.000133061 4.01182e-06 5.16523e-19
-0.000133121 3.99066e-06 5.16524e-19
-0.000133197 3.9646e-06 5.16525e-19
-0.000133288 3.93394e-06 5.16526e-19
-0.000133391 3.89902e-06 5.16527e-19
-0.000133505 3.86022e-06 5.16528e-19
-0.000133629 3.81797e-06 5.16529e-19
-0.00013376 3.77269e-06 5.1653e-19
-0.000133897 3.72469e-06 5.16532e-19
-0.000134041 3.67409e-06 5.16533e-19
-0.000134192 3.62088e-06 5.16535e-19
-0.00013435 3.56504e-06 5.16536e-19
-0.000134516 3.5065e-06 5.16538e-19
-0.000134691 3.44516e-06 5.1654e-19
-0.000134877 3.38091e-06 5.16541e-19
-0.000135074 3.31364e-06 5.16543e-19
-0.000135283 3.24326e-06 5.16545e-19
-0.000135505 3.16972e-06 5.16547e-19
-0.000135741 3.09297e-06 5.1655e-19
-0.00013599 3.01303e-06 5.16552e-19
-0.000136255 2.9299e-06 5.16554e-19
-0.000136533 2.84359e-06 5.16557e-19
-0.000136827 2.75413e-06 5.16559e-19
-0.000137135 2.66156e-06 5.16562e-19
-0.000137458 2.56588e-06 5.16565e-19
-0.000137797 2.46682e-06 5.16568e-19
-0.000138155 2.36395e-06 5.16571e-19
-0.000138532 2.25687e-06 5.16574e-19
-0.000138929 2.14532e-06 5.16577e-19
-0.000139348 2.02915e-06 5.16581e-19
-0.000139788 1.90837e-06 5.16584e-19
-0.000140248 1.78303e-06 5.16588e-19
-0.000140727 1.65319e-06 5.16592e-19
-0.000141225 1.51878e-06 5.16596e-19
-0.000141742 1.37965e-06 5.166e-19
-0.000142279 1.23571e-06 5.16604e-19
-0.000142833 1.08695e-06 5.16609e-19
-0.000143403 9.33647e-07 5.16613e-19
-0.000143988 7.76254e-07 5.16618e-19
-0.000144582 6.15234e-07 5.16623e-19
-0.000145185 4.51024e-07 5.16627e-19
-0.000145793 2.83966e-07 5.16632e-19
-0.000146405 1.14336e-07 5.16637e-19
-0.000147019 -5.76349e-08 5.16642e-19
-0.000147634 -2.31722e-07 5.16647e-19
-0.000148249 -4.07689e-07 5.16653e-19
-0.000148861 -5.85292e-07 5.16658e-19
-0.00014947 -7.64334e-07 5.16663e-19
-0.000150075 -9.44687e-07 5.16668e-19
-0.000150677 -1.12627e-06 5.16674e-19
-0.000151273 -1.30908e-06 5.16679e-19
-0.000151867 -1.49316e-06 5.16684e-19
-0.000152457 -1.67857e-06 5.1669e-19
-0.000153044 -1.86537e-06 5.16695e-19
-0.000153625 -2.0532e-06 5.167e-19
-0.000154205 -2.24244e-06 5.16706e-19
-0.000154784 -2.43331e-06 5.16711e-19
-0.000155363 -2.62565e-06 5.16717e-19
-0.000155942 -2.8195e-06 5.16723e-19
-0.000156522 -3.01473e-06 5.16728e-19
-0.000157102 -3.21139e-06 5.16734e-19
-0.000157685 -3.40949e-06 5.16739e-19
-0.00015827 -3.60919e-06 5.16745e-19
-0.00015886 -3.81059e-06 5.16751e-19
-0.000159454 -4.01374e-06 5.16757e-19
-0.000160054 -4.21854e-06 5.16763e-19
-0.000160657 -4.42476e-06 5.16769e-19
-0.000161264 -4.63214e-06 5.16775e-19
-0.000161873 -4.84041e-06 5.16781e-19
-0.000162483 -5.04929e-06 5.16787e-19
-0.000163094 -5.25851e-06 5.16793e-19
-0.000163704 -5.46777e-06 5.16799e-19
-0.000164311 -5.67677e-06 5.16805e-19
-0.000164915 -5.88525e-06 5.16811e-19
-0.000165514 -6.09295e-06 5.16817e-19
-0.000166108 -6.29962e-06 5.16823e-19
-0.000166694 -6.50505e-06 5.16829e-19
-0.000167273 -6.70916e-06 5.16834e-19
-0.000167845 -6.91197e-06 5.1684e-19
-0.000168409 -7.1135e-06 5.16846e-19
-0.000168966 -7.31384e-06 5.16852e-19
-0.000169516 -7.51316e-06 5.16858e-19
-0.000170061 -7.71171e-06 5.16863e-19
-0.000170602 -7.90977e-06 5.16869e-19
-0.000171139 -8.10751e-06 5.16875e-19
-0.000171672 -8.30485e-06 5.1688e-19
-0.0001722 -8.50156e-06 5.16886e-19
-0.000172722 -8.69739e-06 5.16892e-19
-0.000173236 -8.89227e-06 5.16897e-19
-0.000173745 -9.08643e-06 5.16903e-19
-0.000174251 -9.28036e-06 5.16908e-19
-0.000174755 -9.47459e-06 5.16914e-19
-0.000175262 -9.66968e-06 5.16919e-19
-0.000175773 -9.86629e-06 5.16925e-19
-0.000176294 -1.00651e-05 5.16931e-19
-0.000176826 -1.02669e-05 5.16937e-19
-0.000177373 -1.04722e-05 5.16942e-19
-0.000177938 -1.06814e-05 5.16948e-19
-0.000178522 -1.08948e-05 5.16955e-19
-0.000179125 -1.11127e-05 5.16961e-19
-0.000179748 -1.1335e-05 5.16967e-19
-0.000180391 -1.15614e-05 5.16974e-19
-0.000181049 -1.17913e-05 5.16981e-19
-0.00018172 -1.20241e-05 5.16987e-19
-0.000182402 -1.22591e-05 5.16994e-19
-0.00018309 -1.24955e-05 5.17001e-19
-0.000183783 -1.2733e-05 5.17008e-19
-0.000184477 -1.29707e-05 5.17015e-19
-0.000185171 -1.32083e-05 5.17022e-19
-0.000185862 -1.34453e-05 5.17028e-19
-0.00018655 -1.36816e-05 5.17035e-19
-0.000187234 -1.39169e-05 5.17042e-19
-0.000187912 -1.4151e-05 5.17049e-19
-0.000188585 -1.43838e-05 5.17056e-19
-0.00018925 -1.46149e-05 5.17062e-19
-0.000189907 -1.48442e-05 5.17069e-19
-0.000190554 -1.50714e-05 5.17075e-19
-0.000191192 -1.52964e-05 5.17082e-19
-0.000191819 -1.55191e-05 5.17088e-19
-0.000192436 -1.57395e-05 5.17095e-19
-0.000193042 -1.59575e-05 5.17101e-19
-0.000193637 -1.6173e-05 5.17107e-19
-0.000194219 -1.63858e-05 5.17113e-19
-0.000194789 -1.65959e-05 5.17119e-19
-0.000195347 -1.68033e-05 5.17125e-19
-0.000195893 -1.7008e-05 5.17131e-19
-0.000196428 -1.72104e-05 5.17137e-19
-0.000196952 -1.74108e-05 5.17143e-19
-0.000197469 -1.76093e-05 5.17149e-19
-0.000197978 -1.7806e-05 5.17154e-19
-0.000198478 -1.80008e-05 5.1716e-19
-0.00019897 -1.81937e-05 5.17165e-19
-0.000199455 -1.83847e-05 5.17171e-19
-0.000199932 -1.8574e-05 5.17176e-19
-0.000200403 -1.87618e-05 5.17181e-19
-0.000200871 -1.89485e-05 5.17187e-19
-0.000201337 -1.91345e-05 5.17192e-19
-0.000201802 -1.93199e-05 5.17197e-19
-0.000202269 -1.9505e-05 5.17203e-19
-0.000202737 -1.96901e-05 5.17208e-19
-0.000203208 -1.98753e-05 5.17213e-19
-0.000203684 -2.00607e-05 5.17218e-19
-0.000204165 -2.02466e-05 5.17224e-19
-0.000204652 -2.04329e-05 5.17229e-19
-0.000205145 -2.06197e-05 5.17234e-19
-0.000205645 -2.0807e-05 5.1724e-19
-0.000206151 -2.09946e-05 5.17245e-19
-0.000206663 -2.11824e-05 5.1725e-19
-0.00020718 -2.13702e-05 5.17256e-19
-0.000207703 -2.1558e-05 5.17261e-19
-0.000208232 -2.17458e-05 5.17267e-19
-0.000208764 -2.19332e-05 5.17272e-19
-0.000209301 -2.21201e-05 5.17277e-19
-0.000209845 -2.23071e-05 5.17283e-19
-0.000210396 -2.24942e-05 5.17288e-19
-0.000210956 -2.26816e-05 5.17294e-19
-0.000211525 -2.28693e-05 5.17299e-19
-0.000212102 -2.30573e-05 5.17304e-19
-0.000212688 -2.32455e-05 5.1731e-19
-0.000213282 -2.34338e-05 5.17315e-19
-0.000213884 -2.36221e-05 5.17321e-19
-0.000214491 -2.381e-05 5.17326e-19
-0.000215104 -2.39974e-05 5.17332e-19
-0.000215721 -2.41841e-05 5.17337e-19
-0.00021634 -2.43697e-05 5.17343e-19
-0.00021696 -2.45542e-05 5.17348e-19
-0.000217581 -2.47372e-05 5.17353e-19
-0.0002182 -2.49183e-05 5.17359e-19
-0.000218815 -2.50972e-05 5.17364e-19
-0.000219423 -2.52732e-05 5.17369e-19
-0.00022002 -2.54457e-05 5.17374e-19
-0.000220602 -2.56138e-05 5.17379e-19
-0.000221166 -2.57767e-05 5.17384e-19
-0.000221707 -2.59338e-05 5.17388e-19
-0.000222222 -2.60841e-05 5.17393e-19
-0.000222707 -2.62271e-05 5.17397e-19
-0.000223158 -2.63618e-05 5.17401e-19
-0.000223572 -2.64877e-05 5.17405e-19
-0.000223946 -2.6604e-05 5.17408e-19
-0.000224276 -2.67101e-05 5.17411e-19
-0.00022456 -2.68054e-05 5.17414e-19
-0.000224798 -2.68899e-05 5.17416e-19
-0.000224991 -2.69635e-05 5.17418e-19
-0.000225138 -2.70266e-05 5.1742e-19
-0.000225242 -2.70794e-05 5.17422e-19
-0.000225305 -2.7122e-05 5.17423e-19
-0.000225327 -2.71549e-05 5.17424e-19
-0.000225311 -2.71783e-05 5.17424e-19
-0.000225259 -2.71925e-05 5.17425e-19
-0.000225171 -2.71977e-05 5.17425e-19
-0.000225048 -2.71937e-05 5.17424e-19
-0.00022489 -2.71807e-05 5.17424e-19
-0.000224698 -2.71587e-05 5.17423e-19
-0.000224474 -2.71279e-05 5.17422e-19
-0.000224218 -2.70886e-05 5.17421e-19
-0.000223934 -2.70411e-05 5.17419e-19
-0.000223623 -2.69858e-05 5.17418e-19
-0.000223289 -2.69234e-05 5.17416e-19
-0.000222936 -2.68549e-05 5.17414e-19
-0.00022257 -2.67811e-05 5.17411e-19
-0.000222194 -2.67028e-05 5.17409e-19
-0.000221811 -2.66205e-05 5.17407e-19
-0.00022142 -2.65341e-05 5.17404e-19
-0.000221022 -2.64439e-05 5.17401e-19
-0.000220618 -2.63497e-05 5.17398e-19
-0.000220208 -2.62517e-05 5.17396e-19
-0.000219792 -2.615e-05 5.17393e-19
-0.000219371 -2.60447e-05 5.17389e-19
-0.000218945 -2.59359e-05 5.17386e-19
-0.000218517 -2.58242e-05 5.17383e-19
-0.00021809 -2.57102e-05 5.1738e-19
-0.000217668 -2.55948e-05 5.17376e-19
-0.000217252 -2.54785e-05 5.17373e-19
-0.000216847 -2.53619e-05 5.17369e-19
-0.000216453 -2.52454e-05 5.17366e-19
-0.000216072 -2.51297e-05 5.17363e-19
-0.000215706 -2.50149e-05 5.17359e-19
-0.000215355 -2.49011e-05 5.17356e-19
-0.000215018 -2.47884e-05 5.17353e-19
-0.000214695 -2.46766e-05 5.1735e-19
-0.000214384 -2.45655e-05 5.17347e-19
-0.000214084 -2.4455e-05 5.17343e-19
-0.000213792 -2.43445e-05 5.1734e-19
-0.000213508 -2.42338e-05 5.17337e-19
-0.000213227 -2.41226e-05 5.17334e-19
-0.000212951 -2.40105e-05 5.17331e-19
-0.000212676 -2.38975e-05 5.17328e-19
-0.000212402 -2.37831e-05 5.17325e-19
-0.000212127 -2.36674e-05 5.17321e-19
-0.00021185 -2.35499e-05 5.17318e-19
-0.00021157 -2.34304e-05 5.17315e-19
-0.000211284 -2.33086e-05 5.17311e-19
-0.000210991 -2.31842e-05 5.17308e-19
-0.000210689 -2.30569e-05 5.17304e-19
-0.000210377 -2.29261e-05 5.173e-19
-0.00021005 -2.27914e-05 5.17296e-19
-0.000209709 -2.26523e-05 5.17293e-19
-0.000209349 -2.25084e-05 5.17288e-19
-0.000208969 -2.23593e-05 5.17284e-19
-0.000208567 -2.22044e-05 5.1728e-19
-0.000208141 -2.20435e-05 5.17275e-19
-0.000207692 -2.18764e-05 5.1727e-19
-0.000207217 -2.17031e-05 5.17265e-19
-0.000206717 -2.15233e-05 5.1726e-19
-0.000206192 -2.13371e-05 5.17255e-19
-0.000205642 -2.11444e-05 5.17249e-19
-0.000205065 -2.09452e-05 5.17243e-19
-0.000204463 -2.07393e-05 5.17237e-19
-0.000203835 -2.05268e-05 5.17231e-19
-0.000203183 -2.03081e-05 5.17225e-19
-0.000202511 -2.0084e-05 5.17218e-19
-0.000201821 -1.98549e-05 5.17212e-19
-0.000201118 -1.96217e-05 5.17205e-19
-0.000200404 -1.93851e-05 5.17198e-19
-0.000199684 -1.91461e-05 5.17191e-19
-0.000198963 -1.89055e-05 5.17184e-19
-0.000198244 -1.86641e-05 5.17177e-19
-0.000197531 -1.84229e-05 5.1717e-19
-0.000196828 -1.81824e-05 5.17163e-19
-0.000196137 -1.79434e-05 5.17156e-19
-0.000195462 -1.77065e-05 5.17149e-19
-0.000194804 -1.74721e-05 5.17143e-19
-0.000194165 -1.72406e-05 5.17136e-19
-0.000193547 -1.70124e-05 5.17129e-19
-0.00019295 -1.67877e-05 5.17123e-19
-0.000192373 -1.65665e-05 5.17117e-19
-0.000191817 -1.63488e-05 5.1711e-19
-0.000191278 -1.61343e-05 5.17104e-19
-0.000190759 -1.5923e-05 5.17098e-19
-0.000190257 -1.57147e-05 5.17092e-19
-0.000189773 -1.55096e-05 5.17086e-19
-0.000189306 -1.53075e-05 5.17081e-19
-0.000188855 -1.51085e-05 5.17075e-19
-0.000188421 -1.49124e-05 5.17069e-19
-0.000188 -1.47189e-05 5.17064e-19
-0.000187592 -1.45275e-05 5.17058e-19
-0.000187194 -1.43382e-05 5.17053e-19
-0.000186806 -1.41508e-05 5.17048e-19
-0.000186429 -1.39654e-05 5.17043e-19
-0.000186063 -1.37822e-05 5.17037e-19
-0.000185708 -1.36011e-05 5.17032e-19
-0.000185362 -1.34219e-05 5.17027e-19
-0.000185022 -1.3244e-05 5.17022e-19
-0.000184686 -1.30669e-05 5.17017e-19
-0.000184351 -1.28901e-05 5.17012e-19
-0.000184013 -1.27128e-05 5.17007e-19
-0.000183671 -1.25346e-05 5.17002e-19
-0.00018332 -1.23547e-05 5.16997e-19
-0.000182957 -1.21725e-05 5.16992e-19
-0.000182577 -1.19867e-05 5.16987e-19
-0.000182173 -1.17961e-05 5.16982e-19
-0.000181738 -1.15992e-05 5.16976e-19
-0.000181267 -1.13951e-05 5.1697e-19
-0.000180757 -1.11831e-05 5.16964e-19
-0.000180207 -1.0963e-05 5.16958e-19
-0.000179617 -1.07345e-05 5.16951e-19
-0.000178985 -1.04978e-05 5.16945e-19
-0.000178312 -1.02526e-05 5.16937e-19
-0.000177598 -9.99922e-06 5.1693e-19
-0.000176843 -9.73768e-06 5.16923e-19
-0.000176049 -9.46818e-06 5.16915e-19
-0.000175217 -9.19099e-06 5.16907e-19
-0.000174347 -8.90641e-06 5.16899e-19
-0.000173442 -8.61479e-06 5.1689e-19
-0.000172504 -8.31654e-06 5.16881e-19
-0.000171535 -8.01215e-06 5.16873e-19
-0.000170536 -7.70216e-06 5.16864e-19
-0.000169512 -7.38714e-06 5.16854e-19
-0.000168465 -7.06766e-06 5.16845e-19
-0.000167396 -6.74428e-06 5.16836e-19
-0.00016631 -6.41751e-06 5.16826e-19
-0.000165207 -6.08791e-06 5.16816e-19
-0.000164091 -5.75603e-06 5.16807e-19
-0.000162965 -5.42248e-06 5.16797e-19
-0.000161832 -5.08793e-06 5.16787e-19
-0.000160694 -4.75301e-06 5.16777e-19
-0.000159555 -4.41838e-06 5.16768e-19
-0.000158418 -4.0847e-06 5.16758e-19
-0.000157285 -3.75258e-06 5.16748e-19
-0.000156161 -3.42266e-06 5.16739e-19
-0.000155047 -3.09558e-06 5.16729e-19
-0.000153947 -2.77202e-06 5.1672e-19
-0.000152865 -2.45267e-06 5.1671e-19
-0.000151803 -2.13822e-06 5.16701e-19
-0.000150764 -1.82932e-06 5.16692e-19
-0.000149753 -1.52664e-06 5.16683e-19
-0.000148771 -1.23081e-06 5.16675e-19
-0.000147821 -9.42436e-07 5.16666e-19
-0.000146907 -6.62083e-07 5.16658e-19
-0.000146031 -3.90306e-07 5.1665e-19
-0.000145189 -1.27099e-07 5.16643e-19
-0.000144389 1.26655e-07 5.16635e-19
-0.000143633 3.70399e-07 5.16628e-19
-0.000142921 6.04283e-07 5.16622e-19
-0.000142252 8.28324e-07 5.16615e-19
-0.000141624 1.04289e-06 5.16609e-19
-0.000141037 1.24817e-06 5.16603e-19
-0.000140488 1.44444e-06 5.16597e-19
-0.000139976 1.63189e-06 5.16592e-19
-0.000139501 1.81079e-06 5.16587e-19
-0.00013906 1.98146e-06 5.16582e-19
-0.00013865 2.14447e-06 5.16578e-19
-0.000138268 2.30046e-06 5.16573e-19
-0.00013791 2.45015e-06 5.16569e-19
-0.000137573 2.5942e-06 5.16565e-19
-0.000137253 2.73316e-06 5.16561e-19
-0.000136948 2.86749e-06 5.16557e-19
-0.000136657 2.99763e-06 5.16554e-19
-0.000136375 3.12407e-06 5.1655e-19
-0.000136101 3.24741e-06 5.16547e-19
-0.00013583 3.36831e-06 5.16543e-19
-0.000135559 3.4874e-06 5.1654e-19
-0.000135286 3.60532e-06 5.16536e-19
-0.000135006 3.72273e-06 5.16533e-19
-0.000134716 3.8403e-06 5.1653e-19
-0.000134414 3.95864e-06 5.16526e-19
-0.000134097 4.07828e-06 5.16523e-19
-0.000133763 4.19967e-06 5.16519e-19
-0.000133409 4.32317e-06 5.16516e-19
-0.000133035 4.44906e-06 5.16512e-19
-0.00013264 4.57749e-06 5.16508e-19
-0.000132238 4.70642e-06 5.16505e-19
-0.000131822 4.83689e-06 5.16501e-19
-0.000131385 4.96952e-06 5.16497e-19
-0.000130937 5.10316e-06 5.16493e-19
-0.000130474 5.23795e-06 5.16489e-19
-0.000130002 5.37327e-06 5.16485e-19
-0.000129521 5.50901e-06 5.16481e-19
-0.000129033 5.64462e-06 5.16477e-19
-0.000128542 5.77965e-06 5.16473e-19
-0.00012805 5.91343e-06 5.16469e-19
-0.000127562 6.04535e-06 5.16465e-19
-0.00012708 6.17476e-06 5.16461e-19
-0.000126608 6.30111e-06 5.16458e-19
-0.000126149 6.42388e-06 5.16454e-19
-0.000125705 6.54259e-06 5.1645e-19
-0.000125278 6.65675e-06 5.16447e-19
-0.000124873 6.76578e-06 5.16444e-19
-0.000124491 6.86909e-06 5.16441e-19
-0.000124136 6.96615e-06 5.16438e-19
-0.000123811 7.05637e-06 5.16435e-19
-0.000123519 7.13908e-06 5.16433e-19
-0.000123264 7.21358e-06 5.1643e-19
-0.000123048 7.2792e-06 5.16428e-19
-0.000122875 7.33538e-06 5.16427e-19
-0.000122746 7.38169e-06 5.16425e-19
-0.000122663 7.4178e-06 5.16424e-19
-0.000122628 7.44348e-06 5.16424e-19
-0.000122639 7.45859e-06 5.16423e-19
-0.000122699 7.46308e-06 5.16423e-19
-0.000122805 7.45701e-06 5.16423e-19
-0.000122957 7.4405e-06 5.16424e-19
-0.000123154 7.41382e-06 5.16425e-19
-0.000123392 7.37754e-06 5.16426e-19
-0.000123667 7.33238e-06 5.16428e-19
-0.000123976 7.27916e-06 5.16429e-19
-0.000124314 7.21871e-06 5.16431e-19
-0.000124677 7.15192e-06 5.16433e-19
-0.000125059 7.07967e-06 5.16435e-19
-0.000125456 7.00286e-06 5.16438e-19
-0.000125864 6.92244e-06 5.1644e-19
-0.000126277 6.83948e-06 5.16443e-19
-0.000126688 6.75509e-06 5.16445e-19
-0.000127094 6.67038e-06 5.16448e-19
-0.000127489 6.58636e-06 5.16451e-19
-0.000127868 6.50384e-06 5.16453e-19
-0.000128228 6.42351e-06 5.16456e-19
-0.000128567 6.34597e-06 5.16458e-19
-0.000128883 6.27167e-06 5.1646e-19
-0.000129173 6.20083e-06 5.16462e-19
-0.000129438 6.13347e-06 5.16464e-19
-0.000129679 6.06954e-06 5.16466e-19
-0.000129896 6.00886e-06 5.16468e-19
-0.000130091 5.95105e-06 5.1647e-19
-0.000130267 5.89559e-06 5.16471e-19
-0.000130426 5.84188e-06 5.16473e-19
-0.000130572 5.78935e-06 5.16474e-19
-0.000130707 5.73744e-06 5.16476e-19
-0.000130833 5.68562e-06 5.16477e-19
-0.000130955 5.63337e-06 5.16479e-19
-0.000131072 5.58018e-06 5.1648e-19
-0.000131189 5.52565e-06 5.16482e-19
-0.000131306 5.46944e-06 5.16483e-19
-0.000131425 5.41122e-06 5.16485e-19
-0.000131547 5.35066e-06 5.16487e-19
-0.000131674 5.2875e-06 5.16488e-19
-0.000131806 5.22148e-06 5.1649e-19
-0.000131946 5.15234e-06 5.16492e-19
-0.000132093 5.07978e-06 5.16494e-19
-0.000132251 5.0034e-06 5.16496e-19
-0.000132421 4.9227e-06 5.16499e-19
-0.000132605 4.83718e-06 5.16501e-19
-0.000132805 4.74642e-06 5.16504e-19
-0.000133039 4.64797e-06 5.16506e-19
-0.000133295 4.54309e-06 5.16509e-19
-0.000133569 4.43261e-06 5.16513e-19
-0.000133866 4.31558e-06 5.16516e-19
-0.000134183 4.19242e-06 5.16519e-19
-0.000134523 4.06261e-06 5.16523e-19
-0.000134885 3.92634e-06 5.16527e-19
-0.000135271 3.78338e-06 5.16531e-19
-0.000135678 3.63413e-06 5.16535e-19
-0.000136105 3.47889e-06 5.1654e-19
-0.00013655 3.31814e-06 5.16544e-19
-0.000137013 3.15213e-06 5.16549e-19
-0.000137494 2.98088e-06 5.16554e-19
-0.000137993 2.80414e-06 5.16559e-19
-0.000138512 2.62171e-06 5.16564e-19
-0.000139053 2.43347e-06 5.1657e-19
-0.000139614 2.23975e-06 5.16575e-19
-0.000140193 2.04108e-06 5.16581e-19
-0.000140787 1.83809e-06 5.16587e-19
-0.000141394 1.6313e-06 5.16593e-19
-0.000142014 1.42103e-06 5.16599e-19
-0.000142645 1.20747e-06 5.16605e-19
-0.000143288 9.90807e-07 5.16611e-19
-0.000143942 7.71243e-07 5.16618e-19
-0.000144605 5.49021e-07 5.16624e-19
-0.000145278 3.24407e-07 5.16631e-19
-0.000145958 9.77064e-08 5.16637e-19
-0.000146647 -1.30965e-07 5.16644e-19
-0.000147344 -3.61922e-07 5.1665e-19
-0.000148055 -5.95792e-07 5.16657e-19
-0.00014878 -8.33197e-07 5.16664e-19
-0.000149524 -1.07469e-06 5.16671e-19
-0.000150285 -1.32039e-06 5.16678e-19
-0.000151066 -1.57079e-06 5.16685e-19
-0.00015187 -1.8265e-06 5.16693e-19
-0.000152698 -2.08767e-06 5.16701e-19
-0.000153551 -2.35435e-06 5.16708e-19
-0.000154426 -2.62639e-06 5.16716e-19
-0.000155324 -2.90359e-06 5.16724e-19
-0.000156241 -3.18568e-06 5.16733e-19
-0.000157176 -3.47232e-06 5.16741e-19
-0.000158126 -3.76308e-06 5.16749e-19
-0.000159089 -4.05752e-06 5.16758e-19
-0.000160061 -4.35506e-06 5.16767e-19
-0.000161037 -4.65472e-06 5.16776e-19
-0.000162011 -4.95535e-06 5.16784e-19
-0.000162978 -5.25576e-06 5.16793e-19
-0.000163931 -5.55493e-06 5.16802e-19
-0.000164867 -5.85214e-06 5.1681e-19
-0.000165784 -6.1469e-06 5.16819e-19
-0.00016668 -6.43882e-06 5.16827e-19
-0.000167552 -6.72754e-06 5.16836e-19
-0.000168399 -7.01257e-06 5.16844e-19
-0.000169218 -7.29338e-06 5.16852e-19
-0.000170006 -7.56955e-06 5.1686e-19
-0.000170765 -7.84078e-06 5.16868e-19
-0.000171492 -8.10703e-06 5.16876e-19
-0.00017219 -8.36843e-06 5.16883e-19
-0.000172861 -8.62522e-06 5.1689e-19
-0.000173505 -8.87764e-06 5.16898e-19
-0.000174125 -9.12581e-06 5.16905e-19
-0.000174722 -9.36979e-06 5.16912e-19
-0.000175296 -9.60967e-06 5.16918e-19
-0.00017585 -9.84563e-06 5.16925e-19
-0.000176385 -1.0078e-05 5.16932e-19
-0.000176905 -1.03071e-05 5.16938e-19
-0.000177413 -1.05334e-05 5.16944e-19
-0.000177911 -1.07574e-05 5.16951e-19
-0.000178401 -1.09792e-05 5.16957e-19
-0.000178887 -1.11994e-05 5.16963e-19
-0.00017937 -1.14182e-05 5.16969e-19
-0.000179853 -1.16359e-05 5.16975e-19
-0.000180339 -1.18533e-05 5.16982e-19
-0.000180835 -1.20713e-05 5.16988e-19
-0.000181343 -1.22907e-05 5.16994e-19
-0.000181867 -1.25123e-05 5.17e-19
-0.000182413 -1.2737e-05 5.17007e-19
-0.000182984 -1.29654e-05 5.17013e-19
-0.000183583 -1.31983e-05 5.1702e-19
-0.000184213 -1.34363e-05 5.17027e-19
-0.000184876 -1.36798e-05 5.17034e-19
-0.000185573 -1.39292e-05 5.17041e-19
-0.000186305 -1.41848e-05 5.17048e-19
-0.000187071 -1.44465e-05 5.17056e-19
-0.00018787 -1.47137e-05 5.17064e-19
-0.000188695 -1.49857e-05 5.17072e-19
-0.000189542 -1.52615e-05 5.1708e-19
-0.000190405 -1.55401e-05 5.17088e-19
-0.000191281 -1.58206e-05 5.17096e-19
-0.000192164 -1.61023e-05 5.17104e-19
-0.00019305 -1.63842e-05 5.17112e-19
-0.000193936 -1.66657e-05 5.17121e-19
-0.000194816 -1.69462e-05 5.17129e-19
-0.000195688 -1.72251e-05 5.17137e-19
-0.000196551 -1.75019e-05 5.17145e-19
-0.000197402 -1.77763e-05 5.17153e-19
-0.00019824 -1.8048e-05 5.17161e-19
-0.000199065 -1.83171e-05 5.17169e-19
-0.000199877 -1.85835e-05 5.17176e-19
-0.000200676 -1.88472e-05 5.17184e-19
-0.000201462 -1.91079e-05 5.17192e-19
-0.000202232 -1.93655e-05 5.17199e-19
-0.000202987 -1.96197e-05 5.17206e-19
-0.000203725 -1.98702e-05 5.17214e-19
-0.000204446 -2.01167e-05 5.17221e-19
-0.000205148 -2.03589e-05 5.17228e-19
-0.00020583 -2.05964e-05 5.17235e-19
-0.000206491 -2.0829e-05 5.17241e-19
-0.000207132 -2.10565e-05 5.17248e-19
-0.000207752 -2.1279e-05 5.17254e-19
-0.000208353 -2.14963e-05 5.17261e-19
-0.000208934 -2.17086e-05 5.17267e-19
-0.000209498 -2.1916e-05 5.17273e-19
-0.000210043 -2.2118e-05 5.17278e-19
-0.00021057 -2.2315e-05 5.17284e-19
-0.000211083 -2.25078e-05 5.1729e-19
-0.000211585 -2.26965e-05 5.17295e-19
-0.000212077 -2.28818e-05 5.173e-19
-0.000212562 -2.30639e-05 5.17305e-19
-0.000213042 -2.32432e-05 5.17311e-19
-0.000213513 -2.34194e-05 5.17316e-19
-0.000213975 -2.35918e-05 5.17321e-19
-0.000214424 -2.37599e-05 5.17325e-19
-0.000214857 -2.3923e-05 5.1733e-19
-0.000215274 -2.40811e-05 5.17335e-19
-0.000215675 -2.42343e-05 5.17339e-19
-0.000216061 -2.43828e-05 5.17343e-19
-0.000216433 -2.4527e-05 5.17347e-19
-0.000216793 -2.46672e-05 5.17351e-19
-0.000217144 -2.48041e-05 5.17355e-19
-0.00021749 -2.49385e-05 5.17359e-19
-0.000217833 -2.50709e-05 5.17363e-19
-0.000218177 -2.52024e-05 5.17367e-19
-0.000218527 -2.53338e-05 5.1737e-19
-0.000218886 -2.54661e-05 5.17374e-19
-0.00021926 -2.56002e-05 5.17378e-19
-0.000219652 -2.57369e-05 5.17382e-19
-0.000220067 -2.58773e-05 5.17386e-19
-0.000220507 -2.60222e-05 5.1739e-19
-0.000220979 -2.61723e-05 5.17394e-19
-0.000221483 -2.63283e-05 5.17399e-19
-0.000222022 -2.64907e-05 5.17404e-19
-0.0002226 -2.66601e-05 5.17409e-19
-0.000223216 -2.68367e-05 5.17414e-19
-0.000223874 -2.7021e-05 5.17419e-19
-0.000224573 -2.72129e-05 5.17425e-19
-0.000225313 -2.74128e-05 5.17431e-19
-0.000226096 -2.76206e-05 5.17437e-19
-0.000226919 -2.78361e-05 5.17443e-19
-0.000227782 -2.80589e-05 5.1745e-19
-0.000228681 -2.82887e-05 5.17457e-19
-0.000229614 -2.85248e-05 5.17464e-19
-0.000230576 -2.87664e-05 5.17471e-19
-0.000231562 -2.90122e-05 5.17478e-19
-0.000232564 -2.9261e-05 5.17486e-19
-0.000233579 -2.95116e-05 5.17493e-19
-0.000234598 -2.97627e-05 5.175e-19
-0.000235618 -3.00135e-05 5.17508e-19
-0.000236633 -3.02628e-05 5.17515e-19
-0.000237639 -3.05098e-05 5.17523e-19
-0.000238631 -3.07535e-05 5.1753e-19
-0.000239605 -3.09931e-05 5.17537e-19
-0.000240558 -3.12279e-05 5.17544e-19
-0.000241484 -3.14571e-05 5.17551e-19
-0.00024238 -3.16797e-05 5.17557e-19
-0.00024324 -3.18946e-05 5.17564e-19
-0.00024406 -3.21009e-05 5.1757e-19
-0.000244834 -3.22975e-05 5.17576e-19
-0.000245558 -3.24837e-05 5.17581e-19
-0.000246229 -3.26584e-05 5.17586e-19
-0.000246841 -3.28209e-05 5.17591e-19
-0.000247394 -3.29707e-05 5.17595e-19
-0.000247887 -3.3108e-05 5.17599e-19
-0.000248323 -3.32333e-05 5.17603e-19
-0.000248705 -3.33471e-05 5.17606e-19
-0.000249036 -3.345e-05 5.17609e-19
-0.000249316 -3.35422e-05 5.17612e-19
-0.000249547 -3.36238e-05 5.17614e-19
-0.000249728 -3.36946e-05 5.17616e-19
-0.000249861 -3.37551e-05 5.17618e-19
-0.000249949 -3.38058e-05 5.17619e-19
-0.000249997 -3.38476e-05 5.1762e-19
-0.00025001 -3.38816e-05 5.17621e-19
-0.000249992 -3.39085e-05 5.17622e-19
-0.000249945 -3.39289e-05 5.17622e-19
-0.000249872 -3.3943e-05 5.17623e-19
-0.000249773 -3.3951e-05 5.17623e-19
-0.00024965 -3.39531e-05 5.17623e-19
-0.000249508 -3.39501e-05 5.17622e-19
-0.000249349 -3.39429e-05 5.17622e-19
-0.00024918 -3.39325e-05 5.17622e-19
-0.000249005 -3.39196e-05 5.17621e-19
-0.000248825 -3.39047e-05 5.17621e-19
-0.000248643 -3.38881e-05 5.1762e-19
-0.00024846 -3.38699e-05 5.17619e-19
-0.000248277 -3.38504e-05 5.17619e-19
-0.000248094 -3.38297e-05 5.17618e-19
-0.000247913 -3.38078e-05 5.17617e-19
-0.000247733 -3.37848e-05 5.17616e-19
-0.000247556 -3.37608e-05 5.17616e-19
-0.000247382 -3.3736e-05 5.17615e-19
-0.000247214 -3.37108e-05 5.17614e-19
-0.000247053 -3.36856e-05 5.17613e-19
-0.000246901 -3.36605e-05 5.17613e-19
-0.000246756 -3.36354e-05 5.17612e-19
-0.000246617 -3.36098e-05 5.17611e-19
-0.000246481 -3.35834e-05 5.1761e-19
-0.000246345 -3.35554e-05 5.17609e-19
-0.000246208 -3.35253e-05 5.17609e-19
-0.000246065 -3.34926e-05 5.17608e-19
-0.000245914 -3.34565e-05 5.17607e-19
-0.000245751 -3.34162e-05 5.17605e-19
-0.000245571 -3.3371e-05 5.17604e-19
-0.00024537 -3.33196e-05 5.17603e-19
-0.000245141 -3.3261e-05 5.17601e-19
-0.000244881 -3.31942e-05 5.17599e-19
-0.000244587 -3.31188e-05 5.17597e-19
-0.000244256 -3.30344e-05 5.17595e-19
-0.000243889 -3.29408e-05 5.17592e-19
-0.000243484 -3.28377e-05 5.17589e-19
-0.000243039 -3.27247e-05 5.17586e-19
-0.000242552 -3.26016e-05 5.17582e-19
-0.000242021 -3.24677e-05 5.17578e-19
-0.000241445 -3.2323e-05 5.17574e-19
-0.000240825 -3.21676e-05 5.17569e-19
-0.000240163 -3.20018e-05 5.17564e-19
-0.00023946 -3.18262e-05 5.17559e-19
-0.000238719 -3.1641e-05 5.17554e-19
-0.00023794 -3.14464e-05 5.17548e-19
-0.000237122 -3.12421e-05 5.17542e-19
-0.000236264 -3.10278e-05 5.17536e-19
-0.000235365 -3.08035e-05 5.17529e-19
-0.000234425 -3.0569e-05 5.17522e-19
-0.000233445 -3.03245e-05 5.17515e-19
-0.000232425 -3.007e-05 5.17507e-19
-0.000231366 -2.98057e-05 5.175e-19
-0.000230267 -2.95311e-05 5.17491e-19
-0.000229127 -2.92461e-05 5.17483e-19
-0.000227943 -2.89501e-05 5.17474e-19
-0.000226715 -2.86431e-05 5.17465e-19
-0.000225446 -2.83253e-05 5.17456e-19
-0.000224139 -2.79975e-05 5.17446e-19
-0.000222799 -2.76604e-05 5.17436e-19
-0.000221429 -2.73151e-05 5.17426e-19
-0.000220037 -2.69626e-05 5.17415e-19
-0.00021863 -2.66046e-05 5.17405e-19
-0.000217216 -2.62426e-05 5.17394e-19
-0.000215803 -2.58782e-05 5.17383e-19
-0.0002144 -2.55132e-05 5.17372e-19
-0.000213017 -2.51495e-05 5.17362e-19
-0.000211662 -2.4789e-05 5.17351e-19
-0.000210345 -2.44333e-05 5.1734e-19
-0.000209073 -2.40841e-05 5.1733e-19
-0.000207852 -2.37427e-05 5.1732e-19
-0.000206688 -2.34101e-05 5.1731e-19
-0.000205585 -2.30875e-05 5.17301e-19
-0.000204548 -2.27756e-05 5.17292e-19
-0.000203581 -2.24753e-05 5.17283e-19
-0.000202685 -2.2187e-05 5.17275e-19
-0.00020186 -2.19106e-05 5.17267e-19
-0.000201104 -2.16461e-05 5.17259e-19
-0.000200416 -2.13929e-05 5.17252e-19
-0.00019979 -2.11503e-05 5.17245e-19
-0.000199223 -2.09175e-05 5.17238e-19
-0.000198711 -2.06938e-05 5.17232e-19
-0.000198248 -2.04783e-05 5.17226e-19
-0.000197833 -2.02706e-05 5.1722e-19
-0.00019746 -2.00697e-05 5.17215e-19
-0.000197127 -1.98752e-05 5.17209e-19
-0.000196832 -1.96873e-05 5.17204e-19
-0.000196577 -1.95059e-05 5.17199e-19
-0.000196359 -1.93311e-05 5.17194e-19
-0.000196177 -1.91625e-05 5.1719e-19
-0.000196027 -1.89998e-05 5.17185e-19
-0.000195908 -1.88424e-05 5.17181e-19
-0.000195815 -1.86896e-05 5.17177e-19
-0.000195743 -1.85405e-05 5.17173e-19
-0.000195685 -1.83937e-05 5.17169e-19
-0.000195634 -1.8248e-05 5.17165e-19
-0.000195582 -1.81018e-05 5.17161e-19
-0.000195523 -1.79537e-05 5.17157e-19
-0.000195446 -1.78017e-05 5.17153e-19
-0.000195343 -1.76442e-05 5.17149e-19
-0.000195205 -1.74795e-05 5.17144e-19
-0.000195025 -1.7306e-05 5.17139e-19
-0.000194797 -1.71223e-05 5.17134e-19
-0.000194513 -1.69269e-05 5.17129e-19
-0.000194168 -1.67188e-05 5.17123e-19
-0.000193757 -1.6497e-05 5.17117e-19
-0.000193277 -1.6261e-05 5.1711e-19
-0.000192726 -1.60102e-05 5.17103e-19
-0.000192103 -1.57442e-05 5.17095e-19
-0.000191409 -1.54631e-05 5.17087e-19
-0.000190644 -1.51668e-05 5.17078e-19
-0.000189809 -1.48558e-05 5.17069e-19
-0.000188909 -1.45303e-05 5.1706e-19
-0.000187947 -1.41915e-05 5.1705e-19
-0.00018693 -1.38406e-05 5.1704e-19
-0.000185865 -1.34789e-05 5.17029e-19
-0.00018476 -1.31079e-05 5.17018e-19
-0.00018362 -1.27288e-05 5.17007e-19
-0.000182452 -1.23429e-05 5.16996e-19
-0.000181261 -1.19514e-05 5.16985e-19
-0.000180055 -1.15555e-05 5.16973e-19
-0.000178838 -1.11563e-05 5.16962e-19
-0.000177616 -1.07548e-05 5.1695e-19
-0.000176394 -1.03523e-05 5.16938e-19
-0.000175177 -9.94962e-06 5.16926e-19
-0.000173968 -9.54766e-06 5.16915e-19
-0.000172772 -9.14721e-06 5.16903e-19
-0.000171591 -8.74901e-06 5.16892e-19
-0.000170428 -8.35375e-06 5.1688e-19
-0.000169288 -7.96223e-06 5.16869e-19
-0.000168173 -7.57526e-06 5.16858e-19
-0.000167087 -7.19359e-06 5.16847e-19
-0.000166032 -6.81775e-06 5.16836e-19
-0.000165007 -6.44785e-06 5.16825e-19
-0.000164011 -6.0837e-06 5.16815e-19
-0.000163043 -5.72501e-06 5.16804e-19
-0.0001621 -5.37143e-06 5.16794e-19
-0.000161179 -5.02255e-06 5.16784e-19
-0.000160278 -4.67794e-06 5.16774e-19
-0.000159394 -4.33714e-06 5.16765e-19
-0.000158526 -3.99974e-06 5.16755e-19
-0.00015767 -3.66557e-06 5.16746e-19
-0.000156827 -3.33457e-06 5.16736e-19
-0.000155996 -3.00673e-06 5.16727e-19
-0.000155176 -2.68194e-06 5.16718e-19
-0.000154365 -2.35996e-06 5.16709e-19
-0.000153552 -2.03944e-06 5.16699e-19
-0.000152741 -1.72086e-06 5.1669e-19
-0.000151936 -1.40432e-06 5.16681e-19
-0.000151131 -1.08901e-06 5.16672e-19
-0.000150326 -7.74801e-07 5.16664e-19
-0.000149517 -4.60991e-07 5.16655e-19
-0.000148702 -1.47344e-07 5.16646e-19
-0.000147879 1.66653e-07 5.16637e-19
-0.000147047 4.8122e-07 5.16628e-19
-0.000146202 7.96746e-07 5.16619e-19
-0.000145345 1.11336e-06 5.1661e-19
-0.000144475 1.43106e-06 5.16601e-19
-0.000143593 1.74961e-06 5.16592e-19
-0.000142699 2.06878e-06 5.16583e-19
-0.000141793 2.38845e-06 5.16573e-19
-0.000140874 2.70894e-06 5.16564e-19
-0.000139939 3.03078e-06 5.16555e-19
-0.000138985 3.35455e-06 5.16546e-19
-0.000138008 3.68078e-06 5.16536e-19
-0.000137046 4.00429e-06 5.16527e-19
-0.000136068 4.32952e-06 5.16518e-19
-0.00013505 4.66002e-06 5.16508e-19
-0.000134006 4.99379e-06 5.16499e-19
-0.000132925 5.33226e-06 5.16489e-19
-0.000131816 5.67415e-06 5.16479e-19
-0.000130676 6.01971e-06 5.16469e-19
-0.00012951 6.36796e-06 5.16459e-19
-0.00012832 6.71853e-06 5.16448e-19
-0.000127109 7.07038e-06 5.16438e-19
-0.000125882 7.42275e-06 5.16428e-19
-0.000124644 7.77461e-06 5.16418e-19
-0.000123399 8.12516e-06 5.16407e-19
-0.000122151 8.47349e-06 5.16397e-19
-0.000120904 8.81874e-06 5.16387e-19
-0.000119662 9.16002e-06 5.16377e-19
-0.000118431 9.49662e-06 5.16367e-19
-0.000117213 9.82789e-06 5.16357e-19
-0.000116011 1.01532e-05 5.16348e-19
-0.00011483 1.04717e-05 5.16338e-19
-0.000113676 1.07823e-05 5.16329e-19
-0.000112557 1.10835e-05 5.1632e-19
-0.000111478 1.13741e-05 5.16311e-19
-0.000110447 1.16527e-05 5.16303e-19
-0.000109471 1.19179e-05 5.16295e-19
-0.000108556 1.21688e-05 5.16288e-19
-0.000107706 1.24042e-05 5.16281e-19
-0.000106928 1.26232e-05 5.16275e-19
-0.000106225 1.28249e-05 5.16269e-19
-0.000105601 1.30086e-05 5.16263e-19
-0.00010506 1.31739e-05 5.16258e-19
-0.000104603 1.33202e-05 5.16254e-19
-0.000104231 1.34475e-05 5.1625e-19
-0.000103944 1.35558e-05 5.16247e-19
-0.00010374 1.36456e-05 5.16245e-19
-0.000103618 1.37172e-05 5.16243e-19
-0.000103577 1.37707e-05 5.16241e-19
-0.000103613 1.38066e-05 5.1624e-19
-0.000103726 1.38253e-05 5.1624e-19
-0.000103913 1.38273e-05 5.1624e-19
-0.000104169 1.38133e-05 5.16241e-19
-0.00010449 1.37842e-05 5.16242e-19
-0.000104871 1.37409e-05 5.16243e-19
-0.000105305 1.36847e-05 5.16245e-19
-0.000105787 1.36168e-05 5.16247e-19
-0.000106307 1.35389e-05 5.1625e-19
-0.000106856 1.34527e-05 5.16253e-19
-0.000107428 1.33598e-05 5.16256e-19
-0.00010801 1.32622e-05 5.16259e-19
-0.000108595 1.31618e-05 5.16262e-19
-0.000109171 1.30606e-05 5.16265e-19
-0.000109731 1.29602e-05 5.16268e-19
-0.000110268 1.2862e-05 5.16271e-19
-0.000110778 1.27665e-05 5.16274e-19
-0.000111257 1.26747e-05 5.16277e-19
-0.000111703 1.25871e-05 5.1628e-19
-0.000112111 1.25043e-05 5.16282e-19
-0.000112478 1.24272e-05 5.16284e-19
-0.000112802 1.23562e-05 5.16287e-19
-0.000113081 1.22919e-05 5.16288e-19
-0.000113311 1.22347e-05 5.1629e-19
-0.000113493 1.2185e-05 5.16292e-19
-0.000113624 1.2143e-05 5.16293e-19
-0.000113705 1.21089e-05 5.16294e-19
-0.000113736 1.20828e-05 5.16294e-19
-0.000113718 1.20645e-05 5.16295e-19
-0.000113651 1.20539e-05 5.16295e-19
-0.000113539 1.20507e-05 5.16295e-19
-0.000113384 1.20544e-05 5.16295e-19
-0.00011319 1.20642e-05 5.16294e-19
-0.000112962 1.20792e-05 5.16294e-19
-0.000112706 1.20986e-05 5.16293e-19
-0.000112426 1.21213e-05 5.16292e-19
-0.00011213 1.2146e-05 5.16291e-19
-0.000111825 1.21713e-05 5.1629e-19
-0.000111516 1.21961e-05 5.16289e-19
-0.000111209 1.22194e-05 5.16288e-19
-0.000110908 1.22406e-05 5.16287e-19
-0.000110616 1.22588e-05 5.16287e-19
-0.000110337 1.22735e-05 5.16286e-19
-0.000110076 1.22838e-05 5.16285e-19
-0.000109836 1.2289e-05 5.16285e-19
-0.000109622 1.22881e-05 5.16285e-19
-0.000109438 1.22803e-05 5.16285e-19
-0.00010929 1.22645e-05 5.16285e-19
-0.000109184 1.22393e-05 5.16286e-19
-0.000109126 1.22033e-05 5.16287e-19
-0.000109123 1.21553e-05 5.16288e-19
-0.000109179 1.20943e-05 5.1629e-19
-0.000109297 1.20194e-05 5.16292e-19
-0.000109483 1.19298e-05 5.16294e-19
-0.000109737 1.1825e-05 5.16297e-19
-0.000110058 1.17051e-05 5.16301e-19
-0.000110446 1.15705e-05 5.16305e-19
-0.000110895 1.14219e-05 5.16309e-19
-0.000111402 1.126e-05 5.16314e-19
-0.000111964 1.10854e-05 5.16319e-19
-0.000112576 1.08991e-05 5.16324e-19
-0.000113233 1.07017e-05 5.1633e-19
-0.000113932 1.04942e-05 5.16336e-19
-0.000114666 1.02779e-05 5.16343e-19
-0.000115428 1.00541e-05 5.16349e-19
-0.00011621 9.82426e-06 5.16356e-19
-0.000117007 9.58974e-06 5.16363e-19
-0.000117811 9.35198e-06 5.1637e-19
-0.000118615 9.1124e-06 5.16377e-19
-0.000119413 8.87237e-06 5.16384e-19
-0.000120198 8.63313e-06 5.16391e-19
-0.000120967 8.39576e-06 5.16398e-19
-0.000121713 8.16116e-06 5.16405e-19
-0.000122435 7.93014e-06 5.16412e-19
-0.000123129 7.70332e-06 5.16418e-19
-0.000123794 7.48095e-06 5.16425e-19
-0.00012443 7.26301e-06 5.16431e-19
-0.000125039 7.0494e-06 5.16437e-19
-0.000125621 6.84001e-06 5.16443e-19
-0.000126176 6.63493e-06 5.16449e-19
-0.000126704 6.43431e-06 5.16455e-19
-0.000127204 6.23828e-06 5.1646e-19
-0.000127677 6.04688e-06 5.16466e-19
-0.000128124 5.85996e-06 5.16471e-19
-0.000128546 5.67727e-06 5.16476e-19
-0.000128946 5.49848e-06 5.16481e-19
-0.000129324 5.32327e-06 5.16486e-19
-0.000129684 5.15123e-06 5.16491e-19
-0.000130053 4.97839e-06 5.16496e-19
-0.000130412 4.80725e-06 5.16501e-19
-0.000130753 4.63916e-06 5.16505e-19
-0.000131086 4.47209e-06 5.1651e-19
-0.000131411 4.30617e-06 5.16515e-19
-0.000131736 4.13985e-06 5.16519e-19
-0.000132061 3.97273e-06 5.16524e-19
-0.000132394 3.80363e-06 5.16529e-19
-0.000132736 3.63197e-06 5.16534e-19
-0.000133093 3.45674e-06 5.16539e-19
-0.000133468 3.27727e-06 5.16544e-19
-0.000133865 3.09263e-06 5.16549e-19
-0.000134288 2.90205e-06 5.16554e-19
-0.000134742 2.70468e-06 5.1656e-19
-0.00013523 2.49953e-06 5.16566e-19
-0.000135761 2.2851e-06 5.16572e-19
-0.000136342 2.05958e-06 5.16578e-19
-0.000136983 1.82116e-06 5.16585e-19
-0.000137683 1.56907e-06 5.16592e-19
-0.000138452 1.30183e-06 5.166e-19
-0.000139296 1.01874e-06 5.16608e-19
-0.000140213 7.19801e-07 5.16617e-19
-0.000141205 4.04648e-07 5.16626e-19
-0.000142272 7.34818e-08 5.16635e-19
-0.000143413 -2.7367e-07 5.16645e-19
-0.000144627 -6.36428e-07 5.16656e-19
-0.000145911 -1.0144e-06 5.16667e-19
-0.000147261 -1.40666e-06 5.16679e-19
-0.000148673 -1.81214e-06 5.1669e-19
-0.000150139 -2.22956e-06 5.16703e-19
-0.000151655 -2.65772e-06 5.16715e-19
-0.000153214 -3.09538e-06 5.16728e-19
-0.00015481 -3.54136e-06 5.16741e-19
-0.000156438 -3.99442e-06 5.16754e-19
-0.000158092 -4.45325e-06 5.16768e-19
-0.000159763 -4.91627e-06 5.16782e-19
-0.000161444 -5.38178e-06 5.16795e-19
-0.000163127 -5.84804e-06 5.16809e-19
-0.000164804 -6.3135e-06 5.16823e-19
-0.000166469 -6.77697e-06 5.16836e-19
-0.000168118 -7.23753e-06 5.1685e-19
-0.000169747 -7.69434e-06 5.16863e-19
-0.000171352 -8.14661e-06 5.16876e-19
-0.000172931 -8.59372e-06 5.1689e-19
-0.00017448 -9.03511e-06 5.16903e-19
-0.000175998 -9.4703e-06 5.16915e-19
-0.000177481 -9.89881e-06 5.16928e-19
-0.000178928 -1.03201e-05 5.1694e-19
-0.000180336 -1.07336e-05 5.16952e-19
-0.000181701 -1.1139e-05 5.16964e-19
-0.000183023 -1.15355e-05 5.16976e-19
-0.000184296 -1.19224e-05 5.16987e-19
-0.000185517 -1.22987e-05 5.16998e-19
-0.00018668 -1.26637e-05 5.17008e-19
-0.000187784 -1.30166e-05 5.17019e-19
-0.000188824 -1.33568e-05 5.17028e-19
-0.000189802 -1.36843e-05 5.17038e-19
-0.000190715 -1.39988e-05 5.17047e-19
-0.000191564 -1.43004e-05 5.17056e-19
-0.000192352 -1.45897e-05 5.17064e-19
-0.000193083 -1.48673e-05 5.17072e-19
-0.00019376 -1.51341e-05 5.17079e-19
-0.000194389 -1.53912e-05 5.17087e-19
-0.000194976 -1.56396e-05 5.17094e-19
-0.000195526 -1.58807e-05 5.171e-19
-0.000196048 -1.61159e-05 5.17107e-19
-0.000196546 -1.63463e-05 5.17114e-19
-0.000197025 -1.65725e-05 5.1712e-19
-0.000197485 -1.67948e-05 5.17126e-19
-0.000197928 -1.70134e-05 5.17132e-19
-0.000198357 -1.72284e-05 5.17138e-19
-0.000198771 -1.74401e-05 5.17144e-19
-0.000199173 -1.76485e-05 5.1715e-19
-0.000199563 -1.78539e-05 5.17156e-19
-0.000199942 -1.80562e-05 5.17161e-19
-0.000200312 -1.82556e-05 5.17167e-19
-0.000200672 -1.8452e-05 5.17172e-19
-0.000201024 -1.86454e-05 5.17178e-19
-0.000201368 -1.88358e-05 5.17183e-19
-0.000201706 -1.90234e-05 5.17188e-19
-0.000202038 -1.92085e-05 5.17194e-19
-0.000202366 -1.93913e-05 5.17199e-19
-0.000202694 -1.95719e-05 5.17204e-19
-0.00020302 -1.97504e-05 5.17209e-19
-0.000203347 -1.99269e-05 5.17214e-19
-0.000203675 -2.01013e-05 5.17219e-19
-0.000204003 -2.02736e-05 5.17224e-19
-0.000204334 -2.0444e-05 5.17228e-19
-0.00020467 -2.0613e-05 5.17233e-19
-0.000205012 -2.07808e-05 5.17238e-19
-0.000205362 -2.09478e-05 5.17243e-19
-0.000205722 -2.11142e-05 5.17248e-19
-0.000206092 -2.12802e-05 5.17252e-19
-0.000206477 -2.14468e-05 5.17257e-19
-0.000206877 -2.16142e-05 5.17262e-19
-0.000207293 -2.17825e-05 5.17267e-19
-0.000207726 -2.19519e-05 5.17272e-19
-0.000208175 -2.21223e-05 5.17277e-19
-0.000208637 -2.22933e-05 5.17282e-19
-0.000209111 -2.24646e-05 5.17287e-19
-0.000209594 -2.26355e-05 5.17292e-19
-0.000210081 -2.28056e-05 5.17297e-19
-0.000210569 -2.29741e-05 5.17302e-19
-0.000211055 -2.31405e-05 5.17307e-19
-0.000211535 -2.33041e-05 5.17311e-19
-0.000212006 -2.34645e-05 5.17316e-19
-0.000212464 -2.36211e-05 5.17321e-19
-0.000212906 -2.37732e-05 5.17325e-19
-0.000213328 -2.39201e-05 5.1733e-19
-0.000213727 -2.40613e-05 5.17334e-19
-0.000214099 -2.41961e-05 5.17338e-19
-0.000214442 -2.43243e-05 5.17341e-19
-0.000214755 -2.44456e-05 5.17345e-19
-0.000215037 -2.456e-05 5.17348e-19
-0.000215288 -2.46672e-05 5.17351e-19
-0.000215507 -2.47672e-05 5.17354e-19
-0.000215693 -2.48599e-05 5.17357e-19
-0.000215846 -2.49453e-05 5.17359e-19
-0.000215967 -2.50235e-05 5.17361e-19
-0.000216058 -2.50945e-05 5.17363e-19
-0.000216117 -2.51584e-05 5.17365e-19
-0.000216148 -2.52156e-05 5.17367e-19
-0.000216153 -2.52662e-05 5.17368e-19
-0.000216132 -2.53106e-05 5.17369e-19
-0.000216088 -2.53491e-05 5.1737e-19
-0.000216025 -2.5382e-05 5.17371e-19
-0.000215944 -2.541e-05 5.17371e-19
-0.000215852 -2.54339e-05 5.17372e-19
-0.000215754 -2.54547e-05 5.17372e-19
-0.000215657 -2.54738e-05 5.17373e-19
-0.000215566 -2.54922e-05 5.17373e-19
-0.000215491 -2.55115e-05 5.17373e-19
-0.000215438 -2.55332e-05 5.17374e-19
-0.000215415 -2.55589e-05 5.17375e-19
-0.000215431 -2.559e-05 5.17375e-19
-0.00021549 -2.56274e-05 5.17376e-19
-0.000215596 -2.56722e-05 5.17378e-19
-0.000215755 -2.5725e-05 5.17379e-19
-0.000215968 -2.57865e-05 5.17381e-19
-0.000216238 -2.58572e-05 5.17383e-19
-0.000216567 -2.59374e-05 5.17385e-19
-0.000216955 -2.60273e-05 5.17388e-19
-0.000217403 -2.61271e-05 5.17391e-19
-0.000217909 -2.62364e-05 5.17394e-19
-0.00021847 -2.63549e-05 5.17398e-19
-0.000219083 -2.64819e-05 5.17401e-19
-0.000219746 -2.66169e-05 5.17405e-19
-0.000220453 -2.67592e-05 5.1741e-19
-0.000221201 -2.69082e-05 5.17414e-19
-0.000221987 -2.70633e-05 5.17419e-19
-0.000222806 -2.72235e-05 5.17424e-19
-0.00022365 -2.73875e-05 5.17429e-19
-0.000224511 -2.75538e-05 5.17434e-19
-0.000225381 -2.77207e-05 5.17439e-19
-0.000226252 -2.78867e-05 5.17444e-19
-0.000227117 -2.80503e-05 5.17449e-19
-0.000227968 -2.82103e-05 5.17454e-19
-0.0002288 -2.83653e-05 5.17459e-19
-0.000229607 -2.85142e-05 5.17463e-19
-0.000230382 -2.86559e-05 5.17468e-19
-0.000231121 -2.87894e-05 5.17472e-19
-0.00023182 -2.89138e-05 5.17476e-19
-0.000232475 -2.90282e-05 5.17479e-19
-0.000233082 -2.9132e-05 5.17482e-19
-0.000233639 -2.92246e-05 5.17485e-19
-0.000234143 -2.93056e-05 5.17488e-19
-0.000234594 -2.93745e-05 5.1749e-19
-0.000234989 -2.94308e-05 5.17492e-19
-0.000235327 -2.94742e-05 5.17493e-19
-0.000235606 -2.95042e-05 5.17494e-19
-0.000235824 -2.95206e-05 5.17495e-19
-0.000235982 -2.95232e-05 5.17495e-19
-0.00023608 -2.95119e-05 5.17494e-19
-0.000236116 -2.94865e-05 5.17494e-19
-0.000236093 -2.94472e-05 5.17493e-19
-0.000236011 -2.93943e-05 5.17491e-19
-0.000235873 -2.93281e-05 5.17489e-19
-0.000235681 -2.92493e-05 5.17487e-19
-0.000235437 -2.9158e-05 5.17484e-19
-0.000235143 -2.90547e-05 5.17481e-19
-0.000234799 -2.89395e-05 5.17478e-19
-0.000234406 -2.88125e-05 5.17474e-19
-0.000233965 -2.86738e-05 5.1747e-19
-0.000233474 -2.85234e-05 5.17466e-19
-0.000232934 -2.83612e-05 5.17461e-19
-0.000232343 -2.8187e-05 5.17456e-19
-0.000231701 -2.80009e-05 5.1745e-19
-0.000231009 -2.78029e-05 5.17445e-19
-0.000230266 -2.75932e-05 5.17438e-19
-0.000229475 -2.73721e-05 5.17432e-19
-0.000228636 -2.71399e-05 5.17425e-19
-0.000227751 -2.68971e-05 5.17418e-19
-0.000226825 -2.66446e-05 5.17411e-19
-0.000225861 -2.63829e-05 5.17403e-19
-0.000224861 -2.61131e-05 5.17395e-19
-0.000223831 -2.58357e-05 5.17387e-19
-0.000222772 -2.55516e-05 5.17378e-19
-0.000221689 -2.52614e-05 5.1737e-19
-0.000220586 -2.4966e-05 5.17361e-19
-0.000219466 -2.46661e-05 5.17352e-19
-0.000218332 -2.43623e-05 5.17343e-19
-0.000217187 -2.40553e-05 5.17334e-19
-0.000216037 -2.3746e-05 5.17325e-19
-0.000214884 -2.34352e-05 5.17316e-19
-0.000213734 -2.31238e-05 5.17307e-19
-0.000212591 -2.28128e-05 5.17298e-19
-0.00021146 -2.25029e-05 5.17289e-19
-0.000210344 -2.21951e-05 5.1728e-19
-0.000209246 -2.18898e-05 5.17271e-19
-0.000208172 -2.1588e-05 5.17262e-19
-0.000207122 -2.129e-05 5.17253e-19
-0.000206098 -2.09959e-05 5.17245e-19
-0.000205101 -2.0706e-05 5.17236e-19
-0.000204131 -2.04204e-05 5.17228e-19
-0.000203189 -2.01392e-05 5.1722e-19
-0.000202274 -1.98625e-05 5.17212e-19
-0.000201388 -1.95903e-05 5.17204e-19
-0.00020053 -1.93226e-05 5.17196e-19
-0.000199699 -1.90592e-05 5.17189e-19
-0.000198895 -1.88003e-05 5.17181e-19
-0.000198116 -1.85456e-05 5.17174e-19
-0.000197362 -1.82951e-05 5.17167e-19
-0.000196631 -1.80485e-05 5.1716e-19
-0.000195922 -1.78057e-05 5.17153e-19
-0.000195231 -1.7566e-05 5.17146e-19
-0.000194557 -1.73291e-05 5.17139e-19
-0.000193895 -1.70947e-05 5.17133e-19
-0.000193245 -1.68624e-05 5.17126e-19
-0.000192607 -1.66325e-05 5.1712e-19
-0.00019198 -1.64049e-05 5.17113e-19
-0.000191362 -1.61796e-05 5.17107e-19
-0.000190751 -1.5956e-05 5.171e-19
-0.000190142 -1.57334e-05 5.17094e-19
-0.000189532 -1.55111e-05 5.17088e-19
-0.000188916 -1.52885e-05 5.17081e-19
-0.000188293 -1.5065e-05 5.17075e-19
-0.00018766 -1.48405e-05 5.17069e-19
-0.000187016 -1.46148e-05 5.17062e-19
-0.000186361 -1.43878e-05 5.17055e-19
-0.000185694 -1.41593e-05 5.17049e-19
-0.000185013 -1.39294e-05 5.17042e-19
-0.00018432 -1.36981e-05 5.17036e-19
-0.000183615 -1.34655e-05 5.17029e-19
-0.000182898 -1.32315e-05 5.17022e-19
-0.00018217 -1.29963e-05 5.17015e-19
-0.000181432 -1.276e-05 5.17008e-19
-0.000180686 -1.25228e-05 5.17001e-19
-0.000179935 -1.22856e-05 5.16994e-19
-0.000179185 -1.20492e-05 5.16987e-19
-0.000178441 -1.18146e-05 5.1698e-19
-0.000177707 -1.15826e-05 5.16974e-19
-0.000176987 -1.1354e-05 5.16967e-19
-0.000176283 -1.11289e-05 5.1696e-19
-0.000175599 -1.0908e-05 5.16954e-19
-0.000174936 -1.06915e-05 5.16947e-19
-0.000174297 -1.04799e-05 5.16941e-19
-0.000173686 -1.02738e-05 5.16935e-19
-0.000173106 -1.00736e-05 5.16929e-19
-0.000172558 -9.8797e-06 5.16924e-19
-0.000172044 -9.69242e-06 5.16918e-19
-0.000171567 -9.51199e-06 5.16913e-19
-0.000171127 -9.33856e-06 5.16908e-19
-0.000170725 -9.17224e-06 5.16903e-19
-0.000170361 -9.01321e-06 5.16899e-19
-0.000170037 -8.86162e-06 5.16894e-19
-0.000169754 -8.71756e-06 5.1689e-19
-0.000169509 -8.58092e-06 5.16886e-19
-0.000169303 -8.45133e-06 5.16883e-19
-0.000169131 -8.32815e-06 5.16879e-19
-0.000168989 -8.21069e-06 5.16876e-19
-0.000168874 -8.0982e-06 5.16873e-19
-0.000168783 -7.99004e-06 5.1687e-19
-0.000168712 -7.88559e-06 5.16867e-19
-0.000168657 -7.7842e-06 5.16864e-19
-0.000168615 -7.68521e-06 5.16861e-19
-0.000168582 -7.58797e-06 5.16859e-19
-0.000168555 -7.49184e-06 5.16856e-19
-0.00016853 -7.39618e-06 5.16854e-19
-0.000168504 -7.30042e-06 5.16851e-19
-0.000168474 -7.20413e-06 5.16849e-19
-0.000168438 -7.10703e-06 5.16846e-19
-0.000168394 -7.00886e-06 5.16843e-19
-0.000168342 -6.90945e-06 5.16841e-19
-0.000168281 -6.80883e-06 5.16838e-19
-0.000168212 -6.7072e-06 5.16835e-19
-0.000168134 -6.60478e-06 5.16832e-19
-0.000168049 -6.50175e-06 5.1683e-19
-0.000167956 -6.39821e-06 5.16827e-19
-0.000167856 -6.2942e-06 5.16824e-19
-0.000167747 -6.18977e-06 5.16821e-19
-0.000167631 -6.08499e-06 5.16818e-19
-0.000167507 -5.97999e-06 5.16815e-19
-0.000167376 -5.87492e-06 5.16812e-19
-0.000167238 -5.76998e-06 5.1681e-19
-0.000167094 -5.66521e-06 5.16807e-19
-0.000166941 -5.56038e-06 5.16804e-19
-0.000166777 -5.45503e-06 5.16801e-19
-0.0001666 -5.34873e-06 5.16798e-19
-0.000166407 -5.24107e-06 5.16795e-19
-0.000166198 -5.1318e-06 5.16792e-19
-0.00016597 -5.02073e-06 5.16789e-19
-0.000165723 -4.90774e-06 5.16786e-19
-0.000165456 -4.79256e-06 5.16782e-19
-0.000165164 -4.67456e-06 5.16779e-19
-0.000164841 -4.55255e-06 5.16776e-19
-0.000164485 -4.42596e-06 5.16772e-19
-0.000164095 -4.29428e-06 5.16768e-19
-0.000163666 -4.15699e-06 5.16764e-19
-0.0001632 -4.01402e-06 5.1676e-19
-0.000162695 -3.86524e-06 5.16756e-19
-0.000162151 -3.71051e-06 5.16751e-19
-0.000161564 -3.54923e-06 5.16746e-19
-0.000160933 -3.38061e-06 5.16741e-19
-0.000160253 -3.20386e-06 5.16736e-19
-0.000159521 -3.01853e-06 5.16731e-19
-0.00015874 -2.82467e-06 5.16725e-19
-0.000157911 -2.62273e-06 5.16719e-19
-0.000157038 -2.41332e-06 5.16713e-19
-0.000156125 -2.19709e-06 5.16706e-19
-0.000155175 -1.97473e-06 5.16699e-19
-0.000154193 -1.74696e-06 5.16693e-19
-0.000153183 -1.51453e-06 5.16686e-19
-0.000152149 -1.2784e-06 5.16678e-19
-0.0001511 -1.03986e-06 5.16671e-19
-0.000150042 -8.0043e-07 5.16664e-19
-0.000148984 -5.61669e-07 5.16657e-19
-0.000147935 -3.25119e-07 5.1665e-19
-0.000146901 -9.22952e-08 5.16643e-19
-0.000145891 1.35309e-07 5.16636e-19
-0.000144911 3.56277e-07 5.16629e-19
-0.000143969 5.69278e-07 5.16623e-19
-0.000143071 7.73051e-07 5.16617e-19
-0.000142222 9.66433e-07 5.16611e-19
-0.000141429 1.14837e-06 5.16606e-19
-0.000140695 1.31801e-06 5.166e-19
-0.000140023 1.47471e-06 5.16596e-19
-0.000139415 1.61809e-06 5.16592e-19
-0.000138872 1.74787e-06 5.16588e-19
-0.000138393 1.86407e-06 5.16584e-19
-0.000137978 1.96708e-06 5.16581e-19
-0.000137621 2.05763e-06 5.16579e-19
-0.000137319 2.13656e-06 5.16576e-19
-0.000137067 2.20467e-06 5.16575e-19
-0.000136862 2.26256e-06 5.16573e-19
-0.000136701 2.31068e-06 5.16572e-19
-0.000136582 2.3495e-06 5.1657e-19
-0.0001365 2.3797e-06 5.1657e-19
-0.00013645 2.40237e-06 5.16569e-19
-0.000136426 2.41892e-06 5.16569e-19
-0.000136419 2.43074e-06 5.16568e-19
-0.000136424 2.43908e-06 5.16568e-19
-0.000136436 2.44471e-06 5.16568e-19
-0.000136453 2.44813e-06 5.16568e-19
-0.000136473 2.4497e-06 5.16568e-19
-0.000136494 2.44981e-06 5.16568e-19
-0.000136514 2.44889e-06 5.16568e-19
-0.000136531 2.4474e-06 5.16569e-19
-0.000136542 2.44574e-06 5.16569e-19
-0.000136546 2.4442e-06 5.16569e-19
-0.000136544 2.44289e-06 5.16569e-19
-0.000136535 2.44176e-06 5.16569e-19
-0.00013652 2.44071e-06 5.16569e-19
-0.0001365 2.43961e-06 5.16569e-19
-0.000136476 2.4383e-06 5.16569e-19
-0.000136449 2.43665e-06 5.16569e-19
-0.00013642 2.43446e-06 5.16569e-19
-0.000136391 2.43148e-06 5.16569e-19
-0.000136363 2.42736e-06 5.16569e-19
-0.000136339 2.42162e-06 5.16569e-19
-0.000136321 2.4138e-06 5.16569e-19
-0.000136313 2.40341e-06 5.1657e-19
-0.000136316 2.38991e-06 5.1657e-19
-0.000136333 2.37271e-06 5.1657e-19
-0.000136368 2.35126e-06 5.16571e-19
-0.000136423 2.325e-06 5.16572e-19
-0.000136501 2.29327e-06 5.16573e-19
-0.000136605 2.2554e-06 5.16574e-19
-0.000136739 2.21074e-06 5.16575e-19
-0.000136904 2.15876e-06 5.16576e-19
-0.000137102 2.09914e-06 5.16578e-19
-0.000137333 2.03175e-06 5.1658e-19
-0.000137598 1.95648e-06 5.16582e-19
-0.000137897 1.87333e-06 5.16585e-19
-0.000138228 1.78241e-06 5.16587e-19
-0.000138591 1.68391e-06 5.1659e-19
-0.000138985 1.57809e-06 5.16593e-19
-0.000139407 1.46515e-06 5.16597e-19
-0.000139858 1.34527e-06 5.166e-19
-0.000140335 1.21855e-06 5.16604e-19
-0.00014084 1.08514e-06 5.16608e-19
-0.00014137 9.45204e-07 5.16612e-19
-0.000141924 7.99073e-07 5.16616e-19
-0.000142501 6.47159e-07 5.1662e-19
-0.000143098 4.899e-07 5.16625e-19
-0.000143713 3.27683e-07 5.1663e-19
-0.000144346 1.60829e-07 5.16635e-19
-0.000144994 -1.04018e-08 5.1664e-19
-0.000145658 -1.85666e-07 5.16645e-19
-0.000146335 -3.64761e-07 5.1665e-19
-0.000147026 -5.47737e-07 5.16655e-19
-0.000147733 -7.34584e-07 5.16661e-19
-0.000148455 -9.25266e-07 5.16666e-19
-0.000149193 -1.1198e-06 5.16672e-19
-0.000149947 -1.31815e-06 5.16678e-19
-0.000150717 -1.52025e-06 5.16684e-19
-0.000151503 -1.72602e-06 5.1669e-19
-0.000152305 -1.93527e-06 5.16696e-19
-0.000153121 -2.14774e-06 5.16702e-19
-0.000153949 -2.36308e-06 5.16709e-19
-0.000154789 -2.58087e-06 5.16715e-19
-0.000155638 -2.8006e-06 5.16721e-19
-0.000156492 -3.02166e-06 5.16728e-19
-0.000157349 -3.24332e-06 5.16735e-19
-0.000158205 -3.46481e-06 5.16741e-19
-0.000159056 -3.68546e-06 5.16748e-19
-0.000159899 -3.90481e-06 5.16754e-19
-0.000160734 -4.12259e-06 5.16761e-19
-0.000161559 -4.33855e-06 5.16767e-19
-0.000162371 -4.55232e-06 5.16773e-19
-0.000163168 -4.7633e-06 5.1678e-19
-0.000163945 -4.97078e-06 5.16786e-19
-0.000164699 -5.17401e-06 5.16792e-19
-0.000165426 -5.37227e-06 5.16798e-19
-0.000166121 -5.56486e-06 5.16803e-19
-0.000166781 -5.75112e-06 5.16809e-19
-0.000167403 -5.93045e-06 5.16814e-19
-0.000167984 -6.10227e-06 5.16819e-19
-0.00016852 -6.26599e-06 5.16824e-19
-0.000169009 -6.42104e-06 5.16828e-19
-0.000169448 -6.56694e-06 5.16833e-19
-0.000169835 -6.70335e-06 5.16836e-19
-0.000170169 -6.83018e-06 5.1684e-19
-0.000170451 -6.94751e-06 5.16843e-19
-0.000170683 -7.05556e-06 5.16847e-19
-0.000170864 -7.1546e-06 5.16849e-19
-0.000170998 -7.24491e-06 5.16852e-19
-0.000171085 -7.32678e-06 5.16854e-19
-0.000171128 -7.40063e-06 5.16856e-19
-0.000171129 -7.46691e-06 5.16858e-19
-0.000171093 -7.52619e-06 5.16859e-19
-0.000171021 -7.5791e-06 5.16861e-19
-0.000170919 -7.62632e-06 5.16862e-19
-0.00017079 -7.66859e-06 5.16863e-19
-0.000170638 -7.70666e-06 5.16864e-19
-0.000170468 -7.74132e-06 5.16865e-19
-0.000170285 -7.77334e-06 5.16865e-19
-0.000170093 -7.80362e-06 5.16866e-19
-0.000169899 -7.83332e-06 5.16867e-19
-0.000169708 -7.86372e-06 5.16867e-19
-0.000169529 -7.8961e-06 5.16868e-19
-0.000169366 -7.93162e-06 5.16869e-19
-0.000169226 -7.97129e-06 5.1687e-19
-0.000169112 -8.01593e-06 5.16871e-19
-0.000169029 -8.06629e-06 5.16872e-19
-0.000168978 -8.12293e-06 5.16874e-19
-0.000168963 -8.18611e-06 5.16875e-19
-0.000168983 -8.25589e-06 5.16877e-19
-0.000169038 -8.33217e-06 5.16879e-19
-0.000169126 -8.41478e-06 5.16882e-19
-0.000169247 -8.50333e-06 5.16884e-19
-0.000169397 -8.59736e-06 5.16887e-19
-0.000169573 -8.69629e-06 5.1689e-19
-0.000169773 -8.79951e-06 5.16893e-19
-0.000169992 -8.90629e-06 5.16896e-19
-0.000170228 -9.01592e-06 5.16899e-19
-0.000170475 -9.12762e-06 5.16902e-19
-0.000170731 -9.24077e-06 5.16905e-19
-0.000170994 -9.35513e-06 5.16909e-19
-0.000171264 -9.47073e-06 5.16912e-19
-0.000171541 -9.58764e-06 5.16915e-19
-0.000171825 -9.70592e-06 5.16919e-19
-0.000172116 -9.82555e-06 5.16922e-19
-0.000172413 -9.94651e-06 5.16926e-19
-0.000172717 -1.00688e-05 5.16929e-19
-0.000173027 -1.01925e-05 5.16933e-19
-0.000173345 -1.0318e-05 5.16937e-19
-0.000173674 -1.04459e-05 5.1694e-19
-0.000174016 -1.05767e-05 5.16944e-19
-0.000174375 -1.07111e-05 5.16948e-19
-0.000174752 -1.08493e-05 5.16952e-19
-0.000175148 -1.09915e-05 5.16956e-19
-0.000175564 -1.1138e-05 5.1696e-19
-0.000176 -1.12888e-05 5.16965e-19
-0.000176457 -1.14442e-05 5.16969e-19
-0.000176936 -1.16042e-05 5.16974e-19
-0.000177438 -1.17689e-05 5.16979e-19
-0.000177962 -1.19383e-05 5.16983e-19
-0.000178507 -1.2112e-05 5.16989e-19
-0.00017907 -1.22893e-05 5.16994e-19
-0.000179646 -1.24696e-05 5.16999e-19
-0.000180235 -1.26522e-05 5.17004e-19
-0.000180832 -1.28365e-05 5.1701e-19
-0.000181435 -1.3022e-05 5.17015e-19
-0.000182042 -1.32081e-05 5.1702e-19
-0.000182651 -1.33945e-05 5.17026e-19
-0.000183261 -1.35808e-05 5.17031e-19
-0.000183871 -1.37669e-05 5.17037e-19
-0.000184479 -1.39524e-05 5.17042e-19
-0.000185086 -1.41374e-05 5.17047e-19
-0.000185692 -1.43216e-05 5.17053e-19
-0.000186295 -1.45052e-05 5.17058e-19
-0.000186897 -1.46881e-05 5.17063e-19
-0.000187499 -1.48704e-05 5.17068e-19
-0.000188099 -1.50521e-05 5.17074e-19
-0.000188699 -1.52333e-05 5.17079e-19
-0.0001893 -1.54141e-05 5.17084e-19
-0.000189902 -1.55946e-05 5.17089e-19
-0.000190506 -1.5775e-05 5.17095e-19
-0.000191113 -1.59553e-05 5.171e-19
-0.000191723 -1.61356e-05 5.17105e-19
-0.000192337 -1.63161e-05 5.1711e-19
-0.000192955 -1.64967e-05 5.17116e-19
-0.000193578 -1.66777e-05 5.17121e-19
-0.000194206 -1.6859e-05 5.17126e-19
-0.00019484 -1.70406e-05 5.17131e-19
-0.000195477 -1.72222e-05 5.17137e-19
-0.000196116 -1.74033e-05 5.17142e-19
-0.000196755 -1.75833e-05 5.17147e-19
-0.000197391 -1.77619e-05 5.17152e-19
-0.000198022 -1.79386e-05 5.17157e-19
-0.000198648 -1.81131e-05 5.17162e-19
-0.000199267 -1.82851e-05 5.17167e-19
-0.000199878 -1.84543e-05 5.17172e-19
-0.000200478 -1.86203e-05 5.17177e-19
-0.000201067 -1.87827e-05 5.17182e-19
-0.00020164 -1.89408e-05 5.17187e-19
-0.000202198 -1.90943e-05 5.17191e-19
-0.000202739 -1.92431e-05 5.17195e-19
-0.000203264 -1.93874e-05 5.172e-19
-0.000203774 -1.95272e-05 5.17204e-19
-0.000204269 -1.96625e-05 5.17208e-19
-0.000204748 -1.97932e-05 5.17212e-19
-0.00020521 -1.99191e-05 5.17215e-19
-0.000205654 -2.00399e-05 5.17219e-19
-0.000206079 -2.01553e-05 5.17222e-19
-0.000206485 -2.02654e-05 5.17225e-19
-0.000206872 -2.03701e-05 5.17229e-19
-0.000207239 -2.04695e-05 5.17231e-19
-0.000207588 -2.05635e-05 5.17234e-19
-0.000207916 -2.0652e-05 5.17237e-19
-0.000208222 -2.07345e-05 5.17239e-19
-0.000208503 -2.08105e-05 5.17242e-19
-0.000208757 -2.08799e-05 5.17244e-19
-0.000208984 -2.09422e-05 5.17245e-19
-0.000209182 -2.09973e-05 5.17247e-19
-0.000209349 -2.1045e-05 5.17249e-19
-0.000209486 -2.10852e-05 5.1725e-19
-0.00020959 -2.11175e-05 5.17251e-19
-0.000209659 -2.11417e-05 5.17251e-19
-0.000209692 -2.11573e-05 5.17252e-19
-0.000209688 -2.11643e-05 5.17252e-19
-0.000209645 -2.11624e-05 5.17252e-19
-0.000209565 -2.11519e-05 5.17252e-19
-0.000209448 -2.11328e-05 5.17251e-19
-0.000209294 -2.11055e-05 5.1725e-19
-0.000209105 -2.10701e-05 5.17249e-19
-0.000208883 -2.10273e-05 5.17248e-19
-0.00020863 -2.09773e-05 5.17247e-19
-0.000208348 -2.09206e-05 5.17245e-19
-0.000208038 -2.08574e-05 5.17243e-19
-0.0002077 -2.07878e-05 5.17241e-19
-0.000207334 -2.07118e-05 5.17239e-19
-0.000206941 -2.06297e-05 5.17236e-19
-0.000206524 -2.05419e-05 5.17234e-19
-0.000206086 -2.0449e-05 5.17231e-19
-0.00020563 -2.03517e-05 5.17228e-19
-0.000205158 -2.02507e-05 5.17225e-19
-0.000204675 -2.01465e-05 5.17222e-19
-0.000204182 -2.00397e-05 5.17219e-19
-0.000203683 -1.99307e-05 5.17215e-19
-0.000203178 -1.98201e-05 5.17212e-19
-0.000202672 -1.97083e-05 5.17209e-19
-0.000202167 -1.95958e-05 5.17205e-19
-0.000201665 -1.94833e-05 5.17202e-19
-0.000201168 -1.9371e-05 5.17199e-19
-0.000200677 -1.92591e-05 5.17195e-19
-0.000200193 -1.91478e-05 5.17192e-19
-0.000199716 -1.90371e-05 5.17189e-19
-0.000199247 -1.8927e-05 5.17185e-19
-0.000198788 -1.8818e-05 5.17182e-19
-0.000198341 -1.87106e-05 5.17179e-19
-0.000197909 -1.86055e-05 5.17176e-19
-0.000197495 -1.85031e-05 5.17173e-19
-0.0001971 -1.84038e-05 5.1717e-19
-0.000196725 -1.83076e-05 5.17167e-19
-0.000196371 -1.82147e-05 5.17164e-19
-0.000196037 -1.81252e-05 5.17162e-19
-0.000195725 -1.80392e-05 5.17159e-19
-0.000195436 -1.7957e-05 5.17157e-19
-0.000195169 -1.78786e-05 5.17154e-19
-0.000194925 -1.78041e-05 5.17152e-19
-0.000194705 -1.77337e-05 5.1715e-19
-0.00019451 -1.76675e-05 5.17148e-19
-0.000194339 -1.76057e-05 5.17147e-19
-0.000194194 -1.75484e-05 5.17145e-19
-0.000194073 -1.74956e-05 5.17143e-19
-0.000193979 -1.74474e-05 5.17142e-19
-0.000193909 -1.74038e-05 5.17141e-19
-0.000193864 -1.73648e-05 5.1714e-19
-0.000193844 -1.73302e-05 5.17139e-19
-0.000193847 -1.73e-05 5.17138e-19
-0.000193872 -1.72739e-05 5.17137e-19
-0.000193917 -1.72517e-05 5.17137e-19
-0.000193981 -1.72328e-05 5.17136e-19
-0.000194058 -1.72164e-05 5.17136e-19
-0.000194145 -1.72017e-05 5.17136e-19
-0.000194239 -1.71881e-05 5.17135e-19
-0.000194338 -1.71752e-05 5.17135e-19
-0.00019444 -1.71628e-05 5.17135e-19
-0.000194544 -1.71505e-05 5.17135e-19
-0.000194649 -1.71384e-05 5.17134e-19
-0.000194755 -1.71261e-05 5.17134e-19
-0.000194861 -1.71136e-05 5.17134e-19
-0.000194965 -1.71007e-05 5.17134e-19
-0.000195068 -1.70872e-05 5.17133e-19
-0.000195169 -1.70733e-05 5.17133e-19
-0.00019527 -1.70591e-05 5.17133e-19
-0.000195371 -1.70449e-05 5.17132e-19
-0.000195474 -1.70308e-05 5.17132e-19
-0.000195578 -1.7017e-05 5.17132e-19
-0.000195684 -1.70036e-05 5.17131e-19
-0.000195792 -1.69905e-05 5.17131e-19
-0.000195904 -1.69779e-05 5.17131e-19
-0.00019602 -1.69661e-05 5.1713e-19
-0.000196143 -1.69556e-05 5.1713e-19
-0.000196274 -1.69468e-05 5.1713e-19
-0.000196415 -1.694e-05 5.1713e-19
-0.000196566 -1.69352e-05 5.1713e-19
-0.000196727 -1.69325e-05 5.1713e-19
-0.000196896 -1.69314e-05 5.1713e-19
-0.000197071 -1.69319e-05 5.1713e-19
-0.000197251 -1.69333e-05 5.1713e-19
-0.000197431 -1.69349e-05 5.1713e-19
-0.000197608 -1.69359e-05 5.1713e-19
-0.000197777 -1.69356e-05 5.17131e-19
-0.000197936 -1.69333e-05 5.17131e-19
-0.000198081 -1.69282e-05 5.17131e-19
-0.000198208 -1.69199e-05 5.1713e-19
-0.000198315 -1.69076e-05 5.1713e-19
-0.0001984 -1.6891e-05 5.1713e-19
-0.000198462 -1.68698e-05 5.17129e-19
-0.000198498 -1.68436e-05 5.17128e-19
-0.000198508 -1.68123e-05 5.17128e-19
-0.000198491 -1.67758e-05 5.17127e-19
-0.000198449 -1.67342e-05 5.17125e-19
-0.000198381 -1.66876e-05 5.17124e-19
-0.000198289 -1.6636e-05 5.17123e-19
-0.00019817 -1.65792e-05 5.17121e-19
-0.000198024 -1.6517e-05 5.17119e-19
-0.00019785 -1.64489e-05 5.17117e-19
-0.000197647 -1.63749e-05 5.17115e-19
-0.000197414 -1.62947e-05 5.17113e-19
-0.000197151 -1.62082e-05 5.1711e-19
-0.000196858 -1.61154e-05 5.17107e-19
-0.000196535 -1.60163e-05 5.17105e-19
-0.000196183 -1.59109e-05 5.17101e-19
-0.000195801 -1.5799e-05 5.17098e-19
-0.00019539 -1.56807e-05 5.17095e-19
-0.000194949 -1.55561e-05 5.17091e-19
-0.000194481 -1.54252e-05 5.17087e-19
-0.000193986 -1.52884e-05 5.17083e-19
-0.000193466 -1.51458e-05 5.17079e-19
-0.000192921 -1.49978e-05 5.17075e-19
-0.000192355 -1.48445e-05 5.1707e-19
-0.000191767 -1.46864e-05 5.17065e-19
-0.00019116 -1.45237e-05 5.17061e-19
-0.000190536 -1.43569e-05 5.17056e-19
-0.000189898 -1.41868e-05 5.17051e-19
-0.000189251 -1.40141e-05 5.17046e-19
-0.000188598 -1.384e-05 5.17041e-19
-0.000187945 -1.36652e-05 5.17036e-19
-0.000187293 -1.34902e-05 5.1703e-19
-0.000186644 -1.33156e-05 5.17025e-19
-0.000186 -1.31418e-05 5.1702e-19
-0.000185361 -1.2969e-05 5.17015e-19
-0.00018473 -1.27974e-05 5.1701e-19
-0.000184106 -1.26273e-05 5.17005e-19
-0.00018349 -1.24588e-05 5.17e-19
-0.000182881 -1.22919e-05 5.16995e-19
-0.00018228 -1.21268e-05 5.16991e-19
-0.000181687 -1.19638e-05 5.16986e-19
-0.000181104 -1.18031e-05 5.16981e-19
-0.000180529 -1.16445e-05 5.16977e-19
-0.000179961 -1.14879e-05 5.16972e-19
-0.000179397 -1.13325e-05 5.16968e-19
-0.000178832 -1.11776e-05 5.16963e-19
-0.000178265 -1.10229e-05 5.16959e-19
-0.000177695 -1.08681e-05 5.16954e-19
-0.000177122 -1.07135e-05 5.1695e-19
-0.000176547 -1.05594e-05 5.16945e-19
-0.000175972 -1.04057e-05 5.16941e-19
-0.000175396 -1.02526e-05 5.16936e-19
-0.000174817 -1.00999e-05 5.16932e-19
-0.000174237 -9.94725e-06 5.16927e-19
-0.000173654 -9.79493e-06 5.16923e-19
-0.000173073 -9.64352e-06 5.16918e-19
-0.000172498 -9.49409e-06 5.16914e-19
-0.000171935 -9.34774e-06 5.1691e-19
-0.000171389 -9.20547e-06 5.16905e-19
-0.000170864 -9.06801e-06 5.16901e-19
-0.000170362 -8.93589e-06 5.16897e-19
-0.000169887 -8.80959e-06 5.16894e-19
-0.000169439 -8.6896e-06 5.1689e-19
-0.000169023 -8.57646e-06 5.16887e-19
-0.000168641 -8.47075e-06 5.16884e-19
-0.000168295 -8.37301e-06 5.16881e-19
-0.000167988 -8.28358e-06 5.16878e-19
-0.000167719 -8.20244e-06 5.16876e-19
-0.000167486 -8.12933e-06 5.16874e-19
-0.000167289 -8.06388e-06 5.16872e-19
-0.000167125 -8.00568e-06 5.1687e-19
-0.000166992 -7.95431e-06 5.16869e-19
-0.000166888 -7.9093e-06 5.16868e-19
-0.00016681 -7.87015e-06 5.16866e-19
-0.000166754 -7.83632e-06 5.16865e-19
-0.000166719 -7.80718e-06 5.16865e-19
-0.000166701 -7.78203e-06 5.16864e-19
-0.000166696 -7.76018e-06 5.16863e-19
-0.0001667 -7.74094e-06 5.16863e-19
-0.000166711 -7.72362e-06 5.16862e-19
-0.000166725 -7.70755e-06 5.16862e-19
-0.000166739 -7.69208e-06 5.16861e-19
-0.000166751 -7.67664e-06 5.16861e-19
-0.000166757 -7.66075e-06 5.16861e-19
-0.000166757 -7.64399e-06 5.1686e-19
-0.000166748 -7.62603e-06 5.1686e-19
-0.00016673 -7.60657e-06 5.16859e-19
-0.000166702 -7.58541e-06 5.16858e-19
-0.000166664 -7.56245e-06 5.16858e-19
-0.000166616 -7.53759e-06 5.16857e-19
-0.000166559 -7.51098e-06 5.16856e-19
-0.000166495 -7.48322e-06 5.16855e-19
-0.000166431 -7.4552e-06 5.16854e-19
-0.00016637 -7.42785e-06 5.16854e-19
-0.000166318 -7.40201e-06 5.16853e-19
-0.000166276 -7.37822e-06 5.16852e-19
-0.000166248 -7.35685e-06 5.16851e-19
-0.000166235 -7.33817e-06 5.16851e-19
-0.000166238 -7.32242e-06 5.1685e-19
-0.000166259 -7.30984e-06 5.1685e-19
-0.000166299 -7.30058e-06 5.1685e-19
-0.000166359 -7.29476e-06 5.1685e-19
-0.000166438 -7.2924e-06 5.1685e-19
-0.000166537 -7.29338e-06 5.1685e-19
-0.000166654 -7.29751e-06 5.1685e-19
-0.000166788 -7.30448e-06 5.1685e-19
-0.000166938 -7.31401e-06 5.1685e-19
-0.000167101 -7.32583e-06 5.16851e-19
-0.000167277 -7.33971e-06 5.16851e-19
-0.000167464 -7.35539e-06 5.16852e-19
-0.00016766 -7.37256e-06 5.16853e-19
-0.000167864 -7.39092e-06 5.16853e-19
-0.000168072 -7.41017e-06 5.16854e-19
-0.000168285 -7.42998e-06 5.16855e-19
-0.000168498 -7.44998e-06 5.16855e-19
-0.00016871 -7.46974e-06 5.16856e-19
-0.000168919 -7.4888e-06 5.16857e-19
-0.00016912 -7.50669e-06 5.16857e-19
-0.000169312 -7.52294e-06 5.16858e-19
-0.000169491 -7.53702e-06 5.16858e-19
-0.000169655 -7.54839e-06 5.16859e-19
-0.0001698 -7.55656e-06 5.16859e-19
-0.000169925 -7.56102e-06 5.1686e-19
-0.000170025 -7.56123e-06 5.1686e-19
-0.000170099 -7.55665e-06 5.1686e-19
-0.000170143 -7.54681e-06 5.16859e-19
-0.000170156 -7.53119e-06 5.16859e-19
-0.000170134 -7.50916e-06 5.16858e-19
-0.000170073 -7.48002e-06 5.16858e-19
-0.000169971 -7.44312e-06 5.16857e-19
-0.000169826 -7.398e-06 5.16855e-19
-0.000169636 -7.34441e-06 5.16854e-19
-0.000169402 -7.28232e-06 5.16852e-19
-0.000169124 -7.21179e-06 5.1685e-19
-0.000168804 -7.13303e-06 5.16847e-19
-0.000168443 -7.04643e-06 5.16845e-19
-0.000168046 -6.95254e-06 5.16842e-19
-0.000167614 -6.85196e-06 5.16839e-19
-0.000167152 -6.74542e-06 5.16836e-19
-0.000166666 -6.63384e-06 5.16832e-19
-0.000166159 -6.51828e-06 5.16829e-19
-0.000165638 -6.39982e-06 5.16825e-19
-0.000165108 -6.27941e-06 5.16822e-19
-0.000164572 -6.15779e-06 5.16818e-19
-0.000164033 -6.03548e-06 5.16814e-19
-0.000163495 -5.91298e-06 5.16811e-19
-0.000162958 -5.79076e-06 5.16807e-19
-0.000162427 -5.66938e-06 5.16804e-19
-0.000161903 -5.5494e-06 5.168e-19
-0.00016139 -5.43136e-06 5.16796e-19
-0.00016089 -5.31568e-06 5.16793e-19
-0.000160403 -5.20265e-06 5.1679e-19
-0.00015993 -5.09238e-06 5.16786e-19
-0.000159472 -4.98499e-06 5.16783e-19
-0.000159028 -4.8805e-06 5.1678e-19
-0.000158599 -4.77895e-06 5.16777e-19
-0.000158183 -4.68032e-06 5.16774e-19
-0.000157782 -4.58459e-06 5.16771e-19
-0.000157394 -4.49186e-06 5.16769e-19
-0.000157022 -4.40258e-06 5.16766e-19
-0.000156669 -4.3174e-06 5.16763e-19
-0.000156338 -4.23702e-06 5.16761e-19
-0.00015603 -4.16205e-06 5.16759e-19
-0.00015575 -4.09297e-06 5.16757e-19
-0.000155497 -4.03016e-06 5.16755e-19
-0.000155273 -3.97397e-06 5.16753e-19
-0.00015508 -3.92464e-06 5.16752e-19
-0.000154918 -3.88229e-06 5.16751e-19
-0.000154786 -3.84691e-06 5.1675e-19
-0.000154685 -3.81845e-06 5.16749e-19
-0.000154613 -3.79689e-06 5.16748e-19
-0.000154572 -3.78229e-06 5.16748e-19
-0.000154562 -3.77472e-06 5.16748e-19
-0.000154582 -3.77427e-06 5.16748e-19
-0.000154634 -3.78104e-06 5.16748e-19
-0.000154718 -3.79519e-06 5.16748e-19
-0.000154835 -3.8169e-06 5.16749e-19
-0.000154986 -3.84636e-06 5.1675e-19
-0.000155171 -3.8837e-06 5.16751e-19
-0.000155392 -3.92906e-06 5.16753e-19
-0.000155648 -3.98253e-06 5.16754e-19
-0.000155939 -4.04417e-06 5.16756e-19
-0.000156266 -4.11397e-06 5.16758e-19
-0.000156628 -4.19183e-06 5.16761e-19
-0.000157024 -4.27757e-06 5.16763e-19
-0.000157452 -4.37096e-06 5.16766e-19
-0.000157912 -4.47161e-06 5.16769e-19
-0.000158398 -4.57886e-06 5.16772e-19
-0.000158907 -4.69182e-06 5.16776e-19
-0.000159435 -4.80957e-06 5.16779e-19
-0.000159975 -4.93111e-06 5.16783e-19
-0.000160524 -5.05532e-06 5.16787e-19
-0.000161074 -5.18102e-06 5.1679e-19
-0.00016162 -5.30701e-06 5.16794e-19
-0.000162157 -5.43223e-06 5.16798e-19
-0.00016268 -5.55576e-06 5.16801e-19
-0.000163185 -5.67687e-06 5.16805e-19
-0.00016367 -5.79488e-06 5.16809e-19
-0.00016413 -5.90915e-06 5.16812e-19
-0.000164564 -6.01906e-06 5.16815e-19
-0.000164968 -6.12398e-06 5.16818e-19
-0.00016534 -6.22339e-06 5.16821e-19
-0.000165678 -6.31688e-06 5.16824e-19
-0.000165981 -6.40423e-06 5.16826e-19
-0.00016625 -6.48538e-06 5.16829e-19
-0.000166484 -6.56035e-06 5.16831e-19
-0.000166686 -6.62938e-06 5.16833e-19
-0.000166859 -6.69308e-06 5.16834e-19
-0.000167007 -6.75232e-06 5.16836e-19
-0.000167135 -6.80804e-06 5.16837e-19
-0.000167249 -6.8612e-06 5.16839e-19
-0.000167352 -6.91268e-06 5.1684e-19
-0.000167451 -6.96333e-06 5.16842e-19
-0.000167549 -7.01396e-06 5.16843e-19
-0.00016765 -7.06535e-06 5.16844e-19
-0.000167757 -7.11813e-06 5.16846e-19
-0.000167875 -7.17283e-06 5.16847e-19
-0.000168005 -7.22991e-06 5.16849e-19
-0.00016815 -7.28974e-06 5.16851e-19
-0.00016831 -7.35249e-06 5.16852e-19
-0.000168486 -7.41821e-06 5.16854e-19
-0.000168679 -7.48685e-06 5.16856e-19
-0.000168888 -7.55838e-06 5.16858e-19
-0.000169113 -7.6329e-06 5.1686e-19
-0.000169356 -7.71058e-06 5.16862e-19
-0.000169618 -7.79151e-06 5.16865e-19
-0.000169897 -7.87571e-06 5.16867e-19
-0.000170193 -7.96301e-06 5.1687e-19
-0.000170505 -8.0531e-06 5.16872e-19
-0.000170831 -8.14562e-06 5.16875e-19
-0.000171167 -8.24002e-06 5.16878e-19
-0.00017151 -8.3354e-06 5.16881e-19
-0.000171853 -8.43058e-06 5.16884e-19
-0.00017219 -8.52438e-06 5.16886e-19
-0.000172516 -8.61548e-06 5.16889e-19
-0.000172822 -8.70234e-06 5.16892e-19
-0.000173101 -8.78332e-06 5.16894e-19
-0.000173344 -8.85677e-06 5.16896e-19
-0.000173545 -8.92121e-06 5.16898e-19
-0.000173697 -8.97542e-06 5.169e-19
-0.000173796 -9.01844e-06 5.16901e-19
-0.000173838 -9.04939e-06 5.16902e-19
-0.00017382 -9.06765e-06 5.16902e-19
-0.00017374 -9.07296e-06 5.16903e-19
-0.0001736 -9.06538e-06 5.16902e-19
-0.000173401 -9.04509e-06 5.16902e-19
-0.000173144 -9.01244e-06 5.16901e-19
-0.000172833 -8.96808e-06 5.16899e-19
-0.000172473 -8.91286e-06 5.16898e-19
-0.000172067 -8.84772e-06 5.16896e-19
-0.000171622 -8.77365e-06 5.16893e-19
-0.000171143 -8.69169e-06 5.16891e-19
-0.000170635 -8.60295e-06 5.16888e-19
-0.000170103 -8.50852e-06 5.16885e-19
-0.000169554 -8.40946e-06 5.16882e-19
-0.000168992 -8.3067e-06 5.16879e-19
-0.00016842 -8.2011e-06 5.16876e-19
-0.000167844 -8.09348e-06 5.16872e-19
-0.000167266 -7.98461e-06 5.16869e-19
-0.000166691 -7.87527e-06 5.16866e-19
-0.000166122 -7.76615e-06 5.16863e-19
-0.000165562 -7.65794e-06 5.16859e-19
-0.000165014 -7.55122e-06 5.16856e-19
-0.000164479 -7.44643e-06 5.16853e-19
-0.000163959 -7.3439e-06 5.1685e-19
-0.000163454 -7.2439e-06 5.16847e-19
-0.000162967 -7.14672e-06 5.16844e-19
-0.000162497 -7.05266e-06 5.16841e-19
-0.000162047 -6.96205e-06 5.16838e-19
-0.000161617 -6.87519e-06 5.16836e-19
-0.000161208 -6.79242e-06 5.16833e-19
-0.000160822 -6.71415e-06 5.16831e-19
-0.000160461 -6.64083e-06 5.16829e-19
-0.000160127 -6.57293e-06 5.16827e-19
-0.000159821 -6.51085e-06 5.16825e-19
-0.000159546 -6.45495e-06 5.16823e-19
-0.000159301 -6.4055e-06 5.16822e-19
-0.000159088 -6.36277e-06 5.16821e-19
-0.000158908 -6.32701e-06 5.1682e-19
-0.000158763 -6.29839e-06 5.16819e-19
-0.000158651 -6.27705e-06 5.16818e-19
-0.000158575 -6.26312e-06 5.16818e-19
-0.000158535 -6.25663e-06 5.16817e-19
-0.000158529 -6.25749e-06 5.16817e-19
-0.000158557 -6.26547e-06 5.16818e-19
-0.000158619 -6.28031e-06 5.16818e-19
-0.000158712 -6.30171e-06 5.16819e-19
-0.000158835 -6.32921e-06 5.1682e-19
-0.000158986 -6.36227e-06 5.16821e-19
-0.000159161 -6.4003e-06 5.16822e-19
-0.00015936 -6.44283e-06 5.16823e-19
-0.000159581 -6.48964e-06 5.16824e-19
-0.000159825 -6.54064e-06 5.16826e-19
-0.00016009 -6.59577e-06 5.16828e-19
-0.000160378 -6.65497e-06 5.16829e-19
-0.000160688 -6.71815e-06 5.16831e-19
-0.000161019 -6.78526e-06 5.16833e-19
-0.000161372 -6.85618e-06 5.16835e-19
-0.000161746 -6.9307e-06 5.16838e-19
-0.000162139 -7.00838e-06 5.1684e-19
-0.000162547 -7.08862e-06 5.16842e-19
-0.000162968 -7.17078e-06 5.16845e-19
-0.000163398 -7.25412e-06 5.16847e-19
-0.000163833 -7.33769e-06 5.1685e-19
-0.000164268 -7.42043e-06 5.16852e-19
-0.000164697 -7.50127e-06 5.16855e-19
-0.000165115 -7.57926e-06 5.16857e-19
-0.00016552 -7.65382e-06 5.16859e-19
-0.00016591 -7.72463e-06 5.16862e-19
-0.000166284 -7.79142e-06 5.16864e-19
-0.00016664 -7.85399e-06 5.16865e-19
-0.000166978 -7.91236e-06 5.16867e-19
-0.000167298 -7.96663e-06 5.16869e-19
-0.000167602 -8.01699e-06 5.1687e-19
-0.00016789 -8.06365e-06 5.16872e-19
-0.000168163 -8.10688e-06 5.16873e-19
-0.000168423 -8.14697e-06 5.16874e-19
-0.00016867 -8.18429e-06 5.16875e-19
-0.000168907 -8.21912e-06 5.16877e-19
-0.000169134 -8.25167e-06 5.16878e-19
-0.000169351 -8.28207e-06 5.16878e-19
-0.00016956 -8.31046e-06 5.16879e-19
-0.000169761 -8.33692e-06 5.1688e-19
-0.000169952 -8.36137e-06 5.16881e-19
-0.000170135 -8.38361e-06 5.16882e-19
-0.000170306 -8.40347e-06 5.16882e-19
-0.000170467 -8.42068e-06 5.16883e-19
-0.000170613 -8.43482e-06 5.16883e-19
-0.000170744 -8.44533e-06 5.16884e-19
-0.000170856 -8.45168e-06 5.16884e-19
-0.000170948 -8.45339e-06 5.16884e-19
-0.000171018 -8.4501e-06 5.16884e-19
-0.000171066 -8.44156e-06 5.16883e-19
-0.000171089 -8.42753e-06 5.16883e-19
-0.000171089 -8.408e-06 5.16883e-19
-0.000171067 -8.38336e-06 5.16882e-19
-0.000171027 -8.35433e-06 5.16881e-19
-0.000170973 -8.32164e-06 5.1688e-19
-0.000170909 -8.28612e-06 5.16879e-19
-0.00017084 -8.24883e-06 5.16878e-19
-0.000170772 -8.21098e-06 5.16877e-19
-0.00017071 -8.17373e-06 5.16876e-19
-0.000170659 -8.13808e-06 5.16875e-19
-0.000170623 -8.10473e-06 5.16874e-19
-0.000170603 -8.07417e-06 5.16873e-19
-0.000170601 -8.04676e-06 5.16873e-19
-0.000170617 -8.02266e-06 5.16872e-19
-0.000170649 -8.00164e-06 5.16871e-19
-0.000170696 -7.98317e-06 5.16871e-19
-0.000170753 -7.96664e-06 5.16871e-19
-0.000170816 -7.95142e-06 5.1687e-19
-0.000170882 -7.93683e-06 5.1687e-19
-0.000170948 -7.9222e-06 5.1687e-19
-0.000171008 -7.90684e-06 5.16869e-19
-0.000171058 -7.88999e-06 5.16869e-19
-0.000171094 -7.87065e-06 5.16869e-19
-0.000171109 -7.84771e-06 5.16868e-19
-0.000171097 -7.82008e-06 5.16867e-19
-0.000171053 -7.78683e-06 5.16867e-19
-0.000170974 -7.74729e-06 5.16866e-19
-0.000170857 -7.70102e-06 5.16864e-19
-0.0001707 -7.64767e-06 5.16863e-19
-0.000170502 -7.58699e-06 5.16861e-19
-0.000170261 -7.51872e-06 5.16859e-19
-0.000169975 -7.44263e-06 5.16857e-19
-0.000169645 -7.35863e-06 5.16854e-19
-0.00016927 -7.26664e-06 5.16852e-19
-0.00016885 -7.16655e-06 5.16849e-19
-0.000168384 -7.05824e-06 5.16845e-19
-0.000167873 -6.94172e-06 5.16842e-19
-0.000167318 -6.81712e-06 5.16838e-19
-0.000166721 -6.68489e-06 5.16834e-19
-0.000166087 -6.54566e-06 5.1683e-19
-0.000165419 -6.40018e-06 5.16826e-19
-0.000164723 -6.2494e-06 5.16821e-19
-0.000164005 -6.09466e-06 5.16816e-19
-0.000163274 -5.93758e-06 5.16812e-19
-0.000162539 -5.77984e-06 5.16807e-19
-0.000161808 -5.62306e-06 5.16802e-19
-0.000161089 -5.46885e-06 5.16797e-19
-0.00016039 -5.31871e-06 5.16793e-19
-0.000159718 -5.1741e-06 5.16789e-19
-0.00015908 -5.0363e-06 5.16784e-19
-0.000158481 -4.90629e-06 5.1678e-19
-0.000157925 -4.78481e-06 5.16777e-19
-0.000157414 -4.67246e-06 5.16773e-19
-0.000156952 -4.56973e-06 5.1677e-19
-0.000156538 -4.47691e-06 5.16768e-19
-0.000156175 -4.39415e-06 5.16765e-19
-0.000155862 -4.32149e-06 5.16763e-19
-0.000155598 -4.25891e-06 5.16761e-19
-0.000155384 -4.20643e-06 5.1676e-19
-0.000155219 -4.16404e-06 5.16758e-19
-0.000155101 -4.13169e-06 5.16757e-19
-0.000155032 -4.1093e-06 5.16757e-19
-0.000155009 -4.09684e-06 5.16756e-19
-0.000155032 -4.09434e-06 5.16756e-19
-0.000155101 -4.10176e-06 5.16757e-19
-0.000155214 -4.11892e-06 5.16757e-19
-0.000155369 -4.1453e-06 5.16758e-19
-0.000155561 -4.18018e-06 5.16759e-19
-0.000155786 -4.22279e-06 5.16761e-19
-0.00015604 -4.27236e-06 5.16762e-19
-0.000156319 -4.32816e-06 5.16764e-19
-0.00015662 -4.38949e-06 5.16766e-19
-0.00015694 -4.45568e-06 5.16768e-19
-0.000157274 -4.52608e-06 5.1677e-19
-0.000157621 -4.6001e-06 5.16772e-19
-0.000157977 -4.67714e-06 5.16774e-19
-0.00015834 -4.75668e-06 5.16777e-19
-0.000158707 -4.83828e-06 5.16779e-19
-0.000159078 -4.92161e-06 5.16782e-19
-0.000159452 -5.00645e-06 5.16784e-19
-0.000159827 -5.09264e-06 5.16787e-19
-0.000160205 -5.18006e-06 5.16789e-19
-0.000160584 -5.26866e-06 5.16792e-19
-0.000160965 -5.35845e-06 5.16795e-19
-0.000161349 -5.44944e-06 5.16797e-19
-0.000161736 -5.54167e-06 5.168e-19
-0.000162127 -5.6352e-06 5.16803e-19
-0.000162522 -5.73008e-06 5.16806e-19
-0.000162922 -5.82637e-06 5.16809e-19
-0.000163327 -5.92408e-06 5.16811e-19
-0.000163736 -6.02323e-06 5.16814e-19
-0.000164152 -6.12378e-06 5.16817e-19
-0.000164572 -6.22568e-06 5.1682e-19
-0.000164996 -6.32875e-06 5.16823e-19
-0.000165423 -6.43259e-06 5.16826e-19
-0.000165849 -6.53663e-06 5.1683e-19
-0.000166271 -6.64026e-06 5.16833e-19
-0.000166687 -6.74287e-06 5.16836e-19
-0.000167093 -6.84394e-06 5.16839e-19
-0.000167488 -6.94297e-06 5.16842e-19
-0.000167868 -7.03948e-06 5.16844e-19
-0.000168231 -7.13298e-06 5.16847e-19
-0.000168575 -7.22297e-06 5.1685e-19
-0.000168896 -7.30893e-06 5.16852e-19
-0.000169193 -7.39038e-06 5.16855e-19
-0.000169463 -7.46688e-06 5.16857e-19
-0.000169704 -7.538e-06 5.16859e-19
-0.000169914 -7.60334e-06 5.16861e-19
-0.000170091 -7.66257e-06 5.16862e-19
-0.000170235 -7.71548e-06 5.16864e-19
-0.000170346 -7.76207e-06 5.16865e-19
-0.000170424 -7.8025e-06 5.16866e-19
-0.000170471 -7.83698e-06 5.16867e-19
-0.00017049 -7.86594e-06 5.16868e-19
-0.000170484 -7.89004e-06 5.16868e-19
-0.000170457 -7.91018e-06 5.16869e-19
-0.000170415 -7.92731e-06 5.16869e-19
-0.000170362 -7.94239e-06 5.1687e-19
-0.000170304 -7.95642e-06 5.1687e-19
-0.000170247 -7.97037e-06 5.1687e-19
-0.000170194 -7.98519e-06 5.16871e-19
-0.000170152 -8.00182e-06 5.16871e-19
-0.000170124 -8.02115e-06 5.16871e-19
-0.000170115 -8.04403e-06 5.16872e-19
-0.00017013 -8.07124e-06 5.16873e-19
-0.000170171 -8.1034e-06 5.16874e-19
-0.000170241 -8.14092e-06 5.16875e-19
-0.00017034 -8.18402e-06 5.16876e-19
-0.000170471 -8.23279e-06 5.16877e-19
-0.000170631 -8.28723e-06 5.16879e-19
-0.000170822 -8.34724e-06 5.16881e-19
-0.000171041 -8.41258e-06 5.16883e-19
-0.000171287 -8.48295e-06 5.16885e-19
-0.000171557 -8.55797e-06 5.16887e-19
-0.00017185 -8.63717e-06 5.16889e-19
-0.000172162 -8.72002e-06 5.16892e-19
-0.00017249 -8.80591e-06 5.16894e-19
-0.00017283 -8.89422e-06 5.16897e-19
-0.000173178 -8.98431e-06 5.169e-19
-0.000173531 -9.07552e-06 5.16903e-19
-0.000173885 -9.16718e-06 5.16905e-19
-0.000174236 -9.2586e-06 5.16908e-19
-0.00017458 -9.34901e-06 5.16911e-19
-0.000174912 -9.43761e-06 5.16914e-19
-0.000175228 -9.52363e-06 5.16916e-19
-0.000175524 -9.60628e-06 5.16919e-19
-0.000175795 -9.68467e-06 5.16921e-19
-0.000176036 -9.75787e-06 5.16923e-19
-0.000176243 -9.82501e-06 5.16925e-19
-0.000176412 -9.88537e-06 5.16927e-19
-0.00017654 -9.93845e-06 5.16929e-19
-0.000176627 -9.98391e-06 5.1693e-19
-0.00017667 -1.00216e-05 5.16931e-19
-0.000176669 -1.00513e-05 5.16932e-19
-0.000176624 -1.00729e-05 5.16932e-19
-0.000176536 -1.00865e-05 5.16933e-19
-0.000176404 -1.0092e-05 5.16933e-19
-0.00017623 -1.00897e-05 5.16932e-19
-0.000176018 -1.00802e-05 5.16932e-19
-0.000175771 -1.00641e-05 5.16931e-19
-0.000175495 -1.00424e-05 5.16931e-19
-0.000175194 -1.00161e-05 5.1693e-19
-0.000174874 -9.98606e-06 5.16929e-19
-0.00017454 -9.95348e-06 5.16927e-19
-0.0001742 -9.91944e-06 5.16926e-19
-0.000173859 -9.88513e-06 5.16925e-19
-0.000173523 -9.85176e-06 5.16924e-19
-0.0001732 -9.82061e-06 5.16923e-19
-0.000172895 -9.79289e-06 5.16922e-19
-0.000172614 -9.76976e-06 5.16921e-19
-0.000172363 -9.75221e-06 5.1692e-19
-0.000172146 -9.74112e-06 5.1692e-19
-0.000171968 -9.73727e-06 5.1692e-19
-0.000171831 -9.74132e-06 5.1692e-19
-0.000171738 -9.75372e-06 5.1692e-19
-0.00017169 -9.7748e-06 5.1692e-19
-0.000171688 -9.80477e-06 5.16921e-19
-0.000171734 -9.84378e-06 5.16922e-19
-0.000171827 -9.89199e-06 5.16924e-19
-0.000171968 -9.94954e-06 5.16925e-19
-0.000172157 -1.00165e-05 5.16927e-19
-0.000172393 -1.00928e-05 5.16929e-19
-0.000172676 -1.01782e-05 5.16932e-19
-0.000173003 -1.02726e-05 5.16935e-19
-0.000173373 -1.03755e-05 5.16938e-19
-0.000173783 -1.04865e-05 5.16941e-19
-0.000174231 -1.06052e-05 5.16944e-19
-0.000174712 -1.07308e-05 5.16948e-19
-0.000175223 -1.08626e-05 5.16952e-19
-0.000175762 -1.10001e-05 5.16956e-19
-0.000176324 -1.11427e-05 5.1696e-19
-0.000176908 -1.12899e-05 5.16965e-19
-0.000177511 -1.14413e-05 5.16969e-19
-0.000178132 -1.15966e-05 5.16974e-19
-0.000178768 -1.17554e-05 5.16979e-19
-0.00017942 -1.19176e-05 5.16983e-19
-0.000180086 -1.2083e-05 5.16988e-19
-0.000180764 -1.22514e-05 5.16993e-19
-0.000181454 -1.24223e-05 5.16998e-19
-0.000182152 -1.25953e-05 5.17004e-19
-0.000182856 -1.27697e-05 5.17009e-19
-0.000183564 -1.2945e-05 5.17014e-19
-0.00018427 -1.31203e-05 5.17019e-19
-0.000184973 -1.32948e-05 5.17024e-19
-0.000185666 -1.34675e-05 5.17029e-19
-0.000186347 -1.36378e-05 5.17034e-19
-0.000187013 -1.38051e-05 5.17039e-19
-0.000187664 -1.39691e-05 5.17044e-19
-0.000188298 -1.41297e-05 5.17049e-19
-0.000188915 -1.42867e-05 5.17054e-19
-0.000189516 -1.44402e-05 5.17058e-19
-0.0001901 -1.45902e-05 5.17063e-19
-0.000190668 -1.4737e-05 5.17067e-19
-0.000191222 -1.48806e-05 5.17071e-19
-0.000191762 -1.50214e-05 5.17075e-19
-0.000192289 -1.51594e-05 5.17079e-19
-0.000192804 -1.52951e-05 5.17083e-19
-0.000193307 -1.54284e-05 5.17087e-19
-0.000193799 -1.55593e-05 5.17091e-19
-0.000194277 -1.56877e-05 5.17095e-19
-0.000194741 -1.58133e-05 5.17099e-19
-0.000195189 -1.59358e-05 5.17102e-19
-0.000195621 -1.60551e-05 5.17106e-19
-0.000196035 -1.61712e-05 5.17109e-19
-0.000196431 -1.62839e-05 5.17112e-19
-0.000196808 -1.63932e-05 5.17115e-19
-0.000197165 -1.64988e-05 5.17118e-19
-0.000197502 -1.66008e-05 5.17121e-19
-0.000197819 -1.6699e-05 5.17124e-19
-0.000198114 -1.67933e-05 5.17127e-19
-0.000198386 -1.68835e-05 5.1713e-19
-0.000198635 -1.69693e-05 5.17132e-19
-0.000198859 -1.70505e-05 5.17134e-19
-0.000199057 -1.71269e-05 5.17136e-19
-0.000199229 -1.71983e-05 5.17138e-19
-0.000199375 -1.72646e-05 5.1714e-19
-0.000199495 -1.73259e-05 5.17142e-19
-0.000199591 -1.73823e-05 5.17143e-19
-0.000199662 -1.74338e-05 5.17145e-19
-0.000199712 -1.74809e-05 5.17146e-19
-0.000199743 -1.75239e-05 5.17147e-19
-0.000199757 -1.75633e-05 5.17148e-19
-0.000199759 -1.75997e-05 5.17149e-19
-0.000199752 -1.7634e-05 5.1715e-19
-0.000199742 -1.76669e-05 5.17151e-19
-0.000199731 -1.76991e-05 5.17152e-19
-0.000199723 -1.77311e-05 5.17153e-19
-0.000199721 -1.77636e-05 5.17153e-19
-0.000199728 -1.77969e-05 5.17154e-19
-0.000199746 -1.78314e-05 5.17155e-19
-0.000199778 -1.78678e-05 5.17156e-19
-0.000199827 -1.79064e-05 5.17157e-19
-0.000199895 -1.79479e-05 5.17159e-19
-0.000199983 -1.79924e-05 5.1716e-19
-0.000200092 -1.80401e-05 5.17161e-19
-0.000200222 -1.80909e-05 5.17163e-19
-0.00020037 -1.81445e-05 5.17164e-19
-0.000200537 -1.82007e-05 5.17166e-19
-0.000200719 -1.82593e-05 5.17168e-19
-0.000200918 -1.83203e-05 5.1717e-19
-0.00020113 -1.83835e-05 5.17171e-19
-0.000201355 -1.84485e-05 5.17173e-19
-0.000201589 -1.85151e-05 5.17175e-19
-0.00020183 -1.85824e-05 5.17177e-19
-0.000202072 -1.86499e-05 5.1718e-19
-0.000202313 -1.87171e-05 5.17182e-19
-0.00020255 -1.87834e-05 5.17184e-19
-0.000202782 -1.88486e-05 5.17186e-19
-0.000203005 -1.89126e-05 5.17188e-19
-0.000203218 -1.89751e-05 5.17189e-19
-0.000203419 -1.90354e-05 5.17191e-19
-0.000203602 -1.90927e-05 5.17193e-19
-0.000203763 -1.91463e-05 5.17195e-19
-0.0002039 -1.91955e-05 5.17196e-19
-0.000204009 -1.92398e-05 5.17197e-19
-0.000204087 -1.92787e-05 5.17198e-19
-0.000204134 -1.93118e-05 5.17199e-19
-0.000204147 -1.93389e-05 5.172e-19
-0.000204127 -1.93602e-05 5.17201e-19
-0.000204076 -1.93756e-05 5.17201e-19
-0.000203995 -1.93857e-05 5.17201e-19
-0.000203886 -1.93908e-05 5.17201e-19
-0.000203753 -1.93914e-05 5.17201e-19
-0.000203597 -1.93879e-05 5.17201e-19
-0.000203423 -1.93811e-05 5.17201e-19
-0.000203235 -1.93716e-05 5.172e-19
-0.000203037 -1.93603e-05 5.172e-19
-0.000202834 -1.93481e-05 5.17199e-19
-0.000202631 -1.9336e-05 5.17199e-19
-0.000202435 -1.93249e-05 5.17198e-19
-0.000202249 -1.93157e-05 5.17198e-19
-0.000202078 -1.93095e-05 5.17198e-19
-0.000201928 -1.93069e-05 5.17197e-19
-0.000201802 -1.93088e-05 5.17197e-19
-0.000201704 -1.93159e-05 5.17198e-19
-0.000201637 -1.93286e-05 5.17198e-19
-0.000201602 -1.93475e-05 5.17198e-19
-0.000201604 -1.9373e-05 5.17199e-19
-0.000201643 -1.94056e-05 5.172e-19
-0.000201723 -1.94457e-05 5.17201e-19
-0.000201844 -1.94936e-05 5.17202e-19
-0.000202008 -1.95496e-05 5.17204e-19
-0.000202214 -1.96137e-05 5.17206e-19
-0.000202461 -1.96856e-05 5.17208e-19
-0.000202747 -1.9765e-05 5.1721e-19
-0.00020307 -1.98514e-05 5.17213e-19
-0.000203426 -1.99443e-05 5.17215e-19
-0.000203812 -2.00429e-05 5.17218e-19
-0.000204222 -2.01463e-05 5.17221e-19
-0.000204654 -2.02537e-05 5.17225e-19
-0.000205103 -2.03645e-05 5.17228e-19
-0.000205565 -2.0478e-05 5.17231e-19
-0.000206038 -2.05935e-05 5.17235e-19
-0.000206517 -2.07103e-05 5.17238e-19
-0.000206998 -2.08273e-05 5.17242e-19
-0.000207474 -2.09435e-05 5.17245e-19
-0.000207941 -2.10577e-05 5.17248e-19
-0.000208394 -2.11688e-05 5.17252e-19
-0.000208826 -2.12758e-05 5.17255e-19
-0.000209236 -2.13778e-05 5.17258e-19
-0.000209619 -2.14741e-05 5.17261e-19
-0.000209971 -2.15639e-05 5.17263e-19
-0.000210292 -2.16469e-05 5.17266e-19
-0.000210581 -2.17227e-05 5.17268e-19
-0.000210837 -2.17912e-05 5.1727e-19
-0.000211061 -2.18524e-05 5.17272e-19
-0.000211255 -2.19066e-05 5.17273e-19
-0.00021142 -2.19541e-05 5.17275e-19
-0.000211561 -2.19956e-05 5.17276e-19
-0.000211681 -2.20315e-05 5.17277e-19
-0.000211782 -2.20626e-05 5.17278e-19
-0.00021187 -2.20896e-05 5.17278e-19
-0.000211948 -2.21132e-05 5.17279e-19
-0.000212019 -2.21339e-05 5.1728e-19
-0.000212083 -2.2152e-05 5.1728e-19
-0.000212142 -2.21674e-05 5.17281e-19
-0.000212194 -2.218e-05 5.17281e-19
-0.00021224 -2.21895e-05 5.17281e-19
-0.000212278 -2.21962e-05 5.17282e-19
-0.000212311 -2.22002e-05 5.17282e-19
-0.000212338 -2.22017e-05 5.17282e-19
-0.00021236 -2.22007e-05 5.17282e-19
-0.000212377 -2.21975e-05 5.17282e-19
-0.00021239 -2.21923e-05 5.17282e-19
-0.000212399 -2.21853e-05 5.17281e-19
-0.000212404 -2.21763e-05 5.17281e-19
-0.000212401 -2.2165e-05 5.17281e-19
-0.000212386 -2.21505e-05 5.17281e-19
-0.000212355 -2.21321e-05 5.1728e-19
-0.000212305 -2.2109e-05 5.17279e-19
-0.00021223 -2.20805e-05 5.17279e-19
-0.000212129 -2.20461e-05 5.17278e-19
-0.000211997 -2.20053e-05 5.17277e-19
-0.000211832 -2.19574e-05 5.17275e-19
-0.000211632 -2.1902e-05 5.17274e-19
-0.000211394 -2.18387e-05 5.17272e-19
-0.000211115 -2.17669e-05 5.1727e-19
-0.000210795 -2.16863e-05 5.17267e-19
-0.000210431 -2.15966e-05 5.17265e-19
-0.000210022 -2.14974e-05 5.17262e-19
-0.000209567 -2.13885e-05 5.17258e-19
-0.000209067 -2.12697e-05 5.17255e-19
-0.000208521 -2.1141e-05 5.17251e-19
-0.000207931 -2.10027e-05 5.17247e-19
-0.000207298 -2.08548e-05 5.17242e-19
-0.000206626 -2.06978e-05 5.17238e-19
-0.000205917 -2.05322e-05 5.17233e-19
-0.000205177 -2.03588e-05 5.17227e-19
-0.000204409 -2.01784e-05 5.17222e-19
-0.000203618 -1.99918e-05 5.17216e-19
-0.000202811 -1.98002e-05 5.17211e-19
-0.000201995 -1.96047e-05 5.17205e-19
-0.000201175 -1.94066e-05 5.17199e-19
-0.000200357 -1.92069e-05 5.17193e-19
-0.000199547 -1.90068e-05 5.17187e-19
-0.000198751 -1.88072e-05 5.17181e-19
-0.000197974 -1.86091e-05 5.17175e-19
-0.000197218 -1.84132e-05 5.1717e-19
-0.000196486 -1.82199e-05 5.17164e-19
-0.000195779 -1.80294e-05 5.17158e-19
-0.000195097 -1.78418e-05 5.17153e-19
-0.000194439 -1.7657e-05 5.17147e-19
-0.000193806 -1.7475e-05 5.17142e-19
-0.000193196 -1.72957e-05 5.17137e-19
-0.000192607 -1.7119e-05 5.17132e-19
-0.00019204 -1.69446e-05 5.17127e-19
-0.000191491 -1.67724e-05 5.17122e-19
-0.000190959 -1.66021e-05 5.17117e-19
-0.000190442 -1.64336e-05 5.17112e-19
-0.000189938 -1.62665e-05 5.17107e-19
-0.000189445 -1.61005e-05 5.17103e-19
-0.00018896 -1.59352e-05 5.17098e-19
-0.000188481 -1.57703e-05 5.17093e-19
-0.000188004 -1.56054e-05 5.17089e-19
-0.000187528 -1.544e-05 5.17084e-19
-0.000187049 -1.52737e-05 5.17079e-19
-0.000186564 -1.5106e-05 5.17074e-19
-0.000186072 -1.49366e-05 5.17069e-19
-0.000185572 -1.47652e-05 5.17065e-19
-0.000185061 -1.45917e-05 5.1706e-19
-0.000184539 -1.44159e-05 5.17055e-19
-0.000184007 -1.42378e-05 5.17049e-19
-0.000183464 -1.40574e-05 5.17044e-19
-0.00018291 -1.38748e-05 5.17039e-19
-0.000182345 -1.36899e-05 5.17034e-19
-0.000181772 -1.3503e-05 5.17028e-19
-0.000181192 -1.33144e-05 5.17023e-19
-0.000180607 -1.31248e-05 5.17017e-19
-0.000180021 -1.29345e-05 5.17012e-19
-0.000179438 -1.27442e-05 5.17006e-19
-0.000178859 -1.25543e-05 5.17001e-19
-0.000178286 -1.23651e-05 5.16995e-19
-0.000177722 -1.21767e-05 5.1699e-19
-0.000177168 -1.19897e-05 5.16984e-19
-0.000176627 -1.18044e-05 5.16979e-19
-0.000176102 -1.16213e-05 5.16973e-19
-0.000175595 -1.14409e-05 5.16968e-19
-0.000175109 -1.12636e-05 5.16963e-19
-0.000174644 -1.10896e-05 5.16958e-19
-0.000174201 -1.0919e-05 5.16953e-19
-0.000173782 -1.0752e-05 5.16948e-19
-0.000173384 -1.05884e-05 5.16944e-19
-0.000173008 -1.0428e-05 5.16939e-19
-0.000172651 -1.02704e-05 5.16935e-19
-0.00017231 -1.01152e-05 5.1693e-19
-0.000171983 -9.96194e-06 5.16926e-19
-0.000171669 -9.8104e-06 5.16922e-19
-0.000171367 -9.66035e-06 5.16917e-19
-0.000171074 -9.51159e-06 5.16913e-19
-0.000170789 -9.36389e-06 5.16909e-19
-0.00017051 -9.21698e-06 5.16905e-19
-0.000170235 -9.07054e-06 5.16901e-19
-0.000169963 -8.92428e-06 5.16897e-19
-0.00016969 -8.77787e-06 5.16892e-19
-0.000169416 -8.63096e-06 5.16888e-19
-0.000169136 -8.48315e-06 5.16884e-19
-0.000168851 -8.33408e-06 5.1688e-19
-0.000168556 -8.18339e-06 5.16876e-19
-0.00016825 -8.03063e-06 5.16871e-19
-0.000167931 -7.87537e-06 5.16867e-19
-0.000167596 -7.71719e-06 5.16862e-19
-0.000167244 -7.55581e-06 5.16858e-19
-0.000166875 -7.39121e-06 5.16853e-19
-0.000166489 -7.22352e-06 5.16848e-19
-0.000166088 -7.05296e-06 5.16843e-19
-0.000165673 -6.87984e-06 5.16838e-19
-0.000165246 -6.70458e-06 5.16833e-19
-0.00016481 -6.52771e-06 5.16828e-19
-0.000164369 -6.34979e-06 5.16823e-19
-0.000163924 -6.17139e-06 5.16818e-19
-0.00016348 -5.99313e-06 5.16813e-19
-0.000163039 -5.81564e-06 5.16808e-19
-0.000162605 -5.63953e-06 5.16803e-19
-0.000162181 -5.46535e-06 5.16798e-19
-0.000161768 -5.29346e-06 5.16793e-19
-0.000161368 -5.12413e-06 5.16788e-19
-0.000160982 -4.95755e-06 5.16783e-19
-0.00016061 -4.7938e-06 5.16779e-19
-0.000160252 -4.63277e-06 5.16774e-19
-0.000159907 -4.47423e-06 5.1677e-19
-0.000159573 -4.31787e-06 5.16765e-19
-0.000159248 -4.1633e-06 5.16761e-19
-0.000158928 -4.01004e-06 5.16757e-19
-0.000158613 -3.85756e-06 5.16752e-19
-0.000158297 -3.70526e-06 5.16748e-19
-0.000157978 -3.55252e-06 5.16744e-19
-0.000157652 -3.39868e-06 5.16739e-19
-0.000157315 -3.24307e-06 5.16735e-19
-0.000156964 -3.08502e-06 5.1673e-19
-0.000156595 -2.92393e-06 5.16726e-19
-0.000156206 -2.75935e-06 5.16721e-19
-0.000155793 -2.59099e-06 5.16717e-19
-0.000155352 -2.41811e-06 5.16712e-19
-0.000154883 -2.24091e-06 5.16707e-19
-0.000154389 -2.05948e-06 5.16701e-19
-0.000153867 -1.8736e-06 5.16696e-19
-0.000153317 -1.68343e-06 5.16691e-19
-0.00015274 -1.48901e-06 5.16685e-19
-0.000152138 -1.2908e-06 5.16679e-19
-0.000151511 -1.08928e-06 5.16673e-19
-0.000150864 -8.85084e-07 5.16667e-19
-0.000150199 -6.7881e-07 5.16662e-19
-0.000149519 -4.71015e-07 5.16655e-19
-0.000148825 -2.62172e-07 5.16649e-19
-0.000148121 -5.28236e-08 5.16643e-19
-0.000147409 1.56581e-07 5.16637e-19
-0.000146689 3.65788e-07 5.16631e-19
-0.000145963 5.74695e-07 5.16625e-19
-0.000145232 7.83182e-07 5.16619e-19
-0.000144495 9.91215e-07 5.16613e-19
-0.000143753 1.19898e-06 5.16607e-19
-0.000143004 1.40679e-06 5.16601e-19
-0.000142246 1.61499e-06 5.16594e-19
-0.000141481 1.82378e-06 5.16588e-19
-0.000140707 2.03306e-06 5.16582e-19
-0.000139927 2.24257e-06 5.16576e-19
-0.000139143 2.45203e-06 5.1657e-19
-0.000138356 2.66101e-06 5.16564e-19
-0.000137571 2.86888e-06 5.16557e-19
-0.000136792 3.07487e-06 5.16551e-19
-0.000136022 3.27819e-06 5.16545e-19
-0.000135266 3.47798e-06 5.16539e-19
-0.000134529 3.67318e-06 5.16534e-19
-0.000133817 3.86263e-06 5.16528e-19
-0.000133135 4.04521e-06 5.16523e-19
-0.000132489 4.21991e-06 5.16518e-19
-0.000131882 4.38598e-06 5.16513e-19
-0.000131316 4.5428e-06 5.16508e-19
-0.000130794 4.68991e-06 5.16504e-19
-0.000130318 4.82685e-06 5.165e-19
-0.000129889 4.95323e-06 5.16496e-19
-0.000129509 5.06864e-06 5.16493e-19
-0.00012918 5.17278e-06 5.1649e-19
-0.0001289 5.26543e-06 5.16487e-19
-0.000128672 5.34643e-06 5.16485e-19
-0.000128505 5.41419e-06 5.16483e-19
-0.000128391 5.46985e-06 5.16482e-19
-0.000128322 5.51436e-06 5.1648e-19
-0.000128302 5.5472e-06 5.16479e-19
-0.000128326 5.56899e-06 5.16479e-19
-0.000128395 5.57967e-06 5.16479e-19
-0.000128505 5.57969e-06 5.16479e-19
-0.000128655 5.56926e-06 5.16479e-19
-0.000128842 5.54883e-06 5.1648e-19
-0.000129064 5.5187e-06 5.16481e-19
-0.000129319 5.47932e-06 5.16482e-19
-0.000129604 5.43111e-06 5.16484e-19
-0.000129917 5.37458e-06 5.16486e-19
-0.000130255 5.31016e-06 5.16488e-19
-0.000130614 5.23838e-06 5.1649e-19
-0.000130993 5.15986e-06 5.16492e-19
-0.000131388 5.07535e-06 5.16495e-19
-0.000131794 4.98554e-06 5.16497e-19
-0.00013221 4.89111e-06 5.165e-19
-0.00013263 4.79282e-06 5.16503e-19
-0.000133053 4.69147e-06 5.16506e-19
-0.000133475 4.58778e-06 5.16509e-19
-0.000133893 4.48226e-06 5.16512e-19
-0.000134316 4.3741e-06 5.16515e-19
-0.000134734 4.26472e-06 5.16519e-19
-0.000135141 4.1551e-06 5.16522e-19
-0.000135542 4.04485e-06 5.16525e-19
-0.000135937 3.9339e-06 5.16528e-19
-0.00013633 3.82121e-06 5.16532e-19
-0.000136727 3.70608e-06 5.16535e-19
-0.00013713 3.58766e-06 5.16538e-19
-0.000137543 3.46559e-06 5.16542e-19
-0.000137967 3.33954e-06 5.16545e-19
-0.000138404 3.20936e-06 5.16549e-19
-0.000138854 3.07493e-06 5.16553e-19
-0.000139317 2.93638e-06 5.16557e-19
-0.000139792 2.79396e-06 5.16561e-19
-0.000140278 2.64802e-06 5.16565e-19
-0.000140773 2.49882e-06 5.1657e-19
-0.000141276 2.34657e-06 5.16574e-19
-0.000141788 2.1914e-06 5.16578e-19
-0.000142306 2.03346e-06 5.16583e-19
-0.000142831 1.87282e-06 5.16588e-19
-0.000143364 1.70934e-06 5.16592e-19
-0.000143905 1.54272e-06 5.16597e-19
-0.000144457 1.37271e-06 5.16602e-19
-0.000145019 1.19901e-06 5.16607e-19
-0.000145593 1.02135e-06 5.16612e-19
-0.000146181 8.39421e-07 5.16618e-19
-0.000146783 6.52962e-07 5.16623e-19
-0.000147401 4.61795e-07 5.16628e-19
-0.000148034 2.65963e-07 5.16634e-19
-0.00014868 6.5651e-08 5.1664e-19
-0.00014934 -1.38923e-07 5.16646e-19
-0.000150011 -3.47602e-07 5.16652e-19
-0.000150695 -5.60375e-07 5.16658e-19
-0.000151391 -7.77325e-07 5.16664e-19
-0.000152099 -9.98556e-07 5.16671e-19
-0.000152821 -1.22417e-06 5.16677e-19
-0.000153558 -1.45429e-06 5.16684e-19
-0.000154308 -1.68903e-06 5.16691e-19
-0.000155074 -1.92851e-06 5.16698e-19
-0.000155856 -2.1728e-06 5.16705e-19
-0.000156654 -2.42182e-06 5.16712e-19
-0.000157466 -2.67546e-06 5.1672e-19
-0.000158293 -2.93352e-06 5.16727e-19
-0.000159132 -3.19563e-06 5.16735e-19
-0.000159979 -3.46135e-06 5.16742e-19
-0.000160838 -3.73069e-06 5.1675e-19
-0.000161706 -4.00338e-06 5.16758e-19
-0.000162582 -4.27902e-06 5.16766e-19
-0.000163465 -4.55739e-06 5.16774e-19
-0.000164354 -4.83814e-06 5.16783e-19
-0.000165247 -5.12102e-06 5.16791e-19
-0.000166142 -5.40565e-06 5.16799e-19
-0.000167038 -5.69156e-06 5.16807e-19
-0.000167931 -5.97819e-06 5.16816e-19
-0.000168819 -6.26498e-06 5.16824e-19
-0.000169698 -6.55131e-06 5.16832e-19
-0.000170567 -6.83651e-06 5.16841e-19
-0.00017142 -7.11988e-06 5.16849e-19
-0.000172255 -7.40073e-06 5.16857e-19
-0.000173069 -7.6785e-06 5.16865e-19
-0.00017386 -7.95293e-06 5.16873e-19
-0.000174629 -8.22396e-06 5.16881e-19
-0.000175374 -8.49161e-06 5.16889e-19
-0.000176097 -8.75587e-06 5.16896e-19
-0.000176795 -9.01661e-06 5.16904e-19
-0.000177468 -9.27364e-06 5.16911e-19
-0.000178116 -9.52678e-06 5.16919e-19
-0.000178738 -9.776e-06 5.16926e-19
-0.000179334 -1.00213e-05 5.16933e-19
-0.000179905 -1.0263e-05 5.1694e-19
-0.000180453 -1.05013e-05 5.16946e-19
-0.00018098 -1.07366e-05 5.16953e-19
-0.000181488 -1.09693e-05 5.1696e-19
-0.000181979 -1.12e-05 5.16966e-19
-0.000182457 -1.14292e-05 5.16973e-19
-0.000182925 -1.16576e-05 5.16979e-19
-0.000183387 -1.1886e-05 5.16986e-19
-0.000183848 -1.21153e-05 5.16992e-19
-0.000184312 -1.23462e-05 5.16998e-19
-0.000184782 -1.25796e-05 5.17005e-19
-0.000185265 -1.28164e-05 5.17012e-19
-0.000185763 -1.30571e-05 5.17018e-19
-0.00018628 -1.33026e-05 5.17025e-19
-0.000186819 -1.35534e-05 5.17032e-19
-0.000187381 -1.38094e-05 5.1704e-19
-0.000187966 -1.40706e-05 5.17047e-19
-0.000188572 -1.43366e-05 5.17055e-19
-0.000189199 -1.4607e-05 5.17062e-19
-0.000189845 -1.48817e-05 5.1707e-19
-0.000190511 -1.51605e-05 5.17078e-19
-0.000191196 -1.54431e-05 5.17086e-19
-0.0001919 -1.57295e-05 5.17094e-19
-0.000192622 -1.60193e-05 5.17103e-19
-0.000193362 -1.63126e-05 5.17111e-19
-0.000194121 -1.66091e-05 5.17119e-19
-0.000194896 -1.69086e-05 5.17128e-19
-0.000195686 -1.72109e-05 5.17137e-19
-0.00019649 -1.75155e-05 5.17145e-19
-0.000197307 -1.78218e-05 5.17154e-19
-0.000198134 -1.81293e-05 5.17163e-19
-0.000198969 -1.84376e-05 5.17172e-19
-0.000199809 -1.87459e-05 5.17181e-19
-0.000200652 -1.90535e-05 5.1719e-19
-0.000201494 -1.93599e-05 5.17198e-19
-0.000202336 -1.96648e-05 5.17207e-19
-0.000203175 -1.9968e-05 5.17216e-19
-0.000204012 -2.02695e-05 5.17225e-19
-0.000204847 -2.05691e-05 5.17233e-19
-0.00020568 -2.08669e-05 5.17242e-19
-0.000206509 -2.11625e-05 5.1725e-19
-0.000207333 -2.14558e-05 5.17259e-19
-0.000208156 -2.17473e-05 5.17267e-19
-0.000208975 -2.20366e-05 5.17276e-19
-0.000209788 -2.2323e-05 5.17284e-19
-0.000210589 -2.26054e-05 5.17292e-19
-0.000211376 -2.28832e-05 5.173e-19
-0.000212144 -2.31557e-05 5.17308e-19
-0.000212892 -2.34223e-05 5.17315e-19
-0.000213617 -2.36826e-05 5.17323e-19
-0.000214317 -2.39361e-05 5.1733e-19
-0.000214989 -2.4182e-05 5.17337e-19
-0.000215631 -2.442e-05 5.17344e-19
-0.00021624 -2.46494e-05 5.17351e-19
-0.000216812 -2.48695e-05 5.17357e-19
-0.000217348 -2.50802e-05 5.17363e-19
-0.000217847 -2.52813e-05 5.17369e-19
-0.000218309 -2.54729e-05 5.17374e-19
-0.000218734 -2.5655e-05 5.17379e-19
-0.000219122 -2.58273e-05 5.17384e-19
-0.000219471 -2.59893e-05 5.17389e-19
-0.000219779 -2.61408e-05 5.17393e-19
-0.000220047 -2.62816e-05 5.17397e-19
-0.000220276 -2.6412e-05 5.17401e-19
-0.000220468 -2.65323e-05 5.17404e-19
-0.000220628 -2.66434e-05 5.17407e-19
-0.000220758 -2.67457e-05 5.1741e-19
-0.000220859 -2.68393e-05 5.17413e-19
-0.000220932 -2.69241e-05 5.17415e-19
-0.000220977 -2.70002e-05 5.17417e-19
-0.000220994 -2.70675e-05 5.17419e-19
-0.000220986 -2.71264e-05 5.1742e-19
-0.000220955 -2.71774e-05 5.17422e-19
-0.000220906 -2.72211e-05 5.17423e-19
-0.000220839 -2.7258e-05 5.17424e-19
-0.000220758 -2.72883e-05 5.17424e-19
-0.000220663 -2.73124e-05 5.17425e-19
-0.000220556 -2.73303e-05 5.17425e-19
-0.000220439 -2.73422e-05 5.17425e-19
-0.000220313 -2.73488e-05 5.17426e-19
-0.000220183 -2.73509e-05 5.17426e-19
-0.000220053 -2.73492e-05 5.17425e-19
-0.000219925 -2.73443e-05 5.17425e-19
-0.000219804 -2.73371e-05 5.17425e-19
-0.000219693 -2.73282e-05 5.17425e-19
-0.000219594 -2.73182e-05 5.17424e-19
-0.00021951 -2.73076e-05 5.17424e-19
-0.00021944 -2.72964e-05 5.17424e-19
-0.000219384 -2.72845e-05 5.17423e-19
-0.00021934 -2.72717e-05 5.17423e-19
-0.000219308 -2.72579e-05 5.17423e-19
-0.000219285 -2.72428e-05 5.17422e-19
-0.000219272 -2.72266e-05 5.17422e-19
-0.000219269 -2.72092e-05 5.17421e-19
-0.000219275 -2.71905e-05 5.17421e-19
-0.000219287 -2.71702e-05 5.1742e-19
-0.000219303 -2.7148e-05 5.1742e-19
-0.000219321 -2.71233e-05 5.17419e-19
-0.000219338 -2.70956e-05 5.17419e-19
-0.000219351 -2.70647e-05 5.17418e-19
-0.000219359 -2.70301e-05 5.17417e-19
-0.000219359 -2.69916e-05 5.17416e-19
-0.00021935 -2.69486e-05 5.17415e-19
-0.000219326 -2.69004e-05 5.17414e-19
-0.000219283 -2.68457e-05 5.17412e-19
-0.000219214 -2.67837e-05 5.1741e-19
-0.000219116 -2.67132e-05 5.17408e-19
-0.000218986 -2.66338e-05 5.17406e-19
-0.00021882 -2.65448e-05 5.17404e-19
-0.000218617 -2.64459e-05 5.17401e-19
-0.000218375 -2.63368e-05 5.17398e-19
-0.000218092 -2.62168e-05 5.17394e-19
-0.000217765 -2.60854e-05 5.17391e-19
-0.000217392 -2.59422e-05 5.17387e-19
-0.000216971 -2.57867e-05 5.17382e-19
-0.000216501 -2.56186e-05 5.17377e-19
-0.000215983 -2.54381e-05 5.17372e-19
-0.000215418 -2.52451e-05 5.17366e-19
-0.000214806 -2.50398e-05 5.1736e-19
-0.00021415 -2.48228e-05 5.17354e-19
-0.000213453 -2.45946e-05 5.17347e-19
-0.000212719 -2.43559e-05 5.17341e-19
-0.000211952 -2.41076e-05 5.17333e-19
-0.000211156 -2.38504e-05 5.17326e-19
-0.000210337 -2.35854e-05 5.17318e-19
-0.000209497 -2.33133e-05 5.1731e-19
-0.000208641 -2.30349e-05 5.17302e-19
-0.000207773 -2.27511e-05 5.17294e-19
-0.000206896 -2.24626e-05 5.17285e-19
-0.000206015 -2.21703e-05 5.17277e-19
-0.000205133 -2.18749e-05 5.17268e-19
-0.000204251 -2.1577e-05 5.1726e-19
-0.000203374 -2.12771e-05 5.17251e-19
-0.000202503 -2.09759e-05 5.17242e-19
-0.000201641 -2.06739e-05 5.17234e-19
-0.000200789 -2.03716e-05 5.17225e-19
-0.000199951 -2.00697e-05 5.17216e-19
-0.000199126 -1.97684e-05 5.17207e-19
-0.000198316 -1.94678e-05 5.17199e-19
-0.000197522 -1.91685e-05 5.1719e-19
-0.000196744 -1.88706e-05 5.17182e-19
-0.000195983 -1.85746e-05 5.17173e-19
-0.000195241 -1.82806e-05 5.17165e-19
-0.000194516 -1.79887e-05 5.17157e-19
-0.000193808 -1.76987e-05 5.17148e-19
-0.000193116 -1.74105e-05 5.1714e-19
-0.000192437 -1.71238e-05 5.17132e-19
-0.000191772 -1.68386e-05 5.17124e-19
-0.000191117 -1.65546e-05 5.17116e-19
-0.000190472 -1.62717e-05 5.17108e-19
-0.000189837 -1.59896e-05 5.171e-19
-0.000189209 -1.57083e-05 5.17092e-19
-0.000188589 -1.54282e-05 5.17084e-19
-0.000187976 -1.5149e-05 5.17076e-19
-0.000187372 -1.4871e-05 5.17068e-19
-0.000186775 -1.45938e-05 5.1706e-19
-0.000186184 -1.43173e-05 5.17052e-19
-0.000185597 -1.40411e-05 5.17045e-19
-0.000185012 -1.37649e-05 5.17037e-19
-0.000184427 -1.34883e-05 5.17029e-19
-0.000183839 -1.3211e-05 5.17021e-19
-0.000183247 -1.29324e-05 5.17013e-19
-0.000182647 -1.26521e-05 5.17005e-19
-0.000182037 -1.23693e-05 5.16997e-19
-0.000181411 -1.20831e-05 5.16989e-19
-0.000180766 -1.17929e-05 5.16981e-19
-0.000180097 -1.14977e-05 5.16973e-19
-0.000179402 -1.1197e-05 5.16964e-19
-0.000178676 -1.08902e-05 5.16956e-19
-0.000177919 -1.05768e-05 5.16947e-19
-0.000177126 -1.02563e-05 5.16937e-19
-0.000176295 -9.92811e-06 5.16928e-19
-0.000175423 -9.59159e-06 5.16918e-19
-0.000174507 -9.24617e-06 5.16909e-19
-0.000173544 -8.89139e-06 5.16898e-19
-0.000172533 -8.52697e-06 5.16888e-19
-0.000171472 -8.15282e-06 5.16877e-19
-0.000170363 -7.76891e-06 5.16866e-19
-0.000169205 -7.37537e-06 5.16855e-19
-0.000168 -6.97257e-06 5.16843e-19
-0.00016675 -6.56106e-06 5.16831e-19
-0.000165459 -6.14147e-06 5.16819e-19
-0.000164129 -5.7145e-06 5.16806e-19
-0.000162765 -5.28088e-06 5.16794e-19
-0.000161369 -4.8414e-06 5.16781e-19
-0.000159947 -4.39688e-06 5.16768e-19
-0.000158501 -3.94817e-06 5.16755e-19
-0.000157037 -3.4961e-06 5.16742e-19
-0.000155558 -3.04151e-06 5.16728e-19
-0.000154068 -2.58524e-06 5.16715e-19
-0.000152572 -2.12824e-06 5.16702e-19
-0.000151076 -1.67169e-06 5.16688e-19
-0.000149585 -1.21689e-06 5.16675e-19
-0.000148099 -7.64363e-07 5.16662e-19
-0.000146629 -3.15969e-07 5.16649e-19
-0.000145184 1.26879e-07 5.16636e-19
-0.000143766 5.63556e-07 5.16623e-19
-0.000142382 9.92964e-07 5.16611e-19
-0.000141032 1.41451e-06 5.16598e-19
-0.000139722 1.82736e-06 5.16586e-19
-0.000138453 2.231e-06 5.16575e-19
-0.00013723 2.62483e-06 5.16563e-19
-0.000136052 3.00851e-06 5.16552e-19
-0.000134922 3.38182e-06 5.16541e-19
-0.000133838 3.74479e-06 5.16531e-19
-0.000132801 4.0975e-06 5.16521e-19
-0.000131809 4.44003e-06 5.16511e-19
-0.000130862 4.7723e-06 5.16501e-19
-0.000129961 5.09417e-06 5.16492e-19
-0.000129148 5.39971e-06 5.16484e-19
-0.000128392 5.69302e-06 5.16475e-19
-0.00012767 5.97754e-06 5.16467e-19
-0.000126995 6.25134e-06 5.16459e-19
-0.000126355 6.51636e-06 5.16452e-19
-0.000125753 6.77218e-06 5.16445e-19
-0.00012518 7.02041e-06 5.16438e-19
-0.000124632 7.26173e-06 5.16431e-19
-0.000124102 7.49765e-06 5.16424e-19
-0.000123585 7.72915e-06 5.16418e-19
-0.000123074 7.95748e-06 5.16411e-19
-0.000122564 8.18361e-06 5.16405e-19
-0.00012205 8.40863e-06 5.16399e-19
-0.000121526 8.63342e-06 5.16392e-19
-0.000120989 8.85878e-06 5.16386e-19
-0.000120436 9.08529e-06 5.1638e-19
-0.000119864 9.31351e-06 5.16373e-19
-0.00011927 9.54382e-06 5.16367e-19
-0.000118654 9.77641e-06 5.1636e-19
-0.000118015 1.00113e-05 5.16353e-19
-0.000117354 1.02484e-05 5.16347e-19
-0.000116672 1.04875e-05 5.1634e-19
-0.000115968 1.07284e-05 5.16333e-19
-0.000115246 1.09709e-05 5.16326e-19
-0.000114506 1.12144e-05 5.16319e-19
-0.000113752 1.14586e-05 5.16312e-19
-0.000112986 1.17027e-05 5.16305e-19
-0.000112213 1.19458e-05 5.16298e-19
-0.000111438 1.21869e-05 5.16291e-19
-0.000110665 1.24252e-05 5.16284e-19
-0.000109899 1.26595e-05 5.16277e-19
-0.000109144 1.28892e-05 5.1627e-19
-0.000108404 1.31131e-05 5.16264e-19
-0.000107685 1.33305e-05 5.16257e-19
-0.000106989 1.35405e-05 5.16251e-19
-0.000106321 1.37424e-05 5.16245e-19
-0.000105684 1.39354e-05 5.1624e-19
-0.000105081 1.41187e-05 5.16234e-19
-0.000104516 1.42919e-05 5.16229e-19
-0.00010399 1.44544e-05 5.16224e-19
-0.000103506 1.46058e-05 5.1622e-19
-0.000103066 1.47456e-05 5.16216e-19
-0.000102672 1.48732e-05 5.16212e-19
-0.000102327 1.4988e-05 5.16209e-19
-0.000102034 1.50895e-05 5.16206e-19
-0.000101795 1.51772e-05 5.16203e-19
-0.00010161 1.5251e-05 5.16201e-19
-0.00010148 1.53108e-05 5.16199e-19
-0.000101404 1.53567e-05 5.16198e-19
-0.000101381 1.53887e-05 5.16197e-19
-0.000101412 1.5407e-05 5.16197e-19
-0.000101495 1.54116e-05 5.16197e-19
-0.000101632 1.54024e-05 5.16197e-19
-0.00010182 1.53796e-05 5.16198e-19
-0.00010206 1.53434e-05 5.16199e-19
-0.000102351 1.52937e-05 5.162e-19
-0.000102692 1.52309e-05 5.16202e-19
-0.000103081 1.51552e-05 5.16205e-19
-0.000103517 1.50668e-05 5.16207e-19
-0.000104 1.49662e-05 5.1621e-19
-0.000104526 1.48535e-05 5.16214e-19
-0.000105094 1.47293e-05 5.16218e-19
-0.000105702 1.45938e-05 5.16222e-19
-0.00010635 1.44472e-05 5.16226e-19
-0.000107035 1.42899e-05 5.16231e-19
-0.000107756 1.41223e-05 5.16236e-19
-0.000108509 1.39451e-05 5.16241e-19
-0.000109289 1.37593e-05 5.16246e-19
-0.000110091 1.35659e-05 5.16252e-19
-0.000110911 1.33656e-05 5.16258e-19
-0.000111747 1.31592e-05 5.16264e-19
-0.000112596 1.29468e-05 5.16271e-19
-0.000113458 1.27288e-05 5.16277e-19
-0.000114329 1.25054e-05 5.16284e-19
-0.000115208 1.22772e-05 5.1629e-19
-0.000116093 1.20445e-05 5.16297e-19
-0.000116982 1.18077e-05 5.16304e-19
-0.000117871 1.15673e-05 5.16311e-19
-0.00011876 1.13236e-05 5.16318e-19
-0.000119647 1.10768e-05 5.16326e-19
-0.00012053 1.08272e-05 5.16333e-19
-0.000121409 1.0575e-05 5.1634e-19
-0.000122278 1.0321e-05 5.16348e-19
-0.000123134 1.00661e-05 5.16355e-19
-0.000123973 9.81103e-06 5.16363e-19
-0.000124791 9.55656e-06 5.1637e-19
-0.000125587 9.30312e-06 5.16377e-19
-0.000126358 9.05094e-06 5.16385e-19
-0.000127105 8.80015e-06 5.16392e-19
-0.000127827 8.55091e-06 5.16399e-19
-0.000128521 8.3036e-06 5.16406e-19
-0.000129187 8.05874e-06 5.16413e-19
-0.000129822 7.81677e-06 5.1642e-19
-0.000130425 7.57791e-06 5.16427e-19
-0.000130999 7.34199e-06 5.16433e-19
-0.000131544 7.10855e-06 5.1644e-19
-0.000132066 6.87703e-06 5.16446e-19
-0.000132566 6.64686e-06 5.16453e-19
-0.000133049 6.41753e-06 5.16459e-19
-0.000133516 6.1886e-06 5.16466e-19
-0.000133972 5.9596e-06 5.16472e-19
-0.000134418 5.73007e-06 5.16478e-19
-0.000134858 5.49963e-06 5.16485e-19
-0.000135294 5.26797e-06 5.16491e-19
-0.000135728 5.03479e-06 5.16498e-19
-0.000136162 4.79972e-06 5.16504e-19
-0.000136601 4.56234e-06 5.16511e-19
-0.000137059 4.32022e-06 5.16518e-19
-0.000137558 4.07041e-06 5.16525e-19
-0.000138075 3.81605e-06 5.16532e-19
-0.000138606 3.55744e-06 5.16539e-19
-0.000139164 3.29258e-06 5.16547e-19
-0.000139749 3.02108e-06 5.16554e-19
-0.00014037 2.74146e-06 5.16562e-19
-0.000141031 2.45288e-06 5.1657e-19
-0.00014174 2.15392e-06 5.16579e-19
-0.000142499 1.84366e-06 5.16588e-19
-0.000143315 1.52106e-06 5.16597e-19
-0.00014419 1.18558e-06 5.16607e-19
-0.000145126 8.36732e-07 5.16617e-19
-0.000146124 4.74294e-07 5.16627e-19
-0.000147184 9.81857e-08 5.16638e-19
-0.000148304 -2.9128e-07 5.16649e-19
-0.000149481 -6.93583e-07 5.16661e-19
-0.000150712 -1.10804e-06 5.16673e-19
-0.000151992 -1.53386e-06 5.16685e-19
-0.000153305 -1.96905e-06 5.16698e-19
-0.000154654 -2.41336e-06 5.16711e-19
-0.000156037 -2.86603e-06 5.16724e-19
-0.000157444 -3.32554e-06 5.16738e-19
-0.000158872 -3.79098e-06 5.16751e-19
-0.000160313 -4.26085e-06 5.16765e-19
-0.000161761 -4.73417e-06 5.16779e-19
-0.000163209 -5.20958e-06 5.16793e-19
-0.000164653 -5.68599e-06 5.16806e-19
-0.000166086 -6.1621e-06 5.1682e-19
-0.000167502 -6.63687e-06 5.16834e-19
-0.000168897 -7.10917e-06 5.16848e-19
-0.000170264 -7.57789e-06 5.16861e-19
-0.0001716 -8.0419e-06 5.16875e-19
-0.000172899 -8.50021e-06 5.16888e-19
-0.000174157 -8.9519e-06 5.16901e-19
-0.000175372 -9.39618e-06 5.16914e-19
-0.000176541 -9.83234e-06 5.16926e-19
-0.000177661 -1.02598e-05 5.16939e-19
-0.000178731 -1.06781e-05 5.16951e-19
-0.000179752 -1.10872e-05 5.16962e-19
-0.000180725 -1.1487e-05 5.16974e-19
-0.000181651 -1.18777e-05 5.16985e-19
-0.000182533 -1.22597e-05 5.16996e-19
-0.000183376 -1.26336e-05 5.17006e-19
-0.000184186 -1.30007e-05 5.17016e-19
-0.000184969 -1.33619e-05 5.17027e-19
-0.000185732 -1.37185e-05 5.17037e-19
-0.00018648 -1.40711e-05 5.17047e-19
-0.000187217 -1.44206e-05 5.17056e-19
-0.000187947 -1.47676e-05 5.17066e-19
-0.000188674 -1.51127e-05 5.17076e-19
-0.0001894 -1.54567e-05 5.17086e-19
-0.00019013 -1.58e-05 5.17095e-19
-0.000190867 -1.61431e-05 5.17105e-19
-0.000191614 -1.64865e-05 5.17115e-19
-0.000192375 -1.6831e-05 5.17124e-19
-0.000193153 -1.71771e-05 5.17134e-19
-0.000193953 -1.75256e-05 5.17144e-19
-0.000194776 -1.7877e-05 5.17154e-19
-0.000195627 -1.8232e-05 5.17164e-19
-0.000196508 -1.85913e-05 5.17174e-19
-0.000197423 -1.89554e-05 5.17185e-19
-0.000198372 -1.93248e-05 5.17195e-19
-0.000199358 -1.96997e-05 5.17206e-19
-0.000200375 -2.00792e-05 5.17217e-19
-0.000201424 -2.04632e-05 5.17228e-19
-0.000202509 -2.08527e-05 5.17239e-19
-0.000203628 -2.12472e-05 5.1725e-19
-0.000204779 -2.16466e-05 5.17262e-19
-0.000205962 -2.20505e-05 5.17274e-19
-0.000207173 -2.24585e-05 5.17285e-19
-0.000208412 -2.28704e-05 5.17297e-19
-0.000209676 -2.32855e-05 5.17309e-19
-0.000210964 -2.37037e-05 5.17321e-19
-0.000212274 -2.41245e-05 5.17334e-19
-0.000213601 -2.4547e-05 5.17346e-19
-0.000214944 -2.49706e-05 5.17358e-19
-0.000216298 -2.53948e-05 5.17371e-19
-0.000217662 -2.58189e-05 5.17383e-19
-0.00021903 -2.62418e-05 5.17395e-19
-0.000220399 -2.66629e-05 5.17408e-19
-0.000221764 -2.7081e-05 5.1742e-19
-0.000223123 -2.74954e-05 5.17432e-19
-0.000224469 -2.7905e-05 5.17444e-19
-0.000225802 -2.83092e-05 5.17456e-19
-0.000227116 -2.87072e-05 5.17467e-19
-0.000228409 -2.90983e-05 5.17479e-19
-0.000229679 -2.9482e-05 5.1749e-19
-0.000230924 -2.9858e-05 5.17501e-19
-0.000232143 -3.02259e-05 5.17512e-19
-0.000233334 -3.05854e-05 5.17522e-19
-0.000234496 -3.09359e-05 5.17532e-19
-0.000235625 -3.1277e-05 5.17542e-19
-0.000236719 -3.1608e-05 5.17552e-19
-0.000237776 -3.19286e-05 5.17561e-19
-0.000238794 -3.22383e-05 5.1757e-19
-0.000239773 -3.25373e-05 5.17579e-19
-0.000240711 -3.28252e-05 5.17587e-19
-0.000241609 -3.3102e-05 5.17595e-19
-0.000242463 -3.33673e-05 5.17603e-19
-0.000243271 -3.36204e-05 5.17611e-19
-0.000244029 -3.38607e-05 5.17618e-19
-0.000244735 -3.40879e-05 5.17624e-19
-0.000245388 -3.43018e-05 5.1763e-19
-0.000245988 -3.45023e-05 5.17636e-19
-0.000246535 -3.46896e-05 5.17641e-19
-0.000247029 -3.48638e-05 5.17646e-19
-0.000247469 -3.50248e-05 5.17651e-19
-0.000247856 -3.51726e-05 5.17655e-19
-0.000248189 -3.53071e-05 5.17659e-19
-0.000248469 -3.54286e-05 5.17663e-19
-0.000248696 -3.5537e-05 5.17666e-19
-0.00024887 -3.56325e-05 5.17668e-19
-0.000248995 -3.57154e-05 5.1767e-19
-0.00024907 -3.57862e-05 5.17672e-19
-0.000249101 -3.58454e-05 5.17674e-19
-0.000249092 -3.58939e-05 5.17675e-19
-0.000249046 -3.59326e-05 5.17676e-19
-0.000248969 -3.59624e-05 5.17677e-19
-0.000248869 -3.59846e-05 5.17677e-19
-0.00024875 -3.60005e-05 5.17678e-19
-0.000248621 -3.60113e-05 5.17678e-19
-0.000248489 -3.60185e-05 5.17678e-19
-0.000248359 -3.60232e-05 5.17678e-19
-0.000248238 -3.60265e-05 5.17678e-19
-0.000248131 -3.60297e-05 5.17678e-19
-0.000248045 -3.60335e-05 5.17678e-19
-0.000247981 -3.60387e-05 5.17678e-19
-0.000247944 -3.60457e-05 5.17678e-19
-0.000247934 -3.60548e-05 5.17678e-19
-0.000247953 -3.60662e-05 5.17678e-19
-0.000248003 -3.608e-05 5.17679e-19
-0.000248081 -3.60962e-05 5.17679e-19
-0.000248189 -3.61146e-05 5.1768e-19
-0.000248324 -3.61347e-05 5.1768e-19
-0.000248482 -3.6156e-05 5.17681e-19
-0.000248659 -3.61775e-05 5.17682e-19
-0.00024885 -3.61983e-05 5.17683e-19
-0.000249049 -3.62171e-05 5.17683e-19
-0.000249253 -3.62334e-05 5.17684e-19
-0.000249456 -3.62461e-05 5.17685e-19
-0.000249654 -3.62545e-05 5.17685e-19
-0.000249843 -3.62578e-05 5.17685e-19
-0.000250017 -3.6255e-05 5.17685e-19
-0.000250172 -3.62454e-05 5.17685e-19
-0.000250303 -3.62279e-05 5.17685e-19
-0.000250404 -3.62018e-05 5.17684e-19
-0.000250473 -3.61662e-05 5.17684e-19
-0.000250503 -3.61206e-05 5.17682e-19
-0.000250493 -3.60642e-05 5.17681e-19
-0.000250438 -3.59965e-05 5.17679e-19
-0.000250336 -3.5917e-05 5.17677e-19
-0.000250185 -3.58255e-05 5.17674e-19
-0.000249982 -3.57215e-05 5.17672e-19
-0.000249728 -3.56052e-05 5.17668e-19
-0.000249422 -3.54765e-05 5.17665e-19
-0.000249066 -3.53359e-05 5.17661e-19
-0.000248662 -3.51839e-05 5.17656e-19
-0.000248212 -3.50211e-05 5.17652e-19
-0.000247718 -3.48477e-05 5.17647e-19
-0.000247181 -3.46641e-05 5.17641e-19
-0.000246605 -3.44709e-05 5.17636e-19
-0.00024599 -3.42685e-05 5.1763e-19
-0.00024534 -3.40574e-05 5.17624e-19
-0.000244657 -3.38383e-05 5.17617e-19
-0.000243945 -3.36118e-05 5.17611e-19
-0.000243208 -3.33785e-05 5.17604e-19
-0.000242448 -3.31393e-05 5.17597e-19
-0.000241669 -3.28948e-05 5.1759e-19
-0.000240875 -3.26457e-05 5.17583e-19
-0.00024007 -3.23929e-05 5.17575e-19
-0.000239258 -3.21371e-05 5.17568e-19
-0.000238444 -3.18795e-05 5.1756e-19
-0.000237632 -3.16208e-05 5.17553e-19
-0.000236826 -3.13619e-05 5.17545e-19
-0.000236029 -3.11034e-05 5.17538e-19
-0.000235243 -3.08459e-05 5.1753e-19
-0.000234472 -3.05896e-05 5.17523e-19
-0.000233714 -3.0335e-05 5.17515e-19
-0.000232972 -3.00819e-05 5.17508e-19
-0.000232241 -2.98298e-05 5.17501e-19
-0.000231521 -2.95784e-05 5.17494e-19
-0.000230808 -2.93273e-05 5.17486e-19
-0.000230104 -2.90763e-05 5.17479e-19
-0.000229406 -2.88254e-05 5.17472e-19
-0.000228715 -2.85745e-05 5.17465e-19
-0.000228029 -2.83235e-05 5.17457e-19
-0.000227349 -2.80721e-05 5.1745e-19
-0.000226671 -2.782e-05 5.17443e-19
-0.000225993 -2.75668e-05 5.17436e-19
-0.000225314 -2.7312e-05 5.17428e-19
-0.000224631 -2.70552e-05 5.17421e-19
-0.000223942 -2.67958e-05 5.17413e-19
-0.000223243 -2.65333e-05 5.17406e-19
-0.000222533 -2.6267e-05 5.17398e-19
-0.000221807 -2.59962e-05 5.1739e-19
-0.000221062 -2.57202e-05 5.17382e-19
-0.000220295 -2.54383e-05 5.17374e-19
-0.000219502 -2.51498e-05 5.17366e-19
-0.000218682 -2.48542e-05 5.17358e-19
-0.000217834 -2.45514e-05 5.17349e-19
-0.000216956 -2.4241e-05 5.1734e-19
-0.000216047 -2.39226e-05 5.17331e-19
-0.000215106 -2.35963e-05 5.17321e-19
-0.000214135 -2.32622e-05 5.17312e-19
-0.000213135 -2.29205e-05 5.17302e-19
-0.000212107 -2.25714e-05 5.17292e-19
-0.000211054 -2.22154e-05 5.17281e-19
-0.000209977 -2.18531e-05 5.17271e-19
-0.000208881 -2.14852e-05 5.1726e-19
-0.000207768 -2.11119e-05 5.17249e-19
-0.000206636 -2.07333e-05 5.17238e-19
-0.000205487 -2.03494e-05 5.17227e-19
-0.00020432 -1.99602e-05 5.17216e-19
-0.000203134 -1.95656e-05 5.17205e-19
-0.000201929 -1.91655e-05 5.17193e-19
-0.000200705 -1.876e-05 5.17181e-19
-0.000199461 -1.83489e-05 5.1717e-19
-0.000198195 -1.79322e-05 5.17158e-19
-0.000196908 -1.75099e-05 5.17145e-19
-0.0001956 -1.7082e-05 5.17133e-19
-0.000194271 -1.66488e-05 5.1712e-19
-0.000192923 -1.62104e-05 5.17108e-19
-0.000191556 -1.57673e-05 5.17095e-19
-0.000190173 -1.53201e-05 5.17082e-19
-0.000188777 -1.48693e-05 5.17069e-19
-0.00018737 -1.44156e-05 5.17056e-19
-0.000185954 -1.39594e-05 5.17043e-19
-0.000184529 -1.3501e-05 5.17029e-19
-0.000183097 -1.30407e-05 5.17016e-19
-0.000181659 -1.2579e-05 5.17003e-19
-0.000180217 -1.21162e-05 5.16989e-19
-0.000178773 -1.16529e-05 5.16976e-19
-0.00017733 -1.11897e-05 5.16962e-19
-0.000175889 -1.07268e-05 5.16949e-19
-0.000174451 -1.02648e-05 5.16936e-19
-0.000173017 -9.80378e-06 5.16922e-19
-0.000171588 -9.34394e-06 5.16909e-19
-0.000170166 -8.88553e-06 5.16896e-19
-0.000168751 -8.42892e-06 5.16883e-19
-0.000167345 -7.97453e-06 5.16869e-19
-0.000165951 -7.52277e-06 5.16856e-19
-0.000164569 -7.07405e-06 5.16843e-19
-0.000163203 -6.62865e-06 5.1683e-19
-0.000161852 -6.18677e-06 5.16818e-19
-0.000160517 -5.74861e-06 5.16805e-19
-0.000159199 -5.31436e-06 5.16792e-19
-0.0001579 -4.88422e-06 5.1678e-19
-0.00015662 -4.45842e-06 5.16768e-19
-0.00015536 -4.03715e-06 5.16755e-19
-0.000154121 -3.62054e-06 5.16743e-19
-0.000152903 -3.2086e-06 5.16732e-19
-0.000151704 -2.8012e-06 5.1672e-19
-0.000150526 -2.39821e-06 5.16708e-19
-0.000149366 -1.99956e-06 5.16697e-19
-0.000148227 -1.60542e-06 5.16685e-19
-0.000147108 -1.21608e-06 5.16674e-19
-0.000146012 -8.31852e-07 5.16663e-19
-0.000144939 -4.53057e-07 5.16652e-19
-0.000143892 -8.00925e-08 5.16641e-19
-0.000142871 2.86605e-07 5.16631e-19
-0.00014187 6.4757e-07 5.16621e-19
-0.000140897 1.00172e-06 5.1661e-19
-0.000139956 1.34842e-06 5.166e-19
-0.000139045 1.68793e-06 5.16591e-19
-0.000138166 2.01992e-06 5.16581e-19
-0.000137316 2.34462e-06 5.16572e-19
-0.000136496 2.66201e-06 5.16563e-19
-0.000135703 2.97245e-06 5.16554e-19
-0.000134936 3.2761e-06 5.16545e-19
-0.000134194 3.57329e-06 5.16537e-19
-0.000133474 3.86418e-06 5.16528e-19
-0.000132775 4.14903e-06 5.1652e-19
-0.000132097 4.428e-06 5.16512e-19
-0.000131437 4.70129e-06 5.16505e-19
-0.000130831 4.96383e-06 5.16497e-19
-0.000130253 5.21931e-06 5.1649e-19
-0.000129682 5.4706e-06 5.16483e-19
-0.000129133 5.71568e-06 5.16476e-19
-0.000128596 5.95583e-06 5.16469e-19
-0.000128077 6.19008e-06 5.16462e-19
-0.000127573 6.41889e-06 5.16456e-19
-0.000127087 6.64177e-06 5.1645e-19
-0.000126617 6.85887e-06 5.16443e-19
-0.000126165 7.06992e-06 5.16437e-19
-0.000125731 7.27494e-06 5.16432e-19
-0.000125315 7.47376e-06 5.16426e-19
-0.000124918 7.66642e-06 5.1642e-19
-0.000124538 7.85291e-06 5.16415e-19
-0.000124177 8.03328e-06 5.1641e-19
-0.000123834 8.20754e-06 5.16405e-19
-0.000123508 8.37577e-06 5.164e-19
-0.0001232 8.53804e-06 5.16396e-19
-0.000122909 8.69445e-06 5.16391e-19
-0.000122635 8.84512e-06 5.16387e-19
-0.000122376 8.99026e-06 5.16383e-19
-0.000122131 9.13015e-06 5.16379e-19
-0.000121899 9.26507e-06 5.16375e-19
-0.000121678 9.39532e-06 5.16372e-19
-0.000121467 9.52121e-06 5.16368e-19
-0.000121265 9.64307e-06 5.16365e-19
-0.000121069 9.76123e-06 5.16361e-19
-0.000120879 9.87604e-06 5.16358e-19
-0.000120691 9.98794e-06 5.16355e-19
-0.000120504 1.00974e-05 5.16352e-19
-0.000120315 1.02049e-05 5.16349e-19
-0.000120122 1.03108e-05 5.16346e-19
-0.000119922 1.04157e-05 5.16343e-19
-0.000119715 1.052e-05 5.1634e-19
-0.000119496 1.06241e-05 5.16337e-19
-0.000119266 1.07284e-05 5.16334e-19
-0.000119021 1.08331e-05 5.16331e-19
-0.000118763 1.09384e-05 5.16328e-19
-0.000118489 1.10443e-05 5.16325e-19
-0.0001182 1.1151e-05 5.16322e-19
-0.000117896 1.12585e-05 5.16319e-19
-0.000117577 1.13667e-05 5.16316e-19
-0.000117243 1.14754e-05 5.16313e-19
-0.000116895 1.15846e-05 5.1631e-19
-0.000116537 1.16935e-05 5.16306e-19
-0.000116173 1.18012e-05 5.16303e-19
-0.000115808 1.19067e-05 5.163e-19
-0.000115445 1.20093e-05 5.16297e-19
-0.000115089 1.21078e-05 5.16294e-19
-0.000114745 1.22014e-05 5.16291e-19
-0.000114417 1.22893e-05 5.16289e-19
-0.000114108 1.23706e-05 5.16287e-19
-0.000113822 1.24446e-05 5.16284e-19
-0.00011356 1.25109e-05 5.16282e-19
-0.000113326 1.25689e-05 5.16281e-19
-0.000113121 1.26182e-05 5.16279e-19
-0.000112945 1.26588e-05 5.16278e-19
-0.000112797 1.26909e-05 5.16277e-19
-0.000112675 1.27148e-05 5.16276e-19
-0.000112579 1.27306e-05 5.16276e-19
-0.000112506 1.27386e-05 5.16276e-19
-0.000112457 1.27388e-05 5.16276e-19
-0.00011243 1.27315e-05 5.16276e-19
-0.000112426 1.27166e-05 5.16276e-19
-0.000112442 1.26944e-05 5.16277e-19
-0.000112478 1.26651e-05 5.16278e-19
-0.000112532 1.26287e-05 5.16279e-19
-0.000112605 1.25855e-05 5.1628e-19
-0.000112696 1.25355e-05 5.16282e-19
-0.000112803 1.24788e-05 5.16283e-19
-0.000112927 1.24155e-05 5.16285e-19
-0.000113066 1.23457e-05 5.16287e-19
-0.000113221 1.22697e-05 5.16289e-19
-0.000113387 1.21879e-05 5.16292e-19
-0.000113565 1.21007e-05 5.16294e-19
-0.000113752 1.20084e-05 5.16297e-19
-0.000113949 1.1911e-05 5.16299e-19
-0.000114155 1.18085e-05 5.16302e-19
-0.000114372 1.17007e-05 5.16305e-19
-0.0001146 1.15875e-05 5.16309e-19
-0.000114841 1.14688e-05 5.16312e-19
-0.000115095 1.13444e-05 5.16315e-19
-0.000115362 1.12143e-05 5.16319e-19
-0.000115644 1.10784e-05 5.16323e-19
-0.000115941 1.09364e-05 5.16327e-19
-0.000116254 1.07885e-05 5.16331e-19
-0.000116584 1.06345e-05 5.16335e-19
-0.000116931 1.04742e-05 5.1634e-19
-0.000117297 1.03075e-05 5.16345e-19
-0.000117684 1.01338e-05 5.1635e-19
-0.000118095 9.9527e-06 5.16355e-19
-0.000118531 9.76394e-06 5.1636e-19
-0.000118995 9.56724e-06 5.16366e-19
-0.000119486 9.36247e-06 5.16371e-19
-0.000120005 9.1495e-06 5.16378e-19
-0.000120553 8.92826e-06 5.16384e-19
-0.000121132 8.69867e-06 5.1639e-19
-0.00012174 8.46068e-06 5.16397e-19
-0.000122378 8.21424e-06 5.16404e-19
-0.000123047 7.95932e-06 5.16411e-19
-0.000123748 7.69591e-06 5.16419e-19
-0.000124479 7.42396e-06 5.16427e-19
-0.000125242 7.14347e-06 5.16435e-19
-0.000126036 6.85441e-06 5.16443e-19
-0.000126863 6.55663e-06 5.16451e-19
-0.000127723 6.24994e-06 5.1646e-19
-0.000128618 5.93417e-06 5.16469e-19
-0.000129549 5.60904e-06 5.16479e-19
-0.000130518 5.27396e-06 5.16488e-19
-0.000131561 4.92379e-06 5.16498e-19
-0.000132671 4.55908e-06 5.16509e-19
-0.000133828 4.18269e-06 5.1652e-19
-0.000135037 3.79371e-06 5.16531e-19
-0.000136295 3.39267e-06 5.16543e-19
-0.000137604 2.9794e-06 5.16555e-19
-0.00013896 2.55456e-06 5.16567e-19
-0.00014036 2.11884e-06 5.1658e-19
-0.000141797 1.67359e-06 5.16593e-19
-0.000143267 1.22001e-06 5.16606e-19
-0.000144762 7.59462e-07 5.16619e-19
-0.000146277 2.93125e-07 5.16633e-19
-0.000147806 -1.77768e-07 5.16646e-19
-0.000149345 -6.52065e-07 5.1666e-19
-0.000150887 -1.1287e-06 5.16674e-19
-0.00015243 -1.60692e-06 5.16688e-19
-0.000153962 -2.08519e-06 5.16702e-19
-0.000155487 -2.56377e-06 5.16716e-19
-0.000157008 -3.04256e-06 5.1673e-19
-0.00015852 -3.52096e-06 5.16744e-19
-0.000160026 -3.99901e-06 5.16757e-19
-0.000161523 -4.47635e-06 5.16771e-19
-0.000163011 -4.95292e-06 5.16785e-19
-0.000164489 -5.42822e-06 5.16799e-19
-0.000165955 -5.90188e-06 5.16813e-19
-0.000167406 -6.37337e-06 5.16826e-19
-0.000168842 -6.84233e-06 5.1684e-19
-0.000170261 -7.30842e-06 5.16853e-19
-0.000171662 -7.77146e-06 5.16867e-19
-0.000173046 -8.23124e-06 5.1688e-19
-0.00017441 -8.68755e-06 5.16893e-19
-0.000175755 -9.14012e-06 5.16906e-19
-0.000177079 -9.58862e-06 5.16919e-19
-0.00017838 -1.00327e-05 5.16932e-19
-0.000179658 -1.04722e-05 5.16945e-19
-0.000180913 -1.09069e-05 5.16957e-19
-0.000182143 -1.13366e-05 5.16969e-19
-0.000183349 -1.17614e-05 5.16982e-19
-0.000184531 -1.21811e-05 5.16994e-19
-0.000185689 -1.2596e-05 5.17006e-19
-0.000186827 -1.30064e-05 5.17017e-19
-0.000187944 -1.34125e-05 5.17029e-19
-0.000189042 -1.38147e-05 5.17041e-19
-0.000190125 -1.42133e-05 5.17052e-19
-0.000191194 -1.4609e-05 5.17063e-19
-0.000192252 -1.50021e-05 5.17075e-19
-0.000193301 -1.53931e-05 5.17086e-19
-0.000194341 -1.5782e-05 5.17097e-19
-0.000195373 -1.61689e-05 5.17108e-19
-0.000196397 -1.65537e-05 5.17119e-19
-0.000197412 -1.69364e-05 5.1713e-19
-0.000198416 -1.73165e-05 5.17141e-19
-0.000199408 -1.76935e-05 5.17152e-19
-0.000200386 -1.8067e-05 5.17163e-19
-0.000201347 -1.84365e-05 5.17173e-19
-0.00020229 -1.88018e-05 5.17184e-19
-0.000203214 -1.91627e-05 5.17194e-19
-0.000204119 -1.95191e-05 5.17204e-19
-0.000205006 -1.98709e-05 5.17214e-19
-0.000205875 -2.02183e-05 5.17224e-19
-0.000206729 -2.05614e-05 5.17234e-19
-0.000207569 -2.09006e-05 5.17244e-19
-0.000208397 -2.1236e-05 5.17253e-19
-0.000209207 -2.15668e-05 5.17263e-19
-0.000210004 -2.18936e-05 5.17272e-19
-0.000210793 -2.22174e-05 5.17281e-19
-0.000211572 -2.25377e-05 5.17291e-19
-0.00021234 -2.28544e-05 5.173e-19
-0.000213096 -2.31672e-05 5.17309e-19
-0.000213839 -2.34756e-05 5.17317e-19
-0.000214568 -2.37792e-05 5.17326e-19
-0.000215282 -2.40779e-05 5.17335e-19
-0.000215983 -2.43721e-05 5.17343e-19
-0.000216672 -2.46617e-05 5.17351e-19
-0.000217346 -2.49465e-05 5.17359e-19
-0.000218009 -2.52267e-05 5.17367e-19
-0.000218659 -2.55023e-05 5.17375e-19
-0.000219298 -2.57733e-05 5.17383e-19
-0.000219924 -2.60398e-05 5.17391e-19
-0.00022054 -2.63017e-05 5.17398e-19
-0.000221145 -2.65592e-05 5.17405e-19
-0.000221738 -2.68122e-05 5.17413e-19
-0.000222321 -2.70608e-05 5.1742e-19
-0.000222893 -2.73049e-05 5.17427e-19
-0.000223453 -2.75443e-05 5.17434e-19
-0.000224 -2.77788e-05 5.1744e-19
-0.000224535 -2.80084e-05 5.17447e-19
-0.000225057 -2.82334e-05 5.17453e-19
-0.000225571 -2.8454e-05 5.1746e-19
-0.000226076 -2.8671e-05 5.17466e-19
-0.000226577 -2.88847e-05 5.17472e-19
-0.000227075 -2.90956e-05 5.17478e-19
-0.000227571 -2.9304e-05 5.17484e-19
-0.000228068 -2.95103e-05 5.1749e-19
-0.000228566 -2.97147e-05 5.17496e-19
-0.000229066 -2.99174e-05 5.17501e-19
-0.000229568 -3.01182e-05 5.17507e-19
-0.00023007 -3.03171e-05 5.17513e-19
-0.000230573 -3.05138e-05 5.17518e-19
-0.000231076 -3.07083e-05 5.17524e-19
-0.000231578 -3.09004e-05 5.1753e-19
-0.000232079 -3.109e-05 5.17535e-19
-0.000232577 -3.12768e-05 5.1754e-19
-0.000233073 -3.14608e-05 5.17546e-19
-0.000233565 -3.16418e-05 5.17551e-19
-0.000234054 -3.18197e-05 5.17556e-19
-0.000234539 -3.19943e-05 5.17561e-19
-0.000235021 -3.21657e-05 5.17566e-19
-0.000235501 -3.23342e-05 5.17571e-19
-0.00023598 -3.24999e-05 5.17575e-19
-0.000236458 -3.26629e-05 5.1758e-19
-0.000236938 -3.28232e-05 5.17585e-19
-0.000237417 -3.2981e-05 5.17589e-19
-0.000237897 -3.31359e-05 5.17594e-19
-0.000238378 -3.32881e-05 5.17598e-19
-0.000238858 -3.34373e-05 5.17602e-19
-0.000239338 -3.35834e-05 5.17607e-19
-0.000239816 -3.37261e-05 5.17611e-19
-0.000240292 -3.38652e-05 5.17615e-19
-0.000240764 -3.40003e-05 5.17619e-19
-0.000241229 -3.41307e-05 5.17623e-19
-0.000241684 -3.4256e-05 5.17626e-19
-0.000242127 -3.43754e-05 5.1763e-19
-0.000242556 -3.44885e-05 5.17633e-19
-0.000242967 -3.45947e-05 5.17636e-19
-0.000243358 -3.46933e-05 5.17639e-19
-0.000243727 -3.47839e-05 5.17642e-19
-0.000244071 -3.4866e-05 5.17644e-19
-0.000244387 -3.4939e-05 5.17646e-19
-0.000244674 -3.50024e-05 5.17648e-19
-0.00024493 -3.5056e-05 5.1765e-19
-0.000245153 -3.50993e-05 5.17651e-19
-0.000245343 -3.51322e-05 5.17652e-19
-0.000245498 -3.51547e-05 5.17653e-19
-0.000245619 -3.51666e-05 5.17653e-19
-0.000245706 -3.51679e-05 5.17653e-19
-0.000245759 -3.51589e-05 5.17653e-19
-0.000245779 -3.51397e-05 5.17652e-19
-0.000245767 -3.51105e-05 5.17652e-19
-0.000245724 -3.50713e-05 5.1765e-19
-0.000245649 -3.50223e-05 5.17649e-19
-0.000245542 -3.49633e-05 5.17647e-19
-0.000245403 -3.48945e-05 5.17645e-19
-0.000245233 -3.48159e-05 5.17643e-19
-0.000245032 -3.47276e-05 5.17641e-19
-0.0002448 -3.46295e-05 5.17638e-19
-0.000244537 -3.45218e-05 5.17635e-19
-0.000244243 -3.44047e-05 5.17631e-19
-0.000243921 -3.42785e-05 5.17628e-19
-0.000243572 -3.41434e-05 5.17624e-19
-0.000243195 -3.39996e-05 5.1762e-19
-0.000242791 -3.3847e-05 5.17615e-19
-0.000242358 -3.36855e-05 5.17611e-19
-0.000241897 -3.3515e-05 5.17606e-19
-0.000241405 -3.33353e-05 5.17601e-19
-0.000240884 -3.31464e-05 5.17595e-19
-0.000240334 -3.29485e-05 5.1759e-19
-0.000239754 -3.27416e-05 5.17584e-19
-0.000239145 -3.25259e-05 5.17578e-19
-0.000238507 -3.23013e-05 5.17571e-19
-0.00023784 -3.2068e-05 5.17564e-19
-0.000237145 -3.18259e-05 5.17557e-19
-0.000236421 -3.15751e-05 5.1755e-19
-0.000235666 -3.13154e-05 5.17543e-19
-0.000234881 -3.10466e-05 5.17535e-19
-0.000234064 -3.07685e-05 5.17527e-19
-0.000233214 -3.04809e-05 5.17519e-19
-0.00023233 -3.01837e-05 5.1751e-19
-0.00023141 -2.98765e-05 5.17501e-19
-0.000230454 -2.95592e-05 5.17492e-19
-0.00022946 -2.92315e-05 5.17483e-19
-0.000228427 -2.88932e-05 5.17473e-19
-0.000227352 -2.85437e-05 5.17463e-19
-0.000226235 -2.81828e-05 5.17452e-19
-0.000225073 -2.78103e-05 5.17441e-19
-0.000223868 -2.74263e-05 5.1743e-19
-0.000222622 -2.70314e-05 5.17419e-19
-0.000221336 -2.66259e-05 5.17407e-19
-0.000220015 -2.62106e-05 5.17395e-19
-0.000218659 -2.57857e-05 5.17383e-19
-0.000217271 -2.53518e-05 5.1737e-19
-0.000215853 -2.49092e-05 5.17357e-19
-0.000214407 -2.44585e-05 5.17344e-19
-0.000212938 -2.40006e-05 5.17331e-19
-0.000211451 -2.35364e-05 5.17317e-19
-0.000209947 -2.30667e-05 5.17304e-19
-0.000208433 -2.25926e-05 5.1729e-19
-0.000206911 -2.21147e-05 5.17276e-19
-0.000205386 -2.16339e-05 5.17262e-19
-0.00020386 -2.11509e-05 5.17248e-19
-0.000202338 -2.06669e-05 5.17234e-19
-0.000200824 -2.01823e-05 5.1722e-19
-0.000199317 -1.96974e-05 5.17206e-19
-0.00019782 -1.92126e-05 5.17192e-19
-0.000196334 -1.87284e-05 5.17178e-19
-0.000194861 -1.82452e-05 5.17164e-19
-0.000193401 -1.77632e-05 5.1715e-19
-0.000191955 -1.72828e-05 5.17136e-19
-0.000190525 -1.68043e-05 5.17122e-19
-0.000189114 -1.63283e-05 5.17109e-19
-0.000187725 -1.58558e-05 5.17095e-19
-0.000186362 -1.53875e-05 5.17082e-19
-0.000185027 -1.49243e-05 5.17068e-19
-0.000183726 -1.4467e-05 5.17055e-19
-0.000182459 -1.40162e-05 5.17042e-19
-0.000181231 -1.35728e-05 5.17029e-19
-0.000180042 -1.31371e-05 5.17017e-19
-0.000178893 -1.27096e-05 5.17005e-19
-0.000177782 -1.229e-05 5.16993e-19
-0.00017671 -1.18782e-05 5.16981e-19
-0.000175675 -1.1474e-05 5.16969e-19
-0.000174675 -1.10772e-05 5.16958e-19
-0.000173709 -1.06877e-05 5.16947e-19
-0.000172776 -1.03052e-05 5.16936e-19
-0.000171873 -9.92936e-06 5.16925e-19
-0.000170998 -9.55984e-06 5.16915e-19
-0.000170148 -9.19611e-06 5.16905e-19
-0.00016932 -8.83759e-06 5.16894e-19
-0.000168511 -8.48382e-06 5.16884e-19
-0.000167719 -8.13436e-06 5.16874e-19
-0.000166942 -7.78886e-06 5.16865e-19
-0.000166178 -7.447e-06 5.16855e-19
-0.000165424 -7.10848e-06 5.16845e-19
-0.000164681 -6.77301e-06 5.16836e-19
-0.000163945 -6.44035e-06 5.16826e-19
-0.000163217 -6.11027e-06 5.16817e-19
-0.000162493 -5.78252e-06 5.16808e-19
-0.000161773 -5.45667e-06 5.16798e-19
-0.000161054 -5.13224e-06 5.16789e-19
-0.000160333 -4.80873e-06 5.1678e-19
-0.000159608 -4.48574e-06 5.16771e-19
-0.000158878 -4.16307e-06 5.16762e-19
-0.000158143 -3.84058e-06 5.16752e-19
-0.000157402 -3.51824e-06 5.16743e-19
-0.000156655 -3.19605e-06 5.16734e-19
-0.000155902 -2.87409e-06 5.16725e-19
-0.000155145 -2.55255e-06 5.16715e-19
-0.000154374 -2.23061e-06 5.16706e-19
-0.000153597 -1.90933e-06 5.16697e-19
-0.000152821 -1.58946e-06 5.16688e-19
-0.000152044 -1.27096e-06 5.16679e-19
-0.000151271 -9.54522e-07 5.1667e-19
-0.0001505 -6.40262e-07 5.16661e-19
-0.000149735 -3.28772e-07 5.16652e-19
-0.000148978 -2.03411e-08 5.16643e-19
-0.00014823 2.84515e-07 5.16634e-19
-0.000147493 5.85528e-07 5.16625e-19
-0.000146767 8.82435e-07 5.16617e-19
-0.000146053 1.17518e-06 5.16609e-19
-0.000145351 1.46365e-06 5.166e-19
-0.000144661 1.74787e-06 5.16592e-19
-0.000143981 2.02793e-06 5.16584e-19
-0.000143312 2.30403e-06 5.16576e-19
-0.000142651 2.57638e-06 5.16568e-19
-0.000141997 2.84517e-06 5.16561e-19
-0.00014135 3.11055e-06 5.16553e-19
-0.000140708 3.37263e-06 5.16546e-19
-0.000140072 3.63152e-06 5.16538e-19
-0.000139473 3.88248e-06 5.16531e-19
-0.000138889 4.12877e-06 5.16524e-19
-0.000138303 4.37286e-06 5.16517e-19
-0.000137726 4.6127e-06 5.1651e-19
-0.000137153 4.84935e-06 5.16504e-19
-0.000136589 5.08176e-06 5.16497e-19
-0.000136031 5.31028e-06 5.1649e-19
-0.000135484 5.53432e-06 5.16484e-19
-0.000134944 5.754e-06 5.16478e-19
-0.000134415 5.96911e-06 5.16472e-19
-0.000133894 6.17983e-06 5.16466e-19
-0.000133382 6.38619e-06 5.1646e-19
-0.000132877 6.58841e-06 5.16454e-19
-0.000132378 6.78683e-06 5.16449e-19
-0.000131882 6.98199e-06 5.16443e-19
-0.000131385 7.17438e-06 5.16438e-19
-0.000130887 7.36449e-06 5.16432e-19
-0.000130385 7.55263e-06 5.16427e-19
-0.000129879 7.73901e-06 5.16421e-19
-0.000129366 7.92381e-06 5.16416e-19
-0.000128846 8.10721e-06 5.16411e-19
-0.000128319 8.28935e-06 5.16406e-19
-0.000127783 8.47035e-06 5.16401e-19
-0.000127238 8.65031e-06 5.16395e-19
-0.000126684 8.82926e-06 5.1639e-19
-0.00012612 9.0071e-06 5.16385e-19
-0.000125548 9.18362e-06 5.1638e-19
-0.000124969 9.35858e-06 5.16375e-19
-0.000124382 9.53183e-06 5.1637e-19
-0.000123788 9.70346e-06 5.16365e-19
-0.000123186 9.8737e-06 5.1636e-19
-0.000122573 1.00428e-05 5.16355e-19
-0.00012195 1.02109e-05 5.1635e-19
-0.000121315 1.03781e-05 5.16345e-19
-0.000120668 1.05445e-05 5.16341e-19
-0.000120009 1.071e-05 5.16336e-19
-0.000119339 1.08745e-05 5.16331e-19
-0.000118659 1.10379e-05 5.16326e-19
-0.00011797 1.11998e-05 5.16321e-19
-0.000117273 1.13599e-05 5.16316e-19
-0.000116571 1.15179e-05 5.16312e-19
-0.000115865 1.16735e-05 5.16307e-19
-0.000115157 1.18263e-05 5.16302e-19
-0.000114448 1.19762e-05 5.16298e-19
-0.00011374 1.21226e-05 5.16294e-19
-0.000113037 1.2265e-05 5.16289e-19
-0.000112341 1.24029e-05 5.16285e-19
-0.000111656 1.25356e-05 5.16281e-19
-0.000110986 1.26624e-05 5.16277e-19
-0.000110334 1.27825e-05 5.16273e-19
-0.000109705 1.28953e-05 5.1627e-19
-0.000109102 1.29999e-05 5.16267e-19
-0.000108531 1.30956e-05 5.16264e-19
-0.000107995 1.31813e-05 5.16261e-19
-0.000107501 1.3256e-05 5.16259e-19
-0.000107054 1.33185e-05 5.16257e-19
-0.00010666 1.33679e-05 5.16255e-19
-0.000106322 1.34033e-05 5.16254e-19
-0.000106046 1.34238e-05 5.16253e-19
-0.000105834 1.34288e-05 5.16253e-19
-0.00010569 1.34176e-05 5.16253e-19
-0.000105618 1.33894e-05 5.16254e-19
-0.000105622 1.33434e-05 5.16255e-19
-0.000105705 1.32789e-05 5.16257e-19
-0.000105869 1.31954e-05 5.16259e-19
-0.000106116 1.30926e-05 5.16262e-19
-0.000106447 1.29703e-05 5.16266e-19
-0.00010686 1.28286e-05 5.1627e-19
-0.000107356 1.26675e-05 5.16274e-19
-0.000107934 1.24871e-05 5.1628e-19
-0.000108592 1.22876e-05 5.16286e-19
-0.000109329 1.20693e-05 5.16292e-19
-0.000110142 1.18325e-05 5.16299e-19
-0.000111028 1.1578e-05 5.16306e-19
-0.00011198 1.1307e-05 5.16314e-19
-0.000112993 1.10206e-05 5.16323e-19
-0.00011406 1.072e-05 5.16332e-19
-0.000115177 1.04061e-05 5.16341e-19
-0.000116338 1.008e-05 5.1635e-19
-0.000117539 9.74269e-06 5.1636e-19
-0.000118774 9.39498e-06 5.1637e-19
-0.00012004 9.03753e-06 5.16381e-19
-0.000121335 8.67083e-06 5.16392e-19
-0.000122657 8.29529e-06 5.16403e-19
-0.000124003 7.91145e-06 5.16414e-19
-0.000125369 7.52009e-06 5.16425e-19
-0.000126751 7.12219e-06 5.16437e-19
-0.000128143 6.71871e-06 5.16449e-19
-0.000129543 6.31055e-06 5.16461e-19
-0.000130945 5.89859e-06 5.16473e-19
-0.000132346 5.48363e-06 5.16485e-19
-0.000133744 5.06645e-06 5.16497e-19
-0.000135134 4.64781e-06 5.16509e-19
-0.000136512 4.22863e-06 5.16521e-19
-0.000137919 3.80373e-06 5.16533e-19
-0.000139324 3.37757e-06 5.16546e-19
-0.000140701 2.95441e-06 5.16558e-19
-0.000142061 2.53249e-06 5.1657e-19
-0.000143399 2.11276e-06 5.16582e-19
-0.000144724 1.69388e-06 5.16594e-19
-0.000146033 1.27608e-06 5.16606e-19
-0.000147331 8.58613e-07 5.16618e-19
-0.000148619 4.41607e-07 5.1663e-19
-0.000149898 2.46227e-08 5.16642e-19
-0.00015117 -3.92418e-07 5.16654e-19
-0.000152438 -8.09993e-07 5.16666e-19
-0.000153703 -1.22842e-06 5.16678e-19
-0.000154969 -1.64818e-06 5.16691e-19
-0.000156237 -2.06949e-06 5.16703e-19
-0.000157506 -2.49235e-06 5.16715e-19
-0.000158777 -2.91647e-06 5.16727e-19
-0.000160048 -3.34156e-06 5.16739e-19
-0.000161307 -3.76621e-06 5.16751e-19
-0.000162561 -4.19099e-06 5.16764e-19
-0.000163814 -4.61595e-06 5.16776e-19
-0.000165059 -5.04041e-06 5.16788e-19
-0.000166299 -5.46433e-06 5.168e-19
-0.000167531 -5.88722e-06 5.16812e-19
-0.000168755 -6.30904e-06 5.16825e-19
-0.00016997 -6.7294e-06 5.16837e-19
-0.000171175 -7.14822e-06 5.16849e-19
-0.000172369 -7.56526e-06 5.16861e-19
-0.000173552 -7.98048e-06 5.16873e-19
-0.000174724 -8.39373e-06 5.16885e-19
-0.000175886 -8.80506e-06 5.16896e-19
-0.000177039 -9.21468e-06 5.16908e-19
-0.000178184 -9.62306e-06 5.1692e-19
-0.000179324 -1.00306e-05 5.16932e-19
-0.000180462 -1.04376e-05 5.16943e-19
-0.000181596 -1.08439e-05 5.16955e-19
-0.000182726 -1.12494e-05 5.16967e-19
-0.000183851 -1.16536e-05 5.16978e-19
-0.000184968 -1.20562e-05 5.1699e-19
-0.000186078 -1.2457e-05 5.17002e-19
-0.000187179 -1.28558e-05 5.17013e-19
-0.00018827 -1.32524e-05 5.17025e-19
-0.000189351 -1.36464e-05 5.17036e-19
-0.000190418 -1.40371e-05 5.17047e-19
-0.000191467 -1.44235e-05 5.17058e-19
-0.000192493 -1.48047e-05 5.17069e-19
-0.000193491 -1.51797e-05 5.1708e-19
-0.000194457 -1.55474e-05 5.17091e-19
-0.000195388 -1.5907e-05 5.17101e-19
-0.000196278 -1.62576e-05 5.17111e-19
-0.000197123 -1.65981e-05 5.17121e-19
-0.00019792 -1.69278e-05 5.1713e-19
-0.000198664 -1.72457e-05 5.1714e-19
-0.000199351 -1.7551e-05 5.17148e-19
-0.000199979 -1.78429e-05 5.17157e-19
-0.000200546 -1.81212e-05 5.17165e-19
-0.000201053 -1.8386e-05 5.17172e-19
-0.000201498 -1.86374e-05 5.17179e-19
-0.000201884 -1.88756e-05 5.17186e-19
-0.000202213 -1.91006e-05 5.17192e-19
-0.000202485 -1.93127e-05 5.17198e-19
-0.000202704 -1.95122e-05 5.17204e-19
-0.00020287 -1.96994e-05 5.17209e-19
-0.000202985 -1.98749e-05 5.17214e-19
-0.000203054 -2.00394e-05 5.17218e-19
-0.000203082 -2.01935e-05 5.17222e-19
-0.000203072 -2.03381e-05 5.17226e-19
-0.000203028 -2.04739e-05 5.1723e-19
-0.000202954 -2.06017e-05 5.17233e-19
-0.000202852 -2.07217e-05 5.17236e-19
-0.000202728 -2.08352e-05 5.17239e-19
-0.000202591 -2.09438e-05 5.17242e-19
-0.000202445 -2.10485e-05 5.17245e-19
-0.000202298 -2.11508e-05 5.17248e-19
-0.000202156 -2.12518e-05 5.1725e-19
-0.000202024 -2.13526e-05 5.17253e-19
-0.000201908 -2.14544e-05 5.17255e-19
-0.000201813 -2.15581e-05 5.17258e-19
-0.000201745 -2.16648e-05 5.17261e-19
-0.000201709 -2.17755e-05 5.17264e-19
-0.000201709 -2.18913e-05 5.17267e-19
-0.000201752 -2.20131e-05 5.1727e-19
-0.000201841 -2.21419e-05 5.17274e-19
-0.000201981 -2.22787e-05 5.17278e-19
-0.000202178 -2.24243e-05 5.17282e-19
-0.000202434 -2.25797e-05 5.17286e-19
-0.000202753 -2.27452e-05 5.17291e-19
-0.000203136 -2.29214e-05 5.17296e-19
-0.000203585 -2.31085e-05 5.17301e-19
-0.000204101 -2.33066e-05 5.17307e-19
-0.000204682 -2.35157e-05 5.17313e-19
-0.000205329 -2.37356e-05 5.17319e-19
-0.00020604 -2.3966e-05 5.17326e-19
-0.000206811 -2.42063e-05 5.17333e-19
-0.000207641 -2.4456e-05 5.1734e-19
-0.000208522 -2.47138e-05 5.17348e-19
-0.000209448 -2.49782e-05 5.17356e-19
-0.000210411 -2.52476e-05 5.17363e-19
-0.000211403 -2.55206e-05 5.17371e-19
-0.000212419 -2.57957e-05 5.1738e-19
-0.000213452 -2.60718e-05 5.17388e-19
-0.000214498 -2.63481e-05 5.17396e-19
-0.000215552 -2.66232e-05 5.17404e-19
-0.000216606 -2.6896e-05 5.17412e-19
-0.000217658 -2.71655e-05 5.1742e-19
-0.000218699 -2.74304e-05 5.17428e-19
-0.000219727 -2.76897e-05 5.17436e-19
-0.000220736 -2.79426e-05 5.17443e-19
-0.000221725 -2.81884e-05 5.1745e-19
-0.000222689 -2.84266e-05 5.17457e-19
-0.000223628 -2.86567e-05 5.17464e-19
-0.000224536 -2.88777e-05 5.17471e-19
-0.00022541 -2.90888e-05 5.17477e-19
-0.000226246 -2.92891e-05 5.17483e-19
-0.000227041 -2.94779e-05 5.17488e-19
-0.000227792 -2.96548e-05 5.17494e-19
-0.000228498 -2.98194e-05 5.17498e-19
-0.000229159 -2.99715e-05 5.17503e-19
-0.000229773 -3.0111e-05 5.17507e-19
-0.00023034 -3.02376e-05 5.17511e-19
-0.00023086 -3.03513e-05 5.17514e-19
-0.000231333 -3.0452e-05 5.17517e-19
-0.000231757 -3.05395e-05 5.1752e-19
-0.000232134 -3.06139e-05 5.17522e-19
-0.000232464 -3.06753e-05 5.17524e-19
-0.000232747 -3.07238e-05 5.17525e-19
-0.000232984 -3.07594e-05 5.17526e-19
-0.000233176 -3.07822e-05 5.17527e-19
-0.000233322 -3.07925e-05 5.17527e-19
-0.000233425 -3.07903e-05 5.17527e-19
-0.000233484 -3.07759e-05 5.17527e-19
-0.000233503 -3.07496e-05 5.17526e-19
-0.000233484 -3.07121e-05 5.17525e-19
-0.000233428 -3.06638e-05 5.17523e-19
-0.00023334 -3.06054e-05 5.17522e-19
-0.000233221 -3.05372e-05 5.1752e-19
-0.000233072 -3.04596e-05 5.17517e-19
-0.000232896 -3.03729e-05 5.17515e-19
-0.000232692 -3.02775e-05 5.17512e-19
-0.000232464 -3.01734e-05 5.17509e-19
-0.000232211 -3.0061e-05 5.17506e-19
-0.000231933 -2.99402e-05 5.17502e-19
-0.000231632 -2.98113e-05 5.17499e-19
-0.000231307 -2.96743e-05 5.17495e-19
-0.00023096 -2.95294e-05 5.17491e-19
-0.00023059 -2.93767e-05 5.17486e-19
-0.000230198 -2.92162e-05 5.17482e-19
-0.000229785 -2.90481e-05 5.17477e-19
-0.00022935 -2.88725e-05 5.17472e-19
-0.000228894 -2.86892e-05 5.17467e-19
-0.000228416 -2.84984e-05 5.17461e-19
-0.000227916 -2.83002e-05 5.17456e-19
-0.000227396 -2.80946e-05 5.1745e-19
-0.000226853 -2.78816e-05 5.17444e-19
-0.000226288 -2.76612e-05 5.17438e-19
-0.000225701 -2.74334e-05 5.17431e-19
-0.00022509 -2.71979e-05 5.17424e-19
-0.000224453 -2.69545e-05 5.17417e-19
-0.000223789 -2.67029e-05 5.1741e-19
-0.000223096 -2.64426e-05 5.17403e-19
-0.00022237 -2.61732e-05 5.17395e-19
-0.000221608 -2.5894e-05 5.17387e-19
-0.000220807 -2.56046e-05 5.17379e-19
-0.000219964 -2.53043e-05 5.1737e-19
-0.000219076 -2.49926e-05 5.17362e-19
-0.00021814 -2.46691e-05 5.17352e-19
-0.000217154 -2.43331e-05 5.17343e-19
-0.000216112 -2.39839e-05 5.17333e-19
-0.000215013 -2.36213e-05 5.17322e-19
-0.000213854 -2.32447e-05 5.17311e-19
-0.000212635 -2.2854e-05 5.173e-19
-0.000211352 -2.24488e-05 5.17288e-19
-0.000210006 -2.20291e-05 5.17276e-19
-0.000208597 -2.15951e-05 5.17264e-19
-0.000207126 -2.1147e-05 5.17251e-19
-0.000205592 -2.06845e-05 5.17237e-19
-0.000203996 -2.02083e-05 5.17223e-19
-0.000202342 -1.97187e-05 5.17209e-19
-0.000200631 -1.92164e-05 5.17194e-19
-0.000198866 -1.87019e-05 5.17179e-19
-0.00019705 -1.81756e-05 5.17164e-19
-0.000195185 -1.76382e-05 5.17148e-19
-0.000193275 -1.70903e-05 5.17132e-19
-0.000191324 -1.65329e-05 5.17116e-19
-0.000189338 -1.5967e-05 5.17099e-19
-0.000187322 -1.53937e-05 5.17083e-19
-0.000185281 -1.48142e-05 5.17066e-19
-0.000183223 -1.42297e-05 5.17049e-19
-0.000181153 -1.36415e-05 5.17031e-19
-0.000179079 -1.3051e-05 5.17014e-19
-0.000177007 -1.24596e-05 5.16997e-19
-0.000174944 -1.18687e-05 5.16979e-19
-0.000172897 -1.12799e-05 5.16962e-19
-0.000170873 -1.06947e-05 5.16945e-19
-0.000168881 -1.01144e-05 5.16928e-19
-0.000166926 -9.5404e-06 5.16911e-19
-0.000165015 -8.97396e-06 5.16895e-19
-0.000163153 -8.41626e-06 5.16878e-19
-0.000161346 -7.86833e-06 5.16862e-19
-0.000159598 -7.3312e-06 5.16847e-19
-0.000157913 -6.80571e-06 5.16831e-19
-0.000156294 -6.29265e-06 5.16817e-19
-0.000154746 -5.79267e-06 5.16802e-19
-0.000153268 -5.3063e-06 5.16788e-19
-0.000151864 -4.83395e-06 5.16774e-19
-0.000150535 -4.3759e-06 5.16761e-19
-0.00014928 -3.93231e-06 5.16748e-19
-0.000148099 -3.50323e-06 5.16736e-19
-0.000146992 -3.08857e-06 5.16724e-19
-0.000145957 -2.68814e-06 5.16713e-19
-0.000144991 -2.30164e-06 5.16702e-19
-0.000144092 -1.92861e-06 5.16691e-19
-0.000143257 -1.5685e-06 5.16681e-19
-0.000142482 -1.22068e-06 5.16671e-19
-0.000141763 -8.84434e-07 5.16662e-19
-0.000141096 -5.5897e-07 5.16653e-19
-0.000140475 -2.4343e-07 5.16644e-19
-0.000139896 6.30756e-08 5.16635e-19
-0.000139354 3.6149e-07 5.16627e-19
-0.000138843 6.52828e-07 5.16619e-19
-0.000138357 9.38153e-07 5.16611e-19
-0.000137892 1.21852e-06 5.16603e-19
-0.000137442 1.49488e-06 5.16595e-19
-0.00013699 1.76915e-06 5.16588e-19
-0.000136543 2.04085e-06 5.1658e-19
-0.000136105 2.30984e-06 5.16572e-19
-0.000135669 2.57695e-06 5.16565e-19
-0.000135238 2.84209e-06 5.16558e-19
-0.000134806 3.10576e-06 5.1655e-19
-0.000134374 3.36793e-06 5.16543e-19
-0.000133942 3.62888e-06 5.16535e-19
-0.000133508 3.88855e-06 5.16528e-19
-0.000133072 4.14707e-06 5.16521e-19
-0.000132634 4.40439e-06 5.16514e-19
-0.000132193 4.66051e-06 5.16506e-19
-0.00013179 4.90973e-06 5.16499e-19
-0.000131397 5.15575e-06 5.16493e-19
-0.000130994 5.40139e-06 5.16486e-19
-0.000130598 5.64412e-06 5.16479e-19
-0.000130201 5.88467e-06 5.16472e-19
-0.000129814 6.1212e-06 5.16465e-19
-0.000129437 6.3534e-06 5.16459e-19
-0.000129076 6.58021e-06 5.16453e-19
-0.000128727 6.80193e-06 5.16446e-19
-0.00012839 7.01888e-06 5.1644e-19
-0.000128061 7.23174e-06 5.16434e-19
-0.000127737 7.44095e-06 5.16428e-19
-0.000127416 7.64694e-06 5.16423e-19
-0.000127096 7.84994e-06 5.16417e-19
-0.000126776 8.05024e-06 5.16411e-19
-0.000126454 8.24802e-06 5.16406e-19
-0.000126129 8.44349e-06 5.164e-19
-0.0001258 8.63679e-06 5.16395e-19
-0.000125467 8.82804e-06 5.16389e-19
-0.000125129 9.01731e-06 5.16384e-19
-0.000124785 9.20466e-06 5.16379e-19
-0.000124435 9.39008e-06 5.16374e-19
-0.00012408 9.57353e-06 5.16368e-19
-0.000123719 9.75495e-06 5.16363e-19
-0.000123354 9.93422e-06 5.16358e-19
-0.000122985 1.01112e-05 5.16353e-19
-0.000122612 1.02858e-05 5.16348e-19
-0.000122238 1.04577e-05 5.16343e-19
