-5.34045 6.57132e-06 -2.69509e-22
-10.6809 1.30403e-05 -5.34821e-22
-16.0214 1.94063e-05 -7.9591e-22
-21.3618 2.56687e-05 -1.05275e-21
-26.7023 3.18269e-05 -1.30531e-21
-32.0428 3.78801e-05 -1.55357e-21
-37.3833 4.38276e-05 -1.7975e-21
-42.7237 4.96689e-05 -2.03707e-21
-48.0642 5.54033e-05 -2.27225e-21
-53.4047 6.103e-05 -2.50302e-21
-53.4051 7.50883e-05 -3.07959e-21
-53.4066 0.000137181 -5.62617e-21
-53.41 0.000277164 -1.13673e-20
-53.4158 0.000513987 -2.10801e-20
-53.4239 0.000847914 -3.47754e-20
-53.4335 0.00124176 -5.09281e-20
-53.4432 0.00163837 -6.71941e-20
-53.4515 0.00198087 -8.12411e-20
-53.457 0.00220566 -9.04605e-20
-53.4578 0.00223448 -9.16423e-20
-53.4517 0.00198263 -8.13132e-20
-53.4369 0.00136808 -5.6109e-20
-53.4115 0.000323039 -1.32488e-20
-53.3747 -0.00119405 4.89714e-20
-53.3258 -0.00320884 1.31604e-19
-53.2642 -0.00574313 2.35542e-19
-53.1898 -0.00880063 3.60939e-19
-53.1032 -0.0123517 5.06577e-19
-53.0057 -0.0163476 6.70464e-19
-52.8984 -0.0207376 8.50508e-19
-52.7832 -0.0254431 1.0435e-18
-52.6632 -0.0303313 1.24398e-18
-52.5424 -0.0352414 1.44535e-18
-52.4245 -0.0400148 1.64112e-18
-52.313 -0.0445058 1.82531e-18
-52.211 -0.048592 1.9929e-18
-52.1208 -0.0521669 2.13951e-18
-52.0451 -0.0551306 2.26107e-18
-51.9859 -0.0573968 2.35401e-18
-51.9448 -0.0588997 2.41565e-18
-51.9231 -0.0595886 2.4439e-18
-51.9218 -0.0594209 2.43702e-18
-51.9417 -0.0583746 2.39411e-18
-51.9824 -0.0564621 2.31568e-18
-52.0432 -0.0537172 2.2031e-18
-52.1233 -0.0501797 2.05801e-18
-52.2215 -0.045899 1.88245e-18
-52.3366 -0.040938 1.67899e-18
-52.4667 -0.0353677 1.45053e-18
-52.6103 -0.0292611 1.20008e-18
-52.766 -0.022684 9.30336e-19
-52.9326 -0.015685 6.43288e-19
-53.1092 -0.00830294 3.40527e-19
-53.2952 -0.000575096 2.35864e-20
-53.4891 0.00744299 -3.05259e-19
-53.6888 0.0156567 -6.42125e-19
-53.8915 0.0239528 -9.82372e-19
-54.0948 0.0322233 -1.32157e-18
-54.2959 0.0403583 -1.65521e-18
-54.4919 0.0482379 -1.97837e-18
-54.68 0.0557411 -2.2861e-18
-54.8573 0.0627557 -2.57379e-18
-55.0212 0.0691741 -2.83703e-18
-55.1691 0.0748898 -3.07145e-18
-55.2984 0.0798015 -3.27289e-18
-55.4068 0.0838182 -3.43763e-18
-55.4927 0.0868789 -3.56316e-18
-55.5558 0.0889739 -3.64908e-18
-55.5965 0.0901242 -3.69625e-18
-55.6153 0.0903592 -3.70589e-18
-55.6133 0.0897295 -3.68007e-18
-55.5924 0.0883217 -3.62233e-18
-55.5551 0.0862425 -3.53706e-18
-55.5039 0.083601 -3.42872e-18
-55.4415 0.0805182 -3.30228e-18
-55.3714 0.0771378 -3.16365e-18
-55.297 0.0736138 -3.01911e-18
-55.222 0.0700951 -2.8748e-18
-55.1495 0.0667156 -2.7362e-18
-55.082 0.0635824 -2.6077e-18
-55.0216 0.0607845 -2.49295e-18
-54.9702 0.0584017 -2.39522e-18
-54.9293 0.0564908 -2.31685e-18
-54.8992 0.0550705 -2.2586e-18
-54.8799 0.054135 -2.22023e-18
-54.8711 0.0536702 -2.20117e-18
-54.872 0.053642 -2.20001e-18
-54.8811 0.0539843 -2.21405e-18
-54.8965 0.0546121 -2.2398e-18
-54.916 0.0554362 -2.2736e-18
-54.9383 0.0563895 -2.3127e-18
-54.9629 0.057454 -2.35635e-18
-54.9902 0.0586378 -2.40491e-18
-55.0204 0.059949 -2.45868e-18
-55.054 0.0613969 -2.51806e-18
-55.0912 0.0629945 -2.58358e-18
-55.1326 0.0647571 -2.65588e-18
-55.1786 0.0667015 -2.73562e-18
-55.2292 0.0688281 -2.82284e-18
-55.2838 0.0711019 -2.9161e-18
-55.341 0.073471 -3.01326e-18
-55.3996 0.0758859 -3.1123e-18
-55.4586 0.0783036 -3.21146e-18
-55.5173 0.0806908 -3.30936e-18
-55.5749 0.0830213 -3.40494e-18
-55.6309 0.085272 -3.49725e-18
-55.6849 0.0874284 -3.58569e-18
-55.7369 0.0894909 -3.67028e-18
-55.7869 0.0914683 -3.75138e-18
-55.8352 0.0933709 -3.82941e-18
-55.8823 0.0952169 -3.90512e-18
-55.9287 0.0970382 -3.97982e-18
-55.9755 0.0988736 -4.05509e-18
-56.0234 0.100761 -4.1325e-18
-56.0727 0.102713 -4.21257e-18
-56.1226 0.104696 -4.29387e-18
-56.1715 0.106646 -4.37385e-18
-56.2178 0.1085 -4.44988e-18
-56.2596 0.110178 -4.51872e-18
-56.2942 0.111572 -4.57588e-18
-56.3187 0.112556 -4.61626e-18
-56.33 0.113007 -4.63476e-18
-56.3256 0.112822 -4.62716e-18
-56.3041 0.111936 -4.59081e-18
-56.2645 0.110308 -4.52406e-18
-56.2058 0.107902 -4.42539e-18
-56.128 0.104708 -4.29437e-18
-56.032 0.100765 -4.13268e-18
-55.9196 0.0961444 -3.94316e-18
-55.7924 0.0909183 -3.72882e-18
-55.6529 0.0851796 -3.49346e-18
-55.5042 0.0790569 -3.24235e-18
-55.3499 0.0726985 -2.98157e-18
-55.1935 0.0662537 -2.71726e-18
-55.0386 0.0598603 -2.45504e-18
-54.8878 0.0536311 -2.19956e-18
-54.7435 0.0476647 -1.95487e-18
-54.6082 0.0420583 -1.72493e-18
-54.4837 0.0368928 -1.51308e-18
-54.3713 0.0322157 -1.32126e-18
-54.2717 0.0280565 -1.15068e-18
-54.1855 0.0244423 -1.00245e-18
-54.1135 0.0213994 -8.7765e-19
-54.0561 0.0189532 -7.77327e-19
-54.0141 0.0171285 -7.02487e-19
-53.9879 0.0159473 -6.54046e-19
-53.9781 0.0154296 -6.32813e-19
-53.9849 0.0155921 -6.39478e-19
-54.0088 0.0164487 -6.7461e-19
-54.05 0.0180106 -7.38665e-19
-54.1084 0.0202741 -8.315e-19
-54.1832 0.0232084 -9.51845e-19
-54.2731 0.0267667 -1.09778e-18
-54.3771 0.0308994 -1.26728e-18
-54.4938 0.0355535 -1.45815e-18
-54.6216 0.040671 -1.66804e-18
-54.7592 0.0461906 -1.89441e-18
-54.9049 0.0520488 -2.13467e-18
-55.0573 0.0581897 -2.38653e-18
-55.2156 0.0645749 -2.6484e-18
-55.3788 0.0711743 -2.91906e-18
-55.5462 0.0779558 -3.19719e-18
-55.7172 0.0848909 -3.48162e-18
-55.8911 0.0919606 -3.77157e-18
-56.0677 0.0991494 -4.0664e-18
-56.2464 0.10644 -4.36541e-18
-56.4266 0.113799 -4.66724e-18
-56.6067 0.121167 -4.9694e-18
-56.7848 0.128466 -5.26877e-18
-56.9592 0.135619 -5.56215e-18
-57.1278 0.14254 -5.84598e-18
-57.2879 0.149124 -6.11599e-18
-57.437 0.155257 -6.36753e-18
-57.5724 0.160829 -6.59607e-18
-57.6918 0.165745 -6.79769e-18
-57.7936 0.16994 -6.96972e-18
-57.8768 0.173365 -7.11022e-18
-57.9404 0.17598 -7.21745e-18
-57.9839 0.177763 -7.29056e-18
-58.0077 0.178731 -7.33026e-18
-58.0129 0.178924 -7.3382e-18
-58.0004 0.178389 -7.31626e-18
-57.9719 0.177183 -7.26681e-18
-57.9291 0.175385 -7.19304e-18
-57.8743 0.173083 -7.09864e-18
-57.8096 0.170372 -6.98744e-18
-57.7371 0.167334 -6.86284e-18
-57.6581 0.164026 -6.72717e-18
-57.5737 0.160492 -6.58223e-18
-57.4849 0.156777 -6.42988e-18
-57.393 0.152932 -6.27217e-18
-57.2992 0.14901 -6.11134e-18
-57.205 0.145072 -5.94981e-18
-57.1116 0.141175 -5.78998e-18
-57.0205 0.137373 -5.63404e-18
-56.9325 0.13371 -5.48382e-18
-56.8487 0.130224 -5.34088e-18
-56.7699 0.126953 -5.20671e-18
-56.6969 0.123932 -5.08282e-18
-56.6307 0.1212 -4.97077e-18
-56.572 0.118795 -4.87214e-18
-56.5219 0.116752 -4.78834e-18
-56.4806 0.115089 -4.72013e-18
-56.4478 0.113793 -4.66699e-18
-56.4229 0.112835 -4.62767e-18
-56.4049 0.112179 -4.60078e-18
-56.3931 0.111794 -4.58499e-18
-56.3869 0.111654 -4.57926e-18
-56.3856 0.111736 -4.58263e-18
-56.3888 0.112015 -4.59405e-18
-56.3955 0.112454 -4.61206e-18
-56.4044 0.113001 -4.63451e-18
-56.4141 0.113594 -4.65883e-18
-56.4231 0.11417 -4.68243e-18
-56.4296 0.114657 -4.70242e-18
-56.4317 0.114973 -4.71537e-18
-56.4272 0.115026 -4.71757e-18
-56.4139 0.114729 -4.70538e-18
-56.3903 0.114018 -4.67622e-18
-56.3562 0.112881 -4.62958e-18
-56.312 0.111334 -4.56612e-18
-56.2582 0.109395 -4.4866e-18
-56.1953 0.107091 -4.39209e-18
-56.1245 0.104463 -4.28433e-18
-56.047 0.101563 -4.16539e-18
-55.964 0.0984415 -4.03737e-18
-55.877 0.0951554 -3.9026e-18
-55.7876 0.0917714 -3.76381e-18
-55.6975 0.0883612 -3.62395e-18
-55.6086 0.0849955 -3.48591e-18
-55.5218 0.0817177 -3.35148e-18
-55.437 0.0785152 -3.22014e-18
-55.353 0.0753458 -3.09015e-18
-55.269 0.0721669 -2.95977e-18
-55.1839 0.068933 -2.82714e-18
-55.0964 0.0655921 -2.69012e-18
-55.0054 0.0620896 -2.54648e-18
-54.9094 0.0583739 -2.39408e-18
-54.8079 0.0544118 -2.23159e-18
-54.7008 0.0502058 -2.05908e-18
-54.5889 0.0457789 -1.87753e-18
-54.4726 0.041158 -1.68801e-18
-54.3529 0.036377 -1.49192e-18
-54.2309 0.0314813 -1.29114e-18
-54.1078 0.0265238 -1.08782e-18
-53.9849 0.0215595 -8.84217e-19
-53.8637 0.0166475 -6.82761e-19
-53.7458 0.011853 -4.86125e-19
-53.6327 0.0072444 -2.97114e-19
-53.526 0.00289019 -1.18535e-19
-53.4276 -0.00113739 4.66477e-20
-53.3393 -0.00475805 1.95142e-19
-53.263 -0.00788871 3.23539e-19
-53.2008 -0.0104492 4.28553e-19
-53.1544 -0.0123627 5.07029e-19
-53.1256 -0.0135556 5.55952e-19
-53.1161 -0.0139589 5.72494e-19
-53.1273 -0.0135093 5.54057e-19
-53.1602 -0.0121689 4.99081e-19
-53.2146 -0.00994552 4.07894e-19
-53.2897 -0.00687444 2.8194e-19
-53.3843 -0.00299665 1.22901e-19
-53.4967 0.00160566 -6.58527e-20
-53.6228 0.0067708 -2.7769e-19
-53.7577 0.0122945 -5.04232e-19
-53.8964 0.0179715 -7.37064e-19
-54.0341 0.0235971 -9.67786e-19
-54.1658 0.0289667 -1.18801e-18
-54.2866 0.0338791 -1.38948e-18
-54.3917 0.0381388 -1.56418e-18
-54.4771 0.0415746 -1.7051e-18
-54.5394 0.044058 -1.80695e-18
-54.5764 0.0454879 -1.86559e-18
-54.5856 0.0457726 -1.87727e-18
-54.5662 0.0448748 -1.84045e-18
-54.5196 0.0428596 -1.75779e-18
-54.4487 0.0398491 -1.63433e-18
-54.3566 0.035972 -1.47532e-18
-54.2467 0.0313789 -1.28694e-18
-54.1237 0.0262601 -1.077e-18
-53.9925 0.0208264 -8.54149e-19
-53.858 0.0152863 -6.26935e-19
-53.725 0.00983294 -4.03277e-19
-53.5972 0.00462942 -1.89866e-19
-53.4781 -0.000181295 7.43543e-21
-53.3709 -0.00446469 1.8311e-19
-53.2784 -0.00811037 3.3263e-19
-53.2021 -0.0110488 4.53144e-19
-53.1431 -0.0132372 5.42896e-19
-53.1023 -0.014643 6.00553e-19
-53.0798 -0.0152688 6.26219e-19
-53.0739 -0.015179 6.22535e-19
-53.0825 -0.0144738 5.9361e-19
-53.1029 -0.0132599 5.43826e-19
-53.133 -0.0116375 4.77287e-19
-53.1709 -0.00968669 3.97279e-19
-53.215 -0.00747708 3.06657e-19
-53.2638 -0.00507908 2.08308e-19
-53.3159 -0.00255985 1.04987e-19
-53.3697 2.12203e-05 -8.70307e-22
-53.4243 0.00261056 -1.07067e-19
-53.4784 0.00515811 -2.11549e-19
-53.5309 0.00761045 -3.12127e-19
-53.5802 0.00990338 -4.06166e-19
-53.6249 0.0119701 -4.9093e-19
-53.6634 0.0137506 -5.6395e-19
-53.6953 0.0152259 -6.24458e-19
-53.7222 0.0164557 -6.74894e-19
-53.7464 0.0175435 -7.19511e-19
-53.7708 0.0185982 -7.62766e-19
-53.7978 0.0197323 -8.09279e-19
-53.8303 0.0210624 -8.63828e-19
-53.8711 0.0227065 -9.31259e-19
-53.9231 0.0247827 -1.01641e-18
-53.9881 0.0273741 -1.12269e-18
-54.0664 0.0304932 -1.25062e-18
-54.1574 0.0341129 -1.39907e-18
-54.2601 0.0382035 -1.56684e-18
-54.3729 0.0426938 -1.751e-18
-54.492 0.0474294 -1.94522e-18
-54.6125 0.0522118 -2.14136e-18
-54.7295 0.0568432 -2.3313e-18
-54.8385 0.0611324 -2.50722e-18
-54.9351 0.0649007 -2.66177e-18
-55.0151 0.0679792 -2.78802e-18
-55.0745 0.0702045 -2.87929e-18
-55.1105 0.0714575 -2.93068e-18
-55.1222 0.0717042 -2.9408e-18
-55.1099 0.0709593 -2.91025e-18
-55.0741 0.0692443 -2.83991e-18
-55.0162 0.0666206 -2.7323e-18
-54.9396 0.0632271 -2.59313e-18
-54.8486 0.0592445 -2.42979e-18
-54.7476 0.0548552 -2.24977e-18
-54.6404 0.0502221 -2.05975e-18
-54.5299 0.0454658 -1.86468e-18
-54.4185 0.0406833 -1.66854e-18
-54.3084 0.0359688 -1.47519e-18
-54.2013 0.0313955 -1.28762e-18
-54.0981 0.0269957 -1.10717e-18
-53.9989 0.0227782 -9.34198e-19
-53.9038 0.0187485 -7.68931e-19
-53.8124 0.014885 -6.10478e-19
-53.7228 0.0111128 -4.55766e-19
-53.6326 0.00732848 -3.00562e-19
-53.5392 0.00342849 -1.40612e-19
-53.4403 -0.000680685 2.79168e-20
-53.3343 -0.00507187 2.08012e-19
-53.2197 -0.00980528 4.02143e-19
-53.095 -0.0149383 6.12662e-19
-52.9593 -0.0205106 8.41198e-19
-52.8125 -0.0265284 1.08801e-18
-52.6547 -0.0329786 1.35255e-18
-52.4865 -0.039845 1.63416e-18
-52.308 -0.04711 1.93212e-18
-52.1198 -0.0547557 2.24569e-18
-51.9222 -0.0627636 2.57412e-18
-51.7155 -0.0711141 2.9166e-18
-51.5004 -0.0797854 3.27223e-18
-51.2772 -0.0887532 3.64003e-18
-51.0465 -0.0979924 4.01895e-18
-50.8089 -0.107479 4.40802e-18
-50.5651 -0.117178 4.80579e-18
-50.3165 -0.12703 5.20987e-18
-50.0647 -0.136967 5.61742e-18
-49.8113 -0.146924 6.02577e-18
-49.5578 -0.156831 6.4321e-18
-49.3064 -0.166607 6.83302e-18
-49.059 -0.176164 7.22499e-18
-48.8177 -0.185424 7.60479e-18
-48.5843 -0.194307 7.96909e-18
-48.3612 -0.202718 8.31406e-18
-48.1509 -0.210562 8.63574e-18
-47.9556 -0.217751 8.9306e-18
-47.7769 -0.224217 9.1958e-18
-47.616 -0.229918 9.42959e-18
-47.4738 -0.234828 9.63097e-18
-47.3507 -0.238932 9.7993e-18
-47.2465 -0.242248 9.93529e-18
-47.1593 -0.244854 1.00422e-17
-47.0867 -0.246881 1.01253e-17
-47.0259 -0.248434 1.0189e-17
-46.9745 -0.249618 1.02376e-17
-46.9294 -0.25057 1.02766e-17
-46.8878 -0.251413 1.03112e-17
-46.8468 -0.252273 1.03464e-17
-46.8036 -0.25327 1.03873e-17
-46.7553 -0.254525 1.04388e-17
-46.6995 -0.256153 1.05056e-17
-46.6335 -0.258256 1.05918e-17
-46.5564 -0.260882 1.06995e-17
-46.4697 -0.263972 1.08263e-17
-46.3761 -0.267408 1.09672e-17
-46.2788 -0.271059 1.11169e-17
-46.1815 -0.274773 1.12693e-17
-46.0887 -0.278361 1.14164e-17
-46.0056 -0.281608 1.15496e-17
-45.9371 -0.284302 1.166e-17
-45.8877 -0.286258 1.17403e-17
-45.8601 -0.287358 1.17854e-17
-45.8562 -0.287522 1.17921e-17
-45.8778 -0.286671 1.17572e-17
-45.9258 -0.284759 1.16788e-17
-45.9999 -0.281801 1.15575e-17
-46.0988 -0.277845 1.13952e-17
-46.2211 -0.272946 1.11943e-17
-46.3657 -0.267152 1.09567e-17
-46.5316 -0.260492 1.06835e-17
-46.7184 -0.25299 1.03759e-17
-46.9253 -0.244675 1.00348e-17
-47.1523 -0.235547 9.66048e-18
-47.4008 -0.225549 9.25043e-18
-47.6729 -0.214592 8.80103e-18
-47.9707 -0.202594 8.30896e-18
-48.2953 -0.18951 7.77237e-18
-48.646 -0.175364 7.19217e-18
-49.0216 -0.160215 6.57088e-18
-49.4202 -0.144153 5.91213e-18
-49.8393 -0.127278 5.22004e-18
-50.2746 -0.109762 4.50165e-18
-50.7203 -0.091845 3.76683e-18
-51.171 -0.0737542 3.02487e-18
-51.6216 -0.0557005 2.28444e-18
-52.0682 -0.0378505 1.55236e-18
-52.5074 -0.0203451 8.3441e-19
-52.9359 -0.00331777 1.36071e-19
-53.3513 0.0131328 -5.38615e-19
-53.7528 0.0289701 -1.18815e-18
-54.1404 0.0441962 -1.81262e-18
-54.5143 0.0588207 -2.41241e-18
-54.8752 0.0728817 -2.98909e-18
-55.2253 0.0864656 -3.5462e-18
-55.5673 0.0996875 -4.08847e-18
-55.9039 0.112666 -4.62075e-18
-56.237 0.125484 -5.14645e-18
-56.5667 0.138146 -5.66577e-18
-56.8919 0.150616 -6.17719e-18
-57.2116 0.162858 -6.67927e-18
-57.5246 0.174822 -7.16995e-18
-57.8288 0.186427 -7.64592e-18
-58.1217 0.197577 -8.10321e-18
-58.401 0.208176 -8.53791e-18
-58.6649 0.218158 -8.94727e-18
-58.9133 0.22751 -9.33086e-18
-59.1464 0.236255 -9.68949e-18
-59.3647 0.244412 -1.0024e-17
-59.569 0.252015 -1.03359e-17
-59.7609 0.259131 -1.06277e-17
-59.9423 0.265838 -1.09028e-17
-60.115 0.272213 -1.11643e-17
-60.2814 0.278355 -1.14161e-17
-60.445 0.284406 -1.16643e-17
-60.6099 0.29053 -1.19155e-17
-60.7798 0.296887 -1.21762e-17
-60.9581 0.303602 -1.24516e-17
-61.1466 0.310757 -1.2745e-17
-61.346 0.318372 -1.30574e-17
-61.5567 0.326459 -1.3389e-17
-61.7781 0.33499 -1.37389e-17
-62.0067 0.343817 -1.41009e-17
-62.2378 0.352736 -1.44667e-17
-62.4665 0.361542 -1.48279e-17
-62.6876 0.370019 -1.51755e-17
-62.8955 0.377924 -1.54998e-17
-63.084 0.385005 -1.57902e-17
-63.2476 0.391022 -1.60369e-17
-63.3816 0.395787 -1.62324e-17
-63.4842 0.399217 -1.6373e-17
-63.5548 0.401286 -1.64579e-17
-63.593 0.401985 -1.64866e-17
-63.6001 0.401361 -1.6461e-17
-63.5794 0.39956 -1.63871e-17
-63.5359 0.396785 -1.62733e-17
-63.4747 0.393249 -1.61283e-17
-63.4006 0.38916 -1.59606e-17
-63.3179 0.384702 -1.57777e-17
-63.2307 0.380048 -1.55869e-17
-63.1432 0.375371 -1.5395e-17
-63.0582 0.3708 -1.52076e-17
-62.9765 0.366369 -1.50259e-17
-62.8974 0.362059 -1.48491e-17
-62.8203 0.357847 -1.46763e-17
-62.7443 0.353697 -1.45061e-17
-62.6679 0.349544 -1.43358e-17
-62.5891 0.345312 -1.41622e-17
-62.5056 0.340922 -1.39822e-17
-62.4165 0.336327 -1.37937e-17
-62.3222 0.331551 -1.35979e-17
-62.2242 0.326656 -1.33971e-17
-62.1239 0.3217 -1.31938e-17
-62.0227 0.316745 -1.29906e-17
-61.9229 0.311869 -1.27907e-17
-61.8263 0.307152 -1.25972e-17
-61.7344 0.30267 -1.24134e-17
-61.6491 0.298489 -1.22419e-17
-61.5714 0.294652 -1.20845e-17
-61.5021 0.291194 -1.19427e-17
-61.4421 0.288143 -1.18176e-17
-61.3917 0.28551 -1.17096e-17
-61.3505 0.283279 -1.16181e-17
-61.3179 0.281419 -1.15418e-17
-61.2931 0.279894 -1.14793e-17
-61.2752 0.278672 -1.14291e-17
-61.2638 0.277726 -1.13903e-17
-61.2584 0.277035 -1.1362e-17
-61.2585 0.276577 -1.13432e-17
-61.2642 0.276356 -1.13341e-17
-61.2768 0.276423 -1.13369e-17
-61.2984 0.27686 -1.13548e-17
-61.3308 0.277745 -1.13911e-17
-61.3763 0.279172 -1.14497e-17
-61.4379 0.281266 -1.15355e-17
-61.519 0.284162 -1.16543e-17
-61.6227 0.287996 -1.18115e-17
-61.7508 0.292837 -1.20101e-17
-61.9019 0.298633 -1.22478e-17
-62.0731 0.305262 -1.25197e-17
-62.2613 0.3126 -1.28206e-17
-62.462 0.32046 -1.3143e-17
-62.6675 0.328535 -1.34742e-17
-62.869 0.336454 -1.37989e-17
-63.0575 0.343849 -1.41023e-17
-63.2241 0.350361 -1.43693e-17
-63.3601 0.355633 -1.45856e-17
-63.4572 0.359321 -1.47368e-17
-63.5071 0.361093 -1.48095e-17
-63.5024 0.360649 -1.47913e-17
-63.4371 0.357747 -1.46722e-17
-63.306 0.352179 -1.44439e-17
-63.1042 0.343757 -1.40985e-17
-62.8289 0.332365 -1.36313e-17
-62.4802 0.318023 -1.3043e-17
-62.0601 0.300826 -1.23377e-17
-61.5712 0.280885 -1.15199e-17
-61.0172 0.25837 -1.05965e-17
-60.4049 0.233569 -9.57935e-18
-59.7426 0.206833 -8.48281e-18
-59.0383 0.178509 -7.32115e-18
-58.3007 0.14896 -6.10929e-18
-57.5393 0.118585 -4.86353e-18
-56.7638 0.0877903 -3.60053e-18
-55.9834 0.0569659 -2.33634e-18
-55.2069 0.0264717 -1.08568e-18
-54.442 -0.00337935 1.38597e-19
-53.6951 -0.0323116 1.32519e-18
-52.9725 -0.0600749 2.46385e-18
-52.279 -0.0864721 3.54647e-18
-51.619 -0.11133 4.56595e-18
-50.9934 -0.134615 5.52096e-18
-50.4022 -0.156346 6.4122e-18
-49.8461 -0.176502 7.23886e-18
-49.3236 -0.195157 8.00396e-18
-48.8328 -0.212403 8.71126e-18
-48.3714 -0.228355 9.36549e-18
-47.937 -0.24313 9.97147e-18
-47.5273 -0.25684 1.05337e-17
-47.1403 -0.2696 1.10571e-17
-46.7734 -0.281517 1.15458e-17
-46.4245 -0.292677 1.20035e-17
-46.0933 -0.303118 1.24318e-17
-45.7798 -0.312845 1.28307e-17
-45.4843 -0.321863 1.32005e-17
-45.207 -0.330209 1.35428e-17
-44.9495 -0.3378 1.38542e-17
-44.7145 -0.344511 1.41294e-17
-44.5038 -0.350286 1.43663e-17
-44.3198 -0.355026 1.45607e-17
-44.1648 -0.358647 1.47091e-17
-44.0411 -0.361051 1.48077e-17
-43.951 -0.362146 1.48527e-17
-43.8966 -0.361853 1.48407e-17
-43.8792 -0.360123 1.47697e-17
-43.8993 -0.356927 1.46386e-17
-43.9587 -0.352226 1.44458e-17
-44.0567 -0.346034 1.41919e-17
-44.1916 -0.338405 1.3879e-17
-44.3617 -0.329422 1.35105e-17
-44.5648 -0.319175 1.30903e-17
-44.7983 -0.307774 1.26227e-17
-45.0584 -0.295381 1.21144e-17
-45.3407 -0.282176 1.15729e-17
-45.6409 -0.268344 1.10056e-17
-45.9546 -0.254074 1.04203e-17
-46.2767 -0.239574 9.8256e-18
-46.6027 -0.225058 9.23029e-18
-46.9273 -0.210732 8.64271e-18
-47.2459 -0.196778 8.07045e-18
-47.5553 -0.183345 7.51949e-18
-47.8523 -0.170551 6.99478e-18
-48.1347 -0.158502 6.50063e-18
-48.4006 -0.147271 6.04e-18
-48.6496 -0.136877 5.6137e-18
-48.8823 -0.127302 5.22104e-18
-49.0993 -0.118516 4.86067e-18
-49.3019 -0.110458 4.53019e-18
-49.4923 -0.103035 4.22576e-18
-49.6732 -0.0961284 3.9425e-18
-49.8478 -0.0896059 3.675e-18
-50.0184 -0.0833607 3.41886e-18
-50.1859 -0.0773515 3.17241e-18
-50.3503 -0.0715679 2.93521e-18
-50.512 -0.0659897 2.70643e-18
-50.6702 -0.0606341 2.48678e-18
-50.8222 -0.055606 2.28056e-18
-50.9641 -0.0510532 2.09384e-18
-51.0923 -0.0471139 1.93228e-18
-51.2034 -0.0439195 1.80126e-18
-51.2939 -0.0415982 1.70606e-18
-51.3605 -0.040272 1.65167e-18
-51.4003 -0.0400544 1.64275e-18
-51.4109 -0.0410226 1.68245e-18
-51.3918 -0.0431889 1.7713e-18
-51.3431 -0.0465294 1.90831e-18
-51.2653 -0.0510166 2.09234e-18
-51.1593 -0.0565936 2.32107e-18
-51.0276 -0.0631457 2.58979e-18
-50.8733 -0.0705305 2.89266e-18
-50.6995 -0.0786118 3.2241e-18
-50.5097 -0.0872339 3.57772e-18
-50.3085 -0.0961943 3.94521e-18
-50.101 -0.105273 4.31757e-18
-49.8921 -0.114269 4.68649e-18
-49.6867 -0.122974 5.0435e-18
-49.4902 -0.131155 5.37904e-18
-49.3086 -0.138578 5.68348e-18
-49.1468 -0.145032 5.94819e-18
-49.0088 -0.150364 6.16685e-18
-48.8963 -0.154504 6.33667e-18
-48.8099 -0.157445 6.45726e-18
-48.7495 -0.159199 6.52921e-18
-48.7131 -0.159861 6.55635e-18
-48.6955 -0.159659 6.54809e-18
-48.6897 -0.158901 6.51701e-18
-48.6885 -0.157905 6.47613e-18
-48.684 -0.157014 6.43959e-18
-48.6672 -0.156617 6.4233e-18
-48.6287 -0.15712 6.44395e-18
-48.5593 -0.158921 6.51782e-18
-48.4503 -0.162404 6.66067e-18
-48.2929 -0.167939 6.88766e-18
-48.0795 -0.175873 7.21304e-18
-47.8024 -0.186525 7.64991e-18
-47.4551 -0.200165 8.20935e-18
-47.0331 -0.216995 8.89961e-18
-46.5334 -0.237161 9.72665e-18
-45.9532 -0.260767 1.06948e-17
-45.2905 -0.287881 1.18068e-17
-44.545 -0.318518 1.30633e-17
-43.7172 -0.352649 1.44632e-17
-42.8085 -0.390212 1.60037e-17
-41.8213 -0.431092 1.76803e-17
-40.7598 -0.47511 1.94856e-17
-39.629 -0.522036 2.14102e-17
-38.4346 -0.571621 2.34438e-17
-37.1837 -0.623562 2.55741e-17
-35.885 -0.67748 2.77854e-17
-34.5487 -0.732949 3.00603e-17
-33.1844 -0.789545 3.23815e-17
-31.8023 -0.846822 3.47306e-17
-30.4143 -0.904284 3.70873e-17
-29.0321 -0.961429 3.9431e-17
-27.6672 -1.01776 4.17414e-17
-26.3314 -1.0728 4.39986e-17
-25.0367 -1.12603 4.61815e-17
-23.7951 -1.17694 4.82698e-17
-22.6179 -1.22508 5.0244e-17
-21.5152 -1.27003 5.20874e-17
-20.4946 -1.31146 5.37867e-17
-19.5628 -1.34911 5.5331e-17
-18.7254 -1.38277 5.67114e-17
-17.9861 -1.41228 5.79218e-17
-17.3455 -1.43762 5.89609e-17
-16.8032 -1.45883 5.98307e-17
-16.3575 -1.47598 6.05342e-17
-16.0058 -1.48921 6.10768e-17
-15.7435 -1.49871 6.14666e-17
-15.5653 -1.50473 6.17133e-17
-15.4653 -1.50752 6.18277e-17
-15.4381 -1.50732 6.18196e-17
-15.4797 -1.50432 6.16963e-17
-15.5869 -1.49865 6.14641e-17
-15.7561 -1.49049 6.11293e-17
-15.984 -1.47997 6.0698e-17
-16.2672 -1.46726 6.01765e-17
-16.6025 -1.45248 5.95704e-17
-16.9866 -1.43578 5.88853e-17
-17.4168 -1.41726 5.81261e-17
-17.8913 -1.39702 5.72957e-17
-18.4093 -1.37509 5.63963e-17
-18.9693 -1.35152 5.54298e-17
-19.5698 -1.32637 5.43982e-17
-20.2101 -1.29968 5.33036e-17
-20.888 -1.27152 5.21487e-17
-21.6016 -1.24196 5.09362e-17
-22.3494 -1.21105 4.96685e-17
-23.1295 -1.17886 4.83485e-17
-23.94 -1.14546 4.69788e-17
-24.779 -1.11093 4.55625e-17
-25.6444 -1.07534 4.41028e-17
-26.5338 -1.03878 4.26035e-17
-27.4448 -1.00136 4.10685e-17
-28.3746 -0.963166 3.95022e-17
-29.3203 -0.924331 3.79095e-17
-30.2784 -0.884992 3.62961e-17
-31.2452 -0.845306 3.46684e-17
-32.2167 -0.805432 3.30331e-17
-33.1898 -0.765504 3.13955e-17
-34.1629 -0.725591 2.97586e-17
-35.1353 -0.685729 2.81237e-17
-36.1068 -0.645956 2.64925e-17
-37.0768 -0.606289 2.48657e-17
-38.0454 -0.566707 2.32423e-17
-39.0144 -0.527161 2.16204e-17
-39.985 -0.487602 1.9998e-17
-40.9589 -0.447972 1.83726e-17
-41.9387 -0.408187 1.67409e-17
-42.9267 -0.368152 1.5099e-17
-43.9252 -0.327763 1.34425e-17
-44.9361 -0.286963 1.17692e-17
-45.9588 -0.245779 1.00801e-17
-46.9918 -0.204279 8.37807e-18
-48.0336 -0.162525 6.66563e-18
-49.0826 -0.120594 4.9459e-18
-50.136 -0.0786021 3.2237e-18
-51.1906 -0.0366834 1.50449e-18
-52.2434 0.00504446 -2.06888e-19
-53.2925 0.0464988 -1.90705e-18
-54.3372 0.0876525 -3.59488e-18
-55.3775 0.128516 -5.27079e-18
-56.4138 0.169113 -6.93579e-18
-57.4464 0.20941 -8.5885e-18
-58.4767 0.2495 -1.02327e-17
-59.5067 0.28952 -1.18741e-17
-60.5379 0.32952 -1.35145e-17
-61.5717 0.369579 -1.51575e-17
-62.6082 0.409713 -1.68035e-17
-63.6469 0.44992 -1.84525e-17
-64.6876 0.490198 -2.01044e-17
-65.7287 0.530492 -2.1757e-17
-66.7661 0.570655 -2.34042e-17
-67.7946 0.61048 -2.50375e-17
-68.8109 0.649838 -2.66517e-17
-69.8081 0.688461 -2.82358e-17
-70.7784 0.726031 -2.97766e-17
-71.7159 0.762309 -3.12645e-17
-72.6133 0.797003 -3.26874e-17
-73.464 0.829839 -3.40341e-17
-74.2605 0.86052 -3.52924e-17
-74.9957 0.888747 -3.64501e-17
-75.6624 0.914227 -3.74951e-17
-76.2542 0.936691 -3.84164e-17
-76.7658 0.955924 -3.92052e-17
-77.1928 0.971741 -3.98539e-17
-77.5313 0.983971 -4.03555e-17
-77.7769 0.992438 -4.07027e-17
-77.925 0.996945 -4.08876e-17
-77.971 0.997294 -4.09019e-17
-77.9105 0.993307 -4.07384e-17
-77.7405 0.984852 -4.03916e-17
-77.4604 0.971876 -3.98594e-17
-77.0696 0.954362 -3.91412e-17
-76.568 0.932323 -3.82373e-17
-75.958 0.905847 -3.71514e-17
-75.2443 0.875128 -3.58915e-17
-74.4337 0.84044 -3.44689e-17
-73.533 0.802074 -3.28954e-17
-72.5502 0.760355 -3.11843e-17
-71.4955 0.715645 -2.93507e-17
-70.3774 0.66834 -2.74105e-17
-69.2047 0.618839 -2.53804e-17
-67.9878 0.567552 -2.32769e-17
-66.7362 0.514886 -2.1117e-17
-65.4597 0.461246 -1.8917e-17
-64.1685 0.407029 -1.66934e-17
-62.8717 0.352622 -1.4462e-17
-61.5767 0.298362 -1.22367e-17
-60.2909 0.244544 -1.00295e-17
-59.021 0.191463 -7.85245e-18
-57.7745 0.139369 -5.71594e-18
-56.5551 0.0884559 -3.62783e-18
-55.3658 0.038878 -1.5945e-18
-54.211 -0.00922669 3.78413e-19
-53.093 -0.0557373 2.28595e-18
-52.0142 -0.10055 4.12383e-18
-50.9767 -0.143579 5.88859e-18
-49.9834 -0.184714 7.57564e-18
-49.0351 -0.223914 9.18335e-18
-48.1325 -0.261153 1.07107e-17
-47.2777 -0.296362 1.21546e-17
-46.4711 -0.329511 1.35142e-17
-45.7139 -0.360567 1.47879e-17
-45.0072 -0.389487 1.5974e-17
-44.3519 -0.416233 1.70709e-17
-43.7489 -0.440779 1.80776e-17
-43.1991 -0.463095 1.89929e-17
-42.7043 -0.483108 1.98137e-17
-42.2667 -0.500738 2.05367e-17
-41.8881 -0.515917 2.11592e-17
-41.5696 -0.528603 2.16795e-17
-41.3116 -0.538791 2.20974e-17
-41.1137 -0.546501 2.24136e-17
-40.9753 -0.551766 2.26295e-17
-40.8954 -0.554638 2.27473e-17
-40.8722 -0.555198 2.27703e-17
-40.9034 -0.553542 2.27024e-17
-40.9867 -0.549776 2.25479e-17
-41.1191 -0.544033 2.23124e-17
-41.2962 -0.536496 2.20033e-17
-41.5131 -0.527374 2.16291e-17
-41.7649 -0.516877 2.11986e-17
-42.0466 -0.505208 2.072e-17
-42.3537 -0.492565 2.02015e-17
-42.6815 -0.479134 1.96507e-17
-43.0257 -0.465098 1.9075e-17
-43.3824 -0.450618 1.84811e-17
-43.7484 -0.435825 1.78744e-17
-44.1209 -0.420828 1.72594e-17
-44.4973 -0.405728 1.66401e-17
-44.876 -0.390592 1.60193e-17
-45.2563 -0.375438 1.53978e-17
-45.6384 -0.360249 1.47748e-17
-46.0227 -0.345002 1.41495e-17
-46.4098 -0.32966 1.35203e-17
-46.801 -0.314155 1.28844e-17
-47.1981 -0.298407 1.22385e-17
-47.6027 -0.282337 1.15795e-17
-48.0164 -0.265864 1.09038e-17
-48.4408 -0.248909 1.02085e-17
-48.8774 -0.231399 9.49036e-18
-49.3276 -0.213268 8.74674e-18
-49.7931 -0.194433 7.97428e-18
-50.2739 -0.174879 7.1723e-18
-50.7695 -0.154615 6.34119e-18
-51.2801 -0.133626 5.48041e-18
-51.8046 -0.111951 4.59142e-18
-52.341 -0.0896623 3.67731e-18
-52.8863 -0.0668734 2.74267e-18
-53.4381 -0.0437079 1.79259e-18
-53.9923 -0.0203013 8.32613e-19
-54.5452 0.00320017 -1.31248e-19
-55.0941 0.0266413 -1.09264e-18
-55.6341 0.049852 -2.04458e-18
-56.1606 0.0726744 -2.98059e-18
-56.6707 0.0949673 -3.89488e-18
-57.161 0.1166 -4.78209e-18
-57.6281 0.137435 -5.63659e-18
-58.0695 0.15733 -6.45254e-18
-58.4823 0.176184 -7.2258e-18
-58.8635 0.193896 -7.95224e-18
-59.2109 0.210359 -8.62742e-18
-59.5216 0.22544 -9.24596e-18
-59.7907 0.238947 -9.7999e-18
-60.0136 0.250663 -1.02804e-17
-60.1848 0.26037 -1.06785e-17
-60.2988 0.267863 -1.09858e-17
-60.3513 0.272955 -1.11947e-17
-60.3383 0.275476 -1.12981e-17
-60.2571 0.275311 -1.12913e-17
-60.1038 0.272298 -1.11677e-17
-59.8757 0.266292 -1.09214e-17
-59.5704 0.257206 -1.05487e-17
-59.185 0.244939 -1.00456e-17
-58.7184 0.229427 -9.40945e-18
-58.1688 0.210607 -8.63761e-18
-57.5358 0.188443 -7.72861e-18
-56.8183 0.162904 -6.68115e-18
-56.0151 0.13392 -5.49243e-18
-55.1219 0.101324 -4.15559e-18
-54.133 0.0648005 -2.65766e-18
-53.0441 0.0242021 -9.92599e-19
-51.8513 -0.0205804 8.44062e-19
-50.5495 -0.0697911 2.86234e-18
-49.1344 -0.123599 5.06916e-18
-47.6017 -0.182185 7.47194e-18
-45.9483 -0.245682 1.00761e-17
-44.1718 -0.314189 1.28858e-17
-42.2705 -0.387773 1.59037e-17
-40.2437 -0.466468 1.91312e-17
-38.0904 -0.550311 2.25698e-17
-35.8092 -0.63936 2.6222e-17
-33.3985 -0.733675 3.00901e-17
-30.8576 -0.833286 3.41755e-17
-28.1863 -0.938191 3.84779e-17
-25.3855 -1.04835 4.29959e-17
-22.4567 -1.1637 4.77266e-17
-19.4022 -1.28413 5.2666e-17
-16.2255 -1.4095 5.78075e-17
-12.9328 -1.53953 6.31405e-17
-9.5318 -1.6739 6.86516e-17
-6.03047 -1.81229 7.43271e-17
-2.43914 -1.95424 8.01489e-17
1.22756 -2.09915 8.60922e-17
4.9528 -2.24632 9.2128e-17
8.71981 -2.39504 9.82277e-17
12.5111 -2.5446 1.04361e-16
16.3077 -2.6942 1.10497e-16
20.09 -2.84303 1.16601e-16
23.8392 -2.99031 1.22641e-16
27.5361 -3.13526 1.28586e-16
31.1601 -3.27702 1.344e-16
34.6906 -3.41476 1.40049e-16
38.1082 -3.54768 1.45501e-16
41.3964 -3.67512 1.50727e-16
44.5439 -3.79662 1.5571e-16
47.5431 -3.91189 1.60438e-16
50.3871 -4.02066 1.64899e-16
53.0723 -4.12281 1.69088e-16
55.5994 -4.21839 1.73008e-16
57.9718 -4.30758 1.76666e-16
60.1941 -4.39057 1.8007e-16
62.2713 -4.46763 1.83231e-16
64.209 -4.53901 1.86158e-16
66.0133 -4.60499 1.88864e-16
67.6906 -4.66586 1.91361e-16
69.2473 -4.72193 1.9366e-16
70.6888 -4.77342 1.95772e-16
72.0198 -4.82059 1.97706e-16
73.2454 -4.86364 1.99472e-16
74.3691 -4.90276 2.01076e-16
75.3912 -4.93797 2.0252e-16
76.3101 -4.96922 2.03802e-16
77.1245 -4.99648 2.0492e-16
77.8316 -5.01965 2.0587e-16
78.4265 -5.03852 2.06644e-16
78.9027 -5.05285 2.07232e-16
79.2543 -5.06239 2.07623e-16
79.4757 -5.06692 2.07809e-16
79.5632 -5.0663 2.07783e-16
79.5143 -5.0604 2.07542e-16
79.3262 -5.04913 2.07079e-16
78.9972 -5.03242 2.06394e-16
78.5266 -5.01023 2.05484e-16
77.9147 -4.98258 2.0435e-16
77.1618 -4.94949 2.02993e-16
76.2691 -4.911 2.01414e-16
75.2388 -4.86721 1.99618e-16
74.074 -4.81824 1.9761e-16
72.7779 -4.76423 1.95395e-16
71.3537 -4.70533 1.92979e-16
69.805 -4.64166 1.90368e-16
68.1355 -4.5734 1.87568e-16
66.3489 -4.50068 1.84586e-16
64.4486 -4.42367 1.81428e-16
62.4376 -4.34248 1.78098e-16
60.3187 -4.25724 1.74602e-16
58.0946 -4.16804 1.70943e-16
55.7675 -4.07498 1.67127e-16
53.3385 -3.97812 1.63154e-16
50.8084 -3.87746 1.59026e-16
48.1776 -3.77304 1.54743e-16
45.4475 -3.66491 1.50309e-16
42.6214 -3.55319 1.45726e-16
39.7033 -3.43804 1.41004e-16
36.6972 -3.31962 1.36147e-16
33.608 -3.19811 1.31164e-16
30.4423 -3.07379 1.26065e-16
27.2079 -2.94696 1.20863e-16
23.9121 -2.8179 1.1557e-16
20.5644 -2.687 1.10202e-16
17.179 -2.55481 1.0478e-16
13.772 -2.42199 9.93328e-17
10.3593 -2.28916 9.38852e-17
6.95773 -2.15701 8.84654e-17
3.58742 -2.02634 8.3106e-17
0.269463 -1.89798 7.78417e-17
-2.97575 -1.77276 7.2706e-17
-6.12704 -1.65152 6.77334e-17
-9.16084 -1.53519 6.29625e-17
-12.0529 -1.42475 5.84331e-17
-14.7799 -1.32112 5.41829e-17
-17.3196 -1.22518 5.02483e-17
-19.6502 -1.1378 4.66646e-17
-21.7509 -1.0598 4.34654e-17
-23.6022 -0.991932 4.0682e-17
-25.1869 -0.934874 3.83419e-17
-26.4911 -0.88915 3.64666e-17
-27.5037 -0.855189 3.50738e-17
-28.2142 -0.833367 3.41788e-17
-28.6157 -0.823939 3.37921e-17
-28.7058 -0.826959 3.3916e-17
-28.4852 -0.842358 3.45475e-17
-27.9556 -0.870031 3.56825e-17
-27.1214 -0.909763 3.7312e-17
-25.9921 -0.96113 3.94187e-17
-24.5798 -1.0236 4.19809e-17
-22.8971 -1.09663 4.49762e-17
-20.9574 -1.17966 4.83813e-17
-18.7752 -1.27206 5.21707e-17
-16.3659 -1.37318 5.6318e-17
-13.7446 -1.4824 6.07974e-17
-10.9264 -1.59909 6.55834e-17
-7.92668 -1.72263 7.065e-17
-4.76075 -1.85238 7.59716e-17
-1.44341 -1.98776 8.15237e-17
2.01189 -2.12822 8.72844e-17
5.59378 -2.27332 9.32352e-17
9.29223 -2.42266 9.93603e-17
13.0978 -2.57589 1.05645e-16
17.0022 -2.7327 1.12076e-16
20.9994 -2.89287 1.18645e-16
25.0844 -3.05623 1.25345e-16
29.2526 -3.22263 1.32169e-16
33.498 -3.39185 1.3911e-16
37.8119 -3.56358 1.46153e-16
42.1841 -3.73742 1.53283e-16
46.6044 -3.913 1.60484e-16
51.06 -4.08982 1.67735e-16
55.5307 -4.26715 1.75008e-16
59.9938 -4.44414 1.82267e-16
64.4304 -4.61993 1.89477e-16
68.818 -4.79358 1.96599e-16
73.1252 -4.96392 2.03585e-16
77.3221 -5.12966 2.10382e-16
81.3759 -5.28957 2.1694e-16
85.257 -5.44238 2.23208e-16
88.9344 -5.58678 2.2913e-16
92.3742 -5.72143 2.34653e-16
95.5462 -5.8451 2.39724e-16
98.4208 -5.9566 2.44297e-16
100.972 -6.05486 2.48327e-16
103.175 -6.13894 2.51776e-16
105.008 -6.20794 2.54606e-16
106.452 -6.26113 2.56787e-16
107.492 -6.29793 2.58296e-16
108.116 -6.31791 2.59116e-16
108.316 -6.32073 2.59232e-16
108.085 -6.30622 2.58636e-16
107.425 -6.27447 2.57334e-16
106.341 -6.22573 2.55335e-16
104.838 -6.16032 2.52652e-16
102.927 -6.07868 2.49304e-16
100.622 -5.98148 2.45318e-16
97.9405 -5.86948 2.40725e-16
94.9002 -5.74348 2.35557e-16
91.5204 -5.60432 2.2985e-16
87.823 -5.45294 2.23641e-16
83.8303 -5.2903 2.1697e-16
79.5643 -5.11734 2.09877e-16
75.0461 -4.93496 2.02397e-16
70.2947 -4.74396 1.94564e-16
65.3277 -4.54508 1.86407e-16
60.1615 -4.33901 1.77955e-16
54.8109 -4.12634 1.69233e-16
49.2886 -3.90759 1.60262e-16
43.606 -3.68321 1.51059e-16
37.7725 -3.45356 1.4164e-16
31.7938 -3.21893 1.32018e-16
25.6772 -2.97954 1.22199e-16
19.4282 -2.73549 1.1219e-16
13.049 -2.48685 1.01993e-16
6.54285 -2.23368 9.16098e-17
-0.0926231 -1.97603 8.10427e-17
-6.85121 -1.71393 7.02932e-17
-13.7282 -1.44742 5.93627e-17
-20.7225 -1.17654 4.82531e-17
-27.8299 -0.90141 3.69694e-17
-35.0437 -0.62221 2.55186e-17
-42.3569 -0.339109 1.39078e-17
-49.7635 -0.052314 2.14555e-18
-57.2559 0.237946 -9.75887e-18
-64.8218 0.530816 -2.17703e-17
-72.4535 0.826255 -3.38871e-17
-80.1614 1.12502 -4.61405e-17
-87.9243 1.42619 -5.84923e-17
-95.7215 1.72899 -7.0911e-17
-103.547 2.03318 -8.33866e-17
-111.384 2.33814 -9.58938e-17
-119.223 2.64346 -1.08416e-16
-127.049 2.94859 -1.2093e-16
-134.85 3.25301 -1.33416e-16
-142.609 3.5561 -1.45846e-16
-150.309 3.85711 -1.58191e-16
-157.931 4.15526 -1.70419e-16
-165.453 4.44972 -1.82496e-16
-172.857 4.73966 -1.94387e-16
-180.121 5.02419 -2.06056e-16
-187.225 5.30246 -2.17469e-16
-194.147 5.57357 -2.28588e-16
-200.866 5.83667 -2.39379e-16
-207.363 6.09097 -2.49808e-16
-213.621 6.3357 -2.59845e-16
-219.621 6.57014 -2.6946e-16
-225.348 6.79361 -2.78626e-16
-230.791 7.00558 -2.87319e-16
-235.936 7.20556 -2.95521e-16
-240.773 7.39313 -3.03214e-16
-245.294 7.56798 -3.10385e-16
-249.497 7.72995 -3.17027e-16
-253.379 7.87897 -3.23139e-16
-256.941 8.01506 -3.28721e-16
-260.185 8.13829 -3.33775e-16
-263.114 8.24881 -3.38308e-16
-265.735 8.34686 -3.42329e-16
-268.054 8.43271 -3.4585e-16
-270.078 8.50665 -3.48882e-16
-271.816 8.56901 -3.5144e-16
-273.276 8.62014 -3.53537e-16
-274.468 8.66043 -3.55189e-16
-275.402 8.69028 -3.56414e-16
-276.089 8.71017 -3.57229e-16
-276.543 8.72056 -3.57655e-16
-276.775 8.72197 -3.57713e-16
-276.802 8.7149 -3.57423e-16
-276.635 8.69982 -3.56805e-16
-276.284 8.67717 -3.55876e-16
-275.766 8.64742 -3.54656e-16
-275.088 8.61102 -3.53163e-16
-274.26 8.56842 -3.51416e-16
-273.296 8.52004 -3.49431e-16
-272.205 8.46633 -3.47229e-16
-271 8.4078 -3.44828e-16
-269.696 8.345 -3.42253e-16
-268.308 8.27854 -3.39527e-16
-266.851 8.20904 -3.36677e-16
-265.342 8.13712 -3.33727e-16
-263.792 8.06325 -3.30697e-16
-262.212 7.98784 -3.27604e-16
-260.614 7.91136 -3.24468e-16
-259.008 7.83426 -3.21306e-16
-257.404 7.75687 -3.18132e-16
-255.809 7.67952 -3.14959e-16
-254.231 7.60254 -3.11802e-16
-252.679 7.52628 -3.08675e-16
-251.158 7.45094 -3.05584e-16
-249.67 7.37669 -3.02539e-16
-248.221 7.30373 -2.99547e-16
-246.815 7.23231 -2.96618e-16
-245.458 7.16268 -2.93762e-16
-244.156 7.09508 -2.9099e-16
-242.914 7.02981 -2.88313e-16
-241.738 6.96714 -2.85743e-16
-240.631 6.90727 -2.83287e-16
-239.597 6.85036 -2.80953e-16
-238.638 6.79659 -2.78748e-16
-237.757 6.74612 -2.76678e-16
-236.956 6.69911 -2.7475e-16
-236.238 6.65571 -2.7297e-16
-235.604 6.61603 -2.71342e-16
-235.056 6.58022 -2.69874e-16
-234.6 6.54855 -2.68575e-16
-234.242 6.52133 -2.67458e-16
-233.986 6.49878 -2.66534e-16
-233.839 6.4812 -2.65813e-16
-233.809 6.46902 -2.65313e-16
-233.907 6.46269 -2.65054e-16
-234.142 6.46262 -2.65051e-16
-234.522 6.46917 -2.65319e-16
-235.057 6.48278 -2.65878e-16
-235.759 6.50389 -2.66743e-16
-236.634 6.53283 -2.6793e-16
-237.688 6.56986 -2.69449e-16
-238.929 6.61524 -2.7131e-16
-240.361 6.66915 -2.73521e-16
-241.987 6.73169 -2.76086e-16
-243.808 6.80288 -2.79006e-16
-245.824 6.88271 -2.8228e-16
-248.035 6.97114 -2.85906e-16
-250.437 7.068 -2.89879e-16
-253.027 7.17307 -2.94188e-16
-255.797 7.28599 -2.9882e-16
-258.737 7.40634 -3.03755e-16
-261.836 7.53363 -3.08976e-16
-265.085 7.6674 -3.14462e-16
-268.475 7.80726 -3.20198e-16
-271.999 7.95287 -3.2617e-16
-275.649 8.10387 -3.32363e-16
-279.417 8.25989 -3.38762e-16
-283.294 8.42055 -3.45351e-16
-287.272 8.58549 -3.52116e-16
-291.344 8.75434 -3.59041e-16
-295.501 8.92674 -3.66111e-16
-299.734 9.10232 -3.73312e-16
-304.035 9.28071 -3.80629e-16
-308.396 9.46157 -3.88046e-16
-312.808 9.6445 -3.95549e-16
-317.258 9.82902 -4.03117e-16
-321.735 10.0146 -4.10729e-16
-326.226 10.2008 -4.18364e-16
-330.72 10.387 -4.26002e-16
-335.204 10.5729 -4.33623e-16
-339.666 10.7578 -4.41208e-16
-344.096 10.9414 -4.48738e-16
-348.483 11.1232 -4.56195e-16
-352.817 11.3029 -4.63564e-16
-357.091 11.4801 -4.70832e-16
-361.295 11.6545 -4.77985e-16
-365.423 11.8258 -4.85009e-16
-369.464 11.9935 -4.9189e-16
-372.849 12.1447 -8.99509e-16
-372.843 12.1768 -8.97358e-16
-372.832 12.2075 -8.95268e-16
-372.817 12.2368 -8.9326e-16
-372.798 12.2647 -8.9134e-16
-372.777 12.2913 -8.89514e-16
-372.753 12.3164 -8.87786e-16
-372.728 12.3402 -8.86162e-16
-372.701 12.3624 -8.84648e-16
-372.674 12.3832 -8.83249e-16
-372.648 12.3797 -1.41097e-15
-372.617 12.3808 -5.01504e-16
-372.588 12.382 -6.24262e-17
-372.561 12.3834 -6.03581e-16
-372.537 12.3849 -3.01702e-16
-372.516 12.3866 -9.57609e-16
-372.5 12.3885 -1.38757e-15
-372.488 12.3907 -3.54733e-16
-372.481 12.3939 -3.5508e-16
-372.479 12.3968 -3.5533e-16
-372.222 12.3883 -5.1505e-16
-371.637 12.3674 -5.14194e-16
-370.722 12.3331 -5.12786e-16
-369.472 12.2852 -5.10821e-16
-367.886 12.2237 -5.08298e-16
-365.963 12.1486 -5.05218e-16
-363.707 12.06 -5.01587e-16
-361.121 11.9583 -4.97414e-16
-358.213 11.8437 -4.92715e-16
-354.992 11.7167 -4.87504e-16
-351.468 11.5776 -4.818e-16
-347.65 11.427 -4.75622e-16
-343.55 11.2653 -4.68991e-16
-339.18 11.093 -4.61926e-16
-334.553 10.9108 -4.54453e-16
-329.683 10.7192 -4.46597e-16
-324.59 10.5191 -4.3839e-16
-319.288 10.3111 -4.29859e-16
-313.794 10.0959 -4.21032e-16
-308.122 9.87407 -4.11934e-16
-302.288 9.64622 -4.02589e-16
-296.303 9.41288 -3.93019e-16
-290.18 9.1745 -3.83243e-16
-283.928 8.93145 -3.73274e-16
-277.554 8.68398 -3.63125e-16
-271.065 8.43233 -3.52804e-16
-264.464 8.17668 -3.42319e-16
-257.757 7.91711 -3.31674e-16
-250.944 7.65367 -3.20869e-16
-244.029 7.38638 -3.09907e-16
-237.011 7.11524 -2.98787e-16
-229.894 6.84025 -2.87508e-16
-222.677 6.5614 -2.76072e-16
-215.363 6.27871 -2.64478e-16
-207.954 5.99223 -2.52729e-16
-200.457 5.70213 -2.40831e-16
-192.879 5.40866 -2.28795e-16
-185.227 5.11209 -2.16632e-16
-177.509 4.81272 -2.04354e-16
-169.736 4.51086 -1.91973e-16
-161.915 4.20685 -1.79505e-16
-154.058 3.90106 -1.66964e-16
-146.176 3.59396 -1.54369e-16
-138.283 3.2861 -1.41743e-16
-130.396 2.97813 -1.29112e-16
-122.531 2.67072 -1.16504e-16
-114.706 2.36457 -1.03948e-16
-106.937 2.06032 -9.14696e-17
-99.2393 1.75862 -7.90959e-17
-91.6295 1.46014 -6.68545e-17
-84.1251 1.16561 -5.47749e-17
-76.7454 0.87582 -4.28899e-17
-69.5106 0.591615 -3.12338e-17
-62.4408 0.313828 -1.9841e-17
-55.5546 0.0432455 -8.74363e-18
-48.8683 -0.219455 2.03045e-18
-42.3963 -0.473663 1.24563e-17
-36.1523 -0.718798 2.251e-17
-30.1502 -0.95428 3.21678e-17
-24.4042 -1.17951 4.14049e-17
-18.9285 -1.39388 5.01971e-17
-13.7358 -1.59687 5.85222e-17
-8.83684 -1.78801 6.63615e-17
-4.239 -1.967 7.37024e-17
0.0528672 -2.13363 8.05362e-17
4.03526 -2.28774 8.68568e-17
7.70664 -2.42927 9.26615e-17
11.068 -2.55826 9.79517e-17
14.1162 -2.67458 1.02722e-16
16.8592 -2.77854 1.06986e-16
19.3077 -2.87058 1.10761e-16
21.4671 -2.95095 1.14057e-16
23.3488 -3.02009 1.16892e-16
24.964 -3.07859 1.19292e-16
26.3242 -3.12685 1.21271e-16
27.4399 -3.16521 1.22844e-16
28.3247 -3.19428 1.24036e-16
28.9915 -3.21455 1.24868e-16
29.4539 -3.2266 1.25362e-16
29.7251 -3.23096 1.25541e-16
29.8181 -3.22813 1.25425e-16
29.7463 -3.21868 1.25038e-16
29.5237 -3.20316 1.24401e-16
29.1648 -3.18213 1.23539e-16
28.6844 -3.15621 1.22475e-16
28.0977 -3.12597 1.21235e-16
27.4201 -3.09205 1.19844e-16
26.6683 -3.05509 1.18328e-16
25.8588 -3.01575 1.16715e-16
25.0086 -2.9747 1.15031e-16
24.1328 -2.93267 1.13307e-16
23.2508 -2.89033 1.11571e-16
22.3769 -2.8484 1.09851e-16
21.533 -2.80766 1.0818e-16
20.7378 -2.76877 1.06585e-16
20.0058 -2.73256 1.051e-16
19.3618 -2.69977 1.03755e-16
18.8261 -2.67117 1.02582e-16
18.4181 -2.64752 1.01612e-16
18.1564 -2.62956 1.00876e-16
18.0599 -2.61807 1.00404e-16
18.1471 -2.61375 1.00228e-16
18.4351 -2.61732 1.00374e-16
18.9384 -2.62933 1.00867e-16
19.67 -2.65033 1.01727e-16
20.6424 -2.68079 1.02977e-16
21.8678 -2.72122 1.04635e-16
23.3581 -2.7721 1.06722e-16
25.1247 -2.83389 1.09256e-16
27.1783 -2.90702 1.12255e-16
29.5276 -2.99185 1.15735e-16
32.1773 -3.08858 1.19702e-16
35.1298 -3.1973 1.24161e-16
38.3869 -3.31809 1.29114e-16
41.9497 -3.45099 1.34565e-16
45.8192 -3.59606 1.40515e-16
49.9962 -3.75333 1.46965e-16
54.4804 -3.92279 1.53915e-16
59.2698 -4.10436 1.61362e-16
64.3595 -4.29786 1.69298e-16
69.7431 -4.50303 1.77712e-16
75.4131 -4.71956 1.86593e-16
81.3616 -4.94715 1.95927e-16
87.5814 -5.18549 2.05702e-16
94.0647 -5.43428 2.15905e-16
100.803 -5.69318 2.26524e-16
107.786 -5.96177 2.37539e-16
115.001 -6.2395 2.4893e-16
122.431 -6.52575 2.6067e-16
130.061 -6.81987 2.72733e-16
137.874 -7.12121 2.85091e-16
145.856 -7.42911 2.97719e-16
153.989 -7.74295 3.10591e-16
162.259 -8.06207 3.23679e-16
170.648 -8.38582 3.36957e-16
179.14 -8.71349 3.50396e-16
187.716 -9.04437 3.63966e-16
196.359 -9.37774 3.77638e-16
205.051 -9.7129 3.91384e-16
213.773 -10.0491 4.05171e-16
222.505 -10.3855 4.18969e-16
231.23 -10.7214 4.32747e-16
239.928 -11.0561 4.46475e-16
248.581 -11.3889 4.60122e-16
257.17 -11.719 4.73658e-16
265.678 -12.0456 4.87055e-16
274.087 -12.3682 5.00287e-16
282.383 -12.6862 5.13328e-16
290.55 -12.999 5.26155e-16
298.574 -13.306 5.38747e-16
306.443 -13.6068 5.51086e-16
314.242 -13.9009 7.01774e-16
321.949 -14.1881 1.2994e-15
329.462 -14.4685 1.00313e-15
336.78 -14.7413 7.24309e-16
343.979 -15.0072 2.2617e-16
351.239 -15.267 5.66643e-16
358.259 -15.5201 5.13409e-16
365.049 -15.7646 9.07912e-16
371.564 -15.9994 1.00194e-15
377.832 -16.2255 1.1219e-15
383.865 -16.443 3.40647e-17
389.661 -16.652 1.0414e-15
395.22 -16.8524 1.05044e-15
400.701 -17.0508 6.57202e-16
405.301 -17.1945 8.63876e-16
409.186 -17.3022 5.11707e-16
411.112 -17.3606 5.33283e-16
411.111 -17.3669 1.1468e-15
411.11 -17.3733 6.26895e-16
411.11 -17.3796 8.67451e-16
411.109 -17.3857 1.50917e-15
411.108 -17.3915 1.07143e-16
411.108 -17.3969 8.21117e-16
411.107 -17.4019 4.64647e-16
411.107 -17.4062 5.01067e-16
411.106 -17.4099 -1.05355e-13
411.106 -17.4127 6.73905e-16
411.106 -17.4145 1.77586e-15
411.106 -17.4152 9.73794e-16
411.106 -17.4148 9.2101e-16
411.106 -17.4131 1.14946e-15
411.106 -17.411 1.14903e-15
411.036 -17.4033 8.31751e-16
410.695 -17.3873 8.31094e-16
410.053 -17.3601 8.29978e-16
409.085 -17.3198 8.28329e-16
407.793 -17.2668 8.26152e-16
406.179 -17.2009 8.23449e-16
404.247 -17.1223 8.20227e-16
402.003 -17.0313 8.16495e-16
399.458 -16.9283 8.12271e-16
396.622 -16.8138 8.07573e-16
393.511 -16.6883 8.02426e-16
390.138 -16.5524 7.96854e-16
386.522 -16.4069 7.90887e-16
382.682 -16.2526 7.84558e-16
378.639 -16.0903 7.77901e-16
374.413 -15.9208 7.7095e-16
370.026 -15.745 7.63741e-16
365.497 -15.5638 7.56309e-16
360.848 -15.378 7.48688e-16
356.099 -15.1884 7.40913e-16
351.27 -14.9958 7.33014e-16
346.376 -14.8009 7.25021e-16
341.436 -14.6044 7.16961e-16
336.465 -14.4069 7.08861e-16
331.476 -14.2089 7.00741e-16
326.48 -14.0109 6.9262e-16
321.487 -13.8133 6.84514e-16
316.509 -13.6164 6.76442e-16
311.557 -13.4208 6.6842e-16
306.64 -13.2269 6.60465e-16
301.77 -13.035 6.52596e-16
296.957 -12.8456 6.44828e-16
292.212 -12.6591 6.37179e-16
287.544 -12.4759 6.29664e-16
282.964 -12.2964 6.22301e-16
278.481 -12.1209 6.15105e-16
274.106 -11.95 6.08095e-16
269.85 -11.784 6.01287e-16
265.723 -11.6233 5.94699e-16
261.735 -11.4685 5.88348e-16
257.898 -11.3199 5.82253e-16
254.222 -11.178 5.76432e-16
250.718 -11.0432 5.70904e-16
247.396 -10.9159 5.65685e-16
244.264 -10.7965 5.60789e-16
241.331 -10.6855 5.56233e-16
238.605 -10.5829 5.52029e-16
236.092 -10.4893 5.48187e-16
233.798 -10.4047 5.44719e-16
231.728 -10.3295 5.41633e-16
229.886 -10.2637 5.38936e-16
228.274 -10.2075 5.36632e-16
226.893 -10.161 5.34722e-16
225.743 -10.124 5.33206e-16
224.822 -10.0966 5.32081e-16
224.124 -10.0784 5.31338e-16
223.641 -10.0692 5.3096e-16
223.359 -10.0684 5.30927e-16
223.265 -10.0754 5.31215e-16
223.344 -10.0896 5.31797e-16
223.579 -10.1103 5.32644e-16
223.952 -10.1367 5.33726e-16
224.445 -10.168 5.35011e-16
225.037 -10.2034 5.36464e-16
225.708 -10.2421 5.3805e-16
226.436 -10.2831 5.39731e-16
227.2 -10.3255 5.41471e-16
227.979 -10.3685 5.43234e-16
228.751 -10.4111 5.44981e-16
229.494 -10.4524 5.46677e-16
230.188 -10.4917 5.48286e-16
230.813 -10.528 5.49775e-16
231.35 -10.5605 5.5111e-16
231.78 -10.5886 5.52259e-16
232.085 -10.6114 5.53195e-16
232.25 -10.6283 5.5389e-16
232.261 -10.6388 5.5432e-16
232.105 -10.6424 5.54468e-16
231.773 -10.6387 5.54314e-16
231.255 -10.6272 5.53846e-16
230.546 -10.6079 5.53054e-16
229.641 -10.5806 5.51932e-16
228.539 -10.5451 5.50478e-16
227.236 -10.5015 5.48689e-16
225.731 -10.4496 5.46562e-16
224.02 -10.3895 5.44094e-16
222.103 -10.321 5.41285e-16
219.98 -10.2442 5.38136e-16
217.653 -10.1592 5.34652e-16
215.125 -10.0663 5.30841e-16
212.398 -9.96557 5.26709e-16
209.478 -9.85721 5.22265e-16
206.366 -9.74128 5.1751e-16
203.061 -9.61784 5.12447e-16
199.564 -9.48692 5.07078e-16
195.873 -9.34847 5.014e-16
191.983 -9.20226 4.95403e-16
187.883 -9.04798 4.89076e-16
183.567 -8.88529 4.82403e-16
179.028 -8.71383 4.75372e-16
174.253 -8.53315 4.67961e-16
169.23 -8.34273 4.60152e-16
163.946 -8.14211 4.51923e-16
158.391 -7.9308 4.43257e-16
152.555 -7.70836 4.34134e-16
146.427 -7.47435 4.24537e-16
139.998 -7.22839 4.14449e-16
133.26 -6.97016 4.03858e-16
126.21 -6.69944 3.92755e-16
118.842 -6.41612 3.81136e-16
111.157 -6.12011 3.68996e-16
103.154 -5.81142 3.56335e-16
94.8344 -5.49013 3.43158e-16
86.2036 -5.15641 3.29471e-16
77.2663 -4.81047 3.15283e-16
68.0292 -4.45258 3.00605e-16
58.5013 -4.08312 2.85453e-16
48.693 -3.7025 2.69842e-16
38.6155 -3.31119 2.53794e-16
28.2766 -2.90962 2.37324e-16
17.691 -2.49832 2.20456e-16
6.87304 -2.07782 2.03209e-16
-4.16604 -1.6486 1.85606e-16
-15.415 -1.21125 1.67669e-16
-26.8538 -0.767083 1.49452e-16
-38.4919 -0.315348 1.30925e-16
-50.3121 0.143729 1.12097e-16
-62.2818 0.608535 9.30343e-17
-74.3967 1.07902 7.37382e-17
-86.6347 1.55427 5.42468e-17
-98.983 2.03376 3.45816e-17
-111.421 2.51671 1.47744e-17
-123.927 3.00216 -5.13499e-18
-136.473 3.48906 -2.51043e-17
-149.033 3.97634 -4.50891e-17
-161.58 4.46292 -6.50453e-17
-174.084 4.94752 -8.49199e-17
-186.509 5.42884 -1.0466e-16
-198.826 5.90557 -1.24212e-16
-211.001 6.37645 -1.43524e-16
-223.001 6.84011 -1.62541e-16
-234.793 7.29524 -1.81207e-16
-246.343 7.74052 -1.99469e-16
-257.622 8.17472 -2.17277e-16
-268.597 8.59659 -2.34579e-16
-279.239 9.00495 -2.51327e-16
-289.519 9.39867 -2.67474e-16
-299.41 9.77667 -2.82977e-16
-308.885 10.1379 -2.97792e-16
-317.917 10.4813 -3.11878e-16
-326.484 10.8061 -3.25196e-16
-334.562 11.1112 -3.3771e-16
-342.132 11.3959 -3.49388e-16
-349.173 11.6596 -3.60201e-16
-355.67 11.9014 -3.7012e-16
-361.607 12.121 -3.79125e-16
-366.975 12.3179 -3.87201e-16
-371.844 12.4914 -1.02362e-15
-372.521 12.5139 -1.66875e-15
-372.478 12.5126 -1.65851e-15
-372.442 12.5007 -1.65019e-15
-372.417 12.4776 -1.64376e-15
-372.398 12.4532 -1.63877e-15
-372.386 12.4291 -1.63513e-15
-372.381 12.4049 -1.63278e-15
-372.382 12.3808 -1.63164e-15
-372.024 12.3326 -2.19688e-16
-371.283 12.2827 -2.17643e-16
-370.192 12.221 -2.15112e-16
-368.787 12.1488 -2.12151e-16
-367.102 12.0675 -2.08817e-16
-365.172 11.9785 -2.05166e-16
-363.03 11.8829 -2.01245e-16
-360.681 11.7801 -1.97027e-16
-358.153 11.6708 -1.92547e-16
-355.487 11.557 -1.87879e-16
-352.709 11.4396 -1.83062e-16
-349.852 11.3198 -1.78151e-16
-346.941 11.1987 -1.73185e-16
-344.002 11.0774 -1.68208e-16
-341.058 10.9566 -1.63253e-16
-338.129 10.8371 -1.58353e-16
-335.235 10.7197 -1.53538e-16
-332.393 10.605 -1.48833e-16
-329.619 10.4935 -1.44262e-16
-326.927 10.3859 -1.39848e-16
-324.331 10.2825 -1.35608e-16
-321.843 10.1838 -1.31561e-16
-319.474 10.0902 -1.27721e-16
-317.234 10.002 -1.24103e-16
-315.132 9.91947 -1.20719e-16
-313.178 9.84297 -1.17582e-16
-311.383 9.77286 -1.14706e-16
-309.756 9.70951 -1.12108e-16
-308.309 9.65329 -1.09802e-16
-307.052 9.60457 -1.07804e-16
-305.996 9.56371 -1.06128e-16
-305.149 9.53108 -1.0479e-16
-304.522 9.50704 -1.03804e-16
-304.125 9.49191 -1.03184e-16
-303.962 9.4859 -1.02937e-16
-304.039 9.48918 -1.03072e-16
-304.361 9.50192 -1.03594e-16
-304.93 9.52417 -1.04507e-16
-305.742 9.55575 -1.05802e-16
-306.79 9.59636 -1.07467e-16
-308.067 9.64571 -1.09491e-16
-309.565 9.70342 -1.11858e-16
-311.27 9.76894 -1.14545e-16
-313.166 9.84162 -1.17526e-16
-315.239 9.92086 -1.20776e-16
-317.472 10.006 -1.24266e-16
-319.843 10.096 -1.27961e-16
-322.327 10.1901 -1.3182e-16
-324.903 10.2873 -1.35805e-16
-327.548 10.3867 -1.39883e-16
-330.245 10.4877 -1.44023e-16
-332.975 10.5895 -1.48197e-16
-335.723 10.6915 -1.52382e-16
-338.476 10.7933 -1.56557e-16
-341.223 10.8945 -1.60708e-16
-343.685 10.9756 -1.64034e-16
-345.927 11.0418 -1.66747e-16
-348.197 11.1102 -1.69555e-16
-350.426 11.1764 -1.7227e-16
-352.647 11.2424 -1.74977e-16
-354.866 11.3087 -1.77694e-16
-357.096 11.3759 -1.8045e-16
-359.336 11.4439 -1.83239e-16
-361.594 11.5132 -1.86081e-16
-363.877 11.5841 -1.88991e-16
-366.193 11.6572 -1.9199e-16
-368.548 11.7329 -1.95091e-16
-370.948 11.8114 -1.98313e-16
-372.41 11.8601 -2.12454e-16
-372.371 11.8603 -2.14684e-16
-372.329 11.8625 -2.17027e-16
-372.285 11.866 -2.19445e-16
-372.241 11.8572 -8.74021e-16
-372.196 11.857 -8.71998e-16
-372.143 11.8456 -3.6024e-16
-372.082 11.8304 -6.33977e-16
-372.017 11.8181 -8.92109e-16
-371.949 11.8084 -1.19229e-15
-371.878 11.8014 -1.35725e-15
-371.804 11.797 -1.32848e-15
-371.728 11.7954 -1.03164e-15
-371.651 11.7965 -1.10773e-15
-371.572 11.8005 -5.83207e-16
-371.494 11.806 -5.40248e-16
-371.419 11.8129 -8.47569e-16
-371.348 11.8209 -1.08302e-15
-371.28 11.83 -1.22567e-15
-371.218 11.8404 -9.89206e-16
-371.163 11.8518 -1.46749e-15
-371.114 11.8644 -1.91776e-15
-371.069 11.8728 -1.89905e-15
-371.032 11.8811 -7.73823e-16
-371.007 11.893 -9.31436e-16
-370.996 11.9083 -1.32183e-15
-370.888 11.9219 -1.83301e-15
-370.432 11.9217 -1.833e-15
-369.613 11.9069 -1.8324e-15
-368.413 11.8768 -1.83116e-15
-366.81 11.8305 -1.82926e-15
-364.786 11.767 -1.82666e-15
-362.325 11.6857 -1.82332e-15
-359.41 11.5858 -1.81923e-15
-356.028 11.4667 -1.81434e-15
-352.169 11.3279 -1.80865e-15
-347.824 11.1691 -1.80214e-15
-342.988 10.99 -1.79479e-15
-337.66 10.7905 -1.78661e-15
-331.844 10.5707 -1.77759e-15
-325.544 10.3308 -1.76776e-15
-318.772 10.0714 -1.75712e-15
-311.544 9.79294 -1.7457e-15
-303.881 9.4964 -1.73353e-15
-295.806 9.18274 -1.72067e-15
-287.346 8.85305 -1.70715e-15
-278.53 8.50854 -1.69302e-15
-269.389 8.15052 -1.67834e-15
-259.956 7.78039 -1.66316e-15
-250.266 7.39959 -1.64754e-15
-240.354 7.00954 -1.63154e-15
-230.253 6.61169 -1.61522e-15
-219.998 6.20753 -1.59865e-15
-209.626 5.79852 -1.58187e-15
-199.169 5.38604 -1.56496e-15
-188.658 4.97142 -1.54795e-15
-178.126 4.556 -1.53091e-15
-167.603 4.14104 -1.5139e-15
-157.117 3.72773 -1.49694e-15
-146.695 3.31718 -1.48011e-15
-136.363 2.91048 -1.46343e-15
-126.145 2.50861 -1.44694e-15
-116.062 2.11247 -1.4307e-15
-106.133 1.72283 -1.41472e-15
-96.3761 1.34044 -1.39903e-15
-86.8065 0.965929 -1.38367e-15
-77.4365 0.599797 -1.36866e-15
-68.2758 0.242442 -1.354e-15
-59.3325 -0.105806 -1.33972e-15
-50.6132 -0.444685 -1.32582e-15
-42.1223 -0.774017 -1.31231e-15
-33.8627 -1.09369 -1.2992e-15
-25.8357 -1.40367 -1.28649e-15
-18.0405 -1.70399 -1.27417e-15
-10.4735 -1.99481 -1.26225e-15
-3.12897 -2.27637 -1.2507e-15
4.00001 -2.54897 -1.23952e-15
10.9214 -2.81294 -1.22869e-15
17.6436 -3.06864 -1.21821e-15
24.176 -3.31646 -1.20804e-15
30.529 -3.55684 -1.19818e-15
36.7139 -3.79026 -1.18861e-15
42.7435 -4.01724 -1.1793e-15
48.6317 -4.23836 -1.17023e-15
54.3926 -4.45422 -1.16138e-15
60.028 -4.6649 -1.15274e-15
65.5595 -4.87126 -1.14427e-15
71.0157 -5.07487 -1.13592e-15
76.4047 -5.27587 -1.12768e-15
81.7405 -5.47457 -1.11953e-15
87.0381 -5.67177 -1.11144e-15
92.312 -5.86797 -1.1034e-15
97.5765 -6.06382 -1.09536e-15
102.846 -6.2599 -1.08732e-15
108.131 -6.45684 -1.07925e-15
113.447 -6.65514 -1.07111e-15
118.807 -6.85531 -1.0629e-15
124.218 -7.05781 -1.0546e-15
129.693 -7.26298 -1.04618e-15
135.239 -7.4711 -1.03765e-15
140.859 -7.68235 -1.02898e-15
146.558 -7.89693 -1.02018e-15
152.338 -8.11491 -1.01124e-15
158.197 -8.33635 -1.00216e-15
164.137 -8.56125 -9.92938e-16
170.159 -8.78956 -9.83574e-16
176.257 -9.02108 -9.74079e-16
182.422 -9.25555 -9.64462e-16
188.647 -9.49267 -9.54737e-16
194.928 -9.73211 -9.44917e-16
201.254 -9.97349 -9.35017e-16
207.615 -10.2164 -9.25055e-16
214.002 -10.4604 -9.15048e-16
220.406 -10.705 -9.05014e-16
226.816 -10.95 -8.94969e-16
233.225 -11.1948 -8.84929e-16
239.623 -11.4391 -8.7491e-16
246.003 -11.6825 -8.64926e-16
252.357 -11.9248 -8.54988e-16
258.683 -12.1658 -8.45105e-16
264.975 -12.4052 -8.35286e-16
271.229 -12.6429 -8.25539e-16
277.439 -12.8785 -8.15874e-16
283.6 -13.1119 -8.06301e-16
289.707 -13.3429 -7.96829e-16
295.757 -13.5712 -7.87467e-16
301.745 -13.7966 -7.78221e-16
307.668 -14.0191 -7.69097e-16
313.524 -14.2384 -7.60099e-16
319.312 -14.4546 -7.51233e-16
325.027 -14.6675 -7.42502e-16
330.668 -14.8769 -7.33913e-16
336.232 -15.0828 -7.25468e-16
341.718 -15.2852 -7.1717e-16
347.126 -15.4839 -7.09019e-16
352.456 -15.6791 -7.01015e-16
357.709 -15.8707 -6.93155e-16
362.887 -16.059 -6.85434e-16
367.995 -16.244 -6.77846e-16
373.039 -16.4261 -6.70378e-16
378.023 -16.6055 -6.63021e-16
382.956 -16.7825 -6.5576e-16
387.813 -16.9554 -6.48669e-16
392.047 -17.0853 -6.43342e-16
395.877 -17.1877 -6.39141e-16
399.81 -17.298 -6.34618e-16
403.689 -17.4048 -6.30238e-16
407.583 -17.5126 -6.25815e-16
411.081 -17.6093 5.39984e-16
411.081 -17.613 5.41358e-16
411.08 -17.6176 5.42786e-16
411.08 -17.6233 5.44268e-16
411.079 -17.6302 5.45819e-16
411.078 -17.641 5.47567e-16
411.075 -17.6604 5.49745e-16
411.072 -17.6843 5.52152e-16
411.069 -17.7085 5.54583e-16
411.066 -17.7345 5.57113e-16
411.064 -17.749 5.59096e-16
411.064 -17.754 5.60632e-16
411.063 -17.7624 5.62338e-16
411.062 -17.7731 5.64161e-16
411.06 -17.786 5.66092e-16
411.067 -17.7373 1.31062e-15
411.066 -17.7444 1.18959e-15
411.065 -17.7494 1.34366e-15
411.068 -17.7276 4.53189e-16
411.07 -17.7141 9.72916e-17
411.072 -17.7024 1.20626e-15
411.074 -17.6909 8.0712e-16
411.076 -17.6795 9.80175e-16
411.076 -17.6813 1.23729e-15
411.076 -17.6782 1.52521e-15
411.076 -17.677 2.00921e-15
411.076 -17.6759 1.1246e-15
411.077 -17.6748 7.41963e-16
411.077 -17.6737 1.04685e-15
411.077 -17.6746 9.7049e-16
411.077 -17.6713 -3.76683e-16
411.077 -17.6702 1.18848e-15
411.077 -17.669 1.56915e-15
411.078 -17.6679 5.70535e-16
411.078 -17.6668 5.28896e-16
411.078 -17.6657 1.15696e-15
411.078 -17.6647 1.89461e-14
411.078 -17.6637 -5.00247e-17
411.078 -17.6627 1.45707e-15
411.08 -17.6529 -1.72956e-13
411.081 -17.6435 1.01509e-14
411.083 -17.6343 1.35403e-15
411.084 -17.6252 2.93431e-15
411.086 -17.6159 3.79401e-12
411.087 -17.6065 -1.61892e-12
411.089 -17.5965 1.64786e-13
411.089 -17.6 -2.20813e-14
411.088 -17.6053 2.12583e-13
411.088 -17.61 -2.49745e-14
411.088 -17.614 6.1563e-13
411.088 -17.6164 -1.9766e-14
411.088 -17.6178 -2.7783e-14
411.088 -17.618 -2.5831e-14
411.088 -17.6177 -2.71775e-14
411.088 -17.6215 -2.55837e-14
411.088 -17.6249 -2.67616e-14
411.088 -17.6269 -9.31564e-14
411.092 -17.5963 -2.4535e-14
411.099 -17.5432 2.38605e-13
411.105 -17.4985 -8.65631e-14
411.11 -17.4624 5.67403e-14
411.113 -17.4351 -2.64772e-14
411.116 -17.4158 2.31103e-13
411.117 -17.4045 5.37687e-15
411.043 -17.3965 8.57235e-14
410.732 -17.3801 -1.97564e-14
410.193 -17.3566 -1.97573e-14
409.394 -17.3236 -1.97587e-14
408.306 -17.2792 -1.97605e-14
406.94 -17.2238 -1.97628e-14
405.303 -17.1577 -1.97655e-14
403.411 -17.0817 -1.97686e-14
401.276 -16.9967 -1.97721e-14
398.916 -16.9032 -1.9776e-14
396.34 -16.8017 -1.97801e-14
393.561 -16.6928 -1.97846e-14
390.588 -16.5768 -1.97894e-14
387.43 -16.4541 -1.97944e-14
384.096 -16.3251 -1.97997e-14
380.592 -16.19 -1.98052e-14
376.925 -16.0491 -1.9811e-14
373.095 -15.9025 -1.9817e-14
369.106 -15.7502 -1.98233e-14
364.958 -15.5922 -1.98298e-14
360.652 -15.4286 -1.98365e-14
356.188 -15.2594 -1.98434e-14
351.566 -15.0845 -1.98506e-14
346.783 -14.9039 -1.9858e-14
341.838 -14.7173 -1.98657e-14
336.723 -14.5246 -1.98736e-14
331.435 -14.3255 -1.98818e-14
325.967 -14.1198 -1.98902e-14
320.314 -13.9072 -1.9899e-14
314.472 -13.6875 -1.9908e-14
308.439 -13.4607 -1.99173e-14
302.21 -13.2264 -1.99269e-14
295.781 -12.9846 -1.99368e-14
289.15 -12.735 -1.99471e-14
282.313 -12.4776 -1.99576e-14
275.267 -12.2122 -1.99685e-14
268.011 -11.9387 -1.99798e-14
260.546 -11.6571 -1.99913e-14
252.872 -11.3675 -2.00032e-14
244.991 -11.0698 -2.00154e-14
236.904 -10.7642 -2.0028e-14
228.612 -10.4506 -2.00409e-14
220.117 -10.1291 -2.00541e-14
211.421 -9.79985 -2.00676e-14
202.528 -9.46292 -2.00814e-14
193.446 -9.11859 -2.00956e-14
184.181 -8.76714 -2.011e-14
174.74 -8.40887 -2.01247e-14
165.132 -8.0441 -2.01397e-14
155.366 -7.67319 -2.01549e-14
145.451 -7.29649 -2.01704e-14
135.396 -6.9144 -2.0186e-14
125.214 -6.5274 -2.02019e-14
114.919 -6.13603 -2.0218e-14
104.524 -5.74085 -2.02342e-14
94.0434 -5.34247 -2.02506e-14
83.4959 -4.94157 -2.0267e-14
72.9003 -4.53896 -2.02836e-14
62.2765 -4.13541 -2.03001e-14
51.6441 -3.73174 -2.03167e-14
41.0229 -3.32873 -2.03333e-14
30.4329 -2.92721 -2.03497e-14
19.8934 -2.52793 -2.03661e-14
9.42331 -2.13168 -2.03824e-14
-0.958674 -1.7392 -2.03985e-14
-11.2343 -1.35122 -2.04144e-14
-21.386 -0.968444 -2.04302e-14
-31.3968 -0.591559 -2.04456e-14
-41.2498 -0.221239 -2.04608e-14
-50.9279 0.141833 -2.04757e-14
-60.4151 0.49702 -2.04903e-14
-69.6962 0.843712 -2.05046e-14
-78.756 1.18132 -2.05184e-14
-87.5802 1.50925 -2.05319e-14
-96.1551 1.82699 -2.05449e-14
-104.477 2.13439 -2.05575e-14
-112.541 2.43128 -2.05697e-14
-120.32 2.71664 -2.05815e-14
-127.799 2.98978 -2.05927e-14
-134.972 3.25053 -2.06034e-14
-141.833 3.49865 -2.06136e-14
-148.39 3.73415 -2.06232e-14
-154.644 3.95726 -2.06324e-14
-160.603 4.16762 -2.0641e-14
-166.27 4.36583 -2.06492e-14
-171.658 4.55303 -2.06569e-14
-176.783 4.72947 -2.06641e-14
-181.652 4.89597 -2.06709e-14
-186.288 5.05332 -2.06774e-14
-190.712 5.20254 -2.06835e-14
-194.951 5.34468 -2.06894e-14
-199.028 5.48079 -2.06949e-14
-202.972 5.61202 -2.07003e-14
-206.809 5.73951 -2.07056e-14
-210.567 5.86446 -2.07107e-14
-214.273 5.98795 -2.07158e-14
-217.952 6.11109 -2.07208e-14
-221.63 6.23488 -2.07259e-14
-225.329 6.36028 -2.07311e-14
-229.071 6.4882 -2.07363e-14
-232.877 6.6195 -2.07417e-14
-236.766 6.75498 -2.07473e-14
-240.758 6.89538 -2.0753e-14
-244.867 7.04133 -2.0759e-14
-249.107 7.19335 -2.07653e-14
-253.523 7.35414 -2.07719e-14
-258.206 7.5294 -2.07791e-14
-263.08 7.71414 -2.07866e-14
-268.074 7.90374 -2.07944e-14
-273.209 8.09972 -2.08025e-14
-278.467 8.30096 -2.08107e-14
-283.849 8.50762 -2.08192e-14
-289.339 8.71888 -2.08279e-14
-294.692 8.91789 -2.08361e-14
-299.57 9.08134 -2.08428e-14
-304.26 9.22982 -2.08489e-14
-309.05 9.38387 -2.08552e-14
-313.852 9.53801 -2.08615e-14
-318.664 9.69242 -2.08679e-14
-323.466 9.8462 -2.08742e-14
-328.241 9.99865 -2.08804e-14
-332.971 10.149 -2.08866e-14
-337.64 10.2967 -2.08927e-14
-342.233 10.4411 -2.08986e-14
-346.737 10.5817 -2.09044e-14
-351.142 10.718 -2.091e-14
-355.439 10.8499 -2.09154e-14
-359.621 10.977 -2.09206e-14
-363.685 11.0993 -2.09257e-14
-367.626 11.2167 -2.09305e-14
-371.445 11.3292 -2.09351e-14
-372.436 11.3445 -2.13081e-14
-372.432 11.3185 -2.10786e-14
-372.423 11.2924 -2.08576e-14
-372.411 11.2663 -2.06445e-14
-372.395 11.2321 -2.08984e-14
-372.374 11.205 -2.06904e-14
-372.351 11.1788 -2.04878e-14
-372.324 11.1531 -2.02892e-14
-372.293 11.1283 -2.00935e-14
-372.259 11.1043 -1.98996e-14
-372.222 11.0814 -1.97064e-14
-372.18 11.0596 -1.9513e-14
-372.135 11.039 -1.93185e-14
-372.085 11.0196 -1.9122e-14
-372.03 11.0017 -1.8923e-14
-371.97 10.9851 -1.87206e-14
-371.904 10.97 -1.85146e-14
-371.832 10.9563 -1.83046e-14
-371.754 10.9442 -1.80905e-14
-371.67 10.8742 -1.72379e-14
-371.572 10.865 -1.70143e-14
-371.466 10.8574 -1.67838e-14
-371.343 10.8045 -1.74323e-14
-371.195 10.7563 -1.6985e-14
-371.033 10.7097 -1.63215e-14
-370.859 10.6644 -1.62149e-14
-370.671 10.621 -1.55596e-14
-370.471 10.5787 -1.57667e-14
-370.258 10.5376 -1.55288e-14
-370.034 10.4978 -1.50054e-14
-369.799 10.4595 -1.55849e-14
-369.553 10.4227 -1.37428e-14
-369.299 10.3875 -1.46267e-14
-369.037 10.354 -1.37658e-14
-368.77 10.3223 -1.31538e-14
-368.498 10.2925 -1.51958e-14
-368.225 10.2648 -1.29243e-14
-367.951 10.2391 -1.26219e-14
-367.679 10.2156 -1.27359e-14
-367.414 10.1949 -1.17691e-14
-367.162 10.1787 -1.18553e-14
-366.918 10.165 -1.18549e-14
-366.684 10.1534 -1.14563e-14
-366.463 10.1443 -1.16152e-14
-366.257 10.1376 -1.20353e-14
-366.067 10.1335 -1.16954e-14
-365.868 10.1192 -1.14768e-14
-365.686 10.1012 -1.13283e-14
-365.533 10.0894 -1.14662e-14
-365.411 10.082 -1.12008e-14
-365.319 10.0789 -1.05803e-14
-365.261 10.0796 -1.06963e-14
-365.241 10.086 -9.75277e-15
-365.025 10.0865 -1.07604e-14
-364.362 10.069 -1.07597e-14
-363.248 10.0332 -1.07582e-14
-361.676 9.97885 -1.0756e-14
-359.643 9.90581 -1.0753e-14
-357.143 9.81384 -1.07492e-14
-354.174 9.70283 -1.07447e-14
-350.737 9.57275 -1.07393e-14
-346.833 9.42366 -1.07332e-14
-342.465 9.25567 -1.07263e-14
-337.639 9.069 -1.07187e-14
-332.363 8.86398 -1.07103e-14
-326.649 8.64107 -1.07011e-14
-320.511 8.40085 -1.06913e-14
-313.966 8.14401 -1.06807e-14
-307.031 7.87133 -1.06695e-14
-299.728 7.58365 -1.06578e-14
-292.079 7.2819 -1.06454e-14
-284.108 6.96706 -1.06325e-14
-275.839 6.64022 -1.06191e-14
-267.302 6.30259 -1.06052e-14
-258.529 5.95547 -1.0591e-14
-249.551 5.60023 -1.05764e-14
-240.401 5.23826 -1.05616e-14
-231.112 4.87092 -1.05465e-14
-221.715 4.49956 -1.05313e-14
-212.243 4.1255 -1.05159e-14
-202.726 3.75007 -1.05005e-14
-193.195 3.37457 -1.04851e-14
-183.682 3.00029 -1.04698e-14
-174.215 2.62848 -1.04545e-14
-164.823 2.26032 -1.04394e-14
-155.533 1.89694 -1.04245e-14
-146.371 1.5394 -1.04099e-14
-137.36 1.18867 -1.03955e-14
-128.522 0.845661 -1.03814e-14
-119.88 0.511281 -1.03677e-14
-111.455 0.186431 -1.03544e-14
-103.268 -0.128083 -1.03415e-14
-95.3374 -0.431564 -1.0329e-14
-87.6772 -0.72342 -1.03171e-14
-80.301 -1.00316 -1.03056e-14
-73.2191 -1.27041 -1.02946e-14
-66.4394 -1.52491 -1.02842e-14
-59.9678 -1.76647 -1.02743e-14
-53.8085 -1.995 -1.02649e-14
-47.9632 -2.2105 -1.02561e-14
-42.4318 -2.41306 -1.02478e-14
-37.2116 -2.60288 -1.024e-14
-32.2983 -2.78022 -1.02327e-14
-27.6858 -2.94541 -1.02259e-14
-23.3671 -3.09884 -1.02196e-14
-19.3354 -3.24089 -1.02138e-14
-15.5833 -3.37193 -1.02084e-14
-12.1035 -3.49235 -1.02035e-14
-8.8886 -3.60256 -1.0199e-14
-5.93088 -3.70293 -1.01949e-14
-3.22305 -3.79385 -1.01911e-14
-0.758222 -3.87567 -1.01878e-14
1.47067 -3.94873 -1.01848e-14
3.47212 -4.01345 -1.01821e-14
5.25568 -4.07026 -1.01798e-14
6.83029 -4.11958 -1.01778e-14
8.20362 -4.16175 -1.0176e-14
9.3819 -4.19705 -1.01746e-14
10.3699 -4.22569 -1.01734e-14
11.1709 -4.24782 -1.01725e-14
11.7879 -4.26355 -1.01719e-14
12.2261 -4.2731 -1.01715e-14
12.4921 -4.27671 -1.01713e-14
12.5923 -4.27463 -1.01714e-14
12.532 -4.26704 -1.01717e-14
12.3166 -4.25413 -1.01722e-14
11.9515 -4.23607 -1.0173e-14
11.4412 -4.21301 -1.01739e-14
10.7903 -4.18508 -1.01751e-14
10.0058 -4.1525 -1.01764e-14
9.09632 -4.11557 -1.01779e-14
8.07064 -4.0746 -1.01796e-14
6.9374 -4.02986 -1.01814e-14
5.70613 -3.98169 -1.01834e-14
4.38717 -3.93043 -1.01855e-14
2.98464 -3.87645 -1.01877e-14
1.51263 -3.82008 -1.01901e-14
-0.0169692 -3.76159 -1.01924e-14
-1.60151 -3.70123 -1.01949e-14
-3.23436 -3.63921 -1.01975e-14
-4.90528 -3.57577 -1.02001e-14
-6.60619 -3.51111 -1.02027e-14
-8.33258 -3.44538 -1.02054e-14
-10.0774 -3.37879 -1.02081e-14
-11.835 -3.31153 -1.02109e-14
-13.5986 -3.24382 -1.02137e-14
-15.362 -3.17585 -1.02165e-14
-17.1179 -3.10788 -1.02193e-14
-18.8592 -3.04017 -1.0222e-14
-20.5791 -2.97296 -1.02248e-14
-22.27 -2.90653 -1.02275e-14
-23.9238 -2.84116 -1.02302e-14
-25.5329 -2.77715 -1.02328e-14
-27.0906 -2.71474 -1.02354e-14
-28.5918 -2.65413 -1.02379e-14
-30.0307 -2.59555 -1.02403e-14
-31.4009 -2.53925 -1.02426e-14
-32.6958 -2.48549 -1.02448e-14
-33.9084 -2.43457 -1.02469e-14
-35.031 -2.3868 -1.02488e-14
-36.0557 -2.34252 -1.02506e-14
-36.9754 -2.30204 -1.02523e-14
-37.7834 -2.26564 -1.02538e-14
-38.4729 -2.23363 -1.02551e-14
-39.0366 -2.20633 -1.02562e-14
-39.4668 -2.18408 -1.02571e-14
-39.7553 -2.16726 -1.02578e-14
-39.8938 -2.15624 -1.02583e-14
-39.8752 -2.15139 -1.02585e-14
-39.6926 -2.153 -1.02584e-14
-39.3407 -2.16131 -1.02581e-14
-38.8153 -2.17656 -1.02575e-14
-38.1124 -2.19894 -1.02565e-14
-37.2287 -2.22863 -1.02553e-14
-36.1612 -2.26582 -1.02538e-14
-34.9081 -2.31061 -1.0252e-14
-33.468 -2.36313 -1.02498e-14
-31.8399 -2.42345 -1.02473e-14
-30.0233 -2.49164 -1.02445e-14
-28.0191 -2.56773 -1.02414e-14
-25.8288 -2.65168 -1.0238e-14
-23.4548 -2.74346 -1.02342e-14
-20.9002 -2.84296 -1.02301e-14
-18.1698 -2.95006 -1.02257e-14
-15.269 -3.06454 -1.0221e-14
-12.2042 -3.1862 -1.0216e-14
-8.98179 -3.3148 -1.02108e-14
-5.61043 -3.45004 -1.02052e-14
-2.10063 -3.59153 -1.01994e-14
1.5341 -3.73878 -1.01934e-14
5.28045 -3.89119 -1.01871e-14
9.12244 -4.04811 -1.01807e-14
13.0383 -4.20879 -1.01741e-14
17.0113 -4.37244 -1.01674e-14
21.0229 -4.53826 -1.01606e-14
25.0492 -4.70534 -1.01537e-14
29.0651 -4.87272 -1.01469e-14
33.0495 -5.03949 -1.014e-14
36.9818 -5.20466 -1.01333e-14
40.8377 -5.36731 -1.01266e-14
44.5927 -5.52635 -1.01201e-14
48.2204 -5.68062 -1.01137e-14
51.6965 -5.82911 -1.01077e-14
54.9956 -5.97075 -1.01018e-14
58.0933 -6.10452 -1.00964e-14
60.9665 -6.22941 -1.00912e-14
63.5928 -6.34449 -1.00865e-14
65.9515 -6.44886 -1.00822e-14
68.0222 -6.54167 -1.00784e-14
69.7855 -6.62209 -1.00751e-14
71.2228 -6.68931 -1.00724e-14
72.3169 -6.74261 -1.00702e-14
73.053 -6.78134 -1.00686e-14
73.4193 -6.80501 -1.00676e-14
73.4086 -6.81337 -1.00673e-14
73.0146 -6.80612 -1.00676e-14
72.2331 -6.78301 -1.00685e-14
71.0642 -6.74407 -1.00701e-14
69.5109 -6.68938 -1.00724e-14
67.5785 -6.61917 -1.00753e-14
65.2747 -6.53374 -1.00788e-14
62.61 -6.43353 -1.00829e-14
59.5977 -6.31908 -1.00876e-14
56.2529 -6.191 -1.00928e-14
52.5925 -6.05001 -1.00986e-14
48.6359 -5.89689 -1.01049e-14
44.404 -5.73251 -1.01116e-14
39.9192 -5.55781 -1.01188e-14
35.2054 -5.37377 -1.01263e-14
30.2874 -5.18141 -1.01342e-14
25.1916 -4.98182 -1.01424e-14
19.9448 -4.77612 -1.01508e-14
14.5741 -4.56541 -1.01595e-14
9.10602 -4.3508 -1.01683e-14
3.56656 -4.13336 -1.01772e-14
-2.01852 -3.91413 -1.01862e-14
-7.62391 -3.69416 -1.01952e-14
-13.2253 -3.47445 -1.02042e-14
-18.7992 -3.25595 -1.02132e-14
-24.323 -3.03958 -1.02221e-14
-29.776 -2.82619 -1.02308e-14
-35.1409 -2.61646 -1.02394e-14
-40.4041 -2.41095 -1.02478e-14
-45.5534 -2.21013 -1.02561e-14
-50.5775 -2.01445 -1.02641e-14
-55.4655 -1.82434 -1.02719e-14
-60.2069 -1.6402 -1.02795e-14
-64.7921 -1.4624 -1.02867e-14
-69.2128 -1.29127 -1.02938e-14
-73.4634 -1.12701 -1.03005e-14
-77.5405 -0.96973 -1.0307e-14
-81.4419 -0.819496 -1.03131e-14
-85.1661 -0.676346 -1.0319e-14
-88.7122 -0.540289 -1.03246e-14
-92.08 -0.411314 -1.03299e-14
-95.2696 -0.289386 -1.03349e-14
-98.2821 -0.174443 -1.03396e-14
-101.12 -0.0663714 -1.0344e-14
-103.786 0.0349828 -1.03482e-14
-106.284 0.129794 -1.0352e-14
-108.617 0.218214 -1.03557e-14
-110.787 0.300316 -1.0359e-14
-112.794 0.3761 -1.03621e-14
-114.636 0.445549 -1.0365e-14
-116.313 0.508655 -1.03676e-14
-117.825 0.565427 -1.03699e-14
-119.173 0.615889 -1.0372e-14
-120.356 0.660072 -1.03738e-14
-121.377 0.698046 -1.03754e-14
-122.239 0.729988 -1.03767e-14
-122.949 0.756161 -1.03777e-14
-123.513 0.776858 -1.03786e-14
-123.938 0.792334 -1.03792e-14
-124.227 0.802753 -1.03796e-14
-124.383 0.808193 -1.03799e-14
-124.405 0.808702 -1.03799e-14
-124.296 0.804339 -1.03797e-14
-124.059 0.795212 -1.03793e-14
-123.696 0.781471 -1.03788e-14
-123.212 0.763271 -1.0378e-14
-122.609 0.740718 -1.03771e-14
-121.888 0.713825 -1.0376e-14
-121.048 0.682514 -1.03747e-14
-120.084 0.64667 -1.03732e-14
-118.997 0.606195 -1.03716e-14
-117.784 0.561053 -1.03697e-14
-116.447 0.511267 -1.03677e-14
-114.987 0.456871 -1.03655e-14
-113.404 0.397846 -1.0363e-14
-111.696 0.334053 -1.03604e-14
-109.857 0.265244 -1.03576e-14
-107.88 0.191141 -1.03546e-14
-105.76 0.111484 -1.03513e-14
-103.494 0.026066 -1.03478e-14
-101.077 -0.0652676 -1.0344e-14
-98.5068 -0.162646 -1.03401e-14
-95.7817 -0.26621 -1.03358e-14
-92.8969 -0.376166 -1.03313e-14
-89.8468 -0.492774 -1.03265e-14
-86.6261 -0.616282 -1.03214e-14
-83.2311 -0.746871 -1.03161e-14
-79.6614 -0.884589 -1.03104e-14
-75.9192 -1.02936 -1.03045e-14
-72.0087 -1.18104 -1.02983e-14
-67.9345 -1.33946 -1.02918e-14
-63.7006 -1.50447 -1.0285e-14
-59.3107 -1.67593 -1.0278e-14
-54.7691 -1.85367 -1.02707e-14
-50.0817 -2.03747 -1.02632e-14
-45.2558 -2.22702 -1.02554e-14
-40.3006 -2.42195 -1.02474e-14
-35.2262 -2.62185 -1.02392e-14
-30.0434 -2.82626 -1.02308e-14
-24.7631 -3.03472 -1.02223e-14
-19.3957 -3.24681 -1.02136e-14
-13.9523 -3.46204 -1.02047e-14
-8.44464 -3.67992 -1.01958e-14
-2.8847 -3.89993 -1.01868e-14
2.71522 -4.12156 -1.01777e-14
8.34256 -4.34426 -1.01686e-14
13.9849 -4.56749 -1.01594e-14
19.6304 -4.79075 -1.01502e-14
25.2683 -5.01356 -1.01411e-14
30.8878 -5.23545 -1.0132e-14
36.4794 -5.45601 -1.0123e-14
42.0349 -5.67486 -1.0114e-14
47.5479 -5.89172 -1.01051e-14
53.0128 -6.10633 -1.00963e-14
58.4252 -6.31848 -1.00876e-14
63.7819 -6.52802 -1.0079e-14
69.0811 -6.73485 -1.00705e-14
74.322 -6.93892 -1.00621e-14
79.5047 -7.1402 -1.00539e-14
84.6294 -7.3387 -1.00457e-14
89.6986 -7.53461 -1.00377e-14
94.7149 -7.72811 -1.00298e-14
99.6784 -7.91901 -1.00219e-14
104.589 -8.10728 -1.00142e-14
109.448 -8.29294 -1.00066e-14
114.255 -8.47601 -9.9991e-15
119.013 -8.65655 -9.99169e-15
123.723 -8.83465 -9.98439e-15
128.388 -9.01044 -9.97718e-15
133.013 -9.18409 -9.97006e-15
137.602 -9.35577 -9.96302e-15
142.159 -9.52571 -9.95605e-15
146.69 -9.6941 -9.94914e-15
151.201 -9.86118 -9.94229e-15
155.696 -10.0272 -9.93548e-15
160.17 -10.1919 -9.92872e-15
164.633 -10.3558 -9.922e-15
169.099 -10.5194 -9.91529e-15
173.563 -10.6827 -9.9086e-15
178.035 -10.846 -9.9019e-15
182.521 -11.0095 -9.89519e-15
187.019 -11.1735 -9.88846e-15
191.539 -11.3381 -9.88171e-15
196.081 -11.5035 -9.87493e-15
200.655 -11.67 -9.8681e-15
205.265 -11.8378 -9.86122e-15
209.917 -12.0072 -9.85427e-15
214.616 -12.1784 -9.84725e-15
219.37 -12.3518 -9.84014e-15
224.188 -12.5277 -9.83293e-15
229.076 -12.7063 -9.8256e-15
234.042 -12.8881 -9.81814e-15
239.092 -13.0733 -9.81055e-15
244.235 -13.2623 -9.8028e-15
249.479 -13.4554 -9.79488e-15
254.831 -13.6529 -9.78678e-15
260.299 -13.8552 -9.77848e-15
265.889 -14.0624 -9.76998e-15
271.608 -14.275 -9.76126e-15
277.467 -14.4933 -9.75231e-15
283.478 -14.7178 -9.7431e-15
289.653 -14.9491 -9.73362e-15
296.002 -15.1875 -9.72384e-15
302.538 -15.4335 -9.71375e-15
309.271 -15.6876 -9.70333e-15
316.21 -15.9502 -9.69256e-15
323.364 -16.2214 -9.68143e-15
330.737 -16.5016 -9.66994e-15
338.331 -16.7908 -9.65808e-15
346.147 -17.089 -9.64586e-15
354.181 -17.3959 -9.63327e-15
362.424 -17.7113 -9.62033e-15
370.862 -18.0344 -9.60708e-15
379.477 -18.3645 -9.59354e-15
388.25 -18.7009 -9.57975e-15
397.261 -19.0419 -8.25094e-15
406.509 -19.3904 -8.23893e-15
410.823 -19.5829 -8.40552e-15
410.813 -19.6566 -8.2504e-15
410.804 -19.7238 -8.09891e-15
410.801 -19.7515 -7.96639e-15
410.801 -19.7529 -7.84714e-15
410.807 -19.7196 -7.13013e-15
410.808 -19.7161 -8.04112e-15
410.809 -19.7113 -7.42174e-15
410.811 -19.7 -7.27925e-15
410.815 -19.6802 -7.60462e-15
410.822 -19.6377 -7.21522e-15
410.832 -19.5691 -7.17894e-15
410.843 -19.5046 -7.59604e-15
410.853 -19.4418 -7.85571e-15
410.862 -19.3787 -7.42278e-15
410.872 -19.3163 4.64904e-13
410.882 -19.2541 -1.25928e-14
410.891 -19.1922 -1.15762e-14
410.901 -19.1308 -1.05731e-14
410.91 -19.0701 -1.18286e-14
410.92 -19.0101 -1.08549e-14
410.929 -18.9509 -1.0086e-14
410.938 -18.8938 -1.11495e-14
410.946 -18.8363 -1.1282e-14
410.955 -18.78 -1.05058e-14
410.963 -18.7252 -1.13624e-14
410.972 -18.6723 -9.84529e-15
410.98 -18.6207 -1.13801e-14
410.987 -18.5705 -1.13882e-14
410.994 -18.5276 -1.7113e-14
411 -18.493 -1.59599e-14
411.005 -18.4605 -1.60422e-14
411.014 -18.4029 -3.38128e-14
411.023 -18.3404 -1.99739e-14
411.033 -18.2776 8.42997e-14
411.042 -18.2158 -1.64668e-14
411.05 -18.1683 -1.76867e-14
411.054 -18.1447 -1.81146e-14
411.057 -18.1315 -3.00219e-14
411.06 -18.1199 -1.35838e-14
411.063 -18.1084 -2.09518e-14
411.066 -18.0962 -1.17868e-14
411.069 -18.0841 4.05986e-15
411.073 -18.0722 -6.98968e-15
411.076 -18.0598 -1.33866e-14
411.079 -18.047 -4.8075e-14
411.083 -18.0317 -1.26537e-14
411.087 -18.016 -1.05597e-14
411.091 -17.9999 -1.27703e-14
411.095 -17.983 -1.00952e-14
411.098 -17.9739 -3.8818e-11
411.102 -17.9657 7.32977e-13
411.105 -17.9552 7.28367e-13
411.109 -17.9448 7.00119e-13
411.113 -17.9336 7.73205e-13
411.117 -17.9216 7.09183e-13
411.115 -17.9493 7.02522e-13
411.112 -17.9908 6.83094e-13
411.136 -17.8444 6.80449e-13
411.168 -17.6384 6.65847e-13
411.202 -17.4175 5.18709e-13
411.238 -17.181 6.31932e-13
411.274 -16.9473 6.63367e-13
411.309 -16.7191 5.73396e-13
411.344 -16.4971 5.84462e-13
411.378 -16.2809 5.74706e-13
411.411 -16.0707 9.1882e-13
411.443 -15.8666 5.11817e-13
411.474 -15.6687 4.50198e-13
411.505 -15.4772 5.29922e-13
411.536 -15.2878 4.81133e-13
411.566 -15.1061 -3.76539e-13
411.595 -14.9316 4.93826e-13
411.624 -14.7638 4.07468e-13
411.652 -14.6027 4.59822e-13
411.679 -14.4484 3.75558e-13
411.705 -14.3008 5.96175e-13
411.731 -14.16 1.86957e-12
411.755 -14.0258 9.2191e-13
411.779 -13.8982 3.6315e-13
411.803 -13.7772 3.54299e-13
411.825 -13.6623 1.81468e-13
411.847 -13.5536 3.71652e-13
411.867 -13.4507 1.99451e-13
411.887 -13.3536 -5.65816e-14
411.903 -13.2885 1.8453e-13
411.915 -13.2556 1.26058e-13
411.926 -13.2284 -4.59906e-14
411.937 -13.2031 4.27087e-13
411.947 -13.1788 4.30968e-13
411.956 -13.1553 3.79699e-13
411.965 -13.1326 1.72737e-13
411.973 -13.1107 1.77835e-13
411.981 -13.0897 1.40966e-13
411.989 -13.0671 4.40832e-13
411.995 -13.047 2.38748e-13
412.001 -13.0284 3.1362e-13
412.007 -13.0112 -4.52004e-13
412.012 -12.9955 6.15735e-12
412.016 -12.9813 2.97738e-13
412.02 -12.9685 -1.48484e-12
412.023 -12.957 -2.68864e-13
412.025 -12.9466 -5.37865e-13
412.027 -12.9376 2.41105e-12
412.028 -12.9302 -1.04195e-13
412.029 -12.9247 1.8063e-13
411.955 -12.9163 -2.98579e-12
411.703 -12.9018 -4.72075e-13
411.27 -12.8822 -4.72046e-13
410.624 -12.8551 -4.72005e-13
409.739 -12.8186 -4.7195e-13
408.619 -12.7729 -4.7188e-13
407.265 -12.7181 -4.71797e-13
405.683 -12.6546 -4.717e-13
403.876 -12.5827 -4.71589e-13
401.851 -12.5026 -4.71467e-13
399.607 -12.4144 -4.71331e-13
397.147 -12.3181 -4.71183e-13
394.47 -12.214 -4.71022e-13
391.58 -12.1019 -4.7085e-13
388.475 -11.982 -4.70664e-13
385.156 -11.8542 -4.70467e-13
381.62 -11.7184 -4.70257e-13
377.864 -11.5744 -4.70034e-13
373.884 -11.422 -4.69798e-13
369.675 -11.261 -4.69549e-13
365.233 -11.0911 -4.69286e-13
360.552 -10.9122 -4.69009e-13
355.628 -10.7238 -4.68717e-13
350.457 -10.5259 -4.68411e-13
345.034 -10.318 -4.68089e-13
339.354 -10.1001 -4.67752e-13
333.414 -9.87178 -4.67399e-13
327.211 -9.63297 -4.6703e-13
320.746 -9.38357 -4.66644e-13
314.02 -9.12365 -4.66243e-13
307.038 -8.85328 -4.65825e-13
299.804 -8.57262 -4.65392e-13
292.321 -8.28179 -4.64943e-13
284.595 -7.98092 -4.64479e-13
276.629 -7.6702 -4.64e-13
268.432 -7.34988 -4.63506e-13
260.011 -7.02029 -4.62998e-13
251.377 -6.68185 -4.62477e-13
242.542 -6.33503 -4.61943e-13
233.517 -5.98032 -4.61397e-13
224.313 -5.61816 -4.6084e-13
214.939 -5.24898 -4.60271e-13
205.406 -4.87317 -4.59693e-13
195.726 -4.49124 -4.59106e-13
185.913 -4.10385 -4.5851e-13
175.987 -3.71176 -4.57907e-13
165.966 -3.31581 -4.57298e-13
155.869 -2.91679 -4.56684e-13
145.713 -2.5154 -4.56066e-13
135.512 -2.11225 -4.55446e-13
125.279 -1.70791 -4.54824e-13
115.026 -1.30293 -4.54201e-13
104.768 -0.897825 -4.53577e-13
94.5135 -0.493083 -4.52954e-13
84.2751 -0.0891516 -4.52332e-13
74.062 0.31356 -4.51712e-13
63.8825 0.714721 -4.51095e-13
53.743 1.11407 -4.50479e-13
43.6489 1.51139 -4.49867e-13
33.6057 1.90647 -4.49258e-13
23.6187 2.29911 -4.48653e-13
13.6936 2.68909 -4.48052e-13
3.83571 3.07619 -4.47455e-13
-5.94994 3.46025 -4.46863e-13
-15.6582 3.84104 -4.46276e-13
-25.2839 4.21839 -4.45694e-13
-34.822 4.59208 -4.45117e-13
-44.2683 4.96198 -4.44546e-13
-53.6201 5.32797 -4.43981e-13
-62.8762 5.69 -4.43422e-13
-72.0357 6.04807 -4.42869e-13
-81.0973 6.40211 -4.42323e-13
-90.0586 6.75203 -4.41782e-13
-98.9158 7.09768 -4.41248e-13
-107.665 7.43888 -4.40721e-13
-116.303 7.77549 -4.402e-13
-124.828 8.10741 -4.39687e-13
-133.238 8.4346 -4.39181e-13
-141.535 8.75702 -4.38682e-13
-149.717 9.07467 -4.38191e-13
-157.785 9.38751 -4.37707e-13
-165.673 9.69061 -4.37236e-13
-173.257 9.97492 -4.36792e-13
-180.678 10.2507 -4.36361e-13
-188.023 10.5241 -4.35933e-13
-195.263 10.791 -4.3769e-13
-202.505 11.0503 -4.37177e-13
-209.642 11.3054 -4.36299e-13
-216.694 11.5569 -4.36026e-13
-223.664 11.8049 -4.3605e-13
-230.56 12.0497 -4.35648e-13
-237.383 12.2913 -4.34944e-13
-244.147 12.5302 -4.33641e-13
-250.858 12.7666 -4.34895e-13
-257.526 13.001 -4.33206e-13
-264.16 13.2337 -4.33332e-13
-270.887 13.4599 -4.33369e-13
-277.69 13.681 -4.32608e-13
-284.486 13.9019 -4.31542e-13
-291.285 14.1226 -4.31692e-13
-294.416 14.1315 -4.25841e-13
-295.222 14.0085 -4.16672e-13
-296.03 13.8874 -4.0685e-13
-296.839 13.7684 -3.97921e-13
-297.649 13.6516 -3.90338e-13
-298.464 13.5362 -3.8057e-13
-299.283 13.4225 -3.72312e-13
-300.108 13.3109 -3.6369e-13
-300.941 13.201 -3.54992e-13
-301.782 13.0931 -3.47069e-13
-302.634 12.9871 -3.37305e-13
-303.495 12.883 -3.29565e-13
-304.368 12.7808 -3.20501e-13
-305.351 12.6474 -3.14461e-13
-306.442 12.4826 -3.05832e-13
-307.547 12.3213 -2.97594e-13
-308.664 12.1632 -2.8979e-13
-309.791 12.0086 -2.81587e-13
-310.929 11.8577 -2.73881e-13
-312.076 11.7106 -2.66414e-13
-313.232 11.5675 -2.57963e-13
-314.395 11.4284 -2.50437e-13
-315.565 11.2935 -2.42401e-13
-316.741 11.1629 -2.36538e-13
-317.917 11.0353 -2.27716e-13
-318.998 10.8927 -2.21892e-13
-319.997 10.7383 -2.15002e-13
-321.007 10.5902 -2.08708e-13
-322.013 10.4462 -2.07516e-13
-323.023 10.3023 -2.02386e-13
-324.025 10.1639 -1.96883e-13
-325.019 10.0299 -1.91368e-13
-326.149 9.87126 -1.83699e-13
-327.289 9.71389 -1.80644e-13
-328.413 9.56214 -1.7751e-13
-329.519 9.41602 -1.74009e-13
-330.606 9.27536 -1.7104e-13
-331.675 9.13996 -1.6856e-13
-332.725 9.00964 -1.65791e-13
-333.758 8.88421 -1.62217e-13
-334.773 8.76353 -1.59154e-13
-335.773 8.64744 -1.56278e-13
-336.756 8.53581 -1.52817e-13
-337.725 8.42853 -1.5037e-13
-338.681 8.3255 -1.48071e-13
-339.624 8.22663 -1.44637e-13
-340.557 8.13183 -1.41399e-13
-341.481 8.04099 -1.39825e-13
-342.397 7.9541 -1.37266e-13
-343.306 7.87122 -1.34941e-13
-344.209 7.79241 -1.31464e-13
-345.107 7.71782 -1.37854e-13
-345.996 7.65104 -1.37235e-13
-346.87 7.58921 -1.36557e-13
-347.735 7.53286 -1.3349e-13
-348.598 7.48142 -1.33292e-13
-349.455 7.43538 -1.30813e-13
-350.435 7.3708 -1.28555e-13
-351.428 7.30935 -1.26893e-13
-352.42 7.25254 -1.22823e-13
-353.409 7.20049 -1.20164e-13
-354.395 7.15317 -1.17708e-13
-355.378 7.11038 -1.15592e-13
-356.356 7.07201 -1.13237e-13
-357.326 7.03805 -1.10544e-13
-358.291 7.00798 -1.08959e-13
-359.246 6.98214 -1.05483e-13
-360.187 6.9604 -1.03655e-13
-361.123 6.94285 -9.90262e-14
-362.059 6.93211 -9.83861e-14
-362.992 6.92627 -9.78414e-14
-363.913 6.92245 -9.42332e-14
-364.822 6.92095 -9.37707e-14
-365.726 6.91898 -9.07559e-14
-366.732 6.89016 -8.69995e-14
-367.721 6.8629 -8.14944e-14
-368.694 6.83894 -8.16274e-14
-369.669 6.81823 -7.55041e-14
-370.715 6.77833 -7.42266e-14
-371.61 6.73519 -6.98104e-14
-371.427 6.66379 -6.62453e-14
-370.974 6.5886 -6.07651e-14
-370.259 6.50188 -5.93606e-14
-369.298 6.41005 -5.27235e-14
-367.984 6.28816 -4.98472e-14
-366.391 6.15686 -3.72272e-14
-364.574 6.02785 -4.08348e-14
-362.571 5.90522 -3.89626e-14
-360.411 5.78824 -3.79865e-14
-358.124 5.67712 -3.40342e-14
-355.742 5.57071 -2.97041e-14
-353.298 5.47094 -3.13542e-14
-351.014 5.38144 5.28559e-14
-349.134 5.30479 -3.74764e-14
-347.239 5.2331 -1.17386e-13
-345.354 5.16939 -2.82788e-14
-343.504 5.11653 -3.66396e-14
-341.675 5.06815 -6.24448e-15
-339.872 5.02357 -3.40908e-14
-338.108 4.98414 -6.68491e-15
-336.228 4.94282 -9.00587e-14
-334.344 4.89176 -7.87888e-14
-332.482 4.84002 -2.30922e-13
-330.674 4.7909 1.07503e-14
-328.933 4.74514 -9.52474e-14
-327.264 4.70265 -1.88606e-13
-325.671 4.66326 -1.05724e-13
-324.161 4.6278 -1.42683e-13
-322.735 4.59531 -6.18499e-14
-321.392 4.56515 -1.64265e-13
-320.133 4.53706 6.00717e-14
-318.958 4.51093 -1.59251e-13
-317.866 4.4866 1.00438e-13
-316.856 4.46382 -2.51748e-15
-315.927 4.44258 5.2194e-13
-315.078 4.42274 4.50309e-14
-314.997 4.42082 -1.19791e-13
-314.917 4.4189 8.17926e-13
-314.839 4.41707 -5.4989e-14
-314.761 4.41527 -8.90702e-14
-314.684 4.41344 -1.24539e-14
-314.607 4.41161 -1.77473e-13
-314.531 4.40979 1.37554e-13
-314.457 4.40818 7.22641e-13
-314.385 4.40668 3.06629e-13
-314.313 4.40504 -7.75922e-13
-314.24 4.40335 -4.84221e-13
-314.168 4.40164 1.42971e-13
-313.489 4.38513 8.32839e-14
-312.88 4.36943 1.64529e-13
-312.336 4.35397 -2.45824e-13
-311.855 4.33878 -6.10349e-14
-311.439 4.32438 -9.35491e-14
-311.088 4.31078 4.51259e-14
-310.798 4.29787 1.38579e-13
-310.568 4.28558 -7.47873e-14
-310.397 4.27388 -3.36183e-13
-310.282 4.26275 -3.27409e-13
-310.222 4.25244 3.65829e-14
-310.217 4.24314 7.74684e-14
-310.027 4.22857 1.04056e-14
-309.668 4.20877 8.03703e-15
-309.147 4.184 8.00418e-15
-308.471 4.15449 7.96449e-15
-307.645 4.12048 7.91828e-15
-306.65 4.08068 7.86398e-15
-305.479 4.03444 7.80079e-15
-304.138 3.98215 7.72922e-15
-302.632 3.92396 7.64946e-15
-300.968 3.86028 7.56208e-15
-299.148 3.79111 7.46705e-15
-297.173 3.71648 7.36444e-15
-295.049 3.63657 7.2545e-15
-292.778 3.55153 7.13744e-15
-290.368 3.46162 7.01359e-15
-287.821 3.36703 6.8832e-15
-285.14 3.26785 6.7464e-15
-282.326 3.16411 6.60323e-15
-279.379 3.05588 6.45378e-15
-276.304 2.94328 6.2982e-15
-273.105 2.82651 6.13678e-15
-269.783 2.70566 5.9696e-15
-266.341 2.58074 5.79671e-15
-262.778 2.4518 5.61816e-15
-259.095 2.31881 5.43391e-15
-255.292 2.18176 5.24396e-15
-251.369 2.04062 5.04829e-15
-247.326 1.8954 4.84688e-15
-243.163 1.74607 4.63973e-15
-238.881 1.59264 4.42686e-15
-234.479 1.43513 4.20827e-15
-229.962 1.27362 3.9841e-15
-225.332 1.10822 3.7545e-15
-220.593 0.93907 3.51966e-15
-215.749 0.766316 3.2798e-15
-210.806 0.590186 3.03522e-15
-205.772 0.410907 2.78623e-15
-200.652 0.228763 2.53324e-15
-195.454 0.0440089 2.27659e-15
-190.189 -0.142966 2.01682e-15
-184.868 -0.331766 1.75448e-15
-179.501 -0.521943 1.49017e-15
-174.1 -0.713094 1.22445e-15
-168.676 -0.904768 9.57934e-16
-163.24 -1.09656 6.91186e-16
-157.805 -1.28802 4.24796e-16
-152.379 -1.47879 1.59291e-16
-146.974 -1.66843 -1.04743e-16
-141.602 -1.85655 -3.6678e-16
-136.271 -2.04277 -6.26287e-16
-130.991 -2.22675 -8.8281e-16
-125.77 -2.40818 -1.13589e-15
-120.617 -2.58676 -1.38517e-15
-115.539 -2.76225 -1.63026e-15
-110.541 -2.93444 -1.8709e-15
-105.629 -3.10313 -2.10681e-15
-100.808 -3.26817 -2.33776e-15
-96.0821 -3.42942 -2.56357e-15
-91.4529 -3.58682 -2.78416e-15
-86.9207 -3.7404 -2.99955e-15
-82.4839 -3.89026 -3.20986e-15
-78.1395 -4.03652 -3.41527e-15
-73.8843 -4.17935 -3.61599e-15
-69.7141 -4.31892 -3.81225e-15
-65.6245 -4.45543 -4.00432e-15
-61.6104 -4.58911 -4.19249e-15
-57.6665 -4.72017 -4.37706e-15
-53.7867 -4.84887 -4.55838e-15
-49.9645 -4.97549 -4.73681e-15
-46.1931 -5.10029 -4.91271e-15
-42.4668 -5.22351 -5.08641e-15
-38.7801 -5.34538 -5.2582e-15
-35.1292 -5.46604 -5.42829e-15
-31.5098 -5.58566 -5.59691e-15
-27.919 -5.70436 -5.76421e-15
-24.3534 -5.82227 -5.93037e-15
-20.8108 -5.93946 -6.0955e-15
-17.2887 -6.05603 -6.25972e-15
-13.7855 -6.17203 -6.42311e-15
-10.2986 -6.28754 -6.58579e-15
-6.82595 -6.40263 -6.74785e-15
-3.36519 -6.51737 -6.9094e-15
0.0853983 -6.6318 -7.07051e-15
3.52831 -6.746 -7.23128e-15
6.96566 -6.86004 -7.3918e-15
10.4 -6.97398 -7.55219e-15
13.8332 -7.08787 -7.71252e-15
17.2676 -7.20178 -7.87288e-15
20.7049 -7.31576 -8.03334e-15
24.1472 -7.42986 -8.194e-15
27.597 -7.54416 -8.35494e-15
31.0573 -7.65875 -8.51634e-15
34.5317 -7.77376 -8.67833e-15
38.0245 -7.88933 -8.84114e-15
41.5395 -8.0056 -9.00495e-15
45.0786 -8.1227 -9.17001e-15
48.6467 -8.24076 -9.33644e-15
52.2487 -8.35991 -9.50442e-15
55.8881 -8.48032 -9.67418e-15
59.5707 -8.60219 -9.84599e-15
63.2979 -8.72574 -1.00203e-14
67.0777 -8.85122 -1.01973e-14
70.9183 -8.97884 -1.03773e-14
74.8254 -9.10888 -1.05607e-14
78.814 -9.2421 -1.07484e-14
82.8736 -9.37807 -1.094e-14
87.0075 -9.51673 -1.11354e-14
91.225 -9.65843 -1.13349e-14
95.4139 -9.79578 -1.15295e-14
99.5589 -9.92764 -1.17177e-14
103.785 -10.0622 -1.19097e-14
108.112 -10.2005 -1.21071e-14
112.534 -10.3424 -1.23093e-14
117.063 -10.4883 -1.25171e-14
121.705 -10.6383 -1.27306e-14
126.465 -10.7926 -1.295e-14
131.346 -10.9515 -1.31757e-14
136.353 -11.1151 -1.34079e-14
141.487 -11.2835 -1.36466e-14
146.745 -11.4567 -1.3892e-14
152.131 -11.6346 -1.41441e-14
157.646 -11.8173 -1.44026e-14
163.286 -12.0048 -1.46676e-14
169.052 -12.1969 -1.4939e-14
174.941 -12.3936 -1.52167e-14
180.949 -12.5947 -1.55004e-14
187.073 -12.8002 -1.57901e-14
193.31 -13.0099 -1.60856e-14
199.645 -13.2233 -1.63864e-14
206.078 -13.4404 -1.66922e-14
212.614 -13.6613 -1.70034e-14
219.247 -13.8859 -1.73195e-14
225.648 -14.0999 -1.60402e-14
226.757 -14.0855 -1.7014e-14
227.885 -14.0699 -1.74103e-14
229.028 -14.0537 -1.76999e-14
230.185 -14.0367 -1.85457e-14
231.356 -14.0189 -1.90804e-14
232.539 -14.0003 -2.00812e-14
233.733 -13.981 -1.87816e-14
234.958 -13.9579 -2.03043e-14
236.272 -13.9199 -2.08823e-14
237.64 -13.8735 -2.09519e-14
239.027 -13.8244 -2.15889e-14
240.428 -13.7734 -2.15102e-14
241.84 -13.7207 -2.34735e-14
243.261 -13.6666 -2.33618e-14
244.686 -13.6114 -2.36873e-14
246.176 -13.5478 -1.36351e-13
247.671 -13.4846 -1.03873e-13
249.162 -13.421 -4.57361e-14
250.647 -13.3568 -1.11718e-13
252.124 -13.2922 -2.21155e-13
253.589 -13.2273 7.44874e-14
255.11 -13.1508 -2.36562e-13
256.664 -13.067 -5.35801e-13
258.209 -12.9822 1.77224e-14
259.738 -12.8972 1.51045e-13
261.247 -12.8127 -1.09031e-12
262.733 -12.7289 1.31647e-13
264.183 -12.6472 9.40894e-13
265.638 -12.566 -3.66578e-12
267.07 -12.4873 3.84429e-13
268.464 -12.4111 1.13817e-13
269.82 -12.3365 6.21786e-13
271.136 -12.2637 4.47611e-13
272.41 -12.193 1.84535e-14
273.64 -12.1245 9.35496e-13
274.825 -12.0582 9.92811e-13
275.962 -11.9944 3.1882e-13
277.05 -11.9331 2.08496e-13
278.088 -11.8746 -4.00574e-15
279.073 -11.8189 2.59928e-13
280.006 -11.7659 5.308e-14
280.884 -11.7159 -3.47837e-13
281.709 -11.6688 2.18986e-14
282.502 -11.6198 1.93768e-14
283.256 -11.57 -1.8326e-13
283.953 -11.5237 -8.55903e-13
284.587 -11.4812 5.62308e-13
285.159 -11.4427 -3.60582e-13
285.667 -11.4082 1.9152e-13
286.109 -11.378 -5.19667e-14
286.486 -11.3519 3.09598e-14
286.796 -11.33 -2.37851e-13
287.04 -11.3124 -3.35669e-14
287.216 -11.2991 -2.99213e-14
287.326 -11.2899 -7.26513e-14
287.369 -11.2851 -5.23436e-13
287.275 -11.2793 -6.68527e-15
286.912 -11.2634 -6.6651e-15
286.279 -11.237 -6.63125e-15
285.381 -11.2003 -6.5837e-15
284.223 -11.1535 -6.52292e-15
282.813 -11.0969 -6.44923e-15
281.159 -11.0309 -6.3631e-15
279.269 -10.9558 -6.26494e-15
277.153 -10.872 -6.15524e-15
274.82 -10.7798 -6.0345e-15
272.28 -10.6797 -5.9033e-15
269.544 -10.5721 -5.76221e-15
266.625 -10.4576 -5.61184e-15
263.533 -10.3365 -5.45283e-15
260.282 -10.2095 -5.28588e-15
256.887 -10.077 -5.1117e-15
253.36 -9.93972 -4.93103e-15
249.717 -9.79811 -4.7446e-15
245.97 -9.65278 -4.55315e-15
242.135 -9.5043 -4.35743e-15
238.226 -9.35322 -4.15819e-15
234.257 -9.20012 -3.95615e-15
230.242 -9.04555 -3.75206e-15
226.197 -8.89007 -3.54666e-15
222.134 -8.73424 -3.34068e-15
218.068 -8.57856 -3.13476e-15
214.009 -8.42347 -2.92952e-15
209.969 -8.2694 -2.7255e-15
205.959 -8.11671 -2.5232e-15
201.985 -7.96575 -2.32307e-15
198.057 -7.81675 -2.12542e-15
194.178 -7.66989 -1.93052e-15
190.353 -7.52533 -1.73855e-15
186.586 -7.38317 -1.54968e-15
182.877 -7.24344 -1.36395e-15
179.227 -7.1061 -1.1813e-15
175.634 -6.9711 -1.00169e-15
172.097 -6.83837 -8.25029e-16
168.614 -6.7078 -6.51167e-16
165.182 -6.57923 -4.79918e-16
161.796 -6.45252 -3.11093e-16
158.453 -6.32752 -1.44505e-16
155.15 -6.20409 2.00531e-17
151.882 -6.08205 1.82793e-16
148.646 -5.96125 3.4392e-16
145.437 -5.84154 5.0363e-16
142.25 -5.72276 6.62144e-16
139.082 -5.60475 8.1968e-16
135.928 -5.48734 9.76459e-16
132.784 -5.3704 1.13266e-15
129.647 -5.25386 1.28839e-15
126.516 -5.13766 1.44373e-15
123.39 -5.02177 1.59872e-15
120.265 -4.90616 1.75342e-15
117.144 -4.79086 1.90779e-15
114.026 -4.67591 2.0618e-15
110.911 -4.56134 2.2154e-15
107.8 -4.4472 2.36856e-15
104.693 -4.33352 2.52122e-15
101.592 -4.22038 2.6733e-15
98.4963 -4.10781 2.82477e-15
95.4067 -3.9958 2.97562e-15
92.3226 -3.88438 3.12584e-15
89.2438 -3.77353 3.27546e-15
86.1691 -3.66319 3.42453e-15
83.0958 -3.55328 3.57318e-15
80.0197 -3.44362 3.72165e-15
76.9348 -3.33395 3.87025e-15
73.8344 -3.22401 4.01935e-15
70.7119 -3.1135 4.16929e-15
67.5611 -3.00217 4.32043e-15
64.3762 -2.88978 4.47307e-15
61.1516 -2.77607 4.62754e-15
57.881 -2.66079 4.78416e-15
54.5586 -2.54367 4.94328e-15
51.1782 -2.42445 5.10521e-15
47.7342 -2.3029 5.27029e-15
44.2211 -2.17877 5.4388e-15
40.6347 -2.05189 5.61098e-15
36.9719 -1.92212 5.78701e-15
33.2298 -1.78933 5.96704e-15
29.4052 -1.65338 6.15125e-15
25.493 -1.51407 6.33991e-15
21.4874 -1.37116 6.53333e-15
17.3827 -1.22443 6.73181e-15
13.174 -1.07366 6.93561e-15
8.85677 -0.918698 7.14495e-15
4.42732 -0.759387 7.36002e-15
-0.117569 -0.595611 7.58099e-15
-4.78213 -0.427268 7.80796e-15
-9.57032 -0.254303 8.04094e-15
-14.484 -0.0766127 8.28011e-15
-19.5272 0.105906 8.52556e-15
-24.6987 0.293305 8.77743e-15
-29.997 0.485597 9.0358e-15
-35.437 0.683285 9.30111e-15
-41.0101 0.886108 9.57316e-15
-46.7074 1.09364 9.85148e-15
-52.544 1.30617 1.01362e-14
-58.5109 1.52354 1.04272e-14
-64.6067 1.74583 1.07248e-14
-70.8341 1.97308 1.1029e-14
-77.1921 2.20533 1.13398e-14
-83.6844 2.44267 1.16573e-14
-90.3114 2.68518 1.19817e-14
-97.0761 2.93294 1.23131e-14
-103.979 3.18604 1.26515e-14
-111.019 3.44393 1.29962e-14
-118.197 3.70695 1.33476e-14
-125.52 3.97571 1.37067e-14
-132.987 4.24998 1.40729e-14
-140.598 4.52994 1.44468e-14
-148.355 4.81558 1.4828e-14
-156.256 5.10689 1.52167e-14
-164.298 5.40379 1.56128e-14
-172.478 5.70613 1.6016e-14
-180.791 6.01375 1.64261e-14
-189.231 6.32645 1.68429e-14
-197.793 6.64404 1.72661e-14
-206.471 6.96631 1.76954e-14
-215.259 7.29301 1.81305e-14
-224.15 7.62385 1.8571e-14
-233.131 7.95841 1.90163e-14
-242.192 8.29621 1.94658e-14
-251.318 8.6367 1.99189e-14
-260.496 8.97934 2.03747e-14
-269.71 9.32353 2.08325e-14
-278.945 9.66868 2.12916e-14
-288.186 10.0141 2.1751e-14
-297.417 10.3593 2.221e-14
-306.619 10.7033 2.26675e-14
-315.174 11.0231 2.22225e-14
-314.652 11.0035 2.19982e-14
-314.13 10.9841 2.04149e-14
-313.61 10.9655 2.11093e-14
-313.095 10.9478 1.94794e-14
-312.586 10.9309 1.89625e-14
-312.083 10.9146 1.88706e-14
-311.589 10.899 1.72603e-14
-311.104 10.884 1.59172e-14
-310.63 10.8694 1.68489e-14
-310.168 10.8553 1.68569e-14
-309.677 10.8185 5.7645e-13
-309.14 10.7502 -1.09984e-15
-308.617 10.6847 2.27778e-14
-308.112 10.6231 -2.4306e-14
-307.623 10.5631 5.9958e-14
-307.145 10.5005 -2.48866e-14
-306.688 10.4423 -1.26132e-14
-306.251 10.388 7.30018e-14
-305.835 10.3375 1.20152e-14
-305.439 10.2902 9.93845e-14
-305.063 10.2459 1.38032e-14
-304.708 10.2045 -3.03065e-15
-304.373 10.1658 -5.06558e-15
-304.057 10.1298 -9.9819e-15
-303.761 10.0962 -6.19345e-13
-303.484 10.0649 4.27458e-13
-303.226 10.0359 1.24296e-14
-302.987 10.009 -1.80722e-15
-302.766 9.98422 -7.00595e-13
-302.564 9.9614 -1.11491e-13
-302.376 9.93758 -6.35253e-13
-302.204 9.91372 2.04543e-12
-302.053 9.89287 6.79425e-13
-301.921 9.87432 -5.63678e-14
-301.808 9.858 -2.78846e-15
-301.716 9.84388 -5.80378e-13
-301.643 9.83191 -2.14108e-14
-301.591 9.82206 -5.14164e-13
-301.559 9.81429 -5.39277e-14
-301.547 9.80856 9.77509e-16
-301.469 9.80123 5.8794e-16
-301.176 9.78619 5.67965e-16
-300.672 9.76355 5.37304e-16
-299.958 9.73333 4.96019e-16
-299.036 9.69562 4.44208e-16
-297.908 9.65051 3.82015e-16
-296.582 9.5982 3.09726e-16
-295.062 9.53896 2.27716e-16
-293.359 9.47307 1.36383e-16
-291.478 9.40085 3.61607e-17
-289.431 9.32267 -7.2439e-17
-287.229 9.23893 -1.88847e-16
-284.881 9.15004 -3.12492e-16
-282.399 9.05644 -4.42779e-16
-279.796 8.95856 -5.79088e-16
-277.082 8.85689 -7.20763e-16
-274.272 8.75188 -8.67172e-16
-271.375 8.64396 -1.01771e-15
-268.402 8.5335 -1.17186e-15
-265.362 8.42082 -1.32918e-15
-262.262 8.30622 -1.48926e-15
-259.11 8.19 -1.65169e-15
-255.914 8.07241 -1.81609e-15
-252.68 7.95371 -1.98213e-15
-249.415 7.83411 -2.14948e-15
-246.124 7.71384 -2.31785e-15
-242.812 7.59304 -2.48702e-15
-239.483 7.47185 -2.6568e-15
-236.14 7.35036 -2.82706e-15
-232.786 7.2287 -2.99762e-15
-229.425 7.10699 -3.16828e-15
-226.063 6.98541 -3.33882e-15
-222.702 6.8641 -3.50904e-15
-219.347 6.74321 -3.6787e-15
-216.004 6.62293 -3.84757e-15
-212.677 6.50342 -4.0154e-15
-209.371 6.38486 -4.18194e-15
-206.091 6.26744 -4.34693e-15
-202.842 6.15137 -4.51009e-15
-199.63 6.03686 -4.67112e-15
-196.461 5.92412 -4.82971e-15
-193.34 5.81337 -4.98557e-15
-190.273 5.70481 -5.13844e-15
-187.264 5.59862 -5.28805e-15
-184.319 5.49499 -5.43416e-15
-181.44 5.39406 -5.57655e-15
-178.63 5.29595 -5.71507e-15
-175.893 5.20074 -5.84961e-15
-173.229 5.1085 -5.98008e-15
-170.639 5.01926 -6.10644e-15
-168.122 4.93299 -6.22873e-15
-165.677 4.84961 -6.34705e-15
-163.301 4.76903 -6.46155e-15
-160.99 4.69113 -6.57238e-15
-158.741 4.61579 -6.67972e-15
-156.55 4.54284 -6.7838e-15
-154.413 4.47211 -6.88485e-15
-152.324 4.40342 -6.98315e-15
-150.278 4.33655 -7.07896e-15
-148.27 4.2713 -7.17259e-15
-146.293 4.20744 -7.26436e-15
-144.34 4.14471 -7.35463e-15
-142.404 4.08278 -7.44383e-15
-140.474 4.02131 -7.53247e-15
-138.542 3.95992 -7.62106e-15
-136.598 3.89825 -7.71009e-15
-134.635 3.83599 -7.79999e-15
-132.643 3.77286 -7.89116e-15
-130.617 3.7086 -7.98396e-15
-128.548 3.64284 -8.07887e-15
-126.424 3.57513 -8.17655e-15
-124.229 3.50491 -8.27778e-15
-121.951 3.43159 -8.38333e-15
-119.574 3.35465 -8.49395e-15
-117.088 3.27366 -8.61021e-15
-114.485 3.1883 -8.73257e-15
-111.756 3.09825 -8.86147e-15
-108.893 3.00316 -8.99738e-15
-105.885 2.90263 -9.14086e-15
-102.72 2.7962 -9.29254e-15
-99.3885 2.68343 -9.45302e-15
-95.8792 2.56394 -9.62284e-15
-92.1874 2.43747 -9.8024e-15
-88.3074 2.30384 -9.99191e-15
-84.2347 2.1629 -1.01915e-14
-79.9665 2.01453 -1.04015e-14
-75.4978 1.85854 -1.0622e-14
-70.8241 1.69476 -1.08533e-14
-65.9445 1.523 -1.10958e-14
-60.8537 1.34314 -1.13495e-14
-55.5498 1.15516 -1.16145e-14
-50.0341 0.959076 -1.18907e-14
-44.3066 0.754955 -1.2178e-14
-38.3699 0.542857 -1.24765e-14
-32.2245 0.322798 -1.27859e-14
-25.867 0.0944084 -1.31069e-14
-19.2972 -0.142192 -1.34393e-14
-12.5208 -0.38662 -1.37824e-14
-5.54037 -0.638839 -1.41364e-14
1.64109 -0.898691 -1.45009e-14
9.0199 -1.16606 -1.48758e-14
16.5917 -1.44077 -1.52609e-14
24.3471 -1.72261 -1.5656e-14
32.0938 -1.99853 -1.60448e-14
39.9006 -2.27329 -1.64333e-14
47.9089 -2.5566 -1.68332e-14
56.0605 -2.84467 -1.724e-14
64.3763 -3.13916 -1.76556e-14
72.8329 -3.4387 -1.80783e-14
81.431 -3.74357 -1.85084e-14
90.1523 -4.05313 -1.89451e-14
98.9908 -4.3671 -1.9388e-14
107.919 -4.68431 -1.98356e-14
116.928 -5.0045 -2.02877e-14
126.022 -5.32776 -2.07439e-14
135.192 -5.65377 -2.12041e-14
144.431 -5.98231 -2.16678e-14
153.731 -6.31305 -2.21345e-14
163.081 -6.64559 -2.26038e-14
172.47 -6.97952 -2.3075e-14
181.886 -7.31442 -2.35476e-14
191.32 -7.64993 -2.4021e-14
200.763 -7.98573 -2.44949e-14
210.209 -8.32162 -2.49689e-14
219.652 -8.65739 -2.54427e-14
229.087 -8.99283 -2.5916e-14
238.504 -9.32766 -2.63885e-14
247.897 -9.66159 -2.68597e-14
257.257 -9.99431 -2.73292e-14
266.577 -10.3256 -2.77966e-14
275.851 -10.6552 -2.82618e-14
285.078 -10.9832 -2.87246e-14
294.256 -11.3094 -2.91849e-14
303.38 -11.6338 -2.96426e-14
307.981 -11.7389 -3.03186e-14
311.736 -11.7998 -3.04789e-14
314.936 -11.8312 -3.1756e-14
317.722 -11.8358 -3.12337e-14
320.173 -11.816 -3.09162e-14
322.308 -11.781 -3.12402e-14
324.44 -11.6763 -3.19312e-14
326.35 -11.543 -3.15726e-14
327.999 -11.3995 -3.15665e-14
329.419 -11.2486 -3.12648e-14
330.642 -11.0924 -3.16092e-14
331.725 -10.9177 5.42056e-12
332.675 -10.7328 4.61719e-14
333.644 -10.4603 -2.40837e-13
334.437 -10.1766 2.43519e-12
335.062 -9.90049 -2.89172e-12
335.523 -9.62949 3.37655e-13
335.841 -9.35773 -1.04062e-12
335.994 -9.1354 -1.10643e-11
336.077 -8.92092 1.4452e-13
336.117 -8.7061 1.6095e-13
336.121 -8.49911 7.73892e-14
336.093 -8.29862 1.23514e-11
336.035 -8.10668 -7.69111e-13
335.952 -7.9218 3.3126e-13
335.847 -7.74413 3.55879e-13
335.721 -7.57491 -3.62025e-14
335.58 -7.41194 -5.49119e-13
335.427 -7.25715 -1.568e-13
335.271 -7.10984 -3.88684e-13
335.117 -6.96911 1.0894e-13
334.97 -6.83509 2.83012e-13
334.837 -6.71004 -2.09944e-13
334.726 -6.59295 -2.54719e-13
334.643 -6.48255 -1.47884e-13
334.595 -6.37845 -1.30894e-13
334.59 -6.28001 -1.35938e-13
334.629 -6.22388 -8.72869e-14
334.726 -6.15561 1.11026e-13
334.895 -6.08104 1.97127e-13
335.142 -6.01071 2.19796e-13
335.473 -5.94582 2.97125e-13
335.896 -5.88576 5.15657e-13
336.417 -5.83049 -2.4459e-13
337.043 -5.77994 2.82499e-13
337.789 -5.7342 -1.70688e-13
338.522 -5.69126 -2.88255e-13
339.197 -5.649 -1.92692e-13
339.815 -5.60725 -1.57618e-13
340.378 -5.5659 -6.25482e-13
340.887 -5.52484 -1.46967e-14
341.344 -5.48398 2.39996e-13
341.75 -5.44327 -1.75398e-13
342.107 -5.40266 1.22298e-13
342.419 -5.36214 -1.51144e-14
342.686 -5.32171 -1.66777e-13
342.912 -5.2814 -1.46092e-13
343.099 -5.24123 -6.3443e-13
343.249 -5.20124 -1.46363e-13
343.364 -5.16149 -4.81444e-13
343.448 -5.12209 -1.83568e-13
343.502 -5.08292 3.11376e-14
343.53 -5.04431 -2.41407e-13
343.534 -5.00615 -1.7499e-13
343.402 -4.96383 -1.45095e-13
343.135 -4.91722 -1.45009e-13
342.756 -4.86768 -1.44917e-13
342.294 -4.81659 -1.44821e-13
341.763 -4.76446 -1.44723e-13
341.187 -4.7122 -1.44624e-13
340.571 -4.66072 -1.44527e-13
339.939 -4.61124 -1.44434e-13
339.33 -4.56502 -1.44348e-13
338.752 -4.52194 -1.44267e-13
338.204 -4.48155 -1.44191e-13
337.697 -4.4443 -1.44121e-13
337.241 -4.41055 -1.44058e-13
336.844 -4.3806 -1.44002e-13
336.513 -4.35468 -1.43954e-13
336.255 -4.333 -1.43913e-13
336.074 -4.31573 -1.43882e-13
335.975 -4.30301 -1.43859e-13
335.961 -4.29494 -1.43846e-13
336.034 -4.29158 -1.43841e-13
336.195 -4.29293 -1.43846e-13
336.444 -4.29891 -1.4386e-13
336.777 -4.30946 -1.43882e-13
337.194 -4.3245 -1.43914e-13
337.693 -4.34408 -1.43954e-13
338.277 -4.3687 -1.44005e-13
338.938 -4.39805 -1.44064e-13
339.645 -4.43012 -1.44129e-13
340.382 -4.46406 -1.44198e-13
341.133 -4.49936 -1.45775e-13
341.89 -4.53552 -1.43747e-13
342.659 -4.5726 -1.9247e-13
343.504 -4.60966 -8.6771e-14
343.623 -4.62749 -3.77408e-14
343.711 -4.64095 -3.61813e-14
343.798 -4.65416 -7.87062e-13
343.875 -4.66713 4.85281e-13
343.94 -4.67984 -1.56509e-13
343.989 -4.69211 1.48821e-13
344.021 -4.70378 -7.08572e-13
344.032 -4.71468 -2.39631e-13
343.952 -4.7219 -1.55759e-13
343.687 -4.7217 -1.55755e-13
343.221 -4.71343 -1.55734e-13
342.537 -4.69629 -1.55694e-13
341.616 -4.66958 -1.55632e-13
340.445 -4.63258 -1.55549e-13
339.008 -4.5847 -1.55442e-13
337.295 -4.52541 -1.5531e-13
335.297 -4.45432 -1.55153e-13
333.004 -4.37107 -1.5497e-13
330.413 -4.2754 -1.5476e-13
327.516 -4.16705 -1.54522e-13
324.31 -4.04586 -1.54257e-13
320.793 -3.91171 -1.53963e-13
316.964 -3.76462 -1.53642e-13
312.828 -3.60471 -1.53293e-13
308.389 -3.43225 -1.52917e-13
303.656 -3.24755 -1.52515e-13
298.637 -3.05106 -1.52087e-13
293.345 -2.84323 -1.51634e-13
287.792 -2.62466 -1.51158e-13
281.991 -2.39594 -1.5066e-13
275.959 -2.15778 -1.50142e-13
269.711 -1.9109 -1.49605e-13
263.268 -1.65613 -1.4905e-13
256.646 -1.39426 -1.48481e-13
249.864 -1.12616 -1.47897e-13
242.943 -0.852634 -1.47302e-13
235.899 -0.57453 -1.46696e-13
228.752 -0.292643 -1.46083e-13
221.519 -0.00779127 -1.45462e-13
214.218 0.27922 -1.44837e-13
206.869 0.56758 -1.44209e-13
199.488 0.856539 -1.43579e-13
192.091 1.14539 -1.42949e-13
184.692 1.43349 -1.4232e-13
177.305 1.72026 -1.41694e-13
169.941 2.0052 -1.41071e-13
162.61 2.28791 -1.40453e-13
155.319 2.56808 -1.39841e-13
148.071 2.8455 -1.39234e-13
140.871 3.12006 -1.38632e-13
133.719 3.39174 -1.38037e-13
126.613 3.6606 -1.37448e-13
119.551 3.92679 -1.36864e-13
112.529 4.19051 -1.36285e-13
105.539 4.45208 -1.3571e-13
98.5756 4.71184 -1.3514e-13
91.629 4.97018 -1.34572e-13
84.6899 5.22757 -1.34006e-13
77.7473 5.48451 -1.3344e-13
70.7895 5.74155 -1.32875e-13
63.8039 5.99928 -1.32307e-13
56.7774 6.2583 -1.31737e-13
49.696 6.51927 -1.31162e-13
42.5444 6.78289 -1.30582e-13
35.3064 7.04989 -1.29994e-13
27.9666 7.321 -1.29398e-13
20.5093 7.59692 -1.28791e-13
12.9204 7.8783 -1.28172e-13
5.18627 8.16578 -1.2754e-13
-2.70519 8.4599 -1.26894e-13
-10.7651 8.7612 -1.26232e-13
-19.003 9.07011 -1.25554e-13
-27.427 9.38702 -1.24858e-13
-36.0433 9.71222 -1.24145e-13
-44.8565 10.0459 -1.23414e-13
-53.8687 10.3883 -1.22664e-13
-63.0801 10.7393 -1.21895e-13
-72.4886 11.0989 -1.21108e-13
-82.1007 11.4676 -1.20302e-13
-91.8891 11.8436 -1.19479e-13
-101.678 12.2145 -1.18667e-13
-111.579 12.5884 -1.17847e-13
-121.683 12.9725 -1.17006e-13
-131.915 13.3614 -1.16154e-13
-142.303 13.7574 -1.15287e-13
-152.826 14.1589 -1.14409e-13
-163.467 14.5659 -1.1352e-13
-174.191 14.9763 -1.12623e-13
-184.991 15.39 -1.11719e-13
-195.835 15.8059 -1.10811e-13
-206.712 16.2233 -1.099e-13
-217.595 16.6412 -1.08987e-13
-228.475 17.0588 -1.08075e-13
-239.327 17.4753 -1.07167e-13
-250.121 17.8889 -1.06265e-13
-260.84 18.299 -1.0537e-13
-271.468 18.7056 -1.04483e-13
-281.984 19.1076 -1.03606e-13
-292.371 19.5042 -1.02741e-13
-299.648 19.6771 -1.02014e-13
-300.829 19.4177 -9.87219e-14
-301.979 19.1703 -9.55805e-14
-303.095 18.9354 -9.25935e-14
-304.175 18.7124 -8.97561e-14
-305.221 18.5008 -8.70633e-14
-306.245 18.2903 -8.43782e-14
-307.448 18.0001 -1.50551e-12
-308.637 17.7143 6.61222e-13
-309.783 17.4444 3.78189e-14
-310.884 17.19 8.02095e-13
-311.943 16.9499 5.63377e-13
-312.96 16.7233 -1.55852e-13
-313.937 16.5093 1.0718e-12
-314.876 16.307 -3.03205e-13
-315.779 16.1157 -2.56782e-13
-316.649 15.9336 4.77453e-13
-317.502 15.7521 6.12419e-13
-318.323 15.5802 -1.00988e-13
-319.115 15.4167 -1.43823e-13
-319.878 15.2614 -6.75439e-13
-320.615 15.1136 -3.21299e-13
-321.329 14.9726 -2.22993e-13
-322.02 14.8378 8.72005e-14
-322.693 14.7088 2.70381e-14
-323.367 14.5863 1.0989e-12
-324.034 14.4696 2.35231e-13
-324.68 14.3574 1.02954e-12
-325.333 14.245 1.53468e-11
-326.055 14.102 6.31995e-13
-326.681 13.9585 -3.85038e-13
-327.243 13.8159 2.44225e-13
-327.803 13.6781 1.0149e-12
-328.354 13.5439 5.48382e-13
-328.899 13.4133 1.17203e-13
-329.438 13.2858 -7.46906e-14
-329.973 13.1614 -8.98372e-13
-330.504 13.0397 -3.06784e-14
-331.033 12.9205 4.02087e-15
-331.561 12.8037 -5.996e-13
-332.089 12.6891 -3.28647e-13
-332.617 12.5766 -1.84612e-12
-333.148 12.466 -3.87039e-13
-333.681 12.3573 6.89534e-13
-334.218 12.2504 1.03948e-12
-334.76 12.1466 -2.19093e-12
-335.318 12.0424 1.2942e-11
-335.88 11.9414 -7.37205e-12
-336.447 11.8422 -2.13214e-12
-337.019 11.7449 -3.7684e-12
-337.597 11.6493 1.24128e-11
-338.18 11.5557 1.26144e-11
-338.768 11.464 -1.02565e-11
-339.361 11.373 -2.04485e-12
-339.957 11.2854 -9.08095e-12
-340.556 11.2 -3.44387e-12
-341.158 11.1167 -6.3252e-12
-341.76 11.0353 -2.08834e-12
-342.363 10.9562 -2.73953e-12
-342.966 10.8793 -3.09426e-13
-343.568 10.8047 -7.13942e-13
-344.169 10.7324 3.59469e-13
-344.766 10.6627 -8.15267e-13
-345.357 10.5954 1.27102e-12
-345.941 10.531 -1.01369e-12
-346.514 10.4695 -5.67181e-14
-347.08 10.41 -6.60799e-13
-347.638 10.3526 -1.82658e-12
-348.187 10.2972 -1.79556e-12
-348.725 10.2438 4.05242e-13
-349.251 10.1931 1.8865e-12
-349.763 10.1438 1.24326e-12
-350.261 10.0965 -1.1724e-11
-350.745 10.0504 1.13105e-11
-351.722 9.82811 3.41503e-14
-352.297 9.74883 -5.5204e-13
-352.812 9.68187 2.98053e-14
-353.307 9.61831 -3.90494e-13
-353.782 9.55745 -2.11619e-13
-354.236 9.49915 2.53531e-13
-354.67 9.44335 -1.35084e-13
-355.084 9.39046 -1.97666e-13
-355.48 9.34135 1.56236e-12
-355.855 9.29654 -9.88534e-14
-356.21 9.2537 -3.30108e-13
-356.547 9.21357 -1.02235e-13
-356.865 9.17538 -1.2111e-12
-357.167 9.13885 1.02052e-12
-357.452 9.10395 6.82139e-13
-357.722 9.07068 2.42233e-14
-357.978 9.03903 4.65076e-13
-358.221 9.00895 -1.79411e-13
-358.454 8.9804 -3.49905e-13
-358.677 8.95335 6.9464e-14
-358.894 8.92786 -6.94422e-13
-359.106 8.90384 -1.4728e-13
-359.314 8.88134 3.4147e-13
-359.521 8.86031 -8.50434e-14
-359.727 8.84072 -4.80607e-13
-359.935 8.82261 2.11091e-13
-360.146 8.80634 1.0551e-13
-360.36 8.79142 3.25042e-13
-360.578 8.77781 3.24264e-14
-360.801 8.76547 2.19351e-13
-361.028 8.75435 2.01395e-14
-361.261 8.74442 1.16358e-13
-361.499 8.73565 1.88281e-13
-361.741 8.728 -8.41117e-13
-361.986 8.72142 -8.34349e-14
-362.233 8.71588 -1.78646e-13
-362.481 8.71133 -6.48112e-14
-362.728 8.70774 -5.81543e-14
-362.972 8.70508 -3.17981e-13
-363.212 8.70335 1.60888e-13
-363.445 8.70246 2.3643e-12
-363.667 8.70213 1.34345e-14
-363.877 8.70218 1.44227e-13
-364.071 8.70268 4.01319e-14
-364.249 8.70362 9.86203e-14
-364.407 8.70504 -2.11831e-13
-364.545 8.70694 -1.65566e-13
-364.659 8.70936 -8.67902e-14
-364.749 8.71229 -1.30816e-14
-364.812 8.71584 -2.63028e-13
-364.848 8.72019 1.47282e-13
-364.853 8.725 -2.15388e-13
-364.583 8.71925 -7.4643e-14
-363.972 8.69987 -7.46853e-14
-363.007 8.66633 -7.47575e-14
-361.678 8.61826 -7.48601e-14
-359.978 8.55538 -7.49939e-14
-357.902 8.47753 -7.51592e-14
-355.447 8.38465 -7.53561e-14
-352.615 8.27684 -7.55844e-14
-349.409 8.15423 -7.58438e-14
-345.834 8.01715 -7.61337e-14
-341.901 7.86605 -7.64532e-14
-337.624 7.70152 -7.68009e-14
-333.018 7.52422 -7.71755e-14
-328.099 7.33489 -7.75756e-14
-322.887 7.13427 -7.79994e-14
-317.398 6.92318 -7.84453e-14
-311.654 6.70243 -7.89117e-14
-305.674 6.47288 -7.93968e-14
-299.481 6.23547 -7.98984e-14
-293.099 5.99118 -8.04147e-14
-286.551 5.74098 -8.09436e-14
-279.862 5.48581 -8.14831e-14
-273.052 5.22654 -8.20313e-14
-266.143 4.96402 -8.25865e-14
-259.154 4.69904 -8.31471e-14
-252.105 4.43235 -8.37114e-14
-245.015 4.16475 -8.42778e-14
-237.906 3.89699 -8.48447e-14
-230.794 3.62981 -8.54105e-14
-223.699 3.36387 -8.59739e-14
-216.637 3.09978 -8.65334e-14
-209.621 2.83812 -8.7088e-14
-202.668 2.57939 -8.76366e-14
-195.788 2.32405 -8.81781e-14
-188.995 2.07252 -8.87117e-14
-182.298 1.82519 -8.92365e-14
-175.707 1.58239 -8.97519e-14
-169.23 1.34438 -9.02573e-14
-162.872 1.11133 -9.07522e-14
-156.637 0.883313 -9.12367e-14
-150.526 0.660387 -9.17104e-14
-144.54 0.442545 -9.21735e-14
-138.679 0.229715 -9.2626e-14
-132.94 0.0217666 -9.30683e-14
-127.32 -0.181444 -9.35006e-14
-121.815 -0.380074 -9.39233e-14
-116.423 -0.574269 -9.43366e-14
-111.14 -0.764185 -9.47409e-14
-105.963 -0.949968 -9.51365e-14
-100.886 -1.13182 -9.55238e-14
-95.9026 -1.31004 -9.59034e-14
-91.0036 -1.485 -9.62761e-14
-86.1795 -1.65708 -9.66428e-14
-81.4203 -1.82667 -9.70042e-14
-76.7159 -1.99417 -9.73611e-14
-72.0554 -2.16001 -9.77146e-14
-67.4283 -2.32462 -9.80654e-14
-62.823 -2.48844 -9.84145e-14
-58.2264 -2.65201 -9.87631e-14
-53.624 -2.81588 -9.91123e-14
-49.0016 -2.98062 -9.94633e-14
-44.346 -3.14676 -9.98172e-14
-39.6466 -3.31472 -1.00175e-13
-34.8945 -3.48484 -1.00537e-13
-30.0818 -3.65745 -1.00904e-13
-25.2006 -3.83285 -1.01278e-13
-20.2429 -4.01136 -1.01657e-13
-15.2011 -4.19329 -1.02044e-13
-10.0681 -4.37892 -1.02439e-13
-4.83874 -4.56845 -1.02842e-13
0.488688 -4.76195 -1.03253e-13
5.91308 -4.95938 -1.03672e-13
11.4322 -5.16064 -1.041e-13
17.0439 -5.36564 -1.04535e-13
22.747 -5.57434 -1.04978e-13
28.5408 -5.78669 -1.05428e-13
34.4241 -6.00264 -1.05887e-13
40.3938 -6.22205 -1.06352e-13
46.4436 -6.44465 -1.06824e-13
52.5648 -6.67009 -1.07302e-13
58.7479 -6.89797 -1.07785e-13
64.9832 -7.12787 -1.08273e-13
71.2608 -7.35939 -1.08763e-13
77.5713 -7.5921 -1.09257e-13
83.9049 -7.8256 -1.09752e-13
90.25 -8.05939 -1.10247e-13
96.5909 -8.29282 -1.10742e-13
102.909 -8.52511 -1.11235e-13
109.186 -8.7555 -1.11723e-13
115.405 -8.98327 -1.12207e-13
121.55 -9.20783 -1.12683e-13
127.609 -9.42865 -1.13152e-13
133.574 -9.64528 -1.13612e-13
139.434 -9.85731 -1.14063e-13
145.179 -10.0644 -1.14503e-13
150.803 -10.2661 -1.14932e-13
156.293 -10.4622 -1.1535e-13
161.65 -10.6525 -1.15756e-13
166.851 -10.8354 -1.16146e-13
171.778 -11.0028 -1.16505e-13
176.528 -11.1612 -1.16846e-13
181.187 -11.3164 -1.1718e-13
185.72 -11.4659 -1.17503e-13
190.158 -11.6119 -1.17819e-13
194.502 -11.7536 -1.18126e-13
198.78 -11.8922 -1.18426e-13
203.002 -12.0282 -1.18722e-13
207.192 -12.1625 -1.19013e-13
211.367 -12.296 -1.19304e-13
215.55 -12.4295 -1.19594e-13
219.762 -12.5638 -1.19886e-13
224.018 -12.7001 -1.20182e-13
228.343 -12.839 -1.20485e-13
232.756 -12.9813 -1.20794e-13
237.273 -13.1278 -1.21112e-13
241.894 -13.2784 -1.21439e-13
246.637 -13.434 -1.21777e-13
251.523 -13.5955 -1.22126e-13
256.561 -13.7632 -1.22489e-13
261.767 -13.9378 -1.22866e-13
263.867 -13.9111 -1.21147e-13
264.678 -13.8005 -1.19709e-13
265.514 -13.6899 -1.18248e-13
266.374 -13.5796 -1.16766e-13
267.258 -13.4698 -1.15266e-13
268.166 -13.3607 -1.1375e-13
269.098 -13.2525 -1.12218e-13
270.053 -13.1454 -1.10675e-13
271.031 -13.0395 -1.09121e-13
272.03 -12.9351 -1.07561e-13
273.048 -12.8324 -1.05999e-13
274.084 -12.7318 -1.04439e-13
275.135 -12.6333 -1.02886e-13
276.255 -12.5166 -1.00439e-13
277.351 -12.4151 -1.00164e-13
278.527 -12.2925 -9.89893e-14
279.738 -12.162 -9.65423e-14
280.958 -12.0339 -9.40524e-14
282.181 -11.9086 -9.40469e-14
283.404 -11.7867 -9.1656e-14
284.622 -11.6687 -9.05635e-14
285.829 -11.555 -8.93041e-14
287.022 -11.4458 -8.74178e-14
288.197 -11.3412 -8.70684e-14
289.433 -11.2231 -8.63699e-14
290.621 -11.1179 -1.94179e-13
291.782 -11.0168 -7.45104e-14
292.912 -10.921 6.67141e-14
294.008 -10.8301 -3.80496e-12
295.068 -10.7441 -2.00795e-11
296.09 -10.6629 3.99094e-12
297.072 -10.5863 5.6272e-13
298.014 -10.5141 6.50698e-14
298.918 -10.446 5.51252e-13
299.782 -10.3818 -5.00149e-13
300.606 -10.3211 -5.86506e-13
301.391 -10.264 3.99937e-13
302.137 -10.2102 -1.22946e-12
302.844 -10.1604 -8.51733e-12
303.513 -10.1134 3.93422e-12
304.146 -10.0693 6.37381e-13
304.743 -10.0278 3.9329e-13
305.305 -9.98865 1.13603e-12
305.931 -9.93648 4.95064e-14
306.524 -9.87899 -3.04548e-13
307.083 -9.82214 3.05899e-13
307.606 -9.76918 5.62876e-13
308.092 -9.71988 7.65707e-13
308.542 -9.6741 1.25948e-12
308.959 -9.6316 5.42463e-13
309.344 -9.59222 5.38564e-13
309.698 -9.55576 -2.3148e-13
310.023 -9.52208 6.28318e-13
310.322 -9.49101 3.29729e-13
310.594 -9.46267 5.27169e-13
310.841 -9.43644 -2.66219e-12
311.065 -9.41246 -3.17446e-12
311.266 -9.39063 2.48613e-12
311.447 -9.37083 -5.50121e-12
311.609 -9.35293 -1.15898e-12
311.753 -9.33682 2.30698e-12
311.882 -9.32241 5.29038e-13
311.995 -9.30961 -1.08802e-12
312.095 -9.29836 -3.25507e-12
312.181 -9.28861 5.30983e-12
312.256 -9.2803 4.68751e-13
312.319 -9.27337 4.51414e-13
312.372 -9.26775 4.75257e-13
312.415 -9.26338 4.50656e-13
312.45 -9.26021 3.15254e-13
312.477 -9.25823 -1.78045e-13
312.495 -9.25742 3.141e-13
312.505 -9.25819 3.12677e-13
312.501 -9.25899 4.18874e-13
312.434 -9.25827 4.48372e-13
312.303 -9.25556 4.48379e-13
312.107 -9.25083 4.4839e-13
311.846 -9.24398 4.48406e-13
311.513 -9.23477 4.48427e-13
311.101 -9.2229 4.48454e-13
310.602 -9.20802 4.48488e-13
310.009 -9.18982 4.48529e-13
309.318 -9.1681 4.48577e-13
308.526 -9.14272 4.48634e-13
307.63 -9.11357 4.48699e-13
306.627 -9.08047 4.48772e-13
305.512 -9.04316 4.48855e-13
304.275 -9.00129 4.48947e-13
302.911 -8.95452 4.4905e-13
301.41 -8.90253 4.49165e-13
299.769 -8.84508 4.49291e-13
297.983 -8.78197 4.49429e-13
296.049 -8.71304 4.4958e-13
293.962 -8.63811 4.49743e-13
291.719 -8.55695 4.4992e-13
289.313 -8.46931 4.50111e-13
286.739 -8.37495 4.50317e-13
283.994 -8.27374 4.50537e-13
281.078 -8.16566 4.50772e-13
277.995 -8.05082 4.51021e-13
274.748 -7.92938 4.51284e-13
271.343 -7.80156 4.51561e-13
267.787 -7.6676 4.51852e-13
264.086 -7.52779 4.52154e-13
260.248 -7.38246 4.52469e-13
256.285 -7.23202 4.52795e-13
252.207 -7.07698 4.5313e-13
248.029 -6.91792 4.53474e-13
243.767 -6.75547 4.53825e-13
239.436 -6.59027 4.54183e-13
235.052 -6.423 4.54544e-13
230.631 -6.25433 4.54909e-13
226.19 -6.08495 4.55275e-13
221.744 -5.9155 4.55642e-13
217.307 -5.74658 4.56007e-13
212.891 -5.57869 4.56371e-13
208.509 -5.41235 4.56731e-13
204.171 -5.24805 4.57087e-13
199.892 -5.08635 4.57437e-13
195.685 -4.92785 4.57781e-13
191.565 -4.7731 4.58116e-13
187.541 -4.62258 4.58443e-13
183.623 -4.47663 4.58761e-13
179.815 -4.33549 4.59068e-13
176.123 -4.19934 4.59364e-13
172.549 -4.06831 4.5965e-13
169.095 -3.94248 4.59924e-13
165.762 -3.8219 4.60188e-13
162.55 -3.70654 4.60441e-13
159.456 -3.59629 4.60682e-13
156.472 -3.49081 4.60914e-13
153.588 -3.38965 4.61137e-13
150.789 -3.29228 4.61351e-13
148.064 -3.19819 4.61559e-13
145.403 -3.10694 4.6176e-13
142.796 -3.01816 4.61957e-13
140.236 -2.93145 4.62149e-13
137.71 -2.84637 4.62338e-13
135.206 -2.76235 4.62524e-13
132.709 -2.67875 4.6271e-13
130.203 -2.59493 4.62896e-13
127.672 -2.51026 4.63084e-13
125.104 -2.42415 4.63276e-13
122.486 -2.33609 4.63471e-13
119.805 -2.24558 4.63672e-13
117.051 -2.15211 4.63879e-13
114.209 -2.05513 4.64093e-13
111.267 -1.95407 4.64317e-13
108.21 -1.84842 4.6455e-13
105.029 -1.73769 4.64794e-13
101.715 -1.62153 4.65049e-13
98.2609 -1.49969 4.65317e-13
94.6625 -1.37196 4.65597e-13
90.9152 -1.23816 4.6589e-13
87.0146 -1.09811 4.66197e-13
82.9566 -0.951639 4.66517e-13
78.7381 -0.798622 4.66851e-13
74.3572 -0.638989 4.672e-13
69.8133 -0.472718 4.67562e-13
65.1071 -0.299842 4.67939e-13
60.2403 -0.120439 4.6833e-13
55.217 0.0653235 4.68734e-13
50.0448 0.257127 4.69151e-13
44.7342 0.454541 4.6958e-13
39.2957 0.657087 4.7002e-13
33.7403 0.864232 4.7047e-13
28.0816 1.07548 4.70929e-13
22.3315 1.29033 4.71395e-13
16.5045 1.50822 4.71867e-13
10.6168 1.72857 4.72345e-13
4.68383 1.9507 4.72827e-13
-1.27565 2.17389 4.73311e-13
-7.25044 2.39765 4.73796e-13
-13.2247 2.62137 4.74281e-13
-19.1749 2.84409 4.74763e-13
-25.0851 3.06516 4.75242e-13
-30.9421 3.28406 4.75717e-13
-36.7329 3.50022 4.76186e-13
-42.4449 3.7131 4.76647e-13
-48.0624 3.92217 4.771e-13
-53.5728 4.12693 4.77544e-13
-58.9688 4.32699 4.77978e-13
-64.2404 4.52202 4.78401e-13
-69.3807 4.71183 4.78813e-13
-74.3873 4.8963 4.79214e-13
-79.2557 5.07529 4.79602e-13
-83.9835 5.2487 4.79979e-13
-88.5673 5.41642 4.80344e-13
-93.002 5.57798 4.80695e-13
-97.2878 5.73356 4.81033e-13
-101.431 5.88364 4.8136e-13
-105.435 6.02826 4.81674e-13
-109.306 6.16776 4.81978e-13
-113.05 6.30238 4.82271e-13
-116.674 6.43237 4.82555e-13
-120.182 6.55797 4.82828e-13
-123.58 6.67944 4.83093e-13
-126.875 6.79701 4.83349e-13
-130.071 6.91093 4.83598e-13
-133.174 7.02144 4.83839e-13
-136.19 7.12874 4.84073e-13
-139.123 7.23308 4.84301e-13
-141.978 7.33463 4.84522e-13
-144.759 7.43356 4.84738e-13
-147.469 7.53003 4.84949e-13
-150.112 7.62422 4.85154e-13
-152.693 7.71629 4.85355e-13
-155.216 7.80645 4.85551e-13
-157.685 7.89487 4.85744e-13
-160.105 7.98175 4.85933e-13
-162.481 8.06728 4.8612e-13
-164.817 8.15166 4.86303e-13
-167.117 8.23507 4.86485e-13
-169.385 8.31769 4.86664e-13
-171.627 8.39969 4.86842e-13
-173.844 8.48121 4.87019e-13
-176.041 8.56239 4.87195e-13
-178.22 8.64335 4.87371e-13
-180.385 8.72422 4.87546e-13
-182.538 8.8051 4.8772e-13
-184.681 8.88611 4.87895e-13
-186.816 8.96726 4.88071e-13
-188.943 9.04857 4.88246e-13
-191.06 9.12996 4.88421e-13
-193.165 9.21133 4.88597e-13
-195.255 9.29256 4.88771e-13
-197.327 9.37349 4.88945e-13
-199.377 9.45393 4.89118e-13
-201.4 9.53369 4.89289e-13
-203.39 9.61254 4.89458e-13
-205.344 9.69025 4.89625e-13
-207.257 9.76662 4.89788e-13
-209.122 9.84141 4.89948e-13
-210.935 9.91433 4.90104e-13
-212.687 9.98507 4.90256e-13
-214.371 10.0533 4.90401e-13
-215.978 10.1185 4.90541e-13
-217.499 10.1805 4.90673e-13
-218.929 10.2388 4.90798e-13
-220.259 10.2933 4.90914e-13
-221.486 10.3436 4.91021e-13
-222.603 10.3895 4.91119e-13
-223.601 10.4307 4.91207e-13
-224.47 10.4667 4.91283e-13
-225.202 10.497 4.91348e-13
-225.789 10.5215 4.914e-13
-226.222 10.5397 4.91439e-13
-226.497 10.5514 4.91464e-13
-226.606 10.5564 4.91474e-13
-226.548 10.5545 4.9147e-13
-226.319 10.5457 4.91451e-13
-225.919 10.5299 4.91417e-13
-225.348 10.5072 4.91368e-13
-224.61 10.4776 4.91305e-13
-223.708 10.4415 4.91227e-13
-222.653 10.3991 4.91137e-13
-221.455 10.351 4.91034e-13
-220.123 10.2975 4.90919e-13
-218.67 10.2393 4.90795e-13
-217.111 10.1768 4.90661e-13
-215.458 10.1107 4.90519e-13
-213.726 10.0416 4.90371e-13
-211.931 9.97016 4.90218e-13
-210.085 9.89694 4.90061e-13
-208.205 9.82257 4.89902e-13
-206.304 9.74766 4.89741e-13
-204.395 9.67277 4.8958e-13
-202.493 9.59848 4.89421e-13
-200.608 9.52528 4.89263e-13
-198.752 9.45365 4.89109e-13
-196.935 9.38399 4.88959e-13
-195.165 9.31664 4.88814e-13
-193.449 9.25188 4.88674e-13
-191.792 9.18994 4.8854e-13
-190.197 9.13096 4.88412e-13
-188.668 9.07502 4.88291e-13
-187.204 9.02215 4.88176e-13
-185.805 8.97228 4.88067e-13
-184.467 8.92528 4.87964e-13
-183.185 8.88093 4.87867e-13
-181.954 8.83895 4.87775e-13
-180.766 8.79905 4.87687e-13
-179.614 8.76094 4.87603e-13
-178.492 8.72431 4.87522e-13
-177.393 8.68884 4.87443e-13
-176.308 8.65417 4.87366e-13
-175.227 8.61992 4.8729e-13
-174.143 8.58565 4.87214e-13
-173.043 8.55095 4.87136e-13
-171.92 8.51541 4.87057e-13
-170.764 8.47868 4.86975e-13
-169.569 8.44044 4.8689e-13
-168.328 8.4004 4.86802e-13
-167.034 8.35828 4.86708e-13
-165.683 8.31388 4.8661e-13
-164.271 8.26702 4.86507e-13
-162.794 8.21757 4.86398e-13
-161.25 8.16537 4.86283e-13
-159.636 8.11033 4.86162e-13
-157.949 8.05231 4.86035e-13
-156.187 7.99123 4.85901e-13
-154.349 7.92701 4.8576e-13
-152.433 7.85957 4.85613e-13
-150.436 7.78882 4.85459e-13
-148.357 7.71471 4.85297e-13
-146.195 7.63718 4.85128e-13
-143.948 7.55614 4.84952e-13
-141.613 7.47148 4.84768e-13
-139.188 7.38313 4.84576e-13
-136.673 7.29105 4.84376e-13
-134.068 7.19527 4.84168e-13
-131.375 7.09587 4.83952e-13
-128.597 6.99296 4.83729e-13
-125.738 6.88668 4.83499e-13
-122.803 6.77726 4.83262e-13
-119.797 6.66491 4.83019e-13
-116.728 6.54991 4.8277e-13
-113.601 6.43253 4.82516e-13
-110.425 6.31305 4.82258e-13
-107.205 6.19173 4.81996e-13
-103.946 6.06862 4.81729e-13
-100.656 5.94412 4.8146e-13
-97.3439 5.81872 4.81189e-13
-94.0153 5.69257 4.80917e-13
-90.6793 5.56606 4.80643e-13
-87.3423 5.43946 4.80369e-13
-84.0205 5.31371 4.80097e-13
-80.7664 5.19216 4.79834e-13
-77.5543 5.07278 4.79575e-13
-74.3655 4.95402 4.79317e-13
-71.2248 4.83739 4.79064e-13
-68.1296 4.7225 4.78815e-13
-65.0928 4.61005 4.78571e-13
-62.1172 4.50006 4.78332e-13
-59.2114 4.39295 4.78099e-13
-56.3804 4.28886 4.77873e-13
-53.6301 4.1881 4.77654e-13
-50.9656 4.0908 4.77442e-13
-48.391 3.99719 4.77238e-13
-45.9089 3.90739 4.77042e-13
-43.5228 3.82153 4.76855e-13
-41.2347 3.73971 4.76676e-13
-39.0471 3.66202 4.76506e-13
-36.9619 3.58853 4.76345e-13
-34.9802 3.51928 4.76193e-13
-33.1016 3.45426 4.7605e-13
-31.3239 3.39336 4.75916e-13
-29.6427 3.3364 4.7579e-13
-28.053 3.28316 4.75672e-13
-26.5487 3.23339 4.75562e-13
-25.123 3.18678 4.75458e-13
-23.7682 3.14302 4.75361e-13
-22.4802 3.1019 4.75269e-13
-21.25 3.06298 4.75181e-13
-20.0654 3.02579 4.75098e-13
-18.9194 2.99008 4.75017e-13
-17.8039 2.95546 4.74939e-13
-16.7114 2.92162 4.74863e-13
-15.6344 2.88823 4.74788e-13
-14.5656 2.85498 4.74713e-13
-13.4982 2.82156 4.74638e-13
-12.426 2.78771 4.74561e-13
-11.3433 2.75316 4.74484e-13
-10.2451 2.7177 4.74405e-13
-9.12737 2.68115 4.74323e-13
-7.9865 2.64335 4.74239e-13
-6.81995 2.60417 4.74152e-13
-5.62597 2.56353 4.74063e-13
-4.4037 2.52138 4.7397e-13
-3.15311 2.47772 4.73874e-13
-1.87507 2.43258 4.73774e-13
-0.571298 2.38601 4.73672e-13
0.755599 2.33813 4.73568e-13
2.1026 2.28905 4.73461e-13
3.46672 2.2389 4.73352e-13
4.84486 2.18781 4.7324e-13
6.23324 2.13595 4.73128e-13
7.62789 2.08347 4.73014e-13
9.02522 2.03054 4.72899e-13
10.4218 1.97731 4.72784e-13
11.8138 1.92396 4.72669e-13
13.1977 1.87064 4.72554e-13
14.5714 1.81745 4.72439e-13
15.9339 1.76447 4.72325e-13
17.2838 1.71177 4.72211e-13
18.6197 1.65942 4.72099e-13
19.94 1.60753 4.71987e-13
21.2428 1.55618 4.71877e-13
22.5264 1.50547 4.71768e-13
23.7887 1.45551 4.7166e-13
25.0278 1.4064 4.71555e-13
26.242 1.35825 4.71451e-13
27.4293 1.31113 4.7135e-13
28.588 1.26516 4.71252e-13
29.7157 1.22044 4.71156e-13
30.8097 1.17711 4.71063e-13
31.8679 1.13527 4.70973e-13
32.888 1.09503 4.70886e-13
33.8679 1.05649 4.70803e-13
34.8056 1.01974 4.70724e-13
35.6995 0.98487 4.70649e-13
36.5484 0.951925 4.70578e-13
37.3511 0.920965 4.70511e-13
38.1065 0.892038 4.70449e-13
38.8143 0.86516 4.70391e-13
39.4745 0.84033 4.70337e-13
40.0878 0.817522 4.70288e-13
40.655 0.796695 4.70242e-13
41.1779 0.777776 4.70201e-13
41.6586 0.760672 4.70164e-13
42.0999 0.745255 4.7013e-13
42.5053 0.731381 4.70099e-13
42.8786 0.718879 4.70072e-13
43.2245 0.707553 4.70046e-13
43.5485 0.697156 4.70023e-13
43.8573 0.687417 4.70001e-13
44.1574 0.678045 4.6998e-13
44.4557 0.668759 4.6996e-13
44.7583 0.659286 4.69938e-13
45.0714 0.649367 4.69916e-13
45.4008 0.638752 4.69893e-13
45.7515 0.62722 4.69867e-13
46.1274 0.614605 4.69839e-13
46.531 0.600786 4.69809e-13
46.9646 0.585664 4.69776e-13
47.4294 0.569175 4.6974e-13
47.9255 0.551301 4.69701e-13
48.4521 0.53207 4.69659e-13
49.0077 0.511532 4.69614e-13
49.5909 0.489736 4.69567e-13
50.2014 0.466694 4.69517e-13
50.839 0.442403 4.69465e-13
51.5035 0.41687 4.6941e-13
52.1941 0.390129 4.69352e-13
52.9093 0.36224 4.69292e-13
53.647 0.333287 4.6923e-13
54.4046 0.303373 4.69166e-13
55.1791 0.272623 4.691e-13
55.9668 0.241189 4.69033e-13
56.7636 0.209243 4.68964e-13
57.5648 0.176974 4.68895e-13
58.3655 0.144583 4.68826e-13
59.1605 0.112292 4.68757e-13
59.944 0.0803342 4.68689e-13
60.7101 0.0489525 4.68622e-13
61.4531 0.018387 4.68557e-13
62.1671 -0.0111224 4.68494e-13
62.8465 -0.0393427 4.68434e-13
63.4857 -0.0660423 4.68377e-13
64.0788 -0.0909818 4.68324e-13
64.6193 -0.113888 4.68276e-13
65.0999 -0.134462 4.68232e-13
65.5131 -0.152372 4.68194e-13
65.8524 -0.16735 4.68163e-13
66.113 -0.179201 4.68138e-13
66.2909 -0.187756 4.6812e-13
66.383 -0.192881 4.6811e-13
66.3866 -0.194471 4.68107e-13
66.3009 -0.192487 4.68112e-13
66.1261 -0.186935 4.68124e-13
65.8632 -0.177848 4.68144e-13
65.5137 -0.165288 4.68172e-13
65.0802 -0.149359 4.68206e-13
64.5663 -0.1302 4.68248e-13
63.9759 -0.107967 4.68296e-13
63.3124 -0.0827974 4.6835e-13
62.5774 -0.0547544 4.68411e-13
61.7714 -0.0238554 4.68478e-13
60.8949 0.00987771 4.6855e-13
59.9484 0.0464268 4.68629e-13
58.9316 0.0858066 4.68714e-13
57.8437 0.128047 4.68805e-13
56.6844 0.173168 4.68902e-13
55.454 0.221148 4.69005e-13
54.1549 0.271896 4.69115e-13
52.7905 0.325272 4.69229e-13
51.3649 0.381109 4.6935e-13
49.8822 0.439237 4.69475e-13
48.3465 0.499494 4.69604e-13
46.7613 0.561726 4.69738e-13
45.1307 0.625766 4.69876e-13
43.4589 0.691439 4.70017e-13
41.7501 0.758568 4.70161e-13
40.0087 0.826972 4.70308e-13
38.2391 0.896464 4.70457e-13
36.4456 0.966859 4.70609e-13
34.6324 1.03798 4.70762e-13
32.8033 1.10967 4.70916e-13
30.9621 1.18176 4.71071e-13
29.1128 1.25408 4.71226e-13
27.2597 1.32646 4.71382e-13
25.4072 1.39869 4.71538e-13
23.5596 1.47061 4.71693e-13
21.7212 1.54203 4.71846e-13
19.8968 1.61274 4.71999e-13
18.0912 1.68256 4.72149e-13
16.3087 1.7513 4.72298e-13
14.5536 1.81878 4.72443e-13
12.8303 1.88482 4.72586e-13
11.1429 1.94926 4.72725e-13
9.495 2.01194 4.72861e-13
7.8901 2.07274 4.72992e-13
6.33197 2.13149 4.73119e-13
4.82432 2.18806 4.73242e-13
3.37038 2.24233 4.7336e-13
1.97238 2.2942 4.73472e-13
0.631359 2.34366 4.7358e-13
-0.652743 2.3907 4.73682e-13
-1.88062 2.43538 4.7378e-13
-3.05419 2.47778 4.73873e-13
-4.17728 2.51808 4.73961e-13
-5.25517 2.55649 4.74045e-13
-6.29364 2.59328 4.74125e-13
-7.29902 2.6287 4.74203e-13
-8.27834 2.66308 4.74279e-13
-9.2392 2.69671 4.74353e-13
-10.1892 2.72994 4.74426e-13
-11.1358 2.76307 4.74498e-13
-12.0863 2.79641 4.74572e-13
-13.0475 2.83026 4.74646e-13
-14.0261 2.86488 4.74722e-13
-15.028 2.90053 4.748e-13
-16.058 2.93741 4.74881e-13
-17.1202 2.97568 4.74965e-13
-18.2178 3.01549 4.75052e-13
-19.3534 3.05692 4.75142e-13
-20.5283 3.10005 4.75236e-13
-21.7429 3.14487 4.75334e-13
-22.9968 3.19137 4.75435e-13
-24.2914 3.23958 4.75539e-13
-25.6218 3.28932 4.75647e-13
-26.9814 3.34031 4.75758e-13
-28.3663 3.39236 4.75871e-13
-29.7704 3.44519 4.75985e-13
-31.1862 3.4985 4.76101e-13
-32.6043 3.55194 4.76217e-13
-34.0162 3.60511 4.76332e-13
-35.4135 3.65769 4.76446e-13
-36.7884 3.70935 4.76558e-13
-38.1339 3.75977 4.76667e-13
-39.4431 3.8087 4.76773e-13
-40.71 3.85586 4.76876e-13
-41.9285 3.90101 4.76974e-13
-43.0934 3.94393 4.77067e-13
-44.2001 3.98444 4.77155e-13
-45.2444 4.02236 4.77238e-13
-46.2237 4.05759 4.77315e-13
-47.136 4.09005 4.77386e-13
-47.9802 4.1197 4.77451e-13
-48.7566 4.14653 4.7751e-13
-49.4652 4.17057 4.77564e-13
-50.1076 4.1919 4.77611e-13
-50.686 4.2106 4.77653e-13
-51.2033 4.22682 4.77689e-13
-51.6648 4.24073 4.7772e-13
-52.0748 4.25253 4.77747e-13
-52.4379 4.26246 4.7777e-13
-52.7602 4.27075 4.7779e-13
-53.0472 4.27765 4.77806e-13
-53.3049 4.28339 4.7782e-13
-53.5393 4.28824 4.77832e-13
-53.7554 4.2924 4.77842e-13
-53.9569 4.29603 4.77852e-13
-54.1461 4.29922 4.7786e-13
-54.3251 4.30206 4.77868e-13
-54.4959 4.30465 4.77875e-13
-54.6613 4.30709 4.77882e-13
-54.8241 4.30949 4.77888e-13
-54.9869 4.31198 4.77895e-13
-55.1528 4.31465 4.77902e-13
-55.325 4.31765 4.7791e-13
-55.5071 4.32111 4.77919e-13
-55.7026 4.32519 4.77929e-13
-55.9142 4.32998 4.7794e-13
-56.1427 4.33551 4.77953e-13
-56.3885 4.34178 4.77968e-13
-56.6503 4.34873 4.77984e-13
-56.9281 4.35636 4.78001e-13
-57.2215 4.36467 4.7802e-13
-57.5299 4.37365 4.78041e-13
-57.8544 4.38334 4.78062e-13
-58.1953 4.39377 4.78086e-13
-58.5544 4.40499 4.78111e-13
-58.9337 4.41711 4.78138e-13
-59.3355 4.4302 4.78167e-13
-59.7617 4.44437 4.78198e-13
-60.2151 4.45972 4.78232e-13
-60.6984 4.47638 4.78268e-13
-61.2146 4.49445 4.78308e-13
-61.7654 4.51403 4.78351e-13
-62.3521 4.53517 4.78397e-13
-62.9752 4.5579 4.78446e-13
-63.6347 4.58224 4.78499e-13
-64.33 4.60815 4.78555e-13
-65.0586 4.63555 4.78614e-13
-65.8172 4.66431 4.78677e-13
-66.6019 4.69427 4.78741e-13
-67.4085 4.72526 4.78808e-13
-68.2326 4.75712 4.78877e-13
-69.0698 4.78966 4.78947e-13
-69.9154 4.82268 4.79018e-13
-70.7641 4.85599 4.79089e-13
-71.6103 4.88934 4.79161e-13
-72.448 4.92249 4.79232e-13
-73.2708 4.95518 4.79302e-13
-74.0722 4.98715 4.79371e-13
-74.8455 5.0181 4.79437e-13
-75.5836 5.04777 4.79501e-13
-76.2797 5.07585 4.79561e-13
-76.9271 5.10207 4.79617e-13
-77.5198 5.1262 4.79669e-13
-78.0526 5.14801 4.79715e-13
-78.5205 5.16729 4.79756e-13
-78.9191 5.18386 4.79792e-13
-79.2449 5.19758 4.79821e-13
-79.4954 5.20833 4.79844e-13
-79.6682 5.21603 4.7986e-13
-79.7624 5.22063 4.7987e-13
-79.7775 5.2221 4.79873e-13
-79.7138 5.22048 4.79869e-13
-79.5727 5.21581 4.79859e-13
-79.356 5.20817 4.79842e-13
-79.0668 5.1977 4.79819e-13
-78.709 5.18455 4.79791e-13
-78.2871 5.16891 4.79757e-13
-77.8059 5.15099 4.79718e-13
-77.2715 5.13103 4.79675e-13
-76.6905 5.10931 4.79628e-13
-76.0704 5.08612 4.79578e-13
-75.418 5.06175 4.79525e-13
-74.7418 5.03657 4.7947e-13
-74.0517 5.01097 4.79415e-13
-73.357 4.98535 4.79359e-13
-72.6667 4.96006 4.79304e-13
-71.9883 4.93542 4.7925e-13
-71.3297 4.91172 4.79199e-13
-70.6965 4.88919 4.7915e-13
-70.0935 4.86806 4.79103e-13
-69.5249 4.84848 4.7906e-13
-68.9973 4.83084 4.79021e-13
-68.5221 4.81585 4.78988e-13
-68.0906 4.80288 4.78958e-13
-67.6967 4.7915 4.78932e-13
-67.3422 4.78189 4.7891e-13
-67.0227 4.77379 4.78891e-13
-66.7368 4.76717 4.78875e-13
-66.4812 4.76185 4.78862e-13
-66.2536 4.75775 4.78852e-13
-66.0508 4.75471 4.78843e-13
-65.8698 4.75259 4.78837e-13
-65.7067 4.75123 4.78832e-13
-65.5579 4.75046 4.78829e-13
-65.4194 4.7501 4.78826e-13
-65.2869 4.74996 4.78824e-13
-65.1557 4.74983 4.78822e-13
-65.0206 4.7495 4.78819e-13
-64.8767 4.74875 4.78816e-13
-64.7191 4.74738 4.78811e-13
-64.5432 4.74517 4.78805e-13
-64.345 4.74194 4.78796e-13
-64.1198 4.73751 4.78785e-13
-63.8636 4.73172 4.78771e-13
-63.5729 4.72442 4.78754e-13
-63.2445 4.71548 4.78733e-13
-62.8759 4.70478 4.78709e-13
-62.4654 4.69227 4.78681e-13
-62.014 4.67797 4.78649e-13
-61.5239 4.66198 4.78613e-13
-60.9983 4.64442 4.78574e-13
-60.44 4.62541 4.78532e-13
-59.8512 4.60503 4.78487e-13
-59.2336 4.58337 4.7844e-13
-58.5891 4.56051 4.7839e-13
-57.9202 4.53654 4.78337e-13
-57.2295 4.51157 4.78283e-13
-56.52 4.48573 4.78226e-13
-55.7949 4.45915 4.78168e-13
-55.0576 4.43197 4.78109e-13
-54.3122 4.40436 4.78049e-13
-53.5629 4.37649 4.77989e-13
-52.8141 4.34854 4.77928e-13
-52.0696 4.32066 4.77868e-13
-51.3315 4.29294 4.77808e-13
-50.6011 4.26543 4.77748e-13
-49.8792 4.23817 4.77689e-13
-49.1672 4.21122 4.77631e-13
-48.4673 4.18467 4.77573e-13
-47.7824 4.15862 4.77517e-13
-47.1153 4.1332 4.77462e-13
-46.4689 4.10852 4.77409e-13
-45.8466 4.08472 4.77357e-13
-45.2518 4.06192 4.77308e-13
-44.6878 4.04028 4.77261e-13
-44.158 4.01993 4.77217e-13
-43.666 4.00101 4.77177e-13
-43.2152 3.98365 4.77139e-13
-42.8089 3.96799 4.77105e-13
-42.4499 3.95415 4.77076e-13
-42.1395 3.94218 4.7705e-13
-41.878 3.93209 4.77028e-13
-41.6657 3.9239 4.7701e-13
-41.5022 3.91759 4.76997e-13
-41.3873 3.91316 4.76987e-13
-41.3203 3.91057 4.76982e-13
-41.3005 3.90981 4.7698e-13
-41.3283 3.9109 4.76982e-13
-41.4057 3.91394 4.76989e-13
-41.5355 3.91902 4.77e-13
-41.7207 3.92628 4.77016e-13
-41.9637 3.93581 4.77036e-13
-42.2658 3.94766 4.77062e-13
-42.6277 3.96186 4.77092e-13
-43.0494 3.9784 4.77128e-13
-43.5306 3.99727 4.77168e-13
-44.0697 4.0184 4.77214e-13
-44.6643 4.04168 4.77264e-13
-45.3116 4.06699 4.77318e-13
-46.0086 4.09422 4.77377e-13
-46.7518 4.1232 4.77439e-13
-47.5373 4.15377 4.77505e-13
-48.3614 4.18578 4.77574e-13
-49.22 4.21905 4.77646e-13
-50.1093 4.2534 4.7772e-13
-51.0254 4.28869 4.77796e-13
-51.9646 4.32474 4.77874e-13
-52.9229 4.3614 4.77953e-13
-53.8962 4.39848 4.78033e-13
-54.8799 4.43578 4.78114e-13
-55.8697 4.47314 4.78195e-13
-56.8617 4.51038 4.78276e-13
-57.8522 4.54736 4.78356e-13
-58.838 4.58392 4.78435e-13
-59.8159 4.61995 4.78514e-13
-60.7838 4.65536 4.78591e-13
-61.741 4.69013 4.78667e-13
-62.6875 4.72425 4.78741e-13
-63.6242 4.75777 4.78814e-13
-64.5529 4.79075 4.78886e-13
-65.4766 4.82334 4.78958e-13
-66.3998 4.85572 4.79029e-13
-67.3273 4.88809 4.791e-13
-68.2642 4.92067 4.79172e-13
-69.2155 4.95367 4.79244e-13
-70.1869 4.98732 4.79318e-13
-71.1835 5.02184 4.79394e-13
-72.2096 5.05743 4.79472e-13
-73.2694 5.09427 4.79553e-13
-74.3661 5.1325 4.79637e-13
-75.5026 5.17225 4.79724e-13
-76.6823 5.21368 4.79815e-13
-77.9093 5.25695 4.7991e-13
-79.1883 5.30228 4.80009e-13
-80.5238 5.34984 4.80113e-13
-81.9201 5.39983 4.80222e-13
-83.3811 5.45241 4.80337e-13
-84.9108 5.50774 4.80458e-13
-86.5123 5.56596 4.80584e-13
-88.1889 5.6272 4.80718e-13
-89.944 5.6916 4.80858e-13
-91.7809 5.75931 4.81005e-13
-93.7025 5.83043 4.81159e-13
-95.7107 5.90503 4.81321e-13
-97.8056 5.98313 4.81491e-13
-99.9875 6.06468 4.81667e-13
-102.253 6.14959 4.81851e-13
-104.601 6.23777 4.82042e-13
-107.026 6.32892 4.82239e-13
-109.527 6.42303 4.82443e-13
-112.102 6.52013 4.82653e-13
-114.748 6.61998 4.82869e-13
-117.461 6.72246 4.8309e-13
-120.235 6.82732 4.83317e-13
-123.065 6.93433 4.83548e-13
-125.945 7.04329 4.83784e-13
-128.871 7.15395 4.84023e-13
-131.836 7.26611 4.84265e-13
-134.838 7.37956 4.8451e-13
-137.871 7.49407 4.84758e-13
-140.927 7.60942 4.85007e-13
-144.002 7.72534 4.85258e-13
-147.089 7.84161 4.85509e-13
-150.183 7.95799 4.85761e-13
-153.277 8.07422 4.86012e-13
-156.365 8.19003 4.86263e-13
-159.44 8.30517 4.86512e-13
-162.498 8.41941 4.86759e-13
-165.53 8.5325 4.87004e-13
-168.533 8.6442 4.87246e-13
-171.499 8.7543 4.87485e-13
-174.424 8.86261 4.8772e-13
-177.306 8.96898 4.8795e-13
-180.14 9.07334 4.88177e-13
-182.925 9.17559 4.88399e-13
-185.66 9.2757 4.88616e-13
-188.342 9.3736 4.88829e-13
-190.971 9.46927 4.89037e-13
-193.545 9.56267 4.8924e-13
-196.065 9.65381 4.89438e-13
-198.529 9.7427 4.89632e-13
-200.94 9.82938 4.8982e-13
-203.298 9.91391 4.90005e-13
-205.604 9.99634 4.90184e-13
-207.86 10.0768 4.9036e-13
-210.069 10.1554 4.90531e-13
-212.234 10.2322 4.90699e-13
-214.358 10.3074 4.90863e-13
-216.445 10.3812 4.91024e-13
-218.5 10.4538 4.91183e-13
-220.527 10.5254 4.91339e-13
-222.532 10.5961 4.91494e-13
-224.519 10.6662 4.91647e-13
-226.495 10.736 4.91799e-13
-228.463 10.8056 4.91951e-13
-230.429 10.8752 4.92103e-13
-232.399 10.9451 4.92256e-13
-234.379 11.0156 4.92409e-13
-236.375 11.0868 4.92565e-13
-238.391 11.159 4.92722e-13
-240.431 11.2323 4.92881e-13
-242.498 11.3068 4.93044e-13
-244.592 11.3825 4.93208e-13
-246.716 11.4596 4.93376e-13
-248.868 11.538 4.93546e-13
-251.05 11.6177 4.93719e-13
-253.258 11.6986 4.93895e-13
-255.492 11.7806 4.94073e-13
-257.746 11.8636 4.94253e-13
-260.015 11.9473 4.94434e-13
-262.291 12.0314 4.94617e-13
-264.568 12.1157 4.94799e-13
-266.837 12.1997 4.94981e-13
-269.089 12.2832 4.95162e-13
-271.316 12.3657 4.95341e-13
-273.509 12.447 4.95517e-13
-275.657 12.5265 4.95689e-13
-277.752 12.604 4.95857e-13
-279.782 12.679 4.9602e-13
-281.738 12.751 4.96176e-13
-283.61 12.8198 4.96325e-13
-285.391 12.885 4.96467e-13
-287.07 12.9462 4.966e-13
-288.64 13.0032 4.96723e-13
-290.095 13.0556 4.96837e-13
-291.43 13.1032 4.96941e-13
-292.64 13.146 4.97034e-13
-293.721 13.1837 4.97117e-13
-294.67 13.2162 4.97188e-13
-295.484 13.2434 4.97248e-13
-296.162 13.2654 4.97296e-13
-296.702 13.2819 4.97333e-13
-297.105 13.2931 4.97359e-13
-297.372 13.299 4.97373e-13
-297.504 13.2997 4.97375e-13
-297.505 13.2953 4.97367e-13
-297.378 13.286 4.97349e-13
-297.128 13.272 4.9732e-13
-296.76 13.2535 4.97281e-13
-296.281 13.2308 4.97233e-13
-295.696 13.2041 4.97177e-13
-295.014 13.1738 4.97113e-13
-294.242 13.1401 4.97042e-13
-293.387 13.1034 4.96964e-13
-292.458 13.064 4.9688e-13
-291.461 13.0222 4.96791e-13
-290.406 12.9784 4.96697e-13
-289.299 12.9328 4.966e-13
-288.148 12.8857 4.965e-13
-286.963 12.8376 4.96397e-13
-285.751 12.7888 4.96292e-13
-284.521 12.7396 4.96186e-13
-283.279 12.6902 4.96081e-13
-282.035 12.6411 4.95975e-13
-280.793 12.5924 4.9587e-13
-279.562 12.5445 4.95767e-13
-278.347 12.4975 4.95666e-13
-277.151 12.4516 4.95567e-13
-275.979 12.4071 4.95471e-13
-274.833 12.3639 4.95377e-13
-273.716 12.3221 4.95287e-13
-272.628 12.2819 4.952e-13
-271.571 12.2432 4.95116e-13
-270.544 12.2061 4.95035e-13
-269.547 12.1704 4.94957e-13
-268.578 12.1361 4.94882e-13
-267.636 12.1033 4.9481e-13
-266.719 12.0716 4.94741e-13
-265.826 12.0412 4.94674e-13
-264.954 12.0119 4.9461e-13
-264.103 11.9837 4.94547e-13
-263.27 11.9565 4.94487e-13
-262.451 11.93 4.94428e-13
-261.641 11.9041 4.94371e-13
-260.834 11.8785 4.94314e-13
-260.024 11.853 4.94257e-13
-259.204 11.8273 4.942e-13
-258.369 11.8011 4.94141e-13
-257.511 11.7741 4.94081e-13
-256.624 11.746 4.94019e-13
-255.699 11.7166 4.93953e-13
-254.73 11.6855 4.93884e-13
-253.708 11.6524 4.93811e-13
-252.627 11.6169 4.93733e-13
-251.479 11.5789 4.93649e-13
-250.257 11.5379 4.93558e-13
-248.955 11.4937 4.93461e-13
-247.567 11.4461 4.93357e-13
-246.088 11.3949 4.93245e-13
-244.514 11.3399 4.93124e-13
-242.843 11.281 4.92996e-13
-241.072 11.2181 4.92859e-13
-239.198 11.1511 4.92713e-13
-237.222 11.08 4.92558e-13
-235.143 11.0048 4.92394e-13
-232.961 10.9254 4.92222e-13
-230.679 10.8421 4.92041e-13
-228.301 10.755 4.91852e-13
-225.831 10.6642 4.91655e-13
-223.274 10.57 4.91451e-13
-220.637 10.4726 4.9124e-13
-217.926 10.3723 4.91022e-13
-215.149 10.2695 4.908e-13
-212.313 10.1644 4.90572e-13
-209.427 10.0575 4.9034e-13
-206.499 9.94895 4.90105e-13
-203.537 9.83923 4.89868e-13
-200.549 9.72865 4.89628e-13
-197.545 9.61758 4.89388e-13
-194.533 9.50641 4.89147e-13
-191.524 9.39553 4.88906e-13
-188.524 9.28529 4.88667e-13
-185.544 9.17601 4.8843e-13
-182.589 9.06801 4.88196e-13
-179.667 8.96155 4.87964e-13
-176.783 8.85686 4.87737e-13
-173.941 8.75406 4.87513e-13
-171.142 8.65322 4.87294e-13
-168.387 8.55436 4.87079e-13
-165.675 8.45747 4.86867e-13
-163.006 8.36249 4.8666e-13
-160.377 8.26935 4.86457e-13
-157.787 8.17792 4.86257e-13
-155.231 8.08806 4.86061e-13
-152.707 7.99962 4.85868e-13
-150.21 7.91241 4.85677e-13
-147.735 7.82622 4.85488e-13
-145.278 7.74084 4.85301e-13
-142.835 7.656 4.85115e-13
-140.397 7.57143 4.8493e-13
-137.957 7.48684 4.84745e-13
-135.509 7.40193 4.84559e-13
-133.045 7.31637 4.84371e-13
-130.557 7.22982 4.84181e-13
-128.037 7.14192 4.83989e-13
-125.477 7.05236 4.83793e-13
-122.875 6.96093 4.83593e-13
-120.224 6.86735 4.83388e-13
-117.518 6.7715 4.83178e-13
-114.754 6.67297 4.82963e-13
-111.931 6.57186 4.82742e-13
-109.054 6.46845 4.82517e-13
-106.123 6.36268 4.82286e-13
-103.144 6.25474 4.8205e-13
-100.118 6.14472 4.81811e-13
-97.0485 6.03279 4.81567e-13
-93.9413 5.91912 4.8132e-13
-90.8043 5.80416 4.81069e-13
-87.6963 5.69188 4.80824e-13
-84.5828 5.57975 4.8058e-13
-81.4324 5.46552 4.80331e-13
-78.2717 5.35086 4.80081e-13
-75.0935 5.23512 4.79829e-13
-71.9128 5.11912 4.79576e-13
-68.7324 5.00282 4.79323e-13
-65.5627 4.88673 4.7907e-13
-62.4089 4.77099 4.78818e-13
-59.2789 4.65596 4.78568e-13
-56.1789 4.54186 4.7832e-13
-53.1156 4.42896 4.78075e-13
-50.0951 4.31744 4.77832e-13
-47.1214 4.20751 4.77594e-13
-44.198 4.09933 4.77358e-13
-41.3298 3.99309 4.77128e-13
-38.5206 3.88893 4.76901e-13
-35.7743 3.78702 4.7668e-13
-33.0996 3.6877 4.76464e-13
-30.4978 3.59103 4.76254e-13
-27.969 3.49701 4.7605e-13
-25.519 3.40589 4.75852e-13
-23.1506 3.31777 4.75661e-13
-20.8683 3.23283 4.75476e-13
-18.6768 3.15128 4.75299e-13
-16.5817 3.07335 4.7513e-13
-14.5884 2.99924 4.74969e-13
-12.7014 2.92916 4.74816e-13
-10.9245 2.86326 4.74673e-13
-9.26004 2.80165 4.74539e-13
-7.71031 2.74442 4.74415e-13
-6.2773 2.69165 4.743e-13
-4.96352 2.64346 4.74195e-13
-3.77149 2.59995 4.741e-13
-2.70338 2.56121 4.74015e-13
-1.76069 2.52731 4.73941e-13
-0.944327 2.49828 4.73878e-13
-0.254474 2.47414 4.73825e-13
0.309242 2.45487 4.73782e-13
0.74751 2.44044 4.7375e-13
1.06079 2.43083 4.73728e-13
1.24964 2.42601 4.73717e-13
1.31508 2.42594 4.73716e-13
1.25949 2.4305 4.73725e-13
1.08745 2.43952 4.73743e-13
0.805236 2.45273 4.73771e-13
0.419705 2.46983 4.73807e-13
-0.0620221 2.49055 4.7385e-13
-0.634274 2.51466 4.73902e-13
-1.29033 2.54192 4.7396e-13
-2.02253 2.57198 4.74024e-13
-2.82375 2.60455 4.74093e-13
-3.68634 2.6393 4.74168e-13
-4.60302 2.67594 4.74246e-13
-5.56649 2.71415 4.74328e-13
-6.5697 2.75363 4.74413e-13
-7.60532 2.79409 4.745e-13
-8.66624 2.83523 4.74589e-13
-9.74571 2.87677 4.74679e-13
-10.8368 2.91842 4.74769e-13
-11.9309 2.95984 4.74859e-13
-13.0191 3.00066 4.74947e-13
-14.0925 3.04054 4.75034e-13
-15.1436 3.07917 4.75118e-13
-16.1658 3.11629 4.75199e-13
-17.1536 3.15169 4.75276e-13
-18.1025 3.1852 4.7535e-13
-19.0099 3.21674 4.75419e-13
-19.8762 3.24633 4.75485e-13
-20.7042 3.27411 4.75546e-13
-21.4978 3.30025 4.75604e-13
-22.2619 3.32497 4.7566e-13
-23.003 3.34857 4.75713e-13
-23.7285 3.37136 4.75764e-13
-24.4464 3.3937 4.75814e-13
-25.1646 3.41592 4.75864e-13
-25.8895 3.43831 4.75915e-13
-26.6273 3.46115 4.75967e-13
-27.3835 3.48468 4.7602e-13
-28.1634 3.50914 4.76075e-13
-28.9711 3.53472 4.76132e-13
-29.8134 3.5617 4.76193e-13
-30.691 3.59015 4.76256e-13
-31.604 3.62007 4.76323e-13
-32.555 3.65159 4.76393e-13
-33.5444 3.68471 4.76466e-13
-34.5735 3.71946 4.76543e-13
-35.6405 3.75582 4.76623e-13
-36.7432 3.79374 4.76707e-13
-37.8789 3.83308 4.76793e-13
-39.0438 3.87371 4.76883e-13
-40.2346 3.91549 4.76974e-13
-41.4485 3.95831 4.77068e-13
-42.6833 4.00208 4.77164e-13
-43.9367 4.04671 4.77262e-13
-45.2058 4.09207 4.77361e-13
-46.4869 4.13801 4.77462e-13
-47.7761 4.18436 4.77563e-13
-49.069 4.23096 4.77665e-13
-50.3622 4.27765 4.77767e-13
-51.6544 4.32438 4.77869e-13
-52.9459 4.37114 4.77971e-13
-54.237 4.41796 4.78073e-13
-55.5274 4.46481 4.78175e-13
-56.8176 4.51162 4.78277e-13
-58.1035 4.55828 4.78379e-13
-59.3812 4.60468 4.7848e-13
-60.6488 4.6507 4.7858e-13
-61.9043 4.69628 4.78679e-13
-63.1469 4.74137 4.78778e-13
-64.3753 4.78593 4.78875e-13
-65.5888 4.82991 4.78971e-13
-66.7858 4.87325 4.79065e-13
-67.965 4.9159 4.79158e-13
-69.1249 4.95778 4.79249e-13
-70.2647 4.99888 4.79339e-13
-71.3846 5.03918 4.79427e-13
-72.4861 5.07876 4.79513e-13
-73.5705 5.11765 4.79598e-13
-74.6389 5.1559 4.79682e-13
-75.6911 5.1935 4.79764e-13
-76.7277 5.23041 4.79845e-13
-77.7483 5.26661 4.79924e-13
-78.751 5.30208 4.80001e-13
-79.7378 5.33687 4.80077e-13
-80.7116 5.37112 4.80152e-13
-81.6754 5.40494 4.80226e-13
-82.6321 5.43845 4.80299e-13
-83.5828 5.47169 4.80372e-13
-84.5278 5.50467 4.80444e-13
-85.4673 5.53739 4.80516e-13
-86.4019 5.56989 4.80587e-13
-87.3327 5.60219 4.80658e-13
-88.2614 5.63437 4.80728e-13
-89.1898 5.6665 4.80798e-13
-90.1194 5.69865 4.80869e-13
-91.0509 5.73083 4.8094e-13
-91.9844 5.76307 4.8101e-13
-92.92 5.79537 4.81081e-13
-93.859 5.82778 4.81152e-13
-94.8048 5.86045 4.81224e-13
-95.7616 5.89348 4.81296e-13
-96.7348 5.92714 4.8137e-13
-97.731 5.96176 4.81446e-13
-98.7557 5.99753 4.81524e-13
-99.8157 6.03476 4.81606e-13
-100.917 6.0737 4.81691e-13
-102.065 6.11458 4.8178e-13
-103.263 6.15754 4.81874e-13
-104.513 6.20266 4.81972e-13
-105.816 6.25002 4.82075e-13
-107.173 6.29965 4.82183e-13
-108.585 6.35157 4.82295e-13
-110.05 6.40579 4.82413e-13
-111.568 6.46228 4.82535e-13
-113.138 6.52096 4.82663e-13
-114.753 6.58162 4.82794e-13
-116.406 6.64399 4.82929e-13
-118.09 6.70773 4.83066e-13
-119.797 6.77256 4.83206e-13
-121.521 6.83825 4.83348e-13
-123.259 6.90464 4.83492e-13
-125.006 6.97157 4.83636e-13
-126.757 7.03882 4.83781e-13
-128.505 7.10612 4.83926e-13
-130.242 7.17315 4.8407e-13
-131.959 7.23955 4.84213e-13
-133.649 7.30503 4.84354e-13
-135.308 7.36937 4.84493e-13
-136.929 7.4324 4.84629e-13
-138.511 7.49398 4.84761e-13
-140.049 7.55394 4.8489e-13
-141.54 7.61213 4.85015e-13
-142.978 7.66837 4.85136e-13
-144.361 7.72249 4.85253e-13
-145.683 7.77434 4.85364e-13
-146.943 7.82379 4.8547e-13
-148.138 7.87076 4.85571e-13
-149.267 7.91515 4.85667e-13
-150.325 7.95687 4.85756e-13
-151.31 7.99572 4.8584e-13
-152.215 8.03146 4.85916e-13
-153.034 8.06387 4.85986e-13
-153.763 8.09275 4.86048e-13
-154.399 8.11798 4.86102e-13
-154.94 8.13949 4.86148e-13
-155.385 8.15723 4.86186e-13
-155.733 8.17118 4.86216e-13
-155.985 8.18134 4.86238e-13
-156.141 8.18776 4.86252e-13
-156.204 8.1905 4.86258e-13
-156.173 8.18962 4.86256e-13
-156.053 8.18521 4.86246e-13
-155.844 8.17736 4.86229e-13
-155.549 8.16617 4.86205e-13
-155.171 8.15174 4.86174e-13
-154.71 8.1341 4.86136e-13
-154.166 8.11327 4.86091e-13
-153.54 8.08924 4.86039e-13
-152.831 8.06204 4.8598e-13
-152.041 8.03172 4.85915e-13
-151.171 7.99832 4.85843e-13
-150.222 7.96191 4.85764e-13
-149.196 7.92256 4.8568e-13
-148.095 7.88038 4.85589e-13
-146.922 7.83547 4.85492e-13
-145.68 7.78797 4.85389e-13
-144.372 7.73798 4.85281e-13
-143.001 7.68564 4.85168e-13
-141.57 7.6311 4.85051e-13
-140.082 7.57446 4.84928e-13
-138.542 7.5159 4.84802e-13
-136.952 7.45557 4.84672e-13
-135.319 7.39369 4.84538e-13
-133.647 7.33044 4.84401e-13
-131.941 7.26601 4.84262e-13
-130.205 7.20058 4.8412e-13
-128.444 7.13433 4.83977e-13
-126.661 7.06742 4.83832e-13
-124.862 7 4.83686e-13
-123.05 6.93226 4.8354e-13
-121.229 6.86437 4.83393e-13
-119.406 6.7965 4.83246e-13
-117.581 6.72875 4.83099e-13
-115.756 6.66111 4.82952e-13
-113.927 6.5935 4.82806e-13
-112.094 6.52578 4.82659e-13
-110.252 6.45785 4.82511e-13
-108.4 6.38962 4.82363e-13
-106.537 6.32102 4.82214e-13
-104.661 6.25199 4.82064e-13
-102.772 6.18244 4.81914e-13
-100.865 6.11228 4.81761e-13
-98.9385 6.04123 4.81607e-13
-96.9894 5.96924 4.81451e-13
-95.0173 5.89639 4.81293e-13
-93.021 5.82254 4.81132e-13
-91.001 5.74776 4.8097e-13
-88.9579 5.67204 4.80806e-13
-86.8923 5.59541 4.8064e-13
-84.8034 5.51782 4.80471e-13
-82.6903 5.43925 4.80301e-13
-80.5521 5.35964 4.80128e-13
-78.3884 5.27899 4.79954e-13
-76.2008 5.19736 4.79777e-13
-73.9916 5.11484 4.79598e-13
-71.7637 5.03156 4.79418e-13
-69.5212 4.94762 4.79236e-13
-67.2652 4.86311 4.79053e-13
-64.9975 4.77814 4.78869e-13
-62.7415 4.69423 4.78687e-13
-60.5025 4.61172 4.78508e-13
-58.2605 4.52912 4.78328e-13
-56.017 4.44641 4.78149e-13
-53.7759 4.36382 4.77969e-13
-51.5384 4.2814 4.7779e-13
-49.3074 4.19926 4.77611e-13
-47.0839 4.11745 4.77434e-13
-44.8697 4.03604 4.77257e-13
-42.666 3.9551 4.77081e-13
-40.475 3.87471 4.76906e-13
-38.2991 3.79496 4.76733e-13
-36.1406 3.71596 4.76561e-13
-34.0017 3.63779 4.76391e-13
-31.8843 3.56053 4.76222e-13
-29.7903 3.48426 4.76056e-13
-27.7212 3.40903 4.75893e-13
-25.6782 3.33491 4.75731e-13
-23.662 3.26191 4.75572e-13
-21.6728 3.19005 4.75415e-13
-19.7106 3.11932 4.75261e-13
-17.775 3.0497 4.75109e-13
-15.8656 2.98119 4.7496e-13
-13.9859 2.91391 4.74812e-13
-12.1329 2.84776 4.74668e-13
-10.304 2.78257 4.74525e-13
-8.49968 2.71839 4.74385e-13
-6.71817 2.6552 4.74246e-13
-4.96021 2.59299 4.7411e-13
-3.22533 2.53174 4.73975e-13
-1.51259 2.47142 4.73843e-13
0.17949 2.41199 4.73712e-13
1.85197 2.35338 4.73584e-13
3.50539 2.29552 4.73456e-13
5.14293 2.23832 4.73331e-13
6.76871 2.18166 4.73206e-13
8.38554 2.1254 4.73082e-13
9.99716 2.06942 4.72959e-13
11.607 2.01355 4.72836e-13
13.2188 1.95766 4.72712e-13
14.8362 1.9016 4.72589e-13
16.4636 1.84519 4.72464e-13
18.1072 1.78818 4.72339e-13
19.774 1.7303 4.72211e-13
21.4712 1.67126 4.72081e-13
23.2059 1.61076 4.71948e-13
24.9846 1.54855 4.71811e-13
26.8135 1.48438 4.7167e-13
28.6986 1.418 4.71524e-13
30.6458 1.34919 4.71373e-13
32.6619 1.27766 4.71217e-13
34.754 1.20315 4.71053e-13
36.9286 1.12538 4.70883e-13
39.1916 1.04412 4.70705e-13
41.5474 0.959205 4.7052e-13
43.9989 0.870506 4.70326e-13
46.5488 0.77793 4.70124e-13
49.1988 0.681408 4.69913e-13
51.9502 0.580894 4.69694e-13
54.8034 0.476374 4.69467e-13
57.7587 0.36785 4.6923e-13
60.8147 0.255374 4.68985e-13
63.9686 0.139069 4.68732e-13
67.2159 0.0191203 4.68471e-13
70.5517 -0.104268 4.68203e-13
73.9704 -0.230868 4.67928e-13
77.4658 -0.360419 4.67646e-13
81.031 -0.492642 4.67359e-13
84.6587 -0.627244 4.67067e-13
88.3416 -0.763916 4.6677e-13
92.0707 -0.902305 4.66469e-13
95.8368 -1.04203 4.66165e-13
99.6305 -1.18272 4.6586e-13
103.442 -1.32399 4.65553e-13
107.261 -1.46538 4.65246e-13
111.075 -1.60647 4.64939e-13
114.873 -1.74679 4.64634e-13
118.645 -1.8859 4.64331e-13
122.377 -2.0233 4.64032e-13
126.056 -2.15848 4.63738e-13
129.67 -2.29095 4.6345e-13
133.206 -2.42023 4.63168e-13
136.652 -2.5458 4.62894e-13
139.994 -2.66715 4.62629e-13
143.219 -2.78382 4.62375e-13
146.317 -2.89536 4.62131e-13
149.277 -3.00141 4.61899e-13
152.091 -3.10167 4.61679e-13
154.752 -3.19585 4.61473e-13
157.253 -3.28373 4.6128e-13
159.588 -3.36511 4.61101e-13
161.753 -3.43982 4.60936e-13
163.743 -3.50775 4.60786e-13
165.556 -3.56881 4.60651e-13
167.192 -3.62308 4.6053e-13
168.655 -3.67069 4.60424e-13
169.947 -3.71181 4.60332e-13
171.072 -3.74663 4.60253e-13
172.035 -3.77535 4.60188e-13
172.839 -3.79815 4.60136e-13
173.489 -3.81525 4.60095e-13
173.99 -3.82688 4.60067e-13
174.349 -3.83333 4.6005e-13
174.573 -3.83495 4.60044e-13
174.671 -3.83209 4.60047e-13
174.65 -3.82508 4.6006e-13
174.519 -3.81425 4.60081e-13
174.285 -3.79993 4.60109e-13
173.956 -3.78242 4.60145e-13
173.539 -3.76203 4.60187e-13
173.042 -3.73908 4.60235e-13
172.473 -3.71388 4.60288e-13
171.839 -3.6867 4.60345e-13
171.144 -3.65767 4.60407e-13
170.395 -3.62699 4.60472e-13
169.598 -3.59491 4.60541e-13
168.756 -3.56156 4.60612e-13
167.873 -3.52713 4.60686e-13
166.955 -3.49175 4.60762e-13
166.005 -3.45558 4.6084e-13
165.027 -3.41873 4.6092e-13
164.023 -3.38129 4.61001e-13
162.994 -3.34326 4.61084e-13
161.94 -3.3046 4.61168e-13
160.859 -3.26524 4.61253e-13
159.75 -3.22509 4.61341e-13
158.611 -3.18406 4.6143e-13
157.439 -3.14201 4.61522e-13
156.233 -3.09881 4.61616e-13
154.989 -3.05435 4.61713e-13
153.705 -3.00851 4.61814e-13
152.38 -2.96118 4.61917e-13
151.012 -2.91229 4.62024e-13
149.599 -2.86173 4.62134e-13
148.14 -2.80946 4.62249e-13
146.635 -2.75541 4.62367e-13
145.082 -2.69955 4.62489e-13
143.482 -2.64184 4.62615e-13
141.834 -2.58223 4.62745e-13
140.137 -2.52069 4.62879e-13
138.39 -2.45718 4.63017e-13
136.594 -2.3917 4.6316e-13
134.75 -2.32426 4.63307e-13
132.86 -2.25495 4.63458e-13
130.925 -2.18383 4.63613e-13
128.949 -2.111 4.63771e-13
126.933 -2.03652 4.63933e-13
124.878 -1.96046 4.64099e-13
122.788 -1.88291 4.64267e-13
120.664 -1.80394 4.64439e-13
118.508 -1.72361 4.64613e-13
116.321 -1.64197 4.6479e-13
114.104 -1.55908 4.6497e-13
111.859 -1.47501 4.65153e-13
109.587 -1.3898 4.65338e-13
107.289 -1.30348 4.65525e-13
104.966 -1.21609 4.65715e-13
102.618 -1.1277 4.65906e-13
100.25 -1.03845 4.661e-13
97.8643 -0.948474 4.66295e-13
95.4652 -0.857952 4.66491e-13
93.0569 -0.767066 4.66688e-13
90.6441 -0.676022 4.66886e-13
88.2317 -0.585035 4.67083e-13
85.825 -0.494327 4.6728e-13
83.4286 -0.404112 4.67476e-13
81.0473 -0.314596 4.6767e-13
78.6852 -0.225969 4.67862e-13
76.3465 -0.138416 4.68052e-13
74.0349 -0.0521093 4.6824e-13
71.7545 0.0327682 4.68425e-13
69.509 0.116047 4.68606e-13
67.3017 0.19757 4.68784e-13
65.1361 0.27718 4.68957e-13
63.0171 0.354668 4.69126e-13
60.9498 0.429807 4.69291e-13
58.9389 0.502392 4.69449e-13
56.9878 0.572277 4.69603e-13
55.0982 0.639378 4.6975e-13
53.2704 0.703681 4.69891e-13
51.5034 0.765213 4.70027e-13
49.7951 0.824061 4.70157e-13
48.1418 0.88037 4.70282e-13
46.5384 0.93435 4.70402e-13
44.9789 0.986248 4.70517e-13
43.4561 1.03636 4.70629e-13
41.9619 1.08502 4.70738e-13
40.4872 1.13262 4.70845e-13
39.0223 1.17955 4.7095e-13
37.5566 1.22627 4.71055e-13
36.0787 1.27324 4.7116e-13
34.5768 1.32097 4.71268e-13
33.0385 1.36998 4.71378e-13
31.4515 1.42077 4.71492e-13
29.8039 1.47387 4.71611e-13
28.0838 1.52977 4.71736e-13
26.2798 1.58895 4.71868e-13
24.3809 1.65188 4.72008e-13
22.376 1.71901 4.72157e-13
20.2557 1.79074 4.72316e-13
18.0111 1.86746 4.72485e-13
15.6318 1.94948 4.72666e-13
13.113 2.03712 4.72859e-13
10.4489 2.1306 4.73064e-13
7.63574 2.2301 4.73282e-13
4.67206 2.33577 4.73513e-13
1.55364 2.44773 4.73758e-13
-1.72136 2.56611 4.74016e-13
-5.15478 2.69095 4.74288e-13
-8.7527 2.82252 4.74575e-13
-12.5144 2.96079 4.74875e-13
-16.4331 3.1055 4.7519e-13
-20.5072 3.25656 4.75518e-13
-24.7334 3.41385 4.75859e-13
-29.1084 3.57721 4.76213e-13
-33.6297 3.7465 4.7658e-13
-38.2919 3.9215 4.76959e-13
-43.0881 4.10198 4.77349e-13
-48.0117 4.28764 4.77751e-13
-53.0567 4.47815 4.78163e-13
-58.213 4.67312 4.78585e-13
-63.4691 4.87213 4.79015e-13
-68.8153 5.07477 4.79453e-13
-74.2404 5.28057 4.79897e-13
-79.7336 5.48909 4.80348e-13
-85.2832 5.69984 4.80803e-13
-90.8777 5.91234 4.81262e-13
-96.5051 6.1261 4.81724e-13
-102.151 6.34024 4.82187e-13
-107.804 6.55446 4.82649e-13
-113.457 6.76864 4.83112e-13
-119.097 6.98219 4.83573e-13
-124.716 7.19476 4.84033e-13
-130.303 7.40595 4.84489e-13
-135.851 7.61543 4.84942e-13
-141.352 7.8229 4.85391e-13
-146.799 8.02809 4.85834e-13
-152.186 8.23076 4.86273e-13
-157.509 8.43073 4.86705e-13
-162.764 8.62788 4.87132e-13
-167.949 8.8221 4.87552e-13
-173.061 9.01332 4.87966e-13
-178.1 9.20149 4.88374e-13
-183.064 9.38661 4.88775e-13
-187.953 9.56867 4.89169e-13
-192.769 9.74771 4.89557e-13
-197.51 9.92376 4.89939e-13
-202.179 10.0968 4.90314e-13
-206.774 10.267 4.90683e-13
-211.298 10.4343 4.91046e-13
-215.754 10.5989 4.91403e-13
-220.146 10.761 4.91754e-13
-224.478 10.9207 4.92101e-13
-228.754 11.0782 4.92443e-13
-232.978 11.2337 4.9278e-13
-237.153 11.3874 4.93114e-13
-241.284 11.5394 4.93444e-13
-245.372 11.6898 4.9377e-13
-249.423 11.8389 4.94094e-13
-253.439 11.9867 4.94415e-13
-257.425 12.1334 4.94733e-13
-261.383 12.2792 4.9505e-13
-265.32 12.4243 4.95365e-13
-269.238 12.5689 4.95678e-13
-273.143 12.7131 4.95991e-13
-277.041 12.8572 4.96304e-13
-280.937 13.0015 4.96617e-13
-284.841 13.1463 4.9693e-13
-288.761 13.2919 4.97246e-13
-292.705 13.4387 4.97564e-13
-296.68 13.5869 4.97885e-13
-300.692 13.7368 4.9821e-13
-304.748 13.8887 4.98538e-13
-308.852 14.0427 4.98872e-13
-311.922 14.1378 4.94661e-13
-312.369 14.0852 4.87175e-13
-312.822 14.0328 4.79677e-13
-313.28 13.9809 4.72184e-13
-313.743 13.9295 4.64697e-13
-314.211 13.8785 4.57219e-13
-314.684 13.828 4.49754e-13
-315.162 13.7779 4.42308e-13
-315.644 13.7284 4.34889e-13
-316.13 13.6795 4.27511e-13
-316.619 13.6311 4.20185e-13
-317.109 13.5833 4.12926e-13
-317.6 13.5363 4.05754e-13
-318.09 13.4901 3.98695e-13
-318.577 13.4448 3.9177e-13
-319.06 13.4005 3.85002e-13
-319.535 13.3573 3.78414e-13
-320.002 13.3151 3.7203e-13
-320.459 13.2742 3.6587e-13
-320.902 13.2345 3.59952e-13
-321.332 13.1961 3.54296e-13
-321.745 13.1591 3.48918e-13
-322.139 13.1235 3.43833e-13
-322.514 13.0892 3.39052e-13
-322.868 13.0564 3.34585e-13
-323.2 13.025 3.3044e-13
-323.508 12.995 3.26624e-13
-323.848 12.9408 3.24983e-13
-324.161 12.8897 7.06457e-13
-324.443 12.8427 5.6642e-13
-324.692 12.7998 -8.85473e-13
-324.907 12.7609 2.75802e-13
-325.09 12.726 5.30609e-13
-325.24 12.695 -6.45655e-14
-325.357 12.6678 3.14292e-13
-325.443 12.6444 3.17181e-13
-325.497 12.6246 1.83129e-13
-325.522 12.6089 -3.93891e-12
-325.469 12.5928 3.11054e-13
-325.17 12.5678 3.11008e-13
-324.637 12.5338 3.10943e-13
-323.886 12.4914 3.10861e-13
-322.93 12.4414 3.10763e-13
-321.784 12.3843 3.10649e-13
-320.463 12.3208 3.10523e-13
-318.982 12.2516 3.10383e-13
-317.356 12.1773 3.10234e-13
-315.601 12.0985 3.10074e-13
-313.731 12.0159 3.09906e-13
-311.764 11.9302 3.09732e-13
-309.716 11.8421 3.09552e-13
-307.602 11.7522 3.09368e-13
-305.437 11.6611 3.09181e-13
-303.237 11.5695 3.08993e-13
-301.017 11.478 3.08804e-13
-298.789 11.3871 3.08616e-13
-296.567 11.2972 3.0843e-13
-294.36 11.2089 3.08247e-13
-292.179 11.1224 3.08067e-13
-290.032 11.0381 3.07891e-13
-287.924 10.9562 3.0772e-13
-285.862 10.8769 3.07554e-13
-283.849 10.8004 3.07394e-13
-281.888 10.7267 3.07238e-13
-279.984 10.6559 3.07089e-13
-278.141 10.5882 3.06946e-13
-276.362 10.5237 3.06809e-13
-274.648 10.4623 3.06678e-13
-272.999 10.4041 3.06553e-13
-271.413 10.349 3.06435e-13
-269.886 10.2966 3.06322e-13
-268.415 10.2468 3.06215e-13
-266.991 10.1993 3.06112e-13
-265.607 10.1538 3.06012e-13
-264.253 10.1096 3.05916e-13
-262.92 10.0666 3.05822e-13
-261.595 10.024 3.05729e-13
-260.264 9.9814 3.05635e-13
-258.916 9.93815 3.05541e-13
-257.535 9.8937 3.05443e-13
-256.111 9.84752 3.05342e-13
-254.63 9.79908 3.05237e-13
-253.081 9.74789 3.05126e-13
-251.453 9.69351 3.05008e-13
-249.737 9.63552 3.04883e-13
-247.924 9.57357 3.04749e-13
-246.007 9.50735 3.04607e-13
-243.98 9.43659 3.04456e-13
-241.837 9.36105 3.04295e-13
-239.573 9.28056 3.04123e-13
-237.186 9.19499 3.03941e-13
-234.673 9.10426 3.03749e-13
-232.034 9.0084 3.03546e-13
-229.273 8.9075 3.03332e-13
-226.393 8.80171 3.03109e-13
-223.397 8.6912 3.02876e-13
-220.29 8.5762 3.02633e-13
-217.078 8.45693 3.02382e-13
-213.768 8.33366 3.02123e-13
-210.366 8.20673 3.01856e-13
-206.882 8.07654 3.01582e-13
-203.326 7.94355 3.01302e-13
-199.712 7.80825 3.01018e-13
-196.049 7.67112 3.0073e-13
-192.348 7.53262 3.00439e-13
-188.619 7.39315 3.00146e-13
-184.87 7.25312 2.99851e-13
-181.113 7.11297 2.99556e-13
-177.357 6.97315 2.99262e-13
-173.614 6.83414 2.9897e-13
-169.893 6.69639 2.9868e-13
-166.207 6.56035 2.98393e-13
-162.562 6.4264 2.9811e-13
-158.968 6.29489 2.97832e-13
-155.431 6.16615 2.9756e-13
-151.959 6.04045 2.97294e-13
-148.557 5.91807 2.97034e-13
-145.231 5.79927 2.96782e-13
-141.986 5.68424 2.96537e-13
-138.824 5.57309 2.963e-13
-135.744 5.46577 2.96071e-13
-132.741 5.3621 2.95849e-13
-129.809 5.26184 2.95633e-13
-126.94 5.16466 2.95424e-13
-124.124 5.07016 2.9522e-13
-121.35 4.97786 2.95021e-13
-118.603 4.88722 2.94824e-13
-115.87 4.79764 2.9463e-13
-113.134 4.70844 2.94436e-13
-110.378 4.61888 2.94241e-13
-107.583 4.52817 2.94043e-13
-104.73 4.43554 2.93841e-13
-101.801 4.34026 2.93634e-13
-98.7802 4.24165 2.93419e-13
-95.6513 4.13903 2.93196e-13
-92.3982 4.03171 2.92963e-13
-89.0045 3.91901 2.92719e-13
-85.4547 3.80025 2.92462e-13
-81.7365 3.67479 2.92191e-13
-77.8331 3.542 2.91905e-13
-73.7284 3.40127 2.91602e-13
-69.4104 3.25204 2.91282e-13
-64.8659 3.09376 2.90943e-13
-60.0842 2.92596 2.90584e-13
-55.054 2.74816 2.90205e-13
-49.7704 2.55999 2.89804e-13
-44.2239 2.36099 2.8938e-13
-38.4051 2.1509 2.88933e-13
-32.3081 1.92951 2.88463e-13
-25.9288 1.69664 2.8797e-13
-19.2663 1.45225 2.87453e-13
-12.3177 1.19585 2.8691e-13
-5.08698 0.927694 2.86344e-13
2.41592 0.648463 2.85755e-13
10.1832 0.358385 2.85143e-13
18.2043 0.0579278 2.8451e-13
26.4671 -0.252441 2.83857e-13
34.9453 -0.57152 2.83185e-13
43.5238 -0.891608 2.8251e-13
52.2583 -1.21698 2.81824e-13
61.1896 -1.55111 2.81119e-13
70.2558 -1.89032 2.80405e-13
79.4413 -2.23471 2.79679e-13
88.715 -2.58251 2.78946e-13
98.0736 -2.93389 2.78206e-13
107.48 -3.28717 2.77461e-13
116.917 -3.64172 2.76715e-13
126.356 -3.99632 2.75968e-13
135.773 -4.35005 2.75223e-13
145.143 -4.70184 2.74482e-13
154.441 -5.05073 2.73747e-13
163.644 -5.39575 2.73019e-13
172.732 -5.73607 2.72302e-13
181.684 -6.07089 2.71596e-13
190.483 -6.39949 2.70903e-13
199.112 -6.72121 2.70224e-13
207.556 -7.0354 2.69561e-13
215.798 -7.34149 2.68914e-13
223.828 -7.63897 2.68285e-13
231.633 -7.92741 2.67675e-13
239.207 -8.20653 2.67084e-13
246.544 -8.47616 2.66513e-13
253.641 -8.73618 2.65962e-13
260.496 -8.98655 2.6543e-13
267.109 -9.22724 2.64919e-13
273.478 -9.45828 2.64428e-13
279.606 -9.67972 2.63956e-13
285.493 -9.89171 2.63505e-13
291.145 -10.0944 2.63072e-13
296.567 -10.2882 2.62659e-13
298.284 -10.3195 2.59688e-13
298.845 -10.3014 2.54416e-13
299.381 -10.2838 2.49449e-13
299.892 -10.2668 2.44768e-13
300.38 -10.2505 2.40354e-13
300.845 -10.2347 2.36188e-13
301.29 -10.2195 2.32251e-13
301.716 -10.2049 2.28524e-13
302.124 -10.191 2.2499e-13
302.515 -10.1776 2.21631e-13
302.892 -10.1649 2.18433e-13
303.254 -10.1528 2.15379e-13
303.604 -10.1413 2.12458e-13
303.942 -10.1305 2.09655e-13
304.27 -10.1204 2.0696e-13
304.589 -10.1109 2.0436e-13
304.9 -10.1022 2.01847e-13
305.203 -10.0941 1.99412e-13
305.5 -10.0868 1.97048e-13
305.79 -10.0802 1.94747e-13
306.075 -10.0742 1.92504e-13
306.356 -10.069 1.90316e-13
306.631 -10.0645 1.88179e-13
306.902 -10.0606 1.86092e-13
307.168 -10.0573 1.84054e-13
307.429 -10.0547 1.82064e-13
307.686 -10.0527 1.80124e-13
307.937 -10.0512 1.78235e-13
308.183 -10.0502 1.76398e-13
308.422 -10.0496 1.74618e-13
308.656 -10.0495 1.72895e-13
308.882 -10.0498 1.71233e-13
309.1 -10.0504 1.69636e-13
309.311 -10.0512 1.68105e-13
309.513 -10.0523 1.66644e-13
309.706 -10.0535 1.65255e-13
309.89 -10.0549 1.63938e-13
310.064 -10.0563 1.62696e-13
310.228 -10.0578 1.61531e-13
310.382 -10.0592 1.60442e-13
310.525 -10.0606 1.59432e-13
310.658 -10.0619 1.585e-13
310.78 -10.063 1.57645e-13
310.891 -10.064 1.56867e-13
310.992 -10.0648 1.56163e-13
311.084 -10.0653 1.55531e-13
311.165 -10.0656 1.54966e-13
311.238 -10.0656 1.54465e-13
311.302 -10.0654 1.54025e-13
311.358 -10.0649 1.53641e-13
311.407 -10.0642 1.5331e-13
311.448 -10.0632 1.53025e-13
311.484 -10.0619 1.52783e-13
311.515 -10.0603 1.52578e-13
311.54 -10.0584 1.52406e-13
311.562 -10.0563 1.52262e-13
311.58 -10.0539 1.52143e-13
311.596 -10.0512 1.52044e-13
311.609 -10.0483 1.51959e-13
311.621 -10.0451 1.51883e-13
311.633 -10.0417 1.51811e-13
311.645 -10.0382 1.51735e-13
311.659 -10.0345 1.51651e-13
311.674 -10.0306 1.51552e-13
311.693 -10.0267 1.51431e-13
311.716 -10.0227 1.51283e-13
311.744 -10.0187 1.51102e-13
311.778 -10.0148 1.50882e-13
311.818 -10.011 1.50619e-13
311.866 -10.0073 1.50306e-13
311.921 -10.0037 1.4994e-13
311.985 -10.0004 1.49516e-13
312.058 -9.99739 1.4903e-13
312.141 -9.9947 1.48478e-13
312.235 -9.99241 1.47854e-13
312.349 -9.98778 5.72821e-13
312.492 -9.97917 1.55556e-13
312.657 -9.96908 2.88676e-12
312.859 -9.95127 5.45807e-12
313.081 -9.93226 5.18608e-12
313.322 -9.91219 -1.11131e-11
313.583 -9.8911 1.05724e-11
313.862 -9.86906 1.55458e-11
314.159 -9.84615 3.78398e-12
314.472 -9.82249 -1.27093e-11
314.801 -9.79818 5.94538e-12
315.144 -9.77335 2.43887e-12
315.498 -9.74819 -1.80344e-11
315.862 -9.72286 1.46831e-11
316.233 -9.69755 -1.85172e-12
316.609 -9.67243 6.60107e-14
316.986 -9.64766 7.65018e-12
317.363 -9.62356 -3.80959e-13
317.737 -9.60069 -4.30818e-13
318.104 -9.57869 -5.10118e-15
318.463 -9.55771 -8.86132e-14
318.81 -9.5379 -2.19633e-13
319.142 -9.5194 -1.92796e-13
319.457 -9.50233 -2.64283e-13
319.753 -9.48684 4.94127e-13
320.026 -9.47305 4.15453e-14
320.276 -9.46105 -7.04731e-14
320.5 -9.45094 -3.03467e-13
320.696 -9.44288 -1.05641e-11
320.862 -9.43669 -5.91635e-12
320.997 -9.43255 -3.67127e-13
321.099 -9.43055 3.50145e-13
321.167 -9.43075 1.24405e-14
321.199 -9.43324 -3.56977e-14
321.168 -9.43659 6.00473e-15
320.861 -9.42884 6.02393e-15
320.273 -9.40986 6.06864e-15
319.398 -9.37942 6.13936e-15
318.235 -9.33743 6.23631e-15
316.784 -9.2839 6.35947e-15
315.047 -9.21896 6.50856e-15
313.028 -9.14279 6.68314e-15
310.736 -9.05568 6.88261e-15
308.177 -8.95796 7.10617e-15
305.361 -8.85007 7.35289e-15
302.301 -8.73248 7.62167e-15
299.008 -8.60569 7.91141e-15
295.492 -8.47017 8.22101e-15
291.767 -8.32642 8.54939e-15
287.843 -8.17494 8.89542e-15
283.734 -8.01624 9.25792e-15
279.45 -7.85083 9.63576e-15
275.005 -7.67923 1.00278e-14
270.41 -7.50195 1.04328e-14
265.679 -7.31949 1.08497e-14
260.82 -7.13228 1.12775e-14
255.844 -6.94072 1.17153e-14
250.759 -6.74518 1.21623e-14
245.575 -6.54602 1.26177e-14
240.301 -6.34359 1.30806e-14
234.943 -6.13823 1.35503e-14
229.511 -5.93025 1.40261e-14
224.011 -5.71994 1.45074e-14
218.448 -5.50749 1.49936e-14
212.828 -5.29308 1.54844e-14
207.153 -5.07686 1.59795e-14
201.427 -4.85893 1.64786e-14
195.653 -4.63941 1.69814e-14
189.832 -4.41835 1.74879e-14
183.967 -4.19582 1.79978e-14
178.059 -3.97187 1.8511e-14
172.11 -3.74656 1.90275e-14
166.121 -3.51993 1.9547e-14
160.094 -3.29202 2.00696e-14
154.032 -3.06291 2.0595e-14
147.935 -2.83266 2.1123e-14
141.808 -2.60142 2.16534e-14
135.654 -2.3693 2.21859e-14
129.476 -2.1364 2.27202e-14
123.277 -1.90285 2.32561e-14
117.061 -1.66876 2.37932e-14
110.83 -1.43423 2.43315e-14
104.586 -1.19937 2.48706e-14
98.3342 -0.964295 2.54102e-14
92.0765 -0.729124 2.59501e-14
85.8162 -0.49397 2.649e-14
79.5565 -0.258952 2.70297e-14
73.3012 -0.0242134 2.75687e-14
67.0544 0.210095 2.81069e-14
60.8199 0.443824 2.86438e-14
54.6018 0.676823 2.9179e-14
48.4044 0.908924 2.97123e-14
42.2324 1.13995 3.02432e-14
36.0904 1.36974 3.07713e-14
29.9823 1.59813 3.12962e-14
23.9118 1.82499 3.18177e-14
17.882 2.0502 3.23355e-14
11.8959 2.27367 3.28493e-14
5.95652 2.49527 3.33589e-14
0.0675952 2.71488 3.3864e-14
-5.76682 2.93235 3.43642e-14
-11.5427 3.14751 3.48592e-14
-17.2564 3.36025 3.53486e-14
-22.9052 3.57045 3.58323e-14
-28.4868 3.77803 3.63101e-14
-33.999 3.98293 3.67817e-14
-39.4403 4.18508 3.7247e-14
-44.8097 4.38445 3.77061e-14
-50.1071 4.58105 3.81588e-14
-55.3324 4.77487 3.86052e-14
-60.4851 4.9659 3.90452e-14
-65.5636 5.15408 3.94786e-14
-70.5659 5.33932 3.99054e-14
-75.4895 5.52152 4.03253e-14
-80.3323 5.70059 4.0738e-14
-85.1028 5.87684 4.1144e-14
-89.7917 6.04996 4.15428e-14
-94.389 6.21947 4.19335e-14
-98.8889 6.3849 4.23149e-14
-103.293 6.54621 4.26868e-14
-107.607 6.70391 4.30504e-14
-111.827 6.85789 4.34057e-14
-115.955 7.0082 4.37525e-14
-119.994 7.15495 4.40913e-14
-123.95 7.29834 4.44225e-14
-127.828 7.43858 4.47465e-14
-131.64 7.57591 4.50636e-14
-135.386 7.7105 4.53745e-14
-139.069 7.84254 4.56796e-14
-142.695 7.9722 4.59793e-14
-146.269 8.09969 4.62741e-14
-149.799 8.22519 4.65642e-14
-153.289 8.3488 4.68498e-14
-156.736 8.47027 4.71304e-14
-160.144 8.58997 4.74069e-14
-163.522 8.70834 4.76804e-14
-166.872 8.82543 4.7951e-14
-170.2 8.94154 4.82195e-14
-173.512 9.05688 4.84862e-14
-176.815 9.17179 4.8752e-14
-180.12 9.28667 4.90177e-14
-183.437 9.40191 4.92844e-14
-186.774 9.51791 4.95527e-14
-190.14 9.63504 4.98237e-14
-193.544 9.75363 5.0098e-14
-196.994 9.87401 5.03764e-14
-200.496 9.99651 5.06596e-14
-204.059 10.1214 5.09484e-14
-207.689 10.2491 5.12434e-14
-211.395 10.3798 5.15453e-14
-215.182 10.5139 5.18547e-14
-219.057 10.6515 5.21723e-14
-223.025 10.793 5.24986e-14
-227.092 10.9386 5.28342e-14
-231.263 11.0884 5.31794e-14
-235.54 11.2426 5.35345e-14
-239.925 11.4013 5.38998e-14
-244.419 11.5646 5.42754e-14
-249.023 11.7324 5.46613e-14
-253.737 11.9048 5.50575e-14
-258.558 12.0816 5.54639e-14
-263.485 12.2628 5.58802e-14
-268.514 12.4484 5.63062e-14
-273.643 12.638 5.67415e-14
-278.865 12.8316 5.71857e-14
-284.176 13.029 5.76384e-14
-289.571 13.2298 5.8099e-14
-295.045 13.4339 5.85671e-14
-300.593 13.6412 5.90423e-14
-301.315 13.5809 5.68442e-14
-301.972 13.5173 5.60829e-14
-302.632 13.455 5.5331e-14
-303.294 13.3939 5.45895e-14
-303.956 13.3342 5.38596e-14
-304.619 13.2759 5.31423e-14
-305.28 13.2191 5.24385e-14
-305.94 13.1637 5.17488e-14
-306.596 13.1098 5.1074e-14
-307.248 13.0575 5.04146e-14
-307.896 13.0067 4.97714e-14
-308.538 12.9575 4.91448e-14
-309.173 12.9099 4.85356e-14
-309.799 12.8639 4.7944e-14
-310.418 12.8195 4.73702e-14
-311.027 12.7766 4.68141e-14
-311.626 12.7353 4.62758e-14
-312.216 12.6955 4.5755e-14
-312.794 12.6573 4.52519e-14
-313.362 12.6205 4.47665e-14
-313.917 12.5852 4.42988e-14
-314.459 12.5513 4.38489e-14
-314.988 12.5189 4.34164e-14
-315.503 12.4878 4.30011e-14
-316.005 12.4582 4.26026e-14
-316.551 12.4074 4.71439e-13
-317.126 12.3426 6.26822e-14
-317.687 12.2801 6.59271e-13
-318.234 12.2186 3.25004e-14
-318.764 12.1596 6.07283e-13
-319.276 12.1036 -1.14265e-14
-319.77 12.0503 -2.36349e-12
-320.247 11.9997 3.50283e-13
-320.706 11.9518 -3.78798e-15
-321.147 11.9064 4.53843e-14
-321.571 11.8634 1.75689e-13
-321.956 11.8191 8.49513e-13
-322.29 11.7719 1.77891e-13
-322.596 11.7251 -5.0865e-13
-322.889 11.6817 6.3073e-13
-323.166 11.641 -2.34084e-13
-323.427 11.6031 6.1169e-14
-323.671 11.5679 -2.58331e-13
-323.899 11.5353 -6.54197e-14
-324.11 11.5054 -7.00586e-13
-324.303 11.478 1.54495e-14
-324.48 11.4531 1.61442e-13
-324.639 11.4308 1.14621e-13
-324.781 11.4109 4.7346e-13
-324.905 11.3934 6.13772e-13
-325.012 11.3782 -5.23816e-13
-325.102 11.3655 -2.42096e-13
-325.175 11.355 1.32537e-13
-325.231 11.3469 5.47631e-14
-325.269 11.341 -1.0073e-13
-325.292 11.3378 -1.01596e-13
-325.298 11.3365 9.31658e-13
-325.2 11.3318 4.02606e-14
-324.94 11.3217 4.02375e-14
-324.518 11.3055 4.02006e-14
-323.94 11.2834 4.01505e-14
-323.209 11.2555 4.00872e-14
-322.328 11.222 4.00112e-14
-321.298 11.1829 3.99226e-14
-320.122 11.1383 3.98215e-14
-318.802 11.0884 3.97082e-14
-317.342 11.0332 3.9583e-14
-315.745 10.9729 3.94462e-14
-314.016 10.9076 3.92982e-14
-312.159 10.8376 3.91393e-14
-310.176 10.7628 3.89698e-14
-308.068 10.6834 3.87897e-14
-305.838 10.5993 3.85991e-14
-303.486 10.5108 3.83982e-14
-301.017 10.4177 3.81873e-14
-298.435 10.3204 3.79667e-14
-295.744 10.219 3.77368e-14
-292.947 10.1136 3.74979e-14
-290.05 10.0044 3.72503e-14
-287.056 9.89148 3.69944e-14
-283.967 9.77498 3.67303e-14
-280.789 9.65505 3.64586e-14
-277.528 9.53192 3.61796e-14
-274.188 9.40581 3.58939e-14
-270.778 9.27699 3.56021e-14
-267.303 9.14571 3.53047e-14
-263.771 9.01221 3.50024e-14
-260.185 8.8767 3.46954e-14
-256.553 8.7394 3.43845e-14
-252.88 8.60056 3.40701e-14
-249.174 8.46046 3.37529e-14
-245.441 8.3194 3.34334e-14
-241.69 8.17769 3.31126e-14
-237.929 8.03565 3.27909e-14
-234.167 7.89365 3.24694e-14
-230.412 7.75205 3.21487e-14
-226.674 7.61123 3.18298e-14
-222.963 7.47158 3.15135e-14
-219.288 7.33349 3.12006e-14
-215.66 7.19739 3.08922e-14
-212.088 7.06367 3.05892e-14
-208.582 6.93272 3.02923e-14
-205.151 6.8049 3.00025e-14
-201.803 6.68055 2.97204e-14
-198.546 6.55996 2.94467e-14
-195.386 6.44342 2.91821e-14
-192.33 6.3312 2.89272e-14
-189.385 6.22353 2.86824e-14
-186.555 6.12063 2.84484e-14
-183.845 6.02267 2.82254e-14
-181.261 5.92983 2.80139e-14
-178.805 5.84226 2.78142e-14
-176.481 5.76009 2.76266e-14
-174.292 5.68339 2.74512e-14
-172.24 5.61222 2.72883e-14
-170.324 5.5466 2.71378e-14
-168.546 5.4865 2.69998e-14
-166.903 5.43184 2.68739e-14
-165.391 5.38239 2.67598e-14
-164.003 5.33787 2.66568e-14
-162.731 5.29793 2.6564e-14
-161.565 5.26216 2.64807e-14
-160.492 5.23005 2.64056e-14
-159.499 5.20097 2.63374e-14
-158.57 5.1743 2.62746e-14
-157.689 5.14937 2.62158e-14
-156.837 5.12543 2.61593e-14
-155.995 5.10169 2.61032e-14
-155.144 5.07736 2.60459e-14
-154.265 5.05168 2.59857e-14
-153.34 5.02391 2.59208e-14
-152.351 4.99334 2.58497e-14
-151.281 4.95929 2.57709e-14
-150.115 4.92116 2.5683e-14
-148.839 4.87843 2.55848e-14
-147.441 4.83064 2.54752e-14
-145.913 4.7774 2.53535e-14
-144.242 4.71835 2.52188e-14
-142.42 4.6531 2.50702e-14
-140.437 4.58129 2.49069e-14
-138.282 4.50258 2.47281e-14
-135.95 4.41672 2.45333e-14
-133.435 4.32356 2.4322e-14
-130.734 4.22301 2.40941e-14
-127.845 4.11504 2.38496e-14
-124.768 3.99965 2.35883e-14
-121.501 3.87686 2.33103e-14
-118.045 3.74671 2.30157e-14
-114.401 3.60927 2.27047e-14
-110.569 3.46463 2.23774e-14
-106.555 3.31301 2.20343e-14
-102.364 3.15465 2.1676e-14
-98.002 2.98983 2.1303e-14
-93.4759 2.81883 2.0916e-14
-88.792 2.64198 2.05156e-14
-83.9588 2.4596 2.01028e-14
-78.9837 2.27203 1.96781e-14
-73.8747 2.07958 1.92423e-14
-68.6403 1.88262 1.87962e-14
-63.2895 1.68151 1.83406e-14
-57.8307 1.47658 1.78763e-14
-52.2725 1.26816 1.7404e-14
-46.6235 1.05661 1.69246e-14
-40.8924 0.842258 1.64387e-14
-35.0877 0.625424 1.5947e-14
-29.2173 0.406417 1.54504e-14
-23.2899 0.185557 1.49495e-14
-17.314 -0.0368315 1.4445e-14
-11.2987 -0.260447 1.39375e-14
-5.25131 -0.484997 1.34279e-14
0.820321 -0.710173 1.29168e-14
6.90738 -0.935666 1.24049e-14
13.0021 -1.16118 1.18928e-14
19.0967 -1.38645 1.13812e-14
25.1846 -1.61124 1.08707e-14
31.2594 -1.83532 1.03616e-14
37.3153 -2.05848 9.85463e-15
43.3488 -2.28079 9.34943e-15
49.3568 -2.50229 8.8459e-15
55.3329 -2.72249 8.34524e-15
61.2678 -2.94111 7.84795e-15
67.1628 -3.15821 7.35402e-15
73.0177 -3.3737 6.86376e-15
78.8308 -3.58761 6.37705e-15
84.6032 -3.79997 5.89388e-15
90.3337 -4.01079 5.41419e-15
95.9353 -4.21398 4.95085e-15
101.46 -4.4133 4.49592e-15
106.965 -4.61263 4.04124e-15
112.414 -4.80964 3.59175e-15
117.828 -5.00574 3.14446e-15
123.181 -5.19961 2.70196e-15
128.486 -5.39194 2.26293e-15
133.747 -5.58277 1.82748e-15
138.959 -5.77209 1.39549e-15
144.12 -5.95988 9.66962e-16
149.231 -6.1461 5.4202e-16
154.291 -6.33065 1.2103e-16
159.298 -6.51356 -2.96131e-16
164.249 -6.69473 -7.09277e-16
169.144 -6.87414 -1.11835e-15
173.982 -7.05172 -1.52311e-15
178.761 -7.22742 -1.92349e-15
183.478 -7.40117 -2.31931e-15
188.132 -7.57291 -2.71043e-15
192.72 -7.74251 -3.09658e-15
197.239 -7.90984 -3.47747e-15
201.684 -8.07474 -3.85271e-15
206.051 -8.23701 -4.22187e-15
210.335 -8.39644 -4.58448e-15
214.529 -8.55278 -4.93998e-15
218.626 -8.70576 -5.28776e-15
222.62 -8.85509 -5.62723e-15
226.503 -9.00045 -5.95765e-15
230.267 -9.14146 -6.27816e-15
233.902 -9.27771 -6.58786e-15
237.397 -9.4088 -6.8858e-15
240.744 -9.53429 -7.17107e-15
243.932 -9.65376 -7.4427e-15
246.952 -9.76678 -7.69974e-15
249.793 -9.87294 -7.94129e-15
252.447 -9.97185 -8.16646e-15
254.904 -10.0631 -8.37444e-15
257.159 -10.1465 -8.56447e-15
259.203 -10.2215 -8.73589e-15
261.03 -10.2881 -8.88812e-15
262.638 -10.3459 -9.02074e-15
264.022 -10.3949 -9.13344e-15
265.181 -10.4349 -9.22606e-15
266.116 -10.466 -9.29856e-15
266.828 -10.4882 -9.35105e-15
267.32 -10.5016 -9.38381e-15
267.598 -10.5064 -9.39727e-15
267.667 -10.5029 -9.39197e-15
267.537 -10.4913 -9.36871e-15
267.218 -10.4722 -9.3284e-15
266.721 -10.446 -9.27214e-15
266.06 -10.4132 -9.20112e-15
265.25 -10.3745 -9.11669e-15
264.307 -10.3305 -9.02035e-15
263.248 -10.2818 -8.91367e-15
262.091 -10.2294 -8.79825e-15
260.853 -10.1737 -8.67566e-15
259.55 -10.1155 -8.54744e-15
258.199 -10.0556 -8.41514e-15
256.817 -9.99455 -8.28033e-15
255.422 -9.93314 -8.14459e-15
254.03 -9.87205 -8.0095e-15
252.657 -9.81198 -7.8766e-15
251.321 -9.75358 -7.74737e-15
250.036 -9.6975 -7.62323e-15
248.817 -9.64434 -7.50555e-15
247.678 -9.59466 -7.39555e-15
246.63 -9.54899 -7.29445e-15
245.688 -9.50784 -7.20335e-15
244.861 -9.47167 -7.12332e-15
244.161 -9.44089 -7.05528e-15
243.595 -9.41586 -6.99999e-15
243.169 -9.39678 -6.95794e-15
242.886 -9.38378 -6.9294e-15
242.747 -9.3769 -6.91447e-15
242.751 -9.37612 -6.91312e-15
242.896 -9.38131 -6.92504e-15
243.176 -9.39225 -6.94976e-15
243.586 -9.40867 -6.98666e-15
244.116 -9.43027 -7.03506e-15
244.76 -9.45668 -7.09417e-15
245.509 -9.48756 -7.16321e-15
246.353 -9.5225 -7.24125e-15
247.281 -9.56107 -7.32735e-15
248.283 -9.60281 -7.4205e-15
249.348 -9.64727 -7.51967e-15
250.464 -9.69396 -7.62377e-15
251.62 -9.74241 -7.73175e-15
252.806 -9.79219 -7.84266e-15
254.011 -9.84291 -7.95563e-15
255.228 -9.89419 -8.06978e-15
256.446 -9.94563 -8.18426e-15
257.657 -9.99685 -8.2982e-15
258.85 -10.0475 -8.41076e-15
260.018 -10.0971 -8.5211e-15
261.151 -10.1454 -8.62841e-15
262.24 -10.1921 -8.73188e-15
263.276 -10.2366 -8.83068e-15
264.251 -10.2787 -8.924e-15
265.157 -10.3181 -9.01109e-15
265.986 -10.3544 -9.09131e-15
266.731 -10.3873 -9.16404e-15
267.386 -10.4167 -9.22871e-15
267.947 -10.4423 -9.28485e-15
268.407 -10.464 -9.33207e-15
268.765 -10.4815 -9.37004e-15
269.017 -10.4948 -9.39854e-15
269.161 -10.5038 -9.41737e-15
269.195 -10.5085 -9.42646e-15
269.12 -10.5089 -9.42579e-15
268.936 -10.5049 -9.4154e-15
268.644 -10.4967 -9.39537e-15
268.243 -10.4842 -9.36576e-15
267.735 -10.4675 -9.32663e-15
267.12 -10.4466 -9.2781e-15
266.4 -10.4216 -9.2203e-15
265.577 -10.3926 -9.15344e-15
264.652 -10.3597 -9.07772e-15
263.628 -10.323 -8.99341e-15
262.509 -10.2826 -8.9008e-15
261.298 -10.2387 -8.80028e-15
260 -10.1916 -8.69224e-15
258.619 -10.1413 -8.57715e-15
257.159 -10.088 -8.4554e-15
255.624 -10.032 -8.32728e-15
254.014 -9.97324 -8.19297e-15
252.333 -9.91187 -8.05268e-15
250.581 -9.84792 -7.90651e-15
248.758 -9.78142 -7.75451e-15
246.863 -9.71233 -7.59658e-15
244.895 -9.64061 -7.43266e-15
242.853 -9.56622 -7.26264e-15
240.735 -9.48913 -7.08644e-15
238.542 -9.4093 -6.90399e-15
236.271 -9.32671 -6.71522e-15
233.922 -9.2413 -6.52003e-15
231.495 -9.15307 -6.31836e-15
228.987 -9.06198 -6.11016e-15
226.4 -8.968 -5.89537e-15
223.731 -8.87109 -5.67388e-15
220.978 -8.77118 -5.44558e-15
218.141 -8.66819 -5.21025e-15
215.217 -8.56203 -4.96767e-15
212.203 -8.4526 -4.71765e-15
209.099 -8.33982 -4.46002e-15
205.903 -8.22365 -4.19466e-15
202.614 -8.10402 -3.92142e-15
199.23 -7.98085 -3.64016e-15
195.75 -7.85407 -3.3507e-15
192.173 -7.7236 -3.0529e-15
188.496 -7.58937 -2.74656e-15
184.72 -7.45131 -2.43154e-15
180.842 -7.30935 -2.10772e-15
176.862 -7.16344 -1.775e-15
172.781 -7.01356 -1.4333e-15
168.597 -6.85966 -1.08253e-15
164.306 -6.70167 -7.22696e-16
159.909 -6.53946 -3.53409e-16
155.403 -6.37293 2.56359e-17
150.789 -6.20204 4.1444e-16
146.069 -6.02683 8.12959e-16
141.245 -5.84743 1.22085e-15
136.322 -5.664 1.63776e-15
131.295 -5.47633 2.0639e-15
126.177 -5.28485 2.49847e-15
120.983 -5.0902 2.9402e-15
115.717 -4.8925 3.38868e-15
110.39 -4.69221 3.84296e-15
105.011 -4.48972 4.30213e-15
99.5895 -4.2854 4.76537e-15
94.1346 -4.07955 5.232e-15
88.6563 -3.87256 5.70111e-15
83.1643 -3.66485 6.17179e-15
77.6688 -3.4568 6.64317e-15
72.1802 -3.24883 7.11429e-15
66.7091 -3.04139 7.58419e-15
61.267 -2.83492 8.05182e-15
55.8655 -2.62991 8.51615e-15
50.5165 -2.42683 8.97607e-15
45.2322 -2.22618 9.43048e-15
40.0234 -2.02846 9.87814e-15
34.9075 -1.8346 1.03169e-14
29.8981 -1.64498 1.07461e-14
25.004 -1.45979 1.11653e-14
20.2391 -1.2797 1.1573e-14
15.6139 -1.10507 1.19685e-14
11.1394 -0.93638 1.23505e-14
6.82535 -0.774027 1.27183e-14
2.681 -0.618382 1.3071e-14
-1.28522 -0.46979 1.34078e-14
-5.06602 -0.328544 1.37281e-14
-8.65503 -0.194902 1.40313e-14
-12.0476 -0.0690477 1.43169e-14
-15.2414 0.048878 1.45847e-14
-18.2333 0.158789 1.48344e-14
-21.0213 0.260632 1.5066e-14
-23.605 0.354382 1.52793e-14
-25.9838 0.440043 1.54744e-14
-28.1589 0.517659 1.56515e-14
-30.1324 0.58733 1.58106e-14
-31.9084 0.649237 1.59523e-14
-33.4928 0.703625 1.6077e-14
-34.892 0.750772 1.61854e-14
-36.1135 0.790987 1.62782e-14
-37.165 0.824601 1.63561e-14
-38.055 0.851968 1.64198e-14
-38.7929 0.873454 1.64703e-14
-39.3874 0.889442 1.65083e-14
-39.8473 0.900314 1.65348e-14
-40.1824 0.906459 1.65506e-14
-40.4018 0.908265 1.65565e-14
-40.5149 0.906114 1.65534e-14
-40.5304 0.900367 1.65422e-14
-40.4568 0.891369 1.65236e-14
-40.3022 0.879452 1.64983e-14
-40.075 0.864954 1.64671e-14
-39.7839 0.848231 1.64308e-14
-39.4381 0.829652 1.63902e-14
-39.0465 0.809568 1.63462e-14
-38.6173 0.788313 1.62995e-14
-38.1582 0.766184 1.62506e-14
-37.6761 0.743455 1.62004e-14
-37.1773 0.720374 1.61492e-14
-36.6676 0.697163 1.60977e-14
-36.1518 0.674004 1.60462e-14
-35.634 0.651051 1.59951e-14
-35.1176 0.62843 1.59446e-14
-34.6054 0.606238 1.5895e-14
-34.0987 0.584518 1.58465e-14
-33.5979 0.563272 1.57989e-14
-33.1031 0.542485 1.57523e-14
-32.6142 0.522143 1.57066e-14
-32.1317 0.502254 1.56619e-14
-31.6565 0.482841 1.56182e-14
-31.1895 0.463921 1.55756e-14
-30.7313 0.445514 1.55341e-14
-30.2829 0.427648 1.54938e-14
-29.8457 0.410364 1.54547e-14
-29.4206 0.393695 1.5417e-14
-29.0091 0.377683 1.53808e-14
-28.613 0.362398 1.53462e-14
-28.2346 0.347925 1.53133e-14
-27.8762 0.334347 1.52825e-14
-27.5399 0.321741 1.52538e-14
-27.2277 0.310178 1.52275e-14
-26.9412 0.299721 1.52036e-14
-26.6821 0.290429 1.51824e-14
-26.452 0.282357 1.51638e-14
-26.2527 0.275578 1.51482e-14
-26.0862 0.270165 1.51357e-14
-25.9545 0.266188 1.51263e-14
-25.859 0.2637 1.51204e-14
-25.8006 0.26273 1.51178e-14
-25.7796 0.263286 1.51186e-14
-25.7962 0.265367 1.51229e-14
-25.85 0.268958 1.51306e-14
-25.9406 0.27403 1.51416e-14
-26.0668 0.280531 1.51559e-14
-26.2275 0.288413 1.51733e-14
-26.4213 0.297617 1.51936e-14
-26.647 0.308086 1.52168e-14
-26.9031 0.319758 1.52427e-14
-27.1881 0.332574 1.52712e-14
-27.5006 0.346476 1.53022e-14
-27.8395 0.361412 1.53355e-14
-28.2034 0.377337 1.5371e-14
-28.5912 0.394207 1.54087e-14
-29.0019 0.411979 1.54484e-14
-29.434 0.430602 1.549e-14
-29.8858 0.45002 1.55335e-14
-30.3561 0.470178 1.55786e-14
-30.8429 0.491017 1.56252e-14
-31.3439 0.512453 1.56732e-14
-31.8566 0.534392 1.57223e-14
-32.3782 0.556734 1.57722e-14
-32.9063 0.579397 1.58229e-14
-33.4392 0.602329 1.58742e-14
-33.9758 0.625497 1.5926e-14
-34.515 0.648872 1.59782e-14
-35.0552 0.672408 1.60308e-14
-35.5943 0.696034 1.60835e-14
-36.1296 0.719657 1.61362e-14
-36.6581 0.743172 1.61886e-14
-37.1764 0.766458 1.62404e-14
-37.6807 0.78937 1.62913e-14
-38.1664 0.811743 1.63409e-14
-38.6289 0.833395 1.63888e-14
-39.0629 0.854133 1.64347e-14
-39.4629 0.873737 1.64779e-14
-39.823 0.891979 1.65179e-14
-40.1368 0.908608 1.65543e-14
-40.3983 0.923383 1.65864e-14
-40.6017 0.936078 1.66137e-14
-40.7425 0.946483 1.66358e-14
-40.8149 0.954378 1.66522e-14
-40.8129 0.959546 1.66624e-14
-40.7314 0.961765 1.66658e-14
-40.5651 0.960818 1.66621e-14
-40.3088 0.956484 1.66507e-14
-39.9569 0.948541 1.66311e-14
-39.5042 0.936759 1.66028e-14
-38.9451 0.920912 1.65653e-14
-38.2744 0.900774 1.65182e-14
-37.4867 0.876117 1.64608e-14
-36.5759 0.846683 1.63926e-14
-35.5356 0.812201 1.63131e-14
-34.3608 0.772415 1.62215e-14
-33.0455 0.727096 1.61175e-14
-31.5848 0.676066 1.60006e-14
-29.9759 0.619182 1.58705e-14
-28.2161 0.556335 1.5727e-14
-26.3041 0.487457 1.55699e-14
-24.24 0.412545 1.53993e-14
-22.0253 0.331647 1.52152e-14
-19.6623 0.244849 1.50179e-14
-17.1542 0.152279 1.48076e-14
-14.5059 0.054125 1.45847e-14
-11.7234 -0.0493796 1.43498e-14
-8.8133 -0.157966 1.41035e-14
-5.78265 -0.271356 1.38464e-14
-2.63828 -0.389276 1.35792e-14
0.613031 -0.511455 1.33023e-14
3.96404 -0.637603 1.30166e-14
7.40726 -0.76742 1.27226e-14
10.9351 -0.900598 1.2421e-14
14.5398 -1.03683 1.21126e-14
18.2134 -1.1758 1.1798e-14
21.9475 -1.31716 1.1478e-14
25.733 -1.46055 1.11535e-14
29.5589 -1.60557 1.08253e-14
33.4176 -1.75201 1.04938e-14
37.3009 -1.89954 1.01598e-14
41.1969 -2.04757 9.82459e-15
45.0957 -2.19569 9.48925e-15
48.9875 -2.34352 9.15454e-15
52.8631 -2.49068 8.82132e-15
56.7139 -2.63685 8.49034e-15
60.532 -2.78172 8.1623e-15
64.3097 -2.92497 7.83787e-15
68.0397 -3.06634 7.5177e-15
71.7151 -3.20555 7.20238e-15
75.3292 -3.34234 6.89251e-15
78.8756 -3.47648 6.58862e-15
82.3482 -3.60771 6.29126e-15
85.7408 -3.73583 6.00095e-15
89.0474 -3.86058 5.71821e-15
92.2622 -3.98175 5.44355e-15
95.3796 -4.09913 5.17743e-15
98.3942 -4.21251 4.92034e-15
101.284 -4.32056 4.67512e-15
104.036 -4.42247 4.44348e-15
106.666 -4.51964 4.22251e-15
109.176 -4.61226 4.01188e-15
111.555 -4.69981 3.81268e-15
113.799 -4.78223 3.62509e-15
115.902 -4.85921 3.44979e-15
117.858 -4.93063 3.28708e-15
119.665 -4.99627 3.13742e-15
121.316 -5.05602 3.00109e-15
122.81 -5.10974 2.87842e-15
124.143 -5.15732 2.76961e-15
125.31 -5.19859 2.67504e-15
126.312 -5.23353 2.59475e-15
127.149 -5.26223 2.52861e-15
127.823 -5.2847 2.47658e-15
128.335 -5.30108 2.43836e-15
128.69 -5.3115 2.41366e-15
128.89 -5.31609 2.40217e-15
128.939 -5.31499 2.40359e-15
128.839 -5.30833 2.41765e-15
128.594 -5.29624 2.44404e-15
128.207 -5.27886 2.48242e-15
127.683 -5.25636 2.53246e-15
127.026 -5.22887 2.59384e-15
126.241 -5.19659 2.66606e-15
125.334 -5.1598 2.74851e-15
124.312 -5.11877 2.84059e-15
123.183 -5.07381 2.94163e-15
121.955 -5.02521 3.05094e-15
120.636 -4.97328 3.16787e-15
119.231 -4.91827 3.29181e-15
117.748 -4.86045 3.42219e-15
116.19 -4.79996 3.55863e-15
114.565 -4.73707 3.70052e-15
112.88 -4.67213 3.84711e-15
111.143 -4.6054 3.99782e-15
109.362 -4.53715 4.15201e-15
107.542 -4.46765 4.3091e-15
105.692 -4.39715 4.46853e-15
103.817 -4.32589 4.62975e-15
101.923 -4.25408 4.79226e-15
100.016 -4.18195 4.95556e-15
98.1022 -4.10974 5.1191e-15
96.1895 -4.03771 5.28229e-15
94.284 -3.9661 5.44459e-15
92.3916 -3.89513 5.6055e-15
90.5163 -3.82493 5.76469e-15
88.6618 -3.75564 5.92188e-15
86.8312 -3.68739 6.07677e-15
85.0264 -3.6202 6.22929e-15
83.2487 -3.5541 6.37938e-15
81.5001 -3.48914 6.52689e-15
79.7818 -3.42536 6.67176e-15
78.0954 -3.3628 6.81388e-15
76.442 -3.30148 6.95318e-15
74.8227 -3.24144 7.08959e-15
73.2389 -3.18271 7.22304e-15
71.6923 -3.12536 7.35337e-15
70.1862 -3.06948 7.48032e-15
68.7246 -3.01525 7.60355e-15
67.312 -2.96284 7.72268e-15
65.9524 -2.91238 7.83734e-15
64.6487 -2.86401 7.94728e-15
63.4034 -2.81782 8.05229e-15
62.2185 -2.77388 8.15219e-15
61.0968 -2.73231 8.24673e-15
60.0422 -2.69326 8.33556e-15
59.0588 -2.6569 8.41829e-15
58.1512 -2.62343 8.49451e-15
57.324 -2.59302 8.56379e-15
56.5824 -2.5659 8.62566e-15
55.9316 -2.54228 8.67962e-15
55.3771 -2.52238 8.72519e-15
54.9228 -2.50639 8.76197e-15
54.5714 -2.49439 8.78972e-15
54.3235 -2.48644 8.80837e-15
54.1797 -2.48256 8.81784e-15
54.1396 -2.48275 8.81817e-15
54.202 -2.48695 8.80945e-15
54.3646 -2.49509 8.79187e-15
54.625 -2.50708 8.76563e-15
54.9799 -2.52278 8.73102e-15
55.4253 -2.54205 8.68839e-15
55.9563 -2.5647 8.63816e-15
56.5679 -2.59053 8.58078e-15
57.2549 -2.61933 8.5167e-15
58.0122 -2.65096 8.44624e-15
58.8349 -2.68525 8.36967e-15
59.7205 -2.72205 8.28744e-15
60.665 -2.76118 8.19997e-15
61.6622 -2.80242 8.10776e-15
62.7056 -2.8455 8.01142e-15
63.7881 -2.89015 7.91155e-15
64.9031 -2.93611 7.80875e-15
66.0453 -2.98317 7.70348e-15
67.2101 -3.03115 7.59615e-15
68.3928 -3.07988 7.48715e-15
69.5883 -3.12915 7.37695e-15
70.7906 -3.17873 7.26606e-15
71.9914 -3.22836 7.15497e-15
73.185 -3.27778 7.04435e-15
74.3659 -3.32672 6.93485e-15
75.5258 -3.37494 6.82688e-15
76.6608 -3.42225 6.72095e-15
77.7663 -3.46844 6.61757e-15
78.8367 -3.51329 6.51722e-15
79.8656 -3.55655 6.42048e-15
80.8461 -3.59793 6.32796e-15
81.7712 -3.63718 6.24031e-15
82.6344 -3.67401 6.15809e-15
83.43 -3.7082 6.08184e-15
84.1529 -3.73954 6.01201e-15
84.7983 -3.76785 5.94904e-15
85.361 -3.79291 5.8934e-15
85.8347 -3.81446 5.84566e-15
86.2127 -3.83223 5.80644e-15
86.4881 -3.84594 5.77637e-15
86.655 -3.85534 5.75599e-15
86.7083 -3.86023 5.74578e-15
86.6438 -3.86044 5.74611e-15
86.458 -3.85581 5.75732e-15
86.1477 -3.84621 5.77971e-15
85.7102 -3.83154 5.81352e-15
85.1433 -3.81169 5.85897e-15
84.4454 -3.78659 5.91621e-15
83.6158 -3.75622 5.98532e-15
82.6545 -3.72057 6.06629e-15
81.563 -3.67972 6.15898e-15
80.3425 -3.6337 6.26327e-15
78.9957 -3.58261 6.37897e-15
77.5272 -3.52663 6.50564e-15
75.9434 -3.46602 6.64273e-15
74.2512 -3.40107 6.7896e-15
72.4577 -3.33204 6.94562e-15
70.5691 -3.25919 7.11021e-15
68.5916 -3.18278 7.28283e-15
66.5314 -3.10305 7.46292e-15
64.3957 -3.02028 7.64982e-15
62.1926 -2.93482 7.8428e-15
59.9315 -2.84702 8.04101e-15
57.6218 -2.75728 8.24361e-15
55.2725 -2.66595 8.44978e-15
52.8914 -2.57335 8.65882e-15
50.4853 -2.47974 8.87012e-15
48.0617 -2.38554 9.08271e-15
45.6276 -2.29096 9.29613e-15
43.1904 -2.19622 9.50992e-15
40.7598 -2.10176 9.72309e-15
38.3449 -2.00791 9.93489e-15
35.9544 -1.91502 1.01445e-14
33.5957 -1.82339 1.03513e-14
31.2747 -1.73325 1.05548e-14
28.9976 -1.64483 1.07544e-14
26.7702 -1.55837 1.09495e-14
24.5994 -1.47413 1.11397e-14
22.4917 -1.39239 1.13242e-14
20.4548 -1.31344 1.15025e-14
18.4949 -1.23749 1.16739e-14
16.6167 -1.16474 1.18381e-14
14.8236 -1.09531 1.19949e-14
13.1187 -1.02931 1.21439e-14
11.5047 -0.966842 1.2285e-14
9.98401 -0.90799 1.24179e-14
8.55873 -0.852829 1.25424e-14
7.23075 -0.801423 1.26585e-14
6.00039 -0.75381 1.2766e-14
4.86845 -0.709991 1.28648e-14
3.83477 -0.669925 1.29552e-14
2.89809 -0.633567 1.30372e-14
2.0583 -0.600896 1.31109e-14
1.31653 -0.571955 1.31761e-14
0.675195 -0.546832 1.32327e-14
0.136653 -0.525618 1.32805e-14
-0.296797 -0.5084 1.33192e-14
-0.623022 -0.495262 1.33487e-14
-0.840015 -0.486281 1.33687e-14
-0.945905 -0.481533 1.33792e-14
-0.939031 -0.481082 1.338e-14
-0.81804 -0.484985 1.33709e-14
-0.58186 -0.493284 1.33519e-14
-0.229618 -0.506015 1.33229e-14
0.239109 -0.523197 1.32838e-14
0.824029 -0.544819 1.32346e-14
1.52428 -0.57085 1.31755e-14
2.33871 -0.601244 1.31066e-14
3.26574 -0.635944 1.30279e-14
4.30307 -0.674858 1.29397e-14
5.44786 -0.717878 1.28422e-14
6.69701 -0.764882 1.27357e-14
8.04759 -0.815756 1.26204e-14
9.49724 -0.870413 1.24966e-14
11.044 -0.928778 1.23644e-14
12.6858 -0.990775 1.2224e-14
14.4202 -1.05631 1.20756e-14
16.2434 -1.12524 1.19195e-14
18.1511 -1.1974 1.17561e-14
20.1389 -1.27262 1.15859e-14
22.2029 -1.35075 1.1409e-14
24.3413 -1.43173 1.12257e-14
26.5535 -1.51554 1.1036e-14
28.839 -1.60217 1.08399e-14
31.1969 -1.6916 1.06375e-14
33.6255 -1.78377 1.0429e-14
36.1223 -1.87859 1.02144e-14
38.6849 -1.97596 9.99413e-15
41.312 -2.07599 9.76777e-15
44.0012 -2.17852 9.53577e-15
46.7488 -2.28333 9.29862e-15
49.554 -2.39044 9.05626e-15
52.4139 -2.49969 8.80909e-15
55.3234 -2.61093 8.55746e-15
58.2764 -2.72389 8.30196e-15
61.2659 -2.83831 8.04318e-15
64.2857 -2.95394 7.78169e-15
67.3301 -3.07056 7.51798e-15
70.3945 -3.18798 7.25247e-15
73.474 -3.30603 6.98558e-15
76.563 -3.42448 6.71776e-15
79.6559 -3.5431 6.44956e-15
82.7463 -3.66164 6.18157e-15
85.8273 -3.77982 5.91439e-15
88.8921 -3.89739 5.64856e-15
91.9356 -4.01414 5.38459e-15
94.9535 -4.12987 5.12291e-15
97.9409 -4.24441 4.86394e-15
100.893 -4.35755 4.6081e-15
103.805 -4.46912 4.35582e-15
106.673 -4.5789 4.10757e-15
109.49 -4.6867 3.86378e-15
112.253 -4.79232 3.62488e-15
114.952 -4.89525 3.39199e-15
117.562 -4.99383 3.16863e-15
120.096 -5.0892 2.95244e-15
122.564 -5.18208 2.74187e-15
124.953 -5.27174 2.53853e-15
127.266 -5.35839 2.34198e-15
129.495 -5.44165 2.15303e-15
131.639 -5.52155 1.97166e-15
133.693 -5.59784 1.79838e-15
135.656 -5.67045 1.63338e-15
137.522 -5.73923 1.47701e-15
139.292 -5.8041 1.3294e-15
140.96 -5.86491 1.19084e-15
142.528 -5.92173 1.06118e-15
144.002 -5.97475 9.40101e-16
145.379 -6.02395 8.27526e-16
146.663 -6.06939 7.23381e-16
147.853 -6.11108 6.27665e-16
148.951 -6.14906 5.40285e-16
149.957 -6.18339 4.61108e-16
150.875 -6.21415 3.89946e-16
151.706 -6.24146 3.2654e-16
152.454 -6.26544 2.70604e-16
153.123 -6.28626 2.21789e-16
153.717 -6.30408 1.79707e-16
154.241 -6.3191 1.4391e-16
154.7 -6.33154 1.13935e-16
155.1 -6.34162 8.92494e-17
155.447 -6.34961 6.92643e-17
155.748 -6.35581 5.33173e-17
156.012 -6.36052 4.07429e-17
156.244 -6.36402 3.07845e-17
156.451 -6.3666 2.28834e-17
156.64 -6.36852 1.64857e-17
156.818 -6.37006 1.08531e-17
156.991 -6.37147 5.51635e-18
157.166 -6.373 -1.04708e-19
157.35 -6.37496 -6.7105e-18
157.551 -6.37761 -1.48557e-17
157.775 -6.38124 -2.5188e-17
158.03 -6.38611 -3.83047e-17
158.322 -6.3925 -5.48318e-17
158.659 -6.40067 -7.53428e-17
159.045 -6.41086 -1.00395e-16
159.488 -6.4233 -1.30495e-16
159.992 -6.4382 -1.66121e-16
160.563 -6.45575 -2.07707e-16
161.205 -6.47612 -2.55625e-16
161.92 -6.49942 -3.10139e-16
162.712 -6.52574 -3.71434e-16
163.582 -6.55513 -4.39648e-16
164.531 -6.58766 -5.14921e-16
165.563 -6.62341 -5.97448e-16
166.679 -6.66247 -6.87443e-16
167.883 -6.70493 -7.85106e-16
169.176 -6.75087 -8.90583e-16
170.558 -6.8003 -1.00396e-15
172.031 -6.85324 -1.12525e-15
173.595 -6.90969 -1.25445e-15
175.249 -6.9696 -1.39146e-15
176.99 -7.03286 -1.53605e-15
178.814 -7.0993 -1.68783e-15
180.716 -7.16876 -1.84642e-15
182.693 -7.24102 -2.01136e-15
184.738 -7.31584 -2.1821e-15
186.843 -7.39293 -2.35798e-15
189.002 -7.472 -2.53838e-15
191.208 -7.55279 -2.72265e-15
193.454 -7.63501 -2.91022e-15
195.733 -7.71842 -3.10049e-15
198.04 -7.80279 -3.29295e-15
200.368 -7.88785 -3.48702e-15
202.709 -7.97333 -3.68207e-15
205.057 -8.05892 -3.8774e-15
207.403 -8.14433 -4.07237e-15
209.74 -8.22929 -4.26633e-15
212.061 -8.31353 -4.45873e-15
214.36 -8.39682 -4.64899e-15
216.631 -8.47894 -4.83663e-15
218.868 -8.55966 -5.02114e-15
221.065 -8.63879 -5.20207e-15
223.218 -8.71614 -5.37898e-15
225.32 -8.79151 -5.55144e-15
227.367 -8.86476 -5.7191e-15
229.356 -8.93577 -5.88169e-15
231.284 -9.00445 -6.03902e-15
233.149 -9.07074 -6.19091e-15
234.949 -9.13458 -6.33724e-15
236.682 -9.19598 -6.478e-15
238.35 -9.25495 -6.61324e-15
239.952 -9.31153 -6.74301e-15
241.489 -9.36575 -6.86741e-15
242.961 -9.41768 -6.98653e-15
244.369 -9.46736 -7.10052e-15
245.715 -9.51487 -7.20949e-15
246.999 -9.56026 -7.31358e-15
248.223 -9.60361 -7.41296e-15
249.389 -9.64503 -7.50786e-15
250.499 -9.6846 -7.59847e-15
251.554 -9.72239 -7.68493e-15
252.555 -9.75843 -7.76732e-15
253.502 -9.79274 -7.84565e-15
254.394 -9.82529 -7.91989e-15
255.231 -9.85606 -7.98999e-15
256.012 -9.88504 -8.05589e-15
256.736 -9.9122 -8.11755e-15
257.403 -9.93749 -8.17485e-15
258.011 -9.96086 -8.22771e-15
258.559 -9.98227 -8.27598e-15
259.045 -10.0016 -8.31955e-15
259.469 -10.0189 -8.35825e-15
259.828 -10.034 -8.39195e-15
260.12 -10.0469 -8.42039e-15
260.346 -10.0574 -8.44343e-15
260.504 -10.0655 -8.46102e-15
260.593 -10.0711 -8.47305e-15
260.612 -10.0743 -8.47939e-15
260.56 -10.075 -8.47987e-15
260.434 -10.073 -8.4743e-15
260.234 -10.0682 -8.46251e-15
259.956 -10.0607 -8.44426e-15
259.6 -10.0502 -8.41935e-15
259.162 -10.0367 -8.38755e-15
258.64 -10.02 -8.34863e-15
258.032 -10.0001 -8.30229e-15
257.334 -9.97671 -8.24822e-15
256.544 -9.94981 -8.18609e-15
255.657 -9.91921 -8.11563e-15
254.673 -9.88483 -8.0366e-15
253.589 -9.84654 -7.94877e-15
252.402 -9.80429 -7.85199e-15
251.113 -9.75801 -7.74612e-15
249.721 -9.70767 -7.63111e-15
248.227 -9.65328 -7.50698e-15
246.63 -9.59487 -7.37379e-15
244.933 -9.53248 -7.23162e-15
243.137 -9.46615 -7.08061e-15
241.244 -9.39595 -6.92089e-15
239.256 -9.32197 -6.75266e-15
237.176 -9.24431 -6.57615e-15
235.007 -9.16311 -6.39169e-15
232.754 -9.07853 -6.19963e-15
230.421 -8.99076 -6.00039e-15
228.013 -8.89999 -5.79441e-15
225.536 -8.80641 -5.58211e-15
222.993 -8.71021 -5.36391e-15
220.389 -8.61158 -5.14025e-15
217.731 -8.51074 -4.91164e-15
215.024 -8.40797 -4.67865e-15
212.275 -8.30352 -4.44191e-15
209.491 -8.1977 -4.20207e-15
206.68 -8.09079 -3.95976e-15
203.848 -7.98305 -3.71558e-15
201.001 -7.87472 -3.47006e-15
198.144 -7.76605 -3.22376e-15
195.283 -7.65728 -2.9772e-15
192.425 -7.54866 -2.73097e-15
189.576 -7.44045 -2.48561e-15
186.742 -7.33289 -2.24171e-15
183.927 -7.22622 -1.99975e-15
181.138 -7.12061 -1.76017e-15
178.376 -7.01623 -1.5233e-15
175.647 -6.91322 -1.28945e-15
172.951 -6.81169 -1.0589e-15
170.294 -6.71178 -8.31929e-16
167.676 -6.61358 -6.08769e-16
165.1 -6.51719 -3.89626e-16
162.567 -6.42269 -1.74661e-16
160.08 -6.33012 3.6009e-17
157.639 -6.23952 2.42312e-16
155.243 -6.15089 4.44223e-16
152.892 -6.06424 6.41765e-16
150.587 -5.97953 8.3501e-16
148.325 -5.8967 1.02407e-15
146.104 -5.81568 1.20912e-15
143.922 -5.73637 1.39038e-15
141.777 -5.65863 1.56817e-15
139.662 -5.58229 1.74288e-15
137.574 -5.50715 1.91492e-15
135.509 -5.43303 2.08474e-15
133.461 -5.35973 2.25273e-15
131.427 -5.2871 2.41928e-15
129.402 -5.21495 2.5848e-15
127.383 -5.1431 2.74968e-15
125.365 -5.0714 2.91424e-15
123.346 -4.99972 3.07878e-15
121.32 -4.92796 3.24342e-15
119.281 -4.85573 3.40898e-15
117.228 -4.78298 3.57569e-15
115.162 -4.70975 3.74349e-15
113.078 -4.6358 3.91294e-15
110.973 -4.56103 4.0842e-15
108.844 -4.4853 4.25766e-15
106.688 -4.40851 4.43347e-15
104.508 -4.33088 4.61124e-15
102.297 -4.25202 4.79173e-15
100.049 -4.17166 4.97557e-15
97.7641 -4.08981 5.16267e-15
95.4387 -4.00631 5.35342e-15
93.0731 -3.92112 5.54796e-15
90.6644 -3.83415 5.74648e-15
88.2116 -3.74533 5.94912e-15
85.713 -3.6546 6.15603e-15
83.1681 -3.56193 6.36728e-15
80.5758 -3.46728 6.58294e-15
77.9361 -3.37065 6.80303e-15
75.249 -3.27204 7.02754e-15
72.5154 -3.17148 7.2564e-15
69.7371 -3.06905 7.48944e-15
66.9167 -2.96486 7.72641e-15
64.055 -2.85901 7.96696e-15
61.1559 -2.7517 8.21068e-15
58.2267 -2.64312 8.45722e-15
55.2726 -2.53349 8.7061e-15
52.2997 -2.42308 8.95673e-15
49.3136 -2.31211 9.20862e-15
46.3198 -2.20082 9.46123e-15
43.3232 -2.0894 9.7141e-15
40.3301 -1.97832 9.9661e-15
37.3452 -1.86766 1.02171e-14
34.3705 -1.75737 1.04674e-14
31.4096 -1.64768 1.07162e-14
28.4651 -1.53867 1.09636e-14
25.5398 -1.43046 1.12092e-14
22.6371 -1.32319 1.14527e-14
19.76 -1.21698 1.16938e-14
16.9119 -1.11198 1.19323e-14
14.0956 -1.00829 1.21678e-14
11.3142 -0.906035 1.24e-14
8.57069 -0.805338 1.26289e-14
5.86775 -0.7063 1.28539e-14
3.2076 -0.609007 1.30751e-14
0.592157 -0.513529 1.32923e-14
-1.97712 -0.419918 1.35052e-14
-4.4991 -0.328211 1.37139e-14
-6.97321 -0.238421 1.39183e-14
-9.39961 -0.150533 1.41184e-14
-11.7791 -0.0645041 1.43143e-14
-14.1127 0.0197195 1.45061e-14
-16.4018 0.102208 1.46941e-14
-18.6482 0.183043 1.48783e-14
-20.8539 0.262324 1.50591e-14
-23.0213 0.340149 1.52365e-14
-25.1525 0.416629 1.54109e-14
-27.2504 0.491882 1.55825e-14
-29.3177 0.566036 1.57515e-14
-31.3571 0.639213 1.59184e-14
-33.3716 0.711542 1.60833e-14
-35.3644 0.783167 1.62466e-14
-37.3392 0.85424 1.64086e-14
-39.2992 0.924903 1.65696e-14
-41.2471 0.995275 1.67299e-14
-43.1845 1.06543 1.68897e-14
-45.1121 1.1354 1.70489e-14
-47.0303 1.2052 1.72078e-14
-48.9387 1.27482 1.73662e-14
-50.836 1.34423 1.7524e-14
-52.7204 1.41333 1.76811e-14
-54.5893 1.48205 1.78372e-14
-56.4404 1.55027 1.79922e-14
-58.2715 1.61791 1.81458e-14
-60.0805 1.6849 1.82978e-14
-61.8651 1.75113 1.84481e-14
-63.6234 1.81653 1.85965e-14
-65.3538 1.88103 1.87427e-14
-67.0552 1.94459 1.88868e-14
-68.7264 2.00715 1.90286e-14
-70.3661 2.06867 1.91679e-14
-71.9722 2.12905 1.93047e-14
-73.5428 2.18821 1.94387e-14
-75.0755 2.24606 1.95696e-14
-76.5682 2.30251 1.96973e-14
-78.0191 2.35749 1.98217e-14
-79.4271 2.41093 1.99426e-14
-80.7907 2.46279 2.00598e-14
-82.1082 2.51299 2.01733e-14
-83.3772 2.56143 2.02828e-14
-84.5943 2.60796 2.03879e-14
-85.7563 2.65247 2.04884e-14
-86.8604 2.69481 2.0584e-14
-87.904 2.7349 2.06745e-14
-88.8854 2.77265 2.07597e-14
-89.8029 2.80799 2.08395e-14
-90.6546 2.84084 2.09136e-14
-91.439 2.87114 2.09819e-14
-92.1544 2.89881 2.10443e-14
-92.7993 2.92378 2.11006e-14
-93.3725 2.946 2.11507e-14
-93.8733 2.96544 2.11945e-14
-94.3016 2.98209 2.1232e-14
-94.6574 2.99595 2.12632e-14
-94.9409 3.00701 2.12881e-14
-95.1524 3.01528 2.13067e-14
-95.2924 3.02079 2.1319e-14
-95.3616 3.02356 2.13252e-14
-95.3606 3.0236 2.13252e-14
-95.2899 3.02093 2.13192e-14
-95.1495 3.01555 2.1307e-14
-94.94 3.00747 2.12887e-14
-94.6623 2.99675 2.12645e-14
-94.3182 2.98343 2.12344e-14
-93.9099 2.96762 2.11987e-14
-93.44 2.94943 2.11577e-14
-92.9111 2.92895 2.11115e-14
-92.3251 2.90626 2.10603e-14
-91.6833 2.88143 2.10042e-14
-90.9873 2.85452 2.09435e-14
-90.2391 2.8256 2.08782e-14
-89.4412 2.79479 2.08087e-14
-88.5965 2.76222 2.07352e-14
-87.7081 2.728 2.06579e-14
-86.7792 2.69228 2.05772e-14
-85.8127 2.65518 2.04935e-14
-84.8117 2.61682 2.04068e-14
-83.7789 2.57733 2.03176e-14
-82.7174 2.53684 2.02261e-14
-81.6306 2.49549 2.01325e-14
-80.5219 2.45342 2.00374e-14
-79.3947 2.41077 1.99409e-14
-78.2515 2.36766 1.98433e-14
-77.0935 2.32414 1.97447e-14
-75.9208 2.28021 1.96452e-14
-74.7329 2.23586 1.95446e-14
-73.5293 2.19106 1.9443e-14
-72.3092 2.1458 1.93403e-14
-71.0716 2.10003 1.92364e-14
-69.8152 2.0537 1.91312e-14
-68.5391 2.00677 1.90246e-14
-67.2424 1.95921 1.89165e-14
-65.9248 1.911 1.88069e-14
-64.5856 1.86211 1.86957e-14
-63.2246 1.81253 1.85829e-14
-61.8423 1.76227 1.84685e-14
-60.44 1.71139 1.83527e-14
-59.0187 1.65992 1.82355e-14
-57.5789 1.60787 1.8117e-14
-56.1196 1.55519 1.7997e-14
-54.639 1.50181 1.78754e-14
-53.1351 1.44764 1.77519e-14
-51.6051 1.39255 1.76264e-14
-50.0452 1.33639 1.74984e-14
-48.4507 1.27896 1.73675e-14
-46.8171 1.22006 1.72333e-14
-45.1399 1.15951 1.70954e-14
-43.4152 1.09714 1.69534e-14
-41.6399 1.03282 1.68069e-14
-39.8109 0.966416 1.66558e-14
-37.9255 0.897819 1.64997e-14
-35.9818 0.82694 1.63385e-14
-33.9782 0.753715 1.6172e-14
-31.9136 0.678094 1.60001e-14
-29.7873 0.600045 1.58227e-14
-27.5991 0.519561 1.56399e-14
-25.3493 0.436652 1.54516e-14
-23.0387 0.351349 1.52579e-14
-20.6681 0.26369 1.50589e-14
-18.2389 0.173727 1.48548e-14
-15.7525 0.0815204 1.46456e-14
-13.2106 -0.0128567 1.44315e-14
-10.6154 -0.109312 1.42127e-14
-7.96988 -0.20772 1.39895e-14
-5.2777 -0.307932 1.37623e-14
-2.54263 -0.40979 1.35313e-14
0.231514 -0.513135 1.3297e-14
3.04103 -0.617815 1.30597e-14
5.88236 -0.72368 1.28196e-14
8.75193 -0.830583 1.25772e-14
11.6461 -0.938374 1.23328e-14
14.561 -1.04689 1.20868e-14
17.4926 -1.15598 1.18394e-14
20.4371 -1.26547 1.15911e-14
23.3905 -1.3752 1.13422e-14
26.3491 -1.48503 1.10931e-14
29.3087 -1.5948 1.08441e-14
32.2658 -1.70434 1.05955e-14
35.2168 -1.81353 1.03477e-14
38.1575 -1.92221 1.0101e-14
41.0846 -2.03025 9.85574e-15
43.9955 -2.13758 9.61199e-15
46.8888 -2.24425 9.36959e-15
49.7623 -2.35008 9.12905e-15
52.6145 -2.45494 8.89067e-15
55.4462 -2.55891 8.65426e-15
58.2574 -2.66199 8.41985e-15
61.0495 -2.76423 8.18728e-15
63.8239 -2.8657 7.95643e-15
66.581 -2.96648 7.72704e-15
69.3214 -3.06664 7.49891e-15
72.0495 -3.16629 7.27188e-15
74.7687 -3.26555 7.04574e-15
77.4804 -3.3645 6.82028e-15
80.1875 -3.46326 6.59527e-15
82.8921 -3.56191 6.37048e-15
85.5967 -3.66056 6.14569e-15
88.3035 -3.75932 5.92068e-15
91.0147 -3.85826 5.69524e-15
93.7323 -3.95748 5.4692e-15
96.4581 -4.05704 5.24239e-15
99.1935 -4.15702 5.01466e-15
101.94 -4.25746 4.78591e-15
104.697 -4.35837 4.55609e-15
107.44 -4.45795 4.32903e-15
110.172 -4.55653 4.10402e-15
112.915 -4.65566 3.87772e-15
115.664 -4.75508 3.65075e-15
118.422 -4.85489 3.42296e-15
121.186 -4.95495 3.19458e-15
123.95 -5.05505 2.96597e-15
126.717 -5.15527 2.73702e-15
129.492 -5.25585 2.5073e-15
132.273 -5.35671 2.27695e-15
135.061 -5.45795 2.04565e-15
137.856 -5.55955 1.81352e-15
140.661 -5.66153 1.58057e-15
143.475 -5.76391 1.3467e-15
146.299 -5.86671 1.11193e-15
149.132 -5.96993 8.76222e-16
151.975 -6.07355 6.39629e-16
154.826 -6.17756 4.02164e-16
157.685 -6.28193 1.63906e-16
160.551 -6.38661 -7.50236e-17
163.422 -6.49152 -3.14447e-16
166.295 -6.59658 -5.54176e-16
169.168 -6.70169 -7.94016e-16
172.038 -6.80677 -1.03376e-15
174.905 -6.91173 -1.27321e-15
177.764 -7.01646 -1.51214e-15
180.613 -7.12088 -1.75032e-15
183.45 -7.22485 -1.98748e-15
186.271 -7.32823 -2.2233e-15
189.072 -7.43089 -2.45746e-15
191.85 -7.53268 -2.68966e-15
194.601 -7.63346 -2.91956e-15
197.321 -7.73309 -3.14684e-15
200.008 -7.83143 -3.3712e-15
202.657 -7.92835 -3.59234e-15
205.267 -8.02375 -3.81005e-15
207.836 -8.11756 -4.02417e-15
210.361 -8.20971 -4.23453e-15
212.843 -8.30015 -4.44103e-15
215.279 -8.38885 -4.64359e-15
217.67 -8.47579 -4.84217e-15
220.015 -8.56097 -5.03677e-15
222.314 -8.64437 -5.22736e-15
224.567 -8.72597 -5.41386e-15
226.771 -8.8057 -5.59616e-15
228.926 -8.88353 -5.77415e-15
231.03 -8.95942 -5.94775e-15
233.084 -9.03334 -6.11688e-15
235.085 -9.10525 -6.28148e-15
237.034 -9.17514 -6.44152e-15
238.93 -9.24301 -6.59697e-15
240.773 -9.30887 -6.74787e-15
242.564 -9.37274 -6.89427e-15
244.304 -9.43466 -7.03624e-15
245.993 -9.49467 -7.17388e-15
247.632 -9.5528 -7.30726e-15
249.221 -9.60911 -7.43649e-15
250.763 -9.66364 -7.56165e-15
252.258 -9.71644 -7.68287e-15
253.707 -9.7676 -7.80036e-15
255.114 -9.81724 -7.91436e-15
256.482 -9.86546 -8.02512e-15
257.812 -9.9124 -8.13291e-15
259.108 -9.95818 -8.23804e-15
260.374 -10.003 -8.34085e-15
261.613 -10.0469 -8.44167e-15
262.828 -10.0901 -8.54081e-15
264.023 -10.1328 -8.63852e-15
265.199 -10.1749 -8.73503e-15
266.359 -10.2166 -8.83051e-15
267.504 -10.258 -8.92514e-15
268.635 -10.2991 -9.01902e-15
269.753 -10.34 -9.11226e-15
270.86 -10.3806 -9.20489e-15
271.954 -10.421 -9.2969e-15
273.035 -10.461 -9.38812e-15
274.099 -10.5007 -9.47831e-15
275.143 -10.5398 -9.56718e-15
276.164 -10.5782 -9.65441e-15
277.159 -10.6158 -9.73973e-15
278.126 -10.6524 -9.82287e-15
279.061 -10.688 -9.90354e-15
279.961 -10.7224 -9.98144e-15
280.822 -10.7554 -1.00561e-14
281.639 -10.7868 -1.01272e-14
282.406 -10.8164 -1.01942e-14
283.121 -10.844 -1.02567e-14
283.777 -10.8695 -1.03142e-14
284.372 -10.8926 -1.03664e-14
284.902 -10.9133 -1.0413e-14
285.363 -10.9313 -1.04537e-14
285.752 -10.9465 -1.04881e-14
286.065 -10.9588 -1.05159e-14
286.299 -10.9681 -1.05368e-14
286.452 -10.9742 -1.05505e-14
286.52 -10.977 -1.05569e-14
286.502 -10.9765 -1.05557e-14
286.395 -10.9725 -1.05466e-14
286.199 -10.965 -1.05297e-14
285.912 -10.954 -1.05047e-14
285.534 -10.9394 -1.04718e-14
285.066 -10.9213 -1.04309e-14
284.507 -10.8997 -1.03821e-14
283.86 -10.8746 -1.03256e-14
283.129 -10.8463 -1.02616e-14
282.315 -10.8149 -1.01906e-14
281.423 -10.7805 -1.01128e-14
280.457 -10.7432 -1.00285e-14
279.42 -10.7033 -9.93826e-15
278.317 -10.6609 -9.84231e-15
277.151 -10.6161 -9.74104e-15
275.925 -10.5692 -9.63476e-15
274.642 -10.5201 -9.52372e-15
273.305 -10.4691 -9.40817e-15
271.916 -10.4162 -9.28834e-15
270.479 -10.3616 -9.16451e-15
268.995 -10.3053 -9.03693e-15
267.468 -10.2475 -8.90586e-15
265.901 -10.1883 -8.77155e-15
264.296 -10.1279 -8.63429e-15
262.657 -10.0662 -8.49433e-15
260.986 -10.0036 -8.35197e-15
259.287 -9.93997 -8.20744e-15
257.562 -9.87556 -8.06101e-15
255.815 -9.81045 -7.91291e-15
254.047 -9.74474 -7.76338e-15
252.261 -9.6785 -7.6126e-15
250.458 -9.61178 -7.46066e-15
248.638 -9.5446 -7.30761e-15
246.803 -9.47697 -7.15347e-15
244.951 -9.40888 -6.99824e-15
243.085 -9.34036 -6.84197e-15
241.203 -9.27142 -6.6847e-15
239.308 -9.20208 -6.52647e-15
237.399 -9.13238 -6.36736e-15
235.479 -9.06237 -6.2075e-15
233.55 -8.99214 -6.04708e-15
231.614 -8.92177 -5.88631e-15
229.673 -8.85134 -5.72534e-15
227.728 -8.78087 -5.56423e-15
225.779 -8.71039 -5.40304e-15
223.826 -8.63988 -5.24175e-15
221.87 -8.56935 -5.08036e-15
219.911 -8.49875 -4.91879e-15
217.946 -8.42806 -4.75696e-15
215.975 -8.35721 -4.59475e-15
213.997 -8.28617 -4.43206e-15
212.01 -8.21486 -4.26875e-15
210.015 -8.14324 -4.10472e-15
208.008 -8.07125 -3.93983e-15
205.99 -7.99883 -3.77395e-15
203.957 -7.92587 -3.60683e-15
201.906 -7.85224 -3.4382e-15
199.835 -7.77781 -3.26777e-15
197.741 -7.70246 -3.09526e-15
195.619 -7.62602 -2.9203e-15
193.466 -7.54833 -2.74251e-15
191.278 -7.46921 -2.56152e-15
189.05 -7.38852 -2.37699e-15
186.782 -7.30613 -2.18867e-15
184.469 -7.22196 -1.99636e-15
182.111 -7.13593 -1.79988e-15
179.706 -7.04801 -1.59914e-15
177.255 -6.9582 -1.39419e-15
174.76 -6.86657 -1.18515e-15
172.223 -6.7732 -9.72216e-16
169.646 -6.67819 -7.55599e-16
167.031 -6.58164 -5.35561e-16
164.383 -6.48371 -3.124e-16
161.704 -6.38452 -8.64386e-17
158.999 -6.28423 1.41982e-16
156.27 -6.183 3.72522e-16
153.523 -6.08097 6.04832e-16
150.76 -5.97832 8.38555e-16
147.985 -5.87519 1.07334e-15
145.202 -5.77174 1.30886e-15
142.415 -5.66809 1.54482e-15
139.626 -5.56438 1.78091e-15
136.837 -5.46077 2.01669e-15
134.052 -5.3574 2.25191e-15
131.277 -5.25442 2.48625e-15
128.515 -5.15201 2.7193e-15
125.769 -5.05028 2.95084e-15
123.035 -4.9491 3.18101e-15
120.319 -4.84861 3.40959e-15
117.622 -4.74903 3.63609e-15
114.945 -4.65027 3.86072e-15
112.292 -4.55268 4.08283e-15
109.666 -4.45637 4.30211e-15
107.061 -4.36095 4.5194e-15
104.474 -4.26632 4.73494e-15
101.907 -4.1725 4.94868e-15
99.3569 -4.07943 5.16076e-15
96.824 -3.98707 5.37124e-15
94.3063 -3.89535 5.58028e-15
91.8022 -3.80421 5.78806e-15
89.3091 -3.71353 5.99479e-15
86.8247 -3.62322 6.20071e-15
84.3463 -3.53318 6.40605e-15
81.8721 -3.4433 6.611e-15
79.3999 -3.35352 6.81574e-15
76.9281 -3.26375 7.02046e-15
74.4544 -3.17391 7.22531e-15
71.9768 -3.08394 7.43039e-15
69.4927 -2.99376 7.63583e-15
67.0026 -2.90335 7.84178e-15
64.5068 -2.81266 8.04835e-15
62.0045 -2.72168 8.25555e-15
59.4966 -2.63043 8.46335e-15
56.9833 -2.53892 8.67172e-15
54.4656 -2.44718 8.88061e-15
51.9439 -2.35522 9.08996e-15
49.4191 -2.26308 9.2997e-15
46.892 -2.17078 9.50976e-15
44.3653 -2.07857 9.71951e-15
41.8393 -1.98639 9.92916e-15
39.3128 -1.89405 1.01392e-14
36.7873 -1.80167 1.03492e-14
34.2628 -1.70922 1.05594e-14
31.7393 -1.61671 1.07696e-14
29.216 -1.52409 1.09801e-14
26.6924 -1.43133 1.11909e-14
24.1681 -1.33842 1.1402e-14
21.6435 -1.24536 1.16134e-14
19.1195 -1.15219 1.18249e-14
16.597 -1.05894 1.20367e-14
14.0776 -0.965664 1.22484e-14
11.5633 -0.872449 1.24599e-14
9.05697 -0.779401 1.26711e-14
6.56137 -0.686632 1.28815e-14
4.07983 -0.594276 1.3091e-14
1.61618 -0.502485 1.32992e-14
-0.82533 -0.411431 1.35057e-14
-3.2403 -0.321291 1.371e-14
-5.62438 -0.232242 1.39119e-14
-7.97359 -0.144446 1.41109e-14
-10.2841 -0.0580571 1.43068e-14
-12.5523 0.0267724 1.4499e-14
-14.7743 0.109892 1.46874e-14
-16.9468 0.191155 1.48716e-14
-19.0661 0.27042 1.50513e-14
-21.1289 0.34755 1.52261e-14
-23.132 0.422407 1.53958e-14
-25.0716 0.494844 1.556e-14
-26.944 0.564707 1.57184e-14
-28.7457 0.631855 1.58706e-14
-30.4736 0.696158 1.60165e-14
-32.1251 0.757512 1.61556e-14
-33.698 0.815831 1.6288e-14
-35.1906 0.871045 1.64133e-14
-36.6016 0.923103 1.65315e-14
-37.9304 0.971979 1.66425e-14
-39.1768 1.01767 1.67464e-14
-40.341 1.06018 1.6843e-14
-41.4232 1.09953 1.69325e-14
-42.4234 1.13573 1.70149e-14
-43.3414 1.16875 1.70902e-14
-44.1772 1.19861 1.71583e-14
-44.9309 1.22533 1.72193e-14
-45.6027 1.2489 1.72732e-14
-46.1927 1.26935 1.732e-14
-46.7015 1.2867 1.73598e-14
-47.1297 1.30098 1.73927e-14
-47.4784 1.31224 1.74187e-14
-47.749 1.32055 1.74381e-14
-47.9431 1.32597 1.74509e-14
-48.0628 1.3286 1.74574e-14
-48.1109 1.32855 1.74579e-14
-48.0906 1.32596 1.74525e-14
-48.0056 1.32098 1.74418e-14
-47.8592 1.31376 1.74259e-14
-47.6549 1.30444 1.74053e-14
-47.3963 1.29316 1.73802e-14
-47.0864 1.28005 1.73509e-14
-46.7287 1.26525 1.73178e-14
-46.327 1.24891 1.72811e-14
-45.8852 1.2312 1.72413e-14
-45.4071 1.21226 1.71986e-14
-44.8962 1.19224 1.71535e-14
-44.3557 1.17126 1.71061e-14
-43.7882 1.14943 1.70568e-14
-43.1964 1.12685 1.70057e-14
-42.5822 1.1036 1.69531e-14
-41.9476 1.07975 1.6899e-14
-41.2938 1.05534 1.68436e-14
-40.622 1.03042 1.6787e-14
-39.9328 1.00501 1.67292e-14
-39.226 0.979074 1.66703e-14
-38.5006 0.952582 1.661e-14
-37.7554 0.925475 1.65482e-14
-36.9895 0.8977 1.6485e-14
-36.2019 0.869216 1.642e-14
-35.3921 0.839992 1.63534e-14
-34.5596 0.809994 1.6285e-14
-33.7036 0.779188 1.62148e-14
-32.8234 0.747536 1.61426e-14
-31.9184 0.715 1.60684e-14
-30.9877 0.681544 1.59921e-14
-30.0302 0.647108 1.59136e-14
-29.0431 0.611583 1.58326e-14
-28.0231 0.574823 1.57488e-14
-26.9667 0.536684 1.5662e-14
-25.871 0.497044 1.55717e-14
-24.7343 0.455829 1.54778e-14
-23.5557 0.412999 1.53803e-14
-22.3346 0.368528 1.52792e-14
-21.0707 0.322405 1.51743e-14
-19.7643 0.27464 1.50657e-14
-18.4162 0.225263 1.49534e-14
-17.0274 0.17431 1.48376e-14
-15.5991 0.121839 1.47184e-14
-14.1334 0.0679347 1.4596e-14
-12.6331 0.0127044 1.44705e-14
-11.101 -0.043737 1.43424e-14
-9.53956 -0.10128 1.42117e-14
-7.95116 -0.159834 1.40788e-14
-6.33763 -0.219321 1.39437e-14
-4.70083 -0.279666 1.38067e-14
-3.04276 -0.340786 1.36679e-14
-1.36571 -0.402587 1.35276e-14
0.327795 -0.464968 1.3386e-14
2.03527 -0.527827 1.32433e-14
3.75414 -0.59106 1.30997e-14
5.48157 -0.654554 1.29555e-14
7.21459 -0.718188 1.2811e-14
8.95032 -0.781847 1.26663e-14
10.6863 -0.845435 1.25219e-14
12.4211 -0.908893 1.23777e-14
14.154 -0.97219 1.22338e-14
15.8842 -1.0353 1.20903e-14
17.6115 -1.09822 1.19473e-14
19.3356 -1.16093 1.18047e-14
21.0563 -1.22344 1.16625e-14
22.7739 -1.28575 1.15208e-14
24.4884 -1.34786 1.13794e-14
26.2002 -1.4098 1.12385e-14
27.9098 -1.47159 1.10978e-14
29.6178 -1.53324 1.09575e-14
31.3248 -1.5948 1.08174e-14
33.0309 -1.65627 1.06774e-14
34.7369 -1.71768 1.05375e-14
36.4438 -1.77907 1.03976e-14
38.1522 -1.84045 1.02577e-14
39.8636 -1.90189 1.01177e-14
41.5805 -1.96359 9.97711e-15
43.3049 -2.02558 9.83573e-15
45.0372 -2.08783 9.69378e-15
46.7791 -2.15041 9.55108e-15
48.5317 -2.21335 9.40753e-15
50.295 -2.27672 9.26295e-15
52.071 -2.34055 9.11728e-15
53.8616 -2.40489 8.97046e-15
55.6652 -2.46977 8.8223e-15
57.4849 -2.53525 8.67275e-15
59.3224 -2.60138 8.52174e-15
61.1779 -2.66818 8.36919e-15
63.0522 -2.73569 8.21506e-15
64.9452 -2.80389 8.05933e-15
66.8577 -2.87283 7.90195e-15
68.7902 -2.94252 7.74284e-15
70.7436 -3.01302 7.58192e-15
72.7187 -3.08436 7.41911e-15
74.7164 -3.15657 7.25433e-15
76.7373 -3.22969 7.0875e-15
78.782 -3.30375 6.91855e-15
80.851 -3.37877 6.74744e-15
82.9445 -3.45477 6.57413e-15
85.0605 -3.53173 6.3986e-15
87.1989 -3.60961 6.22099e-15
89.359 -3.68837 6.04145e-15
91.539 -3.76796 5.86003e-15
93.7379 -3.84836 5.67679e-15
95.9555 -3.92955 5.49179e-15
98.1911 -4.0115 5.30508e-15
100.444 -4.0942 5.11673e-15
102.712 -4.17759 4.92685e-15
104.983 -4.2608 4.73727e-15
107.247 -4.34319 4.54937e-15
109.518 -4.42588 4.36079e-15
111.8 -4.50914 4.17099e-15
114.086 -4.59265 3.98065e-15
116.378 -4.67646 3.78967e-15
118.664 -4.76021 3.59867e-15
120.945 -4.84387 3.40781e-15
123.222 -4.92742 3.2173e-15
125.488 -5.01065 3.02753e-15
127.74 -5.09341 2.83884e-15
129.975 -5.1756 2.65146e-15
132.192 -5.25715 2.46558e-15
134.389 -5.33797 2.28136e-15
136.563 -5.41798 2.09899e-15
138.713 -5.49712 1.9186e-15
140.838 -5.57532 1.74037e-15
142.935 -5.65252 1.56443e-15
145.004 -5.72864 1.39092e-15
147.042 -5.80363 1.21999e-15
149.049 -5.87743 1.05177e-15
151.022 -5.94999 8.86375e-16
152.961 -6.02124 7.23948e-16
154.862 -6.09109 5.64687e-16
156.725 -6.15945 4.08826e-16
158.545 -6.2262 2.56589e-16
160.321 -6.29128 1.08156e-16
162.052 -6.35464 -3.63953e-17
163.739 -6.41629 -1.77053e-16
165.38 -6.47623 -3.13837e-16
166.976 -6.53446 -4.46755e-16
168.527 -6.59098 -5.75789e-16
170.032 -6.64576 -7.00891e-16
171.491 -6.6988 -8.22033e-16
172.903 -6.75009 -9.39182e-16
174.268 -6.79961 -1.05232e-15
175.586 -6.84735 -1.16143e-15
176.856 -6.89332 -1.2665e-15
178.078 -6.93752 -1.36753e-15
179.252 -6.97995 -1.46455e-15
180.379 -7.02063 -1.55759e-15
181.459 -7.05959 -1.64668e-15
182.492 -7.09683 -1.73187e-15
183.479 -7.13239 -1.81321e-15
184.419 -7.16629 -1.89077e-15
185.315 -7.19856 -1.9646e-15
186.165 -7.22922 -2.03473e-15
186.971 -7.25824 -2.10113e-15
187.729 -7.2856 -2.1637e-15
188.44 -7.31125 -2.22237e-15
189.102 -7.33515 -2.27705e-15
189.716 -7.3573 -2.32771e-15
190.28 -7.37768 -2.37434e-15
190.796 -7.39632 -2.41696e-15
191.262 -7.41319 -2.45554e-15
191.679 -7.42828 -2.49008e-15
192.046 -7.44159 -2.5205e-15
192.363 -7.45308 -2.54679e-15
192.629 -7.46275 -2.56889e-15
192.845 -7.4706 -2.58686e-15
193.012 -7.47668 -2.60076e-15
193.13 -7.48101 -2.61066e-15
193.201 -7.48362 -2.61664e-15
193.224 -7.48452 -2.6187e-15
193.199 -7.48366 -2.61676e-15
193.126 -7.48103 -2.61077e-15
193.005 -7.47662 -2.60073e-15
192.836 -7.47044 -2.58666e-15
192.619 -7.4625 -2.56858e-15
192.354 -7.45281 -2.54651e-15
192.044 -7.44139 -2.52051e-15
191.686 -7.42826 -2.4906e-15
191.284 -7.41345 -2.45687e-15
190.837 -7.39699 -2.41939e-15
190.347 -7.3789 -2.37821e-15
189.813 -7.35921 -2.33336e-15
189.237 -7.33791 -2.28488e-15
188.617 -7.31503 -2.23277e-15
187.956 -7.29057 -2.1771e-15
187.254 -7.26459 -2.11797e-15
186.513 -7.23718 -2.05556e-15
185.736 -7.2084 -1.99005e-15
184.923 -7.17833 -1.9216e-15
184.078 -7.14703 -1.85034e-15
183.2 -7.11453 -1.77635e-15
182.29 -7.08088 -1.69973e-15
181.35 -7.04611 -1.62056e-15
180.381 -7.01027 -1.53893e-15
179.385 -6.97339 -1.45497e-15
178.361 -6.93554 -1.36874e-15
177.311 -6.89672 -1.28035e-15
176.235 -6.85695 -1.18975e-15
175.132 -6.81619 -1.0969e-15
174.001 -6.77439 -1.0017e-15
172.842 -6.73155 -9.04109e-16
171.654 -6.68764 -8.04078e-16
170.437 -6.64264 -7.01592e-16
169.192 -6.59656 -5.96639e-16
167.917 -6.54939 -4.8918e-16
166.611 -6.50105 -3.79088e-16
165.273 -6.45147 -2.66186e-16
163.899 -6.40058 -1.50296e-16
162.49 -6.3483 -3.12646e-17
161.043 -6.29459 9.10187e-17
159.557 -6.23941 2.16628e-16
158.033 -6.18273 3.4562e-16
156.469 -6.12457 4.77999e-16
154.867 -6.06495 6.1366e-16
153.229 -6.00397 7.52421e-16
151.558 -5.94172 8.94077e-16
149.855 -5.8783 1.03839e-15
148.124 -5.81385 1.18503e-15
146.37 -5.74855 1.33364e-15
144.596 -5.68257 1.48383e-15
142.806 -5.61606 1.63524e-15
141.004 -5.54917 1.78753e-15
139.194 -5.48204 1.94039e-15
137.378 -5.41481 2.09354e-15
135.56 -5.34759 2.24671e-15
133.742 -5.28047 2.3997e-15
131.925 -5.21352 2.55233e-15
130.111 -5.14682 2.70445e-15
128.302 -5.08042 2.85595e-15
126.499 -5.01437 3.00669e-15
124.704 -4.94873 3.15654e-15
122.918 -4.88356 3.30541e-15
121.141 -4.81886 3.45323e-15
119.374 -4.75465 3.59997e-15
117.611 -4.69076 3.74586e-15
115.854 -4.62719 3.891e-15
114.105 -4.564 4.03535e-15
112.359 -4.50102 4.17922e-15
110.614 -4.43812 4.32296e-15
108.867 -4.37529 4.46657e-15
107.119 -4.31258 4.60998e-15
105.359 -4.24951 4.75422e-15
103.583 -4.18577 4.89995e-15
101.787 -4.12129 5.04734e-15
99.9674 -4.05587 5.19686e-15
98.1219 -3.98943 5.34867e-15
96.2482 -3.92186 5.50304e-15
94.3435 -3.85309 5.66002e-15
92.4068 -3.78305 5.81984e-15
90.4378 -3.7117 5.9826e-15
88.4351 -3.63901 6.14838e-15
86.3987 -3.56496 6.31722e-15
84.3279 -3.48953 6.48916e-15
82.2224 -3.4127 6.66423e-15
80.0817 -3.33446 6.84246e-15
77.9057 -3.25481 7.02388e-15
75.6947 -3.17376 7.20843e-15
73.4507 -3.0914 7.39595e-15
71.1763 -3.00782 7.58619e-15
68.8744 -2.92316 7.77887e-15
66.5484 -2.83754 7.9737e-15
64.2016 -2.75111 8.17036e-15
61.8378 -2.66402 8.36852e-15
59.4606 -2.57643 8.56782e-15
57.0734 -2.48845 8.76799e-15
54.6763 -2.40015 8.96879e-15
52.2719 -2.31162 9.17009e-15
49.8615 -2.2229 9.3718e-15
47.446 -2.13402 9.57385e-15
45.0266 -2.04499 9.77626e-15
42.6026 -1.9558 9.97902e-15
40.1743 -1.86645 1.01822e-14
37.7431 -1.77714 1.03851e-14
35.31 -1.68783 1.05881e-14
32.8751 -1.59842 1.07913e-14
30.441 -1.50906 1.09943e-14
28.0094 -1.41978 1.11972e-14
25.5814 -1.33066 1.13998e-14
23.1587 -1.24174 1.16018e-14
20.7427 -1.15307 1.18033e-14
18.3347 -1.0647 1.20041e-14
15.9356 -0.976662 1.22042e-14
13.5462 -0.888983 1.24034e-14
11.1672 -0.801688 1.26018e-14
8.79972 -0.714815 1.27993e-14
6.44478 -0.628406 1.29956e-14
4.10386 -0.542517 1.31908e-14
1.77838 -0.457203 1.33847e-14
-0.529837 -0.372534 1.35771e-14
-2.81825 -0.288611 1.37679e-14
-5.08375 -0.205558 1.39566e-14
-7.32323 -0.123497 1.41432e-14
-9.53366 -0.0425498 1.43272e-14
-11.7121 0.0371679 1.45084e-14
-13.8558 0.115546 1.46866e-14
-15.9622 0.19248 1.48616e-14
-18.0291 0.267888 1.50331e-14
-20.0554 0.341731 1.52011e-14
-22.041 0.413999 1.53655e-14
-23.9858 0.484698 1.55264e-14
-25.8901 0.55384 1.56837e-14
-27.7545 0.621459 1.58377e-14
-29.5801 0.687598 1.59882e-14
-31.3679 0.752307 1.61356e-14
-33.1193 0.815645 1.62798e-14
-34.8359 0.877683 1.64211e-14
-36.5195 0.938498 1.65596e-14
-38.1718 0.998172 1.66956e-14
-39.7952 1.0568 1.68291e-14
-41.3927 1.11451 1.69605e-14
-42.9679 1.17146 1.70902e-14
-44.5243 1.22778 1.72185e-14
-46.0655 1.28364 1.73457e-14
-47.5953 1.33919 1.74721e-14
-49.1176 1.39459 1.75981e-14
-50.636 1.44999 1.77241e-14
-52.1534 1.50552 1.78504e-14
-53.671 1.5612 1.79769e-14
-55.1888 1.61707 1.81038e-14
-56.7063 1.67308 1.8231e-14
-58.2225 1.7292 1.83584e-14
-59.7354 1.78535 1.84858e-14
-61.2422 1.84141 1.86129e-14
-62.7399 1.89726 1.87396e-14
-64.225 1.95275 1.88653e-14
-65.6936 2.00772 1.89899e-14
-67.1414 2.06199 1.91128e-14
-68.5639 2.11538 1.92338e-14
-69.9569 2.16771 1.93523e-14
-71.3169 2.21883 1.9468e-14
-72.6409 2.26861 1.95808e-14
-73.9259 2.31694 1.96902e-14
-75.1692 2.3637 1.97961e-14
-76.3674 2.40874 1.98981e-14
-77.5173 2.45193 1.99959e-14
-78.6157 2.49314 2.00892e-14
-79.6595 2.53225 2.01778e-14
-80.6457 2.56912 2.02614e-14
-81.5713 2.60364 2.03396e-14
-82.4334 2.63569 2.04123e-14
-83.2299 2.66518 2.04792e-14
-83.9594 2.69205 2.05402e-14
-84.6209 2.71628 2.05952e-14
-85.2142 2.73784 2.06443e-14
-85.7393 2.75676 2.06873e-14
-86.1966 2.77303 2.07245e-14
-86.5871 2.78672 2.07557e-14
-86.912 2.79787 2.07813e-14
-87.1728 2.80654 2.08013e-14
-87.3715 2.81283 2.08158e-14
-87.5102 2.81682 2.08252e-14
-87.5913 2.81862 2.08297e-14
-87.6174 2.81832 2.08294e-14
-87.5909 2.81605 2.08246e-14
-87.5144 2.81191 2.08156e-14
-87.3906 2.806 2.08026e-14
-87.222 2.79844 2.07858e-14
-87.0116 2.78934 2.07656e-14
-86.762 2.77883 2.07421e-14
-86.4763 2.76702 2.07157e-14
-86.1566 2.75399 2.06865e-14
-85.804 2.7398 2.06546e-14
-85.4184 2.72444 2.06201e-14
-84.9995 2.70791 2.05828e-14
-84.5472 2.6902 2.05429e-14
-84.0613 2.6713 2.05003e-14
-83.5422 2.65123 2.0455e-14
-82.9898 2.62999 2.0407e-14
-82.4043 2.60758 2.03564e-14
-81.7868 2.58404 2.03031e-14
-81.1382 2.55942 2.02474e-14
-80.4597 2.53376 2.01893e-14
-79.7524 2.5071 2.0129e-14
-79.0166 2.47946 2.00663e-14
-78.2526 2.45086 2.00015e-14
-77.4604 2.42128 1.99344e-14
-76.6401 2.39073 1.98651e-14
-75.7919 2.35922 1.97936e-14
-74.9163 2.32677 1.972e-14
-74.0134 2.29339 1.96442e-14
-73.0839 2.2591 1.95663e-14
-72.1286 2.22393 1.94864e-14
-71.1488 2.18793 1.94046e-14
-70.1455 2.15115 1.93209e-14
-69.1205 2.11366 1.92357e-14
-68.0767 2.07557 1.9149e-14
-67.0179 2.03703 1.90613e-14
-65.9479 1.99818 1.89729e-14
-64.8697 1.95917 1.88841e-14
-63.7853 1.92004 1.87949e-14
-62.6958 1.88086 1.87056e-14
-61.602 1.84163 1.86162e-14
-60.5037 1.80237 1.85266e-14
-59.4 1.763 1.84368e-14
-58.2887 1.72345 1.83465e-14
-57.1677 1.68361 1.82556e-14
-56.034 1.64336 1.81637e-14
-54.884 1.60255 1.80705e-14
-53.7131 1.56098 1.79756e-14
-52.5171 1.51847 1.78785e-14
-51.2915 1.47484 1.77789e-14
-50.0326 1.42992 1.76764e-14
-48.737 1.38357 1.75707e-14
-47.4016 1.33566 1.74615e-14
-46.0235 1.28606 1.73485e-14
-44.6004 1.23468 1.72315e-14
-43.1301 1.18143 1.71102e-14
-41.611 1.12622 1.69846e-14
-40.0415 1.06901 1.68545e-14
-38.4203 1.00973 1.67198e-14
-36.7459 0.948333 1.65802e-14
-35.0175 0.88477 1.64359e-14
-33.2347 0.819038 1.62866e-14
-31.3985 0.751178 1.61326e-14
-29.5107 0.68127 1.5974e-14
-27.5737 0.609409 1.58109e-14
-25.5895 0.535689 1.56438e-14
-23.5597 0.460176 1.54725e-14
-21.4853 0.382921 1.52974e-14
-19.3674 0.303975 1.51184e-14
-17.2074 0.223405 1.49358e-14
-15.0072 0.141293 1.47497e-14
-12.7688 0.0577303 1.45603e-14
-10.4945 -0.0271846 1.43678e-14
-8.18626 -0.113364 1.41725e-14
-5.84532 -0.200747 1.39745e-14
-3.47262 -0.289289 1.37738e-14
-1.06892 -0.378953 1.35706e-14
1.36451 -0.469679 1.33649e-14
3.82512 -0.561361 1.31571e-14
6.30961 -0.65386 1.29473e-14
8.81464 -0.747036 1.2736e-14
11.3371 -0.840759 1.25235e-14
13.8739 -0.934905 1.23099e-14
16.4222 -1.02936 1.20956e-14
18.9792 -1.12402 1.18808e-14
21.5426 -1.21878 1.16657e-14
24.1101 -1.31355 1.14505e-14
26.6793 -1.40823 1.12355e-14
29.2479 -1.50273 1.10208e-14
31.8141 -1.597 1.08067e-14
34.3768 -1.69098 1.05931e-14
36.9352 -1.78466 1.03801e-14
39.4889 -1.87802 1.01679e-14
42.039 -1.97122 9.95588e-15
44.5862 -2.0643 9.74407e-15
47.1298 -2.15713 9.53278e-15
49.6709 -2.24978 9.32189e-15
52.2095 -2.34229 9.11123e-15
54.7475 -2.43472 8.9007e-15
57.2866 -2.52713 8.69022e-15
59.8256 -2.61955 8.47959e-15
62.3674 -2.71207 8.26868e-15
64.9146 -2.80479 8.05735e-15
67.4693 -2.8978 7.84536e-15
70.0335 -2.99118 7.63252e-15
72.6084 -3.085 7.4187e-15
75.1941 -3.17926 7.20389e-15
77.7895 -3.27394 6.98816e-15
80.3932 -3.36898 6.77163e-15
83.0037 -3.46432 6.55442e-15
85.6191 -3.5599 6.3367e-15
88.2371 -3.65564 6.11865e-15
90.8555 -3.75144 5.90047e-15
93.4718 -3.84721 5.68237e-15
96.083 -3.94284 5.46462e-15
98.6859 -4.03819 5.2475e-15
101.277 -4.13315 5.03129e-15
103.854 -4.22761 4.81624e-15
106.414 -4.3215 4.60241e-15
108.944 -4.41391 4.3918e-15
111.435 -4.50416 4.18585e-15
113.905 -4.59359 3.98174e-15
116.36 -4.68258 3.77869e-15
118.796 -4.77086 3.57725e-15
121.209 -4.85839 3.3774e-15
123.601 -4.94516 3.17923e-15
125.976 -5.0314 2.98232e-15
128.331 -5.11699 2.7868e-15
130.666 -5.20196 2.59271e-15
132.98 -5.28623 2.40024e-15
135.273 -5.36978 2.20944e-15
137.543 -5.45252 2.0205e-15
139.788 -5.53439 1.83355e-15
142.005 -5.61532 1.64878e-15
144.195 -5.69526 1.46627e-15
146.355 -5.77418 1.28613e-15
148.485 -5.85203 1.10842e-15
150.584 -5.92877 9.33249e-16
152.65 -6.00436 7.60735e-16
154.683 -6.07872 5.91005e-16
156.68 -6.15181 4.24196e-16
158.641 -6.22356 2.60451e-16
160.562 -6.29389 9.99355e-17
162.444 -6.36273 -5.71848e-17
164.283 -6.43 -2.10736e-16
166.078 -6.49563 -3.60571e-16
167.828 -6.55959 -5.06579e-16
169.533 -6.62182 -6.48691e-16
171.192 -6.68231 -7.86844e-16
172.803 -6.74103 -9.20973e-16
174.367 -6.79792 -1.05097e-15
175.882 -6.85294 -1.17673e-15
177.347 -6.90604 -1.29813e-15
178.761 -6.95718 -1.41512e-15
180.124 -7.00639 -1.52772e-15
181.438 -7.0537 -1.63604e-15
182.705 -7.09917 -1.74018e-15
183.925 -7.14286 -1.8403e-15
185.1 -7.18482 -1.9365e-15
186.232 -7.22511 -2.02891e-15
187.321 -7.26378 -2.11768e-15
188.371 -7.30091 -2.20294e-15
189.381 -7.33655 -2.28483e-15
190.354 -7.37076 -2.36349e-15
191.29 -7.40361 -2.43904e-15
192.192 -7.43516 -2.51163e-15
193.06 -7.46543 -2.58132e-15
193.894 -7.49444 -2.64815e-15
194.695 -7.52221 -2.71216e-15
195.463 -7.54878 -2.77341e-15
196.2 -7.5742 -2.83206e-15
196.907 -7.59857 -2.88829e-15
197.588 -7.62198 -2.9423e-15
198.243 -7.64451 -2.9943e-15
198.876 -7.66629 -3.04457e-15
199.489 -7.68745 -3.09336e-15
200.087 -7.7081 -3.14097e-15
200.67 -7.72835 -3.18762e-15
201.241 -7.74829 -3.23351e-15
201.802 -7.76799 -3.27878e-15
202.353 -7.7875 -3.32355e-15
202.897 -7.80686 -3.36793e-15
203.433 -7.82612 -3.41201e-15
203.962 -7.8453 -3.45585e-15
204.485 -7.86444 -3.49951e-15
205.003 -7.88352 -3.54298e-15
205.513 -7.90254 -3.58622e-15
206.016 -7.92143 -3.62911e-15
206.509 -7.94013 -3.67152e-15
206.992 -7.9586 -3.71331e-15
207.463 -7.97679 -3.75442e-15
207.922 -7.99468 -3.79478e-15
208.369 -8.01225 -3.83436e-15
208.802 -8.02946 -3.87306e-15
209.22 -8.04623 -3.91072e-15
209.621 -8.06247 -3.94713e-15
210.003 -8.07809 -3.98209e-15
210.363 -8.09299 -4.01535e-15
210.698 -8.10705 -4.0467e-15
211.007 -8.12019 -4.07591e-15
211.287 -8.13227 -4.10273e-15
211.535 -8.1432 -4.12688e-15
211.748 -8.15284 -4.14812e-15
211.924 -8.16107 -4.16615e-15
212.06 -8.16778 -4.18072e-15
212.152 -8.17284 -4.19155e-15
212.198 -8.17614 -4.1984e-15
212.196 -8.17758 -4.20104e-15
212.143 -8.17706 -4.19925e-15
212.037 -8.17449 -4.19282e-15
211.875 -8.16976 -4.18152e-15
211.655 -8.16276 -4.16508e-15
211.373 -8.15339 -4.14329e-15
211.028 -8.14155 -4.11592e-15
210.617 -8.12714 -4.08274e-15
210.138 -8.11004 -4.04351e-15
209.587 -8.09019 -3.99804e-15
208.963 -8.06748 -3.94614e-15
208.264 -8.04187 -3.88768e-15
207.489 -8.01329 -3.82254e-15
206.637 -7.98173 -3.75063e-15
205.707 -7.94717 -3.67195e-15
204.701 -7.90963 -3.58656e-15
203.619 -7.8692 -3.49461e-15
202.464 -7.82595 -3.39628e-15
201.238 -7.77999 -3.29181e-15
199.944 -7.73144 -3.18149e-15
198.587 -7.68049 -3.0657e-15
197.169 -7.62729 -2.94483e-15
195.697 -7.57203 -2.81925e-15
194.172 -7.51488 -2.68937e-15
192.601 -7.45601 -2.55556e-15
190.988 -7.39559 -2.41823e-15
189.335 -7.3338 -2.27774e-15
187.648 -7.27081 -2.1345e-15
185.932 -7.2068 -1.9889e-15
184.19 -7.14194 -1.84134e-15
182.427 -7.0764 -1.69218e-15
180.646 -7.01035 -1.5418e-15
178.853 -6.94394 -1.39057e-15
177.05 -6.87734 -1.23884e-15
175.243 -6.81068 -1.08691e-15
173.433 -6.74407 -9.35059e-16
171.623 -6.67761 -7.83488e-16
169.815 -6.61138 -6.32391e-16
168.012 -6.54544 -4.81894e-16
166.213 -6.4798 -3.32015e-16
164.418 -6.41441 -1.82693e-16
162.626 -6.34926 -3.38362e-17
160.837 -6.28426 1.14683e-16
159.047 -6.21934 2.63065e-16
157.255 -6.15438 4.1156e-16
155.457 -6.08926 5.60425e-16
153.652 -6.02387 7.0992e-16
151.836 -5.95809 8.60305e-16
150.007 -5.89181 1.01183e-15
148.162 -5.82491 1.16475e-15
146.3 -5.75729 1.31928e-15
144.417 -5.68889 1.47557e-15
142.514 -5.61965 1.63375e-15
140.589 -5.54953 1.79392e-15
138.641 -5.47848 1.95616e-15
136.67 -5.40647 2.12054e-15
134.674 -5.33349 2.28712e-15
132.653 -5.25953 2.45585e-15
130.607 -5.18455 2.62679e-15
128.535 -5.10854 2.80007e-15
126.438 -5.03146 2.97574e-15
124.313 -4.95329 3.15386e-15
122.156 -4.87382 3.33478e-15
119.969 -4.7931 3.51844e-15
117.754 -4.71126 3.70467e-15
115.509 -4.62817 3.89366e-15
113.242 -4.54445 4.08416e-15
110.948 -4.45972 4.27696e-15
108.621 -4.37364 4.47277e-15
106.266 -4.28644 4.67108e-15
103.882 -4.19803 4.87211e-15
101.471 -4.10855 5.07552e-15
99.034 -4.01805 5.28118e-15
96.5746 -3.92666 5.48882e-15
94.096 -3.83448 5.69826e-15
91.6019 -3.74168 5.90907e-15
89.0972 -3.64843 6.12088e-15
86.5865 -3.55494 6.33324e-15
84.0745 -3.46138 6.54573e-15
81.5657 -3.36795 6.75795e-15
79.0643 -3.2748 6.96953e-15
76.5742 -3.1821 7.1801e-15
74.0997 -3.09001 7.38928e-15
71.6449 -2.99871 7.59671e-15
69.2142 -2.90836 7.80198e-15
66.8116 -2.81913 8.00475e-15
64.4412 -2.73118 8.20463e-15
62.1069 -2.64466 8.40129e-15
59.8124 -2.55973 8.59438e-15
57.5613 -2.47653 8.78359e-15
55.3568 -2.39518 8.96864e-15
53.2009 -2.31577 9.14932e-15
51.0953 -2.23836 9.32551e-15
49.0395 -2.16297 9.49705e-15
47.0357 -2.08968 9.66388e-15
45.0843 -2.01849 9.82593e-15
43.1853 -1.94941 9.98321e-15
41.3396 -1.88242 1.01358e-14
39.5458 -1.8175 1.02837e-14
37.8028 -1.75459 1.04271e-14
36.1093 -1.69375 1.05658e-14
34.4627 -1.63481 1.07002e-14
32.8593 -1.57753 1.08309e-14
31.2979 -1.52192 1.09578e-14
29.7769 -1.46788 1.10811e-14
28.2947 -1.41536 1.12011e-14
26.8497 -1.36428 1.13178e-14
25.4395 -1.31455 1.14314e-14
24.062 -1.26609 1.15422e-14
22.7149 -1.21878 1.16503e-14
21.3958 -1.17254 1.17561e-14
20.1027 -1.12727 1.18596e-14
18.8337 -1.08288 1.19612e-14
17.5868 -1.03931 1.20609e-14
16.36 -0.996453 1.21589e-14
15.1504 -0.954197 1.22556e-14
13.9552 -0.912415 1.23512e-14
12.7712 -0.870977 1.2446e-14
11.5953 -0.829752 1.25402e-14
10.4242 -0.788594 1.26343e-14
9.25421 -0.747357 1.27286e-14
8.08203 -0.705897 1.28233e-14
6.90511 -0.664106 1.29187e-14
5.72254 -0.62194 1.30149e-14
4.53464 -0.579409 1.31118e-14
3.34217 -0.536539 1.32095e-14
2.14657 -0.493382 1.33078e-14
0.950352 -0.450038 1.34064e-14
-0.243083 -0.406639 1.35052e-14
-1.43002 -0.363334 1.36036e-14
-2.60648 -0.320282 1.37015e-14
-3.76825 -0.277652 1.37983e-14
-4.91087 -0.235621 1.38938e-14
-6.02979 -0.194375 1.39874e-14
-7.1206 -0.15409 1.40788e-14
-8.17955 -0.11492 1.41677e-14
-9.20332 -0.076998 1.42537e-14
-10.1886 -0.0404583 1.43366e-14
-11.132 -0.00544281 1.4416e-14
-12.0296 0.0278895 1.44916e-14
-12.877 0.0593678 1.4563e-14
-13.6703 0.088823 1.46298e-14
-14.4058 0.116105 1.46916e-14
-15.0807 0.141107 1.47483e-14
-15.6934 0.163754 1.47997e-14
-16.2422 0.183981 1.48456e-14
-16.726 0.201738 1.48859e-14
-17.144 0.216995 1.49206e-14
-17.4961 0.229741 1.49496e-14
-17.7821 0.239975 1.49729e-14
-18.0024 0.247706 1.49905e-14
-18.1576 0.252961 1.50026e-14
-18.2488 0.255782 1.50091e-14
-18.2773 0.256217 1.50103e-14
-18.2445 0.25433 1.50062e-14
-18.1526 0.25021 1.4997e-14
-18.0042 0.243951 1.4983e-14
-17.8019 0.235659 1.49644e-14
-17.5482 0.225438 1.49415e-14
-17.2448 0.213354 1.49143e-14
-16.8927 0.199451 1.4883e-14
-16.493 0.183771 1.48477e-14
-16.047 0.166378 1.48085e-14
-15.5574 0.147367 1.47656e-14
-15.027 0.126864 1.47193e-14
-14.459 0.104997 1.467e-14
-13.8564 0.0818833 1.46178e-14
-13.2211 0.0576086 1.45629e-14
-12.5547 0.0322372 1.45055e-14
-11.8586 0.00582693 1.44458e-14
-11.1342 -0.0215645 1.43838e-14
-10.3828 -0.0498814 1.43197e-14
-9.60571 -0.0790686 1.42536e-14
-8.80414 -0.109076 1.41856e-14
-7.97946 -0.139846 1.41159e-14
-7.13345 -0.171306 1.40445e-14
-6.26815 -0.203372 1.39718e-14
-5.38552 -0.235964 1.38978e-14
-4.48748 -0.269003 1.38228e-14
-3.57617 -0.302402 1.37469e-14
-2.65378 -0.336073 1.36703e-14
-1.72228 -0.369936 1.35933e-14
-0.783403 -0.403922 1.35159e-14
0.161473 -0.437977 1.34384e-14
1.11128 -0.47206 1.33607e-14
2.06524 -0.506141 1.3283e-14
3.0231 -0.540214 1.32052e-14
3.98546 -0.574306 1.31274e-14
4.9536 -0.608473 1.30493e-14
5.92909 -0.642784 1.29709e-14
6.91346 -0.677305 1.2892e-14
7.90777 -0.712086 1.28124e-14
8.91283 -0.747167 1.27321e-14
9.92954 -0.78259 1.26511e-14
10.9591 -0.818413 1.25691e-14
12.0034 -0.854715 1.2486e-14
13.0646 -0.891594 1.24015e-14
14.1449 -0.92915 1.23155e-14
15.2466 -0.967477 1.22278e-14
16.3712 -1.00665 1.21382e-14
17.5197 -1.04671 1.20465e-14
18.6933 -1.08772 1.19527e-14
19.8929 -1.12972 1.18566e-14
21.1195 -1.17276 1.17582e-14
22.3744 -1.21689 1.16574e-14
23.6583 -1.26216 1.15539e-14
24.972 -1.3086 1.14479e-14
26.3154 -1.35621 1.13392e-14
27.6879 -1.40498 1.12279e-14
29.0888 -1.45488 1.11141e-14
30.5174 -1.50588 1.09978e-14
31.9726 -1.55795 1.08791e-14
33.4534 -1.61106 1.07581e-14
34.959 -1.66517 1.06348e-14
36.4882 -1.72023 1.05093e-14
38.0396 -1.77626 1.03817e-14
39.6111 -1.83318 1.0252e-14
41.199 -1.89075 1.01209e-14
42.8009 -1.9489 9.98852e-15
44.4141 -2.0075 9.85508e-15
46.0362 -2.06648 9.72082e-15
47.6638 -2.12572 9.58589e-15
49.295 -2.18514 9.45056e-15
50.9282 -2.24464 9.31507e-15
52.5593 -2.30411 9.17954e-15
54.1877 -2.3635 9.04421e-15
55.812 -2.42272 8.90926e-15
57.4306 -2.48173 8.77477e-15
59.0431 -2.5405 8.64084e-15
60.6484 -2.599 8.50753e-15
62.2462 -2.6572 8.37487e-15
63.8364 -2.71511 8.24288e-15
65.4192 -2.77273 8.11153e-15
66.9949 -2.83009 7.98079e-15
68.5639 -2.88719 7.85063e-15
70.1266 -2.94406 7.72099e-15
71.6836 -3.00072 7.59184e-15
73.2354 -3.05719 7.46312e-15
74.7827 -3.11349 7.33477e-15
76.3269 -3.1697 7.20665e-15
77.8695 -3.22586 7.07864e-15
79.4121 -3.28205 6.95058e-15
80.9553 -3.33832 6.82228e-15
82.5007 -3.39472 6.69369e-15
84.0497 -3.45128 6.56476e-15
85.6023 -3.50803 6.4354e-15
87.1598 -3.56499 6.30555e-15
88.7234 -3.62223 6.17511e-15
90.2945 -3.67979 6.04395e-15
91.8746 -3.73774 5.91193e-15
93.4646 -3.7961 5.77898e-15
95.0649 -3.85491 5.64506e-15
96.6753 -3.91414 5.5102e-15
98.2953 -3.97378 5.37442e-15
99.9245 -4.03381 5.23777e-15
101.563 -4.09422 5.10029e-15
103.209 -4.15498 4.96201e-15
104.864 -4.21609 4.82298e-15
106.526 -4.27752 4.68323e-15
108.176 -4.33797 4.54552e-15
109.826 -4.39821 4.40821e-15
111.485 -4.45899 4.26975e-15
113.146 -4.51979 4.13124e-15
114.812 -4.58083 3.99219e-15
116.476 -4.64188 3.8531e-15
118.135 -4.7028 3.71421e-15
119.788 -4.76349 3.57583e-15
121.436 -4.82402 3.43784e-15
123.075 -4.88419 3.30065e-15
124.701 -4.94396 3.16441e-15
126.314 -5.00321 3.02933e-15
127.913 -5.06195 2.89544e-15
129.497 -5.12019 2.76271e-15
131.067 -5.17793 2.6311e-15
132.624 -5.23521 2.50057e-15
134.168 -5.29204 2.37108e-15
135.698 -5.34842 2.24264e-15
137.215 -5.40435 2.11524e-15
138.718 -5.45982 1.98891e-15
140.206 -5.51481 1.86368e-15
141.679 -5.5693 1.73965e-15
143.136 -5.62323 1.6169e-15
144.574 -5.67656 1.49552e-15
145.995 -5.72927 1.3756e-15
147.395 -5.78129 1.25725e-15
148.774 -5.8326 1.14055e-15
150.132 -5.88315 1.02562e-15
151.466 -5.93289 9.12529e-16
152.776 -5.98179 8.01377e-16
154.061 -6.02981 6.92252e-16
155.32 -6.0769 5.85267e-16
156.551 -6.12297 4.80582e-16
157.752 -6.16796 3.78386e-16
158.92 -6.21178 2.78878e-16
160.054 -6.25431 1.82271e-16
161.151 -6.29546 8.88264e-17
162.207 -6.33509 -1.17186e-18
163.219 -6.37308 -8.74404e-17
164.186 -6.40931 -1.69735e-16
165.104 -6.44372 -2.47886e-16
165.972 -6.47624 -3.21781e-16
166.791 -6.50685 -3.9133e-16
167.558 -6.53551 -4.56464e-16
168.274 -6.56219 -5.17128e-16
168.937 -6.58688 -5.73287e-16
169.548 -6.60958 -6.24924e-16
170.107 -6.63028 -6.72044e-16
170.614 -6.649 -7.14691e-16
171.07 -6.66578 -7.52931e-16
171.476 -6.68066 -7.86852e-16
171.833 -6.69366 -8.16543e-16
172.141 -6.70484 -8.42087e-16
172.401 -6.71423 -8.63559e-16
172.615 -6.72186 -8.81045e-16
172.782 -6.72777 -8.94621e-16
172.904 -6.73198 -9.04332e-16
172.981 -6.7345 -9.10204e-16
173.013 -6.73534 -9.12262e-16
172.999 -6.73453 -9.10555e-16
172.943 -6.7321 -9.05171e-16
172.843 -6.72808 -8.96186e-16
172.703 -6.72255 -8.83734e-16
172.523 -6.71555 -8.6795e-16
172.305 -6.70713 -8.48934e-16
172.049 -6.69733 -8.26764e-16
171.756 -6.68617 -8.01511e-16
171.427 -6.67368 -7.7323e-16
171.062 -6.65988 -7.4195e-16
170.662 -6.64477 -7.07674e-16
170.226 -6.62834 -6.70402e-16
169.754 -6.61058 -6.30123e-16
169.246 -6.5915 -5.86808e-16
168.702 -6.57106 -5.40412e-16
168.121 -6.54924 -4.90896e-16
167.503 -6.52604 -4.38228e-16
166.848 -6.50146 -3.82415e-16
166.156 -6.4755 -3.23481e-16
165.429 -6.44818 -2.61464e-16
164.666 -6.41952 -1.96398e-16
163.868 -6.38952 -1.28306e-16
163.035 -6.35819 -5.71994e-17
162.167 -6.32555 1.68967e-17
161.265 -6.2916 9.39428e-17
160.33 -6.25639 1.73864e-16
159.363 -6.21995 2.56562e-16
158.364 -6.18233 3.41925e-16
157.336 -6.14359 4.29839e-16
156.28 -6.10378 5.20199e-16
155.196 -6.06293 6.12902e-16
154.086 -6.02109 7.07842e-16
152.952 -5.97833 8.04893e-16
151.794 -5.93471 9.03899e-16
150.615 -5.89031 1.00468e-15
149.418 -5.84522 1.10705e-15
148.203 -5.79951 1.21083e-15
146.973 -5.75328 1.31581e-15
145.731 -5.70661 1.42179e-15
144.479 -5.6596 1.52858e-15
143.218 -5.61232 1.63599e-15
141.949 -5.56483 1.74393e-15
140.674 -5.51714 1.85232e-15
139.394 -5.46929 1.96111e-15
138.107 -5.42128 2.07029e-15
136.814 -5.37309 2.17991e-15
135.513 -5.32466 2.29006e-15
134.204 -5.27596 2.40088e-15
132.885 -5.22693 2.51247e-15
131.554 -5.17749 2.62499e-15
130.209 -5.12759 2.73859e-15
128.85 -5.07714 2.85344e-15
127.474 -5.02607 2.96969e-15
126.079 -4.97434 3.08747e-15
124.665 -4.92189 3.20688e-15
123.231 -4.86867 3.32805e-15
121.775 -4.81463 3.45108e-15
120.295 -4.75971 3.57612e-15
118.79 -4.70384 3.70332e-15
117.259 -4.64694 3.83285e-15
115.695 -4.58883 3.96498e-15
114.099 -4.52952 4.09978e-15
112.473 -4.46907 4.23719e-15
110.815 -4.4074 4.37737e-15
109.125 -4.34449 4.52035e-15
107.407 -4.28065 4.66546e-15
105.658 -4.21577 4.813e-15
103.874 -4.14955 4.96357e-15
102.056 -4.08204 5.11707e-15
100.204 -4.01322 5.27352e-15
98.3179 -3.94316 5.43279e-15
96.3995 -3.87189 5.59483e-15
94.4497 -3.79946 5.7595e-15
92.4697 -3.72592 5.9267e-15
90.4608 -3.65132 6.0963e-15
88.4242 -3.57573 6.26818e-15
86.3613 -3.49921 6.44217e-15
84.2747 -3.42187 6.61805e-15
82.1674 -3.34381 6.79556e-15
80.0423 -3.26517 6.97443e-15
77.9016 -3.18607 7.15435e-15
75.7491 -3.10663 7.33502e-15
73.589 -3.02701 7.51618e-15
71.4242 -2.94733 7.69748e-15
69.2582 -2.86773 7.87867e-15
67.0941 -2.78834 8.05943e-15
64.9351 -2.70926 8.23952e-15
62.7839 -2.63062 8.41867e-15
60.6436 -2.55252 8.59663e-15
58.5178 -2.47511 8.77309e-15
56.4106 -2.39854 8.94769e-15
54.3258 -2.32296 9.12011e-15
52.267 -2.2485 9.29003e-15
50.2374 -2.17527 9.45719e-15
48.2399 -2.10339 9.62136e-15
46.2771 -2.03295 9.7823e-15
44.3513 -1.96403 9.93986e-15
42.464 -1.89667 1.00939e-14
40.6147 -1.8309 1.02443e-14
38.8058 -1.76677 1.03909e-14
37.0387 -1.70428 1.05339e-14
35.3137 -1.64358 1.06728e-14
33.6296 -1.58454 1.08079e-14
31.9824 -1.52692 1.09398e-14
30.3719 -1.47073 1.10684e-14
28.7951 -1.41578 1.11942e-14
27.2481 -1.36194 1.13175e-14
25.7274 -1.30905 1.14386e-14
24.2291 -1.25693 1.1558e-14
22.7498 -1.20544 1.16759e-14
21.2857 -1.15442 1.17927e-14
19.8337 -1.10375 1.19086e-14
18.3905 -1.05328 1.20241e-14
16.9528 -1.00288 1.21394e-14
15.5171 -0.952396 1.22548e-14
14.0798 -0.901711 1.23706e-14
12.6385 -0.850715 1.2487e-14
11.1918 -0.799339 1.26043e-14
9.73832 -0.747539 1.27224e-14
8.27749 -0.695291 1.28415e-14
6.80873 -0.642579 1.29616e-14
5.33164 -0.589391 1.30827e-14
3.84582 -0.535717 1.32049e-14
2.35119 -0.481559 1.33282e-14
0.848026 -0.426936 1.34524e-14
-0.662778 -0.371889 1.35775e-14
-2.1799 -0.31648 1.37035e-14
-3.70181 -0.260777 1.383e-14
-5.22688 -0.204852 1.39571e-14
-6.75355 -0.148774 1.40844e-14
-8.28027 -0.0926128 1.4212e-14
-9.80545 -0.036437 1.43395e-14
-11.3275 0.0196819 1.44669e-14
-12.8447 0.0756731 1.4594e-14
-14.3554 0.131466 1.47206e-14
-15.858 0.186993 1.48466e-14
-17.3512 0.242192 1.49719e-14
-18.8338 0.297021 1.50963e-14
-20.3053 0.351451 1.52198e-14
-21.765 0.405459 1.53423e-14
-23.2121 0.459006 1.54638e-14
-24.6449 0.512023 1.55841e-14
-26.061 0.564419 1.57031e-14
-27.4582 0.616101 1.58203e-14
-28.8339 0.666968 1.59358e-14
-30.185 0.716894 1.60491e-14
-31.5079 0.765734 1.616e-14
-32.799 0.813347 1.62681e-14
-34.055 0.859601 1.63731e-14
-35.273 0.904378 1.64749e-14
-36.4503 0.94757 1.6573e-14
-37.5843 0.98908 1.66674e-14
-38.6729 1.02882 1.67577e-14
-39.7144 1.06673 1.6844e-14
-40.7075 1.10277 1.6926e-14
-41.6512 1.13688 1.70037e-14
-42.5447 1.16904 1.7077e-14
-43.3876 1.19925 1.71459e-14
-44.1797 1.22749 1.72103e-14
-44.921 1.25378 1.72704e-14
-45.6118 1.27813 1.7326e-14
-46.2526 1.30057 1.73774e-14
-46.8443 1.32113 1.74245e-14
-47.3878 1.33986 1.74675e-14
-47.884 1.35681 1.75064e-14
-48.3336 1.37201 1.75414e-14
-48.737 1.38548 1.75725e-14
-49.0949 1.39726 1.75997e-14
-49.4077 1.40738 1.76231e-14
-49.6762 1.41587 1.76429e-14
-49.9012 1.42277 1.7659e-14
-50.0833 1.42812 1.76717e-14
-50.2235 1.43196 1.76808e-14
-50.3228 1.43436 1.76867e-14
-50.3826 1.43536 1.76894e-14
-50.404 1.43503 1.7689e-14
-50.3884 1.43343 1.76858e-14
-50.3376 1.43064 1.76797e-14
-50.2539 1.42676 1.76712e-14
-50.1392 1.42187 1.76604e-14
-49.995 1.41605 1.76473e-14
-49.8223 1.40933 1.76322e-14
-49.6219 1.40174 1.7615e-14
-49.394 1.39331 1.75959e-14
-49.1388 1.38405 1.75748e-14
-48.8567 1.37397 1.75519e-14
-48.5481 1.36309 1.7527e-14
-48.2132 1.35143 1.75003e-14
-47.8519 1.33897 1.74717e-14
-47.4639 1.3257 1.74413e-14
-47.0485 1.3116 1.74089e-14
-46.6051 1.29662 1.73744e-14
-46.1325 1.28073 1.73378e-14
-45.6305 1.2639 1.72991e-14
-45.0989 1.24612 1.72581e-14
-44.5371 1.22735 1.72148e-14
-43.9443 1.20756 1.71692e-14
-43.3189 1.18666 1.7121e-14
-42.6586 1.16456 1.70701e-14
-41.9611 1.14115 1.70162e-14
-41.2236 1.1163 1.6959e-14
-40.4431 1.08988 1.68982e-14
-39.616 1.06173 1.68335e-14
-38.7391 1.03171 1.67646e-14
-37.8089 0.999661 1.6691e-14
-36.8221 0.965443 1.66126e-14
-35.7757 0.928914 1.6529e-14
-34.6667 0.889946 1.64398e-14
-33.4926 0.848425 1.6345e-14
-32.251 0.804248 1.62441e-14
-30.9402 0.757334 1.61371e-14
-29.5588 0.707617 1.60238e-14
-28.1056 0.655049 1.59041e-14
-26.58 0.59959 1.57778e-14
-24.9814 0.541219 1.56451e-14
-23.3099 0.479931 1.55058e-14
-21.5661 0.415752 1.536e-14
-19.7514 0.348741 1.52079e-14
-17.8681 0.278988 1.50496e-14
-15.919 0.206604 1.48854e-14
-13.9067 0.131705 1.47155e-14
-11.8338 0.0543937 1.45402e-14
-9.70247 -0.0252325 1.43597e-14
-7.51532 -0.107066 1.41743e-14
-5.27522 -0.190984 1.39842e-14
-2.98542 -0.276849 1.37897e-14
-0.649514 -0.364508 1.35911e-14
1.72875 -0.453804 1.33889e-14
4.14532 -0.544565 1.31833e-14
6.59579 -0.636606 1.29749e-14
9.07546 -0.72973 1.2764e-14
11.5796 -0.823743 1.25511e-14
14.1036 -0.918444 1.23366e-14
16.6423 -1.01363 1.2121e-14
19.1908 -1.10909 1.19047e-14
21.7442 -1.20463 1.16882e-14
24.2979 -1.30005 1.1472e-14
26.8474 -1.39517 1.12563e-14
29.3884 -1.48982 1.10418e-14
31.9168 -1.58384 1.08286e-14
34.429 -1.67708 1.0617e-14
36.923 -1.76947 1.04074e-14
39.3977 -1.86095 1.01997e-14
41.852 -1.95148 9.99415e-15
44.2869 -2.04126 9.79016e-15
46.7004 -2.13013 9.58815e-15
49.0897 -2.21787 9.38865e-15
51.4542 -2.30454 9.19152e-15
53.7928 -2.39006 8.99696e-15
56.1053 -2.47445 8.8049e-15
58.3916 -2.55769 8.61539e-15
60.6518 -2.63982 8.42836e-15
62.8865 -2.72086 8.24376e-15
65.0955 -2.80085 8.06143e-15
67.2786 -2.87984 7.88122e-15
69.4394 -2.95791 7.70305e-15
71.5806 -3.03516 7.52673e-15
73.7042 -3.11169 7.35201e-15
75.8139 -3.18765 7.17856e-15
77.9127 -3.26317 7.0061e-15
80.0039 -3.3384 6.8343e-15
82.09 -3.41344 6.66293e-15
84.1736 -3.4884 6.49174e-15
86.2566 -3.56337 6.32054e-15
88.3416 -3.63846 6.14909e-15
90.4318 -3.7138 5.97709e-15
92.5308 -3.78954 5.80422e-15
94.6419 -3.86582 5.63014e-15
96.7686 -3.94278 5.45455e-15
98.9136 -4.02054 5.2772e-15
101.08 -4.09921 5.09782e-15
103.269 -4.17889 4.91621e-15
105.483 -4.25964 4.73212e-15
107.722 -4.34153 4.5455e-15
109.983 -4.42415 4.35722e-15
112.249 -4.50635 4.16967e-15
114.536 -4.58931 3.98037e-15
116.855 -4.67375 3.78783e-15
119.194 -4.75901 3.5933e-15
121.561 -4.84549 3.39602e-15
123.957 -4.93314 3.19612e-15
126.381 -5.022 2.99353e-15
128.83 -5.11201 2.7883e-15
131.306 -5.20315 2.58053e-15
133.807 -5.29533 2.37046e-15
136.331 -5.38851 2.15813e-15
138.877 -5.48261 1.94378e-15
141.444 -5.57756 1.72752e-15
144.028 -5.67325 1.50961e-15
146.627 -5.76955 1.29035e-15
149.235 -5.86627 1.07015e-15
151.85 -5.96325 8.49399e-16
154.465 -6.0603 6.28489e-16
157.078 -6.15727 4.07768e-16
159.686 -6.25401 1.87553e-16
162.284 -6.3504 -3.18499e-17
164.869 -6.4463 -2.50159e-16
167.441 -6.54161 -4.67147e-16
169.995 -6.63625 -6.82625e-16
172.531 -6.73015 -8.96424e-16
175.047 -6.82323 -1.10839e-15
177.542 -6.91545 -1.31842e-15
180.014 -7.00676 -1.52643e-15
182.463 -7.09715 -1.73235e-15
184.889 -7.18657 -1.93612e-15
187.291 -7.275 -2.13766e-15
189.668 -7.36241 -2.33689e-15
192.018 -7.44874 -2.53373e-15
194.342 -7.53399 -2.72813e-15
196.638 -7.61814 -2.92006e-15
198.908 -7.70117 -3.1095e-15
201.15 -7.78309 -3.29644e-15
203.365 -7.86389 -3.48087e-15
205.551 -7.94353 -3.66269e-15
207.707 -8.02194 -3.84176e-15
209.831 -8.09907 -4.01796e-15
211.923 -8.17487 -4.19117e-15
213.98 -8.2493 -4.36129e-15
216.001 -8.32232 -4.52824e-15
217.987 -8.39391 -4.69196e-15
219.936 -8.46405 -4.85244e-15
221.849 -8.53276 -5.00969e-15
223.726 -8.60007 -5.16379e-15
225.568 -8.66604 -5.31484e-15
227.377 -8.73071 -5.46296e-15
229.153 -8.79418 -5.60834e-15
230.9 -8.85653 -5.75118e-15
232.619 -8.91786 -5.8917e-15
234.312 -8.97827 -6.03012e-15
235.982 -9.03788 -6.16669e-15
237.631 -9.09679 -6.30165e-15
239.262 -9.15511 -6.43521e-15
240.876 -9.21292 -6.56757e-15
242.474 -9.27026 -6.69882e-15
244.056 -9.32714 -6.82896e-15
245.621 -9.38354 -6.95797e-15
247.169 -9.43948 -7.08585e-15
248.701 -9.49496 -7.21264e-15
250.216 -9.55002 -7.33839e-15
251.716 -9.60468 -7.46318e-15
253.2 -9.65893 -7.58697e-15
254.667 -9.71274 -7.70966e-15
256.114 -9.766 -7.83106e-15
257.54 -9.81863 -7.95095e-15
258.941 -9.87051 -8.06907e-15
260.315 -9.92151 -8.18514e-15
261.657 -9.97151 -8.29887e-15
262.965 -10.0203 -8.40992e-15
264.235 -10.0679 -8.51795e-15
265.461 -10.1139 -8.62253e-15
266.64 -10.1582 -8.7232e-15
267.766 -10.2006 -8.81948e-15
268.834 -10.2409 -8.9109e-15
269.839 -10.2788 -8.99702e-15
270.776 -10.3142 -9.07741e-15
271.642 -10.3469 -9.15166e-15
272.432 -10.3767 -9.21937e-15
273.142 -10.4035 -9.28023e-15
273.77 -10.4272 -9.33394e-15
274.312 -10.4475 -9.38026e-15
274.767 -10.4645 -9.41893e-15
275.131 -10.478 -9.44967e-15
275.4 -10.4878 -9.47218e-15
275.573 -10.4939 -9.48619e-15
275.646 -10.4961 -9.49152e-15
275.62 -10.4944 -9.48809e-15
275.494 -10.4889 -9.47592e-15
275.268 -10.4795 -9.455e-15
274.943 -10.4662 -9.42537e-15
274.521 -10.4492 -9.38716e-15
274.002 -10.4283 -9.34044e-15
273.387 -10.4038 -9.28535e-15
272.679 -10.3756 -9.22205e-15
271.88 -10.3439 -9.15078e-15
270.992 -10.3088 -9.0718e-15
270.018 -10.2704 -8.98542e-15
268.964 -10.2289 -8.89198e-15
267.832 -10.1845 -8.79188e-15
266.627 -10.1373 -8.68557e-15
265.355 -10.0876 -8.57348e-15
264.021 -10.0355 -8.4561e-15
262.628 -9.98139 -8.3339e-15
261.184 -9.92534 -8.20737e-15
259.693 -9.86761 -8.07699e-15
258.161 -9.80841 -7.94324e-15
256.592 -9.74796 -7.8066e-15
254.992 -9.68649 -7.66757e-15
253.367 -9.62419 -7.52663e-15
251.72 -9.56127 -7.38418e-15
250.057 -9.49788 -7.24062e-15
248.38 -9.43417 -7.09624e-15
246.693 -9.37026 -6.95134e-15
244.999 -9.30627 -6.80618e-15
243.301 -9.24233 -6.66104e-15
241.602 -9.17855 -6.5162e-15
239.905 -9.11505 -6.37191e-15
238.213 -9.05192 -6.22838e-15
236.527 -8.9892 -6.08571e-15
234.846 -8.92692 -5.94394e-15
233.173 -8.86507 -5.80308e-15
231.506 -8.80366 -5.66313e-15
229.845 -8.74265 -5.52403e-15
228.191 -8.68202 -5.38574e-15
226.541 -8.62175 -5.24818e-15
224.896 -8.56178 -5.11125e-15
223.254 -8.50207 -4.97486e-15
221.615 -8.44258 -4.83889e-15
219.976 -8.38324 -4.70324e-15
218.338 -8.32402 -4.5678e-15
216.699 -8.26487 -4.43248e-15
215.06 -8.20577 -4.29724e-15
213.418 -8.1467 -4.16201e-15
211.774 -8.08761 -4.02671e-15
210.126 -8.02844 -3.89121e-15
208.473 -7.96911 -3.75532e-15
206.812 -7.90955 -3.61886e-15
205.14 -7.84965 -3.48163e-15
203.458 -7.78935 -3.34345e-15
201.761 -7.72853 -3.2041e-15
200.048 -7.66712 -3.0634e-15
198.316 -7.60502 -2.92112e-15
196.564 -7.54215 -2.77708e-15
194.789 -7.47839 -2.63103e-15
192.989 -7.41366 -2.48278e-15
191.161 -7.34785 -2.33211e-15
189.303 -7.28086 -2.17874e-15
187.411 -7.21254 -2.0224e-15
185.483 -7.14279 -1.86282e-15
183.515 -7.07148 -1.69972e-15
181.504 -6.99849 -1.53283e-15
179.448 -6.92369 -1.36187e-15
177.344 -6.84697 -1.18658e-15
175.189 -6.76823 -1.00676e-15
172.982 -6.68742 -8.22266e-16
170.721 -6.60451 -6.33039e-16
168.408 -6.51948 -4.3905e-16
166.041 -6.43234 -2.403e-16
163.621 -6.34311 -3.68615e-17
161.15 -6.25186 1.71161e-16
158.629 -6.15863 3.83624e-16
156.059 -6.0635 6.00378e-16
153.442 -5.96654 8.21272e-16
150.78 -5.86781 1.04616e-15
148.074 -5.76739 1.27487e-15
145.326 -5.66536 1.5072e-15
142.539 -5.56185 1.74293e-15
139.716 -5.45696 1.98175e-15
136.859 -5.35084 2.22339e-15
133.972 -5.24361 2.46755e-15
131.059 -5.13542 2.71392e-15
128.119 -5.02643 2.96199e-15
125.159 -4.91674 3.21162e-15
122.181 -4.80648 3.4626e-15
119.184 -4.69556 3.71493e-15
116.173 -4.58425 3.96815e-15
113.17 -4.47373 4.21977e-15
110.169 -4.36368 4.47037e-15
107.166 -4.25371 4.72079e-15
104.17 -4.14414 4.97039e-15
101.18 -4.03498 5.2191e-15
98.2019 -3.92642 5.46653e-15
95.2357 -3.81848 5.7126e-15
92.2839 -3.71126 5.95711e-15
89.3475 -3.60477 6.20001e-15
86.4273 -3.49905 6.44122e-15
83.523 -3.39407 6.6808e-15
80.634 -3.2898 6.91883e-15
77.7589 -3.18617 7.15545e-15
74.8963 -3.0831 7.39082e-15
72.044 -2.9805 7.62517e-15
69.1993 -2.87824 7.85876e-15
66.3582 -2.7762 8.0918e-15
63.5161 -2.67421 8.32457e-15
60.6721 -2.57216 8.55745e-15
57.824 -2.4699 8.7908e-15
54.9677 -2.36728 9.02496e-15
52.1009 -2.26417 9.2602e-15
49.2206 -2.16045 9.49678e-15
46.3254 -2.05604 9.73489e-15
43.4135 -1.95086 9.9747e-15
40.4857 -1.84511 1.02156e-14
37.5395 -1.73861 1.04582e-14
34.5716 -1.63105 1.07031e-14
31.5819 -1.52251 1.09502e-14
28.5692 -1.41287 1.11996e-14
25.5327 -1.30213 1.14516e-14
22.4718 -1.19025 1.1706e-14
19.386 -1.0772 1.1963e-14
16.2756 -0.963007 1.22225e-14
13.1414 -0.847685 1.24845e-14
9.98498 -0.731301 1.27489e-14
6.80798 -0.613923 1.30154e-14
3.61308 -0.495662 1.32838e-14
0.403918 -0.376664 1.35539e-14
-2.81494 -0.257118 1.38251e-14
-6.0386 -0.137223 1.40971e-14
-9.2618 -0.0171958 1.43693e-14
-12.4789 0.102733 1.46413e-14
-15.684 0.222319 1.49124e-14
-18.871 0.341315 1.51822e-14
-22.034 0.459475 1.54501e-14
-25.1671 0.576562 1.57155e-14
-28.2649 0.692348 1.5978e-14
-31.3217 0.80661 1.6237e-14
-34.3325 0.919133 1.64921e-14
-37.2923 1.02972 1.67428e-14
-40.1968 1.13819 1.69887e-14
-43.0418 1.24438 1.72294e-14
-45.8232 1.34812 1.74647e-14
-48.5378 1.44928 1.7694e-14
-51.1824 1.54773 1.79173e-14
-53.7543 1.64337 1.81343e-14
-56.2512 1.7361 1.83446e-14
-58.6706 1.82583 1.85483e-14
-61.0109 1.91248 1.87449e-14
-63.2702 1.996 1.89345e-14
-65.4472 2.07632 1.91169e-14
-67.5399 2.15337 1.92919e-14
-69.5466 2.22708 1.94594e-14
-71.4655 2.2974 1.96192e-14
-73.2956 2.36427 1.97712e-14
-75.0363 2.42767 1.99155e-14
-76.6876 2.48762 2.00519e-14
-78.2497 2.54413 2.01805e-14
-79.7234 2.59721 2.03015e-14
-81.1091 2.64691 2.04147e-14
-82.4077 2.69325 2.05205e-14
-83.62 2.73628 2.06187e-14
-84.7473 2.77605 2.07095e-14
-85.7906 2.8126 2.07931e-14
-86.7507 2.84598 2.08695e-14
-87.6291 2.87623 2.09389e-14
-88.4269 2.90342 2.10013e-14
-89.1456 2.92762 2.10569e-14
-89.7869 2.94888 2.11059e-14
-90.3523 2.96728 2.11485e-14
-90.844 2.98291 2.11847e-14
-91.2643 2.99587 2.12149e-14
-91.6163 3.00629 2.12394e-14
-91.9028 3.01429 2.12583e-14
-92.1273 3.02002 2.12721e-14
-92.2936 3.02363 2.1281e-14
-92.4059 3.0253 2.12856e-14
-92.4684 3.02521 2.12861e-14
-92.4854 3.02353 2.12829e-14
-92.461 3.02043 2.12766e-14
-92.3993 3.0161 2.12673e-14
-92.3042 3.01068 2.12556e-14
-92.1795 3.00434 2.12417e-14
-92.0287 2.99721 2.12259e-14
-91.8552 2.98945 2.12087e-14
-91.662 2.98116 2.11902e-14
-91.4518 2.97245 2.11707e-14
-91.2276 2.96345 2.11504e-14
-90.992 2.95426 2.11296e-14
-90.7477 2.94497 2.11086e-14
-90.4963 2.93566 2.10874e-14
-90.2393 2.92638 2.10662e-14
-89.9774 2.91716 2.10451e-14
-89.7109 2.90798 2.1024e-14
-89.4394 2.89885 2.10029e-14
-89.1618 2.88968 2.09817e-14
-88.8759 2.8804 2.09601e-14
-88.5794 2.8709 2.09381e-14
-88.2698 2.86105 2.09151e-14
-87.9443 2.85075 2.08911e-14
-87.6003 2.83986 2.08658e-14
-87.2349 2.82826 2.08388e-14
-86.845 2.8158 2.08099e-14
-86.4273 2.80236 2.07787e-14
-85.9786 2.78778 2.07449e-14
-85.4954 2.7719 2.07082e-14
-84.9746 2.7546 2.06682e-14
-84.4132 2.73573 2.06248e-14
-83.8085 2.71519 2.05775e-14
-83.158 2.69285 2.05262e-14
-82.4592 2.66861 2.04707e-14
-81.7095 2.64236 2.04106e-14
-80.906 2.61398 2.03457e-14
-80.0462 2.58336 2.02758e-14
-79.1281 2.55041 2.02007e-14
-78.1501 2.51507 2.01202e-14
-77.1112 2.4773 2.00343e-14
-76.0108 2.43708 1.99429e-14
-74.8489 2.39441 1.98459e-14
-73.6268 2.34934 1.97436e-14
-72.3465 2.30196 1.96361e-14
-71.0106 2.25238 1.95236e-14
-69.6219 2.20072 1.94065e-14
-68.1831 2.14711 1.9285e-14
-66.6974 2.09166 1.91593e-14
-65.1677 2.03452 1.90298e-14
-63.5978 1.97584 1.88969e-14
-61.9917 1.9158 1.87609e-14
-60.3541 1.85459 1.86222e-14
-58.6897 1.79242 1.84813e-14
-57.0032 1.72947 1.83387e-14
-55.2988 1.66594 1.81947e-14
-53.5807 1.60199 1.80497e-14
-51.853 1.5378 1.79042e-14
-50.1193 1.47352 1.77584e-14
-48.3832 1.40931 1.76127e-14
-46.6482 1.34529 1.74674e-14
-44.9172 1.28161 1.73228e-14
-43.1926 1.21835 1.71792e-14
-41.4757 1.15556 1.70365e-14
-39.7669 1.09328 1.68949e-14
-38.0661 1.03149 1.67544e-14
-36.373 0.970166 1.66148e-14
-34.6866 0.90928 1.64762e-14
-33.0057 0.848776 1.63384e-14
-31.3287 0.788585 1.62013e-14
-29.6539 0.728632 1.60646e-14
-27.9795 0.668842 1.59283e-14
-26.3038 0.609137 1.57921e-14
-24.6248 0.549433 1.56559e-14
-22.9404 0.48964 1.55194e-14
-21.2486 0.429667 1.53825e-14
-19.5474 0.369425 1.5245e-14
-17.8344 0.308821 1.51066e-14
-16.1077 0.24776 1.49672e-14
-14.3651 0.186154 1.48265e-14
-12.6046 0.123917 1.46843e-14
-10.8244 0.0609637 1.45405e-14
-9.02213 -0.00280087 1.43949e-14
-7.19506 -0.0674966 1.42472e-14
-5.33991 -0.13326 1.40971e-14
-3.4535 -0.200224 1.39442e-14
-1.53285 -0.26853 1.37883e-14
0.425894 -0.338327 1.3629e-14
2.42672 -0.409774 1.34661e-14
4.47313 -0.483022 1.3299e-14
6.56882 -0.558221 1.31276e-14
8.71747 -0.635526 1.29514e-14
10.9229 -0.715092 1.27702e-14
13.1885 -0.797065 1.25835e-14
15.5174 -0.881568 1.23912e-14
17.9117 -0.968695 1.2193e-14
20.3731 -1.05851 1.19887e-14
22.9027 -1.15107 1.17783e-14
25.5002 -1.2464 1.15616e-14
28.1662 -1.3445 1.13387e-14
30.9007 -1.44535 1.11096e-14
33.7043 -1.54915 1.08737e-14
36.5751 -1.65574 1.06317e-14
39.5073 -1.76482 1.03839e-14
42.5008 -1.87642 1.01305e-14
45.5535 -1.99038 9.87174e-15
48.6617 -2.10659 9.60795e-15
51.8219 -2.2249 9.33947e-15
55.0293 -2.34512 9.06671e-15
58.2796 -2.46707 8.79007e-15
61.5675 -2.59054 8.51001e-15
64.8882 -2.71533 8.227e-15
68.2363 -2.84122 7.94151e-15
71.6063 -2.968 7.65403e-15
74.9925 -3.09544 7.3651e-15
78.3889 -3.22328 7.07525e-15
81.7888 -3.35126 6.78508e-15
85.1859 -3.47912 6.49518e-15
88.5738 -3.60661 6.20611e-15
91.9471 -3.7335 5.91839e-15
95.3006 -3.85959 5.63246e-15
98.6287 -3.98469 5.34872e-15
101.927 -4.10859 5.06765e-15
105.192 -4.23112 4.78965e-15
108.418 -4.35211 4.51511e-15
111.602 -4.47139 4.24439e-15
114.741 -4.58882 3.97781e-15
117.799 -4.70215 3.72014e-15
120.795 -4.8126 3.46883e-15
123.737 -4.92113 3.22176e-15
126.614 -5.02692 2.98072e-15
129.437 -5.13059 2.74453e-15
132.194 -5.2316 2.51427e-15
134.888 -5.33012 2.28965e-15
137.514 -5.42593 2.0711e-15
140.073 -5.51913 1.85832e-15
142.565 -5.6097 1.65146e-15
144.992 -5.6977 1.45038e-15
147.356 -5.7832 1.25493e-15
149.658 -5.86628 1.06492e-15
151.902 -5.94706 8.80101e-16
154.089 -6.02566 7.00227e-16
156.222 -6.10218 5.25019e-16
158.305 -6.17676 3.54219e-16
160.34 -6.24951 1.87564e-16
162.329 -6.32055 2.47888e-17
164.276 -6.39 -1.34383e-16
166.183 -6.45799 -2.90228e-16
168.054 -6.52465 -4.43026e-16
169.89 -6.59009 -5.9305e-16
171.695 -6.65443 -7.40545e-16
173.471 -6.71775 -8.85686e-16
175.218 -6.78011 -1.0286e-15
176.938 -6.84155 -1.16939e-15
178.631 -6.90211 -1.30815e-15
180.298 -6.96182 -1.44491e-15
181.939 -7.02069 -1.57972e-15
183.554 -7.07871 -1.71258e-15
185.142 -7.1359 -1.84346e-15
186.704 -7.19222 -1.97232e-15
188.238 -7.24764 -2.0991e-15
189.744 -7.30212 -2.2237e-15
191.219 -7.35563 -2.34603e-15
192.665 -7.40813 -2.46601e-15
194.078 -7.45959 -2.58359e-15
195.46 -7.50997 -2.69867e-15
196.809 -7.55924 -2.81118e-15
198.124 -7.60735 -2.92099e-15
199.403 -7.65423 -3.028e-15
200.645 -7.69984 -3.13206e-15
201.849 -7.74409 -3.23302e-15
203.012 -7.78691 -3.33068e-15
204.132 -7.82819 -3.42483e-15
205.208 -7.86782 -3.51521e-15
206.235 -7.9057 -3.60161e-15
207.212 -7.94174 -3.6838e-15
208.136 -7.97583 -3.76155e-15
209.006 -8.00787 -3.83466e-15
209.82 -8.03777 -3.90291e-15
210.574 -8.06544 -3.96609e-15
211.267 -8.09079 -4.02402e-15
211.897 -8.11374 -4.07652e-15
212.463 -8.13421 -4.12342e-15
212.964 -8.15218 -4.16464e-15
213.398 -8.16761 -4.20011e-15
213.767 -8.18049 -4.22983e-15
214.069 -8.19081 -4.25377e-15
214.306 -8.19859 -4.27195e-15
214.477 -8.20383 -4.28438e-15
214.583 -8.20655 -4.29113e-15
214.625 -8.20678 -4.29226e-15
214.604 -8.20459 -4.2879e-15
214.521 -8.20003 -4.2782e-15
214.38 -8.19319 -4.26333e-15
214.181 -8.18415 -4.24347e-15
213.927 -8.173 -4.21883e-15
213.62 -8.15981 -4.18959e-15
213.262 -8.14466 -4.15589e-15
212.855 -8.12764 -4.11796e-15
212.402 -8.10886 -4.07604e-15
211.904 -8.08842 -4.03034e-15
211.365 -8.06644 -3.98112e-15
210.787 -8.04302 -3.92864e-15
210.174 -8.0183 -3.87318e-15
209.528 -7.9924 -3.81503e-15
208.853 -7.96546 -3.75449e-15
208.152 -7.93762 -3.69186e-15
207.429 -7.90903 -3.62748e-15
206.686 -7.87983 -3.56169e-15
205.928 -7.85018 -3.49481e-15
205.158 -7.82021 -3.42714e-15
204.378 -7.79004 -3.35897e-15
203.592 -7.75977 -3.2905e-15
202.801 -7.7295 -3.22194e-15
202.007 -7.69929 -3.15348e-15
201.212 -7.66926 -3.08533e-15
200.419 -7.63949 -3.01769e-15
199.63 -7.61006 -2.95074e-15
198.847 -7.58104 -2.88464e-15
198.071 -7.55252 -2.81959e-15
197.305 -7.52459 -2.75578e-15
196.55 -7.49731 -2.69336e-15
195.808 -7.47073 -2.63246e-15
195.081 -7.44491 -2.57318e-15
194.368 -7.41987 -2.51558e-15
193.67 -7.39562 -2.45969e-15
192.988 -7.37214 -2.40548e-15
192.319 -7.34939 -2.35282e-15
191.663 -7.32727 -2.30153e-15
191.016 -7.30568 -2.25137e-15
190.375 -7.2845 -2.20206e-15
189.736 -7.26353 -2.1532e-15
189.095 -7.24257 -2.10429e-15
188.445 -7.22138 -2.05485e-15
187.781 -7.19976 -2.00437e-15
187.099 -7.17748 -1.95238e-15
186.394 -7.15435 -1.89847e-15
185.661 -7.13019 -1.84219e-15
184.896 -7.10481 -1.78314e-15
184.094 -7.07802 -1.72093e-15
183.252 -7.04968 -1.65518e-15
182.366 -7.01961 -1.58555e-15
181.433 -6.98767 -1.5117e-15
180.448 -6.95372 -1.4333e-15
179.409 -6.91761 -1.35005e-15
178.312 -6.87922 -1.26166e-15
177.154 -6.83845 -1.16791e-15
175.935 -6.7952 -1.06858e-15
174.651 -6.74942 -9.63553e-16
173.303 -6.70106 -8.52708e-16
171.888 -6.65008 -7.35979e-16
170.408 -6.59647 -6.1333e-16
168.86 -6.54024 -4.84763e-16
167.247 -6.48138 -3.50308e-16
165.568 -6.41995 -2.1004e-16
163.826 -6.35599 -6.4073e-17
162.02 -6.28957 8.74308e-17
160.154 -6.22078 2.44289e-16
158.23 -6.1497 4.06314e-16
156.248 -6.0764 5.73343e-16
154.211 -6.00095 7.45223e-16
152.121 -5.92343 9.21793e-16
149.979 -5.84392 1.10285e-15
147.789 -5.76256 1.28812e-15
145.554 -5.67948 1.47725e-15
143.278 -5.59486 1.66989e-15
140.965 -5.50883 1.86571e-15
138.617 -5.42154 2.06442e-15
136.239 -5.3331 2.26574e-15
133.831 -5.24365 2.46925e-15
131.396 -5.15327 2.67486e-15
128.938 -5.06203 2.88245e-15
126.457 -4.97 3.09183e-15
123.955 -4.87724 3.30293e-15
121.431 -4.7837 3.51573e-15
118.885 -4.68934 3.73032e-15
116.323 -4.59467 3.9456e-15
113.754 -4.5001 4.16079e-15
111.171 -4.40507 4.37704e-15
108.573 -4.3095 4.59455e-15
105.961 -4.2135 4.81304e-15
103.336 -4.11705 5.03258e-15
100.698 -4.02021 5.25304e-15
98.0491 -3.92296 5.47442e-15
95.3883 -3.82533 5.69669e-15
92.7161 -3.72732 5.91984e-15
90.0328 -3.62894 6.14385e-15
87.3386 -3.53019 6.36872e-15
84.6338 -3.43107 6.59443e-15
81.9185 -3.3316 6.82097e-15
79.193 -3.23176 7.04832e-15
76.4578 -3.13159 7.27646e-15
73.7135 -3.03109 7.50535e-15
70.9605 -2.93028 7.73495e-15
68.1995 -2.82917 7.96521e-15
65.4311 -2.7278 8.19609e-15
62.6561 -2.62618 8.42753e-15
59.8753 -2.52433 8.65947e-15
57.0871 -2.42226 8.89184e-15
54.2931 -2.31998 9.12464e-15
51.4934 -2.21747 9.35792e-15
48.6875 -2.11472 9.59172e-15
45.8766 -2.01172 9.82608e-15
43.0603 -1.90848 1.0061e-14
40.2402 -1.80503 1.02963e-14
37.4188 -1.70165 1.05314e-14
34.5972 -1.59828 1.07664e-14
31.7747 -1.49476 1.10017e-14
28.9542 -1.39127 1.1237e-14
26.137 -1.28781 1.14721e-14
23.3252 -1.18448 1.1707e-14
20.5203 -1.08132 1.19414e-14
17.7234 -0.978377 1.21753e-14
14.9363 -0.87571 1.24085e-14
12.1604 -0.773371 1.2641e-14
9.3976 -0.671432 1.28726e-14
6.64975 -0.56996 1.3103e-14
3.91902 -0.469041 1.33322e-14
1.20735 -0.368758 1.35598e-14
-1.4826 -0.269209 1.37858e-14
-4.14814 -0.170492 1.40099e-14
-6.7867 -0.0727154 1.42318e-14
-9.3952 0.0240017 1.44513e-14
-11.9702 0.119519 1.4668e-14
-14.5079 0.213681 1.48817e-14
-17.0042 0.306327 1.50919e-14
-19.4553 0.397296 1.52983e-14
-21.8572 0.486427 1.55005e-14
-24.206 0.573556 1.56982e-14
-26.4977 0.658526 1.5891e-14
-28.7289 0.741191 1.60786e-14
-30.8966 0.821427 1.62607e-14
-32.9984 0.899132 1.6437e-14
-35.032 0.974212 1.66075e-14
-36.9953 1.04658 1.67718e-14
-38.8864 1.11615 1.69298e-14
-40.7035 1.18286 1.70813e-14
-42.4449 1.24662 1.72262e-14
-44.1091 1.30738 1.73644e-14
-45.694 1.36505 1.74955e-14
-47.1973 1.41954 1.76195e-14
-48.6171 1.47077 1.77362e-14
-49.9518 1.51867 1.78453e-14
-51.201 1.56324 1.79469e-14
-52.365 1.60448 1.80411e-14
-53.4442 1.64241 1.81277e-14
-54.4401 1.6771 1.82071e-14
-55.3546 1.70863 1.82793e-14
-56.1903 1.7371 1.83447e-14
-56.9503 1.76266 1.84034e-14
-57.6378 1.78542 1.84559e-14
-58.2561 1.80554 1.85024e-14
-58.8083 1.82314 1.85431e-14
-59.2979 1.83837 1.85786e-14
-59.7282 1.85137 1.86089e-14
-60.1025 1.86228 1.86346e-14
-60.4234 1.87122 1.86557e-14
-60.694 1.87831 1.86727e-14
-60.9171 1.88367 1.86857e-14
-61.0956 1.88743 1.86951e-14
-61.2326 1.88971 1.87011e-14
-61.3308 1.89063 1.8704e-14
-61.3932 1.89032 1.8704e-14
-61.4231 1.88892 1.87016e-14
-61.4242 1.88656 1.86969e-14
-61.3996 1.88339 1.86904e-14
-61.3527 1.87954 1.86822e-14
-61.2865 1.87513 1.86728e-14
-61.2037 1.87027 1.86622e-14
-61.1068 1.86506 1.86509e-14
-60.9981 1.85959 1.86388e-14
-60.8795 1.85394 1.86263e-14
-60.7524 1.84815 1.86135e-14
-60.6181 1.84228 1.86004e-14
-60.4773 1.83635 1.85871e-14
-60.331 1.83038 1.85737e-14
-60.1798 1.82441 1.85602e-14
-60.0241 1.81843 1.85466e-14
-59.8642 1.81246 1.8533e-14
-59.6997 1.80647 1.85194e-14
-59.5304 1.80045 1.85056e-14
-59.3556 1.79436 1.84916e-14
-59.1742 1.78815 1.84773e-14
-58.9844 1.78174 1.84625e-14
-58.7835 1.77502 1.8447e-14
-58.5689 1.76787 1.84305e-14
-58.338 1.76019 1.84127e-14
-58.0881 1.75185 1.83935e-14
-57.8163 1.74275 1.83725e-14
-57.5201 1.73276 1.83495e-14
-57.1972 1.7218 1.83243e-14
-56.846 1.7098 1.82967e-14
-56.4657 1.69672 1.82667e-14
-56.0557 1.68253 1.82342e-14
-55.6153 1.66722 1.81991e-14
-55.1447 1.65077 1.81615e-14
-54.6441 1.63321 1.81213e-14
-54.1139 1.61454 1.80787e-14
-53.5541 1.59477 1.80335e-14
-52.9638 1.57386 1.79858e-14
-52.3412 1.55174 1.79353e-14
-51.6846 1.52835 1.7882e-14
-50.9928 1.50364 1.78256e-14
-50.2653 1.47758 1.77662e-14
-49.5021 1.45019 1.77038e-14
-48.7036 1.42147 1.76384e-14
-47.87 1.39145 1.75701e-14
-47.0024 1.36016 1.74988e-14
-46.1015 1.32763 1.74248e-14
-45.1684 1.29393 1.73481e-14
-44.204 1.25907 1.72688e-14
-43.2084 1.22307 1.71869e-14
-42.1813 1.18591 1.71023e-14
-41.1223 1.1476 1.70151e-14
-40.0311 1.1081 1.69253e-14
-38.9071 1.06741 1.68327e-14
-37.7499 1.0255 1.67373e-14
-36.5589 0.982349 1.66392e-14
-35.3335 0.937946 1.65382e-14
-34.0733 0.892266 1.64343e-14
-32.7777 0.845291 1.63274e-14
-31.4461 0.797001 1.62176e-14
-30.0785 0.747392 1.61047e-14
-28.6753 0.696486 1.59889e-14
-27.2376 0.644326 1.58703e-14
-25.7664 0.590956 1.57489e-14
-24.2628 0.536422 1.56248e-14
-22.7276 0.480764 1.54982e-14
-21.1618 0.424018 1.53691e-14
-19.5662 0.366217 1.52376e-14
-17.9415 0.307395 1.51037e-14
-16.2886 0.247586 1.49676e-14
-14.6082 0.186822 1.48293e-14
-12.9009 0.125133 1.46889e-14
-11.1675 0.0625407 1.45464e-14
-9.40803 -0.00094469 1.44018e-14
-7.62265 -0.0653205 1.42552e-14
-5.81124 -0.130593 1.41066e-14
-3.97357 -0.196771 1.39558e-14
-2.10923 -0.263875 1.3803e-14
-0.217703 -0.331929 1.36479e-14
1.7017 -0.400962 1.34907e-14
3.64923 -0.471005 1.33311e-14
5.62572 -0.542084 1.31691e-14
7.63182 -0.614224 1.30047e-14
9.66788 -0.687449 1.28378e-14
11.7346 -0.761791 1.26684e-14
13.8325 -0.83728 1.24964e-14
15.9623 -0.913952 1.23217e-14
18.1246 -0.991842 1.21442e-14
20.3204 -1.07099 1.19639e-14
22.5509 -1.15146 1.17806e-14
24.8176 -1.23333 1.15941e-14
27.1221 -1.31665 1.14044e-14
29.4659 -1.40151 1.12112e-14
31.8511 -1.488 1.10143e-14
34.2799 -1.57633 1.08132e-14
36.7558 -1.66667 1.06074e-14
39.2799 -1.75895 1.03974e-14
41.8527 -1.85317 1.01829e-14
44.4732 -1.94939 9.96394e-15
47.1431 -2.04764 9.74036e-15
49.8638 -2.14793 9.51222e-15
52.6338 -2.25024 9.27954e-15
55.4526 -2.35454 9.04242e-15
58.3183 -2.46076 8.80099e-15
61.2295 -2.56885 8.55539e-15
64.1838 -2.67872 8.30581e-15
67.1795 -2.79028 8.05243e-15
70.2138 -2.90344 7.79549e-15
73.284 -3.01809 7.53523e-15
76.3869 -3.13409 7.27193e-15
79.5194 -3.25131 7.00591e-15
82.6778 -3.36961 6.73747e-15
85.8582 -3.48884 6.46699e-15
89.0562 -3.60879 6.19487e-15
92.2671 -3.72929 5.92154e-15
95.4857 -3.85013 5.64746e-15
98.7066 -3.9711 5.37304e-15
101.925 -4.09202 5.09872e-15
105.138 -4.21271 4.82495e-15
108.341 -4.33298 4.5521e-15
111.528 -4.45265 4.28059e-15
114.692 -4.57128 4.0114e-15
117.803 -4.68697 3.74853e-15
120.876 -4.80088 3.48955e-15
123.915 -4.91362 3.23314e-15
126.909 -5.02443 2.98094e-15
129.865 -5.13377 2.73209e-15
132.773 -5.24115 2.48763e-15
135.632 -5.34664 2.24745e-15
138.437 -5.44999 2.01197e-15
141.186 -5.55112 1.78147e-15
143.875 -5.64986 1.55636e-15
146.502 -5.74613 1.33678e-15
149.065 -5.83987 1.1229e-15
151.563 -5.93107 9.14742e-16
153.997 -6.01972 7.1234e-16
156.366 -6.10583 5.15647e-16
158.671 -6.18944 3.24589e-16
160.914 -6.27061 1.39043e-16
163.096 -6.34941 -4.11421e-17
165.217 -6.4259 -2.16132e-16
167.282 -6.50019 -3.86126e-16
169.291 -6.57236 -5.51332e-16
171.246 -6.64252 -7.11978e-16
173.151 -6.71077 -8.68284e-16
175.007 -6.7772 -1.02047e-15
176.817 -6.84192 -1.16875e-15
178.583 -6.90501 -1.31332e-15
180.307 -6.96656 -1.45439e-15
181.99 -7.02667 -1.59215e-15
183.636 -7.0854 -1.72678e-15
185.245 -7.14285 -1.85846e-15
186.819 -7.19908 -1.98735e-15
188.361 -7.25418 -2.11363e-15
189.873 -7.30822 -2.23746e-15
191.355 -7.36127 -2.35902e-15
192.81 -7.41337 -2.4784e-15
194.237 -7.46456 -2.59564e-15
195.636 -7.51479 -2.71069e-15
197.007 -7.56404 -2.82348e-15
198.349 -7.61228 -2.93395e-15
199.661 -7.65949 -3.04202e-15
200.942 -7.70563 -3.14765e-15
202.191 -7.75068 -3.25076e-15
203.41 -7.79461 -3.35131e-15
204.597 -7.83745 -3.44935e-15
205.754 -7.87923 -3.54496e-15
206.882 -7.91998 -3.63822e-15
207.982 -7.95977 -3.72925e-15
209.056 -7.99866 -3.81821e-15
210.106 -8.03676 -3.90532e-15
211.136 -8.07414 -3.99079e-15
212.146 -8.1109 -4.0748e-15
213.139 -8.14708 -4.15747e-15
214.115 -8.18273 -4.2389e-15
215.075 -8.21788 -4.31915e-15
216.02 -8.25255 -4.39828e-15
216.95 -8.28677 -4.47633e-15
217.867 -8.32054 -4.55334e-15
218.769 -8.35388 -4.62933e-15
219.658 -8.38677 -4.70428e-15
220.532 -8.41917 -4.77808e-15
221.388 -8.451 -4.85057e-15
222.227 -8.48218 -4.92155e-15
223.044 -8.51262 -4.99084e-15
223.838 -8.54225 -5.05825e-15
224.608 -8.57096 -5.12359e-15
225.351 -8.59868 -5.18666e-15
226.066 -8.62531 -5.24727e-15
226.75 -8.65079 -5.30525e-15
227.401 -8.67503 -5.36043e-15
228.018 -8.69796 -5.41264e-15
228.6 -8.71952 -5.46174e-15
229.145 -8.73964 -5.50759e-15
229.651 -8.75827 -5.5501e-15
230.119 -8.77539 -5.58917e-15
230.547 -8.79096 -5.62474e-15
230.935 -8.80497 -5.6568e-15
231.284 -8.81744 -5.68537e-15
231.594 -8.82838 -5.71049e-15
231.865 -8.83782 -5.73222e-15
232.098 -8.84578 -5.75063e-15
232.294 -8.8523 -5.76576e-15
232.454 -8.85742 -5.77771e-15
232.578 -8.86117 -5.78659e-15
232.669 -8.86365 -5.79255e-15
232.728 -8.86492 -5.79579e-15
232.758 -8.86508 -5.79651e-15
232.76 -8.86422 -5.7949e-15
232.736 -8.86242 -5.79114e-15
232.688 -8.85975 -5.78538e-15
232.617 -8.85627 -5.77776e-15
232.524 -8.85204 -5.76841e-15
232.411 -8.8471 -5.75742e-15
232.277 -8.84147 -5.74482e-15
232.122 -8.83515 -5.73064e-15
231.948 -8.82817 -5.71491e-15
231.754 -8.82057 -5.69773e-15
231.542 -8.81239 -5.67918e-15
231.313 -8.80365 -5.65935e-15
231.067 -8.79441 -5.63832e-15
230.805 -8.78473 -5.61622e-15
230.53 -8.77467 -5.59322e-15
230.242 -8.76431 -5.56947e-15
229.944 -8.75369 -5.54506e-15
229.635 -8.74282 -5.52005e-15
229.315 -8.73173 -5.49445e-15
228.985 -8.72038 -5.46821e-15
228.643 -8.70876 -5.4413e-15
228.288 -8.69682 -5.41359e-15
227.92 -8.68449 -5.38496e-15
227.536 -8.6717 -5.35522e-15
227.134 -8.6584 -5.32427e-15
226.715 -8.64457 -5.29209e-15
226.281 -8.63026 -5.25876e-15
225.83 -8.61549 -5.22433e-15
225.366 -8.60028 -5.18886e-15
224.886 -8.58461 -5.15232e-15
224.391 -8.56846 -5.11463e-15
223.88 -8.55177 -5.07572e-15
223.351 -8.53451 -5.03545e-15
222.803 -8.51657 -4.99364e-15
222.233 -8.49785 -4.95004e-15
221.639 -8.47823 -4.90438e-15
221.018 -8.45759 -4.85642e-15
220.366 -8.43582 -4.80589e-15
219.683 -8.41281 -4.75254e-15
218.964 -8.38845 -4.69614e-15
218.208 -8.36262 -4.63644e-15
217.412 -8.33521 -4.57318e-15
216.573 -8.30609 -4.50607e-15
215.688 -8.27514 -4.43485e-15
214.755 -8.24226 -4.35929e-15
213.771 -8.20734 -4.27913e-15
212.733 -8.17026 -4.19415e-15
211.639 -8.13095 -4.10414e-15
210.488 -8.08931 -4.0089e-15
209.277 -8.04524 -3.90821e-15
208.002 -7.99864 -3.80184e-15
206.662 -7.94941 -3.68956e-15
205.256 -7.89749 -3.57125e-15
203.782 -7.84286 -3.44685e-15
202.241 -7.78554 -3.3164e-15
200.633 -7.72556 -3.17998e-15
198.961 -7.66297 -3.0377e-15
197.224 -7.59783 -2.88968e-15
195.425 -7.53021 -2.73608e-15
193.566 -7.46018 -2.57707e-15
191.648 -7.38785 -2.41287e-15
189.674 -7.31332 -2.2437e-15
187.647 -7.23669 -2.06982e-15
185.569 -7.1581 -1.89151e-15
183.444 -7.07767 -1.70903e-15
181.273 -6.99551 -1.52263e-15
179.06 -6.91171 -1.33255e-15
176.807 -6.82639 -1.13901e-15
174.516 -6.73967 -9.42265e-16
172.191 -6.65166 -7.4262e-16
169.835 -6.56253 -5.40396e-16
167.451 -6.47241 -3.35922e-16
165.044 -6.38144 -1.29494e-16
162.615 -6.28974 7.86168e-17
160.168 -6.19741 2.88184e-16
157.705 -6.10454 4.9899e-16
155.227 -6.01124 7.10829e-16
152.738 -5.9176 9.23467e-16
150.24 -5.82373 1.13668e-15
147.735 -5.72972 1.35024e-15
145.226 -5.63564 1.56399e-15
142.713 -5.54155 1.77783e-15
140.197 -5.44744 1.99174e-15
137.678 -5.35333 2.2057e-15
135.156 -5.25921 2.41971e-15
132.633 -5.16513 2.63369e-15
130.108 -5.07112 2.84754e-15
127.584 -4.97722 3.06117e-15
125.062 -4.88348 3.27448e-15
122.541 -4.78994 3.48729e-15
120.022 -4.69662 3.69963e-15
117.502 -4.6033 3.91186e-15
114.985 -4.51023 4.12353e-15
112.487 -4.41832 4.33277e-15
109.997 -4.32691 4.54091e-15
107.512 -4.23567 4.74868e-15
105.035 -4.14486 4.95551e-15
102.565 -4.05431 5.16176e-15
100.102 -3.96414 5.36718e-15
97.6459 -3.87425 5.57197e-15
95.1975 -3.7847 5.77603e-15
92.7563 -3.69545 5.9794e-15
90.3234 -3.60654 6.182e-15
87.8992 -3.51798 6.38383e-15
85.4841 -3.42978 6.58485e-15
83.0779 -3.34191 6.78512e-15
80.6793 -3.25436 6.98462e-15
78.2881 -3.16709 7.18348e-15
75.9047 -3.08007 7.38175e-15
73.5288 -2.99332 7.57941e-15
71.1615 -2.90685 7.77642e-15
68.8035 -2.82069 7.97272e-15
66.4557 -2.73487 8.16822e-15
64.1195 -2.64944 8.36283e-15
61.7962 -2.56444 8.55644e-15
59.4874 -2.47993 8.74892e-15
57.1947 -2.39598 8.94013e-15
54.9204 -2.31266 9.12987e-15
52.667 -2.23007 9.31794e-15
50.4371 -2.14831 9.5041e-15
48.2336 -2.0675 9.6881e-15
46.0579 -1.98774 9.86963e-15
43.9147 -1.90918 1.00484e-14
41.8085 -1.83197 1.02241e-14
39.7418 -1.75624 1.03964e-14
37.7178 -1.68208 1.05652e-14
35.7393 -1.60975 1.07297e-14
33.8083 -1.53926 1.08901e-14
31.9243 -1.47052 1.10465e-14
30.0902 -1.40371 1.11984e-14
28.3082 -1.33884 1.1346e-14
26.5798 -1.27602 1.14889e-14
24.9065 -1.21528 1.16271e-14
23.2885 -1.15665 1.17605e-14
21.7255 -1.10011 1.18892e-14
20.2169 -1.04565 1.20132e-14
18.7621 -0.993239 1.21326e-14
17.3609 -0.94287 1.22474e-14
16.0127 -0.894533 1.23575e-14
14.7166 -0.84821 1.24631e-14
13.4722 -0.803876 1.25642e-14
12.2783 -0.761473 1.26609e-14
11.1326 -0.720928 1.27534e-14
10.0333 -0.682158 1.28419e-14
8.9777 -0.645068 1.29267e-14
7.96295 -0.609543 1.30078e-14
6.98564 -0.57545 1.30858e-14
6.04228 -0.542654 1.31608e-14
5.12929 -0.511012 1.32332e-14
4.24315 -0.480387 1.33033e-14
3.38033 -0.450639 1.33715e-14
2.53728 -0.421628 1.34379e-14
1.7105 -0.393216 1.3503e-14
0.896822 -0.365277 1.35671e-14
0.0932318 -0.337692 1.36303e-14
-0.703213 -0.310344 1.3693e-14
-1.49523 -0.283125 1.37553e-14
-2.28489 -0.255952 1.38176e-14
-3.07388 -0.228757 1.38799e-14
-3.86374 -0.20148 1.39424e-14
-4.65591 -0.174062 1.40052e-14
-5.45151 -0.146456 1.40684e-14
-6.25147 -0.118625 1.41321e-14
-7.05662 -0.0905338 1.41963e-14
-7.86769 -0.0621502 1.42612e-14
-8.68522 -0.0334515 1.43268e-14
-9.50959 -0.00441872 1.43932e-14
-10.3411 0.0249614 1.44603e-14
-11.18 0.0547064 1.45282e-14
-12.0269 0.0848388 1.4597e-14
-12.8823 0.115387 1.46666e-14
-13.7467 0.146374 1.47373e-14
-14.6206 0.177826 1.4809e-14
-15.5048 0.20977 1.48817e-14
-16.3998 0.24224 1.49556e-14
-17.3062 0.275261 1.50308e-14
-18.2241 0.308841 1.51071e-14
-19.1527 0.342948 1.51846e-14
-20.0904 0.377525 1.52632e-14
-21.0354 0.412503 1.53426e-14
-21.9858 0.447805 1.54227e-14
-22.9396 0.483353 1.55033e-14
-23.8946 0.519063 1.55843e-14
-24.8485 0.554843 1.56654e-14
-25.7989 0.590595 1.57464e-14
-26.7428 0.626203 1.58271e-14
-27.6772 0.661546 1.59071e-14
-28.5989 0.696493 1.59862e-14
-29.5046 0.730916 1.60641e-14
-30.3913 0.764691 1.61405e-14
-31.2559 0.797696 1.62151e-14
-32.0954 0.829811 1.62877e-14
-32.9071 0.860924 1.6358e-14
-33.6886 0.890942 1.64259e-14
-34.438 0.919784 1.6491e-14
-35.1533 0.947378 1.65534e-14
-35.8329 0.97366 1.66127e-14
-36.4761 0.998596 1.6669e-14
-37.0824 1.02217 1.67222e-14
-37.6516 1.04437 1.67723e-14
-38.1835 1.0652 1.68193e-14
-38.6787 1.08468 1.68632e-14
-39.1381 1.10285 1.69041e-14
-39.5628 1.11975 1.69421e-14
-39.9534 1.13541 1.69774e-14
-40.31 1.14984 1.70098e-14
-40.6324 1.16303 1.70394e-14
-40.9203 1.17496 1.70661e-14
-41.1729 1.18561 1.70899e-14
-41.389 1.19492 1.71107e-14
-41.5664 1.20282 1.71282e-14
-41.7032 1.20921 1.71424e-14
-41.7976 1.21403 1.71529e-14
-41.8481 1.21722 1.71598e-14
-41.8534 1.21872 1.71628e-14
-41.8124 1.21849 1.71619e-14
-41.7237 1.21647 1.7157e-14
-41.586 1.21262 1.71479e-14
-41.3977 1.20687 1.71345e-14
-41.1574 1.19915 1.71166e-14
-40.8635 1.18942 1.70942e-14
-40.5147 1.17761 1.70671e-14
-40.1094 1.16365 1.70351e-14
-39.6462 1.14751 1.69981e-14
-39.1235 1.1291 1.69561e-14
-38.5392 1.10835 1.69087e-14
-37.8909 1.08516 1.68558e-14
-37.176 1.05942 1.67972e-14
-36.3929 1.03108 1.67327e-14
-35.541 1.0001 1.66622e-14
-34.6209 0.966512 1.65858e-14
-33.6331 0.930339 1.65036e-14
-32.5788 0.891623 1.64156e-14
-31.4593 0.850421 1.6322e-14
-30.2763 0.806803 1.62229e-14
-29.0316 0.760844 1.61186e-14
-27.7275 0.712629 1.60091e-14
-26.3664 0.662256 1.58948e-14
-24.951 0.609836 1.57758e-14
-23.4841 0.555481 1.56524e-14
-21.9686 0.499303 1.55249e-14
-20.4071 0.441406 1.53935e-14
-18.8022 0.381895 1.52585e-14
-17.1565 0.320868 1.512e-14
-15.4725 0.258421 1.49782e-14
-13.7521 0.194634 1.48335e-14
-11.9975 0.12958 1.46858e-14
-10.2103 0.0633278 1.45354e-14
-8.3926 -0.00404825 1.43825e-14
-6.54671 -0.0724604 1.42272e-14
-4.67524 -0.141809 1.40698e-14
-2.7808 -0.211997 1.39105e-14
-0.865915 -0.282928 1.37495e-14
1.06703 -0.354513 1.3587e-14
3.01576 -0.426667 1.34232e-14
4.97803 -0.499309 1.32583e-14
6.95196 -0.572367 1.30924e-14
8.93651 -0.645808 1.29257e-14
10.9312 -0.719617 1.27582e-14
12.9355 -0.793784 1.25898e-14
14.949 -0.868298 1.24206e-14
16.9715 -0.943151 1.22507e-14
19.0026 -1.01834 1.208e-14
21.0418 -1.09384 1.19087e-14
23.0888 -1.16966 1.17366e-14
25.1429 -1.24576 1.15639e-14
27.2032 -1.32212 1.13906e-14
29.269 -1.3987 1.12168e-14
31.3391 -1.47547 1.10426e-14
33.4114 -1.55233 1.08681e-14
35.4836 -1.62921 1.06937e-14
37.5534 -1.70605 1.05193e-14
39.6191 -1.78284 1.0345e-14
41.6775 -1.85937 1.01713e-14
43.7252 -1.93548 9.99854e-15
45.7603 -2.0111 9.82688e-15
47.7798 -2.0861 9.6566e-15
49.7814 -2.1604 9.48791e-15
51.7623 -2.23389 9.32107e-15
53.72 -2.30645 9.15629e-15
55.652 -2.378 8.9938e-15
57.556 -2.44844 8.83382e-15
59.4296 -2.51767 8.67653e-15
61.2694 -2.58561 8.52211e-15
63.0744 -2.65218 8.37074e-15
64.8428 -2.71729 8.22266e-15
66.571 -2.78086 8.07802e-15
68.2577 -2.84279 7.93705e-15
69.9013 -2.90301 7.79992e-15
71.5011 -2.96153 7.66665e-15
73.0576 -3.01833 7.53722e-15
74.5711 -3.07347 7.41157e-15
76.0427 -3.12696 7.2896e-15
77.4736 -3.17888 7.17121e-15
78.8654 -3.22928 7.05622e-15
80.2198 -3.27826 6.94447e-15
81.5384 -3.32586 6.83582e-15
82.8221 -3.37213 6.73018e-15
84.0714 -3.41711 6.62748e-15
85.2869 -3.46081 6.52768e-15
86.4692 -3.50326 6.4307e-15
87.6193 -3.54451 6.33645e-15
88.7387 -3.58461 6.24482e-15
89.8285 -3.62361 6.15566e-15
90.8901 -3.66157 6.06889e-15
91.9242 -3.69852 5.98442e-15
92.9315 -3.73449 5.90219e-15
93.9126 -3.76948 5.82215e-15
94.8683 -3.80355 5.74423e-15
95.8002 -3.83675 5.6683e-15
96.7094 -3.86915 5.59412e-15
97.5985 -3.90084 5.52155e-15
98.47 -3.93189 5.45047e-15
99.3247 -3.96233 5.38074e-15
100.164 -3.99221 5.31232e-15
100.987 -4.02155 5.24512e-15
101.796 -4.05036 5.17909e-15
102.592 -4.07871 5.11414e-15
103.376 -4.10663 5.05016e-15
104.15 -4.13419 4.98703e-15
104.915 -4.16143 4.92462e-15
105.673 -4.18842 4.86278e-15
106.425 -4.21522 4.80137e-15
107.174 -4.24191 4.74024e-15
107.92 -4.26855 4.67924e-15
108.666 -4.29516 4.6183e-15
109.41 -4.32176 4.5574e-15
110.152 -4.34828 4.49668e-15
110.886 -4.37422 4.43718e-15
111.615 -4.39997 4.37811e-15
112.344 -4.42579 4.31887e-15
113.068 -4.45143 4.26002e-15
113.788 -4.47696 4.20146e-15
114.502 -4.50225 4.14344e-15
115.206 -4.52722 4.0861e-15
115.901 -4.55183 4.02959e-15
116.586 -4.5761 3.97387e-15
117.261 -4.59998 3.91902e-15
117.925 -4.62351 3.86498e-15
118.58 -4.6467 3.81175e-15
119.225 -4.66957 3.75926e-15
119.862 -4.69215 3.70744e-15
120.491 -4.71449 3.65618e-15
121.113 -4.73664 3.60539e-15
121.729 -4.75864 3.55497e-15
122.341 -4.78052 3.50483e-15
122.948 -4.80233 3.45492e-15
123.552 -4.82408 3.40516e-15
124.153 -4.84579 3.35553e-15
124.75 -4.86747 3.30599e-15
125.344 -4.88913 3.25654e-15
125.935 -4.91076 3.20721e-15
126.523 -4.93236 3.158e-15
127.107 -4.95392 3.10891e-15
127.687 -4.97544 3.05994e-15
128.264 -4.99693 3.01109e-15
128.838 -5.01837 2.96237e-15
129.407 -5.03976 2.91381e-15
129.973 -5.0611 2.86542e-15
130.534 -5.08236 2.81724e-15
131.091 -5.10354 2.76929e-15
131.643 -5.12462 2.72158e-15
132.19 -5.1456 2.67413e-15
132.732 -5.16649 2.62694e-15
133.269 -5.18728 2.58001e-15
133.802 -5.20798 2.53331e-15
134.332 -5.22862 2.48677e-15
134.859 -5.24923 2.44034e-15
135.383 -5.26982 2.39398e-15
135.905 -5.29042 2.34764e-15
136.425 -5.31103 2.30129e-15
136.945 -5.33167 2.25492e-15
137.462 -5.35234 2.20852e-15
137.979 -5.37301 2.16213e-15
138.492 -5.39366 2.11583e-15
139.003 -5.41425 2.06969e-15
139.508 -5.43473 2.02382e-15
140.008 -5.45504 1.97836e-15
140.5 -5.47511 1.93347e-15
140.982 -5.49485 1.88933e-15
141.452 -5.51417 1.84616e-15
141.906 -5.53294 1.80427e-15
142.341 -5.55099 1.76403e-15
142.752 -5.56814 1.72581e-15
143.134 -5.58424 1.68999e-15
143.485 -5.59914 1.65689e-15
143.801 -5.61269 1.62684e-15
144.078 -5.62474 1.60018e-15
144.313 -5.63515 1.57721e-15
144.503 -5.64383 1.55817e-15
144.646 -5.65065 1.5433e-15
144.739 -5.65554 1.53281e-15
144.78 -5.65842 1.52685e-15
144.769 -5.65925 1.52549e-15
144.706 -5.65805 1.52875e-15
144.59 -5.65481 1.53659e-15
144.423 -5.64954 1.549e-15
144.203 -5.64226 1.56596e-15
143.932 -5.63295 1.58749e-15
143.609 -5.62163 1.61357e-15
143.234 -5.6083 1.64417e-15
142.809 -5.59299 1.67925e-15
142.333 -5.57573 1.71873e-15
141.808 -5.55656 1.76252e-15
141.235 -5.53552 1.81053e-15
140.614 -5.51266 1.86263e-15
139.947 -5.48803 1.91872e-15
139.236 -5.46166 1.97873e-15
138.48 -5.43362 2.04252e-15
137.683 -5.40393 2.11002e-15
136.844 -5.37263 2.18117e-15
135.963 -5.33975 2.25588e-15
135.043 -5.30533 2.33409e-15
134.083 -5.26935 2.4158e-15
133.082 -5.23182 2.50103e-15
132.041 -5.19272 2.58979e-15
130.96 -5.15206 2.68208e-15
129.838 -5.10985 2.77788e-15
128.677 -5.06611 2.87713e-15
127.478 -5.02087 2.97976e-15
126.24 -4.97417 3.08568e-15
124.967 -4.92609 3.19475e-15
123.659 -4.87669 3.30678e-15
122.318 -4.82603 3.42164e-15
120.946 -4.77417 3.53918e-15
119.547 -4.72128 3.65903e-15
118.126 -4.66757 3.78076e-15
116.686 -4.61325 3.90388e-15
115.238 -4.55878 4.02743e-15
113.779 -4.504 4.1517e-15
112.31 -4.44886 4.2768e-15
110.835 -4.39357 4.40226e-15
109.355 -4.33816 4.52801e-15
107.874 -4.28276 4.65376e-15
106.393 -4.22744 4.77937e-15
104.914 -4.17228 4.90463e-15
103.439 -4.11735 5.0294e-15
101.97 -4.06272 5.15351e-15
100.509 -4.00844 5.27685e-15
99.0563 -3.95458 5.39929e-15
97.6135 -3.90115 5.52076e-15
96.18 -3.84814 5.64131e-15
94.7548 -3.79549 5.76106e-15
93.3365 -3.74314 5.88013e-15
91.9237 -3.69105 5.99864e-15
90.5161 -3.63917 6.11666e-15
89.1139 -3.58751 6.2342e-15
87.7168 -3.53606 6.35127e-15
86.3253 -3.48481 6.46787e-15
84.9404 -3.43381 6.58391e-15
83.5637 -3.38311 6.69928e-15
82.1968 -3.33276 6.81382e-15
80.8411 -3.28283 6.92743e-15
79.4975 -3.23333 7.04005e-15
78.1665 -3.18429 7.15163e-15
76.8486 -3.13571 7.26214e-15
75.5443 -3.08762 7.37154e-15
74.2549 -3.04005 7.47974e-15
72.9813 -2.99306 7.58665e-15
71.725 -2.94667 7.69213e-15
70.4869 -2.90095 7.79612e-15
69.2675 -2.8559 7.89857e-15
68.0666 -2.81151 7.99952e-15
66.8839 -2.76778 8.09896e-15
65.7194 -2.72469 8.19692e-15
64.5724 -2.68224 8.29344e-15
63.4425 -2.64039 8.38858e-15
62.3291 -2.59913 8.48237e-15
61.2317 -2.55844 8.57485e-15
60.1498 -2.5183 8.66606e-15
59.0829 -2.47871 8.75604e-15
58.0307 -2.43964 8.84482e-15
56.9931 -2.4011 8.93238e-15
55.9715 -2.36316 9.0186e-15
54.9678 -2.32589 9.10329e-15
53.9842 -2.28939 9.18625e-15
53.0228 -2.25374 9.26726e-15
52.0866 -2.21908 9.34606e-15
51.1785 -2.18553 9.42236e-15
50.3017 -2.15321 9.49588e-15
49.4588 -2.12225 9.56637e-15
48.6519 -2.09272 9.63361e-15
47.883 -2.06471 9.69745e-15
47.1535 -2.03828 9.75774e-15
46.4648 -2.01349 9.81435e-15
45.8173 -1.99039 9.86714e-15
45.2131 -1.96903 9.91599e-15
44.6534 -1.94946 9.96085e-15
44.1386 -1.93168 1.00016e-14
43.6683 -1.9157 1.00384e-14
43.2407 -1.90146 1.00713e-14
42.855 -1.8889 1.01003e-14
42.51 -1.87795 1.01258e-14
42.2044 -1.86858 1.01476e-14
41.9375 -1.86074 1.01661e-14
41.7082 -1.85438 1.01812e-14
41.515 -1.84944 1.01931e-14
41.3559 -1.84583 1.0202e-14
41.2279 -1.84344 1.02082e-14
41.1283 -1.84213 1.02119e-14
41.0542 -1.84179 1.02134e-14
41.0034 -1.84232 1.0213e-14
40.9737 -1.84364 1.02107e-14
40.9632 -1.84566 1.02069e-14
40.9699 -1.84829 1.02017e-14
40.992 -1.85147 1.01952e-14
41.0274 -1.8551 1.01876e-14
41.0745 -1.85912 1.01792e-14
41.1319 -1.86348 1.017e-14
41.1979 -1.8681 1.01601e-14
41.2705 -1.8729 1.01499e-14
41.3485 -1.8778 1.01393e-14
41.4299 -1.88276 1.01286e-14
41.5124 -1.88766 1.01181e-14
41.5932 -1.89239 1.01078e-14
41.6695 -1.89685 1.00982e-14
41.7389 -1.90094 1.00893e-14
41.799 -1.90455 1.00815e-14
41.8478 -1.90762 1.0075e-14
41.8833 -1.91006 1.00697e-14
41.9038 -1.9118 1.00661e-14
41.9074 -1.91278 1.00641e-14
41.8924 -1.91291 1.0064e-14
41.8572 -1.91215 1.00658e-14
41.8004 -1.91044 1.00698e-14
41.7212 -1.90775 1.0076e-14
41.6191 -1.90405 1.00844e-14
41.4939 -1.89936 1.0095e-14
41.3455 -1.89365 1.01079e-14
41.1734 -1.88692 1.0123e-14
40.9774 -1.87916 1.01405e-14
40.7573 -1.87036 1.01602e-14
40.5133 -1.86054 1.01823e-14
40.2464 -1.84974 1.02065e-14
39.9579 -1.83802 1.02328e-14
39.6496 -1.82544 1.0261e-14
39.3232 -1.81208 1.02909e-14
38.9809 -1.79804 1.03223e-14
38.6249 -1.7834 1.03551e-14
38.2575 -1.76826 1.0389e-14
37.8817 -1.75275 1.04237e-14
37.5012 -1.737 1.0459e-14
37.1203 -1.72121 1.04943e-14
36.7434 -1.70555 1.05293e-14
36.3749 -1.6902 1.05637e-14
36.0187 -1.67531 1.05969e-14
35.6784 -1.66104 1.06288e-14
35.3577 -1.64753 1.0659e-14
35.0594 -1.6349 1.06872e-14
34.7858 -1.62325 1.07132e-14
34.5384 -1.61262 1.07369e-14
34.3184 -1.60307 1.07582e-14
34.127 -1.59466 1.07769e-14
33.966 -1.58744 1.0793e-14
33.8368 -1.58148 1.08062e-14
33.7412 -1.57685 1.08164e-14
33.6803 -1.57358 1.08236e-14
33.6545 -1.57169 1.08276e-14
33.6636 -1.57117 1.08286e-14
33.7072 -1.57201 1.08265e-14
33.7848 -1.57418 1.08214e-14
33.8966 -1.57769 1.08133e-14
34.0429 -1.58254 1.08021e-14
34.2237 -1.58872 1.0788e-14
34.439 -1.59624 1.07708e-14
34.6882 -1.60506 1.07507e-14
34.9708 -1.61516 1.07277e-14
35.2859 -1.6265 1.07019e-14
35.6328 -1.63904 1.06734e-14
36.0109 -1.65276 1.06422e-14
36.42 -1.66764 1.06084e-14
36.8599 -1.68368 1.05719e-14
37.3301 -1.70085 1.05329e-14
37.8307 -1.71915 1.04913e-14
38.3614 -1.7386 1.04471e-14
38.9217 -1.75914 1.04004e-14
39.5113 -1.78075 1.03513e-14
40.1296 -1.80341 1.02998e-14
40.7754 -1.82709 1.02459e-14
41.4483 -1.85176 1.01898e-14
42.1479 -1.87738 1.01315e-14
42.8735 -1.90393 1.00711e-14
43.6246 -1.93138 1.00086e-14
44.4007 -1.95972 9.94405e-15
45.2014 -1.98894 9.87754e-15
46.0264 -2.01901 9.80906e-15
46.8755 -2.04993 9.73863e-15
47.7488 -2.0817 9.66625e-15
48.646 -2.11432 9.59194e-15
49.5666 -2.14776 9.51574e-15
50.5089 -2.18198 9.43771e-15
51.4726 -2.21697 9.35791e-15
52.4576 -2.25271 9.27641e-15
53.4636 -2.28919 9.19319e-15
54.4911 -2.32644 9.10823e-15
55.5402 -2.36447 9.02148e-15
56.6115 -2.40331 8.93289e-15
57.7057 -2.44298 8.84239e-15
58.8237 -2.48355 8.74987e-15
59.9664 -2.52505 8.65525e-15
61.1346 -2.56751 8.55843e-15
62.3289 -2.61097 8.45935e-15
63.5495 -2.65546 8.35796e-15
64.7968 -2.70098 8.25423e-15
66.0711 -2.74757 8.14811e-15
67.3728 -2.79524 8.03955e-15
68.7025 -2.84403 7.92848e-15
70.0607 -2.89396 7.81484e-15
71.4477 -2.94506 7.69858e-15
72.8644 -2.99737 7.57962e-15
74.3115 -3.05091 7.45788e-15
75.7897 -3.10573 7.3333e-15
77.2991 -3.16184 7.20582e-15
78.8401 -3.21926 7.07543e-15
80.4126 -3.27798 6.94212e-15
82.0162 -3.33799 6.80592e-15
83.6498 -3.39926 6.66693e-15
85.3107 -3.46167 6.52538e-15
86.9953 -3.52508 6.38161e-15
88.6994 -3.58933 6.23597e-15
90.419 -3.65425 6.08885e-15
92.1502 -3.71967 5.94061e-15
93.8891 -3.78546 5.79157e-15
95.6321 -3.85144 5.64209e-15
97.3754 -3.91749 5.49249e-15
99.1164 -3.98347 5.34305e-15
100.852 -4.04929 5.19397e-15
102.581 -4.11486 5.04549e-15
104.3 -4.18005 4.89785e-15
106.006 -4.24474 4.75136e-15
107.694 -4.30875 4.6064e-15
109.361 -4.37191 4.46334e-15
111.002 -4.43406 4.32256e-15
112.612 -4.495 4.18451e-15
114.187 -4.55451 4.04967e-15
115.721 -4.61238 3.91851e-15
117.208 -4.66842 3.79146e-15
118.646 -4.72243 3.66897e-15
120.017 -4.77346 3.55308e-15
121.322 -4.82172 3.44335e-15
122.567 -4.86761 3.33891e-15
123.745 -4.91081 3.24054e-15
124.855 -4.95135 3.14814e-15
125.893 -4.98899 3.06219e-15
126.859 -5.0238 2.9826e-15
127.756 -5.05583 2.90927e-15
128.583 -5.08512 2.84211e-15
129.342 -5.11175 2.78094e-15
130.037 -5.1358 2.72558e-15
130.667 -5.15736 2.67582e-15
131.237 -5.17655 2.63142e-15
131.748 -5.19346 2.59215e-15
132.204 -5.20824 2.55772e-15
132.608 -5.22099 2.52784e-15
132.963 -5.2319 2.50215e-15
133.273 -5.24109 2.48033e-15
133.541 -5.24872 2.46204e-15
133.772 -5.25494 2.44698e-15
133.967 -5.25987 2.43485e-15
134.13 -5.26364 2.42531e-15
134.264 -5.26637 2.41814e-15
134.372 -5.26818 2.4131e-15
134.457 -5.26919 2.40989e-15
134.521 -5.2695 2.40829e-15
134.568 -5.26922 2.40807e-15
134.598 -5.26841 2.40906e-15
134.614 -5.26715 2.41113e-15
134.617 -5.26546 2.41418e-15
134.607 -5.26341 2.4181e-15
134.588 -5.26106 2.42275e-15
134.559 -5.25847 2.42795e-15
134.524 -5.25573 2.43355e-15
134.483 -5.25287 2.43944e-15
134.438 -5.24994 2.44554e-15
134.389 -5.24695 2.45181e-15
134.336 -5.2439 2.45824e-15
134.28 -5.2408 2.46482e-15
134.221 -5.23768 2.47149e-15
134.159 -5.23456 2.47819e-15
134.096 -5.23147 2.48485e-15
134.033 -5.22843 2.49142e-15
133.97 -5.22548 2.49782e-15
133.907 -5.22265 2.50401e-15
133.847 -5.21995 2.5099e-15
133.788 -5.21742 2.51546e-15
133.733 -5.21508 2.52062e-15
133.681 -5.21294 2.52535e-15
133.634 -5.21103 2.52957e-15
133.591 -5.20938 2.53326e-15
133.553 -5.20799 2.53639e-15
133.521 -5.20686 2.53893e-15
133.494 -5.20602 2.54088e-15
133.473 -5.20543 2.54226e-15
133.456 -5.20508 2.54313e-15
133.443 -5.20493 2.54358e-15
133.433 -5.20492 2.54371e-15
133.424 -5.20502 2.54363e-15
133.416 -5.20517 2.54345e-15
133.408 -5.20532 2.54327e-15
133.397 -5.20543 2.5432e-15
133.384 -5.20546 2.54334e-15
133.368 -5.20537 2.54375e-15
133.349 -5.20515 2.54445e-15
133.325 -5.20479 2.54547e-15
133.298 -5.20429 2.54682e-15
133.267 -5.20362 2.54855e-15
133.231 -5.20278 2.55069e-15
133.191 -5.20174 2.55326e-15
133.145 -5.20048 2.55633e-15
133.092 -5.19894 2.56003e-15
133.031 -5.19706 2.5645e-15
132.959 -5.19475 2.56993e-15
132.876 -5.19196 2.57645e-15
132.779 -5.18862 2.58421e-15
132.667 -5.18469 2.5933e-15
132.539 -5.18011 2.60385e-15
132.394 -5.17485 2.61593e-15
132.231 -5.16887 2.62963e-15
132.049 -5.16214 2.64501e-15
131.847 -5.15464 2.66216e-15
131.624 -5.14635 2.68109e-15
131.382 -5.13729 2.70175e-15
131.121 -5.12751 2.72405e-15
130.841 -5.11705 2.74789e-15
130.545 -5.10597 2.77317e-15
130.232 -5.0943 2.79979e-15
129.904 -5.08207 2.82769e-15
129.56 -5.06931 2.85681e-15
129.201 -5.05605 2.8871e-15
128.827 -5.0423 2.91853e-15
128.438 -5.02807 2.95107e-15
128.035 -5.01336 2.98473e-15
127.616 -4.99817 3.01953e-15
127.182 -4.98249 3.05547e-15
126.731 -4.9663 3.09262e-15
126.264 -4.94956 3.13103e-15
125.778 -4.93226 3.17077e-15
125.273 -4.91432 3.21198e-15
124.747 -4.89571 3.25473e-15
124.197 -4.87634 3.29923e-15
123.623 -4.85613 3.34567e-15
123.023 -4.83502 3.39418e-15
122.394 -4.81293 3.44493e-15
121.735 -4.7898 3.49806e-15
121.045 -4.76555 3.55376e-15
120.323 -4.74014 3.61211e-15
119.566 -4.71348 3.67329e-15
118.773 -4.68551 3.73744e-15
117.944 -4.65622 3.80458e-15
117.079 -4.6256 3.87473e-15
116.177 -4.5936 3.94801e-15
115.239 -4.56032 4.02423e-15
114.267 -4.52592 4.10306e-15
113.257 -4.49011 4.18508e-15
112.207 -4.45274 4.27062e-15
111.116 -4.41384 4.35961e-15
109.984 -4.37334 4.45221e-15
108.809 -4.33123 4.54845e-15
107.591 -4.28743 4.64847e-15
106.329 -4.24195 4.75232e-15
105.024 -4.19474 4.86004e-15
103.675 -4.14583 4.97159e-15
102.284 -4.09525 5.08691e-15
100.852 -4.04306 5.20587e-15
99.3799 -3.98928 5.32838e-15
97.8692 -3.93397 5.45435e-15
96.3204 -3.87714 5.58373e-15
94.7345 -3.81883 5.71644e-15
93.1126 -3.75908 5.85238e-15
91.4563 -3.69795 5.99141e-15
89.7674 -3.63552 6.13339e-15
88.0477 -3.57185 6.27813e-15
86.2995 -3.50704 6.42544e-15
84.5252 -3.44118 6.57512e-15
82.7274 -3.37437 6.72692e-15
80.9089 -3.30672 6.88059e-15
79.0728 -3.23836 7.03586e-15
77.223 -3.16945 7.19238e-15
75.3638 -3.10015 7.34977e-15
73.4995 -3.03064 7.50762e-15
71.6345 -2.96109 7.66555e-15
69.7726 -2.89166 7.82321e-15
67.9176 -2.8225 7.98027e-15
66.0731 -2.75375 8.13641e-15
64.2427 -2.68555 8.29131e-15
62.4301 -2.61805 8.44463e-15
60.6392 -2.5514 8.59602e-15
58.8737 -2.48576 8.74517e-15
57.1368 -2.42123 8.89178e-15
55.4306 -2.35791 9.03567e-15
53.7565 -2.29585 9.17673e-15
52.1155 -2.23509 9.31487e-15
50.5087 -2.17566 9.45001e-15
48.9368 -2.11758 9.58209e-15
47.3993 -2.06087 9.71103e-15
45.8976 -2.00556 9.83681e-15
44.4324 -1.95164 9.95943e-15
43.0033 -1.89912 1.00789e-14
41.6099 -1.84797 1.01953e-14
40.2515 -1.79815 1.03086e-14
38.9277 -1.74966 1.0419e-14
37.6379 -1.70245 1.05264e-14
36.3815 -1.65653 1.06309e-14
35.1591 -1.61199 1.07323e-14
33.9708 -1.56876 1.08306e-14
32.8158 -1.52677 1.09262e-14
31.6951 -1.48609 1.10187e-14
30.6091 -1.44672 1.11084e-14
29.5581 -1.40868 1.1195e-14
28.542 -1.37196 1.12786e-14
27.5599 -1.33653 1.13593e-14
26.6113 -1.30237 1.14371e-14
25.6954 -1.26944 1.15121e-14
24.8116 -1.23773 1.15844e-14
23.9591 -1.20722 1.1654e-14
23.1375 -1.17787 1.17209e-14
22.3457 -1.14965 1.17853e-14
21.5824 -1.12251 1.18472e-14
20.8458 -1.09637 1.19069e-14
20.1339 -1.07116 1.19644e-14
19.4452 -1.04682 1.202e-14
18.779 -1.02332 1.20737e-14
18.135 -1.00065 1.21255e-14
17.513 -0.978795 1.21755e-14
16.913 -0.957765 1.22235e-14
16.3352 -0.93757 1.22697e-14
15.7806 -0.918232 1.23139e-14
15.2495 -0.899776 1.23562e-14
14.7425 -0.882216 1.23964e-14
14.2596 -0.865554 1.24345e-14
13.8007 -0.849782 1.24707e-14
13.3655 -0.834888 1.25048e-14
12.9538 -0.820858 1.2537e-14
12.5651 -0.807673 1.25673e-14
12.199 -0.795311 1.25957e-14
11.855 -0.783751 1.26222e-14
11.5325 -0.772967 1.2647e-14
11.2309 -0.762927 1.26701e-14
10.9492 -0.753595 1.26916e-14
10.6866 -0.744937 1.27116e-14
10.4425 -0.73692 1.273e-14
10.2162 -0.729519 1.27471e-14
10.0071 -0.722711 1.27628e-14
9.81494 -0.716479 1.27772e-14
9.6393 -0.71081 1.27903e-14
9.48023 -0.705706 1.28021e-14
9.33787 -0.701172 1.28126e-14
9.2125 -0.697222 1.28217e-14
9.10455 -0.693873 1.28295e-14
9.01472 -0.691155 1.28358e-14
8.94389 -0.689105 1.28406e-14
8.89301 -0.687765 1.28438e-14
8.86318 -0.687181 1.28453e-14
8.85591 -0.687414 1.28448e-14
8.87289 -0.688537 1.28424e-14
8.91585 -0.690619 1.28378e-14
8.98626 -0.693724 1.28309e-14
9.08527 -0.697902 1.28216e-14
9.21361 -0.703185 1.28097e-14
9.37179 -0.709592 1.27953e-14
9.55983 -0.717127 1.27784e-14
9.77658 -0.725743 1.2759e-14
10.0202 -0.735362 1.27374e-14
10.2884 -0.745899 1.27136e-14
10.579 -0.757258 1.2688e-14
10.8892 -0.769324 1.26608e-14
11.2159 -0.781971 1.26323e-14
11.5559 -0.795069 1.26027e-14
11.9062 -0.8085 1.25724e-14
12.2645 -0.822158 1.25415e-14
12.6285 -0.835953 1.25103e-14
12.9961 -0.8498 1.2479e-14
13.3657 -0.863631 1.24477e-14
13.7365 -0.877408 1.24164e-14
14.1082 -0.891122 1.23853e-14
14.4807 -0.904767 1.23543e-14
14.854 -0.91834 1.23234e-14
15.2276 -0.931819 1.22927e-14
15.6007 -0.945176 1.22623e-14
15.9728 -0.958386 1.22322e-14
16.3434 -0.971433 1.22024e-14
16.7123 -0.984309 1.21729e-14
17.0796 -0.997016 1.21438e-14
17.4454 -1.00956 1.21151e-14
17.8099 -1.02196 1.20866e-14
18.1732 -1.03421 1.20584e-14
18.5351 -1.04632 1.20306e-14
18.8956 -1.05828 1.2003e-14
19.2554 -1.07012 1.19757e-14
19.6164 -1.08192 1.19485e-14
19.9811 -1.0938 1.1921e-14
20.3527 -1.10588 1.18931e-14
20.7341 -1.11829 1.18645e-14
21.1281 -1.13113 1.18348e-14
21.5378 -1.14455 1.18038e-14
21.9661 -1.15865 1.17713e-14
22.4156 -1.17355 1.1737e-14
22.8889 -1.18937 1.17006e-14
23.3883 -1.20618 1.16619e-14
23.9161 -1.2241 1.16208e-14
24.4743 -1.24319 1.1577e-14
25.0649 -1.26354 1.15304e-14
25.6897 -1.28524 1.14807e-14
26.3506 -1.30834 1.14279e-14
27.0489 -1.33292 1.13717e-14
27.7868 -1.35906 1.1312e-14
28.5662 -1.38682 1.12487e-14
29.3888 -1.41629 1.11816e-14
30.2563 -1.44751 1.11104e-14
31.17 -1.48055 1.10352e-14
32.1311 -1.51544 1.09558e-14
33.1407 -1.55223 1.08722e-14
34.1989 -1.59092 1.07842e-14
35.3041 -1.63145 1.06921e-14
36.4535 -1.67368 1.05962e-14
37.6449 -1.71762 1.04964e-14
38.8747 -1.76306 1.03932e-14
40.1391 -1.8098 1.0287e-14
41.435 -1.85775 1.01781e-14
42.7591 -1.90674 1.00669e-14
44.1073 -1.95665 9.95348e-15
45.477 -2.00735 9.83827e-15
46.8654 -2.05872 9.72157e-15
48.2693 -2.11062 9.60361e-15
49.6864 -2.16297 9.48463e-15
51.1156 -2.21573 9.36472e-15
52.5557 -2.26887 9.24385e-15
54.0077 -2.32243 9.12202e-15
55.4723 -2.37641 8.99922e-15
56.9494 -2.43083 8.87541e-15
58.4397 -2.4857 8.75055e-15
59.9433 -2.54105 8.62461e-15
61.4609 -2.59691 8.49751e-15
62.9928 -2.65329 8.36922e-15
64.5397 -2.71022 8.23967e-15
66.1021 -2.76774 8.1088e-15
67.6805 -2.82586 7.97656e-15
69.2751 -2.8846 7.84292e-15
70.8858 -2.94395 7.70789e-15
72.5125 -3.00393 7.57146e-15
74.1548 -3.06451 7.43366e-15
75.812 -3.12567 7.29456e-15
77.4826 -3.18735 7.15427e-15
79.1655 -3.24952 7.01291e-15
80.8592 -3.3121 6.87059e-15
82.5625 -3.37507 6.72742e-15
84.2742 -3.43836 6.58351e-15
85.9932 -3.50194 6.43895e-15
87.7184 -3.56576 6.29385e-15
89.449 -3.6298 6.14827e-15
91.1846 -3.69403 6.00225e-15
92.9244 -3.75843 5.85585e-15
94.668 -3.82298 5.70911e-15
96.4144 -3.88765 5.56211e-15
98.1625 -3.95239 5.41495e-15
99.9114 -4.01716 5.26773e-15
101.66 -4.08192 5.12052e-15
103.406 -4.14663 4.9734e-15
105.15 -4.21125 4.82648e-15
106.891 -4.27574 4.67987e-15
108.627 -4.34006 4.53363e-15
110.357 -4.40417 4.38786e-15
112.081 -4.46805 4.24263e-15
113.797 -4.53167 4.098e-15
115.495 -4.59421 3.95569e-15
117.173 -4.65569 3.81566e-15
118.841 -4.71685 3.67638e-15
120.499 -4.77762 3.53797e-15
122.142 -4.83784 3.40073e-15
123.769 -4.89751 3.26473e-15
125.383 -4.95666 3.12993e-15
126.978 -5.01515 2.99661e-15
128.554 -5.07293 2.8649e-15
130.108 -5.12991 2.73501e-15
131.638 -5.18603 2.60711e-15
133.143 -5.2412 2.48135e-15
134.62 -5.29536 2.35783e-15
136.068 -5.34846 2.23672e-15
137.485 -5.40044 2.11816e-15
138.872 -5.45127 2.0022e-15
140.227 -5.50091 1.88896e-15
141.549 -5.54934 1.77848e-15
142.838 -5.59651 1.67083e-15
144.092 -5.64242 1.56607e-15
145.312 -5.68705 1.46422e-15
146.498 -5.7304 1.36528e-15
147.65 -5.7725 1.26918e-15
148.769 -5.81337 1.17587e-15
149.856 -5.85303 1.0853e-15
150.91 -5.8915 9.97453e-16
151.933 -5.92877 9.12328e-16
152.923 -5.96485 8.29925e-16
153.881 -5.99973 7.50226e-16
154.809 -6.03346 6.73146e-16
155.707 -6.06609 5.98567e-16
156.577 -6.09768 5.26358e-16
157.421 -6.12828 4.56387e-16
158.24 -6.15796 3.8852e-16
159.036 -6.18677 3.22621e-16
159.81 -6.21477 2.58552e-16
160.564 -6.24203 1.96183e-16
161.299 -6.26859 1.35406e-16
162.017 -6.29449 7.61309e-17
162.718 -6.31976 1.82646e-17
163.404 -6.34447 -3.82928e-17
164.075 -6.36864 -9.36504e-17
164.734 -6.39235 -1.47928e-16
165.381 -6.41563 -2.01247e-16
166.019 -6.43855 -2.53738e-16
166.647 -6.46116 -3.05524e-16
167.269 -6.48352 -3.56739e-16
167.886 -6.50569 -4.0751e-16
168.498 -6.52774 -4.57986e-16
169.109 -6.54974 -5.08334e-16
169.719 -6.57177 -5.58748e-16
170.332 -6.59391 -6.09414e-16
170.949 -6.61626 -6.60501e-16
171.57 -6.63883 -7.12105e-16
172.198 -6.66167 -7.64288e-16
172.832 -6.6848 -8.17091e-16
173.472 -6.70821 -8.70527e-16
174.118 -6.73188 -9.24533e-16
174.768 -6.75577 -9.79001e-16
175.421 -6.77981 -1.0338e-15
176.076 -6.80395 -1.08882e-15
176.732 -6.82814 -1.14394e-15
177.386 -6.85234 -1.19905e-15
178.039 -6.8765 -1.25406e-15
178.689 -6.90057 -1.30886e-15
179.333 -6.92448 -1.36328e-15
179.972 -6.94816 -1.41719e-15
180.602 -6.97155 -1.47041e-15
181.222 -6.99457 -1.52278e-15
181.829 -7.01712 -1.57411e-15
182.422 -7.03913 -1.6242e-15
182.999 -7.06051 -1.67284e-15
183.556 -7.08117 -1.71985e-15
184.093 -7.10104 -1.76509e-15
184.608 -7.12007 -1.80843e-15
185.1 -7.13822 -1.84976e-15
185.568 -7.15543 -1.88897e-15
186.01 -7.17169 -1.92603e-15
186.428 -7.18698 -1.9609e-15
186.82 -7.20131 -1.99357e-15
187.187 -7.21466 -2.02404e-15
187.528 -7.22703 -2.05229e-15
187.842 -7.23842 -2.07831e-15
188.131 -7.24883 -2.1021e-15
188.393 -7.25823 -2.12361e-15
188.628 -7.26658 -2.14273e-15
188.831 -7.27379 -2.15925e-15
189.003 -7.27978 -2.17301e-15
189.14 -7.28448 -2.18383e-15
189.241 -7.28782 -2.19159e-15
189.305 -7.28978 -2.19619e-15
189.331 -7.2903 -2.19755e-15
189.319 -7.28937 -2.1956e-15
189.266 -7.28696 -2.19028e-15
189.174 -7.28303 -2.18151e-15
189.04 -7.27755 -2.16922e-15
188.864 -7.27051 -2.15339e-15
188.647 -7.26194 -2.13409e-15
188.391 -7.25188 -2.1114e-15
188.095 -7.2404 -2.08546e-15
187.762 -7.22753 -2.05636e-15
187.393 -7.21333 -2.02423e-15
186.988 -7.19784 -1.98915e-15
186.548 -7.1811 -1.95122e-15
186.075 -7.16315 -1.91052e-15
185.568 -7.144 -1.86706e-15
185.027 -7.12364 -1.82084e-15
184.453 -7.10207 -1.77185e-15
183.844 -7.07927 -1.72005e-15
183.201 -7.05522 -1.66538e-15
182.521 -7.02988 -1.60776e-15
181.805 -7.00322 -1.54713e-15
181.052 -6.9752 -1.48338e-15
180.26 -6.94577 -1.41642e-15
179.428 -6.91489 -1.34616e-15
178.555 -6.88251 -1.27247e-15
177.641 -6.84859 -1.19529e-15
176.685 -6.81313 -1.11458e-15
175.687 -6.77612 -1.03036e-15
174.648 -6.73757 -9.42632e-16
173.568 -6.69749 -8.51422e-16
172.447 -6.65588 -7.56738e-16
171.285 -6.61275 -6.58591e-16
170.082 -6.56809 -5.56992e-16
168.839 -6.52194 -4.51981e-16
167.558 -6.47432 -3.43642e-16
166.238 -6.4253 -2.32102e-16
164.883 -6.37492 -1.17491e-16
163.493 -6.32324 8.00483e-20
162.069 -6.27027 1.20573e-16
160.61 -6.21602 2.4399e-16
159.117 -6.16048 3.7034e-16
157.591 -6.10365 4.99591e-16
156.031 -6.0456 6.3164e-16
154.442 -5.98638 7.66323e-16
152.823 -5.92608 9.0347e-16
151.177 -5.86477 1.0429e-15
149.507 -5.80254 1.18445e-15
147.814 -5.73945 1.32795e-15
146.099 -5.67558 1.47322e-15
144.366 -5.611 1.62008e-15
142.616 -5.54582 1.76836e-15
140.852 -5.4801 1.91784e-15
139.075 -5.41394 2.06833e-15
137.289 -5.34743 2.21965e-15
135.494 -5.28063 2.37163e-15
133.692 -5.21361 2.52413e-15
131.885 -5.14642 2.67703e-15
130.074 -5.07911 2.8302e-15
128.26 -5.01173 2.98357e-15
126.444 -4.94429 3.13706e-15
124.626 -4.87684 3.29061e-15
122.808 -4.80938 3.44418e-15
120.99 -4.74195 3.59771e-15
119.172 -4.67457 3.75115e-15
117.351 -4.60715 3.90456e-15
115.53 -4.53971 4.05794e-15
113.71 -4.47237 4.21113e-15
111.898 -4.40555 4.36321e-15
110.093 -4.33915 4.51439e-15
108.289 -4.27283 4.66541e-15
106.489 -4.20667 4.81609e-15
104.693 -4.14068 4.96639e-15
102.903 -4.07492 5.11617e-15
101.118 -4.00942 5.26536e-15
99.3416 -3.94426 5.41382e-15
97.5741 -3.87947 5.56144e-15
95.8172 -3.81513 5.70806e-15
94.0724 -3.75129 5.85357e-15
92.3415 -3.68803 5.9978e-15
90.6264 -3.62541 6.14058e-15
88.9285 -3.56352 6.28171e-15
87.2498 -3.50242 6.42106e-15
85.592 -3.44217 6.55852e-15
83.9549 -3.38282 6.69393e-15
82.3403 -3.32439 6.82723e-15
80.7495 -3.26693 6.95839e-15
79.1822 -3.21043 7.08738e-15
77.6386 -3.15488 7.21423e-15
76.1182 -3.10028 7.33897e-15
74.6205 -3.04659 7.46166e-15
73.1447 -2.99379 7.58237e-15
71.6897 -2.94182 7.7012e-15
70.2547 -2.89064 7.81826e-15
68.8382 -2.8402 7.93364e-15
67.4394 -2.79045 8.04747e-15
66.0571 -2.74135 8.15985e-15
64.6902 -2.69285 8.27088e-15
63.3376 -2.64489 8.38067e-15
61.9982 -2.59743 8.48934e-15
60.6707 -2.55041 8.597e-15
59.3541 -2.50379 8.70375e-15
58.0472 -2.45751 8.80971e-15
56.7475 -2.41153 8.91493e-15
55.4551 -2.3658 9.01952e-15
54.1691 -2.32031 9.12354e-15
52.8886 -2.27501 9.22708e-15
51.6133 -2.22984 9.33032e-15
50.3413 -2.18475 9.43336e-15
49.0716 -2.13968 9.53633e-15
47.8025 -2.09458 9.63935e-15
46.5326 -2.04938 9.74258e-15
45.26 -2.004 9.84619e-15
43.9831 -1.95839 9.95031e-15
42.7003 -1.91247 1.00551e-14
41.4101 -1.8662 1.01606e-14
40.1128 -1.81967 1.02667e-14
38.8076 -1.7728 1.03735e-14
37.493 -1.72546 1.04813e-14
36.1693 -1.67771 1.059e-14
34.8366 -1.62953 1.06997e-14
33.4952 -1.58094 1.08103e-14
32.1455 -1.53196 1.09217e-14
30.7878 -1.48261 1.1034e-14
29.4224 -1.4329 1.1147e-14
28.0497 -1.38285 1.12608e-14
26.6706 -1.33248 1.13753e-14
25.2868 -1.28189 1.14904e-14
23.9007 -1.23115 1.16057e-14
22.5148 -1.18038 1.1721e-14
21.1314 -1.12968 1.18363e-14
19.7524 -1.0791 1.19512e-14
18.379 -1.02871 1.20657e-14
17.0126 -0.978554 1.21797e-14
15.6543 -0.928681 1.2293e-14
14.3047 -0.879116 1.24056e-14
12.9643 -0.829874 1.25175e-14
11.6334 -0.780967 1.26286e-14
10.312 -0.732394 1.2739e-14
8.99938 -0.68412 1.28487e-14
7.69428 -0.636093 1.29578e-14
6.39534 -0.588255 1.30664e-14
5.10128 -0.540552 1.31748e-14
3.81091 -0.492933 1.32829e-14
2.52313 -0.445351 1.3391e-14
1.23694 -0.397764 1.3499e-14
-0.0483379 -0.35014 1.36071e-14
-1.3328 -0.302475 1.37153e-14
-2.61608 -0.254781 1.38235e-14
-3.89765 -0.207079 1.39318e-14
-5.17669 -0.1594 1.40399e-14
-6.45185 -0.111797 1.41479e-14
-7.72144 -0.0643392 1.42555e-14
-8.98362 -0.0170996 1.43626e-14
-10.2363 0.0298375 1.4469e-14
-11.4768 0.0763663 1.45744e-14
-12.7023 0.122368 1.46787e-14
-13.9097 0.167722 1.47814e-14
-15.0957 0.212295 1.48824e-14
-16.2563 0.255927 1.49813e-14
-17.3872 0.298444 1.50776e-14
-18.4841 0.339671 1.51711e-14
-19.5429 0.379452 1.52612e-14
-20.5607 0.417663 1.53478e-14
-21.535 0.45421 1.54306e-14
-22.4635 0.489007 1.55095e-14
-23.3446 0.521986 1.55843e-14
-24.1772 0.553111 1.56549e-14
-24.9608 0.582368 1.57213e-14
-25.6952 0.609752 1.57834e-14
-26.3801 0.635256 1.58413e-14
-27.0146 0.658852 1.58948e-14
-27.5976 0.680501 1.5944e-14
-28.128 0.700164 1.59886e-14
-28.6049 0.717817 1.60287e-14
-29.0283 0.733457 1.60643e-14
-29.3981 0.747097 1.60953e-14
-29.7148 0.758753 1.61218e-14
-29.9784 0.768445 1.61438e-14
-30.1894 0.776182 1.61614e-14
-30.3476 0.781976 1.61746e-14
-30.4532 0.785833 1.61834e-14
-30.5062 0.787759 1.61878e-14
-30.5065 0.787752 1.61878e-14
-30.4536 0.785789 1.61833e-14
-30.3473 0.781858 1.61744e-14
-30.1871 0.775947 1.6161e-14
-29.9723 0.768026 1.6143e-14
-29.7021 0.75806 1.61203e-14
-29.3753 0.746006 1.6093e-14
-28.9912 0.731831 1.60607e-14
-28.5494 0.715515 1.60237e-14
-28.0497 0.697048 1.59817e-14
-27.4919 0.676423 1.59349e-14
-26.8763 0.653645 1.58831e-14
-26.2037 0.628745 1.58266e-14
-25.4756 0.601773 1.57653e-14
-24.6933 0.572784 1.56995e-14
-23.8584 0.541836 1.56292e-14
-22.9725 0.508991 1.55547e-14
-22.0376 0.474316 1.5476e-14
-21.0553 0.437878 1.53932e-14
-20.0275 0.399745 1.53067e-14
-18.9557 0.359976 1.52164e-14
-17.8416 0.318627 1.51225e-14
-16.6866 0.275756 1.50252e-14
-15.4923 0.231418 1.49246e-14
-14.2601 0.185664 1.48207e-14
-12.9912 0.138541 1.47138e-14
-11.6872 0.0901009 1.46038e-14
-10.3491 0.0403906 1.4491e-14
-8.97839 -0.010546 1.43754e-14
-7.57598 -0.0626699 1.42571e-14
-6.14307 -0.115939 1.41363e-14
-4.68113 -0.170297 1.40129e-14
-3.19236 -0.225661 1.38873e-14
-1.67941 -0.281926 1.37596e-14
-0.145084 -0.338984 1.36302e-14
1.40752 -0.396713 1.34992e-14
2.97461 -0.454963 1.3367e-14
4.55198 -0.513568 1.32341e-14
6.13536 -0.572359 1.31006e-14
7.72055 -0.631171 1.29672e-14
9.30345 -0.689841 1.2834e-14
10.8801 -0.748214 1.27015e-14
12.4466 -0.806139 1.257e-14
13.9996 -0.863477 1.24398e-14
15.536 -0.920118 1.23112e-14
17.0534 -0.975968 1.21843e-14
18.5498 -1.03094 1.20594e-14
20.0231 -1.08498 1.19366e-14
21.4721 -1.13802 1.1816e-14
22.8959 -1.19004 1.16977e-14
24.2938 -1.24103 1.15818e-14
25.6653 -1.29095 1.14682e-14
27.0099 -1.33981 1.1357e-14
28.3276 -1.3876 1.12483e-14
29.6182 -1.43433 1.11419e-14
30.8821 -1.48002 1.10379e-14
32.1206 -1.52473 1.09361e-14
33.3357 -1.56854 1.08363e-14
34.5293 -1.61153 1.07384e-14
35.7037 -1.6538 1.06421e-14
36.8611 -1.69544 1.05472e-14
38.0048 -1.73664 1.04534e-14
39.1376 -1.77751 1.03603e-14
40.2612 -1.81807 1.02679e-14
41.3774 -1.8584 1.0176e-14
42.4878 -1.89857 1.00845e-14
43.5942 -1.93865 9.99322e-15
44.6981 -1.97867 9.90208e-15
45.8004 -2.01869 9.81097e-15
46.9023 -2.05874 9.71981e-15
48.0043 -2.09885 9.62855e-15
49.1071 -2.13902 9.53715e-15
50.2106 -2.17925 9.44562e-15
51.315 -2.21955 9.35396e-15
52.42 -2.25988 9.26222e-15
53.5241 -2.30023 9.17039e-15
54.6256 -2.34054 9.0786e-15
55.7246 -2.38074 8.98703e-15
56.8198 -2.42077 8.89584e-15
57.9093 -2.46057 8.80517e-15
58.9921 -2.50007 8.71517e-15
60.0666 -2.5392 8.62597e-15
61.1316 -2.57793 8.53768e-15
62.1862 -2.61619 8.45041e-15
63.2301 -2.65399 8.36417e-15
64.2636 -2.69133 8.27896e-15
65.2872 -2.72823 8.19472e-15
66.3014 -2.7647 8.11142e-15
67.3064 -2.80077 8.02902e-15
68.3024 -2.83643 7.94752e-15
69.2897 -2.8717 7.86688e-15
70.2689 -2.90661 7.78703e-15
71.2416 -2.94122 7.70784e-15
72.2096 -2.97563 7.62912e-15
73.1753 -3.00991 7.55066e-15
74.1406 -3.04416 7.47226e-15
75.1072 -3.07845 7.39376e-15
76.0768 -3.11286 7.31501e-15
77.0507 -3.14744 7.23588e-15
78.0298 -3.18226 7.15614e-15
79.017 -3.21743 7.07563e-15
80.0152 -3.25305 6.99412e-15
81.0264 -3.28923 6.91134e-15
82.0534 -3.32606 6.8271e-15
83.0976 -3.36361 6.74126e-15
84.1601 -3.40193 6.65372e-15
85.2417 -3.44104 6.5644e-15
86.3429 -3.48098 6.47324e-15
87.4644 -3.52177 6.38019e-15
88.6064 -3.56342 6.28522e-15
89.7691 -3.60594 6.18831e-15
90.9526 -3.64932 6.08947e-15
92.1568 -3.69358 5.9887e-15
93.3816 -3.7387 5.886e-15
94.6268 -3.78467 5.7814e-15
95.8921 -3.83147 5.67493e-15
97.1776 -3.87912 5.56659e-15
98.4834 -3.92762 5.45637e-15
99.8096 -3.97696 5.34425e-15
101.156 -4.02713 5.23028e-15
102.521 -4.07808 5.11457e-15
103.903 -4.12975 4.99726e-15
105.301 -4.18205 4.87853e-15
106.712 -4.23492 4.75854e-15
108.135 -4.2883 4.63742e-15
109.569 -4.34213 4.51528e-15
111.002 -4.3956 4.39388e-15
112.437 -4.44898 4.27261e-15
113.88 -4.5028 4.15037e-15
115.328 -4.5568 4.02775e-15
116.781 -4.61103 3.90461e-15
118.233 -4.66526 3.78143e-15
119.684 -4.71948 3.65825e-15
121.132 -4.77366 3.53517e-15
122.575 -4.82768 3.41246e-15
124.01 -4.88142 3.2904e-15
125.434 -4.93478 3.16919e-15
126.845 -4.98766 3.04911e-15
128.239 -5.03995 2.93036e-15
129.615 -5.09155 2.81321e-15
130.969 -5.14238 2.69779e-15
132.301 -5.19239 2.58425e-15
133.61 -5.24151 2.47272e-15
134.892 -5.28969 2.36335e-15
136.147 -5.33684 2.25633e-15
137.371 -5.38285 2.15189e-15
138.562 -5.42763 2.05025e-15
139.717 -5.47108 1.95162e-15
140.836 -5.51314 1.85616e-15
141.916 -5.55376 1.76398e-15
142.956 -5.59288 1.67519e-15
143.955 -5.63046 1.5899e-15
144.912 -5.66643 1.50826e-15
145.824 -5.70072 1.43041e-15
146.691 -5.73328 1.3565e-15
147.51 -5.76404 1.28667e-15
148.281 -5.79295 1.22101e-15
149.002 -5.81998 1.15962e-15
149.673 -5.84511 1.10254e-15
150.294 -5.86829 1.04985e-15
150.863 -5.88951 1.00162e-15
151.38 -5.90871 9.5793e-16
151.844 -5.92589 9.1884e-16
152.254 -5.941 8.84408e-16
152.61 -5.95403 8.54691e-16
152.911 -5.96495 8.29743e-16
153.156 -5.97375 8.09601e-16
153.347 -5.98042 7.94252e-16
153.483 -5.98502 7.83602e-16
153.567 -5.98761 7.77491e-16
153.601 -5.98828 7.75736e-16
153.586 -5.98711 7.78139e-16
153.525 -5.9842 7.84494e-16
153.421 -5.97964 7.94587e-16
153.275 -5.97351 8.08241e-16
153.089 -5.9659 8.25247e-16
152.867 -5.95693 8.45348e-16
152.612 -5.94671 8.68297e-16
152.325 -5.93536 8.93832e-16
152.01 -5.92297 9.21729e-16
151.668 -5.90963 9.51803e-16
151.301 -5.8954 9.83919e-16
150.911 -5.88033 1.01795e-15
150.498 -5.86447 1.0538e-15
150.063 -5.84785 1.09141e-15
149.606 -5.83046 1.13079e-15
149.127 -5.8123 1.17191e-15
148.626 -5.79338 1.21481e-15
148.104 -5.77369 1.25946e-15
147.559 -5.75323 1.30589e-15
146.993 -5.73199 1.3541e-15
146.405 -5.70995 1.40413e-15
145.793 -5.68708 1.45607e-15
145.157 -5.66332 1.51003e-15
144.496 -5.63861 1.56616e-15
143.808 -5.61291 1.62456e-15
143.093 -5.58619 1.68525e-15
142.351 -5.55846 1.74824e-15
141.583 -5.52974 1.81348e-15
140.789 -5.50004 1.88095e-15
139.97 -5.46938 1.95057e-15
139.127 -5.4378 2.02229e-15
138.262 -5.40534 2.09599e-15
137.374 -5.37206 2.17157e-15
136.468 -5.33804 2.24881e-15
135.546 -5.3034 2.32746e-15
134.61 -5.26825 2.40725e-15
133.664 -5.23271 2.48793e-15
132.711 -5.19689 2.56928e-15
131.751 -5.16085 2.6511e-15
130.789 -5.12469 2.73321e-15
129.825 -5.08849 2.81542e-15
128.861 -5.05233 2.89755e-15
127.901 -5.01629 2.9794e-15
126.945 -4.98045 3.06081e-15
125.997 -4.94489 3.14161e-15
125.055 -4.90964 3.2217e-15
124.123 -4.87475 3.30102e-15
123.199 -4.84021 3.37951e-15
122.286 -4.80607 3.45713e-15
121.382 -4.77236 3.53381e-15
120.49 -4.73909 3.60947e-15
119.61 -4.70632 3.68404e-15
118.743 -4.67406 3.75743e-15
117.887 -4.64227 3.82971e-15
117.044 -4.61101 3.90079e-15
116.216 -4.58036 3.97052e-15
115.403 -4.55029 4.03893e-15
114.605 -4.52084 4.10597e-15
113.822 -4.49199 4.17165e-15
113.054 -4.46375 4.23598e-15
112.303 -4.43625 4.29866e-15
111.568 -4.40951 4.35966e-15
110.849 -4.38338 4.41931e-15
110.145 -4.35786 4.47759e-15
109.455 -4.33295 4.5345e-15
108.782 -4.30867 4.59001e-15
108.123 -4.28503 4.64407e-15
107.481 -4.26206 4.69665e-15
106.856 -4.23977 4.74771e-15
106.247 -4.21816 4.79724e-15
105.655 -4.19725 4.84522e-15
105.08 -4.17704 4.89162e-15
104.522 -4.15753 4.93646e-15
103.981 -4.1387 4.97977e-15
103.455 -4.12054 5.02161e-15
102.945 -4.10301 5.06201e-15
102.449 -4.08608 5.10107e-15
101.966 -4.06969 5.13891e-15
101.495 -4.0538 5.17564e-15
101.035 -4.03834 5.21142e-15
100.583 -4.02325 5.24638e-15
100.138 -4.00845 5.28068e-15
99.698 -3.99388 5.31443e-15
99.2614 -3.97947 5.34782e-15
98.8268 -3.96514 5.38104e-15
98.3914 -3.95078 5.41431e-15
97.9526 -3.93629 5.44788e-15
97.5076 -3.92155 5.48201e-15
97.0538 -3.90645 5.51695e-15
96.5889 -3.89091 5.55289e-15
96.1108 -3.87483 5.59002e-15
95.6177 -3.85814 5.62853e-15
95.1076 -3.84076 5.66857e-15
94.5789 -3.82263 5.71031e-15
94.0298 -3.80367 5.75391e-15
93.4587 -3.78381 5.79951e-15
92.8643 -3.76302 5.84722e-15
92.2458 -3.74125 5.89712e-15
91.6025 -3.71848 5.94926e-15
90.9342 -3.69469 6.00368e-15
90.2405 -3.66989 6.06037e-15
89.5217 -3.64408 6.11935e-15
88.7779 -3.61725 6.18059e-15
88.0094 -3.58944 6.24404e-15
87.2167 -3.56067 6.30967e-15
86.4003 -3.53094 6.37743e-15
85.5607 -3.50029 6.44726e-15
84.6987 -3.46875 6.5191e-15
83.815 -3.43635 6.59288e-15
82.91 -3.4031 6.66856e-15
81.9843 -3.36904 6.74608e-15
81.0385 -3.33417 6.82539e-15
80.0732 -3.29854 6.90643e-15
79.0893 -3.26218 6.98912e-15
78.0876 -3.22512 7.07339e-15
77.0693 -3.1874 7.15913e-15
76.0353 -3.14906 7.24627e-15
74.9864 -3.11014 7.33472e-15
73.9233 -3.07066 7.42443e-15
72.847 -3.03066 7.51531e-15
71.7578 -2.99016 7.60729e-15
70.657 -2.94921 7.70031e-15
69.5455 -2.90782 7.7943e-15
68.4241 -2.86604 7.88917e-15
67.2939 -2.82391 7.98484e-15
66.1563 -2.78147 8.08119e-15
65.0128 -2.73879 8.17807e-15
63.865 -2.69594 8.27536e-15
62.7142 -2.65296 8.37288e-15
61.5624 -2.60995 8.47049e-15
60.4118 -2.56696 8.56804e-15
59.264 -2.52406 8.66536e-15
58.1209 -2.48134 8.7623e-15
56.984 -2.43884 8.85873e-15
55.8547 -2.39662 8.95452e-15
54.7343 -2.35473 9.04956e-15
53.6241 -2.31323 9.14374e-15
52.5252 -2.27214 9.23697e-15
51.4384 -2.2315 9.32917e-15
50.3647 -2.19135 9.42027e-15
49.3049 -2.15172 9.51019e-15
48.2596 -2.11262 9.59889e-15
47.2294 -2.07409 9.68632e-15
46.2148 -2.03614 9.77243e-15
45.2164 -1.99879 9.85717e-15
44.2348 -1.96205 9.94051e-15
43.2706 -1.92596 1.00224e-14
42.3244 -1.89054 1.01027e-14
41.397 -1.85581 1.01815e-14
40.489 -1.8218 1.02587e-14
39.6015 -1.78855 1.03341e-14
38.7354 -1.75609 1.04077e-14
37.8917 -1.72446 1.04795e-14
37.0722 -1.69378 1.0549e-14
36.2781 -1.66407 1.06164e-14
35.5105 -1.63533 1.06815e-14
34.771 -1.60765 1.07443e-14
34.062 -1.58112 1.08044e-14
33.3857 -1.55582 1.08618e-14
32.7449 -1.53186 1.09161e-14
32.1414 -1.50932 1.09672e-14
31.5769 -1.48826 1.1015e-14
31.0522 -1.46871 1.10593e-14
30.5681 -1.4507 1.11002e-14
30.125 -1.43425 1.11375e-14
29.7229 -1.41935 1.11714e-14
29.3616 -1.40599 1.12017e-14
29.0407 -1.39416 1.12286e-14
28.7598 -1.38383 1.1252e-14
28.5188 -1.375 1.12721e-14
28.3177 -1.36768 1.12887e-14
28.1565 -1.36185 1.1302e-14
28.035 -1.35751 1.13119e-14
27.9529 -1.35465 1.13184e-14
27.9098 -1.35325 1.13217e-14
27.9052 -1.35328 1.13216e-14
27.9385 -1.35474 1.13184e-14
28.0099 -1.35763 1.13119e-14
28.1195 -1.36196 1.13021e-14
28.2674 -1.36772 1.12891e-14
28.4532 -1.37492 1.12728e-14
28.6758 -1.3835 1.12534e-14
28.9336 -1.39341 1.1231e-14
29.2245 -1.40456 1.12058e-14
29.547 -1.4169 1.11779e-14
29.8997 -1.43037 1.11474e-14
30.2815 -1.44493 1.11145e-14
30.6915 -1.46056 1.10791e-14
31.1286 -1.4772 1.10414e-14
31.592 -1.49483 1.10015e-14
32.0809 -1.51343 1.09594e-14
32.5944 -1.53296 1.09152e-14
33.1316 -1.5534 1.0869e-14
33.6912 -1.57468 1.08208e-14
34.2716 -1.59675 1.07709e-14
34.8712 -1.61956 1.07193e-14
35.4885 -1.64304 1.06662e-14
36.1222 -1.66714 1.06116e-14
36.7713 -1.69183 1.05558e-14
37.4345 -1.71706 1.04987e-14
38.1108 -1.74278 1.04405e-14
38.7991 -1.769 1.03811e-14
39.4977 -1.79563 1.03209e-14
40.2047 -1.82257 1.02599e-14
40.9188 -1.84977 1.01984e-14
41.638 -1.87716 1.01364e-14
42.3609 -1.90468 1.00741e-14
43.0856 -1.93225 1.00117e-14
43.8106 -1.95981 9.9493e-15
44.5343 -1.98731 9.88707e-15
45.2555 -2.01468 9.8251e-15
45.9729 -2.04188 9.76352e-15
46.6852 -2.06885 9.70243e-15
47.391 -2.09555 9.64198e-15
48.089 -2.1219 9.58228e-15
48.7776 -2.14786 9.52346e-15
49.456 -2.17338 9.46562e-15
50.1234 -2.19844 9.40881e-15
50.7798 -2.22304 9.35304e-15
51.4252 -2.24717 9.29831e-15
52.0594 -2.27082 9.24464e-15
52.6819 -2.29398 9.19208e-15
53.2918 -2.31662 9.14069e-15
53.8885 -2.33869 9.09054e-15
54.4714 -2.3602 9.04168e-15
55.0404 -2.38112 8.99412e-15
55.5958 -2.40148 8.94783e-15
56.138 -2.42128 8.90276e-15
56.6674 -2.44056 8.85889e-15
57.1847 -2.45933 8.81614e-15
57.6906 -2.47762 8.77446e-15
58.1858 -2.49547 8.73377e-15
58.6713 -2.51292 8.69399e-15
59.148 -2.53 8.65503e-15
59.6172 -2.54677 8.61677e-15
60.08 -2.56326 8.57911e-15
60.5375 -2.57954 8.54195e-15
60.9904 -2.59562 8.50522e-15
61.4392 -2.61153 8.46888e-15
61.8843 -2.62728 8.4329e-15
62.3255 -2.64288 8.39721e-15
62.7634 -2.65835 8.36182e-15
63.1983 -2.67368 8.32674e-15
63.6295 -2.68887 8.29192e-15
64.0576 -2.70394 8.25738e-15
64.4833 -2.71889 8.2231e-15
64.9068 -2.73375 8.18903e-15
65.329 -2.74853 8.15512e-15
65.7502 -2.76326 8.12132e-15
66.1706 -2.77794 8.08763e-15
66.5901 -2.79257 8.05405e-15
67.0087 -2.80714 8.02059e-15
67.4263 -2.82165 7.98726e-15
67.8428 -2.8361 7.95406e-15
68.2585 -2.85049 7.92099e-15
68.6733 -2.86483 7.88803e-15
69.0875 -2.87912 7.85518e-15
69.5008 -2.89334 7.82245e-15
69.9128 -2.90749 7.78988e-15
70.3232 -2.92156 7.7575e-15
70.7319 -2.93553 7.72532e-15
71.1395 -2.94944 7.69327e-15
71.5468 -2.96332 7.6613e-15
71.9548 -2.9772 7.6293e-15
72.3644 -2.99113 7.59718e-15
72.7766 -3.00515 7.56486e-15
73.1924 -3.01931 7.53223e-15
73.6128 -3.03364 7.49921e-15
74.0392 -3.0482 7.46566e-15
74.4735 -3.06308 7.43141e-15
74.9183 -3.07838 7.39621e-15
75.3763 -3.0942 7.35983e-15
75.8497 -3.11065 7.32204e-15
76.3408 -3.12782 7.28265e-15
76.8517 -3.14579 7.24146e-15
77.384 -3.16463 7.19831e-15
77.9399 -3.18443 7.15303e-15
78.5215 -3.20528 7.10539e-15
79.1314 -3.22727 7.05517e-15
79.7721 -3.25052 7.00216e-15
80.4455 -3.27509 6.94617e-15
81.153 -3.30105 6.88707e-15
81.8958 -3.32843 6.82477e-15
82.6742 -3.35727 6.75919e-15
83.4889 -3.38758 6.6903e-15
84.3404 -3.41937 6.6181e-15
85.2283 -3.45263 6.54261e-15
86.1525 -3.48733 6.46386e-15
87.1121 -3.52346 6.38192e-15
88.1054 -3.56092 6.29698e-15
89.1299 -3.59963 6.20925e-15
90.183 -3.63946 6.11897e-15
91.2621 -3.68032 6.0264e-15
92.3646 -3.72209 5.93176e-15
93.488 -3.76467 5.8353e-15
94.6298 -3.80796 5.73724e-15
95.7873 -3.85184 5.63782e-15
96.9579 -3.89622 5.53731e-15
98.1386 -3.94095 5.43596e-15
99.3264 -3.98594 5.33405e-15
100.519 -4.03106 5.23181e-15
101.713 -4.07622 5.12949e-15
102.906 -4.12131 5.02729e-15
104.097 -4.16627 4.9254e-15
105.283 -4.21099 4.82402e-15
106.462 -4.2554 4.72334e-15
107.631 -4.2994 4.62356e-15
108.789 -4.34292 4.52485e-15
109.934 -4.38588 4.4274e-15
111.062 -4.42821 4.33137e-15
112.174 -4.46983 4.23692e-15
113.266 -4.51069 4.14418e-15
114.338 -4.55073 4.05329e-15
115.386 -4.58978 3.96461e-15
116.403 -4.62732 3.87925e-15
117.394 -4.66379 3.79627e-15
118.363 -4.69946 3.7151e-15
119.306 -4.73409 3.63628e-15
120.222 -4.76774 3.55968e-15
121.11 -4.80027 3.48562e-15
121.965 -4.83159 3.41425e-15
122.787 -4.86165 3.34572e-15
123.577 -4.89048 3.27999e-15
124.332 -4.91798 3.21725e-15
125.051 -4.94415 3.15756e-15
125.733 -4.96892 3.10101e-15
126.378 -4.99229 3.04766e-15
126.985 -5.01421 2.99757e-15
127.553 -5.03469 2.95078e-15
128.083 -5.05373 2.90725e-15
128.575 -5.07136 2.86693e-15
129.03 -5.08761 2.82972e-15
129.448 -5.10251 2.79559e-15
129.831 -5.11608 2.76448e-15
130.177 -5.12832 2.73642e-15
130.488 -5.13922 2.71139e-15
130.762 -5.14878 2.68941e-15
130.999 -5.15701 2.67048e-15
131.2 -5.16387 2.65463e-15
131.364 -5.16938 2.64187e-15
131.491 -5.17352 2.63223e-15
131.581 -5.17628 2.62574e-15
131.632 -5.17764 2.62243e-15
131.645 -5.17759 2.62232e-15
131.62 -5.17612 2.62544e-15
131.557 -5.17325 2.63174e-15
131.456 -5.169 2.64119e-15
131.319 -5.16337 2.65376e-15
131.145 -5.15642 2.66935e-15
130.937 -5.14819 2.68785e-15
130.696 -5.13873 2.70912e-15
130.423 -5.12813 2.73303e-15
130.12 -5.11641 2.75947e-15
129.787 -5.1036 2.7884e-15
129.424 -5.0897 2.81982e-15
129.031 -5.07469 2.85375e-15
128.608 -5.05858 2.8902e-15
128.155 -5.04139 2.92911e-15
127.674 -5.02316 2.97039e-15
127.166 -5.00392 3.01397e-15
126.632 -4.98372 3.05975e-15
126.072 -4.96258 3.10765e-15
125.488 -4.94056 3.15756e-15
124.881 -4.91769 3.20941e-15
124.252 -4.89402 3.26309e-15
123.603 -4.86956 3.31855e-15
122.933 -4.84436 3.37571e-15
122.244 -4.81843 3.43452e-15
121.536 -4.79181 3.4949e-15
120.811 -4.76453 3.55677e-15
120.07 -4.73664 3.62003e-15
119.314 -4.70819 3.68457e-15
118.542 -4.67915 3.7504e-15
117.757 -4.64958 3.81741e-15
116.96 -4.61955 3.88549e-15
116.151 -4.58904 3.95463e-15
115.332 -4.55811 4.02473e-15
114.503 -4.5268 4.09568e-15
113.666 -4.4952 4.16729e-15
112.825 -4.46338 4.23937e-15
111.98 -4.43145 4.31173e-15
111.139 -4.39971 4.38369e-15
110.3 -4.36811 4.45533e-15
109.464 -4.33662 4.52672e-15
108.636 -4.30542 4.59748e-15
107.816 -4.27452 4.66754e-15
107.006 -4.24404 4.73667e-15
106.208 -4.21402 4.80476e-15
105.424 -4.18455 4.87163e-15
104.655 -4.15568 4.93715e-15
103.902 -4.12748 5.00117e-15
103.168 -4.09999 5.06357e-15
102.453 -4.0733 5.12422e-15
101.759 -4.04744 5.18298e-15
101.087 -4.02249 5.23971e-15
100.439 -3.9985 5.29429e-15
99.8155 -3.97552 5.34661e-15
99.2177 -3.95358 5.3966e-15
98.6459 -3.9327 5.44422e-15
98.1001 -3.91289 5.48946e-15
97.5805 -3.89415 5.5323e-15
97.0865 -3.87646 5.57278e-15
96.6177 -3.85981 5.61095e-15
96.1732 -3.84415 5.64689e-15
95.7517 -3.82946 5.68069e-15
95.3516 -3.81564 5.71251e-15
94.9706 -3.80262 5.74257e-15
94.6063 -3.7903 5.77106e-15
94.2561 -3.77858 5.79824e-15
93.9173 -3.76734 5.82433e-15
93.5868 -3.75646 5.84959e-15
93.2618 -3.74585 5.87428e-15
92.9397 -3.73537 5.89868e-15
92.6176 -3.72491 5.92303e-15
92.293 -3.71438 5.94756e-15
91.9631 -3.70367 5.97251e-15
91.6251 -3.69268 5.99806e-15
91.2772 -3.68132 6.02441e-15
90.9183 -3.66955 6.05173e-15
90.5465 -3.65728 6.08015e-15
90.1607 -3.64447 6.1098e-15
89.7599 -3.63109 6.14075e-15
89.3435 -3.61711 6.17305e-15
88.9112 -3.60251 6.20674e-15
88.4626 -3.58729 6.24184e-15
87.9979 -3.57145 6.27834e-15
87.5174 -3.55501 6.31621e-15
87.0215 -3.53797 6.35542e-15
86.5104 -3.52036 6.39593e-15
85.9841 -3.50217 6.43775e-15
85.4422 -3.48338 6.48092e-15
84.8844 -3.46399 6.52546e-15
84.3105 -3.44398 6.57139e-15
83.7202 -3.42334 6.61874e-15
83.1136 -3.40208 6.66751e-15
82.4906 -3.38019 6.71769e-15
81.851 -3.35766 6.76933e-15
81.1935 -3.33445 6.82251e-15
80.5167 -3.31048 6.87739e-15
79.8189 -3.2857 6.93411e-15
79.0986 -3.26003 6.99283e-15
78.3542 -3.23341 7.05368e-15
77.584 -3.20578 7.11681e-15
76.7866 -3.17708 7.18236e-15
75.9608 -3.14725 7.25045e-15
75.1055 -3.11625 7.32117e-15
74.2201 -3.08405 7.39458e-15
73.3039 -3.05063 7.47074e-15
72.3568 -3.01597 7.54968e-15
71.3785 -2.98008 7.6314e-15
70.3695 -2.94296 7.71587e-15
69.3301 -2.90463 7.80307e-15
68.2605 -2.86511 7.89291e-15
67.1618 -2.82444 7.98533e-15
66.0352 -2.78266 8.08028e-15
64.8815 -2.7398 8.17763e-15
63.702 -2.69592 8.2773e-15
62.498 -2.65106 8.37915e-15
61.2704 -2.60529 8.48302e-15
60.0212 -2.55868 8.58879e-15
58.7528 -2.51131 8.69628e-15
57.4676 -2.46328 8.80524e-15
56.1689 -2.41472 8.91539e-15
54.86 -2.36577 9.02644e-15
53.5439 -2.31655 9.13811e-15
52.2234 -2.26716 9.25014e-15
50.9009 -2.21772 9.36232e-15
49.579 -2.16831 9.47442e-15
48.2599 -2.11902 9.58625e-15
46.946 -2.06995 9.6976e-15
45.6394 -2.02118 9.80827e-15
44.3424 -1.9728 9.91808e-15
43.0569 -1.92489 1.00268e-14
41.7851 -1.87751 1.01344e-14
40.529 -1.83076 1.02405e-14
39.2903 -1.78469 1.03451e-14
38.0709 -1.73938 1.04481e-14
36.8732 -1.69497 1.05489e-14
35.6986 -1.6515 1.06476e-14
34.5478 -1.60892 1.07443e-14
33.4225 -1.56734 1.08387e-14
32.3239 -1.52676 1.09309e-14
31.2529 -1.48724 1.10207e-14
30.2106 -1.44881 1.1108e-14
29.1977 -1.41148 1.11928e-14
28.2146 -1.37528 1.12751e-14
27.261 -1.34017 1.13548e-14
26.337 -1.30617 1.14321e-14
25.4423 -1.27326 1.15069e-14
24.5771 -1.24143 1.15792e-14
23.7414 -1.21067 1.16491e-14
22.9352 -1.18101 1.17165e-14
22.1587 -1.15242 1.17815e-14
21.412 -1.12492 1.1844e-14
20.6953 -1.09851 1.1904e-14
20.0088 -1.07321 1.19614e-14
19.3529 -1.04902 1.20164e-14
18.728 -1.02595 1.20688e-14
18.1346 -1.00404 1.21185e-14
17.5733 -0.9833 1.21656e-14
17.0446 -0.963757 1.221e-14
16.5486 -0.945418 1.22516e-14
16.0854 -0.928285 1.22905e-14
15.6549 -0.912359 1.23266e-14
15.2572 -0.897647 1.236e-14
14.8929 -0.884172 1.23906e-14
14.5628 -0.871969 1.24183e-14
14.2677 -0.861072 1.2443e-14
14.008 -0.851506 1.24647e-14
13.7838 -0.843269 1.24834e-14
13.5945 -0.836346 1.24991e-14
13.4395 -0.830715 1.25119e-14
13.3182 -0.826352 1.25218e-14
13.2301 -0.823235 1.25289e-14
13.1745 -0.821344 1.25332e-14
13.1507 -0.820655 1.25348e-14
13.1584 -0.821149 1.25338e-14
13.1975 -0.822832 1.253e-14
13.2682 -0.825717 1.25235e-14
13.3708 -0.829813 1.25143e-14
13.5053 -0.835132 1.25023e-14
13.6724 -0.841695 1.24874e-14
13.8728 -0.849528 1.24697e-14
14.1069 -0.858657 1.24491e-14
14.3752 -0.869097 1.24255e-14
14.6779 -0.880857 1.2399e-14
15.0148 -0.893934 1.23694e-14
15.3857 -0.90832 1.23369e-14
15.7904 -0.924 1.23015e-14
16.2279 -0.940948 1.22633e-14
16.6976 -0.959126 1.22222e-14
17.1982 -0.978495 1.21785e-14
17.7287 -0.999007 1.21321e-14
18.2877 -1.02061 1.20834e-14
18.8736 -1.04324 1.20323e-14
19.4848 -1.06683 1.1979e-14
20.1196 -1.09131 1.19237e-14
20.7759 -1.11661 1.18665e-14
21.4512 -1.14261 1.18078e-14
22.1432 -1.16924 1.17476e-14
22.8495 -1.19639 1.16863e-14
23.5676 -1.22396 1.1624e-14
24.2954 -1.25188 1.15609e-14
25.0305 -1.28004 1.14973e-14
25.7707 -1.30835 1.14333e-14
26.5139 -1.33674 1.13691e-14
27.258 -1.36512 1.13049e-14
28.0011 -1.39342 1.12409e-14
28.7414 -1.42156 1.11773e-14
29.4781 -1.44952 1.1114e-14
30.2105 -1.47726 1.10512e-14
30.9382 -1.50478 1.0989e-14
31.6609 -1.53206 1.09272e-14
32.3784 -1.55909 1.0866e-14
33.0906 -1.58588 1.08053e-14
33.7971 -1.6124 1.07452e-14
34.4981 -1.63866 1.06857e-14
35.1934 -1.66466 1.06268e-14
35.8829 -1.6904 1.05685e-14
36.5667 -1.71586 1.05107e-14
37.2445 -1.74105 1.04536e-14
37.9155 -1.76593 1.03972e-14
38.5788 -1.79046 1.03415e-14
39.2332 -1.8146 1.02867e-14
39.8777 -1.83829 1.02329e-14
40.5111 -1.86149 1.01802e-14
41.1321 -1.88415 1.01287e-14
41.7401 -1.90628 1.00783e-14
42.334 -1.92781 1.00293e-14
42.9127 -1.94867 9.98175e-15
43.4759 -1.96886 9.9357e-15
44.0233 -1.98836 9.8912e-15
44.5548 -2.00718 9.84821e-15
45.0714 -2.02534 9.80668e-15
45.574 -2.0429 9.76648e-15
46.0642 -2.05991 9.72749e-15
46.5437 -2.07645 9.68956e-15
47.0141 -2.09257 9.65254e-15
47.477 -2.10835 9.61628e-15
47.9344 -2.12387 9.58059e-15
48.3882 -2.13921 9.5453e-15
48.8407 -2.15446 9.51019e-15
49.2944 -2.16974 9.47503e-15
49.7517 -2.18513 9.43959e-15
50.2153 -2.20075 9.40364e-15
50.6871 -2.21668 9.36698e-15
51.1691 -2.233 9.32943e-15
51.6633 -2.2498 9.29082e-15
52.1714 -2.26715 9.25096e-15
52.6956 -2.28513 9.20967e-15
53.2381 -2.30385 9.16675e-15
53.8003 -2.32338 9.12195e-15
54.3838 -2.3438 9.0751e-15
54.9918 -2.36521 9.02603e-15
55.6264 -2.38768 8.97457e-15
56.2894 -2.4113 8.92055e-15
56.9826 -2.43612 8.86381e-15
57.7072 -2.46221 8.80424e-15
58.4647 -2.48961 8.74171e-15
59.256 -2.51837 8.67614e-15
60.0819 -2.5485 8.60747e-15
60.9425 -2.58002 8.53569e-15
61.8374 -2.6129 8.46085e-15
62.7662 -2.64712 8.38299e-15
63.7281 -2.68265 8.30219e-15
64.7224 -2.71944 8.21853e-15
65.7483 -2.75748 8.13208e-15
66.8049 -2.7967 8.04295e-15
67.8911 -2.83708 7.95122e-15
69.0059 -2.87855 7.85701e-15
70.1483 -2.92107 7.76042e-15
71.317 -2.9646 7.66156e-15
72.5111 -3.00908 7.56054e-15
73.7293 -3.05447 7.45746e-15
74.9704 -3.10071 7.35245e-15
76.2334 -3.14775 7.2456e-15
77.5171 -3.19556 7.13702e-15
78.8205 -3.24408 7.02681e-15
80.1426 -3.29329 6.91505e-15
81.4825 -3.34312 6.80183e-15
82.8392 -3.39357 6.68724e-15
84.2117 -3.44457 6.57137e-15
85.599 -3.49609 6.45429e-15
87.0001 -3.5481 6.33611e-15
88.4142 -3.60057 6.21689e-15
89.8406 -3.65346 6.09667e-15
91.2789 -3.70678 5.97549e-15
92.7285 -3.76051 5.85335e-15
94.1891 -3.81463 5.7303e-15
95.6599 -3.86911 5.60643e-15
97.1396 -3.92391 5.48183e-15
98.627 -3.97898 5.35662e-15
100.121 -4.03428 5.23088e-15
101.62 -4.08976 5.10473e-15
103.123 -4.14538 4.97825e-15
104.629 -4.20109 4.85156e-15
106.137 -4.25687 4.72472e-15
107.645 -4.31269 4.59779e-15
109.155 -4.36855 4.47077e-15
110.666 -4.42444 4.34369e-15
112.176 -4.48034 4.21658e-15
113.686 -4.53623 4.0895e-15
115.184 -4.59131 3.96413e-15
116.669 -4.64569 3.84027e-15
118.152 -4.7 3.71659e-15
119.628 -4.7541 3.59338e-15
121.099 -4.808 3.47064e-15
122.558 -4.86149 3.34875e-15
124.007 -4.9146 3.2277e-15
125.446 -4.96738 3.10743e-15
126.874 -5.01977 2.98804e-15
128.291 -5.07175 2.86959e-15
129.695 -5.12331 2.75211e-15
131.087 -5.17443 2.63564e-15
132.467 -5.22514 2.52012e-15
133.835 -5.27543 2.40556e-15
135.191 -5.32532 2.29187e-15
136.534 -5.3748 2.17913e-15
137.864 -5.42385 2.0674e-15
139.181 -5.47244 1.95671e-15
140.484 -5.52054 1.84715e-15
141.772 -5.56808 1.73886e-15
143.041 -5.61498 1.63205e-15
144.289 -5.66114 1.52693e-15
145.515 -5.70647 1.42371e-15
146.715 -5.75088 1.32258e-15
147.889 -5.7943 1.2237e-15
149.034 -5.83665 1.12726e-15
150.148 -5.87785 1.03342e-15
151.23 -5.91782 9.42374e-16
152.276 -5.95648 8.54306e-16
153.286 -5.99374 7.694e-16
154.257 -6.02954 6.87822e-16
155.187 -6.06381 6.09708e-16
156.076 -6.09649 5.35167e-16
156.923 -6.12756 4.64302e-16
157.725 -6.15696 3.97198e-16
158.484 -6.18467 3.33941e-16
159.197 -6.21064 2.74603e-16
159.864 -6.23486 2.19247e-16
160.484 -6.25729 1.67915e-16
161.058 -6.27794 1.20622e-16
161.585 -6.29681 7.73579e-17
162.066 -6.31391 3.80991e-17
162.502 -6.32926 2.78759e-18
162.893 -6.34293 -2.86945e-17
163.242 -6.35497 -5.65127e-17
163.55 -6.36548 -8.08459e-17
163.82 -6.37452 -1.01877e-16
164.054 -6.38219 -1.19782e-16
164.253 -6.38856 -1.34737e-16
164.42 -6.3937 -1.46918e-16
164.557 -6.3977 -1.56492e-16
164.664 -6.4006 -1.63586e-16
164.744 -6.40246 -1.68303e-16
164.797 -6.40332 -1.70747e-16
164.824 -6.40322 -1.71028e-16
164.828 -6.40223 -1.69272e-16
164.809 -6.40041 -1.65615e-16
164.769 -6.39781 -1.602e-16
164.711 -6.39451 -1.53196e-16
164.636 -6.39062 -1.44843e-16
164.548 -6.38627 -1.35423e-16
164.451 -6.38158 -1.25224e-16
164.347 -6.37667 -1.14515e-16
164.238 -6.37165 -1.03513e-16
164.127 -6.36658 -9.23981e-17
164.016 -6.36154 -8.13404e-17
163.906 -6.35661 -7.04978e-17
163.798 -6.35185 -6.00121e-17
163.696 -6.34731 -5.00082e-17
163.599 -6.34305 -4.06035e-17
163.508 -6.3391 -3.18699e-17
163.423 -6.33545 -2.37905e-17
163.344 -6.33205 -1.62751e-17
163.269 -6.32887 -9.21924e-18
163.197 -6.32585 -2.50616e-18
163.126 -6.32293 4.00715e-18
163.055 -6.32003 1.04831e-17
162.981 -6.31709 1.70892e-17
162.903 -6.31402 2.39834e-17
162.82 -6.31078 3.12973e-17
162.73 -6.3073 3.91444e-17
162.631 -6.30355 4.76344e-17
162.524 -6.29948 5.68637e-17
162.406 -6.29507 6.68951e-17
162.278 -6.29028 7.77691e-17
162.139 -6.28512 8.95224e-17
161.989 -6.27955 1.02195e-16
161.827 -6.27357 1.15836e-16
161.653 -6.26714 1.30497e-16
161.465 -6.26024 1.46234e-16
161.264 -6.25285 1.63098e-16
161.048 -6.24496 1.81126e-16
160.818 -6.23654 2.00346e-16
160.573 -6.2276 2.20786e-16
160.312 -6.2181 2.42489e-16
160.035 -6.20802 2.65527e-16
159.741 -6.19732 2.89995e-16
159.429 -6.18595 3.1599e-16
159.097 -6.17388 3.4359e-16
158.746 -6.16109 3.72825e-16
158.375 -6.14758 4.0369e-16
157.985 -6.13337 4.36173e-16
157.576 -6.11846 4.70255e-16
157.147 -6.10287 5.0589e-16
156.701 -6.08663 5.43018e-16
156.238 -6.06977 5.81577e-16
155.757 -6.05229 6.21539e-16
155.259 -6.03417 6.62961e-16
154.742 -6.01536 7.05955e-16
154.205 -5.99582 7.50642e-16
153.646 -5.97548 7.9713e-16
153.065 -5.95432 8.4549e-16
152.461 -5.93232 8.95772e-16
151.834 -5.90946 9.48016e-16
151.183 -5.88571 1.00228e-15
150.507 -5.86103 1.05866e-15
149.804 -5.83537 1.11726e-15
149.074 -5.80868 1.17822e-15
148.316 -5.7809 1.24164e-15
147.527 -5.75201 1.3076e-15
146.707 -5.72195 1.37619e-15
145.856 -5.69071 1.44747e-15
144.973 -5.65826 1.52152e-15
144.055 -5.62453 1.59846e-15
143.103 -5.58947 1.67841e-15
142.113 -5.55303 1.76151e-15
141.086 -5.51517 1.84782e-15
140.022 -5.47591 1.93733e-15
138.921 -5.43528 2.02994e-15
137.784 -5.39333 2.12554e-15
136.614 -5.35012 2.22401e-15
135.411 -5.30571 2.32523e-15
134.177 -5.26016 2.42904e-15
132.914 -5.21353 2.53531e-15
131.622 -5.16588 2.6439e-15
130.304 -5.11729 2.75467e-15
128.961 -5.06781 2.86746e-15
127.595 -5.01752 2.98206e-15
126.206 -4.96645 3.09841e-15
124.796 -4.91464 3.2165e-15
123.365 -4.86209 3.33628e-15
121.913 -4.8088 3.45775e-15
120.44 -4.75474 3.58095e-15
118.943 -4.69981 3.70607e-15
117.424 -4.64408 3.83301e-15
115.884 -4.58759 3.96167e-15
114.326 -4.53051 4.09171e-15
112.752 -4.47302 4.22273e-15
111.156 -4.41477 4.3555e-15
109.538 -4.35563 4.49027e-15
107.898 -4.29567 4.62691e-15
106.235 -4.23481 4.76556e-15
104.549 -4.17308 4.90619e-15
102.84 -4.11046 5.04883e-15
101.11 -4.04696 5.19344e-15
99.3576 -3.98263 5.33994e-15
97.5863 -3.91753 5.48816e-15
95.797 -3.85173 5.63791e-15
93.9922 -3.78532 5.78902e-15
92.1739 -3.71836 5.94138e-15
90.3435 -3.65092 6.09483e-15
88.5026 -3.58305 6.24923e-15
86.6529 -3.51481 6.40445e-15
84.7958 -3.44627 6.56035e-15
82.9324 -3.37747 6.71684e-15
81.0639 -3.30845 6.8738e-15
79.1918 -3.23928 7.03111e-15
77.3179 -3.17002 7.18861e-15
75.4441 -3.10075 7.34612e-15
73.5725 -3.03157 7.50345e-15
71.7051 -2.96254 7.66042e-15
69.8436 -2.89374 7.81688e-15
67.9898 -2.82524 7.97266e-15
66.1454 -2.7571 8.12761e-15
64.312 -2.68941 8.28158e-15
62.4922 -2.62224 8.43435e-15
60.6886 -2.55572 8.58569e-15
58.9037 -2.48994 8.73535e-15
57.1398 -2.42499 8.88313e-15
55.3986 -2.36093 9.02891e-15
53.681 -2.29781 9.17258e-15
51.9878 -2.23565 9.31408e-15
50.3196 -2.17448 9.45336e-15
48.6754 -2.11429 9.59039e-15
47.056 -2.05508 9.72517e-15
45.4619 -1.99684 9.85776e-15
43.8924 -1.93956 9.98818e-15
42.3472 -1.88323 1.01165e-14
40.8258 -1.8278 1.02427e-14
39.3269 -1.77327 1.03669e-14
37.8508 -1.7196 1.04891e-14
36.399 -1.66695 1.0609e-14
34.972 -1.61528 1.07266e-14
33.5699 -1.56452 1.08422e-14
32.1938 -1.51475 1.09555e-14
30.8449 -1.46601 1.10665e-14
29.5245 -1.41834 1.11751e-14
28.2341 -1.37181 1.12811e-14
26.9747 -1.32644 1.13845e-14
25.7467 -1.28226 1.14851e-14
24.5502 -1.23927 1.15831e-14
23.3852 -1.19747 1.16784e-14
22.2514 -1.15684 1.1771e-14
21.1477 -1.11734 1.18611e-14
20.0726 -1.0789 1.19487e-14
19.0244 -1.04148 1.20341e-14
18.0016 -1.00499 1.21173e-14
17.0025 -0.969374 1.21985e-14
16.025 -0.93454 1.2278e-14
15.0672 -0.900413 1.23558e-14
14.1273 -0.86692 1.24322e-14
13.2038 -0.834002 1.25073e-14
12.2954 -0.80161 1.25812e-14
11.401 -0.769697 1.26539e-14
10.5194 -0.738217 1.27257e-14
9.64921 -0.707119 1.27966e-14
8.78914 -0.676349 1.28667e-14
7.93783 -0.645854 1.29362e-14
7.09425 -0.615595 1.30052e-14
6.25802 -0.585558 1.30736e-14
5.42918 -0.555747 1.31415e-14
4.60791 -0.526169 1.32089e-14
3.79478 -0.496851 1.32756e-14
2.99118 -0.467848 1.33417e-14
2.19909 -0.439241 1.34068e-14
1.42056 -0.411114 1.34708e-14
0.657542 -0.383546 1.35336e-14
-0.0882867 -0.356606 1.35949e-14
-0.81543 -0.330352 1.36547e-14
-1.52248 -0.304841 1.37128e-14
-2.20836 -0.280115 1.37691e-14
-2.87259 -0.256194 1.38236e-14
-3.51516 -0.233074 1.38762e-14
-4.1362 -0.210749 1.39271e-14
-4.73587 -0.189209 1.39762e-14
-5.31443 -0.168442 1.40235e-14
-5.87214 -0.148434 1.40691e-14
-6.40932 -0.129169 1.4113e-14
-6.92636 -0.110629 1.41553e-14
-7.42377 -0.0927894 1.41959e-14
-7.9022 -0.0756215 1.4235e-14
-8.36224 -0.0590984 1.42727e-14
-8.80447 -0.0431944 1.43089e-14
-9.22935 -0.0278882 1.43438e-14
-9.63729 -0.0131612 1.43773e-14
-10.0286 0.00100135 1.44096e-14
-10.4038 0.0146195 1.44406e-14
-10.7637 0.0277281 1.44704e-14
-11.1093 0.0403719 1.44992e-14
-11.4419 0.0525929 1.45269e-14
-11.7618 0.064417 1.45538e-14
-12.0691 0.0758367 1.45797e-14
-12.363 0.0868213 1.46046e-14
-12.6424 0.0973323 1.46284e-14
-12.9064 0.107324 1.4651e-14
-13.1535 0.116736 1.46723e-14
-13.3821 0.125502 1.46921e-14
-13.5904 0.13355 1.47103e-14
-13.777 0.14082 1.47267e-14
-13.941 0.147274 1.47412e-14
-14.082 0.152892 1.47538e-14
-14.1995 0.157658 1.47645e-14
-14.2933 0.161559 1.47733e-14
-14.3631 0.164581 1.478e-14
-14.4086 0.166712 1.47847e-14
-14.4296 0.167943 1.47874e-14
-14.4263 0.168279 1.4788e-14
-14.3989 0.167729 1.47867e-14
-14.3478 0.166313 1.47833e-14
-14.2736 0.164053 1.47781e-14
-14.1768 0.160972 1.47709e-14
-14.0578 0.157091 1.4762e-14
-13.9172 0.152429 1.47512e-14
-13.7553 0.147005 1.47388e-14
-13.5724 0.140834 1.47246e-14
-13.3688 0.133926 1.47088e-14
-13.1444 0.126279 1.46912e-14
-12.8991 0.117893 1.4672e-14
-12.6327 0.108758 1.4651e-14
-12.3445 0.0988516 1.46283e-14
-12.0336 0.0881386 1.46038e-14
-11.6992 0.0765813 1.45773e-14
-11.3403 0.0641466 1.45489e-14
-10.9566 0.0508179 1.45184e-14
-10.5479 0.036588 1.44858e-14
-10.114 0.0214504 1.44512e-14
-9.6548 0.00540035 1.44145e-14
-9.1705 -0.0115584 1.43757e-14
-8.66132 -0.0294175 1.43349e-14
-8.12751 -0.0481689 1.4292e-14
-7.56915 -0.0678115 1.42471e-14
-6.98605 -0.0883552 1.42002e-14
-6.37783 -0.109819 1.41511e-14
-5.74407 -0.132223 1.41e-14
-5.08412 -0.155597 1.40466e-14
-4.39692 -0.179987 1.39909e-14
-3.6811 -0.205453 1.39328e-14
-2.93532 -0.232052 1.38721e-14
-2.15848 -0.259834 1.38088e-14
-1.35 -0.288825 1.37427e-14
-0.509728 -0.319035 1.36739e-14
0.362345 -0.350469 1.36022e-14
1.2662 -0.38313 1.35279e-14
2.2019 -0.417022 1.34507e-14
3.16953 -0.452153 1.33708e-14
4.16906 -0.488523 1.3288e-14
5.20031 -0.526127 1.32025e-14
6.26296 -0.564955 1.31143e-14
7.35652 -0.604989 1.30233e-14
8.48039 -0.646204 1.29296e-14
9.63363 -0.688565 1.28334e-14
10.8148 -0.732012 1.27347e-14
12.0219 -0.776468 1.26337e-14
13.2528 -0.821853 1.25307e-14
14.5053 -0.868072 1.24257e-14
15.7767 -0.915016 1.23191e-14
17.064 -0.96256 1.22112e-14
18.364 -1.01058 1.21022e-14
19.6741 -1.05896 1.19923e-14
20.9923 -1.10764 1.18818e-14
22.3176 -1.15656 1.17707e-14
23.6489 -1.20568 1.16592e-14
24.9854 -1.25497 1.15472e-14
26.3268 -1.30442 1.14349e-14
27.6731 -1.35403 1.13223e-14
29.0244 -1.40381 1.12092e-14
30.3809 -1.45376 1.10957e-14
31.7434 -1.50393 1.09818e-14
33.1129 -1.55434 1.08673e-14
34.4905 -1.60506 1.07521e-14
35.8774 -1.65615 1.0636e-14
37.275 -1.70772 1.05188e-14
38.6833 -1.75972 1.04007e-14
40.1026 -1.81213 1.02816e-14
41.5336 -1.865 1.01615e-14
42.9773 -1.91837 1.00402e-14
44.4351 -1.97229 9.91772e-15
45.9074 -2.02682 9.79385e-15
47.3957 -2.08198 9.66853e-15
48.9009 -2.13781 9.54173e-15
50.4228 -2.19431 9.4134e-15
51.9609 -2.25148 9.28352e-15
53.5157 -2.30934 9.15209e-15
55.0875 -2.36787 9.01916e-15
56.6756 -2.42705 8.88476e-15
58.2795 -2.48686 8.74895e-15
59.8985 -2.54727 8.61178e-15
61.532 -2.60825 8.47333e-15
63.1788 -2.66976 8.33369e-15
64.8383 -2.73177 8.19293e-15
66.5088 -2.79421 8.05119e-15
68.1883 -2.857 7.90867e-15
69.8741 -2.92003 7.76562e-15
71.5632 -2.98317 7.62229e-15
73.253 -3.04632 7.47894e-15
74.9408 -3.10937 7.33582e-15
76.624 -3.17222 7.19315e-15
78.3002 -3.23476 7.05115e-15
79.9667 -3.29689 6.91006e-15
81.6204 -3.35848 6.77018e-15
83.2577 -3.4194 6.6318e-15
84.8753 -3.47951 6.49525e-15
86.4704 -3.53869 6.36076e-15
88.0411 -3.59688 6.22849e-15
89.5868 -3.65405 6.09852e-15
91.1066 -3.71018 5.97087e-15
92.6005 -3.76526 5.84558e-15
94.0685 -3.8193 5.72263e-15
95.5109 -3.87232 5.60197e-15
96.9284 -3.92435 5.48353e-15
98.3217 -3.97542 5.36724e-15
99.6918 -4.02559 5.253e-15
101.04 -4.0749 5.14068e-15
102.368 -4.12343 5.03015e-15
103.676 -4.17122 4.92127e-15
104.967 -4.21835 4.81389e-15
106.241 -4.26489 4.70788e-15
107.501 -4.31089 4.60305e-15
108.747 -4.35643 4.49927e-15
109.982 -4.40155 4.39642e-15
111.207 -4.44634 4.29437e-15
112.422 -4.49083 4.19299e-15
113.63 -4.53508 4.0922e-15
114.819 -4.57828 3.99366e-15
115.993 -4.6208 3.8966e-15
117.161 -4.66318 3.7999e-15
118.318 -4.70516 3.70413e-15
119.464 -4.74682 3.60909e-15
120.598 -4.78802 3.51511e-15
121.716 -4.82865 3.42234e-15
122.817 -4.86868 3.33093e-15
123.904 -4.90816 3.24079e-15
124.973 -4.94702 3.15205e-15
126.026 -4.98525 3.06475e-15
127.061 -5.02282 2.97893e-15
128.078 -5.05973 2.89464e-15
129.077 -5.09594 2.8119e-15
130.056 -5.13147 2.73069e-15
131.017 -5.16629 2.65108e-15
131.958 -5.20035 2.57318e-15
132.878 -5.23364 2.49703e-15
133.778 -5.26611 2.42275e-15
134.654 -5.29772 2.35039e-15
135.507 -5.32844 2.28007e-15
136.336 -5.35823 2.21186e-15
137.139 -5.38703 2.14589e-15
137.915 -5.41482 2.0822e-15
138.665 -5.44159 2.02082e-15
139.388 -5.46735 1.96173e-15
140.084 -5.49212 1.90491e-15
140.754 -5.51591 1.8503e-15
141.399 -5.53875 1.79784e-15
142.02 -5.56068 1.74746e-15
142.617 -5.58174 1.69907e-15
143.19 -5.60196 1.65258e-15
143.743 -5.6214 1.6079e-15
144.274 -5.6401 1.56491e-15
144.786 -5.65809 1.52352e-15
145.279 -5.67544 1.48363e-15
145.755 -5.69218 1.44513e-15
146.214 -5.70837 1.40791e-15
146.659 -5.72405 1.37187e-15
147.09 -5.73926 1.33692e-15
147.507 -5.75406 1.30294e-15
147.914 -5.76848 1.26983e-15
148.309 -5.78257 1.2375e-15
148.696 -5.79637 1.20584e-15
149.074 -5.80995 1.17472e-15
149.447 -5.82337 1.14399e-15
149.815 -5.83669 1.11351e-15
150.181 -5.84996 1.08319e-15
150.543 -5.86317 1.053e-15
150.901 -5.87632 1.023e-15
151.256 -5.88936 9.93249e-16
151.606 -5.90228 9.63806e-16
151.952 -5.91505 9.34701e-16
152.292 -5.92768 9.0595e-16
152.628 -5.94015 8.77563e-16
152.958 -5.95246 8.49565e-16
153.283 -5.96457 8.22016e-16
153.601 -5.97646 7.94998e-16
153.911 -5.98808 7.6859e-16
154.213 -5.9994 7.42879e-16
154.506 -6.01037 7.17965e-16
154.787 -6.02094 6.93962e-16
155.057 -6.03106 6.70975e-16
155.314 -6.04071 6.49075e-16
155.558 -6.04989 6.28263e-16
155.789 -6.0586 6.08487e-16
156.009 -6.0669 5.89684e-16
156.218 -6.0748 5.71779e-16
156.417 -6.08235 5.54681e-16
156.606 -6.08961 5.38285e-16
156.788 -6.0966 5.22491e-16
156.963 -6.10337 5.07221e-16
157.13 -6.10993 4.92458e-16
157.29 -6.11627 4.78224e-16
157.442 -6.12236 4.64559e-16
157.585 -6.12818 4.51543e-16
157.718 -6.13365 4.39346e-16
157.837 -6.13867 4.282e-16
157.939 -6.14311 4.18371e-16
158.023 -6.14688 4.10095e-16
158.086 -6.14991 4.03499e-16
158.129 -6.15218 3.98634e-16
158.15 -6.15367 3.95552e-16
158.149 -6.15436 3.94303e-16
158.125 -6.15422 3.94949e-16
158.079 -6.15322 3.97551e-16
158.008 -6.15133 4.02174e-16
157.913 -6.14852 4.08882e-16
157.792 -6.14477 4.17739e-16
157.646 -6.14005 4.288e-16
157.473 -6.13433 4.42126e-16
157.273 -6.12759 4.57763e-16
157.046 -6.11981 4.75753e-16
156.791 -6.11098 4.96123e-16
156.508 -6.1011 5.18898e-16
156.198 -6.09014 5.44082e-16
155.86 -6.07813 5.71659e-16
155.495 -6.06509 6.01586e-16
155.103 -6.05102 6.33815e-16
154.685 -6.03596 6.683e-16
154.242 -6.01991 7.05021e-16
153.773 -6.00288 7.43971e-16
153.278 -5.98486 7.85139e-16
152.758 -5.96588 8.28512e-16
152.212 -5.94592 8.74085e-16
151.641 -5.92499 9.21854e-16
151.044 -5.90309 9.71811e-16
150.423 -5.88025 1.02393e-15
149.777 -5.85647 1.07814e-15
149.107 -5.83181 1.13437e-15
148.416 -5.80631 1.19251e-15
147.702 -5.78 1.25247e-15
146.969 -5.75295 1.31414e-15
146.216 -5.72519 1.3774e-15
145.446 -5.69678 1.44216e-15
144.659 -5.66776 1.5083e-15
143.856 -5.63817 1.57576e-15
143.037 -5.60802 1.64448e-15
142.203 -5.57734 1.71443e-15
141.355 -5.54614 1.78557e-15
140.493 -5.51444 1.85787e-15
139.616 -5.48223 1.93132e-15
138.725 -5.44952 2.00592e-15
137.821 -5.41631 2.08165e-15
136.903 -5.38262 2.1585e-15
135.972 -5.34844 2.23644e-15
135.027 -5.31381 2.3154e-15
134.069 -5.27872 2.3954e-15
133.099 -5.24316 2.47647e-15
132.116 -5.20711 2.55864e-15
131.119 -5.17058 2.64193e-15
130.11 -5.13354 2.72634e-15
129.088 -5.09601 2.81187e-15
128.054 -5.05803 2.89843e-15
127.009 -5.01961 2.98597e-15
125.953 -4.9808 3.07439e-15
124.89 -4.94165 3.16357e-15
123.82 -4.90224 3.25335e-15
122.742 -4.86254 3.34371e-15
121.661 -4.82267 3.43443e-15
120.58 -4.78279 3.52517e-15
119.501 -4.74295 3.61582e-15
118.425 -4.70326 3.70613e-15
117.355 -4.66379 3.79594e-15
116.298 -4.62491 3.88444e-15
115.25 -4.58645 3.97202e-15
114.21 -4.54824 4.05902e-15
113.181 -4.51044 4.14509e-15
112.162 -4.47297 4.23039e-15
111.153 -4.43591 4.31479e-15
110.154 -4.39921 4.39834e-15
109.167 -4.36291 4.48098e-15
108.19 -4.32701 4.56273e-15
107.225 -4.29151 4.64355e-15
106.271 -4.25642 4.72344e-15
105.328 -4.22175 4.80237e-15
104.397 -4.18749 4.88035e-15
103.477 -4.15365 4.95737e-15
102.568 -4.12023 5.03343e-15
101.671 -4.08721 5.10856e-15
100.785 -4.05462 5.18272e-15
99.9111 -4.02246 5.2559e-15
99.0493 -3.99074 5.32807e-15
98.1997 -3.95949 5.3992e-15
97.3625 -3.92868 5.4693e-15
96.5374 -3.89833 5.53837e-15
95.7243 -3.86843 5.60643e-15
94.9231 -3.83897 5.67347e-15
94.1341 -3.80996 5.73948e-15
93.3577 -3.78143 5.80442e-15
92.5945 -3.7534 5.86822e-15
91.8445 -3.72587 5.93089e-15
91.1073 -3.69883 5.99246e-15
90.3817 -3.67222 6.05304e-15
89.6666 -3.64601 6.11271e-15
88.9609 -3.62015 6.1716e-15
88.2635 -3.5946 6.2298e-15
87.5732 -3.5693 6.28739e-15
86.8891 -3.54423 6.34447e-15
86.2103 -3.51935 6.40113e-15
85.5359 -3.49462 6.45744e-15
84.8655 -3.47003 6.51343e-15
84.1985 -3.44554 6.56916e-15
83.5345 -3.42116 6.62467e-15
82.873 -3.39686 6.67999e-15
82.2139 -3.37262 6.73514e-15
81.5568 -3.34846 6.79014e-15
80.9017 -3.32434 6.845e-15
80.2483 -3.30029 6.89974e-15
79.5968 -3.27629 6.95435e-15
78.9471 -3.25234 7.00882e-15
78.2991 -3.22846 7.06316e-15
77.6525 -3.20461 7.1174e-15
77.0068 -3.1808 7.17158e-15
76.3614 -3.15698 7.22574e-15
75.7161 -3.13316 7.27992e-15
75.0708 -3.10934 7.3341e-15
74.4262 -3.08553 7.38825e-15
73.7824 -3.06176 7.44231e-15
73.1399 -3.03804 7.49627e-15
72.4984 -3.01435 7.55014e-15
71.8575 -2.99069 7.60396e-15
71.2166 -2.96703 7.65778e-15
70.5751 -2.94334 7.71164e-15
69.9323 -2.91961 7.76562e-15
69.2876 -2.8958 7.81977e-15
68.64 -2.87188 7.87418e-15
67.9891 -2.84782 7.92888e-15
67.3343 -2.82361 7.98393e-15
66.6754 -2.79924 8.03935e-15
66.0123 -2.7747 8.09514e-15
65.3447 -2.74998 8.15134e-15
64.6723 -2.72506 8.20797e-15
63.9945 -2.69994 8.26509e-15
63.3111 -2.67458 8.32272e-15
62.6216 -2.64897 8.38091e-15
61.9258 -2.62311 8.43967e-15
61.2236 -2.59698 8.49901e-15
60.5152 -2.5706 8.55894e-15
59.8005 -2.54396 8.61944e-15
59.0799 -2.51708 8.68049e-15
58.3538 -2.48996 8.74205e-15
57.6228 -2.46263 8.80408e-15
56.8874 -2.43512 8.86653e-15
56.1485 -2.40745 8.92931e-15
55.4069 -2.37967 8.99233e-15
54.6641 -2.35183 9.05548e-15
53.9215 -2.32399 9.11864e-15
53.1811 -2.29621 9.18163e-15
52.4452 -2.26859 9.24426e-15
51.7161 -2.24123 9.30631e-15
50.996 -2.21421 9.36758e-15
50.2866 -2.1876 9.42794e-15
49.5889 -2.16143 9.48728e-15
48.9042 -2.13577 9.5455e-15
48.2333 -2.11063 9.60251e-15
47.5768 -2.08604 9.65829e-15
46.9349 -2.06202 9.71279e-15
46.3078 -2.03855 9.76602e-15
45.6955 -2.01565 9.81798e-15
45.0976 -1.9933 9.86869e-15
44.5137 -1.97147 9.91822e-15
43.9432 -1.95014 9.9666e-15
43.3856 -1.9293 1.00139e-14
42.8413 -1.90895 1.00601e-14
42.3105 -1.8891 1.01051e-14
41.794 -1.86978 1.01489e-14
41.2922 -1.85101 1.01915e-14
40.8061 -1.83283 1.02327e-14
40.3366 -1.81527 1.02726e-14
39.8847 -1.79838 1.03109e-14
39.4512 -1.78219 1.03476e-14
39.0368 -1.76671 1.03827e-14
38.642 -1.75199 1.04161e-14
38.2674 -1.73803 1.04478e-14
37.9132 -1.72485 1.04777e-14
37.5797 -1.71247 1.05059e-14
37.2673 -1.70088 1.05322e-14
36.9759 -1.69011 1.05566e-14
36.7055 -1.68013 1.05793e-14
36.4552 -1.67092 1.06002e-14
36.2236 -1.66242 1.06196e-14
36.0092 -1.65458 1.06374e-14
35.811 -1.64735 1.06539e-14
35.6284 -1.64071 1.0669e-14
35.4614 -1.63467 1.06827e-14
35.3099 -1.6292 1.06952e-14
35.1737 -1.62432 1.07063e-14
35.0531 -1.62002 1.07161e-14
34.948 -1.6163 1.07246e-14
34.8585 -1.61318 1.07317e-14
34.7849 -1.61065 1.07375e-14
34.7277 -1.60875 1.07419e-14
34.688 -1.60752 1.07447e-14
34.6666 -1.60698 1.0746e-14
34.6644 -1.60718 1.07456e-14
34.6813 -1.60811 1.07436e-14
34.7171 -1.60977 1.07399e-14
34.7715 -1.61214 1.07347e-14
34.8441 -1.61521 1.07278e-14
34.9352 -1.61899 1.07193e-14
35.045 -1.62348 1.07092e-14
35.1738 -1.62871 1.06975e-14
35.3219 -1.63467 1.06841e-14
35.4894 -1.64138 1.0669e-14
35.6763 -1.64884 1.06523e-14
35.8828 -1.65704 1.06338e-14
36.1083 -1.66598 1.06137e-14
36.3521 -1.67561 1.0592e-14
36.6128 -1.68588 1.05689e-14
36.889 -1.69674 1.05444e-14
37.1792 -1.70813 1.05187e-14
37.4819 -1.71999 1.0492e-14
37.7955 -1.73225 1.04644e-14
38.1185 -1.74484 1.04359e-14
38.4494 -1.75771 1.04069e-14
38.787 -1.77081 1.03773e-14
39.1301 -1.7841 1.03473e-14
39.4777 -1.79752 1.0317e-14
39.829 -1.81105 1.02864e-14
40.1831 -1.82466 1.02557e-14
40.5396 -1.83833 1.02248e-14
40.8981 -1.85204 1.01937e-14
41.2581 -1.86578 1.01627e-14
41.6192 -1.87953 1.01315e-14
41.981 -1.89327 1.01004e-14
42.3431 -1.907 1.00693e-14
42.7053 -1.9207 1.00383e-14
43.0674 -1.93437 1.00073e-14
43.4295 -1.94802 9.9764e-15
43.7917 -1.96164 9.94552e-15
44.154 -1.97525 9.91467e-15
44.5166 -1.98884 9.88384e-15
44.8794 -2.00242 9.85303e-15
45.2426 -2.016 9.82223e-15
45.6059 -2.02957 9.79145e-15
45.969 -2.0431 9.76074e-15
46.331 -2.05657 9.73016e-15
46.6911 -2.06996 9.69978e-15
47.0486 -2.08321 9.66968e-15
47.4026 -2.09631 9.63993e-15
47.7525 -2.10922 9.6106e-15
48.0975 -2.12191 9.58174e-15
48.4369 -2.13437 9.55343e-15
48.7706 -2.14657 9.52567e-15
49.0984 -2.15851 9.49849e-15
49.4203 -2.17019 9.47188e-15
49.7364 -2.18162 9.44584e-15
50.0463 -2.19278 9.4204e-15
50.3499 -2.20367 9.39557e-15
50.6471 -2.21427 9.37136e-15
50.9376 -2.22459 9.34779e-15
51.2214 -2.23462 9.32486e-15
51.4986 -2.24436 9.30258e-15
51.7691 -2.25382 9.28093e-15
52.033 -2.26299 9.25992e-15
52.2902 -2.27187 9.23955e-15
52.5402 -2.28045 9.21985e-15
52.783 -2.28873 9.20083e-15
53.0185 -2.2967 9.1825e-15
53.2473 -2.30439 9.16479e-15
53.4703 -2.31184 9.14763e-15
53.6886 -2.31909 9.1309e-15
53.9033 -2.32619 9.11451e-15
54.1148 -2.33317 9.09836e-15
54.3245 -2.34009 9.08237e-15
54.5328 -2.34696 9.06645e-15
54.7411 -2.35383 9.05052e-15
54.9506 -2.36076 9.03447e-15
55.1626 -2.3678 9.01818e-15
55.3783 -2.37499 9.00155e-15
55.5988 -2.38238 8.98447e-15
55.825 -2.39001 8.96686e-15
56.0574 -2.3979 8.94865e-15
56.2969 -2.40608 8.92981e-15
56.5438 -2.41457 8.91027e-15
56.7989 -2.4234 8.88998e-15
57.0629 -2.4326 8.86886e-15
57.3364 -2.44218 8.84688e-15
57.6199 -2.45217 8.82399e-15
57.9131 -2.46256 8.80021e-15
58.2157 -2.47332 8.77557e-15
58.5272 -2.48445 8.75014e-15
58.8468 -2.4959 8.72397e-15
59.1742 -2.50765 8.69712e-15
59.5086 -2.51968 8.66963e-15
59.8496 -2.53197 8.64158e-15
60.1966 -2.54449 8.61299e-15
60.5494 -2.55724 8.58391e-15
60.9077 -2.57019 8.55435e-15
61.2715 -2.58334 8.52433e-15
61.6408 -2.5967 8.49385e-15
62.0162 -2.61029 8.46284e-15
62.3985 -2.62414 8.43125e-15
62.7888 -2.63829 8.39897e-15
63.1879 -2.65278 8.36593e-15
63.5972 -2.66766 8.332e-15
64.0179 -2.68298 8.29708e-15
64.4513 -2.69879 8.26105e-15
64.8986 -2.71515 8.22379e-15
65.3608 -2.73209 8.18522e-15
65.8387 -2.74964 8.14526e-15
66.3331 -2.76785 8.10383e-15
66.8446 -2.78673 8.06089e-15
67.3738 -2.8063 8.01638e-15
67.9211 -2.82659 7.97026e-15
68.4867 -2.84761 7.92251e-15
69.0708 -2.86936 7.87312e-15
69.673 -2.89182 7.82211e-15
70.2925 -2.91497 7.76956e-15
70.9286 -2.93877 7.71554e-15
71.5802 -2.96319 7.66013e-15
72.2462 -2.98817 7.60346e-15
72.925 -3.01366 7.54564e-15
73.6151 -3.03959 7.48682e-15
74.315 -3.0659 7.42715e-15
75.0228 -3.09252 7.36678e-15
75.7367 -3.11938 7.30588e-15
76.4549 -3.1464 7.24462e-15
77.1755 -3.1735 7.18316e-15
77.8967 -3.20062 7.12166e-15
78.6166 -3.22767 7.0603e-15
79.3333 -3.2546 6.99924e-15
80.0451 -3.28132 6.93863e-15
80.7503 -3.30776 6.87862e-15
81.4473 -3.33388 6.81936e-15
82.1345 -3.35961 6.76099e-15
82.8107 -3.38489 6.7036e-15
83.4746 -3.40969 6.64731e-15
84.1255 -3.43397 6.59217e-15
84.7626 -3.45771 6.53826e-15
85.3853 -3.48089 6.48562e-15
85.9931 -3.50348 6.43428e-15
86.5857 -3.52549 6.38428e-15
87.1627 -3.5469 6.33562e-15
87.724 -3.56771 6.28832e-15
88.2693 -3.58792 6.2424e-15
88.7987 -3.60752 6.19784e-15
89.3119 -3.62652 6.15466e-15
89.8089 -3.64491 6.11284e-15
90.29 -3.66271 6.07237e-15
90.7554 -3.67993 6.03322e-15
91.2055 -3.6966 5.99534e-15
91.6408 -3.71272 5.95868e-15
92.0624 -3.72836 5.92315e-15
92.4718 -3.74356 5.8886e-15
92.8704 -3.7584 5.8549e-15
93.2594 -3.77291 5.82195e-15
93.6394 -3.78713 5.78967e-15
94.0109 -3.80107 5.75805e-15
94.374 -3.81474 5.72707e-15
94.7287 -3.82813 5.69672e-15
95.0752 -3.84125 5.66699e-15
95.4138 -3.85411 5.63787e-15
95.7447 -3.86672 5.60934e-15
96.0676 -3.87907 5.58141e-15
96.3825 -3.89114 5.55413e-15
96.6886 -3.9029 5.52753e-15
96.9856 -3.91434 5.50169e-15
97.2725 -3.92542 5.47666e-15
97.5488 -3.93611 5.45253e-15
97.8136 -3.94637 5.42938e-15
98.0661 -3.95616 5.40728e-15
98.3052 -3.96544 5.38633e-15
98.5298 -3.97416 5.36666e-15
98.7384 -3.98225 5.34839e-15
98.9296 -3.98967 5.33166e-15
99.102 -3.99634 5.31659e-15
99.2543 -4.00221 5.30333e-15
99.3849 -4.00723 5.292e-15
99.4927 -4.01133 5.28271e-15
99.5767 -4.01448 5.27555e-15
99.6371 -4.0167 5.27052e-15
99.6744 -4.01799 5.26755e-15
99.6896 -4.0184 5.26656e-15
99.6837 -4.01796 5.26747e-15
99.6575 -4.01672 5.27019e-15
99.6119 -4.01472 5.27464e-15
99.5481 -4.01199 5.28071e-15
99.4674 -4.00859 5.28829e-15
99.3722 -4.00463 5.29714e-15
99.2654 -4.00021 5.30702e-15
99.1499 -3.99546 5.31764e-15
99.0286 -3.99049 5.32877e-15
98.9033 -3.98539 5.34021e-15
98.7755 -3.9802 5.35184e-15
98.6465 -3.97498 5.36354e-15
98.5176 -3.96979 5.37519e-15
98.3902 -3.96468 5.38666e-15
98.2662 -3.95972 5.39779e-15
98.1469 -3.95496 5.40847e-15
98.0334 -3.95046 5.41859e-15
97.9256 -3.94619 5.42819e-15
97.8222 -3.94211 5.43736e-15
97.7221 -3.93817 5.44623e-15
97.6241 -3.93432 5.4549e-15
97.5275 -3.93052 5.46344e-15
97.4316 -3.92675 5.47192e-15
97.3359 -3.92299 5.4804e-15
97.2398 -3.9192 5.48892e-15
97.1429 -3.91538 5.49752e-15
97.0449 -3.9115 5.50625e-15
96.9453 -3.90754 5.51514e-15
96.8441 -3.90351 5.5242e-15
96.7412 -3.89941 5.53343e-15
96.6371 -3.89524 5.54279e-15
96.5321 -3.89103 5.55224e-15
96.4267 -3.8868 5.56174e-15
96.3217 -3.88258 5.57122e-15
96.2177 -3.87839 5.58062e-15
96.1156 -3.87428 5.58984e-15
96.0162 -3.87029 5.59881e-15
95.9206 -3.86645 5.60743e-15
95.83 -3.86283 5.61557e-15
95.7456 -3.85947 5.62314e-15
95.6687 -3.85642 5.62998e-15
95.6016 -3.85379 5.63592e-15
95.5468 -3.85168 5.64069e-15
95.5069 -3.85019 5.64408e-15
95.4839 -3.84941 5.64588e-15
95.4797 -3.84942 5.64593e-15
95.4954 -3.85026 5.64413e-15
95.5321 -3.85197 5.64036e-15
95.5904 -3.85459 5.63459e-15
95.6707 -3.85812 5.62678e-15
95.7729 -3.86255 5.61693e-15
95.8965 -3.86789 5.60508e-15
96.0411 -3.87409 5.59129e-15
96.2053 -3.88109 5.5757e-15
96.3872 -3.88883 5.55847e-15
96.5847 -3.8972 5.53981e-15
96.7958 -3.90613 5.51992e-15
97.0184 -3.91552 5.49899e-15
97.2503 -3.92527 5.47723e-15
97.4895 -3.93531 5.45483e-15
97.7338 -3.94554 5.43201e-15
97.9809 -3.95586 5.40897e-15
98.2285 -3.96618 5.38593e-15
98.4743 -3.97639 5.36312e-15
98.7163 -3.98641 5.34072e-15
98.9526 -3.99617 5.3189e-15
99.1816 -4.00559 5.29782e-15
99.402 -4.01462 5.2776e-15
99.6123 -4.02321 5.25837e-15
99.8114 -4.03129 5.24024e-15
99.9979 -4.03883 5.22334e-15
100.171 -4.04578 5.20774e-15
100.329 -4.0521 5.19354e-15
100.473 -4.05778 5.18076e-15
100.601 -4.0628 5.16944e-15
100.713 -4.06717 5.15958e-15
100.81 -4.0709 5.15115e-15
100.893 -4.074 5.14413e-15
100.96 -4.07649 5.13847e-15
101.014 -4.0784 5.13409e-15
101.054 -4.07976 5.13094e-15
101.082 -4.08062 5.12893e-15
101.098 -4.08101 5.12797e-15
101.103 -4.08098 5.12797e-15
101.099 -4.08056 5.12883e-15
101.085 -4.07981 5.13045e-15
101.064 -4.07875 5.13276e-15
101.036 -4.07743 5.13565e-15
101.001 -4.07589 5.13907e-15
100.96 -4.07413 5.14298e-15
100.913 -4.07217 5.14735e-15
100.86 -4.07001 5.1522e-15
100.802 -4.06764 5.1575e-15
100.738 -4.06511 5.16319e-15
100.67 -4.06246 5.16918e-15
100.599 -4.05971 5.17537e-15
100.527 -4.05692 5.1817e-15
100.452 -4.0541 5.18808e-15
100.377 -4.05128 5.19448e-15
100.302 -4.04848 5.20084e-15
100.226 -4.04572 5.20713e-15
100.152 -4.04301 5.21329e-15
100.079 -4.04038 5.2193e-15
100.008 -4.03784 5.2251e-15
99.9389 -4.03541 5.23068e-15
99.8722 -4.03307 5.23604e-15
99.8074 -4.03082 5.24121e-15
99.7443 -4.02865 5.2462e-15
99.6827 -4.02653 5.25107e-15
99.6221 -4.02446 5.25586e-15
99.5617 -4.02239 5.26062e-15
99.5012 -4.0203 5.26542e-15
99.44 -4.01817 5.2703e-15
99.3775 -4.01599 5.27532e-15
99.3134 -4.01372 5.28051e-15
99.2473 -4.01136 5.28591e-15
99.1789 -4.00889 5.29155e-15
99.1078 -4.00629 5.29747e-15
99.0336 -4.00355 5.3037e-15
98.9562 -4.00066 5.31027e-15
98.8753 -3.99761 5.31717e-15
98.7912 -3.99442 5.32441e-15
98.7043 -3.99109 5.33193e-15
98.6152 -3.98766 5.33969e-15
98.5241 -3.98413 5.34765e-15
98.4314 -3.98052 5.3558e-15
98.337 -3.97682 5.36413e-15
98.2409 -3.97304 5.37264e-15
98.1433 -3.96918 5.38132e-15
98.0442 -3.96525 5.39016e-15
97.9438 -3.96125 5.39915e-15
97.8424 -3.9572 5.40826e-15
97.7403 -3.9531 5.41747e-15
97.6382 -3.94898 5.42671e-15
97.5367 -3.94487 5.43592e-15
97.4368 -3.94081 5.44503e-15
97.339 -3.93681 5.45398e-15
97.2439 -3.9329 5.46273e-15
97.1516 -3.92908 5.47126e-15
97.0624 -3.92537 5.47957e-15
96.9758 -3.92173 5.48767e-15
96.8905 -3.91812 5.49571e-15
96.804 -3.91444 5.50391e-15
96.714 -3.91059 5.51247e-15
96.618 -3.90648 5.52163e-15
96.5134 -3.90199 5.53162e-15
96.3975 -3.89701 5.54268e-15
96.2677 -3.89145 5.55505e-15
96.1218 -3.88522 5.56891e-15
95.9585 -3.87827 5.5844e-15
95.7768 -3.87055 5.60159e-15
95.5761 -3.86205 5.62052e-15
95.3564 -3.85278 5.64119e-15
95.118 -3.84275 5.66356e-15
94.8622 -3.83202 5.68751e-15
94.5903 -3.82064 5.7129e-15
94.3039 -3.8087 5.73957e-15
94.0051 -3.79627 5.76732e-15
93.6964 -3.78348 5.79591e-15
93.3804 -3.77043 5.8251e-15
93.0596 -3.75723 5.85463e-15
92.737 -3.74401 5.88422e-15
92.4158 -3.73091 5.91358e-15
92.099 -3.71804 5.94241e-15
91.7894 -3.70554 5.97046e-15
91.4899 -3.69352 5.99744e-15
91.2034 -3.68211 6.0231e-15
90.9322 -3.6714 6.0472e-15
90.6787 -3.66149 6.06955e-15
90.4443 -3.65243 6.09e-15
90.2302 -3.64429 6.10844e-15
90.0371 -3.63708 6.12481e-15
89.8655 -3.63081 6.13908e-15
89.7148 -3.62547 6.1513e-15
89.5842 -3.62103 6.16155e-15
89.4725 -3.61741 6.16996e-15
89.3782 -3.61456 6.17666e-15
89.2999 -3.61242 6.1818e-15
89.2361 -3.61091 6.18553e-15
89.1849 -3.60996 6.18804e-15
89.1446 -3.60948 6.18949e-15
89.113 -3.60939 6.19009e-15
89.0882 -3.60958 6.19005e-15
89.0678 -3.60997 6.18958e-15
89.0497 -3.61045 6.18889e-15
89.0315 -3.61093 6.18822e-15
89.0108 -3.6113 6.1878e-15
88.9854 -3.61146 6.18783e-15
88.953 -3.61131 6.18854e-15
88.911 -3.61075 6.19017e-15
88.857 -3.60968 6.19294e-15
88.7886 -3.608 6.19707e-15
88.7038 -3.60561 6.20277e-15
88.6007 -3.60245 6.2102e-15
88.4775 -3.59844 6.21951e-15
88.3329 -3.59353 6.23083e-15
88.1657 -3.58768 6.24426e-15
87.9751 -3.58085 6.25986e-15
87.7606 -3.57302 6.2777e-15
87.5218 -3.56419 6.29778e-15
87.2589 -3.55436 6.32009e-15
86.9726 -3.54358 6.34454e-15
86.6641 -3.53189 6.37102e-15
86.3351 -3.51936 6.39938e-15
85.9871 -3.50607 6.42944e-15
85.6221 -3.4921 6.46103e-15
85.2424 -3.47755 6.49393e-15
84.8503 -3.46252 6.52793e-15
84.4479 -3.44709 6.56281e-15
84.0377 -3.43137 6.59835e-15
83.6219 -3.41546 6.63434e-15
83.2027 -3.39945 6.67055e-15
82.7824 -3.38344 6.7068e-15
82.3631 -3.3675 6.74289e-15
81.9468 -3.35172 6.77863e-15
81.5354 -3.33618 6.81384e-15
81.1307 -3.32095 6.84837e-15
80.734 -3.3061 6.88208e-15
80.347 -3.29166 6.91486e-15
79.9706 -3.2777 6.94659e-15
79.6058 -3.26424 6.97721e-15
79.253 -3.25129 7.00669e-15
78.912 -3.23885 7.03503e-15
78.5826 -3.22691 7.06227e-15
78.2643 -3.21543 7.08848e-15
77.9557 -3.20437 7.11375e-15
77.6553 -3.19365 7.13827e-15
77.3613 -3.1832 7.16218e-15
77.0718 -3.17294 7.18567e-15
76.7851 -3.1628 7.20889e-15
76.4994 -3.15271 7.23201e-15
76.2131 -3.14259 7.25518e-15
75.9248 -3.13239 7.27854e-15
75.6335 -3.12207 7.30217e-15
75.3389 -3.11162 7.32609e-15
75.0407 -3.10102 7.35035e-15
74.7386 -3.09027 7.37494e-15
74.4327 -3.07936 7.39989e-15
74.1227 -3.0683 7.42519e-15
73.8089 -3.05709 7.45083e-15
73.4911 -3.04572 7.4768e-15
73.1693 -3.03421 7.50312e-15
72.8434 -3.02255 7.52978e-15
72.5133 -3.01073 7.55679e-15
72.179 -2.99876 7.58415e-15
71.841 -2.98666 7.61181e-15
71.5 -2.97446 7.63969e-15
71.1567 -2.9622 7.66773e-15
70.8118 -2.94989 7.69588e-15
70.4652 -2.93753 7.72414e-15
70.1167 -2.92513 7.75252e-15
69.766 -2.91265 7.78107e-15
69.4125 -2.90008 7.80984e-15
69.0552 -2.88737 7.83891e-15
68.6929 -2.87448 7.86841e-15
68.3245 -2.86134 7.89845e-15
67.9484 -2.84791 7.92917e-15
67.5634 -2.83411 7.9607e-15
67.1682 -2.81989 7.99317e-15
66.7613 -2.8052 8.02672e-15
66.3418 -2.78998 8.06143e-15
65.9096 -2.77423 8.09733e-15
65.4653 -2.75796 8.13439e-15
65.0094 -2.74119 8.17254e-15
64.5431 -2.72397 8.21172e-15
64.0678 -2.70634 8.25178e-15
63.5853 -2.68838 8.29258e-15
63.0977 -2.67016 8.33394e-15
62.6068 -2.65176 8.37569e-15
62.1137 -2.63322 8.41774e-15
61.6192 -2.61456 8.46003e-15
61.1239 -2.59582 8.50248e-15
60.6286 -2.57703 8.54504e-15
60.1337 -2.5582 8.58767e-15
59.6396 -2.53934 8.63034e-15
59.1464 -2.52047 8.67301e-15
58.6548 -2.50162 8.71564e-15
58.1654 -2.48281 8.75816e-15
57.6791 -2.46408 8.80048e-15
57.1969 -2.44548 8.8425e-15
56.7199 -2.42705 8.88411e-15
56.2497 -2.40887 8.92516e-15
55.7881 -2.39102 8.96547e-15
55.3369 -2.37356 9.00488e-15
54.8979 -2.35659 9.04321e-15
54.4729 -2.34018 9.08028e-15
54.0636 -2.32439 9.11594e-15
53.6718 -2.30932 9.15001e-15
53.2989 -2.29501 9.18234e-15
52.9469 -2.28156 9.21277e-15
52.6176 -2.26904 9.24111e-15
52.3127 -2.25753 9.26721e-15
52.0336 -2.24707 9.29093e-15
51.7817 -2.23773 9.31216e-15
51.5579 -2.22954 9.33081e-15
51.3629 -2.22253 9.34681e-15
51.1968 -2.21672 9.36014e-15
51.0596 -2.21208 9.37082e-15
50.9507 -2.2086 9.37892e-15
50.8689 -2.20622 9.38454e-15
50.8132 -2.20489 9.38782e-15
50.7816 -2.20453 9.38891e-15
50.7722 -2.20505 9.38802e-15
50.7828 -2.20637 9.38534e-15
50.811 -2.20837 9.38112e-15
50.8545 -2.21095 9.37558e-15
50.9104 -2.21401 9.36898e-15
50.9764 -2.21742 9.36156e-15
51.0498 -2.22108 9.35356e-15
51.1288 -2.22491 9.34517e-15
51.2114 -2.22883 9.33657e-15
51.2962 -2.23276 9.32789e-15
51.3817 -2.23665 9.3193e-15
51.4666 -2.24044 9.3109e-15
51.5495 -2.24408 9.30283e-15
51.6296 -2.24753 9.29516e-15
51.7061 -2.25075 9.28798e-15
51.7788 -2.25374 9.28128e-15
51.848 -2.25651 9.27505e-15
51.9142 -2.25908 9.26924e-15
51.9779 -2.26148 9.2638e-15
52.0398 -2.26374 9.25866e-15
52.1003 -2.26588 9.25375e-15
52.1604 -2.26794 9.24901e-15
52.2207 -2.26995 9.24436e-15
52.2817 -2.27193 9.23975e-15
52.3436 -2.2739 9.23515e-15
52.4067 -2.27588 9.23052e-15
52.4714 -2.27789 9.22582e-15
52.5377 -2.27993 9.22104e-15
52.6058 -2.28202 9.21614e-15
52.6758 -2.28416 9.21111e-15
52.7476 -2.28636 9.20595e-15
52.8207 -2.2886 9.2007e-15
52.8942 -2.29085 9.19542e-15
52.9673 -2.29308 9.1902e-15
53.039 -2.29525 9.18511e-15
53.1087 -2.29734 9.18018e-15
53.1761 -2.29934 9.17546e-15
53.2406 -2.30124 9.17099e-15
53.3019 -2.30301 9.16679e-15
53.3603 -2.30468 9.16284e-15
53.4161 -2.30626 9.1591e-15
53.47 -2.30777 9.1555e-15
53.5227 -2.30925 9.15199e-15
53.5761 -2.31077 9.14838e-15
53.6325 -2.31243 9.14448e-15
53.6942 -2.31431 9.14007e-15
53.7636 -2.31653 9.13492e-15
53.8429 -2.31916 9.12883e-15
53.9347 -2.32231 9.12158e-15
54.0413 -2.32607 9.11296e-15
54.1648 -2.33051 9.1028e-15
54.3069 -2.33572 9.09095e-15
54.4687 -2.34173 9.07729e-15
54.6515 -2.34859 9.06173e-15
54.856 -2.35632 9.04421e-15
55.0821 -2.36492 9.02473e-15
55.329 -2.37436 9.00338e-15
55.5959 -2.3846 8.98023e-15
55.8818 -2.39559 8.95539e-15
56.1857 -2.4073 8.92894e-15
56.5067 -2.41967 8.90097e-15
56.8438 -2.43268 8.87159e-15
57.1958 -2.44626 8.84091e-15
57.5612 -2.46036 8.80906e-15
57.9385 -2.47491 8.7762e-15
58.3259 -2.48983 8.74248e-15
58.7215 -2.50505 8.70808e-15
59.1229 -2.52048 8.67322e-15
59.5273 -2.53598 8.63817e-15
59.9317 -2.55145 8.60318e-15
60.3337 -2.56677 8.56849e-15
60.7307 -2.58186 8.53433e-15
61.1207 -2.59663 8.50088e-15
61.5017 -2.611 8.46832e-15
61.8719 -2.62489 8.43681e-15
62.2298 -2.63824 8.40649e-15
62.5737 -2.65099 8.37751e-15
62.9025 -2.66309 8.34997e-15
63.2152 -2.67451 8.32395e-15
63.5112 -2.68523 8.2995e-15
63.7906 -2.69524 8.27662e-15
64.0534 -2.70456 8.2553e-15
64.2999 -2.71319 8.23549e-15
64.5303 -2.72116 8.21719e-15
64.7451 -2.72847 8.20033e-15
64.9448 -2.73515 8.18488e-15
65.1304 -2.74125 8.17074e-15
65.3039 -2.74685 8.15771e-15
65.4682 -2.75207 8.14554e-15
65.6263 -2.75703 8.13394e-15
65.7814 -2.76186 8.12263e-15
65.9367 -2.7667 8.1113e-15
66.096 -2.7717 8.09961e-15
66.2629 -2.777 8.08725e-15
66.4406 -2.78274 8.0739e-15
66.6316 -2.78902 8.05934e-15
66.8382 -2.79592 8.04338e-15
67.0623 -2.80354 8.02582e-15
67.3056 -2.81193 8.00652e-15
67.5697 -2.82116 7.98534e-15
67.8562 -2.83129 7.96213e-15
68.1664 -2.84238 7.93678e-15
68.5011 -2.85446 7.90921e-15
68.8611 -2.86755 7.87937e-15
69.2462 -2.88165 7.84725e-15
69.6566 -2.89676 7.81286e-15
70.092 -2.91288 7.77622e-15
70.552 -2.92997 7.73737e-15
71.0361 -2.94803 7.69637e-15
71.5435 -2.96703 7.65326e-15
72.0736 -2.98692 7.60814e-15
72.6251 -3.00766 7.56109e-15
73.1968 -3.02921 7.51224e-15
73.7874 -3.05151 7.4617e-15
74.3954 -3.0745 7.40962e-15
75.0191 -3.0981 7.35614e-15
75.6566 -3.12226 7.30142e-15
76.3061 -3.14688 7.24565e-15
76.9657 -3.17191 7.18898e-15
77.6336 -3.19725 7.13158e-15
78.3078 -3.22285 7.07362e-15
78.9866 -3.24862 7.01525e-15
79.6681 -3.27451 6.95665e-15
80.3509 -3.30043 6.89795e-15
81.0334 -3.32634 6.83927e-15
81.7144 -3.35219 6.78074e-15
82.3923 -3.37792 6.72248e-15
83.0662 -3.40348 6.6646e-15
83.7348 -3.42883 6.60718e-15
84.3971 -3.45393 6.55034e-15
85.052 -3.47872 6.49416e-15
85.6982 -3.50317 6.43877e-15
86.334 -3.52721 6.38432e-15
86.9582 -3.55077 6.33091e-15
87.5692 -3.5738 6.27871e-15
88.1655 -3.59624 6.22783e-15
88.7456 -3.61802 6.17842e-15
89.3081 -3.63909 6.13061e-15
89.8519 -3.6594 6.08451e-15
90.3764 -3.67892 6.04016e-15
90.8815 -3.69766 5.99757e-15
91.3674 -3.71562 5.95675e-15
91.8343 -3.7328 5.91765e-15
92.2831 -3.74924 5.88021e-15
92.7148 -3.76498 5.84434e-15
93.1306 -3.78007 5.80993e-15
93.5318 -3.79457 5.77685e-15
93.9195 -3.80851 5.74501e-15
94.2949 -3.82194 5.7143e-15
94.6592 -3.83492 5.68461e-15
95.0135 -3.8475 5.65583e-15
95.3588 -3.85971 5.62787e-15
95.6958 -3.87158 5.60066e-15
96.0254 -3.88315 5.57412e-15
96.3486 -3.89447 5.54816e-15
96.6668 -3.9056 5.52263e-15
96.9816 -3.9166 5.49739e-15
97.2947 -3.92755 5.47228e-15
97.6078 -3.93851 5.44713e-15
97.922 -3.94953 5.42185e-15
98.2382 -3.96066 5.39634e-15
98.5572 -3.97194 5.37051e-15
98.8799 -3.98339 5.3443e-15
99.207 -3.99506 5.31762e-15
99.5393 -4.00697 5.2904e-15
99.8773 -4.01916 5.26258e-15
100.221 -4.03163 5.23413e-15
100.571 -4.04438 5.20507e-15
100.926 -4.05738 5.17547e-15
101.285 -4.07059 5.14541e-15
101.647 -4.08398 5.11497e-15
102.01 -4.09749 5.08427e-15
102.374 -4.11108 5.05342e-15
102.738 -4.12469 5.02254e-15
103.099 -4.13826 4.99176e-15
103.457 -4.15175 4.96116e-15
103.811 -4.16512 4.93084e-15
104.16 -4.17833 4.90092e-15
104.502 -4.19132 4.87148e-15
104.837 -4.20407 4.84261e-15
105.164 -4.21653 4.8144e-15
105.482 -4.22866 4.78694e-15
105.79 -4.24042 4.76031e-15
106.086 -4.25176 4.73465e-15
106.371 -4.26261 4.71007e-15
106.641 -4.27293 4.68671e-15
106.896 -4.28266 4.66469e-15
107.135 -4.29173 4.64413e-15
107.356 -4.3001 4.62514e-15
107.558 -4.30773 4.60783e-15
107.741 -4.31458 4.59228e-15
107.904 -4.32063 4.57853e-15
108.047 -4.32587 4.56658e-15
108.17 -4.33031 4.55642e-15
108.274 -4.33397 4.54804e-15
108.358 -4.33684 4.5414e-15
108.424 -4.33894 4.5365e-15
108.471 -4.34029 4.53328e-15
108.499 -4.34091 4.5317e-15
108.511 -4.34085 4.53164e-15
108.508 -4.34016 4.53299e-15
108.49 -4.33891 4.53561e-15
108.461 -4.33716 4.53934e-15
108.42 -4.33498 4.54405e-15
108.37 -4.33243 4.54958e-15
108.313 -4.32959 4.55577e-15
108.249 -4.32653 4.56246e-15
108.182 -4.32333 4.56946e-15
108.114 -4.32008 4.57659e-15
108.046 -4.31686 4.58364e-15
107.98 -4.31376 4.59045e-15
107.918 -4.31085 4.59684e-15
107.862 -4.30819 4.60267e-15
107.813 -4.30584 4.60781e-15
107.772 -4.30386 4.61215e-15
107.74 -4.30229 4.61557e-15
107.719 -4.30117 4.618e-15
107.709 -4.30052 4.61937e-15
107.711 -4.30038 4.61961e-15
107.724 -4.30077 4.6187e-15
107.75 -4.30168 4.6166e-15
107.789 -4.30313 4.61332e-15
107.84 -4.30512 4.60883e-15
107.904 -4.30768 4.60309e-15
107.982 -4.31083 4.59602e-15
108.075 -4.3146 4.58757e-15
108.183 -4.31901 4.5777e-15
108.306 -4.32406 4.5664e-15
108.444 -4.32973 4.55372e-15
108.597 -4.336 4.53968e-15
108.763 -4.34285 4.52437e-15
108.942 -4.35023 4.50787e-15
109.133 -4.35807 4.49034e-15
109.333 -4.36631 4.47192e-15
109.54 -4.37487 4.45277e-15
109.754 -4.38367 4.4331e-15
109.97 -4.39259 4.41316e-15
110.187 -4.40152 4.39319e-15
110.401 -4.41037 4.37341e-15
110.612 -4.41904 4.35403e-15
110.815 -4.42744 4.33524e-15
111.011 -4.43551 4.31722e-15
111.196 -4.44316 4.30011e-15
111.37 -4.45035 4.28405e-15
111.532 -4.45703 4.26913e-15
111.68 -4.46316 4.25543e-15
111.814 -4.46871 4.24304e-15
111.933 -4.47363 4.23206e-15
112.034 -4.47787 4.22261e-15
112.118 -4.48137 4.2148e-15
112.182 -4.4841 4.20873e-15
112.226 -4.48602 4.20449e-15
112.249 -4.48709 4.20215e-15
112.25 -4.48729 4.20177e-15
112.228 -4.48659 4.2034e-15
112.184 -4.48498 4.20709e-15
112.116 -4.48244 4.21287e-15
112.025 -4.47897 4.22075e-15
111.91 -4.47456 4.23072e-15
111.772 -4.46926 4.24271e-15
111.612 -4.46311 4.25662e-15
111.433 -4.45617 4.2723e-15
111.234 -4.4485 4.28964e-15
111.018 -4.44016 4.30849e-15
110.786 -4.43121 4.32872e-15
110.539 -4.4217 4.3502e-15
110.279 -4.41172 4.37278e-15
110.008 -4.40131 4.39632e-15
109.727 -4.39054 4.42067e-15
109.438 -4.37949 4.44569e-15
109.142 -4.3682 4.47124e-15
108.84 -4.35672 4.49723e-15
108.534 -4.3451 4.52356e-15
108.224 -4.33335 4.55018e-15
107.91 -4.3215 4.57704e-15
107.593 -4.30956 4.60412e-15
107.271 -4.2975 4.63147e-15
106.946 -4.28531 4.65914e-15
106.616 -4.27297 4.68715e-15
106.282 -4.2605 4.71545e-15
105.945 -4.24795 4.74395e-15
105.606 -4.23537 4.77255e-15
105.267 -4.22277 4.80118e-15
104.926 -4.21016 4.82985e-15
104.584 -4.19752 4.85859e-15
104.24 -4.18483 4.88746e-15
103.893 -4.17205 4.91654e-15
103.542 -4.15913 4.94593e-15
103.185 -4.14601 4.97579e-15
102.821 -4.13261 5.00627e-15
102.447 -4.11888 5.03753e-15
102.063 -4.10473 5.06971e-15
101.667 -4.0901 5.10299e-15
101.256 -4.07491 5.13753e-15
100.829 -4.05911 5.17346e-15
100.385 -4.04264 5.21088e-15
99.9241 -4.02549 5.24985e-15
99.4447 -4.00762 5.29041e-15
98.947 -3.98905 5.33259e-15
98.432 -3.9698 5.37629e-15
97.9009 -3.94992 5.4214e-15
97.3555 -3.92949 5.46776e-15
96.7972 -3.90856 5.51524e-15
96.2278 -3.88721 5.56369e-15
95.6489 -3.86549 5.61296e-15
95.0621 -3.84347 5.6629e-15
94.4691 -3.82123 5.71337e-15
93.8715 -3.79882 5.76422e-15
93.271 -3.77631 5.81529e-15
92.6693 -3.75377 5.86644e-15
92.0679 -3.73125 5.91754e-15
91.4677 -3.70878 5.96852e-15
90.8694 -3.6864 6.01932e-15
90.2734 -3.66412 6.0699e-15
89.6801 -3.64194 6.12023e-15
89.0892 -3.61986 6.17036e-15
88.5001 -3.59785 6.22034e-15
87.9121 -3.57586 6.27023e-15
87.3249 -3.5539 6.32009e-15
86.7383 -3.53194 6.36992e-15
86.1531 -3.51002 6.41967e-15
85.5696 -3.48814 6.4693e-15
84.9885 -3.46633 6.51877e-15
84.4103 -3.44462 6.56802e-15
83.8355 -3.42302 6.61702e-15
83.2647 -3.40154 6.66572e-15
82.6982 -3.38022 6.71406e-15
82.1368 -3.35907 6.76202e-15
81.5806 -3.3381 6.80954e-15
81.0301 -3.31735 6.8566e-15
80.4858 -3.29682 6.90313e-15
79.948 -3.27652 6.94913e-15
79.4167 -3.25648 6.99456e-15
78.8923 -3.2367 7.03939e-15
78.3749 -3.2172 7.08361e-15
77.8652 -3.19799 7.12715e-15
77.3638 -3.17912 7.16994e-15
76.8715 -3.16062 7.21191e-15
76.3886 -3.1425 7.253e-15
75.9155 -3.12479 7.2932e-15
75.4521 -3.10748 7.33248e-15
74.9984 -3.09058 7.37087e-15
74.5542 -3.07409 7.40835e-15
74.1191 -3.05798 7.44497e-15
73.6928 -3.04226 7.48073e-15
73.275 -3.02691 7.51567e-15
72.8653 -3.01191 7.54983e-15
72.4633 -2.99726 7.58322e-15
72.0692 -2.98295 7.61584e-15
71.6828 -2.96899 7.64771e-15
71.3038 -2.95535 7.67885e-15
70.9323 -2.94205 7.70925e-15
70.5681 -2.92908 7.73893e-15
70.2113 -2.91642 7.7679e-15
69.8616 -2.90408 7.79618e-15
69.5191 -2.89205 7.82376e-15
69.1837 -2.88032 7.85067e-15
68.8555 -2.8689 7.8769e-15
68.5343 -2.85777 7.90248e-15
68.2196 -2.8469 7.92746e-15
67.911 -2.83629 7.95188e-15
67.6079 -2.82589 7.97581e-15
67.3094 -2.81568 7.99933e-15
67.0143 -2.80559 8.02257e-15
66.721 -2.79556 8.04568e-15
66.4278 -2.78551 8.06881e-15
66.1332 -2.77538 8.09211e-15
65.8356 -2.76511 8.11573e-15
65.5336 -2.75463 8.13981e-15
65.2256 -2.74388 8.16449e-15
64.9103 -2.7328 8.18988e-15
64.5862 -2.72133 8.21615e-15
64.2514 -2.7094 8.24344e-15
63.9045 -2.69695 8.27189e-15
63.5442 -2.68392 8.30162e-15
63.1698 -2.6703 8.33267e-15
62.7813 -2.65608 8.36507e-15
62.3785 -2.64125 8.39881e-15
61.9619 -2.62584 8.43384e-15
61.5321 -2.60989 8.4701e-15
61.0905 -2.59344 8.50747e-15
60.6382 -2.57654 8.54582e-15
60.1767 -2.55927 8.58503e-15
59.7071 -2.54166 8.62497e-15
59.2307 -2.52378 8.66554e-15
58.7485 -2.50568 8.70661e-15
58.2619 -2.48739 8.74807e-15
57.7721 -2.469 8.7898e-15
57.2806 -2.45055 8.83166e-15
56.7888 -2.4321 8.87352e-15
56.2978 -2.4137 8.91527e-15
55.8086 -2.39539 8.95682e-15
55.3219 -2.37721 8.9981e-15
54.8382 -2.35917 9.03904e-15
54.3582 -2.3413 9.0796e-15
53.8824 -2.32363 9.11972e-15
53.4114 -2.30617 9.15938e-15
52.9456 -2.28893 9.19854e-15
52.4855 -2.27193 9.23716e-15
52.0321 -2.25521 9.27517e-15
51.5865 -2.23881 9.31246e-15
51.1499 -2.22277 9.34893e-15
50.7234 -2.20713 9.3845e-15
50.3078 -2.19193 9.41911e-15
49.9038 -2.17718 9.45268e-15
49.5119 -2.1629 9.48519e-15
49.1327 -2.14912 9.5166e-15
48.7665 -2.13583 9.54687e-15
48.4134 -2.12304 9.57602e-15
48.0736 -2.11076 9.60403e-15
47.7469 -2.09896 9.63093e-15
47.4321 -2.08761 9.65682e-15
47.1276 -2.07662 9.68187e-15
46.8317 -2.06594 9.70624e-15
46.5428 -2.05549 9.73006e-15
46.2599 -2.04523 9.75343e-15
45.9821 -2.03512 9.77645e-15
45.7088 -2.02515 9.79917e-15
45.4394 -2.01527 9.82162e-15
45.1737 -2.0055 9.84385e-15
44.9118 -1.99583 9.86583e-15
44.6538 -1.98626 9.88755e-15
44.3999 -1.97681 9.909e-15
44.1499 -1.96747 9.93019e-15
43.9037 -1.95824 9.95111e-15
43.6613 -1.94912 9.97177e-15
43.4226 -1.94011 9.99218e-15
43.1874 -1.93121 1.00123e-14
42.9557 -1.92241 1.00322e-14
42.7274 -1.91372 1.00519e-14
42.5025 -1.90514 1.00713e-14
42.281 -1.89667 1.00905e-14
42.063 -1.88831 1.01093e-14
41.8487 -1.88008 1.01279e-14
41.6384 -1.87199 1.01462e-14
41.4333 -1.86408 1.01641e-14
41.2348 -1.85643 1.01814e-14
41.0447 -1.84909 1.01979e-14
40.8643 -1.84212 1.02137e-14
40.6948 -1.83558 1.02285e-14
40.5371 -1.82948 1.02422e-14
40.392 -1.82387 1.02549e-14
40.26 -1.81877 1.02664e-14
40.1416 -1.81419 1.02767e-14
40.0372 -1.81015 1.02859e-14
39.9468 -1.80664 1.02938e-14
39.8709 -1.80368 1.03005e-14
39.8095 -1.80128 1.03059e-14
39.763 -1.79944 1.031e-14
39.7316 -1.79817 1.03129e-14
39.7156 -1.79748 1.03144e-14
39.7151 -1.79737 1.03146e-14
39.7303 -1.79785 1.03135e-14
39.7612 -1.79892 1.03111e-14
39.8078 -1.80058 1.03073e-14
39.8697 -1.8028 1.03022e-14
39.9462 -1.80557 1.02959e-14
40.0365 -1.80885 1.02884e-14
40.1399 -1.8126 1.02799e-14
40.2553 -1.81681 1.02703e-14
40.3817 -1.82141 1.02598e-14
40.518 -1.82637 1.02485e-14
40.6633 -1.83165 1.02365e-14
40.817 -1.83724 1.02237e-14
40.9789 -1.84312 1.02103e-14
41.1489 -1.84931 1.01962e-14
41.3269 -1.85578 1.01815e-14
41.5126 -1.86256 1.0166e-14
41.7062 -1.86963 1.01499e-14
41.9076 -1.877 1.01332e-14
42.1166 -1.88467 1.01157e-14
42.3332 -1.89264 1.00976e-14
42.5572 -1.90091 1.00788e-14
42.7883 -1.90946 1.00593e-14
43.0263 -1.91829 1.00393e-14
43.271 -1.9274 1.00186e-14
43.5222 -1.93678 9.99733e-15
43.7796 -1.94642 9.97547e-15
44.0434 -1.95632 9.95303e-15
44.314 -1.9665 9.92995e-15
44.5924 -1.97701 9.90615e-15
44.8797 -1.98787 9.88154e-15
45.1765 -1.99914 9.85606e-15
45.4834 -2.0108 9.82966e-15
45.8006 -2.02288 9.80234e-15
46.1282 -2.03538 9.77408e-15
46.4662 -2.04828 9.7449e-15
46.8151 -2.06162 9.71475e-15
47.1757 -2.07541 9.68358e-15
47.5483 -2.08967 9.65136e-15
47.9335 -2.1044 9.61806e-15
48.3309 -2.11959 9.58371e-15
48.7398 -2.13522 9.54839e-15
49.1595 -2.15123 9.51217e-15
49.5893 -2.16762 9.47512e-15
50.0287 -2.18433 9.43731e-15
50.4773 -2.20137 9.39875e-15
50.9349 -2.21871 9.3595e-15
51.401 -2.23634 9.31958e-15
51.8753 -2.25424 9.27902e-15
52.3574 -2.27239 9.23789e-15
52.8469 -2.29077 9.1962e-15
53.3436 -2.30938 9.154e-15
53.8472 -2.32821 9.11129e-15
54.3577 -2.34724 9.06808e-15
54.875 -2.3665 9.02437e-15
55.3993 -2.38596 8.98015e-15
55.9303 -2.40565 8.93544e-15
56.4676 -2.42554 8.89021e-15
57.0114 -2.44564 8.84449e-15
57.5618 -2.46596 8.79828e-15
58.1182 -2.48649 8.7516e-15
58.6803 -2.5072 8.70447e-15
59.2476 -2.52809 8.65694e-15
59.8199 -2.54914 8.60903e-15
60.3968 -2.57036 8.56074e-15
60.9785 -2.59175 8.51207e-15
61.5648 -2.6133 8.46301e-15
62.1556 -2.63503 8.41357e-15
62.7505 -2.65691 8.36378e-15
63.3487 -2.67891 8.31371e-15
63.9494 -2.70101 8.26342e-15
64.5517 -2.72317 8.21298e-15
65.155 -2.74538 8.16246e-15
65.7585 -2.76759 8.11191e-15
66.3614 -2.78978 8.06142e-15
66.963 -2.81192 8.01103e-15
67.5627 -2.83399 7.96081e-15
68.1598 -2.85596 7.91082e-15
68.7538 -2.87782 7.86109e-15
69.3443 -2.89953 7.81167e-15
69.9313 -2.9211 7.76258e-15
70.5147 -2.94254 7.71379e-15
71.0947 -2.96384 7.6653e-15
71.6717 -2.98501 7.61709e-15
72.2462 -3.00609 7.56911e-15
72.8188 -3.02709 7.5213e-15
73.3903 -3.04804 7.4736e-15
73.9612 -3.06897 7.42595e-15
74.5314 -3.08986 7.37837e-15
75.1005 -3.11071 7.33091e-15
75.6679 -3.13148 7.28359e-15
76.2336 -3.15218 7.23645e-15
76.7982 -3.17283 7.18942e-15
77.3628 -3.19346 7.14241e-15
77.9285 -3.21415 7.0953e-15
78.4968 -3.23493 7.04797e-15
79.0692 -3.25586 7.00028e-15
79.6471 -3.27702 6.9521e-15
80.2322 -3.29846 6.90327e-15
80.8259 -3.32025 6.85368e-15
81.4291 -3.34241 6.80323e-15
82.0422 -3.36498 6.75188e-15
82.6658 -3.38797 6.69958e-15
83.3 -3.41138 6.64634e-15
83.9437 -3.43518 6.59222e-15
84.5957 -3.45931 6.53735e-15
85.2543 -3.48372 6.48189e-15
85.9179 -3.50832 6.42596e-15
86.5851 -3.53307 6.36972e-15
87.2544 -3.55791 6.31327e-15
87.9244 -3.58278 6.25677e-15
88.5938 -3.60762 6.20031e-15
89.2619 -3.63241 6.14397e-15
89.9281 -3.65713 6.0878e-15
90.592 -3.68175 6.03184e-15
91.2531 -3.70626 5.97614e-15
91.9109 -3.73063 5.92074e-15
92.5648 -3.75485 5.86569e-15
93.2144 -3.77889 5.81104e-15
93.8591 -3.80273 5.75683e-15
94.4987 -3.82636 5.70309e-15
95.1331 -3.84978 5.64983e-15
95.7621 -3.87298 5.59706e-15
96.3857 -3.89595 5.5448e-15
97.0035 -3.91869 5.49306e-15
97.6155 -3.94118 5.44187e-15
98.2214 -3.96342 5.39124e-15
98.8211 -3.98541 5.34118e-15
99.4151 -4.00716 5.29165e-15
100.004 -4.0287 5.2426e-15
100.588 -4.05004 5.19395e-15
101.168 -4.07123 5.14567e-15
101.744 -4.09225 5.09774e-15
102.317 -4.11311 5.05017e-15
102.885 -4.1338 5.00299e-15
103.449 -4.15432 4.95619e-15
104.01 -4.17469 4.90972e-15
104.567 -4.19494 4.86353e-15
105.122 -4.21509 4.81756e-15
105.675 -4.23517 4.77174e-15
106.228 -4.25521 4.72602e-15
106.779 -4.27523 4.68035e-15
107.33 -4.29524 4.6347e-15
107.882 -4.31526 4.58903e-15
108.433 -4.3353 4.54331e-15
108.985 -4.35537 4.49754e-15
109.537 -4.37548 4.45169e-15
110.09 -4.39561 4.40578e-15
110.642 -4.41578 4.35983e-15
111.195 -4.43595 4.31385e-15
111.746 -4.45611 4.26791e-15
112.296 -4.47625 4.22202e-15
112.845 -4.49636 4.17622e-15
113.391 -4.51643 4.13052e-15
113.932 -4.53618 4.0855e-15
114.467 -4.55565 4.0411e-15
115.001 -4.57511 3.99675e-15
115.532 -4.59452 3.9525e-15
116.063 -4.61392 3.90829e-15
116.591 -4.6333 3.86415e-15
117.118 -4.65266 3.82007e-15
117.642 -4.67199 3.77608e-15
118.165 -4.69127 3.7322e-15
118.685 -4.7105 3.68847e-15
119.201 -4.72965 3.64494e-15
119.714 -4.74869 3.60164e-15
120.223 -4.76762 3.55863e-15
120.727 -4.7864 3.51596e-15
121.224 -4.80498 3.47375e-15
121.716 -4.82334 3.43202e-15
122.201 -4.8415 3.39076e-15
122.679 -4.85941 3.35008e-15
123.149 -4.87702 3.31009e-15
123.608 -4.89426 3.27094e-15
124.056 -4.91106 3.23279e-15
124.49 -4.92736 3.19579e-15
124.909 -4.94307 3.16009e-15
125.312 -4.95814 3.12586e-15
125.695 -4.9725 3.09324e-15
126.059 -4.98607 3.06239e-15
126.401 -4.9988 3.03344e-15
126.72 -5.01062 3.00655e-15
127.014 -5.02147 2.98185e-15
127.282 -5.0313 2.95944e-15
127.524 -5.0401 2.93936e-15
127.739 -5.04787 2.9216e-15
127.929 -5.05463 2.90611e-15
128.093 -5.0604 2.89286e-15
128.232 -5.0652 2.8818e-15
128.347 -5.06905 2.87287e-15
128.438 -5.07199 2.86602e-15
128.506 -5.07403 2.8612e-15
128.551 -5.07518 2.85839e-15
128.572 -5.07543 2.85761e-15
128.569 -5.07479 2.85886e-15
128.543 -5.07326 2.86213e-15
128.494 -5.07084 2.8674e-15
128.421 -5.06757 2.87462e-15
128.327 -5.06346 2.88374e-15
128.211 -5.05855 2.89468e-15
128.074 -5.05288 2.90733e-15
127.92 -5.04655 2.9215e-15
127.749 -5.03964 2.93701e-15
127.564 -5.03221 2.95369e-15
127.365 -5.0243 2.97148e-15
127.153 -5.01592 2.99034e-15
126.928 -5.00708 3.01028e-15
126.689 -4.99777 3.03127e-15
126.437 -4.98802 3.0533e-15
126.172 -4.97782 3.07635e-15
125.895 -4.96719 3.10039e-15
125.606 -4.95615 3.12539e-15
125.306 -4.94474 3.15123e-15
124.997 -4.93304 3.17775e-15
124.681 -4.92112 3.20479e-15
124.359 -4.90904 3.23222e-15
124.033 -4.89685 3.2599e-15
123.704 -4.88462 3.28772e-15
123.374 -4.87237 3.31557e-15
123.042 -4.86016 3.34338e-15
122.711 -4.84798 3.37112e-15
122.379 -4.83585 3.39878e-15
122.047 -4.82376 3.42636e-15
121.715 -4.81169 3.45391e-15
121.382 -4.79964 3.48145e-15
121.047 -4.78756 3.50906e-15
120.71 -4.77542 3.5368e-15
120.37 -4.76321 3.56473e-15
120.026 -4.75086 3.59296e-15
119.678 -4.73837 3.62151e-15
119.326 -4.72575 3.65034e-15
118.969 -4.71298 3.67954e-15
118.608 -4.70004 3.70912e-15
118.242 -4.6869 3.73916e-15
117.87 -4.67354 3.7697e-15
117.491 -4.65992 3.80081e-15
117.104 -4.64602 3.83258e-15
116.709 -4.63179 3.86509e-15
116.305 -4.61719 3.89844e-15
115.89 -4.60217 3.93272e-15
115.463 -4.5867 3.96803e-15
115.024 -4.57072 4.00448e-15
114.571 -4.55419 4.04217e-15
114.104 -4.53715 4.08103e-15
113.624 -4.51961 4.12101e-15
113.128 -4.50148 4.16233e-15
112.617 -4.48273 4.20506e-15
112.09 -4.46336 4.24916e-15
111.547 -4.44337 4.29468e-15
110.988 -4.42274 4.34163e-15
110.412 -4.40147 4.39004e-15
109.82 -4.37955 4.43989e-15
109.213 -4.35703 4.49111e-15
108.592 -4.33397 4.54356e-15
107.958 -4.31041 4.59712e-15
107.312 -4.28643 4.65164e-15
106.658 -4.2621 4.70694e-15
105.996 -4.23751 4.76284e-15
105.329 -4.21273 4.81916e-15
104.659 -4.18785 4.87573e-15
103.987 -4.16294 4.93238e-15
103.315 -4.13806 4.98896e-15
102.645 -4.11328 5.04533e-15
101.978 -4.08867 5.10135e-15
101.316 -4.06425 5.15692e-15
100.659 -4.04008 5.21196e-15
100.008 -4.01618 5.26639e-15
99.3634 -3.99259 5.32015e-15
98.7261 -3.9693 5.37324e-15
98.0952 -3.9463 5.42564e-15
97.4706 -3.9236 5.47741e-15
96.8524 -3.90117 5.52857e-15
96.2404 -3.87901 5.57912e-15
95.6349 -3.85713 5.62904e-15
95.036 -3.83554 5.67834e-15
94.4436 -3.81423 5.72702e-15
93.8573 -3.79318 5.77511e-15
93.2765 -3.77236 5.82267e-15
92.7005 -3.75176 5.86977e-15
92.1288 -3.73133 5.91647e-15
91.5613 -3.71109 5.96276e-15
90.9983 -3.69104 6.00863e-15
90.44 -3.67119 6.05406e-15
89.8864 -3.65153 6.09904e-15
89.3369 -3.63205 6.14365e-15
88.7902 -3.61269 6.18798e-15
88.2452 -3.5934 6.23215e-15
87.7005 -3.57413 6.27628e-15
87.1547 -3.55481 6.3205e-15
86.6065 -3.53541 6.36494e-15
86.0542 -3.51584 6.40974e-15
85.4963 -3.49604 6.45505e-15
84.93 -3.47591 6.50112e-15
84.3524 -3.45532 6.54821e-15
83.7603 -3.43415 6.59662e-15
83.1511 -3.41229 6.64657e-15
82.5235 -3.38968 6.6982e-15
81.8769 -3.3663 6.75155e-15
81.2109 -3.34213 6.80666e-15
80.5254 -3.31718 6.86355e-15
79.8204 -3.29143 6.92221e-15
79.0961 -3.2649 6.98263e-15
78.3527 -3.23759 7.04479e-15
77.5906 -3.20953 7.10864e-15
76.8106 -3.18074 7.17414e-15
76.0132 -3.15124 7.24121e-15
75.1993 -3.12107 7.30978e-15
74.3699 -3.09027 7.37977e-15
73.5261 -3.05888 7.45108e-15
72.6691 -3.02696 7.52358e-15
71.8005 -2.99455 7.59716e-15
70.9214 -2.96173 7.67169e-15
70.0332 -2.92853 7.74705e-15
69.1372 -2.895 7.82313e-15
68.2347 -2.86121 7.89982e-15
67.3269 -2.82721 7.97699e-15
66.4155 -2.79304 8.0545e-15
65.5019 -2.75879 8.13223e-15
64.5877 -2.7245 8.21002e-15
63.6745 -2.69025 8.28773e-15
62.7638 -2.65609 8.36524e-15
61.8571 -2.62208 8.44239e-15
60.9558 -2.58829 8.51906e-15
60.0616 -2.55477 8.59511e-15
59.176 -2.52159 8.6704e-15
58.3006 -2.48882 8.74477e-15
57.4372 -2.45652 8.81808e-15
56.5871 -2.42476 8.89019e-15
55.752 -2.39359 8.96096e-15
54.9334 -2.36307 9.03026e-15
54.1327 -2.33327 9.09795e-15
53.3513 -2.30424 9.16392e-15
52.5904 -2.27602 9.22805e-15
51.8509 -2.24867 9.29021e-15
51.1342 -2.22223 9.35031e-15
50.4415 -2.19674 9.40828e-15
49.7727 -2.17221 9.46411e-15
49.1276 -2.14861 9.51782e-15
48.5056 -2.12592 9.56948e-15
47.9064 -2.10414 9.61912e-15
47.3292 -2.08322 9.66678e-15
46.7739 -2.06316 9.71251e-15
46.2401 -2.04394 9.75635e-15
45.727 -2.02553 9.79838e-15
45.2336 -2.00787 9.83869e-15
44.7585 -1.99091 9.87742e-15
44.3001 -1.97459 9.91471e-15
43.8572 -1.95885 9.95068e-15
43.4286 -1.94364 9.98546e-15
43.0134 -1.92892 1.00191e-14
42.6106 -1.91464 1.00517e-14
42.2194 -1.90078 1.00834e-14
41.8385 -1.88727 1.01143e-14
41.4664 -1.87406 1.01445e-14
41.1018 -1.86109 1.01742e-14
40.7434 -1.8483 1.02034e-14
40.3897 -1.83564 1.02323e-14
40.0392 -1.82303 1.0261e-14
39.6905 -1.81044 1.02897e-14
39.3425 -1.7978 1.03185e-14
38.9942 -1.78507 1.03475e-14
38.6445 -1.77223 1.03767e-14
38.293 -1.75923 1.04062e-14
37.9391 -1.74608 1.0436e-14
37.5833 -1.73281 1.04661e-14
37.2262 -1.71942 1.04965e-14
36.8685 -1.70594 1.0527e-14
36.5109 -1.69241 1.05576e-14
36.1542 -1.67885 1.05882e-14
35.7987 -1.6653 1.06189e-14
35.4452 -1.65177 1.06494e-14
35.0943 -1.6383 1.06798e-14
34.747 -1.62494 1.071e-14
34.4046 -1.61173 1.07398e-14
34.0684 -1.59874 1.07691e-14
33.7396 -1.58601 1.07978e-14
33.4193 -1.5736 1.08258e-14
33.1084 -1.56155 1.0853e-14
32.808 -1.5499 1.08792e-14
32.519 -1.53869 1.09045e-14
32.2425 -1.52797 1.09287e-14
31.9797 -1.5178 1.09516e-14
31.7318 -1.50822 1.09732e-14
31.5 -1.49929 1.09934e-14
31.2858 -1.49106 1.10119e-14
31.0906 -1.4836 1.10288e-14
30.9161 -1.47697 1.10438e-14
30.7635 -1.47122 1.10568e-14
30.6337 -1.46639 1.10677e-14
30.5277 -1.46253 1.10765e-14
30.4458 -1.45963 1.10831e-14
30.3886 -1.45774 1.10875e-14
30.3563 -1.45684 1.10896e-14
30.3488 -1.45694 1.10895e-14
30.366 -1.45803 1.10872e-14
30.4073 -1.46008 1.10827e-14
30.4717 -1.46306 1.10761e-14
30.5577 -1.46689 1.10676e-14
30.6635 -1.4715 1.10573e-14
30.7874 -1.47682 1.10455e-14
30.9275 -1.48278 1.10322e-14
31.082 -1.48929 1.10177e-14
31.249 -1.49627 1.10021e-14
31.4263 -1.50364 1.09856e-14
31.6118 -1.51131 1.09685e-14
31.8029 -1.51916 1.09509e-14
31.9972 -1.5271 1.09331e-14
32.1924 -1.53503 1.09154e-14
32.3868 -1.54288 1.08978e-14
32.5787 -1.55059 1.08805e-14
32.7668 -1.55809 1.08636e-14
32.95 -1.56536 1.08473e-14
33.128 -1.57235 1.08315e-14
33.3005 -1.57908 1.08164e-14
33.4676 -1.58553 1.08018e-14
33.6298 -1.59174 1.07878e-14
33.7878 -1.59773 1.07742e-14
33.9429 -1.60355 1.07611e-14
34.0962 -1.60924 1.07481e-14
34.2492 -1.61488 1.07353e-14
34.403 -1.6205 1.07226e-14
34.5588 -1.62615 1.07097e-14
34.7179 -1.63188 1.06966e-14
34.8813 -1.63774 1.06833e-14
35.0501 -1.64378 1.06695e-14
35.2249 -1.65001 1.06553e-14
35.4067 -1.65647 1.06405e-14
35.5962 -1.6632 1.06252e-14
35.7941 -1.67021 1.06092e-14
36.0011 -1.67755 1.05924e-14
36.2177 -1.68523 1.05749e-14
36.4449 -1.69328 1.05565e-14
36.6836 -1.70175 1.05371e-14
36.9351 -1.71069 1.05167e-14
37.2007 -1.72014 1.04952e-14
37.4813 -1.73015 1.04723e-14
37.7781 -1.74079 1.04481e-14
38.0916 -1.75205 1.04224e-14
38.4219 -1.76394 1.03952e-14
38.7697 -1.77649 1.03666e-14
39.1352 -1.7897 1.03365e-14
39.5189 -1.8036 1.03048e-14
39.9208 -1.81818 1.02716e-14
40.341 -1.83346 1.02368e-14
40.779 -1.8494 1.02005e-14
41.2337 -1.86597 1.01628e-14
41.704 -1.88314 1.01237e-14
42.1892 -1.90086 1.00834e-14
42.6892 -1.91914 1.00418e-14
43.2043 -1.93799 9.99891e-15
43.7348 -1.95743 9.95468e-15
44.2809 -1.97746 9.90911e-15
44.8417 -1.99806 9.86227e-15
45.4155 -2.01916 9.81429e-15
46.0009 -2.0407 9.76531e-15
46.5963 -2.06263 9.71546e-15
47.2008 -2.08491 9.66483e-15
47.8137 -2.10752 9.61345e-15
48.4345 -2.13042 9.56139e-15
49.0623 -2.15361 9.50871e-15
49.6965 -2.17705 9.45546e-15
50.3363 -2.20071 9.40172e-15
50.9809 -2.22455 9.34755e-15
51.6296 -2.24857 9.293e-15
52.2831 -2.27279 9.23799e-15
52.9428 -2.29726 9.1824e-15
53.6102 -2.32204 9.12613e-15
54.2864 -2.34718 9.06904e-15
54.9724 -2.37273 9.01103e-15
55.6692 -2.39871 8.95202e-15
56.3778 -2.42518 8.89194e-15
57.0989 -2.45214 8.83074e-15
57.8326 -2.47961 8.7684e-15
58.579 -2.50758 8.70494e-15
59.3376 -2.53603 8.64038e-15
60.1083 -2.56495 8.57478e-15
60.8904 -2.59431 8.50818e-15
61.6832 -2.62408 8.44065e-15
62.4861 -2.65423 8.37226e-15
63.298 -2.6847 8.30313e-15
64.1169 -2.71543 8.23343e-15
64.9405 -2.7463 8.16338e-15
65.7662 -2.77721 8.09322e-15
66.592 -2.80808 8.02316e-15
67.4163 -2.83884 7.95332e-15
68.2382 -2.86945 7.8838e-15
69.0569 -2.89988 7.81467e-15
69.8716 -2.93008 7.74601e-15
70.6811 -2.96003 7.67792e-15
71.4843 -2.98967 7.61051e-15
72.28 -3.01896 7.54388e-15
73.0675 -3.04786 7.47808e-15
73.8464 -3.07636 7.41316e-15
74.6168 -3.10449 7.34909e-15
75.3789 -3.13224 7.28584e-15
76.133 -3.15963 7.22337e-15
76.8791 -3.18667 7.1617e-15
77.6168 -3.21335 7.10082e-15
78.3461 -3.23967 7.04074e-15
79.0668 -3.26563 6.98146e-15
79.7793 -3.29126 6.92292e-15
80.4841 -3.31658 6.86508e-15
81.1816 -3.34162 6.80788e-15
81.8725 -3.3664 6.75126e-15
82.5571 -3.39096 6.69516e-15
83.2359 -3.4153 6.63953e-15
83.9092 -3.43946 6.58434e-15
84.5776 -3.46345 6.52952e-15
85.2425 -3.48735 6.47495e-15
85.9057 -3.51122 6.42044e-15
86.569 -3.53514 6.36583e-15
87.2341 -3.55918 6.31097e-15
87.9028 -3.58342 6.25568e-15
88.5769 -3.60793 6.1998e-15
89.2581 -3.63278 6.14318e-15
89.9477 -3.65802 6.0857e-15
90.6471 -3.6837 6.02724e-15
91.3572 -3.70986 5.96772e-15
92.0789 -3.73653 5.90707e-15
92.8123 -3.76371 5.84528e-15
93.5566 -3.79138 5.78244e-15
94.3101 -3.81944 5.71869e-15
95.0709 -3.84784 5.65423e-15
95.8372 -3.87647 5.58923e-15
96.6073 -3.90528 5.52385e-15
97.3795 -3.93418 5.45825e-15
98.1524 -3.96313 5.39258e-15
98.9244 -3.99204 5.32697e-15
99.6942 -4.02088 5.26152e-15
100.461 -4.04959 5.19633e-15
101.224 -4.07814 5.13152e-15
101.982 -4.1065 5.06713e-15
102.735 -4.13464 5.0032e-15
103.483 -4.16258 4.93976e-15
104.227 -4.1903 4.87679e-15
104.965 -4.2178 4.8143e-15
105.697 -4.24507 4.75235e-15
106.423 -4.27207 4.69099e-15
107.142 -4.29877 4.63029e-15
107.854 -4.32516 4.5703e-15
108.556 -4.35118 4.51112e-15
109.248 -4.37681 4.45284e-15
109.93 -4.402 4.39553e-15
110.6 -4.42673 4.33925e-15
111.258 -4.45098 4.28407e-15
111.903 -4.47472 4.23001e-15
112.535 -4.49797 4.17708e-15
113.154 -4.5207 4.12531e-15
113.759 -4.54293 4.07468e-15
114.346 -4.56425 4.02603e-15
114.918 -4.5849 3.97888e-15
115.479 -4.60517 3.9326e-15
116.027 -4.62497 3.88739e-15
116.566 -4.64441 3.84298e-15
117.094 -4.66349 3.79942e-15
117.614 -4.68225 3.75657e-15
118.124 -4.70065 3.71454e-15
118.622 -4.71866 3.67342e-15
119.109 -4.7362 3.63336e-15
119.581 -4.75324 3.59445e-15
120.04 -4.76975 3.55672e-15
120.485 -4.78576 3.52013e-15
120.917 -4.80129 3.48464e-15
121.337 -4.81632 3.45025e-15
121.744 -4.83093 3.41682e-15
122.143 -4.84522 3.38413e-15
122.534 -4.85922 3.35208e-15
122.919 -4.87303 3.32048e-15
123.301 -4.88672 3.28915e-15
123.681 -4.90039 3.25789e-15
124.062 -4.91412 3.2265e-15
124.447 -4.928 3.19478e-15
124.836 -4.94212 3.16254e-15
125.233 -4.95657 3.12958e-15
125.639 -4.97141 3.09573e-15
126.056 -4.98674 3.0608e-15
126.486 -5.00261 3.02467e-15
126.93 -5.01907 2.98722e-15
127.39 -5.03616 2.94835e-15
127.865 -5.05393 2.90799e-15
128.357 -5.07239 2.86607e-15
128.866 -5.09157 2.82255e-15
129.393 -5.11148 2.77742e-15
129.937 -5.13211 2.73065e-15
130.498 -5.15345 2.68231e-15
131.076 -5.17547 2.63244e-15
131.669 -5.19813 2.58114e-15
132.276 -5.22138 2.52852e-15
132.895 -5.24512 2.4748e-15
133.523 -5.26926 2.4202e-15
134.158 -5.29366 2.365e-15
134.796 -5.31823 2.30945e-15
135.436 -5.34285 2.25378e-15
136.074 -5.36743 2.1982e-15
136.709 -5.39188 2.14293e-15
137.338 -5.4161 2.08817e-15
137.96 -5.44001 2.03409e-15
138.572 -5.46355 1.98086e-15
139.173 -5.48663 1.92865e-15
139.761 -5.50919 1.8776e-15
140.334 -5.53115 1.82793e-15
140.89 -5.55239 1.77985e-15
141.425 -5.57282 1.73358e-15
141.939 -5.59236 1.68932e-15
142.428 -5.61092 1.64725e-15
142.891 -5.62842 1.60756e-15
143.326 -5.64479 1.57041e-15
143.732 -5.65998 1.53591e-15
144.109 -5.67399 1.50404e-15
144.458 -5.68688 1.4747e-15
144.78 -5.6987 1.44776e-15
145.077 -5.70949 1.42312e-15
145.349 -5.71928 1.40073e-15
145.596 -5.72806 1.38061e-15
145.818 -5.73583 1.36275e-15
146.014 -5.74262 1.34712e-15
146.188 -5.74848 1.33357e-15
146.34 -5.75348 1.32195e-15
146.472 -5.75773 1.31203e-15
146.587 -5.76129 1.30366e-15
146.685 -5.76421 1.29674e-15
146.767 -5.7665 1.29123e-15
146.833 -5.76819 1.2871e-15
146.883 -5.76929 1.28428e-15
146.92 -5.76988 1.28265e-15
146.945 -5.77002 1.28202e-15
146.959 -5.76981 1.2822e-15
146.966 -5.76932 1.28303e-15
146.965 -5.76859 1.28442e-15
146.957 -5.76764 1.28632e-15
146.943 -5.76649 1.28868e-15
146.923 -5.76516 1.29149e-15
146.896 -5.76364 1.29471e-15
146.864 -5.76196 1.29835e-15
146.826 -5.76011 1.30238e-15
146.783 -5.75809 1.3068e-15
146.734 -5.75594 1.31155e-15
146.681 -5.75368 1.31657e-15
146.624 -5.75133 1.3218e-15
146.564 -5.74892 1.3272e-15
146.5 -5.74643 1.3328e-15
146.432 -5.74382 1.33869e-15
146.358 -5.74105 1.34497e-15
146.278 -5.73806 1.35176e-15
146.189 -5.7348 1.35917e-15
146.091 -5.73122 1.36733e-15
145.981 -5.72725 1.37638e-15
145.859 -5.72282 1.38646e-15
145.723 -5.71786 1.39777e-15
145.569 -5.71226 1.41053e-15
145.396 -5.70593 1.42496e-15
145.201 -5.69877 1.44125e-15
144.983 -5.69074 1.45952e-15
144.743 -5.68181 1.47981e-15
144.478 -5.67197 1.50218e-15
144.19 -5.66118 1.52667e-15
143.876 -5.64943 1.55335e-15
143.536 -5.63666 1.58231e-15
143.17 -5.62285 1.61364e-15
142.776 -5.60797 1.64736e-15
142.356 -5.59204 1.68346e-15
141.91 -5.5751 1.72183e-15
141.439 -5.55719 1.76239e-15
140.944 -5.53836 1.80505e-15
140.426 -5.51859 1.84981e-15
139.884 -5.49787 1.8967e-15
139.316 -5.47618 1.94579e-15
138.724 -5.45351 1.99708e-15
138.107 -5.42986 2.0506e-15
137.465 -5.40523 2.10632e-15
136.798 -5.37963 2.16422e-15
136.107 -5.35307 2.22429e-15
135.391 -5.32553 2.28658e-15
134.648 -5.29697 2.35118e-15
133.879 -5.26734 2.41816e-15
133.082 -5.23665 2.48756e-15
132.258 -5.20491 2.55932e-15
131.41 -5.17219 2.63329e-15
130.537 -5.13856 2.70933e-15
129.643 -5.10411 2.78723e-15
128.731 -5.06894 2.86675e-15
127.802 -5.0332 2.94759e-15
126.862 -4.99702 3.02942e-15
125.913 -4.96055 3.11192e-15
124.96 -4.92396 3.19473e-15
124.006 -4.88741 3.27745e-15
123.056 -4.85109 3.35969e-15
122.114 -4.81515 3.44111e-15
121.183 -4.77973 3.52138e-15
120.266 -4.74496 3.60024e-15
119.366 -4.71094 3.67743e-15
118.485 -4.67777 3.75271e-15
117.625 -4.64554 3.82592e-15
116.786 -4.61422 3.89706e-15
115.969 -4.5839 3.96597e-15
115.178 -4.55466 4.03249e-15
114.411 -4.52646 4.09671e-15
113.667 -4.49926 4.1587e-15
112.945 -4.47299 4.21862e-15
112.243 -4.44759 4.2766e-15
111.56 -4.42301 4.33278e-15
110.894 -4.39918 4.38728e-15
110.247 -4.37625 4.43981e-15
109.615 -4.354 4.49084e-15
108.996 -4.33229 4.54067e-15
108.392 -4.31121 4.58909e-15
107.802 -4.29073 4.63618e-15
107.228 -4.27087 4.68188e-15
106.667 -4.2516 4.72628e-15
106.121 -4.23289 4.76941e-15
105.586 -4.21469 4.8114e-15
105.064 -4.19695 4.85235e-15
104.551 -4.17958 4.89247e-15
104.044 -4.16246 4.93204e-15
103.54 -4.14547 4.97131e-15
103.038 -4.12848 5.01058e-15
102.531 -4.11134 5.05017e-15
102.018 -4.09389 5.09047e-15
101.494 -4.07596 5.13182e-15
100.954 -4.05741 5.17456e-15
100.396 -4.03807 5.21904e-15
99.8152 -4.01782 5.26557e-15
99.2093 -3.99652 5.31444e-15
98.5753 -3.97406 5.36592e-15
97.9108 -3.95035 5.4202e-15
97.2136 -3.92532 5.47738e-15
96.4827 -3.89893 5.53762e-15
95.7174 -3.87113 5.60102e-15
94.9172 -3.84191 5.66758e-15
94.082 -3.81128 5.73732e-15
93.2121 -3.77925 5.81021e-15
92.3083 -3.74586 5.88615e-15
91.3725 -3.71118 5.96497e-15
90.4073 -3.67534 6.04642e-15
89.4156 -3.63844 6.13023e-15
88.4002 -3.60062 6.21613e-15
87.3639 -3.56198 6.30387e-15
86.3093 -3.52264 6.3932e-15
85.2388 -3.48271 6.48388e-15
84.1551 -3.44228 6.57568e-15
83.0605 -3.40147 6.66836e-15
81.9576 -3.36036 6.76171e-15
80.8487 -3.31907 6.85549e-15
79.7359 -3.27768 6.94952e-15
78.6214 -3.23628 7.0436e-15
77.5068 -3.19493 7.13757e-15
76.3941 -3.15371 7.23127e-15
75.2848 -3.11269 7.32455e-15
74.1809 -3.07195 7.41722e-15
73.0846 -3.03155 7.50912e-15
71.9976 -2.9916 7.60006e-15
70.9215 -2.95212 7.68994e-15
69.8566 -2.91315 7.7787e-15
68.8029 -2.87467 7.86637e-15
67.7598 -2.83666 7.953e-15
66.7269 -2.79909 8.03865e-15
65.7034 -2.76194 8.12338e-15
64.6887 -2.72517 8.20726e-15
63.6818 -2.68873 8.2904e-15
62.6821 -2.65261 8.37285e-15
61.6893 -2.61678 8.45463e-15
60.7037 -2.58124 8.53576e-15
59.7253 -2.54601 8.61622e-15
58.754 -2.51106 8.69603e-15
57.7895 -2.47639 8.77522e-15
56.8299 -2.44196 8.85381e-15
55.8757 -2.40774 8.9319e-15
54.9268 -2.37371 9.00957e-15
53.9818 -2.33983 9.0869e-15
53.0401 -2.30605 9.16398e-15
52.1007 -2.27235 9.2409e-15
51.1628 -2.23868 9.31774e-15
50.2256 -2.205 9.39458e-15
49.2885 -2.17129 9.47149e-15
48.351 -2.13753 9.54851e-15
47.4126 -2.10368 9.62569e-15
46.4738 -2.06977 9.70301e-15
45.535 -2.03581 9.78042e-15
44.5972 -2.00183 9.85786e-15
43.6606 -1.96785 9.93529e-15
42.7249 -1.93383 1.00128e-14
41.789 -1.89974 1.00904e-14
40.8517 -1.86552 1.01683e-14
39.9121 -1.83114 1.02466e-14
38.9699 -1.79662 1.03251e-14
38.0239 -1.7619 1.0404e-14
37.0729 -1.72687 1.04836e-14
36.1167 -1.69155 1.05638e-14
35.1557 -1.65594 1.06446e-14
34.1907 -1.62007 1.0726e-14
33.2227 -1.58399 1.08078e-14
32.2532 -1.54774 1.089e-14
31.2839 -1.51141 1.09723e-14
30.3168 -1.47506 1.10547e-14
29.3539 -1.43879 1.11368e-14
28.3976 -1.40267 1.12186e-14
27.4497 -1.36681 1.12997e-14
26.5124 -1.33127 1.13801e-14
25.5874 -1.29614 1.14596e-14
24.6769 -1.2615 1.15379e-14
23.7823 -1.22742 1.1615e-14
22.9049 -1.19395 1.16906e-14
22.0461 -1.16115 1.17647e-14
21.2075 -1.1291 1.18372e-14
20.3915 -1.09788 1.19077e-14
19.601 -1.06763 1.1976e-14
18.8391 -1.03847 1.20419e-14
18.1083 -1.01052 1.21051e-14
17.4115 -0.983888 1.21652e-14
16.7509 -0.958674 1.22222e-14
16.1288 -0.934972 1.22758e-14
15.5471 -0.912866 1.23257e-14
15.0075 -0.892427 1.2372e-14
14.5115 -0.873716 1.24143e-14
14.0601 -0.856781 1.24526e-14
13.6541 -0.841654 1.24869e-14
13.2935 -0.828343 1.25171e-14
12.9781 -0.816832 1.25433e-14
12.7071 -0.807094 1.25655e-14
12.4796 -0.799095 1.25838e-14
12.295 -0.792807 1.25982e-14
12.1527 -0.788203 1.26088e-14
12.0518 -0.785245 1.26158e-14
11.9911 -0.783885 1.26192e-14
11.9691 -0.784058 1.26191e-14
11.984 -0.785687 1.26157e-14
12.0338 -0.788686 1.26092e-14
12.1162 -0.792956 1.25999e-14
12.228 -0.79837 1.2588e-14
12.3659 -0.804786 1.25739e-14
12.5263 -0.812057 1.25578e-14
12.7056 -0.820025 1.25401e-14
12.8996 -0.82852 1.25213e-14
13.1039 -0.837363 1.25016e-14
13.3144 -0.84638 1.24815e-14
13.5272 -0.855417 1.24614e-14
13.7399 -0.864365 1.24414e-14
13.9506 -0.87315 1.24218e-14
14.1579 -0.881711 1.24026e-14
14.3604 -0.889988 1.23841e-14
14.5565 -0.897918 1.23663e-14
14.7446 -0.905434 1.23494e-14
14.9233 -0.912481 1.23335e-14
15.0914 -0.91901 1.23188e-14
15.2477 -0.924975 1.23053e-14
15.3912 -0.930338 1.22932e-14
15.5212 -0.93507 1.22824e-14
15.637 -0.93915 1.2273e-14
15.7384 -0.94257 1.22652e-14
15.8252 -0.945328 1.22588e-14
15.8975 -0.947431 1.22538e-14
15.9557 -0.948902 1.22502e-14
16.0007 -0.949784 1.2248e-14
16.034 -0.950139 1.22469e-14
16.0571 -0.950033 1.22468e-14
16.0718 -0.949547 1.22476e-14
16.0805 -0.94878 1.2249e-14
16.0857 -0.947842 1.22507e-14
16.0902 -0.94685 1.22526e-14
16.0965 -0.945909 1.22544e-14
16.1065 -0.9451 1.22558e-14
16.1217 -0.944492 1.22568e-14
16.1435 -0.944142 1.22572e-14
16.1733 -0.944115 1.22569e-14
16.213 -0.944483 1.22558e-14
16.2643 -0.945321 1.22535e-14
16.3289 -0.946703 1.22501e-14
16.4089 -0.948712 1.22452e-14
16.5071 -0.95146 1.22387e-14
16.6266 -0.955078 1.22302e-14
16.7706 -0.95969 1.22195e-14
16.942 -0.965415 1.22064e-14
17.1432 -0.972354 1.21905e-14
17.3768 -0.980598 1.21716e-14
17.6445 -0.990227 1.21497e-14
17.9478 -1.00129 1.21246e-14
18.2868 -1.01379 1.20962e-14
18.6605 -1.02769 1.20647e-14
19.0678 -1.04294 1.20301e-14
19.5074 -1.05947 1.19927e-14
19.9777 -1.07723 1.19525e-14
20.4774 -1.09615 1.19098e-14
21.0047 -1.11616 1.18645e-14
21.5578 -1.13718 1.1817e-14
22.1338 -1.1591 1.17675e-14
22.7299 -1.18179 1.17162e-14
23.3431 -1.20513 1.16634e-14
23.9702 -1.22898 1.16095e-14
24.6081 -1.25323 1.15547e-14
25.2535 -1.27772 1.14993e-14
25.9034 -1.30235 1.14436e-14
26.5549 -1.32698 1.13878e-14
27.2054 -1.35152 1.13323e-14
27.8529 -1.37588 1.12771e-14
28.4954 -1.39998 1.12225e-14
29.1313 -1.42375 1.11687e-14
29.76 -1.44718 1.11155e-14
30.3814 -1.47026 1.10632e-14
30.9955 -1.49299 1.10116e-14
31.6025 -1.51538 1.09608e-14
32.202 -1.53741 1.09107e-14
32.7934 -1.55907 1.08615e-14
33.3763 -1.58034 1.08131e-14
33.9505 -1.60121 1.07656e-14
34.5161 -1.62169 1.0719e-14
35.0737 -1.64181 1.06732e-14
35.6237 -1.66158 1.06282e-14
36.167 -1.68104 1.05838e-14
36.704 -1.70021 1.054e-14
37.2358 -1.71918 1.04967e-14
37.7629 -1.73794 1.04539e-14
38.2858 -1.75649 1.04115e-14
38.8062 -1.77491 1.03694e-14
39.3259 -1.79328 1.03274e-14
39.8471 -1.81169 1.02853e-14
40.3716 -1.8302 1.02429e-14
40.9016 -1.84891 1.02001e-14
41.4388 -1.86789 1.01567e-14
41.9853 -1.88722 1.01125e-14
42.5426 -1.90699 1.00673e-14
43.113 -1.92726 1.0021e-14
43.6984 -1.94813 9.9733e-15
44.3006 -1.96966 9.92412e-15
44.9222 -1.99195 9.87323e-15
45.5664 -2.01515 9.8203e-15
46.2375 -2.03942 9.76496e-15
46.9397 -2.06493 9.70683e-15
47.6758 -2.09182 9.64557e-15
48.4483 -2.12017 9.58101e-15
49.2584 -2.15004 9.51307e-15
50.1065 -2.18143 9.44169e-15
50.9932 -2.21438 9.36684e-15
51.9183 -2.24886 9.28852e-15
52.8813 -2.28488 9.20677e-15
53.8818 -2.32239 9.12165e-15
54.9184 -2.36137 9.03326e-15
55.9893 -2.40172 8.94178e-15
57.0919 -2.44334 8.84745e-15
58.2232 -2.48611 8.75052e-15
59.3803 -2.52993 8.65126e-15
60.5606 -2.57466 8.54994e-15
61.761 -2.62021 8.44679e-15
62.9788 -2.66644 8.3421e-15
64.2109 -2.71324 8.23613e-15
65.4536 -2.76046 8.12922e-15
66.7028 -2.80794 8.02173e-15
67.9546 -2.8555 7.91404e-15
69.2053 -2.90301 7.80648e-15
70.452 -2.95034 7.69929e-15
71.6926 -2.99742 7.59269e-15
72.925 -3.04415 7.48686e-15
74.1475 -3.09046 7.38195e-15
75.3584 -3.13629 7.27812e-15
76.5565 -3.18159 7.17548e-15
77.7406 -3.22631 7.07414e-15
78.9096 -3.2704 6.9742e-15
80.0622 -3.31381 6.87578e-15
81.1971 -3.3565 6.77899e-15
82.3133 -3.39841 6.68393e-15
83.4094 -3.43949 6.59072e-15
84.4836 -3.47967 6.49952e-15
85.5339 -3.51887 6.41053e-15
86.558 -3.55699 6.32394e-15
87.5545 -3.59398 6.23989e-15
88.5223 -3.62979 6.15847e-15
89.4607 -3.6644 6.07975e-15
90.3695 -3.69781 6.00373e-15
91.2489 -3.73 5.93041e-15
92.0999 -3.76104 5.85968e-15
92.9242 -3.79099 5.7914e-15
93.7237 -3.81993 5.72538e-15
94.5005 -3.84794 5.66142e-15
95.2574 -3.87515 5.59929e-15
95.9971 -3.90166 5.5387e-15
96.7227 -3.92761 5.47939e-15
97.4367 -3.95309 5.42112e-15
98.1404 -3.97817 5.36376e-15
98.8342 -4.00286 5.30727e-15
99.5183 -4.02719 5.25161e-15
100.193 -4.05116 5.19676e-15
100.859 -4.07478 5.14268e-15
101.515 -4.09807 5.08937e-15
102.163 -4.12104 5.03681e-15
102.802 -4.14368 4.98498e-15
103.431 -4.16599 4.93391e-15
104.051 -4.18797 4.88359e-15
104.661 -4.20961 4.83406e-15
105.261 -4.2309 4.78532e-15
105.851 -4.25186 4.73735e-15
106.432 -4.2725 4.6901e-15
107.002 -4.29284 4.64355e-15
107.564 -4.31288 4.59768e-15
108.117 -4.33264 4.55248e-15
108.661 -4.3521 4.50797e-15
109.195 -4.37126 4.46416e-15
109.719 -4.39011 4.42107e-15
110.234 -4.40868 4.37865e-15
110.74 -4.42699 4.33683e-15
111.239 -4.44507 4.29555e-15
111.731 -4.46295 4.25475e-15
112.214 -4.48051 4.21469e-15
112.688 -4.49769 4.17546e-15
113.158 -4.51479 4.13644e-15
113.626 -4.53189 4.09744e-15
114.092 -4.54897 4.05851e-15
114.555 -4.56605 4.01959e-15
115.016 -4.58313 3.98071e-15
115.476 -4.60019 3.94189e-15
115.932 -4.61721 3.90321e-15
116.385 -4.63413 3.86475e-15
116.833 -4.65091 3.82663e-15
117.276 -4.66749 3.78895e-15
117.711 -4.68384 3.75182e-15
118.139 -4.69991 3.71533e-15
118.558 -4.71565 3.67957e-15
118.968 -4.73104 3.64463e-15
119.368 -4.74601 3.61062e-15
119.756 -4.76051 3.57767e-15
120.131 -4.77449 3.54589e-15
120.492 -4.78791 3.51536e-15
120.839 -4.80074 3.48615e-15
121.171 -4.81294 3.45833e-15
121.488 -4.82451 3.43191e-15
121.79 -4.83548 3.40685e-15
122.078 -4.84582 3.38318e-15
122.35 -4.85553 3.36092e-15
122.608 -4.86461 3.34006e-15
122.851 -4.87307 3.32061e-15
123.079 -4.88091 3.30254e-15
123.292 -4.88814 3.28583e-15
123.49 -4.89477 3.27046e-15
123.675 -4.90082 3.25638e-15
123.846 -4.90632 3.24354e-15
124.005 -4.9113 3.23189e-15
124.15 -4.91577 3.22138e-15
124.284 -4.91977 3.2119e-15
124.407 -4.9234 3.2033e-15
124.523 -4.92673 3.19535e-15
124.633 -4.92987 3.18784e-15
124.74 -4.93292 3.18055e-15
124.847 -4.93601 3.17319e-15
124.957 -4.93927 3.16545e-15
125.074 -4.94284 3.15705e-15
125.199 -4.94684 3.1477e-15
125.336 -4.95137 3.13718e-15
125.487 -4.95651 3.12533e-15
125.652 -4.96232 3.11199e-15
125.834 -4.96886 3.09705e-15
126.033 -4.97617 3.0804e-15
126.251 -4.98429 3.06197e-15
126.487 -4.99324 3.04169e-15
126.742 -5.00303 3.01957e-15
127.016 -5.01363 2.99563e-15
127.307 -5.02502 2.96996e-15
127.616 -5.03715 2.94266e-15
127.939 -5.04997 2.91384e-15
128.277 -5.06342 2.88361e-15
128.629 -5.07745 2.85209e-15
128.992 -5.09201 2.81941e-15
129.365 -5.10702 2.78573e-15
129.745 -5.12237 2.75132e-15
130.13 -5.13792 2.71647e-15
130.515 -5.15351 2.68153e-15
130.897 -5.16902 2.64679e-15
131.273 -5.18431 2.61255e-15
131.64 -5.19927 2.57907e-15
131.995 -5.21377 2.54661e-15
132.336 -5.22772 2.51542e-15
132.66 -5.241 2.4857e-15
132.965 -5.25353 2.45767e-15
133.249 -5.26522 2.43156e-15
133.509 -5.27598 2.40752e-15
133.744 -5.28575 2.38571e-15
133.952 -5.29447 2.36626e-15
134.133 -5.3021 2.34929e-15
134.285 -5.30857 2.3349e-15
134.406 -5.31385 2.32321e-15
134.495 -5.31787 2.31435e-15
134.552 -5.3206 2.30841e-15
134.574 -5.32199 2.30547e-15
134.562 -5.32202 2.3056e-15
134.515 -5.32067 2.30883e-15
134.433 -5.31794 2.31519e-15
134.315 -5.31381 2.32469e-15
134.162 -5.30832 2.33727e-15
133.974 -5.30149 2.35287e-15
133.754 -5.29337 2.37138e-15
133.501 -5.28399 2.39274e-15
133.216 -5.27338 2.41688e-15
132.899 -5.26155 2.44378e-15
132.551 -5.24851 2.47341e-15
132.172 -5.23427 2.50574e-15
131.762 -5.21884 2.54077e-15
131.321 -5.2022 2.57853e-15
130.848 -5.18436 2.61901e-15
130.345 -5.1653 2.66222e-15
129.81 -5.14506 2.70812e-15
129.245 -5.12364 2.75667e-15
128.65 -5.10107 2.80781e-15
128.027 -5.0774 2.86145e-15
127.377 -5.05268 2.91746e-15
126.702 -5.02698 2.97568e-15
126.003 -5.00037 3.03594e-15
125.282 -4.97295 3.09806e-15
124.542 -4.94477 3.16187e-15
123.784 -4.91592 3.22723e-15
123.01 -4.88645 3.29398e-15
122.22 -4.85639 3.36204e-15
121.417 -4.82582 3.43123e-15
120.603 -4.79487 3.50131e-15
119.78 -4.76357 3.57217e-15
118.948 -4.73201 3.64364e-15
118.112 -4.70027 3.71554e-15
117.271 -4.66842 3.78767e-15
116.429 -4.63656 3.85985e-15
115.588 -4.60477 3.9319e-15
114.749 -4.57311 4.00367e-15
113.913 -4.54164 4.07504e-15
113.084 -4.51061 4.14545e-15
112.263 -4.47996 4.21505e-15
111.448 -4.44958 4.28405e-15
110.641 -4.41956 4.35225e-15
109.84 -4.38987 4.41973e-15
109.048 -4.36055 4.4864e-15
108.263 -4.33158 4.55229e-15
107.486 -4.30299 4.61735e-15
106.718 -4.27476 4.68161e-15
105.957 -4.2469 4.74506e-15
105.206 -4.2194 4.8077e-15
104.462 -4.19227 4.86953e-15
103.727 -4.1655 4.93056e-15
103 -4.13907 4.99083e-15
102.281 -4.11297 5.05036e-15
101.569 -4.08715 5.10925e-15
100.863 -4.0616 5.16755e-15
100.164 -4.03628 5.22533e-15
99.4706 -4.01119 5.28259e-15
98.7837 -3.98634 5.33931e-15
98.1038 -3.96174 5.39545e-15
97.4311 -3.93739 5.45101e-15
96.7648 -3.91327 5.50607e-15
96.1035 -3.8893 5.56077e-15
95.4459 -3.86542 5.61523e-15
94.7908 -3.84159 5.66957e-15
94.1375 -3.81778 5.72386e-15
93.4857 -3.79395 5.77816e-15
92.835 -3.77011 5.83247e-15
92.1854 -3.74624 5.88681e-15
91.5369 -3.72235 5.9412e-15
90.8889 -3.69842 5.99563e-15
90.2418 -3.67445 6.0501e-15
89.5958 -3.65047 6.10461e-15
88.9509 -3.62646 6.15914e-15
88.3071 -3.60243 6.21369e-15
87.6645 -3.57839 6.26825e-15
87.0237 -3.55437 6.32276e-15
86.3858 -3.53041 6.3771e-15
85.7528 -3.5066 6.4311e-15
85.1264 -3.48302 6.48457e-15
84.5083 -3.45974 6.53735e-15
83.8997 -3.43681 6.58933e-15
83.301 -3.41426 6.64045e-15
82.7127 -3.39212 6.69066e-15
82.1354 -3.37041 6.73989e-15
81.5698 -3.34917 6.78807e-15
81.0166 -3.32843 6.83512e-15
80.4766 -3.30824 6.88095e-15
79.9504 -3.28862 6.92551e-15
79.4385 -3.26959 6.96874e-15
78.941 -3.25117 7.01062e-15
78.458 -3.23336 7.05112e-15
77.9898 -3.21618 7.09023e-15
77.5364 -3.19964 7.12794e-15
77.0981 -3.18374 7.1642e-15
76.675 -3.16849 7.19901e-15
76.2669 -3.15388 7.2324e-15
75.8728 -3.13988 7.26444e-15
75.4914 -3.12643 7.29526e-15
75.1211 -3.11346 7.325e-15
74.7602 -3.10091 7.35382e-15
74.4075 -3.08873 7.38184e-15
74.0615 -3.07685 7.40918e-15
73.721 -3.06522 7.43597e-15
73.3846 -3.05378 7.46233e-15
73.0511 -3.04248 7.4884e-15
72.719 -3.03126 7.51429e-15
72.3871 -3.02007 7.54013e-15
72.0544 -3.00885 7.56603e-15
71.7199 -2.99757 7.59207e-15
71.3833 -2.98621 7.61829e-15
71.044 -2.97475 7.64474e-15
70.7019 -2.96318 7.67145e-15
70.3572 -2.95149 7.6984e-15
70.0105 -2.93972 7.72555e-15
69.6625 -2.92788 7.75284e-15
69.3137 -2.91599 7.78023e-15
68.9644 -2.90408 7.80769e-15
68.615 -2.89213 7.8352e-15
68.2655 -2.88016 7.86276e-15
67.9164 -2.86818 7.89033e-15
67.568 -2.8562 7.91789e-15
67.2208 -2.84424 7.94541e-15
66.8754 -2.83232 7.97282e-15
66.5319 -2.82044 8.00013e-15
66.1901 -2.80859 8.02736e-15
65.849 -2.79672 8.05461e-15
65.5076 -2.78481 8.08197e-15
65.1652 -2.7728 8.1095e-15
64.8213 -2.76068 8.13727e-15
64.4757 -2.74844 8.16529e-15
64.1281 -2.73607 8.1936e-15
63.7781 -2.72355 8.22223e-15
63.4244 -2.71081 8.25131e-15
63.0646 -2.69779 8.281e-15
62.6971 -2.6844 8.31148e-15
62.3208 -2.67059 8.34289e-15
61.9347 -2.65632 8.37532e-15
61.5384 -2.64157 8.40879e-15
61.1318 -2.62635 8.44332e-15
60.7146 -2.61063 8.47893e-15
60.2853 -2.59436 8.51577e-15
59.842 -2.57747 8.55399e-15
59.3828 -2.55987 8.59375e-15
58.9065 -2.54154 8.63518e-15
58.4132 -2.52245 8.67825e-15
57.9036 -2.50267 8.7229e-15
57.3789 -2.48223 8.769e-15
56.8405 -2.46119 8.81642e-15
56.2896 -2.43961 8.86505e-15
55.7276 -2.41755 8.91474e-15
55.1561 -2.39508 8.96535e-15
54.5768 -2.37228 9.0167e-15
53.9926 -2.34926 9.06853e-15
53.4065 -2.32616 9.12055e-15
52.8219 -2.30311 9.17244e-15
52.2421 -2.28026 9.22391e-15
51.6704 -2.25773 9.27463e-15
51.11 -2.23567 9.32431e-15
50.5639 -2.2142 9.37268e-15
50.035 -2.19344 9.41945e-15
49.5263 -2.17351 9.46437e-15
49.0401 -2.15451 9.5072e-15
48.5791 -2.13655 9.54772e-15
48.1451 -2.1197 9.58574e-15
47.7397 -2.10403 9.62114e-15
47.3639 -2.08957 9.65382e-15
47.0185 -2.07635 9.68371e-15
46.7036 -2.06439 9.71081e-15
46.4186 -2.05364 9.73518e-15
46.162 -2.04404 9.75695e-15
45.9322 -2.03554 9.7763e-15
45.7275 -2.02805 9.79336e-15
45.547 -2.02153 9.80824e-15
45.3898 -2.01594 9.82102e-15
45.2552 -2.01125 9.83177e-15
45.1419 -2.00741 9.84063e-15
45.0478 -2.00431 9.8478e-15
44.9699 -2.00184 9.85356e-15
44.9052 -1.99987 9.85819e-15
44.8511 -1.99829 9.86192e-15
44.806 -1.99703 9.86493e-15
44.7689 -1.99604 9.8673e-15
44.7392 -1.99531 9.8691e-15
44.7159 -1.99478 9.87041e-15
44.6982 -1.99443 9.87132e-15
44.6851 -1.99421 9.87191e-15
44.6757 -1.99408 9.87228e-15
44.6692 -1.99401 9.87249e-15
44.6653 -1.994 9.87257e-15
44.6641 -1.99403 9.87251e-15
44.6657 -1.99413 9.8723e-15
44.6704 -1.99429 9.87193e-15
44.6783 -1.99454 9.87135e-15
44.6896 -1.99488 9.87056e-15
44.7047 -1.99532 9.86951e-15
44.724 -1.99588 9.86818e-15
44.7482 -1.9966 9.86649e-15
44.7783 -1.99751 9.86435e-15
44.8151 -1.99865 9.86168e-15
44.8598 -2.00007 9.85837e-15
44.9135 -2.00182 9.85431e-15
44.9775 -2.00394 9.8494e-15
45.0529 -2.0065 9.84351e-15
45.1412 -2.00954 9.83653e-15
45.2438 -2.01312 9.82832e-15
45.3622 -2.01731 9.81873e-15
45.498 -2.02216 9.80764e-15
45.6526 -2.02774 9.79491e-15
45.8266 -2.03407 9.78048e-15
46.0205 -2.04118 9.76432e-15
46.2346 -2.04906 9.74638e-15
46.4691 -2.05773 9.72668e-15
46.7237 -2.06718 9.70521e-15
46.9981 -2.0774 9.68201e-15
47.2919 -2.08836 9.65713e-15
47.6045 -2.10005 9.63061e-15
47.9358 -2.11245 9.60247e-15
48.2853 -2.12556 9.57275e-15
48.653 -2.13936 9.54145e-15
49.0382 -2.15384 9.50862e-15
49.4403 -2.16896 9.47433e-15
49.8582 -2.18469 9.43867e-15
50.2908 -2.20099 9.40174e-15
50.7371 -2.21781 9.36361e-15
51.1962 -2.23512 9.32439e-15
51.6672 -2.25289 9.28412e-15
52.1494 -2.27109 9.24287e-15
52.642 -2.2897 9.20069e-15
53.1447 -2.3087 9.15763e-15
53.6572 -2.32809 9.1137e-15
54.1793 -2.34786 9.06892e-15
54.7107 -2.368 9.0233e-15
55.2509 -2.3885 8.97687e-15
55.7997 -2.40934 8.92967e-15
56.3565 -2.43052 8.88173e-15
56.9208 -2.45201 8.83309e-15
57.4917 -2.47377 8.78384e-15
58.0681 -2.49577 8.73406e-15
58.6491 -2.51797 8.68384e-15
59.2333 -2.54032 8.6333e-15
59.8192 -2.56274 8.58258e-15
60.405 -2.58519 8.53183e-15
60.9891 -2.60757 8.48121e-15
61.5698 -2.62984 8.43087e-15
62.1462 -2.65194 8.3809e-15
62.7178 -2.67386 8.33135e-15
63.2841 -2.69557 8.28226e-15
63.8444 -2.71704 8.23371e-15
64.3975 -2.73822 8.1858e-15
64.942 -2.75906 8.13868e-15
65.4764 -2.77948 8.09248e-15
65.9992 -2.79943 8.04735e-15
66.5091 -2.81884 8.00342e-15
67.0048 -2.83766 7.96079e-15
67.4852 -2.85585 7.9196e-15
67.949 -2.87334 7.87995e-15
68.3953 -2.8901 7.84193e-15
68.8228 -2.90607 7.80568e-15
69.2306 -2.92122 7.77126e-15
69.618 -2.93551 7.73875e-15
69.985 -2.94895 7.70816e-15
70.3318 -2.96153 7.67946e-15
70.6588 -2.97329 7.65261e-15
70.9668 -2.98424 7.62755e-15
71.2562 -2.99441 7.60423e-15
71.5278 -3.00383 7.58259e-15
71.7822 -3.01253 7.56255e-15
72.0205 -3.02056 7.54402e-15
72.2436 -3.02796 7.52689e-15
72.453 -3.03477 7.51106e-15
72.6498 -3.04107 7.49638e-15
72.8355 -3.04692 7.48272e-15
73.0117 -3.05237 7.46994e-15
73.1797 -3.0575 7.45789e-15
73.3413 -3.06237 7.44643e-15
73.498 -3.06705 7.43537e-15
73.6524 -3.07166 7.42451e-15
73.8072 -3.07629 7.41358e-15
73.965 -3.08107 7.40233e-15
74.1284 -3.08611 7.39052e-15
74.2996 -3.09148 7.37796e-15
74.4803 -3.09726 7.36448e-15
74.6721 -3.10353 7.34993e-15
74.8763 -3.11033 7.33419e-15
75.0935 -3.1177 7.31721e-15
75.3239 -3.12562 7.29898e-15
75.5673 -3.13411 7.2795e-15
75.8235 -3.14314 7.25881e-15
76.0917 -3.15268 7.23697e-15
76.371 -3.1627 7.21407e-15
76.6603 -3.17315 7.19023e-15
76.9584 -3.18397 7.16554e-15
77.2638 -3.19511 7.14016e-15
77.5752 -3.20651 7.11421e-15
77.891 -3.21809 7.08784e-15
78.2101 -3.22981 7.06117e-15
78.532 -3.24164 7.03423e-15
78.8572 -3.25361 7.007e-15
79.1859 -3.26572 6.97945e-15
79.5185 -3.27798 6.95156e-15
79.8553 -3.29039 6.92332e-15
80.1962 -3.30296 6.89473e-15
80.5413 -3.31569 6.86578e-15
80.8912 -3.32858 6.83644e-15
81.2466 -3.34169 6.80662e-15
81.609 -3.35506 6.77622e-15
81.9798 -3.36875 6.74508e-15
82.3603 -3.3828 6.71311e-15
82.7514 -3.39726 6.68023e-15
83.1534 -3.41214 6.6464e-15
83.5667 -3.42746 6.61159e-15
83.9918 -3.44323 6.57575e-15
84.4289 -3.45946 6.53887e-15
84.8783 -3.47617 6.50092e-15
85.3401 -3.49335 6.46188e-15
85.8141 -3.51101 6.42178e-15
86.2995 -3.5291 6.38069e-15
86.7947 -3.54758 6.33874e-15
87.2981 -3.56636 6.2961e-15
87.808 -3.58539 6.2529e-15
88.3232 -3.60461 6.20925e-15
88.8423 -3.62397 6.16529e-15
89.3641 -3.64342 6.12111e-15
89.8874 -3.66292 6.07683e-15
90.4115 -3.68244 6.0325e-15
90.9359 -3.70195 5.98818e-15
91.4599 -3.72144 5.94391e-15
91.9832 -3.74089 5.89972e-15
92.5056 -3.76029 5.85564e-15
93.0269 -3.77964 5.81167e-15
93.5471 -3.79894 5.76781e-15
94.066 -3.81819 5.72407e-15
94.5838 -3.83739 5.68043e-15
95.1005 -3.85655 5.63689e-15
95.6163 -3.87567 5.59343e-15
96.1313 -3.89476 5.55003e-15
96.6455 -3.91383 5.50669e-15
97.1591 -3.93289 5.46337e-15
97.6723 -3.95195 5.42008e-15
98.1851 -3.971 5.37679e-15
98.6976 -3.99005 5.3335e-15
99.2098 -4.00912 5.2902e-15
99.7218 -4.0282 5.24687e-15
100.233 -4.04727 5.20355e-15
100.743 -4.06633 5.1603e-15
101.251 -4.0853 5.11723e-15
101.755 -4.10415 5.07445e-15
102.253 -4.12282 5.03208e-15
102.746 -4.14129 4.99019e-15
103.231 -4.1595 4.94887e-15
103.709 -4.17745 4.90816e-15
104.179 -4.19508 4.86817e-15
104.638 -4.21237 4.82896e-15
105.087 -4.22926 4.79067e-15
105.523 -4.2457 4.7534e-15
105.947 -4.26165 4.71723e-15
106.356 -4.27711 4.6822e-15
106.752 -4.29207 4.64829e-15
107.135 -4.30655 4.61549e-15
107.505 -4.32053 4.5838e-15
107.861 -4.33402 4.55326e-15
108.202 -4.34698 4.52391e-15
108.529 -4.35938 4.49582e-15
108.84 -4.37121 4.46905e-15
109.135 -4.38245 4.44361e-15
109.414 -4.39311 4.41949e-15
109.677 -4.40319 4.39667e-15
109.925 -4.4127 4.37517e-15
110.157 -4.4216 4.35504e-15
110.372 -4.42987 4.33636e-15
110.569 -4.43746 4.31921e-15
110.747 -4.44435 4.30365e-15
110.906 -4.4505 4.28975e-15
111.045 -4.45591 4.27754e-15
111.165 -4.46057 4.26703e-15
111.264 -4.46446 4.25826e-15
111.343 -4.46755 4.25128e-15
111.401 -4.46982 4.24616e-15
111.437 -4.47124 4.24295e-15
111.45 -4.4718 4.24169e-15
111.442 -4.47149 4.24239e-15
111.412 -4.47032 4.24502e-15
111.36 -4.46832 4.24953e-15
111.288 -4.4655 4.25587e-15
111.195 -4.46191 4.26397e-15
111.084 -4.45758 4.27373e-15
110.956 -4.45255 4.28505e-15
110.811 -4.44687 4.29783e-15
110.65 -4.44056 4.31204e-15
110.473 -4.43363 4.32766e-15
110.28 -4.42608 4.34466e-15
110.073 -4.41794 4.36299e-15
109.852 -4.40925 4.38256e-15
109.618 -4.40007 4.40323e-15
109.373 -4.39046 4.42487e-15
109.119 -4.38049 4.44734e-15
108.856 -4.3702 4.47051e-15
108.587 -4.35965 4.49428e-15
108.312 -4.34888 4.51854e-15
108.033 -4.33794 4.5432e-15
107.75 -4.32687 4.56813e-15
107.465 -4.31573 4.59324e-15
107.178 -4.30456 4.61842e-15
106.892 -4.2934 4.64359e-15
106.606 -4.28226 4.66871e-15
106.32 -4.27116 4.69376e-15
106.034 -4.26009 4.71874e-15
105.75 -4.24907 4.74362e-15
105.467 -4.23813 4.76831e-15
105.186 -4.22733 4.79271e-15
104.911 -4.21672 4.81668e-15
104.64 -4.20635 4.84013e-15
104.376 -4.19625 4.86298e-15
104.118 -4.18643 4.88521e-15
103.867 -4.1769 4.90678e-15
103.624 -4.16768 4.92767e-15
103.388 -4.15877 4.94785e-15
103.159 -4.15021 4.96729e-15
102.939 -4.14199 4.98595e-15
102.728 -4.13413 5.00381e-15
102.526 -4.12665 5.02082e-15
102.333 -4.11956 5.03696e-15
102.15 -4.11288 5.05219e-15
101.977 -4.10661 5.06649e-15
101.814 -4.10077 5.07983e-15
101.662 -4.09536 5.09222e-15
101.52 -4.09039 5.10362e-15
101.39 -4.08585 5.11405e-15
101.27 -4.08174 5.12353e-15
101.16 -4.07805 5.13206e-15
101.06 -4.07476 5.1397e-15
100.969 -4.07185 5.14649e-15
100.887 -4.06926 5.15255e-15
100.811 -4.06693 5.15804e-15
100.74 -4.06478 5.16311e-15
100.672 -4.06275 5.16791e-15
100.606 -4.06081 5.17252e-15
100.542 -4.05893 5.17698e-15
100.479 -4.05709 5.18134e-15
100.417 -4.05529 5.18564e-15
100.356 -4.05349 5.18991e-15
100.294 -4.05169 5.19419e-15
100.233 -4.04986 5.19852e-15
100.171 -4.04801 5.20292e-15
100.108 -4.04612 5.20738e-15
100.045 -4.04422 5.21187e-15
99.9823 -4.04233 5.21634e-15
99.9204 -4.04046 5.22076e-15
99.8591 -4.03862 5.2251e-15
99.7986 -4.03682 5.22936e-15
99.739 -4.03504 5.23354e-15
99.6807 -4.03332 5.23762e-15
99.6242 -4.03167 5.24153e-15
99.5705 -4.03013 5.24518e-15
99.5207 -4.02875 5.24849e-15
99.4754 -4.02755 5.25139e-15
99.4347 -4.02654 5.25386e-15
99.3984 -4.02571 5.25594e-15
99.3661 -4.02504 5.25765e-15
99.3371 -4.0245 5.25906e-15
99.3102 -4.02405 5.26029e-15
99.2837 -4.02361 5.26148e-15
99.2557 -4.02312 5.26279e-15
99.2248 -4.02251 5.26438e-15
99.1892 -4.0217 5.26639e-15
99.1475 -4.02065 5.26896e-15
99.0981 -4.01929 5.27223e-15
99.0398 -4.01756 5.27631e-15
98.9715 -4.01543 5.2813e-15
98.8924 -4.01287 5.28726e-15
98.802 -4.00984 5.29425e-15
98.6997 -4.00633 5.30233e-15
98.5852 -4.00234 5.31149e-15
98.4587 -3.99786 5.32175e-15
98.3203 -3.9929 5.33308e-15
98.17 -3.98747 5.34548e-15
98.0071 -3.98154 5.359e-15
97.831 -3.97508 5.3737e-15
97.6407 -3.96806 5.38967e-15
97.4356 -3.96046 5.40695e-15
97.2152 -3.95225 5.4256e-15
96.9791 -3.94342 5.44563e-15
96.7271 -3.93397 5.46707e-15
96.4589 -3.92389 5.48993e-15
96.1744 -3.91318 5.51423e-15
95.8734 -3.90181 5.53998e-15
95.5556 -3.88981 5.56719e-15
95.2211 -3.87715 5.59587e-15
94.8702 -3.86386 5.62598e-15
94.5032 -3.84995 5.65748e-15
94.1206 -3.83544 5.69034e-15
93.7231 -3.82036 5.72449e-15
93.3112 -3.80474 5.75988e-15
92.8857 -3.78859 5.79643e-15
92.4472 -3.77196 5.8341e-15
91.9969 -3.75489 5.87277e-15
91.5365 -3.73743 5.91231e-15
91.0681 -3.71969 5.9525e-15
90.5941 -3.70175 5.99314e-15
90.1165 -3.68369 6.03406e-15
89.6368 -3.66558 6.07511e-15
89.1562 -3.64745 6.1162e-15
88.6758 -3.62935 6.15724e-15
88.1966 -3.61131 6.19814e-15
87.7192 -3.59337 6.23883e-15
87.2443 -3.57554 6.27928e-15
86.7724 -3.55783 6.31944e-15
86.3041 -3.54028 6.35927e-15
85.84 -3.5229 6.39872e-15
85.3808 -3.50571 6.43772e-15
84.9273 -3.48874 6.47623e-15
84.4798 -3.47201 6.51422e-15
84.0376 -3.45547 6.55175e-15
83.5994 -3.43908 6.58894e-15
83.1641 -3.42279 6.62593e-15
82.7305 -3.40654 6.66279e-15
82.2988 -3.39034 6.69954e-15
81.8693 -3.3742 6.73614e-15
81.4427 -3.35815 6.77253e-15
81.0195 -3.34221 6.80868e-15
80.5997 -3.32637 6.84458e-15
80.1828 -3.31062 6.88028e-15
79.7685 -3.29493 6.91581e-15
79.3569 -3.27933 6.95115e-15
78.9496 -3.26386 6.98618e-15
78.5487 -3.24863 7.02067e-15
78.157 -3.23372 7.05441e-15
77.7765 -3.21925 7.08718e-15
77.4088 -3.20526 7.11883e-15
77.0552 -3.19181 7.14928e-15
76.7166 -3.17895 7.17841e-15
76.3942 -3.1667 7.20613e-15
76.089 -3.15514 7.23233e-15
75.8023 -3.14429 7.2569e-15
75.5355 -3.13422 7.27972e-15
75.2892 -3.12496 7.30072e-15
75.0635 -3.11651 7.31991e-15
74.8576 -3.10883 7.33733e-15
74.671 -3.10191 7.35307e-15
74.5026 -3.0957 7.3672e-15
74.3515 -3.09016 7.3798e-15
74.2168 -3.08525 7.39098e-15
74.0973 -3.08094 7.40083e-15
73.992 -3.07716 7.40946e-15
73.8993 -3.07387 7.41699e-15
73.8179 -3.07101 7.42356e-15
73.7461 -3.0685 7.42932e-15
73.6824 -3.06628 7.4344e-15
73.6253 -3.0643 7.43895e-15
73.5731 -3.06249 7.4431e-15
73.5245 -3.0608 7.447e-15
73.4781 -3.05916 7.45076e-15
73.4326 -3.05752 7.45449e-15
73.387 -3.05586 7.45827e-15
73.3405 -3.05414 7.4622e-15
73.2921 -3.05231 7.46633e-15
73.2412 -3.05037 7.47072e-15
73.1874 -3.04829 7.47542e-15
73.1302 -3.04607 7.48044e-15
73.0697 -3.0437 7.48578e-15
73.007 -3.04123 7.49133e-15
72.9439 -3.03875 7.49692e-15
72.8822 -3.03633 7.50237e-15
72.8236 -3.03405 7.50753e-15
72.769 -3.03194 7.51229e-15
72.7192 -3.03003 7.5166e-15
72.6743 -3.02835 7.52042e-15
72.6349 -3.0269 7.52371e-15
72.6011 -3.02572 7.52643e-15
72.5731 -3.0248 7.52856e-15
72.5512 -3.02415 7.53009e-15
72.5353 -3.02378 7.53102e-15
72.5249 -3.02366 7.53137e-15
72.5197 -3.02379 7.5312e-15
72.5188 -3.02412 7.53057e-15
72.5217 -3.02465 7.52953e-15
72.5277 -3.02533 7.52814e-15
72.5366 -3.02616 7.52644e-15
72.5477 -3.02711 7.52448e-15
72.5605 -3.02815 7.52231e-15
72.5745 -3.02926 7.51999e-15
72.5892 -3.03043 7.51757e-15
72.6039 -3.03161 7.51511e-15
72.6182 -3.03279 7.51267e-15
72.6311 -3.03392 7.51032e-15
72.6419 -3.03498 7.50815e-15
72.6497 -3.03592 7.50625e-15
72.6537 -3.03671 7.50469e-15
72.6528 -3.03729 7.50358e-15
72.646 -3.03763 7.50302e-15
72.6324 -3.03769 7.5031e-15
72.6109 -3.03741 7.50392e-15
72.5805 -3.03676 7.50557e-15
72.54 -3.03568 7.50817e-15
72.4884 -3.03414 7.5118e-15
72.4247 -3.03209 7.51659e-15
72.3473 -3.02946 7.52264e-15
72.2547 -3.0262 7.53011e-15
72.1454 -3.02224 7.53914e-15
72.0182 -3.01754 7.54983e-15
71.8725 -3.01207 7.56224e-15
71.7081 -3.00583 7.57638e-15
71.5251 -2.99882 7.59225e-15
71.3236 -2.99104 7.6098e-15
71.1045 -2.98254 7.62899e-15
70.8688 -2.97336 7.64969e-15
70.6177 -2.96356 7.67181e-15
70.3528 -2.95319 7.69518e-15
70.0759 -2.94233 7.71965e-15
69.7893 -2.93108 7.74499e-15
69.4953 -2.91954 7.771e-15
69.1961 -2.90779 7.79747e-15
68.893 -2.89589 7.82427e-15
68.5874 -2.8839 7.85129e-15
68.2801 -2.87186 7.87843e-15
67.9724 -2.85981 7.90559e-15
67.6653 -2.8478 7.93266e-15
67.3603 -2.83589 7.95951e-15
67.0587 -2.82412 7.98604e-15
66.7614 -2.81255 8.01215e-15
66.4693 -2.80119 8.03777e-15
66.1827 -2.79008 8.06286e-15
65.9021 -2.77921 8.0874e-15
65.6276 -2.7686 8.11136e-15
65.3596 -2.75825 8.13473e-15
65.0981 -2.74817 8.1575e-15
64.8433 -2.73836 8.17966e-15
64.5956 -2.72885 8.20117e-15
64.3563 -2.71966 8.22194e-15
64.127 -2.71087 8.2418e-15
63.9095 -2.70256 8.26062e-15
63.7055 -2.69477 8.27823e-15
63.5162 -2.68757 8.29454e-15
63.3426 -2.68098 8.30945e-15
63.1856 -2.67505 8.32288e-15
63.0461 -2.66981 8.33477e-15
62.9242 -2.66526 8.3451e-15
62.8202 -2.66141 8.35385e-15
62.7339 -2.65826 8.36103e-15
62.6654 -2.6558 8.36665e-15
62.6149 -2.65404 8.37068e-15
62.5826 -2.65299 8.37312e-15
62.5687 -2.65266 8.37394e-15
62.5734 -2.65305 8.37312e-15
62.5971 -2.65419 8.37064e-15
62.6402 -2.65608 8.36644e-15
62.7032 -2.65874 8.36051e-15
62.7864 -2.66218 8.3528e-15
62.89 -2.66643 8.3433e-15
63.0143 -2.67147 8.33199e-15
63.1593 -2.67733 8.31885e-15
63.3252 -2.68399 8.30388e-15
63.5117 -2.69146 8.28712e-15
63.7183 -2.6997 8.26859e-15
63.9447 -2.70871 8.24834e-15
64.1899 -2.71844 8.22645e-15
64.4526 -2.72883 8.20305e-15
64.7307 -2.73981 8.17834e-15
65.0221 -2.75129 8.15249e-15
65.3248 -2.76318 8.12571e-15
65.6361 -2.77537 8.09823e-15
65.9534 -2.78776 8.07029e-15
66.274 -2.80024 8.04214e-15
66.5955 -2.81271 8.01401e-15
66.9158 -2.82508 7.98607e-15
67.2333 -2.83728 7.95848e-15
67.5465 -2.84926 7.93139e-15
67.8537 -2.86096 7.90492e-15
68.1535 -2.8723 7.87921e-15
68.4444 -2.88324 7.8544e-15
68.7251 -2.89373 7.8306e-15
68.9945 -2.90371 7.8079e-15
69.252 -2.91318 7.78637e-15
69.4971 -2.92211 7.76602e-15
69.7297 -2.9305 7.74686e-15
69.9502 -2.93837 7.72886e-15
70.1596 -2.94577 7.7119e-15
70.3596 -2.95278 7.69583e-15
70.5523 -2.95947 7.68046e-15
70.7394 -2.96593 7.66561e-15
70.9227 -2.97223 7.65111e-15
71.1038 -2.97845 7.63681e-15
71.2844 -2.98465 7.62254e-15
71.4659 -2.99089 7.60817e-15
71.6495 -2.99724 7.59357e-15
71.8362 -3.00374 7.57866e-15
72.0268 -3.01042 7.56334e-15
72.222 -3.01731 7.54755e-15
72.422 -3.02442 7.53127e-15
72.6267 -3.03176 7.5145e-15
72.836 -3.03932 7.49725e-15
73.0496 -3.04709 7.47953e-15
73.2678 -3.05509 7.46132e-15
73.4908 -3.06332 7.4426e-15
73.7189 -3.0718 7.42334e-15
73.9523 -3.08053 7.40353e-15
74.1904 -3.08948 7.38321e-15
74.4328 -3.09865 7.36244e-15
74.6786 -3.108 7.34129e-15
74.9268 -3.11747 7.31985e-15
75.1753 -3.12699 7.29833e-15
75.4216 -3.13645 7.27694e-15
75.6631 -3.14575 7.25593e-15
75.897 -3.15476 7.23557e-15
76.1198 -3.16335 7.21617e-15
76.3278 -3.17136 7.19807e-15
76.5173 -3.17865 7.18161e-15
76.685 -3.18507 7.16708e-15
76.8282 -3.19052 7.15475e-15
76.9447 -3.1949 7.14482e-15
77.0324 -3.19814 7.13746e-15
77.0899 -3.20016 7.13281e-15
77.1166 -3.20096 7.13093e-15
77.1125 -3.20053 7.13182e-15
77.078 -3.19888 7.13543e-15
77.0137 -3.19605 7.14171e-15
76.921 -3.19208 7.15054e-15
76.8017 -3.18706 7.16173e-15
76.658 -3.18108 7.1751e-15
76.4919 -3.17421 7.19046e-15
76.3057 -3.16655 7.20759e-15
76.1019 -3.15821 7.22627e-15
75.8829 -3.14928 7.24628e-15
75.651 -3.13986 7.2674e-15
75.4085 -3.13003 7.28943e-15
75.1572 -3.11988 7.3122e-15
74.8991 -3.10949 7.33553e-15
74.6361 -3.09892 7.35926e-15
74.3699 -3.08825 7.38322e-15
74.1023 -3.07755 7.40725e-15
73.8351 -3.0669 7.43121e-15
73.5698 -3.05634 7.45495e-15
73.3077 -3.04592 7.47837e-15
73.0496 -3.03569 7.50138e-15
72.7965 -3.02568 7.52391e-15
72.5493 -3.01591 7.54589e-15
72.309 -3.00643 7.56723e-15
72.0767 -2.99728 7.58785e-15
71.8532 -2.98848 7.60765e-15
71.6397 -2.98009 7.62656e-15
71.4373 -2.97214 7.64447e-15
71.2474 -2.96468 7.66127e-15
71.0712 -2.95777 7.67685e-15
70.91 -2.95144 7.6911e-15
70.7646 -2.94574 7.70394e-15
70.6359 -2.9407 7.71531e-15
70.5247 -2.93634 7.72513e-15
70.4316 -2.93269 7.73335e-15
70.3572 -2.92977 7.73993e-15
70.3016 -2.92759 7.74483e-15
70.2653 -2.92617 7.74804e-15
70.2484 -2.9255 7.74953e-15
70.2505 -2.92559 7.74935e-15
70.2711 -2.92639 7.74753e-15
70.3094 -2.9279 7.74414e-15
70.3647 -2.93007 7.73924e-15
70.4357 -2.93286 7.73296e-15
70.5211 -2.93621 7.7254e-15
70.6192 -2.94007 7.71671e-15
70.7289 -2.94438 7.707e-15
70.8494 -2.94912 7.69632e-15
70.9804 -2.95428 7.68471e-15
71.1214 -2.95983 7.6722e-15
71.2721 -2.96578 7.65881e-15
71.4323 -2.97211 7.64457e-15
71.6015 -2.9788 7.6295e-15
71.7794 -2.98585 7.61364e-15
71.9654 -2.99323 7.59704e-15
72.1582 -3.0009 7.57981e-15
72.3566 -3.00879 7.56207e-15
72.5588 -3.01684 7.54396e-15
72.7631 -3.02499 7.52564e-15
72.9674 -3.03315 7.50731e-15
73.1691 -3.04121 7.48919e-15
73.3657 -3.04908 7.47152e-15
73.5552 -3.05667 7.45448e-15
73.7362 -3.06392 7.4382e-15
73.9079 -3.0708 7.42274e-15
74.0697 -3.07729 7.40816e-15
74.2213 -3.08338 7.3945e-15
74.3627 -3.08906 7.38175e-15
74.4942 -3.09434 7.36988e-15
74.6162 -3.09925 7.35886e-15
74.7292 -3.1038 7.34864e-15
74.8339 -3.10803 7.33917e-15
74.931 -3.11195 7.33037e-15
75.0213 -3.1156 7.32218e-15
75.1054 -3.11902 7.31453e-15
75.1838 -3.12221 7.30737e-15
75.2568 -3.12519 7.30069e-15
75.3246 -3.12798 7.29446e-15
75.3874 -3.13057 7.28866e-15
75.445 -3.13297 7.28331e-15
75.4968 -3.13514 7.27845e-15
75.5424 -3.13708 7.27413e-15
75.5809 -3.13876 7.27042e-15
75.6114 -3.14013 7.26739e-15
75.6324 -3.14114 7.26518e-15
75.6425 -3.14173 7.26391e-15
75.6406 -3.14186 7.26369e-15
75.6255 -3.14149 7.2646e-15
75.5967 -3.14059 7.2667e-15
75.5533 -3.13914 7.27006e-15
75.4951 -3.13712 7.2747e-15
75.423 -3.13458 7.28053e-15
75.3383 -3.13156 7.28742e-15
75.2426 -3.12815 7.29524e-15
75.1378 -3.1244 7.3038e-15
75.0262 -3.12042 7.31291e-15
74.9104 -3.11632 7.32231e-15
74.7931 -3.11219 7.33176e-15
74.6766 -3.10814 7.34106e-15
74.5626 -3.10424 7.35005e-15
74.4523 -3.10052 7.35863e-15
74.3466 -3.09703 7.36672e-15
74.2461 -3.09378 7.37427e-15
74.1504 -3.09076 7.38132e-15
74.0587 -3.08793 7.38797e-15
73.9697 -3.08523 7.39432e-15
73.8823 -3.08261 7.40049e-15
73.7953 -3.08002 7.4066e-15
73.7075 -3.07741 7.41277e-15
73.6177 -3.07472 7.41913e-15
73.5245 -3.07188 7.4258e-15
73.4259 -3.06882 7.43297e-15
73.3199 -3.06543 7.44085e-15
73.2041 -3.06164 7.44966e-15
73.0769 -3.05735 7.45956e-15
72.9368 -3.05252 7.47067e-15
72.7833 -3.0471 7.48309e-15
72.6156 -3.04108 7.49685e-15
72.4335 -3.03442 7.51201e-15
72.2363 -3.02712 7.52861e-15
72.0238 -3.01915 7.5467e-15
71.7957 -3.0105 7.56628e-15
71.5519 -3.00117 7.58738e-15
71.292 -2.99115 7.61002e-15
71.0157 -2.98042 7.63424e-15
70.7228 -2.96898 7.66003e-15
70.4136 -2.95684 7.68739e-15
70.0887 -2.94403 7.71623e-15
69.7494 -2.9306 7.74644e-15
69.3972 -2.91663 7.77788e-15
69.0339 -2.90218 7.81037e-15
68.6624 -2.88738 7.84363e-15
68.2861 -2.87237 7.87737e-15
67.9085 -2.8573 7.91123e-15
67.5332 -2.84232 7.9449e-15
67.1635 -2.82757 7.97806e-15
66.8028 -2.81317 8.01041e-15
66.4542 -2.79927 8.04165e-15
66.1205 -2.78599 8.07152e-15
65.8038 -2.7734 8.09983e-15
65.5057 -2.76158 8.12641e-15
65.2278 -2.75058 8.15116e-15
64.971 -2.74046 8.17395e-15
64.7361 -2.73123 8.19473e-15
64.5236 -2.72292 8.21346e-15
64.3337 -2.71554 8.23012e-15
64.1665 -2.70909 8.24469e-15
64.0224 -2.70357 8.25717e-15
63.9015 -2.69899 8.26753e-15
63.804 -2.69536 8.27577e-15
63.73 -2.69268 8.28189e-15
63.6797 -2.69095 8.28588e-15
63.6534 -2.69017 8.28771e-15
63.6514 -2.69036 8.28737e-15
63.6735 -2.69151 8.28488e-15
63.7188 -2.69357 8.28033e-15
63.7859 -2.69648 8.27386e-15
63.8732 -2.70019 8.26561e-15
63.9792 -2.70461 8.25573e-15
64.1024 -2.70969 8.24437e-15
64.2412 -2.71536 8.23166e-15
64.3943 -2.72157 8.21773e-15
64.5601 -2.72826 8.20273e-15
64.7373 -2.73536 8.18678e-15
64.9246 -2.74283 8.17e-15
65.1207 -2.7506 8.1525e-15
65.3244 -2.75865 8.1344e-15
65.5348 -2.76692 8.11576e-15
65.7514 -2.77541 8.09664e-15
65.9735 -2.78408 8.07709e-15
66.2006 -2.79291 8.05715e-15
66.4325 -2.80191 8.03684e-15
66.6689 -2.81106 8.01619e-15
66.9096 -2.82035 7.99519e-15
67.1545 -2.82979 7.97387e-15
67.4036 -2.83938 7.95221e-15
67.6566 -2.8491 7.93024e-15
67.9136 -2.85897 7.90793e-15
68.1745 -2.86897 7.88531e-15
68.4391 -2.87911 7.86238e-15
68.7072 -2.88938 7.83916e-15
68.9787 -2.89977 7.81565e-15
69.253 -2.91027 7.79191e-15
69.5293 -2.92083 7.76802e-15
69.8061 -2.93141 7.74409e-15
70.0821 -2.94195 7.72026e-15
70.3561 -2.95238 7.69664e-15
70.6267 -2.96267 7.67334e-15
70.8929 -2.97277 7.65046e-15
71.1538 -2.98264 7.6281e-15
71.4083 -2.99224 7.60635e-15
71.6552 -3.00152 7.5853e-15
71.8936 -3.01044 7.56507e-15
72.1223 -3.01895 7.54573e-15
72.3404 -3.02702 7.52739e-15
72.5469 -3.0346 7.51013e-15
72.741 -3.04166 7.49403e-15
72.9218 -3.04818 7.47915e-15
73.0888 -3.05413 7.46555e-15
73.242 -3.0595 7.45322e-15
73.3815 -3.06432 7.44215e-15
73.5078 -3.06859 7.43229e-15
73.6216 -3.07236 7.42356e-15
73.7243 -3.07568 7.41584e-15
73.8177 -3.07863 7.40896e-15
73.9038 -3.08129 7.40272e-15
73.9845 -3.08375 7.39694e-15
74.0618 -3.08609 7.39144e-15
74.1378 -3.08839 7.38601e-15
74.2144 -3.09075 7.38049e-15
74.2935 -3.09323 7.37468e-15
74.3769 -3.09592 7.36842e-15
74.4664 -3.09889 7.36154e-15
74.5636 -3.10221 7.3539e-15
74.6697 -3.10593 7.34536e-15
74.7857 -3.1101 7.33585e-15
74.9118 -3.11471 7.32534e-15
75.0485 -3.11979 7.3138e-15
75.1955 -3.12534 7.30123e-15
75.3528 -3.13133 7.28765e-15
75.5199 -3.13777 7.27311e-15
75.6962 -3.14462 7.25766e-15
75.8812 -3.15184 7.24137e-15
76.0738 -3.15941 7.22433e-15
76.2732 -3.16727 7.20663e-15
76.4782 -3.17538 7.18837e-15
76.6877 -3.18369 7.16969e-15
76.9005 -3.19214 7.15067e-15
77.1156 -3.20069 7.13146e-15
77.3316 -3.20927 7.11215e-15
77.5474 -3.21784 7.09288e-15
77.7615 -3.22632 7.07379e-15
77.9725 -3.23466 7.05502e-15
78.1789 -3.24279 7.03672e-15
78.3791 -3.25065 7.01902e-15
78.5715 -3.25815 7.00211e-15
78.754 -3.26522 6.98615e-15
78.925 -3.27178 6.97132e-15
79.083 -3.27777 6.95776e-15
79.2268 -3.28314 6.94556e-15
79.3558 -3.28787 6.9348e-15
79.4696 -3.29193 6.9255e-15
79.568 -3.29532 6.91771e-15
79.6505 -3.29802 6.91144e-15
79.717 -3.30003 6.90671e-15
79.7674 -3.30135 6.90351e-15
79.8023 -3.302 6.90181e-15
79.8225 -3.30202 6.90151e-15
79.8296 -3.30147 6.90246e-15
79.8254 -3.30043 6.9045e-15
79.8116 -3.29899 6.90745e-15
79.7905 -3.29722 6.91112e-15
79.7641 -3.29523 6.91528e-15
79.7349 -3.29311 6.91972e-15
79.7052 -3.29097 6.92422e-15
79.6775 -3.2889 6.92854e-15
79.6546 -3.28703 6.93243e-15
79.639 -3.28546 6.93564e-15
79.6331 -3.2843 6.93794e-15
79.6391 -3.28363 6.93914e-15
79.6589 -3.28353 6.93906e-15
79.6942 -3.28408 6.93754e-15
79.7464 -3.28534 6.93444e-15
79.8166 -3.28734 6.92967e-15
79.9056 -3.29013 6.92316e-15
80.0138 -3.29371 6.91485e-15
80.1418 -3.29812 6.90472e-15
80.29 -3.30336 6.89271e-15
80.4588 -3.30946 6.8788e-15
80.6486 -3.31642 6.86295e-15
80.8594 -3.32424 6.84516e-15
81.091 -3.33292 6.82547e-15
81.343 -3.34244 6.8039e-15
81.6149 -3.35276 6.78052e-15
81.9058 -3.36386 6.7554e-15
82.2146 -3.37569 6.72866e-15
82.5401 -3.38819 6.7004e-15
82.8809 -3.40131 6.67076e-15
83.2356 -3.41498 6.63987e-15
83.6031 -3.42917 6.60783e-15
83.9825 -3.44382 6.57473e-15
84.3729 -3.45891 6.54065e-15
84.7734 -3.4744 6.50568e-15
85.1834 -3.49026 6.46988e-15
85.6025 -3.50647 6.43327e-15
86.0303 -3.52302 6.3959e-15
86.4662 -3.53988 6.35783e-15
86.9092 -3.55702 6.31914e-15
87.358 -3.57437 6.27995e-15
87.8111 -3.59189 6.24039e-15
88.2671 -3.60952 6.20059e-15
88.724 -3.62716 6.16074e-15
89.1796 -3.64475 6.12102e-15
89.6318 -3.66219 6.08163e-15
90.0786 -3.6794 6.04275e-15
90.5187 -3.69633 6.00448e-15
90.9516 -3.71297 5.96688e-15
91.3766 -3.72927 5.93002e-15
91.7932 -3.74524 5.89391e-15
92.2015 -3.76086 5.85858e-15
92.6017 -3.77616 5.82399e-15
92.994 -3.79112 5.79012e-15
93.3788 -3.80579 5.75694e-15
93.7566 -3.82016 5.7244e-15
94.1278 -3.83427 5.69246e-15
94.4932 -3.84813 5.66106e-15
94.853 -3.86177 5.63018e-15
95.2071 -3.87517 5.59981e-15
95.5552 -3.88832 5.57001e-15
95.8968 -3.90121 5.54081e-15
96.2316 -3.9138 5.51225e-15
96.5592 -3.9261 5.48435e-15
96.8796 -3.9381 5.45713e-15
97.1926 -3.94978 5.4306e-15
97.4982 -3.96116 5.40476e-15
97.7962 -3.97222 5.37964e-15
98.0864 -3.98294 5.35525e-15
98.3687 -3.99333 5.3316e-15
98.6428 -4.00338 5.30872e-15
98.9082 -4.01307 5.28665e-15
99.1643 -4.02237 5.26545e-15
99.4105 -4.03125 5.24516e-15
99.6463 -4.03971 5.22584e-15
99.8712 -4.04773 5.20751e-15
100.085 -4.05528 5.1902e-15
100.287 -4.06238 5.17393e-15
100.478 -4.06902 5.15869e-15
100.658 -4.0752 5.14446e-15
100.826 -4.08097 5.13118e-15
100.985 -4.08634 5.11879e-15
101.134 -4.09136 5.1072e-15
101.276 -4.09607 5.09631e-15
101.41 -4.10053 5.08597e-15
101.54 -4.10483 5.07603e-15
101.665 -4.109 5.06637e-15
101.788 -4.11311 5.05688e-15
101.909 -4.11718 5.04747e-15
102.029 -4.12127 5.03806e-15
102.148 -4.12539 5.02858e-15
102.269 -4.1296 5.01892e-15
102.391 -4.13394 5.00899e-15
102.516 -4.13845 4.99868e-15
102.645 -4.14317 4.98794e-15
102.778 -4.14809 4.97674e-15
102.915 -4.15322 4.96511e-15
103.055 -4.15853 4.95308e-15
103.197 -4.16401 4.9407e-15
103.343 -4.16964 4.92798e-15
103.491 -4.17543 4.91493e-15
103.643 -4.18136 4.90156e-15
103.796 -4.18743 4.88791e-15
103.952 -4.19359 4.87405e-15
104.108 -4.1998 4.86009e-15
104.264 -4.206 4.84614e-15
104.419 -4.21215 4.8323e-15
104.572 -4.21823 4.81863e-15
104.723 -4.22423 4.80515e-15
104.871 -4.23012 4.79188e-15
105.018 -4.2359 4.77886e-15
105.16 -4.24151 4.7662e-15
105.298 -4.2469 4.75405e-15
105.43 -4.25199 4.74254e-15
105.553 -4.25673 4.7318e-15
105.668 -4.26108 4.72194e-15
105.773 -4.26499 4.71304e-15
105.868 -4.26844 4.70517e-15
105.952 -4.2714 4.69837e-15
106.025 -4.27388 4.69265e-15
106.088 -4.27589 4.68795e-15
106.141 -4.27747 4.68422e-15
106.185 -4.27864 4.68138e-15
106.221 -4.27945 4.67934e-15
106.249 -4.27994 4.67801e-15
106.272 -4.28016 4.67728e-15
106.291 -4.28017 4.67701e-15
106.306 -4.28004 4.67704e-15
106.321 -4.27985 4.67721e-15
106.336 -4.27968 4.67731e-15
106.354 -4.27962 4.67718e-15
106.377 -4.27974 4.67664e-15
106.406 -4.28013 4.6755e-15
106.444 -4.28085 4.67362e-15
106.491 -4.28197 4.67085e-15
106.549 -4.28354 4.66705e-15
106.62 -4.28563 4.66212e-15
106.703 -4.28826 4.65596e-15
106.801 -4.29148 4.6485e-15
106.914 -4.29532 4.63964e-15
107.043 -4.29984 4.62928e-15
107.188 -4.30506 4.61735e-15
107.352 -4.31101 4.60379e-15
107.533 -4.31768 4.5886e-15
107.731 -4.32507 4.57182e-15
107.945 -4.33314 4.55352e-15
108.175 -4.34186 4.53376e-15
108.42 -4.35118 4.51267e-15
108.678 -4.36103 4.4904e-15
108.946 -4.37133 4.4671e-15
109.225 -4.38203 4.44293e-15
109.511 -4.39305 4.41802e-15
109.804 -4.40434 4.39251e-15
110.102 -4.41585 4.36653e-15
110.404 -4.4275 4.34021e-15
110.707 -4.4392 4.31378e-15
111.009 -4.45085 4.28746e-15
111.308 -4.46235 4.26149e-15
111.6 -4.47358 4.23611e-15
111.883 -4.48446 4.21152e-15
112.155 -4.4949 4.18792e-15
112.415 -4.50482 4.16549e-15
112.659 -4.51415 4.14438e-15
112.888 -4.52284 4.1247e-15
113.101 -4.53086 4.10652e-15
113.295 -4.5382 4.0899e-15
113.472 -4.54483 4.07486e-15
113.631 -4.55077 4.06137e-15
113.774 -4.55606 4.04935e-15
113.901 -4.56074 4.03872e-15
114.012 -4.56484 4.02938e-15
114.11 -4.56843 4.0212e-15
114.196 -4.57157 4.01406e-15
114.271 -4.57431 4.00782e-15
114.336 -4.57667 4.00245e-15
114.391 -4.57868 3.99787e-15
114.436 -4.58036 3.99404e-15
114.472 -4.5817 3.99102e-15
114.497 -4.58268 3.98881e-15
114.512 -4.5833 3.98742e-15
114.517 -4.58358 3.98681e-15
114.513 -4.58354 3.98695e-15
114.501 -4.58319 3.98779e-15
114.48 -4.58255 3.98928e-15
114.451 -4.58165 3.99138e-15
114.416 -4.58053 3.99398e-15
114.375 -4.57919 3.99711e-15
114.326 -4.57757 4.00086e-15
114.268 -4.57563 4.00535e-15
114.2 -4.57329 4.01073e-15
114.121 -4.57049 4.01714e-15
114.028 -4.56718 4.0247e-15
113.921 -4.56332 4.03352e-15
113.799 -4.55885 4.04369e-15
113.662 -4.55374 4.0553e-15
113.507 -4.54795 4.06846e-15
113.334 -4.54142 4.08325e-15
113.142 -4.53413 4.09975e-15
112.93 -4.52604 4.11805e-15
112.698 -4.51712 4.13821e-15
112.444 -4.50733 4.16032e-15
112.168 -4.49665 4.18443e-15
111.869 -4.48506 4.21059e-15
111.548 -4.47256 4.2388e-15
111.203 -4.45915 4.26905e-15
110.836 -4.44484 4.30132e-15
110.447 -4.42966 4.33556e-15
110.036 -4.41365 4.37166e-15
109.606 -4.39687 4.4095e-15
109.157 -4.37939 4.44893e-15
108.691 -4.36128 4.4898e-15
108.21 -4.34262 4.5319e-15
107.718 -4.32353 4.575e-15
107.215 -4.3041 4.61888e-15
106.705 -4.28443 4.66331e-15
106.189 -4.26462 4.70809e-15
105.67 -4.24475 4.75302e-15
105.151 -4.22491 4.79792e-15
104.631 -4.20516 4.84263e-15
104.113 -4.18554 4.88707e-15
103.597 -4.16607 4.93121e-15
103.082 -4.14676 4.97501e-15
102.57 -4.12761 5.01848e-15
102.061 -4.10862 5.0616e-15
101.553 -4.08979 5.10439e-15
101.048 -4.07112 5.14684e-15
100.546 -4.0526 5.18898e-15
100.046 -4.03422 5.23082e-15
99.5476 -4.01597 5.27238e-15
99.0518 -3.99784 5.31368e-15
98.5578 -3.97982 5.35475e-15
98.0655 -3.96188 5.39564e-15
97.5744 -3.94401 5.43638e-15
97.0841 -3.92618 5.47704e-15
96.5942 -3.90837 5.51766e-15
96.1039 -3.89053 5.55832e-15
95.6124 -3.87265 5.5991e-15
95.1192 -3.85468 5.64007e-15
94.6236 -3.8366 5.68128e-15
94.1252 -3.81838 5.72279e-15
93.6237 -3.80003 5.76461e-15
93.1191 -3.78152 5.80676e-15
92.6114 -3.76286 5.84924e-15
92.1003 -3.74404 5.89207e-15
91.5859 -3.72507 5.93524e-15
91.0681 -3.70594 5.97876e-15
90.5473 -3.68667 6.0226e-15
90.024 -3.66728 6.06668e-15
89.4991 -3.64782 6.11091e-15
88.9736 -3.62834 6.1552e-15
88.4487 -3.60887 6.19945e-15
87.9248 -3.58944 6.2436e-15
87.4026 -3.57008 6.2876e-15
86.8822 -3.5508 6.33143e-15
86.3641 -3.53163 6.37501e-15
85.8492 -3.5126 6.41829e-15
85.3383 -3.49374 6.46117e-15
84.8323 -3.47511 6.50357e-15
84.3319 -3.45673 6.54541e-15
83.8376 -3.43861 6.58666e-15
83.3495 -3.42078 6.62729e-15
82.8677 -3.40322 6.6673e-15
82.392 -3.38594 6.70671e-15
81.9219 -3.36891 6.74556e-15
81.4565 -3.3521 6.78393e-15
80.995 -3.33547 6.8219e-15
80.5366 -3.31898 6.85955e-15
80.0806 -3.30262 6.89693e-15
79.627 -3.28638 6.93406e-15
79.1754 -3.27022 6.97098e-15
78.7256 -3.25415 7.00773e-15
78.277 -3.23814 7.04434e-15
77.8292 -3.22218 7.08086e-15
77.3818 -3.20622 7.11734e-15
76.9342 -3.19027 7.15384e-15
76.4858 -3.17427 7.19042e-15
76.0359 -3.15822 7.22714e-15
75.5838 -3.14206 7.26407e-15
75.1288 -3.12578 7.30128e-15
74.6701 -3.10934 7.33886e-15
74.2065 -3.0927 7.37689e-15
73.7372 -3.07581 7.41545e-15
73.2616 -3.05866 7.45461e-15
72.7796 -3.04123 7.49437e-15
72.2913 -3.02355 7.53472e-15
71.7971 -3.00562 7.57561e-15
71.2976 -2.98747 7.61699e-15
70.7937 -2.96914 7.65878e-15
70.2863 -2.95067 7.70089e-15
69.7765 -2.9321 7.74321e-15
69.2654 -2.91349 7.78564e-15
68.7541 -2.89488 7.82807e-15
68.244 -2.87632 7.87037e-15
67.7363 -2.85787 7.91243e-15
67.2319 -2.83958 7.95416e-15
66.7316 -2.82147 7.99548e-15
66.2358 -2.80356 8.03636e-15
65.7448 -2.78586 8.07676e-15
65.2588 -2.76839 8.11667e-15
64.7775 -2.75113 8.15612e-15
64.3003 -2.73405 8.19515e-15
63.8265 -2.71713 8.23383e-15
63.3554 -2.70034 8.27224e-15
62.8859 -2.68363 8.31047e-15
62.4169 -2.66695 8.34863e-15
61.9472 -2.65026 8.38683e-15
61.4757 -2.6335 8.42519e-15
61.001 -2.61661 8.46382e-15
60.5218 -2.59955 8.50287e-15
60.0369 -2.58224 8.54244e-15
59.5451 -2.56465 8.58266e-15
59.0457 -2.54674 8.62359e-15
58.5383 -2.52848 8.66529e-15
58.0221 -2.50986 8.70777e-15
57.4972 -2.49087 8.75107e-15
56.964 -2.4715 8.79521e-15
56.422 -2.45176 8.84016e-15
55.8719 -2.43166 8.88592e-15
55.3142 -2.4112 8.93245e-15
54.7498 -2.39044 8.97966e-15
54.1802 -2.36941 9.02744e-15
53.6067 -2.34819 9.07565e-15
53.031 -2.32683 9.12416e-15
52.4543 -2.30539 9.17284e-15
51.8778 -2.2839 9.22161e-15
51.3026 -2.26242 9.27034e-15
50.7298 -2.24099 9.31895e-15
50.1599 -2.21963 9.36738e-15
49.5931 -2.19835 9.41562e-15
49.0295 -2.17716 9.46365e-15
48.4692 -2.15606 9.51145e-15
47.9116 -2.13503 9.55909e-15
47.3558 -2.11404 9.60664e-15
46.8008 -2.09305 9.65417e-15
46.2462 -2.07204 9.70174e-15
45.6918 -2.05101 9.74934e-15
45.1382 -2.02999 9.79692e-15
44.5857 -2.00899 9.84444e-15
44.0353 -1.98806 9.89181e-15
43.4881 -1.96723 9.93893e-15
42.9458 -1.94659 9.98562e-15
42.4102 -1.92621 1.00318e-14
41.883 -1.90615 1.00771e-14
41.3665 -1.88652 1.01216e-14
40.8635 -1.86742 1.01648e-14
40.3763 -1.84895 1.02066e-14
39.9074 -1.83122 1.02468e-14
39.4586 -1.81428 1.02851e-14
39.0312 -1.7982 1.03216e-14
38.6264 -1.78303 1.0356e-14
38.2455 -1.76881 1.03883e-14
37.8895 -1.75558 1.04183e-14
37.5596 -1.74338 1.0446e-14
37.2566 -1.73226 1.04713e-14
36.9814 -1.72223 1.04942e-14
36.7345 -1.71331 1.05145e-14
36.5166 -1.70555 1.05322e-14
36.328 -1.69894 1.05474e-14
36.1687 -1.69346 1.05599e-14
36.0389 -1.68913 1.05699e-14
35.9383 -1.68592 1.05774e-14
35.8669 -1.68383 1.05823e-14
35.8243 -1.68284 1.05847e-14
35.8101 -1.68292 1.05848e-14
35.8237 -1.68406 1.05824e-14
35.8645 -1.68621 1.05777e-14
35.9319 -1.68936 1.05708e-14
36.025 -1.69346 1.05617e-14
36.1429 -1.69847 1.05505e-14
36.2848 -1.70437 1.05373e-14
36.4495 -1.71109 1.05222e-14
36.6356 -1.71859 1.05054e-14
36.8415 -1.7268 1.04869e-14
37.0655 -1.73565 1.0467e-14
37.3059 -1.74507 1.04458e-14
37.561 -1.75498 1.04234e-14
37.8286 -1.76532 1.04001e-14
38.107 -1.77601 1.0376e-14
38.3944 -1.78697 1.03512e-14
38.6897 -1.79818 1.03258e-14
38.9913 -1.80959 1.02999e-14
39.2983 -1.82112 1.02738e-14
39.6101 -1.83279 1.02473e-14
39.9273 -1.8446 1.02205e-14
40.2516 -1.85664 1.01931e-14
40.5845 -1.86897 1.01651e-14
40.9276 -1.88165 1.01363e-14
41.2816 -1.89472 1.01065e-14
41.6469 -1.90821 1.00759e-14
42.0236 -1.92211 1.00443e-14
42.4119 -1.93643 1.00117e-14
42.8112 -1.95117 9.97819e-15
43.2208 -1.96629 9.94382e-15
43.6398 -1.98176 9.90866e-15
44.0676 -1.99755 9.87277e-15
44.5036 -2.01364 9.83619e-15
44.9473 -2.03002 9.79896e-15
45.3986 -2.04667 9.76111e-15
45.8572 -2.06359 9.72264e-15
46.3234 -2.0808 9.68353e-15
46.798 -2.09832 9.64371e-15
47.2816 -2.11618 9.60312e-15
47.775 -2.1344 9.56171e-15
48.2788 -2.15303 9.51939e-15
48.7939 -2.17207 9.47611e-15
49.3208 -2.19158 9.43181e-15
49.8601 -2.21155 9.38643e-15
50.4117 -2.232 9.33999e-15
50.9753 -2.2529 9.29252e-15
51.5503 -2.27424 9.24406e-15
52.1365 -2.29601 9.19464e-15
52.7338 -2.3182 9.14427e-15
53.3424 -2.34081 9.09292e-15
53.9626 -2.36387 9.04058e-15
54.5945 -2.38738 8.98722e-15
55.2384 -2.41135 8.93282e-15
55.8946 -2.43578 8.87737e-15
56.5632 -2.4607 8.82083e-15
57.2442 -2.48609 8.76321e-15
57.9376 -2.51196 8.70452e-15
58.6428 -2.53829 8.64479e-15
59.3595 -2.56506 8.58407e-15
60.0868 -2.59224 8.52241e-15
60.824 -2.61982 8.45985e-15
61.5706 -2.64775 8.39647e-15
62.3254 -2.67601 8.33235e-15
63.0878 -2.70456 8.26755e-15
63.8574 -2.73338 8.20215e-15
64.6332 -2.76244 8.13622e-15
65.4147 -2.7917 8.06982e-15
66.2009 -2.82113 8.00301e-15
66.991 -2.8507 7.93591e-15
67.7835 -2.88035 7.86863e-15
68.5773 -2.91002 7.80128e-15
69.371 -2.93966 7.73398e-15
70.1631 -2.96921 7.66688e-15
70.9522 -2.99861 7.60011e-15
71.7367 -3.02779 7.53382e-15
72.5155 -3.05671 7.46811e-15
73.288 -3.08535 7.40303e-15
74.0543 -3.11369 7.33859e-15
74.8145 -3.14175 7.27477e-15
75.5688 -3.16953 7.21157e-15
76.3169 -3.19701 7.14901e-15
77.0585 -3.22419 7.08712e-15
77.7933 -3.25106 7.02593e-15
78.5213 -3.2776 6.96544e-15
79.2428 -3.30383 6.90563e-15
79.9581 -3.32977 6.84647e-15
80.6681 -3.35545 6.78788e-15
81.3735 -3.3809 6.72979e-15
82.0754 -3.40616 6.6721e-15
82.775 -3.43128 6.61471e-15
83.4737 -3.45633 6.55748e-15
84.1728 -3.48135 6.50029e-15
84.8742 -3.50642 6.44297e-15
85.5795 -3.53162 6.38536e-15
86.2907 -3.55702 6.32728e-15
87.0096 -3.5827 6.26856e-15
87.7378 -3.60873 6.20905e-15
88.477 -3.63518 6.1486e-15
89.2285 -3.6621 6.08707e-15
89.9934 -3.68955 6.02436e-15
90.7717 -3.71752 5.96047e-15
91.5627 -3.746 5.89545e-15
92.3654 -3.77494 5.82937e-15
93.1791 -3.80432 5.76232e-15
94.0031 -3.83411 5.69434e-15
94.8367 -3.86429 5.62548e-15
95.6793 -3.89484 5.5558e-15
96.5303 -3.92574 5.48535e-15
97.3891 -3.95696 5.41417e-15
98.2553 -3.98849 5.34229e-15
99.1283 -4.02031 5.26977e-15
100.007 -4.0524 5.19666e-15
100.891 -4.08472 5.12302e-15
101.779 -4.11723 5.04895e-15
102.67 -4.14988 4.97458e-15
103.562 -4.18261 4.90001e-15
104.455 -4.21538 4.82539e-15
105.345 -4.24812 4.75084e-15
106.233 -4.28076 4.67653e-15
107.116 -4.31325 4.60256e-15
107.994 -4.34556 4.52903e-15
108.866 -4.37766 4.45595e-15
109.731 -4.40956 4.38335e-15
110.591 -4.44123 4.31126e-15
111.444 -4.47269 4.23966e-15
112.285 -4.50358 4.16931e-15
113.115 -4.53385 4.10028e-15
113.939 -4.56392 4.03173e-15
114.756 -4.59374 3.96373e-15
115.564 -4.62324 3.89649e-15
116.36 -4.65235 3.83014e-15
117.144 -4.68098 3.76487e-15
117.914 -4.70908 3.70081e-15
118.669 -4.7366 3.63807e-15
119.407 -4.76349 3.57674e-15
120.127 -4.7897 3.51695e-15
120.828 -4.81519 3.4588e-15
121.507 -4.83983 3.40253e-15
122.163 -4.86359 3.34823e-15
122.797 -4.88648 3.29592e-15
123.407 -4.90845 3.24568e-15
123.993 -4.92951 3.19751e-15
124.555 -4.94964 3.15143e-15
125.093 -4.96884 3.10745e-15
125.605 -4.9871 3.06562e-15
126.093 -5.00436 3.02603e-15
126.553 -5.0206 2.98876e-15
126.986 -5.0358 2.95385e-15
127.392 -5.04998 2.92122e-15
127.772 -5.06318 2.89081e-15
128.127 -5.07545 2.8625e-15
128.459 -5.08684 2.83621e-15
128.767 -5.09735 2.8119e-15
129.051 -5.10698 2.78961e-15
129.311 -5.11572 2.76936e-15
129.546 -5.12356 2.75114e-15
129.758 -5.13053 2.73491e-15
129.948 -5.13668 2.72055e-15
130.115 -5.14206 2.70796e-15
130.263 -5.1467 2.69706e-15
130.39 -5.15064 2.68777e-15
130.497 -5.15389 2.68007e-15
130.585 -5.15646 2.67393e-15
130.655 -5.15838 2.6693e-15
130.706 -5.15969 2.66607e-15
130.742 -5.16046 2.66408e-15
130.763 -5.16077 2.66317e-15
130.771 -5.16068 2.6632e-15
130.769 -5.16026 2.66401e-15
130.758 -5.15958 2.66545e-15
130.739 -5.15869 2.6674e-15
130.713 -5.15762 2.66977e-15
130.68 -5.15639 2.67255e-15
130.641 -5.15498 2.67576e-15
130.595 -5.15338 2.67943e-15
130.541 -5.15158 2.6836e-15
130.481 -5.14957 2.68826e-15
130.413 -5.14736 2.6934e-15
130.339 -5.14495 2.699e-15
130.258 -5.14235 2.70507e-15
130.17 -5.13953 2.71166e-15
130.074 -5.13646 2.71885e-15
129.969 -5.13309 2.72672e-15
129.854 -5.12939 2.73535e-15
129.73 -5.12534 2.7448e-15
129.594 -5.1209 2.75515e-15
129.447 -5.11604 2.76644e-15
129.288 -5.11073 2.77876e-15
129.114 -5.10489 2.79229e-15
128.924 -5.09843 2.80724e-15
128.715 -5.09124 2.82384e-15
128.485 -5.08324 2.84228e-15
128.232 -5.07436 2.86269e-15
127.955 -5.06456 2.88518e-15
127.654 -5.05381 2.90984e-15
127.328 -5.04206 2.93674e-15
126.975 -5.02927 2.966e-15
126.593 -5.01537 2.99774e-15
126.182 -5.00032 3.0321e-15
125.74 -4.98408 3.06916e-15
125.267 -4.96662 3.10893e-15
124.762 -4.94793 3.15147e-15
124.226 -4.92802 3.19678e-15
123.658 -4.9069 3.24482e-15
123.06 -4.88461 3.29553e-15
122.432 -4.86119 3.34876e-15
121.777 -4.83671 3.4044e-15
121.096 -4.81124 3.46229e-15
120.391 -4.78485 3.52227e-15
119.661 -4.75755 3.58426e-15
118.91 -4.72946 3.64806e-15
118.14 -4.7007 3.7134e-15
117.354 -4.67131 3.78016e-15
116.552 -4.64139 3.84814e-15
115.737 -4.611 3.91719e-15
114.91 -4.58021 3.98717e-15
114.073 -4.54909 4.05792e-15
113.227 -4.51769 4.12932e-15
112.374 -4.48607 4.20124e-15
111.515 -4.45427 4.27356e-15
110.652 -4.42242 4.34605e-15
109.789 -4.3907 4.4183e-15
108.924 -4.359 4.49055e-15
108.057 -4.32727 4.56286e-15
107.189 -4.29561 4.63505e-15
106.323 -4.26402 4.70708e-15
105.458 -4.23256 4.77884e-15
104.595 -4.20124 4.8503e-15
103.735 -4.17007 4.92143e-15
102.877 -4.13905 4.99226e-15
102.021 -4.10817 5.06279e-15
101.168 -4.0774 5.13306e-15
100.317 -4.04675 5.2031e-15
99.4667 -4.0162 5.27293e-15
98.618 -3.98572 5.34259e-15
97.7703 -3.95531 5.41211e-15
96.9237 -3.92497 5.48148e-15
96.078 -3.89471 5.55066e-15
95.2338 -3.86454 5.61964e-15
94.3915 -3.83446 5.68842e-15
93.5507 -3.80446 5.75703e-15
92.7108 -3.77451 5.82553e-15
91.8712 -3.74458 5.89398e-15
91.0312 -3.71465 5.96245e-15
90.1899 -3.68467 6.03102e-15
89.3464 -3.65461 6.09977e-15
88.4997 -3.62443 6.1688e-15
87.6486 -3.59408 6.23822e-15
86.7917 -3.56349 6.30817e-15
85.9269 -3.53259 6.37883e-15
85.0524 -3.50129 6.45037e-15
84.1665 -3.46953 6.52295e-15
83.2678 -3.43724 6.59671e-15
82.355 -3.40438 6.67175e-15
81.427 -3.3709 6.74818e-15
80.4829 -3.33675 6.8261e-15
79.5212 -3.30189 6.90563e-15
78.5406 -3.26624 6.9869e-15
77.5398 -3.22977 7.07002e-15
76.5178 -3.19243 7.1551e-15
75.474 -3.15419 7.24218e-15
74.4083 -3.11505 7.33128e-15
73.3206 -3.075 7.42241e-15
72.2113 -3.03406 7.51553e-15
71.0811 -2.99226 7.61057e-15
69.9315 -2.94966 7.70742e-15
68.7637 -2.9063 7.80593e-15
67.5796 -2.86227 7.90597e-15
66.3806 -2.81763 8.00738e-15
65.1687 -2.77244 8.10999e-15
63.9456 -2.72679 8.21364e-15
62.7132 -2.68076 8.31815e-15
61.4736 -2.63442 8.42335e-15
60.2284 -2.58784 8.52906e-15
58.9796 -2.54112 8.63512e-15
57.7293 -2.49432 8.74131e-15
56.4802 -2.44758 8.84742e-15
55.2352 -2.40099 8.95315e-15
53.9966 -2.35468 9.05822e-15
52.7676 -2.30877 9.16239e-15
51.5508 -2.26337 9.26541e-15
50.3481 -2.21854 9.36712e-15
49.1619 -2.17439 9.46734e-15
47.9937 -2.13097 9.5659e-15
46.8454 -2.08835 9.66267e-15
45.7182 -2.04659 9.75752e-15
44.6134 -2.00574 9.85032e-15
43.532 -1.96584 9.941e-15
42.4745 -1.9269 1.00295e-14
41.4409 -1.88893 1.01159e-14
40.4312 -1.85192 1.02e-14
39.4452 -1.81588 1.02821e-14
38.4833 -1.78079 1.03619e-14
37.5459 -1.74669 1.04396e-14
36.6341 -1.71367 1.05148e-14
35.7478 -1.68168 1.05877e-14
34.8861 -1.65066 1.06584e-14
34.0486 -1.62059 1.07269e-14
33.2344 -1.59144 1.07934e-14
32.4426 -1.56316 1.08579e-14
31.671 -1.53565 1.09207e-14
30.9174 -1.50884 1.09819e-14
30.1792 -1.48259 1.10419e-14
29.4539 -1.45682 1.11007e-14
28.7391 -1.43142 1.11587e-14
28.0326 -1.40629 1.12161e-14
27.3321 -1.38134 1.1273e-14
26.6358 -1.3565 1.13297e-14
25.9421 -1.33168 1.13863e-14
25.2496 -1.30684 1.1443e-14
24.5572 -1.28194 1.14997e-14
23.8641 -1.25693 1.15567e-14
23.1701 -1.23179 1.1614e-14
22.475 -1.20653 1.16714e-14
21.7792 -1.18116 1.17292e-14
21.083 -1.1557 1.17871e-14
20.3871 -1.13015 1.18451e-14
19.692 -1.10456 1.19033e-14
18.9986 -1.07895 1.19614e-14
18.308 -1.05337 1.20195e-14
17.6218 -1.02789 1.20773e-14
16.9422 -1.00259 1.21346e-14
16.2711 -0.977554 1.21914e-14
15.611 -0.95288 1.22473e-14
14.9637 -0.928649 1.23022e-14
14.3314 -0.904946 1.23559e-14
13.7163 -0.881855 1.24082e-14
13.1201 -0.85946 1.24589e-14
12.545 -0.837837 1.25079e-14
11.9925 -0.817059 1.25549e-14
11.4646 -0.797196 1.25999e-14
10.9627 -0.778315 1.26426e-14
10.4882 -0.76047 1.2683e-14
10.0423 -0.74371 1.2721e-14
9.62607 -0.728078 1.27564e-14
9.24063 -0.71362 1.27891e-14
8.88729 -0.70039 1.28191e-14
8.56751 -0.688446 1.28461e-14
8.28265 -0.677844 1.28702e-14
8.03374 -0.668624 1.28911e-14
7.82126 -0.660807 1.29088e-14
7.64524 -0.654394 1.29234e-14
7.50555 -0.649379 1.29348e-14
7.40202 -0.645756 1.2943e-14
7.33459 -0.643522 1.29482e-14
7.30323 -0.642675 1.29502e-14
7.30782 -0.64321 1.29491e-14
7.34814 -0.645119 1.29448e-14
7.42395 -0.648393 1.29375e-14
7.53497 -0.653021 1.29272e-14
7.68074 -0.658988 1.29138e-14
7.8607 -0.666267 1.28975e-14
8.07415 -0.674833 1.28782e-14
8.32032 -0.684652 1.28561e-14
8.59833 -0.69569 1.28313e-14
8.90733 -0.707911 1.28038e-14
9.2466 -0.721285 1.27737e-14
9.61553 -0.735787 1.2741e-14
10.0134 -0.751389 1.27059e-14
10.4393 -0.76805 1.26683e-14
10.8915 -0.785699 1.26285e-14
11.3678 -0.804247 1.25867e-14
11.8658 -0.823603 1.25431e-14
12.3838 -0.843684 1.24978e-14
12.9204 -0.864439 1.24509e-14
13.4749 -0.885839 1.24026e-14
14.0468 -0.907858 1.23529e-14
14.6354 -0.930469 1.23018e-14
15.2399 -0.953634 1.22495e-14
15.8593 -0.977315 1.2196e-14
16.4927 -1.00147 1.21414e-14
17.1393 -1.02607 1.20858e-14
17.7985 -1.05109 1.20292e-14
18.4698 -1.07649 1.19717e-14
19.1528 -1.10227 1.19133e-14
19.8469 -1.1284 1.18541e-14
20.5504 -1.15481 1.17943e-14
21.2616 -1.18144 1.1734e-14
21.9785 -1.20818 1.16733e-14
22.6996 -1.235 1.16125e-14
23.4238 -1.26184 1.15516e-14
24.1506 -1.28868 1.14907e-14
24.8797 -1.31551 1.14297e-14
25.6108 -1.34232 1.13688e-14
26.3427 -1.36906 1.1308e-14
27.0743 -1.3957 1.12474e-14
27.8044 -1.42218 1.11871e-14
28.5322 -1.44848 1.11272e-14
29.258 -1.47461 1.10677e-14
29.9826 -1.50061 1.10084e-14
30.707 -1.52652 1.09493e-14
31.4323 -1.55239 1.08903e-14
32.1593 -1.57826 1.08312e-14
32.8887 -1.60417 1.07721e-14
33.6213 -1.63015 1.07127e-14
34.3578 -1.65624 1.06532e-14
35.0986 -1.68246 1.05933e-14
35.8442 -1.70883 1.0533e-14
36.5949 -1.73538 1.04724e-14
37.3511 -1.76212 1.04113e-14
38.1136 -1.7891 1.03497e-14
38.8832 -1.81637 1.02874e-14
39.6612 -1.84402 1.02243e-14
40.4482 -1.87204 1.01602e-14
41.2458 -1.90048 1.00953e-14
42.0564 -1.92946 1.00291e-14
42.8821 -1.95905 9.96162e-15
43.7253 -1.98936 9.8925e-15
44.5884 -2.02048 9.82155e-15
45.4742 -2.05253 9.74852e-15
46.3852 -2.08562 9.67319e-15
47.3236 -2.11981 9.59536e-15
48.2909 -2.15519 9.51488e-15
49.2883 -2.1918 9.43166e-15
50.3166 -2.22965 9.34564e-15
51.3761 -2.26877 9.25677e-15
52.4666 -2.30914 9.16511e-15
53.587 -2.35071 9.07075e-15
54.7363 -2.39343 8.9738e-15
55.9122 -2.43724 8.87438e-15
57.1126 -2.48205 8.77264e-15
58.3362 -2.52777 8.66885e-15
59.5811 -2.57431 8.56321e-15
60.8447 -2.62157 8.45594e-15
62.1248 -2.66945 8.34727e-15
63.4187 -2.71783 8.23745e-15
64.7242 -2.76662 8.12671e-15
66.0385 -2.8157 8.01527e-15
67.3593 -2.86498 7.90338e-15
68.6839 -2.91435 7.79128e-15
70.0099 -2.96369 7.67919e-15
71.3348 -3.01292 7.56734e-15
72.6561 -3.06193 7.45597e-15
73.9712 -3.11061 7.3453e-15
75.2776 -3.15886 7.23556e-15
76.573 -3.20661 7.12695e-15
77.8556 -3.25376 7.01965e-15
79.1232 -3.30024 6.91382e-15
80.3744 -3.346 6.8096e-15
81.6078 -3.39098 6.7071e-15
82.8226 -3.43516 6.60638e-15
84.0185 -3.47853 6.50747e-15
85.1953 -3.52108 6.41036e-15
86.3533 -3.56286 6.31501e-15
87.494 -3.6039 6.22128e-15
88.6191 -3.64431 6.12898e-15
89.7309 -3.68416 6.0379e-15
90.8314 -3.72356 5.94786e-15
91.9221 -3.76257 5.85869e-15
93.0042 -3.80124 5.77028e-15
94.0788 -3.83964 5.6825e-15
95.1471 -3.8778 5.59524e-15
96.2096 -3.91579 5.50837e-15
97.2677 -3.95365 5.42179e-15
98.3225 -3.99141 5.33543e-15
99.3751 -4.02914 5.24918e-15
100.427 -4.06687 5.16292e-15
101.479 -4.10469 5.07649e-15
102.534 -4.14265 4.98977e-15
103.591 -4.1808 4.90263e-15
104.654 -4.21922 4.81493e-15
105.723 -4.25796 4.72651e-15
106.8 -4.29708 4.63727e-15
107.887 -4.33663 4.54707e-15
108.982 -4.37663 4.45589e-15
110.078 -4.41638 4.36518e-15
111.176 -4.45614 4.27441e-15
112.286 -4.49645 4.18244e-15
113.404 -4.53714 4.08964e-15
114.532 -4.57828 3.99585e-15
115.667 -4.61979 3.90125e-15
116.81 -4.66167 3.80584e-15
117.96 -4.70386 3.70975e-15
119.115 -4.74634 3.61303e-15
120.272 -4.78897 3.51594e-15
121.432 -4.83174 3.41851e-15
122.594 -4.87469 3.32075e-15
123.757 -4.9177 3.22283e-15
124.919 -4.96075 3.12487e-15
126.078 -5.00376 3.02697e-15
127.233 -5.04665 2.92937e-15
128.381 -5.08932 2.83228e-15
129.519 -5.13168 2.73589e-15
130.647 -5.17365 2.64043e-15
131.76 -5.21513 2.54607e-15
132.859 -5.25605 2.45299e-15
133.94 -5.29634 2.36136e-15
135.002 -5.33593 2.27133e-15
136.043 -5.37476 2.18301e-15
137.064 -5.4128 2.09649e-15
138.062 -5.45002 2.01185e-15
139.037 -5.48637 1.92917e-15
139.988 -5.52182 1.84856e-15
140.913 -5.5563 1.77013e-15
141.812 -5.58977 1.69401e-15
142.682 -5.62217 1.62029e-15
143.524 -5.6535 1.54902e-15
144.338 -5.68373 1.48023e-15
145.122 -5.71286 1.41393e-15
145.877 -5.74088 1.35016e-15
146.603 -5.76775 1.28898e-15
147.297 -5.79341 1.23053e-15
147.959 -5.81783 1.17489e-15
148.588 -5.84097 1.12216e-15
149.183 -5.8628 1.07235e-15
149.745 -5.88335 1.02546e-15
150.274 -5.90262 9.81455e-16
150.771 -5.92063 9.40301e-16
151.236 -5.93737 9.01993e-16
151.668 -5.95285 8.66537e-16
152.067 -5.96707 8.33927e-16
152.435 -5.98004 8.04143e-16
152.771 -5.99177 7.77157e-16
153.075 -6.00228 7.52931e-16
153.349 -6.01159 7.31411e-16
153.592 -6.01974 7.12514e-16
153.807 -6.02679 6.96116e-16
153.995 -6.03281 6.82056e-16
154.157 -6.03787 6.70162e-16
154.296 -6.04206 6.60238e-16
154.415 -6.04549 6.52052e-16
154.515 -6.04827 6.45348e-16
154.601 -6.05052 6.39866e-16
154.674 -6.05236 6.35352e-16
154.737 -6.05388 6.3157e-16
154.792 -6.0552 6.283e-16
154.841 -6.05639 6.25335e-16
154.887 -6.05754 6.22499e-16
154.93 -6.05871 6.19668e-16
154.972 -6.05993 6.16764e-16
155.013 -6.06123 6.1373e-16
155.052 -6.06262 6.10535e-16
155.091 -6.06411 6.07169e-16
155.13 -6.06568 6.03648e-16
155.166 -6.06732 6.00033e-16
155.2 -6.06897 5.9642e-16
155.231 -6.07058 5.92942e-16
155.255 -6.07207 5.89783e-16
155.271 -6.07335 5.87147e-16
155.277 -6.07431 5.85239e-16
155.271 -6.07489 5.84227e-16
155.252 -6.07503 5.84262e-16
155.217 -6.07464 5.85499e-16
155.165 -6.07366 5.88098e-16
155.095 -6.07201 5.92224e-16
155.005 -6.06962 5.98044e-16
154.892 -6.06641 6.05722e-16
154.756 -6.06231 6.15419e-16
154.595 -6.05726 6.27273e-16
154.408 -6.0512 6.4141e-16
154.193 -6.04409 6.57944e-16
153.95 -6.03586 6.76973e-16
153.678 -6.0265 6.98575e-16
153.376 -6.01597 7.2281e-16
153.044 -6.00425 7.49718e-16
152.681 -5.99134 7.79308e-16
152.29 -5.97726 8.11535e-16
151.87 -5.96205 8.46311e-16
151.422 -5.94576 8.83527e-16
150.949 -5.92843 9.23073e-16
150.45 -5.9101 9.6486e-16
149.928 -5.89081 1.00881e-15
149.382 -5.8706 1.05483e-15
148.814 -5.84952 1.10282e-15
148.226 -5.82761 1.15267e-15
147.618 -5.80493 1.20425e-15
146.992 -5.78154 1.25744e-15
146.349 -5.75751 1.31208e-15
145.692 -5.73289 1.36805e-15
145.021 -5.70774 1.42519e-15
144.339 -5.68215 1.48336e-15
143.646 -5.65617 1.5424e-15
142.946 -5.62989 1.60213e-15
142.239 -5.60339 1.66236e-15
141.528 -5.57675 1.7229e-15
140.815 -5.55006 1.78358e-15
140.101 -5.52337 1.84427e-15
139.388 -5.49673 1.90488e-15
138.676 -5.47017 1.96531e-15
137.965 -5.44371 2.02551e-15
137.256 -5.41736 2.0855e-15
136.548 -5.39106 2.14537e-15
135.84 -5.36479 2.20519e-15
135.13 -5.33851 2.26506e-15
134.419 -5.31221 2.32499e-15
133.706 -5.28587 2.38501e-15
132.992 -5.25951 2.44511e-15
132.275 -5.23309 2.50533e-15
131.556 -5.20662 2.5657e-15
130.834 -5.18005 2.62627e-15
130.106 -5.15334 2.68714e-15
129.374 -5.12646 2.74843e-15
128.636 -5.09936 2.81022e-15
127.889 -5.07198 2.87264e-15
127.134 -5.04428 2.93581e-15
126.368 -5.01619 2.99985e-15
125.59 -4.98765 3.06492e-15
124.798 -4.95859 3.13118e-15
123.991 -4.92893 3.19879e-15
123.166 -4.89861 3.2679e-15
122.322 -4.86757 3.33863e-15
121.457 -4.83571 3.41115e-15
120.571 -4.80305 3.48549e-15
119.664 -4.76961 3.5616e-15
118.736 -4.73536 3.63954e-15
117.788 -4.70031 3.71927e-15
116.819 -4.66449 3.80076e-15
115.829 -4.6279 3.88398e-15
114.821 -4.59059 3.96884e-15
113.795 -4.55265 4.05515e-15
112.756 -4.51433 4.14235e-15
111.701 -4.47549 4.23075e-15
110.631 -4.43602 4.32057e-15
109.545 -4.39601 4.41163e-15
108.443 -4.3554 4.50404e-15
107.326 -4.31422 4.59775e-15
106.193 -4.27246 4.6928e-15
105.045 -4.23011 4.78918e-15
103.88 -4.18716 4.88691e-15
102.699 -4.14362 4.98596e-15
101.502 -4.09949 5.08634e-15
100.291 -4.05478 5.18803e-15
99.0643 -4.00952 5.29097e-15
97.824 -3.96373 5.39511e-15
96.5709 -3.91746 5.50036e-15
95.3067 -3.87076 5.60656e-15
94.0331 -3.8237 5.71357e-15
92.7515 -3.77634 5.82127e-15
91.4632 -3.72873 5.92955e-15
90.1692 -3.6809 6.03831e-15
88.8705 -3.63288 6.14749e-15
87.5682 -3.58473 6.25699e-15
86.2634 -3.53648 6.3667e-15
84.9576 -3.48819 6.4765e-15
83.6521 -3.43991 6.58628e-15
82.3481 -3.39169 6.69593e-15
81.0466 -3.34356 6.80537e-15
79.748 -3.29554 6.91456e-15
78.4531 -3.24766 7.02344e-15
77.1623 -3.19993 7.13196e-15
75.8767 -3.1524 7.24003e-15
74.5972 -3.10511 7.34759e-15
73.3248 -3.05808 7.45452e-15
72.0605 -3.01137 7.56074e-15
70.805 -2.965 7.66621e-15
69.5587 -2.91898 7.77087e-15
68.3221 -2.87334 7.87468e-15
67.0955 -2.82809 7.97761e-15
65.8795 -2.78325 8.07962e-15
64.6745 -2.73884 8.18066e-15
63.4809 -2.69487 8.28069e-15
62.2992 -2.65137 8.37969e-15
61.1291 -2.60832 8.47765e-15
59.9706 -2.56571 8.57462e-15
58.8231 -2.52354 8.6706e-15
57.6867 -2.4818 8.76563e-15
56.5617 -2.44049 8.85966e-15
55.4487 -2.39966 8.95263e-15
54.3487 -2.35932 9.04447e-15
53.2622 -2.31951 9.13512e-15
52.1905 -2.28027 9.22449e-15
51.1344 -2.24163 9.31249e-15
50.0943 -2.20364 9.39899e-15
49.0717 -2.16634 9.48393e-15
48.0676 -2.12974 9.56728e-15
47.082 -2.09387 9.649e-15
46.1156 -2.05873 9.72907e-15
45.1682 -2.02431 9.80748e-15
44.2393 -1.99062 9.88423e-15
43.3289 -1.95764 9.95937e-15
42.4367 -1.92535 1.0033e-14
41.5622 -1.89372 1.0105e-14
40.7052 -1.86274 1.01756e-14
39.8653 -1.8324 1.02448e-14
39.0421 -1.80267 1.03126e-14
38.2355 -1.77356 1.03789e-14
37.4458 -1.74511 1.04437e-14
36.6729 -1.71731 1.05071e-14
35.9163 -1.69008 1.05691e-14
35.1763 -1.66346 1.06298e-14
34.453 -1.63744 1.06891e-14
33.7466 -1.61204 1.07469e-14
33.0574 -1.58726 1.08034e-14
32.3857 -1.56312 1.08584e-14
31.7316 -1.53962 1.0912e-14
31.0953 -1.51677 1.0964e-14
30.4771 -1.49458 1.10146e-14
29.877 -1.47306 1.10636e-14
29.295 -1.4522 1.11112e-14
28.7309 -1.432 1.11572e-14
28.1846 -1.41245 1.12018e-14
27.6559 -1.39355 1.12449e-14
27.1444 -1.37528 1.12865e-14
26.6498 -1.35765 1.13267e-14
26.1721 -1.34063 1.13655e-14
25.7106 -1.32422 1.1403e-14
25.2649 -1.30838 1.14391e-14
24.8342 -1.29309 1.1474e-14
24.4178 -1.27832 1.15077e-14
24.0149 -1.26405 1.15403e-14
23.6248 -1.25024 1.15718e-14
23.2465 -1.23685 1.16023e-14
22.8793 -1.22386 1.1632e-14
22.5223 -1.21123 1.16608e-14
22.1746 -1.19892 1.16889e-14
21.835 -1.18689 1.17164e-14
21.5023 -1.17508 1.17433e-14
21.1756 -1.16347 1.17698e-14
20.8537 -1.152 1.1796e-14
20.5356 -1.14063 1.18219e-14
20.2204 -1.12932 1.18477e-14
19.9072 -1.11805 1.18733e-14
19.5955 -1.10678 1.1899e-14
19.2849 -1.0955 1.19246e-14
18.9751 -1.08421 1.19503e-14
18.6659 -1.07289 1.1976e-14
18.3575 -1.06155 1.20018e-14
18.0497 -1.05019 1.20276e-14
17.743 -1.03881 1.20534e-14
17.4378 -1.02745 1.20792e-14
17.1356 -1.01615 1.21048e-14
16.8384 -1.00501 1.213e-14
16.5486 -0.994112 1.21547e-14
16.2682 -0.983545 1.21786e-14
15.9994 -0.973396 1.22016e-14
15.7444 -0.96375 1.22234e-14
15.5051 -0.954689 1.2244e-14
15.2835 -0.946289 1.2263e-14
15.0812 -0.938615 1.22803e-14
14.8996 -0.931722 1.22959e-14
14.7399 -0.92566 1.23096e-14
14.6031 -0.920464 1.23214e-14
14.4893 -0.916141 1.23312e-14
14.3984 -0.912678 1.2339e-14
14.3297 -0.910055 1.2345e-14
14.283 -0.908253 1.23491e-14
14.2581 -0.907261 1.23513e-14
14.2547 -0.907072 1.23517e-14
14.2729 -0.907684 1.23503e-14
14.3124 -0.90909 1.23472e-14
14.3732 -0.911277 1.23422e-14
14.455 -0.914236 1.23355e-14
14.5575 -0.917956 1.2327e-14
14.6806 -0.922426 1.23169e-14
14.8242 -0.927639 1.2305e-14
14.9881 -0.93359 1.22915e-14
15.1723 -0.940276 1.22763e-14
15.3765 -0.947686 1.22594e-14
15.6003 -0.955794 1.2241e-14
15.8427 -0.964565 1.2221e-14
16.1027 -0.973963 1.21997e-14
16.3799 -0.983961 1.21769e-14
16.6739 -0.994553 1.21528e-14
16.9851 -1.00574 1.21273e-14
17.3136 -1.01755 1.21004e-14
17.6596 -1.02997 1.20721e-14
18.0236 -1.04303 1.20424e-14
18.4055 -1.05673 1.20111e-14
18.8056 -1.07107 1.19784e-14
19.2241 -1.08608 1.19442e-14
19.6611 -1.10175 1.19085e-14
20.1166 -1.11809 1.18713e-14
20.5907 -1.1351 1.18325e-14
21.0836 -1.15279 1.17922e-14
21.5958 -1.17119 1.17503e-14
22.1283 -1.19033 1.17066e-14
22.682 -1.21026 1.16612e-14
23.2576 -1.231 1.1614e-14
23.8556 -1.25257 1.15648e-14
24.4762 -1.27499 1.15138e-14
25.1196 -1.29826 1.14608e-14
25.786 -1.32239 1.14058e-14
26.4754 -1.34739 1.13489e-14
27.188 -1.37326 1.129e-14
27.9239 -1.40001 1.12292e-14
28.683 -1.42764 1.11663e-14
29.4653 -1.45615 1.11015e-14
30.271 -1.48553 1.10346e-14
31.0999 -1.51581 1.09658e-14
31.9522 -1.54697 1.08949e-14
32.8282 -1.57902 1.08221e-14
33.7282 -1.612 1.07471e-14
34.6526 -1.6459 1.067e-14
35.6021 -1.68077 1.05908e-14
36.5779 -1.71665 1.05093e-14
37.5822 -1.75367 1.04252e-14
38.6168 -1.79189 1.03383e-14
39.6823 -1.83132 1.02488e-14
40.7792 -1.87197 1.01564e-14
41.9074 -1.91383 1.00614e-14
43.0664 -1.9569 9.96363e-15
44.2552 -2.00112 9.86325e-15
45.4718 -2.04642 9.76045e-15
46.7133 -2.09268 9.65546e-15
47.9768 -2.13978 9.54858e-15
49.2592 -2.18761 9.44007e-15
50.5576 -2.23604 9.33019e-15
51.8692 -2.28496 9.21919e-15
53.1907 -2.33425 9.10732e-15
54.5201 -2.38383 8.9948e-15
55.8554 -2.4336 8.88182e-15
57.1944 -2.48352 8.76848e-15
58.5363 -2.53352 8.65491e-15
59.8804 -2.58358 8.54123e-15
61.2256 -2.63364 8.4275e-15
62.5714 -2.6837 8.31379e-15
63.917 -2.73374 8.20013e-15
65.262 -2.78371 8.08658e-15
66.6051 -2.8336 7.97323e-15
67.9453 -2.88334 7.8602e-15
69.2812 -2.9329 7.74758e-15
70.6117 -2.98222 7.63548e-15
71.9359 -3.03128 7.52397e-15
73.2532 -3.08004 7.4131e-15
74.563 -3.1285 7.30293e-15
75.8646 -3.17663 7.1935e-15
77.1574 -3.22439 7.08489e-15
78.4403 -3.27176 6.97717e-15
79.7127 -3.3187 6.8704e-15
80.9737 -3.36518 6.76466e-15
82.2229 -3.41119 6.65997e-15
83.4599 -3.45672 6.55638e-15
84.6846 -3.50176 6.45389e-15
85.8969 -3.5463 6.35251e-15
87.097 -3.59037 6.25221e-15
88.2855 -3.63397 6.15294e-15
89.4632 -3.67716 6.05462e-15
90.6307 -3.71994 5.9572e-15
91.789 -3.76237 5.86058e-15
92.9393 -3.80449 5.76467e-15
94.0825 -3.84634 5.66936e-15
95.2195 -3.88796 5.57458e-15
96.3508 -3.92937 5.48028e-15
97.4762 -3.97055 5.38648e-15
98.5956 -4.01152 5.29318e-15
99.7088 -4.05226 5.2004e-15
100.815 -4.09273 5.10823e-15
101.913 -4.13289 5.01675e-15
103.001 -4.1727 4.92609e-15
104.079 -4.2121 4.83634e-15
105.146 -4.25108 4.74754e-15
106.2 -4.28962 4.65971e-15
107.243 -4.3277 4.57291e-15
108.273 -4.36532 4.48716e-15
109.291 -4.40249 4.40242e-15
110.298 -4.43923 4.31867e-15
111.294 -4.47556 4.23584e-15
112.279 -4.51149 4.15393e-15
113.243 -4.54624 4.07454e-15
114.192 -4.58036 3.99656e-15
115.135 -4.61432 3.91899e-15
116.066 -4.6478 3.84247e-15
116.987 -4.68099 3.76664e-15
117.895 -4.7137 3.69187e-15
118.792 -4.74599 3.61809e-15
119.675 -4.77776 3.54548e-15
120.543 -4.80903 3.474e-15
121.396 -4.83972 3.4038e-15
122.235 -4.86988 3.33481e-15
123.06 -4.89955 3.26692e-15
123.871 -4.92873 3.20016e-15
124.669 -4.95743 3.1345e-15
125.454 -4.98564 3.06996e-15
126.225 -5.01337 3.00652e-15
126.983 -5.04062 2.94417e-15
127.728 -5.06739 2.8829e-15
128.459 -5.09372 2.82264e-15
129.177 -5.11958 2.76343e-15
129.883 -5.14496 2.70531e-15
130.575 -5.16986 2.6483e-15
131.253 -5.19425 2.59243e-15
131.918 -5.21815 2.53772e-15
132.569 -5.24156 2.4841e-15
133.209 -5.26454 2.43147e-15
133.838 -5.28713 2.37974e-15
134.457 -5.30938 2.32878e-15
135.068 -5.33133 2.27852e-15
135.671 -5.35301 2.22887e-15
136.267 -5.37447 2.17974e-15
136.857 -5.39573 2.13108e-15
137.442 -5.41679 2.08287e-15
138.021 -5.43766 2.03512e-15
138.593 -5.45832 1.98785e-15
139.159 -5.47875 1.94109e-15
139.719 -5.49896 1.89487e-15
140.271 -5.51892 1.84922e-15
140.816 -5.53863 1.80416e-15
141.353 -5.55806 1.75973e-15
141.882 -5.5772 1.71596e-15
142.402 -5.59604 1.6729e-15
142.913 -5.61456 1.63057e-15
143.415 -5.63275 1.58899e-15
143.907 -5.65062 1.54817e-15
144.391 -5.66818 1.50806e-15
144.865 -5.68543 1.46865e-15
145.331 -5.7024 1.42991e-15
145.789 -5.71908 1.39183e-15
146.237 -5.73547 1.35444e-15
146.677 -5.75155 1.31777e-15
147.107 -5.76731 1.28183e-15
147.527 -5.78273 1.24667e-15
147.936 -5.79781 1.21233e-15
148.334 -5.8125 1.17887e-15
148.72 -5.8268 1.14634e-15
149.093 -5.84064 1.11484e-15
149.452 -5.85398 1.0845e-15
149.794 -5.86676 1.05546e-15
150.119 -5.87893 1.02783e-15
150.426 -5.89041 1.00175e-15
150.712 -5.90118 9.77328e-16
150.976 -5.91116 9.54696e-16
151.217 -5.9203 9.33967e-16
151.435 -5.92857 9.15254e-16
151.627 -5.9359 8.98661e-16
151.792 -5.94226 8.84292e-16
151.93 -5.94761 8.72233e-16
152.04 -5.95191 8.62544e-16
152.121 -5.95516 8.55259e-16
152.173 -5.95734 8.50408e-16
152.196 -5.95843 8.48043e-16
152.19 -5.95842 8.48171e-16
152.155 -5.95733 8.50754e-16
152.091 -5.95517 8.55754e-16
151.999 -5.95197 8.63138e-16
151.879 -5.94773 8.72891e-16
151.731 -5.94245 8.85006e-16
151.555 -5.93614 8.99481e-16
151.351 -5.92879 9.16308e-16
151.12 -5.92041 9.35477e-16
150.861 -5.911 9.56975e-16
150.575 -5.90058 9.80789e-16
150.261 -5.88915 1.0069e-15
149.921 -5.87674 1.03525e-15
149.555 -5.86335 1.06581e-15
149.163 -5.84903 1.09851e-15
148.746 -5.83378 1.13331e-15
148.304 -5.81761 1.17022e-15
147.837 -5.8005 1.20926e-15
147.345 -5.78244 1.25047e-15
146.826 -5.76342 1.29386e-15
146.282 -5.74345 1.33943e-15
145.712 -5.72252 1.38716e-15
145.116 -5.70065 1.43703e-15
144.496 -5.67785 1.48901e-15
143.851 -5.65414 1.54309e-15
143.182 -5.6295 1.59926e-15
142.487 -5.60395 1.6575e-15
141.769 -5.57749 1.71782e-15
141.026 -5.55011 1.78023e-15
140.257 -5.52179 1.84478e-15
139.463 -5.49251 1.91151e-15
138.643 -5.46225 1.98046e-15
137.797 -5.431 2.05166e-15
136.924 -5.39873 2.12516e-15
136.024 -5.36543 2.201e-15
135.096 -5.33108 2.27923e-15
134.14 -5.29565 2.3599e-15
133.154 -5.2591 2.44312e-15
132.138 -5.2214 2.52894e-15
131.092 -5.18252 2.6174e-15
130.015 -5.1425 2.70847e-15
128.91 -5.10137 2.80205e-15
127.777 -5.0592 2.89796e-15
126.617 -5.01602 2.99614e-15
125.432 -4.97187 3.09651e-15
124.222 -4.9268 3.19898e-15
122.988 -4.88084 3.30348e-15
121.733 -4.83404 3.40987e-15
120.455 -4.78638 3.51816e-15
119.157 -4.73798 3.62811e-15
117.843 -4.689 3.73936e-15
116.516 -4.63952 3.85177e-15
115.177 -4.58962 3.96513e-15
113.828 -4.53938 4.07928e-15
112.471 -4.48887 4.19405e-15
111.112 -4.43842 4.30875e-15
109.751 -4.38803 4.42335e-15
108.386 -4.33753 4.53821e-15
107.02 -4.28701 4.65313e-15
105.652 -4.23649 4.76806e-15
104.285 -4.18603 4.88289e-15
102.919 -4.13564 4.99755e-15
101.555 -4.08537 5.11196e-15
100.194 -4.03525 5.22604e-15
98.8381 -3.98535 5.33964e-15
97.4888 -3.93575 5.45256e-15
96.1485 -3.88654 5.56463e-15
94.8195 -3.83779 5.67566e-15
93.5036 -3.78958 5.78548e-15
92.2028 -3.742 5.89391e-15
90.919 -3.6951 6.0008e-15
89.6536 -3.64894 6.10602e-15
88.4067 -3.60355 6.2095e-15
87.1785 -3.55893 6.31125e-15
85.9696 -3.51505 6.41131e-15
84.7793 -3.47193 6.50969e-15
83.6076 -3.42953 6.60643e-15
82.4543 -3.38785 6.70155e-15
81.3189 -3.34687 6.79508e-15
80.201 -3.30657 6.88709e-15
79.0999 -3.26692 6.97765e-15
78.0143 -3.22785 7.06686e-15
76.9432 -3.18934 7.15482e-15
75.8856 -3.15133 7.24165e-15
74.8406 -3.11379 7.32741e-15
73.8074 -3.07668 7.41218e-15
72.7854 -3.03997 7.49603e-15
71.7739 -3.00365 7.57902e-15
70.7723 -2.96767 7.66121e-15
69.78 -2.93202 7.74265e-15
68.7965 -2.89668 7.82338e-15
67.8211 -2.86161 7.90347e-15
66.8529 -2.82679 7.98301e-15
65.8908 -2.79216 8.0621e-15
64.9334 -2.75767 8.14085e-15
63.9798 -2.72329 8.21935e-15
63.0294 -2.68899 8.29765e-15
62.082 -2.65475 8.37577e-15
61.1372 -2.62059 8.45374e-15
60.1951 -2.58648 8.53157e-15
59.2557 -2.55243 8.60923e-15
58.3193 -2.51847 8.68669e-15
57.3854 -2.48459 8.7639e-15
56.4553 -2.45084 8.84082e-15
55.5292 -2.41723 8.91737e-15
54.6082 -2.38379 8.9935e-15
53.6935 -2.35057 9.06915e-15
52.7854 -2.31758 9.14426e-15
51.8853 -2.28487 9.21873e-15
50.9939 -2.25248 9.29247e-15
50.1121 -2.22044 9.36542e-15
49.2407 -2.18879 9.43748e-15
48.3803 -2.15755 9.50863e-15
47.5311 -2.12672 9.57882e-15
46.6931 -2.09632 9.64806e-15
45.8666 -2.06635 9.71633e-15
45.0513 -2.03679 9.78366e-15
44.2468 -2.00763 9.85007e-15
43.4527 -1.97885 9.91562e-15
42.6685 -1.95045 9.98034e-15
41.8939 -1.92239 1.00442e-14
41.1286 -1.89468 1.01074e-14
40.3726 -1.8673 1.01697e-14
39.6262 -1.84033 1.02311e-14
38.8897 -1.81373 1.02917e-14
38.1628 -1.78746 1.03515e-14
37.4462 -1.76158 1.04104e-14
36.7403 -1.73608 1.04685e-14
36.0456 -1.711 1.05256e-14
35.3626 -1.68634 1.05817e-14
34.6918 -1.66213 1.06369e-14
34.0336 -1.63839 1.0691e-14
33.3881 -1.61511 1.0744e-14
32.7551 -1.59228 1.0796e-14
32.1344 -1.56991 1.08469e-14
31.5257 -1.54797 1.08969e-14
30.9281 -1.52643 1.0946e-14
30.3405 -1.50525 1.09943e-14
29.7618 -1.48436 1.10418e-14
29.1909 -1.46374 1.10888e-14
28.6271 -1.44336 1.11352e-14
28.0701 -1.42318 1.11812e-14
27.5195 -1.40321 1.12267e-14
26.9749 -1.38342 1.12717e-14
26.4362 -1.3638 1.13164e-14
25.9032 -1.34434 1.13606e-14
25.3757 -1.32504 1.14045e-14
24.8538 -1.30589 1.1448e-14
24.3379 -1.28692 1.14912e-14
23.8285 -1.26813 1.15338e-14
23.3264 -1.24956 1.1576e-14
22.832 -1.23122 1.16176e-14
22.3453 -1.21311 1.16587e-14
21.8658 -1.19521 1.16993e-14
21.3932 -1.17751 1.17395e-14
20.9272 -1.15998 1.17792e-14
20.4677 -1.14262 1.18185e-14
20.0147 -1.12544 1.18574e-14
19.5683 -1.10844 1.18959e-14
19.129 -1.09163 1.19339e-14
18.6971 -1.07502 1.19714e-14
18.2735 -1.05866 1.20083e-14
17.859 -1.04257 1.20446e-14
17.4544 -1.02678 1.20802e-14
17.0604 -1.01133 1.2115e-14
16.6776 -0.996245 1.2149e-14
16.3068 -0.981548 1.21821e-14
15.9488 -0.967278 1.22142e-14
15.6047 -0.953483 1.22452e-14
15.2759 -0.94022 1.22749e-14
14.9639 -0.927548 1.23034e-14
14.6701 -0.91553 1.23303e-14
14.396 -0.904231 1.23556e-14
14.1433 -0.893717 1.23791e-14
13.9136 -0.884057 1.24007e-14
13.7086 -0.875323 1.24201e-14
13.5305 -0.867609 1.24373e-14
13.3819 -0.861019 1.24519e-14
13.265 -0.855654 1.24638e-14
13.1822 -0.851603 1.24727e-14
13.1354 -0.84895 1.24784e-14
13.1264 -0.847766 1.24809e-14
13.1567 -0.848117 1.24798e-14
13.2278 -0.850065 1.24752e-14
13.3416 -0.853683 1.24668e-14
13.5 -0.859046 1.24545e-14
13.7045 -0.866221 1.24381e-14
13.9565 -0.875261 1.24175e-14
14.2569 -0.886198 1.23926e-14
14.606 -0.899047 1.23634e-14
15.0038 -0.91381 1.23299e-14
15.4505 -0.930485 1.22921e-14
15.946 -0.949067 1.225e-14
16.4902 -0.969547 1.22037e-14
17.0828 -0.991909 1.2153e-14
17.723 -1.01612 1.20983e-14
18.4091 -1.04211 1.20395e-14
19.1389 -1.06978 1.19769e-14
19.91 -1.09903 1.19107e-14
20.7199 -1.12976 1.18412e-14
21.5664 -1.16187 1.17685e-14
22.4474 -1.19528 1.16929e-14
23.3608 -1.2299 1.16146e-14
24.3048 -1.26565 1.15337e-14
25.278 -1.30247 1.14504e-14
26.2793 -1.34032 1.13647e-14
27.3079 -1.37917 1.12768e-14
28.3625 -1.41895 1.11867e-14
29.4413 -1.4596 1.10947e-14
30.542 -1.50103 1.10008e-14
31.6623 -1.54314 1.09054e-14
32.7999 -1.58584 1.08087e-14
33.9527 -1.62905 1.07108e-14
35.1187 -1.67268 1.06119e-14
36.2958 -1.71666 1.05122e-14
37.482 -1.76091 1.04118e-14
38.6749 -1.80534 1.0311e-14
39.8727 -1.84994 1.02098e-14
41.0727 -1.89457 1.01085e-14
42.2724 -1.9391 1.00074e-14
43.4715 -1.98354 9.90644e-15
44.6704 -2.02789 9.80567e-15
45.8696 -2.07219 9.70499e-15
47.0699 -2.11647 9.60434e-15
48.2714 -2.16076 9.50367e-15
49.4744 -2.20505 9.40297e-15
50.6789 -2.24936 9.30222e-15
51.8852 -2.29371 9.20137e-15
53.0938 -2.33812 9.10038e-15
54.3054 -2.38262 8.99916e-15
55.5207 -2.42725 8.89767e-15
56.74 -2.47202 8.79583e-15
57.9632 -2.51694 8.69369e-15
59.1893 -2.56196 8.59129e-15
60.4174 -2.60707 8.48872e-15
61.6459 -2.6522 8.38602e-15
62.8744 -2.69736 8.28327e-15
64.1027 -2.7425 8.18058e-15
65.3289 -2.78758 8.07798e-15
66.553 -2.83259 7.97555e-15
67.7741 -2.87748 7.87338e-15
68.9917 -2.92225 7.7715e-15
70.2051 -2.96686 7.66997e-15
71.4138 -3.0113 7.56883e-15
72.6174 -3.05555 7.46812e-15
73.8155 -3.0996 7.36787e-15
75.0079 -3.14344 7.2681e-15
76.1944 -3.18707 7.16882e-15
77.3756 -3.23051 7.06997e-15
78.5523 -3.27379 6.97147e-15
79.7255 -3.31696 6.87325e-15
80.8958 -3.36003 6.77523e-15
82.0628 -3.40301 6.67745e-15
83.2259 -3.44586 6.57996e-15
84.3842 -3.48855 6.48285e-15
85.5368 -3.53105 6.38618e-15
86.6832 -3.57332 6.29002e-15
87.8228 -3.61536 6.1944e-15
88.9552 -3.65714 6.09938e-15
90.0794 -3.69862 6.00502e-15
91.1939 -3.73975 5.91149e-15
92.2963 -3.78042 5.81898e-15
93.3844 -3.82055 5.7277e-15
94.4559 -3.86004 5.63786e-15
95.5087 -3.8988 5.54966e-15
96.5404 -3.93675 5.4633e-15
97.5491 -3.9738 5.37897e-15
98.5327 -4.00987 5.29686e-15
99.4891 -4.04486 5.21716e-15
100.416 -4.0787 5.14006e-15
101.312 -4.11131 5.06574e-15
102.175 -4.14262 4.99433e-15
103.005 -4.17261 4.92589e-15
103.801 -4.20129 4.86042e-15
104.564 -4.22865 4.79785e-15
105.294 -4.25472 4.73819e-15
105.992 -4.27951 4.6814e-15
106.658 -4.30305 4.62743e-15
107.292 -4.32536 4.57623e-15
107.897 -4.34648 4.52771e-15
108.473 -4.36645 4.48175e-15
109.021 -4.38535 4.43821e-15
109.543 -4.40323 4.39696e-15
110.041 -4.42018 4.35783e-15
110.517 -4.43625 4.32065e-15
110.972 -4.45149 4.28536e-15
111.401 -4.46552 4.25274e-15
111.811 -4.47877 4.22185e-15
112.21 -4.49162 4.19188e-15
112.597 -4.50401 4.16295e-15
112.976 -4.51617 4.13456e-15
113.35 -4.52815 4.1066e-15
113.721 -4.54009 4.07875e-15
114.093 -4.55206 4.05083e-15
114.466 -4.56418 4.0226e-15
114.845 -4.57653 3.99387e-15
115.23 -4.58922 3.9644e-15
115.624 -4.60234 3.93398e-15
116.031 -4.61599 3.9024e-15
116.451 -4.63026 3.86946e-15
116.886 -4.64523 3.83492e-15
117.339 -4.66094 3.79871e-15
117.81 -4.67747 3.76066e-15
118.304 -4.69494 3.72054e-15
118.819 -4.71337 3.6783e-15
119.358 -4.73277 3.63388e-15
119.92 -4.75317 3.58725e-15
120.505 -4.77456 3.53842e-15
121.114 -4.79693 3.4874e-15
121.744 -4.82025 3.43428e-15
122.396 -4.84448 3.37914e-15
123.068 -4.86956 3.32212e-15
123.757 -4.89537 3.26346e-15
124.46 -4.92179 3.20347e-15
125.173 -4.94866 3.14248e-15
125.893 -4.97584 3.08081e-15
126.616 -5.00321 3.01873e-15
127.341 -5.03068 2.95646e-15
128.064 -5.05813 2.89424e-15
128.783 -5.08547 2.83228e-15
129.496 -5.11258 2.77084e-15
130.2 -5.13937 2.71017e-15
130.892 -5.16571 2.6505e-15
131.57 -5.19151 2.59207e-15
132.231 -5.21669 2.53504e-15
132.874 -5.24119 2.47956e-15
133.497 -5.26495 2.42576e-15
134.1 -5.28791 2.37377e-15
134.68 -5.31 2.32377e-15
135.234 -5.33112 2.27594e-15
135.761 -5.3512 2.2305e-15
136.259 -5.37015 2.18758e-15
136.727 -5.38794 2.14731e-15
137.163 -5.40452 2.10977e-15
137.567 -5.41988 2.075e-15
137.939 -5.43399 2.04305e-15
138.277 -5.44684 2.01397e-15
138.582 -5.4584 1.9878e-15
138.852 -5.46867 1.96456e-15
139.088 -5.47764 1.94427e-15
139.29 -5.4853 1.92695e-15
139.458 -5.49166 1.91258e-15
139.59 -5.49671 1.90116e-15
139.689 -5.50048 1.89268e-15
139.753 -5.50296 1.88711e-15
139.784 -5.50417 1.88443e-15
139.78 -5.50411 1.88464e-15
139.743 -5.50278 1.88773e-15
139.672 -5.50022 1.89362e-15
139.57 -5.49648 1.90219e-15
139.438 -5.49161 1.91332e-15
139.276 -5.48565 1.92693e-15
139.086 -5.47866 1.94291e-15
138.869 -5.47065 1.9612e-15
138.624 -5.46166 1.98174e-15
138.353 -5.45171 2.00445e-15
138.056 -5.44083 2.0293e-15
137.733 -5.42903 2.05625e-15
137.386 -5.41632 2.08529e-15
137.013 -5.4027 2.11639e-15
136.615 -5.3882 2.14953e-15
136.193 -5.37282 2.18467e-15
135.747 -5.35657 2.22179e-15
135.276 -5.33947 2.26088e-15
134.782 -5.32151 2.30192e-15
134.264 -5.30271 2.3449e-15
133.723 -5.28306 2.38981e-15
133.158 -5.26257 2.43664e-15
132.569 -5.24126 2.48538e-15
131.958 -5.21911 2.536e-15
131.324 -5.19616 2.58845e-15
130.666 -5.17239 2.64275e-15
129.986 -5.14779 2.69895e-15
129.283 -5.12236 2.75706e-15
128.556 -5.09606 2.81714e-15
127.805 -5.06888 2.87923e-15
127.03 -5.04077 2.94342e-15
126.228 -5.0117 3.00981e-15
125.399 -4.98162 3.07848e-15
124.543 -4.95048 3.14956e-15
123.658 -4.91823 3.22314e-15
122.742 -4.88483 3.29934e-15
121.793 -4.85012 3.37842e-15
120.81 -4.81412 3.46041e-15
119.795 -4.77685 3.54528e-15
118.746 -4.73824 3.63316e-15
117.662 -4.69827 3.7241e-15
116.544 -4.65692 3.81815e-15
115.39 -4.61417 3.91534e-15
114.201 -4.57003 4.01568e-15
112.98 -4.52477 4.11856e-15
111.727 -4.47827 4.22426e-15
110.439 -4.43035 4.33313e-15
109.119 -4.38116 4.44488e-15
107.767 -4.33068 4.55952e-15
106.385 -4.27901 4.67684e-15
104.973 -4.22616 4.79678e-15
103.534 -4.17222 4.9192e-15
102.069 -4.11722 5.044e-15
100.579 -4.06123 5.17102e-15
99.0656 -4.00433 5.30007e-15
97.5323 -3.94663 5.43094e-15
95.9811 -3.88822 5.56341e-15
94.4146 -3.82921 5.69722e-15
92.8358 -3.76972 5.83212e-15
91.2476 -3.70987 5.96784e-15
89.6528 -3.64978 6.10411e-15
88.0547 -3.58957 6.24064e-15
86.4564 -3.52939 6.37713e-15
84.8611 -3.46937 6.51324e-15
83.2724 -3.40965 6.64868e-15
81.6937 -3.35036 6.78317e-15
80.1279 -3.29163 6.91641e-15
78.5781 -3.23357 7.04815e-15
77.0468 -3.1763 7.17815e-15
75.5365 -3.11991 7.30617e-15
74.0496 -3.0645 7.43201e-15
72.5881 -3.01015 7.55549e-15
71.154 -2.95694 7.67642e-15
69.7488 -2.90492 7.79467e-15
68.3739 -2.85416 7.91013e-15
67.0304 -2.80469 8.02269e-15
65.7191 -2.75655 8.13228e-15
64.4407 -2.70975 8.23886e-15
63.1954 -2.66431 8.34241e-15
61.9832 -2.62022 8.44292e-15
60.804 -2.57747 8.54044e-15
59.6572 -2.53604 8.635e-15
58.5423 -2.49588 8.72669e-15
57.458 -2.45697 8.81561e-15
56.4032 -2.41923 8.90187e-15
55.3765 -2.38261 8.98561e-15
54.3764 -2.34705 9.06698e-15
53.401 -2.31247 9.14616e-15
52.4486 -2.27878 9.2233e-15
51.5172 -2.24591 9.29861e-15
50.6047 -2.21377 9.37228e-15
49.7087 -2.18225 9.44452e-15
48.8271 -2.15127 9.51555e-15
47.9576 -2.12073 9.58557e-15
47.0978 -2.09057 9.65468e-15
46.2474 -2.06075 9.72299e-15
45.4062 -2.03123 9.79061e-15
44.5728 -2.00198 9.85761e-15
43.747 -1.97297 9.92405e-15
42.9281 -1.94418 9.98997e-15
42.115 -1.91559 1.00554e-14
41.3079 -1.8872 1.01203e-14
40.5071 -1.85898 1.01849e-14
39.712 -1.83095 1.0249e-14
38.9229 -1.80308 1.03127e-14
38.1396 -1.77539 1.0376e-14
37.3631 -1.74796 1.04386e-14
36.5937 -1.72078 1.05007e-14
35.8311 -1.6938 1.05623e-14
35.0764 -1.66708 1.06233e-14
34.3313 -1.64068 1.06836e-14
33.5977 -1.61468 1.07429e-14
32.8779 -1.58917 1.08012e-14
32.1734 -1.56421 1.08582e-14
31.4842 -1.5398 1.09139e-14
30.8092 -1.5159 1.09684e-14
30.1471 -1.49246 1.1022e-14
29.4966 -1.46942 1.10745e-14
28.857 -1.44676 1.11262e-14
28.2279 -1.42445 1.11771e-14
27.6088 -1.40248 1.12272e-14
26.9991 -1.38082 1.12767e-14
26.3986 -1.35945 1.13254e-14
25.8069 -1.33837 1.13734e-14
25.2238 -1.31757 1.14209e-14
24.6489 -1.29703 1.14677e-14
24.0823 -1.27676 1.15139e-14
23.5239 -1.25674 1.15595e-14
22.9736 -1.23699 1.16044e-14
22.4316 -1.21751 1.16488e-14
21.8979 -1.1983 1.16925e-14
21.3727 -1.17937 1.17356e-14
20.8563 -1.16074 1.1778e-14
20.3489 -1.14241 1.18197e-14
