  -1.8348624999999999e-04	
  -3.0581039999999997e-04	
  -1.6870539999999999e-03	
  -2.1049950000000001e-03	
  -2.7930684999999998e-03	
  -1.5749234999999999e-03	
  -3.3639145000000000e-04	
  -4.5361875000000002e-04	
  -1.1213050000000000e-03	
  -1.3557595000000000e-03	
  -1.2385320000000001e-03	
  -2.0998980000000002e-03	
  -1.8042815000000000e-03	
  -5.3007149999999997e-04	
  -5.6574900000000005e-04	
  -1.1365955000000000e-03	
  -1.4525994999999999e-03	
  -1.3761470000000001e-03	
  -1.3761470000000001e-03	
  -1.3965340000000001e-03	
  -2.0897045000000001e-03	
  -1.8246684999999999e-03	
  -9.8878700000000009e-04	
   5.0968400000000003e-06	
  -1.7838939999999999e-04	
  -2.5484200000000002e-04	
  -1.0091745000000000e-03	
  -7.0846099999999996e-04	
  -2.3853210000000001e-03	
  -2.0540265000000002e-03	
  -4.3323139999999999e-04	
  -1.2232414999999999e-04	
  -4.5361875000000002e-04	
  -6.3710500000000001e-04	
  -4.6381245000000001e-04	
  -1.4780834999999999e-04	
   6.9826700000000003e-04	
   3.0581039999999997e-04	
  -1.3863405000000000e-03	
  -3.0632010000000002e-03	
  -3.2262994999999999e-03	
  -1.3812435000000001e-03	
  -8.4097849999999999e-04	
  -1.1213050000000000e-03	
  -1.1875634999999999e-03	
  -1.0856270000000000e-03	
  -2.7522935000000000e-04	
  -7.3904199999999998e-04	
   6.3200799999999998e-04	
   3.9755349999999999e-04	
  -2.6503570000000002e-04	
  -3.2619775000000001e-04	
  -1.4118245000000001e-03	
  -1.1213050000000000e-03	
  -2.6503570000000002e-04	
   1.2436290000000000e-03	
   1.0499490000000001e-03	
  -3.0071355000000000e-04	
  -8.9194700000000003e-04	
  -9.1233449999999995e-04	
  -1.6819570000000000e-03	
  -2.4209990000000001e-03	
  -2.3343525000000002e-03	
  -2.1355760000000001e-03	
  -1.1773700000000001e-03	
  -2.0387360000000002e-03	
  -2.5840980000000000e-03	
  -5.0152900000000004e-03	
  -4.7502550000000001e-03	
  -4.5667685000000003e-03	
  -5.5912350000000000e-03	
  -3.6034660000000000e-03	
  -1.9724769999999998e-03	
   1.1875634999999999e-03	
   5.6065250000000003e-05	
  -2.3955150000000000e-03	
  -1.9469929999999999e-03	
  -7.5942900000000005e-04	
   1.1518860000000000e-03	
  -7.6962299999999999e-04	
  -2.4923545000000002e-03	
  -3.9092759999999997e-03	
  -4.5871560000000002e-03	
  -5.7339449999999998e-03	
  -8.7665650000000005e-03	
  -9.9796150000000007e-03	
  -7.0540250000000002e-03	
  -2.9918449999999999e-03	
  -1.6717634999999999e-03	
  -4.1488274999999996e-03	
  -6.2742099999999997e-03	
  -5.8715599999999996e-03	
  -2.8899084999999998e-03	
  -5.9123349999999999e-04	
  -8.5117250000000004e-04	
  -4.2252805000000003e-03	
  -7.1253799999999997e-03	
  -6.2945950000000001e-03	
  -4.5922530000000001e-03	
  -4.4036695000000004e-03	
  -3.1396534999999998e-03	
  -1.8858309999999999e-03	
  -8.5626900000000000e-04	
   8.5626900000000000e-04	
  -2.0081550000000002e-03	
  -3.0682974999999999e-03	
  -3.0632010000000002e-03	
   2.6911315000000000e-03	
   4.0723749999999996e-03	
   3.5015290000000002e-03	
  -3.9755349999999999e-04	
   1.0907239999999999e-03	
   2.6401630000000001e-03	
   3.9857290000000004e-03	
   5.3210999999999996e-03	
   6.8297649999999998e-03	
   9.6534150000000003e-03	
   1.2584100000000001e-02	
   1.5214065000000001e-02	
   1.4704385000000000e-02	
   1.3211010000000000e-02	
   1.2614680000000000e-02	
   1.2629970000000001e-02	
   1.1610600000000000e-02	
   9.4138650000000004e-03	
   6.4322099999999998e-03	
   3.3995925000000001e-03	
   1.4525994999999999e-03	
  -2.5484199999999999e-05	
  -6.6258899999999997e-05	
  -1.0958204999999999e-03	
  -1.3710500000000000e-03	
  -1.7889910000000000e-03	
  -3.5372070000000001e-03	
  -4.4291540000000003e-03	
  -6.7431200000000000e-03	
  -8.1600400000000003e-03	
  -7.7726799999999997e-03	
  -5.5657500000000004e-03	
  -2.4464830000000002e-03	
   1.3761470000000001e-03	
   6.5035700000000002e-03	
   9.8521900000000003e-03	
   1.1228340000000000e-02	
   1.1569825000000001e-02	
   8.5219149999999997e-03	
   3.9857290000000004e-03	
  -7.6452599999999994e-05	
  -1.8501530000000000e-03	
   7.5433249999999998e-04	
   4.2150864999999996e-03	
   7.2426100000000000e-03	
   1.0326200000000001e-02	
   8.0733950000000006e-03	
   5.2701349999999996e-03	
   2.3139655000000000e-03	
  -8.4607550000000001e-04	
   7.0846099999999996e-04	
   8.2568799999999999e-04	
   2.0183484999999998e-03	
   3.3741079999999998e-03	
   2.0081550000000002e-03	
   2.4974515000000000e-04	
  -3.5168195000000002e-03	
  -4.8369010000000002e-03	
  -4.6483180000000002e-03	
  -5.7339449999999998e-03	
  -5.6574900000000003e-03	
  -6.2691149999999996e-03	
  -5.4689099999999996e-03	
  -5.3007150000000001e-03	
  -3.6646280000000001e-03	
   1.3353720000000000e-03	
   3.1294595000000000e-03	
   2.4821610000000001e-03	
  -1.5290519999999999e-04	
  -3.7104995000000001e-03	
  -2.7268094999999999e-03	
  -2.5942915000000000e-03	
   1.3761470000000001e-04	
   2.6503569999999999e-03	
   6.5647300000000004e-03	
   9.3119250000000004e-03	
   1.1702344999999999e-02	
   1.3537205000000000e-02	
   1.2895004999999999e-02	
   1.5876655000000000e-02	
   1.4734964999999999e-02	
   1.1666665000000000e-02	
   7.7879700000000000e-03	
   8.4760449999999998e-03	
   9.6941900000000001e-03	
   1.5214065000000001e-02	
   2.0316005000000002e-02	
   2.3017329999999999e-02	
   2.4561670000000001e-02	
   2.4806320000000000e-02	
   2.6941895000000000e-02	
   3.0810400000000002e-02	
   3.5642199999999999e-02	
   4.3124364999999998e-02	
   5.2069299999999999e-02	
   5.4694199999999998e-02	
   5.0117250000000002e-02	
   4.2217125000000001e-02	
   3.6880734999999998e-02	
   3.6075435000000003e-02	
   3.6620794999999998e-02	
   3.3771660000000002e-02	
   2.9959224999999999e-02	
   2.7456675000000000e-02	
   2.6585114999999999e-02	
   2.9867479999999998e-02	
   3.1972475000000000e-02	
   3.2354740000000000e-02	
   3.2186544999999997e-02	
   2.9683995000000001e-02	
   2.3343525000000000e-02	
   1.2298675000000000e-02	
  -4.6228340000000001e-03	
  -2.5132519999999998e-02	
  -4.8618755000000000e-02	
  -6.8114149999999998e-02	
  -8.5361900000000004e-02	
  -1.0302749999999999e-01	
  -1.0775230000000000e-01	
  -1.0453620000000000e-01	
  -8.3817550000000005e-02	
  -5.0356800000000000e-02	
  -8.9041799999999994e-03	
   3.6916409999999997e-02	
   7.8114149999999993e-02	
   1.1036190000000000e-01	
   1.4119775000000001e-01	
   1.5196740000000000e-01	
   1.5795614999999999e-01	
   1.4774209999999999e-01	
   1.2974515000000000e-01	
   1.0828744999999999e-01	
   8.4862400000000004e-02	
   6.5188599999999999e-02	
   3.3797145000000001e-02	
   4.2303769999999999e-04	
  -3.2471964999999998e-02	
  -5.8343550000000001e-02	
  -7.6799199999999998e-02	
  -8.3623850000000000e-02	
  -8.7762499999999993e-02	
  -8.5825700000000005e-02	
  -8.1274200000000005e-02	
  -7.8827750000000002e-02	
  -7.4587150000000005e-02	
  -7.1946999999999997e-02	
  -6.9908250000000005e-02	
  -7.0101949999999996e-02	
  -6.9816500000000004e-02	
  -7.4296650000000006e-02	
  -8.3287449999999999e-02	
  -9.5519900000000005e-02	
  -1.0615700000000000e-01	
  -1.0577979999999999e-01	
  -1.0515800000000000e-01	
  -9.4918450000000001e-02	
  -8.3914349999999999e-02	
  -6.7706400000000000e-02	
  -5.0662600000000002e-02	
  -2.3792049999999999e-02	
   1.8195720000000000e-03	
   2.9067280000000001e-02	
   5.8572899999999997e-02	
   8.1365950000000006e-02	
   9.6738000000000005e-02	
   1.0121305000000000e-01	
   9.5723749999999996e-02	
   8.3419999999999994e-02	
   5.2971450000000003e-02	
   1.8338429999999999e-02	
  -1.8562690000000000e-02	
  -5.7018350000000002e-02	
  -9.2354749999999999e-02	
  -1.2645770000000001e-01	
  -1.5383790000000000e-01	
  -1.6957185000000000e-01	
  -1.6544850000000000e-01	
  -1.5151375000000000e-01	
  -1.3053005000000001e-01	
  -1.1136085000000000e-01	
  -1.0168705000000000e-01	
  -8.5463800000000006e-02	
  -7.6472999999999999e-02	
  -6.4092750000000004e-02	
  -5.3348600000000003e-02	
  -4.6411824999999997e-02	
  -3.9128440000000000e-02	
  -3.6019370000000002e-02	
  -3.4459734999999998e-02	
  -3.0861365000000002e-02	
  -3.0973495000000000e-02	
  -3.0570844999999999e-02	
  -2.8577979999999999e-02	
  -2.2191639999999999e-02	
  -1.6819569999999999e-02	
  -7.1712549999999996e-03	
   1.4933740000000000e-03	
   1.3511725000000000e-02	
   2.0876655000000001e-02	
   2.8470949999999998e-02	
   3.5861364999999999e-02	
   4.2864424999999998e-02	
   5.4816499999999997e-02	
   6.4475050000000006e-02	
   7.5423050000000005e-02	
   8.2828750000000007e-02	
   8.3634050000000001e-02	
   9.0509699999999998e-02	
   9.5754350000000002e-02	
   1.0250765000000001e-01	
   1.0860855000000000e-01	
   1.0193170000000000e-01	
   8.6610599999999996e-02	
   6.0784900000000003e-02	
   3.6926605000000001e-02	
   6.4831799999999998e-03	
  -1.6131500000000000e-02	
  -2.9546380000000001e-02	
  -3.3318044999999998e-02	
  -2.6350664999999999e-02	
  -1.4169215000000001e-02	
   3.9245670000000003e-03	
   2.0978594999999999e-02	
   3.7589194999999999e-02	
   5.0881750000000003e-02	
   6.4913349999999995e-02	
   7.5698249999999995e-02	
   8.7594300000000000e-02	
   9.5458699999999994e-02	
   1.0035680000000000e-01	
   1.0416410000000000e-01	
   1.0950050000000000e-01	
   1.0734455000000000e-01	
   1.0556575000000000e-01	
   8.9831800000000003e-02	
   7.0489300000000005e-02	
   4.3634045000000003e-02	
   2.3802245000000000e-02	
   6.3761449999999997e-03	
  -4.8419979999999999e-04	
   4.1335369999999996e-03	
   1.4974515000000001e-02	
   3.6060145000000002e-02	
   5.0927600000000003e-02	
   6.2400600000000001e-02	
   6.0265050000000001e-02	
   4.7589195000000001e-02	
   3.5020385000000001e-02	
   2.0948010000000000e-02	
   8.8073400000000003e-03	
  -1.0295615000000000e-03	
  -1.4067280000000000e-02	
  -2.5922529999999999e-02	
  -4.0733945000000001e-02	
  -5.0056049999999998e-02	
  -5.5066249999999997e-02	
  -6.0581049999999997e-02	
  -6.3965350000000004e-02	
  -6.8491350000000006e-02	
  -7.0005100000000001e-02	
  -7.4215100000000006e-02	
  -8.3103999999999997e-02	
  -8.9291549999999997e-02	
  -9.5295599999999994e-02	
  -9.5387349999999996e-02	
  -8.8756349999999998e-02	
  -7.3083599999999999e-02	
  -5.3893999999999997e-02	
  -3.4847095000000002e-02	
  -1.3944955000000000e-02	
  -3.6289500000000001e-03	
   1.2436290000000000e-03	
   5.2497450000000005e-04	
  -3.3129460000000002e-03	
  -5.1631000000000003e-03	
  -8.0224249999999997e-03	
  -9.6687049999999997e-03	
  -1.5988784999999998e-02	
  -2.4918450000000002e-02	
  -3.6095820000000001e-02	
  -4.6427114999999998e-02	
  -5.2879700000000002e-02	
  -5.8470950000000001e-02	
  -5.6992849999999998e-02	
  -5.3639149999999997e-02	
  -4.4444444999999999e-02	
  -3.6972474999999998e-02	
  -3.3970439999999998e-02	
  -3.1467889999999998e-02	
  -3.0886850000000000e-02	
  -2.7013249999999999e-02	
  -2.6636085000000000e-02	
  -2.4220185000000002e-02	
  -2.3053005000000001e-02	
  -2.3766565000000000e-02	
  -1.9016310000000002e-02	
  -1.4852189999999999e-02	
  -6.5494400000000001e-03	
   1.1060145000000000e-03	
   1.1371050000000001e-02	
   2.1753314999999999e-02	
   2.8261979999999999e-02	
   3.2242609999999998e-02	
   3.2436290000000000e-02	
   3.0310904999999999e-02	
   3.2522935000000003e-02	
   3.5596330000000002e-02	
   4.2660549999999998e-02	
   5.0433249999999999e-02	
   5.8460749999999999e-02	
   6.7522949999999998e-02	
   7.4250750000000004e-02	
   8.1044850000000002e-02	
   8.7884799999999999e-02	
   8.8939850000000001e-02	
   8.7038749999999998e-02	
   7.9011200000000004e-02	
   7.5728850000000000e-02	
   6.6676849999999996e-02	
   5.9230400000000002e-02	
   4.8002040000000003e-02	
   3.8241589999999999e-02	
   2.7222219999999998e-02	
   1.2956165000000000e-02	
   2.0744140000000001e-03	
  -9.3527000000000002e-03	
  -1.6824670000000000e-02	
  -1.9617735000000001e-02	
  -1.5361875000000001e-02	
  -1.0285425000000001e-02	
  -6.3659550000000004e-03	
  -1.2538225000000001e-03	
   8.4607550000000001e-04	
   2.0998980000000002e-03	
   5.4943950000000000e-03	
   1.1580020000000000e-02	
   1.3297655000000000e-02	
   9.9235450000000006e-03	
   2.2833845000000000e-03	
  -4.5310905000000004e-03	
  -8.3180449999999996e-03	
  -1.0575945000000000e-02	
  -8.4148850000000004e-03	
  -9.2201850000000005e-03	
  -9.6330300000000008e-03	
  -1.6437310000000000e-02	
  -1.8200814999999999e-02	
  -2.2043835000000001e-02	
  -2.2548420000000000e-02	
  -2.5198775000000000e-02	
  -2.5667684999999999e-02	
  -2.7675840000000000e-02	
  -2.7212030000000002e-02	
  -2.4174310000000001e-02	
  -1.5484200000000000e-02	
   7.3394499999999995e-04	
   2.1936799999999999e-02	
   4.2135575000000001e-02	
   5.9668699999999998e-02	
   7.3323150000000004e-02	
   8.2696249999999999e-02	
   9.0295600000000004e-02	
   8.8200799999999996e-02	
   8.5993899999999998e-02	
   8.0275250000000006e-02	
   7.2380200000000006e-02	
   5.9607550000000002e-02	
   3.1523954999999999e-02	
   8.0988799999999993e-03	
  -1.6284404999999998e-02	
  -4.1391434999999997e-02	
  -6.3950049999999994e-02	
  -8.6309899999999995e-02	
  -1.0184505000000001e-01	
  -1.1040265000000000e-01	
  -1.0963305000000000e-01	
  -1.0257900000000000e-01	
  -9.8909300000000006e-02	
  -9.4791050000000002e-02	
  -9.2971449999999997e-02	
  -8.0188599999999999e-02	
  -6.8287450000000000e-02	
  -5.1223249999999998e-02	
  -3.4908254999999999e-02	
  -2.0336389999999999e-02	
  -1.1279305000000000e-02	
  -1.0458715000000000e-02	
  -1.4760450000000000e-02	
  -1.7849134999999999e-02	
  -2.4678900000000000e-02	
  -2.7003059999999999e-02	
  -3.0672785000000001e-02	
  -3.1503570000000002e-02	
  -3.1722729999999998e-02	
  -3.5402650000000001e-02	
  -3.8445464999999998e-02	
  -4.4780834999999998e-02	
  -4.9454640000000001e-02	
  -5.5076449999999999e-02	
  -5.6473000000000002e-02	
  -6.2538250000000004e-02	
  -6.5015299999999998e-02	
  -6.7787950000000000e-02	
  -6.2966350000000004e-02	
  -6.0397550000000001e-02	
  -5.3384300000000003e-02	
  -4.5285424999999997e-02	
  -4.1182465000000001e-02	
  -3.8654435000000001e-02	
  -3.9413864999999999e-02	
  -3.7512740000000003e-02	
  -3.7069314999999999e-02	
  -3.5754330000000001e-02	
  -3.1325180000000001e-02	
  -2.9123344999999998e-02	
  -2.8369010000000000e-02	
  -2.9286440000000000e-02	
  -2.8511725000000002e-02	
  -2.7084609999999999e-02	
  -2.2981649999999999e-02	
  -1.3883790000000000e-02	
  -5.5657500000000004e-03	
   1.7991845000000001e-03	
   6.6360849999999999e-03	
   7.7726799999999997e-03	
   1.1049949999999999e-02	
   1.1467890000000000e-02	
   1.3119265000000000e-02	
   1.4551480000000000e-02	
   1.9072374999999999e-02	
   2.2629969999999999e-02	
   2.8231394999999999e-02	
   2.7232414999999999e-02	
   3.3119265000000002e-02	
   2.9245670000000001e-02	
   3.0759430000000001e-02	
   2.7288480000000000e-02	
   2.9709480000000000e-02	
   3.1365955000000001e-02	
   3.6330275000000002e-02	
   3.8883790000000001e-02	
   4.1799185000000003e-02	
   4.4683994999999997e-02	
   4.3470950000000001e-02	
   4.9454640000000001e-02	
   5.1610600000000000e-02	
   5.8975550000000002e-02	
   6.1207949999999997e-02	
   6.4087649999999996e-02	
   6.2854250000000000e-02	
   6.5897049999999999e-02	
   6.6789000000000001e-02	
   6.9745150000000006e-02	
   7.5285400000000002e-02	
   8.1386349999999996e-02	
   8.6666649999999998e-02	
   9.1513750000000005e-02	
   9.7303749999999994e-02	
   9.7191650000000004e-02	
   9.9123349999999999e-02	
   1.0109580000000000e-01	
   9.6136600000000003e-02	
   9.0219149999999998e-02	
   7.7028550000000001e-02	
   6.8486249999999999e-02	
   5.9424049999999999e-02	
   5.2996950000000001e-02	
   5.1936799999999998e-02	
   5.2456700000000002e-02	
   5.8506650000000000e-02	
   6.4602450000000006e-02	
   7.0820599999999997e-02	
   7.4587150000000005e-02	
   7.7747200000000002e-02	
   8.2976549999999996e-02	
   8.3934750000000002e-02	
   8.3476049999999996e-02	
   7.9673800000000003e-02	
   7.5795100000000004e-02	
   7.0397550000000003e-02	
   6.7579000000000000e-02	
   6.4745150000000001e-02	
   6.9077449999999999e-02	
   7.0163100000000006e-02	
   7.3929650000000000e-02	
   7.4245649999999996e-02	
   7.2308849999999994e-02	
   6.6126400000000002e-02	
   6.4602450000000006e-02	
   5.8012250000000001e-02	
   5.6666649999999999e-02	
   4.9587155000000001e-02	
   4.1773699999999997e-02	
   3.9694189999999997e-02	
   2.9689094999999999e-02	
   2.2925584999999998e-02	
   1.2171255000000001e-02	
   3.2364935000000002e-03	
  -5.9480100000000001e-03	
  -1.0321100000000000e-02	
  -1.4413865000000000e-02	
  -1.8990824999999999e-02	
  -2.3374110000000000e-02	
  -2.9087664999999999e-02	
  -3.5856270000000003e-02	
  -3.9164119999999997e-02	
  -4.4373089999999997e-02	
  -4.7329255000000001e-02	
  -5.4041800000000001e-02	
  -5.8853200000000001e-02	
  -6.9918449999999993e-02	
  -7.7115199999999995e-02	
  -8.1926600000000002e-02	
  -8.5086650000000000e-02	
  -8.6931700000000001e-02	
  -8.4342500000000001e-02	
  -8.2380200000000001e-02	
  -7.8256900000000004e-02	
  -7.7528050000000001e-02	
  -7.5983700000000001e-02	
  -7.4913350000000004e-02	
  -7.7864400000000000e-02	
  -8.0326200000000000e-02	
  -8.0937800000000004e-02	
  -8.4133550000000001e-02	
  -8.2155950000000005e-02	
  -8.0300700000000003e-02	
  -7.2793049999999998e-02	
  -6.8241599999999999e-02	
  -6.2711500000000003e-02	
  -5.9836899999999998e-02	
  -5.2675850000000003e-02	
  -5.0953100000000001e-02	
  -5.1783900000000001e-02	
  -5.2048949999999997e-02	
  -4.5723750000000001e-02	
  -4.2889910000000003e-02	
  -3.9602445000000000e-02	
  -4.0795104999999998e-02	
  -4.0229359999999999e-02	
  -4.3990824999999997e-02	
  -4.5555554999999998e-02	
  -4.3144750000000003e-02	
  -3.7762484999999998e-02	
  -3.0407745000000000e-02	
  -2.2181449999999998e-02	
  -1.4123345000000001e-02	
  -1.1258920000000000e-02	
  -8.0071350000000003e-03	
  -5.8613650000000003e-03	
  -6.2945950000000001e-03	
  -1.1396534999999999e-02	
  -1.8613660000000001e-02	
  -2.5932719999999999e-02	
  -3.5968399999999998e-02	
  -4.3618755000000002e-02	
  -4.8934760000000001e-02	
  -5.0504599999999997e-02	
  -4.9362894999999997e-02	
  -4.4734965000000002e-02	
  -3.5835880000000001e-02	
  -2.8017330000000000e-02	
  -1.7757390000000001e-02	
  -1.0173295000000001e-02	
  -3.3129460000000002e-03	
  -1.2232414999999999e-04	
   5.1478099999999996e-04	
  -6.5749250000000003e-04	
   2.1916410000000000e-04	
   1.7838940000000001e-03	
   1.0652394999999999e-03	
   3.8735985000000001e-04	
  -6.5749250000000003e-04	
  -3.6697250000000000e-03	
  -7.2477050000000001e-03	
  -7.2680949999999996e-03	
  -3.5728850000000000e-03	
   1.9113150000000000e-03	
   6.1722749999999996e-03	
   1.0509685000000000e-02	
   1.4245670000000000e-02	
   1.6371050000000002e-02	
   1.9311925000000001e-02	
   2.4719675000000000e-02	
   2.9250765000000001e-02	
   3.2013250000000000e-02	
   3.4393475000000000e-02	
   3.7471965000000003e-02	
   3.9969419999999999e-02	
   4.3888890000000000e-02	
   4.4836899999999999e-02	
   4.3160039999999997e-02	
   3.5423040000000003e-02	
   2.6090724999999999e-02	
   1.5647299999999999e-02	
   8.6085650000000003e-03	
   5.3007149999999997e-04	
  -3.8837920000000001e-03	
  -8.1141700000000004e-03	
  -1.0000000000000000e-02	
  -9.3221199999999997e-03	
  -8.6340449999999999e-03	
  -6.8756349999999997e-03	
  -8.6952100000000001e-03	
  -1.2996940000000000e-02	
  -1.7645259999999999e-02	
  -2.1743120000000001e-02	
  -2.8058105000000000e-02	
  -3.8098880000000002e-02	
  -5.2558599999999997e-02	
  -6.9541300000000000e-02	
  -8.9138650000000000e-02	
  -1.0432210000000000e-01	
  -1.1624875000000000e-01	
  -1.2296635000000000e-01	
  -1.2150355000000000e-01	
  -1.1562180000000000e-01	
  -1.0125890000000000e-01	
  -8.6901099999999995e-02	
  -6.7461750000000001e-02	
  -4.6829765000000002e-02	
  -3.1651375000000002e-02	
  -1.7329254999999998e-02	
  -8.3486250000000001e-03	
  -6.7787950000000000e-04	
   4.4852190000000004e-03	
   8.2823649999999999e-03	
   1.2436289999999999e-02	
   1.5611620000000000e-02	
   1.7329254999999998e-02	
   1.8093780000000000e-02	
   1.8246684999999999e-02	
   1.6284404999999998e-02	
   1.6269115000000001e-02	
   1.2930685000000001e-02	
   1.0560650000000000e-02	
   6.8195699999999996e-03	
   3.4250765000000002e-03	
  -4.2915389999999996e-03	
  -9.0774700000000007e-03	
  -1.7696230000000000e-02	
  -2.1977574999999999e-02	
  -2.8883789999999999e-02	
  -3.2716614999999998e-02	
  -3.5188585000000001e-02	
  -3.4092760000000000e-02	
  -3.2956165000000003e-02	
  -3.1192660000000001e-02	
  -3.1111110000000001e-02	
  -3.3797145000000001e-02	
  -3.5586134999999998e-02	
  -3.3017329999999998e-02	
  -2.5402649999999999e-02	
  -2.0570845000000001e-02	
  -1.0749234999999999e-02	
  -5.7033650000000002e-03	
   3.6238529999999998e-03	
   9.3781850000000007e-03	
   1.3695209999999999e-02	
   1.6636084999999998e-02	
   1.6233435000000001e-02	
   1.9001020000000000e-02	
   2.1345565000000000e-02	
   2.3827725000000001e-02	
   2.3445464999999999e-02	
   2.5147810000000000e-02	
   2.3537204999999999e-02	
   2.5402649999999999e-02	
   2.1850155000000000e-02	
   2.4525994999999998e-02	
   2.4230374999999998e-02	
   2.7558615000000002e-02	
   2.8888890000000000e-02	
   3.4887870000000001e-02	
   3.7686035000000000e-02	
   4.1656474999999998e-02	
   4.5978594999999997e-02	
   5.3817549999999999e-02	
   6.2629950000000004e-02	
   7.2273199999999996e-02	
   8.1987749999999998e-02	
   9.0789999999999996e-02	
   9.8272150000000003e-02	
   1.0942404999999999e-01	
   1.2443935000000000e-01	
   1.3776250000000001e-01	
   1.4929665000000000e-01	
   1.5286949999999999e-01	
   1.4812434999999999e-01	
   1.3384810000000000e-01	
   1.1149335000000000e-01	
   7.9225299999999999e-02	
   5.0025500000000001e-02	
   2.3460755000000000e-02	
   2.6554535000000001e-03	
  -1.4220185000000000e-02	
  -1.6044849999999999e-02	
  -1.1177370000000001e-02	
  -8.9194700000000003e-04	
   1.2945975000000000e-02	
   2.3837919999999999e-02	
   3.6773699999999999e-02	
   4.2405709999999999e-02	
   4.3975535000000003e-02	
   4.0922529999999999e-02	
   3.3002040000000003e-02	
   2.9454640000000001e-02	
   2.3394495000000001e-02	
   1.6075434999999999e-02	
   1.1732925000000000e-02	
   6.8348599999999999e-03	
   7.2018350000000002e-03	
   6.3149850000000004e-03	
   8.4505599999999993e-03	
   9.3323150000000007e-03	
   6.8603450000000003e-03	
   7.7319049999999999e-03	
   3.9908254999999997e-03	
   2.7115189999999999e-03	
   1.9266055000000000e-03	
   3.5677880000000001e-03	
   5.6473000000000001e-03	
   3.3333335000000001e-03	
   2.7319060000000001e-03	
   1.9164119999999999e-03	
   6.1671749999999998e-04	
  -1.3098879999999999e-03	
  -4.1488274999999996e-03	
  -6.6717649999999996e-03	
  -1.1992865000000000e-02	
  -1.3593269999999999e-02	
  -1.6044849999999999e-02	
  -1.5856269999999999e-02	
  -1.6753315000000001e-02	
  -1.8022425000000002e-02	
  -1.9454639999999999e-02	
  -2.1957185000000001e-02	
  -2.2859325000000000e-02	
  -2.2252805000000001e-02	
  -2.2884809999999998e-02	
  -2.4658510000000002e-02	
  -2.6100914999999999e-02	
  -2.6248725000000001e-02	
  -2.6243630000000000e-02	
  -2.3781855000000001e-02	
  -2.1768605000000000e-02	
  -1.9943934999999999e-02	
  -1.8068299999999999e-02	
  -1.5514780000000001e-02	
  -1.0565750000000000e-02	
  -7.7573900000000003e-03	
  -6.0091750000000003e-03	
  -5.3414900000000000e-03	
  -4.8572885000000001e-03	
  -3.9245670000000003e-03	
  -5.3771649999999997e-03	
  -2.8236494999999999e-03	
  -2.8389399999999999e-03	
  -1.6717634999999999e-03	
  -6.8297650000000002e-04	
   7.0336400000000005e-04	
   2.3547400000000001e-03	
   5.5045850000000004e-04	
   1.3863405000000000e-03	
  -2.6503570000000002e-04	
  -1.1620795000000001e-03	
  -1.0142710000000000e-03	
   1.5290520000000000e-05	
   4.9388380000000001e-03	
   8.5219149999999997e-03	
   1.0530070000000001e-02	
   1.2028540000000001e-02	
   1.3797145000000000e-02	
   1.5963305000000001e-02	
   1.9108054999999999e-02	
   2.0326199999999999e-02	
   2.2130480000000001e-02	
   1.9001020000000000e-02	
   2.0958205000000001e-02	
   2.1381245000000000e-02	
   1.7140675000000001e-02	
   1.3557595000000000e-02	
   7.0999000000000001e-03	
   3.5575945000000000e-03	
  -1.7227320000000000e-03	
  -4.5158000000000004e-03	
  -7.3190599999999996e-03	
  -6.9979600000000001e-03	
  -8.5575949999999994e-03	
  -8.3995900000000002e-03	
  -8.7563699999999994e-03	
  -9.3476050000000001e-03	
  -9.5361899999999999e-03	
  -1.0988784999999999e-02	
  -1.0244649999999999e-02	
  -9.8165149999999996e-03	
  -6.0397550000000000e-03	
  -3.8685015000000001e-03	
  -1.4169215000000000e-03	
  -1.7787969999999999e-03	
   1.4780834999999999e-04	
  -2.9561669999999998e-04	
  -1.9877674999999998e-03	
  -2.2120285000000002e-03	
  -3.6238529999999998e-03	
  -7.9000999999999995e-04	
  -6.2181450000000000e-04	
  -2.0846075000000002e-03	
   3.1600410000000003e-04	
  -2.8746175000000001e-03	
  -6.3353699999999999e-03	
  -9.8623849999999996e-03	
  -1.1926605000000000e-02	
  -1.0764525000000000e-02	
  -9.5412850000000000e-03	
  -6.1467900000000001e-03	
  -7.6197749999999996e-03	
  -7.1712549999999996e-03	
  -9.7604500000000004e-03	
  -9.7196750000000005e-03	
  -1.0010195000000000e-02	
  -9.1590200000000004e-03	
  -6.6717649999999996e-03	
  -5.5861349999999999e-03	
  -4.9745160000000000e-03	
  -3.5066260000000001e-03	
  -2.3700305000000001e-03	
  -1.5290519999999999e-03	
   2.4566770000000000e-03	
   6.3149850000000004e-03	
   8.3944950000000001e-03	
   4.4699285000000004e-03	
   1.9979615000000001e-03	
   8.8685000000000001e-04	
   1.6513760000000000e-03	
   3.2517840000000002e-03	
   3.1243629999999998e-03	
   5.6574900000000003e-03	
   5.4230399999999996e-03	
   5.7951050000000000e-03	
   5.6116200000000003e-03	
   4.4240570000000003e-03	
   2.1814475000000002e-03	
  -1.8093779999999999e-03	
  -4.9286440000000003e-03	
  -9.6839950000000008e-03	
  -1.2971460000000001e-02	
  -1.4525995000000000e-02	
  -1.4311925000000000e-02	
  -1.3160040000000000e-02	
  -1.3042814999999999e-02	
  -1.4291540000000000e-02	
  -1.5514780000000001e-02	
  -1.9001020000000000e-02	
  -1.9933739999999998e-02	
  -2.2609580000000001e-02	
  -2.6044850000000001e-02	
  -3.0290520000000001e-02	
  -3.3883789999999997e-02	
  -3.3307850000000000e-02	
  -3.1977575000000001e-02	
  -2.8460755000000001e-02	
  -2.6034660000000001e-02	
  -2.0061160000000001e-02	
  -1.6182465000000000e-02	
  -1.3593269999999999e-02	
  -9.9337399999999999e-03	
  -7.7777799999999998e-03	
  -4.9847095000000001e-03	
  -9.0265050000000006e-03	
  -1.0066260000000000e-02	
  -1.0336390000000001e-02	
  -1.1029560000000001e-02	
  -1.1768605000000000e-02	
  -9.0876650000000000e-03	
  -1.2257900000000000e-02	
  -1.0560650000000000e-02	
  -1.1192660000000000e-02	
  -8.6238549999999997e-03	
  -7.7166149999999996e-03	
  -8.0122300000000004e-03	
  -8.7003050000000002e-03	
  -6.2589200000000003e-03	
  -5.4638100000000004e-03	
  -5.2293599999999997e-03	
  -4.4393475000000003e-03	
  -6.8960250000000001e-03	
  -1.0035680000000000e-02	
  -1.2787969999999999e-02	
  -1.3527015000000000e-02	
  -1.4266055000000000e-02	
  -1.5524975000000000e-02	
  -1.7222220000000000e-02	
  -2.0117224999999999e-02	
  -2.2517840000000001e-02	
  -2.4826705000000001e-02	
  -2.6060145000000000e-02	
  -2.5229359999999999e-02	
  -2.5474005000000001e-02	
  -2.6345565000000001e-02	
  -2.7110090000000000e-02	
  -2.9424055000000001e-02	
  -3.0790010000000000e-02	
  -3.1498470000000001e-02	
  -3.0448520000000000e-02	
  -3.1126399999999999e-02	
  -3.6024464999999999e-02	
  -4.0290520000000003e-02	
  -4.2599390000000001e-02	
  -3.9475024999999997e-02	
  -3.7573904999999998e-02	
  -3.2711520000000001e-02	
  -2.6926604999999999e-02	
  -1.8832825000000001e-02	
  -1.0407744999999999e-02	
  -3.2008154999999998e-03	
   5.0560650000000002e-03	
   9.6789000000000007e-03	
   9.5056050000000003e-03	
   8.6697249999999997e-03	
   7.9612650000000004e-03	
   8.4709499999999997e-03	
   1.0468910000000000e-02	
   1.3088684999999999e-02	
   1.4785935000000000e-02	
   1.4133534999999999e-02	
   1.2665645000000000e-02	
   1.3470950000000001e-02	
   1.3470950000000001e-02	
   1.2171255000000001e-02	
   1.4291540000000000e-02	
   1.6926605000000001e-02	
   2.1019369999999999e-02	
   2.7334355000000001e-02	
   2.9791030000000000e-02	
   3.5453619999999998e-02	
   3.6223239999999997e-02	
   4.0596330000000000e-02	
   4.4999999999999998e-02	
   4.9164119999999999e-02	
   5.2339450000000003e-02	
   5.8450549999999997e-02	
   6.5356800000000007e-02	
   7.3904200000000003e-02	
   7.9882750000000002e-02	
   8.1279299999999999e-02	
   7.3995900000000003e-02	
   6.3404699999999994e-02	
   5.1523949999999999e-02	
   3.7879715000000001e-02	
   2.3394495000000001e-02	
   1.5677880000000002e-02	
   7.3292549999999998e-03	
   1.8858309999999999e-03	
  -2.8134555000000000e-03	
  -5.7237499999999997e-03	
  -8.3027499999999994e-03	
  -9.5616699999999995e-03	
  -9.2252800000000006e-03	
  -7.3445450000000001e-03	
  -4.3781855000000003e-03	
  -2.3547400000000001e-03	
  -2.2935780000000001e-03	
  -1.8093779999999999e-03	
  -6.4729849999999999e-04	
  -5.5045850000000004e-04	
  -3.9245669999999998e-04	
  -4.3323139999999999e-04	
  -3.2619775000000001e-04	
  -1.2589195000000000e-03	
   2.3955149999999999e-04	
   2.7370030000000000e-03	
   5.7645250000000004e-03	
   7.4515800000000002e-03	
   7.6044850000000002e-03	
   9.3476050000000001e-03	
   1.0010195000000000e-02	
   1.2130480000000001e-02	
   1.2212030000000000e-02	
   1.3465850000000000e-02	
   1.4678900000000000e-02	
   1.9311925000000001e-02	
   2.1564730000000001e-02	
   2.2115190000000000e-02	
   2.2706420000000001e-02	
   2.2252805000000001e-02	
   2.0621815000000002e-02	
   1.9199794999999999e-02	
   2.0107034999999999e-02	
   2.1192659999999999e-02	
   1.8695210000000000e-02	
   1.7543324999999999e-02	
   1.6172275000000000e-02	
   1.3654434999999999e-02	
   1.2956165000000000e-02	
   1.2482160000000001e-02	
   1.1585115000000000e-02	
   1.1253825000000000e-02	
   9.9949050000000001e-03	
   1.1590214999999999e-02	
   1.2589194999999999e-02	
   1.3955149999999999e-02	
   1.5091745000000000e-02	
   1.6671765000000002e-02	
   1.5835880000000000e-02	
   1.6238530000000001e-02	
   1.3756370000000000e-02	
   1.1493375000000000e-02	
   8.4046899999999994e-03	
   3.0275229999999998e-03	
  -7.7471949999999995e-04	
  -3.7257900000000001e-03	
  -4.3781855000000003e-03	
  -6.6564750000000002e-03	
  -6.9775749999999997e-03	
  -6.9928650000000000e-03	
  -8.1294599999999998e-03	
  -1.0341490000000000e-02	
  -1.1946995000000000e-02	
  -1.1111110000000000e-02	
  -1.0142709999999999e-02	
  -1.0790009999999999e-02	
  -9.7400600000000000e-03	
  -1.0698265000000000e-02	
  -1.1294594999999999e-02	
  -1.4607545000000000e-02	
  -1.3623855000000001e-02	
  -1.2064220000000000e-02	
  -1.1824670000000001e-02	
  -9.8318050000000008e-03	
  -9.0163099999999996e-03	
  -1.0005095000000000e-02	
  -1.2054024999999999e-02	
  -1.2573905000000000e-02	
  -1.2390419999999999e-02	
  -1.2380225000000000e-02	
  -1.3027525000000000e-02	
  -1.3623855000000001e-02	
  -1.4831805000000000e-02	
  -1.5234454999999999e-02	
  -1.6192660000000001e-02	
  -1.6457695000000001e-02	
  -2.0820590000000000e-02	
  -2.5948010000000001e-02	
  -3.0458715000000001e-02	
  -3.2043835000000000e-02	
  -3.4954130000000000e-02	
  -3.5178389999999997e-02	
  -3.5830784999999997e-02	
  -3.5035680000000000e-02	
  -3.2288480000000001e-02	
  -2.7359834999999999e-02	
  -2.2161060000000000e-02	
  -1.4108055000000000e-02	
  -6.9418950000000000e-03	
  -1.0550460000000000e-03	
   7.0846099999999999e-03	
   9.7706400000000006e-03	
   1.1167175000000000e-02	
   9.8165149999999996e-03	
   6.2793049999999998e-03	
   2.7573904999999999e-03	
  -2.1814475000000002e-03	
  -7.5025500000000002e-03	
  -1.0020385000000000e-02	
  -1.1269115000000000e-02	
  -1.2237514999999999e-02	
  -1.2772680000000000e-02	
  -1.3287459999999999e-02	
  -1.4378185000000000e-02	
  -1.5310905000000000e-02	
  -1.4908255000000000e-02	
  -1.4729865000000000e-02	
  -1.3623855000000001e-02	
  -1.4811415000000000e-02	
  -1.4831805000000000e-02	
  -1.5402650000000000e-02	
  -1.4429155000000001e-02	
  -1.2930685000000001e-02	
  -9.7808349999999999e-03	
  -7.6809399999999998e-03	
  -8.0224249999999997e-03	
  -1.0127420000000000e-02	
  -1.1865445000000001e-02	
  -1.1569825000000001e-02	
  -1.0616720000000000e-02	
  -1.0030580000000001e-02	
  -9.5056050000000003e-03	
  -1.2538225000000000e-02	
  -1.3837920000000000e-02	
  -1.4826705000000001e-02	
  -1.4062180000000001e-02	
  -1.2686035000000000e-02	
  -1.1223240000000001e-02	
  -7.9663600000000005e-03	
  -7.2171249999999996e-03	
  -5.4638100000000004e-03	
  -3.9551480000000003e-03	
  -1.4984709999999999e-03	
  -4.9439350000000004e-04	
  -1.6564730000000001e-03	
  -1.8858309999999999e-03	
  -1.4322120000000000e-03	
   2.3445464999999999e-04	
   1.8042815000000000e-03	
   5.4485200000000001e-03	
   9.0417950000000000e-03	
   9.2150849999999996e-03	
   1.1962285000000000e-02	
   1.4658510000000000e-02	
   1.8338429999999999e-02	
   2.3119265000000000e-02	
   2.7446485000000000e-02	
   3.3593270000000001e-02	
   3.7410804999999998e-02	
   4.2696230000000002e-02	
   4.6804279999999997e-02	
   5.2482149999999998e-02	
   5.5846100000000003e-02	
   5.8420000000000000e-02	
   6.0463799999999998e-02	
   5.4490299999999998e-02	
   4.3598369999999997e-02	
   3.4525994999999997e-02	
   2.4541284999999999e-02	
   1.0927625000000000e-02	
   2.8032620000000003e-04	
  -9.1488300000000002e-03	
  -1.5285425000000000e-02	
  -1.8827725000000000e-02	
  -1.8149845000000001e-02	
  -1.6544344999999998e-02	
  -1.4444445000000000e-02	
  -1.4301734999999999e-02	
  -1.2232415000000000e-02	
  -1.4266055000000000e-02	
  -1.2808360000000000e-02	
  -1.3960245000000000e-02	
  -1.2140675000000000e-02	
  -1.2181450000000000e-02	
  -1.2543324999999999e-02	
  -1.4306830000000000e-02	
  -1.3501529999999999e-02	
  -1.2395514999999999e-02	
  -1.0316005000000000e-02	
  -7.6860349999999999e-03	
  -6.1926600000000000e-03	
  -2.5229359999999999e-03	
   9.1233449999999995e-04	
   5.3414900000000000e-03	
   7.2935800000000000e-03	
   5.8154950000000004e-03	
   1.8756370000000001e-03	
  -4.5871560000000000e-05	
  -8.9194700000000003e-04	
  -1.1977575000000000e-03	
  -1.6768605000000000e-03	
  -2.1610599999999998e-03	
  -3.9500510000000004e-03	
  -6.6564750000000002e-03	
  -9.0265050000000006e-03	
  -1.0402649999999999e-02	
  -1.4561670000000001e-02	
  -1.9087665000000000e-02	
  -2.5061159999999999e-02	
  -3.0825689999999999e-02	
  -3.5132520000000000e-02	
  -3.8399589999999997e-02	
  -3.6952090000000000e-02	
  -3.6213049999999997e-02	
  -3.0117225000000001e-02	
  -2.5219165000000002e-02	
  -1.6253825000000000e-02	
  -6.2895000000000000e-03	
   3.1600410000000002e-03	
   1.1569825000000001e-02	
   1.6585115000000001e-02	
   1.9974515000000002e-02	
   2.0382265000000000e-02	
   1.8583079999999998e-02	
   1.7375125000000002e-02	
   1.4434249999999999e-02	
   1.1732925000000000e-02	
   7.6146800000000004e-03	
   4.2762484999999996e-03	
   1.7074415000000000e-03	
  -2.3292560000000000e-03	
   6.6258899999999997e-05	
  -1.7227320000000000e-03	
  -4.8419979999999999e-04	
  -1.5494395000000001e-03	
  -5.0458700000000000e-03	
  -6.1314999999999998e-03	
  -9.3883800000000000e-03	
  -8.8837900000000008e-03	
  -8.1192650000000005e-03	
  -9.6992850000000002e-03	
  -1.0494395000000000e-02	
  -1.1967380000000000e-02	
  -1.1931700000000000e-02	
  -1.2701324999999999e-02	
  -1.0530070000000001e-02	
  -1.0397554999999999e-02	
  -9.8776750000000007e-03	
  -7.3037700000000002e-03	
  -5.9582050000000003e-03	
  -4.1539245000000004e-03	
  -1.8807340000000000e-03	
  -1.0142710000000000e-03	
   6.2181450000000000e-04	
  -2.4923545000000002e-03	
  -3.0224259999999999e-03	
  -1.7584100000000000e-03	
  -1.3251784999999999e-03	
  -3.5168195000000001e-04	
   7.8491349999999999e-04	
   1.8246684999999999e-03	
   2.7777779999999998e-03	
   3.0428134999999999e-03	
   4.1845055000000004e-03	
   5.2701349999999996e-03	
   5.7339449999999998e-03	
   6.6819549999999998e-03	
   7.8593250000000003e-03	
   9.9439349999999992e-03	
   1.2324160000000001e-02	
   1.3027525000000000e-02	
   1.3231395000000000e-02	
   1.4337410000000000e-02	
   1.4281345000000001e-02	
   1.3751275000000000e-02	
   1.0050969999999999e-02	
   5.3210999999999996e-03	
   5.1987750000000003e-04	
  -2.8287460000000000e-03	
  -3.0326200000000002e-03	
  -3.5575945000000000e-03	
  -1.9215084999999999e-03	
  -3.1753315000000002e-03	
  -3.0988785000000000e-03	
  -4.1692150000000004e-03	
  -4.2609579999999996e-03	
  -6.6462800000000001e-03	
  -9.1182450000000005e-03	
  -1.3374110000000000e-02	
  -1.6371050000000002e-02	
  -1.8486240000000001e-02	
  -1.9199794999999999e-02	
  -1.8251785000000000e-02	
  -1.8710500000000001e-02	
  -1.6921510000000001e-02	
  -1.7584099999999998e-02	
  -1.3797145000000000e-02	
  -1.1238530000000000e-02	
  -7.4515800000000002e-03	
  -3.0733944999999999e-03	
  -8.0020400000000000e-04	
   3.0632010000000002e-03	
   3.9755349999999997e-03	
   4.4342510000000002e-03	
   6.6666649999999996e-03	
   6.3200799999999996e-03	
   7.2884800000000000e-03	
   5.0713549999999996e-03	
   4.8012230000000003e-03	
   1.9928645000000002e-03	
  -7.1355749999999995e-05	
  -1.2996939999999999e-03	
  -3.8735985000000000e-03	
  -4.1233435000000004e-03	
  -5.4689099999999996e-03	
  -4.3934760000000003e-03	
  -4.3985730000000002e-03	
  -2.1100914999999999e-03	
   0.0000000000000000e+00	
   1.2996939999999999e-03	
   2.2680940000000000e-03	
   3.2670745000000002e-03	
   2.8848114999999999e-03	
   1.5494395000000001e-03	
   1.5290519999999999e-03	
   1.5290519999999999e-03	
   4.6381245000000001e-04	
  -2.0132520000000001e-03	
  -1.4831804999999999e-03	
  -7.0336400000000005e-04	
  -2.9561669999999998e-04	
   1.4780835000000000e-03	
   1.2436290000000000e-03	
   1.1977575000000000e-03	
  -9.0723750000000004e-04	
  -1.1722730000000000e-04	
   2.0846075000000002e-03	
   4.5871560000000002e-03	
   7.3139650000000004e-03	
   8.7257900000000006e-03	
   1.0030580000000001e-02	
   1.0861365000000000e-02	
   1.3440364999999999e-02	
   1.6508664999999999e-02	
   1.8786950000000000e-02	
   2.4847095000000000e-02	
   2.9225279999999999e-02	
   3.1941894999999998e-02	
   3.5647300000000000e-02	
   4.0637105000000000e-02	
   4.1651374999999997e-02	
   4.2900099999999997e-02	
   4.3715595000000003e-02	
   4.3353719999999998e-02	
   4.2961264999999998e-02	
   4.2206929999999997e-02	
   4.2252804999999997e-02	
   3.9373089999999999e-02	
   3.3476045000000003e-02	
   2.6661569999999999e-02	
   1.9367990000000002e-02	
   9.4903149999999992e-03	
   3.3741079999999998e-03	
   5.5555549999999996e-04	
  -2.1406729999999999e-04	
   1.0448520000000000e-03	
   3.2364935000000002e-03	
   7.5688049999999996e-03	
   7.7879700000000000e-03	
   7.8542300000000002e-03	
   5.9123350000000003e-03	
   6.8450550000000001e-03	
   5.5351699999999998e-03	
   5.0000000000000001e-03	
   4.8878695000000002e-03	
   3.9296634999999996e-03	
   4.8623855000000001e-03	
   4.4036695000000004e-03	
   6.0703349999999996e-03	
   6.4016300000000002e-03	
   5.3363899999999999e-03	
   4.2966360000000004e-03	
   3.0071354999999999e-03	
   2.5942915000000000e-03	
   3.3741079999999998e-03	
   3.7054025000000002e-03	
   5.8817549999999998e-03	
   6.1722749999999996e-03	
   6.6106000000000003e-03	
   7.0948000000000001e-03	
   7.5127400000000004e-03	
   9.6381250000000009e-03	
   5.8919450000000000e-03	
   5.2548400000000002e-03	
   2.4311925000000002e-03	
   2.7217125000000000e-03	
   4.0519880000000003e-03	
   3.5677879999999998e-05	
  -6.0142699999999997e-04	
  -3.0173295000000002e-03	
  -3.3537204999999999e-03	
  -5.9480100000000001e-03	
  -8.2823649999999999e-03	
  -7.7166149999999996e-03	
  -7.5535150000000002e-03	
  -8.6850150000000008e-03	
  -1.0545360000000000e-02	
  -1.1009175000000000e-02	
  -1.2604485000000000e-02	
  -1.2242609999999999e-02	
  -1.4418960000000000e-02	
  -1.3200814999999999e-02	
  -1.3532110000000000e-02	
  -1.3827725000000001e-02	
  -1.4225280000000000e-02	
  -1.7675840000000002e-02	
  -1.8211010000000000e-02	
  -1.8674820000000002e-02	
  -2.0417939999999999e-02	
  -2.0953110000000000e-02	
  -2.2772680000000000e-02	
  -2.2675839999999999e-02	
  -2.1834860000000001e-02	
  -2.2487259999999998e-02	
  -2.0316005000000002e-02	
  -1.8195719999999999e-02	
  -1.6427114999999999e-02	
  -1.5560650000000001e-02	
  -1.4322120000000001e-02	
  -1.2818550000000000e-02	
  -1.1778795000000000e-02	
  -9.1488300000000002e-03	
  -6.1365949999999999e-03	
  -6.1060150000000002e-03	
  -4.1080530000000004e-03	
  -2.2120285000000002e-03	
   4.1284405000000001e-04	
   6.9317000000000001e-04	
  -1.3200815000000000e-03	
  -4.3323139999999999e-04	
  -1.8348624999999999e-04	
  -9.8368999999999996e-04	
  -9.8878700000000009e-04	
  -1.2487259999999999e-03	
  -8.0530049999999996e-04	
  -2.5688074999999999e-03	
  -2.9051989999999998e-03	
  -2.4923545000000002e-03	
  -2.6503569999999999e-03	
  -3.2415899999999999e-03	
  -3.8022425000000001e-03	
  -4.5769625000000001e-03	
  -4.8165140000000000e-03	
  -4.5565750000000002e-03	
  -5.7543300000000002e-03	
  -6.2283399999999997e-03	
  -8.3333350000000007e-03	
  -7.3394500000000000e-03	
  -6.5494400000000001e-03	
  -5.8868499999999999e-03	
  -4.3527015000000002e-03	
  -2.7930684999999998e-03	
  -1.5188585000000001e-03	
  -1.1671765000000000e-03	
  -1.4780835000000000e-03	
  -2.0897044999999999e-04	
   1.6666665000000000e-03	
   3.9704385000000003e-03	
   4.7298675000000002e-03	
   4.0927625000000004e-03	
   3.2313964999999998e-03	
   3.4199794999999998e-03	
   4.5514780000000003e-03	
   4.3832825000000002e-03	
   3.4964319999999998e-03	
   1.1875634999999999e-03	
   4.3323139999999999e-04	
  -8.0530049999999996e-04	
  -1.8603465000000001e-03	
  -3.8277270000000000e-03	
  -5.6625900000000003e-03	
  -8.0835899999999999e-03	
  -9.2354749999999999e-03	
  -1.1238530000000000e-02	
  -9.9949050000000001e-03	
  -8.6442399999999992e-03	
  -6.4780849999999997e-03	
  -5.6778799999999997e-03	
  -5.2395499999999999e-03	
  -3.6595310000000002e-03	
  -4.2252805000000003e-03	
  -3.6697250000000000e-03	
  -4.7043835000000001e-03	
  -4.1946995000000003e-03	
  -2.9153924999999999e-03	
  -3.4964319999999998e-03	
  -5.4994900000000001e-03	
  -5.9072400000000002e-03	
  -6.7889900000000000e-03	
  -5.6574900000000003e-03	
  -5.9734949999999997e-03	
  -4.4495415000000002e-03	
  -4.2150864999999996e-03	
  -5.2344549999999998e-03	
  -4.4546380000000003e-03	
  -4.4852190000000004e-03	
  -4.1997960000000004e-03	
  -4.3781855000000003e-03	
  -5.4434250000000000e-03	
  -4.8623855000000001e-03	
  -5.4281349999999997e-03	
  -3.0326200000000002e-03	
  -1.0703365000000000e-03	
  -1.6055045000000000e-03	
  -1.9622835000000002e-03	
  -2.6707440000000001e-03	
  -4.0876654999999996e-03	
  -4.9541285000000001e-03	
  -5.1580000000000003e-03	
  -4.2099900000000003e-03	
  -3.4658509999999998e-03	
  -3.8634045000000001e-03	
  -4.5718655000000002e-03	
  -6.6055050000000002e-03	
  -9.5005100000000002e-03	
  -1.0764525000000000e-02	
  -1.1651375000000000e-02	
  -1.0733945000000000e-02	
  -1.1518860000000001e-02	
  -9.2354749999999999e-03	
  -7.7777799999999998e-03	
  -6.2181449999999996e-03	
  -4.5208970000000003e-03	
  -2.9153924999999999e-03	
  -1.3200815000000000e-03	
  -5.0968400000000005e-04	
   2.4872580000000000e-03	
   3.7155965000000000e-03	
   3.3486240000000001e-03	
   3.8175330000000001e-03	
   2.6350664999999999e-03	
   2.1814475000000002e-03	
   3.0173295000000002e-03	
   2.6809379999999999e-03	
   3.2415899999999999e-03	
   1.7176349999999999e-03	
   2.7726809999999999e-03	
   1.8909275000000001e-03	
   2.3751275000000001e-03	
   3.3588174999999998e-03	
   2.9714575000000000e-03	
   1.9826704999999999e-03	
  -1.8042815000000000e-03	
  -3.8226300000000000e-03	
  -5.1019350000000002e-03	
  -4.1131500000000003e-03	
  -3.7054025000000002e-03	
  -2.4719675000000000e-03	
  -3.2976555000000002e-03	
  -4.4954130000000002e-03	
  -5.9582050000000003e-03	
  -5.7951050000000000e-03	
  -5.9123350000000003e-03	
  -4.4087665000000003e-03	
  -4.8369010000000002e-03	
  -3.4301735000000001e-03	
  -2.6146790000000000e-03	
  -2.3802245000000000e-03	
  -1.0703364999999999e-04	
   9.7859349999999999e-04	
   3.8685015000000001e-03	
   3.9704385000000003e-03	
   3.2161059999999998e-03	
   2.4668705000000001e-03	
   2.8389399999999999e-03	
   4.4393475000000003e-03	
   4.2507645000000004e-03	
   4.8063200000000002e-03	
   4.6788990000000003e-03	
   3.8022425000000001e-03	
   5.0050950000000002e-03	
   5.5810399999999998e-03	
   6.3455650000000001e-03	
   5.9836899999999998e-03	
   6.9164099999999996e-03	
   7.9714599999999997e-03	
   9.5412850000000000e-03	
   1.1819570000000000e-02	
   1.4510705000000000e-02	
   1.3807340000000000e-02	
   1.3149845000000000e-02	
   1.4266055000000000e-02	
   1.8552494999999999e-02	
   2.1258920000000001e-02	
   2.2879714999999998e-02	
   2.4785934999999999e-02	
   2.4923544999999998e-02	
   2.5601425000000001e-02	
   2.7293580000000001e-02	
   2.8144750000000000e-02	
   2.7018350000000000e-02	
   2.5474005000000001e-02	
   2.4138634999999999e-02	
   2.2104994999999999e-02	
   2.1345565000000000e-02	
   2.0713559999999999e-02	
   2.0963305000000002e-02	
   1.9734965000000000e-02	
   1.5871560000000000e-02	
   1.2104995000000000e-02	
   9.9847100000000008e-03	
   8.8888900000000000e-03	
   9.2966349999999993e-03	
   1.0219165000000001e-02	
   8.6289499999999998e-03	
   8.1396550000000008e-03	
   6.9164099999999996e-03	
   7.7675849999999996e-03	
   8.7614700000000004e-03	
   9.3476050000000001e-03	
   8.3639149999999995e-03	
   9.3425100000000001e-03	
   8.8532100000000002e-03	
   1.0000000000000000e-02	
   9.6075450000000003e-03	
   9.6636099999999996e-03	
   8.2313950000000007e-03	
   5.7492350000000001e-03	
   5.1427100000000000e-03	
   2.8593270000000000e-03	
   2.3904180000000001e-03	
   3.6748215000000002e-03	
   4.5056065000000003e-03	
   6.0754349999999997e-03	
   3.7512740000000002e-03	
   3.1702344999999998e-03	
   5.0968400000000003e-06	
  -1.4475025000000000e-03	
  -2.5993885000000000e-03	
  -2.7675840000000000e-03	
  -3.8481140000000001e-03	
  -4.5463810000000004e-03	
  -5.1631000000000003e-03	
  -5.5249749999999997e-03	
  -6.5392450000000000e-03	
  -6.2793049999999998e-03	
  -6.8297649999999998e-03	
  -7.4566750000000003e-03	
  -8.2874600000000000e-03	
  -8.8634049999999995e-03	
  -7.4515800000000002e-03	
  -6.7991850000000001e-03	
  -7.7726799999999997e-03	
  -7.1457700000000001e-03	
  -8.8175349999999996e-03	
  -8.9908249999999992e-03	
  -1.0682975000000001e-02	
  -1.0183485000000001e-02	
  -9.2405700000000000e-03	
  -1.0040775000000000e-02	
  -8.9041799999999994e-03	
  -1.1243629999999999e-02	
  -1.1885830000000000e-02	
  -1.3394494999999999e-02	
  -1.2466870000000000e-02	
  -1.1783895000000001e-02	
  -1.2415900000000001e-02	
  -1.3567790000000000e-02	
  -1.4673800000000001e-02	
  -1.3955149999999999e-02	
  -1.3236494999999999e-02	
  -1.3608565000000000e-02	
  -1.3195719999999999e-02	
  -1.4469930000000001e-02	
  -1.3175330000000001e-02	
  -1.2548419999999999e-02	
  -1.2028540000000001e-02	
  -1.0708460000000000e-02	
  -9.5361899999999999e-03	
  -7.1559650000000002e-03	
  -6.4526000000000002e-03	
  -5.4791049999999997e-03	
  -5.1172250000000004e-03	
  -3.9551480000000003e-03	
  -3.1498469999999999e-03	
  -2.7166155000000001e-03	
  -1.4424055000000001e-03	
  -4.8929664999999996e-04	
   5.3516800000000004e-04	
   8.7665650000000003e-04	
   1.0652394999999999e-03	
   1.8042815000000000e-03	
   3.3027525000000001e-03	
   4.2201835000000004e-03	
   4.0265034999999996e-03	
   5.4638100000000004e-03	
   4.8929665000000001e-03	
   3.5983690000000001e-03	
   3.1804279999999999e-03	
   5.1070350000000002e-03	
   5.7135600000000003e-03	
   5.3261999999999997e-03	
   6.3302749999999998e-03	
   5.8970450000000001e-03	
   5.2089700000000003e-03	
   4.7604485000000002e-03	
   6.3149850000000004e-03	
   8.5168199999999996e-03	
   1.0158000000000000e-02	
   1.0229360000000000e-02	
   1.0983690000000001e-02	
   9.3068300000000003e-03	
   8.6034649999999994e-03	
   7.3292549999999998e-03	
   5.8562700000000002e-03	
   3.7104995000000001e-03	
   4.8114170000000001e-03	
   5.4077450000000003e-03	
   4.2558615000000003e-03	
   4.3068300000000002e-03	
   3.9653414999999996e-03	
   2.6656474999999999e-03	
   9.8368999999999996e-04	
   7.1355749999999995e-05	
  -7.3394499999999995e-04	
  -8.0020400000000000e-04	
  -2.2528035000000000e-03	
  -2.1661570000000002e-03	
  -2.0489294999999999e-03	
  -3.3486240000000001e-03	
  -4.4189600000000004e-03	
  -5.8562700000000002e-03	
  -5.8817549999999998e-03	
  -7.5739049999999997e-03	
  -7.4719649999999997e-03	
  -8.0886850000000000e-03	
  -7.3853199999999999e-03	
  -8.3333350000000007e-03	
  -9.0519899999999993e-03	
  -8.5372050000000008e-03	
  -8.2110099999999995e-03	
  -7.3190599999999996e-03	
  -6.8501550000000001e-03	
  -6.7635050000000004e-03	
  -5.9531100000000002e-03	
  -3.6238529999999998e-03	
  -1.4576960000000001e-03	
  -3.0224259999999999e-03	
  -2.8797145000000000e-03	
  -3.8175330000000001e-03	
  -3.6901120000000002e-03	
  -3.8685015000000001e-03	
  -4.7655455000000001e-03	
  -3.0835880000000000e-03	
  -4.4342510000000002e-03	
  -4.8165140000000000e-03	
  -5.0662600000000004e-03	
  -6.3251799999999997e-03	
  -5.8613650000000003e-03	
  -5.2599400000000003e-03	
  -4.3476045000000003e-03	
  -5.2905199999999999e-03	
  -5.9429150000000000e-03	
  -6.0652400000000004e-03	
  -6.4729849999999997e-03	
  -8.4301749999999998e-03	
  -8.9704399999999997e-03	
  -9.7145749999999996e-03	
  -7.9510699999999993e-03	
  -7.9663600000000005e-03	
  -7.3241599999999997e-03	
  -4.8929665000000001e-03	
  -6.8195699999999996e-03	
  -7.9969399999999993e-03	
  -6.9266049999999997e-03	
  -4.4342510000000002e-03	
  -1.8552495000000000e-03	
  -2.2986750000000000e-03	
  -2.5840980000000000e-03	
  -2.4311925000000002e-03	
  -3.2415899999999999e-03	
  -4.5361875000000002e-04	
   1.0958204999999999e-03	
   4.0112129999999996e-03	
   3.4046889999999998e-03	
   4.1794090000000002e-03	
   6.5902150000000000e-03	
   5.5912350000000000e-03	
   6.4271149999999997e-03	
   7.8899100000000000e-03	
   7.8083600000000003e-03	
   5.2344549999999998e-03	
   3.1957184999999999e-03	
   2.4057085000000001e-03	
   1.3659530000000000e-03	
  -6.7787950000000000e-04	
  -6.6258899999999997e-05	
   1.2844035000000001e-03	
   1.1671765000000000e-03	
   1.9113150000000000e-03	
   2.2426095000000002e-03	
   1.7278285000000000e-03	
   7.4923549999999996e-04	
   2.0591235000000001e-03	
   1.8960245000000000e-03	
   2.3292560000000000e-03	
   2.4566770000000000e-03	
   2.9612639999999999e-03	
   1.5392455000000000e-03	
  -4.9949030000000000e-04	
  -1.8297655000000001e-03	
  -2.8083589999999999e-03	
  -2.1661570000000002e-03	
  -2.2171255000000001e-03	
  -4.3832825000000001e-04	
   3.5677879999999998e-04	
   2.3445464999999999e-04	
   2.4464829999999997e-04	
   5.5555549999999996e-04	
   9.7349649999999997e-04	
   1.2793069999999999e-03	
   1.7227320000000000e-03	
   6.2181450000000000e-04	
   1.9520894999999999e-03	
   3.3486240000000001e-03	
   4.2354740000000004e-03	
   4.4852190000000004e-03	
   3.6748215000000002e-03	
   3.1192659999999999e-03	
   2.0591235000000001e-03	
   1.9826704999999999e-03	
   2.6095820000000000e-03	
   2.1049950000000001e-03	
   3.0173295000000002e-03	
   5.0866449999999999e-03	
   5.7900099999999999e-03	
   5.1070350000000002e-03	
   3.7257900000000001e-03	
   3.9653414999999996e-03	
   4.8114170000000001e-03	
   4.3985730000000002e-03	
   5.5504600000000001e-03	
   5.1580000000000003e-03	
   5.2140650000000004e-03	
   4.7247705000000003e-03	
   5.9582050000000003e-03	
   9.5667700000000005e-03	
   1.1890929999999999e-02	
   1.3053004999999999e-02	
   1.4041794999999999e-02	
   1.4011215000000000e-02	
   1.4036695000000000e-02	
   1.4903160000000000e-02	
   1.6834860000000000e-02	
   1.7951070000000000e-02	
   1.9220185000000001e-02	
   2.1085625000000000e-02	
   2.0774720000000000e-02	
   2.0897045000000000e-02	
   1.9984709999999999e-02	
   1.7074414999999999e-02	
   1.4801224999999999e-02	
   1.0423040000000000e-02	
   9.3934750000000001e-03	
   8.5830799999999999e-03	
   7.0948000000000001e-03	
   6.6360849999999999e-03	
   7.5127400000000004e-03	
   6.1926600000000000e-03	
   5.5759449999999997e-03	
   3.9245670000000003e-03	
   3.2466869999999998e-03	
   1.8501530000000000e-03	
  -4.9949030000000000e-04	
  -1.8093779999999999e-03	
  -2.7013250000000001e-03	
  -1.3200815000000000e-03	
  -9.0214050000000001e-04	
  -6.2691150000000002e-04	
  -2.8542305000000000e-04	
  -4.7910295000000002e-04	
   7.6452599999999994e-05	
  -6.7787950000000000e-04	
   8.6646300000000004e-05	
   9.6839949999999995e-04	
   1.5341490000000001e-03	
   1.3149844999999999e-03	
   8.5117250000000004e-04	
   2.0897044999999999e-04	
   8.1549450000000006e-05	
  -1.7329254999999999e-04	
   8.1549450000000006e-05	
   1.4067280000000001e-03	
  -5.0968399999999998e-05	
  -7.7471949999999995e-04	
  -1.0295615000000000e-03	
  -1.6513760000000000e-03	
  -1.5035680000000000e-03	
  -2.2833845000000000e-03	
  -1.7176349999999999e-03	
  -1.7584100000000000e-03	
  -2.8848114999999999e-03	
  -3.9143729999999996e-03	
  -4.8980630000000002e-03	
  -6.9826699999999998e-03	
  -7.1457700000000001e-03	
  -6.2436300000000000e-03	
  -7.3241599999999997e-03	
  -8.7665650000000005e-03	
  -1.1381245000000000e-02	
  -1.2619775000000000e-02	
  -1.5530070000000000e-02	
  -1.8659530000000001e-02	
  -2.1574924999999998e-02	
  -2.4143729999999999e-02	
  -2.6636085000000000e-02	
  -2.7782874999999999e-02	
  -2.9011215000000000e-02	
  -3.2380224999999999e-02	
  -3.1569825000000003e-02	
  -3.0647299999999999e-02	
  -2.5733945000000001e-02	
  -2.5392455000000001e-02	
  -1.9979614999999999e-02	
  -1.7966360000000001e-02	
  -1.4898065000000000e-02	
  -1.2497450000000000e-02	
  -1.3588174999999999e-02	
  -1.0448519999999999e-02	
  -1.1610600000000000e-02	
  -1.0219165000000001e-02	
  -9.0519899999999993e-03	
  -9.1539250000000003e-03	
  -8.9041799999999994e-03	
  -8.2161049999999996e-03	
  -5.7237499999999997e-03	
  -2.6350664999999999e-03	
   7.5433249999999998e-04	
   1.0244650000000000e-03	
   4.7400609999999999e-04	
   4.3323139999999999e-04	
  -5.6065250000000003e-05	
  -1.0193680000000001e-03	
  -1.5953110000000001e-03	
  -3.6748215000000002e-03	
  -4.8674820000000002e-03	
  -5.3822649999999998e-03	
  -7.3088700000000003e-03	
  -6.2487250000000001e-03	
  -7.1304799999999998e-03	
  -6.4933750000000000e-03	
  -5.4587150000000003e-03	
  -5.5861349999999999e-03	
  -3.8837920000000001e-03	
  -3.5270135000000000e-03	
  -2.2986750000000000e-03	
  -3.0632010000000002e-03	
  -3.0122324999999998e-03	
  -3.7920490000000000e-03	
  -3.7920490000000000e-03	
  -3.9704385000000003e-03	
  -4.2609579999999996e-03	
  -3.6493375000000001e-03	
  -2.1916409999999998e-03	
  -1.2691130000000001e-03	
  -3.8735985000000001e-04	
  -5.6065250000000003e-05	
  -4.8929664999999996e-04	
  -4.5361875000000002e-04	
  -1.4118245000000001e-03	
   1.1722730000000000e-04	
   1.5494395000000001e-03	
   2.3139655000000000e-03	
   4.3934760000000003e-03	
   4.1845055000000004e-03	
   6.2844049999999999e-03	
   7.8542300000000002e-03	
   9.9133550000000004e-03	
   1.0045870000000000e-02	
   8.6034649999999994e-03	
   8.6085650000000003e-03	
   1.0280325000000000e-02	
   1.0540265000000000e-02	
   1.2701324999999999e-02	
   1.2854229999999999e-02	
   1.4077470000000000e-02	
   1.2981650000000001e-02	
   1.3955149999999999e-02	
   1.4928645000000001e-02	
   1.4974515000000001e-02	
   1.4678900000000000e-02	
   1.4271150000000000e-02	
   1.3613660000000000e-02	
   1.2971460000000001e-02	
   1.2008155000000000e-02	
   1.3649335000000000e-02	
   1.2181450000000000e-02	
   1.1630990000000001e-02	
   1.0117225000000001e-02	
   9.1895999999999992e-03	
   9.5718650000000006e-03	
   9.6126400000000004e-03	
   1.0025485000000001e-02	
   1.0117225000000001e-02	
   8.7206950000000005e-03	
   9.4495399999999993e-03	
   8.2263000000000006e-03	
   1.0188585000000000e-02	
   9.1437299999999992e-03	
   9.1029549999999994e-03	
   8.2823649999999999e-03	
   7.2273199999999998e-03	
   6.9979600000000001e-03	
   6.5035700000000002e-03	
   6.4729849999999997e-03	
   6.6004100000000001e-03	
   5.3924550000000000e-03	
   4.1437310000000003e-03	
   1.4882775000000000e-03	
   2.2731905000000002e-03	
   2.5025485000000000e-03	
   4.3017330000000003e-03	
   4.1182464999999996e-03	
   3.1702344999999998e-03	
   1.8960245000000000e-03	
  -9.3781850000000005e-04	
  -1.0040775000000001e-03	
  -9.3781850000000005e-04	
  -7.2375149999999997e-04	
  -4.3323139999999999e-04	
  -1.4627930000000000e-03	
  -1.9113150000000000e-03	
  -2.3598370000000000e-03	
  -1.6309890000000000e-03	
  -2.5178390000000000e-03	
  -3.0784915000000002e-03	
  -3.2262994999999999e-03	
  -4.5412845000000002e-03	
  -4.2507645000000004e-03	
  -2.4108055000000000e-03	
  -3.6187565000000001e-04	
   5.8104000000000001e-04	
  -1.5800205000000001e-04	
  -2.9816514999999998e-03	
  -3.2059125000000002e-03	
  -3.9755349999999997e-03	
  -3.3944955000000001e-03	
  -3.9296634999999996e-03	
  -3.4403670000000002e-03	
  -4.3323140000000003e-03	
  -3.5270135000000000e-03	
  -1.8654435000000000e-03	
  -1.8756370000000001e-03	
  -7.1865449999999995e-04	
  -2.4770640000000002e-03	
  -2.3802245000000000e-03	
  -2.4057085000000001e-03	
  -2.9867480000000000e-03	
  -3.1243629999999998e-03	
  -2.7115189999999999e-03	
  -1.7176349999999999e-03	
  -1.2640164999999999e-03	
   4.8419979999999999e-04	
  -2.8032620000000003e-04	
  -1.1824670000000000e-03	
  -1.6768605000000000e-03	
  -2.0846075000000002e-03	
  -9.5310900000000005e-04	
  -2.3496429999999998e-03	
  -3.0122324999999998e-03	
  -2.5840980000000000e-03	
  -1.4271149999999999e-04	
  -1.8705404999999999e-03	
  -2.4923545000000002e-03	
  -2.5484200000000000e-03	
  -1.9062180000000001e-03	
  -1.1467890000000001e-03	
  -3.2161059999999998e-03	
  -2.9765544999999999e-03	
  -4.5871560000000002e-03	
  -4.5718655000000002e-03	
  -4.3934760000000003e-03	
  -4.0927625000000004e-03	
  -3.7461775000000000e-03	
  -4.6126400000000003e-03	
  -4.0061159999999997e-03	
  -2.7930684999999998e-03	
  -2.7420999999999999e-03	
  -3.5321100000000002e-03	
  -4.0366969999999997e-03	
  -3.1957184999999999e-03	
  -3.9041795000000000e-03	
  -3.9143729999999996e-03	
  -3.7818550000000002e-03	
  -3.6340470000000001e-03	
  -2.5433230000000001e-03	
  -1.5800205000000001e-03	
  -1.7227320000000000e-03	
  -2.3700305000000001e-03	
  -3.0479105000000002e-03	
  -2.4923545000000002e-03	
  -1.8654435000000000e-03	
  -2.0030579999999998e-03	
  -1.3098879999999999e-03	
  -2.2375124999999998e-03	
  -2.8032619999999999e-03	
  -2.3190620000000002e-03	
  -2.2375124999999998e-03	
  -3.2212030000000002e-03	
  -4.2558615000000003e-03	
  -4.5922530000000001e-03	
  -4.8674820000000002e-03	
  -4.6381245000000001e-03	
  -4.8623855000000001e-03	
  -4.5514780000000003e-03	
  -5.1631000000000003e-03	
  -4.5871560000000002e-03	
  -4.9235475000000001e-03	
  -5.1732949999999996e-03	
  -4.4138635000000002e-03	
  -3.9143729999999996e-03	
  -3.2161059999999998e-03	
  -4.9541285000000001e-03	
  -3.2976555000000002e-03	
  -1.8450560000000001e-03	
  -1.7278285000000000e-03	
  -1.2945974999999999e-03	
  -1.8501530000000000e-03	
  -1.1722729999999999e-03	
  -1.9775740000000002e-03	
  -1.1111109999999999e-03	
   3.1600410000000003e-04	
   2.1916410000000000e-04	
  -6.8807350000000005e-04	
  -5.5045850000000004e-04	
  -1.1365955000000000e-03	
  -2.3088685000000001e-03	
  -3.9653414999999996e-03	
  -2.6758410000000000e-03	
  -6.7787950000000000e-04	
  -2.6758410000000000e-03	
  -2.5942915000000000e-03	
  -3.6340470000000001e-03	
  -4.1284405000000003e-03	
  -3.5066260000000001e-03	
  -2.6809379999999999e-03	
  -1.3200815000000000e-03	
  -9.8878700000000009e-04	
  -1.4729865000000001e-03	
  -3.2823650000000002e-03	
  -3.6034660000000000e-03	
  -5.0764549999999997e-03	
  -3.5270135000000000e-03	
  -2.1355760000000001e-03	
   1.3251785000000001e-04	
  -2.5993885000000000e-04	
  -4.0774720000000003e-05	
  -8.1039749999999998e-04	
  -2.6146790000000000e-03	
  -1.0244650000000000e-03	
  -5.8613649999999997e-04	
  -4.1284405000000001e-04	
  -6.0652400000000000e-04	
  -5.4536199999999997e-04	
   4.9949030000000000e-04	
  -6.0652400000000000e-04	
   3.6697249999999998e-04	
  -1.1264014999999999e-03	
  -7.9000999999999995e-04	
  -2.1457694999999998e-03	
  -2.1457694999999998e-03	
  -1.9571864999999998e-03	
  -3.5779815000000002e-03	
  -2.6350664999999999e-03	
  -3.9143729999999996e-03	
  -3.7869520000000001e-03	
  -2.9459734999999999e-03	
  -2.7319060000000001e-03	
  -2.8287460000000000e-03	
  -4.6941895000000003e-03	
  -5.7594300000000003e-03	
  -6.3200799999999996e-03	
  -4.0774720000000004e-03	
  -3.8073395000000000e-03	
  -3.3231394999999999e-03	
  -2.8287460000000000e-03	
  -3.7257900000000001e-03	
  -3.3486240000000001e-03	
  -2.2069314999999998e-03	
  -1.4373089999999999e-03	
  -1.1213050000000000e-03	
  -5.6065250000000003e-05	
   8.1039749999999998e-04	
   4.5361875000000002e-04	
   1.7533130000000001e-03	
   1.4373089999999999e-03	
   3.7512740000000002e-03	
   3.1600410000000002e-03	
   3.0835880000000000e-03	
   3.1753315000000002e-03	
   3.7920490000000000e-03	
   4.5361875000000003e-03	
   5.9378199999999999e-03	
   6.2742099999999997e-03	
   6.1314999999999998e-03	
   4.3628950000000003e-03	
   3.7614680000000000e-03	
   3.6799185000000001e-03	
   3.1243629999999998e-03	
   4.0468910000000004e-03	
   4.3323140000000003e-03	
   4.4954130000000002e-03	
   3.0173295000000002e-03	
   3.4913355000000001e-03	
   3.0479105000000002e-03	
   3.5728850000000000e-03	
   3.9551480000000003e-03	
   5.2446500000000000e-03	
   3.9500510000000004e-03	
   3.7359835000000002e-03	
   4.7043835000000001e-03	
   5.3465850000000001e-03	
   5.2701349999999996e-03	
   4.4903160000000003e-03	
   4.5769625000000001e-03	
   5.3924550000000000e-03	
   5.5147800000000004e-03	
   5.0968400000000001e-03	
   5.0407749999999999e-03	
   5.4026500000000002e-03	
   5.8307849999999998e-03	
   5.8511700000000002e-03	
   7.2935800000000000e-03	
   7.3445450000000001e-03	
   7.8134550000000004e-03	
   7.2935800000000000e-03	
   8.3588199999999994e-03	
   8.8888900000000000e-03	
   8.4607550000000004e-03	
   8.4148850000000004e-03	
   8.5524950000000002e-03	
   8.3843000000000008e-03	
   7.6248749999999997e-03	
   5.9938850000000000e-03	
   4.4903160000000003e-03	
   3.9041795000000000e-03	
   5.0968400000000001e-03	
   6.9367999999999999e-03	
   9.2660550000000005e-03	
   1.0000000000000000e-02	
   9.9184500000000005e-03	
   8.2976549999999993e-03	
   7.6044850000000002e-03	
   5.8307849999999998e-03	
   6.2742099999999997e-03	
   5.9633050000000003e-03	
   5.2905199999999999e-03	
   5.2344549999999998e-03	
   5.8970450000000001e-03	
   6.7533150000000002e-03	
   6.5443450000000000e-03	
   7.1916400000000000e-03	
   4.8521915000000002e-03	
   4.0978595000000003e-03	
   4.1182464999999996e-03	
   6.4118250000000003e-03	
   8.3690099999999996e-03	
   8.0631999999999995e-03	
   8.5270150000000006e-03	
   7.2935800000000000e-03	
   7.2528050000000002e-03	
   6.6004100000000001e-03	
   6.0346599999999999e-03	
   4.7553515000000003e-03	
   4.2609579999999996e-03	
   5.4740049999999997e-03	
   6.6615700000000003e-03	
   6.3812449999999998e-03	
   5.6065250000000002e-03	
   4.4495415000000002e-03	
   2.9510704999999998e-03	
   1.9011214999999999e-03	
   5.1478099999999996e-04	
   3.5168195000000001e-04	
  -2.0387359999999999e-04	
  -2.3955149999999999e-04	
   2.9051990000000002e-04	
  -1.6819569999999999e-04	
  -1.3506625000000000e-03	
  -3.3333335000000001e-03	
  -3.8124364999999999e-03	
  -4.6024465000000002e-03	
  -4.8572885000000001e-03	
  -4.0214064999999997e-03	
  -3.6034660000000000e-03	
  -3.4352699999999998e-03	
  -4.4546380000000003e-03	
  -5.3312949999999998e-03	
  -3.6085624999999998e-03	
  -3.0937820000000002e-03	
  -9.6839949999999995e-04	
  -2.6350664999999999e-03	
  -2.6350664999999999e-03	
  -2.2833845000000000e-03	
  -1.8450560000000001e-03	
  -4.3323139999999999e-04	
  -1.6768605000000000e-03	
   8.0020400000000000e-04	
  -1.6564730000000001e-03	
  -3.7054025000000002e-03	
  -4.4138635000000002e-03	
  -3.0122324999999998e-03	
  -1.7431195000000000e-03	
  -2.6197755000000001e-03	
  -2.4923545000000002e-03	
  -3.7461775000000000e-03	
  -5.2599400000000003e-03	
  -4.1946995000000003e-03	
  -4.9133535000000002e-03	
  -4.3221205000000002e-03	
  -5.0101950000000003e-03	
  -7.0642200000000004e-03	
  -8.1243649999999997e-03	
  -9.4444449999999992e-03	
  -8.3486250000000001e-03	
  -7.9663600000000005e-03	
  -7.7879700000000000e-03	
  -6.6819549999999998e-03	
  -6.0040750000000002e-03	
  -5.8104000000000003e-03	
  -4.3934760000000003e-03	
  -4.4903160000000003e-03	
  -4.2303769999999996e-03	
  -3.0122324999999998e-03	
  -2.6962284999999999e-03	
  -1.1518860000000000e-03	
  -1.2334354999999999e-03	
  -1.2079510000000001e-03	
  -1.6411825000000001e-03	
  -1.5749234999999999e-03	
  -9.8878700000000009e-04	
  -6.6258899999999999e-04	
   1.8858309999999999e-04	
  -8.6136600000000002e-04	
  -5.5045850000000004e-04	
  -1.4016310000000000e-03	
  -2.5484200000000000e-03	
  -1.9164119999999999e-03	
  -1.7584100000000000e-03	
  -1.0958204999999999e-03	
  -3.5423040000000000e-03	
  -3.9449539999999996e-03	
  -1.7176349999999999e-03	
  -2.0998980000000002e-03	
  -1.6258920000000001e-03	
  -2.1253825000000000e-03	
  -1.9215084999999999e-03	
  -2.0591235000000001e-03	
  -2.9612639999999999e-03	
  -2.2171255000000001e-03	
  -2.6452600000000000e-03	
  -2.6299695000000000e-03	
  -3.3792050000000001e-03	
  -3.9500510000000004e-03	
  -2.5280325000000001e-03	
  -1.8246684999999999e-03	
  -8.7665650000000003e-04	
  -4.0774720000000003e-05	
  -9.6839949999999995e-04	
  -1.9113150000000000e-03	
  -2.2477065000000001e-03	
  -2.5433230000000001e-03	
  -2.2375124999999998e-03	
  -2.3241590000000001e-03	
  -2.7115189999999999e-03	
  -2.7573904999999999e-03	
  -3.8685015000000001e-03	
  -3.5779815000000002e-03	
  -3.3893984999999998e-03	
  -3.1090724999999998e-03	
  -4.4903160000000003e-03	
  -4.9082570000000001e-03	
  -5.2905199999999999e-03	
  -6.5494400000000001e-03	
  -6.0550450000000002e-03	
  -6.3608550000000003e-03	
  -5.2038750000000002e-03	
  -5.7951050000000000e-03	
  -5.5555550000000002e-03	
  -5.6523950000000002e-03	
  -4.3934760000000003e-03	
  -3.7818550000000002e-03	
  -3.1090724999999998e-03	
  -1.8909275000000001e-03	
  -2.2528035000000000e-03	
  -1.9928645000000002e-03	
  -2.4413865000000000e-03	
  -2.1508665000000001e-03	
  -1.2487259999999999e-03	
  -1.4220185000000001e-03	
  -1.3965340000000001e-03	
  -2.6860345000000001e-03	
  -1.2487259999999999e-03	
  -4.5871559999999999e-04	
   1.4984709999999999e-03	
   2.0846075000000002e-03	
   1.6972475000000000e-03	
   9.7859349999999999e-04	
  -9.3781850000000005e-04	
   1.4271150000000001e-03	
   2.0132520000000001e-03	
   2.6605505000000000e-03	
   1.6972475000000000e-03	
  -4.5871560000000000e-05	
   2.8032620000000003e-04	
  -1.8399590000000000e-03	
  -9.3272150000000002e-04	
  -7.7471949999999995e-04	
   7.2884800000000004e-04	
   8.8685000000000001e-04	
   2.0387360000000002e-03	
   7.2884800000000004e-04	
   6.7787950000000000e-04	
   7.1865449999999995e-04	
   1.1162080000000000e-03	
   2.5739040000000001e-03	
   7.3394499999999995e-04	
   2.8899084999999998e-03	
   1.3149844999999999e-03	
   3.5168195000000002e-03	
   2.8848114999999999e-03	
   4.9388380000000001e-03	
   6.8144750000000004e-03	
   5.5657500000000004e-03	
   5.8002050000000001e-03	
   3.9194700000000004e-03	
   4.0876654999999996e-03	
   3.9857290000000004e-03	
   4.5056065000000003e-03	
   3.9551480000000003e-03	
   4.8980630000000002e-03	
   5.7441400000000000e-03	
   5.7645250000000004e-03	
   5.1885849999999999e-03	
   4.2201835000000004e-03	
   3.7461775000000000e-03	
   4.9082570000000001e-03	
   4.9133535000000002e-03	
   3.3792050000000001e-03	
   2.4617735000000002e-03	
   2.2018350000000001e-03	
   3.1651374999999999e-03	
   3.0020385000000000e-03	
   3.9908254999999997e-03	
   4.1743120000000003e-03	
   3.3588174999999998e-03	
   4.3272170000000004e-03	
   4.2762484999999996e-03	
   5.1783899999999997e-03	
   5.2344549999999998e-03	
   5.4077450000000003e-03	
   4.7604485000000002e-03	
   3.1651374999999999e-03	
   3.2568804999999999e-03	
   2.9459734999999999e-03	
   3.4709480000000002e-03	
   3.3384299999999999e-03	
   3.6391434999999998e-03	
   2.6911315000000000e-03	
   4.8929664999999996e-04	
  -3.1090725000000000e-04	
   3.4658509999999998e-04	
  -8.9194700000000003e-04	
   1.5290519999999999e-04	
  -1.3608565000000001e-03	
  -1.5545360000000000e-03	
  -3.2212030000000002e-03	
  -3.7359835000000002e-03	
  -3.7869520000000001e-03	
  -4.4240570000000003e-03	
  -3.9143729999999996e-03	
  -2.9204894999999998e-03	
  -2.4566770000000000e-03	
  -3.4964319999999998e-03	
  -3.4199794999999998e-03	
  -5.0254849999999997e-03	
  -5.4077450000000003e-03	
  -5.5555550000000002e-03	
  -4.0825690000000003e-03	
  -3.0020385000000000e-03	
  -3.2364935000000002e-03	
  -3.3792050000000001e-03	
  -3.2008154999999998e-03	
  -3.1294595000000000e-03	
  -3.3944955000000001e-03	
  -2.5739040000000001e-03	
  -4.4240570000000003e-03	
  -5.7084600000000003e-03	
  -6.1365949999999999e-03	
  -6.7278299999999997e-03	
  -5.8664650000000004e-03	
  -5.5759449999999997e-03	
  -3.8990825000000001e-03	
  -3.3078489999999999e-03	
  -2.5280325000000001e-03	
  -2.6095820000000000e-03	
  -2.3037715000000002e-03	
  -7.0336400000000005e-04	
  -8.6136600000000002e-04	
  -3.8735985000000001e-04	
  -1.1722730000000000e-04	
  -3.8735985000000001e-04	
   2.5484200000000002e-04	
   1.0652394999999999e-03	
   1.1722729999999999e-03	
   2.0998980000000002e-03	
   2.1406730000000001e-03	
   3.4607545000000001e-03	
   3.6595310000000002e-03	
   3.4454640000000001e-03	
   1.6870539999999999e-03	
   1.3353720000000000e-03	
   1.0856270000000000e-03	
   1.8858309999999999e-03	
   2.4260960000000000e-03	
   3.1141690000000000e-03	
   2.3088685000000001e-03	
   8.1549450000000006e-05	
   2.2426095000000000e-04	
   5.5555549999999996e-04	
   7.2884800000000004e-04	
   3.3129459999999998e-04	
  -2.0897044999999999e-04	
  -8.8175350000000005e-04	
  -1.1620795000000001e-03	
  -1.5137614999999999e-03	
  -5.0458700000000003e-04	
   1.4984709999999999e-03	
   2.2629970000000001e-03	
   2.4209990000000001e-03	
   1.7176349999999999e-03	
   2.0846075000000002e-03	
   2.4515800000000001e-03	
   3.9806319999999996e-03	
   3.1753315000000002e-03	
   3.7054025000000002e-03	
   4.0723749999999996e-03	
   3.6952090000000001e-03	
   5.1223249999999996e-03	
   4.6483180000000002e-03	
   4.8165140000000000e-03	
   4.8521915000000002e-03	
   5.5096850000000003e-03	
   5.9683999999999996e-03	
   6.1365949999999999e-03	
   6.3047900000000002e-03	
   6.6870549999999999e-03	
   6.8960250000000001e-03	
   6.8858299999999999e-03	
   7.3037700000000002e-03	
   6.6309899999999998e-03	
   6.8603450000000003e-03	
   6.4526000000000002e-03	
   7.0030600000000002e-03	
   7.2833849999999999e-03	
   5.8205899999999996e-03	
   4.6788990000000003e-03	
   3.8379205000000000e-03	
   2.7930684999999998e-03	
   2.4566770000000000e-03	
   2.6299695000000000e-03	
   2.3700305000000001e-03	
   1.0448520000000000e-03	
   6.3710500000000001e-04	
  -1.4780834999999999e-04	
  -1.4780834999999999e-04	
   1.1060145000000000e-03	
   1.2742100000000000e-03	
   1.5800205000000001e-03	
   2.1406729999999999e-04	
  -8.2568799999999999e-04	
  -7.3394499999999995e-04	
  -4.3832825000000001e-04	
   6.6258899999999997e-05	
  -1.6309890000000001e-04	
  -1.4271149999999999e-04	
   1.2742100000000001e-04	
  -4.0774720000000003e-05	
   9.0723750000000004e-04	
   1.0652394999999999e-03	
  -1.0703364999999999e-04	
  -5.0458700000000003e-04	
  -1.2640164999999999e-03	
  -1.1365955000000000e-03	
  -2.6758410000000000e-03	
  -2.6605505000000000e-03	
  -1.1773700000000001e-03	
  -1.7176349999999999e-03	
  -1.3812435000000001e-03	
  -1.7940874999999999e-03	
  -2.5280325000000001e-03	
  -2.4974515000000001e-03	
  -3.0020385000000000e-03	
  -3.1702344999999998e-03	
  -3.7563710000000001e-03	
  -4.5107035000000002e-03	
  -4.2966360000000004e-03	
  -3.6391434999999998e-03	
  -3.7563710000000001e-03	
  -4.6636085000000002e-03	
  -4.7961265000000001e-03	
  -5.0458700000000000e-03	
  -5.1936800000000000e-03	
  -4.4750255000000003e-03	
  -5.1427100000000000e-03	
  -5.4281349999999997e-03	
  -5.4230399999999996e-03	
  -5.1478100000000001e-03	
  -4.3577980000000004e-03	
  -4.8521915000000002e-03	
  -4.0621815000000004e-03	
  -5.3261999999999997e-03	
  -6.8654450000000004e-03	
  -7.2171249999999996e-03	
  -6.4169199999999996e-03	
  -6.3455650000000001e-03	
  -5.9531100000000002e-03	
  -5.9225299999999996e-03	
  -6.2538250000000002e-03	
  -6.2079500000000003e-03	
  -5.4281349999999997e-03	
  -3.5524975000000001e-03	
  -3.0581039999999999e-03	
  -1.0499490000000001e-03	
  -1.8450560000000001e-03	
  -5.1987750000000003e-04	
  -7.7981649999999997e-04	
  -1.0703365000000000e-03	
   1.2538225000000001e-03	
   0.0000000000000000e+00	
   4.5871560000000000e-05	
  -4.0265035000000001e-04	
  -4.8929664999999996e-04	
   4.1794089999999998e-04	
   1.0703365000000000e-03	
   1.3200815000000000e-03	
   1.3557595000000000e-03	
  -4.2303769999999999e-04	
  -4.0774720000000003e-05	
   1.5035680000000000e-03	
   2.5535169999999999e-03	
   2.2833845000000000e-03	
   2.7522935000000000e-03	
   1.5494395000000001e-03	
   1.5851170000000000e-03	
   2.0183484999999998e-03	
   3.2008154999999998e-03	
   3.6850155000000000e-03	
   3.8481140000000001e-03	
   3.0173295000000002e-03	
   3.1039754999999999e-03	
   2.5993885000000000e-03	
   3.1804279999999999e-03	
   3.8786950000000001e-03	
   4.7808360000000001e-03	
   4.9694190000000001e-03	
   4.1284405000000003e-03	
   3.1141690000000000e-03	
   2.9969419999999998e-03	
   3.8532110000000000e-03	
   3.7614680000000000e-03	
   4.4852190000000004e-03	
   5.3261999999999997e-03	
   7.1406750000000000e-03	
   8.4862400000000008e-03	
   9.2252800000000006e-03	
   9.2099899999999995e-03	
   8.4505599999999993e-03	
   9.7298650000000007e-03	
   9.5973499999999993e-03	
   1.1202854999999999e-02	
   1.0208970000000000e-02	
   9.5922549999999992e-03	
   8.7971449999999993e-03	
   7.3496450000000001e-03	
   8.0581049999999994e-03	
   7.2171249999999996e-03	
   6.7380199999999999e-03	
   5.6778799999999997e-03	
   3.0071354999999999e-03	
   2.1712540000000001e-03	
   2.5484200000000002e-04	
  -1.2742100000000000e-03	
  -2.3496429999999998e-03	
  -4.4087665000000003e-03	
  -3.3893984999999998e-03	
  -4.4597350000000003e-03	
  -5.1783899999999997e-03	
  -5.3210999999999996e-03	
  -4.5107035000000002e-03	
  -3.3435269999999998e-03	
  -4.7910295000000002e-03	
  -3.9245670000000003e-03	
  -4.1845055000000004e-03	
  -4.6788990000000003e-03	
  -5.2395499999999999e-03	
  -4.2762484999999996e-03	
  -5.0050950000000002e-03	
  -5.9225299999999996e-03	
  -5.8970450000000001e-03	
  -5.0101950000000003e-03	
  -5.6523950000000002e-03	
  -7.1865449999999999e-03	
  -5.9327199999999998e-03	
  -4.7247705000000003e-03	
  -4.1335369999999996e-03	
  -4.3221205000000002e-03	
  -3.1243629999999998e-03	
  -3.8837920000000001e-03	
  -3.4454640000000001e-03	
  -3.4505604999999998e-03	
  -2.6962284999999999e-03	
  -2.7726809999999999e-03	
  -2.2018350000000001e-03	
  -9.9898049999999996e-04	
  -1.4780834999999999e-04	
   7.0846099999999996e-04	
  -9.8878700000000009e-04	
  -1.5698265000000000e-03	
  -2.1661570000000002e-03	
  -1.8195720000000000e-03	
  -1.4016310000000000e-03	
  -1.1569824999999999e-03	
  -1.1111109999999999e-03	
  -2.5433230000000001e-03	
  -2.9510704999999998e-03	
  -2.9306829999999999e-03	
  -2.8848114999999999e-03	
  -9.0214050000000001e-04	
  -1.1620795000000001e-03	
  -3.7206929999999999e-04	
  -1.1162080000000000e-03	
  -9.3272150000000002e-04	
  -1.5953110000000001e-03	
  -5.0968400000000005e-04	
  -7.2884800000000004e-04	
  -8.0530049999999996e-04	
   2.3445464999999999e-04	
   6.7787950000000000e-04	
   1.6360855000000000e-03	
   2.3292560000000000e-03	
   1.6870539999999999e-03	
   4.7400609999999999e-04	
   5.3516800000000004e-04	
   1.5953110000000001e-03	
   3.1804279999999999e-03	
   3.0224259999999999e-03	
   2.2477065000000001e-03	
   3.8990825000000001e-03	
   3.0632010000000002e-03	
   5.9938850000000000e-03	
   4.7043835000000001e-03	
   4.4801225000000002e-03	
   4.9235475000000001e-03	
   4.2864425000000003e-03	
   5.3924550000000000e-03	
   4.9133535000000002e-03	
   5.6727849999999996e-03	
   5.1783899999999997e-03	
   5.3516800000000002e-03	
   4.8776760000000001e-03	
   3.5321100000000002e-03	
   2.1457694999999998e-03	
   1.8501530000000000e-03	
   1.6156985000000000e-03	
   1.4118245000000001e-03	
   1.1518860000000000e-03	
   5.3007149999999997e-04	
   9.1743099999999999e-05	
  -2.1202855000000001e-03	
  -2.9918449999999999e-03	
  -3.3741079999999998e-03	
  -2.9867480000000000e-03	
  -3.1243629999999998e-03	
  -3.2161059999999998e-03	
  -3.2059125000000002e-03	
  -5.0866449999999999e-03	
  -5.3771649999999997e-03	
  -5.1274199999999997e-03	
  -3.8481140000000001e-03	
  -4.0723749999999996e-03	
  -3.7308870000000000e-03	
  -3.3027525000000001e-03	
  -3.9857290000000004e-03	
  -2.6554535000000001e-03	
  -2.8083589999999999e-03	
  -2.7217125000000000e-03	
  -3.8786950000000001e-03	
  -4.8165140000000000e-03	
  -4.7349645000000001e-03	
  -5.0713549999999996e-03	
  -4.4852190000000004e-03	
  -4.4750255000000003e-03	
  -3.0428134999999999e-03	
  -3.7665645000000002e-03	
  -4.8674820000000002e-03	
  -4.7247705000000003e-03	
  -5.5453600000000000e-03	
  -5.3822649999999998e-03	
  -5.6880749999999999e-03	
  -5.7390399999999999e-03	
  -6.6106000000000003e-03	
  -6.7125400000000003e-03	
  -5.8104000000000003e-03	
  -6.5749249999999997e-03	
  -7.8134550000000004e-03	
  -8.6340449999999999e-03	
  -8.5575949999999994e-03	
  -8.1243649999999997e-03	
  -8.2415900000000000e-03	
  -7.7319049999999999e-03	
  -6.8144750000000004e-03	
  -5.9123350000000003e-03	
  -4.7757390000000002e-03	
  -3.3078489999999999e-03	
  -2.1559635000000001e-03	
  -5.5555549999999996e-04	
   1.1162080000000000e-03	
   1.7329254999999999e-03	
   1.1824670000000000e-03	
   1.8705404999999999e-03	
   2.5484200000000000e-03	
   2.3904180000000001e-03	
   3.8634045000000001e-03	
   3.5372070000000001e-03	
   4.2099900000000003e-03	
   4.5259940000000002e-03	
   3.8634045000000001e-03	
   3.1396534999999998e-03	
   2.6350664999999999e-03	
   1.8450560000000001e-03	
   1.6513760000000000e-03	
   2.2324160000000001e-03	
   2.6197755000000001e-03	
   2.2069314999999998e-03	
   1.0958204999999999e-03	
   5.5555549999999996e-04	
  -2.1406729999999999e-04	
   1.2181449999999999e-03	
   1.1213050000000001e-04	
   1.3965340000000001e-03	
   8.0020400000000000e-04	
   3.0071355000000000e-04	
  -1.5800205000000001e-04	
  -6.6258899999999997e-05	
   6.6258899999999999e-04	
   5.0458700000000003e-04	
   2.9561669999999998e-04	
   5.6065250000000003e-05	
   4.0265035000000001e-04	
  -5.0968400000000003e-06	
   5.3516800000000004e-04	
   6.3200799999999998e-04	
   9.9388400000000000e-04	
   1.8807340000000000e-03	
   1.0907239999999999e-03	
   2.0948009999999999e-03	
   1.8960245000000000e-03	
   1.5749234999999999e-03	
   1.6564730000000001e-03	
   1.4678899999999999e-03	
   1.7635064999999999e-03	
   2.2018350000000001e-03	
   2.2579000000000002e-03	
   2.9357799999999998e-03	
   3.6391434999999998e-03	
   2.7420999999999999e-03	
   2.3190620000000002e-03	
   1.8246684999999999e-03	
   2.0183484999999998e-03	
   4.0672785000000003e-03	
   4.3781855000000003e-03	
   4.7043835000000001e-03	
   4.1029559999999996e-03	
   4.5259940000000002e-03	
   5.3210999999999996e-03	
   5.8868499999999999e-03	
   6.5188599999999996e-03	
   5.4943950000000000e-03	
   4.3323140000000003e-03	
   3.1498469999999999e-03	
   3.5423040000000000e-03	
   4.5667685000000003e-03	
   3.5575945000000000e-03	
   3.1345564999999999e-03	
   3.2568804999999999e-03	
   3.4811414999999998e-03	
   2.9357799999999998e-03	
   3.4250765000000002e-03	
   3.6493375000000001e-03	
   3.2008154999999998e-03	
   1.5647300000000001e-03	
   1.0652394999999999e-03	
   1.6615700000000000e-03	
   1.7737005000000000e-03	
   2.2069314999999998e-03	
   1.4627930000000000e-03	
   1.3863405000000000e-03	
   7.7981649999999997e-04	
   1.5086645000000000e-03	
   2.2426095000000002e-03	
   3.0937820000000002e-03	
   2.1304789999999998e-03	
   1.2079510000000001e-03	
   4.9439350000000004e-04	
   2.5993885000000000e-04	
  -6.6258899999999999e-04	
  -9.3272150000000002e-04	
  -9.4801200000000003e-04	
  -1.2844035000000001e-03	
  -1.7176349999999999e-03	
  -1.9724769999999998e-03	
  -1.8297655000000001e-03	
  -1.1569824999999999e-03	
  -1.2181449999999999e-03	
  -1.5494395000000001e-03	
  -2.3904180000000001e-03	
  -3.1702344999999998e-03	
  -3.3282365000000002e-03	
  -2.5127420000000001e-03	
  -2.3904180000000001e-03	
  -2.1763504999999998e-03	
  -2.3139655000000000e-03	
  -2.4413865000000000e-03	
  -1.9775740000000002e-03	
  -2.7217125000000000e-03	
  -2.3598370000000000e-03	
  -1.9062180000000001e-03	
  -2.2477065000000001e-03	
  -1.2844035000000001e-03	
  -1.2538225000000001e-03	
  -1.6819569999999999e-04	
   1.5290520000000000e-05	
   1.5290519999999999e-04	
  -3.1090725000000000e-04	
   9.3781850000000005e-04	
  -3.3129459999999998e-04	
  -2.8542305000000000e-04	
   6.3710500000000001e-04	
   3.5168195000000001e-04	
   4.0265035000000001e-04	
  -1.3965340000000001e-03	
   2.1916410000000000e-04	
   4.3323139999999999e-04	
   1.1009175000000000e-03	
   2.7013249999999998e-04	
  -6.6258899999999999e-04	
  -2.9561669999999998e-04	
  -1.1977575000000000e-03	
  -1.1722730000000000e-04	
   2.2935779999999999e-04	
   8.5117250000000004e-04	
   8.4097849999999999e-04	
   4.0265035000000001e-04	
  -1.5800205000000001e-04	
  -3.0581039999999997e-04	
   2.5993885000000000e-04	
   6.1162100000000002e-05	
   1.1671765000000000e-03	
  -5.0968399999999998e-05	
   5.6065250000000003e-05	
   2.0387359999999999e-04	
  -3.4658509999999998e-04	
  -3.5168195000000001e-04	
   6.0142699999999997e-04	
   1.3404689999999999e-03	
   1.4169215000000000e-03	
   3.4658509999999998e-04	
   2.2935779999999999e-04	
  -3.9245669999999998e-04	
   4.0774720000000003e-05	
   6.4220200000000003e-04	
   3.9245669999999998e-04	
  -5.9633050000000001e-04	
  -1.8042815000000000e-03	
  -2.5739040000000001e-03	
  -1.6156985000000000e-03	
  -2.1202855000000001e-03	
  -2.4617735000000002e-03	
  -2.5688074999999999e-03	
  -2.3139655000000000e-03	
  -2.1406730000000001e-03	
  -3.1396534999999998e-03	
  -2.8083589999999999e-03	
  -4.0570844999999996e-03	
  -3.9755349999999997e-03	
  -4.4189600000000004e-03	
  -4.5769625000000001e-03	
  -5.1732949999999996e-03	
  -5.2242599999999997e-03	
  -6.0193699999999996e-03	
  -6.3863399999999999e-03	
  -5.8766549999999997e-03	
  -6.0754349999999997e-03	
  -6.2742099999999997e-03	
  -6.8807349999999998e-03	
  -7.4362899999999999e-03	
  -6.9979600000000001e-03	
  -6.2232399999999997e-03	
  -5.3924550000000000e-03	
  -5.9989800000000001e-03	
  -5.7339449999999998e-03	
  -7.4821599999999999e-03	
  -6.1263999999999997e-03	
  -5.8002050000000001e-03	
  -4.6839960000000002e-03	
  -4.3221205000000002e-03	
  -2.8032619999999999e-03	
  -2.4260960000000000e-03	
  -2.8032619999999999e-03	
  -2.5076454999999999e-03	
  -1.3659530000000000e-03	
  -1.7787969999999999e-03	
  -1.4729865000000001e-03	
  -1.9673799999999999e-03	
  -2.5840980000000000e-03	
  -2.9561670000000000e-03	
  -2.5229359999999999e-03	
  -1.1111109999999999e-03	
  -1.2232414999999999e-04	
  -1.2742100000000001e-04	
   3.3639145000000000e-04	
  -6.6258899999999997e-05	
  -2.5993885000000000e-04	
   1.7838939999999999e-04	
   1.0193680000000001e-05	
   9.3781850000000005e-04	
   7.1355750000000003e-04	
   1.7787969999999999e-03	
   2.1151884999999998e-03	
   1.3506625000000000e-03	
   1.1671765000000000e-03	
   1.8297655000000001e-03	
   2.9357799999999998e-03	
   2.8950050000000000e-03	
   4.0927625000000004e-03	
   3.8175330000000001e-03	
   3.5983690000000001e-03	
   2.9357799999999998e-03	
   2.3547400000000001e-03	
   3.2874620000000001e-03	
   3.7461775000000000e-03	
   4.2252805000000003e-03	
   4.8165140000000000e-03	
   3.8073395000000000e-03	
   3.6748215000000002e-03	
   4.1335369999999996e-03	
   5.8002050000000001e-03	
   6.5545350000000002e-03	
   6.4882749999999999e-03	
   6.8552500000000002e-03	
   5.6422000000000000e-03	
   4.6177370000000002e-03	
   3.6391434999999998e-03	
   4.1182464999999996e-03	
   3.5372070000000001e-03	
   3.7206930000000002e-03	
   2.3292560000000000e-03	
   1.8960245000000000e-03	
   2.1457694999999998e-03	
   1.3608565000000001e-03	
   2.7930684999999998e-03	
   1.8501530000000000e-03	
   2.4108055000000000e-03	
   2.6299695000000000e-03	
   2.1559635000000001e-03	
   3.9347605000000004e-03	
   4.1131500000000003e-03	
   5.6218149999999996e-03	
   7.4108050000000003e-03	
   6.2487250000000001e-03	
   5.0152900000000004e-03	
   4.3527015000000002e-03	
   4.1233435000000004e-03	
   4.6788990000000003e-03	
   4.0825690000000003e-03	
   4.9235475000000001e-03	
   5.1936800000000000e-03	
   4.7910295000000002e-03	
   4.0621815000000004e-03	
   4.7247705000000003e-03	
   3.9092759999999997e-03	
   3.6697250000000000e-03	
   3.1345564999999999e-03	
   3.8226300000000000e-03	
   3.0122324999999998e-03	
   2.4821610000000001e-03	
   1.4220185000000001e-03	
   9.6839949999999995e-04	
   9.1743100000000002e-04	
  -2.9561669999999998e-04	
  -2.9561669999999998e-04	
  -1.0397555000000000e-03	
  -1.6564730000000001e-03	
  -1.9113150000000000e-03	
  -1.0907239999999999e-03	
   1.0193680000000000e-04	
  -3.3639145000000000e-04	
  -1.1365955000000000e-03	
  -3.0428134999999999e-03	
  -4.0774720000000004e-03	
  -4.1335369999999996e-03	
  -3.2874620000000001e-03	
  -2.7217125000000000e-03	
  -2.9714575000000000e-03	
  -2.0336389999999998e-03	
  -3.1600410000000002e-03	
  -2.4260960000000000e-03	
  -3.9551480000000003e-03	
  -4.3781855000000003e-03	
  -3.2517840000000002e-03	
  -2.9918449999999999e-03	
  -1.8960245000000000e-03	
  -1.8042815000000000e-03	
  -1.9622835000000002e-03	
  -3.1702344999999998e-03	
  -3.3180430000000001e-03	
  -2.7726809999999999e-03	
  -2.3088685000000001e-03	
  -1.8552495000000000e-03	
  -3.2313964999999998e-03	
  -3.7920490000000000e-03	
  -4.1946995000000003e-03	
  -3.3333335000000001e-03	
  -2.3751275000000001e-03	
  -2.1559635000000001e-03	
  -2.9204894999999998e-03	
  -2.4821610000000001e-03	
  -3.9755349999999997e-03	
  -4.5310905000000004e-03	
  -5.1070350000000002e-03	
  -3.9398575000000003e-03	
  -2.6860345000000001e-03	
  -1.7686035000000001e-03	
  -1.6309890000000000e-03	
  -1.5851170000000000e-03	
  -1.4016310000000000e-03	
  -6.5749250000000003e-04	
  -5.7594299999999998e-04	
  -9.1233449999999995e-04	
   2.2426095000000000e-04	
   1.6819569999999999e-04	
  -4.5871560000000000e-05	
   9.0214050000000001e-04	
   7.9510699999999998e-04	
   1.9775740000000002e-03	
   1.9928645000000002e-03	
   2.0846075000000002e-03	
   2.5484200000000000e-03	
   1.5647300000000001e-03	
   1.5494395000000001e-03	
   1.0193680000000001e-03	
   1.8909275000000001e-03	
   1.0907239999999999e-03	
   1.7329254999999999e-04	
   1.5290519999999999e-04	
  -2.5993885000000000e-04	
  -1.0193680000000000e-04	
  -4.0774720000000003e-05	
   5.1478099999999996e-04	
   1.1824670000000000e-03	
   7.0336400000000005e-04	
   1.0142710000000000e-03	
   1.1773700000000001e-03	
   1.4984709999999999e-03	
   1.1977575000000000e-03	
   1.2079510000000001e-03	
   2.4515800000000001e-03	
   2.0234455000000002e-03	
   7.6962299999999999e-04	
   1.0601425000000000e-03	
   1.3251784999999999e-03	
   1.6615700000000000e-03	
   1.5647300000000001e-03	
   1.2895005000000000e-03	
   1.7889910000000000e-03	
   1.8348625000000000e-03	
   3.2415899999999999e-03	
   4.6839960000000002e-03	
   4.3628950000000003e-03	
   4.1284405000000003e-03	
   4.8012230000000003e-03	
   4.5871560000000002e-03	
   4.7196740000000001e-03	
   3.0377164999999999e-03	
   3.2059125000000002e-03	
   3.6799185000000001e-03	
   4.4495415000000002e-03	
   3.2976555000000002e-03	
   4.5107035000000002e-03	
   4.7451580000000002e-03	
   4.7910295000000002e-03	
   2.9408765000000000e-03	
   3.8735985000000000e-03	
   2.4108055000000000e-03	
   2.2731905000000002e-03	
   9.3781850000000005e-04	
  -4.8929664999999996e-04	
   4.6890929999999999e-04	
  -6.5239550000000001e-04	
   4.8929664999999996e-04	
   5.2497450000000005e-04	
  -1.2742100000000001e-04	
  -1.8858309999999999e-04	
  -5.1987750000000003e-04	
   3.9755349999999999e-04	
  -1.5800205000000001e-03	
  -2.7573904999999999e-03	
  -2.7115189999999999e-03	
  -1.9317024999999999e-03	
  -1.5749234999999999e-03	
  -6.7278300000000004e-04	
  -9.5310900000000005e-04	
  -2.1967380000000002e-03	
  -3.4607545000000001e-03	
  -1.7278285000000000e-03	
  -1.4424055000000001e-03	
  -2.2171255000000001e-03	
  -3.6493375000000001e-03	
  -4.3068300000000002e-03	
  -3.5983690000000001e-03	
  -3.3078489999999999e-03	
  -2.5484200000000000e-03	
  -2.4209990000000001e-03	
  -3.0682974999999999e-03	
  -4.0672785000000003e-03	
  -3.9194700000000004e-03	
  -2.5280325000000001e-03	
  -3.3588174999999998e-03	
  -3.0428134999999999e-03	
  -3.4403670000000002e-03	
  -4.0723749999999996e-03	
  -4.4138635000000002e-03	
  -4.5005095000000004e-03	
  -4.1845055000000004e-03	
  -4.0163100000000004e-03	
  -4.6992865000000002e-03	
  -5.3109050000000003e-03	
  -5.4587150000000003e-03	
  -4.3832825000000002e-03	
  -3.8022425000000001e-03	
  -3.0173295000000002e-03	
  -1.9469929999999999e-03	
  -1.0397555000000000e-03	
  -6.6768600000000002e-04	
  -2.1763504999999998e-03	
  -1.7329254999999999e-03	
  -9.9898049999999996e-04	
   8.8175350000000005e-04	
   1.4729865000000001e-03	
   1.8960245000000000e-03	
   1.4627930000000000e-03	
   1.0040775000000001e-03	
   1.5035680000000000e-03	
   2.4821610000000001e-03	
   2.4006115000000001e-03	
   2.1610599999999998e-03	
   1.9673799999999999e-03	
   1.3710500000000000e-03	
  -1.1722730000000000e-04	
  -8.8175350000000005e-04	
  -5.6065250000000003e-05	
  -3.0581039999999997e-04	
   1.1671765000000000e-03	
   2.4006115000000001e-03	
   2.5382264999999999e-03	
   7.7471949999999995e-04	
  -1.3251785000000001e-04	
   1.8348625000000000e-03	
   3.1702344999999998e-03	
   2.5637105000000000e-03	
   1.3047910000000000e-03	
   3.1600410000000003e-04	
   1.0040775000000001e-03	
   1.3200815000000000e-03	
   3.7461775000000000e-03	
   3.8277270000000000e-03	
   4.3068300000000002e-03	
   2.9765544999999999e-03	
   2.3547400000000001e-03	
   2.3394495000000001e-03	
   1.6411825000000001e-03	
   2.3241590000000001e-03	
   2.2884810000000002e-03	
   1.7889910000000000e-03	
   2.1253825000000000e-03	
   2.1253825000000000e-03	
   2.2579000000000002e-03	
   1.3404689999999999e-03	
   1.9164119999999999e-03	
   2.7471965000000001e-03	
   3.3231394999999999e-03	
   3.9755349999999997e-03	
   3.8990825000000001e-03	
   3.1090724999999998e-03	
   2.0234455000000002e-03	
   2.0540265000000002e-03	
   2.9204894999999998e-03	
   3.4097860000000002e-03	
   2.8032619999999999e-03	
   3.5474005000000002e-03	
   2.7115189999999999e-03	
   2.2426095000000002e-03	
   1.4678899999999999e-03	
   7.1355750000000003e-04	
   3.1600410000000003e-04	
  -7.0336400000000005e-04	
  -4.0774719999999998e-04	
  -5.1478099999999996e-04	
  -4.2813455000000002e-04	
  -5.0968400000000003e-06	
  -1.3047910000000000e-03	
  -1.7787969999999999e-03	
  -2.0234455000000002e-03	
  -2.0948009999999999e-03	
  -2.5229359999999999e-03	
  -2.5688074999999999e-03	
  -2.8491335000000000e-03	
  -1.9826704999999999e-03	
  -1.9571864999999998e-03	
  -1.6004075000000000e-03	
  -5.7594299999999998e-04	
  -2.2579000000000002e-03	
  -1.4627930000000000e-03	
  -2.3802245000000000e-03	
  -2.4770640000000002e-03	
  -2.2986750000000000e-03	
  -1.8042815000000000e-03	
  -1.6768605000000000e-03	
  -4.0876654999999996e-03	
  -3.1651374999999999e-03	
  -2.3955150000000000e-03	
  -1.6921510000000000e-03	
  -1.4678899999999999e-03	
  -2.1304789999999998e-03	
  -1.7991845000000001e-03	
  -1.8195720000000000e-03	
  -1.1722729999999999e-03	
  -8.3588200000000003e-04	
  -1.2385320000000001e-03	
  -1.1467890000000001e-03	
  -8.9194700000000003e-04	
  -1.4627930000000000e-03	
  -1.8756370000000001e-03	
  -1.5800205000000001e-03	
  -1.1620795000000001e-03	
  -1.4424055000000001e-03	
  -2.2477065000000001e-03	
  -1.7278285000000000e-03	
  -1.2181449999999999e-03	
  -1.1264014999999999e-03	
  -1.0295615000000000e-03	
  -6.5749250000000003e-04	
  -6.6768600000000002e-04	
   5.5555549999999996e-04	
  -2.3955149999999999e-04	
  -2.9051990000000002e-04	
  -5.4026499999999995e-04	
  -1.1926605000000001e-03	
   5.6065250000000003e-05	
   5.8104000000000001e-04	
   2.0897044999999999e-04	
   6.3200799999999998e-04	
   3.0071355000000000e-04	
   4.3832825000000001e-04	
   8.1549450000000006e-05	
   1.1722730000000000e-04	
   6.6768600000000002e-04	
   6.6768600000000002e-04	
  -2.9561669999999998e-04	
   2.0387359999999999e-04	
  -4.5871560000000000e-05	
  -3.1090725000000000e-04	
  -1.4271149999999999e-04	
  -4.5361875000000002e-04	
  -4.5871560000000000e-05	
  -4.4852189999999999e-04	
  -2.2935779999999999e-04	
   1.2385320000000001e-03	
   9.7859349999999999e-04	
   1.4169215000000000e-03	
   1.6462795000000000e-03	
   1.6156985000000000e-03	
   6.0652400000000000e-04	
   7.2884800000000004e-04	
   6.4220200000000003e-04	
   1.0907239999999999e-03	
   1.4271149999999999e-04	
  -5.4536199999999997e-04	
  -7.5433249999999998e-04	
  -8.2568799999999999e-04	
  -6.5749250000000003e-04	
  -1.3812435000000001e-03	
  -1.9418960000000000e-03	
  -1.0805299999999999e-03	
  -1.5239550000000000e-03	
  -1.4373089999999999e-03	
  -1.6615700000000000e-03	
  -1.4169215000000000e-03	
  -2.7319060000000001e-03	
  -2.7573904999999999e-03	
  -2.4006115000000001e-03	
  -1.3761470000000001e-03	
  -1.7991845000000001e-03	
  -1.3098879999999999e-03	
  -3.5168195000000001e-04	
   2.0897044999999999e-04	
  -1.3200815000000000e-03	
  -1.7431195000000000e-03	
  -9.3781850000000005e-04	
  -1.7329254999999999e-03	
  -1.3404689999999999e-03	
  -1.1009175000000000e-03	
  -9.9898049999999996e-04	
  -8.5117250000000004e-04	
  -1.7431195000000000e-03	
  -2.0540265000000002e-03	
  -2.4668705000000001e-03	
  -1.4271150000000001e-03	
  -1.2436290000000000e-03	
  -9.6330299999999999e-04	
  -8.8175350000000005e-04	
  -1.9215084999999999e-03	
  -2.2579000000000002e-03	
  -2.8032619999999999e-03	
  -1.7329254999999999e-03	
  -2.1151884999999998e-03	
  -1.0601425000000000e-03	
  -4.2303769999999999e-04	
   5.0968400000000003e-06	
  -1.0601425000000000e-03	
  -1.0448520000000000e-03	
  -1.2538225000000001e-03	
  -8.2568799999999999e-04	
  -4.3832825000000001e-04	
   8.5117250000000004e-04	
   1.9571864999999998e-03	
   1.8348624999999999e-04	
   5.1987750000000003e-04	
   5.8613649999999997e-04	
   1.3506625000000000e-03	
   7.3904199999999998e-04	
   6.9317000000000001e-04	
   1.7176349999999999e-03	
   2.2986750000000000e-03	
   2.4311925000000002e-03	
   2.5688074999999999e-03	
   2.9510704999999998e-03	
   2.0795104999999999e-03	
   1.8552495000000000e-03	
   2.5586135000000001e-03	
   2.6452600000000000e-03	
   1.9113150000000000e-03	
   1.4882775000000000e-03	
   2.2782875000000001e-03	
   2.3037715000000002e-03	
   3.1447505000000001e-03	
   3.8124364999999999e-03	
   3.5983690000000001e-03	
   2.5840980000000000e-03	
   2.1967380000000002e-03	
   3.3078489999999999e-03	
   3.5881755000000000e-03	
   3.5270135000000000e-03	
   3.3384299999999999e-03	
   3.3078489999999999e-03	
   3.6646280000000001e-03	
   4.9133535000000002e-03	
   4.7451580000000002e-03	
   4.9388380000000001e-03	
   4.4954130000000002e-03	
   5.3058100000000002e-03	
   4.9337410000000002e-03	
   4.3679920000000002e-03	
   4.1437310000000003e-03	
   5.0407749999999999e-03	
   5.3058100000000002e-03	
   4.6177370000000002e-03	
   5.6473000000000001e-03	
   4.5565750000000002e-03	
   5.4230399999999996e-03	
   4.0825690000000003e-03	
   5.2701349999999996e-03	
   4.2762484999999996e-03	
   3.7614680000000000e-03	
   3.4352699999999998e-03	
   2.3292560000000000e-03	
   2.6809379999999999e-03	
   2.4719675000000000e-03	
   1.6309890000000000e-03	
   1.8501530000000000e-03	
   2.8542305000000000e-04	
   7.7981649999999997e-04	
   5.4536199999999997e-04	
   4.1284405000000001e-04	
   1.1824670000000000e-03	
  -8.7665650000000003e-04	
   2.6503570000000002e-04	
  -1.0805299999999999e-03	
  -1.3710500000000000e-03	
  -7.8491349999999999e-04	
  -2.4566770000000000e-03	
  -1.6360855000000000e-03	
  -2.7166155000000001e-03	
  -1.7125380000000000e-03	
  -2.4464830000000002e-03	
  -2.3547400000000001e-03	
  -3.5881755000000000e-03	
  -3.7257900000000001e-03	
  -2.2324160000000001e-03	
  -2.1763504999999998e-03	
  -1.4322120000000000e-03	
  -2.0744140000000001e-03	
  -3.5270135000000000e-03	
  -3.2110089999999999e-03	
  -2.2069314999999998e-03	
  -1.5698265000000000e-03	
  -2.3241590000000001e-03	
  -2.4464830000000002e-03	
  -3.1294595000000000e-03	
  -3.3843014999999999e-03	
  -1.3251784999999999e-03	
  -9.1233449999999995e-04	
  -6.0142699999999997e-04	
  -1.8654435000000000e-03	
  -2.0693170000000002e-03	
  -2.0693170000000002e-03	
  -2.3292560000000000e-03	
  -9.7859349999999999e-04	
  -7.2884800000000004e-04	
  -5.6065249999999998e-04	
  -2.4006115000000001e-03	
  -2.4770640000000002e-03	
  -2.4821610000000001e-03	
  -2.1661570000000002e-03	
  -1.8450560000000001e-03	
  -8.7155950000000000e-04	
  -5.4536199999999997e-04	
  -3.0581039999999997e-04	
   1.3761470000000001e-04	
   2.5484200000000002e-04	
  -4.3323139999999999e-04	
  -5.1478099999999996e-04	
  -7.1355750000000003e-04	
  -4.4342509999999998e-04	
  -9.7859349999999999e-04	
  -1.7176349999999999e-03	
  -6.8297650000000002e-04	
  -9.1233449999999995e-04	
   2.0897044999999999e-04	
   4.4342509999999998e-04	
   1.1264014999999999e-03	
   7.9000999999999995e-04	
  -5.6065250000000003e-05	
   8.1549450000000006e-05	
  -6.0142699999999997e-04	
  -1.1722730000000000e-04	
   5.6574900000000005e-04	
   6.3710500000000001e-04	
   2.3955150000000000e-03	
   2.1100914999999999e-03	
   1.3200815000000000e-03	
   1.8195720000000000e-03	
   6.7278300000000004e-04	
   1.6513760000000000e-03	
   9.4291549999999996e-04	
   1.4627930000000000e-03	
   1.6309890000000000e-03	
   5.7594299999999998e-04	
   5.8104000000000001e-04	
   5.7594299999999998e-04	
   5.3516800000000004e-04	
   2.8542305000000000e-04	
  -9.6839949999999998e-05	
   5.1987750000000003e-04	
   1.8858309999999999e-04	
   2.3955149999999999e-04	
   1.2945974999999999e-03	
   3.4658509999999998e-04	
   1.3353720000000000e-03	
  -3.8226299999999998e-04	
  -5.0458700000000003e-04	
  -1.8552495000000000e-03	
  -1.6207950000000000e-03	
  -6.3710500000000001e-04	
  -1.3251785000000001e-04	
   6.0142699999999997e-04	
  -7.6452599999999994e-05	
  -1.3557595000000000e-03	
  -2.0642199999999999e-03	
  -2.4617735000000002e-03	
  -2.2120285000000002e-03	
  -1.9266055000000000e-03	
  -2.0897045000000001e-03	
  -2.3139655000000000e-03	
  -2.3394495000000001e-03	
  -1.8093779999999999e-03	
  -1.3914375000000001e-03	
  -1.9317024999999999e-03	
  -2.1406730000000001e-03	
  -2.5688074999999999e-03	
  -2.4515800000000001e-03	
  -3.5423040000000000e-03	
  -2.2375124999999998e-03	
  -1.7838940000000001e-03	
  -2.1202855000000001e-03	
  -2.2986750000000000e-03	
  -2.5484200000000000e-03	
  -2.0132520000000001e-03	
  -2.4413865000000000e-03	
  -1.3608565000000001e-03	
  -1.5953110000000001e-03	
  -1.6106015000000001e-03	
  -2.2579000000000002e-03	
  -1.7278285000000000e-03	
  -1.3200815000000000e-03	
  -2.2579000000000002e-03	
  -2.4668705000000001e-03	
  -9.3272150000000002e-04	
  -1.0397555000000000e-03	
  -5.6574900000000005e-04	
  -3.7716615000000001e-04	
  -1.1213050000000000e-03	
  -3.3639145000000000e-04	
   3.4148829999999997e-04	
   1.2945974999999999e-03	
   1.4220185000000001e-03	
   1.0295615000000000e-03	
   1.9928645000000002e-03	
   3.4301735000000001e-03	
   3.3486240000000001e-03	
   2.4413865000000000e-03	
   2.0132520000000001e-03	
   2.8899084999999998e-03	
   2.6248725000000001e-03	
   2.1202855000000001e-03	
   2.1100914999999999e-03	
   1.7737005000000000e-03	
   1.7686035000000001e-03	
   1.3557595000000000e-03	
   1.6360855000000000e-03	
   2.3445465000000000e-03	
   1.7889910000000000e-03	
   8.4097849999999999e-04	
   1.3251785000000001e-04	
   7.6962299999999999e-04	
   7.1355750000000003e-04	
   1.1671765000000000e-03	
   8.0020400000000000e-04	
   1.7838939999999999e-04	
  -2.2935779999999999e-04	
  -1.4780835000000000e-03	
  -4.1284405000000001e-04	
  -2.6503570000000002e-04	
  -2.1916410000000000e-04	
   1.3251784999999999e-03	
   1.0601425000000000e-03	
   1.3557595000000000e-03	
   1.2538225000000001e-03	
   1.0805299999999999e-03	
   2.0591235000000001e-03	
   1.7176349999999999e-03	
   1.4016310000000000e-03	
   1.3659530000000000e-03	
   8.8685000000000001e-04	
   1.8195720000000000e-03	
   1.5290519999999999e-03	
   2.5484200000000000e-03	
   1.9113150000000000e-03	
   2.1916409999999998e-03	
   6.0652400000000000e-04	
  -1.0091745000000000e-03	
  -2.6503570000000002e-04	
  -8.2059099999999996e-04	
   1.1722729999999999e-03	
  -3.8226299999999998e-04	
  -4.4342509999999998e-04	
   1.0703364999999999e-04	
   4.1794089999999998e-04	
   7.0336400000000005e-04	
  -3.1600410000000003e-04	
  -1.8858309999999999e-03	
  -2.3547400000000001e-03	
  -2.0489294999999999e-03	
  -9.5310900000000005e-04	
  -9.5310900000000005e-04	
  -6.1671749999999998e-04	
   4.3323139999999999e-04	
  -2.0387360000000001e-05	
  -2.7522935000000000e-04	
  -6.5749250000000003e-04	
  -5.9633050000000001e-04	
  -6.4729849999999999e-04	
  -1.0703365000000000e-03	
  -4.6381245000000001e-04	
  -8.3588200000000003e-04	
  -5.0458700000000003e-04	
  -6.8807350000000005e-04	
  -7.3394499999999995e-04	
  -9.0214050000000001e-04	
  -1.2844035000000001e-03	
  -1.5800205000000001e-03	
  -6.8297650000000002e-04	
  -1.0907239999999999e-03	
  -6.2181450000000000e-04	
  -9.8878700000000009e-04	
  -1.3914375000000001e-03	
  -1.3455654999999999e-03	
  -2.1916409999999998e-03	
  -1.6258920000000001e-03	
  -1.9571864999999998e-03	
  -1.6819570000000000e-03	
  -1.5545360000000000e-03	
  -1.2334354999999999e-03	
  -7.5433249999999998e-04	
  -8.3078500000000001e-04	
  -4.6890929999999999e-04	
  -7.1355750000000003e-04	
  -1.6768605000000000e-03	
  -1.3608565000000001e-03	
  -1.0754330000000000e-03	
  -1.3200815000000000e-03	
  -1.2283385000000000e-03	
  -1.3200815000000000e-03	
   3.3639145000000000e-04	
   2.0897044999999999e-04	
  -5.4536199999999997e-04	
  -1.5749234999999999e-03	
  -2.6350664999999999e-03	
  -5.9123349999999999e-04	
  -7.0336400000000005e-04	
  -2.1406729999999999e-04	
   7.5433249999999998e-04	
   6.6258899999999999e-04	
   6.6258899999999999e-04	
  -7.1355749999999995e-05	
  -4.0265035000000001e-04	
  -3.3129459999999998e-04	
  -6.1162100000000002e-05	
   1.4067280000000001e-03	
   5.5555549999999996e-04	
   1.1620795000000001e-03	
   8.6136600000000002e-04	
   8.6136600000000002e-04	
   1.4780835000000000e-03	
   4.9439350000000004e-04	
   1.0346585000000001e-03	
  -1.5290520000000000e-05	
   1.8348624999999999e-04	
   5.2497450000000005e-04	
   7.6452599999999994e-05	
   1.2028539999999999e-03	
   1.4271149999999999e-04	
   7.5942900000000005e-04	
   3.0581039999999997e-04	
  -3.1600410000000003e-04	
   1.4271149999999999e-04	
  -5.9633050000000001e-04	
   1.8348624999999999e-04	
   1.9877674999999999e-04	
   1.1977575000000000e-03	
   1.2232415000000001e-03	
   2.4974515000000000e-04	
  -5.2497450000000005e-04	
  -5.7084599999999996e-04	
  -3.4148829999999997e-04	
   7.1865449999999995e-04	
   1.3761470000000001e-03	
   1.5290520000000000e-05	
   8.2059099999999996e-04	
   4.1284405000000001e-04	
  -1.2232414999999999e-04	
   2.2935779999999999e-04	
   1.1926605000000001e-03	
   1.0193680000000001e-03	
   6.3200799999999998e-04	
  -3.9755349999999999e-04	
  -4.0774720000000003e-05	
   1.1722730000000000e-04	
   4.9949030000000000e-04	
   7.2884800000000004e-04	
   3.2110089999999998e-04	
   1.5290519999999999e-04	
   4.7400609999999999e-04	
  -3.9245669999999998e-04	
  -4.0774719999999998e-04	
  -1.3761470000000001e-04	
   6.1162100000000002e-05	
  -1.5290520000000000e-05	
  -1.2691130000000001e-03	
  -8.4097849999999999e-04	
  -1.1569824999999999e-03	
  -2.7522935000000000e-04	
   1.5800205000000001e-04	
  -3.3129459999999998e-04	
  -6.9826700000000003e-04	
  -1.0040775000000001e-03	
  -5.7084599999999996e-04	
  -5.6065249999999998e-04	
  -8.0530049999999996e-04	
  -6.9317000000000001e-04	
  -5.0968400000000005e-04	
  -1.1264014999999999e-03	
  -7.2884800000000004e-04	
   4.4342509999999998e-04	
   8.2059099999999996e-04	
   6.9317000000000001e-04	
  -2.0387360000000001e-05	
  -8.7155950000000000e-04	
   2.0387360000000001e-05	
   9.9898049999999996e-04	
   1.8195720000000000e-03	
   1.3047910000000000e-03	
   1.1722729999999999e-03	
   4.1794089999999998e-04	
   1.3404689999999999e-03	
   9.6839949999999995e-04	
   8.7665650000000003e-04	
   1.6870539999999999e-03	
   9.9898049999999996e-04	
   1.7482159999999999e-03	
   1.3965340000000001e-03	
   1.5392455000000000e-03	
   1.9469929999999999e-03	
   1.7074415000000000e-03	
   2.5790010000000000e-03	
   2.2120285000000002e-03	
   1.4118245000000001e-03	
   1.6106015000000001e-03	
   1.5851170000000000e-03	
   2.0132520000000001e-03	
   2.4821610000000001e-03	
   2.2222219999999998e-03	
   2.5993885000000000e-03	
   1.9317024999999999e-03	
   8.4607550000000001e-04	
   1.4882775000000000e-03	
   1.6258920000000001e-03	
   2.6197755000000001e-03	
   2.6350664999999999e-03	
   2.5739040000000001e-03	
   1.3863405000000000e-03	
   9.0723750000000004e-04	
   1.8807340000000000e-03	
   1.0499490000000001e-03	
   1.5749234999999999e-03	
   1.8093779999999999e-03	
  -6.1671749999999998e-04	
  -1.9469929999999999e-03	
  -3.6799185000000001e-03	
  -3.1294595000000000e-03	
  -2.6350664999999999e-03	
  -1.7991845000000001e-03	
  -1.6870539999999999e-03	
  -1.9673799999999999e-03	
  -2.5076454999999999e-03	
  -4.0774720000000004e-03	
  -2.4974515000000001e-03	
  -2.6758410000000000e-03	
  -2.4260960000000000e-03	
  -2.2069314999999998e-03	
  -2.7981650000000000e-03	
  -2.9714575000000000e-03	
  -3.1345564999999999e-03	
  -1.6258920000000001e-03	
  -1.8960245000000000e-03	
  -2.9153924999999999e-03	
  -3.4454640000000001e-03	
  -3.2619774999999998e-03	
  -2.2171255000000001e-03	
  -2.3292560000000000e-03	
  -2.4159020000000002e-03	
  -2.2884810000000002e-03	
  -3.5219165000000001e-03	
  -3.7665645000000002e-03	
  -3.5219165000000001e-03	
  -2.8338430000000000e-03	
  -2.2629970000000001e-03	
  -2.1100914999999999e-03	
  -1.6819570000000000e-03	
  -2.0081550000000002e-03	
  -2.5484200000000000e-03	
  -2.2426095000000002e-03	
  -1.3761470000000001e-03	
  -1.0703365000000000e-03	
  -1.3149844999999999e-03	
  -1.6004075000000000e-03	
  -3.1294595000000000e-03	
  -2.0998980000000002e-03	
  -5.9123349999999999e-04	
   1.2742100000000001e-04	
   5.6574900000000005e-04	
   6.4220200000000003e-04	
   1.6819569999999999e-04	
   4.6381245000000001e-04	
   7.7471949999999995e-04	
   1.4118245000000001e-03	
   2.9867480000000000e-03	
   1.6055045000000000e-03	
   2.0998980000000002e-03	
   2.7675840000000000e-03	
   2.3496429999999998e-03	
   2.1049950000000001e-03	
   1.7991845000000001e-03	
   2.7420999999999999e-03	
   2.8542304999999999e-03	
   2.3292560000000000e-03	
   2.6860345000000001e-03	
   1.2079510000000001e-03	
   7.7471949999999995e-04	
   6.5749250000000003e-04	
   4.3323139999999999e-04	
   7.7981649999999997e-04	
   3.9245669999999998e-04	
   5.6574900000000005e-04	
   8.1549450000000006e-05	
  -4.9949030000000000e-04	
  -6.0652400000000000e-04	
   4.0774720000000003e-05	
   5.8613649999999997e-04	
   2.0387359999999999e-04	
  -1.1213050000000001e-04	
   2.1406729999999999e-04	
  -1.3353720000000000e-03	
  -1.5494395000000001e-03	
  -1.1365955000000000e-03	
  -2.6503570000000002e-04	
   8.8685000000000001e-04	
   1.2742100000000001e-04	
  -6.9826700000000003e-04	
  -2.5280325000000001e-03	
  -2.5790010000000000e-03	
  -2.1406730000000001e-03	
  -1.1365955000000000e-03	
  -1.0193680000000001e-03	
  -2.2426095000000002e-03	
  -2.0285425000000001e-03	
  -2.9867480000000000e-03	
  -2.3904180000000001e-03	
  -2.2731905000000002e-03	
  -1.6462795000000000e-03	
  -1.5188585000000001e-03	
  -1.8144750000000001e-03	
  -1.2538225000000001e-03	
  -1.2487259999999999e-03	
  -1.0907239999999999e-03	
  -2.7013249999999998e-04	
  -1.7329254999999999e-04	
  -8.7155950000000000e-04	
  -1.2538225000000001e-03	
  -9.3272150000000002e-04	
  -6.5239550000000001e-04	
  -2.1406729999999999e-04	
  -2.4464829999999997e-04	
   1.4271149999999999e-04	
   1.5443424999999999e-03	
   9.0723750000000004e-04	
   6.3710500000000001e-04	
  -6.5749250000000003e-04	
  -4.1284405000000001e-04	
   8.7155950000000000e-04	
   1.2640164999999999e-03	
   8.0530049999999996e-04	
   1.0397555000000000e-03	
   1.0244650000000000e-03	
   1.4322120000000000e-03	
   1.2640164999999999e-03	
   1.0499490000000001e-03	
   5.8613649999999997e-04	
  -7.3394499999999995e-04	
  -1.4271149999999999e-04	
   8.6136600000000002e-04	
   1.3302749999999999e-03	
   9.2252800000000004e-04	
   8.6646300000000004e-04	
   9.6839949999999998e-05	
  -7.1355749999999995e-05	
  -1.5290519999999999e-04	
   1.7329254999999999e-04	
   2.2426095000000000e-04	
   1.1722730000000000e-04	
   5.4026499999999995e-04	
   3.6697249999999998e-04	
   1.3302749999999999e-03	
   7.0846099999999996e-04	
   1.1365955000000000e-03	
   1.2538225000000001e-03	
   9.7859349999999999e-04	
   2.1661570000000002e-03	
   2.1712540000000001e-03	
   2.4974515000000001e-03	
   1.8399590000000000e-03	
   9.2252800000000004e-04	
   1.1773700000000001e-03	
   1.2844035000000001e-03	
   2.1253825000000000e-03	
   2.4057085000000001e-03	
   2.2986750000000000e-03	
   1.9418960000000000e-03	
   1.8246684999999999e-03	
   2.6401630000000001e-03	
   1.8705404999999999e-03	
   1.4322120000000000e-03	
   1.8960245000000000e-03	
   1.5545360000000000e-03	
   1.8042815000000000e-03	
   1.5137614999999999e-03	
   1.6717634999999999e-03	
   9.7349649999999997e-04	
   7.1865449999999995e-04	
   8.9194700000000003e-04	
   7.7471949999999995e-04	
   3.8735985000000001e-04	
   1.1722730000000000e-04	
  -2.9561669999999998e-04	
   1.0703364999999999e-04	
   1.9979615000000001e-03	
   2.0795104999999999e-03	
   1.4067280000000001e-03	
   3.7716615000000001e-04	
  -3.4148829999999997e-04	
   2.6503570000000002e-04	
   8.4607550000000001e-04	
   0.0000000000000000e+00	
   0.0000000000000000e+00	
   0.0000000000000000e+00	
   0.0000000000000000e+00	
