   7.8491339999999996e-04	
   2.4362899999999998e-03	
  -1.9367989999999999e-03	
  -8.9194700000000005e-03	
  -1.2212030000000000e-02	
  -1.0632010000000001e-02	
  -2.5484200000000002e-04	
   7.1049950000000002e-03	
   1.2354739999999999e-02	
   1.3251779999999999e-02	
   1.2660550000000000e-02	
   1.4872580000000000e-02	
   1.0214070000000000e-02	
   2.8134560000000002e-03	
  -6.0244649999999997e-03	
  -8.1345570000000006e-03	
  -5.2803260000000001e-03	
   1.4780840000000000e-03	
   5.1172270000000002e-03	
   4.0672779999999997e-03	
  -1.1213050000000000e-03	
   1.9673799999999999e-03	
   5.5351680000000000e-03	
   3.0886849999999999e-03	
   1.7023450000000001e-03	
   2.2528029999999998e-03	
   5.0458719999999999e-03	
   2.9561669999999998e-04	
  -9.1946990000000006e-03	
  -1.2660550000000000e-02	
  -8.5524969999999992e-03	
   9.5820590000000004e-04	
   6.4729870000000004e-03	
   6.9622829999999997e-03	
   7.7064220000000001e-03	
   8.3486240000000007e-03	
   4.9949030000000002e-03	
   1.2334350000000000e-03	
   6.2181450000000000e-04	
   1.9164119999999999e-03	
  -1.0193680000000001e-03	
  -6.9215090000000002e-03	
  -8.6850150000000008e-03	
  -5.1783890000000003e-03	
   7.7471970000000002e-04	
   2.1508660000000000e-03	
   4.3628950000000003e-03	
   5.1783890000000003e-03	
   6.7380219999999998e-03	
   3.8939859999999999e-03	
   2.6401630000000001e-03	
  -1.0499490000000001e-03	
  -6.8909280000000002e-03	
  -4.7706420000000003e-03	
  -3.8735979999999999e-04	
   5.6574920000000001e-03	
   2.8032619999999999e-03	
  -1.3251780000000000e-03	
  -2.2426100000000001e-04	
   2.2426099999999999e-03	
   5.4841999999999998e-03	
   1.0254839999999999e-02	
   1.5198780000000000e-02	
   1.3669720000000000e-02	
  -1.4271149999999999e-04	
  -1.4322120000000001e-02	
  -2.2854230000000000e-02	
  -1.6167180000000000e-02	
  -3.3843020000000001e-03	
   5.4536189999999998e-03	
   9.2762490000000003e-03	
   4.5361880000000000e-03	
   3.6289500000000001e-03	
   3.7308870000000000e-03	
   1.2334350000000000e-03	
   1.0387360000000000e-02	
   1.9755350000000001e-02	
   1.7920490000000001e-02	
   2.8440370000000002e-03	
  -1.0723750000000001e-02	
  -1.1549439999999999e-02	
  -6.1162079999999995e-04	
   3.6391440000000000e-03	
   1.8042810000000000e-03	
  -8.2976549999999993e-03	
  -1.5280330000000000e-02	
  -1.7370030000000002e-02	
  -1.9816509999999999e-02	
  -2.1875639999999998e-02	
  -1.9694190000000000e-02	
  -1.4383280000000000e-02	
  -5.5963300000000001e-03	
   4.7910299999999998e-04	
  -2.2528029999999998e-03	
  -6.2589189999999999e-03	
  -1.1396530000000000e-02	
  -1.2538230000000000e-03	
   1.4036699999999999e-02	
   1.8899079999999999e-02	
   1.4862390000000000e-02	
   1.4627930000000001e-02	
   2.5198780000000000e-02	
   2.5973500000000000e-02	
   1.4138629999999999e-02	
   8.3995920000000009e-03	
   1.1488280000000000e-02	
   2.1437310000000001e-02	
   1.8379199999999998e-02	
   1.0142709999999999e-02	
   1.0907240000000000e-02	
   1.6595309999999999e-02	
   3.0254840000000002e-02	
   3.5107029999999997e-02	
   2.2446480000000001e-02	
   4.5361880000000000e-03	
   7.0336390000000002e-04	
   1.0835880000000001e-02	
   1.6503569999999999e-02	
   7.0744140000000002e-03	
  -6.1671759999999999e-03	
  -7.3394500000000000e-03	
  -5.5759429999999999e-03	
  -5.9633029999999997e-03	
  -1.0234450000000001e-02	
  -1.3160040000000000e-02	
  -7.9408770000000007e-03	
   2.4872580000000000e-03	
  -6.3710499999999996e-03	
  -3.4882770000000000e-02	
  -6.3863400000000001e-02	
  -8.6666670000000001e-02	
  -9.0438329999999997e-02	
  -7.6503570000000007e-02	
  -5.5820590000000003e-02	
  -3.9204889999999999e-02	
  -3.1794089999999997e-02	
  -2.9877680000000000e-02	
  -2.5198780000000000e-02	
  -1.1814480000000000e-02	
   7.3394500000000000e-03	
   2.6962280000000002e-02	
   4.1834860000000001e-02	
   4.8583080000000001e-02	
   4.7859329999999999e-02	
   4.3282359999999999e-02	
   4.2589189999999999e-02	
   4.7828750000000003e-02	
   5.6330280000000003e-02	
   5.2354739999999997e-02	
   3.2640160000000001e-02	
   1.1957189999999999e-02	
   7.2375130000000001e-04	
  -9.8878700000000009e-04	
   6.7991850000000001e-03	
   2.2385320000000000e-02	
   2.8154940000000000e-02	
   1.4964320000000000e-02	
  -5.2701329999999998e-03	
  -2.6340470000000001e-02	
  -4.1794089999999999e-02	
  -5.5647299999999997e-02	
  -6.3944950000000000e-02	
  -6.2313970000000003e-02	
  -5.3007140000000001e-02	
  -3.6636090000000003e-02	
  -2.7645260000000001e-02	
  -3.0805300000000001e-02	
  -4.0744139999999998e-02	
  -3.9551480000000000e-02	
  -3.7502550000000003e-02	
  -2.9816510000000001e-02	
  -2.4026499999999999e-02	
  -1.8277270000000002e-02	
  -1.2874620000000000e-02	
  -9.5514780000000004e-03	
   5.0152909999999998e-03	
   2.6799179999999999e-02	
   5.2048930000000000e-02	
   6.2181449999999999e-02	
   6.3527009999999995e-02	
   7.1284399999999998e-02	
   8.0142710000000006e-02	
   8.1355759999999999e-02	
   6.7064219999999994e-02	
   4.8430170000000002e-02	
   2.7471969999999998e-02	
   1.3251779999999999e-02	
  -7.0948010000000004e-03	
  -1.9602450000000000e-02	
  -1.7665650000000001e-02	
  -1.2201830000000000e-02	
  -8.2263000000000006e-03	
  -1.1651379999999999e-02	
  -2.2874619999999998e-02	
  -3.4383280000000002e-02	
  -4.3098879999999999e-02	
  -4.7594289999999997e-02	
  -4.3649340000000002e-02	
  -4.3221200000000001e-02	
  -4.5443430000000000e-02	
  -5.5056069999999999e-02	
  -6.3914369999999998e-02	
  -6.9276249999999998e-02	
  -6.7747199999999994e-02	
  -6.2752290000000002e-02	
  -5.7604490000000001e-02	
  -5.4332310000000002e-02	
  -5.6778799999999997e-02	
  -5.8746180000000002e-02	
  -5.5637100000000002e-02	
  -4.8440370000000003e-02	
  -5.0030579999999998e-02	
  -4.9082569999999999e-02	
  -4.4964320000000002e-02	
  -4.0020390000000003e-02	
  -5.3190620000000001e-02	
  -7.1335369999999995e-02	
  -8.7512740000000006e-02	
  -1.1241590000000000e-01	
  -1.3622830000000000e-01	
  -1.4740059999999999e-01	
  -1.3135579999999999e-01	
  -1.0286439999999999e-01	
  -5.9704380000000001e-02	
  -4.2578999999999999e-02	
  -4.7298670000000001e-02	
  -4.9877680000000001e-02	
  -4.4546379999999997e-02	
  -1.8583079999999998e-02	
   2.2334349999999999e-02	
   5.2487260000000001e-02	
   7.5524969999999997e-02	
   9.2069319999999996e-02	
   1.0837919999999999e-01	
   1.2785930000000001e-01	
   1.5321100000000001e-01	
   1.6546379999999999e-01	
   1.6342509999999999e-01	
   1.2869520000000001e-01	
   7.0112129999999995e-02	
  -1.0499490000000000e-02	
  -9.4882770000000005e-02	
  -1.6482160000000001e-01	
  -2.0914369999999999e-01	
  -2.2408770000000000e-01	
  -2.2991850000000000e-01	
  -2.3088690000000001e-01	
  -2.4202850000000001e-01	
  -2.6426100000000002e-01	
  -2.6711520000000000e-01	
  -2.3228340000000000e-01	
  -1.5868499999999999e-01	
  -6.7624870000000004e-02	
   1.8348620000000000e-02	
   8.9908260000000004e-02	
   1.3236490000000001e-01	
   1.4911310000000000e-01	
   1.5104989999999999e-01	
   1.5876660000000001e-01	
   1.7041790000000001e-01	
   1.8794089999999999e-01	
   1.9913349999999999e-01	
   1.9811419999999999e-01	
   1.9592250000000000e-01	
   1.9435269999999999e-01	
   1.9970440000000000e-01	
   1.9257900000000000e-01	
   1.8227320000000000e-01	
   1.7594290000000001e-01	
   1.7797150000000000e-01	
   1.9628950000000001e-01	
   2.1946990000000000e-01	
   2.3857290000000000e-01	
   2.5777780000000000e-01	
   2.6538230000000002e-01	
   2.6268089999999999e-01	
   2.6363910000000002e-01	
   2.3845060000000001e-01	
   1.9132520000000000e-01	
   1.2000000000000000e-01	
   4.5953109999999998e-02	
  -3.9622829999999998e-02	
  -1.2311930000000000e-01	
  -1.8142710000000001e-01	
  -2.0388380000000000e-01	
  -1.9933740000000000e-01	
  -1.7979609999999999e-01	
  -1.4801220000000001e-01	
  -1.2023449999999999e-01	
  -6.9908260000000000e-02	
  -1.4566770000000000e-02	
   4.1722730000000000e-02	
   8.2721710000000004e-02	
   1.2256880000000001e-01	
   1.6873600000000000e-01	
   2.0591229999999999e-01	
   2.3405709999999999e-01	
   2.4854229999999999e-01	
   2.4685019999999999e-01	
   2.2486239999999999e-01	
   1.9592250000000000e-01	
   1.6881750000000001e-01	
   1.5236490000000000e-01	
   1.3775740000000000e-01	
   1.4060139999999999e-01	
   1.4096839999999999e-01	
   1.3075429999999999e-01	
   1.1337410000000001e-01	
   9.6248730000000005e-02	
   9.3628950000000002e-02	
   8.6758409999999994e-02	
   8.9704380000000000e-02	
   8.1600409999999998e-02	
   8.3200819999999995e-02	
   6.9663610000000001e-02	
   6.5902139999999998e-02	
   4.8654429999999999e-02	
   2.3975540000000000e-02	
  -6.7991850000000001e-03	
  -3.5259939999999997e-02	
  -5.7400609999999998e-02	
  -8.1355759999999999e-02	
  -1.0930680000000000e-01	
  -1.4250760000000001e-01	
  -1.7738019999999999e-01	
  -2.1261980000000000e-01	
  -2.3303769999999999e-01	
  -2.5505610000000001e-01	
  -2.5668710000000000e-01	
  -2.6324160000000002e-01	
  -2.5770640000000000e-01	
  -2.5974520000000001e-01	
  -2.4508659999999999e-01	
  -2.3441390000000001e-01	
  -2.1756370000000000e-01	
  -1.9185520000000000e-01	
  -1.6026499999999999e-01	
  -1.3132520000000000e-01	
  -1.0831800000000000e-01	
  -8.9317019999999997e-02	
  -7.7696230000000005e-02	
  -7.7237509999999995e-02	
  -7.8572879999999998e-02	
  -6.3088690000000003e-02	
  -4.1692149999999997e-02	
  -2.3792049999999999e-02	
  -9.5005100000000002e-03	
   3.9755349999999997e-03	
   9.7859329999999993e-04	
  -1.5851170000000001e-02	
  -3.2670739999999997e-02	
  -3.9847090000000002e-02	
  -3.0744140000000000e-02	
  -2.6228339999999999e-02	
  -2.4943930000000000e-02	
  -3.1141690000000000e-02	
  -4.6880730000000002e-02	
  -6.6126400000000002e-02	
  -9.0835879999999994e-02	
  -1.1682980000000000e-01	
  -1.2252800000000000e-01	
  -1.2482160000000000e-01	
  -1.2240570000000001e-01	
  -1.1788990000000001e-01	
  -1.1132520000000000e-01	
  -1.0973500000000000e-01	
  -1.1733940000000000e-01	
  -1.1524970000000000e-01	
  -1.2172270000000000e-01	
  -1.1282360000000000e-01	
  -7.4016310000000002e-02	
  -1.8165140000000000e-02	
   3.9520899999999998e-02	
   8.4954130000000003e-02	
   1.2111110000000000e-01	
   1.4892970000000000e-01	
   1.7982670000000001e-01	
   2.1429150000000000e-01	
   2.3879710000000001e-01	
   2.2699290000000000e-01	
   1.8653410000000001e-01	
   1.2943930000000001e-01	
   6.4444440000000006e-02	
  -9.3577980000000005e-03	
  -8.5056069999999998e-02	
  -1.4555560000000001e-01	
  -1.7224260000000000e-01	
  -1.4781859999999999e-01	
  -9.4281350000000000e-02	
  -3.0020390000000001e-02	
   2.5443430000000000e-02	
   7.3649339999999994e-02	
   1.1953110000000000e-01	
   1.6239550000000000e-01	
   2.1411820000000001e-01	
   2.6558609999999999e-01	
   3.0032619999999999e-01	
   2.9451579999999999e-01	
   2.5476040000000000e-01	
   1.7593270000000000e-01	
   1.0335370000000001e-01	
   4.4811419999999998e-02	
   2.0499489999999999e-02	
   1.5290519999999999e-04	
  -1.5993879999999999e-02	
  -3.7716619999999999e-02	
  -5.4291539999999999e-02	
  -4.7645260000000002e-02	
  -2.4729870000000001e-02	
   1.8939859999999999e-02	
   5.6095819999999998e-02	
   8.8348620000000003e-02	
   1.0249750000000001e-01	
   1.0809380000000000e-01	
   1.1628950000000000e-01	
   1.4037720000000001e-01	
   1.6383280000000000e-01	
   1.7564730000000001e-01	
   1.7085629999999999e-01	
   1.5418960000000001e-01	
   1.2635070000000001e-01	
   8.6513759999999995e-02	
   4.3975540000000000e-02	
  -7.7981650000000001e-03	
  -5.6034660000000000e-02	
  -1.0709480000000000e-01	
  -1.5413859999999999e-01	
  -1.9760449999999999e-01	
  -2.3972479999999999e-01	
  -2.6278289999999999e-01	
  -2.7888890000000000e-01	
  -2.8004079999999998e-01	
  -2.7683999999999997e-01	
  -2.7932720000000000e-01	
  -2.9369010000000001e-01	
  -2.9949029999999999e-01	
  -3.0182470000000000e-01	
  -2.8954130000000000e-01	
  -2.6912330000000001e-01	
  -2.4882770000000001e-01	
  -2.1821610000000000e-01	
  -2.0714579999999999e-01	
  -2.0017330000000000e-01	
  -1.9189600000000001e-01	
  -1.7967379999999999e-01	
  -1.6151889999999999e-01	
  -1.3207949999999999e-01	
  -9.9418960000000001e-02	
  -6.0397550000000001e-02	
  -1.2844040000000001e-03	
   4.7879709999999999e-02	
   9.5219159999999997e-02	
   1.1990830000000000e-01	
   1.3487260000000001e-01	
   1.3633029999999999e-01	
   1.3794090000000001e-01	
   1.3169220000000001e-01	
   1.2871560000000001e-01	
   1.3873600000000000e-01	
   1.4739040000000000e-01	
   1.6895009999999999e-01	
   1.8214069999999999e-01	
   1.9721710000000001e-01	
   2.0274210000000001e-01	
   2.1230379999999999e-01	
   2.0922530000000000e-01	
   2.0358820000000000e-01	
   1.8405710000000000e-01	
   1.4411820000000000e-01	
   9.9500510000000000e-02	
   5.0998979999999999e-02	
  -6.4729870000000004e-03	
  -7.2028540000000002e-02	
  -1.4911310000000000e-01	
  -1.9954130000000000e-01	
  -2.2848109999999999e-01	
  -2.2525990000000001e-01	
  -2.0619779999999999e-01	
  -1.8517839999999999e-01	
  -1.5696230000000000e-01	
  -1.3425080000000000e-01	
  -1.1418960000000000e-01	
  -1.1807340000000000e-01	
  -1.2888890000000000e-01	
  -1.5229360000000000e-01	
  -1.6922530000000000e-01	
  -1.8015290000000000e-01	
  -1.6921510000000001e-01	
  -1.3357800000000000e-01	
  -9.3363909999999994e-02	
  -4.6758410000000000e-02	
  -8.1345570000000006e-03	
   2.8042810000000001e-02	
   4.9102960000000001e-02	
   5.9204890000000003e-02	
   5.9989809999999998e-02	
   6.1253820000000000e-02	
   5.6646280000000000e-02	
   6.7971459999999997e-02	
   7.7594289999999996e-02	
   8.6564730000000006e-02	
   8.6156979999999994e-02	
   8.0438330000000002e-02	
   7.9378190000000001e-02	
   7.4077470000000006e-02	
   8.0081550000000001e-02	
   7.9184510000000000e-02	
   8.3455660000000001e-02	
   9.1977569999999995e-02	
   1.2320080000000000e-01	
   1.5918450000000001e-01	
   2.0117230000000000e-01	
   2.4149850000000000e-01	
   2.8859330000000000e-01	
   3.3550459999999999e-01	
   3.6326199999999997e-01	
   3.9116210000000001e-01	
   3.8930680000000001e-01	
   3.7542300000000001e-01	
   3.3504590000000001e-01	
   2.8222219999999998e-01	
   2.3792050000000001e-01	
   2.0148830000000001e-01	
   1.7026500000000000e-01	
   1.4772679999999999e-01	
   1.4402650000000000e-01	
   1.4481140000000001e-01	
   1.5653410000000001e-01	
   1.6683999999999999e-01	
   1.8775739999999999e-01	
   2.0796129999999999e-01	
   2.2275229999999999e-01	
   2.3102960000000000e-01	
   2.2814480000000001e-01	
   2.2956170000000001e-01	
   2.2680939999999999e-01	
   2.2135579999999999e-01	
   2.1527009999999999e-01	
   2.0372070000000000e-01	
   1.9700309999999999e-01	
   1.7826710000000001e-01	
   1.4988789999999999e-01	
   1.1482160000000000e-01	
   7.5361880000000006e-02	
   3.2324159999999998e-02	
  -4.8623850000000003e-03	
  -3.7247710000000003e-02	
  -4.4862390000000002e-02	
  -5.5555559999999997e-02	
  -5.1671759999999997e-02	
  -4.7390420000000003e-02	
  -3.6197760000000002e-02	
  -4.2426100000000001e-02	
  -4.6197759999999997e-02	
  -2.9184510000000000e-02	
  -2.9490320000000000e-02	
  -1.7512739999999999e-02	
  -2.2293580000000000e-02	
  -1.1457699999999999e-02	
  -2.4006119999999999e-02	
  -2.7563710000000002e-02	
  -4.9327219999999998e-02	
  -5.2966359999999997e-02	
  -7.0632009999999995e-02	
  -8.3924570000000004e-02	
  -1.0623850000000000e-01	
  -1.3021410000000000e-01	
  -1.6095820000000000e-01	
  -2.0236489999999999e-01	
  -2.4893989999999999e-01	
  -2.9046889999999997e-01	
  -3.1441390000000002e-01	
  -3.3434249999999999e-01	
  -3.4647299999999998e-01	
  -3.4625889999999998e-01	
  -3.3566770000000001e-01	
  -3.2730890000000001e-01	
  -3.2425080000000001e-01	
  -3.2969419999999999e-01	
  -3.4185520000000003e-01	
  -3.8478079999999998e-01	
  -4.3707439999999997e-01	
  -4.7478080000000000e-01	
  -4.6755350000000001e-01	
  -4.3299690000000002e-01	
  -3.9545360000000002e-01	
  -3.3942919999999999e-01	
  -2.9416920000000002e-01	
  -2.4275230000000000e-01	
  -2.0848110000000000e-01	
  -1.8255859999999999e-01	
  -1.7278289999999999e-01	
  -1.7250760000000001e-01	
  -1.7961260000000001e-01	
  -1.9834860000000001e-01	
  -2.1254840000000000e-01	
  -2.3109070000000001e-01	
  -2.3607539999999999e-01	
  -2.4275230000000000e-01	
  -2.4222220000000000e-01	
  -2.5036700000000001e-01	
  -2.5280330000000001e-01	
  -2.4537210000000001e-01	
  -2.2201830000000000e-01	
  -2.0988789999999999e-01	
  -2.0341490000000001e-01	
  -1.9181450000000000e-01	
  -1.8914370000000000e-01	
  -1.7579000000000000e-01	
  -1.7227319999999999e-01	
  -1.4803259999999999e-01	
  -1.2762490000000001e-01	
  -1.0416920000000000e-01	
  -8.4515800000000002e-02	
  -7.7196740000000000e-02	
  -6.8960240000000006e-02	
  -6.7217130000000000e-02	
  -6.7176349999999996e-02	
  -8.1243629999999997e-02	
  -8.4862389999999996e-02	
  -9.2793070000000005e-02	
  -8.1845059999999997e-02	
  -9.3211009999999997e-02	
  -8.5066260000000005e-02	
  -7.3557590000000006e-02	
  -5.2252800000000002e-02	
  -3.6401629999999997e-02	
  -2.3812440000000001e-02	
   2.0387360000000001e-05	
   1.3088690000000000e-02	
   3.5973499999999999e-02	
   5.5637100000000002e-02	
   8.4974519999999998e-02	
   1.0264020000000000e-01	
   1.2465850000000001e-01	
   1.2403670000000000e-01	
   1.3537210000000000e-01	
   1.4372070000000001e-01	
   1.5694190000000000e-01	
   1.6025480000000000e-01	
   1.5877680000000000e-01	
   1.6302749999999999e-01	
   1.6067280000000000e-01	
   1.5893990000000000e-01	
   1.4766560000000001e-01	
   1.5237510000000001e-01	
   1.5910299999999999e-01	
   1.8185519999999999e-01	
   2.0087669999999999e-01	
   2.2517840000000000e-01	
   2.3988789999999999e-01	
   2.5170229999999999e-01	
   2.6226300000000002e-01	
   2.7678900000000001e-01	
   2.7997960000000000e-01	
   2.8019369999999999e-01	
   2.7726810000000002e-01	
   2.6748220000000000e-01	
   2.5659530000000003e-01	
   2.3843020000000001e-01	
   2.2694190000000000e-01	
   2.0215089999999999e-01	
   1.8988790000000000e-01	
   1.7719670000000001e-01	
   1.8711520000000001e-01	
   1.9466870000000000e-01	
   2.0717640000000001e-01	
   2.0665649999999999e-01	
   1.9899080000000000e-01	
   1.8033640000000001e-01	
   1.5208969999999999e-01	
   1.2605500000000000e-01	
   8.9877680000000001e-02	
   6.0540270000000000e-02	
   2.7961260000000002e-02	
  -1.9877680000000000e-03	
  -2.0163100000000000e-02	
  -2.7645260000000001e-02	
  -1.8103979999999999e-02	
  -4.7502550000000001e-03	
   1.5331289999999999e-02	
   3.7206929999999999e-02	
   6.2161059999999997e-02	
   7.3312950000000002e-02	
   8.2629969999999997e-02	
   8.5484199999999996e-02	
   9.4199800000000000e-02	
   1.0227319999999999e-01	
   1.0429150000000000e-01	
   1.0218140000000001e-01	
   1.0165140000000000e-01	
   9.6941899999999998e-02	
   9.8093780000000005e-02	
   9.4658510000000001e-02	
   1.0033640000000001e-01	
   1.0241590000000000e-01	
   9.0489299999999995e-02	
   8.0214069999999998e-02	
   7.1243630000000002e-02	
   6.2120290000000002e-02	
   4.2507650000000001e-02	
   2.2405709999999999e-02	
   5.1274210000000001e-03	
  -6.5545359999999997e-03	
  -1.3272170000000000e-02	
  -4.9541280000000004e-03	
   1.0203870000000000e-02	
   2.1896019999999999e-02	
   2.3924569999999999e-02	
   1.8093780000000000e-02	
   7.1661570000000003e-03	
  -8.0530069999999992e-03	
  -1.4505610000000000e-02	
  -1.7706420000000000e-02	
  -1.8705400000000000e-02	
  -1.9877679999999998e-02	
  -1.9867480000000000e-02	
  -1.5688069999999998e-02	
  -1.3333329999999999e-02	
  -1.7900099999999999e-02	
  -2.7257900000000002e-02	
  -4.3098879999999999e-02	
  -5.4505610000000003e-02	
  -5.4128440000000000e-02	
  -4.0020390000000003e-02	
  -1.6727829999999999e-02	
   1.0998980000000000e-02	
   4.2833839999999998e-02	
   6.5698270000000003e-02	
   7.8450560000000003e-02	
   8.2507650000000002e-02	
   8.1090720000000005e-02	
   8.7604489999999993e-02	
   8.5586140000000005e-02	
   8.2507650000000002e-02	
   7.2629970000000002e-02	
   7.7716620000000000e-02	
   8.1946989999999997e-02	
   8.8083590000000003e-02	
   8.9816510000000002e-02	
   9.7084610000000002e-02	
   1.0854229999999999e-01	
   1.2041789999999999e-01	
   1.3240569999999999e-01	
   1.3511719999999999e-01	
   1.4178389999999999e-01	
   1.3415900000000000e-01	
   1.2464830000000000e-01	
   1.0567790000000001e-01	
   8.0000000000000002e-02	
   5.1855249999999999e-02	
   2.1753310000000001e-02	
  -5.2293579999999999e-03	
  -2.3608560000000001e-02	
  -4.2701330000000003e-02	
  -6.5932720000000000e-02	
  -9.5688070000000000e-02	
  -1.2426100000000000e-01	
  -1.3524970000000000e-01	
  -1.4614679999999999e-01	
  -1.3782870000000000e-01	
  -1.1821610000000000e-01	
  -9.2446479999999998e-02	
  -7.7665650000000003e-02	
  -6.4791029999999999e-02	
  -5.9500510000000000e-02	
  -4.7726810000000001e-02	
  -3.2426099999999999e-02	
  -1.1875640000000000e-02	
   7.8083590000000000e-03	
   2.1243629999999999e-02	
   2.5117230000000001e-02	
   2.7206930000000001e-02	
   2.9327220000000001e-02	
   2.2599390000000000e-02	
   2.7686030000000000e-02	
   5.9429150000000000e-03	
   5.5555559999999997e-03	
  -1.2252799999999999e-02	
  -1.0254839999999999e-02	
  -2.0346590000000001e-02	
  -1.8990830000000000e-02	
  -3.1620799999999998e-02	
  -4.3853209999999997e-02	
  -5.8216110000000001e-02	
  -7.1600410000000003e-02	
  -7.6146790000000006e-02	
  -9.4087669999999998e-02	
  -9.9745159999999999e-02	
  -1.2412840000000000e-01	
  -1.3780840000000000e-01	
  -1.7332310000000001e-01	
  -1.9532110000000000e-01	
  -2.2574920000000001e-01	
  -2.6085629999999999e-01	
  -3.1130479999999999e-01	
  -3.6593270000000000e-01	
  -3.9982669999999998e-01	
  -4.0948010000000001e-01	
  -3.9967380000000002e-01	
  -3.5704380000000002e-01	
  -2.9993880000000001e-01	
  -2.3777780000000001e-01	
  -1.7535170000000000e-01	
  -1.2620799999999999e-01	
  -9.0468910000000000e-02	
  -5.9734959999999997e-02	
  -4.4862390000000002e-02	
  -3.9785929999999997e-02	
  -4.0611620000000001e-02	
  -4.2273190000000002e-02	
  -4.0193680000000002e-02	
  -4.2935780000000000e-02	
  -4.2691130000000001e-02	
  -3.7594290000000002e-02	
  -3.7757390000000002e-02	
  -3.5963299999999997e-02	
  -2.7940880000000001e-02	
  -2.1304790000000001e-02	
  -1.1957189999999999e-02	
  -8.5830779999999992e-03	
   2.3649340000000000e-03	
   6.7380219999999998e-03	
   1.1957189999999999e-02	
   1.5321100000000001e-02	
   2.1620799999999999e-02	
   2.1406729999999999e-02	
   1.9633029999999999e-02	
   2.0000000000000000e-02	
   1.8440370000000001e-02	
   1.2324160000000001e-02	
   5.2293579999999999e-03	
   6.2385319999999998e-03	
   6.8603470000000001e-03	
   8.4607539999999992e-03	
   8.1855250000000008e-03	
   1.4536189999999999e-02	
   1.4597350000000000e-02	
   1.4536189999999999e-02	
   1.3190620000000000e-02	
   1.1151889999999999e-02	
   3.2212030000000002e-03	
   4.6483180000000002e-03	
   2.4974519999999998e-03	
   3.5575939999999999e-03	
  -4.8929659999999995e-04	
   4.5565750000000002e-03	
   1.3914370000000001e-02	
   3.2018350000000001e-02	
   4.7268089999999999e-02	
   6.3007140000000003e-02	
   8.2242609999999994e-02	
   9.4209989999999993e-02	
   1.0670739999999999e-01	
   1.1204890000000001e-01	
   1.2723750000000000e-01	
   1.3725789999999999e-01	
   1.4525990000000000e-01	
   1.4625890000000000e-01	
   1.5125379999999999e-01	
   1.5570850000000000e-01	
   1.5472990000000000e-01	
   1.5668710000000000e-01	
   1.6833840000000000e-01	
   2.0278289999999999e-01	
   2.4146790000000001e-01	
   2.8153919999999999e-01	
   3.0865440000000000e-01	
   3.1909280000000001e-01	
   3.0748219999999998e-01	
   2.9230380000000000e-01	
   2.7121299999999998e-01	
   2.3994900000000000e-01	
   2.0537210000000000e-01	
   1.7150869999999999e-01	
   1.5182470000000001e-01	
   1.3376150000000001e-01	
   1.3061159999999999e-01	
   1.2694190000000000e-01	
   1.3646280000000000e-01	
   1.4802240000000000e-01	
   1.6123340000000000e-01	
   1.6243630000000001e-01	
   1.5397549999999999e-01	
   1.4687049999999999e-01	
   1.2290520000000001e-01	
   9.5239550000000006e-02	
   5.4556569999999999e-02	
   2.8205910000000001e-02	
  -2.4566770000000000e-03	
  -1.4240569999999999e-02	
  -3.8837919999999998e-02	
  -4.7176349999999999e-02	
  -5.9745159999999999e-02	
  -4.3200820000000001e-02	
  -3.8205910000000003e-02	
  -2.5586140000000000e-02	
  -2.3190619999999999e-02	
  -2.3180429999999998e-02	
  -2.9949030000000001e-02	
  -3.2466870000000002e-02	
  -1.5881750000000000e-02	
  -2.0754330000000001e-02	
  -1.8511719999999999e-02	
  -3.3863400000000002e-02	
  -3.1274209999999997e-02	
  -4.6513760000000001e-02	
  -3.8124360000000003e-02	
  -3.4587159999999999e-02	
  -1.6839960000000001e-02	
  -2.1651380000000001e-02	
  -1.9775740000000000e-02	
  -2.0193679999999999e-02	
  -1.2803260000000000e-02	
  -6.4627929999999997e-03	
  -4.0366969999999997e-03	
   1.1111109999999999e-03	
  -1.0152909999999999e-02	
  -1.2018350000000001e-02	
  -2.7186539999999999e-02	
  -2.6116210000000001e-02	
  -3.8674819999999999e-02	
  -3.4087670000000000e-02	
  -5.0000000000000003e-02	
  -4.8236490000000000e-02	
  -5.3914370000000003e-02	
  -4.3149849999999997e-02	
  -4.6625890000000003e-02	
  -4.7145769999999997e-02	
  -5.7635069999999997e-02	
  -6.7359840000000004e-02	
  -6.5667690000000001e-02	
  -7.9041790000000001e-02	
  -8.0183489999999996e-02	
  -8.5973499999999994e-02	
  -7.0152909999999999e-02	
  -7.6585120000000007e-02	
  -6.8419980000000005e-02	
  -6.9775740000000003e-02	
  -6.0234450000000002e-02	
  -6.2782870000000005e-02	
  -5.6850150000000002e-02	
  -5.1845059999999998e-02	
  -6.5626909999999997e-02	
  -7.8654429999999997e-02	
  -1.0620800000000000e-01	
  -1.2561670000000000e-01	
  -1.4917430000000001e-01	
  -1.5508659999999999e-01	
  -1.6536190000000001e-01	
  -1.5728850000000000e-01	
  -1.5340470000000000e-01	
  -1.5134560000000000e-01	
  -1.5287460000000000e-01	
  -1.4910300000000001e-01	
  -1.3983689999999999e-01	
  -1.2680939999999999e-01	
  -1.0690110000000000e-01	
  -9.0550459999999999e-02	
  -7.2660550000000004e-02	
  -5.0581040000000001e-02	
  -3.8073389999999999e-02	
  -2.1264020000000002e-02	
  -2.6391439999999999e-02	
  -3.4892970000000002e-02	
  -4.4587160000000001e-02	
  -4.1549440000000000e-02	
  -3.4780840000000000e-02	
  -2.7329260000000001e-02	
  -1.8776760000000000e-02	
  -1.2813460000000000e-02	
  -9.7043830000000005e-03	
  -1.3251779999999999e-02	
  -1.0815490000000001e-02	
  -1.2161060000000000e-02	
  -5.6982669999999999e-03	
   6.4016309999999996e-03	
   1.5239549999999999e-02	
   1.8419979999999999e-02	
   1.1559630000000000e-02	
   1.1141689999999999e-02	
   1.5076450000000000e-02	
   1.5096840000000000e-02	
   1.2629970000000001e-02	
   1.6279310000000002e-02	
   1.6044849999999999e-02	
   1.7604490000000000e-02	
   2.0652400000000001e-02	
   2.9306829999999999e-02	
   2.9418960000000001e-02	
   2.7686030000000000e-02	
   3.0489300000000000e-02	
   3.4454640000000002e-02	
   4.0193680000000002e-02	
   4.6778800000000002e-02	
   5.3414879999999998e-02	
   5.3802240000000001e-02	
   4.6738019999999998e-02	
   2.6544340000000000e-02	
   5.9633029999999997e-03	
  -1.4342509999999999e-02	
  -2.9306829999999999e-02	
  -4.0336390000000000e-02	
  -4.7043830000000002e-02	
  -5.1957190000000000e-02	
  -5.7370030000000002e-02	
  -6.8216109999999996e-02	
  -7.6819570000000004e-02	
  -7.7818550000000000e-02	
  -7.3139650000000000e-02	
  -7.7930680000000002e-02	
  -8.1345570000000006e-02	
  -8.2803260000000004e-02	
  -8.2375130000000005e-02	
  -8.2456680000000004e-02	
  -7.5565750000000001e-02	
  -7.4576959999999998e-02	
  -8.0519880000000002e-02	
  -9.0448520000000004e-02	
  -8.5188580000000000e-02	
  -7.1600410000000003e-02	
  -6.6666669999999997e-02	
  -5.7390419999999998e-02	
  -4.6941900000000002e-02	
  -3.4057080000000003e-02	
  -2.4515800000000001e-02	
  -1.9806319999999999e-02	
  -1.9153920000000001e-02	
  -2.5035680000000001e-02	
  -2.6839960000000000e-02	
  -1.8725789999999999e-02	
  -6.5443430000000002e-03	
   5.3312949999999998e-03	
   1.3394500000000000e-02	
   1.7227320000000001e-02	
   1.1508660000000000e-02	
  -3.7716619999999998e-03	
  -1.5494390000000000e-02	
  -2.7421000000000001e-02	
  -3.6044850000000003e-02	
  -4.1396530000000001e-02	
  -4.1539250000000000e-02	
  -4.1386340000000001e-02	
  -5.2079510000000002e-02	
  -5.8664630000000002e-02	
  -6.0662590000000002e-02	
  -7.3608560000000003e-02	
  -8.1569829999999996e-02	
  -8.2976549999999996e-02	
  -8.0081550000000001e-02	
  -8.0519880000000002e-02	
  -8.7940879999999999e-02	
  -9.3098879999999995e-02	
  -9.9724770000000004e-02	
  -1.0786949999999999e-01	
  -1.1238529999999999e-01	
  -1.1284400000000000e-01	
  -1.0870539999999999e-01	
  -9.9194699999999997e-02	
  -8.4373089999999998e-02	
  -5.9551479999999997e-02	
  -3.9663610000000002e-02	
  -2.5208970000000001e-02	
  -1.7166160000000000e-02	
  -6.0754329999999999e-03	
   3.9449539999999996e-03	
   9.6228340000000002e-03	
   1.3741079999999999e-02	
   1.6513759999999999e-02	
   3.0611619999999999e-02	
   3.6442410000000001e-02	
   4.2578999999999999e-02	
   5.0458719999999999e-02	
   4.7054029999999997e-02	
   4.9235470000000003e-02	
   5.3404689999999998e-02	
   5.8827730000000002e-02	
   5.6218140000000000e-02	
   5.3394499999999998e-02	
   6.4852190000000004e-02	
   7.1783890000000003e-02	
   7.3190619999999998e-02	
   7.3027519999999999e-02	
   7.2986750000000003e-02	
   6.8409789999999998e-02	
   6.2650360000000002e-02	
   6.1957190000000002e-02	
   6.8338430000000006e-02	
   7.3251780000000002e-02	
   7.1508660000000002e-02	
   7.7339450000000004e-02	
   8.4974519999999998e-02	
   9.8348619999999998e-02	
   1.0460750000000001e-01	
   1.1418960000000000e-01	
   1.1919470000000000e-01	
   1.2574920000000001e-01	
   1.2791030000000000e-01	
   1.2441389999999999e-01	
   1.1673799999999999e-01	
   1.1318040000000000e-01	
   1.0708460000000000e-01	
   1.0173290000000000e-01	
   9.9306829999999999e-02	
   1.0213050000000000e-01	
   1.0761469999999999e-01	
   1.1895010000000000e-01	
   1.2326200000000000e-01	
   1.2407749999999999e-01	
   1.1173290000000000e-01	
   9.3557589999999996e-02	
   6.9775740000000003e-02	
   4.4373089999999997e-02	
   2.4566770000000002e-02	
   4.9949030000000002e-03	
  -9.3883790000000005e-03	
  -1.7645259999999999e-02	
  -2.0927620000000001e-02	
  -2.2589189999999999e-02	
  -1.9266060000000002e-02	
  -1.3272170000000000e-02	
  -1.0254839999999999e-02	
  -8.8379200000000008e-03	
  -7.2069320000000001e-03	
   1.3965340000000001e-03	
   2.6095820000000000e-03	
   2.7828750000000002e-03	
  -6.4220179999999996e-04	
  -5.3414880000000001e-03	
  -7.3190620000000003e-03	
  -8.8786950000000007e-03	
  -4.5565750000000002e-03	
   4.3730890000000001e-03	
   1.3843019999999999e-02	
   2.9694189999999999e-02	
   4.5270129999999999e-02	
   5.1620800000000001e-02	
   5.6972479999999999e-02	
   6.2548419999999993e-02	
   6.4913349999999995e-02	
   6.1314979999999998e-02	
   6.5310910000000000e-02	
   8.0499490000000007e-02	
   9.5993880000000004e-02	
   1.0237510000000000e-01	
   1.1569830000000000e-01	
   1.2390420000000001e-01	
   1.2281350000000001e-01	
   1.1931700000000001e-01	
   1.1570850000000001e-01	
   1.1882769999999999e-01	
   1.1591230000000000e-01	
   1.1882769999999999e-01	
   1.2102960000000000e-01	
   1.2869520000000001e-01	
   1.2436290000000000e-01	
   1.2140670000000001e-01	
   1.1732930000000000e-01	
   1.0942920000000000e-01	
   8.6799180000000004e-02	
   6.5545359999999997e-02	
   5.9582059999999999e-02	
   6.0061160000000002e-02	
   5.2660550000000000e-02	
   3.9938840000000003e-02	
   2.4964320000000002e-02	
   4.8318040000000003e-03	
  -6.7278290000000003e-03	
  -2.0774720000000000e-02	
  -1.8888889999999998e-02	
  -2.6248730000000001e-02	
  -2.8124360000000001e-02	
  -3.2293580000000002e-02	
  -2.8603469999999999e-02	
  -3.3190619999999997e-02	
  -2.6156980000000000e-02	
  -3.0132519999999999e-02	
  -3.1029560000000001e-02	
  -3.9041790000000000e-02	
  -3.2405709999999997e-02	
  -2.1253820000000000e-02	
  -2.1202849999999999e-02	
  -2.1141690000000001e-02	
  -3.7359839999999998e-02	
  -3.7003059999999997e-02	
  -4.6411819999999999e-02	
  -4.0091740000000001e-02	
  -3.5779819999999997e-02	
  -2.6717640000000001e-02	
  -3.2487259999999997e-02	
  -2.9469929999999998e-02	
  -2.4169220000000002e-02	
  -2.0000000000000000e-02	
  -2.7013249999999999e-02	
  -3.2793070000000001e-02	
  -3.6024460000000001e-02	
  -3.8369010000000002e-02	
  -3.4505609999999999e-02	
  -3.0081549999999999e-02	
  -2.1304790000000001e-02	
  -3.0754330000000000e-02	
  -3.5025479999999998e-02	
  -4.3679919999999997e-02	
  -4.5117230000000001e-02	
  -5.4729870000000000e-02	
  -5.5840979999999998e-02	
  -6.0693169999999998e-02	
  -6.3924570000000000e-02	
  -7.0856269999999999e-02	
  -7.2996939999999996e-02	
  -7.4719670000000002e-02	
  -7.8654429999999997e-02	
  -8.2436289999999995e-02	
  -8.1957189999999999e-02	
  -8.2497450000000000e-02	
  -8.7747199999999997e-02	
  -9.2945970000000003e-02	
  -1.0938840000000000e-01	
  -1.2419980000000000e-01	
  -1.4602450000000000e-01	
  -1.6093779999999999e-01	
  -1.7486240000000000e-01	
  -1.7884810000000001e-01	
  -1.7922530000000000e-01	
  -1.7245669999999999e-01	
  -1.5641179999999999e-01	
  -1.2887870000000001e-01	
  -9.1478080000000003e-02	
  -5.7951070000000000e-02	
  -2.3516820000000001e-02	
  -4.1997960000000004e-03	
   1.6320080000000001e-02	
   2.4230379999999999e-02	
   2.8715600000000001e-02	
   2.4199800000000000e-02	
   1.9245669999999999e-02	
   8.3792050000000007e-03	
   4.2915389999999996e-03	
   9.8878700000000009e-04	
  -5.4434250000000000e-03	
  -1.3527010000000001e-02	
  -1.7900099999999999e-02	
  -2.5698269999999999e-02	
  -2.8103980000000001e-02	
  -2.3843019999999999e-02	
  -1.3129460000000001e-02	
  -7.7064220000000001e-03	
  -4.1590209999999997e-03	
   8.3588179999999996e-04	
   2.6095820000000000e-03	
  -8.7869520000000007e-03	
  -1.5259940000000000e-02	
  -1.8236490000000001e-02	
  -1.9816509999999999e-02	
  -1.8807339999999999e-02	
  -1.9113149999999999e-02	
  -1.9684000000000000e-02	
  -2.4444440000000001e-02	
  -2.3129460000000001e-02	
  -1.8491339999999998e-02	
  -8.1957190000000006e-03	
  -4.7910299999999998e-04	
   6.4525989999999998e-03	
   1.2120290000000001e-02	
   1.9184509999999998e-02	
   2.9459730000000000e-02	
   4.3843020000000003e-02	
   5.8878699999999999e-02	
   7.0295620000000003e-02	
   8.8409790000000002e-02	
   1.0258920000000001e-01	
   1.1812440000000000e-01	
   1.3930680000000001e-01	
   1.7731910000000001e-01	
   2.1576960000000001e-01	
   2.5794089999999997e-01	
   2.9581039999999997e-01	
   3.2064219999999999e-01	
   3.1199800000000000e-01	
   2.8391440000000001e-01	
   2.4074409999999999e-01	
   1.9124360000000001e-01	
   1.3229360000000001e-01	
   8.2385319999999998e-02	
   3.8430170000000000e-02	
   1.5902140000000000e-03	
  -3.0214069999999999e-02	
  -4.8277269999999997e-02	
  -5.2507650000000003e-02	
  -5.0805299999999998e-02	
  -4.5708459999999999e-02	
  -2.4108049999999999e-02	
  -8.0733939999999994e-03	
  -1.3761470000000001e-03	
  -6.4220179999999998e-03	
  -1.1620800000000001e-02	
  -1.5382260000000000e-02	
  -2.0672780000000002e-02	
  -2.0020389999999999e-02	
  -2.2650360000000001e-02	
  -1.6819569999999999e-02	
  -1.8848110000000001e-02	
  -1.2344549999999999e-02	
  -5.8103979999999996e-03	
   9.1539250000000003e-03	
   9.5820590000000004e-03	
   6.2691129999999998e-03	
  -2.8746179999999998e-03	
   3.3639139999999999e-04	
   3.0173290000000000e-03	
   3.4148830000000001e-03	
  -2.2426099999999999e-03	
  -1.0265040000000000e-02	
  -1.3598370000000000e-02	
  -1.7288479999999998e-02	
  -1.2629970000000001e-02	
  -1.1192660000000000e-02	
  -7.1457700000000001e-03	
  -1.0438329999999999e-02	
  -1.0733940000000001e-02	
  -2.1365950000000002e-02	
  -2.5739040000000001e-02	
  -3.2558610000000002e-02	
  -3.5871559999999997e-02	
  -4.3761469999999997e-02	
  -5.2895009999999999e-02	
  -6.3781859999999996e-02	
  -7.4454640000000002e-02	
  -8.1437309999999999e-02	
  -8.6687050000000002e-02	
  -9.2619779999999999e-02	
  -1.0557590000000000e-01	
  -1.2076450000000000e-01	
  -1.4393480000000000e-01	
  -1.6852190000000000e-01	
  -1.9359840000000000e-01	
  -2.0820590000000000e-01	
  -2.2235469999999999e-01	
  -2.3338429999999999e-01	
  -2.3760450000000000e-01	
  -2.4032619999999999e-01	
  -2.5309890000000002e-01	
  -2.5142710000000001e-01	
  -2.4305810000000000e-01	
  -2.1898060000000000e-01	
  -1.9843020000000000e-01	
  -1.7184510000000000e-01	
  -1.5724769999999999e-01	
  -1.4873600000000001e-01	
  -1.4171249999999999e-01	
  -1.3358819999999999e-01	
  -1.3482160000000001e-01	
  -1.4064219999999999e-01	
  -1.3823650000000001e-01	
  -1.3320080000000001e-01	
  -1.1928640000000000e-01	
  -1.0567790000000001e-01	
  -8.4719669999999997e-02	
  -6.2334349999999997e-02	
  -4.1865439999999997e-02	
  -2.8827729999999999e-02	
  -1.6238530000000001e-02	
  -5.8817530000000000e-03	
  -3.4658509999999998e-04	
   7.8491339999999996e-04	
   3.9041789999999998e-03	
   1.3251780000000000e-03	
   3.0377170000000001e-03	
   1.0366970000000000e-02	
   1.1029560000000001e-02	
   9.7553520000000001e-03	
   1.1804280000000000e-02	
   2.8144750000000000e-02	
   3.6544340000000002e-02	
   3.6330280000000000e-02	
   3.4617740000000001e-02	
   4.2752289999999998e-02	
   4.3628950000000000e-02	
   4.4882770000000002e-02	
   4.7533130000000000e-02	
   4.7003059999999999e-02	
   4.6371049999999997e-02	
   4.5810400000000001e-02	
   5.4291539999999999e-02	
   5.3893990000000003e-02	
   5.7227319999999998e-02	
   5.3577979999999997e-02	
   6.1743119999999999e-02	
   5.7533130000000002e-02	
   6.4067280000000004e-02	
   6.6513760000000005e-02	
   7.6646279999999997e-02	
   7.8705399999999995e-02	
   8.0234449999999999e-02	
   8.2864419999999994e-02	
   8.5871560000000000e-02	
   9.0632009999999999e-02	
   9.5688070000000000e-02	
   1.0288480000000000e-01	
   1.0260960000000000e-01	
   1.0864420000000000e-01	
   1.0574920000000000e-01	
   1.1025480000000000e-01	
   1.0980630000000000e-01	
   1.1517840000000000e-01	
   1.1392460000000000e-01	
   1.1627930000000000e-01	
   1.2304790000000000e-01	
   1.3565749999999999e-01	
   1.4858310000000000e-01	
   1.6483180000000000e-01	
   1.8663610000000000e-01	
   2.0951069999999999e-01	
   2.1662590000000001e-01	
   2.0372070000000000e-01	
   1.7341490000000001e-01	
   1.3878699999999999e-01	
   1.0883790000000000e-01	
   6.7451579999999997e-02	
   3.5524970000000003e-02	
   2.8950050000000000e-03	
  -1.5677880000000002e-02	
  -2.6513760000000001e-02	
  -2.9031600000000001e-02	
  -2.4831800000000001e-02	
  -1.3598370000000000e-02	
   3.7920490000000000e-03	
   1.9500509999999999e-02	
   3.2293580000000002e-02	
   3.5341490000000003e-02	
   3.8929659999999998e-02	
   4.1559630000000000e-02	
   4.0703360000000001e-02	
   3.5280329999999999e-02	
   2.5117230000000001e-02	
   1.6564730000000000e-02	
   9.7451580000000003e-03	
   1.0591230000000000e-02	
   1.4454640000000000e-02	
   1.9847090000000001e-02	
   2.3476040000000000e-02	
   2.5158000000000000e-02	
   2.1885829999999998e-02	
   1.4403670000000000e-02	
   1.3669720000000000e-02	
   1.1641179999999999e-02	
   9.9898060000000004e-03	
   4.1284399999999997e-03	
   7.7981650000000001e-03	
   1.8837920000000001e-02	
   2.6014269999999999e-02	
   3.1213049999999999e-02	
   2.6014269999999999e-02	
   2.0672780000000002e-02	
   1.7308870000000001e-02	
   1.3333329999999999e-02	
   6.4831799999999998e-03	
  -2.8440370000000002e-03	
  -8.0020390000000007e-03	
  -1.3486240000000000e-02	
  -2.2895010000000000e-02	
  -2.3465850000000000e-02	
  -1.6228340000000001e-02	
  -1.1447499999999999e-02	
  -1.0122320000000001e-02	
  -6.9011209999999996e-03	
  -8.2874620000000006e-03	
  -9.3170230000000007e-03	
  -1.1783890000000000e-02	
  -5.1580020000000001e-03	
  -1.0000000000000000e-02	
  -1.7920490000000001e-02	
  -2.2263000000000002e-02	
  -2.2222220000000001e-02	
  -2.4016309999999999e-02	
  -3.1019370000000001e-02	
  -3.6870540000000000e-02	
  -4.3088689999999999e-02	
  -4.5993880000000001e-02	
  -5.1580019999999997e-02	
  -4.9816510000000001e-02	
  -4.8012230000000003e-02	
  -4.6931700000000000e-02	
  -4.8572879999999999e-02	
  -4.4352700000000002e-02	
  -4.2099900000000003e-02	
  -4.2762490000000000e-02	
  -4.9469930000000002e-02	
  -5.0397549999999999e-02	
  -4.7971460000000000e-02	
  -4.0101940000000003e-02	
  -3.2222220000000003e-02	
  -2.1111109999999999e-02	
  -1.3098880000000000e-02	
  -7.5229360000000000e-03	
  -2.2935780000000001e-03	
   3.5677880000000001e-03	
   7.5433230000000002e-03	
   7.4311930000000000e-03	
   1.2742099999999999e-02	
   1.4546379999999999e-02	
   1.4067280000000000e-02	
   1.2303770000000000e-02	
   1.5759430000000001e-02	
   2.0468910000000000e-02	
   2.3995920000000000e-02	
   2.0774720000000000e-02	
   2.1151890000000000e-02	
   2.6982670000000000e-02	
   3.7584100000000002e-02	
   4.2752289999999998e-02	
   4.5637100000000000e-02	
   5.1977570000000001e-02	
   5.9062179999999999e-02	
   6.2558610000000001e-02	
   6.5891950000000005e-02	
   7.1630990000000005e-02	
   7.9704380000000005e-02	
   9.5127420000000004e-02	
   1.0946989999999999e-01	
   1.2226300000000000e-01	
   1.2442410000000000e-01	
   1.2982669999999999e-01	
   1.2865440000000000e-01	
   1.2088690000000001e-01	
   1.1511720000000000e-01	
   1.0263000000000000e-01	
   8.9959230000000001e-02	
   7.1518860000000004e-02	
   6.2212030000000001e-02	
   5.5677879999999999e-02	
   5.0784910000000003e-02	
   3.7849130000000002e-02	
   3.2895010000000002e-02	
   2.1498469999999999e-02	
   5.9734960000000000e-03	
   1.4678899999999999e-03	
   1.4169219999999999e-03	
   5.0764529999999999e-03	
   1.5392460000000000e-03	
   4.5259940000000002e-03	
  -1.6004080000000000e-03	
  -2.0183490000000000e-03	
  -7.5739040000000002e-03	
  -7.3802240000000003e-03	
  -1.1875640000000000e-02	
  -7.0846080000000001e-03	
  -6.0448519999999999e-03	
  -3.9041789999999998e-03	
  -3.3639140000000000e-03	
  -1.1814480000000000e-02	
  -1.2487260000000000e-02	
  -1.9480120000000000e-02	
  -1.6432209999999999e-02	
  -2.2517840000000001e-02	
  -2.0560650000000000e-02	
  -2.5932719999999999e-02	
  -2.3119270000000001e-02	
  -2.0366970000000002e-02	
  -1.1590210000000000e-02	
  -1.4770640000000000e-02	
  -1.8103979999999999e-02	
  -2.0805299999999999e-02	
  -2.0020389999999999e-02	
  -1.5759430000000001e-02	
  -1.6880730000000000e-02	
  -1.2191640000000000e-02	
  -2.1824670000000001e-02	
  -2.7349640000000001e-02	
  -3.8205910000000003e-02	
  -3.7196739999999999e-02	
  -4.4464829999999997e-02	
  -4.7166159999999999e-02	
  -5.5851169999999999e-02	
  -6.2344549999999999e-02	
  -6.7869520000000003e-02	
  -7.1518860000000004e-02	
  -7.0601430000000007e-02	
  -7.6258919999999994e-02	
  -7.3893990000000007e-02	
  -7.2772680000000006e-02	
  -7.2915389999999997e-02	
  -7.7247709999999997e-02	
  -7.8256880000000001e-02	
  -8.2854230000000001e-02	
  -8.9592249999999998e-02	
  -9.6085630000000005e-02	
  -9.7400609999999999e-02	
  -1.0514780000000000e-01	
  -1.0963299999999999e-01	
  -1.0313970000000000e-01	
  -8.8103979999999998e-02	
  -7.4108049999999995e-02	
  -5.2069320000000002e-02	
  -3.0346590000000000e-02	
  -7.1865439999999996e-03	
   1.1009170000000000e-02	
   2.2334349999999999e-02	
   3.0050970000000000e-02	
   3.1090719999999999e-02	
   3.3934760000000001e-02	
   3.2915390000000003e-02	
   2.8888890000000000e-02	
   1.8073390000000002e-02	
   8.7054030000000004e-03	
   2.4464829999999997e-04	
  -3.2517840000000002e-03	
  -7.0744140000000002e-03	
  -1.2915390000000001e-02	
  -1.6411820000000001e-02	
  -2.0927620000000001e-02	
  -2.0927620000000001e-02	
  -2.3741080000000001e-02	
  -2.0937819999999999e-02	
  -1.9306830000000001e-02	
  -1.2171250000000000e-02	
  -6.2589189999999999e-03	
  -3.0581039999999997e-04	
   5.5963300000000001e-03	
   1.4556570000000000e-02	
   1.8481140000000000e-02	
   1.6462790000000001e-02	
   1.4525990000000001e-02	
   1.2599390000000000e-02	
   1.1865440000000000e-02	
   1.3934759999999999e-02	
   1.7370030000000002e-02	
   1.7043829999999999e-02	
   1.1875640000000000e-02	
   9.8878700000000000e-03	
   1.3007140000000000e-02	
   1.1722730000000001e-02	
   7.4006120000000000e-03	
   3.1294600000000001e-03	
   1.6513760000000000e-03	
   1.3863400000000000e-03	
   2.8032619999999999e-03	
   8.0326200000000007e-03	
   7.6350660000000002e-03	
   2.9561670000000000e-03	
   1.8756370000000001e-03	
   6.4220179999999998e-03	
   9.2150870000000003e-03	
   1.5942919999999999e-02	
   1.6880730000000000e-02	
   2.1549440000000000e-02	
   2.5015289999999999e-02	
   3.0540270000000001e-02	
   3.4923549999999998e-02	
   3.4933739999999998e-02	
   3.8093780000000001e-02	
   3.4943929999999998e-02	
   3.4475029999999997e-02	
   3.2803260000000001e-02	
   3.3802239999999997e-02	
   2.5993880000000000e-02	
   1.8664630000000001e-02	
   1.6065240000000001e-02	
   2.1274210000000002e-02	
   1.8674820000000002e-02	
   8.3995920000000009e-03	
   1.2436290000000000e-03	
  -3.8226300000000000e-03	
  -7.4821610000000002e-03	
  -1.1743119999999999e-02	
  -1.2140669999999999e-02	
  -1.4006120000000000e-02	
  -1.3853209999999999e-02	
  -1.1763510000000000e-02	
  -7.3496430000000003e-03	
  -9.8980630000000003e-03	
  -1.4811420000000000e-02	
  -2.0316000000000001e-02	
  -2.6116210000000001e-02	
  -3.1274209999999997e-02	
  -3.1335370000000001e-02	
  -3.1243630000000001e-02	
  -3.6890930000000002e-02	
  -4.2691130000000001e-02	
  -4.6636089999999998e-02	
  -4.6320080000000000e-02	
  -4.6126399999999998e-02	
  -4.2884810000000002e-02	
  -3.9102959999999999e-02	
  -3.9459729999999998e-02	
  -4.2222219999999998e-02	
  -3.9317020000000001e-02	
  -3.5443429999999998e-02	
  -3.2782869999999999e-02	
  -2.8837920000000000e-02	
  -2.9714580000000001e-02	
  -3.5107029999999997e-02	
  -3.9541279999999998e-02	
  -4.4373089999999997e-02	
  -4.2048929999999998e-02	
  -4.3109069999999999e-02	
  -3.8511719999999999e-02	
  -3.5657490000000000e-02	
  -3.0010189999999999e-02	
  -2.3955150000000001e-02	
  -1.7686029999999998e-02	
  -1.7522940000000001e-02	
  -1.7665650000000001e-02	
  -1.3679920000000000e-02	
  -1.1845059999999999e-02	
  -1.3180430000000000e-02	
  -1.6381239999999998e-02	
  -1.5484200000000000e-02	
  -1.7859330000000000e-02	
  -2.7543320000000000e-02	
  -3.3180429999999997e-02	
  -3.6666669999999998e-02	
  -4.0723750000000003e-02	
  -3.9174309999999997e-02	
  -3.2375130000000002e-02	
  -2.8532109999999999e-02	
  -3.1722729999999998e-02	
  -3.5677880000000002e-02	
  -3.8277270000000002e-02	
  -3.8053009999999998e-02	
  -4.1314980000000001e-02	
  -3.6829769999999998e-02	
  -3.2191640000000001e-02	
  -2.7869519999999998e-02	
  -2.0978589999999998e-02	
  -1.6819569999999999e-02	
  -1.4475030000000000e-02	
  -1.6666670000000001e-02	
  -1.8950050000000000e-02	
  -1.9235470000000001e-02	
  -1.3690110000000000e-02	
  -1.0632010000000001e-02	
  -1.0560650000000000e-02	
  -1.3180430000000000e-02	
  -1.3190620000000000e-02	
  -1.2895010000000000e-02	
  -1.5524970000000001e-02	
  -1.6197759999999999e-02	
  -1.4770640000000000e-02	
  -1.7675840000000002e-02	
  -2.2578999999999998e-02	
  -2.6238529999999999e-02	
  -2.5259940000000002e-02	
  -2.4006119999999999e-02	
  -1.9398570000000000e-02	
  -1.5677880000000002e-02	
  -1.2762490000000000e-02	
  -1.4128440000000001e-02	
  -1.2364930000000000e-02	
  -1.0815490000000001e-02	
  -1.8756370000000001e-02	
  -2.0214070000000001e-02	
  -1.9500509999999999e-02	
  -1.4852189999999999e-02	
  -1.3812440000000000e-02	
  -1.0499490000000000e-02	
  -4.8012230000000003e-03	
  -4.5463810000000004e-03	
  -4.6890930000000001e-03	
  -5.3516820000000000e-03	
  -5.3109070000000001e-03	
  -8.2364929999999992e-03	
  -9.0010190000000007e-03	
  -8.8481140000000007e-03	
  -5.9633029999999997e-03	
  -4.4240570000000003e-03	
  -2.2935780000000001e-03	
   4.1896019999999997e-03	
   6.9215090000000002e-03	
   1.0632010000000001e-02	
   1.3730890000000001e-02	
   1.9918450000000001e-02	
   1.8705400000000000e-02	
   1.6717639999999999e-02	
   1.4740059999999999e-02	
   1.8063200000000001e-02	
   1.5331289999999999e-02	
   1.6422019999999999e-02	
   1.8185520000000000e-02	
   1.9143730000000001e-02	
   1.9255860000000000e-02	
   2.3893990000000000e-02	
   2.4373090000000000e-02	
   2.5779819999999998e-02	
   2.2324159999999999e-02	
   2.1712539999999999e-02	
   1.9867480000000000e-02	
   1.7054030000000001e-02	
   1.6697250000000000e-02	
   1.1549439999999999e-02	
   9.9286440000000004e-03	
   7.9714580000000007e-03	
   1.2201830000000000e-02	
   1.4841999999999999e-02	
   2.4311929999999999e-02	
   3.1396529999999999e-02	
   3.1141690000000000e-02	
   2.5045870000000001e-02	
   2.0295620000000000e-02	
   1.7645259999999999e-02	
   1.3078490000000000e-02	
   1.1478080000000000e-02	
   1.8369010000000002e-02	
   2.5616719999999999e-02	
   2.8623849999999999e-02	
   3.0570850000000000e-02	
   3.4495409999999997e-02	
   3.0682979999999999e-02	
   2.5137610000000001e-02	
   2.7054030000000000e-02	
   3.2354740000000000e-02	
   3.0733940000000001e-02	
   3.0682979999999999e-02	
   3.2324159999999998e-02	
   3.2008149999999999e-02	
   2.6156980000000000e-02	
   2.0407749999999999e-02	
   2.0703360000000001e-02	
   2.2640159999999999e-02	
   2.5871559999999998e-02	
   3.4913350000000003e-02	
   4.6687050000000001e-02	
   4.9480120000000002e-02	
   4.7594289999999997e-02	
   4.3149849999999997e-02	
   4.3425079999999998e-02	
   4.0927619999999998e-02	
   3.6411819999999998e-02	
   3.5178389999999997e-02	
   3.5229360000000001e-02	
   3.6289500000000002e-02	
   3.6809380000000003e-02	
   3.8440370000000001e-02	
   3.1376149999999998e-02	
   2.6258920000000002e-02	
   2.5310909999999999e-02	
   2.1865440000000000e-02	
   2.0193679999999999e-02	
   2.2344550000000001e-02	
   3.4434250000000000e-02	
   4.0010190000000001e-02	
   3.8705400000000001e-02	
   3.1223239999999999e-02	
   2.6085629999999999e-02	
   2.1732930000000001e-02	
   1.5056070000000000e-02	
   1.4026500000000001e-02	
   6.4220179999999998e-03	
   4.9949030000000000e-04	
  -9.8165140000000001e-03	
  -1.0866460000000000e-02	
  -1.1386340000000000e-02	
  -9.3272170000000005e-03	
  -8.8583080000000005e-03	
  -9.9184510000000000e-03	
  -1.0081550000000000e-02	
  -1.2864420000000000e-02	
  -6.7176349999999996e-03	
   9.0723750000000004e-04	
   1.0662590000000000e-02	
   1.1753309999999999e-02	
   1.0846079999999999e-02	
   1.0295620000000000e-02	
   1.2650359999999999e-02	
   1.1151889999999999e-02	
   1.0499490000000000e-02	
   1.0815490000000001e-02	
   8.1141689999999992e-03	
   8.8685020000000003e-03	
   4.2915389999999996e-03	
   1.8858309999999999e-03	
   1.6411819999999999e-03	
   6.6870539999999996e-03	
   6.9724770000000004e-03	
   3.9143729999999996e-03	
   3.5474009999999999e-03	
   1.9979609999999999e-03	
   3.0173290000000000e-03	
  -2.0693170000000002e-03	
  -3.7206930000000002e-03	
  -6.1060139999999999e-03	
  -5.8919469999999998e-03	
  -5.3924569999999998e-03	
  -1.0601429999999999e-03	
   6.3710499999999996e-03	
   1.3486240000000000e-02	
   1.4882770000000000e-02	
   1.0723750000000001e-02	
   5.8307849999999998e-03	
  -1.5392460000000000e-03	
  -1.1182470000000000e-02	
  -1.9215090000000001e-02	
  -2.0754330000000001e-02	
  -1.7635069999999999e-02	
  -1.4016310000000001e-02	
  -1.2996940000000000e-02	
  -1.1386340000000000e-02	
  -7.0846080000000001e-03	
   3.2619780000000002e-04	
   5.9734960000000000e-03	
   7.3700310000000000e-03	
   2.5382260000000002e-03	
  -4.5871559999999999e-04	
  -4.8827730000000000e-03	
  -9.8063200000000003e-03	
  -1.0540269999999999e-02	
  -9.7859330000000001e-03	
  -4.9541280000000004e-03	
  -5.2599389999999999e-03	
  -4.6483180000000002e-03	
  -6.5443430000000002e-03	
  -4.7400610000000003e-03	
  -1.0193680000000001e-05	
  -4.8216110000000000e-03	
  -1.5443429999999999e-02	
  -2.6422020000000001e-02	
  -3.2405709999999997e-02	
  -4.1478080000000001e-02	
  -4.4148830000000000e-02	
  -4.4342510000000002e-02	
  -4.2986749999999997e-02	
  -3.8705400000000001e-02	
  -4.0988789999999997e-02	
  -3.7339450000000003e-02	
  -3.8807340000000003e-02	
  -3.9928640000000001e-02	
  -3.7176349999999997e-02	
  -3.1783890000000002e-02	
  -2.6941900000000001e-02	
  -2.6279310000000000e-02	
  -2.1264020000000002e-02	
  -1.9500509999999999e-02	
  -1.4016310000000001e-02	
  -9.7145770000000003e-03	
  -2.3139649999999999e-03	
   3.5983690000000001e-03	
   1.2568810000000000e-02	
   1.9969420000000002e-02	
   2.6299690000000001e-02	
   2.8623849999999999e-02	
   2.8185519999999999e-02	
   2.7176349999999998e-02	
   2.2517840000000001e-02	
   1.9989810000000000e-02	
   1.4362900000000000e-02	
   1.3221200000000001e-02	
   1.1620800000000001e-02	
   1.0458719999999999e-02	
   1.3659530000000000e-02	
   1.8481140000000000e-02	
   1.4250759999999999e-02	
   1.1213050000000000e-02	
   1.0101940000000000e-02	
   7.9510699999999993e-03	
   4.2915389999999996e-03	
   3.7308870000000000e-03	
   6.8297660000000001e-03	
   5.2497450000000001e-03	
   3.6799179999999999e-03	
   8.0530070000000003e-04	
  -4.9949030000000000e-04	
   9.8878700000000009e-04	
  -1.4373089999999999e-03	
  -1.8858309999999999e-03	
  -4.1794089999999998e-04	
   2.4566770000000000e-03	
   3.3027519999999999e-03	
   5.8103979999999996e-03	
   6.6462789999999997e-03	
   8.7665650000000005e-03	
   8.8277270000000005e-03	
   8.0020390000000007e-03	
   1.1090720000000000e-02	
   1.8674820000000002e-02	
   2.7359840000000000e-02	
   3.4556570000000002e-02	
   4.4403669999999999e-02	
   5.2935780000000002e-02	
   6.2048930000000002e-02	
   6.7410810000000002e-02	
   7.1824669999999993e-02	
   7.0112129999999995e-02	
   6.4485219999999996e-02	
   5.7104990000000001e-02	
   4.2691130000000001e-02	
   2.8053010000000000e-02	
   1.5076450000000000e-02	
   7.5331290000000004e-03	
   7.5739040000000002e-03	
   8.3180430000000007e-03	
   1.2446479999999999e-02	
   1.3261980000000000e-02	
   1.5993879999999999e-02	
   1.6279310000000002e-02	
   1.7645259999999999e-02	
   1.9021409999999999e-02	
   2.3129460000000001e-02	
   2.1182469999999998e-02	
   1.4006120000000000e-02	
   7.8695210000000008e-03	
   3.5372070000000001e-03	
  -1.3251779999999999e-04	
  -3.2415899999999999e-03	
  -9.1743120000000004e-03	
  -1.5158000000000000e-02	
  -1.9408769999999999e-02	
  -1.9306830000000001e-02	
  -2.1365950000000002e-02	
  -1.9847090000000001e-02	
  -1.7288479999999998e-02	
  -9.6839960000000003e-03	
  -5.8103979999999996e-03	
  -4.7910299999999999e-03	
  -4.6075430000000004e-03	
  -4.4138629999999996e-03	
  -5.6880730000000001e-03	
  -4.4546380000000003e-03	
  -8.3588180000000005e-03	
  -1.1386340000000000e-02	
  -1.2222220000000001e-02	
  -1.0998980000000000e-02	
  -8.7869520000000007e-03	
  -1.1559630000000000e-02	
  -9.0825690000000004e-03	
  -7.0336390000000004e-03	
  -5.8715599999999996e-03	
  -9.2660550000000005e-03	
  -9.6738020000000004e-03	
  -1.5891949999999998e-02	
  -2.1559630000000000e-02	
  -2.4475029999999998e-02	
  -3.0489300000000000e-02	
  -3.6218140000000003e-02	
  -4.1732930000000001e-02	
  -4.0744139999999998e-02	
  -4.3027520000000000e-02	
  -4.8715599999999998e-02	
  -5.6167179999999997e-02	
  -6.1009170000000001e-02	
  -6.5565750000000006e-02	
  -6.2487260000000003e-02	
  -5.8216110000000001e-02	
  -5.6106009999999998e-02	
  -5.6472990000000001e-02	
  -5.7716620000000003e-02	
  -5.2956169999999997e-02	
  -5.4403670000000001e-02	
  -5.0907239999999999e-02	
  -4.7767579999999997e-02	
  -4.1019369999999999e-02	
  -3.5392460000000001e-02	
  -3.1916409999999999e-02	
  -2.2925589999999999e-02	
  -1.9836900000000001e-02	
  -1.3139649999999999e-02	
  -8.4709480000000007e-03	
  -7.0540270000000000e-03	
  -6.9622829999999997e-03	
  -9.0621810000000007e-03	
  -8.7155960000000008e-03	
  -1.1814480000000000e-02	
  -1.0866460000000000e-02	
  -1.0234450000000001e-02	
  -1.0377170000000000e-02	
  -1.3822630000000001e-02	
  -1.3588180000000000e-02	
  -1.2813460000000000e-02	
  -1.0805300000000000e-02	
  -4.8114170000000001e-03	
   3.7003060000000000e-03	
   8.4301729999999991e-03	
   1.1019370000000001e-02	
   1.5412840000000001e-02	
   1.6768600000000002e-02	
   1.6890929999999998e-02	
   1.2793070000000000e-02	
   6.0448519999999999e-03	
   4.0774719999999998e-04	
  -2.1508660000000000e-03	
  -2.0998980000000002e-03	
   1.5290519999999999e-04	
  -3.8735979999999999e-04	
   2.1508660000000000e-03	
   7.6452600000000001e-03	
   1.2038739999999999e-02	
   1.1365950000000000e-02	
   9.3985730000000003e-03	
   9.0010190000000007e-03	
   1.0316000000000001e-02	
   1.2813460000000000e-02	
   1.4964320000000000e-02	
   1.3139649999999999e-02	
   1.3425080000000001e-02	
   1.2201830000000000e-02	
   8.5423040000000006e-03	
   3.9041789999999998e-03	
   1.6717640000000001e-03	
   3.1294600000000001e-03	
   5.3211010000000000e-03	
   8.6340470000000006e-03	
   1.4719670000000001e-02	
   1.9622830000000001e-02	
   2.0764530000000000e-02	
   2.2803259999999999e-02	
   2.3384300000000000e-02	
   2.4128440000000001e-02	
   2.0509679999999999e-02	
   1.7227320000000001e-02	
   1.8562690000000000e-02	
   1.8440370000000001e-02	
   2.2069320000000000e-02	
   2.4964320000000002e-02	
   2.8644240000000001e-02	
   2.7410810000000001e-02	
   2.5667690000000000e-02	
   2.5810400000000001e-02	
   2.7094799999999999e-02	
   2.9561670000000002e-02	
   2.7543320000000000e-02	
   2.2222220000000001e-02	
   1.3995920000000000e-02	
   8.4607539999999992e-03	
   4.8012230000000003e-03	
   2.2120289999999999e-03	
   1.9164119999999999e-03	
   1.6309890000000000e-03	
   4.1692150000000004e-03	
   3.0682980000000001e-03	
   2.1916409999999998e-03	
   9.5820590000000004e-04	
   3.7818550000000002e-03	
   1.1213050000000001e-04	
  -4.4648320000000002e-03	
  -7.1457700000000001e-03	
  -9.8369010000000003e-03	
  -8.1753309999999992e-03	
  -5.5861369999999997e-03	
  -2.4770640000000002e-03	
  -2.4362899999999998e-03	
  -2.5484200000000000e-03	
  -2.9561669999999998e-04	
   1.8042810000000000e-03	
   4.8623850000000003e-03	
   5.8613659999999998e-03	
   8.0937820000000008e-03	
   9.6941900000000001e-03	
   1.2986750000000000e-02	
   1.6952090000000000e-02	
   1.9449540000000001e-02	
   1.9357800000000001e-02	
   2.0652400000000001e-02	
   1.8511719999999999e-02	
   1.2008150000000000e-02	
   4.6788990000000003e-03	
   1.3965340000000001e-03	
   4.7502550000000001e-03	
   5.3516820000000000e-03	
   5.5759429999999999e-03	
   7.2273190000000003e-03	
   7.5942919999999999e-03	
   7.7166159999999999e-03	
   6.3098879999999996e-03	
   8.0937820000000008e-03	
   4.5158000000000004e-03	
   3.7512740000000002e-03	
   6.3608559999999998e-03	
   8.9704380000000007e-03	
   1.0998980000000000e-02	
   1.3802240000000000e-02	
   1.5902139999999999e-02	
   1.6391440000000000e-02	
   1.5840980000000001e-02	
   1.8674820000000002e-02	
   1.8114169999999999e-02	
   1.6309890000000000e-02	
   1.7410809999999999e-02	
   1.8369010000000002e-02	
   1.9327219999999999e-02	
   1.7451580000000001e-02	
   1.5402650000000000e-02	
   1.6391440000000000e-02	
   1.6146790000000001e-02	
   1.0244649999999999e-02	
   7.6656470000000003e-03	
   8.0733939999999994e-03	
   6.9215090000000002e-03	
   3.0682980000000001e-03	
  -2.1406729999999999e-04	
   1.3251779999999999e-04	
   1.0601429999999999e-03	
   1.6513760000000000e-03	
   3.2619780000000000e-03	
   4.3730890000000001e-03	
   7.6452599999999996e-04	
  -2.9051989999999998e-03	
  -1.6004080000000000e-03	
   1.8552499999999999e-03	
  -2.3241590000000001e-03	
  -1.5698270000000000e-03	
   9.7859329999999993e-04	
  -9.6839959999999998e-04	
  -3.6391440000000000e-03	
  -6.4525989999999998e-03	
  -4.4954130000000002e-03	
  -2.9765550000000001e-03	
  -6.9317019999999997e-04	
   6.3200820000000005e-04	
   1.7329260000000001e-03	
   4.4546380000000003e-03	
   7.1355760000000002e-03	
   6.7278290000000003e-03	
   2.1508660000000000e-03	
  -5.9123339999999996e-04	
  -1.9775740000000002e-03	
  -4.5769620000000004e-03	
  -7.3904180000000002e-03	
  -7.8899079999999993e-03	
  -1.0081550000000000e-02	
  -9.0417940000000006e-03	
  -8.0530069999999992e-03	
  -4.1692150000000004e-03	
  -4.7808360000000001e-03	
  -7.1457700000000001e-03	
  -1.0163100000000000e-02	
  -1.2405710000000000e-02	
  -1.4505610000000000e-02	
  -1.7900099999999999e-02	
  -1.5249749999999999e-02	
  -1.3588180000000000e-02	
  -1.7614680000000001e-02	
  -2.6472989999999998e-02	
  -3.1865440000000002e-02	
  -3.7166159999999997e-02	
  -3.6625890000000001e-02	
  -3.5851170000000002e-02	
  -3.4760449999999998e-02	
  -3.3598370000000002e-02	
  -3.3883789999999997e-02	
  -3.2446480000000000e-02	
  -3.3098879999999997e-02	
  -3.0988789999999999e-02	
  -2.6248730000000001e-02	
  -2.4444440000000001e-02	
  -2.7838940000000000e-02	
  -2.9235470000000000e-02	
  -2.9602449999999999e-02	
  -4.0948010000000000e-02	
  -4.9378190000000002e-02	
  -5.2905199999999999e-02	
  -5.5993880000000003e-02	
  -5.5474009999999997e-02	
  -5.2436290000000003e-02	
  -4.3781859999999999e-02	
  -3.9174309999999997e-02	
  -3.3394500000000001e-02	
  -2.7859330000000002e-02	
  -1.9826710000000001e-02	
  -1.5392460000000000e-02	
  -8.9500510000000005e-03	
  -5.1172270000000002e-03	
   3.2721709999999999e-03	
   6.1875640000000004e-03	
   8.4709480000000007e-03	
   8.8990830000000003e-03	
   1.0183490000000000e-02	
   8.5219159999999992e-03	
   1.0122320000000001e-02	
   7.7879710000000003e-03	
   4.3730890000000001e-03	
  -1.4373089999999999e-03	
  -9.1743120000000004e-03	
  -1.2150869999999999e-02	
  -1.4964320000000000e-02	
  -1.1977570000000000e-02	
  -1.0784910000000000e-02	
  -6.1264020000000004e-03	
   1.2130480000000000e-03	
   7.7675840000000001e-03	
   1.2130480000000001e-02	
   1.2344549999999999e-02	
   1.0784910000000000e-02	
   8.2976549999999993e-03	
   7.7166159999999999e-03	
   9.2252800000000006e-03	
   5.9021409999999996e-03	
   3.2517840000000002e-03	
  -7.2375130000000001e-04	
  -3.4760450000000001e-03	
  -3.0479100000000000e-03	
   1.6207950000000000e-03	
   9.7247710000000001e-03	
   1.3700310000000000e-02	
   1.2742099999999999e-02	
   1.3486240000000000e-02	
   1.2517840000000001e-02	
   1.0458719999999999e-02	
   3.5575939999999999e-03	
   4.0774720000000004e-03	
   6.4322119999999997e-03	
   1.0815490000000001e-02	
   1.4322120000000001e-02	
   1.5871560000000000e-02	
   2.0132520000000001e-02	
   2.3567790000000002e-02	
   2.1416919999999999e-02	
   1.8419979999999999e-02	
   1.5810399999999999e-02	
   1.7471970000000000e-02	
   1.8970440000000002e-02	
   2.1549440000000000e-02	
   2.4556570000000000e-02	
   3.0642200000000001e-02	
   3.0438330000000000e-02	
   2.8195720000000001e-02	
   3.0224259999999999e-02	
   2.9500510000000001e-02	
   3.0550460000000002e-02	
   2.6381240000000000e-02	
   2.5881749999999999e-02	
   2.3261980000000002e-02	
   1.9561670000000000e-02	
   2.0428129999999999e-02	
   2.6065240000000000e-02	
   3.3098879999999997e-02	
   3.5280329999999999e-02	
   3.4872580000000000e-02	
   3.4597349999999999e-02	
   3.4811420000000003e-02	
   3.2670739999999997e-02	
   2.9571870000000000e-02	
   2.4260960000000002e-02	
   1.5565750000000000e-02	
   6.8807340000000003e-03	
   7.2375130000000001e-04	
  -2.8746179999999998e-03	
   5.8103980000000005e-04	
   2.7522940000000002e-03	
   3.8226300000000000e-03	
  -5.8103980000000005e-04	
  -2.4057079999999999e-03	
  -5.1172270000000002e-03	
  -7.1967380000000003e-03	
  -6.6768599999999997e-03	
  -1.4067280000000001e-03	
   2.7828750000000002e-03	
   4.1386340000000004e-03	
   4.7910299999999998e-04	
   1.0193680000000000e-04	
  -5.6065240000000005e-04	
  -1.6207950000000000e-03	
   4.0061159999999997e-03	
   4.6788990000000003e-03	
   4.1794089999999998e-04	
   2.8542299999999998e-04	
  -1.5698270000000000e-03	
   2.0897040000000000e-03	
   7.9001020000000009e-03	
   1.4220180000000001e-02	
   1.2966360000000000e-02	
   7.5840980000000001e-03	
   4.0163100000000004e-03	
  -1.6004080000000000e-03	
  -3.3129460000000002e-03	
  -9.1131500000000004e-03	
  -1.0795110000000000e-02	
  -1.5616720000000001e-02	
  -2.0428129999999999e-02	
  -2.4505610000000001e-02	
  -2.2956170000000001e-02	
  -2.1549440000000000e-02	
  -1.8205909999999999e-02	
  -1.6156980000000001e-02	
  -1.1580020000000000e-02	
  -1.0142709999999999e-02	
  -9.2966360000000005e-03	
  -1.4250759999999999e-02	
  -1.7268090000000000e-02	
  -1.5076450000000000e-02	
  -1.6116209999999999e-02	
  -1.3404690000000000e-02	
  -1.3975540000000000e-02	
  -1.2996940000000000e-02	
  -1.4281350000000000e-02	
  -1.5820589999999999e-02	
  -1.5667690000000001e-02	
  -1.5290520000000000e-02	
  -1.5086650000000000e-02	
  -1.1345569999999999e-02	
  -9.8572880000000005e-03	
  -9.6941900000000001e-03	
  -8.0428129999999994e-03	
  -8.5728850000000006e-03	
  -1.2150869999999999e-02	
  -1.6269110000000000e-02	
  -1.2201830000000000e-02	
  -1.1049949999999999e-02	
  -1.5239549999999999e-02	
  -1.3792050000000000e-02	
  -6.9215090000000002e-03	
   1.1009170000000001e-03	
   6.5239549999999997e-03	
   5.9123340000000000e-03	
   5.8919469999999998e-03	
   4.3119270000000001e-03	
   4.6992859999999996e-03	
   4.7502550000000001e-03	
   7.9816509999999993e-03	
   7.8083590000000000e-03	
   1.0886850000000000e-02	
   1.1141689999999999e-02	
   1.0285420000000000e-02	
   8.4097860000000007e-03	
   6.6258920000000004e-03	
   7.2477059999999996e-03	
   7.5127420000000002e-03	
   4.9337410000000002e-03	
   3.3843020000000001e-03	
   7.6962280000000003e-03	
   1.1926610000000001e-02	
   1.7064220000000001e-02	
   1.7940879999999999e-02	
   2.0458720000000000e-02	
   2.3659530000000002e-02	
   2.6656470000000002e-02	
   3.0366970000000000e-02	
   3.1743120000000000e-02	
   2.9367990000000000e-02	
   2.5891950000000000e-02	
   2.3414879999999999e-02	
   2.2161060000000000e-02	
   1.7543320000000001e-02	
   1.6656470000000000e-02	
   1.5127420000000001e-02	
   1.3078490000000000e-02	
   6.8807340000000003e-03	
   2.8542300000000001e-03	
  -2.9255860000000000e-03	
  -2.4566770000000000e-03	
  -1.6717640000000001e-03	
   1.5902140000000000e-03	
   3.4862389999999999e-03	
   2.3751269999999999e-03	
   4.6177370000000002e-03	
   5.7900099999999999e-03	
   9.9490320000000000e-03	
   8.0937820000000008e-03	
   3.2008150000000001e-03	
   1.4271149999999999e-04	
  -2.4362899999999998e-03	
  -3.7003060000000000e-03	
  -5.3414880000000001e-03	
  -8.1651380000000006e-03	
  -1.2456679999999999e-02	
  -1.9276250000000002e-02	
  -2.3506630000000001e-02	
  -2.0723749999999999e-02	
  -1.5107030000000000e-02	
  -1.1885830000000000e-02	
  -1.3119270000000001e-02	
  -1.0509680000000000e-02	
  -8.0937820000000008e-03	
  -3.0275229999999998e-03	
  -5.4536189999999998e-03	
  -7.6044850000000002e-03	
  -8.7359840000000005e-03	
  -1.0499490000000000e-02	
  -1.4943929999999999e-02	
  -1.9806319999999999e-02	
  -1.4291540000000000e-02	
  -8.6952090000000006e-03	
  -3.1804279999999999e-03	
  -5.8002039999999998e-03	
  -8.1447499999999992e-03	
  -1.0886850000000000e-02	
  -1.2201830000000000e-02	
  -1.0570850000000000e-02	
  -1.0152909999999999e-02	
  -1.2069320000000000e-02	
  -1.2354739999999999e-02	
  -1.2466870000000000e-02	
  -1.2782870000000000e-02	
  -1.2935779999999999e-02	
  -9.1029560000000006e-03	
  -5.5453619999999999e-03	
  -4.7196740000000001e-03	
  -5.0866460000000002e-03	
  -9.3985730000000003e-03	
  -1.1610600000000000e-02	
  -1.8114169999999999e-02	
  -2.4546380000000000e-02	
  -2.8899080000000001e-02	
  -3.3700309999999997e-02	
  -3.8318039999999998e-02	
  -4.5056069999999997e-02	
  -4.7543320000000000e-02	
  -4.5157999999999997e-02	
  -4.4077470000000001e-02	
  -4.1192659999999999e-02	
  -3.6503569999999999e-02	
  -3.3618759999999998e-02	
  -3.2874620000000000e-02	
  -3.1202850000000001e-02	
  -2.2252800000000000e-02	
  -1.5698270000000000e-02	
  -9.5616720000000002e-03	
  -8.3384300000000008e-03	
  -6.9520900000000002e-03	
  -2.8848110000000001e-03	
   2.2120289999999999e-03	
   7.4617740000000000e-03	
   8.6034660000000006e-03	
   1.0295620000000000e-02	
   8.5015290000000007e-03	
   1.2171250000000000e-02	
   1.0509680000000000e-02	
   9.4393480000000002e-03	
   7.4311930000000000e-03	
   7.3904180000000002e-03	
   9.3781860000000002e-03	
   1.1457699999999999e-02	
   1.4485220000000000e-02	
   1.4403670000000000e-02	
   1.2691130000000000e-02	
   8.4199800000000005e-03	
   4.8623850000000003e-03	
   3.3027519999999999e-03	
   2.3139649999999999e-03	
   3.2619780000000002e-04	
  -1.8246689999999999e-03	
  -4.1794090000000002e-03	
  -3.9857290000000004e-03	
  -1.1416919999999999e-03	
   6.1162079999999995e-04	
   8.9704379999999998e-04	
   2.3955150000000000e-03	
  -2.0489300000000000e-03	
  -2.8032619999999999e-03	
  -1.1213050000000000e-03	
   5.7186540000000001e-03	
   1.2324160000000001e-02	
   1.5555560000000000e-02	
   1.6004080000000000e-02	
   1.3282360000000000e-02	
   5.6167179999999997e-03	
   2.5891949999999999e-03	
   3.3231400000000000e-03	
  -4.0774719999999998e-04	
  -1.0805299999999999e-03	
  -2.6401630000000001e-03	
  -4.8318040000000003e-03	
  -8.8786950000000007e-03	
  -1.0173290000000000e-02	
  -6.9215090000000002e-03	
  -2.9459730000000002e-03	
  -3.2619780000000002e-04	
   1.0499490000000001e-03	
   9.3781859999999997e-04	
   5.2089700000000003e-03	
   1.4108050000000000e-02	
   2.2945970000000000e-02	
   2.8674820000000000e-02	
   3.1794089999999997e-02	
   3.4393479999999997e-02	
   3.0978590000000000e-02	
   2.5035680000000001e-02	
   2.0326199999999999e-02	
   1.6269110000000000e-02	
   1.3802240000000000e-02	
   1.5545359999999999e-02	
   1.7951070000000000e-02	
   1.7349640000000000e-02	
   1.9775740000000000e-02	
   1.8083590000000000e-02	
   1.9011210000000001e-02	
   1.5555560000000000e-02	
   1.5443429999999999e-02	
   1.4831799999999999e-02	
   1.3200820000000000e-02	
   8.6850150000000008e-03	
   8.8583080000000005e-03	
   6.2283379999999999e-03	
   4.3730890000000001e-03	
   5.8511720000000000e-03	
   7.7777779999999999e-03	
   5.9531089999999998e-03	
   7.6350660000000002e-03	
   5.4740060000000000e-03	
   5.4434250000000000e-03	
   3.8939859999999999e-03	
   4.2813460000000001e-03	
   6.1773699999999997e-03	
   2.9867480000000000e-03	
  -1.0193680000000001e-05	
  -3.8022429999999999e-03	
  -4.1182470000000002e-03	
  -1.5596329999999999e-03	
   1.0193680000000001e-05	
   5.1274210000000001e-03	
   5.2599389999999999e-03	
   4.2303769999999996e-03	
  -2.0387360000000002e-03	
  -5.0254840000000002e-03	
  -7.8083590000000000e-03	
  -6.4220179999999998e-03	
  -6.0856269999999997e-03	
  -5.5249749999999997e-03	
  -3.8735979999999998e-03	
  -3.6085630000000000e-03	
  -5.5045870000000000e-03	
  -8.0835879999999992e-03	
  -9.8470950000000002e-03	
  -1.0489300000000000e-02	
  -1.1335370000000001e-02	
  -8.8583080000000005e-03	
  -8.0428129999999994e-03	
  -6.5749240000000002e-03	
  -6.8909280000000002e-03	
  -7.6248729999999999e-03	
  -7.9816509999999993e-03	
  -7.0948010000000004e-03	
  -7.0030580000000004e-03	
  -5.8307849999999998e-03	
  -4.6992859999999996e-03	
  -5.4740060000000000e-03	
  -6.7686029999999998e-03	
  -6.6870539999999996e-03	
  -5.4128440000000000e-03	
  -3.2823650000000002e-03	
  -1.5800199999999999e-03	
  -9.7859329999999993e-04	
  -2.2833839999999998e-03	
  -7.5637100000000004e-03	
  -8.6238530000000008e-03	
  -7.1661570000000003e-03	
  -7.6146790000000001e-03	
  -6.8195720000000003e-03	
  -8.2568810000000006e-03	
  -4.0366969999999997e-03	
  -2.5891949999999999e-03	
  -2.2528029999999998e-03	
  -1.5290519999999999e-04	
  -3.7716619999999997e-04	
   1.3251779999999999e-04	
   7.0336390000000002e-04	
   1.2232420000000000e-04	
   4.9949030000000000e-04	
  -2.1814479999999999e-03	
  -1.3455660000000001e-03	
  -2.7217130000000002e-03	
  -4.2915389999999996e-03	
  -6.5749240000000002e-03	
  -6.3812440000000003e-03	
  -4.6585120000000001e-03	
  -4.5259940000000002e-03	
  -1.9367989999999999e-03	
   5.1987769999999999e-04	
   5.1580020000000001e-03	
   6.6156979999999997e-03	
   8.3180430000000007e-03	
   4.7706420000000003e-03	
   1.9775740000000002e-03	
  -4.8216110000000000e-03	
  -9.5310910000000002e-03	
  -1.3761470000000000e-02	
  -1.2895010000000000e-02	
  -1.3027520000000001e-02	
  -1.1365950000000000e-02	
  -1.0356779999999999e-02	
  -7.8899079999999993e-03	
  -4.8623850000000003e-03	
  -3.9041789999999998e-03	
   1.3761470000000001e-03	
   5.9123340000000000e-03	
   9.3068300000000003e-03	
   8.5524969999999992e-03	
   1.0632010000000001e-02	
   1.3516820000000001e-02	
   1.7125379999999999e-02	
   1.7431189999999999e-02	
   1.5392460000000000e-02	
   1.8144750000000001e-02	
   1.6941899999999999e-02	
   1.5107030000000000e-02	
   1.4199800000000000e-02	
   1.2150869999999999e-02	
   1.3037719999999999e-02	
   1.0091740000000000e-02	
   7.1559630000000004e-03	
   6.5341490000000004e-03	
   6.2996939999999998e-03	
   4.9541280000000004e-03	
   5.1885830000000001e-03	
   6.2691129999999998e-03	
   1.0275230000000000e-02	
   1.4566770000000000e-02	
   1.7553520000000000e-02	
   1.7757390000000001e-02	
   1.5158000000000000e-02	
   1.0499490000000000e-02	
   8.3893990000000005e-03	
   5.5045870000000000e-03	
   8.0326200000000007e-03	
   1.1294600000000000e-02	
   1.3537209999999999e-02	
   1.4729870000000001e-02	
   1.5871560000000000e-02	
   1.6625890000000001e-02	
   1.2803260000000000e-02	
   1.1039759999999999e-02	
   8.9092760000000007e-03	
   6.2181449999999996e-03	
   3.4046889999999998e-03	
   1.2436290000000000e-03	
   2.0693170000000002e-03	
   2.4872580000000000e-03	
   3.0071360000000001e-03	
   2.9357799999999998e-03	
   4.9031600000000002e-03	
   4.0265040000000002e-03	
   6.7584100000000003e-03	
   8.7563710000000006e-03	
   7.3598370000000001e-03	
   3.6595310000000002e-03	
   1.0703360000000001e-03	
  -1.8348620000000000e-04	
  -6.0142710000000001e-04	
   1.0601429999999999e-03	
   2.4770640000000002e-03	
   3.6085630000000000e-03	
   6.8297659999999995e-04	
  -2.4260960000000000e-03	
  -5.3312949999999998e-03	
  -4.1997960000000004e-03	
  -1.5494389999999999e-03	
   6.2181450000000000e-04	
  -4.2813459999999998e-04	
  -9.4801219999999999e-04	
  -2.9153920000000002e-03	
  -3.1294600000000001e-03	
  -5.4230379999999998e-03	
  -8.9806320000000005e-03	
  -1.2660550000000000e-02	
  -1.3955149999999999e-02	
  -1.5739039999999999e-02	
  -1.7706420000000000e-02	
  -1.9480120000000000e-02	
  -2.1090720000000000e-02	
  -2.1529050000000001e-02	
  -2.3027519999999999e-02	
  -2.1100919999999999e-02	
  -1.9031599999999999e-02	
  -1.9724769999999999e-02	
  -1.8124359999999999e-02	
  -1.6218139999999999e-02	
  -1.6503569999999999e-02	
  -2.0040769999999999e-02	
  -2.2069320000000000e-02	
  -1.8929660000000001e-02	
  -1.7074410000000002e-02	
  -1.4159020000000000e-02	
  -1.2966360000000000e-02	
  -1.1569830000000000e-02	
  -1.1559630000000000e-02	
  -1.5524970000000001e-02	
  -1.8572880000000000e-02	
  -1.8450560000000001e-02	
  -1.9143730000000001e-02	
  -2.4729870000000001e-02	
  -2.6687050000000000e-02	
  -2.7767580000000000e-02	
  -2.2446480000000001e-02	
  -1.5443429999999999e-02	
  -1.0509680000000000e-02	
  -8.0835879999999992e-03	
  -5.1885830000000001e-03	
  -3.5270129999999998e-03	
   2.1406729999999999e-04	
   1.3251779999999999e-04	
  -1.8858309999999999e-03	
   2.2629970000000001e-03	
   4.0366969999999997e-03	
   9.0316000000000007e-03	
   1.3180430000000000e-02	
   2.0152910000000000e-02	
   1.9612640000000001e-02	
   1.7747200000000001e-02	
   1.4719670000000001e-02	
   1.4627930000000001e-02	
   1.4811420000000000e-02	
   1.5514780000000001e-02	
   1.6320080000000001e-02	
   1.2507650000000000e-02	
   1.1182470000000000e-02	
   1.2181450000000000e-02	
   1.1202850000000000e-02	
   1.1233440000000001e-02	
   7.1865439999999996e-03	
   7.0438330000000002e-03	
   8.6136600000000004e-03	
   1.0387360000000000e-02	
   7.1865439999999996e-03	
   2.1304789999999998e-03	
   7.2375130000000001e-04	
   3.6085630000000000e-03	
   7.9001020000000009e-03	
   1.0275230000000000e-02	
   1.3904180000000000e-02	
   1.3588180000000000e-02	
   7.6452600000000001e-03	
   3.1396530000000001e-03	
   2.4974519999999998e-03	
   1.9775740000000002e-03	
   2.5178390000000000e-03	
   2.8746179999999998e-03	
   6.5545359999999997e-03	
   5.3924569999999998e-03	
   2.4057079999999999e-03	
   3.3639140000000000e-03	
   4.5667690000000000e-03	
   7.2477059999999996e-03	
   9.5310910000000002e-03	
   1.0540269999999999e-02	
   9.3476040000000007e-03	
   1.1151889999999999e-02	
   1.4709480000000000e-02	
   1.6554540000000000e-02	
   1.5280330000000000e-02	
   1.7115189999999999e-02	
   1.7533130000000001e-02	
   1.8002040000000000e-02	
   2.1355760000000001e-02	
   2.7400609999999999e-02	
   2.7329260000000001e-02	
   2.4454640000000000e-02	
   1.8919470000000001e-02	
   1.4668710000000000e-02	
   7.7471969999999999e-03	
   2.8236490000000001e-03	
  -1.2232420000000000e-03	
  -5.0764529999999999e-03	
  -3.4352699999999998e-03	
  -2.1304789999999998e-03	
   3.9857290000000004e-03	
   3.8226300000000000e-03	
   2.2222219999999998e-03	
  -6.9317019999999997e-04	
  -4.3425080000000001e-03	
  -8.4097860000000007e-03	
  -7.5840980000000001e-03	
  -5.1376149999999999e-03	
  -5.3414880000000001e-03	
  -5.6676859999999999e-03	
  -3.0581039999999999e-03	
   1.5596329999999999e-03	
   3.1498469999999999e-03	
   3.4556570000000000e-03	
   2.7522940000000002e-03	
   9.5820590000000004e-04	
  -2.1508660000000000e-03	
  -8.2976549999999993e-03	
  -8.5015290000000007e-03	
  -1.0754329999999999e-02	
  -1.0142709999999999e-02	
  -7.6554539999999999e-03	
  -1.0061160000000000e-02	
  -1.3751269999999999e-02	
  -1.3557590000000000e-02	
  -7.2782869999999996e-03	
  -8.5728850000000006e-03	
  -9.6738020000000004e-03	
  -1.0886850000000000e-02	
  -1.2497450000000000e-02	
  -1.5433229999999999e-02	
  -1.5840980000000001e-02	
  -1.5035679999999999e-02	
  -1.6391440000000000e-02	
  -1.8277270000000002e-02	
  -1.8521920000000001e-02	
  -1.8399590000000000e-02	
  -1.9663610000000002e-02	
  -1.9571870000000002e-02	
  -2.2487259999999998e-02	
  -2.8175329999999998e-02	
  -3.4434250000000000e-02	
  -3.6116210000000003e-02	
  -3.5443429999999998e-02	
  -3.4434250000000000e-02	
  -3.2222220000000003e-02	
  -3.0988789999999999e-02	
  -2.8348620000000001e-02	
  -2.8042810000000001e-02	
  -2.3088689999999999e-02	
  -1.8623850000000001e-02	
  -1.5555560000000000e-02	
  -1.3068300000000000e-02	
  -1.1111110000000000e-02	
  -7.3292560000000001e-03	
  -6.5239549999999997e-03	
  -2.8848110000000001e-03	
   1.3047910000000000e-03	
   3.7410809999999998e-03	
   7.1151890000000001e-03	
   9.5310910000000002e-03	
   1.0866460000000000e-02	
   1.0642199999999999e-02	
   6.7074409999999998e-03	
   6.1875640000000004e-03	
   8.0530069999999992e-03	
   1.1926610000000001e-02	
   1.2324160000000001e-02	
   1.1294600000000000e-02	
   1.1406730000000000e-02	
   1.1885830000000000e-02	
   1.6727829999999999e-02	
   1.6870540000000000e-02	
   1.6452600000000001e-02	
   1.2742099999999999e-02	
   1.2415900000000001e-02	
   9.2252800000000006e-03	
   6.2385319999999998e-03	
   7.1763510000000001e-03	
   8.4097860000000007e-03	
   8.5830779999999992e-03	
   7.5739040000000002e-03	
   6.9113150000000003e-03	
   5.2599389999999999e-03	
   3.8328239999999999e-03	
   5.1681959999999999e-03	
   6.6666670000000003e-03	
   6.6462789999999997e-03	
   7.9816509999999993e-03	
   9.4801220000000005e-03	
   1.2762490000000000e-02	
   1.2803260000000000e-02	
   1.3486240000000000e-02	
   1.2803260000000000e-02	
   1.3261980000000000e-02	
   1.2517840000000001e-02	
   1.4546379999999999e-02	
   1.6177370000000000e-02	
   1.6503569999999999e-02	
   1.3690110000000000e-02	
   9.6534150000000003e-03	
   6.7074409999999998e-03	
   4.2099900000000003e-03	
   4.2099900000000003e-03	
   5.7288479999999999e-03	
   8.0937820000000008e-03	
   1.0856269999999999e-02	
   1.3577980000000000e-02	
   1.4913350000000001e-02	
   1.5555560000000000e-02	
   1.6014270000000001e-02	
   1.5066260000000000e-02	
   9.9286440000000004e-03	
   7.6656470000000003e-03	
   4.3832819999999996e-03	
   2.6503569999999999e-03	
   1.6309890000000000e-03	
   3.1396530000000001e-03	
   5.8205910000000000e-03	
   3.6187559999999999e-03	
   2.4260960000000000e-03	
  -4.3425080000000001e-03	
  -6.2283379999999999e-03	
  -9.7247710000000001e-03	
  -5.4128440000000000e-03	
  -3.2212030000000002e-03	
  -1.0805299999999999e-03	
  -4.2813459999999998e-04	
  -4.2813459999999998e-04	
  -1.7533130000000001e-03	
  -8.5117230000000006e-03	
  -1.2905200000000000e-02	
  -1.6106010000000000e-02	
  -1.6014270000000001e-02	
  -1.6656470000000000e-02	
  -1.6309890000000000e-02	
  -1.6880730000000000e-02	
  -1.6075430000000002e-02	
  -1.5902139999999999e-02	
  -1.5932720000000001e-02	
  -1.6187560000000000e-02	
  -1.6371050000000002e-02	
  -1.4597350000000000e-02	
  -1.6931700000000001e-02	
  -1.8899079999999999e-02	
  -2.1600410000000000e-02	
  -2.2415899999999999e-02	
  -2.2120290000000001e-02	
  -2.1845059999999999e-02	
  -2.1039760000000001e-02	
  -2.1926609999999999e-02	
  -2.0907240000000001e-02	
  -2.0295620000000000e-02	
  -2.1386340000000000e-02	
  -2.0499489999999999e-02	
  -1.1070340000000000e-02	
   6.0142710000000001e-04	
   8.5932720000000008e-03	
   1.2711520000000000e-02	
   1.3832819999999999e-02	
   1.2364930000000000e-02	
   9.4189600000000005e-03	
   7.7981650000000001e-03	
   8.3588180000000005e-03	
   7.6044850000000002e-03	
   7.0438330000000002e-03	
   7.4209990000000002e-03	
   9.9592250000000004e-03	
   1.2660550000000000e-02	
   1.5137609999999999e-02	
   1.4475030000000000e-02	
   1.2436289999999999e-02	
   9.9592250000000004e-03	
   7.0030580000000004e-03	
   4.1590209999999997e-03	
   3.8634049999999999e-03	
   7.3496430000000003e-03	
   1.0713560000000000e-02	
   1.0540269999999999e-02	
   1.0050969999999999e-02	
   1.0163100000000000e-02	
   7.0846080000000001e-03	
   6.4322119999999997e-03	
   7.8899079999999993e-03	
   9.7757390000000003e-03	
   6.6564730000000004e-03	
   1.1620800000000000e-03	
   1.3047910000000000e-03	
   4.4138629999999996e-03	
   6.9520900000000002e-03	
   7.2273190000000003e-03	
   7.0744140000000002e-03	
   4.4546380000000003e-03	
   1.6207950000000000e-03	
   9.2762490000000003e-04	
   1.8042810000000000e-03	
   3.4556570000000000e-03	
   3.1294600000000001e-03	
   3.3129460000000002e-03	
   1.4576960000000001e-03	
   7.9510699999999998e-04	
   2.7319060000000001e-03	
   5.6371049999999999e-03	
   1.1488280000000000e-02	
   1.5677880000000002e-02	
   1.6472990000000000e-02	
   1.0805300000000000e-02	
   4.0570850000000002e-03	
  -9.3781859999999997e-04	
  -1.2945970000000000e-03	
  -2.2833839999999998e-03	
  -1.5290519999999999e-03	
   3.3843020000000001e-03	
   7.1151890000000001e-03	
   1.0744139999999999e-02	
   1.2018350000000001e-02	
   1.3761470000000000e-02	
   8.7563710000000006e-03	
   1.6207950000000000e-03	
  -1.7737000000000000e-03	
  -4.9847090000000004e-03	
  -5.7594289999999999e-03	
  -6.0754329999999999e-03	
  -5.2293579999999999e-03	
  -3.3435269999999998e-03	
  -1.7737000000000000e-03	
  -1.5698270000000000e-03	
  -2.2935780000000001e-03	
  -1.4169219999999999e-03	
   2.7522940000000002e-04	
  -1.2742100000000000e-03	
  -4.6992859999999996e-03	
  -6.7380219999999998e-03	
  -6.5443430000000002e-03	
  -8.6850150000000008e-03	
  -8.5117230000000006e-03	
  -8.8379200000000008e-03	
  -5.9836899999999998e-03	
  -3.3129460000000002e-03	
  -2.7828750000000002e-03	
  -3.2517840000000002e-03	
  -2.1712540000000001e-03	
  -9.0723750000000004e-04	
  -1.8042810000000000e-03	
  -1.6717640000000001e-03	
  -3.2823650000000002e-03	
  -4.4750249999999997e-03	
  -6.8297660000000001e-03	
  -8.1141689999999992e-03	
  -8.8379200000000008e-03	
  -9.3272170000000005e-03	
  -1.3435269999999999e-02	
  -1.5769620000000002e-02	
  -1.5790010000000000e-02	
  -1.2803260000000000e-02	
  -1.1243629999999999e-02	
  -1.1467890000000000e-02	
  -9.1539250000000003e-03	
  -6.8297660000000001e-03	
  -4.4954130000000002e-03	
  -6.0754329999999999e-03	
  -7.7471969999999999e-03	
  -1.0030580000000001e-02	
  -1.0621810000000001e-02	
  -7.9102960000000007e-03	
  -1.0550459999999999e-02	
  -8.5321100000000007e-03	
  -3.2823650000000002e-03	
   2.7930680000000001e-03	
   6.0040770000000000e-03	
   3.4046889999999998e-03	
   7.0336390000000002e-04	
  -2.5178390000000000e-03	
  -2.8644240000000000e-03	
   4.1794089999999998e-04	
   4.2813459999999998e-04	
   1.3557590000000000e-03	
   3.3537210000000000e-03	
   6.5545359999999997e-03	
   8.0733939999999994e-03	
   1.1141689999999999e-02	
   1.3781860000000000e-02	
   1.3914370000000001e-02	
   1.2344549999999999e-02	
   9.2150870000000003e-03	
   7.0030580000000004e-03	
   8.0835879999999992e-03	
   9.6024460000000006e-03	
   1.3537209999999999e-02	
   1.4760450000000000e-02	
   1.3598370000000000e-02	
   1.3414880000000001e-02	
   1.2222220000000001e-02	
   1.2130480000000001e-02	
   1.1590210000000000e-02	
   7.5331290000000004e-03	
   4.3527009999999996e-03	
   2.2324160000000001e-03	
   6.1264020000000004e-03	
   7.8899079999999993e-03	
   8.3384300000000008e-03	
   1.0397550000000000e-02	
   1.2793070000000000e-02	
   1.4709480000000000e-02	
   1.1580020000000000e-02	
   1.0214070000000000e-02	
   9.8063200000000003e-03	
   8.8379200000000008e-03	
   8.2874620000000006e-03	
   1.0540269999999999e-02	
   1.4464830000000000e-02	
   1.5993879999999999e-02	
   1.7104990000000000e-02	
   1.8165140000000000e-02	
   1.8195719999999999e-02	
   1.3190620000000000e-02	
   9.5922530000000002e-03	
   3.4352699999999998e-03	
   1.1314980000000001e-03	
  -2.0081550000000002e-03	
  -3.7410809999999998e-03	
  -5.2293579999999999e-03	
  -5.3414880000000001e-03	
  -3.6391440000000000e-03	
  -3.1804279999999999e-03	
  -6.7278290000000001e-04	
   1.2436290000000000e-03	
   2.2222219999999998e-03	
   8.9704379999999998e-04	
  -2.1304789999999998e-03	
  -1.1824670000000000e-03	
  -5.1987769999999999e-03	
  -1.0377170000000000e-02	
  -1.2711520000000000e-02	
  -9.4903160000000004e-03	
  -7.1253820000000004e-03	
  -7.6962280000000003e-03	
  -7.8593269999999993e-03	
  -8.8990830000000003e-03	
  -9.1029560000000006e-03	
  -1.1437309999999999e-02	
  -1.0591230000000000e-02	
  -1.1875640000000000e-02	
  -1.2059120000000000e-02	
  -1.1264020000000000e-02	
  -9.1029560000000006e-03	
  -8.3486240000000007e-03	
  -9.4597350000000004e-03	
  -1.0020390000000001e-02	
  -1.0805300000000000e-02	
  -1.2212030000000000e-02	
  -1.0244649999999999e-02	
  -7.7268090000000003e-03	
  -4.1080530000000004e-03	
  -4.4852190000000004e-03	
  -4.1896019999999997e-03	
  -4.5871559999999999e-04	
   1.6615700000000000e-03	
  -7.9510699999999998e-04	
   2.0081550000000002e-03	
   3.6085630000000000e-03	
  -4.3832820000000000e-04	
  -3.8328239999999999e-03	
  -4.5667690000000000e-03	
  -4.0061159999999997e-03	
  -4.8012230000000003e-03	
  -4.6177370000000002e-03	
  -2.5178390000000000e-03	
   6.6258919999999995e-04	
   2.0387360000000002e-03	
   4.8012230000000003e-03	
   3.0682980000000001e-03	
  -2.7522940000000002e-04	
  -2.9459730000000002e-03	
  -4.3934760000000003e-03	
  -3.4964319999999998e-03	
  -4.6992859999999996e-03	
  -3.9653409999999998e-03	
  -6.7176349999999996e-03	
  -5.1580020000000001e-03	
  -2.9663609999999998e-03	
   4.9745160000000000e-03	
   5.8002039999999998e-03	
   6.1875640000000004e-03	
   6.2793069999999996e-03	
   5.7696229999999998e-03	
   6.1365949999999999e-03	
   5.9836899999999998e-03	
   5.9633029999999997e-03	
   5.0458719999999999e-03	
   3.6595310000000002e-03	
   1.6513760000000000e-03	
   3.1090720000000001e-03	
   3.0988790000000001e-03	
   5.4332310000000002e-03	
   5.7900099999999999e-03	
   8.1753309999999992e-03	
   1.1763510000000000e-02	
   1.5005100000000000e-02	
   1.5259940000000000e-02	
   1.7563710000000000e-02	
   1.8226300000000001e-02	
   1.9765550000000000e-02	
   1.9714579999999999e-02	
   1.7033639999999999e-02	
   1.4994900000000000e-02	
   1.3078490000000000e-02	
   1.4189600000000000e-02	
   1.5178390000000000e-02	
   1.8063200000000001e-02	
   1.8807339999999999e-02	
   1.6615700000000001e-02	
   1.2048929999999999e-02	
   8.4913349999999992e-03	
   6.5239549999999997e-03	
   5.0866460000000002e-03	
   1.8450560000000001e-03	
   7.8491339999999996e-04	
   3.3639139999999999e-04	
   3.8532110000000000e-03	
   2.7828750000000002e-03	
   7.6044850000000002e-03	
   9.0112130000000006e-03	
   1.0550459999999999e-02	
   4.3934760000000003e-03	
  -1.3557590000000000e-03	
  -5.0356780000000000e-03	
  -7.9102960000000007e-03	
  -4.9949030000000002e-03	
  -5.7084609999999997e-03	
  -3.2110089999999999e-03	
  -2.7726809999999999e-03	
   6.5239550000000001e-04	
   2.5993879999999998e-03	
   4.9133540000000000e-03	
   1.6513760000000000e-03	
  -3.2212030000000002e-03	
  -7.9306829999999991e-03	
  -6.1875640000000004e-03	
  -6.0448519999999999e-03	
  -7.3598370000000001e-03	
  -1.0346589999999999e-02	
  -9.8572880000000005e-03	
  -7.4108050000000003e-03	
  -6.2996939999999998e-03	
  -6.4322119999999997e-03	
  -9.0214070000000004e-03	
  -4.4240570000000003e-03	
  -5.8919469999999998e-03	
  -1.0968400000000000e-02	
  -1.7889909999999998e-02	
  -2.5066260000000000e-02	
  -3.0652400000000000e-02	
  -3.5433230000000003e-02	
  -3.8195720000000002e-02	
  -3.6136599999999998e-02	
  -3.5983689999999999e-02	
  -3.7084609999999997e-02	
  -3.4811420000000003e-02	
  -3.1987769999999999e-02	
  -3.6585119999999999e-02	
  -3.4719670000000001e-02	
  -3.8144749999999998e-02	
  -3.5056070000000002e-02	
  -3.7186539999999997e-02	
  -3.4770639999999998e-02	
  -3.2232419999999998e-02	
  -3.3272169999999997e-02	
  -2.9653410000000002e-02	
  -2.5871559999999998e-02	
  -1.9082570000000000e-02	
  -1.7604490000000000e-02	
  -1.3649339999999999e-02	
  -1.4485220000000000e-02	
  -8.9398570000000007e-03	
  -4.2405710000000003e-03	
   5.7594289999999999e-03	
   9.3272170000000005e-03	
   8.2263000000000006e-03	
   3.6187559999999999e-03	
   9.3781859999999997e-04	
  -6.0142710000000001e-04	
   2.4057079999999999e-03	
   3.9245670000000003e-03	
  -2.6707440000000001e-03	
  -6.3200820000000003e-03	
  -4.0061159999999997e-03	
   2.7115189999999999e-03	
   9.8776760000000002e-03	
   1.4434249999999999e-02	
   1.7206929999999999e-02	
   1.4046889999999999e-02	
   1.2446479999999999e-02	
   1.0866460000000000e-02	
   9.5922530000000002e-03	
   5.6269110000000001e-03	
   6.8195720000000003e-03	
   7.8389400000000008e-03	
   5.0560650000000002e-03	
   4.2507650000000001e-03	
   4.4240570000000003e-03	
   3.9857290000000004e-03	
   1.4271149999999999e-04	
   3.0071360000000001e-03	
   6.5545359999999997e-03	
   6.7787969999999996e-03	
   5.9531089999999998e-03	
   7.1967380000000003e-03	
   1.1467890000000000e-02	
   1.0479100000000000e-02	
   1.0214070000000000e-02	
   1.0295620000000000e-02	
   1.2599390000000000e-02	
   1.1967380000000000e-02	
   1.2099900000000000e-02	
   1.5412840000000001e-02	
   2.1325179999999999e-02	
   2.0458720000000000e-02	
   2.2140670000000001e-02	
   2.4964320000000002e-02	
   2.8022430000000001e-02	
   2.8746180000000000e-02	
   2.6819570000000001e-02	
   2.8593270000000000e-02	
   2.8042810000000001e-02	
   2.1182469999999998e-02	
   1.4841999999999999e-02	
   1.5484200000000000e-02	
   1.5443429999999999e-02	
   1.9031599999999999e-02	
   2.3292560000000000e-02	
   2.5606520000000001e-02	
   2.3425080000000001e-02	
   2.4740060000000001e-02	
   2.4097859999999999e-02	
   2.4373090000000000e-02	
   2.1009170000000001e-02	
   1.7940879999999999e-02	
   1.4393480000000000e-02	
   2.3649340000000000e-03	
  -1.1009170000000001e-03	
  -3.4658509999999998e-03	
  -1.2945970000000000e-03	
  -5.9123339999999996e-04	
   3.3537210000000000e-03	
   1.6207950000000000e-03	
  -1.6106009999999999e-03	
  -3.5066260000000001e-03	
  -7.0336390000000002e-04	
  -6.4220179999999996e-04	
  -4.9031600000000002e-03	
  -1.0886850000000000e-02	
  -7.8287459999999993e-03	
  -3.8430169999999998e-03	
   1.1926610000000000e-03	
   3.7003060000000000e-03	
   6.8909280000000002e-03	
   5.5657490000000000e-03	
   1.1111109999999999e-03	
  -2.2222219999999998e-03	
  -3.4352699999999998e-03	
  -5.5861369999999997e-03	
  -5.8613659999999998e-03	
  -7.3190620000000003e-03	
  -6.5953110000000004e-03	
  -4.5056070000000000e-03	
  -1.3863400000000000e-03	
  -2.9255860000000000e-03	
  -8.4097860000000007e-03	
  -1.1365950000000000e-02	
  -1.4566770000000000e-02	
  -1.5840980000000001e-02	
  -1.8817529999999999e-02	
  -1.6065240000000001e-02	
  -1.5076450000000000e-02	
  -1.4311930000000000e-02	
  -1.4301730000000000e-02	
  -1.2793070000000000e-02	
  -1.1855249999999999e-02	
  -1.3792050000000000e-02	
  -1.3058100000000000e-02	
  -1.0193680000000000e-02	
  -8.8175330000000007e-03	
  -1.0173290000000000e-02	
  -1.0224260000000001e-02	
  -9.6738020000000004e-03	
  -1.0856269999999999e-02	
  -1.0764530000000000e-02	
  -9.5107030000000006e-03	
  -9.3170230000000007e-03	
  -1.0519880000000001e-02	
  -1.0550459999999999e-02	
  -1.4525990000000001e-02	
  -1.2008150000000000e-02	
  -1.1498470000000000e-02	
  -9.7859330000000001e-03	
  -6.2079509999999997e-03	
  -6.8705399999999996e-03	
  -2.9255860000000000e-03	
  -6.8297659999999995e-04	
   1.7023450000000001e-03	
   1.7635070000000001e-03	
   4.7706420000000003e-03	
   5.3414880000000001e-03	
   4.9541280000000004e-03	
   1.7940880000000001e-03	
  -4.4444439999999997e-03	
  -9.0214070000000004e-03	
  -1.4189600000000000e-02	
  -1.4291540000000000e-02	
  -1.5708460000000000e-02	
  -1.0366970000000000e-02	
  -8.2059119999999992e-03	
   1.7838940000000001e-03	
   5.0254840000000002e-03	
   9.1437310000000004e-03	
   8.1753309999999992e-03	
   6.8093779999999996e-03	
   5.0356780000000000e-03	
   5.1172270000000002e-03	
   9.7553520000000001e-03	
   9.6941900000000001e-03	
   1.5861370000000000e-02	
   1.5565750000000000e-02	
   1.6952090000000000e-02	
   1.6289499999999998e-02	
   1.6187560000000000e-02	
   1.4444439999999999e-02	
   1.1794090000000000e-02	
   7.6146790000000001e-03	
   6.3302749999999998e-03	
   6.6564730000000004e-03	
   5.9734960000000000e-03	
   7.6656470000000003e-03	
   8.3588180000000005e-03	
   7.1763510000000001e-03	
   5.8511720000000000e-03	
   5.4128440000000000e-03	
   6.1467889999999997e-03	
   2.3751269999999999e-03	
   1.8654430000000000e-03	
   1.4475029999999999e-03	
   2.4260960000000000e-03	
   1.4271150000000001e-03	
   2.0387360000000002e-03	
   2.7115189999999999e-03	
   3.6595310000000002e-03	
   5.8103980000000005e-04	
  -7.2375130000000001e-04	
   1.0295619999999999e-03	
   3.9755349999999997e-03	
   7.2171249999999996e-03	
   4.4138629999999996e-03	
   2.7013250000000001e-03	
  -2.9561670000000000e-03	
  -5.4332310000000002e-03	
  -7.5535170000000000e-03	
  -4.3221199999999996e-03	
  -2.0591229999999999e-03	
  -1.7023450000000001e-03	
  -2.2018350000000001e-03	
  -3.0886849999999999e-03	
  -3.9959230000000002e-03	
  -4.9031600000000002e-03	
  -2.0591229999999999e-03	
  -1.0805299999999999e-03	
   1.2538230000000000e-03	
  -8.3588179999999996e-04	
  -4.6890929999999999e-04	
  -2.8950050000000000e-03	
  -2.2629970000000001e-03	
  -3.3944950000000000e-03	
  -2.6911309999999998e-03	
  -4.3323140000000003e-03	
  -6.9215090000000002e-03	
  -5.7084609999999997e-03	
  -7.7064220000000001e-03	
  -7.9816509999999993e-03	
  -8.2263000000000006e-03	
  -5.4128440000000000e-03	
  -7.1763510000000001e-03	
  -6.4933739999999997e-03	
  -6.9418960000000004e-03	
  -8.3486240000000007e-03	
  -9.9184510000000000e-03	
  -1.0886850000000000e-02	
  -7.7471969999999999e-03	
  -8.5321100000000007e-03	
  -8.9602450000000004e-03	
  -1.1651379999999999e-02	
  -1.3139649999999999e-02	
  -1.7757390000000001e-02	
  -1.8613660000000001e-02	
  -1.5555560000000000e-02	
  -1.2874620000000000e-02	
  -1.1732930000000001e-02	
  -1.2099900000000000e-02	
  -8.6136600000000004e-03	
  -6.0856269999999997e-03	
  -3.2313970000000000e-03	
  -1.9979609999999999e-03	
  -1.4475029999999999e-03	
  -5.9531089999999998e-03	
  -7.5739040000000002e-03	
  -8.2466870000000008e-03	
  -9.8674820000000003e-03	
  -5.1681959999999999e-03	
  -5.8511720000000000e-03	
  -2.4668709999999998e-03	
  -7.4209990000000002e-03	
  -8.1345570000000006e-03	
  -1.0326200000000001e-02	
  -7.5535170000000000e-03	
  -4.7910299999999999e-03	
  -7.2375130000000001e-04	
   3.6799179999999999e-03	
   7.3292560000000001e-03	
   1.0356779999999999e-02	
   6.6870539999999996e-03	
   6.9418960000000004e-03	
   6.7889910000000003e-03	
   7.4821610000000002e-03	
   6.3404689999999996e-03	
   4.4342510000000002e-03	
   3.1600410000000002e-03	
   2.8134560000000002e-03	
   3.8124360000000002e-03	
   8.1039760000000006e-03	
   9.8369010000000003e-03	
   9.5820590000000004e-03	
   6.7278290000000003e-03	
   7.6044850000000002e-03	
   6.9724770000000004e-03	
   8.2364929999999992e-03	
   9.4189600000000005e-03	
   4.9439350000000000e-03	
   2.3445459999999999e-03	
   1.9469929999999999e-03	
   2.2426100000000001e-04	
  -2.8032619999999999e-03	
  -5.9633029999999997e-03	
  -8.1549440000000008e-03	
  -6.0346590000000004e-03	
  -1.7023450000000001e-03	
   5.5045870000000000e-04	
   4.1080530000000004e-03	
   6.1060139999999999e-03	
   3.3027519999999999e-03	
   1.7023450000000001e-03	
   1.6717640000000001e-03	
   3.5372070000000001e-03	
   2.3343529999999999e-03	
   2.6707440000000001e-03	
   7.9612639999999991e-03	
   1.6901119999999999e-02	
   2.2405709999999999e-02	
   2.3119270000000001e-02	
   2.0417939999999999e-02	
   1.7227320000000001e-02	
   1.5545359999999999e-02	
   1.3690110000000000e-02	
   1.3404690000000000e-02	
   1.2079510000000000e-02	
   9.3272170000000005e-03	
   7.7471969999999999e-03	
   7.1253820000000004e-03	
   8.9806320000000005e-03	
   1.2945969999999999e-02	
   1.2905200000000000e-02	
   1.2283380000000000e-02	
   1.4495410000000000e-02	
   1.9337409999999999e-02	
   1.8735979999999999e-02	
   1.5667690000000001e-02	
   1.2069320000000000e-02	
   1.0377170000000000e-02	
   1.1396530000000000e-02	
   1.5443429999999999e-02	
   1.7818549999999999e-02	
   1.3384300000000000e-02	
   4.7808360000000001e-03	
  -3.2619780000000002e-04	
  -5.5045870000000000e-04	
  -1.1722729999999999e-03	
   1.8144750000000001e-03	
   1.7533130000000001e-03	
   3.2619780000000000e-03	
   7.4108050000000003e-03	
   8.8990830000000003e-03	
   4.9031600000000002e-03	
   1.3863400000000000e-03	
   1.2538230000000000e-03	
   2.1814479999999999e-03	
   1.2436290000000000e-03	
  -1.7838940000000001e-03	
  -3.1600410000000003e-04	
   7.6452599999999996e-04	
   1.9062180000000001e-03	
   1.6207950000000000e-03	
   6.2181450000000000e-04	
  -6.2181450000000000e-04	
  -1.7329260000000001e-03	
   5.4026499999999995e-04	
   1.9775740000000002e-03	
   4.3832819999999996e-03	
   7.4821610000000002e-03	
   8.5524969999999992e-03	
   5.9021409999999996e-03	
   3.1192659999999999e-03	
   5.0968399999999998e-05	
  -8.2568810000000002e-04	
  -1.5800199999999999e-03	
  -2.4260960000000000e-03	
  -3.6901120000000002e-03	
  -3.6799179999999999e-03	
  -9.7859329999999993e-04	
   1.4271149999999999e-04	
   2.7624870000000001e-03	
   2.3241590000000001e-03	
   1.2538230000000000e-03	
  -1.1416919999999999e-03	
  -2.3649340000000000e-03	
  -2.2324160000000001e-03	
  -3.6493369999999999e-03	
  -4.3017330000000003e-03	
  -3.6697250000000000e-03	
  -4.9643220000000002e-03	
  -7.9918449999999992e-03	
  -8.0326200000000007e-03	
  -5.1274210000000001e-03	
  -6.5443430000000002e-03	
  -1.0122320000000001e-02	
  -1.4250759999999999e-02	
  -1.4943929999999999e-02	
  -1.6085630000000000e-02	
  -1.6044849999999999e-02	
  -1.3384300000000000e-02	
  -1.0468910000000000e-02	
  -9.1539250000000003e-03	
  -1.0489300000000000e-02	
  -1.0601430000000000e-02	
  -1.3221200000000001e-02	
  -1.3537209999999999e-02	
  -1.6625890000000001e-02	
  -1.7308870000000001e-02	
  -2.1019369999999999e-02	
  -1.9378190000000000e-02	
  -1.7808359999999999e-02	
  -1.8083590000000000e-02	
  -1.7971460000000002e-02	
  -1.9429149999999999e-02	
  -2.0591229999999999e-02	
  -2.0886849999999998e-02	
  -2.2925589999999999e-02	
  -2.2466870000000000e-02	
  -2.0030579999999999e-02	
  -1.9041789999999999e-02	
  -1.3669720000000000e-02	
  -8.8277270000000005e-03	
  -6.6258920000000004e-03	
  -8.1753309999999992e-03	
  -1.1569830000000000e-02	
  -9.9898060000000004e-03	
  -1.2273190000000000e-02	
  -1.5739039999999999e-02	
  -1.2844039999999999e-02	
  -1.0621810000000001e-02	
  -6.9215090000000002e-03	
  -1.4678899999999999e-03	
   3.3333330000000000e-03	
   5.5657490000000000e-03	
   4.6279310000000001e-03	
   3.3843020000000001e-03	
   5.1070339999999999e-03	
   5.3822630000000000e-03	
   4.4240570000000003e-03	
   3.9551480000000003e-03	
   4.9847090000000004e-03	
   5.5147809999999998e-03	
   7.1253820000000004e-03	
   6.5953110000000004e-03	
   8.3384300000000008e-03	
   7.7166159999999999e-03	
   8.3282359999999993e-03	
   1.0489300000000000e-02	
   9.7247710000000001e-03	
   9.2558610000000006e-03	
   9.7553520000000001e-03	
   1.1946989999999999e-02	
   1.1274210000000000e-02	
   9.1641180000000006e-03	
   6.4118250000000003e-03	
   5.3414880000000001e-03	
   6.0652400000000004e-03	
   7.3394500000000000e-03	
   8.8073390000000008e-03	
   8.0122319999999993e-03	
   6.9418960000000004e-03	
   3.5474009999999999e-03	
   2.3547400000000001e-03	
   5.2497450000000001e-03	
   1.2201830000000000e-02	
   1.5321100000000001e-02	
   1.4821610000000001e-02	
   1.0540269999999999e-02	
   8.5015290000000007e-03	
   5.2497450000000001e-03	
   1.9469929999999999e-03	
  -1.0805299999999999e-03	
  -3.4352699999999998e-03	
  -4.5871560000000002e-03	
  -2.8746179999999998e-03	
   8.5626910000000003e-04	
   3.5881749999999999e-03	
  -1.2844040000000001e-03	
  -1.6717640000000001e-03	
   8.0530070000000003e-04	
   1.3557590000000000e-03	
  -1.6717640000000001e-03	
  -5.1274210000000001e-03	
  -5.3924569999999998e-03	
  -7.9918449999999992e-03	
  -1.0897040000000000e-02	
  -1.2222220000000001e-02	
  -1.2915390000000001e-02	
  -1.4413860000000001e-02	
  -1.4260960000000000e-02	
  -1.2935779999999999e-02	
  -1.5657490000000000e-02	
  -1.5677880000000002e-02	
  -1.6982669999999998e-02	
  -1.8950050000000000e-02	
  -2.1763510000000000e-02	
  -2.3414879999999999e-02	
  -1.8358820000000001e-02	
  -1.4760450000000000e-02	
  -1.2252799999999999e-02	
  -8.5728850000000006e-03	
  -4.0978589999999997e-03	
  -4.1284399999999997e-03	
  -6.2283379999999999e-03	
  -1.9062180000000001e-03	
   2.5484200000000002e-04	
   4.2609579999999996e-03	
   5.2905199999999999e-03	
   1.0428130000000001e-02	
   9.9082570000000002e-03	
   1.4841999999999999e-02	
   1.5219160000000001e-02	
   1.7818549999999999e-02	
   1.4862390000000000e-02	
   1.0958209999999999e-02	
   1.1131500000000001e-02	
   8.2364929999999992e-03	
   7.8287459999999993e-03	
   6.4627929999999997e-03	
   1.1365950000000000e-02	
   1.3058100000000000e-02	
   1.7808359999999999e-02	
   2.0316000000000001e-02	
   1.9480120000000000e-02	
   1.7482160000000000e-02	
   1.5351679999999999e-02	
   1.3302750000000000e-02	
   1.0795110000000000e-02	
   7.5025480000000004e-03	
   6.5443430000000002e-03	
   5.3924569999999998e-03	
   1.9164119999999999e-03	
   1.0397550000000001e-03	
   1.1111109999999999e-03	
   4.4546380000000003e-03	
   6.3302749999999998e-03	
   1.0438329999999999e-02	
   1.2650359999999999e-02	
   1.2334349999999999e-02	
   1.2273190000000000e-02	
   1.2925590000000001e-02	
   1.0091740000000000e-02	
   9.4087670000000002e-03	
   8.9296640000000004e-03	
   1.0519880000000001e-02	
   8.5524969999999992e-03	
   8.3893990000000005e-03	
   1.2823650000000001e-02	
   1.6503569999999999e-02	
   1.8307850000000001e-02	
   1.7838940000000001e-02	
   1.7329259999999999e-02	
   1.4046889999999999e-02	
   1.1498470000000000e-02	
   9.6839960000000003e-03	
   9.0010190000000007e-03	
   6.1875640000000004e-03	
   6.5239549999999997e-03	
   5.3822630000000000e-03	
   3.9551480000000003e-03	
   2.5688070000000002e-03	
  -4.8929659999999995e-04	
   7.1355759999999996e-04	
  -3.3537210000000000e-03	
  -6.0958210000000004e-03	
  -9.6839960000000003e-03	
  -7.2782869999999996e-03	
  -7.8695210000000008e-03	
  -3.5575939999999999e-03	
  -3.9857290000000004e-03	
  -2.1202850000000000e-03	
   1.4678899999999999e-03	
   3.3231400000000000e-03	
  -5.1987769999999999e-04	
  -7.8695210000000008e-03	
  -1.3139649999999999e-02	
  -1.5076450000000000e-02	
  -1.5229360000000001e-02	
  -1.4668710000000000e-02	
  -1.2660550000000000e-02	
  -8.1345570000000006e-03	
  -2.8236490000000001e-03	
   8.3588179999999996e-04	
  -6.1162079999999995e-04	
   1.4067280000000001e-03	
   3.2415899999999999e-03	
   2.1814479999999999e-03	
  -8.8685019999999997e-04	
  -1.6106009999999999e-03	
  -2.2833839999999998e-03	
  -2.9969419999999998e-03	
  -3.0886849999999999e-03	
  -1.0703360000000001e-03	
  -3.0581039999999997e-04	
  -2.5382260000000002e-03	
  -3.1090720000000001e-03	
  -6.7074409999999998e-03	
  -6.0244649999999997e-03	
  -8.4607539999999992e-03	
  -7.8593269999999993e-03	
  -6.5851169999999997e-03	
  -7.5127420000000002e-03	
  -1.0784910000000000e-02	
  -1.3282360000000000e-02	
  -1.3027520000000001e-02	
  -1.2701330000000000e-02	
  -9.4495410000000005e-03	
  -9.6839960000000003e-03	
  -1.0000000000000000e-02	
  -1.1253819999999999e-02	
  -1.3098880000000000e-02	
  -1.7767580000000002e-02	
  -1.9653410000000000e-02	
  -2.1396530000000000e-02	
  -2.2742100000000001e-02	
  -2.5453620000000000e-02	
  -2.5453620000000000e-02	
  -2.0346590000000001e-02	
  -1.8705400000000000e-02	
  -1.5096840000000000e-02	
  -1.0224260000000001e-02	
  -3.5066260000000001e-03	
   8.4607539999999998e-04	
   2.4362899999999998e-03	
   1.6207950000000000e-03	
   4.1182470000000002e-03	
   6.5953110000000004e-03	
   7.4311930000000000e-03	
   4.8216110000000000e-03	
   4.5463810000000004e-03	
   3.2721709999999999e-03	
   4.6788990000000003e-03	
   4.7094800000000003e-03	
   6.4118250000000003e-03	
   7.6350660000000002e-03	
   1.0693170000000000e-02	
   9.8063200000000003e-03	
   7.1355760000000002e-03	
   6.0244649999999997e-03	
   6.4322119999999997e-03	
   6.2996939999999998e-03	
   5.3007139999999998e-03	
   3.8634049999999999e-03	
   2.9051989999999998e-03	
   2.9969419999999998e-03	
   3.3741079999999998e-03	
   4.8725790000000001e-03	
   6.3914369999999998e-03	
   8.9194700000000005e-03	
   1.1498470000000000e-02	
   1.2629970000000001e-02	
   1.3221200000000001e-02	
   8.1447499999999992e-03	
   3.2721709999999999e-03	
   1.0193680000000001e-05	
   1.1111109999999999e-03	
   7.0336390000000002e-04	
   4.0774719999999998e-04	
  -2.3445460000000000e-04	
   2.0693170000000002e-03	
   1.5086650000000000e-03	
   1.6513760000000000e-03	
   2.5382260000000002e-03	
   8.6646279999999997e-04	
   9.7859329999999993e-04	
   9.7859329999999993e-04	
   5.5045870000000000e-04	
  -1.7431190000000000e-03	
  -9.0417940000000006e-03	
  -1.1335370000000001e-02	
  -6.6666670000000003e-03	
  -2.8644240000000000e-03	
  -2.9663609999999998e-03	
  -4.7400610000000003e-03	
  -3.8022429999999999e-03	
  -4.3221199999999996e-03	
  -3.5270129999999998e-03	
  -3.9143729999999996e-03	
  -6.5647300000000004e-03	
  -1.0346589999999999e-02	
  -1.0458719999999999e-02	
  -7.0234449999999997e-03	
  -5.7594289999999999e-03	
  -6.8909280000000002e-03	
  -6.7380219999999998e-03	
  -2.9255860000000000e-03	
  -2.8950050000000000e-03	
  -2.8236490000000001e-03	
  -3.3027519999999999e-03	
  -2.3139649999999999e-03	
  -6.0448519999999999e-03	
  -8.9296640000000004e-03	
  -8.3690110000000009e-03	
  -7.3394500000000000e-03	
  -5.9327219999999996e-03	
  -6.6870539999999996e-03	
  -5.8307849999999998e-03	
  -4.5871560000000002e-03	
  -1.0805299999999999e-03	
   1.8756370000000001e-03	
   4.3017330000000003e-03	
   4.5667690000000000e-03	
   2.8542300000000001e-03	
   2.5484200000000000e-03	
   2.0998980000000002e-03	
   3.5677879999999998e-04	
   1.6921510000000000e-03	
   1.2640160000000000e-03	
   1.5494389999999999e-03	
   3.8837920000000001e-03	
   6.7889910000000003e-03	
   1.1875640000000000e-02	
   1.1478080000000000e-02	
   1.2701330000000000e-02	
   9.9592250000000004e-03	
   8.2976549999999993e-03	
   7.5127420000000002e-03	
   7.3292560000000001e-03	
   2.0998980000000002e-03	
  -3.3537210000000000e-03	
  -4.1488280000000002e-03	
  -5.1681959999999999e-03	
  -4.0978589999999997e-03	
  -4.1080530000000004e-03	
  -4.1896019999999997e-03	
  -1.5698270000000000e-03	
  -1.0805299999999999e-03	
  -1.7737000000000000e-03	
  -3.1702340000000001e-03	
  -5.2497450000000001e-03	
  -5.4230379999999998e-03	
  -4.0265040000000002e-03	
  -3.5168199999999999e-03	
  -5.0356780000000000e-03	
  -6.9317019999999997e-03	
  -7.0234449999999997e-03	
  -4.1997960000000004e-03	
  -3.6391440000000000e-03	
  -3.2415899999999999e-03	
  -4.6687050000000004e-03	
  -1.8654430000000000e-03	
   3.8735979999999999e-04	
   1.8552499999999999e-03	
   4.9031600000000002e-03	
   6.4525989999999998e-03	
   7.5942919999999999e-03	
   5.4536189999999998e-03	
   4.0265040000000002e-03	
  -2.7522940000000002e-04	
  -2.7013250000000001e-03	
  -6.4118250000000003e-03	
  -5.3822630000000000e-03	
  -6.1264020000000004e-03	
  -1.0142709999999999e-02	
  -9.0621810000000007e-03	
  -7.5840980000000001e-03	
  -2.7319060000000001e-03	
  -5.8307849999999998e-03	
  -6.4118250000000003e-03	
  -8.5932720000000008e-03	
  -6.3098879999999996e-03	
  -4.2711520000000003e-03	
  -3.2415899999999999e-03	
  -3.2212030000000002e-03	
  -7.2375130000000001e-03	
  -6.2487259999999996e-03	
  -6.8807340000000003e-03	
  -2.1202850000000000e-03	
   2.5993879999999998e-03	
   8.3384300000000008e-03	
   9.1946990000000006e-03	
   1.0846079999999999e-02	
   1.1090720000000000e-02	
   1.1610600000000000e-02	
   9.3781860000000002e-03	
   8.1549440000000008e-03	
   5.5453619999999999e-03	
   1.9164119999999999e-03	
   2.2426100000000001e-04	
  -1.9367990000000000e-04	
   5.9123340000000000e-03	
   7.7370030000000001e-03	
   1.0550459999999999e-02	
   1.0254839999999999e-02	
   1.3353719999999999e-02	
   1.3292560000000000e-02	
   1.3537209999999999e-02	
   1.3486240000000000e-02	
   1.3547399999999999e-02	
   1.1019370000000001e-02	
   9.9184510000000000e-03	
   9.8063200000000003e-03	
   9.1437310000000004e-03	
   8.2568810000000006e-03	
   6.3098879999999996e-03	
   5.5861369999999997e-03	
   6.7482159999999996e-03	
   8.8583080000000005e-03	
   1.1090720000000000e-02	
   1.3414880000000001e-02	
   1.4485220000000000e-02	
   1.7726809999999999e-02	
   1.9153920000000001e-02	
   1.9847090000000001e-02	
   1.8735979999999999e-02	
   1.7951070000000000e-02	
   1.6982669999999998e-02	
   1.6075430000000002e-02	
   1.5402650000000000e-02	
   1.5484200000000000e-02	
   1.6065240000000001e-02	
   1.7716619999999999e-02	
   1.5769620000000002e-02	
   1.3160040000000000e-02	
   1.0387360000000000e-02	
   6.7278290000000003e-03	
  -1.9367989999999999e-03	
   0.0000000000000000e+00	
   0.0000000000000000e+00	
   0.0000000000000000e+00	
   0.0000000000000000e+00	
