-1.48099e-05 6.98787e-08 -2.86593e-24
-2.96198e-05 1.39768e-07 -5.73229e-24
-4.44299e-05 2.09668e-07 -8.59909e-24
-5.92401e-05 2.79579e-07 -1.14663e-23
-7.40504e-05 3.495e-07 -1.4334e-23
-8.88608e-05 4.19432e-07 -1.72021e-23
-0.000103671 4.89374e-07 -2.00707e-23
-0.000118482 5.59327e-07 -2.29396e-23
-0.000133293 6.29291e-07 -2.58091e-23
-0.000148103 6.99266e-07 -2.86789e-23
-0.000148104 6.99278e-07 -2.86794e-23
-0.000148104 6.99327e-07 -2.86814e-23
-0.000148105 6.99428e-07 -2.86856e-23
-0.000148106 6.99582e-07 -2.86919e-23
-0.000148108 6.99789e-07 -2.87004e-23
-0.00014811 7.00048e-07 -2.8711e-23
-0.000148112 7.00359e-07 -2.87237e-23
-0.000148115 7.00722e-07 -2.87386e-23
-0.000148118 7.01136e-07 -2.87556e-23
-0.000148122 7.01601e-07 -2.87747e-23
-0.000148126 7.02116e-07 -2.87958e-23
-0.000148131 7.02682e-07 -2.8819e-23
-0.000148136 7.03298e-07 -2.88443e-23
-0.000148141 7.03963e-07 -2.88715e-23
-0.000148147 7.04676e-07 -2.89008e-23
-0.000148153 7.05439e-07 -2.89321e-23
-0.000148159 7.06249e-07 -2.89653e-23
-0.000148166 7.07107e-07 -2.90005e-23
-0.000148173 7.08012e-07 -2.90376e-23
-0.000148181 7.08964e-07 -2.90766e-23
-0.000148189 7.0996e-07 -2.91175e-23
-0.000148197 7.10996e-07 -2.916e-23
-0.000148206 7.12066e-07 -2.92039e-23
-0.000148214 7.13164e-07 -2.92489e-23
-0.000148223 7.14283e-07 -2.92948e-23
-0.000148232 7.15417e-07 -2.93413e-23
-0.000148242 7.16559e-07 -2.93882e-23
-0.000148251 7.17704e-07 -2.94351e-23
-0.00014826 7.18844e-07 -2.94819e-23
-0.000148269 7.19974e-07 -2.95282e-23
-0.000148278 7.21088e-07 -2.95739e-23
-0.000148286 7.22178e-07 -2.96186e-23
-0.000148295 7.23239e-07 -2.96621e-23
-0.000148303 7.24264e-07 -2.97042e-23
-0.000148311 7.25248e-07 -2.97445e-23
-0.000148318 7.26184e-07 -2.97829e-23
-0.000148325 7.27066e-07 -2.98191e-23
-0.000148332 7.27888e-07 -2.98528e-23
-0.000148338 7.28643e-07 -2.98838e-23
-0.000148343 7.29326e-07 -2.99118e-23
-0.000148348 7.2993e-07 -2.99365e-23
-0.000148352 7.30448e-07 -2.99578e-23
-0.000148355 7.30873e-07 -2.99752e-23
-0.000148358 7.31196e-07 -2.99885e-23
-0.000148359 7.31411e-07 -2.99973e-23
-0.00014836 7.31509e-07 -3.00013e-23
-0.00014836 7.31483e-07 -3.00002e-23
-0.000148358 7.31326e-07 -2.99938e-23
-0.000148356 7.31031e-07 -2.99817e-23
-0.000148352 7.30589e-07 -2.99636e-23
-0.000148347 7.29994e-07 -2.99392e-23
-0.000148341 7.29239e-07 -2.99082e-23
-0.000148333 7.28317e-07 -2.98704e-23
-0.000148324 7.2722e-07 -2.98254e-23
-0.000148314 7.25942e-07 -2.9773e-23
-0.000148302 7.24475e-07 -2.97128e-23
-0.000148288 7.22813e-07 -2.96446e-23
-0.000148273 7.20949e-07 -2.95682e-23
-0.000148256 7.18877e-07 -2.94832e-23
-0.000148238 7.16589e-07 -2.93894e-23
-0.000148217 7.14081e-07 -2.92865e-23
-0.000148195 7.11349e-07 -2.91745e-23
-0.000148171 7.08392e-07 -2.90532e-23
-0.000148146 7.05207e-07 -2.89226e-23
-0.000148118 7.01795e-07 -2.87826e-23
-0.000148089 6.98153e-07 -2.86333e-23
-0.000148057 6.94279e-07 -2.84744e-23
-0.000148024 6.90174e-07 -2.8306e-23
-0.000147989 6.85835e-07 -2.81281e-23
-0.000147952 6.81262e-07 -2.79405e-23
-0.000147914 6.76454e-07 -2.77433e-23
-0.000147873 6.7141e-07 -2.75365e-23
-0.00014783 6.66128e-07 -2.73198e-23
-0.000147786 6.60609e-07 -2.70935e-23
-0.00014774 6.54852e-07 -2.68574e-23
-0.000147692 6.48855e-07 -2.66114e-23
-0.000147641 6.42619e-07 -2.63557e-23
-0.000147589 6.36144e-07 -2.60901e-23
-0.000147536 6.29428e-07 -2.58146e-23
-0.00014748 6.22471e-07 -2.55293e-23
-0.000147422 6.15277e-07 -2.52343e-23
-0.000147363 6.07854e-07 -2.49298e-23
-0.000147301 6.00214e-07 -2.46165e-23
-0.000147239 5.92371e-07 -2.42948e-23
-0.000147174 5.84338e-07 -2.39654e-23
-0.000147109 5.76126e-07 -2.36286e-23
-0.000147042 5.67751e-07 -2.32851e-23
-0.000146973 5.59224e-07 -2.29354e-23
-0.000146904 5.50558e-07 -2.258e-23
-0.000146834 5.41767e-07 -2.22194e-23
-0.000146763 5.32864e-07 -2.18543e-23
-0.000146691 5.23861e-07 -2.1485e-23
-0.000146619 5.14772e-07 -2.11123e-23
-0.000146546 5.05609e-07 -2.07365e-23
-0.000146472 4.96387e-07 -2.03583e-23
-0.000146399 4.87117e-07 -1.99781e-23
-0.000146325 4.77813e-07 -1.95965e-23
-0.000146251 4.68488e-07 -1.9214e-23
-0.000146177 4.59154e-07 -1.88313e-23
-0.000146103 4.49826e-07 -1.84486e-23
-0.000146029 4.40515e-07 -1.80668e-23
-0.000145956 4.31239e-07 -1.76864e-23
-0.000145883 4.22015e-07 -1.7308e-23
-0.000145811 4.12859e-07 -1.69325e-23
-0.000145739 4.03789e-07 -1.65605e-23
-0.000145669 3.94822e-07 -1.61928e-23
-0.000145599 3.85974e-07 -1.58299e-23
-0.000145531 3.77264e-07 -1.54727e-23
-0.000145464 3.68707e-07 -1.51217e-23
-0.000145398 3.60319e-07 -1.47777e-23
-0.000145334 3.52119e-07 -1.44414e-23
-0.000145272 3.44121e-07 -1.41134e-23
-0.000145211 3.36343e-07 -1.37944e-23
-0.000145153 3.288e-07 -1.3485e-23
-0.000145096 3.21508e-07 -1.3186e-23
-0.000145042 3.14484e-07 -1.28979e-23
-0.00014499 3.07742e-07 -1.26214e-23
-0.000144941 3.01299e-07 -1.23572e-23
-0.000144894 2.95171e-07 -1.21058e-23
-0.00014485 2.89371e-07 -1.18679e-23
-0.000144809 2.83914e-07 -1.16441e-23
-0.000144771 2.78808e-07 -1.14347e-23
-0.000144736 2.74059e-07 -1.12399e-23
-0.000144704 2.69672e-07 -1.106e-23
-0.000144675 2.65653e-07 -1.08952e-23
-0.000144648 2.62008e-07 -1.07457e-23
-0.000144625 2.5874e-07 -1.06117e-23
-0.000144606 2.55856e-07 -1.04934e-23
-0.000144589 2.5336e-07 -1.0391e-23
-0.000144576 2.51257e-07 -1.03048e-23
-0.000144566 2.4955e-07 -1.02348e-23
-0.000144559 2.48245e-07 -1.01813e-23
-0.000144555 2.47345e-07 -1.01443e-23
-0.000144555 2.46855e-07 -1.01242e-23
-0.000144559 2.46777e-07 -1.0121e-23
-0.000144565 2.47116e-07 -1.01349e-23
-0.000144575 2.47874e-07 -1.0166e-23
-0.000144589 2.49056e-07 -1.02145e-23
-0.000144606 2.50664e-07 -1.02804e-23
-0.000144627 2.527e-07 -1.0364e-23
-0.000144651 2.55167e-07 -1.04652e-23
-0.000144679 2.58064e-07 -1.05839e-23
-0.00014471 2.61387e-07 -1.07202e-23
-0.000144744 2.65134e-07 -1.08739e-23
-0.000144782 2.693e-07 -1.10448e-23
-0.000144824 2.73884e-07 -1.12328e-23
-0.000144868 2.78882e-07 -1.14378e-23
-0.000144916 2.84289e-07 -1.16595e-23
-0.000144968 2.90103e-07 -1.18979e-23
-0.000145022 2.96318e-07 -1.21529e-23
-0.00014508 3.02932e-07 -1.24241e-23
-0.000145141 3.09939e-07 -1.27115e-23
-0.000145205 3.17336e-07 -1.30149e-23
-0.000145272 3.25119e-07 -1.33341e-23
-0.000145343 3.33281e-07 -1.36688e-23
-0.000145416 3.4182e-07 -1.4019e-23
-0.000145492 3.50729e-07 -1.43844e-23
-0.000145572 3.60004e-07 -1.47648e-23
-0.000145654 3.69641e-07 -1.516e-23
-0.000145739 3.79632e-07 -1.55698e-23
-0.000145826 3.89975e-07 -1.5994e-23
-0.000145917 4.00661e-07 -1.64323e-23
-0.00014601 4.11684e-07 -1.68843e-23
-0.000146105 4.23038e-07 -1.735e-23
-0.000146204 4.34715e-07 -1.78289e-23
-0.000146304 4.46709e-07 -1.83208e-23
-0.000146408 4.59012e-07 -1.88254e-23
-0.000146513 4.71618e-07 -1.93424e-23
-0.000146621 4.84519e-07 -1.98715e-23
-0.000146731 4.97708e-07 -2.04125e-23
-0.000146843 5.11178e-07 -2.09649e-23
-0.000146958 5.24921e-07 -2.15285e-23
-0.000147074 5.38931e-07 -2.21031e-23
-0.000147192 5.53198e-07 -2.26883e-23
-0.000147313 5.67717e-07 -2.32837e-23
-0.000147435 5.82479e-07 -2.38891e-23
-0.000147559 5.97477e-07 -2.45043e-23
-0.000147684 6.12704e-07 -2.51288e-23
-0.000147811 6.28151e-07 -2.57623e-23
-0.00014794 6.43812e-07 -2.64046e-23
-0.000148071 6.59679e-07 -2.70553e-23
-0.000148202 6.75746e-07 -2.77143e-23
-0.000148336 6.92008e-07 -2.83812e-23
-0.00014847 7.08459e-07 -2.9056e-23
-0.000148606 7.25095e-07 -2.97383e-23
-0.000148743 7.4191e-07 -3.04279e-23
-0.000148882 7.58899e-07 -3.11247e-23
-0.000149021 7.76057e-07 -3.18283e-23
-0.000149162 7.93378e-07 -3.25387e-23
-0.000149304 8.10858e-07 -3.32556e-23
-0.000149447 8.28491e-07 -3.39788e-23
-0.00014959 8.46272e-07 -3.4708e-23
-0.000149735 8.64195e-07 -3.54431e-23
-0.000149881 8.82257e-07 -3.61839e-23
-0.000150027 9.00451e-07 -3.69301e-23
-0.000150175 9.18773e-07 -3.76815e-23
-0.000150323 9.37218e-07 -3.8438e-23
-0.000150472 9.55782e-07 -3.91994e-23
-0.000150621 9.74458e-07 -3.99653e-23
-0.000150771 9.93243e-07 -4.07357e-23
-0.000150922 1.01213e-06 -4.15104e-23
-0.000151073 1.03112e-06 -4.22893e-23
-0.000151225 1.05021e-06 -4.30721e-23
-0.000151378 1.0694e-06 -4.3859e-23
-0.000151531 1.08867e-06 -4.46497e-23
-0.000151684 1.10805e-06 -4.54441e-23
-0.000151838 1.12751e-06 -4.62423e-23
-0.000151992 1.14706e-06 -4.70441e-23
-0.000152147 1.16669e-06 -4.78493e-23
-0.000152302 1.18641e-06 -4.86581e-23
-0.000152458 1.20621e-06 -4.94702e-23
-0.000152614 1.22609e-06 -5.02856e-23
-0.00015277 1.24605e-06 -5.11042e-23
-0.000152927 1.26609e-06 -5.1926e-23
-0.000153084 1.2862e-06 -5.27509e-23
-0.000153241 1.30639e-06 -5.35789e-23
-0.000153398 1.32665e-06 -5.44098e-23
-0.000153556 1.34698e-06 -5.52437e-23
-0.000153715 1.36739e-06 -5.60804e-23
-0.000153873 1.38786e-06 -5.692e-23
-0.000154032 1.40839e-06 -5.77623e-23
-0.00015419 1.42898e-06 -5.86068e-23
-0.000154349 1.44962e-06 -5.94529e-23
-0.000154508 1.47027e-06 -6.03001e-23
-0.000154667 1.49094e-06 -6.11478e-23
-0.000154825 1.51161e-06 -6.19954e-23
-0.000154983 1.53226e-06 -6.28423e-23
-0.00015514 1.55287e-06 -6.36879e-23
-0.000155297 1.57345e-06 -6.45316e-23
-0.000155453 1.59396e-06 -6.5373e-23
-0.000155608 1.61441e-06 -6.62115e-23
-0.000155762 1.63476e-06 -6.70464e-23
-0.000155915 1.65502e-06 -6.78773e-23
-0.000156067 1.67517e-06 -6.87036e-23
-0.000156217 1.69519e-06 -6.95248e-23
-0.000156367 1.71508e-06 -7.03403e-23
-0.000156514 1.73481e-06 -7.11497e-23
-0.00015666 1.75439e-06 -7.19524e-23
-0.000156805 1.77378e-06 -7.2748e-23
-0.000156947 1.79299e-06 -7.35358e-23
-0.000157088 1.812e-06 -7.43155e-23
-0.000157227 1.8308e-06 -7.50865e-23
-0.000157364 1.84938e-06 -7.58482e-23
-0.000157498 1.86771e-06 -7.66002e-23
-0.00015763 1.88579e-06 -7.73418e-23
-0.00015776 1.90361e-06 -7.80727e-23
-0.000157887 1.92116e-06 -7.87922e-23
-0.000158012 1.93841e-06 -7.94998e-23
-0.000158134 1.95537e-06 -8.01952e-23
-0.000158254 1.97201e-06 -8.08778e-23
-0.00015837 1.98833e-06 -8.1547e-23
-0.000158484 2.00431e-06 -8.22026e-23
-0.000158594 2.01995e-06 -8.28439e-23
-0.000158702 2.03523e-06 -8.34706e-23
-0.000158806 2.05014e-06 -8.40822e-23
-0.000158907 2.06467e-06 -8.46782e-23
-0.000159005 2.07882e-06 -8.52583e-23
-0.000159099 2.09256e-06 -8.5822e-23
-0.000159189 2.1059e-06 -8.6369e-23
-0.000159277 2.11882e-06 -8.68988e-23
-0.00015936 2.13131e-06 -8.7411e-23
-0.00015944 2.14336e-06 -8.79054e-23
-0.000159516 2.15497e-06 -8.83816e-23
-0.000159588 2.16613e-06 -8.88393e-23
-0.000159657 2.17683e-06 -8.92782e-23
-0.000159721 2.18707e-06 -8.96981e-23
-0.000159782 2.19684e-06 -9.00987e-23
-0.000159838 2.20613e-06 -9.04796e-23
-0.000159891 2.21493e-06 -9.08408e-23
-0.000159939 2.22325e-06 -9.11819e-23
-0.000159984 2.23107e-06 -9.15027e-23
-0.000160024 2.23839e-06 -9.18029e-23
-0.00016006 2.24521e-06 -9.20824e-23
-0.000160092 2.25151e-06 -9.23409e-23
-0.000160119 2.2573e-06 -9.25783e-23
-0.000160143 2.26256e-06 -9.27943e-23
-0.000160162 2.26731e-06 -9.29887e-23
-0.000160176 2.27152e-06 -9.31615e-23
-0.000160187 2.2752e-06 -9.33124e-23
-0.000160192 2.27834e-06 -9.34412e-23
-0.000160194 2.28094e-06 -9.35479e-23
-0.000160191 2.283e-06 -9.36326e-23
-0.000160184 2.28454e-06 -9.36955e-23
-0.000160173 2.28554e-06 -9.37368e-23
-0.000160157 2.28603e-06 -9.37567e-23
-0.000160137 2.286e-06 -9.37555e-23
-0.000160113 2.28546e-06 -9.37334e-23
-0.000160085 2.28442e-06 -9.36907e-23
-0.000160053 2.28288e-06 -9.36275e-23
-0.000160018 2.28085e-06 -9.35443e-23
-0.000159978 2.27834e-06 -9.34411e-23
-0.000159935 2.27534e-06 -9.33184e-23
-0.000159887 2.27188e-06 -9.31763e-23
-0.000159836 2.26795e-06 -9.30151e-23
-0.000159782 2.26356e-06 -9.28352e-23
-0.000159724 2.25872e-06 -9.26368e-23
-0.000159663 2.25344e-06 -9.24202e-23
-0.000159598 2.24772e-06 -9.21856e-23
-0.000159529 2.24158e-06 -9.19335e-23
-0.000159458 2.23501e-06 -9.16641e-23
-0.000159383 2.22803e-06 -9.13778e-23
-0.000159305 2.22065e-06 -9.10754e-23
-0.000159225 2.21291e-06 -9.0758e-23
-0.000159142 2.20483e-06 -9.04265e-23
-0.000159056 2.19643e-06 -9.00819e-23
-0.000158969 2.18773e-06 -8.97252e-23
-0.000158879 2.17876e-06 -8.93574e-23
-0.000158787 2.16955e-06 -8.89795e-23
-0.000158694 2.16011e-06 -8.85925e-23
-0.0001586 2.15048e-06 -8.81975e-23
-0.000158504 2.14067e-06 -8.77953e-23
-0.000158407 2.13072e-06 -8.73869e-23
-0.00015831 2.12064e-06 -8.69735e-23
-0.000158212 2.11045e-06 -8.65558e-23
-0.000158114 2.10019e-06 -8.6135e-23
-0.000158015 2.08988e-06 -8.5712e-23
-0.000157916 2.07953e-06 -8.52877e-23
-0.000157818 2.06918e-06 -8.48632e-23
-0.00015772 2.05885e-06 -8.44393e-23
-0.000157623 2.04855e-06 -8.4017e-23
-0.000157526 2.03832e-06 -8.35973e-23
-0.000157431 2.02816e-06 -8.31808e-23
-0.000157336 2.0181e-06 -8.27682e-23
-0.000157243 2.00815e-06 -8.23601e-23
-0.000157151 1.99833e-06 -8.19573e-23
-0.00015706 1.98865e-06 -8.15602e-23
-0.000156971 1.97912e-06 -8.11696e-23
-0.000156884 1.96977e-06 -8.0786e-23
-0.000156798 1.9606e-06 -8.04101e-23
-0.000156715 1.95164e-06 -8.00423e-23
-0.000156633 1.94289e-06 -7.96834e-23
-0.000156554 1.93437e-06 -7.9334e-23
-0.000156477 1.92609e-06 -7.89944e-23
-0.000156403 1.91807e-06 -7.86654e-23
-0.000156331 1.91031e-06 -7.83475e-23
-0.000156261 1.90284e-06 -7.80411e-23
-0.000156195 1.89567e-06 -7.7747e-23
-0.000156131 1.88881e-06 -7.74654e-23
-0.00015607 1.88226e-06 -7.7197e-23
-0.000156012 1.87605e-06 -7.69423e-23
-0.000155957 1.87018e-06 -7.67016e-23
-0.000155906 1.86467e-06 -7.64754e-23
-0.000155857 1.85951e-06 -7.62637e-23
-0.000155812 1.85471e-06 -7.60669e-23
-0.000155771 1.85027e-06 -7.5885e-23
-0.000155732 1.84621e-06 -7.57183e-23
-0.000155697 1.84252e-06 -7.5567e-23
-0.000155665 1.83921e-06 -7.54311e-23
-0.000155637 1.83628e-06 -7.5311e-23
-0.000155612 1.83373e-06 -7.52066e-23
-0.000155591 1.83158e-06 -7.51182e-23
-0.000155573 1.82981e-06 -7.50458e-23
-0.000155559 1.82844e-06 -7.49896e-23
-0.000155548 1.82746e-06 -7.49496e-23
-0.000155541 1.82689e-06 -7.49259e-23
-0.000155537 1.82671e-06 -7.49187e-23
-0.000155537 1.82694e-06 -7.49279e-23
-0.000155541 1.82757e-06 -7.49537e-23
-0.000155548 1.8286e-06 -7.49961e-23
-0.000155558 1.83004e-06 -7.50551e-23
-0.000155572 1.83188e-06 -7.51306e-23
-0.00015559 1.83411e-06 -7.52221e-23
-0.000155611 1.83672e-06 -7.53291e-23
-0.000155635 1.83969e-06 -7.54509e-23
-0.000155662 1.843e-06 -7.55867e-23
-0.000155692 1.84664e-06 -7.5736e-23
-0.000155725 1.85059e-06 -7.58981e-23
-0.000155761 1.85484e-06 -7.60722e-23
-0.000155799 1.85936e-06 -7.62577e-23
-0.000155839 1.86414e-06 -7.64539e-23
-0.000155882 1.86917e-06 -7.66601e-23
-0.000155927 1.87443e-06 -7.68756e-23
-0.000155973 1.87989e-06 -7.70997e-23
-0.000156022 1.88554e-06 -7.73316e-23
-0.000156072 1.89137e-06 -7.75706e-23
-0.000156123 1.89736e-06 -7.78161e-23
-0.000156176 1.90348e-06 -7.80672e-23
-0.00015623 1.90972e-06 -7.83233e-23
-0.000156285 1.91607e-06 -7.85836e-23
-0.000156341 1.9225e-06 -7.88474e-23
-0.000156398 1.929e-06 -7.9114e-23
-0.000156455 1.93556e-06 -7.93829e-23
-0.000156513 1.94216e-06 -7.96534e-23
-0.000156571 1.94878e-06 -7.99251e-23
-0.000156629 1.95542e-06 -8.01974e-23
-0.000156688 1.96206e-06 -8.04698e-23
-0.000156747 1.96869e-06 -8.07418e-23
-0.000156805 1.9753e-06 -8.10128e-23
-0.000156864 1.98187e-06 -8.12824e-23
-0.000156922 1.9884e-06 -8.155e-23
-0.000156979 1.99486e-06 -8.1815e-23
-0.000157037 2.00125e-06 -8.20771e-23
-0.000157093 2.00755e-06 -8.23355e-23
-0.000157149 2.01375e-06 -8.25899e-23
-0.000157204 2.01985e-06 -8.28397e-23
-0.000157259 2.02581e-06 -8.30844e-23
-0.000157312 2.03164e-06 -8.33235e-23
-0.000157364 2.03732e-06 -8.35565e-23
-0.000157414 2.04284e-06 -8.37828e-23
-0.000157464 2.04819e-06 -8.40021e-23
-0.000157512 2.05335e-06 -8.42139e-23
-0.000157558 2.05833e-06 -8.44179e-23
-0.000157603 2.06311e-06 -8.46142e-23
-0.000157647 2.06771e-06 -8.48026e-23
-0.000157689 2.0721e-06 -8.4983e-23
-0.000157729 2.07631e-06 -8.51554e-23
-0.000157768 2.08032e-06 -8.53198e-23
-0.000157805 2.08413e-06 -8.5476e-23
-0.00015784 2.08774e-06 -8.5624e-23
-0.000157874 2.09114e-06 -8.57639e-23
-0.000157906 2.09435e-06 -8.58954e-23
-0.000157937 2.09736e-06 -8.60187e-23
-0.000157966 2.10016e-06 -8.61336e-23
-0.000157993 2.10276e-06 -8.62401e-23
-0.000158019 2.10515e-06 -8.63383e-23
-0.000158043 2.10734e-06 -8.64281e-23
-0.000158065 2.10932e-06 -8.65095e-23
-0.000158086 2.1111e-06 -8.65825e-23
-0.000158104 2.11268e-06 -8.66471e-23
-0.000158122 2.11405e-06 -8.67033e-23
-0.000158137 2.11522e-06 -8.67512e-23
-0.000158151 2.11619e-06 -8.67911e-23
-0.000158163 2.11698e-06 -8.68236e-23
-0.000158174 2.1176e-06 -8.6849e-23
-0.000158183 2.11806e-06 -8.68679e-23
-0.000158192 2.11838e-06 -8.68807e-23
-0.000158199 2.11855e-06 -8.6888e-23
-0.000158205 2.1186e-06 -8.68901e-23
-0.00015821 2.11854e-06 -8.68876e-23
-0.000158214 2.11838e-06 -8.6881e-23
-0.000158217 2.11814e-06 -8.68708e-23
-0.00015822 2.11781e-06 -8.68575e-23
-0.000158222 2.11742e-06 -8.68416e-23
-0.000158224 2.11698e-06 -8.68236e-23
-0.000158225 2.11651e-06 -8.6804e-23
-0.000158226 2.116e-06 -8.67834e-23
-0.000158227 2.11549e-06 -8.67622e-23
-0.000158227 2.11497e-06 -8.6741e-23
-0.000158228 2.11446e-06 -8.67202e-23
-0.000158229 2.11398e-06 -8.67005e-23
-0.00015823 2.11354e-06 -8.66822e-23
-0.000158231 2.11313e-06 -8.66656e-23
-0.000158233 2.11276e-06 -8.66506e-23
-0.000158235 2.11244e-06 -8.66373e-23
-0.000158237 2.11216e-06 -8.66258e-23
-0.000158239 2.11192e-06 -8.6616e-23
-0.000158242 2.11173e-06 -8.66081e-23
-0.000158245 2.11158e-06 -8.66021e-23
-0.000158248 2.11149e-06 -8.65981e-23
-0.000158252 2.11144e-06 -8.65961e-23
-0.000158256 2.11144e-06 -8.65961e-23
-0.00015826 2.11149e-06 -8.65982e-23
-0.000158265 2.11159e-06 -8.66024e-23
-0.00015827 2.11175e-06 -8.66089e-23
-0.000158276 2.11196e-06 -8.66177e-23
-0.000158282 2.11223e-06 -8.66288e-23
-0.000158288 2.11256e-06 -8.66422e-23
-0.000158295 2.11295e-06 -8.66582e-23
-0.000158302 2.1134e-06 -8.66766e-23
-0.00015831 2.11391e-06 -8.66977e-23
-0.000158318 2.11449e-06 -8.67213e-23
-0.000158327 2.11513e-06 -8.67477e-23
-0.000158336 2.11584e-06 -8.67767e-23
-0.000158345 2.11661e-06 -8.68084e-23
-0.000158356 2.11745e-06 -8.68429e-23
-0.000158366 2.11836e-06 -8.68802e-23
-0.000158378 2.11934e-06 -8.69202e-23
-0.00015839 2.12038e-06 -8.69631e-23
-0.000158402 2.1215e-06 -8.70088e-23
-0.000158415 2.12268e-06 -8.70574e-23
-0.000158428 2.12394e-06 -8.71089e-23
-0.000158442 2.12527e-06 -8.71633e-23
-0.000158457 2.12666e-06 -8.72206e-23
-0.000158472 2.12813e-06 -8.7281e-23
-0.000158488 2.12968e-06 -8.73443e-23
-0.000158504 2.1313e-06 -8.74106e-23
-0.000158521 2.13299e-06 -8.74799e-23
-0.000158539 2.13475e-06 -8.75523e-23
-0.000158557 2.13659e-06 -8.76278e-23
-0.000158576 2.13851e-06 -8.77063e-23
-0.000158596 2.1405e-06 -8.7788e-23
-0.000158616 2.14257e-06 -8.78731e-23
-0.000158637 2.14473e-06 -8.79617e-23
-0.000158659 2.14699e-06 -8.80542e-23
-0.000158681 2.14934e-06 -8.81508e-23
-0.000158704 2.15181e-06 -8.82518e-23
-0.000158729 2.15438e-06 -8.83573e-23
-0.000158754 2.15707e-06 -8.84678e-23
-0.000158781 2.15989e-06 -8.85834e-23
-0.000158808 2.16284e-06 -8.87043e-23
-0.000158837 2.16592e-06 -8.88308e-23
-0.000158867 2.16915e-06 -8.89632e-23
-0.000158898 2.17253e-06 -8.91016e-23
-0.00015893 2.17605e-06 -8.92463e-23
-0.000158964 2.17974e-06 -8.93975e-23
-0.000158999 2.18359e-06 -8.95555e-23
-0.000159035 2.18762e-06 -8.97204e-23
-0.000159073 2.19181e-06 -8.98925e-23
-0.000159113 2.19619e-06 -9.0072e-23
-0.000159154 2.20075e-06 -9.0259e-23
-0.000159196 2.2055e-06 -9.04539e-23
-0.000159241 2.21044e-06 -9.06565e-23
-0.000159286 2.21557e-06 -9.08671e-23
-0.000159334 2.2209e-06 -9.10855e-23
-0.000159383 2.22642e-06 -9.1312e-23
-0.000159434 2.23214e-06 -9.15465e-23
-0.000159486 2.23805e-06 -9.1789e-23
-0.00015954 2.24416e-06 -9.20396e-23
-0.000159595 2.25047e-06 -9.22982e-23
-0.000159653 2.25697e-06 -9.25649e-23
-0.000159712 2.26367e-06 -9.28398e-23
-0.000159772 2.27057e-06 -9.31227e-23
-0.000159835 2.27767e-06 -9.34138e-23
-0.000159898 2.28496e-06 -9.37129e-23
-0.000159964 2.29245e-06 -9.40202e-23
-0.000160031 2.30014e-06 -9.43355e-23
-0.0001601 2.30803e-06 -9.46589e-23
-0.000160171 2.31611e-06 -9.49902e-23
-0.000160243 2.32438e-06 -9.53296e-23
-0.000160316 2.33285e-06 -9.5677e-23
-0.000160392 2.34151e-06 -9.60321e-23
-0.000160468 2.35034e-06 -9.63942e-23
-0.000160546 2.35932e-06 -9.67624e-23
-0.000160625 2.36842e-06 -9.71358e-23
-0.000160705 2.37763e-06 -9.75134e-23
-0.000160786 2.38692e-06 -9.78943e-23
-0.000160867 2.39626e-06 -9.82776e-23
-0.000160949 2.40564e-06 -9.86621e-23
-0.00016103 2.41502e-06 -9.90471e-23
-0.000161112 2.4244e-06 -9.94315e-23
-0.000161193 2.43373e-06 -9.98144e-23
-0.000161274 2.44301e-06 -1.00195e-22
-0.000161354 2.4522e-06 -1.00572e-22
-0.000161433 2.46128e-06 -1.00944e-22
-0.000161512 2.47024e-06 -1.01312e-22
-0.000161589 2.47904e-06 -1.01673e-22
-0.000161664 2.48766e-06 -1.02026e-22
-0.000161738 2.49608e-06 -1.02372e-22
-0.000161811 2.50428e-06 -1.02708e-22
-0.000161881 2.51224e-06 -1.03034e-22
-0.000161949 2.51992e-06 -1.03349e-22
-0.000162015 2.52731e-06 -1.03652e-22
-0.000162078 2.53438e-06 -1.03942e-22
-0.000162139 2.54112e-06 -1.04219e-22
-0.000162196 2.54749e-06 -1.0448e-22
-0.000162251 2.55349e-06 -1.04726e-22
-0.000162302 2.55907e-06 -1.04955e-22
-0.00016235 2.56423e-06 -1.05167e-22
-0.000162394 2.56894e-06 -1.0536e-22
-0.000162434 2.57318e-06 -1.05533e-22
-0.000162471 2.57692e-06 -1.05687e-22
-0.000162503 2.58015e-06 -1.05819e-22
-0.00016253 2.58284e-06 -1.0593e-22
-0.000162554 2.58497e-06 -1.06017e-22
-0.000162572 2.58652e-06 -1.06081e-22
-0.000162586 2.58747e-06 -1.0612e-22
-0.000162595 2.58781e-06 -1.06133e-22
-0.000162598 2.5875e-06 -1.06121e-22
-0.000162596 2.58653e-06 -1.06081e-22
-0.000162589 2.58488e-06 -1.06013e-22
-0.000162576 2.58253e-06 -1.05917e-22
-0.000162557 2.57949e-06 -1.05792e-22
-0.000162532 2.57575e-06 -1.05639e-22
-0.000162502 2.57134e-06 -1.05458e-22
-0.000162467 2.56624e-06 -1.05249e-22
-0.000162426 2.56047e-06 -1.05012e-22
-0.000162379 2.55403e-06 -1.04748e-22
-0.000162328 2.54694e-06 -1.04457e-22
-0.000162271 2.53919e-06 -1.0414e-22
-0.000162208 2.5308e-06 -1.03796e-22
-0.000162141 2.52178e-06 -1.03425e-22
-0.000162068 2.51212e-06 -1.03029e-22
-0.00016199 2.50185e-06 -1.02608e-22
-0.000161907 2.49096e-06 -1.02162e-22
-0.00016182 2.47948e-06 -1.0169e-22
-0.000161727 2.46739e-06 -1.01195e-22
-0.00016163 2.45472e-06 -1.00675e-22
-0.000161528 2.44148e-06 -1.00132e-22
-0.000161421 2.42766e-06 -9.95654e-23
-0.00016131 2.41329e-06 -9.8976e-23
-0.000161194 2.39837e-06 -9.83641e-23
-0.000161074 2.38293e-06 -9.77307e-23
-0.00016095 2.36698e-06 -9.70767e-23
-0.000160822 2.35056e-06 -9.64031e-23
-0.00016069 2.33368e-06 -9.57108e-23
-0.000160554 2.31637e-06 -9.50008e-23
-0.000160416 2.29865e-06 -9.42743e-23
-0.000160274 2.28055e-06 -9.35321e-23
-0.000160129 2.2621e-06 -9.27753e-23
-0.000159981 2.24331e-06 -9.20048e-23
-0.000159831 2.22422e-06 -9.12218e-23
-0.000159679 2.20485e-06 -9.04272e-23
-0.000159524 2.18522e-06 -8.9622e-23
-0.000159367 2.16535e-06 -8.88073e-23
-0.000159209 2.14528e-06 -8.7984e-23
-0.000159049 2.12502e-06 -8.71533e-23
-0.000158888 2.10461e-06 -8.63161e-23
-0.000158726 2.08407e-06 -8.54735e-23
-0.000158562 2.06341e-06 -8.46265e-23
-0.000158398 2.04268e-06 -8.37761e-23
-0.000158234 2.02189e-06 -8.29234e-23
-0.000158069 2.00105e-06 -8.2069e-23
-0.000157904 1.9802e-06 -8.12137e-23
-0.000157739 1.95934e-06 -8.03583e-23
-0.000157573 1.9385e-06 -7.95035e-23
-0.000157408 1.91769e-06 -7.86499e-23
-0.000157244 1.89692e-06 -7.77983e-23
-0.00015708 1.87623e-06 -7.69495e-23
-0.000156916 1.85561e-06 -7.6104e-23
-0.000156753 1.8351e-06 -7.52627e-23
-0.000156592 1.8147e-06 -7.44262e-23
-0.000156431 1.79444e-06 -7.35953e-23
-0.000156271 1.77434e-06 -7.27706e-23
-0.000156113 1.7544e-06 -7.19529e-23
-0.000155956 1.73464e-06 -7.11427e-23
-0.0001558 1.71509e-06 -7.03409e-23
-0.000155647 1.69576e-06 -6.95481e-23
-0.000155495 1.67667e-06 -6.87651e-23
-0.000155345 1.65783e-06 -6.79923e-23
-0.000155198 1.63926e-06 -6.72307e-23
-0.000155052 1.62097e-06 -6.64807e-23
-0.000154909 1.60297e-06 -6.57426e-23
-0.000154769 1.58528e-06 -6.50167e-23
-0.00015463 1.56788e-06 -6.43033e-23
-0.000154494 1.55079e-06 -6.36025e-23
-0.000154361 1.53402e-06 -6.29146e-23
-0.00015423 1.51756e-06 -6.22397e-23
-0.000154102 1.50143e-06 -6.1578e-23
-0.000153976 1.48563e-06 -6.09298e-23
-0.000153853 1.47015e-06 -6.02952e-23
-0.000153732 1.45502e-06 -5.96744e-23
-0.000153615 1.44022e-06 -5.90676e-23
-0.0001535 1.42577e-06 -5.8475e-23
-0.000153387 1.41167e-06 -5.78967e-23
-0.000153278 1.39792e-06 -5.73329e-23
-0.000153171 1.38453e-06 -5.67837e-23
-0.000153068 1.37151e-06 -5.62494e-23
-0.000152967 1.35884e-06 -5.573e-23
-0.000152869 1.34655e-06 -5.52257e-23
-0.000152774 1.33462e-06 -5.47367e-23
-0.000152682 1.32307e-06 -5.42631e-23
-0.000152593 1.3119e-06 -5.38049e-23
-0.000152507 1.30111e-06 -5.33624e-23
-0.000152424 1.2907e-06 -5.29355e-23
-0.000152344 1.28068e-06 -5.25245e-23
-0.000152267 1.27105e-06 -5.21293e-23
-0.000152193 1.2618e-06 -5.17501e-23
-0.000152123 1.25295e-06 -5.1387e-23
-0.000152055 1.24449e-06 -5.10401e-23
-0.000151991 1.23642e-06 -5.07093e-23
-0.000151929 1.22876e-06 -5.03948e-23
-0.000151871 1.22149e-06 -5.00967e-23
-0.000151816 1.21462e-06 -4.9815e-23
-0.000151764 1.20815e-06 -4.95497e-23
-0.000151716 1.20208e-06 -4.93009e-23
-0.00015167 1.19642e-06 -4.90687e-23
-0.000151628 1.19116e-06 -4.88531e-23
-0.000151589 1.18631e-06 -4.86541e-23
-0.000151553 1.18187e-06 -4.84718e-23
-0.00015152 1.17783e-06 -4.83061e-23
-0.000151491 1.17419e-06 -4.81571e-23
-0.000151465 1.17097e-06 -4.80247e-23
-0.000151441 1.16814e-06 -4.79086e-23
-0.000151421 1.1657e-06 -4.78088e-23
-0.000151404 1.16366e-06 -4.7725e-23
-0.00015139 1.162e-06 -4.76571e-23
-0.000151379 1.16073e-06 -4.76049e-23
-0.000151371 1.15983e-06 -4.75682e-23
-0.000151366 1.15931e-06 -4.75467e-23
-0.000151364 1.15916e-06 -4.75404e-23
-0.000151365 1.15937e-06 -4.7549e-23
-0.000151368 1.15993e-06 -4.75723e-23
-0.000151374 1.16086e-06 -4.76101e-23
-0.000151383 1.16213e-06 -4.76622e-23
-0.000151395 1.16374e-06 -4.77284e-23
-0.000151409 1.16569e-06 -4.78085e-23
-0.000151426 1.16798e-06 -4.79022e-23
-0.000151446 1.17059e-06 -4.80094e-23
-0.000151467 1.17353e-06 -4.81299e-23
-0.000151492 1.17678e-06 -4.82633e-23
-0.000151519 1.18035e-06 -4.84096e-23
-0.000151548 1.18423e-06 -4.85686e-23
-0.000151579 1.18841e-06 -4.87401e-23
-0.000151613 1.1929e-06 -4.89241e-23
-0.000151649 1.19769e-06 -4.91206e-23
-0.000151688 1.20278e-06 -4.93293e-23
-0.000151729 1.20816e-06 -4.95503e-23
-0.000151772 1.21385e-06 -4.97833e-23
-0.000151817 1.21982e-06 -5.00283e-23
-0.000151865 1.22608e-06 -5.02853e-23
-0.000151915 1.23264e-06 -5.0554e-23
-0.000151967 1.23947e-06 -5.08344e-23
-0.000152021 1.24659e-06 -5.11263e-23
-0.000152077 1.25399e-06 -5.14297e-23
-0.000152135 1.26166e-06 -5.17444e-23
-0.000152196 1.26961e-06 -5.20703e-23
-0.000152258 1.27783e-06 -5.24074e-23
-0.000152323 1.28631e-06 -5.27554e-23
-0.00015239 1.29506e-06 -5.31142e-23
-0.000152458 1.30407e-06 -5.34838e-23
-0.000152529 1.31334e-06 -5.38639e-23
-0.000152601 1.32286e-06 -5.42544e-23
-0.000152676 1.33262e-06 -5.46547e-23
-0.000152752 1.34262e-06 -5.50647e-23
-0.00015283 1.35284e-06 -5.5484e-23
-0.000152909 1.36328e-06 -5.59122e-23
-0.000152991 1.37393e-06 -5.6349e-23
-0.000153073 1.38478e-06 -5.6794e-23
-0.000153157 1.39583e-06 -5.72469e-23
-0.000153243 1.40706e-06 -5.77074e-23
-0.00015333 1.41846e-06 -5.81751e-23
-0.000153418 1.43003e-06 -5.86497e-23
-0.000153507 1.44176e-06 -5.91309e-23
-0.000153597 1.45365e-06 -5.96182e-23
-0.000153689 1.46567e-06 -6.01114e-23
-0.000153781 1.47783e-06 -6.061e-23
-0.000153874 1.49011e-06 -6.11139e-23
-0.000153968 1.50252e-06 -6.16225e-23
-0.000154063 1.51503e-06 -6.21357e-23
-0.000154159 1.52764e-06 -6.2653e-23
-0.000154256 1.54035e-06 -6.31741e-23
-0.000154353 1.55314e-06 -6.36989e-23
-0.00015445 1.56602e-06 -6.42272e-23
-0.000154548 1.57899e-06 -6.47589e-23
-0.000154647 1.59203e-06 -6.52939e-23
-0.000154746 1.60516e-06 -6.58321e-23
-0.000154846 1.61835e-06 -6.63734e-23
-0.000154947 1.63162e-06 -6.69175e-23
-0.000155047 1.64496e-06 -6.74645e-23
-0.000155149 1.65836e-06 -6.80142e-23
-0.00015525 1.67183e-06 -6.85665e-23
-0.000155352 1.68535e-06 -6.91212e-23
-0.000155455 1.69894e-06 -6.96782e-23
-0.000155558 1.71257e-06 -7.02375e-23
-0.000155661 1.72626e-06 -7.07989e-23
-0.000155765 1.74e-06 -7.13623e-23
-0.000155869 1.75378e-06 -7.19275e-23
-0.000155973 1.7676e-06 -7.24945e-23
-0.000156077 1.78147e-06 -7.30631e-23
-0.000156182 1.79537e-06 -7.36333e-23
-0.000156287 1.80931e-06 -7.42049e-23
-0.000156392 1.82328e-06 -7.47781e-23
-0.000156498 1.8373e-06 -7.53529e-23
-0.000156604 1.85136e-06 -7.59295e-23
-0.00015671 1.86546e-06 -7.6508e-23
-0.000156816 1.87962e-06 -7.70887e-23
-0.000156923 1.89383e-06 -7.76716e-23
-0.000157031 1.9081e-06 -7.82568e-23
-0.000157138 1.92243e-06 -7.88445e-23
-0.000157247 1.93683e-06 -7.94349e-23
-0.000157356 1.95129e-06 -8.0028e-23
-0.000157465 1.96582e-06 -8.06241e-23
-0.000157575 1.98043e-06 -8.12232e-23
-0.000157686 1.99511e-06 -8.18254e-23
-0.000157797 2.00988e-06 -8.2431e-23
-0.000157909 2.02473e-06 -8.30399e-23
-0.000158022 2.03966e-06 -8.36525e-23
-0.000158135 2.05469e-06 -8.42687e-23
-0.000158249 2.0698e-06 -8.48887e-23
-0.000158364 2.08502e-06 -8.55126e-23
-0.000158479 2.10033e-06 -8.61405e-23
-0.000158596 2.11574e-06 -8.67726e-23
-0.000158713 2.13126e-06 -8.74089e-23
-0.000158831 2.14688e-06 -8.80496e-23
-0.000158951 2.16261e-06 -8.86947e-23
-0.00015907 2.17845e-06 -8.93444e-23
-0.000159191 2.1944e-06 -8.99987e-23
-0.000159313 2.21047e-06 -9.06577e-23
-0.000159436 2.22666e-06 -9.13216e-23
-0.00015956 2.24296e-06 -9.19903e-23
-0.000159685 2.25939e-06 -9.2664e-23
-0.00015981 2.27594e-06 -9.33428e-23
-0.000159937 2.29261e-06 -9.40267e-23
-0.000160065 2.30942e-06 -9.47159e-23
-0.000160194 2.32635e-06 -9.54103e-23
-0.000160324 2.34341e-06 -9.611e-23
-0.000160455 2.3606e-06 -9.68152e-23
-0.000160588 2.37793e-06 -9.75258e-23
-0.000160721 2.39539e-06 -9.82419e-23
-0.000160855 2.41299e-06 -9.89636e-23
-0.000160991 2.43072e-06 -9.96909e-23
-0.000161128 2.44858e-06 -1.00423e-22
-0.000161265 2.46656e-06 -1.01161e-22
-0.000161404 2.48464e-06 -1.01902e-22
-0.000161543 2.50282e-06 -1.02648e-22
-0.000161683 2.52108e-06 -1.03397e-22
-0.000161824 2.53941e-06 -1.04149e-22
-0.000161965 2.55781e-06 -1.04903e-22
-0.000162107 2.57626e-06 -1.0566e-22
-0.000162249 2.59475e-06 -1.06418e-22
-0.000162391 2.61327e-06 -1.07178e-22
-0.000162534 2.63181e-06 -1.07938e-22
-0.000162677 2.65035e-06 -1.08699e-22
-0.000162819 2.66889e-06 -1.09459e-22
-0.000162962 2.68741e-06 -1.10219e-22
-0.000163104 2.70591e-06 -1.10977e-22
-0.000163246 2.72437e-06 -1.11734e-22
-0.000163388 2.74278e-06 -1.12489e-22
-0.000163529 2.76112e-06 -1.13242e-22
-0.00016367 2.7794e-06 -1.13991e-22
-0.00016381 2.79759e-06 -1.14737e-22
-0.000163949 2.81568e-06 -1.15479e-22
-0.000164087 2.83365e-06 -1.16216e-22
-0.000164225 2.85148e-06 -1.16947e-22
-0.000164361 2.86915e-06 -1.17672e-22
-0.000164495 2.88665e-06 -1.1839e-22
-0.000164628 2.90395e-06 -1.19099e-22
-0.00016476 2.92104e-06 -1.198e-22
-0.000164889 2.9379e-06 -1.20492e-22
-0.000165017 2.95451e-06 -1.21173e-22
-0.000165142 2.97086e-06 -1.21844e-22
-0.000165266 2.98692e-06 -1.22502e-22
-0.000165386 3.00268e-06 -1.23149e-22
-0.000165505 3.01813e-06 -1.23782e-22
-0.00016562 3.03323e-06 -1.24402e-22
-0.000165733 3.04798e-06 -1.25006e-22
-0.000165843 3.06236e-06 -1.25596e-22
-0.000165949 3.07635e-06 -1.2617e-22
-0.000166053 3.08993e-06 -1.26727e-22
-0.000166153 3.10308e-06 -1.27266e-22
-0.000166249 3.1158e-06 -1.27788e-22
-0.000166342 3.12807e-06 -1.28291e-22
-0.000166431 3.13989e-06 -1.28776e-22
-0.000166517 3.15125e-06 -1.29242e-22
-0.000166598 3.16214e-06 -1.29688e-22
-0.000166676 3.17256e-06 -1.30116e-22
-0.00016675 3.1825e-06 -1.30523e-22
-0.000166821 3.19196e-06 -1.30911e-22
-0.000166887 3.20093e-06 -1.31279e-22
-0.000166949 3.2094e-06 -1.31627e-22
-0.000167007 3.21738e-06 -1.31954e-22
-0.000167062 3.22485e-06 -1.32261e-22
-0.000167112 3.23182e-06 -1.32546e-22
-0.000167158 3.23827e-06 -1.32811e-22
-0.0001672 3.24421e-06 -1.33054e-22
-0.000167238 3.24962e-06 -1.33277e-22
-0.000167271 3.25451e-06 -1.33477e-22
-0.0001673 3.25888e-06 -1.33656e-22
-0.000167325 3.2627e-06 -1.33813e-22
-0.000167346 3.266e-06 -1.33948e-22
-0.000167362 3.26875e-06 -1.34061e-22
-0.000167374 3.27097e-06 -1.34152e-22
-0.000167382 3.27266e-06 -1.34221e-22
-0.000167385 3.27383e-06 -1.34269e-22
-0.000167385 3.27449e-06 -1.34296e-22
-0.00016738 3.27464e-06 -1.34302e-22
-0.000167371 3.27428e-06 -1.34288e-22
-0.000167358 3.27343e-06 -1.34253e-22
-0.000167342 3.27209e-06 -1.34198e-22
-0.000167321 3.27027e-06 -1.34123e-22
-0.000167297 3.26797e-06 -1.34029e-22
-0.000167269 3.26521e-06 -1.33916e-22
-0.000167237 3.26199e-06 -1.33784e-22
-0.000167202 3.25832e-06 -1.33633e-22
-0.000167163 3.25421e-06 -1.33465e-22
-0.00016712 3.24966e-06 -1.33278e-22
-0.000167074 3.24469e-06 -1.33074e-22
-0.000167025 3.2393e-06 -1.32853e-22
-0.000166973 3.23349e-06 -1.32615e-22
-0.000166917 3.22729e-06 -1.3236e-22
-0.000166858 3.22069e-06 -1.3209e-22
-0.000166796 3.21371e-06 -1.31804e-22
-0.000166731 3.20636e-06 -1.31502e-22
-0.000166663 3.19864e-06 -1.31186e-22
-0.000166593 3.19057e-06 -1.30854e-22
-0.000166519 3.18216e-06 -1.30509e-22
-0.000166443 3.17341e-06 -1.30151e-22
-0.000166365 3.16433e-06 -1.29778e-22
-0.000166284 3.15495e-06 -1.29394e-22
-0.0001662 3.14526e-06 -1.28996e-22
-0.000166114 3.13528e-06 -1.28587e-22
-0.000166026 3.12501e-06 -1.28166e-22
-0.000165936 3.11448e-06 -1.27734e-22
-0.000165844 3.10368e-06 -1.27291e-22
-0.00016575 3.09264e-06 -1.26838e-22
-0.000165654 3.08135e-06 -1.26375e-22
-0.000165556 3.06983e-06 -1.25903e-22
-0.000165456 3.0581e-06 -1.25422e-22
-0.000165355 3.04616e-06 -1.24932e-22
-0.000165252 3.03403e-06 -1.24434e-22
-0.000165148 3.0217e-06 -1.23929e-22
-0.000165043 3.0092e-06 -1.23416e-22
-0.000164936 2.99651e-06 -1.22896e-22
-0.000164827 2.98364e-06 -1.22368e-22
-0.000164718 2.97059e-06 -1.21832e-22
-0.000164607 2.95736e-06 -1.2129e-22
-0.000164494 2.94396e-06 -1.2074e-22
-0.00016438 2.93037e-06 -1.20183e-22
-0.000164265 2.91661e-06 -1.19619e-22
-0.000164149 2.90268e-06 -1.19047e-22
-0.000164031 2.88857e-06 -1.18469e-22
-0.000163912 2.8743e-06 -1.17883e-22
-0.000163792 2.85985e-06 -1.17291e-22
-0.00016367 2.84523e-06 -1.16691e-22
-0.000163548 2.83045e-06 -1.16085e-22
-0.000163424 2.81549e-06 -1.15471e-22
-0.000163298 2.80037e-06 -1.14851e-22
-0.000163172 2.78509e-06 -1.14225e-22
-0.000163044 2.76965e-06 -1.13591e-22
-0.000162915 2.75405e-06 -1.12951e-22
-0.000162785 2.73829e-06 -1.12305e-22
-0.000162654 2.72238e-06 -1.11653e-22
-0.000162522 2.70633e-06 -1.10995e-22
-0.000162389 2.69015e-06 -1.10331e-22
-0.000162255 2.67385e-06 -1.09662e-22
-0.000162121 2.65744e-06 -1.08989e-22
-0.000161985 2.64092e-06 -1.08312e-22
-0.000161849 2.62431e-06 -1.07631e-22
-0.000161713 2.60762e-06 -1.06946e-22
-0.000161576 2.59085e-06 -1.06258e-22
-0.000161438 2.57401e-06 -1.05568e-22
-0.0001613 2.55712e-06 -1.04875e-22
-0.000161162 2.54018e-06 -1.0418e-22
-0.000161024 2.5232e-06 -1.03484e-22
-0.000160886 2.50619e-06 -1.02786e-22
-0.000160748 2.48916e-06 -1.02088e-22
-0.00016061 2.47212e-06 -1.01389e-22
-0.000160471 2.45508e-06 -1.0069e-22
-0.000160334 2.43805e-06 -9.99913e-23
-0.000160196 2.42103e-06 -9.92933e-23
-0.000160059 2.40403e-06 -9.85963e-23
-0.000159922 2.38707e-06 -9.79008e-23
-0.000159786 2.37016e-06 -9.7207e-23
-0.00015965 2.35329e-06 -9.65153e-23
-0.000159515 2.33649e-06 -9.58262e-23
-0.000159381 2.31976e-06 -9.51401e-23
-0.000159247 2.30311e-06 -9.44572e-23
-0.000159115 2.28655e-06 -9.37779e-23
-0.000158983 2.27008e-06 -9.31027e-23
-0.000158853 2.25373e-06 -9.24319e-23
-0.000158723 2.23749e-06 -9.17658e-23
-0.000158595 2.22137e-06 -9.11048e-23
-0.000158468 2.20539e-06 -9.04493e-23
-0.000158342 2.18954e-06 -8.97995e-23
-0.000158218 2.17385e-06 -8.91559e-23
-0.000158095 2.15832e-06 -8.85188e-23
-0.000157974 2.14295e-06 -8.78886e-23
-0.000157854 2.12776e-06 -8.72654e-23
-0.000157736 2.11275e-06 -8.66498e-23
-0.000157619 2.09792e-06 -8.6042e-23
-0.000157505 2.0833e-06 -8.54423e-23
-0.000157392 2.06889e-06 -8.4851e-23
-0.000157281 2.05468e-06 -8.42686e-23
-0.000157172 2.04071e-06 -8.36952e-23
-0.000157065 2.02696e-06 -8.31314e-23
-0.000156961 2.01345e-06 -8.25772e-23
-0.000156858 2.00018e-06 -8.20332e-23
-0.000156758 1.98717e-06 -8.14995e-23
-0.00015666 1.97442e-06 -8.09766e-23
-0.000156564 1.96193e-06 -8.04646e-23
-0.000156471 1.94972e-06 -7.99638e-23
-0.00015638 1.9378e-06 -7.94747e-23
-0.000156292 1.92616e-06 -7.89973e-23
-0.000156206 1.91482e-06 -7.85321e-23
-0.000156123 1.90377e-06 -7.80793e-23
-0.000156043 1.89304e-06 -7.76391e-23
-0.000155965 1.88262e-06 -7.72118e-23
-0.00015589 1.87252e-06 -7.67976e-23
-0.000155818 1.86275e-06 -7.63968e-23
-0.000155748 1.85331e-06 -7.60097e-23
-0.000155682 1.84421e-06 -7.56363e-23
-0.000155619 1.83544e-06 -7.52768e-23
-0.000155558 1.82701e-06 -7.49311e-23
-0.0001555 1.81892e-06 -7.45991e-23
-0.000155445 1.81116e-06 -7.42809e-23
-0.000155394 1.80373e-06 -7.39763e-23
-0.000155344 1.79664e-06 -7.36853e-23
-0.000155298 1.78987e-06 -7.34078e-23
-0.000155255 1.78344e-06 -7.31438e-23
-0.000155214 1.77732e-06 -7.28932e-23
-0.000155176 1.77154e-06 -7.26558e-23
-0.000155141 1.76607e-06 -7.24317e-23
-0.000155109 1.76092e-06 -7.22206e-23
-0.000155079 1.7561e-06 -7.20226e-23
-0.000155052 1.75158e-06 -7.18374e-23
-0.000155028 1.74738e-06 -7.1665e-23
-0.000155006 1.74348e-06 -7.15053e-23
-0.000154987 1.73989e-06 -7.13581e-23
-0.00015497 1.73661e-06 -7.12233e-23
-0.000154957 1.73362e-06 -7.11008e-23
-0.000154945 1.73093e-06 -7.09904e-23
-0.000154936 1.72853e-06 -7.08919e-23
-0.00015493 1.72641e-06 -7.08049e-23
-0.000154926 1.72456e-06 -7.07292e-23
-0.000154924 1.72298e-06 -7.06645e-23
-0.000154924 1.72166e-06 -7.06104e-23
-0.000154927 1.7206e-06 -7.05668e-23
-0.000154931 1.71978e-06 -7.05331e-23
-0.000154938 1.7192e-06 -7.05092e-23
-0.000154947 1.71884e-06 -7.04947e-23
-0.000154957 1.71871e-06 -7.04893e-23
-0.00015497 1.71879e-06 -7.04926e-23
-0.000154984 1.71908e-06 -7.05044e-23
-0.000155 1.71956e-06 -7.05242e-23
-0.000155017 1.72024e-06 -7.05518e-23
-0.000155036 1.72109e-06 -7.05869e-23
-0.000155057 1.72212e-06 -7.0629e-23
-0.000155079 1.72331e-06 -7.06778e-23
-0.000155102 1.72466e-06 -7.07331e-23
-0.000155127 1.72615e-06 -7.07944e-23
-0.000155152 1.72778e-06 -7.08613e-23
-0.000155179 1.72954e-06 -7.09334e-23
-0.000155207 1.73141e-06 -7.10101e-23
-0.000155236 1.73338e-06 -7.10908e-23
-0.000155265 1.73543e-06 -7.11749e-23
-0.000155295 1.73755e-06 -7.12619e-23
-0.000155326 1.73973e-06 -7.13512e-23
-0.000155357 1.74195e-06 -7.14423e-23
-0.000155388 1.74419e-06 -7.15344e-23
-0.00015542 1.74646e-06 -7.16272e-23
-0.000155451 1.74872e-06 -7.172e-23
-0.000155483 1.75097e-06 -7.18122e-23
-0.000155514 1.75319e-06 -7.19034e-23
-0.000155545 1.75537e-06 -7.19928e-23
-0.000155575 1.7575e-06 -7.208e-23
-0.000155606 1.75955e-06 -7.21644e-23
-0.000155635 1.76153e-06 -7.22454e-23
-0.000155664 1.76341e-06 -7.23225e-23
-0.000155692 1.76518e-06 -7.23951e-23
-0.000155718 1.76683e-06 -7.24626e-23
-0.000155744 1.76834e-06 -7.25246e-23
-0.000155769 1.7697e-06 -7.25804e-23
-0.000155792 1.7709e-06 -7.26296e-23
-0.000155814 1.77192e-06 -7.26715e-23
-0.000155835 1.77275e-06 -7.27057e-23
-0.000155853 1.77338e-06 -7.27315e-23
-0.00015587 1.7738e-06 -7.27486e-23
-0.000155886 1.77399e-06 -7.27563e-23
-0.000155899 1.77393e-06 -7.27542e-23
-0.00015591 1.77363e-06 -7.27416e-23
-0.000155919 1.77306e-06 -7.27182e-23
-0.000155926 1.77221e-06 -7.26834e-23
-0.000155931 1.77107e-06 -7.26366e-23
-0.000155933 1.76963e-06 -7.25775e-23
-0.000155933 1.76787e-06 -7.25055e-23
-0.00015593 1.76579e-06 -7.24201e-23
-0.000155924 1.76337e-06 -7.23209e-23
-0.000155915 1.7606e-06 -7.22073e-23
-0.000155904 1.75747e-06 -7.20789e-23
-0.000155889 1.75397e-06 -7.19353e-23
-0.000155872 1.75009e-06 -7.17762e-23
-0.000155851 1.74584e-06 -7.16018e-23
-0.000155828 1.74122e-06 -7.14123e-23
-0.000155801 1.73624e-06 -7.12083e-23
-0.000155772 1.73092e-06 -7.09902e-23
-0.00015574 1.72527e-06 -7.07584e-23
-0.000155705 1.7193e-06 -7.05133e-23
-0.000155668 1.71301e-06 -7.02554e-23
-0.000155629 1.70642e-06 -6.99851e-23
-0.000155587 1.69954e-06 -6.97029e-23
-0.000155543 1.69237e-06 -6.94091e-23
-0.000155496 1.68494e-06 -6.91044e-23
-0.000155448 1.67725e-06 -6.8789e-23
-0.000155397 1.66932e-06 -6.84636e-23
-0.000155345 1.66115e-06 -6.81285e-23
-0.000155291 1.65275e-06 -6.77841e-23
-0.000155235 1.64414e-06 -6.74311e-23
-0.000155177 1.63533e-06 -6.70698e-23
-0.000155118 1.62633e-06 -6.67006e-23
-0.000155057 1.61716e-06 -6.63242e-23
-0.000154995 1.60781e-06 -6.5941e-23
-0.000154932 1.59832e-06 -6.55518e-23
-0.000154868 1.5887e-06 -6.51572e-23
-0.000154802 1.57897e-06 -6.47582e-23
-0.000154737 1.56915e-06 -6.43555e-23
-0.00015467 1.55926e-06 -6.39498e-23
-0.000154603 1.54932e-06 -6.35421e-23
-0.000154536 1.53935e-06 -6.3133e-23
-0.000154469 1.52936e-06 -6.27235e-23
-0.000154401 1.51938e-06 -6.23142e-23
-0.000154334 1.50943e-06 -6.19059e-23
-0.000154267 1.49952e-06 -6.14995e-23
-0.000154201 1.48967e-06 -6.10957e-23
-0.000154135 1.47991e-06 -6.06954e-23
-0.000154071 1.47025e-06 -6.02992e-23
-0.000154007 1.46071e-06 -5.9908e-23
-0.000153944 1.45131e-06 -5.95225e-23
-0.000153882 1.44207e-06 -5.91436e-23
-0.000153822 1.43301e-06 -5.87719e-23
-0.000153764 1.42414e-06 -5.84083e-23
-0.000153707 1.41549e-06 -5.80533e-23
-0.000153651 1.40705e-06 -5.77071e-23
-0.000153598 1.39882e-06 -5.73697e-23
-0.000153546 1.39081e-06 -5.70411e-23
-0.000153496 1.38301e-06 -5.67212e-23
-0.000153448 1.37542e-06 -5.64099e-23
-0.000153401 1.36804e-06 -5.61073e-23
-0.000153356 1.36087e-06 -5.58132e-23
-0.000153312 1.3539e-06 -5.55275e-23
-0.00015327 1.34715e-06 -5.52503e-23
-0.00015323 1.34059e-06 -5.49815e-23
-0.000153191 1.33424e-06 -5.47209e-23
-0.000153154 1.32808e-06 -5.44686e-23
-0.000153119 1.32213e-06 -5.42244e-23
-0.000153085 1.31637e-06 -5.39882e-23
-0.000153052 1.31081e-06 -5.37599e-23
-0.000153021 1.30543e-06 -5.35396e-23
-0.000152992 1.30025e-06 -5.3327e-23
-0.000152964 1.29526e-06 -5.31222e-23
-0.000152937 1.29044e-06 -5.29249e-23
-0.000152912 1.28581e-06 -5.2735e-23
-0.000152888 1.28135e-06 -5.25521e-23
-0.000152866 1.27705e-06 -5.23757e-23
-0.000152844 1.2729e-06 -5.22053e-23
-0.000152823 1.26888e-06 -5.20403e-23
-0.000152804 1.26498e-06 -5.18803e-23
-0.000152785 1.26118e-06 -5.17247e-23
-0.000152767 1.25748e-06 -5.1573e-23
-0.000152749 1.25387e-06 -5.14247e-23
-0.000152732 1.25032e-06 -5.12792e-23
-0.000152715 1.24683e-06 -5.1136e-23
-0.000152699 1.24338e-06 -5.09947e-23
-0.000152682 1.23997e-06 -5.08546e-23
-0.000152666 1.23657e-06 -5.07153e-23
-0.00015265 1.23318e-06 -5.05761e-23
-0.000152633 1.22978e-06 -5.04367e-23
-0.000152617 1.22636e-06 -5.02965e-23
-0.000152599 1.22291e-06 -5.01549e-23
-0.000152582 1.21941e-06 -5.00115e-23
-0.000152564 1.21585e-06 -4.98657e-23
-0.000152545 1.21223e-06 -4.9717e-23
-0.000152525 1.20853e-06 -4.95651e-23
-0.000152505 1.20473e-06 -4.94096e-23
-0.000152483 1.20085e-06 -4.92502e-23
-0.000152461 1.19686e-06 -4.90865e-23
-0.000152437 1.19275e-06 -4.89182e-23
-0.000152413 1.18853e-06 -4.87449e-23
-0.000152387 1.18417e-06 -4.85664e-23
-0.00015236 1.17968e-06 -4.83823e-23
-0.000152332 1.17505e-06 -4.81922e-23
-0.000152302 1.17027e-06 -4.79959e-23
-0.000152271 1.16532e-06 -4.77931e-23
-0.000152238 1.16021e-06 -4.75834e-23
-0.000152204 1.15492e-06 -4.73666e-23
-0.000152168 1.14945e-06 -4.71423e-23
-0.000152131 1.14379e-06 -4.69102e-23
-0.000152092 1.13794e-06 -4.667e-23
-0.00015205 1.13188e-06 -4.64215e-23
-0.000152007 1.12561e-06 -4.61644e-23
-0.000151963 1.11912e-06 -4.58983e-23
-0.000151916 1.11241e-06 -4.56232e-23
-0.000151867 1.10548e-06 -4.5339e-23
-0.000151816 1.09834e-06 -4.50459e-23
-0.000151763 1.09098e-06 -4.47441e-23
-0.000151709 1.08341e-06 -4.44337e-23
-0.000151652 1.07564e-06 -4.41149e-23
-0.000151594 1.06766e-06 -4.37879e-23
-0.000151534 1.05949e-06 -4.34529e-23
-0.000151472 1.05114e-06 -4.31101e-23
-0.000151409 1.04259e-06 -4.27596e-23
-0.000151343 1.03386e-06 -4.24018e-23
-0.000151277 1.02496e-06 -4.20367e-23
-0.000151208 1.01589e-06 -4.16645e-23
-0.000151138 1.00665e-06 -4.12856e-23
-0.000151067 9.9725e-07 -4.09001e-23
-0.000150994 9.87695e-07 -4.05082e-23
-0.00015092 9.77991e-07 -4.01102e-23
-0.000150844 9.68143e-07 -3.97063e-23
-0.000150767 9.58157e-07 -3.92968e-23
-0.000150689 9.48039e-07 -3.88818e-23
-0.000150609 9.37794e-07 -3.84616e-23
-0.000150528 9.27429e-07 -3.80365e-23
-0.000150446 9.16949e-07 -3.76067e-23
-0.000150363 9.0636e-07 -3.71724e-23
-0.000150279 8.95669e-07 -3.6734e-23
-0.000150194 8.8488e-07 -3.62915e-23
-0.000150108 8.74002e-07 -3.58453e-23
-0.000150022 8.63039e-07 -3.53957e-23
-0.000149934 8.51999e-07 -3.49429e-23
-0.000149845 8.40888e-07 -3.44872e-23
-0.000149756 8.29711e-07 -3.40289e-23
-0.000149666 8.18477e-07 -3.35681e-23
-0.000149576 8.07191e-07 -3.31052e-23
-0.000149485 7.95861e-07 -3.26406e-23
-0.000149393 7.84493e-07 -3.21743e-23
-0.000149301 7.73094e-07 -3.17068e-23
-0.000149208 7.61671e-07 -3.12383e-23
-0.000149116 7.50231e-07 -3.07691e-23
-0.000149022 7.38782e-07 -3.02996e-23
-0.000148929 7.27329e-07 -2.98299e-23
-0.000148836 7.15881e-07 -2.93603e-23
-0.000148742 7.04441e-07 -2.88912e-23
-0.000148648 6.93014e-07 -2.84225e-23
-0.000148554 6.81603e-07 -2.79545e-23
-0.00014846 6.70213e-07 -2.74874e-23
-0.000148367 6.58848e-07 -2.70213e-23
-0.000148273 6.47511e-07 -2.65563e-23
-0.000148179 6.36207e-07 -2.60927e-23
-0.000148085 6.2494e-07 -2.56306e-23
-0.000147992 6.13714e-07 -2.51702e-23
-0.000147899 6.02534e-07 -2.47117e-23
-0.000147805 5.91403e-07 -2.42551e-23
-0.000147713 5.80326e-07 -2.38009e-23
-0.00014762 5.69308e-07 -2.3349e-23
-0.000147528 5.58353e-07 -2.28997e-23
-0.000147436 5.47464e-07 -2.24531e-23
-0.000147345 5.36648e-07 -2.20095e-23
-0.000147254 5.25907e-07 -2.1569e-23
-0.000147163 5.15247e-07 -2.11318e-23
-0.000147073 5.04672e-07 -2.06981e-23
-0.000146984 4.9419e-07 -2.02681e-23
-0.000146895 4.83812e-07 -1.98425e-23
-0.000146807 4.73554e-07 -1.94218e-23
-0.00014672 4.63433e-07 -1.90067e-23
-0.000146634 4.53465e-07 -1.85979e-23
-0.00014655 4.43665e-07 -1.8196e-23
-0.000146466 4.34049e-07 -1.78016e-23
-0.000146385 4.24634e-07 -1.74154e-23
-0.000146304 4.15434e-07 -1.70381e-23
-0.000146226 4.06466e-07 -1.66703e-23
-0.000146149 3.97746e-07 -1.63127e-23
-0.000146075 3.89288e-07 -1.59658e-23
-0.000146002 3.8111e-07 -1.56304e-23
-0.000145932 3.73225e-07 -1.53071e-23
-0.000145864 3.65651e-07 -1.49964e-23
-0.000145798 3.58401e-07 -1.46991e-23
-0.000145736 3.51491e-07 -1.44157e-23
-0.000145676 3.44937e-07 -1.41469e-23
-0.000145618 3.38753e-07 -1.38932e-23
-0.000145564 3.32955e-07 -1.36554e-23
-0.000145513 3.27556e-07 -1.3434e-23
-0.000145465 3.2257e-07 -1.32295e-23
-0.000145421 3.18011e-07 -1.30425e-23
-0.00014538 3.13891e-07 -1.28736e-23
-0.000145342 3.10222e-07 -1.27231e-23
-0.000145309 3.07017e-07 -1.25917e-23
-0.000145278 3.04289e-07 -1.24798e-23
-0.000145252 3.0205e-07 -1.23879e-23
-0.00014523 3.00311e-07 -1.23166e-23
-0.000145212 2.99085e-07 -1.22664e-23
-0.000145198 2.98384e-07 -1.22376e-23
-0.000145188 2.98218e-07 -1.22308e-23
-0.000145182 2.986e-07 -1.22464e-23
-0.000145181 2.9954e-07 -1.2285e-23
-0.000145185 3.0105e-07 -1.23469e-23
-0.000145193 3.0314e-07 -1.24326e-23
-0.000145205 3.05821e-07 -1.25426e-23
-0.000145223 3.09103e-07 -1.26772e-23
-0.000145245 3.12998e-07 -1.28369e-23
-0.000145273 3.17514e-07 -1.30221e-23
-0.000145305 3.22657e-07 -1.32331e-23
-0.000145342 3.28428e-07 -1.34698e-23
-0.000145385 3.3482e-07 -1.37319e-23
-0.000145432 3.41827e-07 -1.40193e-23
-0.000145484 3.49441e-07 -1.43316e-23
-0.000145541 3.57657e-07 -1.46686e-23
-0.000145602 3.66468e-07 -1.50299e-23
-0.000145668 3.75866e-07 -1.54153e-23
-0.000145739 3.85844e-07 -1.58246e-23
-0.000145815 3.96396e-07 -1.62573e-23
-0.000145895 4.07512e-07 -1.67133e-23
-0.000145979 4.19187e-07 -1.7192e-23
-0.000146068 4.31411e-07 -1.76934e-23
-0.000146161 4.44176e-07 -1.8217e-23
-0.000146258 4.57476e-07 -1.87624e-23
-0.00014636 4.713e-07 -1.93294e-23
-0.000146465 4.85642e-07 -1.99176e-23
-0.000146575 5.00491e-07 -2.05266e-23
-0.000146689 5.1584e-07 -2.11561e-23
-0.000146806 5.31679e-07 -2.18057e-23
-0.000146927 5.47994e-07 -2.24748e-23
-0.000147052 5.64758e-07 -2.31623e-23
-0.00014718 5.81938e-07 -2.38669e-23
-0.000147312 5.99499e-07 -2.45872e-23
-0.000147446 6.17408e-07 -2.53217e-23
-0.000147582 6.35631e-07 -2.6069e-23
-0.000147721 6.54132e-07 -2.68278e-23
-0.000147862 6.72878e-07 -2.75967e-23
-0.000148004 6.91834e-07 -2.83741e-23
-0.000148147 7.10967e-07 -2.91588e-23
-0.000148292 7.30242e-07 -2.99493e-23
-0.000148438 7.49624e-07 -3.07442e-23
-0.000148584 7.69079e-07 -3.15422e-23
-0.00014873 7.88574e-07 -3.23417e-23
-0.000148877 8.08074e-07 -3.31415e-23
-0.000149023 8.27545e-07 -3.394e-23
-0.000149168 8.46953e-07 -3.4736e-23
-0.000149313 8.66265e-07 -3.5528e-23
-0.000149457 8.85446e-07 -3.63147e-23
-0.000149599 9.04462e-07 -3.70946e-23
-0.00014974 9.23283e-07 -3.78665e-23
-0.000149878 9.41879e-07 -3.86292e-23
-0.000150015 9.60224e-07 -3.93816e-23
-0.00015015 9.78292e-07 -4.01226e-23
-0.000150282 9.96058e-07 -4.08512e-23
-0.000150411 1.01349e-06 -4.15663e-23
-0.000150537 1.03058e-06 -4.22669e-23
-0.000150661 1.04728e-06 -4.2952e-23
-0.000150781 1.06358e-06 -4.36204e-23
-0.000150897 1.07945e-06 -4.42712e-23
-0.00015101 1.09486e-06 -4.49033e-23
-0.000151119 1.10979e-06 -4.55159e-23
-0.000151224 1.12422e-06 -4.61077e-23
-0.000151324 1.13813e-06 -4.66779e-23
-0.000151421 1.15148e-06 -4.72255e-23
-0.000151512 1.16426e-06 -4.77495e-23
-0.000151599 1.17643e-06 -4.8249e-23
-0.00015168 1.18799e-06 -4.8723e-23
-0.000151757 1.1989e-06 -4.91705e-23
-0.000151828 1.20915e-06 -4.95907e-23
-0.000151893 1.21871e-06 -4.99827e-23
-0.000151953 1.22757e-06 -5.03461e-23
-0.000152008 1.23572e-06 -5.06806e-23
-0.000152056 1.24317e-06 -5.09858e-23
-0.000152099 1.24989e-06 -5.12616e-23
-0.000152136 1.25589e-06 -5.15076e-23
-0.000152167 1.26116e-06 -5.17237e-23
-0.000152192 1.26569e-06 -5.19096e-23
-0.000152211 1.26948e-06 -5.20649e-23
-0.000152225 1.27252e-06 -5.21897e-23
-0.000152232 1.27481e-06 -5.22835e-23
-0.000152233 1.27634e-06 -5.23463e-23
-0.000152228 1.27711e-06 -5.23779e-23
-0.000152217 1.27711e-06 -5.2378e-23
-0.0001522 1.27635e-06 -5.23466e-23
-0.000152177 1.2748e-06 -5.22834e-23
-0.000152147 1.27249e-06 -5.21884e-23
-0.000152112 1.26939e-06 -5.20613e-23
-0.00015207 1.26551e-06 -5.19022e-23
-0.000152022 1.26084e-06 -5.17107e-23
-0.000151967 1.25539e-06 -5.14872e-23
-0.000151907 1.24918e-06 -5.12323e-23
-0.000151841 1.24222e-06 -5.0947e-23
-0.000151769 1.23454e-06 -5.06322e-23
-0.000151692 1.22617e-06 -5.0289e-23
-0.00015161 1.21714e-06 -4.99184e-23
-0.000151522 1.20746e-06 -4.95214e-23
-0.00015143 1.19716e-06 -4.90992e-23
-0.000151333 1.18628e-06 -4.86526e-23
-0.000151232 1.17482e-06 -4.81829e-23
-0.000151126 1.16283e-06 -4.76909e-23
-0.000151017 1.15032e-06 -4.71779e-23
-0.000150904 1.13732e-06 -4.66447e-23
-0.000150787 1.12386e-06 -4.60926e-23
-0.000150667 1.10996e-06 -4.55225e-23
-0.000150544 1.09565e-06 -4.49356e-23
-0.000150418 1.08095e-06 -4.43328e-23
-0.00015029 1.06589e-06 -4.37153e-23
-0.000150159 1.0505e-06 -4.30841e-23
-0.000150025 1.0348e-06 -4.24403e-23
-0.00014989 1.01882e-06 -4.17849e-23
-0.000149753 1.0026e-06 -4.11193e-23
-0.000149615 9.86147e-07 -4.04447e-23
-0.000149475 9.69511e-07 -3.97625e-23
-0.000149335 9.52719e-07 -3.90738e-23
-0.000149193 9.35802e-07 -3.83799e-23
-0.000149052 9.18791e-07 -3.76823e-23
-0.00014891 9.01717e-07 -3.6982e-23
-0.000148768 8.84611e-07 -3.62804e-23
-0.000148626 8.67503e-07 -3.55788e-23
-0.000148485 8.50425e-07 -3.48784e-23
-0.000148345 8.33407e-07 -3.41804e-23
-0.000148206 8.16479e-07 -3.34862e-23
-0.000148068 7.99671e-07 -3.27968e-23
-0.000147932 7.83013e-07 -3.21136e-23
-0.000147798 7.66535e-07 -3.14378e-23
-0.000147665 7.50265e-07 -3.07705e-23
-0.000147535 7.34233e-07 -3.0113e-23
-0.000147408 7.18467e-07 -2.94664e-23
-0.000147283 7.02997e-07 -2.8832e-23
-0.000147161 6.87849e-07 -2.82107e-23
-0.000147042 6.73043e-07 -2.76034e-23
-0.000146927 6.58599e-07 -2.7011e-23
-0.000146815 6.44534e-07 -2.64342e-23
-0.000146707 6.30866e-07 -2.58736e-23
-0.000146602 6.17613e-07 -2.53301e-23
-0.000146501 6.04791e-07 -2.48042e-23
-0.000146405 5.92417e-07 -2.42967e-23
-0.000146312 5.80508e-07 -2.38083e-23
-0.000146224 5.69079e-07 -2.33396e-23
-0.00014614 5.58147e-07 -2.28912e-23
-0.00014606 5.47728e-07 -2.24639e-23
-0.000145986 5.37835e-07 -2.20582e-23
-0.000145916 5.28483e-07 -2.16746e-23
-0.00014585 5.19688e-07 -2.13139e-23
-0.00014579 5.11463e-07 -2.09766e-23
-0.000145735 5.03822e-07 -2.06632e-23
-0.000145685 4.96778e-07 -2.03743e-23
-0.000145641 4.90344e-07 -2.01104e-23
-0.000145602 4.84532e-07 -1.98721e-23
-0.000145568 4.79353e-07 -1.96596e-23
-0.00014554 4.74808e-07 -1.94733e-23
-0.000145517 4.709e-07 -1.93129e-23
-0.000145499 4.67625e-07 -1.91787e-23
-0.000145488 4.64984e-07 -1.90703e-23
-0.000145481 4.62974e-07 -1.89879e-23
-0.00014548 4.61595e-07 -1.89313e-23
-0.000145485 4.60843e-07 -1.89005e-23
-0.000145495 4.60716e-07 -1.88953e-23
-0.00014551 4.61211e-07 -1.89156e-23
-0.00014553 4.62325e-07 -1.89613e-23
-0.000145556 4.64054e-07 -1.90322e-23
-0.000145587 4.66396e-07 -1.91282e-23
-0.000145623 4.69344e-07 -1.92492e-23
-0.000145664 4.72896e-07 -1.93948e-23
-0.00014571 4.77046e-07 -1.9565e-23
-0.000145762 4.81789e-07 -1.97596e-23
-0.000145818 4.8712e-07 -1.99782e-23
-0.00014588 4.93034e-07 -2.02207e-23
-0.000145946 4.99523e-07 -2.04869e-23
-0.000146017 5.06582e-07 -2.07764e-23
-0.000146092 5.14197e-07 -2.10887e-23
-0.000146173 5.22356e-07 -2.14233e-23
-0.000146257 5.31044e-07 -2.17797e-23
-0.000146347 5.40248e-07 -2.21571e-23
-0.00014644 5.49952e-07 -2.25551e-23
-0.000146537 5.60143e-07 -2.29731e-23
-0.000146638 5.70804e-07 -2.34103e-23
-0.000146744 5.81922e-07 -2.38663e-23
-0.000146852 5.9348e-07 -2.43403e-23
-0.000146965 6.05464e-07 -2.48318e-23
-0.00014708 6.17858e-07 -2.53401e-23
-0.000147199 6.30646e-07 -2.58646e-23
-0.000147322 6.43813e-07 -2.64046e-23
-0.000147447 6.57342e-07 -2.69595e-23
-0.000147575 6.71217e-07 -2.75286e-23
-0.000147705 6.85423e-07 -2.81112e-23
-0.000147838 6.99943e-07 -2.87067e-23
-0.000147974 7.14761e-07 -2.93144e-23
-0.000148112 7.2986e-07 -2.99337e-23
-0.000148252 7.45225e-07 -3.05638e-23
-0.000148394 7.60846e-07 -3.12045e-23
-0.000148538 7.76711e-07 -3.18552e-23
-0.000148684 7.92812e-07 -3.25155e-23
-0.000148831 8.09138e-07 -3.31851e-23
-0.000148981 8.2568e-07 -3.38635e-23
-0.000149131 8.42428e-07 -3.45504e-23
-0.000149284 8.59373e-07 -3.52454e-23
-0.000149437 8.76504e-07 -3.5948e-23
-0.000149592 8.93812e-07 -3.66578e-23
-0.000149748 9.11287e-07 -3.73745e-23
-0.000149906 9.2892e-07 -3.80977e-23
-0.000150064 9.467e-07 -3.88269e-23
-0.000150223 9.64619e-07 -3.95618e-23
-0.000150383 9.82666e-07 -4.0302e-23
-0.000150544 1.00083e-06 -4.1047e-23
-0.000150706 1.01911e-06 -4.17966e-23
-0.000150868 1.03749e-06 -4.25503e-23
-0.00015103 1.05595e-06 -4.33078e-23
-0.000151193 1.07451e-06 -4.40686e-23
-0.000151356 1.09313e-06 -4.48323e-23
-0.00015152 1.1118e-06 -4.55983e-23
-0.000151683 1.13052e-06 -4.63658e-23
-0.000151847 1.14925e-06 -4.71341e-23
-0.00015201 1.16799e-06 -4.79025e-23
-0.000152173 1.1867e-06 -4.86701e-23
-0.000152335 1.20539e-06 -4.94364e-23
-0.000152496 1.22402e-06 -5.02005e-23
-0.000152656 1.24258e-06 -5.09618e-23
-0.000152816 1.26105e-06 -5.17195e-23
-0.000152974 1.27943e-06 -5.2473e-23
-0.000153131 1.29768e-06 -5.32216e-23
-0.000153286 1.31579e-06 -5.39645e-23
-0.00015344 1.33376e-06 -5.47013e-23
-0.000153592 1.35155e-06 -5.5431e-23
-0.000153742 1.36916e-06 -5.61533e-23
-0.00015389 1.38657e-06 -5.68673e-23
-0.000154036 1.40376e-06 -5.75725e-23
-0.00015418 1.42073e-06 -5.82682e-23
-0.000154321 1.43745e-06 -5.89539e-23
-0.00015446 1.45391e-06 -5.9629e-23
-0.000154596 1.4701e-06 -6.0293e-23
-0.00015473 1.48601e-06 -6.09457e-23
-0.000154861 1.50164e-06 -6.15866e-23
-0.000154989 1.51697e-06 -6.22154e-23
-0.000155114 1.532e-06 -6.28319e-23
-0.000155236 1.54672e-06 -6.34356e-23
-0.000155355 1.56112e-06 -6.40262e-23
-0.000155472 1.5752e-06 -6.46036e-23
-0.000155585 1.58895e-06 -6.51674e-23
-0.000155695 1.60236e-06 -6.57173e-23
-0.000155801 1.61542e-06 -6.62531e-23
-0.000155905 1.62814e-06 -6.67745e-23
-0.000156005 1.6405e-06 -6.72814e-23
-0.000156101 1.65249e-06 -6.77736e-23
-0.000156195 1.66413e-06 -6.82507e-23
-0.000156284 1.67539e-06 -6.87126e-23
-0.000156371 1.68628e-06 -6.91593e-23
-0.000156454 1.69679e-06 -6.95904e-23
-0.000156533 1.70692e-06 -7.00058e-23
-0.000156609 1.71667e-06 -7.04056e-23
-0.000156681 1.72604e-06 -7.07901e-23
-0.00015675 1.73505e-06 -7.11595e-23
-0.000156816 1.74371e-06 -7.15144e-23
-0.000156878 1.75202e-06 -7.18554e-23
-0.000156938 1.76e-06 -7.21827e-23
-0.000156994 1.76767e-06 -7.24971e-23
-0.000157047 1.77502e-06 -7.27988e-23
-0.000157098 1.78209e-06 -7.30885e-23
-0.000157146 1.78887e-06 -7.33668e-23
-0.000157192 1.79539e-06 -7.3634e-23
-0.000157235 1.80165e-06 -7.38908e-23
-0.000157275 1.80767e-06 -7.41377e-23
-0.000157314 1.81346e-06 -7.43753e-23
-0.00015735 1.81904e-06 -7.46041e-23
-0.000157384 1.82442e-06 -7.48247e-23
-0.000157417 1.82961e-06 -7.50377e-23
-0.000157447 1.83464e-06 -7.52438e-23
-0.000157476 1.8395e-06 -7.54434e-23
-0.000157504 1.84423e-06 -7.56372e-23
-0.00015753 1.84883e-06 -7.58258e-23
-0.000157555 1.85331e-06 -7.60098e-23
-0.000157579 1.8577e-06 -7.61898e-23
-0.000157601 1.86201e-06 -7.63663e-23
-0.000157623 1.86624e-06 -7.65401e-23
-0.000157644 1.87043e-06 -7.67116e-23
-0.000157665 1.87457e-06 -7.68814e-23
-0.000157685 1.87868e-06 -7.70503e-23
-0.000157705 1.88279e-06 -7.72188e-23
-0.000157724 1.88691e-06 -7.73875e-23
-0.000157743 1.89104e-06 -7.7557e-23
-0.000157763 1.89521e-06 -7.7728e-23
-0.000157782 1.89943e-06 -7.7901e-23
-0.000157802 1.90371e-06 -7.80768e-23
-0.000157822 1.90808e-06 -7.82559e-23
-0.000157843 1.91254e-06 -7.8439e-23
-0.000157865 1.91712e-06 -7.86266e-23
-0.000157887 1.92182e-06 -7.88195e-23
-0.00015791 1.92667e-06 -7.90181e-23
-0.000157934 1.93167e-06 -7.92233e-23
-0.00015796 1.93684e-06 -7.94353e-23
-0.000157987 1.94218e-06 -7.96545e-23
-0.000158015 1.9477e-06 -7.98809e-23
-0.000158044 1.95339e-06 -8.01143e-23
-0.000158074 1.95926e-06 -8.03549e-23
-0.000158106 1.9653e-06 -8.06027e-23
-0.000158139 1.97151e-06 -8.08575e-23
-0.000158173 1.9779e-06 -8.11194e-23
-0.000158209 1.98446e-06 -8.13885e-23
-0.000158246 1.99119e-06 -8.16646e-23
-0.000158284 1.9981e-06 -8.19477e-23
-0.000158323 2.00517e-06 -8.2238e-23
-0.000158364 2.01242e-06 -8.25352e-23
-0.000158406 2.01984e-06 -8.28394e-23
-0.00015845 2.02743e-06 -8.31507e-23
-0.000158494 2.03518e-06 -8.34688e-23
-0.00015854 2.04311e-06 -8.37939e-23
-0.000158588 2.0512e-06 -8.41258e-23
-0.000158637 2.05946e-06 -8.44646e-23
-0.000158687 2.06789e-06 -8.48102e-23
-0.000158738 2.07647e-06 -8.51622e-23
-0.00015879 2.0852e-06 -8.55199e-23
-0.000158843 2.09403e-06 -8.5882e-23
-0.000158897 2.10293e-06 -8.62474e-23
-0.000158952 2.11189e-06 -8.66148e-23
-0.000159006 2.12087e-06 -8.69831e-23
-0.000159061 2.12984e-06 -8.7351e-23
-0.000159115 2.13877e-06 -8.77173e-23
-0.000159169 2.14764e-06 -8.80809e-23
-0.000159222 2.15641e-06 -8.84404e-23
-0.000159274 2.16505e-06 -8.87948e-23
-0.000159325 2.17353e-06 -8.91428e-23
-0.000159374 2.18183e-06 -8.94831e-23
-0.000159422 2.18991e-06 -8.98147e-23
-0.000159468 2.19775e-06 -9.01363e-23
-0.000159512 2.20532e-06 -9.04466e-23
-0.000159554 2.21259e-06 -9.07446e-23
-0.000159593 2.21952e-06 -9.10289e-23
-0.000159629 2.22609e-06 -9.12985e-23
-0.000159662 2.23228e-06 -9.15522e-23
-0.000159692 2.23805e-06 -9.17888e-23
-0.000159719 2.24339e-06 -9.20079e-23
-0.000159742 2.24829e-06 -9.22089e-23
-0.000159762 2.25274e-06 -9.23914e-23
-0.000159778 2.25673e-06 -9.25551e-23
-0.000159791 2.26025e-06 -9.26995e-23
-0.000159799 2.26329e-06 -9.28243e-23
-0.000159804 2.26585e-06 -9.2929e-23
-0.000159806 2.2679e-06 -9.30132e-23
-0.000159803 2.26945e-06 -9.30767e-23
-0.000159796 2.27048e-06 -9.31189e-23
-0.000159786 2.27098e-06 -9.31395e-23
-0.000159771 2.27095e-06 -9.31382e-23
-0.000159752 2.27037e-06 -9.31145e-23
-0.000159728 2.26924e-06 -9.30682e-23
-0.000159701 2.26755e-06 -9.29987e-23
-0.000159668 2.26529e-06 -9.29059e-23
-0.000159632 2.26244e-06 -9.27893e-23
-0.000159591 2.25901e-06 -9.26486e-23
-0.000159545 2.25498e-06 -9.24834e-23
-0.000159495 2.25036e-06 -9.22936e-23
-0.00015944 2.24514e-06 -9.20797e-23
-0.000159381 2.23935e-06 -9.18424e-23
-0.000159318 2.23301e-06 -9.15822e-23
-0.00015925 2.22613e-06 -9.13001e-23
-0.000159178 2.21873e-06 -9.09966e-23
-0.000159103 2.21083e-06 -9.06726e-23
-0.000159024 2.20245e-06 -9.03287e-23
-0.000158942 2.1936e-06 -8.99657e-23
-0.000158856 2.1843e-06 -8.95843e-23
-0.000158767 2.17457e-06 -8.91852e-23
-0.000158675 2.16442e-06 -8.87693e-23
-0.00015858 2.15389e-06 -8.83371e-23
-0.000158482 2.14297e-06 -8.78895e-23
-0.000158381 2.1317e-06 -8.74271e-23
-0.000158278 2.12008e-06 -8.69508e-23
-0.000158173 2.10815e-06 -8.64612e-23
-0.000158065 2.0959e-06 -8.59591e-23
-0.000157956 2.08337e-06 -8.54452e-23
-0.000157844 2.07057e-06 -8.49202e-23
-0.000157731 2.05752e-06 -8.4385e-23
-0.000157617 2.04425e-06 -8.38404e-23
-0.0001575 2.03076e-06 -8.32875e-23
-0.000157383 2.01711e-06 -8.27274e-23
-0.000157265 2.00329e-06 -8.21609e-23
-0.000157146 1.98936e-06 -8.15892e-23
-0.000157026 1.97531e-06 -8.10133e-23
-0.000156907 1.96119e-06 -8.04341e-23
-0.000156787 1.94701e-06 -7.98527e-23
-0.000156667 1.93281e-06 -7.927e-23
-0.000156547 1.9186e-06 -7.86872e-23
-0.000156428 1.9044e-06 -7.8105e-23
-0.000156309 1.89025e-06 -7.75246e-23
-0.000156191 1.87616e-06 -7.69469e-23
-0.000156074 1.86217e-06 -7.63729e-23
-0.000155958 1.84829e-06 -7.58035e-23
-0.000155844 1.83454e-06 -7.52397e-23
-0.000155731 1.82095e-06 -7.46825e-23
-0.00015562 1.80755e-06 -7.41327e-23
-0.000155511 1.79435e-06 -7.35913e-23
-0.000155404 1.78137e-06 -7.30592e-23
-0.000155299 1.76863e-06 -7.25368e-23
-0.000155197 1.75614e-06 -7.20245e-23
-0.000155097 1.7439e-06 -7.15225e-23
-0.000154999 1.73193e-06 -7.10313e-23
-0.000154903 1.72022e-06 -7.05512e-23
-0.000154811 1.70879e-06 -7.00824e-23
-0.00015472 1.69764e-06 -6.96252e-23
-0.000154632 1.68679e-06 -6.91799e-23
-0.000154547 1.67623e-06 -6.87469e-23
-0.000154465 1.66597e-06 -6.83264e-23
-0.000154385 1.65603e-06 -6.79186e-23
-0.000154308 1.6464e-06 -6.75238e-23
-0.000154234 1.6371e-06 -6.71423e-23
-0.000154163 1.62813e-06 -6.67743e-23
-0.000154095 1.61949e-06 -6.64201e-23
-0.00015403 1.6112e-06 -6.60799e-23
-0.000153968 1.60325e-06 -6.57538e-23
-0.000153909 1.59565e-06 -6.54422e-23
-0.000153853 1.58841e-06 -6.51451e-23
-0.0001538 1.58152e-06 -6.48628e-23
-0.00015375 1.57498e-06 -6.45946e-23
-0.000153703 1.56878e-06 -6.43401e-23
-0.000153659 1.56289e-06 -6.40985e-23
-0.000153617 1.5573e-06 -6.38692e-23
-0.000153578 1.55199e-06 -6.36515e-23
-0.000153541 1.54695e-06 -6.34448e-23
-0.000153506 1.54216e-06 -6.32484e-23
-0.000153474 1.5376e-06 -6.30615e-23
-0.000153443 1.53327e-06 -6.28836e-23
-0.000153414 1.52913e-06 -6.2714e-23
-0.000153387 1.52518e-06 -6.25518e-23
-0.000153361 1.52139e-06 -6.23966e-23
-0.000153336 1.51775e-06 -6.22475e-23
-0.000153313 1.51425e-06 -6.21039e-23
-0.000153291 1.51087e-06 -6.19651e-23
-0.00015327 1.50758e-06 -6.18303e-23
-0.00015325 1.50438e-06 -6.1699e-23
-0.00015323 1.50124e-06 -6.15703e-23
-0.000153211 1.49816e-06 -6.14437e-23
-0.000153192 1.4951e-06 -6.13183e-23
-0.000153173 1.49205e-06 -6.11931e-23
-0.000153154 1.48898e-06 -6.10673e-23
-0.000153135 1.48587e-06 -6.09397e-23
-0.000153116 1.48269e-06 -6.08092e-23
-0.000153096 1.47941e-06 -6.0675e-23
-0.000153075 1.47602e-06 -6.05359e-23
-0.000153053 1.47249e-06 -6.03909e-23
-0.000153029 1.46878e-06 -6.02391e-23
-0.000153004 1.46489e-06 -6.00793e-23
-0.000152978 1.46078e-06 -5.99106e-23
-0.000152949 1.45642e-06 -5.97321e-23
-0.000152919 1.4518e-06 -5.95426e-23
-0.000152886 1.44689e-06 -5.93413e-23
-0.000152851 1.44167e-06 -5.91271e-23
-0.000152813 1.43611e-06 -5.8899e-23
-0.000152772 1.43019e-06 -5.86562e-23
-0.000152728 1.42388e-06 -5.83976e-23
-0.000152681 1.41717e-06 -5.81223e-23
-0.000152631 1.41003e-06 -5.78294e-23
-0.000152577 1.40244e-06 -5.7518e-23
-0.000152519 1.39438e-06 -5.71874e-23
-0.000152457 1.38584e-06 -5.68372e-23
-0.000152392 1.3768e-06 -5.64667e-23
-0.000152322 1.36727e-06 -5.60756e-23
-0.000152248 1.35721e-06 -5.56632e-23
-0.00015217 1.34663e-06 -5.52292e-23
-0.000152088 1.33551e-06 -5.4773e-23
-0.000152001 1.32383e-06 -5.42941e-23
-0.00015191 1.31159e-06 -5.37921e-23
-0.000151814 1.29878e-06 -5.32665e-23
-0.000151713 1.28538e-06 -5.2717e-23
-0.000151608 1.27138e-06 -5.2143e-23
-0.000151498 1.25678e-06 -5.15442e-23
-0.000151383 1.24156e-06 -5.09201e-23
-0.000151263 1.22572e-06 -5.02704e-23
-0.000151138 1.20925e-06 -4.95947e-23
-0.000151007 1.19213e-06 -4.88926e-23
-0.000150872 1.17436e-06 -4.81637e-23
-0.000150731 1.15592e-06 -4.74077e-23
-0.000150585 1.13682e-06 -4.66244e-23
-0.000150434 1.11706e-06 -4.58139e-23
-0.000150277 1.09665e-06 -4.49766e-23
-0.000150116 1.07558e-06 -4.41128e-23
-0.000149949 1.05388e-06 -4.32227e-23
-0.000149777 1.03155e-06 -4.23069e-23
-0.000149601 1.0086e-06 -4.13656e-23
-0.000149419 9.85038e-07 -4.03992e-23
-0.000149233 9.60873e-07 -3.94082e-23
-0.000149042 9.36117e-07 -3.83929e-23
-0.000148846 9.10778e-07 -3.73536e-23
-0.000148646 8.84866e-07 -3.62909e-23
-0.000148442 8.58392e-07 -3.52051e-23
-0.000148233 8.31367e-07 -3.40967e-23
-0.00014802 8.038e-07 -3.29661e-23
-0.000147803 7.75702e-07 -3.18138e-23
-0.000147582 7.47085e-07 -3.06401e-23
-0.000147357 7.17959e-07 -2.94456e-23
-0.000147128 6.88335e-07 -2.82306e-23
-0.000146895 6.58226e-07 -2.69957e-23
-0.000146659 6.27642e-07 -2.57414e-23
-0.000146419 5.96599e-07 -2.44682e-23
-0.000146176 5.6511e-07 -2.31768e-23
-0.00014593 5.33192e-07 -2.18677e-23
-0.00014568 5.00859e-07 -2.05417e-23
-0.000145428 4.68126e-07 -1.91992e-23
-0.000145172 4.3501e-07 -1.7841e-23
-0.000144914 4.01525e-07 -1.64677e-23
-0.000144653 3.67687e-07 -1.50799e-23
-0.00014439 3.33512e-07 -1.36783e-23
-0.000144124 2.99015e-07 -1.22635e-23
-0.000143857 2.64211e-07 -1.08361e-23
-0.000143587 2.29117e-07 -9.39674e-24
-0.000143315 1.93747e-07 -7.94614e-24
-0.000143042 1.58118e-07 -6.48488e-24
-0.000142767 1.22245e-07 -5.01361e-24
-0.00014249 8.61428e-08 -3.53297e-24
-0.000142212 4.98278e-08 -2.04358e-24
-0.000141933 1.33151e-08 -5.4609e-25
-0.000141652 -2.338e-08 9.5888e-25
-0.000141371 -6.02443e-08 2.47079e-24
-0.000141088 -9.72696e-08 3.98931e-24
-0.000140805 -1.3445e-07 5.51419e-24
-0.000140521 -1.71781e-07 7.04524e-24
-0.000140236 -2.09257e-07 8.58225e-24
-0.000139951 -2.46874e-07 1.0125e-23
-0.000139664 -2.84625e-07 1.16733e-23
-0.000139378 -3.22507e-07 1.32269e-23
-0.00013909 -3.60515e-07 1.47858e-23
-0.000138802 -3.98644e-07 1.63495e-23
-0.000138514 -4.36889e-07 1.79181e-23
-0.000138225 -4.75247e-07 1.94912e-23
-0.000137935 -5.13712e-07 2.10688e-23
-0.000137645 -5.52282e-07 2.26507e-23
-0.000137355 -5.90952e-07 2.42366e-23
-0.000137065 -6.29718e-07 2.58266e-23
-0.000136774 -6.68576e-07 2.74203e-23
-0.000136483 -7.07524e-07 2.90176e-23
-0.000136192 -7.46557e-07 3.06185e-23
-0.000135901 -7.85673e-07 3.22227e-23
-0.00013561 -8.24866e-07 3.38302e-23
-0.000135318 -8.64128e-07 3.54404e-23
-0.000135027 -9.03447e-07 3.7053e-23
-0.000134735 -9.42812e-07 3.86674e-23
-0.000134444 -9.82212e-07 4.02833e-23
-0.000134154 -1.02164e-06 4.19002e-23
-0.000133863 -1.06107e-06 4.35176e-23
-0.000133574 -1.10051e-06 4.51351e-23
-0.000133284 -1.13994e-06 4.67523e-23
-0.000132996 -1.17936e-06 4.83688e-23
-0.000132708 -1.21874e-06 4.99842e-23
-0.000132421 -1.25809e-06 5.1598e-23
-0.000132135 -1.2974e-06 5.321e-23
-0.00013185 -1.33665e-06 5.48197e-23
-0.000131566 -1.37583e-06 5.64267e-23
-0.000131283 -1.41494e-06 5.80308e-23
-0.000131001 -1.45397e-06 5.96315e-23
-0.000130721 -1.49291e-06 6.12286e-23
-0.000130442 -1.53176e-06 6.28217e-23
-0.000130164 -1.5705e-06 6.44105e-23
-0.000129888 -1.60912e-06 6.59946e-23
-0.000129613 -1.64761e-06 6.75733e-23
-0.00012934 -1.68595e-06 6.91456e-23
-0.000129069 -1.72411e-06 7.07107e-23
-0.0001288 -1.76207e-06 7.22677e-23
-0.000128534 -1.79982e-06 7.38157e-23
-0.00012827 -1.83732e-06 7.53539e-23
-0.000128008 -1.87457e-06 7.68814e-23
-0.000127749 -1.91153e-06 7.83974e-23
-0.000127493 -1.9482e-06 7.99012e-23
-0.000127241 -1.98454e-06 8.13918e-23
-0.000126991 -2.02055e-06 8.28686e-23
-0.000126745 -2.0562e-06 8.43307e-23
-0.000126502 -2.09148e-06 8.57775e-23
-0.000126263 -2.12636e-06 8.72081e-23
-0.000126028 -2.16083e-06 8.86219e-23
-0.000125796 -2.19487e-06 9.00181e-23
-0.000125569 -2.22847e-06 9.13961e-23
-0.000125346 -2.26161e-06 9.27551e-23
-0.000125127 -2.29427e-06 9.40946e-23
-0.000124912 -2.32644e-06 9.54138e-23
-0.000124702 -2.35809e-06 9.67122e-23
-0.000124497 -2.38923e-06 9.79892e-23
-0.000124296 -2.41983e-06 9.92441e-23
-0.0001241 -2.44987e-06 1.00476e-22
-0.000123909 -2.47936e-06 1.01686e-22
-0.000123723 -2.50826e-06 1.02871e-22
-0.000123543 -2.53658e-06 1.04032e-22
-0.000123367 -2.56429e-06 1.05169e-22
-0.000123197 -2.59139e-06 1.0628e-22
-0.000123032 -2.61786e-06 1.07366e-22
-0.000122872 -2.64369e-06 1.08426e-22
-0.000122718 -2.66888e-06 1.09459e-22
-0.000122569 -2.69341e-06 1.10465e-22
-0.000122426 -2.71727e-06 1.11443e-22
-0.000122289 -2.74045e-06 1.12394e-22
-0.000122158 -2.76295e-06 1.13316e-22
-0.000122032 -2.78475e-06 1.1421e-22
-0.000121912 -2.80584e-06 1.15076e-22
-0.000121798 -2.82622e-06 1.15912e-22
-0.00012169 -2.84589e-06 1.16718e-22
-0.000121588 -2.86483e-06 1.17495e-22
-0.000121492 -2.88307e-06 1.18243e-22
-0.000121397 -2.90098e-06 1.18977e-22
-0.000121303 -2.91853e-06 1.19697e-22
-0.000121215 -2.93534e-06 1.20387e-22
-0.000121133 -2.95148e-06 1.21049e-22
-0.000121057 -2.96692e-06 1.21682e-22
-0.000120985 -2.9817e-06 1.22288e-22
-0.00012092 -2.99581e-06 1.22867e-22
-0.000120859 -3.00927e-06 1.23419e-22
-0.000120804 -3.02208e-06 1.23944e-22
-0.000120754 -3.03425e-06 1.24443e-22
-0.000120709 -3.0458e-06 1.24917e-22
-0.000120668 -3.05672e-06 1.25365e-22
-0.000120633 -3.06704e-06 1.25788e-22
-0.000120602 -3.07675e-06 1.26186e-22
-0.000120576 -3.08587e-06 1.26561e-22
-0.000120554 -3.09442e-06 1.26911e-22
-0.000120537 -3.10239e-06 1.27238e-22
-0.000120524 -3.10981e-06 1.27542e-22
-0.000120516 -3.11668e-06 1.27824e-22
-0.000120511 -3.12302e-06 1.28084e-22
-0.00012051 -3.12885e-06 1.28323e-22
-0.000120513 -3.13419e-06 1.28542e-22
-0.00012052 -3.13904e-06 1.28741e-22
-0.000120529 -3.14343e-06 1.28921e-22
-0.000120543 -3.14738e-06 1.29083e-22
-0.000120559 -3.1509e-06 1.29227e-22
-0.000120578 -3.154e-06 1.29355e-22
-0.0001206 -3.15671e-06 1.29466e-22
-0.000120625 -3.15904e-06 1.29561e-22
-0.000120652 -3.161e-06 1.29642e-22
-0.000120682 -3.16262e-06 1.29708e-22
-0.000120713 -3.16391e-06 1.29761e-22
-0.000120747 -3.16489e-06 1.29801e-22
-0.000120783 -3.16557e-06 1.29829e-22
-0.00012082 -3.16596e-06 1.29845e-22
-0.000120859 -3.1661e-06 1.29851e-22
-0.000120899 -3.16598e-06 1.29846e-22
-0.000120941 -3.16564e-06 1.29832e-22
-0.000120984 -3.16509e-06 1.2981e-22
-0.000121028 -3.16437e-06 1.2978e-22
-0.000121072 -3.16349e-06 1.29744e-22
-0.000121116 -3.1625e-06 1.29703e-22
-0.000121161 -3.16142e-06 1.29659e-22
-0.000121205 -3.16027e-06 1.29612e-22
-0.000121249 -3.15908e-06 1.29563e-22
-0.000121293 -3.15789e-06 1.29514e-22
-0.000121335 -3.15671e-06 1.29466e-22
-0.000121377 -3.15557e-06 1.29419e-22
-0.000121417 -3.15451e-06 1.29375e-22
-0.000121456 -3.15354e-06 1.29336e-22
-0.000121493 -3.15269e-06 1.29301e-22
-0.000121527 -3.15199e-06 1.29272e-22
-0.00012156 -3.15146e-06 1.29251e-22
-0.000121591 -3.15113e-06 1.29237e-22
-0.000121618 -3.15102e-06 1.29232e-22
-0.000121643 -3.15115e-06 1.29238e-22
-0.000121666 -3.15155e-06 1.29254e-22
-0.000121684 -3.15224e-06 1.29283e-22
-0.0001217 -3.15323e-06 1.29323e-22
-0.000121712 -3.15451e-06 1.29376e-22
-0.000121721 -3.1561e-06 1.29441e-22
-0.000121727 -3.15799e-06 1.29518e-22
-0.000121729 -3.16019e-06 1.29609e-22
-0.000121728 -3.1627e-06 1.29711e-22
-0.000121724 -3.16551e-06 1.29827e-22
-0.000121716 -3.16864e-06 1.29955e-22
-0.000121705 -3.17207e-06 1.30096e-22
-0.00012169 -3.17582e-06 1.30249e-22
-0.000121672 -3.17987e-06 1.30416e-22
-0.000121651 -3.18423e-06 1.30595e-22
-0.000121626 -3.1889e-06 1.30786e-22
-0.000121598 -3.19388e-06 1.3099e-22
-0.000121567 -3.19915e-06 1.31206e-22
-0.000121532 -3.20473e-06 1.31435e-22
-0.000121494 -3.2106e-06 1.31676e-22
-0.000121452 -3.21677e-06 1.31929e-22
-0.000121408 -3.22323e-06 1.32194e-22
-0.00012136 -3.22997e-06 1.3247e-22
-0.000121309 -3.23697e-06 1.32758e-22
-0.000121255 -3.24421e-06 1.33054e-22
-0.000121199 -3.25166e-06 1.3336e-22
-0.00012114 -3.25929e-06 1.33673e-22
-0.00012108 -3.26708e-06 1.33992e-22
-0.000121017 -3.27499e-06 1.34317e-22
-0.000120952 -3.28301e-06 1.34646e-22
-0.000120886 -3.2911e-06 1.34978e-22
-0.000120819 -3.29924e-06 1.35311e-22
-0.000120751 -3.30739e-06 1.35646e-22
-0.000120682 -3.31553e-06 1.35979e-22
-0.000120613 -3.32363e-06 1.36312e-22
-0.000120543 -3.33166e-06 1.36641e-22
-0.000120473 -3.33959e-06 1.36966e-22
-0.000120404 -3.3474e-06 1.37286e-22
-0.000120335 -3.35504e-06 1.376e-22
-0.000120266 -3.3625e-06 1.37906e-22
-0.000120199 -3.36974e-06 1.38203e-22
-0.000120133 -3.37674e-06 1.3849e-22
-0.000120068 -3.38345e-06 1.38765e-22
-0.000120005 -3.38985e-06 1.39027e-22
-0.000119944 -3.39589e-06 1.39275e-22
-0.000119886 -3.40154e-06 1.39507e-22
-0.00011983 -3.40677e-06 1.39721e-22
-0.000119777 -3.41152e-06 1.39916e-22
-0.000119728 -3.41576e-06 1.4009e-22
-0.000119682 -3.41947e-06 1.40242e-22
-0.000119641 -3.42258e-06 1.4037e-22
-0.000119604 -3.42508e-06 1.40472e-22
-0.000119571 -3.42691e-06 1.40548e-22
-0.000119543 -3.42805e-06 1.40594e-22
-0.000119521 -3.42845e-06 1.40611e-22
-0.000119504 -3.42808e-06 1.40595e-22
-0.000119493 -3.42689e-06 1.40547e-22
-0.000119489 -3.42486e-06 1.40463e-22
-0.000119491 -3.42194e-06 1.40344e-22
-0.0001195 -3.41809e-06 1.40186e-22
-0.000119516 -3.41329e-06 1.39989e-22
-0.000119539 -3.40749e-06 1.39751e-22
-0.00011957 -3.40066e-06 1.39471e-22
-0.000119609 -3.3928e-06 1.39149e-22
-0.000119656 -3.38391e-06 1.38784e-22
-0.00011971 -3.374e-06 1.38378e-22
-0.000119773 -3.36308e-06 1.3793e-22
-0.000119843 -3.35114e-06 1.3744e-22
-0.00011992 -3.3382e-06 1.36909e-22
-0.000120005 -3.32426e-06 1.36337e-22
-0.000120098 -3.30932e-06 1.35725e-22
-0.000120198 -3.2934e-06 1.35072e-22
-0.000120305 -3.2765e-06 1.34379e-22
-0.00012042 -3.25862e-06 1.33646e-22
-0.000120543 -3.23978e-06 1.32873e-22
-0.000120673 -3.21999e-06 1.32061e-22
-0.000120809 -3.19924e-06 1.3121e-22
-0.000120954 -3.17755e-06 1.30321e-22
-0.000121105 -3.15493e-06 1.29393e-22
-0.000121263 -3.13138e-06 1.28427e-22
-0.000121429 -3.10691e-06 1.27423e-22
-0.000121601 -3.08154e-06 1.26383e-22
-0.00012178 -3.05527e-06 1.25305e-22
-0.000121966 -3.02811e-06 1.24192e-22
-0.000122159 -3.00009e-06 1.23042e-22
-0.000122358 -2.97122e-06 1.21858e-22
-0.000122564 -2.94151e-06 1.2064e-22
-0.000122776 -2.91098e-06 1.19388e-22
-0.000122994 -2.87966e-06 1.18103e-22
-0.000123218 -2.84755e-06 1.16786e-22
-0.000123448 -2.81467e-06 1.15438e-22
-0.000123684 -2.78105e-06 1.14059e-22
-0.000123925 -2.74669e-06 1.1265e-22
-0.000124172 -2.71162e-06 1.11211e-22
-0.000124424 -2.67586e-06 1.09745e-22
-0.000124681 -2.63942e-06 1.0825e-22
-0.000124943 -2.60232e-06 1.06729e-22
-0.000125211 -2.56458e-06 1.05181e-22
-0.000125483 -2.52622e-06 1.03608e-22
-0.000125759 -2.48726e-06 1.0201e-22
-0.000126041 -2.44769e-06 1.00387e-22
-0.000126327 -2.40753e-06 9.87399e-23
-0.000126616 -2.36683e-06 9.70707e-23
-0.00012691 -2.3256e-06 9.53794e-23
-0.000127209 -2.28382e-06 9.36661e-23
-0.000127511 -2.24151e-06 9.19308e-23
-0.000127817 -2.19866e-06 9.01736e-23
-0.000128128 -2.15529e-06 8.83945e-23
-0.000128442 -2.11138e-06 8.65938e-23
-0.000128761 -2.06695e-06 8.47715e-23
-0.000129083 -2.02199e-06 8.29277e-23
-0.00012941 -1.97651e-06 8.10625e-23
-0.00012974 -1.93052e-06 7.91761e-23
-0.000130075 -1.88401e-06 7.72685e-23
-0.000130413 -1.83698e-06 7.534e-23
-0.000130755 -1.78945e-06 7.33907e-23
-0.000131101 -1.74142e-06 7.14207e-23
-0.000131451 -1.69289e-06 6.94301e-23
-0.000131805 -1.64385e-06 6.74192e-23
-0.000132163 -1.59433e-06 6.53882e-23
-0.000132524 -1.54432e-06 6.33371e-23
-0.000132889 -1.49383e-06 6.12661e-23
-0.000133258 -1.44285e-06 5.91754e-23
-0.000133631 -1.39137e-06 5.70643e-23
-0.000134007 -1.33939e-06 5.49323e-23
-0.000134388 -1.28688e-06 5.27786e-23
-0.000134773 -1.23382e-06 5.06026e-23
-0.000135162 -1.18021e-06 4.84037e-23
-0.000135556 -1.12601e-06 4.6181e-23
-0.000135954 -1.07123e-06 4.39341e-23
-0.000136357 -1.01583e-06 4.16622e-23
-0.000136765 -9.59812e-07 3.93646e-23
-0.000137177 -9.03153e-07 3.70409e-23
-0.000137595 -8.4584e-07 3.46903e-23
-0.000138019 -7.87857e-07 3.23123e-23
-0.000138447 -7.2919e-07 2.99062e-23
-0.000138881 -6.69823e-07 2.74714e-23
-0.00013932 -6.09744e-07 2.50074e-23
-0.000139766 -5.48937e-07 2.25135e-23
-0.000140217 -4.87389e-07 1.99892e-23
-0.000140674 -4.25087e-07 1.7434e-23
-0.000141136 -3.62016e-07 1.48473e-23
-0.000141605 -2.9817e-07 1.22288e-23
-0.00014208 -2.33556e-07 9.57882e-24
-0.000142561 -1.68191e-07 6.898e-24
-0.000143048 -1.02091e-07 4.18703e-24
-0.00014354 -3.52713e-08 1.44658e-24
-0.000144038 3.22497e-08 -1.32265e-24
-0.000144541 1.00456e-07 -4.11998e-24
-0.000145049 1.6933e-07 -6.9447e-24
-0.000145562 2.38855e-07 -9.79612e-24
-0.00014608 3.09013e-07 -1.26735e-23
-0.000146603 3.79787e-07 -1.55762e-23
-0.000147125 4.50751e-07 -1.84866e-23
-0.000147647 5.21874e-07 -2.14036e-23
-0.000148172 5.93562e-07 -2.43437e-23
-0.000148702 6.65792e-07 -2.7306e-23
-0.000149236 7.38546e-07 -3.02899e-23
-0.000149773 8.11805e-07 -3.32945e-23
-0.000150314 8.8555e-07 -3.6319e-23
-0.000150859 9.59763e-07 -3.93627e-23
-0.000151407 1.03443e-06 -4.24248e-23
-0.000151958 1.10951e-06 -4.55044e-23
-0.000152512 1.18499e-06 -4.86e-23
-0.000153069 1.26083e-06 -5.17102e-23
-0.000153627 1.33698e-06 -5.48332e-23
-0.000154188 1.4134e-06 -5.79674e-23
-0.000154751 1.49005e-06 -6.11113e-23
-0.000155314 1.5669e-06 -6.42631e-23
-0.000155879 1.64389e-06 -6.74207e-23
-0.000156443 1.72099e-06 -7.05827e-23
-0.000157008 1.79817e-06 -7.37483e-23
-0.000157573 1.87539e-06 -7.69153e-23
-0.000158138 1.95261e-06 -8.00823e-23
-0.000158702 2.02979e-06 -8.32477e-23
-0.000159266 2.1069e-06 -8.64099e-23
-0.000159828 2.18388e-06 -8.95674e-23
-0.000160388 2.26072e-06 -9.27185e-23
-0.000160947 2.33736e-06 -9.58618e-23
-0.000161503 2.41377e-06 -9.89958e-23
-0.000162057 2.48992e-06 -1.02119e-22
-0.000162608 2.56577e-06 -1.05229e-22
-0.000163157 2.64127e-06 -1.08326e-22
-0.000163702 2.71641e-06 -1.11408e-22
-0.000164243 2.79115e-06 -1.14473e-22
-0.000164781 2.86546e-06 -1.17521e-22
-0.000165314 2.93932e-06 -1.2055e-22
-0.000165844 3.01269e-06 -1.23559e-22
-0.000166369 3.08554e-06 -1.26547e-22
-0.000166889 3.15785e-06 -1.29513e-22
-0.000167404 3.22959e-06 -1.32455e-22
-0.000167915 3.30073e-06 -1.35373e-22
-0.00016842 3.37126e-06 -1.38265e-22
-0.000168919 3.44114e-06 -1.41131e-22
-0.000169413 3.51034e-06 -1.43969e-22
-0.0001699 3.57884e-06 -1.46779e-22
-0.000170382 3.64661e-06 -1.49558e-22
-0.000170857 3.71364e-06 -1.52307e-22
-0.000171326 3.77989e-06 -1.55024e-22
-0.000171788 3.84534e-06 -1.57708e-22
-0.000172243 3.90996e-06 -1.60359e-22
-0.000172691 3.97375e-06 -1.62975e-22
-0.000173132 4.03667e-06 -1.65556e-22
-0.000173566 4.09872e-06 -1.681e-22
-0.000173992 4.15988e-06 -1.70609e-22
-0.000174411 4.22016e-06 -1.73081e-22
-0.000174823 4.27954e-06 -1.75516e-22
-0.000175227 4.33801e-06 -1.77914e-22
-0.000175623 4.39558e-06 -1.80276e-22
-0.000176012 4.45224e-06 -1.82599e-22
-0.000176394 4.50799e-06 -1.84886e-22
-0.000176768 4.56281e-06 -1.87134e-22
-0.000177134 4.61671e-06 -1.89345e-22
-0.000177493 4.66969e-06 -1.91517e-22
-0.000177844 4.72173e-06 -1.93652e-22
-0.000178188 4.77284e-06 -1.95748e-22
-0.000178524 4.82303e-06 -1.97806e-22
-0.000178852 4.87227e-06 -1.99826e-22
-0.000179173 4.92059e-06 -2.01807e-22
-0.000179486 4.96796e-06 -2.03751e-22
-0.000179791 5.01441e-06 -2.05655e-22
-0.000180089 5.05992e-06 -2.07522e-22
-0.00018038 5.10453e-06 -2.09351e-22
-0.000180664 5.14825e-06 -2.11144e-22
-0.00018094 5.19104e-06 -2.129e-22
-0.000181209 5.23294e-06 -2.14618e-22
-0.000181471 5.27394e-06 -2.163e-22
-0.000181726 5.31407e-06 -2.17945e-22
-0.000181974 5.35333e-06 -2.19556e-22
-0.000182215 5.39173e-06 -2.21131e-22
-0.000182449 5.4293e-06 -2.22671e-22
-0.000182677 5.46603e-06 -2.24178e-22
-0.000182899 5.50195e-06 -2.25651e-22
-0.000183114 5.53706e-06 -2.27091e-22
-0.000183323 5.57139e-06 -2.28499e-22
-0.000183526 5.60494e-06 -2.29875e-22
-0.000183723 5.63772e-06 -2.31219e-22
-0.000183914 5.66974e-06 -2.32532e-22
-0.000184099 5.70102e-06 -2.33815e-22
-0.000184279 5.73158e-06 -2.35069e-22
-0.000184453 5.76145e-06 -2.36294e-22
-0.000184622 5.79063e-06 -2.3749e-22
-0.000184787 5.81914e-06 -2.3866e-22
-0.000184946 5.84699e-06 -2.39802e-22
-0.0001851 5.87417e-06 -2.40917e-22
-0.000185249 5.9007e-06 -2.42005e-22
-0.000185394 5.92657e-06 -2.43066e-22
-0.000185533 5.9518e-06 -2.441e-22
-0.000185668 5.97637e-06 -2.45108e-22
-0.000185798 6.0003e-06 -2.4609e-22
-0.000185924 6.02359e-06 -2.47045e-22
-0.000186045 6.04624e-06 -2.47974e-22
-0.000186161 6.06825e-06 -2.48877e-22
-0.000186273 6.08965e-06 -2.49754e-22
-0.00018638 6.11041e-06 -2.50606e-22
-0.000186483 6.13056e-06 -2.51432e-22
-0.000186582 6.15009e-06 -2.52233e-22
-0.000186676 6.16901e-06 -2.53009e-22
-0.000186767 6.18732e-06 -2.5376e-22
-0.000186852 6.20504e-06 -2.54486e-22
-0.000186934 6.22215e-06 -2.55188e-22
-0.000187012 6.23868e-06 -2.55866e-22
-0.000187086 6.25461e-06 -2.5652e-22
-0.000187156 6.26997e-06 -2.5715e-22
-0.000187222 6.28477e-06 -2.57757e-22
-0.000187284 6.29901e-06 -2.5834e-22
-0.000187343 6.3127e-06 -2.58902e-22
-0.000187398 6.32585e-06 -2.59442e-22
-0.00018745 6.33849e-06 -2.5996e-22
-0.000187498 6.3506e-06 -2.60456e-22
-0.000187543 6.36221e-06 -2.60933e-22
-0.000187585 6.37333e-06 -2.61389e-22
-0.000187625 6.38396e-06 -2.61825e-22
-0.000187661 6.39412e-06 -2.62241e-22
-0.000187694 6.40381e-06 -2.62639e-22
-0.000187725 6.41305e-06 -2.63018e-22
-0.000187753 6.42184e-06 -2.63378e-22
-0.000187778 6.4302e-06 -2.63721e-22
-0.000187801 6.43813e-06 -2.64046e-22
-0.000187822 6.44565e-06 -2.64355e-22
-0.00018784 6.45276e-06 -2.64646e-22
-0.000187857 6.45947e-06 -2.64922e-22
-0.000187871 6.4658e-06 -2.65181e-22
-0.000187883 6.47174e-06 -2.65425e-22
-0.000187893 6.4773e-06 -2.65653e-22
-0.000187901 6.48249e-06 -2.65866e-22
-0.000187907 6.48731e-06 -2.66063e-22
-0.000187911 6.49177e-06 -2.66246e-22
-0.000187914 6.49587e-06 -2.66414e-22
-0.000187915 6.49961e-06 -2.66568e-22
-0.000187914 6.503e-06 -2.66707e-22
-0.000187911 6.50604e-06 -2.66831e-22
-0.000187907 6.50874e-06 -2.66942e-22
-0.000187901 6.51109e-06 -2.67039e-22
-0.000187894 6.51311e-06 -2.67121e-22
-0.000187885 6.51479e-06 -2.6719e-22
-0.000187874 6.51614e-06 -2.67246e-22
-0.000187862 6.51716e-06 -2.67287e-22
-0.000187849 6.51785e-06 -2.67316e-22
-0.000187834 6.51822e-06 -2.67331e-22
-0.000187817 6.51826e-06 -2.67333e-22
-0.0001878 6.51798e-06 -2.67321e-22
-0.000187781 6.51739e-06 -2.67297e-22
-0.00018776 6.5165e-06 -2.6726e-22
-0.000187739 6.51533e-06 -2.67213e-22
-0.000187717 6.51393e-06 -2.67155e-22
-0.000187694 6.5123e-06 -2.67088e-22
-0.000187671 6.51048e-06 -2.67014e-22
-0.000187648 6.50849e-06 -2.66932e-22
-0.000187625 6.50636e-06 -2.66844e-22
-0.000187602 6.5041e-06 -2.66752e-22
-0.000187579 6.50175e-06 -2.66655e-22
-0.000187557 6.49932e-06 -2.66556e-22
-0.000187536 6.49684e-06 -2.66454e-22
-0.000187516 6.49434e-06 -2.66352e-22
-0.000187497 6.49183e-06 -2.66249e-22
-0.000187479 6.48934e-06 -2.66146e-22
-0.000187463 6.48688e-06 -2.66046e-22
-0.000187448 6.48449e-06 -2.65948e-22
-0.000187435 6.48218e-06 -2.65853e-22
-0.000187424 6.47998e-06 -2.65763e-22
-0.000187416 6.47789e-06 -2.65677e-22
-0.000187409 6.47595e-06 -2.65597e-22
-0.000187405 6.47417e-06 -2.65524e-22
-0.000187404 6.47257e-06 -2.65459e-22
-0.000187405 6.47117e-06 -2.65401e-22
-0.000187409 6.46998e-06 -2.65353e-22
-0.000187416 6.46902e-06 -2.65313e-22
-0.000187426 6.46831e-06 -2.65284e-22
-0.00018744 6.46786e-06 -2.65266e-22
-0.000187456 6.46769e-06 -2.65259e-22
-0.000187477 6.46782e-06 -2.65264e-22
-0.0001875 6.46825e-06 -2.65282e-22
-0.000187527 6.46901e-06 -2.65313e-22
-0.000187558 6.47011e-06 -2.65358e-22
-0.000187593 6.47155e-06 -2.65417e-22
-0.000187632 6.47336e-06 -2.65491e-22
-0.000187675 6.47555e-06 -2.65581e-22
-0.000187721 6.47811e-06 -2.65686e-22
-0.000187771 6.48105e-06 -2.65807e-22
-0.000187826 6.48442e-06 -2.65945e-22
-0.000187885 6.48822e-06 -2.66101e-22
-0.000187948 6.49244e-06 -2.66274e-22
-0.000188016 6.4971e-06 -2.66465e-22
-0.000188088 6.50219e-06 -2.66674e-22
-0.000188164 6.50771e-06 -2.669e-22
-0.000188244 6.51365e-06 -2.67144e-22
-0.000188329 6.52001e-06 -2.67405e-22
-0.000188418 6.52679e-06 -2.67682e-22
-0.000188511 6.53397e-06 -2.67977e-22
-0.000188607 6.54157e-06 -2.68289e-22
-0.000188708 6.54957e-06 -2.68617e-22
-0.000188813 6.55795e-06 -2.68961e-22
-0.000188921 6.56673e-06 -2.69321e-22
-0.000189033 6.57589e-06 -2.69696e-22
-0.000189149 6.58542e-06 -2.70087e-22
-0.000189268 6.59531e-06 -2.70493e-22
-0.000189391 6.60557e-06 -2.70914e-22
-0.000189517 6.61619e-06 -2.71349e-22
-0.000189647 6.62715e-06 -2.71798e-22
-0.000189779 6.63844e-06 -2.72262e-22
-0.000189915 6.65007e-06 -2.72739e-22
-0.000190054 6.66202e-06 -2.73229e-22
-0.000190196 6.67426e-06 -2.73731e-22
-0.000190341 6.68675e-06 -2.74243e-22
-0.000190487 6.69947e-06 -2.74765e-22
-0.000190636 6.71239e-06 -2.75294e-22
-0.000190786 6.72546e-06 -2.75831e-22
-0.000190938 6.73866e-06 -2.76372e-22
-0.00019109 6.75195e-06 -2.76917e-22
-0.000191244 6.7653e-06 -2.77464e-22
-0.000191398 6.77867e-06 -2.78013e-22
-0.000191552 6.79203e-06 -2.78561e-22
-0.000191706 6.80536e-06 -2.79107e-22
-0.000191859 6.8186e-06 -2.79651e-22
-0.000192012 6.83174e-06 -2.80189e-22
-0.000192164 6.84473e-06 -2.80722e-22
-0.000192315 6.85755e-06 -2.81248e-22
-0.000192464 6.87017e-06 -2.81765e-22
-0.000192612 6.88254e-06 -2.82273e-22
-0.000192757 6.89464e-06 -2.82769e-22
-0.0001929 6.90644e-06 -2.83253e-22
-0.00019304 6.9179e-06 -2.83723e-22
-0.000193177 6.92899e-06 -2.84178e-22
-0.000193312 6.93969e-06 -2.84617e-22
-0.000193442 6.94996e-06 -2.85038e-22
-0.000193569 6.95977e-06 -2.8544e-22
-0.000193692 6.96911e-06 -2.85823e-22
-0.000193811 6.97792e-06 -2.86185e-22
-0.000193925 6.9862e-06 -2.86524e-22
-0.000194035 6.99391e-06 -2.8684e-22
-0.00019414 7.00102e-06 -2.87132e-22
-0.000194239 7.00751e-06 -2.87398e-22
-0.000194333 7.01335e-06 -2.87638e-22
-0.000194422 7.01851e-06 -2.87849e-22
-0.000194504 7.02297e-06 -2.88032e-22
-0.000194581 7.0267e-06 -2.88185e-22
-0.000194651 7.02967e-06 -2.88307e-22
-0.000194715 7.03188e-06 -2.88398e-22
-0.000194772 7.03327e-06 -2.88455e-22
-0.000194822 7.03385e-06 -2.88478e-22
-0.000194865 7.03358e-06 -2.88467e-22
-0.000194901 7.03244e-06 -2.88421e-22
-0.000194929 7.03043e-06 -2.88338e-22
-0.00019495 7.02756e-06 -2.88221e-22
-0.000194964 7.02384e-06 -2.88068e-22
-0.000194971 7.01926e-06 -2.8788e-22
-0.000194971 7.01384e-06 -2.87658e-22
-0.000194963 7.00758e-06 -2.87401e-22
-0.000194948 7.00049e-06 -2.8711e-22
-0.000194927 6.99257e-06 -2.86786e-22
-0.000194898 6.98385e-06 -2.86428e-22
-0.000194863 6.97432e-06 -2.86037e-22
-0.00019482 6.964e-06 -2.85614e-22
-0.000194771 6.95289e-06 -2.85158e-22
-0.000194715 6.94101e-06 -2.84671e-22
-0.000194653 6.92836e-06 -2.84152e-22
-0.000194584 6.91496e-06 -2.83603e-22
-0.000194509 6.90083e-06 -2.83023e-22
-0.000194427 6.88596e-06 -2.82413e-22
-0.00019434 6.87038e-06 -2.81774e-22
-0.000194246 6.8541e-06 -2.81106e-22
-0.000194146 6.83713e-06 -2.8041e-22
-0.00019404 6.8195e-06 -2.79688e-22
-0.000193929 6.80124e-06 -2.78939e-22
-0.000193813 6.78238e-06 -2.78165e-22
-0.000193691 6.76293e-06 -2.77367e-22
-0.000193564 6.74292e-06 -2.76547e-22
-0.000193433 6.72239e-06 -2.75705e-22
-0.000193297 6.70136e-06 -2.74842e-22
-0.000193157 6.67986e-06 -2.7396e-22
-0.000193013 6.65791e-06 -2.7306e-22
-0.000192865 6.63556e-06 -2.72143e-22
-0.000192714 6.61282e-06 -2.71211e-22
-0.000192559 6.58973e-06 -2.70264e-22
-0.000192401 6.56632e-06 -2.69304e-22
-0.000192241 6.54261e-06 -2.68332e-22
-0.000192078 6.51865e-06 -2.67349e-22
-0.000191912 6.49445e-06 -2.66356e-22
-0.000191745 6.47005e-06 -2.65355e-22
-0.000191575 6.44548e-06 -2.64348e-22
-0.000191404 6.42078e-06 -2.63335e-22
-0.000191232 6.39596e-06 -2.62317e-22
-0.000191059 6.37105e-06 -2.61295e-22
-0.000190884 6.34606e-06 -2.6027e-22
-0.000190709 6.32102e-06 -2.59243e-22
-0.000190533 6.29592e-06 -2.58214e-22
-0.000190356 6.27078e-06 -2.57183e-22
-0.000190179 6.24563e-06 -2.56151e-22
-0.000190001 6.22048e-06 -2.5512e-22
-0.000189823 6.19533e-06 -2.54088e-22
-0.000189644 6.1702e-06 -2.53058e-22
-0.000189466 6.14512e-06 -2.52029e-22
-0.000189288 6.12009e-06 -2.51002e-22
-0.00018911 6.09513e-06 -2.49979e-22
-0.000188932 6.07025e-06 -2.48958e-22
-0.000188754 6.04547e-06 -2.47942e-22
-0.000188578 6.02081e-06 -2.46931e-22
-0.000188401 5.99627e-06 -2.45924e-22
-0.000188226 5.97188e-06 -2.44924e-22
-0.000188052 5.94764e-06 -2.4393e-22
-0.000187878 5.92358e-06 -2.42943e-22
-0.000187706 5.8997e-06 -2.41964e-22
-0.000187535 5.87601e-06 -2.40992e-22
-0.000187366 5.8525e-06 -2.40028e-22
-0.000187197 5.82917e-06 -2.39071e-22
-0.00018703 5.80602e-06 -2.38122e-22
-0.000186863 5.78303e-06 -2.37179e-22
-0.000186698 5.76021e-06 -2.36243e-22
-0.000186534 5.73756e-06 -2.35314e-22
-0.00018637 5.71506e-06 -2.34391e-22
-0.000186208 5.69271e-06 -2.33475e-22
-0.000186047 5.67052e-06 -2.32564e-22
-0.000185886 5.64846e-06 -2.3166e-22
-0.000185727 5.62655e-06 -2.30761e-22
-0.000185568 5.60478e-06 -2.29868e-22
-0.00018541 5.58314e-06 -2.28981e-22
-0.000185253 5.56162e-06 -2.28098e-22
-0.000185097 5.54023e-06 -2.27221e-22
-0.000184941 5.51896e-06 -2.26348e-22
-0.000184786 5.4978e-06 -2.25481e-22
-0.000184632 5.47675e-06 -2.24617e-22
-0.000184479 5.4558e-06 -2.23758e-22
-0.000184326 5.43496e-06 -2.22903e-22
-0.000184174 5.41421e-06 -2.22052e-22
-0.000184022 5.39356e-06 -2.21205e-22
-0.000183871 5.373e-06 -2.20362e-22
-0.00018372 5.35253e-06 -2.19523e-22
-0.00018357 5.33214e-06 -2.18686e-22
-0.00018342 5.31184e-06 -2.17854e-22
-0.000183271 5.29161e-06 -2.17024e-22
-0.000183123 5.27146e-06 -2.16198e-22
-0.000182974 5.25138e-06 -2.15374e-22
-0.000182826 5.23137e-06 -2.14554e-22
-0.000182679 5.21142e-06 -2.13736e-22
-0.000182532 5.19154e-06 -2.1292e-22
-0.000182385 5.17171e-06 -2.12107e-22
-0.000182238 5.15193e-06 -2.11296e-22
-0.000182092 5.1322e-06 -2.10486e-22
-0.000181945 5.11252e-06 -2.09679e-22
-0.000181799 5.09287e-06 -2.08873e-22
-0.000181654 5.07326e-06 -2.08069e-22
-0.000181508 5.05369e-06 -2.07266e-22
-0.000181362 5.03415e-06 -2.06465e-22
-0.000181217 5.01466e-06 -2.05666e-22
-0.000181072 4.99522e-06 -2.04869e-22
-0.000180927 4.97585e-06 -2.04074e-22
-0.000180783 4.95655e-06 -2.03282e-22
-0.000180639 4.93732e-06 -2.02494e-22
-0.000180496 4.91819e-06 -2.01709e-22
-0.000180354 4.89914e-06 -2.00928e-22
-0.000180212 4.8802e-06 -2.00151e-22
-0.000180071 4.86136e-06 -1.99378e-22
-0.00017993 4.84264e-06 -1.98611e-22
-0.000179791 4.82404e-06 -1.97848e-22
-0.000179652 4.80557e-06 -1.9709e-22
-0.000179514 4.78723e-06 -1.96338e-22
-0.000179378 4.76904e-06 -1.95592e-22
-0.000179242 4.751e-06 -1.94852e-22
-0.000179108 4.73311e-06 -1.94118e-22
-0.000178974 4.71538e-06 -1.93391e-22
-0.000178842 4.69782e-06 -1.92671e-22
-0.000178711 4.68044e-06 -1.91958e-22
-0.000178582 4.66323e-06 -1.91253e-22
-0.000178453 4.64621e-06 -1.90554e-22
-0.000178326 4.62938e-06 -1.89864e-22
-0.000178201 4.61275e-06 -1.89182e-22
-0.000178077 4.59632e-06 -1.88508e-22
-0.000177954 4.5801e-06 -1.87843e-22
-0.000177833 4.56409e-06 -1.87187e-22
-0.000177714 4.54831e-06 -1.86539e-22
-0.000177596 4.53274e-06 -1.85901e-22
-0.00017748 4.51741e-06 -1.85272e-22
-0.000177366 4.50231e-06 -1.84653e-22
-0.000177253 4.48744e-06 -1.84043e-22
-0.000177142 4.47282e-06 -1.83443e-22
-0.000177033 4.45845e-06 -1.82854e-22
-0.000176926 4.44432e-06 -1.82275e-22
-0.000176821 4.43046e-06 -1.81706e-22
-0.000176717 4.41685e-06 -1.81148e-22
-0.000176615 4.4035e-06 -1.806e-22
-0.000176516 4.39042e-06 -1.80064e-22
-0.000176418 4.37761e-06 -1.79538e-22
-0.000176322 4.36507e-06 -1.79024e-22
-0.000176228 4.3528e-06 -1.78521e-22
-0.000176136 4.3408e-06 -1.78029e-22
-0.000176046 4.32906e-06 -1.77547e-22
-0.000175958 4.3176e-06 -1.77077e-22
-0.000175871 4.3064e-06 -1.76618e-22
-0.000175787 4.29546e-06 -1.76169e-22
-0.000175704 4.28479e-06 -1.75732e-22
-0.000175624 4.27438e-06 -1.75305e-22
-0.000175545 4.26423e-06 -1.74888e-22
-0.000175468 4.25434e-06 -1.74483e-22
-0.000175392 4.24471e-06 -1.74088e-22
-0.000175319 4.23533e-06 -1.73703e-22
-0.000175247 4.22621e-06 -1.73329e-22
-0.000175177 4.21735e-06 -1.72966e-22
-0.000175109 4.20873e-06 -1.72612e-22
-0.000175042 4.20036e-06 -1.72269e-22
-0.000174977 4.19224e-06 -1.71936e-22
-0.000174914 4.18437e-06 -1.71613e-22
-0.000174852 4.17674e-06 -1.713e-22
-0.000174792 4.16935e-06 -1.70997e-22
-0.000174733 4.16219e-06 -1.70703e-22
-0.000174676 4.15526e-06 -1.70419e-22
-0.00017462 4.14856e-06 -1.70144e-22
-0.000174566 4.14208e-06 -1.69879e-22
-0.000174513 4.13582e-06 -1.69622e-22
-0.000174462 4.12977e-06 -1.69374e-22
-0.000174411 4.12393e-06 -1.69134e-22
-0.000174363 4.1183e-06 -1.68903e-22
-0.000174315 4.11286e-06 -1.6868e-22
-0.000174268 4.10762e-06 -1.68466e-22
-0.000174223 4.10258e-06 -1.68259e-22
-0.000174179 4.09772e-06 -1.68059e-22
-0.000174136 4.09304e-06 -1.67867e-22
-0.000174093 4.08854e-06 -1.67683e-22
-0.000174052 4.08422e-06 -1.67505e-22
-0.000174012 4.08006e-06 -1.67335e-22
-0.000173973 4.07607e-06 -1.67171e-22
-0.000173934 4.07224e-06 -1.67014e-22
-0.000173897 4.06857e-06 -1.66864e-22
-0.00017386 4.06506e-06 -1.6672e-22
-0.000173824 4.06171e-06 -1.66583e-22
-0.000173789 4.05852e-06 -1.66452e-22
-0.000173755 4.05549e-06 -1.66328e-22
-0.000173722 4.05263e-06 -1.6621e-22
-0.000173689 4.04993e-06 -1.66099e-22
-0.000173658 4.0474e-06 -1.65995e-22
-0.000173627 4.04503e-06 -1.65899e-22
-0.000173598 4.04284e-06 -1.65809e-22
-0.000173569 4.04082e-06 -1.65726e-22
-0.000173541 4.03897e-06 -1.6565e-22
-0.000173515 4.03729e-06 -1.65581e-22
-0.000173489 4.0358e-06 -1.6552e-22
-0.000173464 4.03448e-06 -1.65466e-22
-0.00017344 4.03334e-06 -1.65419e-22
-0.000173417 4.03239e-06 -1.6538e-22
-0.000173396 4.03162e-06 -1.65348e-22
-0.000173375 4.03104e-06 -1.65325e-22
-0.000173356 4.03065e-06 -1.65309e-22
-0.000173337 4.03045e-06 -1.653e-22
-0.00017332 4.03046e-06 -1.65301e-22
-0.000173304 4.0307e-06 -1.65311e-22
-0.00017329 4.03118e-06 -1.6533e-22
-0.000173277 4.03192e-06 -1.65361e-22
-0.000173266 4.03294e-06 -1.65403e-22
-0.000173258 4.03426e-06 -1.65457e-22
-0.000173251 4.03589e-06 -1.65524e-22
-0.000173246 4.03786e-06 -1.65604e-22
-0.000173244 4.04017e-06 -1.65699e-22
-0.000173245 4.04286e-06 -1.65809e-22
-0.000173248 4.04593e-06 -1.65935e-22
-0.000173254 4.0494e-06 -1.66078e-22
-0.000173263 4.05329e-06 -1.66237e-22
-0.000173275 4.05763e-06 -1.66415e-22
-0.00017329 4.06242e-06 -1.66611e-22
-0.000173309 4.06768e-06 -1.66827e-22
-0.000173332 4.07343e-06 -1.67063e-22
-0.000173358 4.0797e-06 -1.6732e-22
-0.000173388 4.08649e-06 -1.67599e-22
-0.000173422 4.09382e-06 -1.67899e-22
-0.00017346 4.10171e-06 -1.68223e-22
-0.000173502 4.11019e-06 -1.68571e-22
-0.000173549 4.11926e-06 -1.68943e-22
-0.000173601 4.12896e-06 -1.6934e-22
-0.000173657 4.13929e-06 -1.69764e-22
-0.000173719 4.15028e-06 -1.70215e-22
-0.000173785 4.16195e-06 -1.70694e-22
-0.000173857 4.17432e-06 -1.71201e-22
-0.000173934 4.18739e-06 -1.71737e-22
-0.000174017 4.2012e-06 -1.72303e-22
-0.000174105 4.21576e-06 -1.729e-22
-0.0001742 4.23108e-06 -1.73529e-22
-0.0001743 4.24719e-06 -1.7419e-22
-0.000174407 4.2641e-06 -1.74883e-22
-0.00017452 4.28184e-06 -1.7561e-22
-0.000174639 4.3004e-06 -1.76372e-22
-0.000174765 4.31982e-06 -1.77168e-22
-0.000174898 4.34011e-06 -1.78e-22
-0.000175038 4.36128e-06 -1.78869e-22
-0.000175184 4.38335e-06 -1.79774e-22
-0.000175338 4.40631e-06 -1.80715e-22
-0.000175498 4.43014e-06 -1.81693e-22
-0.000175665 4.45485e-06 -1.82706e-22
-0.000175839 4.48041e-06 -1.83754e-22
-0.00017602 4.50681e-06 -1.84837e-22
-0.000176207 4.53404e-06 -1.85954e-22
-0.0001764 4.56208e-06 -1.87104e-22
-0.0001766 4.59093e-06 -1.88287e-22
-0.000176805 4.62056e-06 -1.89502e-22
-0.000177017 4.65096e-06 -1.90749e-22
-0.000177235 4.68213e-06 -1.92028e-22
-0.000177459 4.71404e-06 -1.93336e-22
-0.000177688 4.74668e-06 -1.94675e-22
-0.000177923 4.78004e-06 -1.96043e-22
-0.000178164 4.81409e-06 -1.9744e-22
-0.00017841 4.84883e-06 -1.98865e-22
-0.000178661 4.88424e-06 -2.00317e-22
-0.000178918 4.9203e-06 -2.01796e-22
-0.000179179 4.957e-06 -2.03301e-22
-0.000179446 4.99432e-06 -2.04831e-22
-0.000179716 5.0322e-06 -2.06385e-22
-0.000179991 5.0706e-06 -2.0796e-22
-0.00018027 5.10945e-06 -2.09553e-22
-0.000180552 5.14871e-06 -2.11164e-22
-0.000180837 5.18833e-06 -2.12788e-22
-0.000181124 5.22823e-06 -2.14425e-22
-0.000181412 5.26837e-06 -2.16071e-22
-0.000181703 5.30869e-06 -2.17725e-22
-0.000181994 5.34914e-06 -2.19384e-22
-0.000182286 5.38966e-06 -2.21046e-22
-0.000182578 5.4302e-06 -2.22708e-22
-0.00018287 5.4707e-06 -2.24369e-22
-0.000183161 5.5111e-06 -2.26026e-22
-0.000183451 5.55135e-06 -2.27677e-22
-0.000183739 5.59139e-06 -2.29319e-22
-0.000184025 5.63117e-06 -2.30951e-22
-0.000184309 5.67064e-06 -2.32569e-22
-0.00018459 5.70973e-06 -2.34172e-22
-0.000184867 5.7484e-06 -2.35758e-22
-0.000185141 5.78658e-06 -2.37324e-22
-0.00018541 5.82422e-06 -2.38868e-22
-0.000185675 5.86127e-06 -2.40388e-22
-0.000185935 5.89766e-06 -2.4188e-22
-0.000186189 5.93333e-06 -2.43343e-22
-0.000186437 5.96824e-06 -2.44775e-22
-0.000186678 6.00231e-06 -2.46172e-22
-0.000186912 6.0355e-06 -2.47533e-22
-0.000187139 6.06775e-06 -2.48856e-22
-0.000187359 6.099e-06 -2.50138e-22
-0.000187569 6.12919e-06 -2.51376e-22
-0.000187772 6.15827e-06 -2.52569e-22
-0.000187965 6.18619e-06 -2.53713e-22
-0.000188148 6.21288e-06 -2.54808e-22
-0.000188321 6.2383e-06 -2.55851e-22
-0.000188484 6.26239e-06 -2.56839e-22
-0.000188636 6.28509e-06 -2.5777e-22
-0.000188777 6.30636e-06 -2.58642e-22
-0.000188906 6.32613e-06 -2.59453e-22
-0.000189023 6.34436e-06 -2.60201e-22
-0.000189128 6.361e-06 -2.60883e-22
-0.000189219 6.37603e-06 -2.61499e-22
-0.000189298 6.38941e-06 -2.62048e-22
-0.000189364 6.40114e-06 -2.62529e-22
-0.000189417 6.41119e-06 -2.62942e-22
-0.000189457 6.41955e-06 -2.63284e-22
-0.000189483 6.4262e-06 -2.63557e-22
-0.000189496 6.43112e-06 -2.63759e-22
-0.000189495 6.43429e-06 -2.63889e-22
-0.00018948 6.4357e-06 -2.63947e-22
-0.000189452 6.43534e-06 -2.63932e-22
-0.000189409 6.43318e-06 -2.63843e-22
-0.000189353 6.42922e-06 -2.63681e-22
-0.000189282 6.42343e-06 -2.63443e-22
-0.000189197 6.4158e-06 -2.63131e-22
-0.000189098 6.40632e-06 -2.62742e-22
-0.000188984 6.39498e-06 -2.62277e-22
-0.000188856 6.38177e-06 -2.61735e-22
-0.000188713 6.36666e-06 -2.61115e-22
-0.000188556 6.34965e-06 -2.60417e-22
-0.000188384 6.33073e-06 -2.59642e-22
-0.000188197 6.30991e-06 -2.58788e-22
-0.000187995 6.28719e-06 -2.57856e-22
-0.000187779 6.26259e-06 -2.56847e-22
-0.000187549 6.23612e-06 -2.55761e-22
-0.000187304 6.20778e-06 -2.54599e-22
-0.000187046 6.1776e-06 -2.53361e-22
-0.000186773 6.14559e-06 -2.52048e-22
-0.000186486 6.11175e-06 -2.5066e-22
-0.000186186 6.0761e-06 -2.49198e-22
-0.000185872 6.03865e-06 -2.47662e-22
-0.000185544 5.99942e-06 -2.46054e-22
-0.000185203 5.95842e-06 -2.44372e-22
-0.000184849 5.91567e-06 -2.42619e-22
-0.000184482 5.87118e-06 -2.40794e-22
-0.000184102 5.82496e-06 -2.38898e-22
-0.000183708 5.77702e-06 -2.36932e-22
-0.000183302 5.72739e-06 -2.34897e-22
-0.000182884 5.67608e-06 -2.32793e-22
-0.000182453 5.62311e-06 -2.3062e-22
-0.00018201 5.56848e-06 -2.2838e-22
-0.000181555 5.51225e-06 -2.26073e-22
-0.000181088 5.45444e-06 -2.23703e-22
-0.00018061 5.39511e-06 -2.21269e-22
-0.000180121 5.33429e-06 -2.18775e-22
-0.000179621 5.27203e-06 -2.16221e-22
-0.000179112 5.20836e-06 -2.1361e-22
-0.000178592 5.14333e-06 -2.10943e-22
-0.000178063 5.07698e-06 -2.08222e-22
-0.000177525 5.00935e-06 -2.05448e-22
-0.000176978 4.94049e-06 -2.02624e-22
-0.000176422 4.87043e-06 -1.9975e-22
-0.000175858 4.79922e-06 -1.9683e-22
-0.000175287 4.7269e-06 -1.93864e-22
-0.000174708 4.65351e-06 -1.90854e-22
-0.000174122 4.57908e-06 -1.87801e-22
-0.00017353 4.50367e-06 -1.84709e-22
-0.00017293 4.42731e-06 -1.81577e-22
-0.000172325 4.35005e-06 -1.78408e-22
-0.000171714 4.27191e-06 -1.75204e-22
-0.000171098 4.19295e-06 -1.71965e-22
-0.000170477 4.1132e-06 -1.68694e-22
-0.000169851 4.03271e-06 -1.65393e-22
-0.00016922 3.9515e-06 -1.62062e-22
-0.000168586 3.86961e-06 -1.58704e-22
-0.000167947 3.7871e-06 -1.5532e-22
-0.000167305 3.70398e-06 -1.51911e-22
-0.00016666 3.6203e-06 -1.48479e-22
-0.000166012 3.5361e-06 -1.45026e-22
-0.000165362 3.45141e-06 -1.41552e-22
-0.000164709 3.36627e-06 -1.38061e-22
-0.000164054 3.28072e-06 -1.34552e-22
-0.000163397 3.19478e-06 -1.31027e-22
-0.000162739 3.10849e-06 -1.27488e-22
-0.00016208 3.02189e-06 -1.23937e-22
-0.000161419 2.93502e-06 -1.20373e-22
-0.000160759 2.84789e-06 -1.168e-22
-0.000160097 2.76056e-06 -1.13218e-22
-0.000159436 2.67304e-06 -1.09629e-22
-0.000158775 2.58538e-06 -1.06034e-22
-0.000158114 2.4976e-06 -1.02434e-22
-0.000157454 2.40974e-06 -9.88303e-23
-0.000156795 2.32183e-06 -9.52249e-23
-0.000156137 2.23391e-06 -9.16191e-23
-0.000155481 2.14602e-06 -8.80143e-23
-0.000154826 2.05818e-06 -8.44118e-23
-0.000154174 1.97043e-06 -8.0813e-23
-0.000153523 1.88281e-06 -7.72193e-23
-0.000152876 1.79534e-06 -7.3632e-23
-0.000152231 1.70806e-06 -7.00524e-23
-0.000151589 1.62099e-06 -6.64817e-23
-0.00015095 1.53418e-06 -6.29212e-23
-0.000150315 1.44765e-06 -5.93721e-23
-0.000149683 1.36142e-06 -5.58357e-23
-0.000149056 1.27553e-06 -5.23131e-23
-0.000148433 1.19e-06 -4.88055e-23
-0.000147814 1.10487e-06 -4.5314e-23
-0.000147199 1.02016e-06 -4.18396e-23
-0.00014659 9.35892e-07 -3.83836e-23
-0.000145985 8.52098e-07 -3.4947e-23
-0.000145385 7.68794e-07 -3.15304e-23
-0.000144791 6.85986e-07 -2.81343e-23
-0.000144202 6.03672e-07 -2.47583e-23
-0.000143617 5.21849e-07 -2.14025e-23
-0.000143038 4.40512e-07 -1.80667e-23
-0.000142464 3.59657e-07 -1.47506e-23
-0.000141894 2.79279e-07 -1.1454e-23
-0.00014133 1.99372e-07 -8.17681e-24
-0.00014077 1.1993e-07 -4.91867e-24
-0.000140215 4.09461e-08 -1.67932e-24
-0.000139664 -3.75862e-08 1.54152e-24
-0.000139118 -1.15675e-07 4.74415e-24
-0.000138576 -1.93327e-07 7.9289e-24
-0.000138039 -2.70552e-07 1.10961e-23
-0.000137506 -3.47358e-07 1.42462e-23
-0.000136977 -4.23755e-07 1.73794e-23
-0.000136452 -4.99752e-07 2.04963e-23
-0.000135931 -5.7536e-07 2.35972e-23
-0.000135414 -6.50587e-07 2.66825e-23
-0.000134901 -7.25446e-07 2.97526e-23
-0.000134391 -7.99945e-07 3.28081e-23
-0.000133885 -8.7409e-07 3.5849e-23
-0.000133382 -9.47884e-07 3.88755e-23
-0.000132883 -1.02133e-06 4.18877e-23
-0.000132387 -1.09443e-06 4.48858e-23
-0.000131894 -1.16721e-06 4.78708e-23
-0.000131404 -1.2397e-06 5.08438e-23
-0.000130917 -1.31189e-06 5.38042e-23
-0.000130433 -1.38374e-06 5.67511e-23
-0.000129952 -1.45527e-06 5.96846e-23
-0.000129474 -1.52648e-06 6.26052e-23
-0.000128999 -1.59738e-06 6.5513e-23
-0.000128528 -1.66797e-06 6.84082e-23
-0.000128058 -1.73826e-06 7.1291e-23
-0.000127592 -1.80826e-06 7.41618e-23
-0.000127128 -1.87796e-06 7.70207e-23
-0.000126667 -1.94739e-06 7.9868e-23
-0.000126208 -2.01653e-06 8.27039e-23
-0.000125752 -2.08541e-06 8.55288e-23
-0.000125298 -2.15403e-06 8.83428e-23
-0.000124847 -2.22238e-06 9.11463e-23
-0.000124398 -2.29049e-06 9.39395e-23
-0.00012395 -2.35835e-06 9.67226e-23
-0.000123505 -2.42597e-06 9.9496e-23
-0.000123062 -2.49336e-06 1.0226e-22
-0.000122621 -2.56052e-06 1.05014e-22
-0.000122181 -2.62746e-06 1.0776e-22
-0.000121744 -2.69418e-06 1.10496e-22
-0.000121308 -2.7607e-06 1.13224e-22
-0.000120873 -2.82701e-06 1.15944e-22
-0.00012044 -2.89313e-06 1.18656e-22
-0.000120009 -2.95906e-06 1.2136e-22
-0.000119579 -3.0248e-06 1.24056e-22
-0.00011915 -3.09037e-06 1.26745e-22
-0.000118723 -3.15577e-06 1.29427e-22
-0.000118297 -3.22099e-06 1.32102e-22
-0.000117872 -3.28603e-06 1.3477e-22
-0.000117448 -3.35092e-06 1.37431e-22
-0.000117025 -3.41566e-06 1.40086e-22
-0.000116603 -3.48026e-06 1.42736e-22
-0.000116181 -3.54471e-06 1.45379e-22
-0.000115761 -3.609e-06 1.48016e-22
-0.000115342 -3.67312e-06 1.50645e-22
-0.000114925 -3.73704e-06 1.53267e-22
-0.000114498 -3.80151e-06 1.55911e-22
-0.00011406 -3.86678e-06 1.58588e-22
-0.00011362 -3.93201e-06 1.61263e-22
-0.000113183 -3.99692e-06 1.63925e-22
-0.000112748 -4.06152e-06 1.66575e-22
-0.000112316 -4.12578e-06 1.6921e-22
-0.000111885 -4.18969e-06 1.71831e-22
-0.000111458 -4.25322e-06 1.74437e-22
-0.000111033 -4.31636e-06 1.77026e-22
-0.000110611 -4.37908e-06 1.79599e-22
-0.000110192 -4.44137e-06 1.82154e-22
-0.000109776 -4.5032e-06 1.84689e-22
-0.000109364 -4.56456e-06 1.87206e-22
-0.000108955 -4.62541e-06 1.89701e-22
-0.000108549 -4.68574e-06 1.92176e-22
-0.000108148 -4.74553e-06 1.94628e-22
-0.00010775 -4.80475e-06 1.97057e-22
-0.000107357 -4.86338e-06 1.99461e-22
-0.000106968 -4.92141e-06 2.01841e-22
-0.000106583 -4.97881e-06 2.04195e-22
-0.000106203 -5.03556e-06 2.06523e-22
-0.000105828 -5.09163e-06 2.08823e-22
-0.000105457 -5.14702e-06 2.11094e-22
-0.000105092 -5.20169e-06 2.13336e-22
-0.000104732 -5.25563e-06 2.15548e-22
-0.000104378 -5.30881e-06 2.1773e-22
-0.000104029 -5.36121e-06 2.19879e-22
-0.000103686 -5.41282e-06 2.21995e-22
-0.000103349 -5.46361e-06 2.24078e-22
-0.000103017 -5.51356e-06 2.26127e-22
-0.000102692 -5.56264e-06 2.2814e-22
-0.000102374 -5.61085e-06 2.30117e-22
-0.000102062 -5.65815e-06 2.32057e-22
-0.000101757 -5.70453e-06 2.33959e-22
-0.000101458 -5.74996e-06 2.35823e-22
-0.000101167 -5.79443e-06 2.37646e-22
-0.000100883 -5.83791e-06 2.3943e-22
-0.000100606 -5.88038e-06 2.41171e-22
-0.000100337 -5.92181e-06 2.4287e-22
-0.000100076 -5.96217e-06 2.44526e-22
-9.98226e-05 -6.00144e-06 2.46136e-22
-9.95777e-05 -6.03959e-06 2.47701e-22
-9.93412e-05 -6.07659e-06 2.49218e-22
-9.91135e-05 -6.11241e-06 2.50688e-22
-9.88946e-05 -6.14704e-06 2.52108e-22
-9.86848e-05 -6.18044e-06 2.53478e-22
-9.84844e-05 -6.21259e-06 2.54796e-22
-9.82934e-05 -6.24346e-06 2.56062e-22
-9.81122e-05 -6.27303e-06 2.57275e-22
-9.79408e-05 -6.30127e-06 2.58433e-22
-9.77815e-05 -6.32794e-06 2.59527e-22
-9.76341e-05 -6.35305e-06 2.60557e-22
-9.74963e-05 -6.37682e-06 2.61532e-22
-9.73694e-05 -6.39915e-06 2.62448e-22
-9.72533e-05 -6.42004e-06 2.63304e-22
-9.71483e-05 -6.43946e-06 2.64101e-22
-9.70545e-05 -6.45738e-06 2.64836e-22
-9.69721e-05 -6.47379e-06 2.65509e-22
-9.69011e-05 -6.48867e-06 2.66119e-22
-9.68416e-05 -6.50203e-06 2.66667e-22
-9.67938e-05 -6.51383e-06 2.67151e-22
-9.67577e-05 -6.52407e-06 2.67571e-22
-9.67335e-05 -6.53275e-06 2.67927e-22
-9.67211e-05 -6.53984e-06 2.68218e-22
-9.67207e-05 -6.54534e-06 2.68443e-22
-9.67324e-05 -6.54923e-06 2.68603e-22
-9.67563e-05 -6.55152e-06 2.68697e-22
-9.67923e-05 -6.55218e-06 2.68724e-22
-9.68407e-05 -6.55121e-06 2.68684e-22
-9.69014e-05 -6.54859e-06 2.68577e-22
-9.69745e-05 -6.54433e-06 2.68402e-22
-9.70601e-05 -6.53841e-06 2.68159e-22
-9.71583e-05 -6.53082e-06 2.67848e-22
-9.7269e-05 -6.52156e-06 2.67468e-22
-9.73925e-05 -6.51061e-06 2.67019e-22
-9.75286e-05 -6.49798e-06 2.66501e-22
-9.76775e-05 -6.48365e-06 2.65913e-22
-9.78391e-05 -6.46764e-06 2.65257e-22
-9.80132e-05 -6.44996e-06 2.64531e-22
-9.81998e-05 -6.43062e-06 2.63738e-22
-9.83987e-05 -6.40963e-06 2.62877e-22
-9.86098e-05 -6.38701e-06 2.6195e-22
-9.88331e-05 -6.36278e-06 2.60956e-22
-9.90683e-05 -6.33694e-06 2.59896e-22
-9.93154e-05 -6.30951e-06 2.58771e-22
-9.95742e-05 -6.28051e-06 2.57582e-22
-9.98446e-05 -6.24995e-06 2.56328e-22
-0.000100126 -6.21784e-06 2.55012e-22
-0.00010042 -6.18421e-06 2.53632e-22
-0.000100724 -6.14907e-06 2.52191e-22
-0.000101039 -6.11244e-06 2.50689e-22
-0.000101366 -6.07432e-06 2.49125e-22
-0.000101703 -6.03475e-06 2.47502e-22
-0.000102051 -5.99373e-06 2.4582e-22
-0.000102409 -5.95128e-06 2.44079e-22
-0.000102778 -5.90742e-06 2.4228e-22
-0.000103156 -5.86217e-06 2.40425e-22
-0.000103545 -5.81558e-06 2.38514e-22
-0.000103943 -5.76768e-06 2.36549e-22
-0.00010435 -5.71853e-06 2.34533e-22
-0.000104766 -5.66816e-06 2.32468e-22
-0.000105189 -5.61666e-06 2.30355e-22
-0.00010562 -5.56405e-06 2.28198e-22
-0.000106058 -5.51035e-06 2.25995e-22
-0.000106504 -5.45563e-06 2.23751e-22
-0.000106956 -5.39992e-06 2.21466e-22
-0.000107415 -5.34328e-06 2.19143e-22
-0.00010788 -5.28574e-06 2.16784e-22
-0.000108351 -5.22736e-06 2.14389e-22
-0.000108827 -5.16819e-06 2.11962e-22
-0.000109307 -5.10826e-06 2.09504e-22
-0.000109793 -5.04762e-06 2.07018e-22
-0.000110282 -4.98632e-06 2.04504e-22
-0.000110775 -4.92441e-06 2.01964e-22
-0.000111272 -4.86192e-06 1.99402e-22
-0.000111772 -4.79891e-06 1.96817e-22
-0.000112274 -4.73542e-06 1.94213e-22
-0.000112779 -4.6715e-06 1.91592e-22
-0.000113285 -4.60719e-06 1.88954e-22
-0.000113793 -4.54255e-06 1.86303e-22
-0.000114302 -4.47762e-06 1.8364e-22
-0.000114812 -4.41244e-06 1.80967e-22
-0.000115322 -4.34707e-06 1.78286e-22
-0.000115832 -4.28155e-06 1.75599e-22
-0.000116342 -4.21593e-06 1.72907e-22
-0.00011685 -4.15025e-06 1.70214e-22
-0.000117358 -4.08456e-06 1.6752e-22
-0.000117864 -4.01891e-06 1.64827e-22
-0.000118368 -3.95333e-06 1.62138e-22
-0.00011887 -3.88788e-06 1.59453e-22
-0.000119369 -3.8226e-06 1.56776e-22
-0.000119865 -3.75753e-06 1.54107e-22
-0.000120358 -3.69271e-06 1.51448e-22
-0.000120847 -3.62818e-06 1.48802e-22
-0.000121332 -3.56399e-06 1.4617e-22
-0.000121813 -3.50019e-06 1.43553e-22
-0.000122289 -3.4368e-06 1.40953e-22
-0.00012276 -3.37385e-06 1.38371e-22
-0.000123226 -3.31136e-06 1.35808e-22
-0.000123687 -3.24935e-06 1.33265e-22
-0.000124142 -3.18784e-06 1.30743e-22
-0.000124592 -3.12685e-06 1.28241e-22
-0.000125037 -3.06639e-06 1.25762e-22
-0.000125475 -3.00648e-06 1.23305e-22
-0.000125908 -2.94714e-06 1.20871e-22
-0.000126335 -2.88839e-06 1.18461e-22
-0.000126755 -2.83023e-06 1.16076e-22
-0.00012717 -2.77268e-06 1.13715e-22
-0.000127578 -2.71575e-06 1.11381e-22
-0.000127979 -2.65947e-06 1.09073e-22
-0.000128374 -2.60384e-06 1.06791e-22
-0.000128762 -2.54885e-06 1.04536e-22
-0.000129144 -2.49454e-06 1.02308e-22
-0.000129518 -2.44092e-06 1.00109e-22
-0.000129886 -2.38799e-06 9.79382e-23
-0.000130247 -2.33576e-06 9.57963e-23
-0.0001306 -2.28424e-06 9.36834e-23
-0.000130947 -2.23342e-06 9.15991e-23
-0.000131287 -2.18328e-06 8.95424e-23
-0.000131621 -2.13378e-06 8.75127e-23
-0.000131948 -2.08493e-06 8.55089e-23
-0.000132269 -2.03668e-06 8.35302e-23
-0.000132584 -1.98902e-06 8.15756e-23
-0.000132894 -1.94193e-06 7.96443e-23
-0.000133197 -1.89538e-06 7.77352e-23
-0.000133496 -1.84935e-06 7.58473e-23
-0.000133789 -1.80382e-06 7.39797e-23
-0.000134077 -1.75875e-06 7.21313e-23
-0.000134361 -1.71412e-06 7.0301e-23
-0.00013464 -1.66991e-06 6.84878e-23
-0.000134914 -1.62609e-06 6.66906e-23
-0.000135185 -1.58263e-06 6.49083e-23
-0.000135452 -1.53951e-06 6.31398e-23
-0.000135715 -1.4967e-06 6.13838e-23
-0.000135975 -1.45416e-06 5.96393e-23
-0.000136232 -1.41187e-06 5.7905e-23
-0.000136486 -1.36981e-06 5.618e-23
-0.000136737 -1.32796e-06 5.44636e-23
-0.000136986 -1.28631e-06 5.27554e-23
-0.000137232 -1.24485e-06 5.10548e-23
-0.000137476 -1.20356e-06 4.93614e-23
-0.000137718 -1.16244e-06 4.76748e-23
-0.000137957 -1.12146e-06 4.59945e-23
-0.000138194 -1.08063e-06 4.43198e-23
-0.000138429 -1.03993e-06 4.26504e-23
-0.000138663 -9.99334e-07 4.09856e-23
-0.000138895 -9.58842e-07 3.93249e-23
-0.000139125 -9.18436e-07 3.76677e-23
-0.000139354 -8.78102e-07 3.60135e-23
-0.000139581 -8.37825e-07 3.43616e-23
-0.000139808 -7.97591e-07 3.27115e-23
-0.000140033 -7.57384e-07 3.10625e-23
-0.000140258 -7.17189e-07 2.9414e-23
-0.000140481 -6.7699e-07 2.77653e-23
-0.000140705 -6.36772e-07 2.61158e-23
-0.000140927 -5.96518e-07 2.44649e-23
-0.00014115 -5.56218e-07 2.28121e-23
-0.000141372 -5.15878e-07 2.11577e-23
-0.000141594 -4.75511e-07 1.95021e-23
-0.000141815 -4.35129e-07 1.78459e-23
-0.000142035 -3.94746e-07 1.61897e-23
-0.000142255 -3.54374e-07 1.45339e-23
-0.000142474 -3.14026e-07 1.28791e-23
-0.000142692 -2.73714e-07 1.12258e-23
-0.00014291 -2.3345e-07 9.57445e-24
-0.000143126 -1.93245e-07 7.92554e-24
-0.000143341 -1.53111e-07 6.27951e-24
-0.000143555 -1.13058e-07 4.63684e-24
-0.000143768 -7.30977e-08 2.99795e-24
-0.00014398 -3.32404e-08 1.36328e-24
-0.00014419 6.50391e-09 -2.66744e-25
-0.000144399 4.61251e-08 -1.89172e-24
-0.000144607 8.56135e-08 -3.51126e-24
-0.000144813 1.2496e-07 -5.12496e-24
-0.000145017 1.64154e-07 -6.73245e-24
-0.00014522 2.03189e-07 -8.33337e-24
-0.000145421 2.4205e-07 -9.92718e-24
-0.000145621 2.80717e-07 -1.1513e-23
-0.000145818 3.19161e-07 -1.30897e-23
-0.000146013 3.57358e-07 -1.46563e-23
-0.000146206 3.95279e-07 -1.62115e-23
-0.000146396 4.32899e-07 -1.77544e-23
-0.000146584 4.70192e-07 -1.92839e-23
-0.000146768 5.07132e-07 -2.0799e-23
-0.000146949 5.43695e-07 -2.22985e-23
-0.000147127 5.79854e-07 -2.37815e-23
-0.000147302 6.15587e-07 -2.5247e-23
-0.000147472 6.50867e-07 -2.66939e-23
-0.000147639 6.85672e-07 -2.81214e-23
-0.000147802 7.19977e-07 -2.95283e-23
-0.000147961 7.53759e-07 -3.09138e-23
-0.000148115 7.86995e-07 -3.22769e-23
-0.000148265 8.19663e-07 -3.36167e-23
-0.000148411 8.51739e-07 -3.49323e-23
-0.000148551 8.83203e-07 -3.62227e-23
-0.000148687 9.14032e-07 -3.74871e-23
-0.000148817 9.44204e-07 -3.87245e-23
-0.000148942 9.73696e-07 -3.99341e-23
-0.000149062 1.00249e-06 -4.11149e-23
-0.000149176 1.03055e-06 -4.22659e-23
-0.000149285 1.05787e-06 -4.33864e-23
-0.000149387 1.08442e-06 -4.44753e-23
-0.000149484 1.11018e-06 -4.55318e-23
-0.000149574 1.13513e-06 -4.6555e-23
-0.000149658 1.15925e-06 -4.7544e-23
-0.000149736 1.18251e-06 -4.84981e-23
-0.000149807 1.2049e-06 -4.94164e-23
-0.000149871 1.2264e-06 -5.02981e-23
-0.000149929 1.24698e-06 -5.11423e-23
-0.000149979 1.26664e-06 -5.19484e-23
-0.000150023 1.28534e-06 -5.27154e-23
-0.000150059 1.30307e-06 -5.34428e-23
-0.000150088 1.31982e-06 -5.41296e-23
-0.000150109 1.33556e-06 -5.47752e-23
-0.000150123 1.35028e-06 -5.53789e-23
-0.000150129 1.36396e-06 -5.594e-23
-0.000150128 1.37659e-06 -5.6458e-23
-0.000150119 1.38817e-06 -5.6933e-23
-0.000150102 1.39872e-06 -5.73654e-23
-0.000150077 1.40823e-06 -5.77557e-23
-0.000150046 1.41674e-06 -5.81044e-23
-0.000150007 1.42423e-06 -5.84119e-23
-0.000149961 1.43074e-06 -5.86787e-23
-0.000149908 1.43626e-06 -5.89053e-23
-0.000149848 1.44082e-06 -5.90922e-23
-0.000149781 1.44442e-06 -5.92398e-23
-0.000149708 1.44708e-06 -5.93488e-23
-0.000149629 1.4488e-06 -5.94196e-23
-0.000149543 1.44961e-06 -5.94527e-23
-0.00014945 1.44951e-06 -5.94487e-23
-0.000149352 1.44852e-06 -5.94081e-23
-0.000149248 1.44665e-06 -5.93314e-23
-0.000149138 1.44392e-06 -5.92192e-23
-0.000149022 1.44033e-06 -5.9072e-23
-0.000148901 1.4359e-06 -5.88904e-23
-0.000148775 1.43065e-06 -5.86749e-23
-0.000148643 1.42458e-06 -5.84261e-23
-0.000148506 1.41771e-06 -5.81446e-23
-0.000148364 1.41007e-06 -5.78309e-23
-0.000148218 1.40165e-06 -5.74859e-23
-0.000148066 1.39249e-06 -5.71099e-23
-0.00014791 1.38258e-06 -5.67038e-23
-0.00014775 1.37196e-06 -5.6268e-23
-0.000147586 1.36063e-06 -5.58032e-23
-0.000147417 1.3486e-06 -5.531e-23
-0.000147245 1.3359e-06 -5.47891e-23
-0.000147069 1.32254e-06 -5.4241e-23
-0.000146889 1.30852e-06 -5.36663e-23
-0.000146706 1.29388e-06 -5.30656e-23
-0.000146519 1.27861e-06 -5.24396e-23
-0.000146329 1.26274e-06 -5.17888e-23
-0.000146136 1.24628e-06 -5.11137e-23
-0.00014594 1.22925e-06 -5.0415e-23
-0.000145742 1.21165e-06 -4.96932e-23
-0.00014554 1.1935e-06 -4.89488e-23
-0.000145336 1.17481e-06 -4.81825e-23
-0.00014513 1.15561e-06 -4.7395e-23
-0.000144922 1.13593e-06 -4.65877e-23
-0.000144712 1.1158e-06 -4.57624e-23
-0.0001445 1.09528e-06 -4.49208e-23
-0.000144288 1.07441e-06 -4.40646e-23
-0.000144075 1.05322e-06 -4.31956e-23
-0.000143861 1.03176e-06 -4.23155e-23
-0.000143648 1.01007e-06 -4.1426e-23
-0.000143435 9.88194e-07 -4.05287e-23
-0.000143223 9.66166e-07 -3.96253e-23
-0.000143012 9.44029e-07 -3.87174e-23
-0.000142802 9.21822e-07 -3.78066e-23
-0.000142595 8.99584e-07 -3.68945e-23
-0.000142389 8.77353e-07 -3.59828e-23
-0.000142185 8.55167e-07 -3.50729e-23
-0.000141985 8.33063e-07 -3.41663e-23
-0.000141787 8.11078e-07 -3.32647e-23
-0.000141593 7.89249e-07 -3.23694e-23
-0.000141402 7.6761e-07 -3.14819e-23
-0.000141215 7.46197e-07 -3.06037e-23
-0.000141033 7.25042e-07 -2.97361e-23
-0.000140855 7.04173e-07 -2.88802e-23
-0.000140681 6.83614e-07 -2.8037e-23
-0.000140512 6.63388e-07 -2.72075e-23
-0.000140348 6.43518e-07 -2.63925e-23
-0.00014019 6.24027e-07 -2.55932e-23
-0.000140037 6.04936e-07 -2.48102e-23
-0.000139889 5.86266e-07 -2.40445e-23
-0.000139747 5.68037e-07 -2.32968e-23
-0.000139611 5.50269e-07 -2.25681e-23
-0.000139481 5.3298e-07 -2.18591e-23
-0.000139357 5.16189e-07 -2.11704e-23
-0.000139239 4.99913e-07 -2.05029e-23
-0.000139128 4.84168e-07 -1.98571e-23
-0.000139023 4.68971e-07 -1.92338e-23
-0.000138925 4.54337e-07 -1.86337e-23
-0.000138834 4.4028e-07 -1.80571e-23
-0.000138749 4.26814e-07 -1.75049e-23
-0.000138672 4.13953e-07 -1.69774e-23
-0.000138602 4.01708e-07 -1.64752e-23
-0.000138539 3.9009e-07 -1.59987e-23
-0.000138483 3.79106e-07 -1.55482e-23
-0.000138434 3.68762e-07 -1.5124e-23
-0.000138392 3.59061e-07 -1.47261e-23
-0.000138358 3.50008e-07 -1.43549e-23
-0.000138331 3.41605e-07 -1.40102e-23
-0.000138312 3.33855e-07 -1.36924e-23
-0.000138299 3.26758e-07 -1.34013e-23
-0.000138294 3.20316e-07 -1.31371e-23
-0.000138297 3.14529e-07 -1.28998e-23
-0.000138306 3.09396e-07 -1.26892e-23
-0.000138323 3.04916e-07 -1.25055e-23
-0.000138347 3.01087e-07 -1.23484e-23
-0.000138378 2.97906e-07 -1.2218e-23
-0.000138416 2.95369e-07 -1.2114e-23
-0.000138461 2.93474e-07 -1.20362e-23
-0.000138513 2.92215e-07 -1.19846e-23
-0.000138572 2.91587e-07 -1.19588e-23
-0.000138638 2.91584e-07 -1.19587e-23
-0.00013871 2.922e-07 -1.1984e-23
-0.00013879 2.9342e-07 -1.2034e-23
-0.000138875 2.95213e-07 -1.21076e-23
-0.000138967 2.9754e-07 -1.2203e-23
-0.000139064 3.00359e-07 -1.23186e-23
-0.000139167 3.03627e-07 -1.24526e-23
-0.000139274 3.07303e-07 -1.26034e-23
-0.000139386 3.11344e-07 -1.27691e-23
-0.000139502 3.15707e-07 -1.2948e-23
-0.000139622 3.20347e-07 -1.31384e-23
-0.000139746 3.25223e-07 -1.33383e-23
-0.000139872 3.30288e-07 -1.35461e-23
-0.000140001 3.35498e-07 -1.37598e-23
-0.000140133 3.4081e-07 -1.39776e-23
-0.000140266 3.46176e-07 -1.41977e-23
-0.0001404 3.51553e-07 -1.44182e-23
-0.000140536 3.56895e-07 -1.46373e-23
-0.000140672 3.62155e-07 -1.4853e-23
-0.000140808 3.67289e-07 -1.50636e-23
-0.000140945 3.72249e-07 -1.5267e-23
-0.00014108 3.76989e-07 -1.54614e-23
-0.000141215 3.81463e-07 -1.56449e-23
-0.000141348 3.85618e-07 -1.58153e-23
-0.00014148 3.89401e-07 -1.59705e-23
-0.000141609 3.92758e-07 -1.61082e-23
-0.000141735 3.95637e-07 -1.62262e-23
-0.000141858 3.97983e-07 -1.63224e-23
-0.000141977 3.99744e-07 -1.63947e-23
-0.000142092 4.00866e-07 -1.64407e-23
-0.000142202 4.01296e-07 -1.64583e-23
-0.000142307 4.00982e-07 -1.64454e-23
-0.000142406 3.9987e-07 -1.63998e-23
-0.0001425 3.97909e-07 -1.63194e-23
-0.000142586 3.95046e-07 -1.6202e-23
-0.000142666 3.91229e-07 -1.60454e-23
-0.000142739 3.86407e-07 -1.58477e-23
-0.000142803 3.80528e-07 -1.56066e-23
-0.000142859 3.73542e-07 -1.532e-23
-0.000142907 3.65399e-07 -1.49861e-23
-0.000142945 3.56047e-07 -1.46025e-23
-0.000142974 3.45439e-07 -1.41674e-23
-0.000142992 3.33525e-07 -1.36788e-23
-0.000143 3.20262e-07 -1.31349e-23
-0.000142998 3.05608e-07 -1.25339e-23
-0.000142984 2.89521e-07 -1.18741e-23
-0.000142959 2.7196e-07 -1.11539e-23
-0.000142921 2.52886e-07 -1.03716e-23
-0.000142872 2.32259e-07 -9.52562e-24
-0.00014281 2.10039e-07 -8.61433e-24
-0.000142735 1.86189e-07 -7.63616e-24
-0.000142647 1.6067e-07 -6.58956e-24
-0.000142545 1.33446e-07 -5.47301e-24
-0.00014243 1.0448e-07 -4.28503e-24
-0.0001423 7.37363e-08 -3.02414e-24
-0.000142156 4.11801e-08 -1.68891e-24
-0.000141996 6.77719e-09 -2.77952e-25
-0.000141822 -2.95059e-08 1.21012e-24
-0.000141633 -6.77017e-08 2.77664e-24
-0.000141427 -1.07842e-07 4.42292e-24
-0.000141206 -1.49958e-07 6.15023e-24
-0.000140968 -1.94081e-07 7.95981e-24
-0.000140714 -2.40238e-07 9.85287e-24
-0.000140444 -2.88459e-07 1.18305e-23
-0.000140156 -3.38768e-07 1.38939e-23
-0.000139851 -3.91193e-07 1.60439e-23
-0.000139529 -4.45757e-07 1.82818e-23
-0.000139189 -5.02484e-07 2.06083e-23
-0.000138832 -5.61398e-07 2.30246e-23
-0.000138456 -6.2252e-07 2.55314e-23
-0.000138062 -6.85872e-07 2.81296e-23
-0.00013765 -7.51473e-07 3.08201e-23
-0.000137219 -8.19325e-07 3.36029e-23
-0.000136769 -8.89453e-07 3.64791e-23
-0.000136301 -9.61893e-07 3.945e-23
-0.000135813 -1.03665e-06 4.2516e-23
-0.000135306 -1.11375e-06 4.56779e-23
-0.00013478 -1.19319e-06 4.89362e-23
-0.000134235 -1.275e-06 5.22915e-23
-0.00013367 -1.35919e-06 5.57444e-23
-0.000133085 -1.44577e-06 5.92952e-23
-0.000132481 -1.53475e-06 6.29445e-23
-0.000131857 -1.62614e-06 6.66926e-23
-0.000131213 -1.71994e-06 7.05399e-23
-0.000130548 -1.81622e-06 7.44885e-23
-0.000129863 -1.91496e-06 7.85381e-23
-0.000129157 -2.01612e-06 8.26868e-23
-0.000128431 -2.11972e-06 8.6936e-23
-0.000127685 -2.22578e-06 9.12856e-23
-0.000126919 -2.33429e-06 9.57359e-23
-0.000126133 -2.44525e-06 1.00287e-22
-0.000125327 -2.55867e-06 1.04939e-22
-0.0001245 -2.67455e-06 1.09691e-22
-0.000123653 -2.79289e-06 1.14544e-22
-0.000122786 -2.91368e-06 1.19498e-22
-0.000121899 -3.03693e-06 1.24553e-22
-0.000120992 -3.16262e-06 1.29708e-22
-0.000120064 -3.29076e-06 1.34964e-22
-0.000119117 -3.42135e-06 1.40319e-22
-0.00011815 -3.55436e-06 1.45775e-22
-0.000117162 -3.68981e-06 1.5133e-22
-0.000116155 -3.82768e-06 1.56984e-22
-0.000115128 -3.96795e-06 1.62737e-22
-0.000114081 -4.11062e-06 1.68588e-22
-0.000113015 -4.25565e-06 1.74536e-22
-0.00011193 -4.40302e-06 1.8058e-22
-0.000110826 -4.5527e-06 1.86719e-22
-0.000109703 -4.70467e-06 1.92952e-22
-0.000108561 -4.8589e-06 1.99277e-22
-0.000107401 -5.01535e-06 2.05694e-22
-0.000106224 -5.17401e-06 2.12201e-22
-0.000105028 -5.33484e-06 2.18797e-22
-0.000103815 -5.4978e-06 2.25481e-22
-0.000102585 -5.66288e-06 2.32251e-22
-0.000101337 -5.83003e-06 2.39106e-22
-0.000100073 -5.99923e-06 2.46046e-22
-9.87928e-05 -6.17043e-06 2.53067e-22
-9.74962e-05 -6.34362e-06 2.6017e-22
-9.61837e-05 -6.51874e-06 2.67352e-22
-9.48557e-05 -6.69578e-06 2.74613e-22
-9.35124e-05 -6.87468e-06 2.81951e-22
-9.21541e-05 -7.05543e-06 2.89363e-22
-9.07812e-05 -7.23797e-06 2.9685e-22
-8.93941e-05 -7.42226e-06 3.04408e-22
-8.79932e-05 -7.60825e-06 3.12037e-22
-8.65788e-05 -7.7959e-06 3.19732e-22
-8.51515e-05 -7.98513e-06 3.27493e-22
-8.37126e-05 -8.17581e-06 3.35314e-22
-8.22624e-05 -8.36789e-06 3.43192e-22
-8.08002e-05 -8.56144e-06 3.51129e-22
-7.93269e-05 -8.75636e-06 3.59124e-22
-7.78428e-05 -8.95262e-06 3.67173e-22
-7.63485e-05 -9.15015e-06 3.75274e-22
-7.48442e-05 -9.34891e-06 3.83426e-22
-7.33306e-05 -9.54883e-06 3.91625e-22
-7.1808e-05 -9.74988e-06 3.99871e-22
-7.0277e-05 -9.95199e-06 4.0816e-22
-6.87378e-05 -1.01551e-05 4.1649e-22
-6.71911e-05 -1.03592e-05 4.2486e-22
-6.56372e-05 -1.05641e-05 4.33266e-22
-6.40766e-05 -1.077e-05 4.41707e-22
-6.25097e-05 -1.09766e-05 4.50181e-22
-6.0937e-05 -1.11839e-05 4.58684e-22
-5.93591e-05 -1.13919e-05 4.67216e-22
-5.77764e-05 -1.16006e-05 4.75772e-22
-5.61895e-05 -1.18097e-05 4.84351e-22
-5.45988e-05 -1.20194e-05 4.9295e-22
-5.3005e-05 -1.22295e-05 5.01566e-22
-5.14084e-05 -1.24399e-05 5.10196e-22
-4.98098e-05 -1.26506e-05 5.18839e-22
-4.82094e-05 -1.28616e-05 5.27491e-22
-4.6608e-05 -1.30727e-05 5.3615e-22
-4.50059e-05 -1.3284e-05 5.44814e-22
-4.34038e-05 -1.34952e-05 5.53479e-22
-4.1802e-05 -1.37065e-05 5.62144e-22
-4.02011e-05 -1.39177e-05 5.70805e-22
-3.86016e-05 -1.41288e-05 5.79461e-22
-3.70039e-05 -1.43396e-05 5.88109e-22
-3.54086e-05 -1.45502e-05 5.96747e-22
-3.38161e-05 -1.47605e-05 6.05372e-22
-3.22269e-05 -1.49704e-05 6.13981e-22
-3.06415e-05 -1.51799e-05 6.22573e-22
-2.90603e-05 -1.53889e-05 6.31144e-22
-2.7484e-05 -1.55974e-05 6.39693e-22
-2.5913e-05 -1.58052e-05 6.48216e-22
-2.43481e-05 -1.60123e-05 6.56709e-22
-2.27898e-05 -1.62186e-05 6.65171e-22
-2.12386e-05 -1.64241e-05 6.73598e-22
-1.96951e-05 -1.66286e-05 6.81987e-22
-1.81599e-05 -1.68322e-05 6.90336e-22
-1.66336e-05 -1.70347e-05 6.98641e-22
-1.51166e-05 -1.72361e-05 7.069e-22
-1.36096e-05 -1.74362e-05 7.1511e-22
-1.2113e-05 -1.76352e-05 7.23269e-22
-1.06274e-05 -1.78327e-05 7.31373e-22
-9.15329e-06 -1.8029e-05 7.39419e-22
-7.69121e-06 -1.82237e-05 7.47407e-22
-6.24165e-06 -1.84169e-05 7.55331e-22
-4.80509e-06 -1.86086e-05 7.63191e-22
-3.38203e-06 -1.87986e-05 7.70984e-22
-1.97293e-06 -1.89869e-05 7.78707e-22
-5.7828e-07 -1.91734e-05 7.86357e-22
8.01503e-07 -1.93581e-05 7.93933e-22
2.16604e-06 -1.9541e-05 8.01433e-22
3.51502e-06 -1.97219e-05 8.08854e-22
4.84812e-06 -1.9901e-05 8.16196e-22
6.16503e-06 -2.0078e-05 8.23456e-22
7.46547e-06 -2.0253e-05 8.30633e-22
8.74914e-06 -2.04259e-05 8.37725e-22
1.00158e-05 -2.05967e-05 8.44731e-22
1.12651e-05 -2.07654e-05 8.5165e-22
1.24968e-05 -2.0932e-05 8.5848e-22
1.37108e-05 -2.10963e-05 8.65219e-22
1.49066e-05 -2.12584e-05 8.71867e-22
1.60842e-05 -2.14182e-05 8.78422e-22
1.72432e-05 -2.15757e-05 8.84883e-22
1.83835e-05 -2.17309e-05 8.91248e-22
1.95048e-05 -2.18838e-05 8.97516e-22
2.0607e-05 -2.20342e-05 9.03687e-22
2.16898e-05 -2.21823e-05 9.09759e-22
2.27532e-05 -2.23279e-05 9.15731e-22
2.37968e-05 -2.2471e-05 9.21602e-22
2.48206e-05 -2.26117e-05 9.27372e-22
2.58244e-05 -2.27499e-05 9.33039e-22
2.68083e-05 -2.28856e-05 9.38603e-22
2.7772e-05 -2.30187e-05 9.44064e-22
2.87157e-05 -2.31493e-05 9.49421e-22
2.96393e-05 -2.32774e-05 9.54674e-22
3.05427e-05 -2.3403e-05 9.59823e-22
3.14259e-05 -2.3526e-05 9.64868e-22
3.22889e-05 -2.36464e-05 9.69808e-22
3.31317e-05 -2.37643e-05 9.74643e-22
3.39544e-05 -2.38796e-05 9.79373e-22
3.47568e-05 -2.39924e-05 9.83998e-22
3.55391e-05 -2.41026e-05 9.88518e-22
3.63012e-05 -2.42103e-05 9.92932e-22
3.70432e-05 -2.43153e-05 9.97242e-22
3.77651e-05 -2.44178e-05 1.00145e-21
3.84669e-05 -2.45178e-05 1.00554e-21
3.91488e-05 -2.46151e-05 1.00954e-21
3.98107e-05 -2.471e-05 1.01343e-21
4.04528e-05 -2.48022e-05 1.01721e-21
4.10751e-05 -2.48919e-05 1.02089e-21
4.16776e-05 -2.49791e-05 1.02447e-21
4.22606e-05 -2.50637e-05 1.02794e-21
4.28241e-05 -2.51459e-05 1.0313e-21
4.33682e-05 -2.52255e-05 1.03457e-21
4.38931e-05 -2.53026e-05 1.03773e-21
4.43989e-05 -2.53772e-05 1.04079e-21
4.48858e-05 -2.54493e-05 1.04375e-21
4.53539e-05 -2.5519e-05 1.04661e-21
4.58033e-05 -2.55863e-05 1.04937e-21
4.62342e-05 -2.56511e-05 1.05203e-21
4.66468e-05 -2.57135e-05 1.05458e-21
4.70411e-05 -2.57735e-05 1.05705e-21
4.74175e-05 -2.58311e-05 1.05941e-21
4.77759e-05 -2.58864e-05 1.06167e-21
4.81167e-05 -2.59393e-05 1.06384e-21
4.844e-05 -2.59898e-05 1.06592e-21
4.87459e-05 -2.60381e-05 1.0679e-21
4.90346e-05 -2.60841e-05 1.06978e-21
4.93063e-05 -2.61278e-05 1.07157e-21
4.95612e-05 -2.61692e-05 1.07327e-21
4.97994e-05 -2.62084e-05 1.07488e-21
5.00209e-05 -2.62453e-05 1.0764e-21
5.02259e-05 -2.628e-05 1.07782e-21
5.04144e-05 -2.63125e-05 1.07915e-21
5.05866e-05 -2.63427e-05 1.08039e-21
5.07424e-05 -2.63707e-05 1.08154e-21
5.0882e-05 -2.63966e-05 1.0826e-21
5.10056e-05 -2.64202e-05 1.08357e-21
5.11131e-05 -2.64417e-05 1.08445e-21
5.12047e-05 -2.64609e-05 1.08524e-21
5.12805e-05 -2.6478e-05 1.08594e-21
5.13405e-05 -2.6493e-05 1.08655e-21
5.13849e-05 -2.65058e-05 1.08708e-21
5.14138e-05 -2.65164e-05 1.08751e-21
5.14272e-05 -2.65249e-05 1.08786e-21
5.14253e-05 -2.65313e-05 1.08813e-21
5.14082e-05 -2.65356e-05 1.0883e-21
5.13759e-05 -2.65378e-05 1.08839e-21
5.13286e-05 -2.65378e-05 1.08839e-21
5.12664e-05 -2.65358e-05 1.08831e-21
5.11892e-05 -2.65318e-05 1.08814e-21
5.10972e-05 -2.65256e-05 1.08789e-21
5.09902e-05 -2.65174e-05 1.08755e-21
5.08684e-05 -2.6507e-05 1.08713e-21
5.07317e-05 -2.64946e-05 1.08662e-21
5.05802e-05 -2.64801e-05 1.08603e-21
5.04138e-05 -2.64636e-05 1.08535e-21
5.02326e-05 -2.64449e-05 1.08458e-21
5.00366e-05 -2.64242e-05 1.08373e-21
4.98258e-05 -2.64014e-05 1.0828e-21
4.96002e-05 -2.63765e-05 1.08178e-21
4.93598e-05 -2.63495e-05 1.08067e-21
4.91047e-05 -2.63205e-05 1.07948e-21
4.88348e-05 -2.62894e-05 1.0782e-21
4.85502e-05 -2.62562e-05 1.07684e-21
4.82509e-05 -2.62209e-05 1.07539e-21
4.79368e-05 -2.61835e-05 1.07386e-21
4.76081e-05 -2.61441e-05 1.07225e-21
4.72647e-05 -2.61026e-05 1.07054e-21
4.69066e-05 -2.6059e-05 1.06876e-21
4.65338e-05 -2.60134e-05 1.06688e-21
4.61463e-05 -2.59657e-05 1.06493e-21
4.57442e-05 -2.59159e-05 1.06289e-21
4.53275e-05 -2.58641e-05 1.06076e-21
4.4896e-05 -2.58101e-05 1.05855e-21
4.44499e-05 -2.57541e-05 1.05625e-21
4.39892e-05 -2.56961e-05 1.05387e-21
4.35138e-05 -2.5636e-05 1.0514e-21
4.30238e-05 -2.55738e-05 1.04885e-21
4.25192e-05 -2.55095e-05 1.04622e-21
4.19999e-05 -2.54432e-05 1.0435e-21
4.14645e-05 -2.53746e-05 1.04069e-21
4.09133e-05 -2.53039e-05 1.03779e-21
4.0348e-05 -2.52311e-05 1.0348e-21
3.97681e-05 -2.51563e-05 1.03173e-21
3.91736e-05 -2.50794e-05 1.02858e-21
3.85644e-05 -2.50005e-05 1.02534e-21
3.79407e-05 -2.49195e-05 1.02202e-21
3.73024e-05 -2.48365e-05 1.01862e-21
3.66496e-05 -2.47514e-05 1.01513e-21
3.59822e-05 -2.46643e-05 1.01155e-21
3.53002e-05 -2.45751e-05 1.0079e-21
3.46037e-05 -2.44839e-05 1.00416e-21
3.38925e-05 -2.43907e-05 1.00033e-21
3.31669e-05 -2.42954e-05 9.96423e-22
3.24266e-05 -2.4198e-05 9.92431e-22
3.16718e-05 -2.40987e-05 9.88356e-22
3.09025e-05 -2.39973e-05 9.84197e-22
3.01186e-05 -2.38938e-05 9.79955e-22
2.93202e-05 -2.37884e-05 9.7563e-22
2.85072e-05 -2.36809e-05 9.71221e-22
2.76798e-05 -2.35714e-05 9.6673e-22
2.68378e-05 -2.34598e-05 9.62156e-22
2.59814e-05 -2.33463e-05 9.575e-22
2.51104e-05 -2.32308e-05 9.5276e-22
2.42251e-05 -2.31132e-05 9.47939e-22
2.33253e-05 -2.29936e-05 9.43036e-22
2.24112e-05 -2.28721e-05 9.3805e-22
2.14826e-05 -2.27485e-05 9.32983e-22
2.05397e-05 -2.2623e-05 9.27835e-22
1.95826e-05 -2.24955e-05 9.22605e-22
1.86113e-05 -2.2366e-05 9.17296e-22
1.7626e-05 -2.22346e-05 9.11907e-22
1.66268e-05 -2.21013e-05 9.06438e-22
1.56138e-05 -2.19661e-05 9.00892e-22
1.45871e-05 -2.18289e-05 8.95268e-22
1.35468e-05 -2.16899e-05 8.89567e-22
1.24931e-05 -2.15491e-05 8.8379e-22
1.14261e-05 -2.14064e-05 8.77937e-22
1.03459e-05 -2.12618e-05 8.7201e-22
9.25257e-06 -2.11155e-05 8.66008e-22
8.14635e-06 -2.09674e-05 8.59933e-22
7.02739e-06 -2.08175e-05 8.53786e-22
5.89579e-06 -2.06659e-05 8.47567e-22
4.75164e-06 -2.05125e-05 8.41277e-22
3.5951e-06 -2.03574e-05 8.34916e-22
2.42635e-06 -2.02006e-05 8.28487e-22
1.24553e-06 -2.00422e-05 8.21989e-22
5.27981e-08 -1.98821e-05 8.15423e-22
-1.15168e-06 -1.97204e-05 8.08791e-22
-2.36771e-06 -1.95571e-05 8.02093e-22
-3.59504e-06 -1.93922e-05 7.95331e-22
-4.83345e-06 -1.92258e-05 7.88506e-22
-6.08271e-06 -1.90579e-05 7.81619e-22
-7.34256e-06 -1.88885e-05 7.74672e-22
-8.61277e-06 -1.87177e-05 7.67666e-22
-9.8931e-06 -1.85454e-05 7.60602e-22
-1.11833e-05 -1.83718e-05 7.53481e-22
-1.24831e-05 -1.81968e-05 7.46305e-22
-1.37923e-05 -1.80206e-05 7.39076e-22
-1.51106e-05 -1.7843e-05 7.31793e-22
-1.64378e-05 -1.76642e-05 7.2446e-22
-1.77736e-05 -1.74842e-05 7.17077e-22
-1.91177e-05 -1.7303e-05 7.09646e-22
-2.04699e-05 -1.71206e-05 7.02167e-22
-2.18299e-05 -1.69372e-05 6.94643e-22
-2.31975e-05 -1.67527e-05 6.87075e-22
-2.45724e-05 -1.65671e-05 6.79464e-22
-2.59543e-05 -1.63805e-05 6.71812e-22
-2.73429e-05 -1.6193e-05 6.6412e-22
-2.87378e-05 -1.60045e-05 6.5639e-22
-3.01388e-05 -1.58151e-05 6.48624e-22
-3.15453e-05 -1.5625e-05 6.40825e-22
-3.29569e-05 -1.5434e-05 6.32994e-22
-3.43734e-05 -1.52424e-05 6.25133e-22
-3.57942e-05 -1.505e-05 6.17245e-22
-3.7219e-05 -1.48571e-05 6.09332e-22
-3.86473e-05 -1.46636e-05 6.01395e-22
-4.00788e-05 -1.44695e-05 5.93438e-22
-4.15131e-05 -1.4275e-05 5.85461e-22
-4.29497e-05 -1.40801e-05 5.77467e-22
-4.43882e-05 -1.38849e-05 5.69458e-22
-4.58283e-05 -1.36893e-05 5.61437e-22
-4.72695e-05 -1.34934e-05 5.53405e-22
-4.87114e-05 -1.32974e-05 5.45364e-22
-5.01537e-05 -1.31012e-05 5.37317e-22
-5.15959e-05 -1.29049e-05 5.29266e-22
-5.30377e-05 -1.27085e-05 5.21212e-22
-5.44785e-05 -1.25121e-05 5.13158e-22
-5.59181e-05 -1.23158e-05 5.05106e-22
-5.73563e-05 -1.21195e-05 4.97057e-22
-5.87913e-05 -1.19234e-05 4.89013e-22
-6.02233e-05 -1.17274e-05 4.80976e-22
-6.16538e-05 -1.15316e-05 4.72943e-22
-6.30821e-05 -1.13359e-05 4.64916e-22
-6.45082e-05 -1.11403e-05 4.56896e-22
-6.59318e-05 -1.0945e-05 4.48885e-22
-6.73529e-05 -1.07498e-05 4.40882e-22
-6.87712e-05 -1.05549e-05 4.32889e-22
-7.01867e-05 -1.03603e-05 4.24906e-22
-7.1599e-05 -1.01659e-05 4.16934e-22
-7.30082e-05 -9.97186e-06 4.08975e-22
-7.44141e-05 -9.7781e-06 4.01028e-22
-7.58165e-05 -9.58467e-06 3.93095e-22
-7.72152e-05 -9.39159e-06 3.85176e-22
-7.86102e-05 -9.19888e-06 3.77273e-22
-8.00013e-05 -9.00656e-06 3.69385e-22
-8.13883e-05 -8.81464e-06 3.61514e-22
-8.27711e-05 -8.62315e-06 3.5366e-22
-8.41497e-05 -8.43209e-06 3.45825e-22
-8.5524e-05 -8.24147e-06 3.38007e-22
-8.6894e-05 -8.05129e-06 3.30207e-22
-8.82598e-05 -7.86153e-06 3.22424e-22
-8.96215e-05 -7.67219e-06 3.14659e-22
-9.09791e-05 -7.48326e-06 3.0691e-22
-9.23327e-05 -7.29475e-06 2.99179e-22
-9.36824e-05 -7.10663e-06 2.91464e-22
-9.50281e-05 -6.91892e-06 2.83765e-22
-9.637e-05 -6.73159e-06 2.76082e-22
-9.7708e-05 -6.54461e-06 2.68413e-22
-9.90419e-05 -6.358e-06 2.6076e-22
-0.000100372 -6.17176e-06 2.53122e-22
-0.000101699 -5.98587e-06 2.45498e-22
-0.000103022 -5.80033e-06 2.37888e-22
-0.000104342 -5.61513e-06 2.30293e-22
-0.000105659 -5.43027e-06 2.22711e-22
-0.000106972 -5.24573e-06 2.15142e-22
-0.000108282 -5.0615e-06 2.07587e-22
-0.000109589 -4.87758e-06 2.00044e-22
-0.000110893 -4.69395e-06 1.92513e-22
-0.000112195 -4.51062e-06 1.84993e-22
-0.000113493 -4.32757e-06 1.77486e-22
-0.000114788 -4.1448e-06 1.6999e-22
-0.000116081 -3.96231e-06 1.62506e-22
-0.00011737 -3.78009e-06 1.55032e-22
-0.000118658 -3.59813e-06 1.4757e-22
-0.000119942 -3.41644e-06 1.40118e-22
-0.000121224 -3.235e-06 1.32677e-22
-0.000122503 -3.05381e-06 1.25246e-22
-0.00012378 -2.87286e-06 1.17824e-22
-0.000125054 -2.69215e-06 1.10413e-22
-0.000126326 -2.51167e-06 1.03011e-22
-0.000127596 -2.33141e-06 9.56177e-23
-0.000128863 -2.15136e-06 8.82334e-23
-0.000130128 -1.97152e-06 8.08576e-23
-0.000131391 -1.79187e-06 7.34899e-23
-0.000132653 -1.61242e-06 6.61301e-23
-0.000133912 -1.43315e-06 5.87777e-23
-0.000135169 -1.25406e-06 5.14324e-23
-0.000136425 -1.07513e-06 4.40942e-23
-0.000137678 -8.96387e-07 3.67634e-23
-0.00013893 -7.17849e-07 2.94411e-23
-0.000140179 -5.39535e-07 2.21279e-23
-0.000141426 -3.61467e-07 1.48248e-23
-0.000142671 -1.83664e-07 7.53258e-24
-0.000143912 -6.14553e-09 2.52046e-25
-0.000145151 1.71068e-07 -7.016e-24
-0.000146387 3.47959e-07 -1.42708e-23
-0.00014762 5.24507e-07 -2.15116e-23
-0.00014885 7.00696e-07 -2.87376e-23
-0.000150076 8.76507e-07 -3.59481e-23
-0.000151299 1.05192e-06 -4.31424e-23
-0.000152518 1.22692e-06 -5.03197e-23
-0.000153733 1.4015e-06 -5.74795e-23
-0.000154945 1.57563e-06 -6.4621e-23
-0.000156152 1.74929e-06 -7.17436e-23
-0.000157356 1.92249e-06 -7.88467e-23
-0.000158555 2.09519e-06 -8.59296e-23
-0.00015975 2.26738e-06 -9.29918e-23
-0.00016094 2.43905e-06 -1.00033e-22
-0.000162126 2.61017e-06 -1.07051e-22
-0.000163307 2.78072e-06 -1.14045e-22
-0.000164483 2.95066e-06 -1.21015e-22
-0.000165654 3.11997e-06 -1.27959e-22
-0.000166819 3.28862e-06 -1.34876e-22
-0.000167979 3.45658e-06 -1.41764e-22
-0.000169133 3.62383e-06 -1.48624e-22
-0.000170281 3.79035e-06 -1.55453e-22
-0.000171422 3.95609e-06 -1.62251e-22
-0.000172557 4.12105e-06 -1.69016e-22
-0.000173686 4.2852e-06 -1.75748e-22
-0.000174808 4.44851e-06 -1.82446e-22
-0.000175923 4.61096e-06 -1.89109e-22
-0.00017703 4.77253e-06 -1.95735e-22
-0.000178131 4.9332e-06 -2.02325e-22
-0.000179224 5.09295e-06 -2.08876e-22
-0.00018031 5.25175e-06 -2.15389e-22
-0.000181388 5.40958e-06 -2.21863e-22
-0.000182458 5.56643e-06 -2.28295e-22
-0.000183521 5.72228e-06 -2.34687e-22
-0.000184575 5.87712e-06 -2.41038e-22
-0.000185621 6.03095e-06 -2.47347e-22
-0.00018666 6.18375e-06 -2.53614e-22
-0.00018769 6.33553e-06 -2.59838e-22
-0.000188712 6.48628e-06 -2.66021e-22
-0.000189727 6.63599e-06 -2.72161e-22
-0.000190733 6.78467e-06 -2.78259e-22
-0.000191731 6.93231e-06 -2.84314e-22
-0.000192721 7.07891e-06 -2.90327e-22
-0.000193704 7.22447e-06 -2.96296e-22
-0.000194662 7.36776e-06 -3.02173e-22
-0.000195596 7.50876e-06 -3.07956e-22
-0.000196523 7.64875e-06 -3.13697e-22
-0.000197442 7.78771e-06 -3.19396e-22
-0.000198353 7.92564e-06 -3.25053e-22
-0.000199257 8.06255e-06 -3.30668e-22
-0.000200153 8.19843e-06 -3.36241e-22
-0.000201041 8.33328e-06 -3.41772e-22
-0.000201922 8.46711e-06 -3.47261e-22
-0.000202796 8.59992e-06 -3.52708e-22
-0.000203662 8.73173e-06 -3.58113e-22
-0.000204521 8.86254e-06 -3.63479e-22
-0.000205372 8.9924e-06 -3.68804e-22
-0.000206217 9.1213e-06 -3.74091e-22
-0.000207056 9.24927e-06 -3.79339e-22
-0.000207888 9.37633e-06 -3.8455e-22
-0.000208713 9.5025e-06 -3.89725e-22
-0.000209533 9.62781e-06 -3.94864e-22
-0.000210347 9.75226e-06 -3.99969e-22
-0.000211155 9.8759e-06 -4.05039e-22
-0.000211958 9.99872e-06 -4.10076e-22
-0.000212756 1.01208e-05 -4.15082e-22
-0.000213548 1.0242e-05 -4.20056e-22
-0.000214336 1.03626e-05 -4.25e-22
-0.00021512 1.04824e-05 -4.29914e-22
-0.000215898 1.06015e-05 -4.348e-22
-0.000216673 1.072e-05 -4.39658e-22
-0.000217444 1.08378e-05 -4.4449e-22
-0.000218211 1.0955e-05 -4.49296e-22
-0.000218975 1.10716e-05 -4.54077e-22
-0.000219735 1.11876e-05 -4.58834e-22
-0.000220492 1.13029e-05 -4.63566e-22
-0.000221246 1.14178e-05 -4.68275e-22
-0.000221996 1.15319e-05 -4.72958e-22
-0.000222742 1.16455e-05 -4.77616e-22
-0.000223485 1.17585e-05 -4.82249e-22
-0.000224225 1.18709e-05 -4.86858e-22
-0.000224963 1.19827e-05 -4.91445e-22
-0.000225697 1.2094e-05 -4.96009e-22
-0.000226429 1.22047e-05 -5.0055e-22
-0.000227158 1.23149e-05 -5.05068e-22
-0.000227884 1.24245e-05 -5.09564e-22
-0.000228608 1.25336e-05 -5.14038e-22
-0.000229329 1.26421e-05 -5.1849e-22
-0.000230048 1.27501e-05 -5.2292e-22
-0.000230765 1.28576e-05 -5.27328e-22
-0.000231479 1.29646e-05 -5.31715e-22
-0.000232191 1.3071e-05 -5.36081e-22
-0.000232901 1.3177e-05 -5.40425e-22
-0.000233609 1.32824e-05 -5.44748e-22
-0.000234315 1.33872e-05 -5.4905e-22
-0.000235018 1.34916e-05 -5.53329e-22
-0.000235719 1.35954e-05 -5.57586e-22
-0.000236418 1.36986e-05 -5.61819e-22
-0.000237114 1.38012e-05 -5.66028e-22
-0.000237807 1.39033e-05 -5.70213e-22
-0.000238498 1.40047e-05 -5.74372e-22
-0.000239186 1.41054e-05 -5.78505e-22
-0.000239871 1.42056e-05 -5.82611e-22
-0.000240552 1.4305e-05 -5.8669e-22
-0.000241231 1.44038e-05 -5.9074e-22
-0.000241906 1.45018e-05 -5.94762e-22
-0.000242578 1.45992e-05 -5.98755e-22
-0.000243247 1.46958e-05 -6.02717e-22
-0.000243911 1.47917e-05 -6.06649e-22
-0.000244572 1.48867e-05 -6.10549e-22
-0.00024523 1.4981e-05 -6.14416e-22
-0.000245883 1.50745e-05 -6.18251e-22
-0.000246532 1.51672e-05 -6.22052e-22
-0.000247176 1.52591e-05 -6.25818e-22
-0.000247817 1.535e-05 -6.29549e-22
-0.000248453 1.54401e-05 -6.33244e-22
-0.000249084 1.55293e-05 -6.36903e-22
-0.000249711 1.56176e-05 -6.40524e-22
-0.000250332 1.5705e-05 -6.44107e-22
-0.000250949 1.57914e-05 -6.47651e-22
-0.00025156 1.58769e-05 -6.51156e-22
-0.000252167 1.59613e-05 -6.5462e-22
-0.000252768 1.60448e-05 -6.58044e-22
-0.000253363 1.61273e-05 -6.61425e-22
-0.000253953 1.62087e-05 -6.64764e-22
-0.000254536 1.6289e-05 -6.68059e-22
-0.000255114 1.63683e-05 -6.71311e-22
-0.000255686 1.64465e-05 -6.74517e-22
-0.000256252 1.65235e-05 -6.77677e-22
-0.000256811 1.65994e-05 -6.80791e-22
-0.000257363 1.66742e-05 -6.83857e-22
-0.000257909 1.67478e-05 -6.86876e-22
-0.000258448 1.68202e-05 -6.89845e-22
-0.00025898 1.68914e-05 -6.92764e-22
-0.000259504 1.69613e-05 -6.95632e-22
-0.000260022 1.703e-05 -6.98449e-22
-0.000260531 1.70974e-05 -7.01213e-22
-0.000261033 1.71635e-05 -7.03924e-22
-0.000261527 1.72282e-05 -7.0658e-22
-0.000262013 1.72917e-05 -7.09181e-22
-0.000262491 1.73537e-05 -7.11725e-22
-0.00026296 1.74143e-05 -7.14213e-22
-0.000263421 1.74736e-05 -7.16642e-22
-0.000263873 1.75314e-05 -7.19013e-22
-0.000264315 1.75877e-05 -7.21323e-22
-0.000264749 1.76426e-05 -7.23572e-22
-0.000265173 1.76959e-05 -7.2576e-22
-0.000265588 1.77477e-05 -7.27885e-22
-0.000265993 1.7798e-05 -7.29946e-22
-0.000266388 1.78466e-05 -7.31943e-22
-0.000266772 1.78937e-05 -7.33873e-22
-0.000267147 1.79392e-05 -7.35738e-22
-0.00026751 1.7983e-05 -7.37534e-22
-0.000267864 1.80251e-05 -7.39263e-22
-0.000268206 1.80656e-05 -7.40921e-22
-0.000268536 1.81042e-05 -7.42507e-22
-0.000268855 1.81411e-05 -7.44021e-22
-0.000269162 1.81762e-05 -7.45459e-22
-0.000269457 1.82094e-05 -7.46821e-22
-0.000269739 1.82407e-05 -7.48106e-22
-0.000270008 1.82701e-05 -7.4931e-22
-0.000270264 1.82975e-05 -7.50434e-22
-0.000270506 1.83229e-05 -7.51475e-22
-0.000270734 1.83462e-05 -7.52432e-22
-0.000270948 1.83675e-05 -7.53303e-22
-0.000271147 1.83866e-05 -7.54086e-22
-0.000271331 1.84035e-05 -7.54781e-22
-0.0002715 1.84182e-05 -7.55386e-22
-0.000271654 1.84307e-05 -7.55898e-22
-0.000271792 1.8441e-05 -7.56317e-22
-0.000271914 1.84489e-05 -7.56642e-22
-0.000272019 1.84544e-05 -7.5687e-22
-0.000272107 1.84576e-05 -7.57e-22
-0.000272178 1.84584e-05 -7.57031e-22
-0.000272232 1.84567e-05 -7.56961e-22
-0.000272269 1.84525e-05 -7.56789e-22
-0.000272287 1.84457e-05 -7.56513e-22
-0.000272287 1.84364e-05 -7.56131e-22
-0.000272268 1.84245e-05 -7.55643e-22
-0.00027223 1.841e-05 -7.55046e-22
-0.000272173 1.83927e-05 -7.54339e-22
-0.000272096 1.83728e-05 -7.53522e-22
-0.000271999 1.83501e-05 -7.52591e-22
-0.000271883 1.83246e-05 -7.51547e-22
-0.000271745 1.82964e-05 -7.50387e-22
-0.000271587 1.82652e-05 -7.4911e-22
-0.000271408 1.82312e-05 -7.47715e-22
-0.000271208 1.81943e-05 -7.46201e-22
-0.000270986 1.81544e-05 -7.44566e-22
-0.000270742 1.81116e-05 -7.42809e-22
-0.000270476 1.80658e-05 -7.40929e-22
-0.000270188 1.80169e-05 -7.38925e-22
-0.000269877 1.7965e-05 -7.36795e-22
-0.000269543 1.79099e-05 -7.34538e-22
-0.000269186 1.78518e-05 -7.32155e-22
-0.000268806 1.77906e-05 -7.29645e-22
-0.000268403 1.77263e-05 -7.27007e-22
-0.000267977 1.76589e-05 -7.24242e-22
-0.000267528 1.75884e-05 -7.2135e-22
-0.000267056 1.75147e-05 -7.1833e-22
-0.00026656 1.7438e-05 -7.15183e-22
-0.000266041 1.73582e-05 -7.11908e-22
-0.000265499 1.72752e-05 -7.08506e-22
-0.000264934 1.71892e-05 -7.04977e-22
-0.000264345 1.71e-05 -7.01321e-22
-0.000263734 1.70078e-05 -6.97538e-22
-0.000263099 1.69124e-05 -6.93628e-22
-0.00026244 1.6814e-05 -6.89592e-22
-0.000261759 1.67125e-05 -6.85429e-22
-0.000261054 1.66079e-05 -6.8114e-22
-0.000260327 1.65003e-05 -6.76725e-22
-0.000259576 1.63896e-05 -6.72184e-22
-0.000258802 1.62758e-05 -6.67519e-22
-0.000258007 1.61592e-05 -6.62737e-22
-0.000257192 1.60398e-05 -6.57841e-22
-0.000256353 1.59174e-05 -6.5282e-22
-0.000255492 1.57921e-05 -6.47679e-22
-0.000254609 1.56639e-05 -6.4242e-22
-0.000253704 1.55328e-05 -6.37043e-22
-0.000252778 1.53988e-05 -6.31551e-22
-0.000251831 1.52621e-05 -6.25945e-22
-0.000250863 1.51227e-05 -6.20226e-22
-0.000249875 1.49806e-05 -6.14398e-22
-0.000248867 1.48358e-05 -6.0846e-22
-0.00024784 1.46884e-05 -6.02415e-22
-0.000246792 1.45385e-05 -5.96266e-22
-0.000245726 1.4386e-05 -5.90012e-22
-0.000244641 1.42311e-05 -5.83657e-22
-0.000243537 1.40737e-05 -5.77203e-22
-0.000242416 1.39139e-05 -5.7065e-22
-0.000241277 1.37518e-05 -5.64001e-22
-0.00024012 1.35874e-05 -5.57259e-22
-0.000238946 1.34207e-05 -5.50424e-22
-0.000237756 1.32519e-05 -5.43498e-22
-0.00023655 1.30809e-05 -5.36485e-22
-0.000235328 1.29078e-05 -5.29387e-22
-0.00023409 1.27327e-05 -5.22205e-22
-0.000232838 1.25556e-05 -5.14943e-22
-0.000231571 1.23766e-05 -5.07602e-22
-0.00023029 1.21958e-05 -5.00185e-22
-0.000228996 1.20132e-05 -4.92695e-22
-0.000227689 1.18288e-05 -4.85135e-22
-0.000226369 1.16428e-05 -4.77506e-22
-0.000225038 1.14552e-05 -4.69811e-22
-0.000223694 1.1266e-05 -4.62052e-22
-0.000222338 1.10753e-05 -4.5423e-22
-0.000220969 1.08831e-05 -4.46347e-22
-0.00021959 1.06896e-05 -4.38411e-22
-0.000218202 1.04948e-05 -4.30422e-22
-0.000216804 1.02988e-05 -4.22383e-22
-0.000215397 1.01016e-05 -4.14296e-22
-0.000213982 9.9033e-06 -4.06163e-22
-0.000212559 9.70396e-06 -3.97988e-22
-0.00021113 9.50364e-06 -3.89772e-22
-0.000209693 9.30239e-06 -3.81518e-22
-0.00020825 9.10024e-06 -3.73227e-22
-0.000206801 8.89726e-06 -3.64902e-22
-0.000205346 8.69349e-06 -3.56545e-22
-0.000203885 8.48897e-06 -3.48157e-22
-0.00020242 8.28375e-06 -3.3974e-22
-0.000200949 8.07787e-06 -3.31297e-22
-0.000199475 7.8714e-06 -3.22829e-22
-0.000197996 7.66439e-06 -3.14339e-22
-0.000196514 7.45688e-06 -3.05828e-22
-0.000195029 7.24889e-06 -2.97298e-22
-0.000193541 7.04049e-06 -2.88751e-22
-0.00019205 6.83172e-06 -2.80188e-22
-0.000190557 6.62262e-06 -2.71613e-22
-0.000189062 6.41325e-06 -2.63026e-22
-0.000187566 6.20364e-06 -2.54429e-22
-0.000186068 5.99385e-06 -2.45825e-22
-0.00018457 5.78393e-06 -2.37216e-22
-0.000183071 5.57391e-06 -2.28602e-22
-0.000181573 5.36385e-06 -2.19987e-22
-0.000180074 5.15377e-06 -2.11371e-22
-0.000178576 4.94373e-06 -2.02757e-22
-0.000177078 4.73376e-06 -1.94145e-22
-0.000175582 4.52389e-06 -1.85538e-22
-0.000174087 4.31417e-06 -1.76936e-22
-0.000172593 4.10462e-06 -1.68342e-22
-0.000171101 3.89528e-06 -1.59757e-22
-0.000169612 3.68619e-06 -1.51181e-22
-0.000168124 3.47739e-06 -1.42618e-22
-0.000166639 3.2689e-06 -1.34067e-22
-0.000165158 3.06077e-06 -1.25531e-22
-0.000163679 2.85303e-06 -1.17011e-22
-0.000162204 2.64571e-06 -1.08508e-22
-0.000160732 2.43885e-06 -1.00024e-22
-0.000159264 2.23248e-06 -9.15604e-23
-0.000157801 2.02664e-06 -8.31182e-23
-0.000156341 1.82135e-06 -7.4699e-23
-0.000154887 1.61667e-06 -6.63041e-23
-0.000153437 1.4126e-06 -5.7935e-23
-0.000151993 1.2092e-06 -4.95928e-23
-0.000150553 1.00647e-06 -4.12781e-23
-0.000149119 8.0442e-07 -3.29916e-23
-0.000147691 6.03067e-07 -2.47335e-23
-0.000146267 4.02419e-07 -1.65044e-23
-0.000144849 2.02485e-07 -8.30448e-24
-0.000143437 3.27469e-09 -1.34304e-25
-0.00014203 -1.95202e-07 8.0058e-24
-0.000140629 -3.92936e-07 1.61154e-23
-0.000139234 -5.89919e-07 2.41943e-23
-0.000137844 -7.86141e-07 3.22419e-23
-0.00013646 -9.81595e-07 4.0258e-23
-0.000135082 -1.17627e-06 4.82423e-23
-0.00013371 -1.37016e-06 5.61943e-23
-0.000132343 -1.56326e-06 6.41138e-23
-0.000130983 -1.75556e-06 7.20004e-23
-0.000129628 -1.94704e-06 7.98539e-23
-0.00012828 -2.13772e-06 8.76739e-23
-0.000126937 -2.32758e-06 9.54609e-23
-0.0001256 -2.51666e-06 1.03215e-22
-0.000124269 -2.70491e-06 1.10936e-22
-0.000122944 -2.89232e-06 1.18622e-22
-0.000121625 -3.07889e-06 1.26274e-22
-0.000120312 -3.26461e-06 1.33891e-22
-0.000119005 -3.44949e-06 1.41474e-22
-0.000117705 -3.63353e-06 1.49022e-22
-0.00011641 -3.81672e-06 1.56535e-22
-0.000115122 -3.99905e-06 1.64013e-22
-0.000113839 -4.18054e-06 1.71456e-22
-0.000112563 -4.36118e-06 1.78865e-22
-0.000111292 -4.54097e-06 1.86238e-22
-0.000110028 -4.71991e-06 1.93577e-22
-0.000108769 -4.898e-06 2.00881e-22
-0.000107516 -5.07523e-06 2.0815e-22
-0.00010627 -5.25162e-06 2.15384e-22
-0.000105029 -5.42715e-06 2.22583e-22
-0.000103794 -5.60183e-06 2.29747e-22
-0.000102565 -5.77566e-06 2.36876e-22
-0.000101342 -5.94863e-06 2.43971e-22
-0.000100125 -6.12076e-06 2.5103e-22
-9.89134e-05 -6.29203e-06 2.58054e-22
-9.77079e-05 -6.46244e-06 2.65043e-22
-9.65083e-05 -6.63197e-06 2.71996e-22
-9.5315e-05 -6.8006e-06 2.78912e-22
-9.41278e-05 -6.96831e-06 2.85791e-22
-9.2947e-05 -7.1351e-06 2.92631e-22
-9.17727e-05 -7.30094e-06 2.99433e-22
-9.0605e-05 -7.46583e-06 3.06195e-22
-8.9444e-05 -7.62973e-06 3.12917e-22
-8.82897e-05 -7.79264e-06 3.19599e-22
-8.71424e-05 -7.95455e-06 3.26239e-22
-8.60021e-05 -8.11543e-06 3.32837e-22
-8.48688e-05 -8.27528e-06 3.39393e-22
-8.37429e-05 -8.43408e-06 3.45906e-22
-8.26242e-05 -8.59181e-06 3.52375e-22
-8.1513e-05 -8.74845e-06 3.58799e-22
-8.04093e-05 -8.90401e-06 3.65179e-22
-7.93133e-05 -9.05845e-06 3.71513e-22
-7.8225e-05 -9.21177e-06 3.77801e-22
-7.71445e-05 -9.36395e-06 3.84043e-22
-7.6072e-05 -9.51498e-06 3.90237e-22
-7.50077e-05 -9.66482e-06 3.96382e-22
-7.39518e-05 -9.81344e-06 4.02478e-22
-7.29047e-05 -9.96082e-06 4.08522e-22
-7.18664e-05 -1.01069e-05 4.14513e-22
-7.08374e-05 -1.02517e-05 4.20451e-22
-6.98179e-05 -1.03951e-05 4.26333e-22
-6.88081e-05 -1.05371e-05 4.32158e-22
-6.78083e-05 -1.06778e-05 4.37926e-22
-6.68187e-05 -1.08169e-05 4.43633e-22
-6.58396e-05 -1.09546e-05 4.49281e-22
-6.48712e-05 -1.10908e-05 4.54866e-22
-6.39138e-05 -1.12254e-05 4.60387e-22
-6.29676e-05 -1.13585e-05 4.65845e-22
-6.20328e-05 -1.149e-05 4.71236e-22
-6.11019e-05 -1.16204e-05 4.76585e-22
-6.0176e-05 -1.17497e-05 4.81888e-22
-5.92632e-05 -1.18772e-05 4.87118e-22
-5.8363e-05 -1.2003e-05 4.92277e-22
-5.74756e-05 -1.2127e-05 4.97363e-22
-5.66013e-05 -1.22492e-05 5.02375e-22
-5.57403e-05 -1.23696e-05 5.07312e-22
-5.4893e-05 -1.24881e-05 5.12173e-22
-5.40594e-05 -1.26047e-05 5.16955e-22
-5.32401e-05 -1.27194e-05 5.21657e-22
-5.24352e-05 -1.2832e-05 5.26279e-22
-5.16449e-05 -1.29427e-05 5.30818e-22
-5.08697e-05 -1.30513e-05 5.35273e-22
-5.01097e-05 -1.31579e-05 5.39643e-22
-4.93653e-05 -1.32623e-05 5.43926e-22
-4.86366e-05 -1.33646e-05 5.48121e-22
-4.79239e-05 -1.34647e-05 5.52226e-22
-4.72275e-05 -1.35626e-05 5.56241e-22
-4.65477e-05 -1.36583e-05 5.60164e-22
-4.58846e-05 -1.37516e-05 5.63994e-22
-4.52385e-05 -1.38427e-05 5.6773e-22
-4.46097e-05 -1.39315e-05 5.71369e-22
-4.39983e-05 -1.40178e-05 5.74912e-22
-4.34047e-05 -1.41018e-05 5.78357e-22
-4.28289e-05 -1.41834e-05 5.81703e-22
-4.22712e-05 -1.42625e-05 5.84948e-22
-4.17318e-05 -1.43392e-05 5.88093e-22
-4.12106e-05 -1.44134e-05 5.91136e-22
-4.07079e-05 -1.44852e-05 5.94078e-22
-4.02236e-05 -1.45544e-05 5.96918e-22
-3.97578e-05 -1.46212e-05 5.99656e-22
-3.93106e-05 -1.46854e-05 6.0229e-22
-3.8882e-05 -1.47471e-05 6.04822e-22
-3.84721e-05 -1.48063e-05 6.0725e-22
-3.8081e-05 -1.4863e-05 6.09575e-22
-3.77086e-05 -1.49172e-05 6.11796e-22
-3.7355e-05 -1.49688e-05 6.13913e-22
-3.70202e-05 -1.50179e-05 6.15925e-22
-3.67043e-05 -1.50644e-05 6.17834e-22
-3.64073e-05 -1.51084e-05 6.19637e-22
-3.61291e-05 -1.51498e-05 6.21337e-22
-3.58699e-05 -1.51887e-05 6.22931e-22
-3.56295e-05 -1.5225e-05 6.24421e-22
-3.54081e-05 -1.52588e-05 6.25806e-22
-3.52055e-05 -1.529e-05 6.27087e-22
-3.50217e-05 -1.53187e-05 6.28262e-22
-3.48567e-05 -1.53448e-05 6.29335e-22
-3.47101e-05 -1.53684e-05 6.30304e-22
-3.45818e-05 -1.53896e-05 6.31172e-22
-3.44716e-05 -1.54083e-05 6.31939e-22
-3.43793e-05 -1.54246e-05 6.32606e-22
-3.43046e-05 -1.54384e-05 6.33174e-22
-3.42473e-05 -1.54499e-05 6.33646e-22
-3.42071e-05 -1.54591e-05 6.34021e-22
-3.41839e-05 -1.54659e-05 6.343e-22
-3.41775e-05 -1.54704e-05 6.34486e-22
-3.41874e-05 -1.54727e-05 6.34579e-22
-3.42136e-05 -1.54727e-05 6.34581e-22
-3.42558e-05 -1.54706e-05 6.34492e-22
-3.43136e-05 -1.54662e-05 6.34314e-22
-3.43869e-05 -1.54597e-05 6.34049e-22
-3.44754e-05 -1.54512e-05 6.33696e-22
-3.45788e-05 -1.54405e-05 6.33259e-22
-3.46969e-05 -1.54278e-05 6.32738e-22
-3.48294e-05 -1.54131e-05 6.32135e-22
-3.4976e-05 -1.53964e-05 6.3145e-22
-3.51365e-05 -1.53777e-05 6.30685e-22
-3.53106e-05 -1.53572e-05 6.29842e-22
-3.54983e-05 -1.53347e-05 6.2892e-22
-3.56993e-05 -1.53103e-05 6.27921e-22
-3.59133e-05 -1.52841e-05 6.26846e-22
-3.61402e-05 -1.52561e-05 6.25697e-22
-3.63797e-05 -1.52263e-05 6.24473e-22
-3.66317e-05 -1.51947e-05 6.23177e-22
-3.68958e-05 -1.51613e-05 6.21809e-22
-3.7172e-05 -1.51262e-05 6.20371e-22
-3.74599e-05 -1.50895e-05 6.18863e-22
-3.77593e-05 -1.5051e-05 6.17287e-22
-3.807e-05 -1.5011e-05 6.15644e-22
-3.83918e-05 -1.49693e-05 6.13935e-22
-3.87244e-05 -1.49261e-05 6.12161e-22
-3.90677e-05 -1.48813e-05 6.10324e-22
-3.94212e-05 -1.48349e-05 6.08424e-22
-3.9785e-05 -1.47871e-05 6.06463e-22
-4.01586e-05 -1.47379e-05 6.04442e-22
-4.05419e-05 -1.46871e-05 6.02362e-22
-4.09346e-05 -1.4635e-05 6.00225e-22
-4.13364e-05 -1.45815e-05 5.98031e-22
-4.17472e-05 -1.45267e-05 5.95782e-22
-4.21667e-05 -1.44706e-05 5.9348e-22
-4.25946e-05 -1.44131e-05 5.91125e-22
-4.30307e-05 -1.43545e-05 5.88718e-22
-4.34748e-05 -1.42946e-05 5.86261e-22
-4.39266e-05 -1.42335e-05 5.83755e-22
-4.43858e-05 -1.41712e-05 5.81202e-22
-4.48523e-05 -1.41078e-05 5.78603e-22
-4.53257e-05 -1.40433e-05 5.75958e-22
-4.58059e-05 -1.39778e-05 5.73269e-22
-4.62925e-05 -1.39112e-05 5.70538e-22
-4.67854e-05 -1.38436e-05 5.67766e-22
-4.72843e-05 -1.3775e-05 5.64953e-22
-4.77889e-05 -1.37055e-05 5.62102e-22
-4.8299e-05 -1.36351e-05 5.59213e-22
-4.88144e-05 -1.35637e-05 5.56288e-22
-4.93348e-05 -1.34916e-05 5.53329e-22
-4.986e-05 -1.34186e-05 5.50335e-22
-5.03898e-05 -1.33448e-05 5.47309e-22
-5.0924e-05 -1.32702e-05 5.4425e-22
-5.14627e-05 -1.31949e-05 5.4116e-22
-5.20055e-05 -1.31188e-05 5.3804e-22
-5.25523e-05 -1.3042e-05 5.34889e-22
-5.31031e-05 -1.29645e-05 5.3171e-22
-5.36577e-05 -1.28862e-05 5.28502e-22
-5.4216e-05 -1.28073e-05 5.25266e-22
-5.47777e-05 -1.27278e-05 5.22003e-22
-5.53429e-05 -1.26476e-05 5.18715e-22
-5.59113e-05 -1.25668e-05 5.154e-22
-5.64828e-05 -1.24854e-05 5.12061e-22
-5.70574e-05 -1.24034e-05 5.08698e-22
-5.76348e-05 -1.23208e-05 5.05312e-22
-5.82149e-05 -1.22377e-05 5.01903e-22
-5.87976e-05 -1.2154e-05 4.98473e-22
-5.93828e-05 -1.20699e-05 4.95021e-22
-5.99704e-05 -1.19852e-05 4.91549e-22
-6.05602e-05 -1.19001e-05 4.88057e-22
-6.11522e-05 -1.18145e-05 4.84545e-22
-6.17463e-05 -1.17284e-05 4.81015e-22
-6.23426e-05 -1.16418e-05 4.77465e-22
-6.29413e-05 -1.15548e-05 4.73896e-22
-6.35422e-05 -1.14673e-05 4.70306e-22
-6.41403e-05 -1.13797e-05 4.66713e-22
-6.47356e-05 -1.1292e-05 4.63117e-22
-6.53335e-05 -1.12038e-05 4.59499e-22
-6.5934e-05 -1.11151e-05 4.55861e-22
-6.65371e-05 -1.10258e-05 4.52202e-22
-6.7143e-05 -1.09361e-05 4.48521e-22
-6.77516e-05 -1.08458e-05 4.44819e-22
-6.83631e-05 -1.0755e-05 4.41095e-22
-6.89774e-05 -1.06637e-05 4.37349e-22
-6.95947e-05 -1.05718e-05 4.33581e-22
-7.0215e-05 -1.04794e-05 4.29791e-22
-7.08385e-05 -1.03864e-05 4.25978e-22
-7.14651e-05 -1.02929e-05 4.22142e-22
-7.20949e-05 -1.01988e-05 4.18283e-22
-7.2728e-05 -1.01041e-05 4.144e-22
-7.33646e-05 -1.00089e-05 4.10494e-22
-7.40046e-05 -9.91305e-06 4.06563e-22
-7.46484e-05 -9.8166e-06 4.02607e-22
-7.5296e-05 -9.71951e-06 3.98625e-22
-7.59477e-05 -9.62178e-06 3.94617e-22
-7.66037e-05 -9.52337e-06 3.90581e-22
-7.7264e-05 -9.42427e-06 3.86517e-22
-7.79289e-05 -9.32447e-06 3.82424e-22
-7.85986e-05 -9.22395e-06 3.78301e-22
-7.92731e-05 -9.12268e-06 3.74147e-22
-7.99527e-05 -9.02065e-06 3.69963e-22
-8.06376e-05 -8.91784e-06 3.65747e-22
-8.13279e-05 -8.81424e-06 3.61498e-22
-8.20238e-05 -8.70983e-06 3.57215e-22
-8.27253e-05 -8.60458e-06 3.52899e-22
-8.34328e-05 -8.4985e-06 3.48548e-22
-8.41463e-05 -8.39154e-06 3.44161e-22
-8.4866e-05 -8.28371e-06 3.39739e-22
-8.55921e-05 -8.17499e-06 3.3528e-22
-8.63247e-05 -8.06535e-06 3.30783e-22
-8.70639e-05 -7.95479e-06 3.26249e-22
-8.78098e-05 -7.84329e-06 3.21676e-22
-8.85627e-05 -7.73085e-06 3.17064e-22
-8.93225e-05 -7.61744e-06 3.12413e-22
-9.00895e-05 -7.50306e-06 3.07722e-22
-9.08637e-05 -7.3877e-06 3.02991e-22
-9.16452e-05 -7.27134e-06 2.98219e-22
-9.24341e-05 -7.15398e-06 2.93406e-22
-9.32306e-05 -7.03561e-06 2.88551e-22
-9.40348e-05 -6.91622e-06 2.83654e-22
-9.48466e-05 -6.7958e-06 2.78715e-22
-9.56663e-05 -6.67433e-06 2.73734e-22
-9.64939e-05 -6.55182e-06 2.68709e-22
-9.73294e-05 -6.42826e-06 2.63641e-22
-9.81731e-05 -6.30363e-06 2.5853e-22
-9.90249e-05 -6.17793e-06 2.53375e-22
-9.98849e-05 -6.05116e-06 2.48175e-22
-0.000100753 -5.9233e-06 2.42932e-22
-0.00010163 -5.79436e-06 2.37643e-22
-0.000102515 -5.66432e-06 2.3231e-22
-0.000103409 -5.53319e-06 2.26932e-22
-0.00010431 -5.40098e-06 2.2151e-22
-0.000105221 -5.26771e-06 2.16044e-22
-0.000106139 -5.13339e-06 2.10535e-22
-0.000107065 -4.99805e-06 2.04985e-22
-0.000107999 -4.86172e-06 1.99393e-22
-0.000108941 -4.7244e-06 1.93761e-22
-0.00010989 -4.58612e-06 1.8809e-22
-0.000110847 -4.44691e-06 1.8238e-22
-0.000111811 -4.30678e-06 1.76633e-22
-0.000112782 -4.16576e-06 1.7085e-22
-0.000113759 -4.02386e-06 1.6503e-22
-0.000114744 -3.88112e-06 1.59176e-22
-0.000115735 -3.73756e-06 1.53288e-22
-0.000116732 -3.5932e-06 1.47368e-22
-0.000117736 -3.44807e-06 1.41415e-22
-0.000118745 -3.30218e-06 1.35432e-22
-0.000119761 -3.15557e-06 1.29419e-22
-0.000120782 -3.00825e-06 1.23377e-22
-0.000121808 -2.86027e-06 1.17308e-22
-0.00012284 -2.71163e-06 1.11212e-22
-0.000123877 -2.56238e-06 1.0509e-22
-0.000124918 -2.41253e-06 9.8945e-23
-0.000125964 -2.26214e-06 9.27768e-23
-0.000127015 -2.11122e-06 8.65871e-23
-0.000128069 -1.95982e-06 8.03778e-23
-0.000129127 -1.80799e-06 7.41509e-23
-0.000130188 -1.65574e-06 6.79068e-23
-0.000131253 -1.5031e-06 6.16466e-23
-0.000132321 -1.3501e-06 5.53716e-23
-0.000133391 -1.19678e-06 4.90832e-23
-0.000134464 -1.04316e-06 4.27828e-23
-0.00013554 -8.89276e-07 3.64718e-23
-0.000136618 -7.35171e-07 3.01515e-23
-0.000137697 -5.80875e-07 2.38234e-23
-0.000138778 -4.26422e-07 1.74888e-23
-0.00013986 -2.71846e-07 1.11492e-23
-0.000140943 -1.17178e-07 4.80583e-24
-0.000142027 3.75472e-08 -1.53992e-24
-0.000143112 1.92294e-07 -7.88653e-24
-0.000144196 3.47023e-07 -1.42324e-23
-0.000145281 5.0169e-07 -2.05757e-23
-0.000146365 6.56246e-07 -2.69145e-23
-0.000147448 8.10643e-07 -3.32468e-23
-0.00014853 9.64833e-07 -3.95706e-23
-0.00014961 1.11877e-06 -4.5884e-23
-0.000150689 1.27241e-06 -5.21851e-23
-0.000151765 1.42569e-06 -5.84717e-23
-0.000152838 1.57857e-06 -6.47418e-23
-0.000153908 1.731e-06 -7.09934e-23
-0.000154975 1.88293e-06 -7.72245e-23
-0.000156037 2.03432e-06 -8.34332e-23
-0.000157096 2.1851e-06 -8.96174e-23
-0.00015815 2.33525e-06 -9.57753e-23
-0.000159199 2.4847e-06 -1.01905e-22
-0.000160242 2.63342e-06 -1.08004e-22
-0.00016128 2.78134e-06 -1.14071e-22
-0.000162311 2.92844e-06 -1.20104e-22
-0.000163337 3.07466e-06 -1.26101e-22
-0.000164355 3.21997e-06 -1.3206e-22
-0.000165367 3.36432e-06 -1.3798e-22
-0.000166371 3.50765e-06 -1.43859e-22
-0.000167367 3.64993e-06 -1.49694e-22
-0.000168355 3.79112e-06 -1.55485e-22
-0.000169335 3.93119e-06 -1.61229e-22
-0.000170307 4.07009e-06 -1.66926e-22
-0.000171269 4.20778e-06 -1.72573e-22
-0.000172222 4.34424e-06 -1.7817e-22
-0.000173166 4.47942e-06 -1.83714e-22
-0.0001741 4.61329e-06 -1.89204e-22
-0.000175024 4.74581e-06 -1.94639e-22
-0.000175937 4.87694e-06 -2.00017e-22
-0.00017684 5.00669e-06 -2.05339e-22
-0.000177732 5.13499e-06 -2.10601e-22
-0.000178613 5.26179e-06 -2.15801e-22
-0.000179482 5.38708e-06 -2.2094e-22
-0.00018034 5.5108e-06 -2.26014e-22
-0.000181184 5.63285e-06 -2.31019e-22
-0.000182014 5.75322e-06 -2.35956e-22
-0.000182832 5.87198e-06 -2.40827e-22
-0.000183638 5.98905e-06 -2.45628e-22
-0.000184431 6.1044e-06 -2.50359e-22
-0.000185211 6.218e-06 -2.55018e-22
-0.000185977 6.32982e-06 -2.59604e-22
-0.000186731 6.43982e-06 -2.64116e-22
-0.00018747 6.54798e-06 -2.68552e-22
-0.000188196 6.65427e-06 -2.72911e-22
-0.000188908 6.75866e-06 -2.77192e-22
-0.000189605 6.86111e-06 -2.81394e-22
-0.000190288 6.96161e-06 -2.85516e-22
-0.000190956 7.06013e-06 -2.89556e-22
-0.000191609 7.15663e-06 -2.93514e-22
-0.000192246 7.25109e-06 -2.97388e-22
-0.000192869 7.34348e-06 -3.01177e-22
-0.000193476 7.43379e-06 -3.04881e-22
-0.000194068 7.52198e-06 -3.08498e-22
-0.000194643 7.60802e-06 -3.12027e-22
-0.000195203 7.6919e-06 -3.15467e-22
-0.000195746 7.7736e-06 -3.18818e-22
-0.000196273 7.85307e-06 -3.22077e-22
-0.000196784 7.93032e-06 -3.25245e-22
-0.000197278 8.00531e-06 -3.28321e-22
-0.000197755 8.07801e-06 -3.31303e-22
-0.000198215 8.14842e-06 -3.3419e-22
-0.000198658 8.21651e-06 -3.36983e-22
-0.000199084 8.28236e-06 -3.39684e-22
-0.000199496 8.34609e-06 -3.42297e-22
-0.00019989 8.40754e-06 -3.44817e-22
-0.000200267 8.46654e-06 -3.47237e-22
-0.000200625 8.52313e-06 -3.49558e-22
-0.000200966 8.57728e-06 -3.51779e-22
-0.000201289 8.62898e-06 -3.53899e-22
-0.000201594 8.67821e-06 -3.55918e-22
-0.00020188 8.72495e-06 -3.57835e-22
-0.000202148 8.7692e-06 -3.5965e-22
-0.000202398 8.81092e-06 -3.61361e-22
-0.00020263 8.85012e-06 -3.62969e-22
-0.000202842 8.88677e-06 -3.64472e-22
-0.000203036 8.92086e-06 -3.6587e-22
-0.000203211 8.95237e-06 -3.67163e-22
-0.000203368 8.98131e-06 -3.68349e-22
-0.000203505 9.00764e-06 -3.69429e-22
-0.000203624 9.03136e-06 -3.70402e-22
-0.000203723 9.05246e-06 -3.71268e-22
-0.000203803 9.07092e-06 -3.72025e-22
-0.000203864 9.08673e-06 -3.72673e-22
-0.000203905 9.09988e-06 -3.73213e-22
-0.000203928 9.11037e-06 -3.73642e-22
-0.000203931 9.11817e-06 -3.73962e-22
-0.000203914 9.12328e-06 -3.74172e-22
-0.000203878 9.12569e-06 -3.74271e-22
-0.000203822 9.12539e-06 -3.74258e-22
-0.000203746 9.12237e-06 -3.74135e-22
-0.000203651 9.11663e-06 -3.73899e-22
-0.000203537 9.10815e-06 -3.73552e-22
-0.000203402 9.09693e-06 -3.73091e-22
-0.000203248 9.08297e-06 -3.72519e-22
-0.000203073 9.06625e-06 -3.71833e-22
-0.00020288 9.04677e-06 -3.71034e-22
-0.000202666 9.02452e-06 -3.70122e-22
-0.000202432 8.9995e-06 -3.69096e-22
-0.000202178 8.97172e-06 -3.67956e-22
-0.000201905 8.94115e-06 -3.66702e-22
-0.000201612 8.90782e-06 -3.65335e-22
-0.000201298 8.8717e-06 -3.63854e-22
-0.000200965 8.83282e-06 -3.62259e-22
-0.000200613 8.79116e-06 -3.60551e-22
-0.00020024 8.74673e-06 -3.58729e-22
-0.000199848 8.69953e-06 -3.56793e-22
-0.000199436 8.64956e-06 -3.54744e-22
-0.000199005 8.59683e-06 -3.52581e-22
-0.000198553 8.54133e-06 -3.50305e-22
-0.000198083 8.48307e-06 -3.47915e-22
-0.000197592 8.42205e-06 -3.45412e-22
-0.000197083 8.35827e-06 -3.42797e-22
-0.000196553 8.29174e-06 -3.40068e-22
-0.000196005 8.22246e-06 -3.37227e-22
-0.000195437 8.15044e-06 -3.34273e-22
-0.000194849 8.07568e-06 -3.31207e-22
-0.000194243 7.99818e-06 -3.28029e-22
-0.000193617 7.91795e-06 -3.24738e-22
-0.000192972 7.83496e-06 -3.21334e-22
-0.000192307 7.74917e-06 -3.17816e-22
-0.000191622 7.6606e-06 -3.14183e-22
-0.000190917 7.56925e-06 -3.10437e-22
-0.000190193 7.47512e-06 -3.06576e-22
-0.00018945 7.37819e-06 -3.02601e-22
-0.000188686 7.27845e-06 -2.9851e-22
-0.000187903 7.1759e-06 -2.94304e-22
-0.0001871 7.07052e-06 -2.89982e-22
-0.000186277 6.96231e-06 -2.85544e-22
-0.000185434 6.85125e-06 -2.80989e-22
-0.000184571 6.73734e-06 -2.76318e-22
-0.000183688 6.62056e-06 -2.71528e-22
-0.000182785 6.50092e-06 -2.66622e-22
-0.000181861 6.3784e-06 -2.61597e-22
-0.000180917 6.253e-06 -2.56454e-22
-0.000179953 6.1247e-06 -2.51192e-22
-0.000178969 5.99351e-06 -2.45811e-22
-0.000177964 5.85941e-06 -2.40311e-22
-0.000176938 5.72239e-06 -2.34692e-22
-0.000175892 5.58243e-06 -2.28952e-22
-0.000174825 5.43952e-06 -2.2309e-22
-0.000173737 5.29362e-06 -2.17107e-22
-0.000172628 5.14472e-06 -2.11e-22
-0.000171497 4.99278e-06 -2.04768e-22
-0.000170345 4.83779e-06 -1.98412e-22
-0.000169171 4.67973e-06 -1.91929e-22
-0.000167975 4.51858e-06 -1.8532e-22
-0.000166757 4.3543e-06 -1.78583e-22
-0.000165517 4.18689e-06 -1.71716e-22
-0.000164248 4.01582e-06 -1.647e-22
-0.000162933 3.83986e-06 -1.57484e-22
-0.000161582 3.65955e-06 -1.50089e-22
-0.000160208 3.47609e-06 -1.42565e-22
-0.000158811 3.28936e-06 -1.34906e-22
-0.000157391 3.09935e-06 -1.27113e-22
-0.000155946 2.90602e-06 -1.19184e-22
-0.000154478 2.70936e-06 -1.11118e-22
-0.000152985 2.50934e-06 -1.02915e-22
-0.000151468 2.30595e-06 -9.45735e-23
-0.000149926 2.09916e-06 -8.60926e-23
-0.000148359 1.88896e-06 -7.74716e-23
-0.000146768 1.67532e-06 -6.87096e-23
-0.000145152 1.45822e-06 -5.98058e-23
-0.00014351 1.23764e-06 -5.07593e-23
-0.000141843 1.01357e-06 -4.15696e-23
-0.00014015 7.85988e-07 -3.22356e-23
-0.000138432 5.54871e-07 -2.27569e-23
-0.000136687 3.20204e-07 -1.31325e-23
-0.000134917 8.19766e-08 -3.3621e-24
-0.000133121 -1.5983e-07 6.55509e-24
-0.000131298 -4.05238e-07 1.662e-23
-0.000129449 -6.5426e-07 2.68331e-23
-0.000127573 -9.06912e-07 3.71951e-23
-0.000125671 -1.16321e-06 4.77064e-23
-0.000123742 -1.42315e-06 5.83677e-23
-0.000121786 -1.68677e-06 6.91794e-23
-0.000119803 -1.95407e-06 8.01421e-23
-0.000117793 -2.22506e-06 9.12562e-23
-0.000115756 -2.49975e-06 1.02522e-22
-0.000113691 -2.77816e-06 1.13941e-22
-0.000111599 -3.0603e-06 1.25512e-22
-0.00010948 -3.34618e-06 1.37236e-22
-0.000107333 -3.6358e-06 1.49115e-22
-0.000105158 -3.92918e-06 1.61147e-22
-0.000102956 -4.22633e-06 1.73334e-22
-0.000100726 -4.52725e-06 1.85676e-22
-9.84674e-05 -4.83196e-06 1.98173e-22
-9.61812e-05 -5.14046e-06 2.10825e-22
-9.38669e-05 -5.45276e-06 2.23633e-22
-9.15246e-05 -5.76886e-06 2.36598e-22
-8.91541e-05 -6.08877e-06 2.49718e-22
-8.67554e-05 -6.4125e-06 2.62995e-22
-8.43284e-05 -6.74004e-06 2.76428e-22
-8.18732e-05 -7.0714e-06 2.90019e-22
-7.93896e-05 -7.40659e-06 3.03766e-22
-7.68777e-05 -7.7456e-06 3.17669e-22
-7.43375e-05 -8.08844e-06 3.3173e-22
-7.17688e-05 -8.43511e-06 3.45948e-22
-6.91718e-05 -8.7856e-06 3.60323e-22
-6.65463e-05 -9.13993e-06 3.74855e-22
-6.38924e-05 -9.49809e-06 3.89544e-22
-6.121e-05 -9.86009e-06 4.04391e-22
-5.84991e-05 -1.02259e-05 4.19395e-22
-5.57596e-05 -1.05956e-05 4.34556e-22
-5.29916e-05 -1.09691e-05 4.49875e-22
-5.01951e-05 -1.13465e-05 4.65352e-22
-4.737e-05 -1.17277e-05 4.80986e-22
-4.45163e-05 -1.21127e-05 4.96777e-22
-4.16341e-05 -1.25016e-05 5.12726e-22
-3.87233e-05 -1.28943e-05 5.28832e-22
-3.5784e-05 -1.32908e-05 5.45094e-22
-3.28163e-05 -1.36912e-05 5.61514e-22
-2.98201e-05 -1.40953e-05 5.7809e-22
-2.67955e-05 -1.45033e-05 5.94823e-22
-2.37425e-05 -1.49151e-05 6.11712e-22
-2.06612e-05 -1.53307e-05 6.28756e-22
-1.75516e-05 -1.57501e-05 6.45956e-22
-1.44139e-05 -1.61733e-05 6.63312e-22
-1.12479e-05 -1.66002e-05 6.80822e-22
-8.05396e-06 -1.70309e-05 6.98486e-22
-4.832e-06 -1.74653e-05 7.16304e-22
-1.58215e-06 -1.79035e-05 7.34276e-22
1.6955e-06 -1.83455e-05 7.524e-22
5.00085e-06 -1.87911e-05 7.70677e-22
8.33378e-06 -1.92404e-05 7.89105e-22
1.16942e-05 -1.96934e-05 8.07685e-22
1.5082e-05 -2.01501e-05 8.26415e-22
1.8497e-05 -2.06105e-05 8.45295e-22
2.19392e-05 -2.10744e-05 8.64324e-22
2.54083e-05 -2.1542e-05 8.83501e-22
2.89043e-05 -2.20132e-05 9.02826e-22
3.24271e-05 -2.2488e-05 9.22298e-22
3.59763e-05 -2.29664e-05 9.41917e-22
3.9552e-05 -2.34483e-05 9.61681e-22
4.3154e-05 -2.39337e-05 9.81589e-22
4.6782e-05 -2.44226e-05 1.00164e-21
5.0436e-05 -2.4915e-05 1.02184e-21
5.41157e-05 -2.54108e-05 1.04217e-21
5.78209e-05 -2.59101e-05 1.06265e-21
6.15512e-05 -2.64128e-05 1.08326e-21
6.53059e-05 -2.69187e-05 1.10401e-21
6.90844e-05 -2.74279e-05 1.1249e-21
7.28861e-05 -2.79402e-05 1.14591e-21
7.67104e-05 -2.84555e-05 1.16704e-21
8.05567e-05 -2.89739e-05 1.1883e-21
8.44243e-05 -2.94951e-05 1.20968e-21
8.83127e-05 -3.00192e-05 1.23117e-21
9.22211e-05 -3.0546e-05 1.25278e-21
9.61491e-05 -3.10755e-05 1.2745e-21
0.000100096 -3.16076e-05 1.29632e-21
0.000104061 -3.21422e-05 1.31825e-21
0.000108043 -3.26793e-05 1.34027e-21
0.000112043 -3.32186e-05 1.36239e-21
0.000116059 -3.37603e-05 1.38461e-21
0.000120091 -3.43042e-05 1.40691e-21
0.000124137 -3.48502e-05 1.42931e-21
0.000128198 -3.53982e-05 1.45178e-21
0.000132273 -3.59482e-05 1.47434e-21
0.000136361 -3.65e-05 1.49697e-21
0.000140461 -3.70536e-05 1.51968e-21
0.000144573 -3.76089e-05 1.54245e-21
0.000148694 -3.81656e-05 1.56528e-21
0.000152825 -3.87238e-05 1.58817e-21
0.000156964 -3.92832e-05 1.61112e-21
0.00016111 -3.98437e-05 1.63411e-21
0.000165263 -4.04053e-05 1.65714e-21
0.000169421 -4.09677e-05 1.6802e-21
0.000173583 -4.15309e-05 1.7033e-21
0.000177748 -4.20948e-05 1.72643e-21
0.000181916 -4.26592e-05 1.74958e-21
0.000186086 -4.3224e-05 1.77274e-21
0.000190255 -4.37891e-05 1.79592e-21
0.000194424 -4.43543e-05 1.8191e-21
0.000198592 -4.49196e-05 1.84228e-21
0.000202758 -4.54848e-05 1.86546e-21
0.00020692 -4.60498e-05 1.88864e-21
0.000211077 -4.66145e-05 1.9118e-21
0.00021523 -4.71788e-05 1.93494e-21
0.000219377 -4.77426e-05 1.95806e-21
0.000223516 -4.83056e-05 1.98115e-21
0.000227647 -4.88679e-05 2.00421e-21
0.000231768 -4.94291e-05 2.02723e-21
0.000235878 -4.99891e-05 2.0502e-21
0.000239976 -5.05479e-05 2.07312e-21
0.000244061 -5.11052e-05 2.09597e-21
0.000248131 -5.16609e-05 2.11876e-21
0.000252186 -5.22148e-05 2.14148e-21
0.000256223 -5.27668e-05 2.16412e-21
0.000260243 -5.33168e-05 2.18668e-21
0.000264243 -5.38646e-05 2.20914e-21
0.000268223 -5.441e-05 2.23151e-21
0.000272182 -5.4953e-05 2.25378e-21
0.000276118 -5.54933e-05 2.27594e-21
0.000280031 -5.60309e-05 2.29799e-21
0.000283919 -5.65656e-05 2.31992e-21
0.000287781 -5.70972e-05 2.34172e-21
0.000291617 -5.76257e-05 2.3634e-21
0.000295425 -5.81509e-05 2.38494e-21
0.000299204 -5.86727e-05 2.40634e-21
0.000302954 -5.91909e-05 2.42759e-21
0.000306672 -5.97054e-05 2.44869e-21
0.00031036 -6.02162e-05 2.46964e-21
0.000314015 -6.07231e-05 2.49043e-21
0.000317637 -6.1226e-05 2.51105e-21
0.000321225 -6.17247e-05 2.53151e-21
0.000324778 -6.22193e-05 2.55179e-21
0.000328296 -6.27095e-05 2.5719e-21
0.000331777 -6.31953e-05 2.59182e-21
0.000335221 -6.36766e-05 2.61156e-21
0.000338627 -6.41532e-05 2.63111e-21
0.000341995 -6.46251e-05 2.65046e-21
0.000345323 -6.50922e-05 2.66962e-21
0.000348611 -6.55544e-05 2.68858e-21
0.000351858 -6.60116e-05 2.70733e-21
0.000355065 -6.64637e-05 2.72587e-21
0.000358229 -6.69106e-05 2.7442e-21
0.00036135 -6.73523e-05 2.76231e-21
0.000364429 -6.77886e-05 2.7802e-21
0.000367463 -6.82194e-05 2.79788e-21
0.000370454 -6.86448e-05 2.81532e-21
0.0003734 -6.90647e-05 2.83254e-21
0.000376302 -6.94791e-05 2.84954e-21
0.000379159 -6.98878e-05 2.8663e-21
0.000381971 -7.0291e-05 2.88284e-21
0.000384738 -7.06885e-05 2.89914e-21
0.000387459 -7.10803e-05 2.91521e-21
0.000390136 -7.14664e-05 2.93104e-21
0.000392766 -7.18468e-05 2.94664e-21
0.000395351 -7.22214e-05 2.96201e-21
0.000397891 -7.25903e-05 2.97714e-21
0.000400384 -7.29533e-05 2.99203e-21
0.000402832 -7.33106e-05 3.00668e-21
0.000405234 -7.3662e-05 3.02109e-21
0.00040759 -7.40076e-05 3.03527e-21
0.000409899 -7.43474e-05 3.0492e-21
0.000412163 -7.46812e-05 3.06289e-21
0.000414381 -7.50092e-05 3.07635e-21
0.000416553 -7.53314e-05 3.08956e-21
0.00041868 -7.56476e-05 3.10253e-21
0.000420761 -7.5958e-05 3.11526e-21
0.000422797 -7.62627e-05 3.12775e-21
0.000424789 -7.65616e-05 3.14001e-21
0.000426737 -7.68549e-05 3.15204e-21
0.000428643 -7.71426e-05 3.16384e-21
0.000430505 -7.74248e-05 3.17541e-21
0.000432327 -7.77015e-05 3.18676e-21
0.000434107 -7.79728e-05 3.19789e-21
0.000435847 -7.82388e-05 3.2088e-21
0.000437547 -7.84996e-05 3.2195e-21
0.000439207 -7.87552e-05 3.22998e-21
0.00044083 -7.90057e-05 3.24025e-21
0.000442414 -7.92511e-05 3.25032e-21
0.000443962 -7.94916e-05 3.26018e-21
0.000445473 -7.97272e-05 3.26984e-21
0.000446948 -7.9958e-05 3.27931e-21
0.000448388 -8.0184e-05 3.28858e-21
0.000449794 -8.04054e-05 3.29766e-21
0.000451166 -8.06223e-05 3.30655e-21
0.000452505 -8.08346e-05 3.31526e-21
0.000453812 -8.10425e-05 3.32379e-21
0.000455087 -8.1246e-05 3.33213e-21
0.000456332 -8.14453e-05 3.34031e-21
0.000457547 -8.16404e-05 3.34831e-21
0.000458733 -8.18314e-05 3.35614e-21
0.00045989 -8.20185e-05 3.36381e-21
0.000461019 -8.22015e-05 3.37132e-21
0.000462122 -8.23808e-05 3.37867e-21
0.000463199 -8.25563e-05 3.38587e-21
0.00046425 -8.27281e-05 3.39292e-21
0.000465277 -8.28964e-05 3.39982e-21
0.000466279 -8.30611e-05 3.40658e-21
0.000467259 -8.32225e-05 3.41319e-21
0.000468216 -8.33805e-05 3.41967e-21
0.000469151 -8.35352e-05 3.42602e-21
0.000470066 -8.36868e-05 3.43224e-21
0.00047096 -8.38352e-05 3.43833e-21
0.000471835 -8.39807e-05 3.44429e-21
0.000472691 -8.41233e-05 3.45014e-21
0.00047353 -8.4263e-05 3.45587e-21
0.00047435 -8.43999e-05 3.46148e-21
0.000475154 -8.45341e-05 3.46699e-21
0.000475941 -8.46656e-05 3.47238e-21
0.000476713 -8.47945e-05 3.47767e-21
0.000477469 -8.49209e-05 3.48285e-21
0.00047821 -8.50448e-05 3.48793e-21
0.000478938 -8.51663e-05 3.49291e-21
0.000479651 -8.52854e-05 3.4978e-21
0.000480351 -8.54021e-05 3.50259e-21
0.000481038 -8.55166e-05 3.50728e-21
0.000481713 -8.56289e-05 3.51189e-21
0.000482376 -8.5739e-05 3.51641e-21
0.000483027 -8.58471e-05 3.52084e-21
0.000483667 -8.5953e-05 3.52518e-21
0.000484297 -8.6057e-05 3.52945e-21
0.000484917 -8.6159e-05 3.53363e-21
0.000485527 -8.6259e-05 3.53773e-21
0.000486128 -8.63573e-05 3.54176e-21
0.000486719 -8.64536e-05 3.54571e-21
0.000487303 -8.65482e-05 3.54959e-21
0.000487877 -8.66411e-05 3.5534e-21
0.000488444 -8.67322e-05 3.55714e-21
0.000489002 -8.68215e-05 3.5608e-21
0.000489552 -8.69091e-05 3.56439e-21
0.000490093 -8.69949e-05 3.56791e-21
0.000490627 -8.7079e-05 3.57136e-21
0.000491152 -8.71614e-05 3.57474e-21
0.00049167 -8.72421e-05 3.57805e-21
0.000492179 -8.7321e-05 3.58129e-21
0.000492681 -8.73982e-05 3.58445e-21
0.000493174 -8.74737e-05 3.58755e-21
0.00049366 -8.75474e-05 3.59057e-21
0.000494137 -8.76194e-05 3.59352e-21
0.000494606 -8.76897e-05 3.59641e-21
0.000495067 -8.77582e-05 3.59922e-21
0.00049552 -8.78249e-05 3.60195e-21
0.000495964 -8.78899e-05 3.60462e-21
0.0004964 -8.79532e-05 3.60721e-21
0.000496828 -8.80146e-05 3.60973e-21
0.000497247 -8.80743e-05 3.61218e-21
0.000497657 -8.81322e-05 3.61455e-21
0.000498058 -8.81882e-05 3.61685e-21
0.00049845 -8.82423e-05 3.61907e-21
0.000498832 -8.82946e-05 3.62121e-21
0.000499205 -8.83449e-05 3.62328e-21
0.000499567 -8.83932e-05 3.62526e-21
0.000499919 -8.84396e-05 3.62716e-21
0.000500261 -8.84839e-05 3.62898e-21
0.000500591 -8.85262e-05 3.63072e-21
0.00050091 -8.85664e-05 3.63236e-21
0.000501218 -8.86045e-05 3.63392e-21
0.000501513 -8.86403e-05 3.6354e-21
0.000501797 -8.8674e-05 3.63678e-21
0.000502068 -8.87055e-05 3.63807e-21
0.000502327 -8.87346e-05 3.63926e-21
0.000502572 -8.87615e-05 3.64036e-21
0.000502803 -8.8786e-05 3.64137e-21
0.000503021 -8.88081e-05 3.64228e-21
0.000503224 -8.88278e-05 3.64309e-21
0.000503413 -8.8845e-05 3.64379e-21
0.000503586 -8.88598e-05 3.6444e-21
0.000503744 -8.88719e-05 3.64489e-21
0.000503886 -8.88814e-05 3.64528e-21
0.000504012 -8.88883e-05 3.64557e-21
0.000504121 -8.88925e-05 3.64574e-21
0.000504213 -8.88939e-05 3.6458e-21
0.000504286 -8.88925e-05 3.64574e-21
0.000504342 -8.88882e-05 3.64556e-21
0.000504379 -8.8881e-05 3.64527e-21
0.000504397 -8.88709e-05 3.64485e-21
0.000504395 -8.88577e-05 3.64431e-21
0.000504374 -8.88415e-05 3.64365e-21
0.000504331 -8.88222e-05 3.64285e-21
0.000504268 -8.87997e-05 3.64193e-21
0.000504184 -8.8774e-05 3.64088e-21
0.000504078 -8.8745e-05 3.63969e-21
0.000503949 -8.87128e-05 3.63837e-21
0.000503798 -8.86771e-05 3.6369e-21
0.000503623 -8.86381e-05 3.6353e-21
0.000503425 -8.85956e-05 3.63356e-21
0.000503203 -8.85496e-05 3.63167e-21
0.000502957 -8.85e-05 3.62964e-21
0.000502685 -8.84469e-05 3.62746e-21
0.000502389 -8.83902e-05 3.62514e-21
0.000502067 -8.83298e-05 3.62266e-21
0.00050172 -8.82657e-05 3.62003e-21
0.000501346 -8.81979e-05 3.61725e-21
0.000500946 -8.81263e-05 3.61431e-21
0.000500519 -8.80509e-05 3.61122e-21
0.000500065 -8.79717e-05 3.60797e-21
0.000499583 -8.78886e-05 3.60457e-21
0.000499073 -8.78016e-05 3.601e-21
0.000498535 -8.77107e-05 3.59727e-21
0.000497969 -8.76158e-05 3.59338e-21
0.000497374 -8.75169e-05 3.58932e-21
0.00049675 -8.74139e-05 3.5851e-21
0.000496097 -8.73069e-05 3.58071e-21
0.000495413 -8.71958e-05 3.57615e-21
0.0004947 -8.70805e-05 3.57142e-21
0.000493957 -8.69611e-05 3.56653e-21
0.000493183 -8.68376e-05 3.56146e-21
0.000492379 -8.67098e-05 3.55622e-21
0.000491544 -8.65779e-05 3.55081e-21
0.000490678 -8.64417e-05 3.54522e-21
0.000489781 -8.63013e-05 3.53947e-21
0.000488853 -8.61567e-05 3.53354e-21
0.000487894 -8.60078e-05 3.52743e-21
0.000486903 -8.58547e-05 3.52115e-21
0.000485881 -8.56973e-05 3.51469e-21
0.000484827 -8.55356e-05 3.50806e-21
0.000483741 -8.53696e-05 3.50126e-21
0.000482624 -8.51994e-05 3.49427e-21
0.000481475 -8.50249e-05 3.48711e-21
0.000480293 -8.4846e-05 3.47978e-21
0.00047908 -8.46629e-05 3.47227e-21
0.000477835 -8.44754e-05 3.46458e-21
0.000476558 -8.42837e-05 3.45672e-21
0.000475248 -8.40876e-05 3.44868e-21
0.000473906 -8.38872e-05 3.44046e-21
0.000472533 -8.36826e-05 3.43206e-21
0.000471127 -8.34736e-05 3.42349e-21
0.000469688 -8.32604e-05 3.41475e-21
0.000468218 -8.30428e-05 3.40583e-21
0.000466716 -8.28211e-05 3.39673e-21
0.000465182 -8.25951e-05 3.38746e-21
0.000463617 -8.23648e-05 3.37802e-21
0.000462019 -8.21303e-05 3.3684e-21
0.00046039 -8.18917e-05 3.35861e-21
0.00045873 -8.16488e-05 3.34865e-21
0.000457038 -8.14018e-05 3.33852e-21
0.000455315 -8.11506e-05 3.32822e-21
0.000453561 -8.08953e-05 3.31775e-21
0.000451776 -8.06359e-05 3.30711e-21
0.00044996 -8.03724e-05 3.2963e-21
0.000448114 -8.01049e-05 3.28533e-21
0.000446237 -7.98333e-05 3.27419e-21
0.00044433 -7.95577e-05 3.26289e-21
0.000442392 -7.92781e-05 3.25142e-21
0.000440425 -7.89945e-05 3.23979e-21
0.000438428 -7.8707e-05 3.228e-21
0.000436402 -7.84155e-05 3.21605e-21
0.000434345 -7.81202e-05 3.20393e-21
0.00043226 -7.78209e-05 3.19166e-21
0.000430145 -7.75177e-05 3.17923e-21
0.000428 -7.72107e-05 3.16663e-21
0.000425826 -7.68997e-05 3.15388e-21
0.000423623 -7.65849e-05 3.14097e-21
0.000421391 -7.62663e-05 3.1279e-21
0.000419129 -7.59438e-05 3.11467e-21
0.000416839 -7.56175e-05 3.10129e-21
0.00041452 -7.52873e-05 3.08775e-21
0.000412172 -7.49534e-05 3.07406e-21
0.000409796 -7.46157e-05 3.06021e-21
0.000407391 -7.42743e-05 3.0462e-21
0.000404958 -7.39291e-05 3.03205e-21
0.000402496 -7.35802e-05 3.01774e-21
0.000400007 -7.32276e-05 3.00327e-21
0.00039749 -7.28713e-05 2.98866e-21
0.000394944 -7.25113e-05 2.9739e-21
0.000392372 -7.21477e-05 2.95898e-21
0.000389772 -7.17804e-05 2.94392e-21
0.000387144 -7.14096e-05 2.92871e-21
0.000384489 -7.10351e-05 2.91336e-21
0.000381807 -7.06571e-05 2.89785e-21
0.000379098 -7.02755e-05 2.8822e-21
0.000376361 -6.98903e-05 2.8664e-21
0.000373598 -6.95016e-05 2.85046e-21
0.000370809 -6.91093e-05 2.83437e-21
0.000367992 -6.87135e-05 2.81814e-21
0.000365149 -6.83143e-05 2.80177e-21
0.00036228 -6.79115e-05 2.78525e-21
0.000359384 -6.75053e-05 2.76859e-21
0.000356462 -6.70957e-05 2.75179e-21
0.000353515 -6.66826e-05 2.73485e-21
0.000350541 -6.62662e-05 2.71777e-21
0.000347542 -6.58463e-05 2.70055e-21
0.000344517 -6.54231e-05 2.68319e-21
0.000341466 -6.49965e-05 2.66569e-21
0.000338391 -6.45666e-05 2.64806e-21
0.00033529 -6.41334e-05 2.6303e-21
0.000332165 -6.36969e-05 2.6124e-21
0.000329015 -6.32573e-05 2.59436e-21
0.000325841 -6.28144e-05 2.5762e-21
0.000322644 -6.23685e-05 2.55791e-21
0.000319423 -6.19195e-05 2.5395e-21
0.00031618 -6.14675e-05 2.52096e-21
0.000312915 -6.10126e-05 2.5023e-21
0.000309628 -6.05548e-05 2.48353e-21
0.000306319 -6.00941e-05 2.46463e-21
0.000302989 -5.96307e-05 2.44563e-21
0.000299639 -5.91645e-05 2.42651e-21
0.000296268 -5.86956e-05 2.40728e-21
0.000292878 -5.82241e-05 2.38794e-21
0.000289468 -5.77501e-05 2.3685e-21
0.000286039 -5.72735e-05 2.34895e-21
0.000282591 -5.67944e-05 2.3293e-21
0.000279125 -5.63129e-05 2.30956e-21
0.000275642 -5.58291e-05 2.28971e-21
0.000272141 -5.53429e-05 2.26977e-21
0.000268623 -5.48545e-05 2.24974e-21
0.000265088 -5.43639e-05 2.22962e-21
0.000261538 -5.38713e-05 2.20942e-21
0.000257973 -5.33766e-05 2.18913e-21
0.000254394 -5.288e-05 2.16876e-21
0.000250801 -5.23816e-05 2.14832e-21
0.000247196 -5.18815e-05 2.12781e-21
0.000243578 -5.13798e-05 2.10723e-21
0.000239948 -5.08765e-05 2.08659e-21
0.000236308 -5.03717e-05 2.06589e-21
0.000232658 -4.98656e-05 2.04513e-21
0.000228999 -4.93582e-05 2.02432e-21
0.00022533 -4.88495e-05 2.00346e-21
0.000221654 -4.83398e-05 1.98256e-21
0.00021797 -4.78291e-05 1.96161e-21
0.000214279 -4.73174e-05 1.94062e-21
0.000210582 -4.68048e-05 1.9196e-21
0.000206879 -4.62915e-05 1.89855e-21
0.000203172 -4.57774e-05 1.87746e-21
0.00019946 -4.52628e-05 1.85636e-21
0.000195744 -4.47476e-05 1.83523e-21
0.000192026 -4.4232e-05 1.81408e-21
0.000188307 -4.37163e-05 1.79293e-21
0.000184588 -4.32005e-05 1.77178e-21
0.00018087 -4.26847e-05 1.75062e-21
0.000177154 -4.21693e-05 1.72948e-21
0.000173442 -4.16542e-05 1.70836e-21
0.000169735 -4.11398e-05 1.68726e-21
0.000166034 -4.0626e-05 1.66619e-21
0.000162341 -4.01132e-05 1.64516e-21
0.000158656 -3.96013e-05 1.62417e-21
0.00015498 -3.90907e-05 1.60322e-21
0.000151316 -3.85814e-05 1.58233e-21
0.000147663 -3.80736e-05 1.56151e-21
0.000144023 -3.75674e-05 1.54075e-21
0.000140398 -3.7063e-05 1.52006e-21
0.000136788 -3.65605e-05 1.49945e-21
0.000133194 -3.60601e-05 1.47893e-21
0.000129617 -3.55618e-05 1.45849e-21
0.00012606 -3.5066e-05 1.43816e-21
0.000122521 -3.45726e-05 1.41792e-21
0.000119004 -3.40818e-05 1.39779e-21
0.000115509 -3.3594e-05 1.37779e-21
0.000112038 -3.31091e-05 1.3579e-21
0.000108592 -3.26274e-05 1.33814e-21
0.000105172 -3.21491e-05 1.31853e-21
0.00010178 -3.16743e-05 1.29906e-21
9.84169e-05 -3.12033e-05 1.27974e-21
9.50841e-05 -3.07361e-05 1.26058e-21
9.17828e-05 -3.02729e-05 1.24158e-21
8.85144e-05 -2.9814e-05 1.22276e-21
8.52799e-05 -2.93594e-05 1.20412e-21
8.20807e-05 -2.89094e-05 1.18566e-21
7.8918e-05 -2.84641e-05 1.16739e-21
7.5793e-05 -2.80236e-05 1.14933e-21
7.27067e-05 -2.75881e-05 1.13147e-21
6.96604e-05 -2.71578e-05 1.11382e-21
6.66553e-05 -2.67328e-05 1.09639e-21
6.36923e-05 -2.63132e-05 1.07918e-21
6.07726e-05 -2.58992e-05 1.0622e-21
5.78973e-05 -2.5491e-05 1.04546e-21
5.50676e-05 -2.50887e-05 1.02896e-21
5.22846e-05 -2.46924e-05 1.01271e-21
4.95495e-05 -2.43024e-05 9.9671e-22
4.68634e-05 -2.39187e-05 9.80974e-22
4.42274e-05 -2.35415e-05 9.65506e-22
4.16427e-05 -2.3171e-05 9.5031e-22
3.91103e-05 -2.28073e-05 9.35394e-22
3.66313e-05 -2.24506e-05 9.20763e-22
3.42068e-05 -2.21009e-05 9.06423e-22
3.18376e-05 -2.17585e-05 8.92379e-22
2.95249e-05 -2.14235e-05 8.78638e-22
2.72697e-05 -2.10959e-05 8.65204e-22
2.50728e-05 -2.0776e-05 8.52083e-22
2.29353e-05 -2.04638e-05 8.39281e-22
2.0858e-05 -2.01596e-05 8.26802e-22
1.88419e-05 -1.98633e-05 8.14652e-22
1.68879e-05 -1.95752e-05 8.02835e-22
1.49968e-05 -1.92953e-05 7.91357e-22
1.31694e-05 -1.90239e-05 7.80223e-22
1.14066e-05 -1.87609e-05 7.69437e-22
9.70904e-06 -1.85064e-05 7.59002e-22
8.07726e-06 -1.82607e-05 7.48923e-22
6.51185e-06 -1.80237e-05 7.39202e-22
5.01334e-06 -1.77955e-05 7.29844e-22
3.58226e-06 -1.75762e-05 7.2085e-22
2.21911e-06 -1.73659e-05 7.12225e-22
9.24374e-07 -1.71646e-05 7.03972e-22
-3.01467e-07 -1.69725e-05 6.96092e-22
-1.45796e-06 -1.67896e-05 6.8859e-22
-2.54468e-06 -1.66159e-05 6.81467e-22
-3.5612e-06 -1.64516e-05 6.74727e-22
-4.50711e-06 -1.62966e-05 6.68372e-22
-5.38204e-06 -1.61511e-05 6.62404e-22
-6.18561e-06 -1.60151e-05 6.56827e-22
-6.91746e-06 -1.58887e-05 6.51642e-22
-7.57726e-06 -1.57719e-05 6.46851e-22
-8.16469e-06 -1.56648e-05 6.42457e-22
-8.67944e-06 -1.55674e-05 6.38463e-22
-9.12121e-06 -1.54797e-05 6.34868e-22
-9.48981e-06 -1.54019e-05 6.31677e-22
-9.78522e-06 -1.53339e-05 6.28888e-22
-1.00076e-05 -1.52757e-05 6.26502e-22
-1.01569e-05 -1.52274e-05 6.24519e-22
-1.02335e-05 -1.51888e-05 6.22938e-22
-1.02375e-05 -1.51601e-05 6.21759e-22
-1.0169e-05 -1.51411e-05 6.20982e-22
-1.00282e-05 -1.5132e-05 6.20607e-22
-9.81528e-06 -1.51326e-05 6.20632e-22
-9.53049e-06 -1.5143e-05 6.21058e-22
-9.17401e-06 -1.51631e-05 6.21884e-22
-8.74607e-06 -1.5193e-05 6.23109e-22
-8.2469e-06 -1.52326e-05 6.24732e-22
-7.67674e-06 -1.52818e-05 6.26753e-22
-7.03585e-06 -1.53408e-05 6.2917e-22
-6.32446e-06 -1.54094e-05 6.31984e-22
-5.54286e-06 -1.54876e-05 6.35193e-22
-4.69132e-06 -1.55755e-05 6.38796e-22
-3.7701e-06 -1.56729e-05 6.42792e-22
-2.77951e-06 -1.57799e-05 6.4718e-22
-1.71994e-06 -1.58964e-05 6.51959e-22
-5.92031e-07 -1.60224e-05 6.57125e-22
6.03421e-07 -1.61577e-05 6.62675e-22
1.8656e-06 -1.63023e-05 6.68605e-22
3.19369e-06 -1.64561e-05 6.74912e-22
4.58687e-06 -1.66189e-05 6.81591e-22
6.04431e-06 -1.67908e-05 6.88639e-22
7.5652e-06 -1.69715e-05 6.96051e-22
9.14872e-06 -1.71611e-05 7.03825e-22
1.0794e-05 -1.73593e-05 7.11956e-22
1.25003e-05 -1.75662e-05 7.2044e-22
1.42667e-05 -1.77816e-05 7.29274e-22
1.60925e-05 -1.80054e-05 7.38453e-22
1.79767e-05 -1.82375e-05 7.47974e-22
1.99186e-05 -1.84779e-05 7.57832e-22
2.19174e-05 -1.87264e-05 7.68024e-22
2.39721e-05 -1.8983e-05 7.78546e-22
2.60822e-05 -1.92475e-05 7.89394e-22
2.82466e-05 -1.95198e-05 8.00563e-22
3.04646e-05 -1.97999e-05 8.12051e-22
3.27353e-05 -2.00877e-05 8.23853e-22
3.50579e-05 -2.0383e-05 8.35964e-22
3.74312e-05 -2.06857e-05 8.48379e-22
3.98543e-05 -2.09957e-05 8.61093e-22
4.2326e-05 -2.13128e-05 8.74101e-22
4.48455e-05 -2.16371e-05 8.87399e-22
4.74117e-05 -2.19682e-05 9.0098e-22
5.00237e-05 -2.23062e-05 9.1484e-22
5.26803e-05 -2.26508e-05 9.28975e-22
5.53808e-05 -2.3002e-05 9.43379e-22
5.8124e-05 -2.33597e-05 9.58047e-22
6.0909e-05 -2.37236e-05 9.72975e-22
6.3735e-05 -2.40938e-05 9.88158e-22
6.66008e-05 -2.44701e-05 1.00359e-21
6.95057e-05 -2.48524e-05 1.01927e-21
7.24486e-05 -2.52405e-05 1.03519e-21
7.54287e-05 -2.56344e-05 1.05134e-21
7.84451e-05 -2.60339e-05 1.06772e-21
8.14968e-05 -2.64389e-05 1.08434e-21
8.4583e-05 -2.68494e-05 1.10117e-21
8.77029e-05 -2.72651e-05 1.11822e-21
9.08554e-05 -2.7686e-05 1.13548e-21
9.40396e-05 -2.8112e-05 1.15295e-21
9.72547e-05 -2.85429e-05 1.17063e-21
0.0001005 -2.89787e-05 1.1885e-21
0.000103774 -2.94191e-05 1.20656e-21
0.000107076 -2.98642e-05 1.22482e-21
0.000110405 -3.03137e-05 1.24325e-21
0.00011376 -3.07676e-05 1.26187e-21
0.000117142 -3.12258e-05 1.28066e-21
0.000120547 -3.1688e-05 1.29962e-21
0.000123977 -3.21544e-05 1.31874e-21
0.000127429 -3.26246e-05 1.33803e-21
0.000130904 -3.30987e-05 1.35747e-21
0.0001344 -3.35764e-05 1.37707e-21
0.000137917 -3.40578e-05 1.39681e-21
0.000141454 -3.45427e-05 1.4167e-21
0.000145009 -3.5031e-05 1.43672e-21
0.000148584 -3.55226e-05 1.45688e-21
0.000152176 -3.60174e-05 1.47718e-21
0.000155784 -3.65153e-05 1.4976e-21
0.000159409 -3.70162e-05 1.51814e-21
0.00016305 -3.75201e-05 1.53881e-21
0.000166706 -3.80268e-05 1.55959e-21
0.000170377 -3.85363e-05 1.58049e-21
0.000174061 -3.90485e-05 1.60149e-21
0.000177759 -3.95632e-05 1.6226e-21
0.00018147 -4.00805e-05 1.64382e-21
0.000185193 -4.06003e-05 1.66513e-21
0.000188928 -4.11224e-05 1.68655e-21
0.000192674 -4.16467e-05 1.70805e-21
0.000196431 -4.21734e-05 1.72965e-21
0.000200198 -4.27021e-05 1.75134e-21
0.000203975 -4.32329e-05 1.77311e-21
0.000207762 -4.37658e-05 1.79496e-21
0.000211557 -4.43005e-05 1.81689e-21
0.000215361 -4.48372e-05 1.8389e-21
0.000219173 -4.53756e-05 1.86098e-21
0.000222992 -4.59157e-05 1.88314e-21
0.000226819 -4.64575e-05 1.90536e-21
0.000230652 -4.7001e-05 1.92765e-21
0.000234492 -4.75459e-05 1.95e-21
0.000238339 -4.80924e-05 1.97241e-21
0.000242191 -4.86403e-05 1.99488e-21
0.00024605 -4.91897e-05 2.01741e-21
0.000249914 -4.97404e-05 2.04e-21
0.000253783 -5.02925e-05 2.06264e-21
0.000257658 -5.08459e-05 2.08534e-21
0.000261537 -5.14005e-05 2.10808e-21
0.000265422 -5.19563e-05 2.13088e-21
0.000269311 -5.25134e-05 2.15372e-21
0.000273205 -5.30715e-05 2.17662e-21
0.000277103 -5.36308e-05 2.19955e-21
0.000281005 -5.41912e-05 2.22254e-21
0.000284911 -5.47525e-05 2.24556e-21
0.000288822 -5.53149e-05 2.26862e-21
0.000292735 -5.58783e-05 2.29173e-21
0.000296653 -5.64425e-05 2.31487e-21
0.000300574 -5.70077e-05 2.33805e-21
0.000304498 -5.75737e-05 2.36126e-21
0.000308425 -5.81406e-05 2.38451e-21
0.000312356 -5.87082e-05 2.40779e-21
0.000316289 -5.92767e-05 2.43111e-21
0.000320226 -5.98459e-05 2.45445e-21
0.000324165 -6.04158e-05 2.47783e-21
0.000328107 -6.09864e-05 2.50123e-21
0.000332052 -6.15577e-05 2.52466e-21
0.000336 -6.21297e-05 2.54812e-21
0.00033995 -6.27023e-05 2.5716e-21
0.000343903 -6.32755e-05 2.59511e-21
0.000347858 -6.38492e-05 2.61864e-21
0.000351816 -6.44236e-05 2.6422e-21
0.000355776 -6.49984e-05 2.66577e-21
0.000359738 -6.55738e-05 2.68937e-21
0.000363702 -6.61496e-05 2.71299e-21
0.000367669 -6.67259e-05 2.73662e-21
0.000371637 -6.73027e-05 2.76028e-21
0.000375608 -6.78798e-05 2.78395e-21
0.00037958 -6.84573e-05 2.80763e-21
0.000383555 -6.90352e-05 2.83133e-21
0.00038753 -6.96134e-05 2.85505e-21
0.000391508 -7.01919e-05 2.87877e-21
0.000395486 -7.07706e-05 2.90251e-21
0.000399465 -7.13494e-05 2.92625e-21
0.000403444 -7.19284e-05 2.94999e-21
0.000407424 -7.25074e-05 2.97374e-21
0.000411403 -7.30864e-05 2.99749e-21
0.000415382 -7.36654e-05 3.02123e-21
0.000419359 -7.42442e-05 3.04497e-21
0.000423335 -7.48229e-05 3.0687e-21
0.00042731 -7.54013e-05 3.09243e-21
0.000431282 -7.59794e-05 3.11614e-21
0.000435252 -7.65572e-05 3.13983e-21
0.000439219 -7.71346e-05 3.16351e-21
0.000443183 -7.77115e-05 3.18717e-21
0.000447143 -7.82878e-05 3.21081e-21
0.000451099 -7.88636e-05 3.23442e-21
0.000455051 -7.94387e-05 3.25801e-21
0.000458998 -8.00131e-05 3.28157e-21
0.00046294 -8.05868e-05 3.3051e-21
0.000466876 -8.11595e-05 3.32859e-21
0.000470806 -8.17314e-05 3.35204e-21
0.000474728 -8.23021e-05 3.37545e-21
0.000478642 -8.28717e-05 3.39881e-21
0.000482547 -8.34399e-05 3.42211e-21
0.000486441 -8.40066e-05 3.44535e-21
0.000490325 -8.45718e-05 3.46853e-21
0.000494196 -8.51352e-05 3.49164e-21
0.000498054 -8.56968e-05 3.51467e-21
0.000501898 -8.62565e-05 3.53763e-21
0.000505728 -8.6814e-05 3.56049e-21
0.000509541 -8.73694e-05 3.58327e-21
0.000513338 -8.79224e-05 3.60595e-21
0.000517118 -8.84729e-05 3.62853e-21
0.000520879 -8.90207e-05 3.651e-21
0.000524622 -8.95658e-05 3.67335e-21
0.000528344 -9.01081e-05 3.69559e-21
0.000532044 -9.06474e-05 3.71771e-21
0.000535721 -9.11836e-05 3.7397e-21
0.000539376 -9.17167e-05 3.76156e-21
0.000543006 -9.22463e-05 3.78329e-21
0.00054661 -9.27725e-05 3.80487e-21
0.000550187 -9.32949e-05 3.82629e-21
0.000553736 -9.38136e-05 3.84757e-21
0.00055726 -9.43283e-05 3.86868e-21
0.000560756 -9.4839e-05 3.88962e-21
0.000564219 -9.53453e-05 3.91038e-21
0.000567649 -9.5847e-05 3.93096e-21
0.000571043 -9.6344e-05 3.95135e-21
0.000574402 -9.68362e-05 3.97153e-21
0.000577723 -9.73234e-05 3.99151e-21
0.000581006 -9.78053e-05 4.01128e-21
0.000584249 -9.8282e-05 4.03083e-21
0.00058745 -9.87531e-05 4.05015e-21
0.000590609 -9.92186e-05 4.06924e-21
0.000593725 -9.96782e-05 4.08809e-21
0.000596796 -0.000100132 4.1067e-21
0.00059982 -0.000100579 4.12505e-21
0.000602798 -0.000101021 4.14315e-21
0.000605727 -0.000101455 4.16098e-21
0.000608606 -0.000101884 4.17854e-21
0.000611435 -0.000102305 4.19583e-21
0.000614212 -0.00010272 4.21283e-21
0.000616935 -0.000103127 4.22954e-21
0.000619605 -0.000103527 4.24596e-21
0.000622218 -0.00010392 4.26207e-21
0.000624775 -0.000104306 4.27788e-21
0.000627275 -0.000104683 4.29337e-21
0.000629715 -0.000105053 4.30854e-21
0.000632095 -0.000105415 4.32339e-21
0.000634415 -0.000105769 4.33791e-21
0.000636672 -0.000106115 4.35208e-21
0.000638866 -0.000106452 4.36592e-21
0.000640996 -0.000106781 4.37941e-21
0.000643061 -0.000107102 4.39255e-21
0.00064506 -0.000107413 4.40533e-21
0.000646992 -0.000107716 4.41774e-21
0.000648856 -0.00010801 4.42979e-21
0.00065065 -0.000108294 4.44146e-21
0.000652375 -0.00010857 4.45275e-21
0.00065403 -0.000108836 4.46366e-21
0.000655613 -0.000109092 4.47419e-21
0.000657123 -0.000109339 4.48432e-21
0.000658562 -0.000109577 4.49406e-21
0.000659927 -0.000109805 4.5034e-21
0.000661218 -0.000110023 4.51234e-21
0.000662435 -0.000110231 4.52088e-21
0.000663577 -0.000110429 4.52901e-21
0.000664643 -0.000110617 4.53673e-21
0.000665634 -0.000110795 4.54404e-21
0.000666548 -0.000110963 4.55093e-21
0.000667385 -0.000111121 4.5574e-21
0.000668146 -0.000111269 4.56346e-21
0.000668828 -0.000111406 4.56909e-21
0.000669433 -0.000111533 4.5743e-21
0.000669959 -0.00011165 4.57908e-21
0.000670407 -0.000111756 4.58343e-21
0.000670775 -0.000111851 4.58734e-21
0.000671065 -0.000111936 4.59083e-21
0.000671275 -0.000112011 4.59388e-21
0.000671405 -0.000112074 4.59649e-21
0.000671456 -0.000112127 4.59867e-21
0.000671426 -0.00011217 4.60041e-21
0.000671317 -0.000112202 4.60171e-21
0.000671129 -0.000112223 4.60258e-21
0.000670861 -0.000112233 4.603e-21
0.000670513 -0.000112233 4.60299e-21
0.000670087 -0.000112222 4.60255e-21
0.000669581 -0.0001122 4.60166e-21
0.000668996 -0.000112168 4.60034e-21
0.000668332 -0.000112125 4.59858e-21
0.00066759 -0.000112072 4.59639e-21
0.00066677 -0.000112008 4.59376e-21
0.000665871 -0.000111933 4.5907e-21
0.000664895 -0.000111848 4.58721e-21
0.000663841 -0.000111752 4.58328e-21
0.00066271 -0.000111646 4.57892e-21
0.000661503 -0.000111529 4.57414e-21
0.000660218 -0.000111402 4.56892e-21
0.000658858 -0.000111264 4.56328e-21
0.000657422 -0.000111116 4.55721e-21
0.000655911 -0.000110958 4.55072e-21
0.000654326 -0.00011079 4.54381e-21
0.000652667 -0.000110611 4.53648e-21
0.000650936 -0.000110423 4.52875e-21
0.000649134 -0.000110224 4.5206e-21
0.000647261 -0.000110016 4.51206e-21
0.000645318 -0.000109798 4.50311e-21
0.000643306 -0.00010957 4.49377e-21
0.000641227 -0.000109333 4.48404e-21
0.00063908 -0.000109086 4.47393e-21
0.000636867 -0.00010883 4.46343e-21
0.000634589 -0.000108565 4.45255e-21
0.000632247 -0.00010829 4.4413e-21
0.000629842 -0.000108007 4.42968e-21
0.000627375 -0.000107715 4.41769e-21
0.000624846 -0.000107414 4.40535e-21
0.000622257 -0.000107104 4.39264e-21
0.000619609 -0.000106786 4.37959e-21
0.000616903 -0.000106459 4.36619e-21
0.000614139 -0.000106124 4.35245e-21
0.00061132 -0.000105781 4.33837e-21
0.000608445 -0.000105429 4.32396e-21
0.000605517 -0.00010507 4.30923e-21
0.000602536 -0.000104703 4.29417e-21
0.000599504 -0.000104328 4.2788e-21
0.000596421 -0.000103946 4.26312e-21
0.000593289 -0.000103556 4.24714e-21
0.00059011 -0.000103159 4.23086e-21
0.000586883 -0.000102755 4.21428e-21
0.000583612 -0.000102344 4.19742e-21
0.000580295 -0.000101926 4.18027e-21
0.000576936 -0.000101501 4.16285e-21
0.000573534 -0.00010107 4.14516e-21
0.000570091 -0.000100632 4.1272e-21
0.000566609 -0.000100188 4.10898e-21
0.000563087 -9.97372e-05 4.09051e-21
0.000559528 -9.92807e-05 4.07179e-21
0.000555933 -9.88182e-05 4.05282e-21
0.000552302 -9.83499e-05 4.03361e-21
0.000548636 -9.78759e-05 4.01417e-21
0.000544938 -9.73963e-05 3.99451e-21
0.000541207 -9.69113e-05 3.97461e-21
0.000537445 -9.64209e-05 3.9545e-21
0.000533653 -9.59254e-05 3.93418e-21
0.000529833 -9.54248e-05 3.91365e-21
0.000525984 -9.49192e-05 3.89291e-21
0.000522108 -9.44088e-05 3.87198e-21
0.000518207 -9.38937e-05 3.85085e-21
0.00051428 -9.3374e-05 3.82954e-21
0.00051033 -9.28499e-05 3.80804e-21
0.000506357 -9.23214e-05 3.78637e-21
0.000502361 -9.17886e-05 3.76452e-21
0.000498345 -9.12518e-05 3.7425e-21
0.000494308 -9.07109e-05 3.72032e-21
0.000490253 -9.01661e-05 3.69797e-21
0.000486178 -8.96175e-05 3.67547e-21
0.000482086 -8.90652e-05 3.65282e-21
0.000477978 -8.85093e-05 3.63002e-21
0.000473853 -8.79499e-05 3.60708e-21
0.000469714 -8.73871e-05 3.584e-21
0.000465559 -8.6821e-05 3.56078e-21
0.000461391 -8.62516e-05 3.53743e-21
0.000457208 -8.56789e-05 3.51394e-21
0.000453012 -8.51031e-05 3.49032e-21
0.000448804 -8.45241e-05 3.46658e-21
0.000444582 -8.39421e-05 3.44271e-21
0.000440348 -8.3357e-05 3.41871e-21
0.000436103 -8.2769e-05 3.3946e-21
0.000431845 -8.2178e-05 3.37036e-21
0.000427576 -8.15841e-05 3.346e-21
0.000423296 -8.09873e-05 3.32152e-21
0.000419005 -8.03876e-05 3.29693e-21
0.000414703 -7.97852e-05 3.27222e-21
0.000410391 -7.918e-05 3.2474e-21
0.000406068 -7.8572e-05 3.22246e-21
0.000401735 -7.79613e-05 3.19742e-21
0.000397392 -7.73479e-05 3.17226e-21
0.000393039 -7.67318e-05 3.14699e-21
0.000388676 -7.6113e-05 3.12161e-21
0.000384303 -7.54916e-05 3.09613e-21
0.00037992 -7.48675e-05 3.07053e-21
0.000375526 -7.42408e-05 3.04483e-21
0.000371123 -7.36114e-05 3.01901e-21
0.000366708 -7.29793e-05 2.99309e-21
0.000362284 -7.23445e-05 2.96706e-21
0.000357848 -7.1707e-05 2.94091e-21
0.000353402 -7.10668e-05 2.91466e-21
0.000348944 -7.04239e-05 2.88829e-21
0.000344474 -6.97782e-05 2.86181e-21
0.000339992 -6.91297e-05 2.83521e-21
0.000335499 -6.84785e-05 2.8085e-21
0.000330993 -6.78244e-05 2.78167e-21
0.000326474 -6.71674e-05 2.75473e-21
0.000321942 -6.65076e-05 2.72767e-21
0.000317396 -6.58448e-05 2.70049e-21
0.000312837 -6.51791e-05 2.67318e-21
0.000308263 -6.45105e-05 2.64576e-21
0.000303674 -6.38388e-05 2.61821e-21
0.00029907 -6.3164e-05 2.59054e-21
0.000294451 -6.24862e-05 2.56274e-21
0.000289815 -6.18053e-05 2.53481e-21
0.000285164 -6.11212e-05 2.50676e-21
0.000280495 -6.04339e-05 2.47857e-21
0.000275809 -5.97434e-05 2.45025e-21
0.000271105 -5.90496e-05 2.42179e-21
0.000266383 -5.83525e-05 2.39321e-21
0.000261642 -5.76521e-05 2.36448e-21
0.000256886 -5.69485e-05 2.33562e-21
0.000252115 -5.62416e-05 2.30663e-21
0.000247322 -5.55311e-05 2.27749e-21
0.000242509 -5.48172e-05 2.24821e-21
0.000237674 -5.40996e-05 2.21878e-21
0.000232818 -5.33785e-05 2.18921e-21
0.00022794 -5.26538e-05 2.15948e-21
0.000223038 -5.19254e-05 2.12961e-21
0.000218114 -5.11932e-05 2.09958e-21
0.000213165 -5.04573e-05 2.0694e-21
0.000208193 -4.97175e-05 2.03906e-21
0.000203195 -4.89738e-05 2.00856e-21
0.000198171 -4.82262e-05 1.9779e-21
0.000193122 -4.74747e-05 1.94708e-21
0.000188046 -4.67192e-05 1.91609e-21
0.000182943 -4.59597e-05 1.88494e-21
0.000177814 -4.51962e-05 1.85363e-21
0.000172657 -4.44286e-05 1.82214e-21
0.000167471 -4.36569e-05 1.7905e-21
0.000162258 -4.28811e-05 1.75868e-21
0.000157016 -4.21012e-05 1.72669e-21
0.000151745 -4.13171e-05 1.69453e-21
0.000146446 -4.05287e-05 1.6622e-21
0.000141118 -3.97362e-05 1.6297e-21
0.000135759 -3.89394e-05 1.59702e-21
0.000130369 -3.81384e-05 1.56416e-21
0.000124948 -3.73331e-05 1.53114e-21
0.000119496 -3.65235e-05 1.49793e-21
0.000114013 -3.57095e-05 1.46455e-21
0.000108497 -3.48913e-05 1.43099e-21
0.000102949 -3.40687e-05 1.39725e-21
9.73678e-05 -3.32417e-05 1.36334e-21
9.17538e-05 -3.24103e-05 1.32924e-21
8.61066e-05 -3.15745e-05 1.29496e-21
8.0426e-05 -3.07344e-05 1.2605e-21
7.47121e-05 -2.98898e-05 1.22587e-21
6.89647e-05 -2.9041e-05 1.19105e-21
6.31838e-05 -2.81878e-05 1.15606e-21
5.73693e-05 -2.73302e-05 1.12089e-21
5.15212e-05 -2.64684e-05 1.08555e-21
4.56394e-05 -2.56023e-05 1.05002e-21
3.9724e-05 -2.47319e-05 1.01433e-21
3.37748e-05 -2.38573e-05 9.78458e-22
2.7792e-05 -2.29785e-05 9.42414e-22
2.17755e-05 -2.20954e-05 9.06198e-22
1.57254e-05 -2.12082e-05 8.69811e-22
9.64165e-06 -2.03169e-05 8.33254e-22
3.52434e-06 -1.94214e-05 7.96528e-22
-2.62647e-06 -1.85218e-05 7.59634e-22
-8.8107e-06 -1.76182e-05 7.22574e-22
-1.50283e-05 -1.67106e-05 6.85349e-22
-2.12791e-05 -1.57989e-05 6.4796e-22
-2.7563e-05 -1.48833e-05 6.10408e-22
-3.38801e-05 -1.39638e-05 5.72694e-22
-4.02304e-05 -1.30403e-05 5.3482e-22
-4.66139e-05 -1.21129e-05 4.96785e-22
-5.30305e-05 -1.11816e-05 4.58591e-22
-5.94803e-05 -1.02465e-05 4.20238e-22
-6.59633e-05 -9.3075e-06 3.81727e-22
-7.24794e-05 -8.36469e-06 3.4306e-22
-7.90286e-05 -7.41809e-06 3.04237e-22
-8.56107e-05 -6.46772e-06 2.6526e-22
-9.22256e-05 -5.51362e-06 2.26129e-22
-9.88734e-05 -4.55582e-06 1.86847e-22
-0.000105554 -3.59434e-06 1.47414e-22
-0.000112266 -2.62924e-06 1.07833e-22
-0.000119012 -1.66055e-06 6.81037e-23
-0.000125789 -6.88296e-07 2.8229e-23
-0.000132598 2.87464e-07 -1.17897e-23
-0.000139439 1.26669e-06 -5.19507e-23
-0.000146311 2.24934e-06 -9.22519e-23
-0.000153214 3.23536e-06 -1.32691e-22
-0.000160149 4.2247e-06 -1.73267e-22
-0.000167114 5.21733e-06 -2.13978e-22
-0.000174109 6.2132e-06 -2.54821e-22
-0.000181135 7.21226e-06 -2.95796e-22
-0.000188191 8.21449e-06 -3.369e-22
-0.000195171 9.21181e-06 -3.77803e-22
-0.000202077 1.02041e-05 -4.18498e-22
-0.000209014 1.11995e-05 -4.59323e-22
-0.000215981 1.2198e-05 -5.00273e-22
-0.000222978 1.31994e-05 -5.41346e-22
-0.000230001 1.42036e-05 -5.82531e-22
-0.000237047 1.52102e-05 -6.23816e-22
-0.00024412 1.62195e-05 -6.65208e-22
-0.00025122 1.72315e-05 -7.06712e-22
-0.000258348 1.82461e-05 -7.48323e-22
-0.000265501 1.92632e-05 -7.9004e-22
-0.000272681 2.02828e-05 -8.31857e-22
-0.000279885 2.13049e-05 -8.73774e-22
-0.000287115 2.23292e-05 -9.15786e-22
-0.000294369 2.33558e-05 -9.57891e-22
-0.000301647 2.43846e-05 -1.00008e-21
-0.000308947 2.54155e-05 -1.04236e-21
-0.000316271 2.64484e-05 -1.08473e-21
-0.000323616 2.74832e-05 -1.12717e-21
-0.000330982 2.85198e-05 -1.16968e-21
-0.000338368 2.95581e-05 -1.21226e-21
-0.000345774 3.05981e-05 -1.25491e-21
-0.000353199 3.16395e-05 -1.29763e-21
-0.000360643 3.26824e-05 -1.3404e-21
-0.000368103 3.37265e-05 -1.38322e-21
-0.00037558 3.47719e-05 -1.4261e-21
-0.000383073 3.58184e-05 -1.46902e-21
-0.000390581 3.68659e-05 -1.51198e-21
-0.000398102 3.79142e-05 -1.55497e-21
-0.000405637 3.89633e-05 -1.598e-21
-0.000413185 4.00131e-05 -1.64105e-21
-0.000420744 4.10633e-05 -1.68413e-21
-0.000428313 4.21141e-05 -1.72722e-21
-0.000435892 4.31651e-05 -1.77032e-21
-0.00044348 4.42163e-05 -1.81344e-21
-0.000451075 4.52676e-05 -1.85655e-21
-0.000458678 4.63188e-05 -1.89967e-21
-0.000466286 4.73698e-05 -1.94277e-21
-0.000473899 4.84205e-05 -1.98586e-21
-0.000481515 4.94707e-05 -2.02894e-21
-0.000489135 5.05204e-05 -2.07199e-21
-0.000496756 5.15693e-05 -2.11501e-21
-0.000504377 5.26175e-05 -2.15799e-21
-0.000511999 5.36646e-05 -2.20094e-21
-0.000519618 5.47106e-05 -2.24384e-21
-0.000527236 5.57554e-05 -2.28669e-21
-0.000534849 5.67988e-05 -2.32948e-21
-0.000542458 5.78407e-05 -2.37221e-21
-0.000550061 5.88809e-05 -2.41488e-21
-0.000557657 5.99193e-05 -2.45746e-21
-0.000565245 6.09558e-05 -2.49997e-21
-0.000572824 6.19902e-05 -2.5424e-21
-0.000580392 6.30224e-05 -2.58473e-21
-0.000587949 6.40523e-05 -2.62697e-21
-0.000595494 6.50797e-05 -2.66911e-21
-0.000603025 6.61044e-05 -2.71113e-21
-0.000610541 6.71264e-05 -2.75305e-21
-0.00061804 6.81454e-05 -2.79484e-21
-0.000625523 6.91613e-05 -2.83651e-21
-0.000632986 7.0174e-05 -2.87804e-21
-0.000640429 7.11832e-05 -2.91943e-21
-0.000647851 7.21888e-05 -2.96067e-21
-0.00065525 7.31906e-05 -3.00176e-21
-0.000662625 7.41886e-05 -3.04269e-21
-0.000669975 7.51825e-05 -3.08345e-21
-0.000677298 7.61721e-05 -3.12404e-21
-0.000684593 7.71574e-05 -3.16445e-21
-0.000691859 7.81382e-05 -3.20467e-21
-0.000699094 7.91142e-05 -3.2447e-21
-0.000706298 8.00854e-05 -3.28453e-21
-0.000713469 8.10515e-05 -3.32416e-21
-0.000720605 8.20125e-05 -3.36357e-21
-0.000727706 8.29682e-05 -3.40277e-21
-0.000734771 8.39184e-05 -3.44174e-21
-0.000741797 8.4863e-05 -3.48048e-21
-0.000748784 8.58018e-05 -3.51898e-21
-0.000755731 8.67347e-05 -3.55724e-21
-0.000762635 8.76615e-05 -3.59525e-21
-0.000769497 8.85821e-05 -3.63301e-21
-0.000776314 8.94962e-05 -3.6705e-21
-0.000783086 9.04038e-05 -3.70772e-21
-0.000789811 9.13047e-05 -3.74467e-21
-0.000796487 9.21987e-05 -3.78133e-21
-0.000803115 9.30857e-05 -3.81771e-21
-0.000809691 9.39655e-05 -3.8538e-21
-0.000816216 9.4838e-05 -3.88958e-21
-0.000822688 9.5703e-05 -3.92506e-21
-0.000829106 9.65605e-05 -3.96022e-21
-0.000835468 9.74102e-05 -3.99507e-21
-0.000841774 9.8252e-05 -4.0296e-21
-0.000848023 9.90858e-05 -4.0638e-21
-0.000854213 9.99115e-05 -4.09766e-21
-0.000860343 0.000100729 -4.13118e-21
-0.000866412 0.000101538 -4.16436e-21
-0.00087242 0.000102338 -4.19718e-21
-0.000878364 0.00010313 -4.22966e-21
-0.000884245 0.000103913 -4.26177e-21
-0.00089006 0.000104687 -4.29351e-21
-0.00089581 0.000105452 -4.32488e-21
-0.000901493 0.000106208 -4.35588e-21
-0.000907108 0.000106954 -4.3865e-21
-0.000912654 0.000107691 -4.41673e-21
-0.000918131 0.000108419 -4.44657e-21
-0.000923537 0.000109137 -4.47602e-21
-0.000928872 0.000109845 -4.50507e-21
-0.000934134 0.000110544 -4.53372e-21
-0.000939323 0.000111232 -4.56196e-21
-0.000944438 0.000111911 -4.58978e-21
-0.000949479 0.000112579 -4.6172e-21
-0.000954449 0.000113238 -4.64421e-21
-0.000959348 0.000113887 -4.67083e-21
-0.000964169 0.000114525 -4.69702e-21
-0.000968911 0.000115153 -4.72277e-21
-0.000973576 0.000115771 -4.7481e-21
-0.000978162 0.000116378 -4.77299e-21
-0.000982669 0.000116974 -4.79744e-21
-0.000987095 0.000117559 -4.82144e-21
-0.000991442 0.000118134 -4.84501e-21
-0.000995707 0.000118698 -4.86813e-21
-0.000999892 0.00011925 -4.8908e-21
-0.001004 0.000119792 -4.91302e-21
-0.00100802 0.000120323 -4.9348e-21
-0.00101196 0.000120843 -4.95612e-21
-0.00101581 0.000121352 -4.97698e-21
-0.00101959 0.000121849 -4.99739e-21
-0.00102328 0.000122336 -5.01735e-21
-0.00102689 0.000122811 -5.03685e-21
-0.00103042 0.000123276 -5.05589e-21
-0.00103386 0.000123729 -5.07447e-21
-0.00103722 0.000124171 -5.0926e-21
-0.00104049 0.000124601 -5.11026e-21
-0.00104369 0.000125021 -5.12747e-21
-0.0010468 0.000125429 -5.14421e-21
-0.00104982 0.000125826 -5.16049e-21
-0.00105276 0.000126212 -5.17631e-21
-0.00105562 0.000126586 -5.19167e-21
-0.00105839 0.00012695 -5.20657e-21
-0.00106109 0.000127302 -5.22101e-21
-0.00106369 0.000127643 -5.23499e-21
-0.00106622 0.000127972 -5.24851e-21
-0.00106866 0.000128291 -5.26158e-21
-0.00107102 0.000128598 -5.27419e-21
-0.00107329 0.000128895 -5.28634e-21
-0.00107549 0.00012918 -5.29804e-21
-0.0010776 0.000129454 -5.30929e-21
-0.00107963 0.000129717 -5.32008e-21
-0.00108158 0.00012997 -5.33043e-21
-0.00108345 0.000130211 -5.34033e-21
-0.00108524 0.000130442 -5.34979e-21
-0.00108695 0.000130661 -5.3588e-21
-0.00108857 0.00013087 -5.36737e-21
-0.00109012 0.000131069 -5.3755e-21
-0.00109159 0.000131256 -5.3832e-21
-0.00109299 0.000131433 -5.39046e-21
-0.0010943 0.0001316 -5.39729e-21
-0.00109554 0.000131756 -5.40369e-21
-0.0010967 0.000131901 -5.40966e-21
-0.00109778 0.000132037 -5.4152e-21
-0.00109879 0.000132162 -5.42033e-21
-0.00109972 0.000132276 -5.42503e-21
-0.00110058 0.000132381 -5.42932e-21
-0.00110136 0.000132475 -5.4332e-21
-0.00110207 0.00013256 -5.43666e-21
-0.00110271 0.000132634 -5.43972e-21
-0.00110327 0.000132699 -5.44237e-21
-0.00110376 0.000132754 -5.44462e-21
-0.00110418 0.000132799 -5.44647e-21
-0.00110454 0.000132834 -5.44792e-21
-0.00110482 0.00013286 -5.44899e-21
-0.00110503 0.000132877 -5.44967e-21
-0.00110517 0.000132884 -5.44996e-21
-0.00110525 0.000132882 -5.44988e-21
-0.00110526 0.000132871 -5.44941e-21
-0.0011052 0.00013285 -5.44857e-21
-0.00110507 0.000132821 -5.44737e-21
-0.00110489 0.000132783 -5.44579e-21
-0.00110463 0.000132735 -5.44386e-21
-0.00110432 0.00013268 -5.44157e-21
-0.00110394 0.000132615 -5.43894e-21
-0.0011035 0.000132543 -5.43596e-21
-0.00110301 0.000132462 -5.43264e-21
-0.00110245 0.000132373 -5.42899e-21
-0.00110184 0.000132276 -5.42501e-21
-0.00110117 0.000132171 -5.42071e-21
-0.00110045 0.000132059 -5.4161e-21
-0.00109967 0.000131939 -5.41118e-21
-0.00109884 0.000131811 -5.40596e-21
-0.00109796 0.000131677 -5.40044e-21
-0.00109702 0.000131535 -5.39463e-21
-0.00109604 0.000131386 -5.38854e-21
-0.00109501 0.000131231 -5.38217e-21
-0.00109394 0.000131069 -5.37552e-21
-0.00109281 0.000130901 -5.36861e-21
-0.00109164 0.000130726 -5.36144e-21
-0.00109043 0.000130545 -5.35401e-21
-0.00108918 0.000130357 -5.34634e-21
-0.00108789 0.000130165 -5.33842e-21
-0.00108655 0.000129966 -5.33027e-21
-0.00108518 0.000129762 -5.3219e-21
-0.00108377 0.000129552 -5.31331e-21
-0.00108233 0.000129338 -5.30451e-21
-0.00108085 0.000129118 -5.29551e-21
-0.00107934 0.000128894 -5.28631e-21
-0.00107779 0.000128665 -5.27692e-21
-0.0010762 0.000128431 -5.26733e-21
-0.00107459 0.000128193 -5.25758e-21
-0.00107296 0.000127952 -5.24767e-21
-0.00107129 0.000127706 -5.2376e-21
-0.00106961 0.000127457 -5.22738e-21
-0.0010679 0.000127204 -5.21702e-21
-0.00106617 0.000126949 -5.20653e-21
-0.00106442 0.00012669 -5.19591e-21
-0.00106265 0.000126428 -5.18517e-21
-0.00106086 0.000126163 -5.17432e-21
-0.00105907 0.000125896 -5.16337e-21
-0.00105725 0.000125627 -5.15233e-21
-0.00105542 0.000125355 -5.14119e-21
-0.00105359 0.000125082 -5.12997e-21
-0.00105173 0.000124807 -5.11868e-21
-0.00104987 0.000124529 -5.10731e-21
-0.001048 0.000124251 -5.09588e-21
-0.00104613 0.00012397 -5.08439e-21
-0.00104424 0.000123689 -5.07284e-21
-0.00104235 0.000123406 -5.06124e-21
-0.00104046 0.000123122 -5.0496e-21
-0.00103856 0.000122837 -5.03792e-21
-0.00103666 0.000122552 -5.02621e-21
-0.00103476 0.000122266 -5.01447e-21
-0.00103286 0.000121979 -5.00272e-21
-0.00103096 0.000121692 -4.99094e-21
-0.00102906 0.000121405 -4.97916e-21
-0.00102716 0.000121117 -4.96738e-21
-0.00102526 0.00012083 -4.95559e-21
-0.00102337 0.000120543 -4.94381e-21
-0.00102149 0.000120256 -4.93205e-21
-0.00101961 0.000119969 -4.92029e-21
-0.00101774 0.000119683 -4.90857e-21
-0.00101587 0.000119398 -4.89686e-21
-0.00101401 0.000119113 -4.88518e-21
-0.00101216 0.000118829 -4.87354e-21
-0.00101032 0.000118546 -4.86193e-21
-0.00100849 0.000118264 -4.85036e-21
-0.00100667 0.000117983 -4.83882e-21
-0.00100486 0.000117703 -4.82734e-21
-0.00100306 0.000117424 -4.8159e-21
-0.00100128 0.000117147 -4.80452e-21
-0.000999501 0.00011687 -4.79319e-21
-0.000997738 0.000116595 -4.78192e-21
-0.000995989 0.000116322 -4.77071e-21
-0.000994253 0.00011605 -4.75956e-21
-0.00099253 0.00011578 -4.74848e-21
-0.000990823 0.000115512 -4.73748e-21
-0.00098913 0.000115245 -4.72654e-21
-0.000987453 0.000114981 -4.71569e-21
-0.000985792 0.000114718 -4.70491e-21
-0.000984147 0.000114457 -4.69422e-21
-0.000982518 0.000114199 -4.68361e-21
-0.000980907 0.000113942 -4.67309e-21
-0.000979312 0.000113688 -4.66266e-21
-0.000977734 0.000113435 -4.65231e-21
-0.000976174 0.000113185 -4.64206e-21
-0.000974631 0.000112938 -4.6319e-21
-0.000973105 0.000112692 -4.62184e-21
-0.000971598 0.000112449 -4.61187e-21
-0.000970108 0.000112209 -4.602e-21
-0.000968636 0.00011197 -4.59222e-21
-0.000967182 0.000111734 -4.58255e-21
-0.000965747 0.000111501 -4.57298e-21
-0.00096433 0.00011127 -4.56351e-21
-0.000962932 0.000111042 -4.55415e-21
-0.000961553 0.000110816 -4.5449e-21
-0.000960192 0.000110593 -4.53575e-21
-0.000958851 0.000110373 -4.52671e-21
-0.000957529 0.000110155 -4.51778e-21
-0.000956227 0.00010994 -4.50896e-21
-0.000954944 0.000109728 -4.50026e-21
-0.00095368 0.000109518 -4.49167e-21
-0.000952436 0.000109312 -4.48319e-21
-0.00095121 0.000109108 -4.47483e-21
-0.000950004 0.000108907 -4.46658e-21
-0.000948816 0.000108708 -4.45844e-21
-0.000947647 0.000108512 -4.45041e-21
-0.000946496 0.000108319 -4.44249e-21
-0.000945364 0.000108129 -4.43469e-21
-0.000944249 0.000107942 -4.427e-21
-0.000943153 0.000107757 -4.41941e-21
-0.000942074 0.000107575 -4.41194e-21
-0.000941013 0.000107395 -4.40458e-21
-0.000939969 0.000107218 -4.39733e-21
-0.000938943 0.000107044 -4.39019e-21
-0.000937934 0.000106873 -4.38317e-21
-0.000936942 0.000106704 -4.37625e-21
-0.000935967 0.000106538 -4.36944e-21
-0.000935009 0.000106375 -4.36274e-21
-0.000934068 0.000106214 -4.35616e-21
-0.000933143 0.000106056 -4.34968e-21
-0.000932235 0.000105901 -4.34331e-21
-0.000931344 0.000105749 -4.33706e-21
-0.000930469 0.000105599 -4.33091e-21
-0.000929611 0.000105452 -4.32487e-21
-0.000928768 0.000105307 -4.31894e-21
-0.000927941 0.000105165 -4.31312e-21
-0.000927131 0.000105026 -4.30741e-21
-0.000926336 0.000104889 -4.30181e-21
-0.000925557 0.000104755 -4.29632e-21
-0.000924793 0.000104624 -4.29094e-21
-0.000924045 0.000104496 -4.28566e-21
-0.000923313 0.00010437 -4.2805e-21
-0.000922596 0.000104246 -4.27544e-21
-0.000921895 0.000104126 -4.27049e-21
-0.000921209 0.000104008 -4.26565e-21
-0.000920539 0.000103892 -4.26093e-21
-0.000919884 0.00010378 -4.25631e-21
-0.000919245 0.00010367 -4.2518e-21
-0.000918621 0.000103563 -4.2474e-21
-0.000918013 0.000103458 -4.24312e-21
-0.000917421 0.000103356 -4.23894e-21
-0.000916843 0.000103257 -4.23487e-21
-0.000916281 0.000103161 -4.23092e-21
-0.000915734 0.000103067 -4.22707e-21
-0.000915202 0.000102976 -4.22333e-21
-0.000914685 0.000102887 -4.2197e-21
-0.000914183 0.000102801 -4.21617e-21
-0.000913695 0.000102718 -4.21276e-21
-0.000913222 0.000102637 -4.20945e-21
-0.000912764 0.000102559 -4.20625e-21
-0.00091232 0.000102484 -4.20315e-21
-0.000911891 0.000102411 -4.20017e-21
-0.000911477 0.000102341 -4.19729e-21
-0.000911076 0.000102273 -4.19451e-21
-0.000910691 0.000102208 -4.19184e-21
-0.00091032 0.000102146 -4.18928e-21
-0.000909963 0.000102086 -4.18683e-21
-0.000909621 0.000102028 -4.18448e-21
-0.000909294 0.000101974 -4.18224e-21
-0.000908981 0.000101922 -4.1801e-21
-0.000908683 0.000101872 -4.17808e-21
-0.000908399 0.000101825 -4.17615e-21
-0.00090813 0.000101781 -4.17434e-21
-0.000907874 0.000101739 -4.17262e-21
-0.000907633 0.0001017 -4.17101e-21
-0.000907406 0.000101663 -4.1695e-21
-0.000907192 0.000101629 -4.1681e-21
-0.000906993 0.000101597 -4.16679e-21
-0.000906807 0.000101568 -4.16559e-21
-0.000906634 0.000101541 -4.16448e-21
-0.000906476 0.000101516 -4.16348e-21
-0.000906331 0.000101494 -4.16258e-21
-0.000906199 0.000101475 -4.16177e-21
-0.000906081 0.000101457 -4.16106e-21
-0.000905976 0.000101443 -4.16045e-21
-0.000905885 0.00010143 -4.15994e-21
-0.000905807 0.00010142 -4.15953e-21
-0.000905742 0.000101412 -4.15921e-21
-0.00090569 0.000101407 -4.15899e-21
-0.000905652 0.000101404 -4.15886e-21
-0.000905627 0.000101403 -4.15883e-21
-0.000905615 0.000101404 -4.15889e-21
-0.000905616 0.000101408 -4.15905e-21
-0.000905629 0.000101414 -4.15929e-21
-0.000905656 0.000101423 -4.15963e-21
-0.000905694 0.000101433 -4.16006e-21
-0.000905745 0.000101446 -4.16058e-21
-0.000905784 0.000101461 -4.16122e-21
-0.000905798 0.00010148 -4.16201e-21
-0.000905795 0.000101502 -4.16289e-21
-0.000905787 0.000101526 -4.16387e-21
-0.000905782 0.000101552 -4.16493e-21
-0.000905784 0.00010158 -4.16607e-21
-0.000905795 0.000101609 -4.16729e-21
-0.000905816 0.000101641 -4.16859e-21
-0.000905847 0.000101674 -4.16996e-21
-0.000905889 0.00010171 -4.17141e-21
-0.000905941 0.000101747 -4.17292e-21
-0.000906004 0.000101785 -4.17451e-21
-0.000906078 0.000101825 -4.17616e-21
-0.000906161 0.000101867 -4.17787e-21
-0.000906254 0.000101911 -4.17965e-21
-0.000906357 0.000101956 -4.18149e-21
-0.00090647 0.000102002 -4.1834e-21
-0.000906593 0.00010205 -4.18536e-21
-0.000906725 0.000102099 -4.18739e-21
-0.000906864 0.00010215 -4.18946e-21
-0.000907011 0.000102202 -4.19159e-21
-0.000907166 0.000102255 -4.19378e-21
-0.000907329 0.00010231 -4.19601e-21
-0.0009075 0.000102365 -4.19829e-21
-0.000907678 0.000102422 -4.20063e-21
-0.000907865 0.00010248 -4.20301e-21
-0.00090806 0.00010254 -4.20545e-21
-0.000908262 0.0001026 -4.20793e-21
-0.000908472 0.000102662 -4.21045e-21
-0.000908689 0.000102724 -4.21302e-21
-0.000908914 0.000102788 -4.21563e-21
-0.000909146 0.000102853 -4.21829e-21
-0.000909384 0.000102918 -4.22098e-21
-0.00090963 0.000102985 -4.22372e-21
-0.000909882 0.000103053 -4.22649e-21
-0.000910142 0.000103121 -4.22931e-21
-0.000910409 0.000103191 -4.23217e-21
-0.000910684 0.000103262 -4.23507e-21
-0.000910967 0.000103334 -4.23801e-21
-0.000911258 0.000103407 -4.241e-21
-0.000911556 0.000103481 -4.24404e-21
-0.000911864 0.000103556 -4.24711e-21
-0.000912179 0.000103632 -4.25023e-21
-0.000912503 0.000103709 -4.2534e-21
-0.000912835 0.000103787 -4.25661e-21
-0.000913176 0.000103866 -4.25986e-21
-0.000913526 0.000103947 -4.26317e-21
-0.000913885 0.000104029 -4.26651e-21
-0.000914252 0.000104111 -4.2699e-21
-0.000914628 0.000104195 -4.27334e-21
-0.000915013 0.00010428 -4.27682e-21
-0.000915405 0.000104366 -4.28034e-21
-0.000915804 0.000104453 -4.2839e-21
-0.000916208 0.00010454 -4.28749e-21
-0.000916619 0.000104629 -4.29112e-21
-0.000917038 0.000104718 -4.2948e-21
-0.000917467 0.000104809 -4.29852e-21
-0.000917906 0.000104901 -4.3023e-21
-0.000918355 0.000104995 -4.30613e-21
-0.000918817 0.000105089 -4.31002e-21
-0.00091929 0.000105186 -4.31397e-21
-0.000919777 0.000105284 -4.31799e-21
-0.000920277 0.000105383 -4.32207e-21
-0.00092079 0.000105484 -4.32622e-21
-0.000921318 0.000105587 -4.33044e-21
-0.00092186 0.000105692 -4.33473e-21
-0.000922417 0.000105798 -4.33909e-21
-0.000922989 0.000105906 -4.34352e-21
-0.000923566 0.000106016 -4.34801e-21
-0.000924133 0.000106126 -4.35253e-21
-0.000924696 0.000106237 -4.35709e-21
-0.000925264 0.00010635 -4.36172e-21
-0.00092584 0.000106465 -4.36642e-21
-0.00092643 0.000106581 -4.37121e-21
-0.000927036 0.0001067 -4.37607e-21
-0.000927659 0.000106821 -4.38103e-21
-0.0009283 0.000106944 -4.38607e-21
-0.000928962 0.000107069 -4.39121e-21
-0.000929644 0.000107197 -4.39645e-21
-0.000930348 0.000107327 -4.40179e-21
-0.000931073 0.00010746 -4.40723e-21
-0.000931821 0.000107595 -4.41278e-21
-0.000932604 0.000107734 -4.41848e-21
-0.000933453 0.00010788 -4.42449e-21
-0.000934367 0.000108034 -4.43079e-21
-0.000935319 0.000108192 -4.43728e-21
-0.000936302 0.000108354 -4.44393e-21
-0.000937313 0.00010852 -4.4507e-21
-0.00093835 0.000108688 -4.4576e-21
-0.000939411 0.000108859 -4.46461e-21
-0.000940496 0.000109032 -4.47173e-21
-0.000941604 0.000109209 -4.47897e-21
-0.000942736 0.000109388 -4.48632e-21
-0.000943892 0.00010957 -4.49378e-21
-0.000945071 0.000109755 -4.50135e-21
-0.000946274 0.000109942 -4.50903e-21
-0.000947501 0.000110132 -4.51683e-21
-0.000948752 0.000110325 -4.52475e-21
-0.000950027 0.000110521 -4.53278e-21
-0.000951326 0.000110719 -4.54092e-21
-0.000952645 0.000110921 -4.54917e-21
-0.000953955 0.000111122 -4.55744e-21
-0.000955234 0.000111322 -4.56565e-21
-0.000956496 0.000111522 -4.57385e-21
-0.000957758 0.000111723 -4.5821e-21
-0.000959032 0.000111926 -4.59042e-21
-0.000960323 0.000112132 -4.59885e-21
-0.000961636 0.00011234 -4.60738e-21
-0.00096297 0.000112551 -4.61602e-21
-0.000964328 0.000112764 -4.62479e-21
-0.00096571 0.000112981 -4.63367e-21
-0.000967116 0.0001132 -4.64268e-21
-0.000968545 0.000113423 -4.6518e-21
-0.000969995 0.000113648 -4.66104e-21
-0.000971465 0.000113876 -4.6704e-21
-0.000972958 0.000114107 -4.67988e-21
-0.000974471 0.000114341 -4.68947e-21
-0.000976006 0.000114578 -4.69918e-21
-0.000977561 0.000114818 -4.70902e-21
-0.000979138 0.000115061 -4.71897e-21
-0.000980736 0.000115306 -4.72904e-21
-0.000982356 0.000115555 -4.73923e-21
-0.000983996 0.000115806 -4.74954e-21
-0.000985658 0.00011606 -4.75997e-21
-0.00098734 0.000116318 -4.77052e-21
-0.000989044 0.000116578 -4.78119e-21
-0.000990768 0.000116841 -4.79199e-21
-0.000992514 0.000117107 -4.8029e-21
-0.000994281 0.000117376 -4.81394e-21
-0.000996068 0.000117648 -4.82509e-21
-0.000997876 0.000117923 -4.83637e-21
-0.000999705 0.000118201 -4.84777e-21
-0.00100156 0.000118482 -4.85929e-21
-0.00100343 0.000118766 -4.87093e-21
-0.00100532 0.000119053 -4.88269e-21
-0.00100723 0.000119342 -4.89458e-21
-0.00100916 0.000119635 -4.90659e-21
-0.00101112 0.000119931 -4.91872e-21
-0.0010131 0.00012023 -4.93098e-21
-0.00101509 0.000120532 -4.94337e-21
-0.00101711 0.000120837 -4.95588e-21
-0.00101915 0.000121145 -4.96851e-21
-0.00102121 0.000121456 -4.98128e-21
-0.0010233 0.000121771 -4.99417e-21
-0.0010254 0.000122088 -5.00719e-21
-0.00102753 0.000122409 -5.02034e-21
-0.00102968 0.000122733 -5.03362e-21
-0.00103185 0.00012306 -5.04703e-21
-0.00103404 0.00012339 -5.06057e-21
-0.00103623 0.000123718 -1.25464e-20
-0.00103841 0.000124045 -1.25603e-20
-0.00104062 0.000124374 -1.25744e-20
-0.00104286 0.000124708 -1.25886e-20
-0.00104513 0.000125044 -1.2603e-20
-0.00104742 0.000125384 -1.26175e-20
-0.00104973 0.000125728 -1.26322e-20
-0.00105207 0.000126074 -1.2647e-20
-0.00105443 0.000126424 -1.2662e-20
-0.00105682 0.000126777 -1.26771e-20
-0.00105923 0.000127134 -1.26923e-20
-0.00106167 0.000127495 -1.27077e-20
-0.00106413 0.000127859 -1.27232e-20
-0.00106662 0.000128226 -1.27389e-20
-0.00106914 0.000128598 -1.27548e-20
-0.00107168 0.000128973 -1.27708e-20
-0.00107426 0.000129353 -1.2787e-20
-0.00107686 0.000129736 -1.28034e-20
-0.00107948 0.000130123 -1.28199e-20
-0.00108214 0.000130514 -1.28366e-20
-0.00108483 0.000130909 -1.28535e-20
-0.00108754 0.000131308 -1.28705e-20
-0.00109029 0.000131711 -1.28877e-20
-0.00109306 0.000132118 -1.29051e-20
-0.00109586 0.00013253 -1.29226e-20
-0.00109869 0.000132945 -1.29404e-20
-0.00110156 0.000133364 -1.29582e-20
-0.00110445 0.000133788 -1.29763e-20
-0.00110738 0.000134216 -1.29946e-20
-0.00111033 0.000134648 -1.3013e-20
-0.00111332 0.000135084 -1.30316e-20
-0.00111633 0.000135524 -1.30504e-20
-0.00111938 0.000135968 -1.30693e-20
-0.00112246 0.000136417 -1.30885e-20
-0.00112557 0.00013687 -1.31078e-20
-0.00112871 0.000137327 -1.31273e-20
-0.00113177 0.000137769 -1.05194e-20
-0.00113479 0.0001382 -1.05183e-20
-0.00113787 0.000138636 -1.0516e-20
-0.00114099 0.000139077 -1.05135e-20
-0.00114416 0.000139523 -1.30943e-20
-0.00114736 0.000139972 -9.14171e-21
-0.00115061 0.000140426 -5.31898e-21
-0.00115388 0.000140884 -1.7557e-20
-0.00115719 0.000141346 -1.74475e-20
-0.00116054 0.000141813 -3.23675e-21
-0.00116392 0.000142284 1.20653e-21
-0.00116733 0.000142758 1.69876e-21
-0.00117078 0.000143238 -9.4266e-21
-0.00117427 0.000143721 -1.47285e-20
-0.00117779 0.000144209 -8.80306e-22
-0.00118134 0.000144701 -4.92864e-21
-0.00118492 0.000145195 -1.2676e-20
-0.00118853 0.000145693 -1.00591e-20
-0.00119218 0.000146195 -1.26153e-20
-0.00119587 0.000146702 1.21289e-22
-0.00119959 0.000147213 -8.5727e-21
-0.00120335 0.000147728 -6.00942e-21
-0.00120715 0.000148248 -2.30216e-21
-0.00121099 0.000148772 -5.94374e-21
-0.00121486 0.000149301 -1.26602e-20
-0.00121877 0.000149834 -4.51339e-21
-0.00122272 0.000150372 -1.44413e-20
-0.0012267 0.000150914 -1.33596e-20
-0.00123073 0.00015146 -1.3569e-20
-0.00123479 0.000152011 -1.23592e-20
-0.00123889 0.000152567 -5.76322e-21
-0.00124297 0.000153123 -8.81518e-21
-0.00124682 0.000153663 -1.29989e-20
-0.00125036 0.000154182 -5.11453e-21
-0.00125374 0.000154692 -4.82064e-21
-0.00125706 0.000155197 -1.12196e-20
-0.00126035 0.000155703 -8.11067e-21
-0.00126365 0.000156211 -1.03607e-20
-0.00126697 0.000156722 -8.94973e-21
-0.00127032 0.000157236 -1.08537e-20
-0.0012737 0.000157755 -7.16146e-21
-0.00127712 0.000158278 -6.58232e-21
-0.00128057 0.000158805 -5.9402e-21
-0.0012839 0.000159311 -1.72502e-20
-0.00128717 0.0001598 -9.76461e-21
-0.00129051 0.000160294 -7.87687e-21
-0.00129391 0.000160793 4.71946e-21
-0.00129737 0.000161297 -7.66733e-22
-0.00130088 0.000161805 -1.48399e-20
-0.00130443 0.000162317 -1.54901e-21
-0.00130801 0.00016283 -1.0725e-20
-0.0013116 0.000163343 -1.1208e-20
-0.00131524 0.000163859 -7.02442e-21
-0.00131892 0.00016438 -1.13485e-20
-0.00132264 0.000164904 -1.74219e-20
-0.00132639 0.000165431 -1.10153e-20
-0.00133018 0.000165962 -1.19445e-20
-0.001334 0.000166497 -1.32968e-20
-0.00133786 0.000167034 -2.16801e-20
-0.00134175 0.000167576 -1.18074e-20
-0.00134567 0.00016812 -1.50419e-20
-0.00134963 0.000168667 -1.77423e-20
-0.00135361 0.000169218 -7.79294e-21
-0.00135763 0.000169772 -1.45433e-20
-0.00136168 0.000170329 -1.041e-20
-0.00136576 0.000170889 -4.25581e-21
-0.00136987 0.000171451 -9.71575e-21
-0.001374 0.000172017 -1.18578e-20
-0.00137817 0.000172586 -8.13454e-21
-0.00138237 0.000173157 -1.03508e-20
-0.0013866 0.000173731 -1.11317e-20
-0.00139085 0.000174308 -9.11887e-22
-0.00139513 0.000174887 -1.19216e-20
-0.00139943 0.000175468 -1.48207e-20
-0.00140377 0.000176052 -1.75219e-20
-0.00140812 0.000176638 -1.75226e-20
-0.0014125 0.000177227 -1.73362e-20
-0.00141691 0.000177817 -1.72003e-20
-0.00142133 0.000178409 -9.31313e-21
-0.00142577 0.000179001 -9.65175e-21
-0.00143024 0.000179595 -1.52974e-20
-0.00143472 0.000180191 -8.67155e-22
-0.00143923 0.000180789 -1.20685e-20
-0.00144376 0.000181388 -3.3369e-21
-0.00144814 0.000181964 -4.25481e-21
-0.00145238 0.00018251 -1.95625e-20
-0.00145668 0.000183058 -1.22899e-20
-0.00146103 0.000183608 -6.5793e-21
-0.00146541 0.00018416 -1.26977e-20
-0.00146983 0.000184713 -1.76336e-20
-0.00147427 0.000185267 -1.80874e-20
-0.00147873 0.000185821 -1.43561e-20
-0.00148321 0.000186376 -7.57798e-21
-0.0014877 0.000186932 -8.6464e-21
-0.00149218 0.000187483 -4.64859e-20
-0.00149659 0.000188011 -7.84598e-21
-0.00150102 0.00018854 -1.26234e-20
-0.00150546 0.00018907 -2.85067e-20
-0.00150992 0.000189601 -1.23895e-20
-0.00151437 0.000190132 2.30132e-21
-0.00151884 0.000190664 -1.21987e-20
-0.00152331 0.000191195 -1.6669e-20
-0.00152778 0.000191726 -2.69493e-20
-0.00153222 0.00019225 -1.80388e-20
-0.00153667 0.000192775 -1.94915e-20
-0.00154112 0.000193298 -1.53566e-20
-0.00154558 0.000193821 -1.77037e-20
-0.00155003 0.000194343 -1.72329e-20
-0.00155449 0.000194865 7.42326e-20
-0.00155893 0.000195385 -2.32378e-20
-0.00156338 0.000195904 -1.29702e-22
-0.00156782 0.000196422 -1.1856e-20
-0.00157225 0.000196938 -1.06717e-20
-0.00157667 0.000197453 -1.27109e-20
-0.00158108 0.000197966 -2.0818e-20
-0.00158548 0.000198478 -5.74792e-21
-0.00158987 0.000198988 -1.45092e-20
-0.00159425 0.000199496 -1.90068e-20
-0.00159862 0.000200002 -1.04767e-20
-0.00160297 0.000200507 -2.62776e-21
-0.00160731 0.000201009 -1.04185e-20
-0.00161163 0.000201509 -1.68045e-20
-0.00161593 0.000202006 -1.9792e-20
-0.00162018 0.000202491 -1.75644e-20
-0.00162424 0.000202921 -2.28939e-20
-0.0016283 0.000203352 -1.89262e-20
-0.00163235 0.000203783 -1.33e-20
-0.00163638 0.000204212 -1.97839e-20
-0.0016404 0.00020464 -1.64982e-20
-0.00164439 0.000205066 -1.23255e-20
-0.00164816 0.00020546 -1.40668e-20
-0.00165179 0.000205828 -1.95762e-20
-0.00165544 0.000206195 -1.564e-20
-0.0016591 0.000206559 -4.56453e-21
-0.00166275 0.000206921 -8.89125e-21
-0.00166639 0.000207279 -1.8975e-20
-0.00167001 0.000207635 -1.37406e-20
-0.00167361 0.000207988 -1.29057e-20
-0.00167718 0.000208338 -3.71577e-21
-0.00168072 0.000208685 1.25619e-21
-0.00168423 0.000209028 -1.88762e-20
-0.00168771 0.000209368 -8.24926e-21
-0.00169115 0.000209704 1.74945e-20
-0.00169455 0.000210037 6.97267e-22
-0.00169792 0.000210366 3.53149e-21
-0.00170126 0.000210692 -1.89063e-20
-0.00170455 0.000211013 -1.73709e-20
-0.0017078 0.00021133 -2.1351e-20
-0.00171102 0.000211644 -1.34291e-20
-0.00171419 0.000211954 -1.5799e-20
-0.00171732 0.000212259 -1.55222e-20
-0.00172041 0.000212561 -2.4854e-20
-0.00172345 0.000212858 -3.29491e-21
-0.00172645 0.000213151 1.96002e-19
-0.00172941 0.000213439 -3.70256e-20
-0.00173232 0.000213724 -1.1338e-20
-0.00173518 0.000214004 -8.53649e-21
-0.00173799 0.000214279 -1.83959e-20
-0.00174076 0.00021455 -1.82428e-20
-0.00174348 0.000214816 -6.56278e-21
-0.00174614 0.000215078 -1.2489e-20
-0.00174876 0.000215335 -1.2161e-20
-0.00175133 0.000215588 -1.2832e-20
-0.00175385 0.000215836 -2.08284e-20
-0.00175631 0.000216079 8.8095e-22
-0.00175872 0.000216317 -1.61231e-20
-0.00176108 0.00021655 7.01693e-20
-0.00176338 0.000216778 4.2556e-19
-0.00176562 0.000217001 7.59667e-20
-0.00176781 0.000217219 -1.51177e-20
-0.00176994 0.000217431 -1.11809e-20
-0.00177201 0.000217639 -1.63844e-20
-0.00177403 0.00021784 -1.1803e-20
-0.00177598 0.000218037 -2.4531e-20
-0.00177788 0.000218228 -1.96041e-20
-0.00177972 0.000218414 -2.67689e-19
-0.0017815 0.000218594 -3.05074e-20
-0.00178321 0.000218768 1.30543e-20
-0.00178487 0.000218938 -8.70136e-21
-0.00178647 0.000219101 -3.33151e-20
-0.001788 0.000219259 -1.12965e-20
-0.00178947 0.000219411 2.82262e-19
-0.00179088 0.000219557 -6.48432e-20
-0.00179222 0.000219698 -1.42874e-20
-0.00179351 0.000219833 -3.57838e-21
-0.00179472 0.000219962 -1.20828e-20
-0.00179588 0.000220086 -1.28608e-19
-0.00179697 0.000220203 -3.24981e-21
-0.00179799 0.000220315 8.96523e-20
-0.00179895 0.00022042 -3.13779e-20
-0.00179985 0.00022052 -2.31871e-20
-0.00180068 0.000220614 -1.02019e-20
-0.00180144 0.000220702 -1.12093e-20
-0.00180214 0.000220784 -2.50573e-20
-0.00180278 0.00022086 5.01483e-21
-0.00180334 0.00022093 -1.34199e-20
-0.00180385 0.000220994 -1.17069e-20
-0.00180428 0.000221051 -6.63166e-21
-0.00180465 0.000221103 -1.94863e-20
-0.00180495 0.000221149 -1.97436e-20
-0.00180518 0.000221188 -8.29576e-21
-0.00180533 0.000221221 -8.02443e-21
-0.0018054 0.000221246 -3.74362e-20
-0.00180536 0.00022126 -1.5632e-20
-0.00180522 0.000221262 -1.56323e-20
-0.00180498 0.000221252 -1.56326e-20
-0.00180464 0.000221231 -1.42801e-20
-0.00180419 0.000221197 -1.42787e-20
-0.00180364 0.000221149 -1.42767e-20
-0.001803 0.00022109 -1.42743e-20
-0.00180225 0.000221017 -1.42713e-20
-0.0018014 0.000220932 -1.42678e-20
-0.00180046 0.000220834 -1.42638e-20
-0.00179941 0.000220724 -1.42592e-20
-0.00179827 0.000220601 -1.42542e-20
-0.00179703 0.000220465 -1.42486e-20
-0.00179569 0.000220318 -1.42426e-20
-0.00179425 0.000220158 -1.4236e-20
-0.00179272 0.000219985 -1.42289e-20
-0.00179109 0.0002198 -1.42213e-20
-0.00178937 0.000219604 -1.42133e-20
-0.00178755 0.000219395 -1.42047e-20
-0.00178564 0.000219174 -1.41956e-20
-0.00178364 0.000218941 -1.4186e-20
-0.00178154 0.000218696 -1.4176e-20
-0.00177936 0.00021844 -1.41655e-20
-0.00177708 0.000218172 -1.41544e-20
-0.00177471 0.000217892 -1.4143e-20
-0.00177225 0.0002176 -1.4131e-20
-0.00176971 0.000217298 -1.41186e-20
-0.00176707 0.000216984 -1.41057e-20
-0.00176436 0.000216659 -1.40923e-20
-0.00176155 0.000216323 -1.40785e-20
-0.00175867 0.000215976 -1.40643e-20
-0.0017557 0.000215618 -1.40496e-20
-0.00175265 0.000215249 -1.40345e-20
-0.00174952 0.00021487 -1.40189e-20
-0.00174631 0.000214481 -1.40029e-20
-0.00174303 0.000214082 -1.39865e-20
-0.00173967 0.000213672 -1.39697e-20
-0.00173623 0.000213252 -1.39525e-20
-0.00173272 0.000212823 -1.39348e-20
-0.00172913 0.000212384 -1.39168e-20
-0.00172548 0.000211936 -1.38984e-20
-0.00172176 0.000211478 -1.38796e-20
-0.00171797 0.000211011 -1.38604e-20
-0.00171411 0.000210535 -1.38409e-20
-0.00171018 0.00021005 -1.3821e-20
-0.00170619 0.000209557 -1.38007e-20
-0.00170214 0.000209055 -1.37801e-20
-0.00169803 0.000208545 -1.37592e-20
-0.00169386 0.000208026 -1.37379e-20
-0.00168964 0.0002075 -1.37163e-20
-0.00168536 0.000206966 -1.36943e-20
-0.00168102 0.000206424 -1.36721e-20
-0.00167663 0.000205875 -1.36496e-20
-0.00167219 0.000205319 -1.36267e-20
-0.00166771 0.000204756 -1.36036e-20
-0.00166317 0.000204187 -1.35802e-20
-0.00165859 0.00020361 -1.35566e-20
-0.00165397 0.000203027 -1.35326e-20
-0.0016493 0.000202439 -1.35085e-20
-0.00164459 0.000201844 -1.3484e-20
-0.00163985 0.000201243 -1.34594e-20
-0.00163507 0.000200637 -1.34345e-20
-0.00163025 0.000200025 -1.34094e-20
-0.0016254 0.000199409 -1.3384e-20
-0.00162052 0.000198787 -1.33585e-20
-0.0016156 0.00019816 -1.33328e-20
-0.00161066 0.000197529 -1.33069e-20
-0.00160569 0.000196893 -1.32808e-20
-0.0016007 0.000196253 -1.32545e-20
-0.00159568 0.000195609 -1.3228e-20
-0.00159064 0.000194961 -1.32014e-20
-0.00158557 0.000194309 -1.31747e-20
-0.00158049 0.000193654 -1.31478e-20
-0.00157539 0.000192995 -1.31207e-20
-0.00157027 0.000192333 -1.30935e-20
-0.00156513 0.000191667 -1.30662e-20
-0.00155998 0.000190999 -1.30387e-20
-0.00155482 0.000190328 -1.30112e-20
-0.00154965 0.000189654 -1.29835e-20
-0.00154446 0.000188978 -1.29558e-20
-0.00153927 0.0001883 -1.29279e-20
-0.00153407 0.000187619 -1.29e-20
-0.00152886 0.000186936 -1.28719e-20
-0.00152365 0.000186252 -1.28438e-20
-0.00151843 0.000185565 -1.28156e-20
-0.00151321 0.000184878 -1.27874e-20
-0.00150799 0.000184188 -1.27591e-20
-0.00150277 0.000183498 -1.27307e-20
-0.00149755 0.000182806 -1.27023e-20
-0.00149233 0.000182113 -1.26739e-20
-0.00148712 0.000181419 -1.26454e-20
-0.00148191 0.000180725 -1.26169e-20
-0.0014767 0.00018003 -1.25884e-20
-0.0014715 0.000179335 -1.25598e-20
-0.00146631 0.000178639 -1.25312e-20
-0.00146113 0.000177943 -1.25026e-20
-0.00145596 0.000177247 -1.24741e-20
-0.00145079 0.00017655 -1.24455e-20
-0.00144564 0.000175854 -1.24169e-20
-0.0014405 0.000175159 -1.23883e-20
-0.00143537 0.000174463 -1.23598e-20
-0.00143026 0.000173768 -1.23312e-20
-0.00142516 0.000173073 -1.23027e-20
-0.00142008 0.000172379 -1.22742e-20
-0.00141501 0.000171686 -1.22457e-20
-0.00140996 0.000170994 -1.22173e-20
-0.00140493 0.000170302 -1.21889e-20
-0.00139991 0.000169612 -1.21606e-20
-0.00139491 0.000168922 -1.21322e-20
-0.00138993 0.000168234 -1.2104e-20
-0.00138497 0.000167546 -1.20757e-20
-0.00138003 0.00016686 -1.20476e-20
-0.00137511 0.000166175 -1.20194e-20
-0.0013702 0.000165491 -1.19913e-20
-0.00136532 0.000164808 -1.19633e-20
-0.00136046 0.000164127 -1.19353e-20
-0.00135562 0.000163447 -1.19074e-20
-0.0013508 0.000162769 -1.18796e-20
-0.001346 0.000162092 -1.18518e-20
-0.00134122 0.000161416 -1.1824e-20
-0.00133646 0.000160742 -1.17964e-20
-0.00133172 0.00016007 -1.17687e-20
-0.00132701 0.000159399 -1.17412e-20
-0.00132231 0.000158729 -1.17137e-20
-0.00131764 0.000158061 -1.16863e-20
-0.00131299 0.000157395 -1.16589e-20
-0.00130836 0.00015673 -1.16316e-20
-0.00130375 0.000156067 -1.16044e-20
-0.00129916 0.000155405 -1.15772e-20
-0.0012946 0.000154745 -1.15501e-20
-0.00129005 0.000154087 -1.15231e-20
-0.00128553 0.00015343 -1.14961e-20
-0.00128102 0.000152775 -1.14692e-20
-0.00127654 0.000152122 -1.14424e-20
-0.00127208 0.00015147 -1.14156e-20
-0.00126763 0.00015082 -1.13889e-20
-0.00126321 0.000150171 -1.13623e-20
-0.00125881 0.000149524 -1.13357e-20
-0.00125443 0.000148879 -1.13092e-20
-0.00125006 0.000148235 -1.12828e-20
-0.00124572 0.000147593 -1.12564e-20
-0.00124139 0.000146952 -1.12301e-20
-0.00123709 0.000146313 -1.12039e-20
-0.0012328 0.000145675 -1.11777e-20
-0.00122853 0.000145039 -1.11515e-20
-0.00122427 0.000144404 -1.11255e-20
-0.00122003 0.00014377 -1.10995e-20
-0.00121581 0.000143138 -1.10735e-20
-0.00121161 0.000142508 -1.10476e-20
-0.00120742 0.000141878 -1.10217e-20
-0.00120324 0.00014125 -1.09959e-20
-0.00119908 0.000140623 -1.09702e-20
-0.00119493 0.000139997 -1.09445e-20
-0.0011908 0.000139372 -1.09188e-20
-0.00118668 0.000138749 -1.08932e-20
-0.00118257 0.000138126 -1.08677e-20
-0.00117847 0.000137505 -1.08422e-20
-0.00117439 0.000136884 -1.08167e-20
-0.00117032 0.000136264 -1.07912e-20
-0.00116625 0.000135646 -1.07658e-20
-0.0011622 0.000135028 -1.07404e-20
-0.00115815 0.00013441 -1.07151e-20
-0.00115412 0.000133794 -1.06898e-20
-0.00115009 0.000133178 -1.06645e-20
-0.00114607 0.000132563 -1.06392e-20
-0.00114205 0.000131949 -1.0614e-20
-0.00113804 0.000131335 -1.05888e-20
-0.00113404 0.000130721 -1.05636e-20
-0.00113004 0.000130108 -1.05384e-20
-0.00112605 0.000129495 -1.05133e-20
-0.00112206 0.000128883 -1.04881e-20
-0.00111807 0.000128271 -1.0463e-20
-0.00111409 0.000127659 -1.04378e-20
-0.00111011 0.000127047 -1.04127e-20
-0.00110612 0.000126436 -1.03876e-20
-0.00110214 0.000125824 -1.03625e-20
-0.00109817 0.000125213 -1.03374e-20
-0.00109419 0.000124601 -1.03123e-20
-0.0010902 0.00012399 -1.02872e-20
-0.00108622 0.000123378 -1.02621e-20
-0.00108224 0.000122766 -1.02369e-20
-0.00107825 0.000122154 -1.02118e-20
-0.00107426 0.000121542 -1.01867e-20
-0.00107027 0.000120929 -1.01615e-20
-0.00106627 0.000120316 -1.01363e-20
-0.00106227 0.000119703 -1.01111e-20
-0.00105826 0.000119089 -1.00859e-20
-0.00105425 0.000118475 -1.00607e-20
-0.00105023 0.00011786 -1.00355e-20
-0.0010462 0.000117245 -1.00102e-20
-0.00104216 0.000116629 -9.98491e-21
-0.00103812 0.000116012 -9.95959e-21
-0.00103407 0.000115395 -9.93425e-21
-0.00103001 0.000114777 -9.90887e-21
-0.00102595 0.000114158 -9.88346e-21
-0.00102187 0.000113539 -9.85802e-21
-0.00101778 0.000112918 -9.83254e-21
-0.00101368 0.000112297 -9.80703e-21
-0.00100958 0.000111675 -9.78148e-21
-0.00100546 0.000111052 -9.75589e-21
-0.00100133 0.000110428 -9.73026e-21
-0.000997182 0.000109803 -9.7046e-21
-0.000993027 0.000109176 -9.67889e-21
-0.000988859 0.000108549 -9.65314e-21
-0.000984679 0.000107921 -9.62735e-21
-0.000980486 0.000107292 -9.60151e-21
-0.000976279 0.000106662 -9.57563e-21
-0.000972059 0.000106031 -9.5497e-21
-0.000967825 0.000105398 -9.52373e-21
-0.000963577 0.000104764 -9.49772e-21
-0.000959315 0.00010413 -9.47165e-21
-0.000955038 0.000103494 -9.44554e-21
-0.000950748 0.000102857 -9.41938e-21
-0.000946442 0.000102219 -9.39318e-21
-0.000942122 0.000101579 -9.36693e-21
-0.000937788 0.000100939 -9.34063e-21
-0.000933438 0.000100297 -9.31428e-21
-0.000929073 9.96545e-05 -9.28788e-21
-0.000924694 9.90106e-05 -9.26144e-21
-0.0009203 9.83656e-05 -9.23496e-21
-0.00091589 9.77194e-05 -9.20842e-21
-0.000911466 9.70721e-05 -9.18184e-21
-0.000907027 9.64238e-05 -9.15522e-21
-0.000902573 9.57743e-05 -9.12855e-21
-0.000898105 9.51238e-05 -9.10184e-21
-0.000893622 9.44723e-05 -9.07508e-21
-0.000889124 9.38197e-05 -9.04829e-21
-0.000884612 9.31661e-05 -9.02145e-21
-0.000880086 9.25116e-05 -8.99457e-21
-0.000875546 9.18561e-05 -8.96766e-21
-0.000870992 9.11997e-05 -8.94071e-21
-0.000866424 9.05425e-05 -8.91372e-21
-0.000861843 8.98843e-05 -8.88669e-21
-0.000857249 8.92254e-05 -8.85963e-21
-0.000852641 8.85656e-05 -8.83254e-21
-0.000848021 8.79051e-05 -8.80542e-21
-0.000843389 8.72439e-05 -8.77827e-21
-0.000838745 8.6582e-05 -8.75109e-21
-0.000834089 8.59196e-05 -8.72389e-21
-0.000829421 8.52565e-05 -8.69666e-21
-0.000824743 8.45929e-05 -8.66941e-21
-0.000820053 8.39288e-05 -8.64214e-21
-0.000815354 8.32643e-05 -8.61486e-21
-0.000810645 8.25995e-05 -8.58756e-21
-0.000805926 8.19343e-05 -8.56024e-21
-0.000801198 8.12688e-05 -8.53291e-21
-0.000796462 8.06031e-05 -8.50558e-21
-0.000791717 7.99372e-05 -8.47824e-21
-0.000786965 7.92712e-05 -8.45089e-21
-0.000782205 7.86051e-05 -8.42354e-21
-0.000777438 7.79389e-05 -8.39618e-21
-0.000772664 7.72728e-05 -8.36883e-21
-0.000767884 7.66068e-05 -8.34148e-21
-0.000763098 7.59409e-05 -8.31414e-21
-0.000758307 7.52751e-05 -8.2868e-21
-0.000753512 7.46097e-05 -8.25947e-21
-0.000748712 7.39445e-05 -8.23216e-21
-0.000743908 7.32797e-05 -8.20486e-21
-0.000739101 7.26153e-05 -8.17758e-21
-0.000734292 7.19515e-05 -8.15032e-21
-0.00072948 7.12881e-05 -8.12308e-21
-0.000724666 7.06254e-05 -8.09587e-21
-0.000719852 6.99634e-05 -8.06869e-21
-0.000715037 6.93022e-05 -8.04154e-21
-0.000710222 6.86417e-05 -8.01442e-21
-0.000705407 6.79822e-05 -7.98733e-21
-0.000700594 6.73236e-05 -7.96029e-21
-0.000695782 6.6666e-05 -7.93329e-21
-0.000690973 6.60094e-05 -7.90633e-21
-0.000686166 6.53541e-05 -7.87942e-21
-0.000681363 6.46999e-05 -7.85256e-21
-0.000676564 6.4047e-05 -7.82575e-21
-0.000671769 6.33954e-05 -7.79899e-21
-0.000666979 6.27453e-05 -7.7723e-21
-0.000662195 6.20966e-05 -7.74566e-21
-0.000657417 6.14494e-05 -7.71909e-21
-0.000652646 6.08039e-05 -7.69258e-21
-0.000647882 6.01601e-05 -7.66614e-21
-0.000643127 5.9518e-05 -7.63978e-21
-0.00063838 5.88777e-05 -7.61348e-21
-0.000633642 5.82393e-05 -7.58727e-21
-0.000628913 5.76028e-05 -7.56113e-21
-0.000624196 5.69684e-05 -7.53508e-21
-0.000619489 5.6336e-05 -7.50912e-21
-0.000614793 5.57058e-05 -7.48324e-21
-0.00061011 5.50778e-05 -7.45745e-21
-0.000605439 5.44521e-05 -7.43176e-21
-0.000600782 5.38288e-05 -7.40616e-21
-0.000596138 5.32078e-05 -7.38066e-21
-0.000591507 5.25892e-05 -7.35527e-21
-0.000586892 5.19732e-05 -7.32997e-21
-0.000582292 5.13597e-05 -7.30478e-21
-0.000577707 5.07488e-05 -7.2797e-21
-0.000573138 5.01406e-05 -7.25472e-21
-0.000568586 4.95352e-05 -7.22986e-21
-0.00056405 4.89325e-05 -7.20511e-21
-0.000559532 4.83326e-05 -7.18048e-21
-0.000555033 4.77356e-05 -7.15597e-21
-0.000550551 4.71416e-05 -7.13157e-21
-0.000546088 4.65506e-05 -7.1073e-21
-0.000541645 4.59626e-05 -7.08316e-21
-0.000537221 4.53776e-05 -7.05914e-21
-0.000532818 4.47959e-05 -7.03525e-21
-0.000528435 4.42173e-05 -7.01149e-21
-0.000524074 4.3642e-05 -6.98787e-21
-0.000519733 4.30699e-05 -6.96438e-21
-0.000515415 4.25013e-05 -6.94103e-21
-0.00051112 4.19361e-05 -6.91782e-21
-0.000506848 4.13743e-05 -6.89475e-21
-0.000502599 4.08161e-05 -6.87183e-21
-0.000498375 4.02616e-05 -6.84906e-21
-0.000494175 3.97107e-05 -6.82644e-21
-0.000490001 3.91635e-05 -6.80397e-21
-0.000485853 3.86201e-05 -6.78166e-21
-0.00048173 3.80806e-05 -6.75951e-21
-0.000477635 3.7545e-05 -6.73751e-21
-0.000473566 3.70133e-05 -6.71568e-21
-0.000469525 3.64856e-05 -6.69401e-21
-0.000465512 3.5962e-05 -6.67251e-21
-0.000461528 3.54425e-05 -6.65118e-21
-0.000457572 3.49272e-05 -6.63002e-21
-0.000453646 3.4416e-05 -6.60903e-21
-0.000449749 3.39092e-05 -6.58821e-21
-0.000445883 3.34066e-05 -6.56758e-21
-0.000442046 3.29083e-05 -6.54712e-21
-0.000438241 3.24144e-05 -6.52683e-21
-0.000434466 3.19249e-05 -6.50673e-21
-0.000430722 3.14398e-05 -6.48681e-21
-0.000427009 3.0959e-05 -6.46707e-21
-0.000423327 3.04827e-05 -6.44751e-21
-0.000419676 3.00107e-05 -6.42813e-21
-0.000416056 2.95432e-05 -6.40893e-21
-0.000412468 2.90801e-05 -6.38992e-21
-0.000408911 2.86214e-05 -6.37108e-21
-0.000405385 2.81672e-05 -6.35243e-21
-0.00040189 2.77174e-05 -6.33396e-21
-0.000398427 2.7272e-05 -6.31567e-21
-0.000394995 2.6831e-05 -6.29756e-21
-0.000391594 2.63945e-05 -6.27963e-21
-0.000388225 2.59624e-05 -6.26189e-21
-0.000384888 2.55347e-05 -6.24433e-21
-0.000381581 2.51114e-05 -6.22695e-21
-0.000378306 2.46926e-05 -6.20975e-21
-0.000375062 2.42781e-05 -6.19273e-21
-0.000371849 2.38681e-05 -6.17589e-21
-0.000368667 2.34624e-05 -6.15923e-21
-0.000365517 2.30612e-05 -6.14275e-21
-0.000362399 2.26644e-05 -6.12646e-21
-0.000359312 2.22721e-05 -6.11035e-21
-0.000356257 2.18843e-05 -6.09442e-21
-0.000353234 2.1501e-05 -6.07868e-21
-0.000350243 2.11221e-05 -6.06313e-21
-0.000347285 2.07478e-05 -6.04776e-21
-0.000344359 2.03781e-05 -6.03257e-21
-0.000341465 2.00129e-05 -6.01757e-21
-0.000338603 1.96522e-05 -6.00276e-21
-0.000335775 1.92961e-05 -5.98814e-21
-0.000332978 1.89445e-05 -5.9737e-21
-0.000330215 1.85976e-05 -5.95945e-21
-0.000327484 1.82552e-05 -5.94539e-21
-0.000324787 1.79174e-05 -5.93152e-21
-0.000322122 1.75842e-05 -5.91784e-21
-0.00031949 1.72555e-05 -5.90434e-21
-0.000316891 1.69315e-05 -5.89104e-21
-0.000314324 1.66121e-05 -5.87792e-21
-0.000311791 1.62972e-05 -5.86499e-21
-0.00030929 1.59869e-05 -5.85225e-21
-0.000306822 1.56812e-05 -5.83969e-21
-0.000304387 1.538e-05 -5.82732e-21
-0.000301984 1.50834e-05 -5.81514e-21
-0.000299613 1.47912e-05 -5.80314e-21
-0.000297275 1.45036e-05 -5.79133e-21
-0.000294969 1.42204e-05 -5.7797e-21
-0.000292694 1.39417e-05 -5.76825e-21
-0.000290452 1.36674e-05 -5.75699e-21
-0.000288241 1.33975e-05 -5.7459e-21
-0.000286061 1.3132e-05 -5.735e-21
-0.000283913 1.28709e-05 -5.72428e-21
-0.000281797 1.26141e-05 -5.71373e-21
-0.000279711 1.23617e-05 -5.70336e-21
-0.000277656 1.21136e-05 -5.69317e-21
-0.000275632 1.18697e-05 -5.68316e-21
-0.000273638 1.16301e-05 -5.67332e-21
-0.000271675 1.13948e-05 -5.66365e-21
-0.000269741 1.11636e-05 -5.65416e-21
-0.000267838 1.09367e-05 -5.64484e-21
-0.000265966 1.0714e-05 -5.63569e-21
-0.000264123 1.04954e-05 -5.62672e-21
-0.000262311 1.02811e-05 -5.61791e-21
-0.000260529 1.00709e-05 -5.60928e-21
-0.000258777 9.86499e-06 -5.60082e-21
-0.000257055 9.66322e-06 -5.59254e-21
-0.000255364 9.46563e-06 -5.58442e-21
-0.000253703 9.27221e-06 -5.57648e-21
-0.000252072 9.08296e-06 -5.5687e-21
-0.000250471 8.89788e-06 -5.5611e-21
-0.0002489 8.71696e-06 -5.55367e-21
-0.00024736 8.54018e-06 -5.54641e-21
-0.000245849 8.36755e-06 -5.53932e-21
-0.000244369 8.19905e-06 -5.5324e-21
-0.000242919 8.03468e-06 -5.52565e-21
-0.000241499 7.87442e-06 -5.51906e-21
-0.000240109 7.71827e-06 -5.51265e-21
-0.000238749 7.56622e-06 -5.5064e-21
-0.000237419 7.41824e-06 -5.50033e-21
-0.000236119 7.27431e-06 -5.49441e-21
-0.000234848 7.13439e-06 -5.48867e-21
-0.000233607 6.99842e-06 -5.48308e-21
-0.000232394 6.86638e-06 -5.47766e-21
-0.00023121 6.73821e-06 -5.47239e-21
-0.000230054 6.61388e-06 -5.46728e-21
-0.000228926 6.49333e-06 -5.46233e-21
-0.000227826 6.37652e-06 -5.45753e-21
-0.000226754 6.26342e-06 -5.45289e-21
-0.000225708 6.15396e-06 -5.44839e-21
-0.000224689 6.04811e-06 -5.44404e-21
-0.000223697 5.94582e-06 -5.43984e-21
-0.000222731 5.84705e-06 -5.43578e-21
-0.000221791 5.75173e-06 -5.43186e-21
-0.000220877 5.65984e-06 -5.42809e-21
-0.000219987 5.57132e-06 -5.42445e-21
-0.000219123 5.48612e-06 -5.42095e-21
-0.000218283 5.4042e-06 -5.41758e-21
-0.000217468 5.32549e-06 -5.41435e-21
-0.000216677 5.24997e-06 -5.41125e-21
-0.000215909 5.17756e-06 -5.40827e-21
-0.000215165 5.10823e-06 -5.40542e-21
-0.000214443 5.04192e-06 -5.40269e-21
-0.000213745 4.97857e-06 -5.40009e-21
-0.000213068 4.91814e-06 -5.39761e-21
-0.000212414 4.86057e-06 -5.39524e-21
-0.000211781 4.8058e-06 -5.39299e-21
-0.000211169 4.75379e-06 -5.39085e-21
-0.000210579 4.70447e-06 -5.38882e-21
-0.000210009 4.6578e-06 -5.3869e-21
-0.000209459 4.61371e-06 -5.38509e-21
-0.000208929 4.57216e-06 -5.38338e-21
-0.000208418 4.53308e-06 -5.38177e-21
-0.000207926 4.49641e-06 -5.38026e-21
-0.000207454 4.4621e-06 -5.37885e-21
-0.000206999 4.4301e-06 -5.37754e-21
-0.000206563 4.40033e-06 -5.37631e-21
-0.000206144 4.37275e-06 -5.37518e-21
-0.000205742 4.3473e-06 -5.37413e-21
-0.000205357 4.3239e-06 -5.37316e-21
-0.000204989 4.3025e-06 -5.37228e-21
-0.000204636 4.28301e-06 -5.37148e-21
-0.000204299 4.26538e-06 -5.37075e-21
-0.000203977 4.24952e-06 -5.3701e-21
-0.000203669 4.23537e-06 -5.36951e-21
-0.000203375 4.22284e-06 -5.369e-21
-0.000203094 4.21186e-06 -5.36854e-21
-0.000202827 4.20237e-06 -5.36815e-21
-0.000202571 4.19428e-06 -5.36781e-21
-0.000202328 4.18751e-06 -5.36753e-21
-0.000202096 4.18199e-06 -5.3673e-21
-0.000201875 4.17765e-06 -5.36712e-21
-0.000201664 4.1744e-06 -5.36699e-21
-0.000201463 4.17216e-06 -5.36689e-21
-0.000201271 4.17085e-06 -5.36683e-21
-0.000201088 4.17041e-06 -5.36681e-21
-0.000200913 4.17073e-06 -5.36682e-21
-0.000200745 4.17175e-06 -5.36686e-21
-0.000200585 4.17338e-06 -5.36692e-21
-0.00020043 4.17553e-06 -5.36701e-21
-0.000200282 4.17813e-06 -5.36711e-21
-0.000200139 4.18109e-06 -5.36723e-21
-0.000200001 4.18432e-06 -5.36736e-21
-0.000199867 4.18773e-06 -5.3675e-21
-0.000199736 4.19124e-06 -5.36764e-21
-0.000199609 4.19476e-06 -5.36778e-21
-0.000199483 4.19821e-06 -5.36792e-21
-0.000199359 4.20148e-06 -5.36805e-21
-0.000199236 4.2045e-06 -5.36817e-21
-0.000199114 4.20717e-06 -5.36828e-21
-0.000198991 4.2094e-06 -5.36836e-21
-0.000198867 4.21109e-06 -5.36843e-21
-0.000198742 4.21216e-06 -5.36847e-21
-0.000198614 4.21251e-06 -5.36848e-21
-0.000198484 4.21205e-06 -5.36846e-21
-0.00019835 4.21068e-06 -5.3684e-21
-0.000198211 4.20831e-06 -5.3683e-21
-0.000198068 4.20483e-06 -5.36815e-21
-0.000197919 4.20016e-06 -5.36796e-21
-0.000197764 4.19419e-06 -5.36771e-21
-0.000197601 4.18684e-06 -5.3674e-21
-0.000197431 4.17802e-06 -5.36704e-21
-0.000197253 4.16765e-06 -5.36661e-21
-0.000197066 4.15563e-06 -5.36611e-21
-0.000196869 4.14188e-06 -5.36554e-21
-0.000196663 4.12631e-06 -5.3649e-21
-0.000196445 4.10882e-06 -5.36418e-21
-0.000196216 4.08934e-06 -5.36337e-21
-0.000195975 4.06778e-06 -5.36248e-21
-0.000195721 4.04404e-06 -5.3615e-21
-0.000195454 4.01801e-06 -5.36043e-21
-0.000195173 3.98962e-06 -5.35926e-21
-0.000194877 3.95876e-06 -5.35799e-21
-0.000194565 3.92535e-06 -5.35662e-21
-0.000194237 3.88928e-06 -5.35513e-21
-0.000193893 3.85046e-06 -5.35353e-21
-0.00019353 3.8088e-06 -5.35182e-21
-0.00019315 3.76419e-06 -5.34998e-21
-0.00019275 3.71654e-06 -5.34802e-21
-0.00019233 3.66576e-06 -5.34593e-21
-0.000191889 3.61177e-06 -5.34371e-21
-0.000191428 3.55447e-06 -5.34136e-21
-0.000190945 3.49377e-06 -5.33886e-21
-0.000190439 3.42957e-06 -5.33622e-21
-0.000189911 3.3618e-06 -5.33343e-21
-0.000189353 3.29014e-06 -5.33049e-21
-0.000188765 3.21457e-06 -5.32738e-21
-0.000188155 3.13533e-06 -5.32412e-21
-0.000187518 3.05219e-06 -5.3207e-21
-0.000186854 2.96506e-06 -5.31712e-21
-0.000186163 2.87379e-06 -5.31337e-21
-0.000185444 2.77834e-06 -5.30945e-21
-0.000184697 2.6786e-06 -5.30535e-21
-0.00018392 2.57448e-06 -5.30107e-21
-0.000183114 2.46588e-06 -5.2966e-21
-0.000182276 2.35272e-06 -5.29195e-21
-0.000181408 2.23491e-06 -5.28711e-21
-0.000180507 2.11234e-06 -5.28208e-21
-0.000179574 1.98493e-06 -5.27684e-21
-0.000178607 1.8526e-06 -5.2714e-21
-0.000177605 1.71525e-06 -5.26576e-21
-0.00017657 1.57284e-06 -5.25991e-21
-0.000175499 1.42529e-06 -5.25384e-21
-0.000174399 1.27333e-06 -5.2476e-21
-0.000173273 1.11719e-06 -5.24118e-21
-0.00017211 9.55796e-07 -5.23455e-21
-0.000170909 7.88934e-07 -5.2277e-21
-0.00016967 6.16675e-07 -5.22062e-21
-0.000168393 4.38886e-07 -5.21331e-21
-0.000167077 2.55472e-07 -5.20578e-21
-0.000165722 6.63744e-08 -5.19801e-21
-0.000164327 -1.28478e-07 -5.19e-21
-0.000162891 -3.29152e-07 -5.18176e-21
-0.000161372 -5.38865e-07 -5.17314e-21
-0.000159752 -7.59108e-07 -5.1641e-21
-0.000158075 -9.86631e-07 -5.15475e-21
-0.000156355 -1.22017e-06 -5.14516e-21
-0.00015459 -1.45993e-06 -5.13531e-21
-0.000152781 -1.70597e-06 -5.1252e-21
-0.000150927 -1.95838e-06 -5.11483e-21
-0.000149026 -2.21725e-06 -5.1042e-21
-0.000147078 -2.48268e-06 -5.09329e-21
-0.000145082 -2.75478e-06 -5.08212e-21
-0.000143037 -3.03364e-06 -5.07066e-21
-0.000140943 -3.31936e-06 -5.05893e-21
-0.000138797 -3.61202e-06 -5.04691e-21
-0.000136601 -3.91173e-06 -5.0346e-21
-0.000134353 -4.21857e-06 -5.02199e-21
-0.000132052 -4.53264e-06 -5.00909e-21
-0.000129697 -4.85402e-06 -4.99589e-21
-0.000127288 -5.18282e-06 -4.98239e-21
-0.000124824 -5.51911e-06 -4.96857e-21
-0.000122304 -5.86298e-06 -4.95445e-21
-0.000119728 -6.21452e-06 -4.94001e-21
-0.000117094 -6.57383e-06 -4.92525e-21
-0.000114403 -6.94097e-06 -4.91017e-21
-0.000111652 -7.31604e-06 -4.89477e-21
-0.000108842 -7.69912e-06 -4.87903e-21
-0.000105972 -8.09029e-06 -4.86297e-21
-0.000103041 -8.48963e-06 -4.84657e-21
-0.000100049 -8.89719e-06 -4.82983e-21
-9.69951e-05 -9.31306e-06 -4.81275e-21
-9.38786e-05 -9.73727e-06 -4.79532e-21
-9.06992e-05 -1.01699e-05 -4.77756e-21
-8.74544e-05 -1.06111e-05 -4.75943e-21
-8.41421e-05 -1.10612e-05 -4.74095e-21
-8.07639e-05 -1.15199e-05 -4.72211e-21
-7.73212e-05 -1.19872e-05 -4.70292e-21
-7.38132e-05 -1.24632e-05 -4.68337e-21
-7.02394e-05 -1.29479e-05 -4.66346e-21
-6.65996e-05 -1.34414e-05 -4.6432e-21
-6.28931e-05 -1.39437e-05 -4.62257e-21
-5.91197e-05 -1.44548e-05 -4.60157e-21
-5.5279e-05 -1.49749e-05 -4.58022e-21
-5.13706e-05 -1.55039e-05 -4.55849e-21
-4.73942e-05 -1.60418e-05 -4.5364e-21
-4.33494e-05 -1.65888e-05 -4.51394e-21
-3.92359e-05 -1.71448e-05 -4.4911e-21
-3.50535e-05 -1.77098e-05 -4.4679e-21
-3.08017e-05 -1.8284e-05 -4.44432e-21
-2.64804e-05 -1.88673e-05 -4.42036e-21
-2.20892e-05 -1.94598e-05 -4.39603e-21
-1.76277e-05 -2.00615e-05 -4.37132e-21
-1.30957e-05 -2.06724e-05 -4.34623e-21
-8.493e-06 -2.12926e-05 -4.32076e-21
-3.81924e-06 -2.19221e-05 -4.29491e-21
9.25777e-07 -2.25608e-05 -4.26868e-21
5.74227e-06 -2.32089e-05 -4.24206e-21
1.06304e-05 -2.38664e-05 -4.21506e-21
1.55904e-05 -2.45332e-05 -4.18768e-21
2.06224e-05 -2.52095e-05 -4.15991e-21
2.57266e-05 -2.58951e-05 -4.13175e-21
3.09029e-05 -2.65901e-05 -4.10321e-21
3.61517e-05 -2.72945e-05 -4.07428e-21
4.14729e-05 -2.80084e-05 -4.04496e-21
4.68666e-05 -2.87316e-05 -4.01526e-21
5.23329e-05 -2.94643e-05 -3.98517e-21
5.78717e-05 -3.02065e-05 -3.9547e-21
6.34831e-05 -3.0958e-05 -3.92383e-21
6.91669e-05 -3.17189e-05 -3.89259e-21
7.49232e-05 -3.24892e-05 -3.86095e-21
8.07516e-05 -3.32689e-05 -3.82893e-21
8.66519e-05 -3.40579e-05 -3.79653e-21
9.26239e-05 -3.48562e-05 -3.76375e-21
9.86672e-05 -3.56637e-05 -3.73059e-21
0.000104782 -3.64805e-05 -3.69705e-21
0.000110967 -3.73064e-05 -3.66313e-21
0.000117223 -3.81414e-05 -3.62884e-21
0.000123548 -3.89855e-05 -3.59418e-21
0.000129944 -3.98386e-05 -3.55915e-21
0.000136408 -4.07007e-05 -3.52374e-21
0.000142942 -4.15717e-05 -3.48798e-21
0.000149544 -4.24516e-05 -3.45184e-21
0.000156214 -4.33402e-05 -3.41535e-21
0.000162951 -4.42377e-05 -3.3785e-21
0.000169756 -4.51437e-05 -3.34129e-21
0.000176627 -4.60584e-05 -3.30373e-21
0.000183563 -4.69817e-05 -3.26582e-21
0.000190566 -4.79134e-05 -3.22756e-21
0.000197633 -4.88535e-05 -3.18895e-21
0.000204764 -4.98019e-05 -3.15e-21
0.000211959 -5.07586e-05 -3.11072e-21
0.000219216 -5.17235e-05 -3.0711e-21
0.000226537 -5.26964e-05 -3.03114e-21
0.000233918 -5.36773e-05 -2.99086e-21
0.000241361 -5.46662e-05 -2.95025e-21
0.000248864 -5.56629e-05 -2.90933e-21
0.000256426 -5.66673e-05 -2.86808e-21
0.000264048 -5.76794e-05 -2.82652e-21
0.000271727 -5.86991e-05 -2.78465e-21
0.000279464 -5.97262e-05 -2.74247e-21
0.000287257 -6.07607e-05 -2.69999e-21
0.000295105 -6.18024e-05 -2.65721e-21
0.000303009 -6.28513e-05 -2.61414e-21
0.000310967 -6.39073e-05 -2.57078e-21
0.000318978 -6.49702e-05 -2.52713e-21
0.000327041 -6.604e-05 -2.4832e-21
0.000335156 -6.71166e-05 -2.43899e-21
0.000343321 -6.81997e-05 -2.39451e-21
0.000351536 -6.92894e-05 -2.34976e-21
0.000359799 -7.03855e-05 -2.30476e-21
0.000368109 -7.14878e-05 -2.25949e-21
0.000376465 -7.25961e-05 -2.21398e-21
0.000384866 -7.37104e-05 -2.16822e-21
0.00039331 -7.48303e-05 -2.12223e-21
0.000401796 -7.59559e-05 -2.07601e-21
0.000410322 -7.70868e-05 -2.02957e-21
0.000418888 -7.8223e-05 -1.98292e-21
0.00042749 -7.93642e-05 -1.93606e-21
0.000436126 -8.05101e-05 -1.889e-21
0.000444793 -8.16605e-05 -1.84176e-21
0.000453492 -8.28152e-05 -1.79434e-21
0.000462221 -8.39743e-05 -1.74675e-21
0.00047098 -8.51375e-05 -1.69898e-21
0.000479768 -8.63047e-05 -1.65105e-21
0.000488584 -8.74758e-05 -1.60296e-21
0.000497427 -8.86507e-05 -1.55472e-21
0.000506295 -8.98291e-05 -1.50633e-21
0.000515187 -9.10109e-05 -1.4578e-21
0.000524101 -9.21959e-05 -1.40914e-21
0.000533037 -9.3384e-05 -1.36035e-21
0.000541993 -9.45749e-05 -1.31145e-21
0.000550966 -9.57685e-05 -1.26244e-21
0.000559956 -9.69645e-05 -1.21332e-21
0.000568961 -9.81628e-05 -1.16412e-21
0.000577979 -9.93632e-05 -1.11483e-21
0.000587009 -0.000100565 -1.06546e-21
0.000596049 -0.000101769 -1.01602e-21
0.000605099 -0.000102975 -9.66516e-22
0.000614093 -0.000104177 -9.17148e-22
0.000622909 -0.000105367 -8.6829e-22
0.000631523 -0.000106542 -8.20031e-22
0.00064001 -0.000107708 -7.72138e-22
0.000648391 -0.000108863 5.51673e-21
0.000656569 -0.000109986 5.56469e-21
0.000664758 -0.000111108 5.61266e-21
0.000672951 -0.000112231 5.66062e-21
0.000681145 -0.000113353 5.70858e-21
0.000689337 -0.000114476 5.75652e-21
0.000697521 -0.000115597 5.80444e-21
0.000705691 -0.000116717 5.8523e-21
0.000713844 -0.000117836 5.9001e-21
0.000721978 -0.000118953 5.94783e-21
0.000730092 -0.000120068 5.99548e-21
0.000738186 -0.000121182 6.04306e-21
0.000746259 -0.000122293 6.09055e-21
0.00075431 -0.000123402 6.13795e-21
0.000762336 -0.000124509 6.18525e-21
0.000770338 -0.000125613 6.23244e-21
0.000778313 -0.000126715 6.27953e-21
0.00078626 -0.000127816 6.32656e-21
0.000794175 -0.000128915 6.3735e-21
0.000801939 -0.000129991 1.01044e-20
0.000809241 -0.000130989 1.00975e-20
0.000816586 -0.000131988 1.00978e-20
0.000823944 -0.000132984 1.00899e-20
0.000831298 -0.000133977 1.00821e-20
0.000838636 -0.000134968 1.00873e-20
0.00084595 -0.000135955 1.00866e-20
0.000853236 -0.000136938 1.0077e-20
0.00086049 -0.000137917 1.00672e-20
0.000867707 -0.000138892 1.00493e-20
0.000874884 -0.000139862 1.00499e-20
0.000882019 -0.000140828 1.00418e-20
0.00088911 -0.000141789 1.00338e-20
0.000896155 -0.000142745 1.00318e-20
0.000903153 -0.000143695 1.00217e-20
0.000910103 -0.000144641 1.00183e-20
0.000917004 -0.000145581 1.00004e-20
0.000923847 -0.000146507 1.72292e-20
0.000930517 -0.000147398 1.72258e-20
0.000937141 -0.000148285 1.72238e-20
0.000943715 -0.000149167 1.7223e-20
0.000950237 -0.000150044 1.72143e-20
0.000956706 -0.000150915 1.71997e-20
0.000963122 -0.000151781 1.71827e-20
0.000969482 -0.000152641 1.71692e-20
0.000975786 -0.000153495 1.7148e-20
0.000982037 -0.000154342 1.93928e-20
0.0009882 -0.000155177 1.93902e-20
0.000994309 -0.000156007 1.93822e-20
0.00100036 -0.00015683 1.93674e-20
0.00100636 -0.000157646 1.93623e-20
0.00101229 -0.000158456 1.93468e-20
0.00101817 -0.00015926 1.93364e-20
0.00102399 -0.000160056 1.93218e-20
0.00102975 -0.000160846 1.93092e-20
0.00103545 -0.000161629 1.93096e-20
0.00104108 -0.000162405 1.93011e-20
0.00104665 -0.000163174 1.92982e-20
0.00105216 -0.000163936 1.92828e-20
0.0010576 -0.00016469 1.92739e-20
0.00106297 -0.000165437 1.92632e-20
0.00106828 -0.000166177 1.92594e-20
0.00107351 -0.000166909 1.92447e-20
0.00107869 -0.000167635 1.92266e-20
0.0010838 -0.000168352 1.92144e-20
0.00108885 -0.000169063 1.92128e-20
0.00109383 -0.000169767 1.92164e-20
0.00109876 -0.000170463 1.92087e-20
0.00110362 -0.000171152 1.92014e-20
0.00110842 -0.000171834 1.91941e-20
0.00111287 -0.00017246 2.32766e-20
0.00111712 -0.000173051 2.33259e-20
0.00112137 -0.000173636 2.33636e-20
0.00112559 -0.000174216 2.34015e-20
0.00112977 -0.00017479 2.34228e-20
0.00113388 -0.000175355 2.34655e-20
0.00113782 -0.000175882 1.69904e-20
0.00114153 -0.00017636 2.00774e-20
0.0011452 -0.000176834 1.99377e-20
0.00114882 -0.000177304 3.12959e-20
0.00115238 -0.00017777 1.75384e-20
0.0011559 -0.00017823 1.44259e-20
0.00115937 -0.000178686 2.83167e-20
0.00116278 -0.000179137 1.59541e-20
0.00116615 -0.000179582 1.40171e-20
0.00116948 -0.000180023 1.28099e-20
0.00117275 -0.000180458 1.94381e-20
0.00117598 -0.000180888 2.3921e-20
0.00117916 -0.000181314 2.49005e-20
0.0011823 -0.000181734 -2.15783e-20
0.0011854 -0.000182149 5.39394e-21
0.00118845 -0.00018256 1.82298e-20
0.00119146 -0.000182966 1.64474e-20
0.00119443 -0.000183367 2.26542e-20
0.00119736 -0.000183764 2.64707e-20
0.00120025 -0.000184157 2.32726e-20
0.00120311 -0.000184545 2.20364e-20
0.00120593 -0.000184929 1.65085e-20
0.00120871 -0.000185308 2.6924e-20
0.00121146 -0.000185684 2.18531e-20
0.00121417 -0.000186055 2.72089e-20
0.00121685 -0.000186423 2.32714e-20
0.0012195 -0.000186787 1.71579e-20
0.00122209 -0.000187142 -2.28803e-20
0.00122465 -0.000187493 2.0166e-20
0.00122719 -0.000187841 2.43115e-20
0.0012297 -0.000188185 1.85528e-20
0.00123218 -0.000188525 2.34652e-20
0.00123464 -0.000188863 2.8316e-20
0.00123707 -0.000189197 2.91766e-20
0.00123947 -0.000189528 2.70532e-20
0.00124185 -0.000189855 1.8946e-20
0.0012442 -0.00019018 2.56127e-20
0.00124653 -0.000190502 2.70458e-20
0.00124885 -0.000190821 1.98249e-20
0.00125114 -0.000191137 1.56948e-20
0.00125341 -0.000191451 1.79879e-20
0.00125567 -0.000191763 1.60547e-20
0.00125792 -0.000192072 1.52278e-20
0.00126014 -0.000192379 2.33205e-20
0.00126236 -0.000192684 2.97278e-20
0.00126456 -0.000192987 2.14883e-20
0.00126647 -0.000193269 2.02073e-20
0.00126788 -0.000193515 2.02362e-20
0.00126903 -0.000193742 2.02574e-20
0.00127009 -0.000193962 2.01023e-20
0.00127112 -0.00019418 2.01269e-20
0.00127214 -0.000194396 2.01526e-20
0.00127316 -0.000194611 2.01649e-20
0.00127418 -0.000194826 2.01703e-20
0.00127521 -0.000195039 2.01856e-20
0.00127623 -0.000195253 2.02004e-20
0.00127727 -0.000195465 2.02105e-20
0.00127831 -0.000195677 2.02407e-20
0.00127935 -0.000195889 2.02561e-20
0.00128041 -0.0001961 2.02575e-20
0.00128152 -0.000196317 2.90687e-20
0.00128259 -0.000196526 2.90955e-20
0.00128366 -0.000196734 2.91149e-20
0.00128475 -0.000196943 8.01256e-20
0.00128584 -0.000197151 8.0159e-20
0.00128694 -0.00019736 8.01946e-20
0.00128806 -0.000197568 8.02366e-20
0.00128918 -0.000197776 4.06895e-20
0.00129032 -0.000197985 4.07073e-20
0.00129147 -0.000198194 4.07244e-20
0.00129263 -0.000198403 4.07382e-20
0.00129381 -0.000198612 4.07654e-20
0.001295 -0.000198821 4.07869e-20
0.0012962 -0.000199031 4.08151e-20
0.00129742 -0.000199241 4.08279e-20
0.00129865 -0.000199451 4.08505e-20
0.0012999 -0.000199662 4.0873e-20
0.00130116 -0.000199873 4.0884e-20
0.00130243 -0.000200084 -9.91941e-17
0.00130372 -0.000200296 -1.89059e-16
0.00130502 -0.000200508 -1.48892e-16
0.00130633 -0.000200721 6.33893e-17
0.00130766 -0.000200934 4.30773e-17
0.00130901 -0.000201147 3.4988e-16
0.00131037 -0.000201361 2.57488e-16
0.00131175 -0.000201576 2.47222e-16
0.00131314 -0.000201791 4.65823e-16
0.00131465 -0.00020202 1.87006e-19
0.00131581 -0.000202194 1.85988e-19
0.00131703 -0.000202369 1.85474e-19
0.0013183 -0.000202546 1.84967e-19
0.0013196 -0.000202724 1.84462e-19
0.00132091 -0.000202903 1.83956e-19
0.00132225 -0.000203083 1.83466e-19
0.00132361 -0.000203264 1.82957e-19
0.00132498 -0.000203446 1.82467e-19
0.00132638 -0.000203629 1.81967e-19
0.00132779 -0.000203813 1.81467e-19
0.00132923 -0.000203997 1.8098e-19
0.00133068 -0.000204182 1.80481e-19
0.00133215 -0.000204368 1.80004e-19
0.00133363 -0.000204555 1.79515e-19
0.00133514 -0.000204742 1.79019e-19
0.00133666 -0.000204931 1.7854e-19
0.0013382 -0.00020512 1.78053e-19
0.00133976 -0.00020531 1.77579e-19
0.00134133 -0.0002055 1.771e-19
0.00134293 -0.000205692 1.76604e-19
0.00134454 -0.000205884 1.76134e-19
0.00134617 -0.000206057 1.75519e-19
0.00134771 -0.000206216 1.73105e-19
0.00134927 -0.000206377 1.85971e-19
0.00135085 -0.00020654 1.85953e-19
0.00135244 -0.000206704 1.83157e-19
0.00135405 -0.000206869 1.76375e-19
0.00135568 -0.000207035 1.72864e-19
0.00135733 -0.000207202 1.82474e-19
0.00135899 -0.000207369 1.84146e-19
0.00136066 -0.000207538 1.87727e-19
0.00136236 -0.000207707 1.72549e-19
0.00136406 -0.000207877 1.89643e-19
0.00136579 -0.000208048 1.71198e-19
0.00136753 -0.000208219 1.76309e-19
0.00136928 -0.000208392 1.83604e-19
0.00137105 -0.000208564 1.77188e-19
0.00137283 -0.000208737 1.67551e-19
0.00137462 -0.000208911 1.81034e-19
0.00137643 -0.000209085 1.67655e-19
0.00137825 -0.00020926 1.7696e-19
0.00138008 -0.000209435 1.80799e-19
0.00138193 -0.000209611 1.68885e-19
0.00138379 -0.000209787 1.70444e-19
0.00138566 -0.000209964 1.81841e-19
0.00138755 -0.000210142 1.71487e-19
0.00138945 -0.00021032 1.79221e-19
0.00139136 -0.000210499 1.7399e-19
0.00139329 -0.000210678 1.75531e-19
0.00139522 -0.000210858 1.76368e-19
0.00139717 -0.000211038 1.7883e-19
0.00139913 -0.000211218 1.80792e-19
0.0014011 -0.000211399 1.64703e-19
0.00140308 -0.000211581 1.53562e-19
0.00140507 -0.000211762 1.64161e-19
0.00140707 -0.000211945 1.7071e-19
0.00140908 -0.000212127 1.79254e-19
0.0014111 -0.000212308 1.71964e-19
0.00141312 -0.00021249 1.74101e-19
0.00141516 -0.000212672 1.75003e-19
0.0014172 -0.000212854 1.73127e-19
0.00141925 -0.000213037 1.63925e-19
0.00142131 -0.00021322 1.69962e-19
0.00142337 -0.000213403 1.65007e-19
0.00142544 -0.000213586 1.87194e-19
0.00142752 -0.000213769 1.81633e-19
0.0014296 -0.000213952 1.8181e-19
0.00143168 -0.000214135 1.60803e-19
0.00143377 -0.000214318 1.81925e-19
0.00143587 -0.000214501 1.53563e-19
0.00143797 -0.000214685 1.66095e-19
0.00144008 -0.000214868 1.60259e-19
0.00144219 -0.000215052 1.63194e-19
0.00144431 -0.000215235 1.85398e-19
0.00144644 -0.000215419 1.71246e-19
0.00144857 -0.000215602 1.73754e-19
0.0014507 -0.000215786 1.66616e-19
0.00145284 -0.000215969 1.51863e-19
0.00145498 -0.000216153 1.6428e-19
0.00145712 -0.000216336 1.72632e-19
0.00145927 -0.00021652 1.73533e-19
0.00146142 -0.000216703 1.74071e-19
0.00146357 -0.000216887 1.59229e-19
0.00146573 -0.00021707 1.55574e-19
0.00146789 -0.000217253 1.14663e-19
0.00147005 -0.000217436 1.58236e-19
0.00147221 -0.000217618 1.5882e-19
0.00147438 -0.000217801 1.61478e-19
0.00147654 -0.000217983 1.68971e-19
0.00147871 -0.000218165 1.69459e-19
0.00148087 -0.000218347 1.66967e-19
0.00148304 -0.000218529 1.67751e-19
0.00148521 -0.00021871 1.65141e-19
0.00148738 -0.000218891 1.24278e-19
0.00148954 -0.000219072 1.61614e-19
0.00149171 -0.000219252 1.75987e-19
0.00149388 -0.000219433 1.59744e-19
0.00149604 -0.000219612 1.46707e-19
0.0014982 -0.000219792 1.56328e-19
0.00150037 -0.000219971 1.49218e-19
0.00150252 -0.000220149 1.59453e-19
0.00150468 -0.000220327 1.70037e-19
0.00150684 -0.000220505 1.59324e-19
0.00150899 -0.000220682 1.60601e-19
0.00151114 -0.000220859 1.9083e-19
0.00151328 -0.000221035 1.51996e-19
0.00151542 -0.000221211 1.58475e-19
0.00151756 -0.000221386 1.5052e-19
0.00151964 -0.00022154 -6.92522e-18
0.00152171 -0.00022169 2.30182e-19
0.00152376 -0.00022184 2.21605e-19
0.00152582 -0.00022199 2.2192e-19
0.00152786 -0.00022214 2.31227e-19
0.0015299 -0.000222289 1.02357e-19
0.00153194 -0.000222438 2.36418e-19
0.00153396 -0.000222586 2.28909e-19
0.00153598 -0.000222734 2.39441e-19
0.001538 -0.000222881 2.47415e-19
0.00154001 -0.000223028 2.12326e-19
0.00154201 -0.000223174 2.1008e-19
0.001544 -0.00022332 2.56358e-19
0.00154599 -0.000223464 2.96511e-19
0.00154797 -0.000223609 2.44686e-19
0.00154994 -0.000223752 2.59464e-19
0.00155191 -0.000223895 2.48512e-19
0.00155387 -0.000224037 2.41799e-19
0.00155581 -0.000224178 2.29356e-19
0.00155775 -0.000224319 3.1055e-19
0.00155968 -0.000224458 2.79546e-19
0.00156159 -0.000224597 1.6554e-19
0.0015635 -0.000224735 2.35387e-19
0.0015654 -0.000224872 2.54772e-19
0.00156728 -0.000225008 2.14948e-19
0.00156915 -0.000225143 2.41787e-19
0.00157101 -0.000225276 1.88981e-19
0.00157285 -0.000225409 2.44616e-19
0.00157468 -0.000225541 2.39464e-19
0.0015765 -0.000225671 8.11858e-20
0.0015783 -0.000225801 2.67865e-19
0.00158009 -0.000225929 2.10013e-19
0.00158186 -0.000226056 2.69346e-19
0.00158362 -0.000226181 -2.40614e-20
0.00158535 -0.000226306 2.4781e-19
0.00158707 -0.000226429 2.81783e-19
0.00158876 -0.00022655 2.45316e-19
0.00159043 -0.00022667 2.21669e-19
0.00159209 -0.000226789 2.20973e-19
0.00159372 -0.000226906 2.25221e-19
0.00159534 -0.000227022 2.20304e-19
0.00159694 -0.000227136 1.27726e-19
0.00159851 -0.000227248 -2.58536e-18
0.00160006 -0.000227359 -3.55345e-18
0.0016016 -0.000227468 2.18107e-19
0.00160311 -0.000227576 -1.38989e-18
0.00160459 -0.000227681 2.17364e-18
0.00160606 -0.000227785 -1.08582e-18
0.0016075 -0.000227888 5.80542e-18
0.00160891 -0.000227988 -8.92017e-20
0.00161031 -0.000228086 2.49344e-19
0.00161167 -0.000228182 -6.83693e-19
0.00161301 -0.000228277 2.24432e-19
0.00161433 -0.000228369 2.1213e-18
0.00161561 -0.00022846 -8.30588e-19
0.00161687 -0.000228548 2.20682e-19
0.00161811 -0.000228634 3.7618e-18
0.00161931 -0.000228718 -8.0367e-19
0.00162049 -0.0002288 2.29076e-19
0.00162164 -0.00022888 1.37565e-18
0.00162275 -0.000228957 5.72587e-18
0.00162384 -0.000229032 -3.01151e-18
0.0016249 -0.000229105 2.24478e-19
0.00162593 -0.000229175 2.02957e-19
0.00162692 -0.000229244 2.34079e-19
0.00162788 -0.000229309 2.18697e-19
0.00162881 -0.000229372 9.27166e-19
0.00162971 -0.000229433 2.36469e-19
0.00163057 -0.000229491 -1.69203e-18
0.0016314 -0.000229547 6.07075e-19
0.0016322 -0.000229599 1.88044e-19
0.00163296 -0.00022965 1.67005e-18
0.00163368 -0.000229697 1.77506e-18
0.00163437 -0.000229742 2.28081e-19
0.00163502 -0.000229784 2.05778e-19
0.00163564 -0.000229824 2.08159e-19
0.00163622 -0.00022986 1.02471e-18
0.00163676 -0.000229894 5.01032e-19
0.00163726 -0.000229925 2.24194e-19
0.00163772 -0.000229953 2.24471e-19
0.00163815 -0.000229978 1.07872e-18
0.00163854 -0.00023 2.34233e-19
0.00163888 -0.000230019 2.10729e-19
0.00163919 -0.000230035 2.22043e-19
0.00163946 -0.000230048 2.22591e-19
0.00163969 -0.000230058 2.18928e-19
0.00163987 -0.000230065 2.16549e-19
0.00164002 -0.000230069 2.1535e-19
0.00164012 -0.000230068 2.15341e-19
0.00164017 -0.000230062 2.15335e-19
0.00164017 -0.000230051 2.15331e-19
0.00164013 -0.000230035 2.15329e-19
0.00164003 -0.000230012 2.12054e-19
0.00163987 -0.000229983 2.12053e-19
0.00163965 -0.000229947 2.12052e-19
0.00163938 -0.000229904 2.1205e-19
0.00163904 -0.000229854 2.12048e-19
0.00163864 -0.000229797 2.12046e-19
0.00163817 -0.000229732 2.12043e-19
0.00163765 -0.000229661 2.1204e-19
0.00163707 -0.000229582 2.12037e-19
0.00163642 -0.000229496 2.12033e-19
0.00163572 -0.000229403 2.12029e-19
0.00163495 -0.000229303 2.12025e-19
0.00163413 -0.000229196 2.12021e-19
0.00163324 -0.000229081 2.12016e-19
0.00163229 -0.00022896 2.12011e-19
0.00163128 -0.000228832 2.12006e-19
0.00163022 -0.000228696 2.12e-19
0.00162909 -0.000228553 2.11994e-19
0.0016279 -0.000228404 2.11988e-19
0.00162665 -0.000228247 2.11982e-19
0.00162535 -0.000228084 2.11975e-19
0.00162398 -0.000227913 2.11968e-19
0.00162256 -0.000227736 2.11961e-19
0.00162107 -0.000227552 2.11953e-19
0.00161953 -0.000227361 2.11946e-19
0.00161793 -0.000227163 2.11937e-19
0.00161628 -0.000226959 2.11929e-19
0.00161457 -0.000226747 2.1192e-19
0.00161279 -0.000226529 2.11911e-19
0.00161097 -0.000226305 2.11902e-19
0.00160909 -0.000226074 2.11893e-19
0.00160715 -0.000225836 2.11883e-19
0.00160515 -0.000225592 2.11873e-19
0.0016031 -0.000225342 2.11863e-19
0.001601 -0.000225085 2.11852e-19
0.00159885 -0.000224822 2.11841e-19
0.00159664 -0.000224552 2.1183e-19
0.00159437 -0.000224277 2.11819e-19
0.00159206 -0.000223995 2.11807e-19
0.00158969 -0.000223707 2.11795e-19
0.00158728 -0.000223413 2.11783e-19
0.00158481 -0.000223114 2.11771e-19
0.00158229 -0.000222808 2.11759e-19
0.00157973 -0.000222497 2.11746e-19
0.00157711 -0.00022218 2.11733e-19
0.00157445 -0.000221858 2.11719e-19
0.00157175 -0.00022153 2.11706e-19
0.00156899 -0.000221197 2.11692e-19
0.0015662 -0.000220859 2.11678e-19
0.00156336 -0.000220515 2.11664e-19
0.00156048 -0.000220167 2.1165e-19
0.00155755 -0.000219813 2.11635e-19
0.00155459 -0.000219455 2.11621e-19
0.00155158 -0.000219092 2.11606e-19
0.00154854 -0.000218725 2.11591e-19
0.00154546 -0.000218353 2.11576e-19
0.00154235 -0.000217977 2.1156e-19
0.00153919 -0.000217597 2.11544e-19
0.00153601 -0.000217213 2.11529e-19
0.00153279 -0.000216824 2.11513e-19
0.00152953 -0.000216432 2.11497e-19
0.00152625 -0.000216036 2.1148e-19
0.00152294 -0.000215638 2.11464e-19
0.00151962 -0.000215238 2.11448e-19
0.00151626 -0.000214834 2.11431e-19
0.00151288 -0.000214427 2.11414e-19
0.00150947 -0.000214017 2.11397e-19
0.00150604 -0.000213604 2.1138e-19
0.00150258 -0.000213189 2.11363e-19
0.0014991 -0.000212771 2.11346e-19
0.0014956 -0.00021235 2.11329e-19
0.00149209 -0.000211928 2.11312e-19
0.00148855 -0.000211503 2.11294e-19
0.001485 -0.000211077 2.11277e-19
0.00148144 -0.000210648 2.11259e-19
0.00147786 -0.000210218 2.11241e-19
0.00147427 -0.000209787 2.11224e-19
0.00147067 -0.000209355 2.11206e-19
0.00146706 -0.000208921 2.11188e-19
0.00146344 -0.000208487 2.1117e-19
0.00145982 -0.000208051 2.11152e-19
0.00145619 -0.000207615 2.11135e-19
0.00145256 -0.000207179 2.11117e-19
0.00144892 -0.000206743 2.11099e-19
0.00144529 -0.000206306 2.11081e-19
0.00144165 -0.000205869 2.11063e-19
0.00143802 -0.000205433 2.11045e-19
0.00143439 -0.000204997 2.11027e-19
0.00143077 -0.000204561 2.11009e-19
0.00142716 -0.000204127 2.10991e-19
0.00142355 -0.000203693 2.10973e-19
0.00141995 -0.00020326 2.10956e-19
0.00141636 -0.000202829 2.10938e-19
0.00141279 -0.000202399 2.1092e-19
0.00140923 -0.000201971 2.10903e-19
0.00140569 -0.000201545 2.10885e-19
0.00140216 -0.00020112 2.10868e-19
0.00139865 -0.000200698 2.1085e-19
0.00139517 -0.000200278 2.10833e-19
0.0013917 -0.00019986 2.10816e-19
0.00138826 -0.000199445 2.10799e-19
0.00138484 -0.000199033 2.10782e-19
0.00138144 -0.000198624 2.10765e-19
0.00137808 -0.000198218 2.10749e-19
0.00137474 -0.000197815 2.10732e-19
0.00137143 -0.000197415 2.10716e-19
0.00136815 -0.000197019 2.10699e-19
0.00136491 -0.000196627 2.10683e-19
0.00136169 -0.000196238 2.10667e-19
0.00135852 -0.000195854 2.10651e-19
0.00135537 -0.000195473 2.10636e-19
0.00135227 -0.000195097 2.1062e-19
0.0013492 -0.000194725 2.10605e-19
0.00134617 -0.000194358 2.1059e-19
0.00134318 -0.000193995 2.10575e-19
0.00134024 -0.000193638 2.1056e-19
0.00133733 -0.000193285 2.10546e-19
0.00133447 -0.000192937 2.10532e-19
0.00133165 -0.000192595 2.10518e-19
0.00132888 -0.000192257 2.10504e-19
0.00132616 -0.000191925 2.1049e-19
0.00132348 -0.000191599 2.10477e-19
0.00132085 -0.000191278 2.10464e-19
0.00131827 -0.000190963 2.10451e-19
0.00131573 -0.000190654 2.10438e-19
0.00131325 -0.000190351 2.10425e-19
0.00131082 -0.000190053 2.10413e-19
0.00130845 -0.000189762 2.10401e-19
0.00130612 -0.000189477 2.1039e-19
0.00130385 -0.000189198 2.10378e-19
0.00130163 -0.000188925 2.10367e-19
0.00129947 -0.000188659 2.10356e-19
0.00129736 -0.000188399 2.10345e-19
0.00129531 -0.000188146 2.10335e-19
0.00129331 -0.0001879 2.10325e-19
0.00129137 -0.00018766 2.10315e-19
0.00128949 -0.000187427 2.10305e-19
0.00128767 -0.000187201 2.10296e-19
0.0012859 -0.000186981 2.10287e-19
0.0012842 -0.000186769 2.10278e-19
0.00128255 -0.000186563 2.1027e-19
0.00128097 -0.000186365 2.10262e-19
0.00127944 -0.000186174 2.10254e-19
0.00127798 -0.000185989 2.10246e-19
0.00127657 -0.000185812 2.10239e-19
0.00127523 -0.000185642 2.10232e-19
0.00127394 -0.00018548 2.10225e-19
0.00127272 -0.000185324 2.10219e-19
0.00127156 -0.000185176 2.10213e-19
0.00127046 -0.000185034 2.10207e-19
0.00126943 -0.0001849 2.10202e-19
0.00126845 -0.000184774 2.10196e-19
0.00126754 -0.000184654 2.10191e-19
0.00126668 -0.000184542 2.10187e-19
0.00126589 -0.000184437 2.10183e-19
0.00126516 -0.000184339 2.10178e-19
0.00126449 -0.000184248 2.10175e-19
0.00126388 -0.000184165 2.10171e-19
0.00126334 -0.000184088 2.10168e-19
0.00126285 -0.000184019 2.10165e-19
0.00126242 -0.000183957 2.10163e-19
0.00126205 -0.000183902 2.10161e-19
0.00126174 -0.000183854 2.10159e-19
0.0012615 -0.000183812 2.10157e-19
0.00126131 -0.000183778 2.10155e-19
0.00126117 -0.000183751 2.10154e-19
0.0012611 -0.00018373 2.10153e-19
0.00126108 -0.000183717 2.10153e-19
0.00126112 -0.00018371 2.10153e-19
0.00126122 -0.000183709 2.10153e-19
0.00126137 -0.000183715 2.10153e-19
0.00126158 -0.000183728 2.10153e-19
0.00126184 -0.000183747 2.10154e-19
0.00126215 -0.000183772 2.10155e-19
0.00126252 -0.000183804 2.10156e-19
0.00126294 -0.000183842 2.10158e-19
0.00126341 -0.000183886 2.1016e-19
0.00126393 -0.000183935 2.10162e-19
0.0012645 -0.000183991 2.10164e-19
0.00126512 -0.000184053 2.10167e-19
0.00126579 -0.00018412 2.10169e-19
0.0012665 -0.000184193 2.10172e-19
0.00126726 -0.000184271 2.10176e-19
0.00126807 -0.000184355 2.10179e-19
0.00126892 -0.000184444 2.10183e-19
0.00126982 -0.000184538 2.10187e-19
0.00127075 -0.000184637 2.10191e-19
0.00127173 -0.000184741 2.10195e-19
0.00127275 -0.00018485 2.10199e-19
0.0012738 -0.000184964 2.10204e-19
0.0012749 -0.000185082 2.10209e-19
0.00127603 -0.000185204 2.10214e-19
0.00127719 -0.00018533 2.10219e-19
0.00127839 -0.000185461 2.10225e-19
0.00127962 -0.000185595 2.1023e-19
0.00128089 -0.000185733 2.10236e-19
0.00128218 -0.000185875 2.10242e-19
0.0012835 -0.00018602 2.10248e-19
0.00128485 -0.000186169 2.10254e-19
0.00128623 -0.00018632 2.1026e-19
0.00128763 -0.000186475 2.10266e-19
0.00128906 -0.000186633 2.10273e-19
0.0012905 -0.000186793 2.10279e-19
0.00129197 -0.000186956 2.10286e-19
0.00129346 -0.000187121 2.10293e-19
0.00129497 -0.000187288 2.103e-19
0.00129649 -0.000187458 2.10307e-19
0.00129803 -0.000187629 2.10314e-19
0.00129959 -0.000187803 2.10321e-19
0.00130116 -0.000187977 2.10328e-19
0.00130274 -0.000188154 2.10335e-19
0.00130433 -0.000188331 2.10342e-19
0.00130593 -0.00018851 2.1035e-19
0.00130753 -0.00018869 2.10357e-19
0.00130915 -0.000188871 2.10365e-19
0.00131077 -0.000189052 2.10372e-19
0.00131239 -0.000189234 2.10379e-19
0.00131402 -0.000189416 2.10387e-19
0.00131565 -0.000189599 2.10394e-19
0.00131728 -0.000189781 2.10402e-19
0.00131891 -0.000189964 2.10409e-19
0.00132053 -0.000190146 2.10417e-19
0.00132215 -0.000190328 2.10424e-19
0.00132377 -0.000190509 2.10432e-19
0.00132538 -0.00019069 2.10439e-19
0.00132698 -0.00019087 2.10447e-19
0.00132857 -0.000191049 2.10454e-19
0.00133015 -0.000191226 2.10461e-19
0.00133173 -0.000191403 2.10469e-19
0.00133329 -0.000191578 2.10476e-19
0.00133483 -0.000191751 2.10483e-19
0.00133636 -0.000191923 2.1049e-19
0.00133788 -0.000192093 2.10497e-19
0.00133938 -0.000192261 2.10504e-19
0.00134086 -0.000192427 2.10511e-19
0.00134232 -0.00019259 2.10517e-19
0.00134376 -0.000192752 2.10524e-19
0.00134518 -0.00019291 2.1053e-19
0.00134657 -0.000193066 2.10537e-19
0.00134794 -0.00019322 2.10543e-19
0.00134929 -0.00019337 2.10549e-19
0.00135061 -0.000193517 2.10555e-19
0.0013519 -0.000193661 2.10561e-19
0.00135317 -0.000193802 2.10567e-19
0.0013544 -0.000193939 2.10573e-19
0.00135561 -0.000194073 2.10578e-19
0.00135678 -0.000194204 2.10584e-19
0.00135793 -0.00019433 2.10589e-19
0.00135904 -0.000194453 2.10594e-19
0.00136011 -0.000194571 2.10599e-19
0.00136116 -0.000194686 2.10603e-19
0.00136216 -0.000194797 2.10608e-19
0.00136314 -0.000194903 2.10612e-19
0.00136407 -0.000195005 2.10616e-19
0.00136497 -0.000195102 2.1062e-19
0.00136582 -0.000195195 2.10624e-19
0.00136664 -0.000195283 2.10628e-19
0.00136742 -0.000195367 2.10631e-19
0.00136816 -0.000195446 2.10635e-19
0.00136886 -0.00019552 2.10638e-19
0.00136952 -0.000195589 2.1064e-19
0.00137013 -0.000195653 2.10643e-19
0.0013707 -0.000195712 2.10646e-19
0.00137122 -0.000195765 2.10648e-19
0.00137171 -0.000195813 2.1065e-19
0.00137214 -0.000195856 2.10651e-19
0.00137254 -0.000195894 2.10653e-19
0.00137288 -0.000195926 2.10654e-19
0.00137318 -0.000195953 2.10655e-19
0.00137344 -0.000195974 2.10656e-19
0.00137364 -0.00019599 2.10657e-19
0.0013738 -0.000196 2.10657e-19
0.00137391 -0.000196004 2.10658e-19
0.00137398 -0.000196003 2.10657e-19
0.00137399 -0.000195996 2.10657e-19
0.00137396 -0.000195983 2.10657e-19
0.00137388 -0.000195964 2.10656e-19
0.00137375 -0.00019594 2.10655e-19
0.00137357 -0.000195909 2.10654e-19
0.00137334 -0.000195873 2.10652e-19
0.00137307 -0.000195831 2.1065e-19
0.00137274 -0.000195782 2.10648e-19
0.00137236 -0.000195728 2.10646e-19
0.00137193 -0.000195668 2.10644e-19
0.00137146 -0.000195602 2.10641e-19
0.00137093 -0.00019553 2.10638e-19
0.00137035 -0.000195451 2.10635e-19
0.00136972 -0.000195367 2.10631e-19
0.00136904 -0.000195276 2.10628e-19
0.00136831 -0.00019518 2.10624e-19
0.00136753 -0.000195077 2.10619e-19
0.00136669 -0.000194968 2.10615e-19
0.00136581 -0.000194853 2.1061e-19
0.00136487 -0.000194731 2.10605e-19
0.00136389 -0.000194604 2.106e-19
0.00136285 -0.00019447 2.10594e-19
0.00136176 -0.00019433 2.10589e-19
0.00136061 -0.000194184 2.10583e-19
0.00135942 -0.000194031 2.10576e-19
0.00135818 -0.000193872 2.1057e-19
0.00135688 -0.000193708 2.10563e-19
0.00135553 -0.000193537 2.10556e-19
0.00135414 -0.000193359 2.10549e-19
0.00135269 -0.000193176 2.10541e-19
0.00135119 -0.000192986 2.10534e-19
0.00134963 -0.00019279 2.10525e-19
0.00134803 -0.000192588 2.10517e-19
0.00134638 -0.000192379 2.10509e-19
0.00134467 -0.000192164 2.105e-19
0.00134291 -0.000191943 2.10491e-19
0.0013411 -0.000191715 2.10481e-19
0.00133923 -0.000191481 2.10472e-19
0.00133732 -0.000191241 2.10462e-19
0.00133535 -0.000190994 2.10452e-19
0.00133333 -0.000190741 2.10441e-19
0.00133125 -0.000190481 2.10431e-19
0.00132913 -0.000190215 2.1042e-19
0.00132695 -0.000189942 2.10409e-19
0.00132472 -0.000189663 2.10397e-19
0.00132243 -0.000189378 2.10385e-19
0.00132009 -0.000189085 2.10373e-19
0.00131771 -0.000188787 2.10361e-19
0.00131526 -0.000188482 2.10349e-19
0.00131277 -0.00018817 2.10336e-19
0.00131022 -0.000187852 2.10323e-19
0.00130762 -0.000187528 2.10309e-19
0.00130497 -0.000187197 2.10296e-19
0.00130226 -0.000186859 2.10282e-19
0.0012995 -0.000186514 2.10268e-19
0.00129668 -0.000186163 2.10253e-19
0.00129381 -0.000185805 2.10239e-19
0.00129088 -0.00018544 2.10224e-19
0.0012879 -0.000185068 2.10208e-19
0.00128486 -0.00018469 2.10193e-19
0.00128177 -0.000184304 2.10177e-19
0.00127862 -0.000183911 2.10161e-19
0.00127541 -0.000183512 2.10144e-19
0.00127215 -0.000183105 2.10128e-19
0.00126883 -0.000182691 2.10111e-19
0.00126545 -0.00018227 2.10093e-19
0.00126202 -0.000181842 2.10076e-19
0.00125853 -0.000181407 2.10058e-19
0.00125498 -0.000180965 2.1004e-19
0.00125138 -0.000180515 2.10021e-19
0.00124772 -0.000180059 2.10003e-19
0.001244 -0.000179595 2.09984e-19
0.00124022 -0.000179124 2.09964e-19
0.00123638 -0.000178645 2.09944e-19
0.00123249 -0.000178159 2.09925e-19
0.00122853 -0.000177665 2.09904e-19
0.00122452 -0.000177164 2.09884e-19
0.00122044 -0.000176656 2.09863e-19
0.00121631 -0.00017614 2.09842e-19
0.00121211 -0.000175616 2.0982e-19
0.00120785 -0.000175085 2.09798e-19
0.00120354 -0.000174546 2.09776e-19
0.00119916 -0.000173999 2.09754e-19
0.00119472 -0.000173444 2.09731e-19
0.00119022 -0.000172882 2.09708e-19
0.00118566 -0.000172312 2.09684e-19
0.00118104 -0.000171734 2.09661e-19
0.00117636 -0.000171149 2.09637e-19
0.00117161 -0.000170555 2.09612e-19
0.0011668 -0.000169954 2.09588e-19
0.00116194 -0.000169345 2.09562e-19
0.00115701 -0.000168728 2.09537e-19
0.00115201 -0.000168103 2.09511e-19
0.00114696 -0.00016747 2.09485e-19
0.00114184 -0.000166829 2.09459e-19
0.00113667 -0.000166181 2.09433e-19
0.00113143 -0.000165525 2.09406e-19
0.00112613 -0.00016486 2.09378e-19
0.00112077 -0.000164188 2.09351e-19
0.00111535 -0.000163508 2.09323e-19
0.00110986 -0.00016282 2.09294e-19
0.00110432 -0.000162124 2.09266e-19
0.00109871 -0.00016142 2.09237e-19
0.00109304 -0.000160709 2.09208e-19
0.00108732 -0.000159989 2.09178e-19
0.00108153 -0.000159262 2.09148e-19
0.00107568 -0.000158527 2.09118e-19
0.00106978 -0.000157785 2.09088e-19
0.00106381 -0.000157034 2.09057e-19
0.00105778 -0.000156276 2.09026e-19
0.0010517 -0.00015551 2.08994e-19
0.00104555 -0.000154736 2.08962e-19
0.00103935 -0.000153955 2.0893e-19
0.00103309 -0.000153167 2.08898e-19
0.00102678 -0.000152371 2.08865e-19
0.00102041 -0.000151567 2.08832e-19
0.00101398 -0.000150756 2.08799e-19
0.0010075 -0.000149938 2.08765e-19
0.00100096 -0.000149113 2.08731e-19
0.000994369 -0.000148281 2.08697e-19
0.000987725 -0.000147441 2.08663e-19
0.000981029 -0.000146595 2.08628e-19
0.00097428 -0.000145741 2.08593e-19
0.000967481 -0.000144881 2.08558e-19
0.00096063 -0.000144014 2.08522e-19
0.00095373 -0.00014314 2.08486e-19
0.00094678 -0.000142259 2.0845e-19
0.000939782 -0.000141372 2.08414e-19
0.000932735 -0.000140479 2.08377e-19
0.000925642 -0.000139579 2.0834e-19
0.000918502 -0.000138672 2.08303e-19
0.000911317 -0.00013776 2.08265e-19
0.000904086 -0.000136841 2.08227e-19
0.000896813 -0.000135916 2.08189e-19
0.000889496 -0.000134985 2.08151e-19
0.000882137 -0.000134049 2.08113e-19
0.000874736 -0.000133107 2.08074e-19
0.000867296 -0.000132159 2.08035e-19
0.000859816 -0.000131205 2.07996e-19
0.000852297 -0.000130246 2.07957e-19
0.000844741 -0.000129282 2.07917e-19
0.000837148 -0.000128312 2.07877e-19
0.000829519 -0.000127337 2.07837e-19
0.000821855 -0.000126358 2.07797e-19
0.000814157 -0.000125373 2.07756e-19
0.000806425 -0.000124383 2.07716e-19
0.000798661 -0.000123389 2.07675e-19
0.000790866 -0.00012239 2.07634e-19
0.00078304 -0.000121386 2.07593e-19
0.000775185 -0.000120378 2.07551e-19
0.000767301 -0.000119366 2.0751e-19
0.000759389 -0.000118349 2.07468e-19
0.00075145 -0.000117329 2.07426e-19
0.000743485 -0.000116304 2.07384e-19
0.000735496 -0.000115275 2.07342e-19
0.000727482 -0.000114243 2.07299e-19
0.000719445 -0.000113206 2.07257e-19
0.000711387 -0.000112167 2.07214e-19
0.000703307 -0.000111123 2.07171e-19
0.000695207 -0.000110077 2.07128e-19
0.000687087 -0.000109027 2.07085e-19
0.000678949 -0.000107974 2.07042e-19
0.000670793 -0.000106918 2.06998e-19
0.000662621 -0.000105858 2.06955e-19
0.000654432 -0.000104796 2.06911e-19
0.000646229 -0.000103732 2.06867e-19
0.000638012 -0.000102664 2.06824e-19
0.000629781 -0.000101594 2.0678e-19
0.000621538 -0.000100521 2.06736e-19
0.000613283 -9.94465e-05 2.06691e-19
0.000605018 -9.83693e-05 2.06647e-19
0.000596742 -9.72899e-05 2.06603e-19
0.000588457 -9.62083e-05 2.06558e-19
0.000580164 -9.51247e-05 2.06514e-19
0.000571863 -9.40391e-05 2.06469e-19
0.000563554 -9.29517e-05 2.06425e-19
0.00055524 -9.18625e-05 2.0638e-19
0.000546919 -9.07716e-05 2.06335e-19
0.000538594 -8.96791e-05 2.0629e-19
0.000530264 -8.8585e-05 2.06245e-19
0.00052193 -8.74894e-05 2.062e-19
0.000513594 -8.63925e-05 2.06155e-19
0.000505255 -8.52942e-05 2.0611e-19
0.000496914 -8.41946e-05 2.06065e-19
0.000488572 -8.30939e-05 2.0602e-19
0.000480229 -8.19921e-05 2.05974e-19
0.000471886 -8.08891e-05 2.05929e-19
0.000463543 -7.97852e-05 2.05884e-19
0.000455202 -7.86804e-05 2.05838e-19
0.000446861 -7.75746e-05 2.05793e-19
0.000438523 -7.64681e-05 2.05748e-19
0.000430188 -7.53609e-05 2.05702e-19
0.000421856 -7.42531e-05 2.05657e-19
0.00041353 -7.31448e-05 2.05611e-19
0.000405208 -7.20361e-05 2.05565e-19
0.000396892 -7.09271e-05 2.0552e-19
0.000388583 -6.98178e-05 2.05474e-19
0.000380281 -6.87084e-05 2.05429e-19
0.000371987 -6.75989e-05 2.05383e-19
0.000363702 -6.64894e-05 2.05338e-19
0.000355426 -6.538e-05 2.05292e-19
0.00034716 -6.42707e-05 2.05246e-19
0.000338904 -6.31617e-05 2.05201e-19
0.000330659 -6.20529e-05 2.05155e-19
0.000322425 -6.09446e-05 2.0511e-19
0.000314204 -5.98366e-05 2.05064e-19
0.000305994 -5.87291e-05 2.05019e-19
0.000297798 -5.76221e-05 2.04973e-19
0.000289615 -5.65158e-05 2.04928e-19
0.000281445 -5.54101e-05 2.04883e-19
0.00027329 -5.43051e-05 2.04837e-19
0.000265149 -5.32009e-05 2.04792e-19
0.000257024 -5.20975e-05 2.04746e-19
0.000248915 -5.09951e-05 2.04701e-19
0.000240822 -4.98937e-05 2.04656e-19
0.000232746 -4.87934e-05 2.04611e-19
0.000224687 -4.76942e-05 2.04566e-19
0.000216645 -4.65961e-05 2.0452e-19
0.000208622 -4.54993e-05 2.04475e-19
0.000200617 -4.44038e-05 2.0443e-19
0.000192631 -4.33095e-05 2.04385e-19
0.000184663 -4.22167e-05 2.04341e-19
0.000176716 -4.11253e-05 2.04296e-19
0.000168787 -4.00353e-05 2.04251e-19
0.000160879 -3.89469e-05 2.04206e-19
0.00015299 -3.78599e-05 2.04162e-19
0.000145122 -3.67746e-05 2.04117e-19
0.000137274 -3.56908e-05 2.04072e-19
0.000129447 -3.46086e-05 2.04028e-19
0.00012164 -3.35281e-05 2.03984e-19
0.000113855 -3.24493e-05 2.03939e-19
0.000106091 -3.13723e-05 2.03895e-19
9.83491e-05 -3.02971e-05 2.03851e-19
9.06299e-05 -2.92239e-05 2.03807e-19
8.29338e-05 -2.81526e-05 2.03763e-19
7.52612e-05 -2.70835e-05 2.03719e-19
6.76124e-05 -2.60164e-05 2.03675e-19
5.99878e-05 -2.49515e-05 2.03631e-19
5.23878e-05 -2.38888e-05 2.03588e-19
4.48127e-05 -2.28284e-05 2.03544e-19
3.72627e-05 -2.17704e-05 2.03501e-19
2.97382e-05 -2.07147e-05 2.03457e-19
2.2251e-05 -1.96623e-05 2.03414e-19
1.48221e-05 -1.86147e-05 2.03371e-19
7.44858e-06 -1.75719e-05 2.03328e-19
1.09961e-07 -1.65322e-05 2.03285e-19
-7.20173e-06 -1.54952e-05 2.03243e-19
-1.44864e-05 -1.44607e-05 2.032e-19
-2.17441e-05 -1.3429e-05 2.03158e-19
-2.89748e-05 -1.23999e-05 2.03116e-19
-3.61782e-05 -1.13736e-05 2.03074e-19
-4.33539e-05 -1.035e-05 2.03031e-19
-5.05017e-05 -9.32926e-06 2.0299e-19
-5.76213e-05 -8.31141e-06 2.02948e-19
-6.47125e-05 -7.2965e-06 2.02906e-19
-7.17749e-05 -6.28457e-06 2.02864e-19
-7.88086e-05 -5.27566e-06 2.02823e-19
-8.58131e-05 -4.26982e-06 2.02782e-19
-9.27884e-05 -3.26707e-06 2.0274e-19
-9.97344e-05 -2.26746e-06 2.02699e-19
-0.000106647 -1.27133e-06 2.02659e-19
-0.000113522 -2.78978e-07 2.02618e-19
-0.000120365 7.09947e-07 2.02577e-19
-0.000127179 1.69586e-06 2.02537e-19
-0.000133963 2.67867e-06 2.02496e-19
-0.000140715 3.65812e-06 2.02456e-19
-0.000147436 4.63421e-06 2.02416e-19
-0.000154127 5.60696e-06 2.02376e-19
-0.000160789 6.57634e-06 2.02336e-19
-0.000167421 7.54235e-06 2.02296e-19
-0.000174024 8.50495e-06 2.02257e-19
-0.000180596 9.46409e-06 2.02217e-19
-0.000187138 1.04197e-05 2.02178e-19
-0.000193649 1.13718e-05 2.02139e-19
-0.00020013 1.23204e-05 2.021e-19
-0.00020658 1.32653e-05 2.02061e-19
-0.000213 1.42066e-05 2.02023e-19
-0.000219389 1.51442e-05 2.01984e-19
-0.000225747 1.60781e-05 2.01946e-19
-0.000232074 1.70082e-05 2.01908e-19
-0.000238371 1.79346e-05 2.01869e-19
-0.000244636 1.88573e-05 2.01832e-19
-0.00025087 1.97761e-05 2.01794e-19
-0.000257074 2.06911e-05 2.01756e-19
-0.000263246 2.16023e-05 2.01719e-19
-0.000269388 2.25096e-05 2.01682e-19
-0.000275499 2.34131e-05 2.01644e-19
-0.000281579 2.43126e-05 2.01607e-19
-0.000287629 2.52083e-05 2.01571e-19
-0.000293502 2.60889e-05 2.01534e-19
-0.000299201 2.69543e-05 2.01499e-19
-0.000304873 2.78162e-05 2.01464e-19
-0.000310516 2.86743e-05 2.01428e-19
-0.000316131 2.95285e-05 2.01393e-19
-0.000321717 3.03789e-05 2.01358e-19
-0.000327274 3.12253e-05 2.01323e-19
-0.000332801 3.20677e-05 2.01289e-19
-0.000338299 3.29061e-05 2.01254e-19
-0.000343767 3.37405e-05 2.0122e-19
-0.000349206 3.45709e-05 2.01186e-19
-0.000354616 3.53972e-05 2.01152e-19
-0.000359996 3.62194e-05 2.01118e-19
-0.000365347 3.70376e-05 2.01085e-19
-0.000370669 3.78516e-05 2.01051e-19
-0.000375962 3.86616e-05 2.01018e-19
-0.000381227 3.94675e-05 2.00985e-19
-0.000386462 4.02693e-05 2.00952e-19
-0.000391669 4.10669e-05 2.00919e-19
-0.000396848 4.18604e-05 2.00887e-19
-0.000401998 4.26498e-05 2.00854e-19
-0.00040712 4.34351e-05 2.00822e-19
-0.000412214 4.42162e-05 2.0079e-19
-0.000417281 4.49932e-05 2.00758e-19
-0.00042232 4.57661e-05 2.00726e-19
-0.000427345 4.65363e-05 2.00694e-19
-0.000432357 4.7304e-05 2.00663e-19
-0.000437336 4.80671e-05 2.00632e-19
-0.000442289 4.88261e-05 2.006e-19
-0.000447214 4.95808e-05 2.00569e-19
-0.000452112 5.03314e-05 2.00539e-19
-0.000456984 5.10777e-05 2.00508e-19
-0.000461829 5.18199e-05 2.00477e-19
-0.000466647 5.25578e-05 2.00447e-19
-0.000471439 5.32915e-05 2.00417e-19
-0.000476205 5.4021e-05 2.00387e-19
-0.000480944 5.47463e-05 2.00357e-19
-0.000485657 5.54673e-05 2.00328e-19
-0.000490343 5.61839e-05 2.00298e-19
-0.000495002 5.68962e-05 2.00269e-19
-0.000499632 5.7604e-05 2.0024e-19
-0.000504234 5.83074e-05 2.00211e-19
-0.00050881 5.90065e-05 2.00182e-19
-0.00051336 5.97012e-05 2.00154e-19
-0.000517884 6.03916e-05 2.00125e-19
-0.000522383 6.10778e-05 2.00097e-19
-0.000526857 6.17597e-05 2.00069e-19
-0.000531306 6.24373e-05 2.00041e-19
-0.000535731 6.31106e-05 2.00014e-19
-0.000540132 6.37797e-05 1.99986e-19
-0.000544508 6.44445e-05 1.99959e-19
-0.00054886 6.51051e-05 1.99932e-19
-0.000553188 6.57614e-05 1.99905e-19
-0.000557492 6.64133e-05 1.99878e-19
-0.000561772 6.7061e-05 1.99851e-19
-0.000566029 6.77044e-05 1.99825e-19
-0.000570261 6.83434e-05 1.99799e-19
-0.00057447 6.89781e-05 1.99772e-19
-0.000578655 6.96084e-05 1.99747e-19
-0.000582816 7.02344e-05 1.99721e-19
-0.000586954 7.0856e-05 1.99695e-19
-0.000591068 7.14732e-05 1.9967e-19
-0.000595159 7.20861e-05 1.99645e-19
-0.000599227 7.26947e-05 1.9962e-19
-0.000603272 7.3299e-05 1.99595e-19
-0.000607215 7.38851e-05 1.95886e-19
-0.00061109 7.44574e-05 1.95728e-19
-0.000614961 7.50264e-05 1.95571e-19
-0.000618823 7.55918e-05 1.95416e-19
-0.000622672 7.61535e-05 1.95263e-19
-0.000626505 7.67114e-05 1.95111e-19
-0.000630322 7.72655e-05 1.94961e-19
-0.000634117 7.78155e-05 1.94812e-19
-0.000637891 7.83616e-05 1.94665e-19
-0.000641646 7.89038e-05 1.94519e-19
-0.000645382 7.9442e-05 1.94375e-19
-0.000649097 7.99763e-05 1.94233e-19
-0.000652792 8.05064e-05 1.94092e-19
-0.000656467 8.10326e-05 1.93952e-19
-0.000660122 8.15549e-05 1.93814e-19
-0.000663757 8.20731e-05 1.93678e-19
-0.000667373 8.25874e-05 1.93543e-19
-0.00067097 8.30978e-05 1.93409e-19
-0.000674549 8.36045e-05 1.93277e-19
-0.000678112 8.41076e-05 1.93146e-19
-0.000681659 8.46071e-05 1.93017e-19
-0.000685191 8.51032e-05 1.92889e-19
-0.000688708 8.55958e-05 1.92762e-19
-0.000692212 8.60851e-05 1.92637e-19
-0.000695702 8.65711e-05 1.92512e-19
-0.000699179 8.70539e-05 1.92389e-19
-0.000702644 8.75335e-05 1.92268e-19
-0.000706085 8.80092e-05 1.92147e-19
-0.000709428 8.84755e-05 1.92029e-19
-0.000712608 8.89277e-05 1.91914e-19
-0.000715658 8.93681e-05 1.91802e-19
-0.000718631 8.98006e-05 1.91691e-19
-0.000721557 9.02275e-05 1.91582e-19
-0.000724455 9.06502e-05 1.91474e-19
-0.000727334 9.10694e-05 1.91368e-19
-0.000730202 9.14855e-05 1.91262e-19
-0.000733061 9.1899e-05 1.91158e-19
-0.000735914 9.231e-05 1.91054e-19
-0.000738763 9.27187e-05 1.90952e-19
-0.00074161 9.31253e-05 1.9085e-19
-0.000744455 9.35298e-05 1.90749e-19
-0.000747299 9.39324e-05 1.90649e-19
-0.000750143 9.43331e-05 1.9055e-19
-0.000752988 9.47321e-05 1.90452e-19
-0.000755832 9.51294e-05 1.90355e-19
-0.000758678 9.55252e-05 1.90258e-19
-0.000761526 9.59193e-05 1.90162e-19
-0.000764376 9.6312e-05 1.90067e-19
-0.000767228 9.67033e-05 1.89972e-19
-0.000770084 9.70932e-05 1.89879e-19
-0.000772944 9.74818e-05 1.89786e-19
-0.000775807 9.78691e-05 1.89693e-19
-0.000778675 9.82552e-05 1.89601e-19
-0.000781548 9.86402e-05 1.8951e-19
-0.000784425 9.90241e-05 1.8942e-19
-0.000787307 9.94069e-05 1.8933e-19
-0.00079007 9.97662e-05 1.91446e-19
-0.000792746 0.000100107 2.05573e-19
-0.000795457 0.000100448 1.90474e-19
-0.000798194 0.000100789 1.95117e-19
-0.000800952 0.000101129 1.92822e-19
-0.000803728 0.00010147 1.90176e-19
-0.000806518 0.000101811 1.86493e-19
-0.000809321 0.000102151 1.8924e-19
-0.000812138 0.000102492 1.90411e-19
-0.000814966 0.000102832 1.88888e-19
-0.000817807 0.000103172 1.90672e-19
-0.00082066 0.000103512 1.88097e-19
-0.000823523 0.000103852 1.87846e-19
-0.000826398 0.000104192 1.87595e-19
-0.000829285 0.000104532 1.87353e-19
-0.000832185 0.000104873 1.87088e-19
-0.000835099 0.000105214 1.86851e-19
-0.000838025 0.000105557 1.86604e-19
-0.000840963 0.000105903 1.86369e-19
-0.000843911 0.000106249 1.86129e-19
-0.000846869 0.000106595 1.85889e-19
-0.000849838 0.000106942 1.85648e-19
-0.000852818 0.00010729 1.85412e-19
-0.000855809 0.000107638 1.85183e-19
-0.000858813 0.000107986 1.8495e-19
-0.000861828 0.000108335 1.84716e-19
-0.000864855 0.000108683 1.8448e-19
-0.000867894 0.000109032 1.84245e-19
-0.000870944 0.000109382 1.84012e-19
-0.000874006 0.000109732 1.83776e-19
-0.000877079 0.000110082 1.8355e-19
-0.000880163 0.000110432 1.83322e-19
-0.000883257 0.000110783 1.83095e-19
-0.000886362 0.000111134 1.82867e-19
-0.000889478 0.000111485 1.82636e-19
-0.000892603 0.000111837 1.82415e-19
-0.000895738 0.000112189 1.8219e-19
-0.000898882 0.000112541 1.81964e-19
-0.000902036 0.000112894 1.81741e-19
-0.000905198 0.000113247 1.81523e-19
-0.000908369 0.0001136 1.81301e-19
-0.000911547 0.000113953 1.81083e-19
-0.000914733 0.000114306 1.80864e-19
-0.000917926 0.00011466 1.80651e-19
-0.000921125 0.000115014 1.8043e-19
-0.00092433 0.000115367 1.80211e-19
-0.000927541 0.000115721 1.79996e-19
-0.000930757 0.000116075 1.79782e-19
-0.000933977 0.000116429 1.79566e-19
-0.000937201 0.000116783 1.79353e-19
-0.000940429 0.000117136 1.79144e-19
-0.00094366 0.00011749 1.78934e-19
-0.000946893 0.000117843 1.78717e-19
-0.000950128 0.000118197 1.7851e-19
-0.000953365 0.00011855 1.78301e-19
-0.000956602 0.000118902 1.78094e-19
-0.00095984 0.000119255 1.77888e-19
-0.000963078 0.000119607 1.77683e-19
-0.000966315 0.000119959 1.77477e-19
-0.000969551 0.00012031 1.7727e-19
-0.000972785 0.000120661 1.77064e-19
-0.000976017 0.000121012 1.76859e-19
-0.000979245 0.000121362 1.76652e-19
-0.00098247 0.000121711 1.76444e-19
-0.000985689 0.00012206 1.76246e-19
-0.000988904 0.000122408 1.76042e-19
-0.000992112 0.000122755 1.75841e-19
-0.000995314 0.000123101 1.75643e-19
-0.000998508 0.000123447 1.75444e-19
-0.00100169 0.000123791 1.75245e-19
-0.00100487 0.000124135 1.75046e-19
-0.00100804 0.000124477 1.74858e-19
-0.0010112 0.000124818 1.74663e-19
-0.00101435 0.000125158 1.74472e-19
-0.00101748 0.000125497 1.74281e-19
-0.00102061 0.000125835 1.74088e-19
-0.00102372 0.000126172 1.73896e-19
-0.00102682 0.000126507 1.73706e-19
-0.0010299 0.00012684 1.73519e-19
-0.00103297 0.000127173 1.73337e-19
-0.00103615 0.000127518 1.69184e-19
-0.00103918 0.000127845 1.69001e-19
-0.0010422 0.00012817 1.68849e-19
-0.0010452 0.000128494 1.6867e-19
-0.00104818 0.000128815 1.68495e-19
-0.00105114 0.000129135 1.68316e-19
-0.00105409 0.000129454 1.68146e-19
-0.00105701 0.00012977 1.67972e-19
-0.00105992 0.000130085 1.67802e-19
-0.00106281 0.000130397 1.67635e-19
-0.00106567 0.000130708 1.67461e-19
-0.00106852 0.000131016 1.6729e-19
-0.00107134 0.000131323 1.67126e-19
-0.00107414 0.000131627 1.66962e-19
-0.00107692 0.000131929 1.66799e-19
-0.00107967 0.000132229 1.66633e-19
-0.0010824 0.000132527 1.66466e-19
-0.00108511 0.000132822 1.66304e-19
-0.00108779 0.000133116 1.66146e-19
-0.00109044 0.000133406 1.65989e-19
-0.00109307 0.000133695 1.65832e-19
-0.00109567 0.000133981 1.65677e-19
-0.00109825 0.000134264 1.65527e-19
-0.00110079 0.000134545 1.65373e-19
-0.00110331 0.000134824 1.65224e-19
-0.00110578 0.0001351 1.65072e-19
-0.00110819 0.000135374 1.64923e-19
-0.00111056 0.000135645 1.64777e-19
-0.0011129 0.000135914 1.64633e-19
-0.0011152 0.00013618 1.64493e-19
-0.00111748 0.000136444 1.64352e-19
-0.00111972 0.000136705 1.6421e-19
-0.00112194 0.000136964 1.64073e-19
-0.00112413 0.00013722 1.63937e-19
-0.00112629 0.000137473 1.63801e-19
-0.00112842 0.000137724 1.63663e-19
-0.00113052 0.000137973 1.6353e-19
-0.00113259 0.000138218 1.6064e-19
-0.00113464 0.000138462 1.6051e-19
-0.00113666 0.000138702 1.60381e-19
-0.00113864 0.00013894 1.60252e-19
-0.0011406 0.000139176 1.60125e-19
-0.00114253 0.000139409 1.59995e-19
-0.00114436 0.000139625 3.20061e-19
-0.00114606 0.000139823 1.54348e-19
-0.00114777 0.000140019 1.66581e-19
-0.00114945 0.000140213 1.58971e-19
-0.00115112 0.000140406 1.63046e-19
-0.00115274 0.000140587 1.63148e-19
-0.00115434 0.000140767 1.64599e-19
-0.00115591 0.000140944 1.61179e-19
-0.00115746 0.000141119 1.56844e-19
-0.00115898 0.000141293 1.64802e-19
-0.00116048 0.000141465 1.65956e-19
-0.00116196 0.000141634 1.67267e-19
-0.00116341 0.000141802 1.65077e-19
-0.00116483 0.000141968 1.53519e-19
-0.00116623 0.000142131 1.61741e-19
-0.0011676 0.000142293 1.51595e-19
-0.00116895 0.000142453 1.59974e-19
-0.00117027 0.000142611 1.60618e-19
-0.00117157 0.000142767 1.58164e-19
-0.00117284 0.000142922 3.09835e-19
-0.0011741 0.000143075 1.3331e-19
-0.00117532 0.000143226 1.52879e-19
-0.00117653 0.000143376 1.59014e-19
-0.00117772 0.000143524 1.56811e-19
-0.00117888 0.00014367 1.80945e-19
-0.00118003 0.000143816 3.87405e-19
-0.00118115 0.00014396 1.52048e-19
-0.00118226 0.000144103 1.59536e-19
-0.00118335 0.000144245 1.87875e-20
-0.00118442 0.000144385 1.42411e-19
-0.00118547 0.000144525 1.59048e-19
-0.00118651 0.000144663 1.64416e-19
-0.00118753 0.000144801 1.55912e-19
-0.00118854 0.000144938 2.35674e-19
-0.00118953 0.000145074 1.67361e-19
-0.0011905 0.00014521 1.56497e-19
-0.00119147 0.000145345 1.57557e-19
-0.00119242 0.000145479 1.61181e-19
-0.00119335 0.000145612 2.02354e-19
-0.00119428 0.000145746 1.50919e-19
-0.00119519 0.000145878 1.5213e-19
-0.00119609 0.000146011 1.42897e-19
-0.00119699 0.000146143 1.44242e-19
-0.00119787 0.000146274 1.52404e-19
-0.00119873 0.000146405 1.48722e-19
-0.00119959 0.000146536 1.50659e-19
-0.00120044 0.000146667 1.51015e-19
-0.00120128 0.000146797 1.55053e-19
-0.00120211 0.000146928 2.08476e-19
-0.00120294 0.000147058 1.51852e-19
-0.00120375 0.000147188 1.66139e-19
-0.00120456 0.000147318 1.49443e-19
-0.00120536 0.000147448 1.50317e-19
-0.00120615 0.000147578 1.59563e-19
-0.00120693 0.000147709 1.40324e-19
-0.00120771 0.000147839 1.56868e-19
-0.00120849 0.00014797 1.60477e-19
-0.00120926 0.000148101 1.62641e-19
-0.00121002 0.000148232 1.48205e-19
-0.00121078 0.000148363 1.47913e-19
-0.00121153 0.000148494 1.46617e-19
-0.00121228 0.000148626 1.39316e-19
-0.00121302 0.000148758 1.58276e-19
-0.00121376 0.000148891 1.6095e-19
-0.0012145 0.000149023 1.59466e-19
-0.00121523 0.000149156 6.38752e-20
-0.00121596 0.00014929 1.49043e-19
-0.00121668 0.000149424 1.57272e-19
-0.0012174 0.000149558 1.47438e-19
-0.00121813 0.000149694 1.50684e-19
-0.00121888 0.000149831 1.44182e-19
-0.00121964 0.00014997 1.47472e-19
-0.00122041 0.00015011 1.52411e-19
-0.00122117 0.00015025 1.54265e-19
-0.00122193 0.000150391 1.4617e-19
-0.00122269 0.000150532 4.97586e-19
-0.00122345 0.000150675 1.46166e-19
-0.00122421 0.000150817 4.92748e-19
-0.00122497 0.00015096 1.45686e-19
-0.00122572 0.000151104 1.54527e-19
-0.00122647 0.000151248 1.52516e-19
-0.00122722 0.000151393 1.53585e-19
-0.00122797 0.000151538 1.48205e-19
-0.00122872 0.000151683 3.95229e-19
-0.00122946 0.000151829 1.43633e-19
-0.00123021 0.000151976 1.51705e-19
-0.00123095 0.000152123 1.33451e-19
-0.00123169 0.00015227 -8.41978e-19
-0.00123242 0.000152418 1.44024e-19
-0.00123316 0.000152566 1.21433e-18
-0.00123389 0.000152715 6.99845e-19
-0.00123458 0.000152857 1.53392e-19
-0.0012353 0.000153003 3.86305e-19
-0.00123601 0.00015315 1.58671e-19
-0.00123659 0.000153287 1.54344e-19
-0.00123682 0.0001534 1.32339e-19
-0.00123673 0.000153492 1.48867e-19
-0.0012365 0.000153574 1.30733e-19
-0.0012362 0.000153652 -7.45015e-19
-0.00123588 0.000153728 -5.25893e-19
-0.00123553 0.000153804 1.29101e-19
-0.00123518 0.00015388 -3.18405e-19
-0.00123476 0.000153938 1.40599e-19
-0.00123433 0.000153992 1.44867e-19
-0.00123389 0.000154047 1.47543e-19
-0.00123345 0.000154103 1.37692e-18
-0.001233 0.000154158 1.47457e-19
-0.00123255 0.000154215 1.5193e-19
-0.0012321 0.000154271 1.5038e-19
-0.00123164 0.000154327 1.50849e-19
-0.00123117 0.000154383 -1.64577e-19
-0.00123069 0.000154439 1.53138e-19
-0.00123022 0.000154495 1.4772e-19
-0.00122973 0.000154551 1.44833e-19
-0.00122925 0.000154607 7.79123e-20
-0.00122876 0.000154664 1.37973e-19
-0.00122826 0.00015472 -1.9539e-18
-0.00122776 0.000154776 1.48008e-19
-0.00122726 0.000154833 1.46623e-19
-0.00122676 0.00015489 1.47178e-19
-0.00122625 0.000154947 1.13358e-19
-0.00122574 0.000155004 1.19193e-19
-0.00122523 0.000155061 1.37514e-19
-0.00122472 0.000155119 1.40655e-19
-0.00122421 0.000155177 1.48302e-19
-0.00122369 0.000155235 1.55413e-19
-0.00122318 0.000155293 -1.94776e-18
-0.00122267 0.000155352 2.52078e-19
-0.00122215 0.000155411 1.47253e-19
-0.00122165 0.000155472 3.30637e-19
-0.00122118 0.000155537 1.42629e-19
-0.00122076 0.000155605 1.43762e-19
-0.00122034 0.000155675 1.27234e-18
-0.00121992 0.000155746 1.3866e-19
-0.00121951 0.000155817 1.4648e-19
-0.00121909 0.000155889 1.76933e-19
-0.00121868 0.000155961 1.2257e-19
-0.00121827 0.000156033 1.46137e-19
-0.00121787 0.000156107 -2.21323e-20
-0.00121751 0.000156185 1.39851e-19
-0.0012172 0.000156267 1.48959e-19
-0.00121691 0.000156353 1.43086e-19
-0.00121664 0.000156441 1.38643e-18
-0.00121638 0.00015653 1.16692e-19
-0.00121613 0.00015662 1.30007e-19
-0.00121588 0.000156711 1.45371e-19
-0.00121565 0.000156803 2.00898e-19
-0.00121542 0.000156896 1.4002e-19
-0.0012152 0.00015699 1.39157e-19
-0.00121499 0.000157085 1.06156e-19
-0.00121479 0.000157182 5.31763e-20
-0.0012146 0.000157279 1.44292e-18
-0.00121443 0.000157378 1.34174e-19
-0.00121426 0.000157478 1.3917e-19
-0.00121411 0.00015758 1.37685e-19
-0.00121397 0.000157683 1.40752e-19
-0.00121385 0.000157787 1.15215e-19
-0.00121374 0.000157893 -1.19962e-18
-0.00121364 0.000158001 -3.63707e-20
-0.00121357 0.00015811 1.34482e-19
-0.00121351 0.000158221 2.83943e-19
-0.00121347 0.000158335 1.46186e-19
-0.00121346 0.00015845 1.26979e-19
-0.00121346 0.000158568 -5.99241e-18
-0.00121349 0.000158688 -3.00872e-18
-0.00121353 0.00015881 -6.31175e-18
-0.00121361 0.000158934 2.05223e-18
-0.0012137 0.000159061 5.04008e-19
-0.00121383 0.00015919 -2.41116e-19
-0.00121398 0.000159322 1.51673e-19
-0.00121416 0.000159457 1.40996e-19
-0.00121437 0.000159594 5.17702e-20
-0.00121461 0.000159734 1.42207e-19
-0.00121488 0.000159877 1.33818e-19
-0.00121518 0.000160024 1.35296e-19
-0.00121551 0.000160173 1.53428e-19
-0.00121588 0.000160325 1.30937e-19
-0.00121628 0.000160481 4.32121e-20
-0.00121672 0.00016064 1.37096e-19
-0.00121719 0.000160802 1.35967e-19
-0.0012177 0.000160968 2.27143e-18
-0.00121825 0.000161137 4.3325e-19
-0.00121883 0.00016131 1.4216e-19
-0.00121946 0.000161486 1.26357e-19
-0.00122012 0.000161667 1.37162e-19
-0.00122064 0.00016182 1.3605e-19
-0.00122117 0.000161968 1.43997e-19
-0.00122177 0.000162121 1.3584e-19
-0.00122243 0.000162277 -2.72872e-19
-0.00122315 0.000162438 1.10761e-19
-0.00122393 0.000162603 5.83337e-19
-0.00122475 0.000162771 1.44616e-19
-0.00122563 0.000162944 2.51132e-19
-0.00122656 0.000163121 1.40303e-19
-0.00122754 0.000163302 3.20346e-20
-0.00122857 0.000163487 6.84313e-20
-0.00122966 0.000163676 2.62754e-19
-0.00123079 0.00016387 1.33526e-19
-0.00123198 0.000164068 1.22102e-19
-0.00123321 0.00016427 1.99408e-19
-0.0012345 0.000164476 1.25991e-19
-0.00123584 0.000164687 1.533e-19
-0.00123715 0.000164897 1.27048e-19
-0.00123833 0.000165099 1.35157e-19
-0.00123943 0.000165296 2.24334e-19
-0.00124049 0.000165493 1.21477e-19
-0.00124157 0.000165692 1.379e-19
-0.00124268 0.000165894 1.31983e-19
-0.00124384 0.000166099 1.32215e-19
-0.00124504 0.000166309 -1.14665e-18
-0.0012463 0.000166523 1.22639e-19
-0.00124761 0.000166742 1.55149e-19
-0.00124898 0.000166966 -1.49354e-19
-0.00125041 0.000167195 2.42542e-19
-0.0012519 0.000167428 8.93827e-20
-0.00125345 0.000167667 -1.56004e-19
-0.00125506 0.00016791 1.49071e-19
-0.00125673 0.000168158 -2.51536e-21
-0.00125847 0.000168411 5.8166e-19
-0.00126026 0.000168669 1.33624e-19
-0.00126211 0.000168932 1.29115e-19
-0.00126403 0.0001692 1.16298e-18
-0.001266 0.000169472 -7.40167e-19
-0.00126804 0.00016975 -6.43264e-19
-0.00127014 0.000170032 1.67593e-19
-0.0012723 0.000170319 1.25834e-19
-0.00127451 0.00017061 1.33385e-19
-0.00127679 0.000170907 1.35149e-19
-0.00127913 0.000171208 6.07589e-20
-0.00128153 0.000171514 1.24278e-19
-0.001284 0.000171825 -1.90294e-19
-0.00128653 0.000172141 1.12151e-19
-0.00128912 0.000172462 -1.81358e-19
-0.00129177 0.000172788 1.02205e-19
-0.00129448 0.000173119 5.28489e-19
-0.00129725 0.000173454 1.17317e-19
-0.00130009 0.000173795 1.17837e-19
-0.00130298 0.00017414 -1.01276e-20
-0.00130593 0.000174489 1.40625e-19
-0.00130894 0.000174844 -2.98058e-19
-0.00131201 0.000175202 2.24693e-19
-0.00131514 0.000175566 1.24205e-19
-0.00131832 0.000175933 1.29679e-19
-0.00132156 0.000176305 7.05685e-20
-0.00132485 0.000176682 1.25915e-19
-0.0013282 0.000177062 1.21686e-19
-0.0013316 0.000177447 1.2419e-19
-0.00133506 0.000177835 -3.94254e-19
-0.00133857 0.000178228 1.15208e-19
-0.00134213 0.000178625 1.83574e-19
-0.00134574 0.000179025 -5.82791e-20
-0.0013494 0.000179429 1.35298e-19
-0.00135311 0.000179837 -7.84715e-19
-0.00135687 0.000180248 2.21679e-19
-0.00136068 0.000180663 5.37665e-19
-0.00136454 0.000181082 1.11964e-19
-0.00136845 0.000181505 1.26852e-19
-0.00137235 0.000181914 1.01278e-19
-0.00137616 0.000182278 1.17819e-19
-0.00138001 0.000182647 1.09202e-19
-0.00138391 0.000183022 1.24998e-19
-0.00138786 0.0001834 1.22529e-19
-0.00139184 0.000183782 1.19492e-19
-0.00139587 0.000184167 -2.88298e-18
-0.00139994 0.000184556 1.13655e-19
-0.00140404 0.000184947 -2.75226e-18
-0.00140818 0.00018534 -7.66088e-20
-0.00141236 0.000185735 1.15328e-19
-0.00141657 0.000186133 1.83424e-18
-0.00142082 0.000186532 1.02735e-19
-0.0014251 0.000186934 1.44863e-19
-0.00142942 0.000187338 -3.76716e-19
-0.00143377 0.000187745 1.38413e-19
-0.00143815 0.000188153 1.33598e-19
-0.00144256 0.000188563 1.28242e-19
-0.001447 0.000188975 -7.95799e-19
-0.00145147 0.000189388 5.59858e-19
-0.00145597 0.000189803 1.2959e-19
-0.00146049 0.00019022 1.2957e-18
-0.00146503 0.000190639 -1.02836e-18
-0.00146961 0.000191058 1.20401e-19
-0.00147403 0.000191453 1.21565e-19
-0.00147823 0.000191808 1.26398e-19
-0.00148252 0.000192167 1.26726e-19
-0.00148688 0.000192526 4.14705e-18
-0.00149128 0.000192887 3.05048e-18
-0.00149573 0.00019325 -4.84057e-18
-0.0015002 0.000193613 1.30609e-18
-0.00150471 0.000193977 1.13061e-19
-0.00150923 0.000194343 -2.12942e-18
-0.00151378 0.000194708 2.26308e-18
-0.00151834 0.000195075 -4.25081e-19
-0.00152292 0.000195441 -2.08228e-18
-0.00152751 0.000195809 -3.40078e-19
-0.00153173 0.000196124 1.43833e-19
-0.00153599 0.000196435 2.25506e-19
-0.0015403 0.000196746 1.54196e-19
-0.00154466 0.000197057 1.59981e-19
-0.00154905 0.000197367 1.54547e-19
-0.00155346 0.000197678 1.95402e-19
-0.00155789 0.000197989 -3.44452e-20
-0.00156233 0.000198299 1.55563e-19
-0.00156679 0.00019861 1.75269e-19
-0.00157125 0.00019892 2.19816e-19
-0.00157572 0.000199231 1.44088e-19
-0.00158019 0.000199541 1.31898e-19
-0.00158466 0.00019985 1.63511e-19
-0.00158913 0.00020016 1.44654e-19
-0.00159361 0.000200469 1.17455e-19
-0.00159808 0.000200778 1.52468e-20
-0.00160255 0.000201086 1.43233e-19
-0.00160701 0.000201394 1.19347e-19
-0.00161147 0.000201702 1.54846e-19
-0.00161592 0.000202008 1.50493e-19
-0.00162037 0.000202315 1.50749e-19
-0.00162481 0.00020262 -4.17828e-20
-0.00162924 0.000202925 1.42185e-19
-0.00163367 0.000203229 3.39313e-20
-0.00163808 0.000203532 1.69655e-19
-0.00164248 0.000203834 3.02808e-19
-0.00164687 0.000204135 1.39586e-19
-0.00165125 0.000204436 1.09261e-19
-0.00165561 0.000204735 1.46449e-19
-0.00165996 0.000205033 1.52002e-19
-0.00166429 0.00020533 9.92967e-20
-0.00166861 0.000205626 1.64886e-19
-0.00167291 0.00020592 1.43343e-19
-0.00167719 0.000206213 3.17163e-19
-0.00168145 0.000206505 1.4055e-19
-0.0016857 0.000206795 1.59978e-19
-0.00168993 0.000207085 1.36289e-19
-0.00169414 0.000207375 1.45271e-19
-0.00169833 0.000207663 2.05607e-19
-0.0017025 0.000207949 1.50398e-19
-0.00170664 0.000208234 1.56676e-19
-0.00171075 0.000208517 1.55068e-19
-0.00171484 0.000208798 1.90705e-19
-0.0017189 0.000209077 -1.6176e-20
-0.00172294 0.000209354 1.52706e-19
-0.00172694 0.000209629 1.41898e-19
-0.00173092 0.000209903 1.47777e-19
-0.00173487 0.000210174 2.1262e-19
-0.00173878 0.000210443 1.59752e-19
-0.00174266 0.00021071 1.39179e-19
-0.00174651 0.000210974 1.76593e-19
-0.00175032 0.000211237 1.3684e-19
-0.0017541 0.000211497 1.15602e-19
-0.00175785 0.000211754 1.32627e-19
-0.00176155 0.000212009 1.95442e-19
-0.00176522 0.000212262 1.64468e-19
-0.00176886 0.000212512 1.84108e-19
-0.00177245 0.000212759 2.28651e-19
-0.001776 0.000213004 1.38085e-19
-0.00177951 0.000213246 3.83241e-19
-0.00178298 0.000213485 1.35756e-19
-0.0017864 0.00021372 -1.74553e-20
-0.00178977 0.000213953 8.49631e-20
-0.00179309 0.000214182 1.31894e-19
-0.00179636 0.000214408 1.28281e-19
-0.00179957 0.000214631 1.75024e-19
-0.00180274 0.00021485 1.19587e-19
-0.00180585 0.000215066 2.57253e-19
-0.00180891 0.000215278 1.45843e-19
-0.00181192 0.000215487 1.18365e-19
-0.00181487 0.000215692 1.82386e-19
-0.00181793 0.000215894 1.27958e-19
-0.00182104 0.000216098 8.3325e-20
-0.0018241 0.000216299 2.93803e-19
-0.0018271 0.000216495 1.69633e-19
-0.00183003 0.000216688 1.52625e-19
-0.0018329 0.000216877 1.46545e-19
-0.00183571 0.000217062 1.59119e-19
-0.00183846 0.000217243 1.95519e-19
-0.00184113 0.00021742 1.22826e-19
-0.00184374 0.000217592 1.61176e-19
-0.00184627 0.00021776 1.33302e-19
-0.00184873 0.000217924 1.38747e-19
-0.00185112 0.000218083 1.51297e-19
-0.00185344 0.000218238 1.4081e-19
-0.00185568 0.000218388 1.69576e-19
-0.00185786 0.000218534 1.10585e-19
-0.00185996 0.000218676 1.33206e-19
-0.00186199 0.000218813 1.75205e-19
-0.00186388 0.000218938 2.68674e-19
-0.00186566 0.000219055 1.98546e-19
-0.00186739 0.000219167 1.02653e-19
-0.00186906 0.000219274 1.32496e-19
-0.00187066 0.000219378 2.33559e-19
-0.00187219 0.000219477 9.02415e-20
-0.00187366 0.000219573 1.139e-19
-0.00187506 0.000219665 1.22793e-19
-0.00187638 0.000219752 4.64243e-19
-0.00187763 0.000219836 1.44557e-19
-0.00187881 0.000219916 -6.27575e-18
-0.00187992 0.000219991 -9.71337e-19
-0.00188095 0.000220063 8.50046e-20
-0.00188191 0.000220131 1.28556e-19
-0.0018828 0.000220195 7.77169e-19
-0.00188361 0.000220255 3.46715e-19
-0.00188434 0.000220311 -5.53245e-19
-0.001885 0.000220363 1.07845e-19
-0.00188559 0.000220411 7.45795e-20
-0.00188609 0.000220454 -8.30105e-20
-0.00188649 0.000220491 1.51105e-19
-0.00188678 0.000220517 1.86265e-19
-0.00188696 0.000220534 1.86262e-19
-0.00188703 0.00022054 1.86261e-19
-0.001887 0.000220535 1.64634e-19
-0.00188686 0.000220518 1.64633e-19
-0.00188662 0.00022049 1.64634e-19
-0.00188629 0.00022045 1.64634e-19
-0.00188586 0.000220398 1.64636e-19
-0.00188533 0.000220335 1.64637e-19
-0.0018847 0.00022026 1.64639e-19
-0.00188397 0.000220174 1.64641e-19
-0.00188315 0.000220076 1.64644e-19
-0.00188223 0.000219967 1.64647e-19
-0.00188122 0.000219846 1.6465e-19
-0.00188011 0.000219715 1.64654e-19
-0.00187891 0.000219572 1.64658e-19
-0.00187761 0.000219418 1.64662e-19
-0.00187622 0.000219252 1.64667e-19
-0.00187474 0.000219076 1.64672e-19
-0.00187317 0.000218889 1.64678e-19
-0.00187151 0.000218692 1.64684e-19
-0.00186976 0.000218483 1.6469e-19
-0.00186792 0.000218264 1.64697e-19
-0.00186599 0.000218035 1.64704e-19
-0.00186398 0.000217795 1.64711e-19
-0.00186188 0.000217545 1.64719e-19
-0.0018597 0.000217285 1.64727e-19
-0.00185743 0.000217015 1.64735e-19
-0.00185508 0.000216736 1.64744e-19
-0.00185266 0.000216446 1.64753e-19
-0.00185015 0.000216147 1.64762e-19
-0.00184756 0.000215838 1.64772e-19
-0.00184489 0.000215521 1.64782e-19
-0.00184215 0.000215194 1.64792e-19
-0.00183934 0.000214858 1.64802e-19
-0.00183645 0.000214513 1.64813e-19
-0.00183349 0.00021416 1.64824e-19
-0.00183046 0.000213798 1.64836e-19
-0.00182736 0.000213427 1.64847e-19
-0.00182419 0.000213049 1.64859e-19
-0.00182096 0.000212662 1.64871e-19
-0.00181766 0.000212268 1.64884e-19
-0.0018143 0.000211866 1.64897e-19
-0.00181088 0.000211456 1.6491e-19
-0.0018074 0.000211039 1.64923e-19
-0.00180386 0.000210615 1.64936e-19
-0.00180026 0.000210184 1.6495e-19
-0.00179661 0.000209746 1.64964e-19
-0.0017929 0.000209302 1.64978e-19
-0.00178915 0.000208851 1.64992e-19
-0.00178534 0.000208394 1.65007e-19
-0.00178148 0.000207931 1.65021e-19
-0.00177758 0.000207462 1.65036e-19
-0.00177363 0.000206988 1.65051e-19
-0.00176964 0.000206508 1.65067e-19
-0.00176561 0.000206023 1.65082e-19
-0.00176154 0.000205532 1.65098e-19
-0.00175743 0.000205037 1.65113e-19
-0.00175328 0.000204537 1.65129e-19
-0.0017491 0.000204032 1.65145e-19
-0.00174488 0.000203523 1.65162e-19
-0.00174063 0.000203009 1.65178e-19
-0.00173634 0.000202492 1.65195e-19
-0.00173203 0.000201971 1.65211e-19
-0.0017277 0.000201446 1.65228e-19
-0.00172333 0.000200917 1.65245e-19
-0.00171894 0.000200385 1.65262e-19
-0.00171453 0.00019985 1.65279e-19
-0.0017101 0.000199313 1.65296e-19
-0.00170565 0.000198772 1.65313e-19
-0.00170118 0.000198229 1.6533e-19
-0.00169669 0.000197683 1.65348e-19
-0.00169219 0.000197135 1.65365e-19
-0.00168767 0.000196585 1.65383e-19
-0.00168315 0.000196033 1.654e-19
-0.00167861 0.000195479 1.65418e-19
-0.00167406 0.000194924 1.65436e-19
-0.0016695 0.000194367 1.65453e-19
-0.00166494 0.000193808 1.65471e-19
-0.00166037 0.000193249 1.65489e-19
-0.0016558 0.000192688 1.65507e-19
-0.00165122 0.000192127 1.65525e-19
-0.00164665 0.000191564 1.65543e-19
-0.00164207 0.000191001 1.65561e-19
-0.00163749 0.000190438 1.65578e-19
-0.00163291 0.000189874 1.65596e-19
-0.00162834 0.00018931 1.65614e-19
-0.00162377 0.000188746 1.65632e-19
-0.00161921 0.000188182 1.6565e-19
-0.00161465 0.000187618 1.65668e-19
-0.0016101 0.000187054 1.65686e-19
-0.00160555 0.00018649 1.65704e-19
-0.00160102 0.000185927 1.65722e-19
-0.0015965 0.000185365 1.65739e-19
-0.00159199 0.000184804 1.65757e-19
-0.00158749 0.000184243 1.65775e-19
-0.001583 0.000183683 1.65793e-19
-0.00157853 0.000183124 1.6581e-19
-0.00157407 0.000182566 1.65828e-19
-0.00156963 0.00018201 1.65846e-19
-0.0015652 0.000181454 1.65863e-19
-0.00156079 0.0001809 1.65881e-19
-0.0015564 0.000180347 1.65898e-19
-0.00155202 0.000179796 1.65916e-19
-0.00154767 0.000179246 1.65933e-19
-0.00154333 0.000178698 1.6595e-19
-0.00153901 0.000178152 1.65967e-19
-0.00153471 0.000177607 1.65984e-19
-0.00153044 0.000177064 1.66002e-19
-0.00152618 0.000176523 1.66019e-19
-0.00152195 0.000175983 1.66036e-19
-0.00151773 0.000175446 1.66052e-19
-0.00151354 0.000174911 1.66069e-19
-0.00150938 0.000174378 1.66086e-19
-0.00150523 0.000173847 1.66103e-19
-0.00150111 0.000173317 1.66119e-19
-0.00149702 0.000172791 1.66136e-19
-0.00149294 0.000172266 1.66152e-19
-0.00148889 0.000171743 1.66168e-19
-0.00148487 0.000171223 1.66185e-19
-0.00148087 0.000170705 1.66201e-19
-0.00147689 0.000170189 1.66217e-19
-0.00147294 0.000169675 1.66233e-19
-0.00146901 0.000169164 1.66249e-19
-0.00146511 0.000168655 1.66265e-19
-0.00146123 0.000168148 1.66281e-19
-0.00145738 0.000167643 1.66296e-19
-0.00145355 0.000167141 1.66312e-19
-0.00144975 0.000166641 1.66327e-19
-0.00144597 0.000166143 1.66343e-19
-0.00144221 0.000165647 1.66358e-19
-0.00143848 0.000165154 1.66373e-19
-0.00143477 0.000164663 1.66389e-19
-0.00143109 0.000164174 1.66404e-19
-0.00142743 0.000163687 1.66419e-19
-0.00142379 0.000163202 1.66434e-19
-0.00142017 0.00016272 1.66449e-19
-0.00141658 0.000162239 1.66463e-19
-0.00141301 0.000161761 1.66478e-19
-0.00140946 0.000161284 1.66493e-19
-0.00140594 0.00016081 1.66507e-19
-0.00140243 0.000160337 1.66522e-19
-0.00139894 0.000159866 1.66536e-19
-0.00139548 0.000159397 1.66551e-19
-0.00139203 0.00015893 1.66565e-19
-0.0013886 0.000158464 1.66579e-19
-0.00138519 0.000158 1.66594e-19
-0.0013818 0.000157537 1.66608e-19
-0.00137842 0.000157076 1.66622e-19
-0.00137507 0.000156617 1.66636e-19
-0.00137173 0.000156158 1.6665e-19
-0.0013684 0.000155702 1.66664e-19
-0.00136509 0.000155246 1.66678e-19
-0.00136179 0.000154792 1.66692e-19
-0.00135851 0.000154338 1.66706e-19
-0.00135524 0.000153886 1.66719e-19
-0.00135198 0.000153435 1.66733e-19
-0.00134873 0.000152984 1.66747e-19
-0.0013455 0.000152534 1.6676e-19
-0.00134227 0.000152085 1.66774e-19
-0.00133905 0.000151637 1.66788e-19
-0.00133584 0.000151189 1.66801e-19
-0.00133264 0.000150741 1.66815e-19
-0.00132945 0.000150294 1.66828e-19
-0.00132626 0.000149847 1.66842e-19
-0.00132307 0.0001494 1.66855e-19
-0.00131989 0.000148953 1.66869e-19
-0.00131672 0.000148507 1.66882e-19
-0.00131354 0.00014806 1.66896e-19
-0.00131037 0.000147613 1.6691e-19
-0.0013072 0.000147165 1.66923e-19
-0.00130403 0.000146718 1.66937e-19
-0.00130086 0.00014627 1.6695e-19
-0.00129768 0.000145821 1.66964e-19
-0.00129451 0.000145371 1.66977e-19
-0.00129133 0.000144921 1.66991e-19
-0.00128815 0.00014447 1.67004e-19
-0.00128496 0.000144018 1.67018e-19
-0.00128177 0.000143564 1.67032e-19
-0.00127856 0.00014311 1.67045e-19
-0.00127536 0.000142654 1.67059e-19
-0.00127214 0.000142197 1.67073e-19
-0.00126891 0.000141738 1.67087e-19
-0.00126567 0.000141278 1.67101e-19
-0.00126242 0.000140816 1.67115e-19
-0.00125916 0.000140352 1.67129e-19
-0.00125588 0.000139887 1.67143e-19
-0.00125259 0.000139419 1.67157e-19
-0.00124929 0.000138949 1.67171e-19
-0.00124597 0.000138477 1.67185e-19
-0.00124263 0.000138003 1.672e-19
-0.00123928 0.000137526 1.67214e-19
-0.0012359 0.000137046 1.67228e-19
-0.00123251 0.000136565 1.67243e-19
-0.0012291 0.00013608 1.67258e-19
-0.00122566 0.000135593 1.67272e-19
-0.00122221 0.000135103 1.67287e-19
-0.00121873 0.000134609 1.67302e-19
-0.00121523 0.000134113 1.67317e-19
-0.00121171 0.000133614 1.67332e-19
-0.00120816 0.000133112 1.67347e-19
-0.00120459 0.000132606 1.67362e-19
-0.00120099 0.000132097 1.67378e-19
-0.00119736 0.000131585 1.67393e-19
-0.00119371 0.000131069 1.67409e-19
-0.00119003 0.00013055 1.67425e-19
-0.00118632 0.000130027 1.67441e-19
-0.00118259 0.0001295 1.67456e-19
-0.00117882 0.00012897 1.67473e-19
-0.00117503 0.000128436 1.67489e-19
-0.0011712 0.000127898 1.67505e-19
-0.00116735 0.000127356 1.67521e-19
-0.00116346 0.00012681 1.67538e-19
-0.00115954 0.00012626 1.67555e-19
-0.00115558 0.000125706 1.67572e-19
-0.0011516 0.000125147 1.67588e-19
-0.00114758 0.000124585 1.67606e-19
-0.00114353 0.000124018 1.67623e-19
-0.00113944 0.000123447 1.6764e-19
-0.00113532 0.000122871 1.67658e-19
-0.00113116 0.000122291 1.67675e-19
-0.00112697 0.000121707 1.67693e-19
-0.00112274 0.000121118 1.67711e-19
-0.00111848 0.000120525 1.67729e-19
-0.00111418 0.000119927 1.67747e-19
-0.00110984 0.000119325 1.67766e-19
-0.00110547 0.000118718 1.67784e-19
-0.00110106 0.000118106 1.67803e-19
-0.00109662 0.000117489 1.67821e-19
-0.00109213 0.000116868 1.6784e-19
-0.00108761 0.000116242 1.67859e-19
-0.00108305 0.000115612 1.67879e-19
-0.00107845 0.000114976 1.67898e-19
-0.00107381 0.000114336 1.67918e-19
-0.00106914 0.000113691 1.67937e-19
-0.00106443 0.000113041 1.67957e-19
-0.00105967 0.000112386 1.67977e-19
-0.00105488 0.000111727 1.67997e-19
-0.00105005 0.000111062 1.68018e-19
-0.00104519 0.000110393 1.68038e-19
-0.00104028 0.000109719 1.68059e-19
-0.00103534 0.00010904 1.68079e-19
-0.00103036 0.000108357 1.681e-19
-0.00102534 0.000107668 1.68121e-19
-0.00102028 0.000106975 1.68143e-19
-0.00101518 0.000106277 1.68164e-19
-0.00101005 0.000105575 1.68185e-19
-0.00100488 0.000104867 1.68207e-19
-0.000999668 0.000104155 1.68229e-19
-0.000994421 0.000103438 1.68251e-19
-0.000989137 0.000102716 1.68273e-19
-0.000983815 0.00010199 1.68295e-19
-0.000978456 0.000101259 1.68318e-19
-0.00097306 0.000100523 1.6834e-19
-0.000967627 9.97824e-05 1.68363e-19
-0.000962158 9.90373e-05 1.68386e-19
-0.000956652 9.82876e-05 1.68409e-19
-0.00095111 9.75334e-05 1.68432e-19
-0.000945532 9.67746e-05 1.68455e-19
-0.000939918 9.60112e-05 1.68478e-19
-0.000934269 9.52434e-05 1.68502e-19
-0.000928584 9.44711e-05 1.68525e-19
-0.000922864 9.36943e-05 1.68549e-19
-0.00091711 9.29132e-05 1.68573e-19
-0.000911321 9.21276e-05 1.68597e-19
-0.000905497 9.13377e-05 1.68621e-19
-0.00089964 9.05434e-05 1.68646e-19
-0.000893748 8.97449e-05 1.6867e-19
-0.000887824 8.89421e-05 1.68695e-19
-0.000881865 8.8135e-05 1.6872e-19
-0.000875874 8.73237e-05 1.68744e-19
-0.00086985 8.65082e-05 1.68769e-19
-0.000863793 8.56886e-05 1.68795e-19
-0.000857705 8.48649e-05 1.6882e-19
-0.000851584 8.40371e-05 1.68845e-19
-0.000845431 8.32052e-05 1.68871e-19
-0.000839247 8.23694e-05 1.68896e-19
-0.000833033 8.15296e-05 1.68922e-19
-0.000826787 8.06858e-05 1.68948e-19
-0.000820511 7.98382e-05 1.68974e-19
-0.000814204 7.89866e-05 1.69e-19
-0.000807868 7.81313e-05 1.69026e-19
-0.000801503 7.72722e-05 1.69052e-19
-0.000795108 7.64093e-05 1.69079e-19
-0.000788683 7.55427e-05 1.69105e-19
-0.000782231 7.46724e-05 1.69132e-19
-0.00077575 7.37985e-05 1.69159e-19
-0.00076924 7.2921e-05 1.69185e-19
-0.000762703 7.20399e-05 1.69212e-19
-0.000756138 7.11552e-05 1.6924e-19
-0.000749546 7.02671e-05 1.69267e-19
-0.000742927 6.93755e-05 1.69294e-19
-0.000736281 6.84805e-05 1.69321e-19
-0.000729609 6.75821e-05 1.69349e-19
-0.000722911 6.66804e-05 1.69376e-19
-0.000716188 6.57754e-05 1.69404e-19
-0.000709439 6.48672e-05 1.69432e-19
-0.000702666 6.39558e-05 1.6946e-19
-0.000695868 6.30414e-05 1.69488e-19
-0.000689047 6.21239e-05 1.69516e-19
-0.000682202 6.12034e-05 1.69544e-19
-0.000675334 6.02799e-05 1.69572e-19
-0.000668444 5.93536e-05 1.696e-19
-0.000661532 5.84245e-05 1.69629e-19
-0.000654597 5.74925e-05 1.69657e-19
-0.000647642 5.65578e-05 1.69686e-19
-0.000640665 5.56205e-05 1.69714e-19
-0.000633667 5.46805e-05 1.69743e-19
-0.00062665 5.37379e-05 1.69772e-19
-0.000619612 5.27928e-05 1.69801e-19
-0.000612555 5.18452e-05 1.69829e-19
-0.000605479 5.08952e-05 1.69858e-19
-0.000598384 4.99428e-05 1.69887e-19
-0.000591271 4.89881e-05 1.69917e-19
-0.000584139 4.80311e-05 1.69946e-19
-0.00057699 4.70718e-05 1.69975e-19
-0.000569824 4.61104e-05 1.70004e-19
-0.00056264 4.51469e-05 1.70034e-19
-0.000555441 4.41813e-05 1.70063e-19
-0.000548225 4.32137e-05 1.70092e-19
-0.000540993 4.22442e-05 1.70122e-19
-0.000533746 4.12727e-05 1.70151e-19
-0.000526484 4.02993e-05 1.70181e-19
-0.000519207 3.93242e-05 1.70211e-19
-0.000511916 3.83472e-05 1.7024e-19
-0.00050461 3.73686e-05 1.7027e-19
-0.000497291 3.63882e-05 1.703e-19
-0.000489959 3.54063e-05 1.7033e-19
-0.000482614 3.44227e-05 1.7036e-19
-0.000475256 3.34377e-05 1.7039e-19
-0.000467885 3.24511e-05 1.7042e-19
-0.000460503 3.14632e-05 1.7045e-19
-0.000453108 3.04738e-05 1.7048e-19
-0.000445703 2.94831e-05 1.7051e-19
-0.000438286 2.84911e-05 1.7054e-19
-0.000430859 2.74979e-05 1.7057e-19
-0.000423422 2.65036e-05 1.706e-19
-0.000415975 2.55081e-05 1.7063e-19
-0.000408519 2.45116e-05 1.7066e-19
-0.000401054 2.35141e-05 1.70691e-19
-0.00039358 2.25156e-05 1.70721e-19
-0.000386098 2.15162e-05 1.70751e-19
-0.000378608 2.0516e-05 1.70781e-19
-0.000371111 1.95151e-05 1.70812e-19
-0.000363606 1.85134e-05 1.70842e-19
-0.000356095 1.7511e-05 1.70872e-19
-0.000348578 1.6508e-05 1.70903e-19
-0.000341055 1.55044e-05 1.70933e-19
-0.000333526 1.45004e-05 1.70963e-19
-0.000325992 1.34958e-05 1.70994e-19
-0.000318453 1.24909e-05 1.71024e-19
-0.00031091 1.14856e-05 1.71054e-19
-0.000303362 1.048e-05 1.71085e-19
-0.000295811 9.47416e-06 1.71115e-19
-0.000288256 8.46808e-06 1.71146e-19
-0.000280698 7.4618e-06 1.71176e-19
-0.000273137 6.45535e-06 1.71206e-19
-0.000265572 5.44876e-06 1.71237e-19
-0.000258005 4.44207e-06 1.71267e-19
-0.000250435 3.43531e-06 1.71297e-19
-0.000242863 2.42852e-06 1.71328e-19
-0.000235289 1.42172e-06 1.71358e-19
-0.000227713 4.14943e-07 1.71388e-19
-0.000220141 -5.91295e-07 1.71419e-19
-0.000212599 -1.59524e-06 1.71449e-19
-0.000205092 -2.5963e-06 1.71479e-19
-0.0001976 -3.59603e-06 1.71509e-19
-0.00019011 -4.5954e-06 1.71539e-19
-0.000182619 -5.59449e-06 1.71569e-19
-0.000175129 -6.59329e-06 1.71599e-19
-0.000167638 -7.59178e-06 1.71629e-19
-0.000160148 -8.58992e-06 1.71659e-19
-0.000152658 -9.58767e-06 1.71689e-19
-0.00014517 -1.0585e-05 1.71719e-19
-0.000137682 -1.15818e-05 1.71749e-19
-0.000130197 -1.2578e-05 1.71779e-19
-0.000122714 -1.35736e-05 1.71808e-19
-0.000115234 -1.45686e-05 1.71838e-19
-0.000107757 -1.55627e-05 1.71868e-19
-0.000100285 -1.65561e-05 1.71898e-19
-9.28159e-05 -1.75486e-05 1.71927e-19
-8.53516e-05 -1.85402e-05 1.71957e-19
-7.78923e-05 -1.95308e-05 1.71987e-19
-7.04384e-05 -2.05204e-05 1.72016e-19
-6.29901e-05 -2.1509e-05 1.72046e-19
-5.55481e-05 -2.24964e-05 1.72075e-19
-4.81127e-05 -2.34826e-05 1.72105e-19
-4.05694e-05 -2.44763e-05 1.72135e-19
-3.29181e-05 -2.54776e-05 1.72165e-19
-2.52746e-05 -2.64776e-05 1.72194e-19
-1.76407e-05 -2.7476e-05 1.72224e-19
-1.0017e-05 -2.84728e-05 1.72254e-19
-2.40355e-06 -2.9468e-05 1.72284e-19
5.19952e-06 -3.04617e-05 1.72314e-19
1.27919e-05 -3.14536e-05 1.72343e-19
2.03735e-05 -3.24438e-05 1.72373e-19
2.7944e-05 -3.34324e-05 1.72402e-19
3.55031e-05 -3.44191e-05 1.72432e-19
4.30505e-05 -3.5404e-05 1.72461e-19
5.05858e-05 -3.63871e-05 1.7249e-19
5.81088e-05 -3.73683e-05 1.7252e-19
6.56189e-05 -3.83476e-05 1.72549e-19
7.3116e-05 -3.93249e-05 1.72578e-19
8.05996e-05 -4.03001e-05 1.72607e-19
8.80693e-05 -4.12733e-05 1.72636e-19
9.55244e-05 -4.22443e-05 1.72665e-19
0.000102964 -4.32131e-05 1.72693e-19
0.000110387 -4.41795e-05 1.72722e-19
0.000117791 -4.51435e-05 1.72751e-19
0.000125176 -4.61049e-05 1.72779e-19
0.000132538 -4.7063e-05 1.93314e-19
0.000139754 -4.79962e-05 1.91228e-19
0.000146973 -4.89279e-05 1.92599e-19
0.000154188 -4.98576e-05 1.90613e-19
0.000161393 -5.07853e-05 1.92878e-19
0.000168587 -5.17111e-05 1.95025e-19
0.000175764 -5.26347e-05 1.94254e-19
0.000182925 -5.35558e-05 1.90777e-19
0.000190069 -5.44745e-05 1.92668e-19
0.000197195 -5.53906e-05 1.90595e-19
0.000204303 -5.63042e-05 1.92783e-19
0.000211393 -5.72151e-05 1.93286e-19
0.000218464 -5.81234e-05 1.92275e-19
0.000225518 -5.90293e-05 1.90899e-19
0.000232558 -5.99328e-05 1.92283e-19
0.00023958 -6.08337e-05 1.95685e-19
0.000246581 -6.17318e-05 1.9666e-19
0.000253561 -6.2627e-05 1.97745e-19
0.000260521 -6.35194e-05 1.94501e-19
0.000267459 -6.4409e-05 1.95728e-19
0.000274376 -6.52956e-05 1.9298e-19
0.00028127 -6.61793e-05 1.93941e-19
0.000288142 -6.706e-05 1.94601e-19
0.000294992 -6.79376e-05 1.96956e-19
0.000301818 -6.88122e-05 1.93449e-19
0.000308621 -6.96837e-05 1.95292e-19
0.0003154 -7.05521e-05 1.90994e-19
0.000322155 -7.14173e-05 1.96656e-19
0.000328885 -7.22794e-05 1.94146e-19
0.000335591 -7.31382e-05 1.94598e-19
0.000342272 -7.39938e-05 1.92275e-19
0.000348928 -7.48461e-05 1.93555e-19
0.000355559 -7.56952e-05 1.95445e-19
0.000362159 -7.65402e-05 1.95456e-19
0.000368555 -7.73519e-05 1.95479e-19
0.000374946 -7.81604e-05 1.96309e-19
0.0003813 -7.89632e-05 1.98225e-19
0.000387619 -7.97606e-05 1.95819e-19
0.000393917 -8.05544e-05 1.9282e-19
0.000400189 -8.13442e-05 1.95645e-19
0.000406433 -8.21302e-05 1.93752e-19
0.00041265 -8.29122e-05 1.95223e-19
0.000418839 -8.36905e-05 1.92887e-19
0.000425001 -8.44649e-05 1.98488e-19
0.000431135 -8.52356e-05 1.94239e-19
0.000437241 -8.60026e-05 1.94241e-19
0.000443319 -8.67658e-05 1.91744e-19
0.000449369 -8.75253e-05 1.97246e-19
0.00045539 -8.82812e-05 1.93635e-19
0.000461384 -8.90334e-05 1.92983e-19
0.000467349 -8.97819e-05 1.9897e-19
0.000473287 -9.05268e-05 1.95261e-19
0.000479196 -9.12681e-05 1.93453e-19
0.000485077 -9.20058e-05 1.95302e-19
0.000490931 -9.27401e-05 1.9415e-19
0.000496758 -9.34708e-05 1.96204e-19
0.000502556 -9.41981e-05 1.96594e-19
0.000508328 -9.49219e-05 1.88245e-19
0.000514072 -9.56423e-05 1.93596e-19
0.00051979 -9.63593e-05 1.92916e-19
0.00052548 -9.7073e-05 1.96499e-19
0.000531144 -9.77833e-05 1.9764e-19
0.000536782 -9.84903e-05 1.94357e-19
0.000542392 -9.9194e-05 1.94348e-19
0.000547977 -9.98944e-05 1.98015e-19
0.000553536 -0.000100592 1.98775e-19
0.00055907 -0.000101286 1.94457e-19
0.000564577 -0.000101976 1.92349e-19
0.000570058 -0.000102664 2.00563e-19
0.000575512 -0.000103348 1.92179e-19
0.00058094 -0.000104029 1.95303e-19
0.000586341 -0.000104707 2.00537e-19
0.000591716 -0.000105381 1.94831e-19
0.000597064 -0.000106053 1.92959e-19
0.000602385 -0.000106721 1.90928e-19
0.000607638 -0.000107374 1.88481e-19
0.000612819 -0.000108009 1.92264e-19
0.000617977 -0.000108643 1.93341e-19
0.000623111 -0.000109274 1.95527e-19
0.000628219 -0.000109903 1.9161e-19
0.00063331 -0.000110529 1.97068e-19
0.000638381 -0.000111152 1.98085e-19
0.000643425 -0.000111772 1.9736e-19
0.000648446 -0.00011239 1.98864e-19
0.000653441 -0.000113005 1.9195e-19
0.000658412 -0.000113617 1.93828e-19
0.000663359 -0.000114226 1.9873e-19
0.000668283 -0.000114833 1.95717e-19
0.000673184 -0.000115436 1.84505e-19
0.000678062 -0.000116038 1.95099e-19
0.000682917 -0.000116636 1.94243e-19
0.00068775 -0.000117232 2.00585e-19
0.000692562 -0.000117826 1.92591e-19
0.000697352 -0.000118417 2.02329e-19
0.000702122 -0.000119006 1.95849e-19
0.000706872 -0.000119592 1.91038e-19
0.000711601 -0.000120176 1.9638e-19
0.000716312 -0.000120758 1.93336e-19
0.000721003 -0.000121338 1.9026e-19
0.000725677 -0.000121915 1.91477e-19
0.000730332 -0.000122491 1.93611e-19
0.000734886 -0.00012305 1.91077e-19
0.000739357 -0.000123595 1.91589e-19
0.000743826 -0.000124138 1.80234e-19
0.000748288 -0.000124678 1.81254e-19
0.000752739 -0.000125216 1.85746e-19
0.000757174 -0.000125752 1.79362e-19
0.00076159 -0.000126285 1.78776e-19
0.000765983 -0.000126815 1.82793e-19
0.000770358 -0.000127343 1.82972e-19
0.000774714 -0.000127868 1.82585e-19
0.000779055 -0.000128391 1.8252e-19
0.000783379 -0.000128912 1.86305e-19
0.00078769 -0.000129431 1.83997e-19
0.000791986 -0.000129948 1.90917e-19
0.00079627 -0.000130464 1.94519e-19
0.000800541 -0.000130978 1.91587e-19
0.000804801 -0.00013149 1.76391e-19
0.00080905 -0.000132 1.84579e-19
0.000813289 -0.00013251 1.76507e-19
0.000817518 -0.000133017 1.80126e-19
0.000821737 -0.000133524 1.84235e-19
0.000825948 -0.000134029 1.82183e-19
0.000830152 -0.000134534 1.77261e-19
0.000834348 -0.000135037 1.83438e-19
0.000838538 -0.000135539 1.88577e-19
0.000842723 -0.000136041 1.91251e-19
0.000846903 -0.000136541 1.86929e-19
0.000851079 -0.000137041 1.79643e-19
0.000855251 -0.000137541 1.7914e-19
0.000859368 -0.000138036 1.85171e-19
0.000863325 -0.00013852 1.85218e-19
0.000867099 -0.000138992 1.80553e-19
0.000870749 -0.000139455 1.83167e-19
0.000874328 -0.000139913 1.93624e-19
0.000877865 -0.000140368 1.83778e-19
0.000881379 -0.000140821 1.75948e-19
0.000884882 -0.000141274 1.91145e-19
0.000888379 -0.000141726 1.80366e-19
0.000891874 -0.000142178 1.9055e-19
0.000895371 -0.00014263 1.85736e-19
0.000898779 -0.000143054 1.83478e-19
0.000902097 -0.00014345 1.92693e-19
0.000905425 -0.000143849 1.69803e-19
0.000908761 -0.000144249 1.801e-19
0.000912106 -0.00014465 1.73172e-19
0.00091546 -0.000145053 1.80673e-19
0.000918824 -0.000145457 1.0165e-19
0.000922199 -0.000145862 1.78831e-19
0.000925584 -0.000146268 1.85852e-19
0.000928981 -0.000146676 1.78114e-19
0.00093239 -0.000147084 1.7799e-19
0.000935812 -0.000147494 1.77619e-19
0.000939248 -0.000147905 1.75945e-19
0.000942697 -0.000148318 3.35678e-19
0.000946162 -0.000148733 1.73072e-19
0.00094964 -0.000149154 1.70851e-19
0.000953128 -0.000149577 1.76017e-19
0.000956625 -0.000150003 1.69626e-19
0.000960134 -0.000150431 1.75111e-19
0.000963656 -0.000150861 1.67045e-19
0.000967194 -0.000151293 1.86489e-19
0.000970747 -0.000151726 1.84455e-19
0.000974316 -0.000152161 1.7484e-19
0.000977895 -0.000152596 1.71057e-19
0.000981484 -0.000153032 1.8488e-19
0.000985094 -0.000153469 1.81282e-19
0.000988723 -0.000153908 1.6736e-19
0.000992372 -0.000154349 2.39011e-19
0.00099604 -0.000154792 1.68784e-19
0.000999728 -0.000155237 1.49438e-19
0.00100344 -0.000155684 1.73104e-19
0.00100716 -0.000156133 2.67378e-19
0.00101091 -0.000156583 1.79837e-19
0.00101468 -0.000157036 1.81087e-19
0.00101846 -0.00015749 1.77786e-19
0.00102227 -0.000157947 1.62948e-19
0.0010261 -0.000158406 1.70677e-19
0.00102995 -0.000158866 1.84021e-19
0.00103382 -0.000159329 1.76298e-19
0.00103771 -0.000159794 1.82371e-19
0.00104162 -0.000160261 1.67561e-19
0.00104555 -0.00016073 1.83668e-19
0.0010495 -0.000161201 1.76591e-19
0.00105348 -0.000161674 1.66235e-19
0.00105748 -0.00016215 1.767e-19
0.00106149 -0.000162627 1.7232e-19
0.00106553 -0.000163107 6.33201e-20
0.0010696 -0.000163589 3.07325e-19
0.00107368 -0.000164073 1.82425e-19
0.00107779 -0.00016456 1.78336e-19
0.00108191 -0.000165048 1.72971e-19
0.00108606 -0.000165539 2.23255e-19
0.00109023 -0.000166032 3.94349e-19
0.00109443 -0.000166527 1.72512e-19
0.00109864 -0.000167024 1.667e-19
0.00110288 -0.000167524 1.70597e-19
0.00110714 -0.000168026 -7.94104e-20
0.00111142 -0.00016853 1.68805e-19
0.00111572 -0.000169037 1.7507e-19
0.00111961 -0.000169478 1.81893e-19
0.00112357 -0.000169919 1.88082e-19
0.00112759 -0.000170362 1.73367e-19
0.00113166 -0.000170808 1.81604e-19
0.00113577 -0.000171256 1.85208e-19
0.0011397 -0.000171693 1.7629e-19
0.00114301 -0.000172087 1.6303e-19
0.0011457 -0.000172441 1.74302e-19
0.00114809 -0.000172777 1.73487e-19
0.00115034 -0.000173107 1.79474e-19
0.00115255 -0.000173435 1.28455e-18
0.00115474 -0.000173763 6.14671e-19
0.00115693 -0.000174092 1.79733e-19
0.00115914 -0.000174423 1.70625e-19
0.00116136 -0.000174755 1.83827e-19
0.00116359 -0.000175089 8.47905e-20
0.00116585 -0.000175425 1.76278e-19
0.00116812 -0.000175763 1.90238e-19
0.00117043 -0.000176103 8.11025e-19
0.00117277 -0.000176446 1.90628e-19
0.00117514 -0.000176791 1.76122e-19
0.00117755 -0.000177138 1.8721e-19
0.00117998 -0.000177488 2.42896e-19
0.00118243 -0.00017784 1.56424e-19
0.0011849 -0.000178193 4.3312e-19
0.00118739 -0.000178548 1.68301e-19
0.0011899 -0.000178905 1.82202e-19
0.00119243 -0.000179264 4.56809e-19
0.00119497 -0.000179624 2.10648e-19
0.00119753 -0.000179986 1.82588e-19
0.0012001 -0.000180349 4.33241e-19
0.00120269 -0.000180714 1.88028e-19
0.0012053 -0.000181081 4.15967e-19
0.00120791 -0.000181448 1.87037e-19
0.00121052 -0.000181812 -8.08558e-19
0.00121312 -0.000182174 1.77469e-19
0.00121574 -0.000182537 1.82113e-19
0.00121838 -0.000182901 1.71192e-19
0.00122104 -0.000183266 1.81523e-19
0.0012237 -0.00018363 1.71942e-19
0.00122637 -0.000183996 1.77492e-19
0.00122906 -0.000184362 1.75428e-19
0.00123177 -0.00018473 1.7296e-19
0.00123449 -0.0001851 1.81519e-19
0.00123722 -0.00018547 1.81898e-19
0.00123996 -0.000185841 1.77293e-19
0.00124247 -0.00018613 1.66849e-19
0.00124503 -0.000186434 1.59627e-19
0.0012476 -0.00018674 3.86032e-18
0.00125018 -0.000187048 3.94872e-19
0.00125277 -0.000187358 1.5743e-19
0.00125537 -0.000187669 1.77321e-19
0.00125797 -0.000187981 1.60472e-19
0.00126059 -0.000188294 1.76064e-19
0.00126321 -0.000188607 -2.4164e-18
0.00126583 -0.000188922 1.68457e-19
0.00126847 -0.000189237 1.70705e-19
0.00127111 -0.000189552 -5.77802e-19
0.00127375 -0.000189868 1.74563e-19
0.00127617 -0.00019015 1.63962e-19
0.00127848 -0.000190405 2.32534e-19
0.00128094 -0.000190669 2.24903e-19
0.00128347 -0.000190937 1.79966e-19
0.00128604 -0.000191206 1.79931e-19
0.00128864 -0.000191475 1.78742e-19
0.00129124 -0.000191745 1.76498e-19
0.00129386 -0.000192015 1.7929e-19
0.00129648 -0.000192285 1.78307e-19
0.00129911 -0.000192555 1.65316e-19
0.00130175 -0.000192826 1.81461e-19
0.00130439 -0.000193098 1.78331e-19
0.00130703 -0.00019337 -1.10933e-18
0.00130967 -0.000193641 1.74436e-19
0.00131231 -0.000193913 1.68127e-19
0.00131494 -0.000194184 1.77225e-19
0.00131758 -0.000194455 1.35864e-19
0.00132021 -0.000194726 1.71835e-19
0.00132284 -0.000194996 -3.6285e-19
0.00132547 -0.000195267 -7.3704e-20
0.00132809 -0.000195537 1.68862e-19
0.00133071 -0.000195806 1.67817e-19
0.00133332 -0.000196076 1.7372e-19
0.00133593 -0.000196344 1.63065e-19
0.00133853 -0.000196613 1.63629e-19
0.00134112 -0.00019688 1.71433e-19
0.00134371 -0.000197148 1.67521e-19
0.00134628 -0.000197415 1.5007e-19
0.00134886 -0.000197681 1.84827e-19
0.00135142 -0.000197946 8.5528e-20
0.00135397 -0.000198211 -4.8176e-19
0.00135651 -0.000198475 1.75885e-19
0.00135903 -0.000198738 1.71898e-19
0.00136153 -0.000199001 -1.50504e-19
0.00136402 -0.000199262 -7.00384e-19
0.0013665 -0.000199523 1.71812e-19
0.00136897 -0.000199783 1.51404e-19
0.00137142 -0.000200042 1.71673e-19
0.00137386 -0.0002003 1.23303e-18
0.00137628 -0.000200557 -3.28792e-19
0.00137869 -0.000200812 4.00652e-19
0.00138108 -0.000201067 -4.49268e-19
0.00138346 -0.00020132 2.92023e-19
0.00138582 -0.000201573 1.75433e-19
0.00138816 -0.000201823 -3.13652e-19
0.0013905 -0.000202073 1.81262e-19
0.00139282 -0.000202321 9.28311e-20
0.00139512 -0.000202568 1.6618e-19
0.00139741 -0.000202814 1.56888e-19
0.00139967 -0.000203058 -8.86132e-19
0.00140192 -0.0002033 1.57071e-19
0.00140415 -0.000203541 1.57471e-19
0.00140635 -0.00020378 1.62536e-19
0.00140854 -0.000204017 3.23412e-19
0.00141069 -0.000204253 -4.82063e-19
0.00141282 -0.000204487 1.68992e-19
0.00141493 -0.00020472 1.72997e-19
0.00141702 -0.000204951 1.72023e-19
0.00141908 -0.00020518 1.66248e-19
0.00142113 -0.000205408 1.61306e-19
0.00142316 -0.000205635 5.49963e-19
0.00142516 -0.00020586 1.69022e-19
0.00142715 -0.000206084 1.72584e-19
0.00142912 -0.000206306 1.73083e-19
0.00143108 -0.000206528 3.89539e-19
0.00143301 -0.000206747 1.79246e-19
0.00143493 -0.000206966 1.56013e-19
0.00143683 -0.000207183 1.69412e-19
0.00143871 -0.000207399 1.66581e-19
0.00144054 -0.000207612 1.13333e-19
0.00144222 -0.000207815 -6.83122e-19
0.00144373 -0.000208006 -6.18659e-20
0.00144513 -0.000208191 -7.94758e-19
0.00144648 -0.000208372 1.6708e-19
0.00144778 -0.000208551 1.60269e-19
0.00144906 -0.000208728 -1.02786e-19
0.00145032 -0.000208903 2.28531e-19
0.00145156 -0.000209078 1.64667e-19
0.00145278 -0.000209251 1.54763e-19
0.001454 -0.000209423 -5.76665e-19
0.00145519 -0.000209594 1.60392e-19
0.00145637 -0.000209764 1.58739e-19
0.00145754 -0.000209933 1.74629e-19
0.0014587 -0.000210102 1.6115e-19
0.00145978 -0.000210243 -1.27477e-17
0.00146079 -0.000210359 -2.02889e-17
0.00146179 -0.000210477 3.04449e-17
0.00146277 -0.000210594 7.52104e-18
0.00146373 -0.000210712 6.18077e-18
0.00146468 -0.000210829 -7.24237e-18
0.00146562 -0.000210946 -1.4912e-19
0.00146656 -0.000211062 1.7667e-19
0.00146753 -0.000211181 1.89737e-19
0.00146851 -0.0002113 1.53748e-19
0.00146948 -0.00021142 1.0383e-18
0.00147045 -0.000211539 -2.69889e-19
0.00147141 -0.000211657 1.78369e-19
0.00147235 -0.000211774 3.94856e-19
0.00147329 -0.000211891 4.09195e-19
0.00147421 -0.000212008 -3.11525e-19
0.00147513 -0.000212123 3.32584e-19
0.00147603 -0.000212238 4.24889e-19
0.00147692 -0.000212352 -1.66415e-19
0.0014778 -0.000212465 1.74118e-19
0.00147866 -0.000212576 -3.50945e-19
0.0014795 -0.000212687 5.84979e-19
0.00148032 -0.000212796 -4.81008e-19
0.00148113 -0.000212904 3.45433e-20
0.00148192 -0.000213011 5.51378e-19
0.0014827 -0.000213117 -3.41852e-19
0.00148348 -0.000213222 -9.04363e-20
0.00148424 -0.000213326 -2.32481e-19
0.00148499 -0.00021343 3.53026e-19
0.00148574 -0.000213533 -2.5919e-18
0.00148647 -0.000213635 -4.59313e-19
0.0014872 -0.000213737 1.14163e-19
0.00148792 -0.000213838 2.38852e-19
0.00148863 -0.000213938 7.88391e-19
0.00148934 -0.000214038 1.70162e-19
0.00149005 -0.000214137 -2.13771e-19
0.00149074 -0.000214236 2.83733e-19
0.00149144 -0.000214334 -9.13378e-19
0.00149212 -0.000214432 1.29622e-18
0.00149281 -0.000214529 -2.24035e-19
0.00149349 -0.000214626 1.18481e-18
0.00149417 -0.000214722 1.87226e-18
0.00149485 -0.000214819 -6.01772e-20
0.00149552 -0.000214914 -2.6737e-19
0.00149601 -0.000214988 -5.82302e-20
0.0014965 -0.000215058 3.1518e-17
0.00149702 -0.000215127 2.76623e-17
0.00149755 -0.000215196 -1.19399e-17
0.0014981 -0.000215265 7.5321e-18
0.00149866 -0.000215334 1.70016e-17
0.00149923 -0.000215404 -6.38628e-18
0.0014998 -0.000215473 -2.74772e-17
0.00150035 -0.000215519 7.51033e-17
0.0015009 -0.000215561 -2.05282e-18
0.00150144 -0.000215604 2.25002e-18
0.00150198 -0.000215647 1.1086e-18
0.00150252 -0.000215691 7.40233e-20
0.00150305 -0.000215735 -2.03408e-18
0.00150359 -0.000215779 -1.9664e-18
0.00150413 -0.000215824 -3.46698e-18
0.00150467 -0.000215869 -1.70056e-18
0.00150521 -0.000215915 1.2028e-18
0.00150576 -0.00021596 -3.07559e-18
0.00150631 -0.000216006 -1.01182e-18
0.00150687 -0.000216053 -2.89047e-18
0.00150744 -0.0002161 2.70891e-18
0.00150801 -0.000216147 -4.64856e-19
0.00150858 -0.000216194 3.40186e-19
0.00150916 -0.000216242 -1.09876e-18
0.00150975 -0.00021629 -3.17594e-18
0.00151035 -0.000216339 1.10346e-18
0.00151096 -0.000216388 -1.42918e-18
0.00151157 -0.000216438 -1.03133e-18
0.0015122 -0.000216488 -2.64577e-19
0.00151283 -0.000216539 1.68821e-18
0.00151347 -0.000216592 -5.14441e-19
0.00151413 -0.000216645 1.35434e-18
0.00151479 -0.000216699 4.67564e-18
0.00151547 -0.000216753 4.64667e-19
0.00151615 -0.000216808 -1.98057e-18
0.00151685 -0.000216864 1.45173e-19
0.00151756 -0.00021692 -4.01119e-18
0.00151827 -0.000216977 2.7861e-18
0.001519 -0.000217034 1.22006e-18
0.00151974 -0.000217093 3.81273e-18
0.00152049 -0.000217151 6.71848e-19
0.00152126 -0.000217211 2.35328e-20
0.00152203 -0.000217271 2.86668e-18
0.00152282 -0.000217332 -1.76423e-18
0.00152362 -0.000217393 -4.40846e-18
0.00152443 -0.000217455 -3.18921e-18
0.00152525 -0.000217518 -1.56338e-18
0.00152609 -0.000217582 -5.01767e-18
0.00152693 -0.000217646 -2.90566e-18
0.0015278 -0.000217712 1.57443e-18
0.00152867 -0.000217777 6.16138e-18
0.00152955 -0.000217844 -4.13408e-18
0.00153045 -0.000217911 -4.41555e-18
0.00153136 -0.00021798 -3.17932e-18
0.00153229 -0.000218048 5.09009e-18
0.00153323 -0.000218118 4.76307e-19
0.00153418 -0.000218189 -6.79138e-18
0.00153514 -0.00021826 -3.0186e-18
0.00153612 -0.000218332 -5.55628e-18
0.00153711 -0.000218405 -3.02642e-18
0.00153812 -0.000218478 1.55316e-18
0.00153914 -0.000218553 -1.79569e-18
0.00154017 -0.000218628 -1.74831e-18
0.00154122 -0.000218704 -4.49829e-18
0.00154228 -0.000218781 -1.27633e-18
0.00154335 -0.000218858 4.31726e-18
0.00154444 -0.000218937 -1.46045e-18
0.00154554 -0.000219016 -4.38828e-18
0.00154666 -0.000219096 -4.16063e-18
0.00154779 -0.000219177 1.96325e-18
0.00154893 -0.000219259 -3.87373e-18
0.00155009 -0.000219342 2.02136e-20
0.00155127 -0.000219425 2.2919e-18
0.00155245 -0.000219509 3.70384e-18
0.00155365 -0.000219594 -1.50261e-18
0.00155487 -0.00021968 -3.18464e-18
0.0015561 -0.000219767 1.24831e-18
0.00155734 -0.000219855 -2.77957e-18
0.0015586 -0.000219943 -3.34879e-18
0.00155987 -0.000220032 1.05011e-18
0.00156115 -0.000220123 -9.49187e-19
0.00156245 -0.000220214 4.60173e-19
0.00156377 -0.000220305 2.111e-18
0.0015651 -0.000220398 -2.71819e-18
0.00156645 -0.000220492 8.17242e-19
0.00156781 -0.000220586 1.54005e-18
0.00156918 -0.000220682 -3.37318e-18
0.00157057 -0.000220778 -4.67972e-19
0.00157197 -0.000220874 -2.24298e-18
0.00157338 -0.000220972 3.5331e-18
0.00157481 -0.00022107 -4.72013e-18
0.00157625 -0.00022117 -7.62505e-20
0.0015777 -0.000221269 2.38272e-18
0.00157916 -0.00022137 1.78555e-18
0.00158064 -0.000221471 -3.78216e-18
0.00158213 -0.000221573 2.5831e-18
0.00158363 -0.000221676 -4.73582e-18
0.00158514 -0.00022178 -3.74839e-18
0.00158667 -0.000221884 5.34131e-19
0.00158821 -0.000221989 -5.94195e-18
0.00158976 -0.000222094 -1.8716e-18
0.00159132 -0.000222201 -2.10786e-18
0.0015929 -0.000222308 -5.95866e-18
0.00159449 -0.000222416 -1.02354e-18
0.00159609 -0.000222524 -2.59328e-18
0.0015977 -0.000222633 -3.63449e-18
0.00159932 -0.000222743 2.31729e-18
0.00160096 -0.000222854 8.64078e-19
0.00160261 -0.000222965 3.45919e-19
0.00160427 -0.000223077 5.21013e-18
0.00160594 -0.00022319 -1.05792e-18
0.00160762 -0.000223303 8.20958e-19
0.00160932 -0.000223417 -4.09621e-18
0.00161103 -0.000223532 -2.46073e-18
0.00161275 -0.000223648 -9.02225e-19
0.00161449 -0.000223765 -2.11643e-18
0.00161624 -0.000223883 2.52562e-18
0.00161801 -0.000224002 9.9579e-19
0.00161978 -0.000224121 -3.34288e-18
0.00162158 -0.000224241 -1.88582e-18
0.00162338 -0.000224362 -1.80314e-18
0.00162519 -0.000224484 -3.21607e-18
0.00162702 -0.000224607 -1.40601e-18
0.00162886 -0.00022473 -8.19111e-19
0.00163071 -0.000224854 3.71072e-19
0.00163258 -0.000224979 -7.12099e-19
0.00163445 -0.000225105 -1.52793e-18
0.00163634 -0.000225231 -1.41492e-18
0.00163823 -0.000225358 -2.83448e-19
0.00164014 -0.000225486 7.04742e-19
0.00164206 -0.000225614 -3.30854e-18
0.00164399 -0.000225743 -4.22279e-18
0.00164593 -0.000225873 -4.89856e-18
0.00164788 -0.000226003 -7.5057e-19
0.00164984 -0.000226134 -8.25203e-19
0.0016518 -0.000226266 -1.60807e-18
0.00165378 -0.000226398 1.41823e-19
0.00165577 -0.000226531 2.64555e-18
0.00165776 -0.000226664 1.80496e-18
0.00165977 -0.000226798 -1.09507e-18
0.00166178 -0.000226933 6.30948e-19
0.0016638 -0.000227068 -3.2253e-18
0.00166583 -0.000227203 -1.21712e-18
0.00166786 -0.000227339 4.12872e-20
0.00166991 -0.000227476 -2.42959e-18
0.00167196 -0.000227613 -1.68406e-18
0.00167402 -0.00022775 1.14225e-18
0.00167608 -0.000227888 -1.26907e-18
0.00167815 -0.000228026 -1.73622e-18
0.00168023 -0.000228165 -1.00243e-18
0.00168232 -0.000228304 -5.92002e-19
0.0016844 -0.000228444 1.04876e-19
0.0016865 -0.000228584 -2.14068e-18
0.0016886 -0.000228724 -3.71656e-18
0.0016907 -0.000228864 1.88123e-18
0.00169281 -0.000229005 -2.68926e-18
0.00169492 -0.000229146 2.31024e-19
0.00169703 -0.000229287 -4.23527e-19
0.00169915 -0.000229429 -2.72912e-18
0.00170127 -0.000229571 8.97856e-19
0.00170339 -0.000229713 -2.29512e-18
0.00170552 -0.000229855 4.43745e-18
0.00170764 -0.000229997 -1.80165e-18
0.00170977 -0.000230139 1.83141e-18
0.0017119 -0.000230281 -2.19726e-18
0.00171403 -0.000230424 -1.77742e-18
0.00171615 -0.000230566 9.73762e-19
0.00171828 -0.000230708 -5.17391e-18
0.0017204 -0.00023085 1.31621e-18
0.00172251 -0.000230992 -2.83309e-19
0.00172461 -0.000231133 -1.53512e-19
0.00172668 -0.000231273 -1.32905e-18
0.00172874 -0.000231411 -5.50833e-18
0.00173077 -0.000231549 -1.84504e-19
0.00173279 -0.000231685 -1.25038e-18
0.00173478 -0.00023182 1.86672e-19
0.00173675 -0.000231954 -1.49106e-18
0.0017387 -0.000232087 2.22465e-18
0.00174062 -0.000232218 -2.86697e-18
0.00174252 -0.000232348 6.48095e-19
0.00174439 -0.000232477 2.83203e-18
0.00174625 -0.000232604 -7.09199e-20
0.00174808 -0.00023272 -5.70369e-19
0.00174988 -0.00023283 -2.21906e-18
0.00175165 -0.000232938 -5.15411e-18
0.00175338 -0.000233045 -1.19173e-18
0.00175507 -0.000233151 -4.43861e-18
0.00175673 -0.000233255 1.79657e-18
0.00175836 -0.000233358 -5.56246e-18
0.00175996 -0.00023346 -1.19823e-18
0.00176153 -0.000233559 -8.92459e-19
0.00176306 -0.000233657 -8.77594e-19
0.00176455 -0.000233754 -8.90779e-19
0.00176602 -0.000233848 -8.02581e-19
0.00176744 -0.000233941 -9.00202e-19
0.00176884 -0.000234032 -1.07462e-18
0.0017702 -0.000234121 -1.02961e-18
0.00177153 -0.000234208 -9.19905e-19
0.00177282 -0.000234293 -8.91574e-19
0.00177407 -0.000234376 -9.88281e-19
0.00177529 -0.000234457 -9.38996e-19
0.00177647 -0.000234536 -1.60119e-19
0.00177761 -0.000234612 1.78015e-18
0.0017787 -0.000234686 -2.21111e-18
0.00177976 -0.000234758 -3.97497e-18
0.00178078 -0.000234827 -1.60614e-18
0.00178176 -0.000234894 -2.41668e-18
0.00178269 -0.000234957 -1.29191e-18
0.00178357 -0.000235018 -8.52336e-19
0.00178442 -0.000235076 -9.8972e-19
0.00178521 -0.00023513 -1.94264e-18
0.00178595 -0.00023518 5.98188e-20
0.00178664 -0.000235226 -8.28957e-19
0.00178728 -0.000235268 -1.21139e-19
0.00178786 -0.000235305 -1.28211e-18
0.00178838 -0.000235337 -1.63654e-19
0.00178885 -0.000235364 -3.39929e-19
0.00178927 -0.000235386 -3.9607e-19
0.00178962 -0.000235403 -1.0765e-18
0.00178992 -0.000235415 -1.84336e-18
0.00179015 -0.000235422 -1.42124e-18
0.00179033 -0.000235423 -3.14418e-18
0.00179044 -0.000235418 -1.10232e-17
0.00179049 -0.000235405 -7.91884e-19
0.00179046 -0.000235382 -1.29608e-18
0.00179035 -0.000235349 2.89046e-19
0.00179017 -0.000235307 2.89043e-19
0.00178991 -0.000235255 2.89049e-19
0.00178958 -0.000235193 2.89055e-19
0.00178916 -0.000235121 2.8906e-19
0.00178867 -0.00023504 2.89066e-19
0.00178809 -0.000234948 2.89072e-19
0.00178744 -0.000234846 2.8908e-19
0.0017867 -0.000234734 2.89087e-19
0.00178588 -0.000234612 2.89096e-19
0.00178498 -0.00023448 2.89105e-19
0.001784 -0.000234338 2.89115e-19
0.00178294 -0.000234185 2.89125e-19
0.00178179 -0.000234023 2.89136e-19
0.00178057 -0.00023385 2.89148e-19
0.00177926 -0.000233666 2.8916e-19
0.00177786 -0.000233473 2.89173e-19
0.00177639 -0.000233269 2.89186e-19
0.00177483 -0.000233056 2.892e-19
0.00177319 -0.000232831 2.89215e-19
0.00177146 -0.000232597 2.89231e-19
0.00176966 -0.000232353 2.89247e-19
0.00176777 -0.000232098 2.89264e-19
0.0017658 -0.000231833 2.89281e-19
0.00176374 -0.000231558 2.89299e-19
0.00176161 -0.000231272 2.89318e-19
0.00175939 -0.000230977 2.89337e-19
0.00175709 -0.000230671 2.89357e-19
0.0017547 -0.000230356 2.89377e-19
0.00175224 -0.00023003 2.89398e-19
0.0017497 -0.000229694 2.8942e-19
0.00174707 -0.000229348 2.89443e-19
0.00174437 -0.000228993 2.89466e-19
0.00174158 -0.000228627 2.89489e-19
0.00173872 -0.000228252 2.89514e-19
0.00173577 -0.000227867 2.89538e-19
0.00173275 -0.000227472 2.89564e-19
0.00172965 -0.000227068 2.8959e-19
0.00172648 -0.000226654 2.89617e-19
0.00172322 -0.000226231 2.89644e-19
0.0017199 -0.000225798 2.89672e-19
0.00171649 -0.000225356 2.897e-19
0.00171302 -0.000224905 2.89729e-19
0.00170946 -0.000224445 2.89759e-19
0.00170584 -0.000223975 2.89789e-19
0.00170214 -0.000223497 2.89819e-19
0.00169837 -0.00022301 2.89851e-19
0.00169453 -0.000222514 2.89882e-19
0.00169062 -0.000222009 2.89915e-19
0.00168664 -0.000221496 2.89948e-19
0.0016826 -0.000220974 2.89981e-19
0.00167848 -0.000220444 2.90015e-19
0.0016743 -0.000219905 2.90049e-19
0.00167005 -0.000219359 2.90084e-19
0.00166574 -0.000218804 2.9012e-19
0.00166137 -0.000218242 2.90156e-19
0.00165693 -0.000217671 2.90192e-19
0.00165243 -0.000217094 2.90229e-19
0.00164788 -0.000216508 2.90267e-19
0.00164326 -0.000215915 2.90305e-19
0.00163858 -0.000215315 2.90343e-19
0.00163385 -0.000214708 2.90382e-19
0.00162906 -0.000214094 2.90421e-19
0.00162422 -0.000213473 2.90461e-19
0.00161933 -0.000212845 2.90501e-19
0.00161438 -0.000212211 2.90541e-19
0.00160938 -0.00021157 2.90582e-19
0.00160433 -0.000210923 2.90623e-19
0.00159924 -0.00021027 2.90665e-19
0.00159409 -0.000209611 2.90707e-19
0.0015889 -0.000208946 2.9075e-19
0.00158366 -0.000208275 2.90793e-19
0.00157838 -0.000207599 2.90836e-19
0.00157306 -0.000206917 2.90879e-19
0.0015677 -0.00020623 2.90923e-19
0.00156229 -0.000205537 2.90968e-19
0.00155685 -0.00020484 2.91012e-19
0.00155137 -0.000204138 2.91057e-19
0.00154585 -0.000203431 2.91102e-19
0.0015403 -0.00020272 2.91148e-19
0.00153472 -0.000202004 2.91193e-19
0.0015291 -0.000201285 2.91239e-19
0.00152345 -0.000200561 2.91286e-19
0.00151777 -0.000199833 2.91332e-19
0.00151206 -0.000199101 2.91379e-19
0.00150632 -0.000198365 2.91426e-19
0.00150056 -0.000197627 2.91474e-19
0.00149477 -0.000196884 2.91521e-19
0.00148896 -0.000196139 2.91569e-19
0.00148313 -0.000195391 2.91617e-19
0.00147727 -0.000194639 2.91665e-19
0.0014714 -0.000193885 2.91713e-19
0.00146551 -0.000193129 2.91762e-19
0.00145959 -0.000192369 2.9181e-19
0.00145367 -0.000191608 2.91859e-19
0.00144772 -0.000190844 2.91908e-19
0.00144176 -0.000190079 2.91958e-19
0.00143579 -0.000189311 2.92007e-19
0.00142981 -0.000188542 2.92056e-19
0.00142382 -0.00018777 2.92106e-19
0.00141781 -0.000186998 2.92155e-19
0.0014118 -0.000186224 2.92205e-19
0.00140578 -0.000185449 2.92255e-19
0.00139975 -0.000184672 2.92305e-19
0.00139372 -0.000183895 2.92355e-19
0.00138769 -0.000183117 2.92405e-19
0.00138165 -0.000182338 2.92455e-19
0.00137561 -0.000181558 2.92506e-19
0.00136957 -0.000180778 2.92556e-19
0.00136352 -0.000179998 2.92606e-19
0.00135748 -0.000179218 2.92657e-19
0.00135144 -0.000178437 2.92707e-19
0.00134541 -0.000177657 2.92758e-19
0.00133938 -0.000176876 2.92808e-19
0.00133335 -0.000176096 2.92859e-19
0.00132733 -0.000175317 2.92909e-19
0.00132132 -0.000174537 2.92959e-19
0.00131531 -0.000173759 2.9301e-19
0.00130932 -0.000172981 2.9306e-19
0.00130333 -0.000172204 2.93111e-19
0.00129735 -0.000171428 2.93161e-19
0.00129139 -0.000170654 2.93211e-19
0.00128544 -0.00016988 2.93261e-19
0.0012795 -0.000169108 2.93312e-19
0.00127358 -0.000168337 2.93362e-19
0.00126767 -0.000167568 2.93412e-19
0.00126178 -0.0001668 2.93462e-19
0.00125591 -0.000166034 2.93512e-19
0.00125005 -0.00016527 2.93561e-19
0.00124421 -0.000164508 2.93611e-19
0.0012384 -0.000163748 2.93661e-19
0.0012326 -0.00016299 2.9371e-19
0.00122682 -0.000162235 2.93759e-19
0.00122107 -0.000161481 2.93809e-19
0.00121533 -0.000160731 2.93858e-19
0.00120962 -0.000159982 2.93907e-19
0.00120394 -0.000159237 2.93956e-19
0.00119828 -0.000158494 2.94004e-19
0.00119265 -0.000157754 2.94053e-19
0.00118704 -0.000157017 2.94101e-19
0.00118146 -0.000156283 2.94149e-19
0.00117591 -0.000155552 2.94197e-19
0.00117038 -0.000154824 2.94245e-19
0.00116489 -0.000154099 2.94293e-19
0.00115942 -0.000153378 2.9434e-19
0.00115399 -0.00015266 2.94387e-19
0.00114858 -0.000151946 2.94435e-19
0.00114321 -0.000151236 2.94481e-19
0.00113787 -0.000150529 2.94528e-19
0.00113256 -0.000149825 2.94574e-19
0.00112729 -0.000149126 2.94621e-19
0.00112205 -0.00014843 2.94667e-19
0.00111684 -0.000147739 2.94712e-19
0.00111167 -0.000147051 2.94758e-19
0.00110653 -0.000146368 2.94803e-19
0.00110143 -0.000145688 2.94848e-19
0.00109636 -0.000145013 2.94893e-19
0.00109133 -0.000144342 2.94938e-19
0.00108634 -0.000143675 2.94982e-19
0.00108139 -0.000143013 2.95026e-19
0.00107647 -0.000142355 2.9507e-19
0.00107159 -0.000141702 2.95113e-19
0.00106675 -0.000141053 2.95157e-19
0.00106194 -0.000140408 2.952e-19
0.00105718 -0.000139769 2.95242e-19
0.00105246 -0.000139133 2.95285e-19
0.00104777 -0.000138503 2.95327e-19
0.00104313 -0.000137877 2.95369e-19
0.00103852 -0.000137256 2.9541e-19
0.00103396 -0.00013664 2.95452e-19
0.00102943 -0.000136029 2.95493e-19
0.00102495 -0.000135422 2.95533e-19
0.0010205 -0.00013482 2.95574e-19
0.0010161 -0.000134223 2.95614e-19
0.00101173 -0.000133631 2.95654e-19
0.00100741 -0.000133044 2.95693e-19
0.00100312 -0.000132462 2.95732e-19
0.00099888 -0.000131884 2.95771e-19
0.000994675 -0.000131311 2.9581e-19
0.00099051 -0.000130743 2.95848e-19
0.000986384 -0.00013018 2.95886e-19
0.000982297 -0.000129621 2.95924e-19
0.00097825 -0.000129068 2.95962e-19
0.000974242 -0.000128519 2.95999e-19
0.000970272 -0.000127975 2.96036e-19
0.000966341 -0.000127435 2.96072e-19
0.000962449 -0.000126901 2.96108e-19
0.000958595 -0.000126371 2.96144e-19
0.000954779 -0.000125846 2.9618e-19
0.000951001 -0.000125325 2.96215e-19
0.000947259 -0.000124809 2.96251e-19
0.000943555 -0.000124298 2.96285e-19
0.000939886 -0.000123791 2.9632e-19
0.000936253 -0.000123288 2.96354e-19
0.000932654 -0.00012279 2.96388e-19
0.000929089 -0.000122296 2.96422e-19
0.000925557 -0.000121806 2.96455e-19
0.000922058 -0.000121321 2.96488e-19
0.000918591 -0.000120839 2.96521e-19
0.000915155 -0.000120362 2.96554e-19
0.00091175 -0.000119888 2.96586e-19
0.000908374 -0.000119418 2.96618e-19
0.000905028 -0.000118952 2.9665e-19
0.00090171 -0.000118489 2.96682e-19
0.000898419 -0.00011803 2.96713e-19
0.000895156 -0.000117575 2.96744e-19
0.00089192 -0.000117123 2.96775e-19
0.000888709 -0.000116674 2.96806e-19
0.000885522 -0.000116229 2.96837e-19
0.00088236 -0.000115787 2.96867e-19
0.000879221 -0.000115348 2.96897e-19
0.000876104 -0.000114912 2.96927e-19
0.000873008 -0.000114478 2.96956e-19
0.000869931 -0.000114047 2.96986e-19
0.000866872 -0.000113619 2.97015e-19
0.000863831 -0.000113193 2.97044e-19
0.000860805 -0.00011277 2.97073e-19
0.000857794 -0.000112348 2.97102e-19
0.000854796 -0.000111928 2.97131e-19
0.000851811 -0.000111511 2.97159e-19
0.000848838 -0.000111094 2.97188e-19
0.000845874 -0.00011068 2.97216e-19
0.000842919 -0.000110267 2.97244e-19
0.000839972 -0.000109855 2.97272e-19
0.000837031 -0.000109444 2.973e-19
0.000834096 -0.000109034 2.97328e-19
0.000831166 -0.000108626 2.97356e-19
0.000828239 -0.000108218 2.97384e-19
0.000825313 -0.00010781 2.97412e-19
0.000822389 -0.000107403 2.97439e-19
0.000819466 -0.000106997 2.97467e-19
0.000816541 -0.00010659 2.97494e-19
0.000813614 -0.000106184 2.97522e-19
0.000810685 -0.000105778 2.97549e-19
0.000807752 -0.000105372 2.97577e-19
0.000804814 -0.000104966 2.97604e-19
0.000801871 -0.000104559 2.97631e-19
0.000798921 -0.000104152 2.97659e-19
0.000795963 -0.000103744 2.97686e-19
0.000792998 -0.000103336 2.97714e-19
0.000790023 -0.000102927 2.97741e-19
0.000787038 -0.000102518 2.97769e-19
0.000784043 -0.000102107 2.97796e-19
0.000781035 -0.000101695 2.97824e-19
0.000778015 -0.000101283 2.97851e-19
0.000774982 -0.000100869 2.97879e-19
0.000771935 -0.000100453 2.97906e-19
0.000768873 -0.000100036 2.97934e-19
0.000765795 -9.96182e-05 2.97962e-19
0.000762701 -9.91983e-05 2.9799e-19
0.00075959 -9.87768e-05 2.98018e-19
0.000756461 -9.83535e-05 2.98046e-19
0.000753314 -9.79284e-05 2.98074e-19
0.000750148 -9.75014e-05 2.98102e-19
0.000746962 -9.70723e-05 2.9813e-19
0.000743755 -9.66411e-05 2.98158e-19
0.000740527 -9.62078e-05 2.98187e-19
0.000737278 -9.57722e-05 2.98215e-19
0.000734006 -9.53343e-05 2.98244e-19
0.000730712 -9.48939e-05 2.98273e-19
0.000727394 -9.44512e-05 2.98302e-19
0.000724052 -9.40059e-05 2.98331e-19
0.000720686 -9.35579e-05 2.9836e-19
0.000717295 -9.31074e-05 2.98389e-19
0.000713879 -9.26541e-05 2.98419e-19
0.000710436 -9.2198e-05 2.98449e-19
0.000706967 -9.1739e-05 2.98478e-19
0.000703471 -9.12771e-05 2.98508e-19
0.000699948 -9.08123e-05 2.98538e-19
0.000696398 -9.03445e-05 2.98569e-19
0.000692819 -8.98736e-05 2.98599e-19
0.000689213 -8.93996e-05 2.98629e-19
0.000685578 -8.89226e-05 2.9866e-19
0.000681915 -8.84424e-05 2.98691e-19
0.000678224 -8.7959e-05 2.98722e-19
0.000674506 -8.7472e-05 2.98754e-19
0.000670764 -8.69814e-05 2.98785e-19
0.000666999 -8.64879e-05 2.98817e-19
0.000663207 -8.59913e-05 2.98849e-19
0.000659387 -8.54915e-05 2.98881e-19
0.000655538 -8.49885e-05 2.98914e-19
0.00065166 -8.44823e-05 2.98946e-19
0.000647754 -8.39729e-05 2.98979e-19
0.000643819 -8.34604e-05 2.99012e-19
0.000639856 -8.29446e-05 2.99045e-19
0.000635865 -8.24257e-05 2.99078e-19
0.000631845 -8.19036e-05 2.99112e-19
0.000627798 -8.13784e-05 2.99145e-19
0.000623722 -8.085e-05 2.99179e-19
0.000619619 -8.03185e-05 2.99213e-19
0.000615489 -7.97838e-05 2.99247e-19
0.000611331 -7.9246e-05 2.99281e-19
0.000607145 -7.87051e-05 2.99316e-19
0.000602933 -7.81612e-05 2.9935e-19
0.000598694 -7.76141e-05 2.99385e-19
0.000594428 -7.7064e-05 2.9942e-19
0.000590134 -7.65107e-05 2.99456e-19
0.000585815 -7.59544e-05 2.99491e-19
0.000581469 -7.53951e-05 2.99526e-19
0.000577097 -7.48328e-05 2.99562e-19
0.0005727 -7.42676e-05 2.99598e-19
0.000568278 -7.36994e-05 2.99634e-19
0.00056383 -7.31283e-05 2.9967e-19
0.000559358 -7.25544e-05 2.99707e-19
0.000554862 -7.19776e-05 2.99743e-19
0.000550341 -7.13979e-05 2.9978e-19
0.000545797 -7.08155e-05 2.99817e-19
0.00054123 -7.02303e-05 2.99854e-19
0.000536641 -6.96423e-05 2.99891e-19
0.000532028 -6.90516e-05 2.99929e-19
0.000527393 -6.84583e-05 2.99966e-19
0.000522736 -6.78623e-05 3.00004e-19
0.000518058 -6.72638e-05 3.00042e-19
0.000513358 -6.66629e-05 3.0008e-19
0.000508638 -6.60595e-05 3.00118e-19
0.000503907 -6.54543e-05 3.00157e-19
0.000499195 -6.48497e-05 3.00195e-19
0.000494517 -6.42467e-05 3.00234e-19
0.000489845 -6.36433e-05 3.00272e-19
0.000485159 -6.30382e-05 3.00311e-19
0.000480458 -6.24311e-05 3.0035e-19
0.000475741 -6.18221e-05 3.00389e-19
0.000471009 -6.12111e-05 3.00428e-19
0.000466262 -6.05983e-05 3.00467e-19
0.000461499 -5.99837e-05 3.00507e-19
0.000456724 -5.93675e-05 3.00546e-19
0.000451934 -5.87495e-05 3.00586e-19
0.000447133 -5.813e-05 3.00626e-19
0.000442319 -5.7509e-05 3.00665e-19
0.000437493 -5.68866e-05 3.00705e-19
0.000432657 -5.62628e-05 3.00745e-19
0.000427811 -5.56377e-05 3.00785e-19
0.000422956 -5.50114e-05 3.00826e-19
0.000418093 -5.4384e-05 3.00866e-19
0.000413222 -5.37557e-05 3.00906e-19
0.000408344 -5.31264e-05 3.00946e-19
0.00040346 -5.24963e-05 3.00987e-19
0.000398571 -5.18655e-05 3.01027e-19
0.000393677 -5.1234e-05 3.01068e-19
0.000388779 -5.06019e-05 3.01108e-19
0.000383879 -4.99694e-05 3.01149e-19
0.000378976 -4.93364e-05 3.0119e-19
0.000374073 -4.87031e-05 3.0123e-19
0.000369169 -4.80696e-05 3.01271e-19
0.000364264 -4.74359e-05 3.01312e-19
0.00035936 -4.68022e-05 3.01353e-19
0.000354458 -4.61685e-05 3.01393e-19
0.000349557 -4.55349e-05 3.01434e-19
0.000344659 -4.49015e-05 3.01475e-19
0.000339765 -4.42684e-05 3.01516e-19
0.000334874 -4.36357e-05 3.01556e-19
0.000329989 -4.30034e-05 3.01597e-19
0.00032511 -4.23717e-05 3.01638e-19
0.000320238 -4.17408e-05 3.01679e-19
0.000315373 -4.11106e-05 3.01719e-19
0.000310516 -4.04813e-05 3.0176e-19
0.000305669 -3.9853e-05 3.018e-19
0.000300832 -3.92257e-05 3.01841e-19
0.000296005 -3.85996e-05 3.01881e-19
0.00029119 -3.79748e-05 3.01922e-19
0.000286388 -3.73514e-05 3.01962e-19
0.000281598 -3.67294e-05 3.02002e-19
0.000276823 -3.6109e-05 3.02043e-19
0.000272062 -3.54902e-05 3.02083e-19
0.000267317 -3.48731e-05 3.02123e-19
0.000262587 -3.42579e-05 3.02162e-19
0.000257875 -3.36447e-05 3.02202e-19
0.000253181 -3.30334e-05 3.02242e-19
0.000248505 -3.24242e-05 3.02281e-19
0.000243848 -3.18172e-05 3.02321e-19
0.00023921 -3.12125e-05 3.0236e-19
0.000234593 -3.06101e-05 3.02399e-19
0.000229998 -3.00102e-05 3.02438e-19
0.000225426 -2.94128e-05 3.02477e-19
0.000220876 -2.88181e-05 3.02516e-19
0.000216354 -2.82262e-05 3.02555e-19
0.000211858 -2.76371e-05 3.02593e-19
0.000207385 -2.70506e-05 3.02631e-19
0.000202936 -2.6467e-05 3.0267e-19
0.000198512 -2.58863e-05 3.02708e-19
0.000194112 -2.53085e-05 3.02745e-19
0.000189738 -2.47337e-05 3.02783e-19
0.00018539 -2.41619e-05 3.0282e-19
0.000181068 -2.35932e-05 3.02858e-19
0.000176772 -2.30277e-05 3.02895e-19
0.000172503 -2.24654e-05 3.02932e-19
0.000168262 -2.19063e-05 3.02969e-19
0.000164048 -2.13506e-05 3.03005e-19
0.000159863 -2.07982e-05 3.03041e-19
0.000155706 -2.02492e-05 3.03078e-19
0.000151578 -1.97037e-05 3.03113e-19
0.000147479 -1.91617e-05 3.03149e-19
0.000143409 -1.86232e-05 3.03185e-19
0.000139369 -1.80882e-05 3.0322e-19
0.000135359 -1.75568e-05 3.03255e-19
0.000131378 -1.70291e-05 3.0329e-19
0.000127427 -1.65049e-05 3.03325e-19
0.000123506 -1.59844e-05 3.03359e-19
0.000119615 -1.54676e-05 3.03393e-19
0.000115754 -1.49544e-05 3.03427e-19
0.000111923 -1.4445e-05 3.03461e-19
0.000108123 -1.39393e-05 3.03494e-19
0.000104348 -1.34367e-05 3.03528e-19
0.000100597 -1.29372e-05 3.03561e-19
9.68802e-05 -1.24417e-05 3.03594e-19
9.31944e-05 -1.195e-05 3.03626e-19
8.95402e-05 -1.14622e-05 3.03659e-19
8.59176e-05 -1.09783e-05 3.03691e-19
8.23268e-05 -1.04983e-05 3.03723e-19
7.87678e-05 -1.00223e-05 3.03755e-19
7.52404e-05 -9.55015e-06 3.03786e-19
7.17444e-05 -9.08189e-06 3.03817e-19
6.82794e-05 -8.61748e-06 3.03848e-19
6.48452e-05 -8.1569e-06 3.03879e-19
6.14415e-05 -7.70011e-06 3.0391e-19
5.8068e-05 -7.24708e-06 3.0394e-19
5.47244e-05 -6.79779e-06 3.0397e-19
5.14104e-05 -6.3522e-06 3.04e-19
4.81257e-05 -5.91029e-06 3.04029e-19
4.48703e-05 -5.47203e-06 3.04059e-19
4.16447e-05 -5.03746e-06 3.04088e-19
3.84498e-05 -4.60665e-06 3.04117e-19
3.52854e-05 -4.17954e-06 3.04145e-19
3.21504e-05 -3.75607e-06 3.04174e-19
2.90439e-05 -3.33616e-06 3.04202e-19
2.59652e-05 -2.91973e-06 3.0423e-19
2.29138e-05 -2.50676e-06 3.04258e-19
1.98893e-05 -2.09718e-06 3.04285e-19
1.68911e-05 -1.69095e-06 3.04313e-19
1.39188e-05 -1.28803e-06 3.0434e-19
1.09718e-05 -8.88347e-07 3.04367e-19
8.04944e-06 -4.91829e-07 3.04394e-19
5.15111e-06 -9.84016e-08 3.0442e-19
2.27611e-06 2.92012e-07 3.04446e-19
-5.76194e-07 6.79485e-07 3.04473e-19
-3.4064e-06 1.06409e-06 3.04499e-19
-6.21519e-06 1.4459e-06 3.04524e-19
-9.00307e-06 1.82498e-06 3.0455e-19
-1.17708e-05 2.20142e-06 3.04575e-19
-1.45188e-05 2.57527e-06 3.04601e-19
-1.72478e-05 2.94661e-06 3.04626e-19
-1.99584e-05 3.31551e-06 3.04651e-19
-2.2651e-05 3.68204e-06 3.04675e-19
-2.53264e-05 4.04626e-06 3.047e-19
-2.7985e-05 4.40824e-06 3.04724e-19
-3.06275e-05 4.76805e-06 3.04749e-19
-3.32543e-05 5.12576e-06 3.04773e-19
-3.58661e-05 5.48143e-06 3.04797e-19
-3.84095e-05 5.83107e-06 3.04821e-19
-4.08713e-05 6.17359e-06 3.04845e-19
-4.32924e-05 6.51221e-06 3.04868e-19
-4.56879e-05 6.84809e-06 3.04891e-19
-4.80725e-05 7.1824e-06 3.04915e-19
-5.04474e-05 7.51526e-06 3.04938e-19
-5.28131e-05 7.84676e-06 3.04961e-19
-5.51702e-05 8.17695e-06 3.04984e-19
-5.75192e-05 8.50592e-06 3.05007e-19
-5.98606e-05 8.83372e-06 3.05029e-19
-6.21952e-05 9.16046e-06 3.05052e-19
-6.45234e-05 9.4862e-06 3.05075e-19
-6.6846e-05 9.81102e-06 3.05097e-19
-6.91634e-05 1.0135e-05 3.0512e-19
-7.14763e-05 1.04582e-05 3.05142e-19
-7.37852e-05 1.07807e-05 3.05165e-19
-7.60908e-05 1.11026e-05 3.05187e-19
-7.83936e-05 1.14239e-05 3.05209e-19
-8.06942e-05 1.17448e-05 3.05232e-19
-8.2993e-05 1.20653e-05 3.05254e-19
-8.52907e-05 1.23854e-05 3.05276e-19
-8.75879e-05 1.27053e-05 3.05298e-19
-8.98849e-05 1.3025e-05 3.0532e-19
-9.21826e-05 1.33445e-05 3.05342e-19
-9.44814e-05 1.36641e-05 3.05364e-19
-9.67819e-05 1.39837e-05 3.05386e-19
-9.90847e-05 1.43034e-05 3.05409e-19
-0.00010139 1.46233e-05 3.05431e-19
-0.000103699 1.49434e-05 3.05453e-19
-0.000106012 1.52639e-05 3.05475e-19
-0.00010833 1.55848e-05 3.05497e-19
-0.000110652 1.59062e-05 3.05519e-19
-0.00011298 1.62281e-05 3.05541e-19
-0.000115313 1.65506e-05 3.05564e-19
-0.000117653 1.68738e-05 3.05586e-19
-0.00012 1.71977e-05 3.05608e-19
-0.000122354 1.75224e-05 3.05631e-19
-0.000124715 1.78479e-05 3.05653e-19
-0.000127082 1.81742e-05 3.05675e-19
-0.000129456 1.85014e-05 3.05698e-19
-0.000131839 1.88295e-05 3.05721e-19
-0.00013423 1.91587e-05 3.05743e-19
-0.00013663 1.9489e-05 3.05766e-19
-0.00013904 1.98205e-05 3.05789e-19
-0.00014146 2.01532e-05 3.05812e-19
-0.000143891 2.04871e-05 3.05835e-19
-0.000146332 2.08223e-05 3.05858e-19
-0.000148784 2.11588e-05 3.05881e-19
-0.000151248 2.14967e-05 3.05904e-19
-0.000153722 2.1836e-05 3.05927e-19
-0.000156193 2.21742e-05 -9.27228e-19
-0.000158625 2.25046e-05 -9.2721e-19
-0.000161079 2.2837e-05 -9.27192e-19
-0.00016355 2.3171e-05 -9.27174e-19
-0.000166037 2.35067e-05 -9.27156e-19
-0.000168539 2.38441e-05 -9.27138e-19
-0.000171056 2.41832e-05 -9.2712e-19
-0.000173586 2.45239e-05 -9.27102e-19
-0.00017613 2.48664e-05 -9.27084e-19
-0.000178689 2.52105e-05 -9.27065e-19
-0.000181261 2.55564e-05 -9.27047e-19
-0.000183847 2.59041e-05 -9.27028e-19
-0.000186447 2.62535e-05 -9.27009e-19
-0.000189061 2.66047e-05 -9.26991e-19
-0.000191689 2.69577e-05 -9.26971e-19
-0.00019433 2.73125e-05 -9.26952e-19
-0.000196986 2.76691e-05 -9.26933e-19
-0.000199655 2.80276e-05 -9.26914e-19
-0.000202339 2.83879e-05 -9.26894e-19
-0.000205036 2.87501e-05 -9.26874e-19
-0.000207748 2.91142e-05 -9.26854e-19
-0.000210474 2.94802e-05 -9.26834e-19
-0.000213215 2.98481e-05 -9.26814e-19
-0.00021597 3.0218e-05 -9.26794e-19
-0.00021874 3.05898e-05 -9.26774e-19
-0.000221524 3.09636e-05 -9.26753e-19
-0.000224322 3.13394e-05 -9.26732e-19
-0.000227136 3.17172e-05 -9.26712e-19
-0.000229964 3.20969e-05 -9.26691e-19
-0.000232807 3.24788e-05 -9.26669e-19
-0.000235665 3.28626e-05 -9.26648e-19
-0.000238538 3.32486e-05 -9.26627e-19
-0.000241426 3.36366e-05 -9.26605e-19
-0.00024433 3.40266e-05 -9.26583e-19
-0.000247248 3.44188e-05 -9.26561e-19
-0.000250182 3.48132e-05 -9.26539e-19
-0.000253131 3.52096e-05 -9.26517e-19
-0.000256096 3.56082e-05 -9.26495e-19
-0.000259077 3.6009e-05 -9.26472e-19
-0.000262073 3.6412e-05 -9.2645e-19
-0.000265085 3.68171e-05 -9.26427e-19
-0.000268113 3.72245e-05 -9.26404e-19
-0.000271157 3.76341e-05 -9.26381e-19
-0.000274217 3.8046e-05 -9.26357e-19
-0.000277293 3.84601e-05 -9.26334e-19
-0.000280386 3.88766e-05 -9.2631e-19
-0.000283495 3.92953e-05 -9.26286e-19
-0.00028662 3.97163e-05 -9.26262e-19
-0.000289763 4.01397e-05 -9.26238e-19
-0.000292922 4.05655e-05 -9.26213e-19
-0.000296098 4.09936e-05 -9.26189e-19
-0.000299292 4.14241e-05 -9.26164e-19
-0.000302502 4.18569e-05 -9.26139e-19
-0.000305729 4.22922e-05 -9.26114e-19
-0.000308973 4.27297e-05 -9.26089e-19
-0.000312233 4.31696e-05 -9.26063e-19
-0.000315509 4.36118e-05 -9.26038e-19
-0.000318802 4.40562e-05 -9.26012e-19
-0.00032211 4.45029e-05 -9.25986e-19
-0.000325434 4.49518e-05 -9.2596e-19
-0.000328774 4.54029e-05 -9.25933e-19
-0.000332129 4.58563e-05 -9.25907e-19
-0.000335499 4.63118e-05 -9.2588e-19
-0.000338885 4.67694e-05 -9.25853e-19
-0.000342285 4.72292e-05 -9.25826e-19
-0.000345701 4.76911e-05 -9.25799e-19
-0.000349131 4.81551e-05 -9.25772e-19
-0.000352576 4.86212e-05 -9.25744e-19
-0.000356035 4.90894e-05 -9.25717e-19
-0.000359509 4.95595e-05 -9.25689e-19
-0.000362995 5.00316e-05 -9.25661e-19
-0.000366496 5.05057e-05 -9.25633e-19
-0.00037001 5.09818e-05 -9.25604e-19
-0.000373534 5.14587e-05 -9.32647e-19
-0.000376925 5.1908e-05 -9.35507e-19
-0.000380232 5.23404e-05 -9.35482e-19
-0.000383581 5.2776e-05 -9.35458e-19
-0.000386962 5.32141e-05 -9.35433e-19
-0.000390368 5.36546e-05 -9.35404e-19
-0.000393795 5.40972e-05 -9.35375e-19
-0.000397239 5.45417e-05 -9.35349e-19
-0.000400701 5.49881e-05 -9.35317e-19
-0.000404177 5.54363e-05 -9.3529e-19
-0.000407667 5.58862e-05 -9.35259e-19
-0.000411171 5.63379e-05 -9.35231e-19
-0.000414688 5.67911e-05 -9.35202e-19
-0.000418218 5.7246e-05 -9.35171e-19
-0.00042176 5.77026e-05 -9.3514e-19
-0.000425315 5.81607e-05 -9.35111e-19
-0.000428882 5.86204e-05 -9.35075e-19
-0.000432461 5.90816e-05 -9.3504e-19
-0.000436052 5.95444e-05 -9.35007e-19
-0.000439655 6.00087e-05 -9.3498e-19
-0.000443269 6.04745e-05 -9.34949e-19
-0.000446895 6.09417e-05 -9.34913e-19
-0.000450532 6.14104e-05 -9.34877e-19
-0.000454181 6.18805e-05 -9.34845e-19
-0.00045784 6.23519e-05 -9.34807e-19
-0.00046151 6.28248e-05 -9.3477e-19
-0.000465191 6.32989e-05 -9.34732e-19
-0.000468882 6.37743e-05 -9.34695e-19
-0.000472583 6.4251e-05 -9.34658e-19
-0.000476295 6.47289e-05 -9.34624e-19
-0.000480017 6.5208e-05 -9.34586e-19
-0.000483748 6.56884e-05 -9.34553e-19
-0.000487489 6.61698e-05 -9.34515e-19
-0.000491239 6.66524e-05 -9.34476e-19
-0.000494999 6.71361e-05 -9.3444e-19
-0.000498768 6.76208e-05 -9.34401e-19
-0.000502545 6.81066e-05 -9.34363e-19
-0.000506332 6.85934e-05 -9.34326e-19
-0.000510127 6.90812e-05 -9.34289e-19
-0.00051393 6.95699e-05 -9.34253e-19
-0.000517742 7.00596e-05 -9.34216e-19
-0.000521559 7.055e-05 -9.34179e-19
-0.000525382 7.10412e-05 -9.34137e-19
-0.000529211 7.15331e-05 -9.34093e-19
-0.000533047 7.20258e-05 -9.34048e-19
-0.00053689 7.25193e-05 -9.3401e-19
-0.000540741 7.30136e-05 -9.33972e-19
-0.0005446 7.35088e-05 -9.3393e-19
-0.000548466 7.40048e-05 -9.33889e-19
-0.000552379 7.45122e-05 -9.33929e-19
-0.000556262 7.50101e-05 -9.34523e-19
-0.000560153 7.55088e-05 -9.34572e-19
-0.000564053 7.60082e-05 -9.40274e-19
-0.000567959 7.65084e-05 -9.35498e-19
-0.000571874 7.70094e-05 -9.35527e-19
-0.000575797 7.75111e-05 -9.36003e-19
-0.000579727 7.80135e-05 -9.37601e-19
-0.000583665 7.85166e-05 -9.36735e-19
-0.000587611 7.90204e-05 -9.36027e-19
-0.000591564 7.95249e-05 -9.32436e-19
-0.000595525 8.003e-05 -9.37226e-19
-0.000599492 8.05358e-05 -9.3272e-19
-0.000603467 8.10421e-05 -9.33138e-19
-0.000607449 8.1549e-05 -9.34566e-19
-0.000611438 8.20565e-05 -9.33715e-19
-0.000615435 8.25645e-05 -9.33018e-19
-0.000619438 8.30731e-05 -9.3387e-19
-0.000623448 8.35821e-05 -9.30965e-19
-0.000627465 8.40917e-05 -9.32948e-19
-0.000631488 8.46016e-05 -9.35673e-19
-0.000635516 8.5112e-05 -9.37559e-19
-0.000639551 8.56227e-05 -9.31834e-19
-0.00064359 8.61338e-05 -9.38335e-19
-0.000647635 8.66451e-05 -9.34245e-19
-0.000651685 8.71567e-05 -9.35235e-19
-0.00065574 8.76686e-05 -9.34391e-19
-0.000659799 8.81806e-05 -9.33815e-19
-0.000663794 8.86712e-05 -9.31233e-19
-0.000667762 8.91526e-05 -9.29018e-19
-0.000671736 8.96349e-05 -9.29321e-19
-0.000675714 9.0118e-05 -9.34019e-19
-0.000679696 9.06015e-05 -9.26452e-19
-0.000683681 9.10854e-05 -9.2843e-19
-0.000687669 9.15694e-05 -9.25975e-19
-0.000691661 9.20534e-05 -9.28007e-19
-0.000695654 9.25375e-05 -9.26116e-19
-0.00069965 9.30215e-05 -9.29452e-19
-0.000703647 9.35054e-05 -9.28253e-19
-0.000707646 9.39891e-05 -9.25771e-19
-0.000711646 9.44727e-05 -9.24222e-19
-0.000715648 9.49561e-05 -9.23354e-19
-0.000719651 9.54392e-05 -9.24009e-19
-0.000723654 9.59221e-05 -9.31195e-19
-0.000727658 9.64046e-05 -9.24899e-19
-0.000731661 9.68868e-05 -9.26726e-19
-0.000735665 9.73686e-05 -9.24137e-19
-0.000739668 9.785e-05 -9.24478e-19
-0.00074367 9.83309e-05 -9.26153e-19
-0.000747404 9.8767e-05 -9.32559e-19
-0.000751162 9.92012e-05 -9.37943e-19
-0.000754946 9.96357e-05 -9.32349e-19
-0.000758746 0.00010007 -9.39483e-19
-0.000762556 0.000100505 -9.36628e-19
-0.000766372 0.000100939 -9.41595e-19
-0.000770191 0.000101372 -9.34691e-19
-0.00077401 0.000101805 -9.36094e-19
-0.000777827 0.000102237 -9.36857e-19
-0.000781642 0.000102669 -9.38051e-19
-0.000785454 0.000103099 -9.46113e-19
-0.000789261 0.000103529 -9.38353e-19
-0.000793063 0.000103958 -9.40395e-19
-0.000796859 0.000104386 -9.35594e-19
-0.000800648 0.000104813 -9.34351e-19
-0.000804431 0.000105239 -9.33866e-19
-0.000808205 0.000105664 -9.39591e-19
-0.000811972 0.000106087 -9.3724e-19
-0.00081573 0.00010651 -9.44545e-19
-0.000819479 0.000106931 -9.36004e-19
-0.000823218 0.00010735 -9.32365e-19
-0.000826947 0.000107769 -9.35271e-19
-0.000830665 0.000108185 -9.35912e-19
-0.000834372 0.000108601 -9.38277e-19
-0.000838067 0.000109015 -9.43503e-19
-0.00084175 0.000109427 -9.39151e-19
-0.00084542 0.000109837 -9.39466e-19
-0.000849077 0.000110246 -9.39663e-19
-0.00085272 0.000110653 -9.3993e-19
-0.000856348 0.000111059 -9.32648e-19
-0.000859961 0.000111462 -9.39132e-19
-0.000863557 0.000111863 -9.47057e-19
-0.000867138 0.000112263 -9.40282e-19
-0.000870701 0.00011266 -9.38865e-19
-0.000874247 0.000113055 -9.4822e-19
-0.000877774 0.000113448 -9.36014e-19
-0.000881282 0.000113839 -9.36301e-19
-0.000884771 0.000114228 -9.33631e-19
-0.00088824 0.000114614 -9.41167e-19
-0.000891688 0.000114998 -9.37735e-19
-0.000895115 0.000115379 -9.39202e-19
-0.00089852 0.000115757 -9.35443e-19
-0.000901902 0.000116134 -9.36387e-19
-0.000905261 0.000116507 -9.40671e-19
-0.000908596 0.000116878 -9.28776e-19
-0.000911906 0.000117245 -9.44069e-19
-0.00091519 0.00011761 -9.4081e-19
-0.000918444 0.000117972 -9.31817e-19
-0.000921645 0.000118329 -9.44196e-19
-0.000924778 0.000118681 -9.31293e-19
-0.000927851 0.000119027 -9.39871e-19
-0.000930876 0.000119368 -9.44949e-19
-0.00093386 0.000119706 -9.41775e-19
-0.000936807 0.00012004 -9.30576e-19
-0.00093972 0.00012037 -9.32521e-19
-0.000942599 0.000120697 -9.38405e-19
-0.000945445 0.00012102 -9.35207e-19
-0.000948259 0.000121339 -9.34015e-19
-0.00095104 0.000121655 -9.4661e-19
-0.000953787 0.000121967 -9.34637e-19
-0.000956498 0.000122275 -9.42951e-19
-0.00095917 0.000122578 -9.3932e-19
-0.000961808 0.000122878 -9.38146e-19
-0.000964411 0.000123173 -9.3672e-19
-0.000966978 0.000123465 -9.41885e-19
-0.000969509 0.000123753 -9.38452e-19
-0.000972003 0.000124036 -9.388e-19
-0.000974459 0.000124316 -9.42019e-19
-0.000976877 0.000124591 -9.32262e-19
-0.000979256 0.000124863 -9.46602e-19
-0.000981595 0.000125129 -9.33902e-19
-0.000983894 0.000125392 -9.38281e-19
-0.000986153 0.00012565 -9.41515e-19
-0.000988371 0.000125904 -9.34308e-19
-0.000990547 0.000126153 -9.46626e-19
-0.000992681 0.000126398 -9.35984e-19
-0.000994772 0.000126639 -9.49785e-19
-0.000996821 0.000126874 -9.39696e-19
-0.000998827 0.000127106 -9.45452e-19
-0.00100079 0.000127332 -9.33847e-19
-0.00100271 0.000127554 -9.40883e-19
-0.00100458 0.000127771 -9.41052e-19
-0.00100641 0.000127983 -9.44369e-19
-0.00100819 0.000128191 -9.36638e-19
-0.00100993 0.000128393 -9.40177e-19
-0.00101162 0.000128591 -9.36557e-19
-0.00101327 0.000128784 -9.46913e-19
-0.00101487 0.000128973 -9.46009e-19
-0.00101642 0.000129156 -9.38399e-19
-0.00101793 0.000129334 -9.41856e-19
-0.00101939 0.000129508 -9.3243e-19
-0.00102081 0.000129676 -9.44118e-19
-0.00102218 0.00012984 -9.42726e-19
-0.0010235 0.000129998 -9.39874e-19
-0.00102477 0.000130152 -9.46459e-19
-0.001026 0.000130301 -9.36918e-19
-0.00102718 0.000130444 -9.459e-19
-0.00102831 0.000130583 -9.3529e-19
-0.00102939 0.000130717 -9.42266e-19
-0.00103043 0.000130845 -9.36728e-19
-0.00103142 0.000130969 -9.37624e-19
-0.00103237 0.000131088 -9.43088e-19
-0.00103326 0.000131202 -9.43545e-19
-0.00103411 0.00013131 -9.40732e-19
-0.00103491 0.000131414 -9.40881e-19
-0.00103567 0.000131513 -9.34301e-19
-0.00103638 0.000131607 -9.42019e-19
-0.00103704 0.000131697 -9.26827e-19
-0.00103766 0.000131781 -9.44488e-19
-0.00103823 0.00013186 -9.35924e-19
-0.00103876 0.000131935 -9.36734e-19
-0.00103924 0.000132005 -9.4211e-19
-0.00103967 0.00013207 -9.39123e-19
-0.00104006 0.00013213 -9.39085e-19
-0.00104041 0.000132186 -9.40105e-19
-0.00104071 0.000132237 -9.40103e-19
-0.00104097 0.000132283 -9.40099e-19
-0.00104118 0.000132324 -9.40096e-19
-0.00104135 0.000132361 -9.40094e-19
-0.00104148 0.000132393 -9.40092e-19
-0.00104157 0.000132421 -9.4009e-19
-0.00104161 0.000132445 -9.40088e-19
-0.00104162 0.000132464 -9.40086e-19
-0.00104158 0.000132479 -9.40085e-19
-0.0010415 0.000132489 -9.40084e-19
-0.00104139 0.000132495 -9.40083e-19
-0.00104123 0.000132497 -9.40082e-19
-0.00104104 0.000132495 -9.40082e-19
-0.0010408 0.000132489 -9.40081e-19
-0.00104053 0.000132479 -9.40081e-19
-0.00104023 0.000132465 -9.40081e-19
-0.00103989 0.000132447 -9.4008e-19
-0.00103951 0.000132425 -9.40081e-19
-0.00103909 0.000132398 -9.4008e-19
-0.00103864 0.000132367 -9.40081e-19
-0.00103814 0.000132331 -9.40081e-19
-0.00103761 0.00013229 -9.40082e-19
-0.00103704 0.000132244 -9.40083e-19
-0.00103643 0.000132194 -9.40084e-19
-0.00103579 0.000132139 -9.40086e-19
-0.00103512 0.00013208 -9.40087e-19
-0.00103441 0.000132016 -9.40089e-19
-0.00103367 0.000131948 -9.40092e-19
-0.0010329 0.000131876 -9.40094e-19
-0.00103209 0.0001318 -9.40097e-19
-0.00103126 0.000131721 -9.40101e-19
-0.0010304 0.000131637 -9.40104e-19
-0.00102951 0.000131549 -9.40108e-19
-0.00102859 0.000131458 -9.40111e-19
-0.00102765 0.000131363 -9.40116e-19
-0.00102668 0.000131264 -9.4012e-19
-0.00102569 0.000131163 -9.40124e-19
-0.00102467 0.000131058 -9.40129e-19
-0.00102363 0.000130949 -9.40134e-19
-0.00102256 0.000130838 -9.4014e-19
-0.00102148 0.000130723 -9.40145e-19
-0.00102038 0.000130606 -9.40151e-19
-0.00101925 0.000130486 -9.40156e-19
-0.00101811 0.000130363 -9.40162e-19
-0.00101695 0.000130237 -9.40169e-19
-0.00101578 0.000130109 -9.40175e-19
-0.00101458 0.000129978 -9.40182e-19
-0.00101338 0.000129846 -9.40188e-19
-0.00101216 0.000129711 -9.40195e-19
-0.00101092 0.000129574 -9.40202e-19
-0.00100968 0.000129435 -9.40209e-19
-0.00100843 0.000129294 -9.40217e-19
-0.00100716 0.000129151 -9.40224e-19
-0.00100589 0.000129007 -9.40232e-19
-0.00100461 0.000128862 -9.4024e-19
-0.00100333 0.000128715 -9.40247e-19
-0.00100204 0.000128567 -9.40255e-19
-0.00100074 0.000128418 -9.40264e-19
-0.000999445 0.000128267 -9.40272e-19
-0.00099814 0.000128116 -9.4028e-19
-0.000996833 0.000127963 -9.40288e-19
-0.000995523 0.00012781 -9.40297e-19
-0.000994211 0.000127656 -9.40305e-19
-0.0009929 0.000127502 -9.40314e-19
-0.000991589 0.000127347 -9.40323e-19
-0.00099028 0.000127191 -9.40331e-19
-0.000988973 0.000127036 -9.4034e-19
-0.00098767 0.00012688 -9.40349e-19
-0.000986371 0.000126724 -9.40358e-19
-0.000985078 0.000126568 -9.40367e-19
-0.000983791 0.000126413 -9.40376e-19
-0.000982511 0.000126258 -9.40385e-19
-0.000981239 0.000126103 -9.40394e-19
-0.000979976 0.000125948 -9.40403e-19
-0.000978722 0.000125794 -9.40412e-19
-0.000977479 0.000125641 -9.40421e-19
-0.000976247 0.000125488 -9.4043e-19
-0.000975027 0.000125336 -9.40439e-19
-0.00097382 0.000125185 -9.40448e-19
-0.000972627 0.000125036 -9.40457e-19
-0.000971448 0.000124887 -9.40466e-19
-0.000970285 0.000124739 -9.40475e-19
-0.000969137 0.000124593 -9.40484e-19
-0.000968006 0.000124448 -9.40493e-19
-0.000966892 0.000124305 -9.40502e-19
-0.000965796 0.000124163 -9.40511e-19
-0.000964718 0.000124022 -9.40519e-19
-0.00096366 0.000123884 -9.40528e-19
-0.000962621 0.000123747 -9.40537e-19
-0.000961602 0.000123611 -9.40545e-19
-0.000960605 0.000123478 -9.40554e-19
-0.000959628 0.000123347 -9.40562e-19
-0.000958674 0.000123217 -9.40571e-19
-0.000957742 0.00012309 -9.40579e-19
-0.000956834 0.000122965 -9.40587e-19
-0.000955948 0.000122842 -9.40596e-19
-0.000955087 0.000122722 -9.40604e-19
-0.000954249 0.000122603 -9.40612e-19
-0.000953437 0.000122487 -9.4062e-19
-0.000952649 0.000122374 -9.40627e-19
-0.000951887 0.000122262 -9.40635e-19
-0.00095115 0.000122154 -9.40643e-19
-0.000950439 0.000122048 -9.4065e-19
-0.000949755 0.000121944 -9.40658e-19
-0.000949097 0.000121843 -9.40665e-19
-0.000948466 0.000121745 -9.40672e-19
-0.000947861 0.00012165 -9.40679e-19
-0.000947284 0.000121557 -9.40686e-19
-0.000946734 0.000121467 -9.40693e-19
-0.000946212 0.000121379 -9.407e-19
-0.000945717 0.000121295 -9.40706e-19
-0.000945249 0.000121213 -9.40713e-19
-0.00094481 0.000121134 -9.40719e-19
-0.000944397 0.000121058 -9.40725e-19
-0.000944013 0.000120985 -9.40732e-19
-0.000943656 0.000120915 -9.40737e-19
-0.000943327 0.000120847 -9.40743e-19
-0.000943026 0.000120782 -9.40749e-19
-0.000942752 0.000120721 -9.40755e-19
-0.000942506 0.000120662 -9.4076e-19
-0.000942287 0.000120606 -9.40765e-19
-0.000942095 0.000120553 -9.4077e-19
-0.000941931 0.000120502 -9.40775e-19
-0.000941793 0.000120455 -9.4078e-19
-0.000941682 0.00012041 -9.40785e-19
-0.000941597 0.000120368 -9.4079e-19
-0.000941539 0.000120329 -9.40794e-19
-0.000941507 0.000120293 -9.40798e-19
-0.000941501 0.00012026 -9.40803e-19
-0.00094152 0.000120229 -9.40807e-19
-0.000941565 0.000120201 -9.40811e-19
-0.000941635 0.000120176 -9.40814e-19
-0.000941731 0.000120154 -9.40818e-19
-0.00094185 0.000120134 -9.40822e-19
-0.000941994 0.000120117 -9.40825e-19
-0.000942162 0.000120103 -9.40828e-19
-0.000942354 0.000120091 -9.40831e-19
-0.000942569 0.000120082 -9.40834e-19
-0.000942807 0.000120075 -9.40837e-19
-0.000943067 0.000120071 -9.4084e-19
-0.00094335 0.00012007 -9.40842e-19
-0.000943655 0.000120071 -9.40845e-19
-0.000943981 0.000120074 -9.40847e-19
-0.000944328 0.00012008 -9.40849e-19
-0.000944695 0.000120088 -9.40851e-19
-0.000945083 0.000120099 -9.40853e-19
-0.00094549 0.000120112 -9.40855e-19
-0.000945916 0.000120127 -9.40857e-19
-0.000946361 0.000120144 -9.40858e-19
-0.000946824 0.000120164 -9.4086e-19
-0.000947303 0.000120185 -9.40861e-19
-0.000947799 0.000120209 -9.40862e-19
-0.000948311 0.000120234 -9.40863e-19
-0.000948839 0.000120261 -9.40864e-19
-0.000949381 0.000120291 -9.40865e-19
-0.000949937 0.000120321 -9.40866e-19
-0.000950507 0.000120354 -9.40866e-19
-0.00095109 0.000120388 -9.40867e-19
-0.000951684 0.000120424 -9.40867e-19
-0.000952291 0.000120461 -9.40868e-19
-0.000952908 0.0001205 -9.40868e-19
-0.000953536 0.00012054 -9.40868e-19
-0.000954173 0.000120582 -9.40868e-19
-0.000954819 0.000120625 -9.40868e-19
-0.000955474 0.000120669 -9.40868e-19
-0.000956137 0.000120714 -9.40868e-19
-0.000956807 0.00012076 -9.40868e-19
-0.000957483 0.000120808 -9.40867e-19
-0.000958165 0.000120856 -9.40867e-19
-0.000958852 0.000120905 -9.40866e-19
-0.000959543 0.000120955 -9.40866e-19
-0.000960239 0.000121006 -9.40865e-19
-0.000960937 0.000121057 -9.40865e-19
-0.000961637 0.000121109 -9.40864e-19
-0.000962339 0.000121162 -9.40863e-19
-0.000963042 0.000121215 -9.40862e-19
-0.000963746 0.000121268 -9.40861e-19
-0.000964449 0.000121322 -9.4086e-19
-0.000965152 0.000121376 -9.40859e-19
-0.000965853 0.00012143 -9.40858e-19
-0.000966552 0.000121485 -9.40857e-19
-0.000967248 0.000121539 -9.40856e-19
-0.000967941 0.000121594 -9.40855e-19
-0.000968631 0.000121649 -9.40854e-19
-0.000969316 0.000121703 -9.40853e-19
-0.000969997 0.000121757 -9.40852e-19
-0.000970672 0.000121812 -9.4085e-19
-0.000971342 0.000121866 -9.40849e-19
-0.000972005 0.00012192 -9.40848e-19
-0.000972662 0.000121973 -9.40847e-19
-0.000973312 0.000122026 -9.40845e-19
-0.000973955 0.000122079 -9.40844e-19
-0.00097459 0.000122132 -9.40843e-19
-0.000975217 0.000122184 -9.40841e-19
-0.000975835 0.000122235 -9.4084e-19
-0.000976445 0.000122286 -9.40838e-19
-0.000977045 0.000122337 -9.40837e-19
-0.000977636 0.000122386 -9.40836e-19
-0.000978218 0.000122436 -9.40834e-19
-0.000978789 0.000122484 -9.40833e-19
-0.000979351 0.000122532 -9.40831e-19
-0.000979902 0.00012258 -9.4083e-19
-0.000980443 0.000122627 -9.40829e-19
-0.000980973 0.000122673 -9.40827e-19
-0.000981492 0.000122718 -9.40826e-19
-0.000982 0.000122762 -9.40824e-19
-0.000982497 0.000122806 -9.40823e-19
-0.000982983 0.000122849 -9.40822e-19
-0.000983458 0.000122892 -9.4082e-19
-0.000983923 0.000122934 -9.40819e-19
-0.000984378 0.000122975 -9.40817e-19
-0.000984822 0.000123016 -9.40816e-19
-0.000985257 0.000123056 -9.40814e-19
-0.000985682 0.000123096 -9.40813e-19
-0.000986097 0.000123135 -9.40811e-19
-0.000986504 0.000123173 -9.4081e-19
-0.000986901 0.000123211 -9.40808e-19
-0.00098729 0.000123249 -9.40807e-19
-0.000987671 0.000123287 -9.40805e-19
-0.000988044 0.000123324 -9.40803e-19
-0.00098841 0.000123361 -9.40802e-19
-0.000988768 0.000123397 -9.408e-19
-0.000989119 0.000123434 -9.40798e-19
-0.000989465 0.00012347 -9.40797e-19
-0.000989804 0.000123506 -9.40795e-19
-0.000990138 0.000123543 -9.40793e-19
-0.000990466 0.000123579 -9.40791e-19
-0.00099079 0.000123615 -9.40789e-19
-0.00099111 0.000123652 -9.40787e-19
-0.000991426 0.000123688 -9.40785e-19
-0.000991739 0.000123725 -9.40783e-19
-0.000992048 0.000123762 -9.40781e-19
-0.000992355 0.0001238 -9.40779e-19
-0.00099266 0.000123837 -9.40776e-19
-0.000992964 0.000123876 -9.40774e-19
-0.000993267 0.000123914 -9.40772e-19
-0.000993569 0.000123954 -9.40769e-19
-0.000993871 0.000123994 -9.40767e-19
-0.000994174 0.000124034 -9.40764e-19
-0.000994478 0.000124075 -9.40761e-19
-0.000994783 0.000124117 -9.40758e-19
-0.000995091 0.00012416 -9.40755e-19
-0.000995402 0.000124204 -9.40752e-19
-0.000995716 0.000124249 -9.40749e-19
-0.000996034 0.000124295 -9.40746e-19
-0.000996357 0.000124342 -9.40743e-19
-0.000996685 0.00012439 -9.40739e-19
-0.000997018 0.00012444 -9.40736e-19
-0.000997358 0.00012449 -9.40732e-19
-0.000997704 0.000124542 -9.40728e-19
-0.000998057 0.000124596 -9.40724e-19
-0.000998417 0.000124651 -9.4072e-19
-0.000998786 0.000124707 -9.40716e-19
-0.000999163 0.000124765 -9.40712e-19
-0.000999549 0.000124824 -9.40708e-19
-0.000999945 0.000124886 -9.40703e-19
-0.00100035 0.000124949 -9.40699e-19
-0.00100077 0.000125013 -9.40694e-19
-0.00100119 0.00012508 -9.40689e-19
-0.00100163 0.000125148 -9.40684e-19
-0.00100208 0.000125218 -9.40679e-19
-0.00100255 0.000125291 -9.40673e-19
-0.00100302 0.000125365 -9.40668e-19
-0.00100351 0.000125441 -9.40662e-19
-0.00100402 0.00012552 -9.40656e-19
-0.00100454 0.000125601 -9.4065e-19
-0.00100507 0.000125684 -9.40644e-19
-0.00100562 0.000125769 -9.40638e-19
-0.00100618 0.000125856 -9.40631e-19
-0.00100676 0.000125946 -9.40625e-19
-0.00100736 0.000126038 -9.40618e-19
-0.00100797 0.000126132 -9.40611e-19
-0.00100859 0.000126228 -9.40604e-19
-0.00100923 0.000126327 -9.40597e-19
-0.00100989 0.000126428 -9.40589e-19
-0.00101056 0.000126531 -9.40582e-19
-0.00101124 0.000126636 -9.40574e-19
-0.00101194 0.000126744 -9.40566e-19
-0.00101266 0.000126853 -9.40558e-19
-0.00101339 0.000126965 -9.4055e-19
-0.00101414 0.00012708 -9.40542e-19
-0.00101491 0.000127196 -9.40534e-19
-0.00101569 0.000127315 -9.40525e-19
-0.00101648 0.000127436 -9.40516e-19
-0.00101729 0.000127559 -9.40507e-19
-0.00101812 0.000127684 -9.40498e-19
-0.00101897 0.000127812 -9.40489e-19
-0.00101983 0.000127941 -9.4048e-19
-0.0010207 0.000128073 -9.4047e-19
-0.00102159 0.000128207 -9.4046e-19
-0.0010225 0.000128344 -9.40451e-19
-0.00102342 0.000128482 -9.40441e-19
-0.00102436 0.000128623 -9.40431e-19
-0.00102532 0.000128766 -9.4042e-19
-0.00102629 0.000128911 -9.4041e-19
-0.00102727 0.000129058 -9.404e-19
-0.00102828 0.000129208 -9.40389e-19
-0.0010293 0.000129359 -9.40378e-19
-0.00103033 0.000129513 -9.40367e-19
-0.00103138 0.000129669 -9.40356e-19
-0.00103245 0.000129827 -9.40345e-19
-0.00103353 0.000129987 -9.40334e-19
-0.00103462 0.000130149 -9.40322e-19
-0.00103574 0.000130313 -9.4031e-19
-0.00103687 0.000130479 -9.40299e-19
-0.00103801 0.000130648 -9.40287e-19
-0.00103917 0.000130818 -9.40275e-19
-0.00104034 0.00013099 -9.40263e-19
-0.00104153 0.000131165 -9.4025e-19
-0.00104273 0.000131341 -9.40238e-19
-0.00104395 0.000131519 -9.40226e-19
-0.00104512 0.000131691 -9.36729e-19
-0.00104617 0.000131838 -9.47687e-19
-0.00104724 0.000131985 -9.47698e-19
-0.00104834 0.000132134 -9.47704e-19
-0.00104947 0.000132284 -9.47714e-19
-0.00105061 0.000132436 -9.47718e-19
-0.00105178 0.00013259 -9.4773e-19
-0.00105296 0.000132745 -9.47742e-19
-0.00105415 0.000132902 -9.47752e-19
-0.00105533 0.000133054 -9.37688e-19
-0.00105648 0.000133195 -9.49853e-19
-0.00105763 0.000133337 -9.35639e-19
-0.0010588 0.000133481 -9.39247e-19
-0.00105997 0.000133626 -9.37316e-19
-0.00106115 0.000133772 -9.43233e-19
-0.00106234 0.000133919 -9.41068e-19
-0.00106351 0.000134066 -9.41563e-19
-0.00106465 0.000134211 -9.34248e-19
-0.00106575 0.000134354 -9.48137e-19
-0.00106681 0.000134495 -9.39315e-19
-0.00106787 0.000134636 -9.43693e-19
-0.00106891 0.000134776 -9.35009e-19
-0.00106996 0.000134917 -9.53389e-19
-0.001071 0.000135058 -9.4215e-19
-0.00107205 0.0001352 -9.44841e-19
-0.0010731 0.000135342 -9.39997e-19
-0.00107415 0.000135485 -9.46232e-19
-0.00107521 0.000135628 -9.31899e-19
-0.00107627 0.000135772 -9.41844e-19
-0.00107733 0.000135916 -9.4075e-19
-0.0010784 0.000136061 -9.40596e-19
-0.00107948 0.000136207 -9.35282e-19
-0.00108055 0.000136352 -9.40561e-19
-0.00108163 0.000136498 -9.39374e-19
-0.00108271 0.000136645 -9.40472e-19
-0.0010838 0.000136792 -9.37575e-19
-0.00108488 0.000136939 -9.32581e-19
-0.00108597 0.000137086 -9.38009e-19
-0.00108706 0.000137234 -9.40942e-19
-0.00108815 0.000137382 -9.41004e-19
-0.00108924 0.00013753 -9.39712e-19
-0.00109033 0.000137678 -9.47366e-19
-0.00109142 0.000137826 -9.316e-19
-0.00109252 0.000137974 -9.42238e-19
-0.00109361 0.000138123 -9.38341e-19
-0.0010947 0.000138271 -9.45599e-19
-0.00109579 0.00013842 -9.33597e-19
-0.00109688 0.000138568 -9.48049e-19
-0.00109797 0.000138716 -9.39793e-19
-0.00109905 0.000138865 -9.41041e-19
-0.00110013 0.000139014 -9.32252e-19
-0.00110121 0.000139162 -9.43405e-19
-0.00110229 0.000139311 -9.35763e-19
-0.00110336 0.00013946 -9.43433e-19
-0.00110443 0.000139608 -9.35475e-19
-0.0011055 0.000139756 -9.41191e-19
-0.00110656 0.000139903 -9.35467e-19
-0.00110761 0.000140051 -9.50481e-19
-0.00110867 0.000140198 -9.37763e-19
-0.00110971 0.000140344 -9.44291e-19
-0.00111076 0.00014049 -9.37947e-19
-0.0011118 0.000140636 -9.41637e-19
-0.00111283 0.000140781 -9.37172e-19
-0.00111386 0.000140926 -9.35438e-19
-0.00111489 0.000141071 -9.45796e-19
-0.00111591 0.000141215 -9.3119e-19
-0.00111693 0.000141359 -9.4849e-19
-0.00111794 0.000141502 -9.37204e-19
-0.00111895 0.000141645 -9.45568e-19
-0.00111995 0.000141787 -9.37574e-19
-0.00112095 0.000141929 -9.57781e-19
-0.00112195 0.000142071 -9.42702e-19
-0.00112294 0.000142212 -9.3754e-19
-0.00112392 0.000142352 -9.46969e-19
-0.0011249 0.000142492 -9.3794e-19
-0.00112588 0.000142632 -9.40002e-19
-0.00112685 0.000142771 -9.39291e-19
-0.00112777 0.000142902 -9.39038e-19
-0.00112861 0.00014302 -9.39078e-19
-0.00112947 0.000143138 -9.39115e-19
-0.00113033 0.000143256 -9.39152e-19
-0.00113119 0.000143374 -9.39185e-19
-0.00113206 0.000143491 -9.39224e-19
-0.00113292 0.000143608 -9.39261e-19
-0.00113378 0.000143725 -9.39296e-19
-0.00113465 0.000143841 -9.39333e-19
-0.00113551 0.000143957 -9.39374e-19
-0.00113636 0.000144073 -9.39412e-19
-0.00113722 0.000144188 -9.39449e-19
-0.00113807 0.000144304 -9.35103e-19
-0.00113892 0.000144419 -9.3514e-19
-0.00113977 0.000144533 -9.35177e-19
-0.00114062 0.000144648 -9.33818e-19
-0.00114146 0.000144762 -9.2296e-19
-0.0011423 0.000144876 -9.22999e-19
-0.00114315 0.00014499 -9.23034e-19
-0.00114399 0.000145104 -9.23076e-19
-0.00114482 0.000145217 -9.23112e-19
-0.00114566 0.000145331 -9.23153e-19
-0.0011465 0.000145444 -9.23198e-19
-0.00114734 0.000145557 -9.2323e-19
-0.00114817 0.00014567 -9.23271e-19
-0.00114901 0.000145783 -9.23307e-19
-0.00114985 0.000145896 -9.23349e-19
-0.00115068 0.000146009 -9.23389e-19
-0.00115152 0.000146122 -9.22407e-19
-0.00115236 0.000146235 -9.22448e-19
-0.0011532 0.000146348 -9.2249e-19
-0.00115404 0.000146461 -9.22521e-19
-0.00115488 0.000146574 -9.2256e-19
-0.00115573 0.000146687 -9.22608e-19
-0.00115657 0.0001468 -9.2264e-19
-0.00115742 0.000146913 -9.22679e-19
-0.00115827 0.000147026 1.5616e-16
-0.00115913 0.00014714 2.31965e-16
-0.00115998 0.000147253 2.25557e-16
-0.00116102 0.000147404 -1.77288e-17
-0.00116184 0.000147503 -3.89841e-18
-0.00116267 0.000147605 -1.18778e-18
-0.0011635 0.000147707 -9.90576e-19
-0.00116434 0.000147809 2.79211e-18
-0.00116518 0.000147913 -6.96156e-19
-0.00116603 0.000148016 -9.55763e-19
-0.00116689 0.00014812 -9.75687e-19
-0.00116775 0.000148225 -9.73722e-19
-0.00116862 0.00014833 -1.09171e-18
-0.00116949 0.000148435 -9.69246e-19
-0.00117034 0.000148536 -9.24959e-19
-0.00117125 0.000148646 -9.57158e-19
-0.00117214 0.000148752 -9.57396e-19
-0.00117304 0.000148858 -1.00378e-18
-0.00117395 0.000148965 -9.68223e-19
-0.00117486 0.000149073 -9.5063e-19
-0.00117579 0.000149181 -8.44532e-20
-0.00117672 0.00014929 -4.27049e-19
-0.00117767 0.000149399 -6.63498e-19
-0.00117862 0.00014951 -9.60812e-19
-0.00117959 0.000149621 -1.08199e-18
-0.00118057 0.000149733 -1.05827e-18
-0.00118156 0.000149846 -9.3987e-19
-0.00118256 0.000149959 -9.55594e-19
-0.00118358 0.000150074 -3.00522e-19
-0.0011846 0.000150189 -1.21974e-18
-0.00118564 0.000150306 -1.73115e-18
-0.0011867 0.000150424 -1.00646e-18
-0.00118776 0.000150542 -9.63361e-19
-0.00118885 0.000150662 -2.4287e-18
-0.00118994 0.000150783 -9.89456e-19
-0.00119105 0.000150904 -7.50336e-19
-0.00119218 0.000151027 -1.13677e-18
-0.00119332 0.000151152 -1.42841e-18
-0.00119448 0.000151277 -9.16404e-19
-0.00119565 0.000151403 -1.38393e-18
-0.00119684 0.000151531 -3.60248e-19
-0.00119804 0.00015166 -9.60974e-19
-0.00119927 0.000151791 -1.26657e-19
-0.00120051 0.000151922 -2.24847e-18
-0.00120176 0.000152055 -1.02173e-18
-0.00120304 0.000152189 -5.49663e-19
-0.00120433 0.000152325 -9.96959e-19
-0.00120564 0.000152462 -8.03638e-19
-0.00120696 0.0001526 -1.0071e-18
-0.00120831 0.00015274 6.87341e-19
-0.00120967 0.000152881 -1.20039e-18
-0.00121105 0.000153023 2.07718e-19
-0.00121245 0.000153167 -8.51665e-19
-0.00121387 0.000153312 -9.73841e-19
-0.0012153 0.000153459 -1.04997e-19
-0.00121675 0.000153607 -1.04402e-18
-0.00121822 0.000153756 -8.62956e-19
-0.00121971 0.000153906 -9.56603e-19
-0.00122122 0.000154059 9.07114e-19
-0.00122275 0.000154212 -8.88352e-19
-0.00122429 0.000154367 -1.28232e-18
-0.00122586 0.000154523 -1.8961e-18
-0.00122744 0.000154681 -9.352e-19
-0.00122904 0.00015484 -9.61537e-19
-0.00123065 0.000155 1.68082e-18
-0.00123229 0.000155161 -1.92205e-18
-0.00123394 0.000155324 -1.0454e-18
-0.00123561 0.000155489 -1.07166e-18
-0.0012373 0.000155654 -9.71936e-19
-0.00123901 0.000155821 1.05779e-17
-0.00124073 0.000155989 -1.90307e-19
-0.00124247 0.000156158 -1.02697e-18
-0.00124422 0.000156329 -6.4208e-19
-0.00124599 0.000156501 -2.80767e-18
-0.00124778 0.000156673 -2.88819e-18
-0.00124958 0.000156847 -1.13323e-18
-0.0012514 0.000157023 1.79224e-18
-0.00125323 0.000157199 -8.6765e-18
-0.00125508 0.000157376 -1.39849e-18
-0.00125694 0.000157554 -3.97934e-19
-0.00125882 0.000157734 1.98889e-18
-0.00126071 0.000157914 -2.21927e-18
-0.00126261 0.000158095 -6.39229e-19
-0.00126453 0.000158277 -9.70139e-19
-0.00126646 0.00015846 -9.47488e-19
-0.0012684 0.000158644 -9.50227e-19
-0.00127036 0.000158829 -2.85364e-18
-0.00127233 0.000159015 -1.40767e-18
-0.0012743 0.000159201 3.64794e-18
-0.00127629 0.000159388 -4.34719e-18
-0.00127829 0.000159576 7.15575e-19
-0.0012803 0.000159764 -2.31716e-18
-0.00128232 0.000159953 6.75542e-18
-0.00128435 0.000160143 3.67437e-19
-0.00128639 0.000160333 -1.67331e-18
-0.00128843 0.000160524 4.65408e-20
-0.00129049 0.000160715 -1.17296e-18
-0.00129255 0.000160907 2.25893e-18
-0.00129462 0.000161099 -9.03203e-19
-0.00129669 0.000161291 -4.92126e-18
-0.00129878 0.000161484 -1.46251e-18
-0.00130086 0.000161677 -9.41083e-19
-0.00130296 0.00016187 1.72539e-18
-0.00130505 0.000162064 -2.4143e-18
-0.00130716 0.000162257 -8.6467e-19
-0.00130926 0.000162451 -9.56367e-19
-0.00131137 0.000162645 -3.42729e-19
-0.00131348 0.000162839 -9.49708e-19
-0.0013156 0.000163033 -9.35146e-19
-0.00131771 0.000163227 -4.58177e-19
-0.00131983 0.000163421 -9.44224e-19
-0.00132195 0.000163615 -4.08293e-19
-0.00132407 0.000163808 -9.54043e-19
-0.00132619 0.000164002 -2.37328e-18
-0.0013283 0.000164195 -9.73688e-19
-0.00133042 0.000164388 -9.50212e-19
-0.00133253 0.00016458 -9.51509e-19
-0.00133465 0.000164772 -2.89219e-18
-0.00133676 0.000164964 -8.92966e-19
-0.00133886 0.000165156 -4.25092e-18
-0.00134097 0.000165346 4.87396e-18
-0.00134307 0.000165537 -6.26864e-19
-0.00134516 0.000165726 4.21562e-19
-0.00134725 0.000165915 2.44509e-18
-0.00134933 0.000166104 4.8463e-18
-0.0013514 0.000166291 6.02266e-20
-0.00135347 0.000166478 7.90688e-18
-0.00135553 0.000166664 -4.28916e-18
-0.00135758 0.000166849 2.7549e-18
-0.00135962 0.000167033 -1.0416e-18
-0.00136165 0.000167217 1.43138e-18
-0.00136366 0.000167398 -7.91247e-19
-0.00136566 0.000167577 -9.23915e-19
-0.00136765 0.000167756 3.1302e-19
-0.00136963 0.000167933 -8.17889e-19
-0.0013716 0.000168109 -1.80465e-18
-0.00137355 0.000168284 -2.00681e-18
-0.00137549 0.000168458 -1.11009e-18
-0.00137742 0.00016863 -4.32747e-18
-0.00137933 0.0001688 1.09213e-19
-0.00138122 0.000168969 1.40942e-18
-0.00138309 0.000169137 -8.3787e-19
-0.00138495 0.000169303 -9.23892e-19
-0.00138679 0.000169467 -9.47508e-19
-0.00138862 0.00016963 -1.31352e-18
-0.00139042 0.00016979 -9.66376e-19
-0.00139221 0.000169949 -3.90027e-18
-0.00139397 0.000170107 -1.46439e-18
-0.00139572 0.000170262 -2.0617e-18
-0.00139744 0.000170416 -9.84167e-19
-0.00139914 0.000170567 4.25186e-18
-0.00140082 0.000170717 -7.53833e-19
-0.00140248 0.000170865 2.37868e-18
-0.00140412 0.00017101 2.30211e-19
-0.00140573 0.000171154 -9.76878e-19
-0.00140732 0.000171295 1.58124e-18
-0.00140889 0.000171435 -7.85818e-19
-0.00141043 0.000171572 -9.40124e-19
-0.00141195 0.000171707 -1.17703e-18
-0.00141344 0.00017184 -2.21422e-18
-0.00141491 0.00017197 -7.18526e-19
-0.00141635 0.000172099 -8.61309e-19
-0.00141776 0.000172224 -9.35164e-19
-0.00141915 0.000172348 2.82399e-19
-0.00142051 0.000172469 -1.99122e-18
-0.00142185 0.000172588 -2.28022e-18
-0.00142315 0.000172705 -5.74068e-19
-0.00142443 0.000172819 -9.22562e-19
-0.00142568 0.00017293 -9.20994e-19
-0.00142691 0.000173039 -1.29921e-18
-0.0014281 0.000173146 -2.48095e-18
-0.00142926 0.00017325 -1.99973e-18
-0.0014304 0.000173352 1.12388e-18
-0.00143151 0.00017345 -3.20886e-18
-0.00143258 0.000173547 -1.00069e-18
-0.00143363 0.000173641 -1.38664e-18
-0.00143465 0.000173732 6.83631e-20
-0.00143563 0.00017382 -5.3494e-19
-0.00143659 0.000173906 1.84228e-18
-0.00143751 0.000173989 -9.07075e-19
-0.00143841 0.00017407 -6.69672e-19
-0.00143928 0.000174148 -5.66321e-20
-0.00144012 0.000174224 -6.76723e-19
-0.00144093 0.000174297 -5.43182e-19
-0.00144172 0.000174368 -9.48575e-19
-0.00144247 0.000174434 1.32328e-16
-0.00144318 0.000174498 2.53706e-16
-0.00144387 0.00017456 6.45411e-16
-0.00144452 0.000174618 8.05081e-16
-0.00144515 0.000174674 7.95632e-16
-0.00144574 0.000174727 6.59196e-16
-0.0014463 0.000174778 6.70938e-16
-0.00144683 0.000174826 5.67996e-16
-0.00144733 0.000174871 8.27429e-16
-0.00144779 0.000174914 7.96041e-16
-0.00144823 0.000174954 8.02511e-16
-0.00144863 0.000174991 8.31496e-16
-0.00144901 0.000175026 9.60536e-16
-0.00144935 0.000175058 1.14547e-15
-0.00144966 0.000175087 1.08841e-15
-0.00144994 0.000175114 1.10632e-15
-0.00145019 0.000175138 1.19612e-15
-0.0014504 0.000175159 1.25454e-15
-0.00145059 0.000175178 1.3422e-15
-0.00145075 0.000175195 1.48259e-15
-0.00145087 0.000175209 1.54056e-15
-0.00145097 0.00017522 1.53216e-15
-0.00145104 0.000175228 1.59086e-15
-0.00145107 0.000175235 1.53821e-15
-0.00145108 0.000175238 1.52607e-15
-0.00145106 0.000175239 1.4839e-15
-0.001451 0.000175238 1.54582e-15
-0.00145092 0.000175234 1.5155e-15
-0.00145081 0.000175228 1.51985e-15
-0.00145067 0.00017522 1.56085e-15
-0.00145051 0.000175209 1.59792e-15
-0.00145031 0.000175195 1.67193e-15
-0.00145009 0.00017518 1.57844e-15
-0.00144984 0.000175161 1.55569e-15
-0.00144956 0.000175141 1.58743e-15
-0.00144935 0.000175138 3.03052e-17
-0.00144902 0.000175113 4.78244e-17
-0.00144866 0.000175085 3.96937e-17
-0.00144827 0.000175055 5.97016e-17
-0.00144786 0.000175022 6.8083e-17
-0.00144742 0.000174986 7.16314e-17
-0.00144695 0.000174948 7.02257e-17
-0.00144645 0.000174907 6.27733e-17
-0.00144594 0.000174864 5.05063e-17
-0.00144539 0.000174818 4.70986e-17
-0.00144482 0.00017477 4.94268e-17
-0.00144423 0.000174719 4.89422e-17
-0.00144361 0.000174666 4.90661e-17
-0.00144296 0.000174609 5.03349e-17
-0.00144228 0.00017455 5.03372e-17
-0.00144158 0.000174487 5.03396e-17
-0.00144086 0.000174422 5.03422e-17
-0.00144012 0.000174355 5.03449e-17
-0.00143935 0.000174285 5.03478e-17
-0.00143856 0.000174212 5.03507e-17
-0.00143775 0.000174138 5.03538e-17
-0.00143691 0.00017406 5.03569e-17
-0.00143606 0.000173981 5.03602e-17
-0.00143519 0.000173899 5.03636e-17
-0.0014343 0.000173816 5.0367e-17
-0.0014334 0.00017373 5.03706e-17
-0.00143248 0.000173642 5.03743e-17
-0.00143154 0.000173553 5.0378e-17
-0.00143058 0.000173462 5.03818e-17
-0.00142962 0.000173369 5.03857e-17
-0.00142863 0.000173275 5.03897e-17
-0.00142764 0.000173179 5.03937e-17
-0.00142663 0.000173082 5.03978e-17
-0.00142561 0.000172983 5.0402e-17
-0.00142458 0.000172883 5.04062e-17
-0.00142354 0.000172782 5.04105e-17
-0.00142249 0.00017268 5.04149e-17
-0.00142144 0.000172577 5.04193e-17
-0.00142037 0.000172473 5.04237e-17
-0.0014193 0.000172369 5.04281e-17
-0.00141822 0.000172263 5.04326e-17
-0.00141713 0.000172157 5.04372e-17
-0.00141604 0.000172051 5.04417e-17
-0.00141495 0.000171943 5.04463e-17
-0.00141385 0.000171836 5.04509e-17
-0.00141275 0.000171728 5.04555e-17
-0.00141165 0.00017162 5.04601e-17
-0.00141055 0.000171511 5.04648e-17
-0.00140944 0.000171403 5.04694e-17
-0.00140834 0.000171294 5.0474e-17
-0.00140723 0.000171186 5.04787e-17
-0.00140613 0.000171077 5.04833e-17
-0.00140503 0.000170969 5.0488e-17
-0.00140393 0.000170861 5.04926e-17
-0.00140283 0.000170753 5.04972e-17
-0.00140174 0.000170646 5.05018e-17
-0.00140065 0.000170539 5.05064e-17
-0.00139956 0.000170432 5.05109e-17
-0.00139848 0.000170327 5.05155e-17
-0.00139741 0.000170221 5.052e-17
-0.00139634 0.000170117 5.05244e-17
-0.00139528 0.000170013 5.05289e-17
-0.00139423 0.00016991 5.05333e-17
-0.00139318 0.000169807 5.05376e-17
-0.00139215 0.000169706 5.05419e-17
-0.00139112 0.000169606 5.05462e-17
-0.0013901 0.000169506 5.05504e-17
-0.00138907 0.000169406 5.05547e-17
-0.00138796 0.000169301 5.0559e-17
-0.00138677 0.000169189 5.05636e-17
-0.00138554 0.000169075 5.05681e-17
-0.00138429 0.00016896 5.05727e-17
-0.00138305 0.000168845 5.05773e-17
-0.0013818 0.000168731 5.05818e-17
-0.00138057 0.000168618 5.05863e-17
-0.00137935 0.000168507 5.05906e-17
-0.00137814 0.000168397 5.0595e-17
-0.00137695 0.000168288 5.05992e-17
-0.00137577 0.000168181 5.06034e-17
-0.0013746 0.000168075 5.06075e-17
-0.00137345 0.000167972 5.06116e-17
-0.00137232 0.000167869 5.06156e-17
-0.0013712 0.000167769 5.06194e-17
-0.0013701 0.00016767 5.06232e-17
-0.00136901 0.000167573 5.0627e-17
-0.00136794 0.000167478 5.06306e-17
-0.00136689 0.000167385 5.06342e-17
-0.00136586 0.000167293 5.06377e-17
-0.00136484 0.000167204 5.06411e-17
-0.00136384 0.000167116 5.06444e-17
-0.00136285 0.00016703 5.06476e-17
-0.00136189 0.000166945 5.06508e-17
-0.00136094 0.000166863 5.06539e-17
-0.00136001 0.000166782 5.06569e-17
-0.00135909 0.000166704 5.06598e-17
-0.0013582 0.000166627 5.06626e-17
-0.00135732 0.000166552 5.06653e-17
-0.00135646 0.000166479 5.0668e-17
-0.00135561 0.000166408 5.06705e-17
-0.00135479 0.000166339 5.0673e-17
-0.00135398 0.000166272 5.06754e-17
-0.00135319 0.000166206 5.06777e-17
-0.00135242 0.000166143 5.06799e-17
-0.00135166 0.000166081 5.0682e-17
-0.00135093 0.000166022 5.06841e-17
-0.00135021 0.000165964 5.06861e-17
-0.00134951 0.000165907 5.0688e-17
-0.00134882 0.000165853 5.06898e-17
-0.00134815 0.000165801 5.06915e-17
-0.0013475 0.00016575 5.06932e-17
-0.00134687 0.000165701 5.06947e-17
-0.00134625 0.000165653 5.06962e-17
-0.00134565 0.000165608 5.06977e-17
-0.00134506 0.000165564 5.0699e-17
-0.00134449 0.000165521 5.07003e-17
-0.00134393 0.00016548 5.07015e-17
-0.0013434 0.000165441 5.07027e-17
-0.00134287 0.000165404 5.07037e-17
-0.00134236 0.000165367 5.07048e-17
-0.00134187 0.000165333 5.07057e-17
-0.00134139 0.0001653 5.07066e-17
-0.00134092 0.000165268 5.07074e-17
-0.00134047 0.000165238 5.07082e-17
-0.00134003 0.000165209 5.07089e-17
-0.00133961 0.000165181 5.07095e-17
-0.0013392 0.000165155 5.07101e-17
-0.0013388 0.000165129 5.07107e-17
-0.00133841 0.000165105 5.07112e-17
-0.00133803 0.000165082 5.07116e-17
-0.00133767 0.00016506 5.07121e-17
-0.00133731 0.000165039 5.07124e-17
-0.00133697 0.00016502 5.07128e-17
-0.00133664 0.000165001 5.07131e-17
-0.00133631 0.000164982 5.07133e-17
-0.001336 0.000164965 5.07136e-17
-0.00133569 0.000164948 5.07138e-17
-0.0013354 0.000164933 5.0714e-17
-0.00133511 0.000164917 5.07141e-17
-0.00133483 0.000164903 5.07143e-17
-0.00133455 0.000164889 5.07144e-17
-0.00133429 0.000164875 5.07145e-17
-0.00133403 0.000164862 5.07146e-17
-0.00133377 0.00016485 5.07147e-17
-0.00133352 0.000164837 5.07148e-17
-0.00133328 0.000164825 5.07149e-17
-0.00133305 0.000164814 5.07149e-17
-0.00133281 0.000164803 5.0715e-17
-0.00133259 0.000164792 5.07151e-17
-0.00133237 0.000164781 5.07151e-17
-0.00133215 0.000164771 5.07152e-17
-0.00133194 0.00016476 5.07152e-17
-0.00133173 0.00016475 5.07153e-17
-0.00133152 0.00016474 5.07154e-17
-0.00133132 0.00016473 5.07154e-17
-0.00133112 0.000164721 5.07155e-17
-0.00133093 0.000164711 5.07156e-17
-0.00133074 0.000164701 5.07157e-17
-0.00133055 0.000164692 5.07158e-17
-0.00133036 0.000164682 5.07159e-17
-0.00133018 0.000164672 5.0716e-17
-0.00133 0.000164662 5.07162e-17
-0.00132982 0.000164652 5.07163e-17
-0.00132964 0.000164642 5.07165e-17
-0.00132946 0.000164632 5.07167e-17
-0.00132928 0.000164622 5.07169e-17
-0.00132911 0.000164611 5.07172e-17
-0.00132894 0.0001646 5.07175e-17
-0.00132876 0.000164589 5.07177e-17
-0.00132859 0.000164577 5.07181e-17
-0.00132842 0.000164566 5.07184e-17
-0.00132824 0.000164553 5.07188e-17
-0.00132807 0.000164541 5.07192e-17
-0.0013279 0.000164528 5.07196e-17
-0.00132772 0.000164514 5.07201e-17
-0.00132755 0.0001645 5.07206e-17
-0.00132737 0.000164485 5.07212e-17
-0.00132719 0.00016447 5.07218e-17
-0.00132701 0.000164454 5.07224e-17
-0.00132683 0.000164438 5.07231e-17
-0.00132665 0.000164421 5.07238e-17
-0.00132646 0.000164404 5.07246e-17
-0.00132628 0.000164385 5.07254e-17
-0.00132609 0.000164367 5.07263e-17
-0.0013259 0.000164347 5.07272e-17
-0.0013257 0.000164327 5.07281e-17
-0.00132551 0.000164306 5.07291e-17
-0.00132531 0.000164284 5.07302e-17
-0.00132511 0.000164262 5.07313e-17
-0.00132491 0.000164239 5.07324e-17
-0.0013247 0.000164215 5.07336e-17
-0.00132449 0.000164191 5.07349e-17
-0.00132429 0.000164166 5.07362e-17
-0.00132408 0.00016414 5.07375e-17
-0.00132386 0.000164113 5.07389e-17
-0.00132365 0.000164086 5.07403e-17
-0.00132343 0.000164059 5.07418e-17
-0.00132321 0.00016403 5.07433e-17
-0.00132299 0.000164001 5.07449e-17
-0.00132276 0.000163971 5.07465e-17
-0.00132253 0.00016394 5.07482e-17
-0.00132228 0.000163908 5.07499e-17
-0.00132203 0.000163874 5.07516e-17
-0.00132177 0.00016384 5.07535e-17
-0.0013215 0.000163805 5.07554e-17
-0.00132123 0.000163768 5.07574e-17
-0.00132094 0.00016373 5.07594e-17
-0.00132065 0.000163691 5.07615e-17
-0.00132035 0.00016365 5.07636e-17
-0.00132004 0.000163609 5.07659e-17
-0.00131972 0.000163566 5.07682e-17
-0.0013194 0.000163522 5.07706e-17
-0.00131906 0.000163476 5.0773e-17
-0.00131872 0.000163429 5.07755e-17
-0.00131836 0.000163381 5.07781e-17
-0.001318 0.000163331 5.07808e-17
-0.00131762 0.00016328 5.07835e-17
-0.00131724 0.000163228 5.07864e-17
-0.00131684 0.000163173 5.07893e-17
-0.00131644 0.000163118 5.07923e-17
-0.00131602 0.000163061 5.07953e-17
-0.0013156 0.000163002 5.07985e-17
-0.00131516 0.000162942 5.08017e-17
-0.00131471 0.00016288 5.08051e-17
-0.00131425 0.000162817 5.08085e-17
-0.00131378 0.000162752 5.0812e-17
-0.0013133 0.000162685 5.08155e-17
-0.00131281 0.000162617 5.08192e-17
-0.00131231 0.000162547 5.08229e-17
-0.0013118 0.000162476 5.08268e-17
-0.00131127 0.000162404 5.08307e-17
-0.00131074 0.00016233 5.08347e-17
-0.0013102 0.000162254 5.08387e-17
-0.00130965 0.000162177 5.08429e-17
-0.00130908 0.000162098 5.08471e-17
-0.00130851 0.000162018 5.08514e-17
-0.00130793 0.000161937 5.08558e-17
-0.00130734 0.000161854 5.08603e-17
-0.00130673 0.000161769 5.08649e-17
-0.00130612 0.000161683 5.08695e-17
-0.0013055 0.000161596 5.08742e-17
-0.00130487 0.000161507 5.0879e-17
-0.00130423 0.000161417 5.08839e-17
-0.00130358 0.000161325 5.08888e-17
-0.00130292 0.000161232 5.08939e-17
-0.00130225 0.000161138 5.0899e-17
-0.00130158 0.000161042 5.09042e-17
-0.00130089 0.000160945 5.09094e-17
-0.00130019 0.000160846 5.09148e-17
-0.00129948 0.000160745 5.09202e-17
-0.00129877 0.000160643 5.09257e-17
-0.00129804 0.00016054 5.09313e-17
-0.0012973 0.000160435 5.0937e-17
-0.00129656 0.000160329 5.09427e-17
-0.0012958 0.000160221 5.09486e-17
-0.00129503 0.000160112 5.09545e-17
-0.00129426 0.000160001 5.09605e-17
-0.00129347 0.000159889 5.09666e-17
-0.00129267 0.000159775 5.09728e-17
-0.00129187 0.00015966 5.0979e-17
-0.00129105 0.000159543 5.09854e-17
-0.00129022 0.000159424 5.09918e-17
-0.00128938 0.000159304 5.09983e-17
-0.00128853 0.000159182 5.10049e-17
-0.00128767 0.000159059 5.10116e-17
-0.0012868 0.000158934 5.10184e-17
-0.00128592 0.000158807 5.10252e-17
-0.00128503 0.000158679 5.10322e-17
-0.00128412 0.00015855 5.10392e-17
-0.00128321 0.000158418 5.10463e-17
-0.00128228 0.000158285 5.10536e-17
-0.00128135 0.000158151 5.10608e-17
-0.0012804 0.000158015 5.10682e-17
-0.00127944 0.000157877 5.10757e-17
-0.00127847 0.000157738 5.10833e-17
-0.00127749 0.000157597 5.10909e-17
-0.0012765 0.000157454 5.10986e-17
-0.0012755 0.00015731 5.11065e-17
-0.00127449 0.000157164 5.11144e-17
-0.00127346 0.000157016 5.11224e-17
-0.00127242 0.000156867 5.11305e-17
-0.00127137 0.000156716 5.11386e-17
-0.00127031 0.000156564 5.11469e-17
-0.00126924 0.00015641 5.11553e-17
-0.00126815 0.000156254 5.11637e-17
-0.00126706 0.000156096 5.11722e-17
-0.00126595 0.000155937 5.11809e-17
-0.00126483 0.000155776 5.11896e-17
-0.00126369 0.000155613 5.11984e-17
-0.00126255 0.000155449 5.12073e-17
-0.00126139 0.000155283 5.12162e-17
-0.00126022 0.000155115 5.12253e-17
-0.00125904 0.000154945 5.12345e-17
-0.00125784 0.000154774 5.12437e-17
-0.00125663 0.000154601 5.12531e-17
-0.00125541 0.000154426 5.12625e-17
-0.00125418 0.00015425 5.1272e-17
-0.00125293 0.000154071 5.12817e-17
-0.00125167 0.000153891 5.12914e-17
-0.0012504 0.000153709 5.13012e-17
-0.00124911 0.000153526 5.13111e-17
-0.00124781 0.00015334 5.13211e-17
-0.0012465 0.000153153 5.13312e-17
-0.00124517 0.000152964 5.13413e-17
-0.00124383 0.000152773 5.13516e-17
-0.00124248 0.00015258 5.1362e-17
-0.00124111 0.000152385 5.13724e-17
-0.00123972 0.000152189 5.1383e-17
-0.00123832 0.00015199 5.13937e-17
-0.00123691 0.000151789 5.14044e-17
-0.00123548 0.000151587 5.14153e-17
-0.00123403 0.000151382 5.14263e-17
-0.00123257 0.000151175 5.14374e-17
-0.00123109 0.000150967 5.14485e-17
-0.0012296 0.000150756 5.14598e-17
-0.00122809 0.000150543 5.14712e-17
-0.00122656 0.000150328 5.14827e-17
-0.00122502 0.00015011 5.14944e-17
-0.00122346 0.000149891 5.15061e-17
-0.00122188 0.000149669 5.15179e-17
-0.00122028 0.000149445 5.15299e-17
-0.00121867 0.000149218 5.15419e-17
-0.00121703 0.00014899 5.15541e-17
-0.00121538 0.000148759 5.15664e-17
-0.00121371 0.000148526 5.15788e-17
-0.00121203 0.00014829 5.15913e-17
-0.00121032 0.000148053 5.1604e-17
-0.0012086 0.000147813 5.16167e-17
-0.00120686 0.00014757 5.16296e-17
-0.0012051 0.000147326 5.16425e-17
-0.00120332 0.000147079 5.16556e-17
-0.00120152 0.00014683 5.16688e-17
-0.00119971 0.000146579 5.16821e-17
-0.00119788 0.000146326 5.16955e-17
-0.00119603 0.00014607 5.1709e-17
-0.00119416 0.000145813 5.17226e-17
-0.00119228 0.000145553 5.17363e-17
-0.00119038 0.000145291 5.17502e-17
-0.00118846 0.000145026 5.17641e-17
-0.00118652 0.00014476 5.17781e-17
-0.00118456 0.000144492 5.17923e-17
-0.00118259 0.000144221 5.18065e-17
-0.0011806 0.000143948 5.18209e-17
-0.0011786 0.000143674 5.18353e-17
-0.00117657 0.000143397 5.18499e-17
-0.00117453 0.000143118 5.18645e-17
-0.00117247 0.000142837 5.18793e-17
-0.0011704 0.000142554 5.18941e-17
-0.00116831 0.000142269 5.19091e-17
-0.0011662 0.000141981 5.19242e-17
-0.00116407 0.000141692 5.19393e-17
-0.00116193 0.000141401 5.19546e-17
-0.00115977 0.000141108 5.19699e-17
-0.00115759 0.000140812 5.19853e-17
-0.00115539 0.000140515 5.20009e-17
-0.00115318 0.000140215 5.20165e-17
-0.00115096 0.000139914 5.20323e-17
-0.00114871 0.000139611 5.20481e-17
-0.00114645 0.000139305 5.2064e-17
-0.00114417 0.000138998 5.208e-17
-0.00114188 0.000138689 5.20961e-17
-0.00113957 0.000138378 5.21123e-17
-0.00113724 0.000138065 5.21286e-17
-0.0011349 0.00013775 5.2145e-17
-0.00113254 0.000137433 5.21615e-17
-0.00113016 0.000137114 5.21781e-17
-0.00112777 0.000136793 5.21947e-17
-0.00112537 0.000136471 5.22114e-17
-0.00112295 0.000136147 5.22283e-17
-0.00112051 0.000135821 5.22452e-17
-0.00111806 0.000135493 5.22622e-17
-0.00111559 0.000135163 5.22793e-17
-0.00111311 0.000134832 5.22964e-17
-0.00111061 0.000134499 5.23137e-17
-0.0011081 0.000134164 5.2331e-17
-0.00110557 0.000133828 5.23484e-17
-0.00110304 0.000133489 5.23659e-17
-0.00110048 0.00013315 5.23834e-17
-0.00109791 0.000132808 5.24011e-17
-0.00109533 0.000132466 5.24188e-17
-0.00109274 0.000132121 5.24365e-17
-0.00109013 0.000131775 5.24544e-17
-0.00108751 0.000131428 5.24723e-17
-0.00108488 0.000131079 5.24903e-17
-0.00108223 0.000130728 5.25084e-17
-0.00107958 0.000130376 5.25265e-17
-0.00107691 0.000130023 5.25447e-17
-0.00107423 0.000129668 5.25629e-17
-0.00107153 0.000129312 5.25812e-17
-0.00106883 0.000128955 5.25996e-17
-0.00106611 0.000128597 5.26181e-17
-0.00106339 0.000128237 5.26366e-17
-0.00106065 0.000127876 5.26551e-17
-0.0010579 0.000127513 5.26737e-17
-0.00105515 0.00012715 5.26924e-17
-0.00105238 0.000126785 5.27111e-17
-0.0010496 0.00012642 5.27299e-17
-0.00104682 0.000126053 5.27487e-17
-0.00104402 0.000125685 5.27676e-17
-0.00104122 0.000125316 5.27865e-17
-0.00103841 0.000124946 5.28055e-17
-0.00103559 0.000124575 5.28245e-17
-0.00103276 0.000124204 5.28435e-17
-0.00102992 0.000123831 5.28626e-17
-0.00102708 0.000123458 5.28817e-17
-0.00102423 0.000123083 5.29009e-17
-0.00102138 0.000122709 5.29201e-17
-0.00101852 0.000122333 5.29393e-17
-0.00101565 0.000121957 5.29586e-17
-0.00101278 0.00012158 5.29778e-17
-0.00100991 0.000121203 5.29971e-17
-0.00100703 0.000120826 5.30165e-17
-0.00100415 0.000120448 5.30358e-17
-0.00100126 0.000120069 5.30551e-17
-0.000998378 0.000119691 5.30745e-17
-0.00099549 0.000119312 5.30939e-17
-0.000992601 0.000118933 5.31132e-17
-0.000989711 0.000118554 5.31326e-17
-0.00098682 0.000118175 5.3152e-17
-0.00098393 0.000117796 5.31714e-17
-0.000981041 0.000117417 5.31907e-17
-0.000978152 0.000117038 5.32101e-17
-0.000975265 0.00011666 5.32294e-17
-0.00097238 0.000116281 5.32488e-17
-0.000969497 0.000115903 5.32681e-17
-0.000966616 0.000115525 5.32874e-17
-0.000963738 0.000115147 5.33067e-17
-0.000960863 0.00011477 5.3326e-17
-0.000957991 0.000114393 5.33452e-17
-0.000955123 0.000114016 5.33645e-17
-0.000952258 0.00011364 5.33837e-17
-0.000949398 0.000113264 5.34029e-17
-0.000946542 0.000112889 5.34221e-17
-0.00094369 0.000112514 5.34412e-17
-0.000940843 0.00011214 5.34603e-17
-0.000938001 0.000111767 5.34794e-17
-0.000935164 0.000111394 5.34985e-17
-0.000932333 0.000111021 5.35175e-17
-0.000929508 0.000110649 5.35365e-17
-0.000926689 0.000110278 5.35555e-17
-0.000923875 0.000109908 5.35744e-17
-0.000921068 0.000109538 5.35933e-17
-0.000918268 0.000109169 5.36122e-17
-0.000915474 0.0001088 5.3631e-17
-0.000912687 0.000108433 5.36498e-17
-0.000909907 0.000108066 5.36686e-17
-0.000907134 0.0001077 5.36873e-17
-0.000904368 0.000107335 5.3706e-17
-0.000901609 0.00010697 5.37247e-17
-0.000898857 0.000106606 5.37433e-17
-0.000896112 0.000106243 5.37618e-17
-0.000893375 0.000105881 5.37804e-17
-0.000890644 0.00010552 5.37989e-17
-0.000887921 0.000105159 5.38173e-17
-0.000885205 0.000104799 5.38358e-17
-0.000882497 0.00010444 5.38542e-17
-0.000879796 0.000104082 5.38725e-17
-0.000877102 0.000103724 5.38908e-17
-0.000874416 0.000103368 5.39091e-17
-0.000871737 0.000103012 5.39274e-17
-0.000869065 0.000102656 5.39456e-17
-0.0008664 0.000102302 5.39637e-17
-0.000863743 0.000101948 5.39819e-17
-0.000861093 0.000101595 5.4e-17
-0.000858449 0.000101243 5.4018e-17
-0.000855812 0.000100892 5.40361e-17
-0.000853182 0.000100541 5.40541e-17
-0.000850558 0.00010019 5.40721e-17
-0.000847939 9.98407e-05 5.409e-17
-0.000845327 9.94916e-05 5.4108e-17
-0.00084272 9.9143e-05 5.41259e-17
-0.000840118 9.87949e-05 5.41438e-17
-0.000837521 9.84473e-05 5.41616e-17
-0.000834929 9.81001e-05 5.41795e-17
-0.000832341 9.77532e-05 5.41973e-17
-0.000829757 9.74068e-05 5.42151e-17
-0.000827177 9.70607e-05 5.42329e-17
-0.000824601 9.67148e-05 5.42507e-17
-0.000822027 9.63692e-05 5.42685e-17
-0.000819457 9.60238e-05 5.42863e-17
-0.000816889 9.56786e-05 5.4304e-17
-0.000814324 9.53335e-05 5.43218e-17
-0.000811761 9.49886e-05 5.43396e-17
-0.000809199 9.46437e-05 5.43573e-17
-0.00080664 9.42988e-05 5.43751e-17
-0.000804082 9.3954e-05 5.43928e-17
-0.000801525 9.36093e-05 5.44106e-17
-0.000798969 9.32645e-05 5.44284e-17
-0.000796415 9.29198e-05 5.44461e-17
-0.000793862 9.2575e-05 5.44639e-17
-0.000791309 9.22301e-05 5.44817e-17
-0.000788757 9.18852e-05 5.44995e-17
-0.000786206 9.15403e-05 5.45173e-17
-0.000783655 9.11952e-05 5.45351e-17
-0.000781104 9.085e-05 5.45529e-17
-0.000778553 9.05046e-05 5.45707e-17
-0.000776002 9.01591e-05 5.45886e-17
-0.000773451 8.98134e-05 5.46064e-17
-0.000770899 8.94674e-05 5.46243e-17
-0.000768346 8.91213e-05 5.46422e-17
-0.000765792 8.87748e-05 5.466e-17
-0.000763237 8.84281e-05 5.4678e-17
-0.00076068 8.8081e-05 5.46959e-17
-0.000758122 8.77337e-05 5.47138e-17
-0.000755562 8.73859e-05 5.47318e-17
-0.000753 8.70378e-05 5.47498e-17
-0.000750436 8.66892e-05 5.47678e-17
-0.000747869 8.63403e-05 5.47859e-17
-0.000745299 8.59908e-05 5.48039e-17
-0.000742726 8.56408e-05 5.4822e-17
-0.00074015 8.52904e-05 5.48401e-17
-0.000737571 8.49393e-05 5.48583e-17
-0.000734988 8.45877e-05 5.48765e-17
-0.000732401 8.42355e-05 5.48947e-17
-0.00072981 8.38827e-05 5.4913e-17
-0.000727214 8.35291e-05 5.49312e-17
-0.000724614 8.31749e-05 5.49496e-17
-0.000722008 8.282e-05 5.49679e-17
-0.000719398 8.24643e-05 5.49863e-17
-0.000716782 8.21078e-05 5.50048e-17
-0.00071416 8.17506e-05 5.50233e-17
-0.000711533 8.13924e-05 5.50418e-17
-0.000708899 8.10334e-05 5.50604e-17
-0.000706259 8.06736e-05 5.5079e-17
-0.000703612 8.03128e-05 5.50977e-17
-0.000700958 7.99511e-05 5.51164e-17
-0.000698298 7.95884e-05 5.51352e-17
-0.000695631 7.92248e-05 5.5154e-17
-0.000692956 7.88602e-05 5.51728e-17
-0.000690274 7.84946e-05 5.51918e-17
-0.000687585 7.8128e-05 5.52107e-17
-0.000684888 7.77604e-05 5.52298e-17
-0.000682183 7.73917e-05 5.52488e-17
-0.00067947 7.70219e-05 5.5268e-17
-0.000676749 7.66511e-05 5.52872e-17
-0.00067402 7.62791e-05 5.53064e-17
-0.000671282 7.59061e-05 5.53257e-17
-0.000668536 7.55319e-05 5.53451e-17
-0.000665781 7.51565e-05 5.53645e-17
-0.000663017 7.478e-05 5.5384e-17
-0.000660243 7.44023e-05 5.54035e-17
-0.000657461 7.40233e-05 5.54231e-17
-0.000654669 7.36432e-05 5.54428e-17
-0.000651867 7.32617e-05 5.54625e-17
-0.000649055 7.2879e-05 5.54823e-17
-0.000646233 7.24949e-05 5.55022e-17
-0.0006434 7.21095e-05 5.55221e-17
-0.000640556 7.17226e-05 5.55421e-17
-0.000637701 7.13342e-05 5.55622e-17
-0.000634833 7.09443e-05 5.55824e-17
-0.000631954 7.05529e-05 5.56026e-17
-0.000629062 7.01599e-05 5.56229e-17
-0.000626157 6.97653e-05 5.56433e-17
-0.000623239 6.9369e-05 5.56638e-17
-0.000620307 6.89709e-05 5.56844e-17
-0.000617362 6.85712e-05 5.5705e-17
-0.000614403 6.81696e-05 5.57258e-17
-0.000611429 6.77663e-05 5.57466e-17
-0.00060844 6.73611e-05 5.57675e-17
-0.000605437 6.6954e-05 5.57886e-17
-0.000602418 6.65449e-05 5.58097e-17
-0.000599383 6.61339e-05 5.58309e-17
-0.000596333 6.57209e-05 5.58522e-17
-0.000593266 6.53059e-05 5.58736e-17
-0.000590183 6.48888e-05 5.58952e-17
-0.000587082 6.44695e-05 5.59168e-17
-0.000583965 6.40481e-05 5.59385e-17
-0.00058083 6.36246e-05 5.59604e-17
-0.000577677 6.31987e-05 5.59823e-17
-0.000574505 6.27706e-05 5.60044e-17
-0.000571315 6.23402e-05 5.60266e-17
-0.000568107 6.19074e-05 5.60489e-17
-0.000564879 6.14723e-05 5.60713e-17
-0.000561631 6.10347e-05 5.60939e-17
-0.000558364 6.05946e-05 5.61165e-17
-0.000555077 6.01521e-05 5.61393e-17
-0.00055177 5.9707e-05 5.61623e-17
-0.000548442 5.92594e-05 5.61853e-17
-0.000545094 5.88092e-05 5.62085e-17
-0.000541724 5.83564e-05 5.62318e-17
-0.000538333 5.79009e-05 5.62552e-17
-0.00053492 5.74428e-05 5.62788e-17
-0.000531486 5.69819e-05 5.63025e-17
-0.00052803 5.65183e-05 5.63264e-17
-0.000524551 5.60519e-05 5.63504e-17
-0.00052105 5.55828e-05 5.63745e-17
-0.000517526 5.51108e-05 5.63988e-17
-0.00051398 5.46359e-05 5.64232e-17
-0.00051041 5.41581e-05 5.64477e-17
-0.000506816 5.36774e-05 5.64724e-17
-0.000503199 5.31938e-05 5.64973e-17
-0.000499558 5.27072e-05 5.65223e-17
-0.000495893 5.22175e-05 5.65474e-17
-0.000492203 5.17249e-05 5.65727e-17
-0.000488489 5.12292e-05 5.65982e-17
-0.000484751 5.07304e-05 5.66238e-17
-0.000480988 5.02285e-05 5.66496e-17
-0.000477199 4.97236e-05 5.66755e-17
-0.000473386 4.92154e-05 5.67016e-17
-0.000469547 4.87042e-05 5.67278e-17
-0.000465683 4.81897e-05 5.67542e-17
-0.000461794 4.76721e-05 5.67807e-17
-0.000457879 4.71512e-05 5.68075e-17
-0.000453938 4.66271e-05 5.68343e-17
-0.000449971 4.60998e-05 5.68614e-17
-0.000445978 4.55691e-05 5.68886e-17
-0.000441958 4.50351e-05 5.6916e-17
-0.000437912 4.44978e-05 5.69435e-17
-0.000433839 4.39571e-05 5.69712e-17
-0.000429739 4.3413e-05 5.69991e-17
-0.000425611 4.28655e-05 5.70272e-17
-0.000421457 4.23146e-05 5.70554e-17
-0.000417274 4.17601e-05 5.70838e-17
-0.000413065 4.12022e-05 5.71124e-17
-0.000408827 4.06408e-05 5.71412e-17
-0.000404561 4.00759e-05 5.71701e-17
-0.000400268 3.95074e-05 5.71992e-17
-0.000395946 3.89354e-05 5.72285e-17
-0.000391596 3.83598e-05 5.7258e-17
-0.000387218 3.77806e-05 5.72877e-17
-0.000382812 3.71978e-05 5.73175e-17
-0.000378377 3.66114e-05 5.73476e-17
-0.000373913 3.60213e-05 5.73778e-17
-0.000369421 3.54277e-05 5.74082e-17
-0.0003649 3.48304e-05 5.74388e-17
-0.000360351 3.42295e-05 5.74695e-17
-0.000355774 3.36249e-05 5.75005e-17
-0.000351168 3.30168e-05 5.75316e-17
-0.000346534 3.2405e-05 5.75629e-17
-0.000341871 3.17896e-05 5.75944e-17
-0.000337181 3.11706e-05 5.76261e-17
-0.000332462 3.0548e-05 5.7658e-17
-0.000327716 2.99218e-05 5.76901e-17
-0.000322942 2.92921e-05 5.77223e-17
-0.00031814 2.86587e-05 5.77547e-17
-0.000313306 2.80217e-05 5.77873e-17
-0.000308443 2.7381e-05 5.78201e-17
-0.000303553 2.67368e-05 5.7853e-17
-0.000298635 2.60891e-05 5.78862e-17
-0.000293691 2.54379e-05 5.79195e-17
-0.00028872 2.47832e-05 5.7953e-17
-0.000283722 2.4125e-05 5.79867e-17
-0.000278697 2.34633e-05 5.80205e-17
-0.000273645 2.27981e-05 5.80546e-17
-0.000268567 2.21295e-05 5.80888e-17
-0.000263462 2.14573e-05 5.81232e-17
-0.000258331 2.07817e-05 5.81578e-17
-0.000253173 2.01025e-05 5.81925e-17
-0.000247988 1.94198e-05 5.82275e-17
-0.000242776 1.87336e-05 5.82626e-17
-0.000237537 1.80439e-05 5.82979e-17
-0.000232272 1.73506e-05 5.83334e-17
-0.00022698 1.66538e-05 5.83691e-17
-0.000221661 1.59535e-05 5.84049e-17
-0.000216315 1.52496e-05 5.8441e-17
-0.000210943 1.45422e-05 5.84772e-17
-0.000205544 1.38313e-05 5.85136e-17
-0.000200127 1.31178e-05 5.85502e-17
-0.000194691 1.24016e-05 5.85869e-17
-0.000189225 1.16815e-05 5.86238e-17
-0.000183733 1.09579e-05 5.86608e-17
-0.000178214 1.02307e-05 5.86981e-17
-0.000172668 9.50005e-06 5.87355e-17
-0.000167094 8.7657e-06 5.87732e-17
-0.000161404 8.02097e-06 5.88112e-17
-0.000155608 7.26661e-06 5.88496e-17
-0.000149796 6.50955e-06 5.88881e-17
-0.000143957 5.749e-06 5.89268e-17
-0.000138094 4.98508e-06 5.89657e-17
-0.000132206 4.21778e-06 5.90048e-17
-0.000126293 3.4471e-06 5.9044e-17
-0.000120355 2.67306e-06 5.90835e-17
-0.000114393 1.89568e-06 5.91231e-17
-0.000108406 1.11499e-06 5.91628e-17
-0.000102394 3.30991e-07 5.92028e-17
-9.6359e-05 -4.56278e-07 5.92429e-17
-9.02996e-05 -1.24679e-06 5.92832e-17
-8.42166e-05 -2.04053e-06 5.93237e-17
-7.81103e-05 -2.83747e-06 5.93643e-17
-7.19807e-05 -3.63758e-06 5.94051e-17
-6.58282e-05 -4.44083e-06 5.94461e-17
-5.9653e-05 -5.24721e-06 5.94872e-17
-5.34553e-05 -6.05668e-06 5.95285e-17
-4.72351e-05 -6.86925e-06 5.957e-17
-4.09925e-05 -7.68492e-06 5.96116e-17
-3.47273e-05 -8.5037e-06 5.96534e-17
-2.84395e-05 -9.3256e-06 5.96954e-17
-2.21292e-05 -1.01506e-05 5.97375e-17
-1.57962e-05 -1.09788e-05 5.97798e-17
-9.44058e-06 -1.18101e-05 5.98223e-17
-3.06223e-06 -1.26445e-05 5.98649e-17
3.33886e-06 -1.34821e-05 5.99077e-17
9.76272e-06 -1.43228e-05 5.99507e-17
1.62094e-05 -1.51668e-05 5.99938e-17
2.26789e-05 -1.60138e-05 6.00371e-17
2.91713e-05 -1.68641e-05 6.00806e-17
3.56866e-05 -1.77175e-05 6.01243e-17
4.22249e-05 -1.85742e-05 6.01681e-17
4.87862e-05 -1.9434e-05 6.02121e-17
5.53705e-05 -2.0297e-05 6.02562e-17
6.19779e-05 -2.11633e-05 6.03006e-17
6.86084e-05 -2.20327e-05 6.03451e-17
7.52621e-05 -2.29054e-05 6.03897e-17
8.19412e-05 -2.37815e-05 6.04346e-17
8.8648e-05 -2.46611e-05 6.04796e-17
9.53794e-05 -2.5544e-05 6.05248e-17
0.000102133 -2.643e-05 6.05702e-17
0.000108908 -2.73191e-05 6.06157e-17
0.000115705 -2.82113e-05 6.06614e-17
0.000122523 -2.91065e-05 6.07073e-17
0.000129363 -3.00047e-05 6.07533e-17
0.000136224 -3.09059e-05 6.07995e-17
0.000143107 -3.18101e-05 6.08458e-17
0.000150009 -3.27172e-05 6.08923e-17
0.000156933 -3.36272e-05 6.0939e-17
0.000163877 -3.45401e-05 6.09858e-17
0.00017084 -3.54559e-05 6.10328e-17
0.000177824 -3.63745e-05 6.10799e-17
0.000184828 -3.72959e-05 6.11272e-17
0.000191851 -3.82202e-05 6.11746e-17
0.000198893 -3.91471e-05 6.12222e-17
0.000205954 -4.00769e-05 6.12699e-17
0.000213035 -4.10093e-05 6.13178e-17
0.000220134 -4.19445e-05 6.13658e-17
0.000227252 -4.28824e-05 6.1414e-17
0.000234387 -4.38228e-05 6.14623e-17
0.000241537 -4.47657e-05 6.15108e-17
0.000248702 -4.5711e-05 6.15594e-17
0.000255884 -4.66589e-05 6.16081e-17
0.000263083 -4.76095e-05 6.1657e-17
0.000270301 -4.85628e-05 6.1706e-17
0.000277538 -4.95187e-05 6.17552e-17
0.000284794 -5.04775e-05 6.18045e-17
0.000292069 -5.1439e-05 6.1854e-17
0.000299363 -5.24033e-05 6.19037e-17
0.000306678 -5.33704e-05 6.19534e-17
0.000314012 -5.43404e-05 6.20034e-17
0.000321366 -5.53132e-05 6.20535e-17
0.000328741 -5.62889e-05 6.21037e-17
0.000336135 -5.72674e-05 6.21541e-17
0.00034355 -5.82489e-05 6.22047e-17
0.000350986 -5.92332e-05 6.22554e-17
0.000358442 -6.02204e-05 6.23063e-17
0.000365918 -6.12105e-05 6.23573e-17
0.000373415 -6.22034e-05 6.24085e-17
0.000380932 -6.31992e-05 6.24598e-17
0.000388469 -6.41979e-05 6.25113e-17
0.000396026 -6.51993e-05 6.25629e-17
0.000403602 -6.62035e-05 6.26147e-17
0.000411198 -6.72105e-05 6.26666e-17
0.000418813 -6.82202e-05 6.27187e-17
0.000426448 -6.92326e-05 6.2771e-17
0.000434101 -7.02477e-05 6.28233e-17
0.000441773 -7.12654e-05 6.28758e-17
0.000449463 -7.22857e-05 6.29285e-17
0.000457171 -7.33086e-05 6.29813e-17
0.000464898 -7.43341e-05 6.30342e-17
0.000472642 -7.53622e-05 6.30873e-17
0.000480405 -7.63929e-05 6.31405e-17
0.000488186 -7.74261e-05 6.31938e-17
0.000495984 -7.84618e-05 6.32473e-17
0.0005038 -7.95e-05 6.33009e-17
0.000511633 -8.05406e-05 6.33546e-17
0.000519484 -8.15838e-05 6.34085e-17
0.000527352 -8.26294e-05 6.34625e-17
0.000535238 -8.36775e-05 6.35167e-17
0.000543141 -8.47281e-05 6.3571e-17
0.000551062 -8.57811e-05 6.36254e-17
0.000559001 -8.68367e-05 6.36799e-17
0.000566958 -8.78947e-05 6.37346e-17
0.000574933 -8.89552e-05 6.37894e-17
0.000582925 -9.00181e-05 6.38443e-17
0.000590934 -9.10836e-05 6.38994e-17
0.000598961 -9.21514e-05 6.39546e-17
0.000607006 -9.32217e-05 6.40099e-17
0.000614884 -9.42625e-05 4.41323e-17
0.000622801 -9.53057e-05 4.41959e-17
0.000630752 -9.63521e-05 4.42594e-17
0.000638733 -9.74013e-05 4.43231e-17
0.00064674 -9.84532e-05 4.43869e-17
0.000654769 -9.95077e-05 4.44508e-17
0.000662819 -0.000100565 4.45147e-17
0.000670888 -0.000101624 4.45788e-17
0.000678977 -0.000102686 4.46429e-17
0.000687084 -0.000103751 4.47071e-17
0.000695209 -0.000104817 4.47714e-17
0.000703352 -0.000105887 4.48359e-17
0.000711512 -0.000106958 4.49004e-17
0.00071969 -0.000108032 4.49649e-17
0.000727885 -0.000109108 4.50296e-17
0.000736094 -0.000110186 4.50944e-17
0.000744312 -0.000111266 4.51592e-17
0.000752538 -0.000112348 4.52241e-17
0.000760773 -0.000113431 4.52891e-17
0.000769019 -0.000114516 4.53541e-17
0.00077728 -0.000115604 4.54192e-17
0.000785555 -0.000116693 4.54844e-17
0.000793847 -0.000117785 4.55497e-17
0.000802157 -0.000118879 4.56151e-17
0.000810485 -0.000119976 4.56806e-17
0.000818833 -0.000121075 4.57462e-17
0.0008272 -0.000122176 4.58119e-17
0.000835268 -0.000123226 4.58579e-17
0.000843211 -0.000124248 4.59422e-17
0.00085123 -0.000125274 4.60266e-17
0.000859305 -0.000126304 4.6111e-17
0.000867422 -0.000127337 4.61954e-17
0.000875574 -0.000128372 4.62798e-17
0.000883755 -0.000129411 4.63643e-17
0.000891962 -0.000130452 4.64487e-17
0.000900192 -0.000131495 4.65331e-17
0.000908443 -0.00013254 4.66176e-17
0.000916715 -0.000133588 4.6702e-17
0.000925006 -0.000134638 4.67865e-17
0.000933316 -0.000135691 4.68709e-17
0.000941644 -0.000136745 4.69554e-17
0.000949991 -0.000137802 4.70399e-17
0.000958353 -0.00013886 4.71243e-17
0.000966723 -0.000139921 4.72088e-17
0.000975099 -0.000140982 4.72932e-17
0.000983484 -0.000142045 4.73776e-17
0.000991881 -0.00014311 4.74619e-17
0.00100027 -0.000144169 4.75459e-17
0.00100857 -0.0001452 4.76294e-17
0.00101689 -0.000146235 4.77337e-17
0.00102523 -0.000147272 4.7809e-17
0.00103358 -0.000148312 4.79025e-17
0.00104195 -0.000149355 4.80025e-17
0.00105035 -0.000150399 4.8081e-17
0.00105876 -0.000151447 4.81825e-17
0.00106719 -0.000152496 4.82763e-17
0.00107564 -0.000153549 4.83682e-17
0.00108412 -0.000154604 4.84501e-17
0.00109262 -0.000155661 4.85413e-17
0.00110115 -0.000156721 4.86256e-17
0.0011097 -0.000157784 4.87269e-17
0.00111827 -0.00015885 4.88138e-17
0.00112682 -0.000159915 4.89207e-17
0.00113522 -0.000160971 4.89802e-17
0.0011434 -0.000162012 4.90871e-17
0.00115142 -0.000163044 4.91672e-17
0.00115938 -0.000164071 4.92718e-17
0.0011673 -0.000165097 4.9356e-17
0.00117521 -0.000166124 4.94479e-17
0.00118314 -0.000167153 4.9547e-17
0.00119107 -0.000168183 4.96298e-17
0.00119903 -0.000169216 4.97126e-17
0.001207 -0.000170251 4.97993e-17
0.001215 -0.000171289 4.98917e-17
0.0012224 -0.000172221 3.94323e-17
0.00122953 -0.000173054 3.36031e-17
0.00123677 -0.000173895 4.5198e-17
0.00124407 -0.000174742 1.9732e-17
0.00125143 -0.000175595 4.31272e-17
0.00125883 -0.000176451 4.54144e-17
0.00126627 -0.000177311 1.34524e-17
0.00127374 -0.000178174 5.12983e-17
0.00128124 -0.000179039 4.8875e-17
0.00128875 -0.000179907 2.79928e-17
0.00129629 -0.000180777 4.96793e-17
0.00130385 -0.000181649 3.05617e-17
0.00131143 -0.000182524 6.34343e-17
0.00131904 -0.000183402 3.88236e-17
0.00132667 -0.000184282 4.35148e-17
0.00133433 -0.000185165 4.60249e-17
0.00134201 -0.000186051 3.43176e-17
0.00134973 -0.00018694 3.91315e-17
0.00135748 -0.000187832 6.6933e-17
0.00136526 -0.000188727 4.61412e-17
0.00137307 -0.000189625 3.27152e-17
0.00138091 -0.000190526 2.9397e-17
0.00138878 -0.00019143 3.66863e-17
0.00139669 -0.000192338 1.88733e-17
0.00140462 -0.000193249 4.1301e-17
0.00141259 -0.000194163 5.64836e-17
0.00142059 -0.00019508 4.50024e-17
0.00142862 -0.000196001 5.85443e-17
0.00143669 -0.000196925 5.20765e-17
0.00144479 -0.000197853 6.48631e-17
0.00145291 -0.000198782 3.27278e-17
0.00146106 -0.000199713 4.33665e-17
0.00146925 -0.000200647 4.93939e-17
0.00147747 -0.000201585 2.8916e-17
0.00148574 -0.000202527 7.37683e-18
0.00149404 -0.000203472 4.51215e-17
0.00150238 -0.000204422 3.36522e-17
0.00151075 -0.000205375 4.53409e-17
0.00151917 -0.000206332 4.72845e-17
0.00152762 -0.000207293 6.42383e-17
0.00153611 -0.000208258 5.04944e-17
0.00154465 -0.000209227 4.82624e-17
0.00155322 -0.000210199 6.54693e-17
0.00156183 -0.000211176 3.50682e-17
0.00157048 -0.000212157 4.03196e-17
0.00157916 -0.000213142 5.56803e-17
0.00158789 -0.000214131 3.80088e-17
0.00159614 -0.000215042 4.69712e-17
0.00160384 -0.000215792 -2.09474e-17
0.00161162 -0.000216538 -9.34692e-19
0.0016195 -0.000217292 7.23139e-18
0.00162746 -0.000218054 9.22147e-18
0.00163547 -0.00021882 2.21187e-18
0.00164354 -0.000219591 6.37357e-18
0.00165165 -0.000220366 1.64708e-17
0.00165981 -0.000221145 5.71428e-18
0.00166801 -0.000221928 8.14736e-18
0.00167624 -0.000222713 1.00345e-17
0.00168452 -0.000223502 -6.84624e-18
0.00169283 -0.000224295 -7.71916e-18
0.00170118 -0.00022509 8.88938e-19
0.00170958 -0.000225889 2.84372e-18
0.00171803 -0.000226693 1.42691e-18
0.00172653 -0.0002275 4.29357e-18
0.00173506 -0.00022831 -1.48767e-18
0.00174363 -0.000229124 -1.33714e-17
0.00175226 -0.000229942 3.39085e-18
0.00176097 -0.000230766 3.27549e-18
0.00176974 -0.000231594 6.70858e-18
0.00177855 -0.000232426 7.8119e-18
0.0017874 -0.000233261 6.08348e-18
0.00179628 -0.0002341 -3.92422e-18
0.0018052 -0.000234941 1.08705e-17
0.00181415 -0.000235786 9.93325e-18
0.00182314 -0.000236634 1.07526e-17
0.00183217 -0.000237485 -5.91928e-18
0.00184124 -0.00023834 2.36198e-17
0.00185034 -0.000239198 1.44266e-17
0.00185951 -0.000240062 -5.42193e-18
0.00186874 -0.000240935 1.96739e-18
0.00187801 -0.000241811 -1.21875e-17
0.00188731 -0.00024269 5.04026e-18
0.00189665 -0.000243571 7.64758e-18
0.00190569 -0.000244392 3.67148e-17
0.00191341 -0.000244871 6.55485e-18
0.00192051 -0.000245297 6.03808e-18
0.00192742 -0.000245716 6.35357e-18
0.00193424 -0.000246117 6.30115e-18
0.00194108 -0.000246473 6.50584e-18
0.00194816 -0.00024684 6.79792e-18
0.00195519 -0.000247203 4.32245e-18
0.00196216 -0.000247557 4.93762e-18
0.00196928 -0.000247916 1.07727e-18
0.00197651 -0.000248279 7.34119e-18
0.00198381 -0.000248644 3.47968e-18
0.00199118 -0.000249012 7.88823e-18
0.00199859 -0.000249381 1.17274e-17
0.00200605 -0.000249752 6.70739e-18
0.00201355 -0.000250124 9.72964e-18
0.00202109 -0.000250498 7.02552e-18
0.00202867 -0.000250873 7.26573e-18
0.00203629 -0.000251249 5.60821e-18
0.00204394 -0.000251628 6.45202e-18
0.00205164 -0.000252008 6.66366e-18
0.00205939 -0.00025239 6.6493e-18
0.00206717 -0.000252774 5.2722e-18
0.002075 -0.000253164 4.39972e-18
0.00208286 -0.000253569 5.49901e-18
0.00209077 -0.000253976 6.57144e-18
0.00209873 -0.000254385 5.88558e-18
0.00210672 -0.000254795 5.00957e-18
0.00211476 -0.000255208 6.0202e-18
0.00212285 -0.000255623 5.5678e-18
0.00213084 -0.000256032 5.10953e-18
0.00213832 -0.000256413 6.34212e-18
0.00214524 -0.000256764 1.12946e-17
0.00215186 -0.000257098 4.56455e-18
0.00215831 -0.000257424 7.67353e-18
0.00216469 -0.000257745 1.46883e-17
0.00217104 -0.000258065 6.34083e-18
0.00217738 -0.000258384 6.48246e-18
0.00218374 -0.000258705 6.08496e-18
0.00219013 -0.000259026 -2.37837e-18
0.00219655 -0.000259349 1.16567e-17
0.00220335 -0.000259703 4.83321e-18
0.00221026 -0.000260077 5.3014e-18
0.0022185 -0.000260505 1.61701e-19
0.0022273 -0.000260959 2.46955e-18
0.00223628 -0.00026142 -3.40241e-18
0.00224538 -0.000261887 -3.1984e-18
0.00225459 -0.000262359 -1.18927e-18
0.00226389 -0.000262836 6.82063e-18
0.00227327 -0.000263316 6.15442e-18
0.00228273 -0.000263799 -1.06235e-17
0.00229226 -0.000264285 6.84554e-18
0.00230185 -0.000264774 -8.32032e-18
0.0023115 -0.000265266 -5.64042e-19
0.00232122 -0.00026576 9.06908e-19
0.00233099 -0.000266256 4.22841e-18
0.00234081 -0.000266755 -6.57954e-18
0.0023507 -0.000267255 2.44468e-18
0.00236064 -0.000267759 1.07304e-17
0.00237064 -0.000268264 -2.5626e-18
0.00238069 -0.000268771 1.92535e-17
0.00239079 -0.000269281 9.7141e-18
0.00240094 -0.000269792 -4.31142e-18
0.00241114 -0.000270305 1.23345e-17
0.00242139 -0.00027082 4.11703e-18
0.00243168 -0.000271336 2.42989e-17
0.00244202 -0.000271855 1.2162e-17
0.00245241 -0.000272375 4.97214e-18
0.00246284 -0.000272896 5.80199e-18
0.0024733 -0.000273419 9.21312e-18
0.0024838 -0.000273943 -1.5166e-17
0.00249434 -0.000274468 6.50915e-18
0.00250491 -0.000274994 7.03123e-18
0.00251551 -0.000275522 -8.42671e-18
0.00252614 -0.00027605 1.13773e-17
0.00253681 -0.00027658 2.79795e-17
0.00254751 -0.000277111 -1.43494e-18
0.00255825 -0.000277643 3.69007e-18
0.00256901 -0.000278176 7.6782e-18
0.00257981 -0.00027871 -8.76633e-18
0.00259063 -0.000279245 7.49573e-18
0.00260148 -0.00027978 -5.24133e-18
0.00261237 -0.000280316 -9.99618e-18
0.00262365 -0.000280871 4.51277e-18
0.00263697 -0.000281521 2.68333e-17
0.00265012 -0.00028216 -1.43061e-17
0.00266297 -0.00028273 7.35291e-18
0.00267544 -0.000283277 3.10862e-18
0.00268765 -0.000283812 1.47004e-17
0.00269968 -0.000284339 1.34267e-17
0.00271184 -0.000284882 1.23511e-17
0.00272432 -0.000285484 1.26995e-18
0.00273686 -0.00028609 -1.3158e-18
0.00274947 -0.000286699 6.81556e-18
0.00276212 -0.000287309 7.01241e-18
0.00277482 -0.000287922 1.39554e-17
0.00278756 -0.000288537 2.44433e-17
0.00280035 -0.000289152 1.07476e-17
0.00281316 -0.000289769 2.47396e-17
0.00282601 -0.000290386 -4.69131e-18
0.00283884 -0.000291001 2.20842e-17
0.00285169 -0.000291616 1.96752e-17
0.00286456 -0.00029223 2.45637e-17
0.00287744 -0.000292845 3.40496e-17
0.00289035 -0.00029346 -4.69102e-18
0.00290327 -0.000294076 -2.70996e-18
0.00291621 -0.000294692 1.96665e-17
0.00292916 -0.000295307 2.22587e-17
0.00294213 -0.000295922 -4.07267e-18
0.00295511 -0.000296536 -3.98043e-18
0.0029681 -0.000297149 1.41447e-17
0.00298111 -0.000297762 7.51196e-18
0.00299413 -0.000298374 -3.1742e-18
0.00300718 -0.000298987 3.16568e-17
0.00302026 -0.0002996 -8.22223e-18
0.00303335 -0.000300211 1.86472e-17
0.00304644 -0.000300821 2.73819e-19
0.00305954 -0.000301431 2.24441e-17
0.00307264 -0.000302039 -1.84114e-17
0.00308574 -0.000302646 5.93084e-18
0.00309884 -0.000303251 -2.9015e-18
0.00311195 -0.000303856 1.28568e-17
0.00312505 -0.000304459 -6.74868e-18
0.00313819 -0.000305063 -4.86546e-17
0.00315147 -0.000305673 2.36699e-17
0.00316492 -0.000306291 -3.49194e-19
0.00317845 -0.000306913 6.20257e-17
0.00319201 -0.000307535 5.18606e-17
0.00320558 -0.000308156 -8.14841e-17
0.00322065 -0.000308857 2.6913e-17
0.00323703 -0.000309628 -1.56056e-16
0.00325363 -0.000310406 -3.97325e-17
0.00327039 -0.000311191 -2.34955e-16
0.00328726 -0.000311978 -1.29978e-16
0.00330404 -0.000312759 -7.17135e-18
0.00332077 -0.000313536 5.58663e-17
0.00333755 -0.000314312 -2.86597e-16
0.00335434 -0.000315087 1.72375e-16
0.00337115 -0.00031586 -1.49172e-16
0.00338796 -0.000316632 1.22825e-16
0.00340477 -0.0003174 -2.08045e-16
0.00342157 -0.000318167 -2.40246e-16
0.00343835 -0.00031893 2.93688e-16
0.00345512 -0.00031969 1.1492e-16
0.00347187 -0.000320448 1.16809e-16
0.00348889 -0.000321255 1.71485e-16
0.0035063 -0.000322143 4.98466e-17
0.00352387 -0.000323038 -1.14917e-16
0.00354154 -0.000323938 -9.48611e-17
0.00355929 -0.000324839 -8.42217e-17
0.00357708 -0.000325742 3.2015e-16
0.00359491 -0.000326644 -2.95535e-17
0.00361276 -0.000327544 1.40816e-16
0.00363061 -0.000328443 8.50458e-17
0.00364846 -0.000329339 6.34992e-17
0.0036663 -0.000330233 2.33057e-16
0.00368414 -0.000331124 1.88151e-17
0.00370195 -0.000332011 1.38549e-16
0.00371975 -0.000332896 -2.18105e-16
0.00373753 -0.000333776 -6.2028e-16
0.00375529 -0.000334654 1.14032e-17
0.00377303 -0.000335528 -3.86414e-16
0.00379074 -0.000336398 6.92717e-17
0.00380844 -0.000337266 2.55941e-16
0.00382614 -0.00033813 8.05551e-17
0.00384382 -0.000338991 -6.1963e-17
0.0038615 -0.000339851 5.70971e-17
0.00387917 -0.000340707 3.5062e-17
0.00389683 -0.00034156 2.57494e-17
0.00391448 -0.000342411 6.4088e-18
0.00393211 -0.000343258 -2.17505e-17
0.00394971 -0.000344102 -1.26569e-16
0.00396727 -0.000344942 7.22196e-17
0.00398464 -0.00034577 3.4788e-17
0.004002 -0.000346595 4.33148e-17
0.00401935 -0.000347418 4.05915e-17
0.0040367 -0.000348239 -1.26539e-16
0.00405406 -0.000349058 4.60093e-17
0.00407142 -0.000349874 -2.91639e-17
0.00408877 -0.000350689 -2.75152e-17
0.00410612 -0.000351501 -4.36496e-17
0.00412346 -0.000352311 -2.92699e-19
0.00414078 -0.000353118 6.53684e-17
0.0041581 -0.000353922 5.58796e-17
0.00417799 -0.000354879 -1.2231e-17
0.00419832 -0.00035586 -7.32983e-17
0.00421885 -0.000356846 -4.30635e-17
0.00423954 -0.000357837 -6.01823e-17
0.00426035 -0.000358831 7.54056e-18
0.00428126 -0.000359826 3.54774e-17
0.00430224 -0.000360822 -1.09745e-17
0.00432328 -0.000361817 5.67383e-17
0.00434436 -0.000362811 7.6535e-17
0.00436548 -0.000363804 -3.04563e-17
0.00438663 -0.000364794 -7.20911e-17
0.0044078 -0.000365783 -3.23495e-17
0.00442899 -0.00036677 3.94856e-17
0.00445019 -0.000367754 -2.24096e-17
0.00447141 -0.000368736 -7.03019e-17
0.00449264 -0.000369716 -1.62892e-17
0.00451388 -0.000370693 -5.40448e-17
0.00453514 -0.000371668 -1.68417e-16
0.00455641 -0.00037264 4.75315e-17
0.00457769 -0.00037361 -1.66327e-17
0.00459899 -0.000374578 -8.85582e-17
0.0046203 -0.000375544 -5.76698e-17
0.00464163 -0.000376507 1.27447e-16
0.00466297 -0.000377468 6.77775e-18
0.00468432 -0.000378428 -1.06683e-16
0.00470569 -0.000379386 6.32766e-18
0.00472704 -0.000380342 -4.00918e-17
0.00474854 -0.000381408 -7.32229e-18
0.00477024 -0.000382527 -5.85872e-19
0.00479211 -0.000383654 -5.24445e-18
0.00481412 -0.000384786 1.69325e-18
0.00483625 -0.000385922 6.6201e-18
0.00485848 -0.000387062 2.55153e-18
0.00488079 -0.000388204 2.30357e-18
0.00490317 -0.000389347 1.15381e-19
0.00492563 -0.000390492 -9.193e-18
0.00494814 -0.000391637 -9.35111e-18
0.00497072 -0.000392783 3.07407e-18
0.00499336 -0.000393929 -3.11511e-18
0.00501605 -0.000395075 3.00169e-18
0.0050388 -0.00039622 2.01674e-17
0.0050616 -0.000397366 1.80437e-17
0.00508446 -0.000398512 -1.34958e-17
0.00510738 -0.000399658 -1.76412e-17
0.00513035 -0.000400804 8.0061e-18
0.00515339 -0.00040195 -6.39206e-18
0.00517648 -0.000403096 -1.19755e-18
0.00519965 -0.000404242 7.71124e-18
0.00522292 -0.00040539 -3.1277e-17
0.00524627 -0.000406539 8.61329e-18
0.00526972 -0.00040769 4.18609e-17
0.00529325 -0.000408842 2.3988e-18
0.00531687 -0.000409995 1.37051e-17
0.00534057 -0.00041115 -3.31377e-17
0.00536436 -0.000412305 -1.64758e-17
0.00538824 -0.000413461 -5.35485e-17
0.00541223 -0.00041462 5.55718e-17
0.00543633 -0.00041578 6.52334e-17
0.00546054 -0.000416943 2.85173e-17
0.00548485 -0.000418107 2.62291e-18
0.00550926 -0.000419273 7.38562e-17
0.00553378 -0.00042044 -8.33019e-17
0.00555839 -0.000421609 4.46059e-18
0.0055831 -0.000422779 1.5683e-17
0.00560787 -0.000423952 3.81433e-18
0.00563272 -0.000425125 7.04783e-18
0.00565765 -0.000426297 -1.24252e-18
0.00568267 -0.000427471 -2.64682e-18
0.00570777 -0.000428644 5.72685e-18
0.00573297 -0.000429818 -6.75893e-18
0.00575825 -0.000430992 5.14916e-18
0.00578362 -0.000432168 -4.26441e-18
0.00580909 -0.000433343 9.65226e-18
0.00583465 -0.000434519 -2.84587e-18
0.00586031 -0.000435696 5.21903e-18
0.00588607 -0.000436874 -2.16995e-18
0.00591192 -0.000438052 -5.45967e-18
0.00593787 -0.000439231 1.47319e-18
0.00596391 -0.000440411 -6.05505e-18
0.00599006 -0.000441591 1.25673e-18
0.00601832 -0.000442915 -6.13037e-18
0.00604764 -0.000444302 9.9443e-18
0.00607731 -0.000445701 1.97758e-18
0.00610729 -0.000447109 5.48753e-19
0.00613754 -0.000448525 5.48971e-19
0.00616803 -0.000449947 3.57343e-18
0.00619875 -0.000451376 2.09017e-19
0.00622968 -0.00045281 2.7203e-18
0.00626081 -0.000454248 1.10135e-18
0.00629212 -0.00045569 7.94168e-18
0.0063236 -0.000457135 -6.47976e-18
0.00635526 -0.000458584 2.53135e-18
0.00638708 -0.000460036 -2.8882e-18
0.00641907 -0.000461491 2.02957e-18
0.00645121 -0.000462949 1.26888e-18
0.00648352 -0.000464409 2.36149e-18
0.00651597 -0.000465872 1.17221e-17
0.00654858 -0.000467337 -1.80212e-18
0.00658134 -0.000468805 9.15633e-19
0.00661425 -0.000470274 6.11414e-18
0.00664732 -0.000471746 1.02865e-17
0.00668092 -0.00047322 1.06009e-17
0.00671509 -0.000474692 6.9148e-18
0.00674929 -0.000476162 -5.7398e-18
0.00678354 -0.00047763 9.1788e-19
0.00681785 -0.000479098 3.65844e-18
0.00685223 -0.000480565 5.90425e-18
0.00688669 -0.000482032 2.87936e-18
0.00692124 -0.000483499 2.7592e-18
0.00695591 -0.000484966 1.0904e-17
0.00699069 -0.000486434 2.82131e-17
0.00702559 -0.000487903 -1.20207e-17
0.00706062 -0.000489376 5.16657e-18
0.00709507 -0.00049096 -7.09998e-16
0.00712928 -0.000492656 -4.97569e-17
0.00716377 -0.000494366 3.89264e-17
0.00719851 -0.000496087 4.68239e-17
0.00723349 -0.00049782 -5.44996e-17
0.00726868 -0.000499562 -1.67494e-16
0.0073041 -0.000501314 1.20535e-16
0.00733972 -0.000503073 9.07551e-17
0.00737555 -0.000504841 4.23031e-18
0.00741158 -0.000506615 -6.09704e-17
0.00744781 -0.000508396 -2.12582e-17
0.00748424 -0.000510184 1.2212e-16
0.00752086 -0.000511979 7.98728e-17
0.00755769 -0.000513779 4.40707e-17
0.00759473 -0.000515586 -6.2499e-17
0.00763199 -0.000517401 1.27069e-16
0.00766948 -0.000519222 9.89264e-17
0.00770721 -0.000521051 -9.80377e-17
0.00774516 -0.000522886 1.16354e-16
0.00778335 -0.000524728 1.15421e-17
0.00782176 -0.000526577 -2.70074e-17
0.00786039 -0.000528432 1.24893e-16
0.00789925 -0.000530293 -8.9067e-18
0.00793834 -0.00053216 -4.01101e-17
0.00797765 -0.000534033 -1.192e-16
0.00801719 -0.000535911 1.62038e-17
0.00805696 -0.000537796 -7.22012e-18
0.00809695 -0.000539685 9.04233e-17
0.00813717 -0.00054158 -9.64641e-17
0.00817761 -0.00054348 6.8987e-17
0.0082183 -0.000545386 2.1925e-17
0.00825921 -0.000547297 -1.68284e-16
0.00830036 -0.000549213 -9.58052e-17
0.00834176 -0.000551135 -7.82397e-17
0.00838342 -0.000553063 1.64373e-16
0.00842535 -0.000554997 -1.28312e-16
0.00846754 -0.000556937 -7.1797e-17
0.00851 -0.000558884 2.98301e-18
0.00855273 -0.000560836 -1.56726e-16
0.00859573 -0.000562795 6.87607e-17
0.00863899 -0.000564759 -9.1878e-17
0.00868253 -0.000566728 2.69343e-17
0.00872635 -0.000568704 -3.39992e-17
0.00877043 -0.000570684 -1.57178e-17
0.00881479 -0.000572671 3.39512e-19
0.00885942 -0.000574662 -8.82331e-17
0.00890434 -0.000576659 -3.70867e-17
0.00894954 -0.000578663 -5.7041e-17
0.00899504 -0.000580674 -3.30881e-17
0.00904082 -0.00058269 -8.72875e-18
0.00908687 -0.000584711 -5.77077e-17
0.00913321 -0.000586736 3.82692e-18
0.00917983 -0.000588766 -6.31524e-17
0.00922674 -0.000590801 8.38417e-17
0.00927394 -0.00059284 -6.33509e-17
0.00932144 -0.000594883 -5.90453e-17
0.00936923 -0.000596932 -7.25813e-17
0.00941734 -0.000598986 -6.60598e-17
0.00946575 -0.000601044 -3.07689e-17
0.00951447 -0.000603108 -9.04905e-18
0.0095635 -0.000605176 -7.93493e-17
0.00961285 -0.000607249 -7.94451e-17
0.00966251 -0.000609327 -1.2205e-16
0.00971248 -0.000611409 6.95722e-18
0.00976276 -0.000613496 5.27103e-18
0.00981335 -0.000615587 -3.35309e-17
0.00986425 -0.000617682 -4.83039e-17
0.00991546 -0.000619781 -2.68767e-17
0.00996698 -0.000621884 -1.50366e-16
0.0100188 -0.00062399 -1.49781e-16
0.010071 -0.000626101 -7.41526e-17
0.0101234 -0.000628215 -5.33481e-17
0.0101762 -0.000630333 -5.61593e-17
0.0102293 -0.000632455 -1.20708e-16
0.0102828 -0.000634581 9.89908e-17
0.0103365 -0.00063671 -1.0007e-16
0.0103906 -0.000638842 5.24432e-17
0.0104451 -0.000640978 -1.45567e-17
0.0104998 -0.000643118 2.14034e-18
0.0105549 -0.000645261 -8.8592e-17
0.0106103 -0.000647407 -4.48816e-17
0.0106661 -0.000649556 -4.82142e-17
0.0107222 -0.000651709 -6.84106e-17
0.0107787 -0.000653864 -5.97676e-18
0.0108355 -0.000656023 -1.14901e-16
0.0108926 -0.000658184 -1.61543e-16
0.0109501 -0.000660349 7.60284e-17
0.0110079 -0.000662516 2.65204e-19
0.0110661 -0.000664686 -4.02137e-17
0.0111247 -0.000666859 -2.69482e-17
0.0111836 -0.000669034 -5.54539e-18
0.0112429 -0.000671212 -7.52562e-17
0.0113025 -0.000673393 -7.03022e-18
0.0113625 -0.000675577 -5.46883e-17
0.0114229 -0.000677762 1.41232e-16
0.0114816 -0.000680189 -2.13e-17
0.0115383 -0.000682947 3.95138e-17
0.0115955 -0.000685729 -1.47202e-16
0.011653 -0.000688533 -5.93834e-17
0.011711 -0.000691357 -5.76231e-17
0.0117692 -0.000694198 -9.62788e-17
0.0118279 -0.000697055 -1.02244e-17
0.0118868 -0.000699926 4.02979e-18
0.0119461 -0.00070281 -1.67483e-16
0.0120057 -0.000705706 -5.86263e-17
0.0120657 -0.000708619 -1.02762e-16
0.0121261 -0.000711542 -5.37855e-17
0.0121868 -0.000714473 3.44962e-17
0.0122478 -0.000717412 1.5855e-16
0.0123092 -0.00072036 -2.75858e-16
0.0123707 -0.000723311 7.6259e-17
0.0124326 -0.000726267 9.83337e-17
0.0124946 -0.000729226 6.84701e-17
0.012557 -0.000732186 -1.09305e-16
0.0126196 -0.000735149 -2.47441e-16
0.0126824 -0.000738113 -2.91244e-20
0.0127455 -0.000741078 -6.22161e-17
0.0128089 -0.000744044 -4.05991e-18
0.0128725 -0.000747011 3.55199e-17
0.0129364 -0.000749979 -3.5859e-17
0.0130006 -0.000752947 -7.78268e-17
0.013065 -0.000755916 2.39661e-17
0.0131297 -0.000758885 -5.54244e-17
0.0131946 -0.000761854 2.03726e-17
0.0132599 -0.000764822 -1.64591e-16
0.0133254 -0.000767791 -7.91012e-17
0.0133912 -0.000770759 -2.44981e-17
0.0134572 -0.000773726 -1.92286e-16
0.0135236 -0.000776692 -1.1726e-16
0.0135902 -0.000779658 1.04942e-16
0.013657 -0.000782623 -9.97642e-17
0.0137242 -0.000785586 -1.34001e-16
0.0137917 -0.000788549 -7.92993e-17
0.0138594 -0.00079151 -1.6707e-16
0.0139274 -0.000794469 -2.24896e-16
0.0139957 -0.000797427 -1.64907e-16
0.0140642 -0.000800384 3.54717e-17
0.0141331 -0.000803338 -1.15884e-16
0.0142022 -0.000806291 -4.6226e-16
0.0142716 -0.000809241 2.96561e-17
0.0143413 -0.000812189 9.39832e-17
0.0144113 -0.000815135 -3.79421e-17
0.0144815 -0.000818079 -1.02634e-16
0.014552 -0.00082102 8.11222e-17
0.0146228 -0.000823959 -1.9858e-16
0.0146939 -0.000826895 -4.01329e-16
0.0147653 -0.000829829 5.30546e-18
0.0148369 -0.00083276 -7.1409e-17
0.0149089 -0.000835688 -1.25415e-16
0.0149811 -0.000838614 1.48456e-16
0.0150536 -0.000841536 2.09313e-16
0.0151264 -0.000844455 -4.60414e-16
0.0151994 -0.000847371 -2.28432e-16
0.0152728 -0.000850284 7.88694e-17
0.0153464 -0.000853193 -1.73845e-16
0.0154203 -0.000856098 8.83288e-17
0.0154945 -0.000858999 -3.45003e-16
0.0155689 -0.000861897 1.45303e-16
0.0156436 -0.00086479 3.02945e-18
0.0157186 -0.000867679 4.87028e-16
0.0157939 -0.000870564 -4.93009e-18
0.0158694 -0.000873444 -3.87451e-16
0.0159452 -0.000876319 2.91437e-16
0.0160213 -0.00087919 -3.61497e-17
0.0160976 -0.000882055 1.72502e-16
0.0161742 -0.000884915 -2.35154e-17
0.016251 -0.00088777 1.03075e-16
0.0163281 -0.00089062 -9.10126e-17
0.0164056 -0.000893471 2.30691e-16
0.0164833 -0.000896324 4.18323e-18
0.0165613 -0.00089917 -4.05407e-17
0.0166396 -0.000902009 -8.09536e-17
0.0167181 -0.000904842 -4.72834e-16
0.0167968 -0.000907667 -6.59458e-16
0.0168758 -0.000910485 -2.37707e-16
0.016955 -0.000913295 -5.6645e-17
0.0170345 -0.000916098 -4.38261e-16
0.0171142 -0.000918894 2.19007e-16
0.0171941 -0.000921682 -1.99761e-16
0.0172742 -0.000924462 3.26259e-16
0.0173546 -0.000927234 -6.57212e-16
0.0174352 -0.000929998 -2.11446e-16
0.017516 -0.000932754 3.7791e-17
0.017597 -0.000935502 4.383e-17
0.0176782 -0.000938241 3.23049e-16
0.0177596 -0.000940972 8.93431e-17
0.0178412 -0.000943695 4.72192e-16
0.0179231 -0.000946409 2.06717e-16
0.0180051 -0.000949114 -1.50105e-16
0.0180873 -0.00095181 -3.86621e-16
0.0181697 -0.000954497 -4.52742e-16
0.0182522 -0.000957175 -5.92283e-16
0.018335 -0.000959844 1.19052e-17
0.0184179 -0.000962503 3.01442e-16
0.018501 -0.000965153 2.60011e-16
0.0185842 -0.000967794 -9.05899e-18
0.0186676 -0.000970425 1.96327e-16
0.0187512 -0.000973046 -1.47475e-16
0.0188349 -0.000975657 -5.78191e-16
0.0189188 -0.000978259 1.58698e-17
0.0190028 -0.00098085 -2.10279e-16
0.0190869 -0.000983432 -1.32077e-16
0.0191712 -0.000986003 -1.76602e-16
0.0192556 -0.000988564 -1.13833e-16
0.0193378 -0.00099133 -7.64586e-17
0.0194139 -0.000994774 3.68374e-16
0.0194898 -0.000998229 -6.2004e-17
0.0195654 -0.00100169 -5.80772e-16
0.0196407 -0.00100515 6.4938e-17
0.0197158 -0.00100862 1.89265e-16
0.0197906 -0.00101209 1.7571e-16
0.0198652 -0.00101555 5.74227e-18
0.0199396 -0.00101901 4.32119e-16
0.0200138 -0.00102247 8.55689e-16
0.0200878 -0.00102592 -5.31795e-16
0.0201617 -0.00102937 -1.05378e-15
0.0202354 -0.0010328 1.90631e-17
0.020309 -0.00103623 1.15411e-16
0.0203826 -0.00103964 3.10561e-17
0.0204562 -0.00104305 3.8874e-16
0.0205297 -0.00104645 2.67932e-16
0.0206031 -0.00104984 -3.06247e-16
0.0206765 -0.00105322 -1.23986e-17
0.0207499 -0.00105659 2.68257e-16
0.0208232 -0.00105994 -3.20144e-16
0.0208965 -0.00106328 2.17981e-16
0.0209698 -0.00106661 -2.53997e-16
0.021043 -0.00106992 1.54544e-16
0.0211162 -0.00107322 3.60738e-16
0.0211894 -0.0010765 -6.02398e-17
0.0212625 -0.00107977 3.63942e-17
0.0213356 -0.00108302 1.65127e-16
0.0214086 -0.00108625 1.69736e-16
0.0214816 -0.00108947 -2.95038e-17
0.0215545 -0.00109267 -2.47517e-16
0.0216274 -0.00109585 -1.20724e-16
0.0217002 -0.00109902 -3.20283e-16
0.021773 -0.00110217 -1.3287e-16
0.0218457 -0.0011053 -2.41539e-16
0.0219183 -0.00110841 2.64248e-17
0.0219909 -0.0011115 4.30546e-17
0.0220633 -0.00111457 -3.48247e-16
0.0221357 -0.00111763 -1.39037e-16
0.0222079 -0.00112066 4.0552e-17
0.0222801 -0.00112367 -5.00581e-16
0.0223521 -0.00112666 -7.31258e-16
0.022424 -0.00112964 -1.03668e-15
0.0224958 -0.00113259 -4.91144e-16
0.0225675 -0.00113552 -5.75083e-16
0.022639 -0.00113843 -4.04933e-16
0.0227105 -0.00114132 5.75049e-16
0.0227818 -0.00114419 2.02471e-16
0.022853 -0.00114704 -3.40203e-16
0.0229241 -0.00114987 -9.58909e-16
0.022995 -0.00115267 -6.46515e-16
0.0230658 -0.00115546 8.02429e-16
0.0231365 -0.00115823 -1.45702e-17
0.0232071 -0.00116097 2.24502e-16
0.0232775 -0.0011637 -2.5759e-16
0.0233478 -0.00116641 1.69382e-16
0.023418 -0.00116909 2.27526e-16
0.0234881 -0.00117175 -2.33054e-16
0.023558 -0.0011744 3.5789e-16
0.0236277 -0.00117702 1.43748e-16
0.0236974 -0.00117963 -5.49153e-16
0.0237668 -0.00118221 -8.43121e-16
0.0238363 -0.00118479 3.48922e-16
0.0239056 -0.00118735 4.44384e-16
0.0239748 -0.00118989 -5.60633e-16
0.0240439 -0.0011924 7.84916e-16
0.0241128 -0.0011949 1.88855e-16
0.0241815 -0.00119737 -1.20257e-16
0.0242501 -0.00119983 -1.0503e-20
0.0243186 -0.00120226 3.47379e-16
0.0243869 -0.00120467 -1.02544e-17
0.024455 -0.00120707 4.06665e-16
0.024523 -0.00120944 -1.13277e-15
0.0245909 -0.00121179 1.0997e-15
0.0246586 -0.00121412 6.90957e-16
0.0247261 -0.00121643 7.07638e-16
0.0247935 -0.00121873 6.04986e-16
0.0248607 -0.001221 1.63482e-16
0.0249277 -0.00122325 2.11273e-16
0.0249946 -0.00122549 -8.88219e-16
0.0250614 -0.0012277 -1.25418e-15
0.0251279 -0.0012299 7.43405e-17
0.0251943 -0.00123208 8.17878e-16
0.0252606 -0.00123424 -1.79297e-16
0.0253267 -0.00123638 6.63875e-16
0.0253926 -0.00123851 3.76933e-16
0.0254583 -0.00124062 4.23983e-16
0.0255239 -0.00124271 -6.08972e-16
0.0255893 -0.00124478 1.40429e-15
0.0256546 -0.00124683 -5.57467e-16
0.0257196 -0.00124887 -1.62629e-15
0.0257846 -0.00125089 -1.29894e-15
0.0258493 -0.00125289 5.98942e-16
0.0259139 -0.00125488 1.00259e-16
0.0259783 -0.00125685 -1.06783e-15
0.0260425 -0.00125881 -3.58682e-16
0.0261066 -0.00126075 -1.58307e-15
0.0261705 -0.00126267 7.63661e-17
0.0262342 -0.00126458 7.46793e-16
0.0262978 -0.00126647 -1.77083e-15
0.0263612 -0.00126834 -7.55232e-16
0.0264244 -0.0012702 -8.42032e-16
0.0264874 -0.00127205 -1.25165e-15
0.0265503 -0.00127388 1.28574e-16
0.026613 -0.0012757 -6.5342e-16
0.0266755 -0.0012775 -3.40642e-16
0.0267379 -0.00127928 -3.13452e-16
0.0268007 -0.00128107 1.92489e-15
0.0268645 -0.00128285 -2.86354e-17
0.0269279 -0.00128462 -2.61696e-16
0.0269909 -0.00128636 -6.60282e-17
0.0270536 -0.00128808 -6.68561e-18
0.0271159 -0.00128979 -2.43649e-16
0.0271779 -0.00129148 -1.5007e-16
0.0272397 -0.00129315 -8.87069e-17
0.0273012 -0.0012948 -1.1118e-16
0.0273625 -0.00129644 -9.79149e-17
0.0274235 -0.00129806 -3.69431e-16
0.0274843 -0.00129967 -9.68431e-17
0.0275449 -0.00130127 -2.59011e-16
0.0276052 -0.00130284 -1.01817e-16
0.0276654 -0.00130441 -3.70935e-16
0.0277253 -0.00130596 -3.21146e-16
0.0277851 -0.0013075 -2.22496e-16
0.0278446 -0.00130902 1.23274e-16
0.027904 -0.00131053 -8.46359e-17
0.0279632 -0.00131203 1.09254e-16
0.0280222 -0.00131352 -2.33751e-16
0.028081 -0.00131499 -6.46579e-17
0.0281397 -0.00131645 -1.26079e-16
0.0281981 -0.0013179 -1.06364e-16
0.0282564 -0.00131933 -4.17325e-16
0.0283146 -0.00132076 -2.02642e-16
0.0283725 -0.00132217 -2.31973e-16
0.0284303 -0.00132357 -4.43694e-16
0.0284879 -0.00132496 9.65231e-17
0.0285454 -0.00132634 -2.00531e-17
0.0286027 -0.00132771 4.61081e-16
0.0286598 -0.00132907 -2.70952e-16
0.0287168 -0.00133041 -2.32587e-16
0.0287736 -0.00133175 -4.07046e-17
0.0288302 -0.00133307 -7.59031e-17
0.0288867 -0.00133439 -2.18167e-16
0.0289431 -0.00133569 1.05896e-17
0.0289993 -0.00133698 -1.55229e-16
0.0290553 -0.00133827 -2.0672e-16
0.0291112 -0.00133954 -2.46176e-16
0.0291669 -0.00134081 -1.61218e-16
0.0292225 -0.00134206 -2.69057e-16
0.0292779 -0.00134331 -2.38435e-16
0.0293332 -0.00134454 -4.20858e-16
0.0293884 -0.00134577 -1.95664e-16
0.0294434 -0.00134698 7.17316e-17
0.0294982 -0.00134819 2.32872e-16
0.0295529 -0.00134939 -1.13783e-16
0.0296075 -0.00135058 2.09252e-16
0.0296619 -0.00135176 -4.92187e-16
0.0297162 -0.00135293 -5.82343e-18
0.0297703 -0.00135409 -6.57769e-17
0.0298244 -0.00135525 6.82663e-17
0.0298782 -0.0013564 3.15843e-16
0.029932 -0.00135753 1.35417e-16
0.0299856 -0.00135866 -3.95786e-17
0.030039 -0.00135978 -9.72946e-17
0.0300923 -0.0013609 -3.72943e-16
0.0301455 -0.001362 -2.36908e-16
0.0301986 -0.0013631 1.5484e-16
0.0302515 -0.00136419 -9.4832e-17
0.0303043 -0.00136527 -2.9071e-16
0.030357 -0.00136634 1.97497e-16
0.0304095 -0.00136741 3.32788e-16
0.030462 -0.00136847 1.90322e-16
0.0305142 -0.00136952 2.42822e-16
0.0305664 -0.00137056 1.46192e-16
0.0306184 -0.0013716 3.36774e-16
0.0306704 -0.00137263 7.50921e-17
0.0307222 -0.00137365 -3.19853e-16
0.0307738 -0.00137466 -4.27776e-16
0.0308254 -0.00137567 -3.21472e-16
0.0308768 -0.00137667 2.79439e-16
0.0309281 -0.00137767 -8.24153e-17
0.0309793 -0.00137865 1.63165e-16
0.0310304 -0.00137963 -2.72522e-16
0.0310814 -0.00138061 -3.88478e-16
0.0311322 -0.00138158 2.42843e-17
0.031183 -0.00138254 2.48024e-16
0.0312336 -0.00138349 2.48699e-16
0.0312841 -0.00138444 6.14013e-17
0.0313345 -0.00138538 1.22798e-16
0.0313848 -0.00138632 -3.01364e-16
0.031435 -0.00138725 1.03044e-16
0.031485 -0.00138817 2.54483e-16
0.031535 -0.00138909 -1.89904e-16
0.0315848 -0.00139 1.20236e-16
0.0316346 -0.0013909 1.58023e-16
0.0316842 -0.0013918 -4.93811e-16
0.0317337 -0.0013927 -7.64918e-17
0.0317831 -0.00139358 -4.2886e-16
0.0318323 -0.00139446 5.50325e-17
0.0318815 -0.00139534 1.27429e-17
0.0319306 -0.00139621 -9.44623e-17
0.0319795 -0.00139707 3.65535e-16
0.0320284 -0.00139793 -2.69727e-16
0.0320771 -0.00139878 -4.01222e-16
0.0321257 -0.00139963 -3.6497e-16
0.0321742 -0.00140047 1.17865e-16
0.0322226 -0.00140131 -7.6555e-18
0.0322709 -0.00140214 -5.82413e-16
0.0323191 -0.00140296 -2.36799e-16
0.0323671 -0.00140378 -1.23246e-16
0.032415 -0.00140459 2.05163e-16
0.0324628 -0.0014054 3.88854e-17
0.0325105 -0.00140621 -2.82429e-16
0.0325577 -0.00140704 2.15392e-16
0.0326008 -0.00140892 -2.69832e-16
0.0326431 -0.00141083 -8.4414e-16
0.0326847 -0.00141276 2.15341e-16
0.0327261 -0.0014147 3.06847e-16
0.0327672 -0.00141664 -3.35315e-16
0.032808 -0.0014186 2.96732e-16
0.0328485 -0.00142055 -1.40054e-17
0.0328889 -0.00142252 -4.87512e-16
0.032929 -0.00142449 -2.31959e-16
0.0329689 -0.00142646 -1.57022e-16
0.0330086 -0.00142843 2.56627e-16
0.033048 -0.00143041 -1.57081e-16
0.0330873 -0.00143238 -1.04883e-16
0.0331265 -0.00143436 5.32118e-16
0.0331654 -0.00143634 -4.01631e-16
0.0332042 -0.00143831 3.2297e-16
0.0332427 -0.00144029 -7.48564e-17
0.0332812 -0.00144226 -1.66413e-16
0.0333195 -0.00144423 -9.60149e-17
0.0333576 -0.0014462 2.13512e-16
0.0333956 -0.00144816 9.96876e-17
0.0334334 -0.00145012 -7.28695e-17
0.0334711 -0.00145208 -2.75343e-16
0.0335086 -0.00145404 -2.11968e-16
0.033546 -0.00145598 3.33706e-16
0.0335833 -0.00145793 8.50801e-17
0.0336204 -0.00145987 -4.39183e-16
0.0336575 -0.00146181 4.49688e-17
0.0336943 -0.00146374 -1.60335e-17
0.0337311 -0.00146566 2.59124e-16
0.0337677 -0.00146758 -3.10663e-16
0.0338043 -0.00146949 -3.37009e-16
0.0338407 -0.0014714 5.08659e-16
0.033877 -0.0014733 -4.16088e-16
0.0339131 -0.0014752 -4.29589e-16
0.0339492 -0.00147709 -3.69636e-17
0.0339851 -0.00147897 -6.58487e-16
0.034021 -0.00148084 -6.56335e-16
0.0340567 -0.00148271 -4.51449e-16
0.0340923 -0.00148457 -5.2498e-16
0.0341278 -0.00148643 -2.44505e-16
0.0341632 -0.00148827 4.48488e-16
0.0341985 -0.00149011 3.34648e-16
0.0342336 -0.00149195 -1.52283e-16
0.0342687 -0.00149377 -4.7427e-17
0.0343037 -0.00149559 -6.12156e-16
0.0343385 -0.0014974 1.04456e-16
0.0343733 -0.0014992 -3.17941e-16
0.034408 -0.00150099 -3.21181e-16
0.0344425 -0.00150278 -5.19477e-17
0.034477 -0.00150456 3.80297e-16
0.0345113 -0.00150633 7.31638e-16
0.0345456 -0.00150809 6.09509e-16
0.0345797 -0.00150985 -6.72733e-16
0.0346137 -0.00151159 1.039e-16
0.0346477 -0.00151333 -5.90373e-16
0.0346815 -0.00151506 -6.66389e-16
0.0347153 -0.00151678 -6.47465e-18
0.034749 -0.00151849 -9.04119e-17
0.0347825 -0.0015202 -6.38066e-16
0.034816 -0.00152189 1.14047e-16
0.0348494 -0.00152358 -5.2908e-16
0.0348827 -0.00152526 2.13994e-16
0.0349159 -0.00152693 8.03397e-16
0.034949 -0.0015286 2.09535e-16
0.034982 -0.00153025 -5.31146e-16
0.0350149 -0.0015319 1.24914e-16
0.0350477 -0.00153354 3.38718e-16
0.0350805 -0.00153517 -2.64557e-16
0.0351131 -0.00153679 -5.79787e-17
0.0351456 -0.0015384 2.86724e-17
0.0351781 -0.00154 1.01172e-17
0.0352105 -0.0015416 -4.8988e-16
0.0352427 -0.00154319 2.56198e-16
0.0352749 -0.00154476 2.09353e-16
0.035307 -0.00154633 -1.74284e-16
0.035339 -0.0015479 -4.30006e-16
0.0353709 -0.00154945 7.09626e-16
0.0354027 -0.001551 -5.27973e-16
0.0354344 -0.00155253 2.10065e-16
0.035466 -0.00155406 6.1413e-17
0.0354976 -0.00155558 -1.2054e-16
0.035529 -0.00155709 -3.08861e-16
0.0355604 -0.0015586 -1.34125e-15
0.0355916 -0.00156009 -2.86106e-16
0.0356228 -0.00156158 3.569e-16
0.0356539 -0.00156306 -8.4148e-16
0.0356849 -0.00156453 -3.0575e-16
0.0357158 -0.00156599 2.08612e-17
0.0357467 -0.00156744 5.39084e-16
0.0357774 -0.00156889 3.28007e-16
0.0358081 -0.00157033 -5.25223e-16
0.0358386 -0.00157176 -3.13586e-16
0.0358691 -0.00157318 1.62995e-16
0.0358995 -0.0015746 1.91509e-16
0.0359299 -0.001576 -2.98349e-16
0.0359601 -0.0015774 -6.99747e-16
0.0359903 -0.00157879 2.76867e-16
0.0360203 -0.00158018 1.59076e-16
0.0360503 -0.00158155 -5.26618e-16
0.0360802 -0.00158292 1.92226e-16
0.03611 -0.00158428 -9.57503e-16
0.0361398 -0.00158563 -6.94691e-16
0.0361694 -0.00158698 9.80348e-17
0.036199 -0.00158832 -3.73703e-16
0.0362285 -0.00158965 -2.1696e-16
0.0362579 -0.00159097 -1.26773e-17
0.0362873 -0.00159229 -8.71333e-16
0.0363165 -0.0015936 -5.37409e-16
0.0363457 -0.0015949 3.94188e-17
0.0363748 -0.00159619 2.58943e-16
0.0364038 -0.00159748 6.16191e-16
0.0364327 -0.00159876 -1.22352e-16
0.0364616 -0.00160003 -7.40254e-16
0.0364904 -0.0016013 1.05666e-16
0.0365191 -0.00160255 -3.00122e-16
0.0365477 -0.00160381 -4.70231e-16
0.0365762 -0.00160505 -4.32132e-16
0.0366047 -0.00160629 -1.01992e-16
0.0366331 -0.00160752 -4.81141e-16
0.0366615 -0.00160877 -1.30882e-16
0.0366898 -0.00161 1.79171e-16
0.036718 -0.00161122 2.96651e-16
0.0367461 -0.00161244 9.40736e-16
0.0367742 -0.00161365 -3.69628e-16
0.0368022 -0.00161486 -5.80026e-16
0.0368301 -0.00161605 2.6398e-16
0.036858 -0.00161724 -8.03501e-16
0.0368857 -0.00161843 -3.2499e-16
0.0369134 -0.0016196 3.62198e-16
0.0369412 -0.00162078 -5.75363e-16
0.0369689 -0.00162195 2.15936e-16
0.0369966 -0.00162311 2.16116e-16
0.0370242 -0.00162427 -5.67988e-16
0.0370517 -0.00162542 -1.67985e-16
0.0370791 -0.00162657 -1.97506e-16
0.0371065 -0.00162771 -1.34894e-16
0.0371339 -0.00162884 3.38773e-17
0.0371611 -0.00162997 6.87537e-16
0.0371883 -0.00163109 -3.64714e-16
0.0372154 -0.00163221 -2.33317e-16
0.0372425 -0.00163332 -4.44583e-16
0.0372694 -0.00163442 2.09833e-16
0.0372963 -0.00163551 -8.13442e-16
0.0373231 -0.00163661 3.97442e-16
0.0373499 -0.00163769 -6.40484e-17
0.0373765 -0.00163877 6.52118e-16
0.0374031 -0.00163984 5.56862e-16
0.0374296 -0.00164091 -6.96826e-16
0.037456 -0.00164197 1.19666e-16
0.0374824 -0.00164302 -4.0248e-16
0.0375086 -0.00164407 8.68166e-17
0.0375348 -0.00164511 5.56802e-16
0.0375609 -0.00164615 -1.09854e-15
0.0375868 -0.00164718 -1.04611e-15
0.0376127 -0.0016482 1.59655e-16
0.0376385 -0.00164922 -9.09582e-16
0.0376642 -0.00165023 5.27976e-16
0.0376899 -0.00165123 1.20639e-15
0.0377154 -0.00165223 -4.387e-16
0.0377408 -0.00165322 8.61566e-16
0.0377661 -0.00165421 -7.57966e-17
0.0377913 -0.00165519 3.76783e-17
0.0378165 -0.00165616 1.11466e-15
0.0378415 -0.00165713 3.27987e-16
0.0378664 -0.00165809 -4.1781e-16
0.0378912 -0.00165905 -3.04948e-16
0.0379159 -0.00165999 1.61079e-15
0.0379405 -0.00166094 1.7959e-16
0.0379649 -0.00166187 2.07132e-16
0.0379893 -0.0016628 2.09122e-17
0.0380136 -0.00166372 6.07436e-16
0.0380377 -0.00166464 4.78417e-16
0.0380617 -0.00166555 -3.9434e-16
0.0380856 -0.00166645 2.02658e-15
0.0381093 -0.00166734 -4.33662e-16
0.038133 -0.00166823 1.37564e-15
0.0381565 -0.00166911 6.85138e-16
0.0381799 -0.00166999 -1.26033e-15
0.0382032 -0.00167086 -7.50879e-16
0.0382263 -0.00167172 2.06439e-17
0.0382494 -0.00167258 -4.69417e-16
0.0382722 -0.00167343 -1.02837e-15
0.038295 -0.00167427 -1.3412e-15
0.0383176 -0.0016751 -5.47283e-16
0.0383401 -0.00167593 -8.72741e-16
0.0383625 -0.00167675 -4.80712e-16
0.0383847 -0.00167757 -1.85398e-15
0.0384068 -0.00167838 -1.18562e-15
0.0384288 -0.00167918 -1.32479e-15
0.0384506 -0.00167997 2.46821e-15
0.0384723 -0.00168076 -8.01627e-16
0.0384938 -0.00168154 7.93413e-16
0.0385152 -0.00168232 5.97087e-16
0.0385365 -0.00168309 -2.01733e-15
0.0385576 -0.00168385 -1.03414e-15
0.0385786 -0.0016846 1.11454e-16
0.0385994 -0.00168535 -2.8942e-15
0.03862 -0.00168609 1.53638e-15
0.0386405 -0.00168682 2.26714e-16
0.0386609 -0.00168754 9.65467e-16
0.0386811 -0.00168826 2.4163e-15
0.0387011 -0.00168897 1.06168e-15
0.038721 -0.00168967 -5.4177e-17
0.0387407 -0.00169037 1.14564e-15
0.0387602 -0.00169106 -8.01217e-16
0.0387796 -0.00169174 9.54701e-16
0.0387988 -0.00169241 -1.3221e-15
0.0388179 -0.00169308 -1.12445e-15
0.0388367 -0.00169374 9.20863e-16
0.0388554 -0.00169439 -1.01091e-16
0.0388739 -0.00169503 1.50938e-15
0.0388922 -0.00169567 1.39962e-15
0.0389103 -0.0016963 2.85552e-15
0.0389283 -0.00169691 3.35963e-16
0.0389461 -0.00169753 -1.87135e-16
0.0389637 -0.00169813 -3.81152e-16
0.0389811 -0.00169873 -2.39016e-17
0.0389983 -0.00169932 3.37942e-16
0.0390153 -0.0016999 -1.15845e-16
0.0390321 -0.00170048 1.99405e-16
0.0390488 -0.00170105 8.38307e-17
0.0390652 -0.00170161 -4.05615e-18
0.0390815 -0.00170216 1.85046e-16
0.0390976 -0.00170271 -1.45489e-15
0.0391135 -0.00170324 -6.46031e-16
0.0391291 -0.00170377 -2.98919e-16
0.0391446 -0.0017043 1.92465e-16
0.0391599 -0.00170481 -7.75772e-16
0.039175 -0.00170532 -9.31596e-17
0.0391899 -0.00170582 6.73133e-16
0.0392046 -0.00170631 -1.75678e-16
0.039219 -0.0017068 -9.45517e-16
0.0392333 -0.00170728 3.5822e-17
0.0392473 -0.00170775 -2.21156e-16
0.0392612 -0.00170821 -1.31928e-16
0.0392748 -0.00170866 -4.33928e-16
0.0392883 -0.00170911 2.15241e-16
0.0393015 -0.00170955 2.56418e-16
0.0393145 -0.00170998 -6.5601e-16
0.0393272 -0.0017104 8.75357e-16
0.0393398 -0.00171082 -2.47485e-16
0.0393522 -0.00171123 -6.72437e-17
0.0393643 -0.00171163 3.17069e-18
0.0393762 -0.00171202 1.00157e-15
0.0393879 -0.0017124 1.62297e-16
0.0393993 -0.00171278 2.67371e-16
0.0394106 -0.00171315 -4.79013e-16
0.0394216 -0.00171351 -7.5857e-16
0.0394324 -0.00171387 -5.5699e-16
0.039443 -0.00171421 -1.63906e-16
0.0394533 -0.00171455 1.27988e-16
0.0394634 -0.00171488 -5.65675e-16
0.0394733 -0.0017152 -2.42236e-16
0.039483 -0.00171552 -9.04921e-17
0.0394924 -0.00171582 5.20003e-16
0.0395016 -0.00171612 5.23087e-16
0.0395105 -0.00171641 2.39135e-16
0.0395193 -0.0017167 -2.6741e-16
0.0395278 -0.00171697 -1.73885e-16
0.039536 -0.00171724 -1.49035e-16
0.0395441 -0.0017175 4.7728e-17
0.0395519 -0.00171775 5.45568e-17
0.0395594 -0.00171799 -2.02113e-16
0.0395668 -0.00171823 -1.43429e-16
0.0395739 -0.00171846 -3.85403e-16
0.0395807 -0.00171868 -4.38295e-16
0.0395873 -0.00171889 1.7752e-16
0.0395937 -0.0017191 8.49076e-17
0.0395999 -0.0017193 -5.547e-16
0.0396058 -0.00171949 7.02005e-17
0.0396115 -0.00171967 2.47688e-16
0.039617 -0.00171984 -1.17203e-16
0.0396222 -0.00172001 -2.28824e-16
0.0396272 -0.00172017 -3.02213e-17
0.0396319 -0.00172032 -1.01869e-16
0.0396364 -0.00172047 -2.89315e-16
0.0396407 -0.0017206 -1.86442e-16
0.0396448 -0.00172073 1.44584e-16
0.0396486 -0.00172085 9.0489e-17
0.0396522 -0.00172097 -4.00243e-16
0.0396555 -0.00172108 -2.65223e-17
0.0396586 -0.00172117 1.56236e-16
0.0396615 -0.00172127 3.96826e-16
0.0396641 -0.00172135 -7.70683e-17
0.0396665 -0.00172143 -1.31599e-16
0.0396687 -0.0017215 -1.53412e-16
0.0396706 -0.00172156 -2.54855e-16
0.0396723 -0.00172161 -5.16166e-17
0.0396738 -0.00172166 -3.85885e-17
0.0396751 -0.0017217 -3.81111e-17
0.0396761 -0.00172173 -6.39708e-17
0.039677 -0.00172176 -2.98615e-17
0.0396776 -0.00172178 -2.94504e-18
0.039678 -0.00172179 9.68638e-17
0.0396783 -0.00172179 -1.45891e-16
0.0396783 -0.00172181 -1.44107e-15
0.0396783 -0.00172178 1.94851e-17
0.039678 -0.00172176 1.61766e-18
0.0396777 -0.00172173 -1.31191e-17
0.0396772 -0.00172169 -1.41916e-16
0.0396766 -0.00172164 -6.69319e-17
0.0396759 -0.00172156 -6.88817e-17
0.039675 -0.00172147 -6.02131e-17
0.039674 -0.00172137 -6.0213e-17
0.0396728 -0.00172124 -6.02129e-17
0.0396715 -0.0017211 -6.02127e-17
0.0396701 -0.00172093 -6.02125e-17
0.0396685 -0.00172075 -6.02122e-17
0.0396667 -0.00172056 -6.02119e-17
0.0396649 -0.00172034 -6.02115e-17
0.0396628 -0.00172011 -6.02111e-17
0.0396607 -0.00171986 -6.02107e-17
0.0396584 -0.00171959 -6.02102e-17
0.039656 -0.0017193 -6.02097e-17
0.0396534 -0.001719 -6.02091e-17
0.0396507 -0.00171868 -6.02085e-17
0.0396478 -0.00171834 -6.02079e-17
0.0396449 -0.00171799 -6.02073e-17
0.0396418 -0.00171762 -6.02066e-17
0.0396385 -0.00171723 -6.02059e-17
0.0396352 -0.00171683 -6.02051e-17
0.0396317 -0.00171641 -6.02043e-17
0.0396281 -0.00171598 -6.02035e-17
0.0396243 -0.00171552 -6.02026e-17
0.0396205 -0.00171506 -6.02017e-17
0.0396165 -0.00171458 -6.02008e-17
0.0396124 -0.00171408 -6.01998e-17
0.0396082 -0.00171357 -6.01988e-17
0.0396038 -0.00171305 -6.01978e-17
0.0395994 -0.00171251 -6.01968e-17
0.0395948 -0.00171195 -6.01957e-17
0.0395902 -0.00171138 -6.01946e-17
0.0395854 -0.0017108 -6.01934e-17
0.0395805 -0.00171021 -6.01922e-17
0.0395755 -0.0017096 -6.0191e-17
0.0395705 -0.00170898 -6.01898e-17
0.0395653 -0.00170835 -6.01885e-17
0.03956 -0.0017077 -6.01873e-17
0.0395546 -0.00170704 -6.01859e-17
0.0395492 -0.00170637 -6.01846e-17
0.0395436 -0.00170569 -6.01832e-17
0.039538 -0.001705 -6.01818e-17
0.0395323 -0.00170429 -6.01804e-17
0.0395265 -0.00170358 -6.01789e-17
0.0395206 -0.00170285 -6.01775e-17
0.0395147 -0.00170212 -6.0176e-17
0.0395086 -0.00170137 -6.01744e-17
0.0395025 -0.00170062 -6.01729e-17
0.0394964 -0.00169985 -6.01713e-17
0.0394901 -0.00169908 -6.01697e-17
0.0394838 -0.0016983 -6.01681e-17
0.0394775 -0.00169751 -6.01665e-17
0.0394711 -0.00169671 -6.01648e-17
0.0394646 -0.0016959 -6.01631e-17
0.039458 -0.00169509 -6.01614e-17
0.0394515 -0.00169427 -6.01597e-17
0.0394448 -0.00169344 -6.0158e-17
0.0394382 -0.00169261 -6.01562e-17
0.0394314 -0.00169177 -6.01544e-17
0.0394247 -0.00169092 -6.01527e-17
0.0394178 -0.00169007 -6.01508e-17
0.039411 -0.00168921 -6.0149e-17
0.0394041 -0.00168834 -6.01472e-17
0.0393972 -0.00168747 -6.01453e-17
0.0393903 -0.0016866 -6.01435e-17
0.0393833 -0.00168572 -6.01416e-17
0.0393763 -0.00168484 -6.01397e-17
0.0393693 -0.00168395 -6.01378e-17
0.0393622 -0.00168306 -6.01359e-17
0.0393551 -0.00168217 -6.0134e-17
0.0393481 -0.00168127 -6.0132e-17
0.039341 -0.00168037 -6.01301e-17
0.0393339 -0.00167947 -6.01281e-17
0.0393267 -0.00167856 -6.01261e-17
0.0393196 -0.00167765 -6.01242e-17
0.0393125 -0.00167674 -6.01222e-17
0.0393053 -0.00167583 -6.01202e-17
0.0392982 -0.00167492 -6.01182e-17
0.039291 -0.00167401 -6.01162e-17
0.0392839 -0.00167309 -6.01142e-17
0.0392767 -0.00167217 -6.01121e-17
0.0392696 -0.00167126 -6.01101e-17
0.0392625 -0.00167034 -6.01081e-17
0.0392553 -0.00166942 -6.0106e-17
0.0392482 -0.00166851 -6.0104e-17
0.0392411 -0.00166759 -6.0102e-17
0.039234 -0.00166667 -6.00999e-17
0.0392269 -0.00166576 -6.00979e-17
0.0392199 -0.00166484 -6.00958e-17
0.0392128 -0.00166393 -6.00938e-17
0.0392058 -0.00166301 -6.00917e-17
0.0391988 -0.0016621 -6.00897e-17
0.0391918 -0.00166119 -6.00876e-17
0.0391849 -0.00166028 -6.00855e-17
0.0391779 -0.00165937 -6.00835e-17
0.039171 -0.00165847 -6.00814e-17
0.0391642 -0.00165756 -6.00794e-17
0.0391573 -0.00165666 -6.00773e-17
0.0391505 -0.00165577 -6.00753e-17
0.0391437 -0.00165487 -6.00732e-17
0.039137 -0.00165398 -6.00712e-17
0.0391303 -0.00165309 -6.00691e-17
0.0391236 -0.0016522 -6.00671e-17
0.039117 -0.00165132 -6.0065e-17
0.0391104 -0.00165044 -6.0063e-17
0.0391039 -0.00164957 -6.0061e-17
0.0390974 -0.0016487 -6.0059e-17
0.0390909 -0.00164783 -6.00569e-17
0.0390845 -0.00164697 -6.00549e-17
0.0390781 -0.00164612 -6.00529e-17
0.0390718 -0.00164527 -6.00509e-17
0.0390656 -0.00164442 -6.00489e-17
0.0390593 -0.00164358 -6.00469e-17
0.0390532 -0.00164274 -6.00449e-17
0.0390471 -0.00164191 -6.0043e-17
0.039041 -0.00164108 -6.0041e-17
0.039035 -0.00164026 -6.0039e-17
0.0390291 -0.00163945 -6.00371e-17
0.0390232 -0.00163864 -6.00351e-17
0.0390174 -0.00163784 -6.00332e-17
0.0390116 -0.00163704 -6.00313e-17
0.0390059 -0.00163625 -6.00294e-17
0.0390002 -0.00163546 -6.00275e-17
0.0389946 -0.00163468 -6.00256e-17
0.0389891 -0.00163391 -6.00237e-17
0.0389836 -0.00163314 -6.00218e-17
0.0389782 -0.00163238 -6.002e-17
0.0389728 -0.00163162 -6.00181e-17
0.0389675 -0.00163087 -6.00163e-17
0.0389623 -0.00163013 -6.00145e-17
0.0389571 -0.0016294 -6.00127e-17
0.0389519 -0.00162867 -6.00109e-17
0.0389469 -0.00162794 -6.00091e-17
0.0389419 -0.00162723 -6.00073e-17
0.0389369 -0.00162652 -6.00055e-17
0.038932 -0.00162581 -6.00038e-17
0.0389272 -0.00162511 -6.00021e-17
0.0389225 -0.00162442 -6.00003e-17
0.0389177 -0.00162374 -5.99986e-17
0.0389131 -0.00162306 -5.99969e-17
0.0389085 -0.00162239 -5.99952e-17
0.038904 -0.00162172 -5.99936e-17
0.0388995 -0.00162106 -5.99919e-17
0.0388951 -0.00162041 -5.99903e-17
0.0388908 -0.00161977 -5.99887e-17
0.0388865 -0.00161913 -5.9987e-17
0.0388823 -0.0016185 -5.99854e-17
0.0388781 -0.00161787 -5.99839e-17
0.038874 -0.00161725 -5.99823e-17
0.0388699 -0.00161664 -5.99807e-17
0.0388659 -0.00161603 -5.99792e-17
0.038862 -0.00161543 -5.99776e-17
0.0388581 -0.00161483 -5.99761e-17
0.0388543 -0.00161424 -5.99746e-17
0.0388505 -0.00161366 -5.99731e-17
0.0388468 -0.00161309 -5.99717e-17
0.0388431 -0.00161251 -5.99702e-17
0.0388395 -0.00161195 -5.99688e-17
0.0388359 -0.00161139 -5.99673e-17
0.0388324 -0.00161084 -5.99659e-17
0.0388289 -0.00161029 -5.99645e-17
0.0388255 -0.00160975 -5.99631e-17
0.0388221 -0.00160921 -5.99618e-17
0.0388188 -0.00160868 -5.99604e-17
0.0388155 -0.00160815 -5.99591e-17
0.0388123 -0.00160763 -5.99577e-17
0.0388091 -0.00160711 -5.99564e-17
0.0388059 -0.0016066 -5.99551e-17
0.0388028 -0.00160609 -5.99538e-17
0.0387997 -0.00160559 -5.99526e-17
0.0387967 -0.00160509 -5.99513e-17
0.0387937 -0.0016046 -5.995e-17
0.0387907 -0.00160411 -5.99488e-17
0.0387878 -0.00160362 -5.99476e-17
0.0387849 -0.00160314 -5.99464e-17
0.038782 -0.00160266 -5.99452e-17
0.0387792 -0.00160218 -5.9944e-17
0.0387764 -0.00160171 -5.99428e-17
0.0387736 -0.00160124 -5.99417e-17
0.0387709 -0.00160078 -5.99405e-17
0.0387682 -0.00160032 -5.99394e-17
0.0387655 -0.00159986 -5.99382e-17
0.0387628 -0.00159941 -5.99371e-17
0.0387602 -0.00159896 -5.9936e-17
0.0387576 -0.00159851 -5.99349e-17
0.038755 -0.00159806 -5.99338e-17
0.0387525 -0.00159762 -5.99328e-17
0.0387499 -0.00159718 -5.99317e-17
0.0387474 -0.00159674 -5.99306e-17
0.0387449 -0.00159631 -5.99296e-17
0.0387424 -0.00159588 -5.99286e-17
0.03874 -0.00159545 -5.99275e-17
0.0387376 -0.00159502 -5.99265e-17
0.0387352 -0.0015946 -5.99255e-17
0.0387328 -0.00159418 -5.99245e-17
0.0387304 -0.00159376 -5.99235e-17
0.038728 -0.00159334 -5.99226e-17
0.0387257 -0.00159292 -5.99216e-17
0.0387233 -0.00159251 -5.99207e-17
0.038721 -0.0015921 -5.99197e-17
0.0387187 -0.00159168 -5.99188e-17
0.0387164 -0.00159127 -5.99179e-17
0.0387141 -0.00159087 -5.99169e-17
0.0387118 -0.00159046 -5.9916e-17
0.0387095 -0.00159005 -5.99151e-17
0.0387072 -0.00158964 -5.99142e-17
0.038705 -0.00158924 -5.99134e-17
0.0387027 -0.00158883 -5.99125e-17
0.0387004 -0.00158843 -5.99116e-17
0.0386981 -0.00158802 -5.99108e-17
0.0386958 -0.00158762 -5.99099e-17
0.0386936 -0.00158721 -5.99091e-17
0.0386913 -0.00158681 -5.99082e-17
0.038689 -0.0015864 -5.99074e-17
0.0386867 -0.001586 -5.99066e-17
0.0386844 -0.00158559 -5.99058e-17
0.0386821 -0.00158518 -5.9905e-17
0.0386798 -0.00158478 -5.99041e-17
0.0386775 -0.00158437 -5.99033e-17
0.0386751 -0.00158396 -5.99025e-17
0.0386728 -0.00158355 -5.99018e-17
0.0386704 -0.00158314 -5.9901e-17
0.0386681 -0.00158273 -5.99002e-17
0.0386657 -0.00158231 -5.98994e-17
0.0386633 -0.0015819 -5.98986e-17
0.0386609 -0.00158149 -5.98979e-17
0.0386585 -0.00158107 -5.98971e-17
0.0386561 -0.00158065 -5.98963e-17
0.0386537 -0.00158023 -5.98956e-17
0.0386513 -0.00157981 -5.98948e-17
0.0386488 -0.00157939 -5.98941e-17
0.0386463 -0.00157897 -5.98933e-17
0.0386438 -0.00157855 -5.98926e-17
0.0386413 -0.00157812 -5.98919e-17
0.0386388 -0.00157769 -5.98911e-17
0.0386363 -0.00157726 -5.98904e-17
0.0386338 -0.00157683 -5.98897e-17
0.0386312 -0.0015764 -5.9889e-17
0.0386286 -0.00157596 -5.98882e-17
0.038626 -0.00157553 -5.98875e-17
0.0386234 -0.00157509 -5.98868e-17
0.0386207 -0.00157465 -5.98861e-17
0.0386181 -0.0015742 -5.98854e-17
0.0386154 -0.00157376 -5.98847e-17
0.0386127 -0.00157331 -5.9884e-17
0.03861 -0.00157286 -5.98833e-17
0.0386072 -0.00157241 -5.98826e-17
0.0386045 -0.00157195 -5.98819e-17
0.0386017 -0.00157149 -5.98812e-17
0.0385989 -0.00157103 -5.98805e-17
0.038596 -0.00157057 -5.98798e-17
0.0385932 -0.0015701 -5.98791e-17
0.0385903 -0.00156963 -5.98784e-17
0.0385874 -0.00156916 -5.98777e-17
0.0385844 -0.00156869 -5.9877e-17
0.0385815 -0.00156821 -5.98763e-17
0.0385785 -0.00156773 -5.98756e-17
0.0385755 -0.00156725 -5.98749e-17
0.0385725 -0.00156676 -5.98742e-17
0.0385694 -0.00156627 -5.98736e-17
0.0385663 -0.00156578 -5.98729e-17
0.0385632 -0.00156529 -5.98722e-17
0.0385601 -0.00156479 -5.98715e-17
0.038557 -0.00156429 -5.98708e-17
0.0385538 -0.00156379 -5.98701e-17
0.0385506 -0.00156328 -5.98694e-17
0.0385474 -0.00156277 -5.98688e-17
0.0385441 -0.00156226 -5.98681e-17
0.0385408 -0.00156174 -5.98674e-17
0.0385376 -0.00156123 -5.98667e-17
0.0385342 -0.00156071 -5.9866e-17
0.0385309 -0.00156018 -5.98653e-17
0.0385276 -0.00155966 -5.98646e-17
0.0385242 -0.00155913 -5.98639e-17
0.0385208 -0.0015586 -5.98633e-17
0.0385173 -0.00155807 -5.98626e-17
0.0385139 -0.00155753 -5.98619e-17
0.0385104 -0.00155699 -5.98612e-17
0.0385069 -0.00155645 -5.98605e-17
0.0385034 -0.0015559 -5.98598e-17
0.0384999 -0.00155536 -5.98591e-17
0.0384963 -0.00155481 -5.98584e-17
0.0384927 -0.00155425 -5.98578e-17
0.0384891 -0.0015537 -5.98571e-17
0.0384855 -0.00155314 -5.98564e-17
0.0384818 -0.00155258 -5.98557e-17
0.0384782 -0.00155201 -5.9855e-17
0.0384745 -0.00155144 -5.98543e-17
0.0384707 -0.00155087 -5.98536e-17
0.038467 -0.0015503 -5.98529e-17
0.0384632 -0.00154972 -5.98523e-17
0.0384594 -0.00154914 -5.98516e-17
0.0384556 -0.00154856 -5.98509e-17
0.0384518 -0.00154797 -5.98502e-17
0.0384479 -0.00154738 -5.98495e-17
0.038444 -0.00154679 -5.98488e-17
0.0384401 -0.0015462 -5.98481e-17
0.0384362 -0.0015456 -5.98474e-17
0.0384322 -0.001545 -5.98467e-17
0.0384283 -0.00154439 -5.9846e-17
0.0384243 -0.00154379 -5.98453e-17
0.0384203 -0.00154318 -5.98446e-17
0.0384162 -0.00154257 -5.98439e-17
0.0384122 -0.00154195 -5.98432e-17
0.0384081 -0.00154133 -5.98425e-17
0.038404 -0.00154071 -5.98418e-17
0.0383999 -0.00154009 -5.98411e-17
0.0383957 -0.00153946 -5.98404e-17
0.0383916 -0.00153884 -5.98397e-17
0.0383874 -0.0015382 -5.9839e-17
0.0383832 -0.00153757 -5.98383e-17
0.038379 -0.00153693 -5.98375e-17
0.0383747 -0.00153629 -5.98368e-17
0.0383705 -0.00153565 -5.98361e-17
0.0383662 -0.00153501 -5.98354e-17
0.0383619 -0.00153436 -5.98347e-17
0.0383576 -0.00153371 -5.9834e-17
0.0383532 -0.00153306 -5.98333e-17
0.0383489 -0.0015324 -5.98325e-17
0.0383445 -0.00153174 -5.98318e-17
0.0383401 -0.00153108 -5.98311e-17
0.0383357 -0.00153042 -5.98304e-17
0.0383312 -0.00152975 -5.98296e-17
0.0383268 -0.00152909 -5.98289e-17
0.0383223 -0.00152842 -5.98282e-17
0.0383178 -0.00152774 -5.98275e-17
0.0383133 -0.00152707 -5.98267e-17
0.0383088 -0.00152639 -5.9826e-17
0.0383042 -0.0015257 -5.98253e-17
0.0382996 -0.00152502 -5.98246e-17
0.0382951 -0.00152433 -5.98238e-17
0.0382904 -0.00152364 -5.98231e-17
0.0382858 -0.00152295 -5.98224e-17
0.0382812 -0.00152226 -5.98216e-17
0.0382765 -0.00152156 -5.98209e-17
0.0382718 -0.00152086 -5.98201e-17
0.0382671 -0.00152015 -5.98194e-17
0.0382623 -0.00151945 -5.98187e-17
0.0382576 -0.00151874 -5.98179e-17
0.0382528 -0.00151803 -5.98172e-17
0.038248 -0.00151731 -5.98164e-17
0.0382432 -0.0015166 -5.98157e-17
0.0382384 -0.00151588 -5.98149e-17
0.0382335 -0.00151516 -5.98142e-17
0.0382287 -0.00151443 -5.98134e-17
0.0382238 -0.00151371 -5.98127e-17
0.0382189 -0.00151298 -5.98119e-17
0.038214 -0.00151224 -5.98112e-17
0.038209 -0.00151151 -5.98104e-17
0.0382041 -0.00151077 -5.98096e-17
0.0381991 -0.00151003 -5.98089e-17
0.0381941 -0.00150929 -5.98081e-17
0.0381891 -0.00150855 -5.98073e-17
0.038184 -0.0015078 -5.98066e-17
0.038179 -0.00150705 -5.98058e-17
0.0381739 -0.0015063 -5.9805e-17
0.0381688 -0.00150555 -5.98042e-17
0.0381637 -0.00150479 -5.98035e-17
0.0381586 -0.00150403 -5.98027e-17
0.0381535 -0.00150328 -5.98018e-17
0.0381483 -0.00150252 -5.9801e-17
0.0381433 -0.00150177 -5.97529e-17
0.0381383 -0.00150102 -5.9698e-17
0.0381333 -0.00150028 -5.9736e-17
0.0381283 -0.00149954 -5.97064e-17
0.0381233 -0.00149879 -5.97631e-17
0.0381183 -0.00149804 -5.97231e-17
0.0381133 -0.00149729 -5.97533e-17
0.0381082 -0.00149654 -5.97186e-17
0.0381031 -0.00149579 -5.97054e-17
0.038098 -0.00149503 -5.96815e-17
0.0380929 -0.00149427 -5.97323e-17
0.0380878 -0.00149351 -5.97378e-17
0.0380826 -0.00149274 -5.97168e-17
0.0380774 -0.00149197 -5.96901e-17
0.0380722 -0.00149121 -5.97371e-17
0.038067 -0.00149043 -5.97264e-17
0.0380618 -0.00148966 -5.97115e-17
0.0380566 -0.00148889 -5.97563e-17
0.0380513 -0.00148811 -5.96958e-17
0.038046 -0.00148733 -5.96911e-17
0.0380407 -0.00148655 -5.97188e-17
0.0380354 -0.00148576 -5.97335e-17
0.0380301 -0.00148498 -5.96993e-17
0.0380248 -0.00148419 -5.97148e-17
0.0380194 -0.0014834 -5.97124e-17
0.038014 -0.0014826 -5.97101e-17
0.0380086 -0.00148181 -5.97384e-17
0.0380032 -0.00148101 -5.97056e-17
0.0379978 -0.00148021 -5.97326e-17
0.0379923 -0.00147941 -5.96805e-17
0.0379868 -0.00147861 -5.97479e-17
0.0379814 -0.00147781 -5.99527e-17
0.0379759 -0.00147702 -5.99336e-17
0.0379705 -0.00147624 -5.99585e-17
0.037965 -0.00147545 -6.00071e-17
0.0379594 -0.00147465 -5.99628e-17
0.0379539 -0.00147386 -5.99757e-17
0.0379484 -0.00147306 -5.99773e-17
0.0379428 -0.00147226 -5.99634e-17
0.0379372 -0.00147146 -5.99364e-17
0.0379316 -0.00147066 -5.99802e-17
0.037926 -0.00146986 -6.0011e-17
0.0379204 -0.00146906 -5.99584e-17
0.0379148 -0.00146825 -5.9972e-17
0.0379092 -0.00146744 -5.98933e-17
0.0379035 -0.00146663 -5.99285e-17
0.0378978 -0.00146582 -5.99019e-17
0.0378922 -0.00146501 -5.99354e-17
0.0378865 -0.0014642 -5.99421e-17
0.0378808 -0.00146338 -5.99543e-17
0.0378751 -0.00146257 -5.98965e-17
0.0378693 -0.00146175 -5.99467e-17
0.0378636 -0.00146093 -5.98998e-17
0.0378579 -0.00146011 -5.9936e-17
0.0378521 -0.00145929 -5.99107e-17
0.0378464 -0.00145847 -5.99441e-17
0.0378406 -0.00145765 -5.99136e-17
0.0378348 -0.00145683 -5.98979e-17
0.037829 -0.001456 -5.99306e-17
0.0378233 -0.00145518 -5.99446e-17
0.0378175 -0.00145435 -5.9944e-17
0.0378117 -0.00145353 -5.99265e-17
0.0378059 -0.0014527 -5.99193e-17
0.0378001 -0.00145187 -5.9901e-17
0.0377943 -0.00145104 -5.99126e-17
0.0377884 -0.00145022 -5.99634e-17
0.0377826 -0.00144939 -5.99666e-17
0.0377768 -0.00144856 -5.99141e-17
0.037771 -0.00144773 -5.99395e-17
0.0377652 -0.0014469 -5.99125e-17
0.0377593 -0.00144607 -5.99557e-17
0.0377535 -0.00144524 -5.99058e-17
0.0377477 -0.00144441 -5.99078e-17
0.0377419 -0.00144358 -5.98839e-17
0.0377361 -0.00144275 -5.9921e-17
0.0377302 -0.00144192 -5.98984e-17
0.0377244 -0.00144109 -5.98852e-17
0.0377186 -0.00144026 -5.9931e-17
0.0377128 -0.00143943 -5.99134e-17
0.037707 -0.0014386 -5.99315e-17
0.0377012 -0.00143777 -5.99093e-17
0.0376954 -0.00143694 -5.9855e-17
0.0376896 -0.00143611 -5.98748e-17
0.0376838 -0.0014353 -6.03562e-17
0.0376781 -0.00143449 -6.0366e-17
0.0376724 -0.00143369 -6.03711e-17
0.0376667 -0.00143288 -6.03434e-17
0.037661 -0.00143208 -6.03811e-17
0.0376553 -0.00143128 -6.0375e-17
0.0376496 -0.00143048 -6.03918e-17
0.037644 -0.00142968 -6.03883e-17
0.0376383 -0.00142889 -6.03778e-17
0.0376327 -0.00142809 -6.03414e-17
0.0376271 -0.0014273 -6.03971e-17
0.0376215 -0.0014265 -6.03698e-17
0.0376159 -0.00142571 -6.03098e-17
0.0376103 -0.00142492 -6.03682e-17
0.0376047 -0.00142413 -6.03867e-17
0.0375992 -0.00142335 -6.03508e-17
0.0375937 -0.00142257 -6.03414e-17
0.0375883 -0.00142182 -6.03429e-17
0.0375829 -0.00142107 -6.03816e-17
0.0375775 -0.00142032 -6.03518e-17
0.0375721 -0.00141957 -6.03326e-17
0.0375668 -0.00141882 -6.03557e-17
0.0375614 -0.00141807 -6.03209e-17
0.0375561 -0.00141733 -6.03244e-17
0.0375507 -0.00141658 -6.02947e-17
0.0375454 -0.00141584 -6.03219e-17
0.0375401 -0.0014151 -6.03226e-17
0.0375348 -0.00141436 -6.03045e-17
0.0375296 -0.00141362 -6.03157e-17
0.0375243 -0.00141288 -6.03116e-17
0.0375191 -0.00141215 -6.03151e-17
0.0375139 -0.00141141 -6.03129e-17
0.0375087 -0.00141068 -6.03271e-17
0.0375035 -0.00140995 -6.02896e-17
0.0374984 -0.00140922 -6.02942e-17
0.0374932 -0.00140849 -6.02848e-17
0.0374881 -0.00140777 -6.02906e-17
0.037483 -0.00140704 -6.03138e-17
0.0374779 -0.00140632 -6.02779e-17
0.0374728 -0.0014056 -6.03155e-17
0.0374678 -0.00140488 -6.02632e-17
0.0374628 -0.00140417 -6.02837e-17
0.0374578 -0.00140345 -6.02343e-17
0.0374528 -0.00140274 -6.02729e-17
0.0374478 -0.00140203 -6.0285e-17
0.0374429 -0.00140132 -6.02486e-17
0.037438 -0.00140061 -6.0244e-17
0.0374331 -0.0013999 -6.02797e-17
0.0374282 -0.0013992 -6.03545e-17
0.0374234 -0.00139852 -6.04175e-17
0.0374186 -0.00139784 -6.03961e-17
0.0374138 -0.00139716 -6.03548e-17
0.037409 -0.00139648 -6.03473e-17
0.0374043 -0.0013958 -6.03634e-17
0.0373996 -0.00139513 -6.03909e-17
0.0373949 -0.00139445 -6.03434e-17
0.0373902 -0.00139378 -6.03306e-17
0.0373855 -0.00139311 -6.03413e-17
0.0373808 -0.00139244 -6.03386e-17
0.0373761 -0.00139177 -6.0343e-17
0.0373715 -0.0013911 -6.03543e-17
0.0373669 -0.00139043 -6.03441e-17
0.0373624 -0.00138981 -6.03067e-17
0.0373581 -0.00138922 -6.02797e-17
0.0373538 -0.00138862 -6.0316e-17
0.0373495 -0.00138803 -6.0266e-17
0.0373451 -0.00138743 -6.0259e-17
0.0373408 -0.00138684 -6.02627e-17
0.0373364 -0.00138624 -6.02546e-17
0.0373321 -0.00138565 -6.0204e-17
0.0373278 -0.00138505 -6.01925e-17
0.0373235 -0.00138446 -6.02144e-17
0.0373191 -0.00138386 -6.01929e-17
0.0373149 -0.00138328 -6.021e-17
0.0373111 -0.00138272 -6.01802e-17
0.0373078 -0.0013822 -6.01691e-17
0.0373047 -0.00138169 -6.01995e-17
0.0373016 -0.00138119 -6.08362e-17
0.0372986 -0.0013807 -6.0141e-17
0.0372957 -0.0013802 -6.01717e-17
0.0372927 -0.00137971 -6.01551e-17
0.0372898 -0.00137922 -6.01268e-17
0.0372868 -0.00137872 -6.00916e-17
0.0372839 -0.00137823 -6.01545e-17
0.037281 -0.00137774 -6.01202e-17
0.0372781 -0.00137724 -6.0132e-17
0.0372752 -0.00137675 -6.00975e-17
0.0372723 -0.00137626 -6.00931e-17
0.0372694 -0.00137576 -6.00804e-17
0.0372665 -0.00137527 -6.00523e-17
0.0372636 -0.00137477 -6.00471e-17
0.0372607 -0.00137428 -6.00224e-17
0.0372578 -0.00137378 -6.00662e-17
0.0372549 -0.00137329 -6.00859e-17
0.037252 -0.00137279 -6.0016e-17
0.0372492 -0.00137229 -6.00053e-17
0.0372463 -0.00137179 -6.00095e-17
0.0372434 -0.00137129 -6.00061e-17
0.0372405 -0.00137079 -5.9972e-17
0.0372376 -0.00137029 -5.99889e-17
0.0372347 -0.00136979 -5.99579e-17
0.0372317 -0.00136928 -5.99966e-17
0.0372288 -0.00136877 -5.99458e-17
0.0372259 -0.00136826 -5.9934e-17
0.0372229 -0.00136775 -5.99477e-17
0.03722 -0.00136724 -5.9969e-17
0.037217 -0.00136672 -5.99553e-17
0.037214 -0.0013662 -5.99097e-17
0.037211 -0.00136568 -5.99011e-17
0.0372079 -0.00136516 -5.98809e-17
0.0372049 -0.00136463 -5.98496e-17
0.0372018 -0.00136411 -5.98649e-17
0.0371987 -0.00136357 -5.98771e-17
0.0371956 -0.00136304 -5.9834e-17
0.0371925 -0.0013625 -5.98289e-17
0.0371894 -0.00136198 -5.9112e-17
0.0371862 -0.00136145 -5.91558e-17
0.0371831 -0.00136092 -5.91613e-17
0.0371799 -0.00136039 -5.91005e-17
0.0371767 -0.00135986 -5.9107e-17
0.0371734 -0.00135932 -5.90952e-17
0.0371702 -0.00135878 -5.90886e-17
0.0371669 -0.00135824 -5.90386e-17
0.0371636 -0.00135769 -5.90243e-17
0.0371602 -0.00135714 -5.90173e-17
0.0371568 -0.00135658 -5.89911e-17
0.0371534 -0.00135603 -5.90193e-17
0.03715 -0.00135546 -5.89431e-17
0.0371465 -0.0013549 -5.89665e-17
0.037143 -0.00135433 -5.89433e-17
0.0371394 -0.00135375 -5.89341e-17
0.0371358 -0.00135317 -5.89452e-17
0.0371322 -0.00135259 -5.88922e-17
0.0371285 -0.001352 -5.88707e-17
0.0371248 -0.00135141 -5.89024e-17
0.0371211 -0.00135082 -5.89014e-17
0.0371173 -0.00135022 -5.88829e-17
0.0371134 -0.00134961 -5.88684e-17
0.0371095 -0.001349 -5.88691e-17
0.0371056 -0.00134839 -5.88294e-17
0.0371017 -0.00134777 -5.88195e-17
0.0370976 -0.00134714 -5.88252e-17
0.0370937 -0.00134654 -5.87912e-17
0.0370899 -0.00134598 -5.87546e-17
0.0370861 -0.00134542 -5.87238e-17
0.0370822 -0.00134485 -5.87025e-17
0.0370781 -0.00134428 -5.92321e-17
0.037074 -0.0013437 -4.49908e-17
0.0370698 -0.00134311 -4.52028e-17
0.0370656 -0.00134252 -4.51344e-17
0.0370613 -0.00134192 -6.52047e-17
0.037057 -0.00134131 -7.14647e-17
0.0370526 -0.00134071 -5.07936e-17
0.0370481 -0.00134009 -5.59762e-17
0.0370436 -0.00133947 -5.52471e-17
0.037039 -0.00133885 -6.28047e-17
0.0370344 -0.00133822 -5.51342e-17
0.0370297 -0.00133758 -4.54707e-17
0.037025 -0.00133694 -5.76279e-17
0.0370202 -0.00133629 -5.8945e-17
0.0370153 -0.00133564 -6.97501e-17
0.0370104 -0.00133499 -6.10376e-17
0.0370054 -0.00133432 -7.09216e-17
0.0370004 -0.00133365 -6.8919e-17
0.0369953 -0.00133298 -5.48529e-17
0.0369902 -0.0013323 -5.91239e-17
0.036985 -0.00133162 -5.79027e-17
0.0369797 -0.00133093 -5.63808e-17
0.0369744 -0.00133023 -5.89623e-17
0.036969 -0.00132953 -7.07032e-17
0.0369635 -0.00132882 -6.37224e-17
0.036958 -0.00132811 -6.79454e-17
0.0369525 -0.00132739 -5.83948e-17
0.0369468 -0.00132667 -5.82524e-17
0.0369411 -0.00132594 -5.01986e-17
0.0369354 -0.0013252 -6.20412e-17
0.0369295 -0.00132446 -5.5946e-17
0.0369236 -0.00132371 -6.06142e-17
0.0369177 -0.00132296 -5.81721e-17
0.0369116 -0.0013222 -5.01014e-17
0.0369055 -0.00132144 -5.81934e-17
0.0368993 -0.00132068 -5.78692e-17
0.036893 -0.0013199 -5.77286e-17
0.0368866 -0.00131912 -5.7696e-17
0.0368802 -0.00131836 -5.7166e-17
0.0368738 -0.00131759 -7.45682e-17
0.0368673 -0.00131682 -7.5013e-17
0.0368607 -0.00131604 -7.50581e-17
0.0368541 -0.00131526 -7.5094e-17
0.0368474 -0.00131447 -7.50276e-17
0.0368406 -0.00131368 -7.50265e-17
0.0368337 -0.00131288 -7.50028e-17
0.0368267 -0.00131207 -7.49779e-17
0.0368197 -0.00131126 -7.49161e-17
0.0368126 -0.00131044 -7.49204e-17
0.0368054 -0.00130962 -7.48884e-17
0.0367982 -0.00130879 -7.49171e-17
0.0367909 -0.00130796 -7.48522e-17
0.0367835 -0.00130712 -7.47931e-17
0.036776 -0.00130627 -7.48023e-17
0.0367685 -0.00130542 -7.47794e-17
0.0367609 -0.00130456 -7.47428e-17
0.0367532 -0.0013037 -7.47288e-17
0.0367455 -0.00130284 -7.46812e-17
0.0367376 -0.00130196 -7.46087e-17
0.0367297 -0.00130108 -7.46115e-17
0.0367218 -0.0013002 -7.45894e-17
0.0367137 -0.00129931 -7.45591e-17
0.0367056 -0.00129842 -7.4637e-17
0.0366973 -0.00129754 -7.46045e-17
0.0366889 -0.00129665 -7.45663e-17
0.03668 -0.00129571 -7.45296e-17
0.0366708 -0.00129473 -7.45054e-17
0.0366615 -0.00129374 -7.44937e-17
0.036652 -0.00129275 -7.45396e-17
0.0366425 -0.00129175 -7.45557e-17
0.0366328 -0.00129075 -7.45053e-17
0.0366231 -0.00128973 -7.45431e-17
0.0366133 -0.00128872 -7.45204e-17
0.0366034 -0.0012877 -7.44861e-17
0.0365935 -0.00128667 -7.45055e-17
0.0365837 -0.0012857 -7.45899e-17
0.0365741 -0.00128476 -7.45327e-17
0.0365644 -0.00128382 -7.44964e-17
0.0365545 -0.00128286 -7.45029e-17
0.0365445 -0.0012819 -7.44637e-17
0.0365344 -0.00128093 -7.44571e-17
0.0365242 -0.00127996 -7.43843e-17
0.0365139 -0.00127898 -7.43412e-17
0.0365036 -0.001278 -7.43271e-17
0.0364931 -0.00127701 -7.43082e-17
0.0364826 -0.00127602 -7.42499e-17
0.036472 -0.00127502 -7.42119e-17
0.0364614 -0.00127402 -7.41893e-17
0.0364506 -0.00127301 -7.41328e-17
0.0364398 -0.00127201 -7.41104e-17
0.0364289 -0.00127099 -7.40728e-17
0.036418 -0.00126998 -7.40319e-17
0.0364069 -0.00126896 -7.40222e-17
0.0363958 -0.00126794 -7.39443e-17
0.0363847 -0.00126691 -7.39391e-17
0.0363735 -0.00126588 -7.39145e-17
0.0363622 -0.00126485 -7.38627e-17
0.036351 -0.00126383 -7.38682e-17
0.0363398 -0.0012628 -7.3779e-17
0.0363286 -0.00126179 -7.34145e-17
0.0363172 -0.00126079 -7.33271e-17
0.0363057 -0.00125978 -7.33428e-17
0.0362942 -0.00125878 -7.32556e-17
0.0362812 -0.00125755 -7.32591e-17
0.0362674 -0.00125625 -7.32808e-17
0.0362535 -0.00125493 -7.32539e-17
0.0362394 -0.00125361 -7.32927e-17
0.0362252 -0.00125228 -7.32741e-17
0.036211 -0.00125094 -7.33314e-17
0.0361966 -0.00124961 -7.3307e-17
0.0361821 -0.00124827 -7.32656e-17
0.0361676 -0.00124693 -7.33059e-17
0.0361529 -0.00124558 -7.3317e-17
0.0361382 -0.00124424 -7.33459e-17
0.0361235 -0.00124289 -7.32885e-17
0.0361086 -0.00124155 -7.33349e-17
0.0360938 -0.0012402 -7.35838e-17
0.0360788 -0.00123887 -7.35574e-17
0.0360638 -0.00123754 -7.35726e-17
0.0360488 -0.00123621 -7.36094e-17
0.0360337 -0.00123488 -7.35751e-17
0.0360186 -0.00123355 -7.35514e-17
0.0360034 -0.00123222 -7.35685e-17
0.0359882 -0.0012309 -7.35625e-17
0.035973 -0.00122957 -7.3587e-17
0.0359577 -0.00122825 -7.36118e-17
0.0359423 -0.00122692 -7.35792e-17
0.0359269 -0.00122559 -7.35684e-17
0.0359113 -0.00122427 -7.36161e-17
0.0358958 -0.00122294 -7.36194e-17
0.0358802 -0.00122161 -7.36195e-17
0.0358645 -0.00122029 -7.36172e-17
0.0358489 -0.00121897 -7.36257e-17
0.0358331 -0.00121765 -7.3622e-17
0.0358174 -0.00121633 -7.35564e-17
0.0358016 -0.00121502 -7.35989e-17
0.0357857 -0.00121373 -7.35787e-17
0.0357698 -0.00121244 -7.35561e-17
0.0357538 -0.00121115 -7.3555e-17
0.0357377 -0.00120987 -7.35137e-17
0.0357217 -0.00120858 -7.3498e-17
0.0357056 -0.0012073 -7.35497e-17
0.0356894 -0.00120602 -7.34779e-17
0.0356733 -0.00120475 -7.35173e-17
0.0356571 -0.00120348 -7.3524e-17
0.0356409 -0.00120221 -7.3493e-17
0.0356247 -0.00120095 -7.34815e-17
0.0356085 -0.00119969 -7.34638e-17
0.0355923 -0.00119843 -7.34737e-17
0.035576 -0.00119718 -7.34608e-17
0.0355598 -0.00119593 -7.34358e-17
0.0355436 -0.00119469 -7.34577e-17
0.0355273 -0.00119345 -7.34811e-17
0.0355111 -0.00119221 -7.3433e-17
0.0354949 -0.00119098 -7.34232e-17
0.0354786 -0.00118976 -7.34391e-17
0.0354624 -0.00118854 -7.34144e-17
0.0354462 -0.00118732 -7.33906e-17
0.03543 -0.00118611 -7.33541e-17
0.0354138 -0.0011849 -7.33533e-17
0.0353956 -0.00118336 -7.44039e-17
0.035377 -0.00118176 -7.37934e-17
0.0353583 -0.00118016 -7.36225e-17
0.0353396 -0.00117856 -7.36043e-17
0.0353208 -0.00117697 -7.36186e-17
0.035302 -0.00117538 -7.36002e-17
0.0352832 -0.0011738 -7.36743e-17
0.0352644 -0.00117223 -7.36536e-17
0.0352456 -0.00117067 -7.37004e-17
0.0352268 -0.0011691 -7.37063e-17
0.035208 -0.00116755 -7.3695e-17
0.0351893 -0.00116601 -7.37165e-17
0.0351706 -0.00116447 -7.3728e-17
0.0351519 -0.00116294 -7.37362e-17
0.0351333 -0.00116142 -7.37334e-17
0.0351147 -0.00115991 -7.37505e-17
0.0350961 -0.0011584 -7.37171e-17
0.0350776 -0.00115691 -7.37458e-17
0.0350591 -0.00115542 -7.37427e-17
0.0350406 -0.00115394 -7.3876e-17
0.0350222 -0.00115248 -7.39505e-17
0.0350037 -0.00115104 -7.38151e-17
0.0349853 -0.00114961 -7.37756e-17
0.034967 -0.00114819 -7.37701e-17
0.0349486 -0.00114677 -7.37597e-17
0.0349303 -0.00114537 -7.37975e-17
0.0349121 -0.00114397 -7.37788e-17
0.0348938 -0.00114258 -7.37637e-17
0.0348762 -0.0011413 -4.67037e-17
0.0348587 -0.00113998 -5.13044e-17
0.0348411 -0.0011387 -5.22937e-17
0.0348235 -0.00113742 -5.25127e-17
0.034806 -0.00113615 -5.25969e-17
0.0347884 -0.00113488 -5.26873e-17
0.0347709 -0.00113361 -5.2723e-17
0.0347534 -0.00113236 -5.28537e-17
0.0347359 -0.00113111 -5.28849e-17
0.0347185 -0.00112986 -5.30049e-17
0.0347011 -0.00112863 -5.3025e-17
0.0346838 -0.0011274 -5.31154e-17
0.0346665 -0.00112618 -5.31646e-17
0.0346492 -0.00112497 -5.32601e-17
0.0346321 -0.00112376 -5.33464e-17
0.0346149 -0.00112256 -5.33932e-17
0.0345978 -0.00112137 -5.34422e-17
0.0345808 -0.00112018 -5.34893e-17
0.0345638 -0.00111901 -5.3582e-17
0.0345469 -0.00111784 -5.36487e-17
0.03453 -0.00111668 -5.37212e-17
0.0345132 -0.00111552 -5.37993e-17
0.0344964 -0.00111438 -5.38582e-17
0.0344798 -0.00111324 -5.39065e-17
0.0344638 -0.00111215 -5.39319e-17
0.0344488 -0.00111112 -5.40043e-17
0.0344344 -0.00111013 -5.40904e-17
0.0344206 -0.00110918 -5.41209e-17
0.0344071 -0.00110825 -5.42352e-17
0.034394 -0.00110735 -5.42411e-17
0.034381 -0.00110645 -5.43678e-17
0.0343683 -0.00110557 -5.44014e-17
0.0343556 -0.0011047 -5.45006e-17
0.0343431 -0.00110385 -5.45387e-17
0.0343307 -0.00110299 -5.4622e-17
0.0343184 -0.00110215 -5.46489e-17
0.0343061 -0.00110131 -5.47597e-17
0.034294 -0.00110048 -5.47946e-17
0.0342818 -0.00109966 -5.48397e-17
0.0342698 -0.00109884 -5.48522e-17
0.0342578 -0.00109803 -5.49126e-17
0.0342459 -0.00109722 -5.49927e-17
0.034234 -0.00109642 -5.50208e-17
0.0342221 -0.00109562 -5.50574e-17
0.0342104 -0.00109483 -5.51439e-17
0.0341986 -0.00109404 -5.51875e-17
0.034187 -0.00109326 -5.52627e-17
0.0341754 -0.00109248 -5.53189e-17
0.0341638 -0.00109171 -5.53715e-17
0.0341523 -0.00109095 -5.5413e-17
0.0341408 -0.00109019 -5.54663e-17
0.0341294 -0.00108943 -5.55779e-17
0.034118 -0.00108868 -5.55847e-17
0.0341067 -0.00108793 -5.56541e-17
0.0340955 -0.00108719 -5.57708e-17
0.0340843 -0.00108645 -5.57586e-17
0.0340731 -0.00108572 -5.58026e-17
0.034062 -0.00108499 -5.58626e-17
0.0340509 -0.00108427 -5.59217e-17
0.0340399 -0.00108355 -5.59783e-17
0.034029 -0.00108284 -5.5974e-17
0.034018 -0.00108213 -5.60189e-17
0.0340072 -0.00108143 -5.6098e-17
0.0339964 -0.00108073 -5.61495e-17
0.0339856 -0.00108003 -5.62064e-17
0.0339749 -0.00107934 -5.62197e-17
0.0339642 -0.00107865 -5.63028e-17
0.0339536 -0.00107797 -5.63192e-17
0.033943 -0.00107729 -5.63647e-17
0.0339324 -0.00107662 -5.64049e-17
0.0339219 -0.00107594 -5.64398e-17
0.0339115 -0.00107528 -5.6472e-17
0.0339011 -0.00107462 -5.65599e-17
0.0338907 -0.00107396 -5.65615e-17
0.0338804 -0.0010733 -5.66279e-17
0.0338701 -0.00107265 -5.66339e-17
0.0338598 -0.00107201 -5.6996e-17
0.0338497 -0.00107137 -5.70961e-17
0.0338395 -0.00107074 -5.70923e-17
0.0338294 -0.00107011 -5.71177e-17
0.0338193 -0.00106949 -5.71252e-17
0.0338086 -0.00106876 -5.65866e-17
0.0337974 -0.00106793 -5.66293e-17
0.0337862 -0.00106711 -5.66566e-17
0.033775 -0.00106629 -5.6701e-17
0.0337638 -0.00106547 -5.67325e-17
0.0337526 -0.00106465 -5.67753e-17
0.0337414 -0.00106383 -5.67933e-17
0.0337302 -0.00106302 -5.68115e-17
0.033719 -0.00106221 -5.68165e-17
0.0337079 -0.0010614 -5.69004e-17
0.0336968 -0.0010606 -5.69058e-17
0.0336857 -0.0010598 -5.69404e-17
0.0336746 -0.00105901 -5.6934e-17
0.0336636 -0.00105821 -5.70069e-17
0.0336526 -0.00105743 -5.70539e-17
0.0336416 -0.00105663 -5.7027e-17
0.0336306 -0.00105586 -5.71204e-17
0.0336197 -0.00105507 -5.71822e-17
0.0336088 -0.0010543 -5.7211e-17
0.0335979 -0.00105353 -5.7231e-17
0.033587 -0.00105276 -5.73032e-17
0.0335762 -0.00105199 -5.73272e-17
0.0335654 -0.00105123 -5.73236e-17
0.0335546 -0.00105047 -5.733e-17
0.0335438 -0.00104972 -5.73352e-17
0.0335331 -0.00104897 -5.7416e-17
0.0335224 -0.00104822 -5.74525e-17
0.0335117 -0.00104747 -5.74572e-17
0.0335011 -0.00104673 -5.752e-17
0.0334904 -0.00104599 -5.75638e-17
0.0334798 -0.00104525 -5.75637e-17
0.0334692 -0.00104452 -5.76642e-17
0.0334586 -0.00104379 -5.76522e-17
0.033448 -0.00104306 -5.76808e-17
0.0334374 -0.00104233 -5.76822e-17
0.0334268 -0.0010416 -5.77225e-17
0.0334161 -0.00104087 -5.77681e-17
0.0334055 -0.00104015 -5.78446e-17
0.0333949 -0.00103943 -5.77945e-17
0.0333843 -0.00103871 -5.7815e-17
0.0333737 -0.00103799 -5.78128e-17
0.0333632 -0.00103728 -5.78631e-17
0.0333526 -0.00103657 -5.78776e-17
0.0333421 -0.00103586 -5.7954e-17
0.0333316 -0.00103515 -5.792e-17
0.0333211 -0.00103445 -5.7961e-17
0.0333106 -0.00103375 -5.79325e-17
0.0333002 -0.00103305 -5.79908e-17
0.0332897 -0.00103235 -5.80502e-17
0.0332793 -0.00103166 -5.8031e-17
0.0332689 -0.00103097 -5.80509e-17
0.0332585 -0.00103028 -5.80504e-17
0.0332482 -0.00102959 -5.81008e-17
0.0332378 -0.00102891 -5.81119e-17
0.0332275 -0.00102823 -5.81311e-17
0.0332171 -0.00102755 -5.81136e-17
0.0332068 -0.00102687 -5.81909e-17
0.0331965 -0.0010262 -5.82214e-17
0.0331863 -0.00102553 -5.82317e-17
0.033176 -0.00102486 -5.82165e-17
0.0331658 -0.00102419 -5.82444e-17
0.0331555 -0.00102352 -5.82636e-17
0.0331453 -0.00102286 -5.82542e-17
0.0331351 -0.0010222 -5.82861e-17
0.0331249 -0.00102154 -5.82943e-17
0.0331148 -0.00102089 -5.8295e-17
0.0331046 -0.00102023 -5.83588e-17
0.0330945 -0.00101958 -5.8387e-17
0.0330843 -0.00101893 -5.83925e-17
0.0330742 -0.00101828 -5.84075e-17
0.0330641 -0.00101764 -5.8489e-17
0.0330541 -0.001017 -5.84384e-17
0.033044 -0.00101636 -5.84718e-17
0.0330339 -0.00101572 -5.84319e-17
0.0330239 -0.00101508 -5.8428e-17
0.0330139 -0.00101445 -5.84768e-17
0.0330039 -0.00101381 -5.84873e-17
0.0329939 -0.00101318 -5.85337e-17
0.0329839 -0.00101255 -5.85835e-17
0.032974 -0.00101193 -5.85903e-17
0.032964 -0.0010113 -5.86004e-17
0.0329541 -0.00101068 -5.8599e-17
0.0329442 -0.00101006 -5.8657e-17
0.0329343 -0.00100944 -5.86356e-17
0.0329244 -0.00100883 -5.86395e-17
0.0329145 -0.00100821 -5.86065e-17
0.0329047 -0.0010076 -5.86696e-17
0.0328948 -0.00100699 -5.86883e-17
0.032885 -0.00100639 -5.86948e-17
0.0328752 -0.00100578 -5.86776e-17
0.0328654 -0.00100518 -5.87941e-17
0.0328556 -0.00100458 -5.87897e-17
0.0328459 -0.00100398 -5.88117e-17
0.0328362 -0.00100338 -5.87874e-17
0.0328264 -0.00100278 -5.87794e-17
0.0328167 -0.00100219 -5.88604e-17
0.0328071 -0.0010016 -5.88491e-17
0.0327974 -0.00100101 -5.88628e-17
0.0327877 -0.00100042 -5.88594e-17
0.0327781 -0.00099984 -5.88728e-17
0.0327685 -0.000999257 -5.89238e-17
0.0327589 -0.000998677 -5.88701e-17
0.0327493 -0.000998098 -5.89264e-17
0.0327398 -0.000997522 -5.90115e-17
0.0327302 -0.000996947 -5.89579e-17
0.0327207 -0.000996375 -5.89931e-17
0.0327112 -0.000995804 -5.90105e-17
0.0327017 -0.000995236 -5.89985e-17
0.0326922 -0.00099467 -5.90456e-17
0.0326828 -0.000994105 -5.90488e-17
0.0326734 -0.000993543 -5.91066e-17
0.0326639 -0.000992979 -5.57215e-17
0.0326544 -0.000992417 -5.57878e-17
0.032645 -0.000991859 -5.58242e-17
0.0326356 -0.000991303 -5.58294e-17
0.0326263 -0.000990751 -5.58783e-17
0.032617 -0.000990201 -5.58495e-17
0.0326077 -0.000989654 -5.57568e-17
0.0325984 -0.000989109 -5.58579e-17
0.0325891 -0.000988567 -5.5767e-17
0.0325799 -0.000988027 -5.5796e-17
0.0325707 -0.00098749 -5.57721e-17
0.0325615 -0.000986955 -5.57372e-17
0.0325524 -0.000986422 -5.57431e-17
0.0325432 -0.000985891 -5.5776e-17
0.0325341 -0.000985362 -5.58037e-17
0.032525 -0.000984836 -5.57765e-17
0.032516 -0.000984312 -5.57542e-17
0.0325069 -0.00098379 -5.57745e-17
0.0324979 -0.00098327 -5.57804e-17
0.0324889 -0.000982753 -5.57707e-17
0.03248 -0.000982237 -5.57388e-17
0.032471 -0.000981724 -5.58087e-17
0.0324621 -0.000981213 -5.57658e-17
0.0324532 -0.000980704 -5.57438e-17
0.0324444 -0.000980197 -5.57243e-17
0.0324355 -0.000979693 -5.57006e-17
0.0324267 -0.00097919 -5.56909e-17
0.0324179 -0.00097869 -5.56878e-17
0.0324092 -0.000978192 -5.56748e-17
0.0324004 -0.000977696 -5.56688e-17
0.0323917 -0.000977202 -5.5683e-17
0.032383 -0.00097671 -5.57128e-17
0.0323744 -0.00097622 -5.57116e-17
0.0323657 -0.000975733 -5.57268e-17
0.0323571 -0.000975248 -5.57401e-17
0.0323485 -0.000974765 -5.57615e-17
0.03234 -0.000974284 -5.57252e-17
0.0323314 -0.000973805 -5.5713e-17
0.0323229 -0.000973328 -5.57675e-17
0.0323145 -0.000972854 -5.57553e-17
0.032306 -0.000972381 -5.57197e-17
0.0322976 -0.000971911 -5.57505e-17
0.0322892 -0.000971443 -5.57194e-17
0.0322808 -0.000970977 -5.5729e-17
0.0322725 -0.000970513 -5.57595e-17
0.0322642 -0.000970051 -5.57309e-17
0.0322559 -0.000969591 -5.57659e-17
0.0322476 -0.000969133 -5.57388e-17
0.0322394 -0.000968677 -5.57167e-17
0.0322312 -0.000968224 -5.57111e-17
0.032223 -0.000967772 -5.57094e-17
0.0322149 -0.000967322 -5.56819e-17
0.0322067 -0.000966875 -5.57042e-17
0.0321987 -0.00096643 -5.56884e-17
0.0321906 -0.000965986 -5.57315e-17
0.0321825 -0.000965545 -5.56978e-17
0.0321745 -0.000965105 -5.57349e-17
0.0321665 -0.000964668 -5.57432e-17
0.0321586 -0.000964233 -5.57377e-17
0.0321506 -0.000963799 -5.57429e-17
0.0321427 -0.000963368 -5.57424e-17
0.0321349 -0.000962938 -5.57625e-17
0.032127 -0.000962511 -5.57597e-17
0.0321192 -0.000962085 -5.57614e-17
0.0321114 -0.000961662 -5.57487e-17
0.0321036 -0.00096124 -5.57177e-17
0.0320958 -0.000960821 -5.57166e-17
0.0320881 -0.000960403 -5.57115e-17
0.0320804 -0.000959987 -5.57135e-17
0.0320728 -0.000959573 -5.57055e-17
0.0320651 -0.000959161 -5.56986e-17
0.0320575 -0.000958751 -5.56632e-17
0.0320499 -0.000958342 -5.5664e-17
0.0320423 -0.000957936 -5.56726e-17
0.0320348 -0.000957531 -5.567e-17
0.0320273 -0.000957128 -5.56658e-17
0.0320198 -0.000956727 -5.56472e-17
0.0320123 -0.000956328 -5.56662e-17
0.0320049 -0.000955931 -5.56775e-17
0.0319975 -0.000955535 -5.56664e-17
0.0319901 -0.000955141 -5.56653e-17
0.0319827 -0.000954749 -5.56668e-17
0.0319754 -0.000954359 -5.56337e-17
0.031968 -0.00095397 -5.56886e-17
0.0319607 -0.000953583 -5.57272e-17
0.0319535 -0.000953198 -5.57455e-17
0.0319462 -0.000952814 -5.57419e-17
0.031939 -0.000952433 -5.57072e-17
0.0319318 -0.000952053 -5.56844e-17
0.0319246 -0.000951674 -5.57175e-17
0.0319175 -0.000951297 -5.56962e-17
0.0319103 -0.000950922 -5.56854e-17
0.0319032 -0.000950548 -5.5717e-17
0.0318962 -0.000950176 -5.56745e-17
0.0318891 -0.000949806 -5.5689e-17
0.031882 -0.000949437 -5.57026e-17
0.031875 -0.00094907 -5.56745e-17
0.031868 -0.000948704 -5.56509e-17
0.031861 -0.000948339 -5.56587e-17
0.0318541 -0.000947976 -5.56777e-17
0.0318471 -0.000947615 -5.56709e-17
0.0318402 -0.000947255 -5.56624e-17
0.0318333 -0.000946896 -5.56856e-17
0.0318264 -0.000946539 -5.56953e-17
0.0318196 -0.000946184 -5.56718e-17
0.0318127 -0.000945829 -5.5663e-17
0.0318059 -0.000945477 -5.56719e-17
0.0317991 -0.000945125 -5.56344e-17
0.0317923 -0.000944775 -5.56488e-17
0.0317855 -0.000944426 -5.56639e-17
0.0317788 -0.000944079 -5.56308e-17
0.031772 -0.000943733 -5.56379e-17
0.0317653 -0.000943388 -5.56468e-17
0.0317586 -0.000943045 -5.57406e-17
0.031752 -0.000942703 -5.56866e-17
0.0317453 -0.000942363 -5.56483e-17
0.0317387 -0.000942023 -5.56345e-17
0.031732 -0.000941685 -5.56209e-17
0.0317254 -0.000941348 -5.56202e-17
0.0317188 -0.000941013 -5.56286e-17
0.0317123 -0.000940678 -5.56057e-17
0.0317057 -0.000940345 -5.5569e-17
0.0316992 -0.000940013 -5.56225e-17
0.0316926 -0.000939683 -5.56179e-17
0.0316861 -0.000939353 -5.56157e-17
0.0316796 -0.000939025 -5.5612e-17
0.0316731 -0.000938698 -5.56073e-17
0.0316667 -0.000938372 -5.56016e-17
0.0316602 -0.000938047 -5.56292e-17
0.0316538 -0.000937724 -5.55583e-17
0.0316474 -0.000937401 -5.5618e-17
0.031641 -0.00093708 -5.56223e-17
0.0316347 -0.000936766 -5.54169e-17
0.0316284 -0.000936457 -5.54442e-17
0.0316222 -0.000936148 -5.53816e-17
0.0316159 -0.00093584 -5.54172e-17
0.0316097 -0.000935533 -5.53905e-17
0.0316035 -0.000935227 -5.54577e-17
0.0315972 -0.000934922 -5.5479e-17
0.031591 -0.000934619 -5.54263e-17
0.0315849 -0.000934316 -5.54233e-17
0.0315787 -0.000934014 -5.53862e-17
0.0315725 -0.000933714 -5.54209e-17
0.0315664 -0.000933415 -5.54447e-17
0.0315603 -0.000933117 -5.54153e-17
0.0315542 -0.00093282 -5.54121e-17
0.0315481 -0.000932525 -5.54255e-17
0.031542 -0.00093223 -5.5426e-17
0.0315359 -0.000931937 -5.5394e-17
0.0315299 -0.000931646 -5.53811e-17
0.0315239 -0.000931357 -5.53805e-17
0.031518 -0.000931071 -5.53902e-17
0.0315121 -0.000930786 -5.53514e-17
0.0315062 -0.000930504 -5.53193e-17
0.0315004 -0.000930224 -5.53574e-17
0.0314946 -0.000929946 -5.53592e-17
0.0314889 -0.00092967 -5.53788e-17
0.0314832 -0.000929397 -5.5349e-17
0.0314775 -0.000929126 -5.53826e-17
0.0314719 -0.000928858 -5.53302e-17
0.0314663 -0.000928592 -5.53547e-17
0.0314608 -0.000928328 -5.53256e-17
0.0314553 -0.000928067 -5.52816e-17
0.0314499 -0.000927808 -5.53148e-17
0.0314445 -0.000927552 -5.53117e-17
0.0314391 -0.000927298 -5.53326e-17
0.0314338 -0.000927047 -5.53066e-17
0.0314286 -0.000926798 -5.53151e-17
0.0314234 -0.000926552 -5.52907e-17
0.0314182 -0.000926309 -5.53082e-17
0.0314131 -0.000926068 -5.5247e-17
0.0314081 -0.000925829 -5.52713e-17
0.0314031 -0.000925594 -5.52723e-17
0.0313981 -0.000925361 -5.5258e-17
0.0313932 -0.000925131 -5.5282e-17
0.0313884 -0.000924904 -5.52883e-17
0.0313836 -0.000924679 -5.52518e-17
0.0313788 -0.000924458 -5.52576e-17
0.0313742 -0.000924239 -5.53066e-17
0.0313695 -0.000924023 -5.52994e-17
0.031365 -0.000923811 -5.52937e-17
0.0313605 -0.000923601 -5.52929e-17
0.031356 -0.000923392 -5.52499e-17
0.0313517 -0.00092319 -5.5279e-17
0.0313473 -0.000922988 -5.5257e-17
0.0313431 -0.000922792 -5.52332e-17
0.0313389 -0.000922596 -5.52536e-17
0.0313347 -0.000922407 -5.52589e-17
0.0313307 -0.000922217 -5.52346e-17
0.0313267 -0.000922034 -5.52566e-17
0.0313227 -0.000921851 -5.52823e-17
0.0313189 -0.000921675 -5.52882e-17
0.0313151 -0.000921499 -5.52429e-17
0.0313113 -0.000921328 -5.52513e-17
0.0313077 -0.00092116 -5.52263e-17
0.0313041 -0.000920996 -5.52627e-17
0.0313006 -0.000920836 -5.52428e-17
0.0312971 -0.000920679 -5.52414e-17
0.0312938 -0.000920526 -5.5219e-17
0.0312905 -0.000920377 -5.52014e-17
0.0312873 -0.000920231 -5.51952e-17
0.0312841 -0.000920089 -5.52236e-17
0.0312811 -0.000919951 -5.51751e-17
0.0312781 -0.000919816 -5.52295e-17
0.0312752 -0.000919686 -5.51982e-17
0.0312724 -0.000919559 -5.52058e-17
0.0312696 -0.000919436 -5.51973e-17
0.031267 -0.000919318 -5.52014e-17
0.0312644 -0.000919203 -5.52015e-17
0.0312619 -0.000919092 -5.51852e-17
0.0312595 -0.000918986 -5.51597e-17
0.0312572 -0.000918884 -5.51991e-17
0.031255 -0.000918786 -5.51717e-17
0.0312528 -0.000918692 -5.51602e-17
0.0312508 -0.000918602 -5.5179e-17
0.0312488 -0.000918517 -5.51596e-17
0.0312469 -0.000918436 -5.51703e-17
0.0312452 -0.000918359 -5.51889e-17
0.0312435 -0.000918286 -5.51745e-17
0.0312418 -0.000918218 -5.51492e-17
0.0312403 -0.000918154 -5.51468e-17
0.0312389 -0.000918094 -5.51512e-17
0.0312376 -0.000918039 -5.51638e-17
0.0312363 -0.000917989 -5.51589e-17
0.0312352 -0.000917943 -5.51475e-17
0.0312341 -0.000917901 -5.5131e-17
0.0312332 -0.000917865 -5.51136e-17
0.0312323 -0.000917834 -5.51392e-17
0.0312315 -0.000917808 -5.51359e-17
0.0312309 -0.000917784 -5.51739e-17
0.0312303 -0.000917769 -5.5186e-17
0.0312299 -0.000917761 -5.51587e-17
0.0312296 -0.000917759 -5.51157e-17
0.0312294 -0.000917765 -5.51522e-17
0.0312292 -0.000917777 -5.51314e-17
0.0312292 -0.000917797 -5.51289e-17
0.0312293 -0.000917823 -5.51646e-17
0.0312294 -0.000917857 -5.5122e-17
0.0312296 -0.000917898 -5.51612e-17
0.0312298 -0.000917951 -5.51271e-17
0.0312301 -0.000918004 -5.51271e-17
0.0312305 -0.000918069 -5.51271e-17
0.031231 -0.000918142 -5.51271e-17
0.0312315 -0.000918224 -5.51272e-17
0.0312321 -0.000918313 -5.51272e-17
0.0312327 -0.000918411 -5.51272e-17
0.0312334 -0.000918517 -5.51273e-17
0.0312342 -0.000918631 -5.51273e-17
0.031235 -0.000918753 -5.51274e-17
0.0312359 -0.000918883 -5.51274e-17
0.0312368 -0.000919021 -5.51275e-17
0.0312379 -0.000919168 -5.51276e-17
0.0312389 -0.000919322 -5.51277e-17
0.0312401 -0.000919484 -5.51278e-17
0.0312413 -0.000919655 -5.51278e-17
0.0312425 -0.000919833 -5.51279e-17
0.0312438 -0.000920019 -5.5128e-17
0.0312452 -0.000920213 -5.51282e-17
0.0312467 -0.000920415 -5.51283e-17
0.0312482 -0.000920624 -5.51284e-17
0.0312497 -0.000920842 -5.51285e-17
0.0312514 -0.000921067 -5.51286e-17
0.031253 -0.0009213 -5.51288e-17
0.0312548 -0.00092154 -5.51289e-17
0.0312566 -0.000921788 -5.51291e-17
0.0312584 -0.000922044 -5.51292e-17
0.0312604 -0.000922307 -5.51294e-17
0.0312623 -0.000922577 -5.51296e-17
0.0312644 -0.000922855 -5.51297e-17
0.0312665 -0.000923141 -5.51299e-17
0.0312686 -0.000923434 -5.51301e-17
0.0312708 -0.000923734 -5.51303e-17
0.0312731 -0.000924041 -5.51305e-17
0.0312754 -0.000924356 -5.51307e-17
0.0312777 -0.000924678 -5.51309e-17
0.0312802 -0.000925007 -5.51311e-17
0.0312826 -0.000925343 -5.51313e-17
0.0312852 -0.000925687 -5.51315e-17
0.0312878 -0.000926037 -5.51318e-17
0.0312904 -0.000926394 -5.5132e-17
0.0312931 -0.000926758 -5.51322e-17
0.0312958 -0.000927129 -5.51325e-17
0.0312986 -0.000927506 -5.51327e-17
0.0313015 -0.00092789 -5.5133e-17
0.0313043 -0.000928281 -5.51332e-17
0.0313073 -0.000928679 -5.51335e-17
0.0313103 -0.000929082 -5.51338e-17
0.0313133 -0.000929492 -5.5134e-17
0.0313164 -0.000929909 -5.51343e-17
0.0313195 -0.000930331 -5.51346e-17
0.0313227 -0.00093076 -5.51349e-17
0.0313259 -0.000931194 -5.51352e-17
0.0313292 -0.000931634 -5.51355e-17
0.0313325 -0.00093208 -5.51358e-17
0.0313358 -0.000932532 -5.51361e-17
0.0313392 -0.000932989 -5.51364e-17
0.0313426 -0.000933452 -5.51367e-17
0.0313461 -0.00093392 -5.5137e-17
0.0313496 -0.000934393 -5.51374e-17
0.0313531 -0.000934871 -5.51377e-17
0.0313567 -0.000935355 -5.5138e-17
0.0313603 -0.000935843 -5.51384e-17
0.031364 -0.000936336 -5.51387e-17
0.0313677 -0.000936834 -5.51391e-17
0.0313714 -0.000937337 -5.51394e-17
0.0313751 -0.000937843 -5.51398e-17
0.0313789 -0.000938355 -5.51401e-17
0.0313827 -0.000938871 -5.51405e-17
0.0313866 -0.00093939 -5.51409e-17
0.0313904 -0.000939915 -5.51412e-17
0.0313943 -0.000940443 -5.51416e-17
0.0313982 -0.000940975 -5.5142e-17
0.0314022 -0.000941511 -5.51424e-17
0.0314062 -0.000942051 -5.51428e-17
0.0314102 -0.000942595 -5.51431e-17
0.0314142 -0.000943142 -5.51435e-17
0.0314183 -0.000943693 -5.51439e-17
0.0314223 -0.000944248 -5.51443e-17
0.0314264 -0.000944806 -5.51447e-17
0.0314305 -0.000945367 -5.51451e-17
0.0314347 -0.000945931 -5.51456e-17
0.0314388 -0.000946499 -5.5146e-17
0.031443 -0.00094707 -5.51464e-17
0.0314472 -0.000947643 -5.51468e-17
0.0314514 -0.00094822 -5.51472e-17
0.0314557 -0.000948799 -5.51476e-17
0.0314599 -0.000949381 -5.51481e-17
0.0314642 -0.000949966 -5.51485e-17
0.0314685 -0.000950553 -5.51489e-17
0.0314728 -0.000951143 -5.51494e-17
0.0314771 -0.000951735 -5.51498e-17
0.0314814 -0.00095233 -5.51502e-17
0.0314857 -0.000952927 -5.51507e-17
0.0314901 -0.000953526 -5.51511e-17
0.0314944 -0.000954127 -5.51516e-17
0.0314988 -0.00095473 -5.5152e-17
0.0315032 -0.000955335 -5.51524e-17
0.0315076 -0.000955942 -5.51529e-17
0.031512 -0.000956551 -5.51534e-17
0.0315164 -0.000957162 -5.51538e-17
0.0315208 -0.000957774 -5.51543e-17
0.0315252 -0.000958388 -5.51547e-17
0.0315297 -0.000959004 -5.51552e-17
0.0315341 -0.000959621 -5.51556e-17
0.0315385 -0.000960239 -5.51561e-17
0.031543 -0.000960859 -5.51566e-17
0.0315474 -0.00096148 -5.5157e-17
0.0315519 -0.000962103 -5.51575e-17
0.0315563 -0.000962726 -5.5158e-17
0.0315608 -0.000963351 -5.51584e-17
0.0315653 -0.000963976 -5.51589e-17
0.0315697 -0.000964603 -5.51594e-17
0.0315742 -0.00096523 -5.51599e-17
0.0315786 -0.000965858 -5.51603e-17
0.0315831 -0.000966487 -5.51608e-17
0.0315876 -0.000967117 -5.51613e-17
0.031592 -0.000967747 -5.51618e-17
0.0315965 -0.000968378 -5.51623e-17
0.0316009 -0.000969009 -5.51627e-17
0.0316054 -0.000969641 -5.51632e-17
0.0316098 -0.000970273 -5.51637e-17
0.0316143 -0.000970905 -5.51642e-17
0.0316187 -0.000971538 -5.51647e-17
0.0316232 -0.000972171 -5.51651e-17
0.0316276 -0.000972804 -5.51656e-17
0.031632 -0.000973437 -5.51661e-17
0.0316364 -0.000974071 -5.51666e-17
0.0316409 -0.000974704 -5.51671e-17
0.0316453 -0.000975338 -5.51676e-17
0.0316497 -0.000975971 -5.51681e-17
0.0316541 -0.000976605 -5.51685e-17
0.0316585 -0.000977238 -5.5169e-17
0.0316628 -0.000977871 -5.51695e-17
0.0316672 -0.000978504 -5.517e-17
0.0316716 -0.000979137 -5.51705e-17
0.0316759 -0.00097977 -5.5171e-17
0.0316803 -0.000980402 -5.51715e-17
0.0316846 -0.000981034 -5.5172e-17
0.031689 -0.000981666 -5.51724e-17
0.0316933 -0.000982297 -5.51729e-17
0.0316976 -0.000982928 -5.51734e-17
0.0317019 -0.000983558 -5.51739e-17
0.0317062 -0.000984188 -5.51744e-17
0.0317105 -0.000984818 -5.51749e-17
0.0317148 -0.000985447 -5.51753e-17
0.031719 -0.000986076 -5.51758e-17
0.0317233 -0.000986704 -5.51763e-17
0.0317275 -0.000987332 -5.51768e-17
0.0317318 -0.000987959 -5.51773e-17
0.031736 -0.000988586 -5.51778e-17
0.0317402 -0.000989212 -5.51782e-17
0.0317444 -0.000989838 -5.51787e-17
0.0317486 -0.000990463 -5.51792e-17
0.0317528 -0.000991087 -5.51797e-17
0.031757 -0.000991711 -5.51802e-17
0.0317612 -0.000992335 -5.51806e-17
0.0317653 -0.000992958 -5.51811e-17
0.0317695 -0.00099358 -5.51816e-17
0.0317736 -0.000994202 -5.51821e-17
0.0317777 -0.000994823 -5.51825e-17
0.0317819 -0.000995444 -5.5183e-17
0.031786 -0.000996064 -5.51835e-17
0.0317901 -0.000996684 -5.51839e-17
0.0317942 -0.000997303 -5.51844e-17
0.0317983 -0.000997921 -5.51849e-17
0.0318023 -0.00099854 -5.51854e-17
0.0318064 -0.000999157 -5.51858e-17
0.0318105 -0.000999775 -5.51863e-17
0.0318145 -0.00100039 -5.51867e-17
0.0318185 -0.00100101 -5.51872e-17
0.0318226 -0.00100162 -5.51877e-17
0.0318266 -0.00100224 -5.51881e-17
0.0318306 -0.00100286 -5.51886e-17
0.0318346 -0.00100347 -5.5189e-17
0.0318386 -0.00100409 -5.51895e-17
0.0318426 -0.0010047 -5.519e-17
0.0318466 -0.00100531 -5.51904e-17
0.0318506 -0.00100593 -5.51909e-17
0.0318546 -0.00100654 -5.51913e-17
0.0318586 -0.00100716 -5.51918e-17
0.0318626 -0.00100777 -5.51922e-17
0.0318665 -0.00100839 -5.51927e-17
0.0318705 -0.001009 -5.51931e-17
0.0318745 -0.00100961 -5.51935e-17
0.0318784 -0.00101023 -5.5194e-17
0.0318824 -0.00101084 -5.51944e-17
0.0318863 -0.00101146 -5.51949e-17
0.0318903 -0.00101207 -5.51953e-17
0.0318942 -0.00101268 -5.51957e-17
0.0318982 -0.0010133 -5.51962e-17
0.0319021 -0.00101391 -5.51966e-17
0.031906 -0.00101453 -5.5197e-17
0.03191 -0.00101514 -5.51975e-17
0.0319139 -0.00101576 -5.51979e-17
0.0319178 -0.00101637 -5.51983e-17
0.0319217 -0.00101698 -5.51988e-17
0.0319256 -0.0010176 -5.51992e-17
0.0319296 -0.00101821 -5.51996e-17
0.0319335 -0.00101883 -5.52001e-17
0.0319374 -0.00101944 -5.52005e-17
0.0319413 -0.00102006 -5.52009e-17
0.0319452 -0.00102067 -5.52013e-17
0.0319491 -0.00102129 -5.52017e-17
0.031953 -0.0010219 -5.52022e-17
0.0319569 -0.00102252 -5.52026e-17
0.0319608 -0.00102313 -5.5203e-17
0.0319647 -0.00102375 -5.52034e-17
0.0319686 -0.00102436 -5.52038e-17
0.0319725 -0.00102498 -5.52042e-17
0.0319764 -0.00102559 -5.52046e-17
0.0319803 -0.00102621 -5.52051e-17
0.0319842 -0.00102682 -5.52055e-17
0.0319881 -0.00102744 -5.52059e-17
0.0319919 -0.00102806 -5.52063e-17
0.0319958 -0.00102867 -5.52067e-17
0.0319997 -0.00102929 -5.52071e-17
0.0320036 -0.0010299 -5.52075e-17
0.0320075 -0.00103052 -5.52079e-17
0.0320114 -0.00103113 -5.52083e-17
0.0320152 -0.00103175 -5.52087e-17
0.0320191 -0.00103236 -5.5209e-17
0.032023 -0.00103298 -5.52094e-17
0.0320269 -0.0010336 -5.52098e-17
0.0320307 -0.00103421 -5.52102e-17
0.0320346 -0.00103483 -5.52106e-17
0.0320385 -0.00103544 -5.5211e-17
0.0320423 -0.00103606 -5.52114e-17
0.0320462 -0.00103667 -5.52117e-17
0.0320501 -0.00103729 -5.52121e-17
0.0320539 -0.00103791 -5.52125e-17
0.0320578 -0.00103852 -5.52129e-17
0.0320617 -0.00103914 -5.52132e-17
0.0320655 -0.00103975 -5.52136e-17
0.0320694 -0.00104037 -5.5214e-17
0.0320732 -0.00104098 -5.52143e-17
0.0320771 -0.0010416 -5.52147e-17
0.0320809 -0.00104221 -5.52151e-17
0.0320848 -0.00104283 -5.52154e-17
0.0320886 -0.00104344 -5.52158e-17
0.0320925 -0.00104406 -5.52161e-17
0.0320963 -0.00104467 -5.52165e-17
0.0321002 -0.00104528 -5.52168e-17
0.032104 -0.0010459 -5.52172e-17
0.0321079 -0.00104651 -5.52175e-17
0.0321117 -0.00104712 -5.52179e-17
0.0321155 -0.00104773 -5.52182e-17
0.0321194 -0.00104835 -5.52186e-17
0.0321232 -0.00104896 -5.52189e-17
0.032127 -0.00104957 -5.52192e-17
0.0321308 -0.00105018 -5.52196e-17
0.0321347 -0.00105079 -5.52199e-17
0.0321385 -0.0010514 -5.52202e-17
0.0321423 -0.00105202 -5.52205e-17
0.0321461 -0.00105263 -5.52209e-17
0.03215 -0.00105324 -5.52212e-17
0.0321538 -0.00105385 -5.52215e-17
0.0321576 -0.00105446 -5.52218e-17
0.0321614 -0.00105507 -5.52221e-17
0.0321652 -0.00105568 -5.52224e-17
0.032169 -0.00105629 -5.52227e-17
0.0321728 -0.0010569 -5.5223e-17
0.0321767 -0.00105751 -5.52233e-17
0.0321805 -0.00105811 -5.52236e-17
0.0321843 -0.00105872 -5.52239e-17
0.0321881 -0.00105933 -5.52242e-17
0.0321919 -0.00105994 -5.52245e-17
0.0321957 -0.00106055 -5.52248e-17
0.0321995 -0.00106116 -5.52251e-17
0.0322033 -0.00106177 -5.52254e-17
0.0322071 -0.00106237 -5.52257e-17
0.0322109 -0.00106298 -5.52259e-17
0.0322147 -0.00106359 -5.52262e-17
0.0322186 -0.0010642 -5.52265e-17
0.0322224 -0.00106481 -5.52268e-17
0.0322262 -0.00106541 -5.5227e-17
0.03223 -0.00106602 -5.52273e-17
0.0322338 -0.00106663 -5.52275e-17
0.0322376 -0.00106724 -5.52278e-17
0.0322414 -0.00106784 -5.52281e-17
0.0322452 -0.00106845 -5.52283e-17
0.032249 -0.00106906 -5.52286e-17
0.0322528 -0.00106966 -5.52288e-17
0.0322566 -0.00107027 -5.52291e-17
0.0322604 -0.00107088 -5.52293e-17
0.0322642 -0.00107148 -5.52296e-17
0.032268 -0.00107209 -5.52298e-17
0.0322718 -0.0010727 -5.523e-17
0.0322756 -0.0010733 -5.52303e-17
0.0322794 -0.00107391 -5.52305e-17
0.0322832 -0.00107452 -5.52307e-17
0.032287 -0.00107512 -5.5231e-17
0.0322908 -0.00107573 -5.52312e-17
0.0322947 -0.00107633 -5.52314e-17
0.0322985 -0.00107694 -5.52316e-17
0.0323023 -0.00107755 -5.52318e-17
0.0323061 -0.00107815 -5.5232e-17
0.0323099 -0.00107876 -5.52323e-17
0.0323137 -0.00107937 -5.52325e-17
0.0323175 -0.00107997 -5.52327e-17
0.0323213 -0.00108058 -5.52329e-17
0.0323252 -0.00108119 -5.52331e-17
0.032329 -0.00108179 -5.52333e-17
0.0323328 -0.0010824 -5.52335e-17
0.0323366 -0.00108301 -5.52337e-17
0.0323405 -0.00108362 -5.52339e-17
0.0323443 -0.00108422 -5.5234e-17
0.0323481 -0.00108483 -5.52342e-17
0.032352 -0.00108544 -5.52344e-17
0.0323558 -0.00108605 -5.52346e-17
0.0323596 -0.00108666 -5.52348e-17
0.0323635 -0.00108727 -5.52349e-17
0.0323673 -0.00108788 -5.52351e-17
0.0323712 -0.00108849 -5.52353e-17
0.032375 -0.0010891 -5.52355e-17
0.0323789 -0.00108971 -5.52356e-17
0.0323828 -0.00109032 -5.52358e-17
0.0323866 -0.00109093 -5.5236e-17
0.0323905 -0.00109154 -5.52361e-17
0.0323944 -0.00109215 -5.52363e-17
0.0323982 -0.00109276 -5.52364e-17
0.0324021 -0.00109338 -5.52366e-17
0.032406 -0.00109399 -5.52367e-17
0.0324099 -0.00109461 -5.52369e-17
0.0324138 -0.00109522 -5.5237e-17
0.0324177 -0.00109584 -5.52372e-17
0.0324216 -0.00109645 -5.52373e-17
0.0324255 -0.00109707 -5.52375e-17
0.0324295 -0.00109768 -5.52376e-17
0.0324334 -0.0010983 -5.52377e-17
0.0324373 -0.00109892 -5.52379e-17
0.0324413 -0.00109954 -5.5238e-17
0.0324452 -0.00110016 -5.52382e-17
0.0324492 -0.00110078 -5.52383e-17
0.0324531 -0.0011014 -5.52384e-17
0.0324571 -0.00110202 -5.52385e-17
0.0324611 -0.00110265 -5.52387e-17
0.032465 -0.00110327 -5.52388e-17
0.032469 -0.0011039 -5.52389e-17
0.032473 -0.00110452 -5.5239e-17
0.032477 -0.00110515 -5.52391e-17
0.032481 -0.00110578 -5.52393e-17
0.0324851 -0.0011064 -5.52394e-17
0.0324891 -0.00110703 -5.52395e-17
0.0324931 -0.00110767 -5.52396e-17
0.0324972 -0.0011083 -5.52397e-17
0.0325012 -0.00110893 -5.52398e-17
0.0325053 -0.00110956 -5.52399e-17
0.0325094 -0.0011102 -5.524e-17
0.0325135 -0.00111084 -5.52401e-17
0.0325176 -0.00111147 -5.52402e-17
0.0325217 -0.00111211 -5.52403e-17
0.0325258 -0.00111275 -5.52404e-17
0.0325299 -0.00111339 -5.52405e-17
0.0325341 -0.00111404 -5.52406e-17
0.0325382 -0.00111468 -5.52407e-17
0.0325424 -0.00111533 -5.52408e-17
0.0325466 -0.00111597 -5.52409e-17
0.0325508 -0.00111662 -5.5241e-17
0.032555 -0.00111727 -5.52411e-17
0.0325592 -0.00111792 -5.52412e-17
0.0325634 -0.00111857 -5.52413e-17
0.0325676 -0.00111923 -5.52414e-17
0.0325719 -0.00111988 -5.52415e-17
0.0325761 -0.00112054 -5.52416e-17
0.0325804 -0.0011212 -5.52416e-17
0.0325847 -0.00112186 -5.52417e-17
0.032589 -0.00112252 -5.52418e-17
0.0325933 -0.00112318 -5.52419e-17
0.0325976 -0.00112385 -5.5242e-17
0.032602 -0.00112451 -5.52421e-17
0.0326063 -0.00112518 -5.52421e-17
0.0326107 -0.00112585 -5.52422e-17
0.032615 -0.00112652 -5.52423e-17
0.0326194 -0.00112719 -5.52424e-17
0.0326238 -0.00112787 -5.52425e-17
0.0326283 -0.00112854 -5.52426e-17
0.0326327 -0.00112922 -5.52426e-17
0.0326371 -0.0011299 -5.52427e-17
0.0326416 -0.00113058 -5.52428e-17
0.032646 -0.00113126 -5.52429e-17
0.0326505 -0.00113194 -5.52429e-17
0.032655 -0.00113263 -5.5243e-17
0.0326595 -0.00113331 -5.52431e-17
0.032664 -0.001134 -5.52432e-17
0.0326686 -0.00113469 -5.52432e-17
0.0326731 -0.00113538 -5.52433e-17
0.0326777 -0.00113607 -5.52434e-17
0.0326823 -0.00113677 -5.52435e-17
0.0326868 -0.00113746 -5.52436e-17
0.0326914 -0.00113816 -5.52436e-17
0.0326961 -0.00113886 -5.52437e-17
0.0327007 -0.00113956 -5.52438e-17
0.0327053 -0.00114026 -5.52438e-17
0.03271 -0.00114097 -5.52439e-17
0.0327146 -0.00114167 -5.5244e-17
0.0327193 -0.00114238 -5.52441e-17
0.032724 -0.00114309 -5.52441e-17
0.0327287 -0.0011438 -5.52442e-17
0.0327334 -0.00114451 -5.52443e-17
0.0327381 -0.00114522 -5.52444e-17
0.0327429 -0.00114593 -5.52444e-17
0.0327476 -0.00114665 -5.52445e-17
0.0327524 -0.00114737 -5.52446e-17
0.0327572 -0.00114809 -5.52447e-17
0.032762 -0.00114881 -5.52447e-17
0.0327667 -0.00114953 -5.52448e-17
0.0327716 -0.00115025 -5.52449e-17
0.0327764 -0.00115097 -5.5245e-17
0.0327812 -0.0011517 -5.5245e-17
0.0327861 -0.00115243 -5.52451e-17
0.0327909 -0.00115315 -5.52452e-17
0.0327958 -0.00115388 -5.52453e-17
0.0328007 -0.00115461 -5.52453e-17
0.0328055 -0.00115535 -5.52454e-17
0.0328104 -0.00115608 -5.52455e-17
0.0328153 -0.00115681 -5.52456e-17
0.0328203 -0.00115755 -5.52456e-17
0.0328252 -0.00115829 -5.52457e-17
0.0328301 -0.00115902 -5.52458e-17
0.0328351 -0.00115976 -5.52459e-17
0.03284 -0.0011605 -5.52459e-17
0.032845 -0.00116124 -5.5246e-17
0.0328499 -0.00116199 -5.52461e-17
0.0328549 -0.00116273 -5.52462e-17
0.0328599 -0.00116347 -5.52463e-17
0.0328649 -0.00116422 -5.52463e-17
0.0328699 -0.00116496 -5.52464e-17
0.0328749 -0.00116571 -5.52465e-17
0.0328799 -0.00116646 -5.52466e-17
0.0328849 -0.0011672 -5.52467e-17
0.0328899 -0.00116795 -5.52467e-17
0.032895 -0.0011687 -5.52468e-17
0.0329 -0.00116945 -5.52469e-17
0.032905 -0.0011702 -5.5247e-17
0.0329101 -0.00117095 -5.52471e-17
0.0329151 -0.0011717 -5.52471e-17
0.0329202 -0.00117246 -5.52472e-17
0.0329252 -0.00117321 -5.52473e-17
0.0329303 -0.00117396 -5.52474e-17
0.0329354 -0.00117471 -5.52475e-17
0.0329404 -0.00117547 -5.52475e-17
0.0329455 -0.00117622 -5.52476e-17
0.0329506 -0.00117697 -5.52477e-17
0.0329556 -0.00117773 -5.52478e-17
0.0329607 -0.00117848 -5.52479e-17
0.0329658 -0.00117924 -5.5248e-17
0.0329708 -0.00117999 -5.52481e-17
0.0329759 -0.00118075 -5.52481e-17
0.032981 -0.0011815 -5.52482e-17
0.032986 -0.00118225 -5.52483e-17
0.0329911 -0.00118301 -5.52484e-17
0.0329961 -0.00118376 -5.52485e-17
0.0330011 -0.0011845 -5.52486e-17
0.0330061 -0.00118525 -5.52487e-17
0.0330111 -0.001186 -5.52488e-17
0.033016 -0.00118674 -5.52489e-17
0.033021 -0.00118749 -5.5249e-17
0.033026 -0.00118823 -5.52491e-17
0.0330309 -0.00118897 -5.52493e-17
0.0330359 -0.00118972 -5.52494e-17
0.0330408 -0.00119046 -5.52495e-17
0.0330458 -0.0011912 -5.52496e-17
0.0330507 -0.00119194 -5.52497e-17
0.0330556 -0.00119268 -5.52498e-17
0.0330605 -0.00119342 -5.52499e-17
0.0330655 -0.00119416 -5.525e-17
0.0330704 -0.0011949 -5.52501e-17
0.0330753 -0.00119563 -5.52502e-17
0.0330802 -0.00119637 -5.52503e-17
0.0330851 -0.00119711 -5.52504e-17
0.03309 -0.00119784 -5.52505e-17
0.0330948 -0.00119857 -5.52506e-17
0.0330997 -0.0011993 -5.52507e-17
0.0331045 -0.00120003 -5.52508e-17
0.0331093 -0.00120076 -5.52509e-17
0.0331142 -0.00120149 -5.5251e-17
0.033119 -0.00120221 -5.52511e-17
0.0331238 -0.00120294 -5.52512e-17
0.0331285 -0.00120366 -5.52513e-17
0.0331333 -0.00120438 -5.52514e-17
0.033138 -0.0012051 -5.52515e-17
0.0331428 -0.00120581 -5.52516e-17
0.0331475 -0.00120653 -5.52517e-17
0.0331522 -0.00120724 -5.52518e-17
0.0331569 -0.00120795 -5.52519e-17
0.0331616 -0.00120866 -5.5252e-17
0.0331662 -0.00120937 -5.5252e-17
0.0331708 -0.00121008 -5.52521e-17
0.0331755 -0.00121078 -5.52522e-17
0.0331801 -0.00121148 -5.52523e-17
0.0331847 -0.00121218 -5.52524e-17
0.0331892 -0.00121288 -5.52525e-17
0.0331938 -0.00121357 -5.52526e-17
0.0331983 -0.00121427 -5.52527e-17
0.0332028 -0.00121496 -5.52528e-17
0.0332073 -0.00121565 -5.52529e-17
0.0332117 -0.00121633 -5.5272e-17
0.0332161 -0.00121699 -5.52725e-17
0.0332204 -0.00121764 -5.52729e-17
0.0332248 -0.0012183 -5.52734e-17
0.0332291 -0.00121896 -5.52738e-17
0.0332334 -0.00121961 -5.52743e-17
0.0332378 -0.00122026 -5.52747e-17
0.033242 -0.00122092 -5.52752e-17
0.0332463 -0.00122156 -5.52756e-17
0.0332506 -0.00122221 -5.5276e-17
0.0332548 -0.00122286 -5.52764e-17
0.033259 -0.0012235 -5.52768e-17
0.0332632 -0.00122414 -5.52772e-17
0.0332674 -0.00122478 -5.52777e-17
0.0332715 -0.00122541 -5.52781e-17
0.0332756 -0.00122605 -5.52785e-17
0.0332798 -0.00122668 -5.52788e-17
0.0332839 -0.00122731 -5.52792e-17
0.033288 -0.00122794 -5.52796e-17
0.033292 -0.00122857 -5.528e-17
0.0332961 -0.00122919 -5.52804e-17
0.0333002 -0.00122982 -5.52808e-17
0.0333042 -0.00123044 -5.52812e-17
0.0333082 -0.00123107 -5.52815e-17
0.0333122 -0.00123169 -5.52819e-17
0.0333162 -0.00123231 -5.52823e-17
0.0333202 -0.00123293 -5.52827e-17
0.0333242 -0.00123355 -5.5283e-17
0.0333282 -0.00123416 -5.52834e-17
0.0333321 -0.00123478 -5.52838e-17
0.0333361 -0.0012354 -5.52841e-17
0.03334 -0.00123601 -5.52845e-17
0.033344 -0.00123662 -5.52849e-17
0.0333479 -0.00123724 -5.52852e-17
0.0333518 -0.00123785 -5.52856e-17
0.0333557 -0.00123846 -5.52859e-17
0.0333596 -0.00123907 -5.52863e-17
0.0333635 -0.00123968 -5.52867e-17
0.0333674 -0.00124029 -5.5287e-17
0.0333713 -0.0012409 -5.52874e-17
0.0333751 -0.00124151 -5.52877e-17
0.033379 -0.00124212 -5.52881e-17
0.0333829 -0.00124273 -5.52884e-17
0.0333867 -0.00124334 -5.52888e-17
0.0333906 -0.00124395 -5.52892e-17
0.0333944 -0.00124455 -5.52895e-17
0.0333983 -0.00124516 -5.52899e-17
0.0334021 -0.00124577 -5.52902e-17
0.033406 -0.00124638 -5.52906e-17
0.0334098 -0.00124699 -5.52909e-17
0.0334137 -0.0012476 -5.52913e-17
0.0334175 -0.00124821 -5.52916e-17
0.0334213 -0.00124882 -5.5292e-17
0.0334252 -0.00124942 -5.52923e-17
0.033429 -0.00125004 -5.52927e-17
0.0334329 -0.00125064 -5.52531e-17
0.0334364 -0.00125119 -5.52545e-17
0.0334401 -0.00125175 -5.52558e-17
0.0334437 -0.00125231 -5.52571e-17
0.0334474 -0.00125287 -5.52584e-17
0.0334511 -0.00125343 -5.52597e-17
0.0334548 -0.00125399 -5.5261e-17
0.0334585 -0.00125456 -5.52622e-17
0.0334623 -0.00125512 -5.52635e-17
0.033466 -0.00125569 -5.52647e-17
0.0334698 -0.00125625 -5.5266e-17
0.0334735 -0.00125682 -5.52672e-17
0.0334773 -0.00125739 -5.52684e-17
0.033481 -0.00125796 -5.52696e-17
0.0334848 -0.00125854 -5.52709e-17
0.0334886 -0.00125911 -5.52721e-17
0.0334924 -0.00125968 -5.52733e-17
0.0334962 -0.00126026 -5.52745e-17
0.0335 -0.00126084 -5.52757e-17
0.0335038 -0.00126141 -5.52769e-17
0.0335076 -0.00126199 -5.52781e-17
0.0335115 -0.00126257 -5.52793e-17
0.0335153 -0.00126316 -5.52805e-17
0.0335192 -0.00126374 -5.52817e-17
0.033523 -0.00126433 -5.52829e-17
0.0335269 -0.00126491 -5.52841e-17
0.0335308 -0.0012655 -5.52853e-17
0.0335347 -0.00126609 -5.52866e-17
0.0335386 -0.00126668 -5.52878e-17
0.0335425 -0.00126727 -5.5289e-17
0.0335464 -0.00126787 -5.52902e-17
0.0335504 -0.00126846 -5.52914e-17
0.0335543 -0.00126906 -5.52926e-17
0.0335582 -0.00126966 -5.52938e-17
0.0335622 -0.00127026 -5.5295e-17
0.0335662 -0.00127086 -5.52962e-17
0.0335702 -0.00127146 -5.52974e-17
0.0335742 -0.00127207 -5.52987e-17
0.0335782 -0.00127268 -5.52999e-17
0.0335823 -0.00127329 -5.53011e-17
0.0335863 -0.0012739 -5.53023e-17
0.0335904 -0.00127451 -5.53035e-17
0.0335945 -0.00127513 -5.53047e-17
0.0335986 -0.00127574 -5.53059e-17
0.0336027 -0.00127636 -5.53071e-17
0.0336068 -0.00127699 -5.53083e-17
0.033611 -0.00127761 -5.53095e-17
0.0336151 -0.00127824 -5.53107e-17
0.0336193 -0.00127886 -5.53119e-17
0.0336235 -0.00127949 -5.53131e-17
0.0336277 -0.00128013 -5.53143e-17
0.033632 -0.00128076 -5.53155e-17
0.0336362 -0.0012814 -5.53167e-17
0.0336405 -0.00128204 -5.53179e-17
0.0336448 -0.00128268 -5.53191e-17
0.0336491 -0.00128332 -5.53203e-17
0.0336534 -0.00128397 -5.53215e-17
0.0336577 -0.00128462 -5.53227e-17
0.0336621 -0.00128527 -5.53239e-17
0.0336665 -0.00128592 -5.53251e-17
0.0336709 -0.00128658 -5.53263e-17
0.0336753 -0.00128723 -5.53275e-17
0.0336797 -0.00128789 -5.53287e-17
0.0336842 -0.00128856 -5.53299e-17
0.0336887 -0.00128922 -5.53311e-17
0.0336932 -0.00128989 -5.53323e-17
0.0336977 -0.00129056 -5.53335e-17
0.0337022 -0.00129123 -5.53347e-17
0.0337068 -0.0012919 -5.53359e-17
0.0337114 -0.00129258 -5.53371e-17
0.0337159 -0.00129326 -5.53383e-17
0.0337206 -0.00129394 -5.53395e-17
0.0337252 -0.00129462 -5.53407e-17
0.0337298 -0.0012953 -5.53419e-17
0.0337345 -0.00129599 -5.53431e-17
0.0337392 -0.00129668 -5.53443e-17
0.0337438 -0.00129737 -5.53455e-17
0.0337486 -0.00129806 -5.53467e-17
0.0337533 -0.00129874 -5.53692e-17
0.033758 -0.00129942 -5.53705e-17
0.0337627 -0.00130009 -5.53718e-17
0.0337674 -0.00130077 -5.53731e-17
0.0337722 -0.00130145 -5.53744e-17
0.0337769 -0.00130213 -5.53757e-17
0.0337817 -0.00130282 -5.53771e-17
0.0337865 -0.0013035 -5.53784e-17
0.0337913 -0.00130419 -5.53797e-17
0.0337962 -0.00130488 -5.53811e-17
0.0338011 -0.00130558 -5.53824e-17
0.0338058 -0.00130624 -5.53651e-17
0.0338104 -0.00130687 -5.53675e-17
0.0338151 -0.00130751 -5.53699e-17
0.0338198 -0.00130814 -5.53723e-17
0.0338245 -0.00130879 -5.53747e-17
0.0338293 -0.00130943 -5.53771e-17
0.0338341 -0.00131007 -5.53794e-17
0.033839 -0.00131072 -5.53818e-17
0.0338438 -0.00131137 -5.53841e-17
0.0338487 -0.00131203 -5.53865e-17
0.0338536 -0.00131268 -5.53888e-17
0.0338585 -0.00131334 -5.53911e-17
0.0338634 -0.00131399 -5.53935e-17
0.0338684 -0.00131465 -5.53958e-17
0.0338734 -0.00131532 -5.53981e-17
0.0338784 -0.00131598 -5.54005e-17
0.0338834 -0.00131665 -5.54027e-17
0.0338884 -0.00131731 -5.5405e-17
0.0338935 -0.00131798 -5.54073e-17
0.0338985 -0.00131866 -5.54095e-17
0.0339036 -0.00131933 -5.54118e-17
0.0339087 -0.00132 -5.54141e-17
0.0339139 -0.00132068 -5.54164e-17
0.033919 -0.00132136 -5.54186e-17
0.0339242 -0.00132204 -5.54209e-17
0.0339293 -0.00132272 -5.54231e-17
0.0339345 -0.0013234 -5.54253e-17
0.0339396 -0.00132403 -1.88351e-16
0.0339447 -0.00132466 1.05929e-14
0.0339498 -0.00132528 2.1709e-14
0.0339549 -0.00132591 2.7938e-14
0.03396 -0.00132654 2.49683e-14
0.0339652 -0.00132717 2.39769e-14
0.0339703 -0.0013278 1.72896e-14
0.0339755 -0.00132844 6.22809e-15
0.0339807 -0.00132907 3.36801e-14
0.033986 -0.00132971 3.4544e-14
0.0339912 -0.00133035 4.01493e-14
0.0339964 -0.00133099 2.88892e-14
0.0340017 -0.00133163 7.82862e-15
0.0340069 -0.00133227 9.31868e-16
0.0340122 -0.00133292 -1.21912e-14
0.0340175 -0.00133356 -1.39286e-14
0.0340228 -0.00133419 1.74136e-16
0.0340281 -0.00133484 -7.92101e-17
0.0340334 -0.00133549 -4.73599e-16
0.0340388 -0.00133614 7.22693e-17
0.0340441 -0.00133679 -1.96438e-17
0.0340495 -0.00133744 -1.60401e-16
0.0340549 -0.00133809 -7.72151e-16
0.0340603 -0.00133874 -8.55197e-16
0.0340658 -0.0013394 -4.23761e-16
0.0340712 -0.00134005 -4.97856e-16
0.0340767 -0.00134071 -5.95713e-16
0.0340821 -0.00134137 -3.4737e-16
0.0340876 -0.00134203 -4.77159e-16
0.0340931 -0.00134269 -1.3101e-15
0.0340986 -0.00134335 3.43402e-16
0.0341041 -0.00134401 -6.50826e-17
0.0341097 -0.00134467 -2.13874e-16
0.0341152 -0.00134534 -2.19693e-16
0.0341208 -0.001346 6.5839e-16
0.0341263 -0.00134667 -2.27027e-16
0.0341319 -0.00134733 3.93646e-16
0.0341375 -0.001348 7.93142e-17
0.0341431 -0.00134867 7.90027e-18
0.0341487 -0.00134934 4.58739e-16
0.0341543 -0.00135 2.82746e-16
0.03416 -0.00135067 -1.20858e-16
0.0341656 -0.00135135 -3.39073e-17
0.0341713 -0.00135202 -2.98983e-16
0.0341769 -0.00135269 -2.49523e-16
0.0341826 -0.00135336 -3.30368e-16
0.0341883 -0.00135403 -1.8322e-16
0.034194 -0.00135471 3.36109e-16
0.0341997 -0.00135538 -9.34734e-17
0.0342054 -0.00135606 -1.06088e-17
0.0342111 -0.00135673 -5.9811e-17
0.0342168 -0.00135741 -4.38988e-16
0.0342226 -0.00135808 -3.84833e-16
0.0342287 -0.00135881 6.39783e-16
0.034235 -0.00135954 6.70893e-19
0.0342412 -0.00136027 1.56354e-16
0.0342475 -0.00136101 4.1028e-17
0.0342538 -0.00136174 -2.26857e-16
0.0342601 -0.00136243 3.05865e-16
0.0342662 -0.00136311 -2.28818e-16
0.0342724 -0.00136378 6.07622e-16
0.0342786 -0.00136445 4.21303e-16
0.0342847 -0.00136512 8.3869e-17
0.0342909 -0.00136579 -1.08304e-15
0.0342971 -0.00136646 1.27961e-15
0.0343033 -0.00136713 -3.62405e-16
0.0343095 -0.0013678 1.16725e-15
0.0343157 -0.00136847 7.61198e-16
0.0343219 -0.00136914 -2.22432e-15
0.0343281 -0.00136981 -3.28922e-16
0.0343343 -0.00137049 -7.52639e-16
0.0343405 -0.00137116 4.14051e-16
0.0343468 -0.00137183 1.01842e-15
0.034353 -0.0013725 1.98421e-16
0.0343593 -0.00137317 4.93021e-16
0.0343652 -0.00137379 -2.4317e-16
0.0343712 -0.0013744 -1.7413e-15
0.0343772 -0.00137502 -5.94151e-16
0.0343832 -0.00137563 4.13382e-16
0.0343893 -0.00137625 3.35517e-16
0.0343953 -0.00137686 5.95922e-16
0.0344014 -0.00137748 4.32486e-15
0.0344075 -0.0013781 1.07378e-15
0.0344136 -0.00137871 1.60123e-15
0.0344197 -0.00137933 -1.29192e-15
0.0344258 -0.00137995 -7.1045e-16
0.0344319 -0.00138056 -1.65945e-15
0.034438 -0.00138118 -9.14982e-16
0.0344441 -0.0013818 -1.44372e-15
0.0344502 -0.00138241 -2.86719e-16
0.0344563 -0.00138303 -2.13784e-16
0.0344624 -0.00138364 -1.3499e-15
0.0344685 -0.00138426 -7.29843e-16
0.0344746 -0.00138487 -2.99016e-16
0.0344807 -0.00138548 -9.82382e-17
0.0344868 -0.0013861 -1.51091e-15
0.0344929 -0.00138671 -2.02607e-15
0.0344991 -0.00138732 1.07385e-15
0.0345052 -0.00138793 3.48845e-16
0.0345113 -0.00138854 2.11016e-15
0.0345174 -0.00138915 -4.63099e-17
0.0345235 -0.00138976 9.31052e-16
0.0345296 -0.00139037 -3.27634e-16
0.0345356 -0.00139098 -7.44132e-16
0.0345417 -0.00139158 -1.56488e-16
0.0345478 -0.00139218 -2.01249e-16
0.0345538 -0.00139279 -9.03852e-16
0.0345599 -0.00139339 -2.27404e-15
0.0345659 -0.00139399 8.17747e-16
0.0345719 -0.00139459 -6.55575e-16
0.0345779 -0.00139519 -1.28799e-15
0.0345839 -0.00139578 8.1923e-16
0.0345899 -0.00139638 5.22946e-18
0.0345959 -0.00139697 2.26617e-15
0.0346019 -0.00139757 7.61552e-16
0.0346079 -0.00139816 4.7088e-16
0.0346146 -0.00139885 -1.02185e-15
0.0346217 -0.00139957 8.17399e-18
0.0346287 -0.00140026 -4.14554e-15
0.0346358 -0.00140094 -1.61984e-15
0.0346428 -0.00140163 -1.57134e-15
0.0346499 -0.00140232 -5.71683e-16
0.0346569 -0.001403 5.31813e-16
0.0346639 -0.00140368 6.28882e-16
0.0346709 -0.00140436 1.57807e-16
0.0346779 -0.00140504 -5.07973e-16
0.0346849 -0.00140571 2.14817e-15
0.0346918 -0.00140639 1.87947e-15
0.0346988 -0.00140706 -4.89056e-16
0.0347057 -0.00140772 2.31377e-15
0.0347126 -0.00140839 6.09225e-16
0.0347195 -0.00140905 -8.10775e-16
0.0347264 -0.00140971 1.90908e-16
0.0347333 -0.00141037 8.69419e-17
0.0347401 -0.00141102 -6.50841e-16
0.0347469 -0.00141168 -5.96344e-16
0.0347537 -0.00141233 8.01253e-16
0.0347605 -0.00141297 -3.78897e-16
0.0347672 -0.00141362 8.25337e-16
0.034774 -0.00141426 1.50003e-15
0.0347807 -0.0014149 1.49802e-15
0.0347874 -0.00141553 1.2552e-15
0.034794 -0.00141616 -4.86594e-16
0.0348006 -0.00141679 1.46444e-15
0.0348072 -0.00141742 -1.33763e-16
0.0348138 -0.00141804 -1.5398e-15
0.0348204 -0.00141866 4.37939e-16
0.0348269 -0.00141928 1.36758e-15
0.0348334 -0.00141989 1.21453e-15
0.0348399 -0.0014205 -2.38107e-15
0.0348463 -0.00142111 -7.48036e-16
0.0348527 -0.00142171 1.52931e-15
0.0348591 -0.00142231 -4.77053e-16
0.0348655 -0.00142291 2.90663e-15
0.0348718 -0.0014235 2.79134e-15
0.0348781 -0.00142409 -2.0379e-16
0.0348844 -0.00142468 -1.54712e-15
0.0348906 -0.00142526 1.80736e-15
0.0348968 -0.00142584 9.37706e-16
0.034903 -0.00142642 1.15403e-15
0.0349091 -0.00142699 -1.30662e-15
0.0349152 -0.00142756 -2.85086e-15
0.0349213 -0.00142812 -1.71493e-15
0.0349273 -0.00142868 -8.92502e-16
0.0349333 -0.00142924 -1.46478e-16
0.0349393 -0.00142979 1.1176e-15
0.0349452 -0.00143034 2.58912e-15
0.0349511 -0.00143089 1.34986e-15
0.034957 -0.00143143 3.11386e-15
0.0349628 -0.00143197 2.53911e-15
0.0349686 -0.00143251 1.64734e-15
0.0349743 -0.00143304 2.1212e-16
0.03498 -0.00143357 -1.52051e-15
0.0349857 -0.00143409 -7.04457e-16
0.0349914 -0.00143461 7.06605e-16
0.034997 -0.00143513 -1.43322e-16
0.0350026 -0.00143564 -1.10623e-16
0.0350081 -0.00143615 -5.47401e-16
0.0350136 -0.00143665 -1.91551e-15
0.035019 -0.00143715 -7.09313e-16
0.0350244 -0.00143765 -9.48696e-16
0.0350298 -0.00143814 -8.50281e-16
0.0350351 -0.00143863 -6.78356e-16
0.0350404 -0.00143911 7.73851e-16
0.0350456 -0.00143959 6.58987e-16
0.0350508 -0.00144007 -1.24193e-16
0.035056 -0.00144054 3.01883e-15
0.0350611 -0.001441 5.79378e-16
0.0350662 -0.00144147 1.38532e-15
0.0350712 -0.00144193 -9.85028e-16
0.0350762 -0.00144238 -2.00427e-15
0.0350812 -0.00144283 -1.82854e-15
0.0350861 -0.00144328 1.07492e-16
0.0350909 -0.00144372 -9.17579e-16
0.0350957 -0.00144415 -1.37298e-15
0.0351005 -0.00144459 -1.79631e-15
0.0351052 -0.00144501 1.83597e-16
0.0351099 -0.00144544 -7.92039e-16
0.0351145 -0.00144586 -1.70764e-17
0.0351191 -0.00144627 -3.31802e-16
0.0351236 -0.00144668 7.45627e-17
0.0351281 -0.00144709 -4.44889e-16
0.0351326 -0.00144749 -2.01262e-15
0.0351369 -0.00144789 -2.83211e-15
0.0351413 -0.00144828 -5.59347e-16
0.0351456 -0.00144865 -2.49914e-15
0.0351498 -0.001449 -2.07865e-16
0.0351539 -0.00144935 -5.4258e-17
0.035158 -0.0014497 -1.27119e-15
0.035162 -0.00145004 -1.85877e-15
0.035166 -0.00145038 -2.6475e-15
0.0351699 -0.00145071 -2.27853e-15
0.0351738 -0.00145104 -1.37046e-15
0.0351776 -0.00145136 -7.46641e-16
0.0351814 -0.00145168 -1.94603e-15
0.0351851 -0.00145199 -5.35839e-16
0.0351888 -0.0014523 1.52589e-15
0.0351924 -0.00145261 3.6462e-16
0.035196 -0.00145291 -9.16002e-16
0.0351996 -0.00145321 1.62346e-16
0.0352031 -0.0014535 -1.32636e-16
0.0352065 -0.00145379 1.35057e-15
0.0352099 -0.00145407 1.28772e-15
0.0352132 -0.00145435 6.38171e-17
0.0352165 -0.00145463 3.42234e-16
0.0352198 -0.0014549 -1.53673e-16
0.035223 -0.00145517 8.27674e-16
0.0352261 -0.00145543 3.6053e-16
0.0352292 -0.00145569 -6.25163e-16
0.0352322 -0.00145594 1.84789e-16
0.0352352 -0.00145619 -1.21398e-15
0.0352382 -0.00145644 2.00876e-15
0.035241 -0.00145668 -2.84879e-16
0.0352439 -0.00145691 -4.30778e-17
0.0352467 -0.00145715 4.70185e-16
0.0352494 -0.00145737 1.9359e-16
0.0352521 -0.0014576 -5.1934e-17
0.0352547 -0.00145781 1.78114e-16
0.0352572 -0.00145803 -2.61893e-16
0.0352598 -0.00145824 -1.2405e-15
0.0352622 -0.00145844 -8.36889e-16
0.0352646 -0.00145864 1.47452e-16
0.035267 -0.00145884 1.32193e-15
0.0352693 -0.00145903 -1.10192e-15
0.0352715 -0.00145922 -1.19944e-15
0.0352737 -0.0014594 -1.62606e-15
0.0352759 -0.00145958 -3.38428e-16
0.035278 -0.00145975 -1.0322e-16
0.03528 -0.00145992 -4.18266e-16
0.035282 -0.00146008 -7.92103e-16
0.0352839 -0.00146024 -1.06361e-15
0.0352858 -0.00146039 -5.77404e-16
0.0352876 -0.00146054 6.27766e-16
0.0352893 -0.00146069 5.56213e-16
0.035291 -0.00146083 3.0686e-16
0.0352927 -0.00146096 3.02516e-16
0.0352942 -0.00146109 8.04992e-16
0.0352958 -0.00146122 -1.45364e-16
0.0352972 -0.00146134 -1.18366e-16
0.0352987 -0.00146146 -3.85947e-16
0.0353 -0.00146157 -3.44132e-16
0.0353013 -0.00146168 2.08434e-16
0.0353026 -0.00146178 8.96158e-16
0.0353038 -0.00146188 7.24055e-16
0.0353049 -0.00146197 2.02098e-17
0.035306 -0.00146206 -7.64155e-17
0.0353071 -0.00146215 -2.93302e-16
0.035308 -0.00146223 4.38815e-16
0.035309 -0.0014623 -3.96815e-16
0.0353098 -0.00146237 -1.63375e-16
0.0353106 -0.00146244 -5.9486e-16
0.0353114 -0.0014625 1.54915e-16
0.0353121 -0.00146255 -6.14142e-17
0.0353128 -0.00146261 -1.12572e-16
0.0353134 -0.00146265 1.57683e-16
0.035314 -0.00146269 -1.13423e-14
0.0353145 -0.00146273 -7.9242e-15
0.0353149 -0.00146276 -7.89325e-15
0.0353153 -0.00146279 5.69733e-16
0.0353157 -0.00146281 -5.57781e-15
0.0353159 -0.00146283 -8.17199e-15
0.0353161 -0.00146284 -6.90069e-15
0.0353163 -0.00146285 -7.63989e-15
0.0353164 -0.00146285 -5.32329e-15
0.0353164 -0.00146285 -4.99805e-15
0.0353164 -0.00146284 -4.69325e-16
0.0353163 -0.00146282 -1.56243e-15
0.0353162 -0.0014628 -8.65006e-16
0.035316 -0.00146278 -1.42335e-16
0.0353158 -0.00146275 -8.26947e-16
0.0353155 -0.00146272 -5.37236e-16
0.0353152 -0.00146268 -1.67999e-16
0.0353148 -0.00146263 -2.3251e-16
0.0353144 -0.00146258 -2.32511e-16
0.0353139 -0.00146251 -1.96688e-16
0.0353134 -0.00146244 -1.96688e-16
0.0353128 -0.00146237 -1.96688e-16
0.0353122 -0.00146228 -1.96688e-16
0.0353115 -0.00146219 -1.96688e-16
0.0353108 -0.0014621 -1.96688e-16
0.03531 -0.00146199 -1.96688e-16
0.0353092 -0.00146188 -1.96688e-16
0.0353083 -0.00146176 -1.96688e-16
0.0353074 -0.00146163 -1.96688e-16
0.0353064 -0.0014615 -1.96688e-16
0.0353054 -0.00146136 -1.96688e-16
0.0353043 -0.00146121 -1.96688e-16
0.0353031 -0.00146106 -1.96688e-16
0.035302 -0.0014609 -1.96687e-16
0.0353007 -0.00146073 -1.96687e-16
0.0352994 -0.00146055 -1.96687e-16
0.0352981 -0.00146037 -1.96687e-16
0.0352967 -0.00146018 -1.96687e-16
0.0352953 -0.00145999 -1.96686e-16
0.0352938 -0.00145979 -1.96686e-16
0.0352923 -0.00145958 -1.96686e-16
0.0352908 -0.00145936 -1.96686e-16
0.0352891 -0.00145914 -1.96685e-16
0.0352875 -0.00145891 -1.96685e-16
0.0352858 -0.00145868 -1.96684e-16
0.035284 -0.00145844 -1.96684e-16
0.0352823 -0.00145819 -1.96684e-16
0.0352804 -0.00145794 -1.96683e-16
0.0352785 -0.00145768 -1.96683e-16
0.0352766 -0.00145741 -1.96682e-16
0.0352746 -0.00145714 -1.96682e-16
0.0352726 -0.00145686 -1.96681e-16
0.0352706 -0.00145658 -1.96681e-16
0.0352685 -0.00145629 -1.9668e-16
0.0352664 -0.00145599 -1.9668e-16
0.0352642 -0.00145569 -1.96679e-16
0.035262 -0.00145538 -1.96679e-16
0.0352597 -0.00145507 -1.96678e-16
0.0352575 -0.00145475 -1.96677e-16
0.0352551 -0.00145443 -1.96677e-16
0.0352528 -0.0014541 -1.96676e-16
0.0352504 -0.00145376 -1.96675e-16
0.0352479 -0.00145342 -1.96675e-16
0.0352455 -0.00145308 -1.96674e-16
0.035243 -0.00145273 -1.96673e-16
0.0352404 -0.00145237 -1.96673e-16
0.0352378 -0.00145201 -1.96672e-16
0.0352352 -0.00145164 -1.96671e-16
0.0352326 -0.00145127 -1.9667e-16
0.0352299 -0.0014509 -1.96669e-16
0.0352272 -0.00145052 -1.96669e-16
0.0352245 -0.00145013 -1.96668e-16
0.0352217 -0.00144974 -1.96667e-16
0.0352189 -0.00144935 -1.96666e-16
0.0352161 -0.00144895 -1.96665e-16
0.0352132 -0.00144855 -1.96664e-16
0.0352103 -0.00144814 -1.96663e-16
0.0352074 -0.00144773 -1.96663e-16
0.0352045 -0.00144731 -1.96662e-16
0.0352015 -0.00144689 -1.96661e-16
0.0351985 -0.00144647 -1.9666e-16
0.0351955 -0.00144604 -1.96659e-16
0.0351925 -0.0014456 -1.96658e-16
0.0351894 -0.00144517 -1.96657e-16
0.0351863 -0.00144473 -1.96656e-16
0.0351832 -0.00144429 -1.96655e-16
0.0351801 -0.00144384 -1.96654e-16
0.0351769 -0.00144339 -1.96653e-16
0.0351737 -0.00144293 -1.96652e-16
0.0351705 -0.00144248 -1.96651e-16
0.0351673 -0.00144201 -1.9665e-16
0.0351641 -0.00144155 -1.96648e-16
0.0351608 -0.00144108 -1.96647e-16
0.0351575 -0.00144061 -1.96646e-16
0.0351542 -0.00144014 -1.96645e-16
0.0351509 -0.00143966 -1.96644e-16
0.0351476 -0.00143918 -1.96643e-16
0.0351442 -0.0014387 -1.96642e-16
0.0351409 -0.00143822 -1.96641e-16
0.0351375 -0.00143773 -1.96639e-16
0.0351341 -0.00143724 -1.96638e-16
0.0351307 -0.00143674 -1.96637e-16
0.0351273 -0.00143625 -1.96636e-16
0.0351238 -0.00143575 -1.96635e-16
0.0351204 -0.00143525 -1.96633e-16
0.0351169 -0.00143475 -1.96632e-16
0.0351135 -0.00143424 -1.96631e-16
0.03511 -0.00143374 -1.9663e-16
0.0351065 -0.00143323 -1.96629e-16
0.035103 -0.00143272 -1.96627e-16
0.0350995 -0.0014322 -1.96626e-16
0.035096 -0.00143169 -1.96625e-16
0.0350924 -0.00143117 -1.96623e-16
0.0350889 -0.00143066 -1.96622e-16
0.0350854 -0.00143014 -1.96621e-16
0.0350818 -0.00142961 -1.9662e-16
0.0350783 -0.00142909 -1.96618e-16
0.0350747 -0.00142857 -1.96617e-16
0.0350711 -0.00142804 -1.96616e-16
0.0350676 -0.00142751 -1.96614e-16
0.035064 -0.00142698 -1.96613e-16
0.0350604 -0.00142646 -1.96612e-16
0.0350568 -0.00142592 -1.9661e-16
0.0350532 -0.00142539 -1.96609e-16
0.0350496 -0.00142486 -1.96608e-16
0.035046 -0.00142433 -1.96606e-16
0.0350424 -0.00142379 -1.96605e-16
0.0350389 -0.00142325 -1.96604e-16
0.0350353 -0.00142272 -1.96602e-16
0.0350316 -0.00142218 -1.96601e-16
0.035028 -0.00142164 -1.966e-16
0.0350244 -0.0014211 -1.96598e-16
0.0350208 -0.00142056 -1.96597e-16
0.0350172 -0.00142002 -1.96596e-16
0.0350136 -0.00141948 -1.96594e-16
0.03501 -0.00141894 -1.96593e-16
0.0350064 -0.00141839 -1.96591e-16
0.0350028 -0.00141785 -1.9659e-16
0.0349992 -0.00141731 -1.96589e-16
0.0349956 -0.00141676 -1.96587e-16
0.034992 -0.00141622 -1.96586e-16
0.0349884 -0.00141567 -1.96584e-16
0.0349848 -0.00141513 -1.96583e-16
0.0349812 -0.00141458 -1.96582e-16
0.0349776 -0.00141403 -1.9658e-16
0.034974 -0.00141349 -1.96579e-16
0.0349704 -0.00141294 -1.96577e-16
0.0349668 -0.00141239 -1.96576e-16
0.0349633 -0.00141185 -1.96575e-16
0.0349597 -0.0014113 -1.96573e-16
0.0349561 -0.00141075 -1.96572e-16
0.0349525 -0.00141021 -1.9657e-16
0.034949 -0.00140966 -1.96569e-16
0.0349454 -0.00140911 -1.96568e-16
0.0349419 -0.00140857 -1.96566e-16
0.0349383 -0.00140802 -1.96565e-16
0.0349348 -0.00140747 -1.96563e-16
0.0349312 -0.00140693 -1.96562e-16
0.0349277 -0.00140638 -1.9656e-16
0.0349242 -0.00140584 -1.96559e-16
0.0349207 -0.00140529 -1.96558e-16
0.0349171 -0.00140475 -1.96556e-16
0.0349136 -0.0014042 -1.96555e-16
0.0349102 -0.00140366 -1.96553e-16
0.0349067 -0.00140312 -1.96552e-16
0.0349032 -0.00140258 -1.96551e-16
0.0348997 -0.00140203 -1.96549e-16
0.0348962 -0.00140149 -1.96548e-16
0.0348928 -0.00140095 -1.96546e-16
0.0348893 -0.00140041 -1.96545e-16
0.0348859 -0.00139987 -1.96544e-16
0.0348824 -0.00139933 -1.96542e-16
0.034879 -0.00139879 -1.96541e-16
0.0348756 -0.00139826 -1.96539e-16
0.0348722 -0.00139772 -1.96538e-16
0.0348687 -0.00139718 -1.96537e-16
0.0348653 -0.00139664 -1.96535e-16
0.0348619 -0.00139611 -1.96534e-16
0.0348585 -0.00139557 -1.96532e-16
0.0348551 -0.00139503 -1.96531e-16
0.0348517 -0.0013945 -1.9653e-16
0.0348483 -0.00139396 -1.96528e-16
0.034845 -0.00139343 -1.96527e-16
0.0348416 -0.00139289 -1.96525e-16
0.0348382 -0.00139236 -1.96524e-16
0.0348349 -0.00139183 -1.96523e-16
0.0348315 -0.00139129 -1.96521e-16
0.0348281 -0.00139076 -1.9652e-16
0.0348248 -0.00139023 -1.96518e-16
0.0348214 -0.00138969 -1.96517e-16
0.0348181 -0.00138916 -1.96516e-16
0.0348147 -0.00138863 -1.96514e-16
0.0348114 -0.0013881 -1.96513e-16
0.0348081 -0.00138757 -1.96512e-16
0.0348047 -0.00138703 -1.9651e-16
0.0348014 -0.0013865 -1.96509e-16
0.0347981 -0.00138597 -1.96508e-16
0.0347947 -0.00138544 -1.96506e-16
0.0347914 -0.00138491 -1.96505e-16
0.0347881 -0.00138438 -1.96503e-16
0.0347848 -0.00138385 -1.96502e-16
0.0347814 -0.00138332 -1.96501e-16
0.0347781 -0.00138279 -1.96499e-16
0.0347748 -0.00138225 -1.96498e-16
0.0347715 -0.00138172 -1.96497e-16
0.0347681 -0.00138119 -1.96495e-16
0.0347648 -0.00138066 -1.96494e-16
0.0347615 -0.00138013 -1.96493e-16
0.0347582 -0.0013796 -1.96491e-16
0.0347549 -0.00137907 -1.9649e-16
0.0347515 -0.00137854 -1.96489e-16
0.0347482 -0.00137801 -1.96487e-16
0.0347449 -0.00137748 -1.96486e-16
0.0347416 -0.00137695 -1.96484e-16
0.0347383 -0.00137641 -1.96483e-16
0.034735 -0.00137588 -1.96482e-16
0.0347316 -0.00137535 -1.9648e-16
0.0347283 -0.00137482 -1.96479e-16
0.034725 -0.00137429 -1.96478e-16
0.0347217 -0.00137376 -1.96476e-16
0.0347184 -0.00137323 -1.96475e-16
0.034715 -0.0013727 -1.96474e-16
0.0347117 -0.00137217 -1.96472e-16
0.0347084 -0.00137164 -1.96471e-16
0.0347051 -0.00137111 -1.9647e-16
0.0347018 -0.00137057 -1.96468e-16
0.0346984 -0.00137004 -1.96467e-16
0.0346951 -0.00136951 -1.96466e-16
0.0346918 -0.00136898 -1.96464e-16
0.0346884 -0.00136845 -1.96463e-16
0.0346851 -0.00136792 -1.96462e-16
0.0346818 -0.00136739 -1.9646e-16
0.0346784 -0.00136685 -1.96459e-16
0.0346751 -0.00136632 -1.96458e-16
0.0346717 -0.00136579 -1.96457e-16
0.0346684 -0.00136526 -1.96455e-16
0.034665 -0.00136472 -1.96454e-16
0.0346617 -0.00136419 -1.96453e-16
0.0346583 -0.00136365 -1.96451e-16
0.0346549 -0.00136312 -1.9645e-16
0.0346516 -0.00136258 -1.96449e-16
0.0346482 -0.00136205 -1.96447e-16
0.0346448 -0.00136151 -1.96446e-16
0.0346414 -0.00136098 -1.96445e-16
0.034638 -0.00136044 -1.96443e-16
0.0346346 -0.0013599 -1.96442e-16
0.0346312 -0.00135936 -1.96441e-16
0.0346278 -0.00135883 -1.96439e-16
0.0346244 -0.00135829 -1.96438e-16
0.034621 -0.00135775 -1.96437e-16
0.0346176 -0.00135721 -1.96436e-16
0.0346141 -0.00135667 -1.96434e-16
0.0346107 -0.00135613 -1.96433e-16
0.0346073 -0.00135558 -1.96432e-16
0.0346038 -0.00135504 -1.9643e-16
0.0346004 -0.0013545 -1.96429e-16
0.0345969 -0.00135396 -1.96428e-16
0.0345934 -0.00135341 -1.96426e-16
0.03459 -0.00135287 -1.96425e-16
0.0345865 -0.00135232 -1.96424e-16
0.034583 -0.00135178 -1.96423e-16
0.0345795 -0.00135123 -1.96421e-16
0.034576 -0.00135069 -1.9642e-16
0.0345725 -0.00135014 -1.96419e-16
0.034569 -0.00134959 -1.96417e-16
0.0345655 -0.00134905 -1.96416e-16
0.034562 -0.0013485 -1.96415e-16
0.0345584 -0.00134795 -1.96413e-16
0.0345549 -0.0013474 -1.96412e-16
0.0345514 -0.00134685 -1.96411e-16
0.0345478 -0.0013463 -1.9641e-16
0.0345443 -0.00134575 -1.96408e-16
0.0345408 -0.0013452 -1.96407e-16
0.0345372 -0.00134465 -1.96406e-16
0.0345337 -0.0013441 -1.96404e-16
0.0345301 -0.00134355 -1.96403e-16
0.0345265 -0.001343 -1.96402e-16
0.034523 -0.00134245 -1.96401e-16
0.0345194 -0.0013419 -1.96399e-16
0.0345159 -0.00134135 -1.96398e-16
0.0345123 -0.0013408 -1.96397e-16
0.0345087 -0.00134025 -1.96395e-16
0.0345052 -0.0013397 -1.96394e-16
0.0345016 -0.00133915 -1.96393e-16
0.034498 -0.00133861 -1.96392e-16
0.0344944 -0.00133806 -1.9639e-16
0.0344909 -0.00133751 -1.96389e-16
0.0344873 -0.00133696 -1.96388e-16
0.0344837 -0.00133641 -1.96387e-16
0.0344802 -0.00133586 -1.96385e-16
0.0344766 -0.00133532 -1.96384e-16
0.034473 -0.00133477 -1.96383e-16
0.0344695 -0.00133422 -1.96382e-16
0.0344659 -0.00133368 -1.9638e-16
0.0344623 -0.00133313 -1.96379e-16
0.0344588 -0.00133259 -1.96378e-16
0.0344552 -0.00133204 -1.96377e-16
0.0344516 -0.0013315 -1.96375e-16
0.0344481 -0.00133096 -1.96374e-16
0.0344445 -0.00133041 -1.96373e-16
0.034441 -0.00132987 -1.96372e-16
0.0344375 -0.00132933 -1.96371e-16
0.0344339 -0.00132879 -1.96369e-16
0.0344304 -0.00132826 -1.96368e-16
0.0344269 -0.00132772 -1.96367e-16
0.0344233 -0.00132718 -1.96366e-16
0.0344198 -0.00132665 -1.96364e-16
0.0344163 -0.00132611 -1.96363e-16
0.0344128 -0.00132558 -1.96362e-16
0.0344093 -0.00132505 -1.96361e-16
0.0344058 -0.00132452 -1.9636e-16
0.0344023 -0.00132399 -1.96359e-16
0.0343989 -0.00132347 -1.96357e-16
0.0343954 -0.00132294 -1.96356e-16
0.034392 -0.00132242 -1.96355e-16
0.0343885 -0.0013219 -1.96354e-16
0.0343851 -0.00132138 -1.96353e-16
0.0343817 -0.00132086 -1.96352e-16
0.0343783 -0.00132034 -1.96351e-16
0.0343749 -0.00131983 -1.96349e-16
0.0343715 -0.00131932 -1.96348e-16
0.0343682 -0.00131881 -1.96347e-16
0.0343648 -0.0013183 -1.96346e-16
0.0343615 -0.0013178 -1.96345e-16
0.0343582 -0.00131729 -1.96344e-16
0.0343549 -0.00131679 -1.96343e-16
0.0343516 -0.0013163 -1.96342e-16
0.0343483 -0.0013158 -1.96341e-16
0.0343451 -0.00131531 -1.9634e-16
0.0343419 -0.00131482 -1.96339e-16
0.0343386 -0.00131433 -1.96337e-16
0.0343354 -0.00131384 -1.96336e-16
0.0343322 -0.00131336 -1.96335e-16
0.0343291 -0.00131288 -1.96334e-16
0.0343259 -0.0013124 -1.96333e-16
0.0343228 -0.00131193 -1.96332e-16
0.0343197 -0.00131146 -1.96331e-16
0.0343166 -0.00131099 -1.9633e-16
0.0343135 -0.00131052 -1.96329e-16
0.0343104 -0.00131006 -1.96329e-16
0.0343074 -0.0013096 -1.96328e-16
0.0343044 -0.00130914 -1.96327e-16
0.0343014 -0.00130868 -1.96326e-16
0.0342984 -0.00130823 -1.96325e-16
0.0342954 -0.00130778 -1.96324e-16
0.0342925 -0.00130734 -1.96323e-16
0.0342896 -0.00130689 -1.96322e-16
0.0342867 -0.00130646 -1.96321e-16
0.0342838 -0.00130602 -1.9632e-16
0.0342809 -0.00130559 -1.96319e-16
0.0342781 -0.00130516 -1.96319e-16
0.0342753 -0.00130473 -1.96318e-16
0.0342725 -0.00130431 -1.96317e-16
0.0342697 -0.00130389 -1.96316e-16
0.034267 -0.00130347 -1.96315e-16
0.0342643 -0.00130306 -1.96314e-16
0.0342616 -0.00130265 -1.96314e-16
0.0342589 -0.00130224 -1.96313e-16
0.0342562 -0.00130184 -1.96312e-16
0.0342536 -0.00130144 -1.96311e-16
0.034251 -0.00130104 -1.9631e-16
0.0342484 -0.00130065 -1.9631e-16
0.0342459 -0.00130026 -1.96309e-16
0.0342433 -0.00129987 -1.96308e-16
0.0342408 -0.00129949 -1.96308e-16
0.0342384 -0.00129911 -1.96307e-16
0.0342359 -0.00129874 -1.96306e-16
0.0342335 -0.00129837 -1.96305e-16
0.0342311 -0.001298 -1.96305e-16
0.0342287 -0.00129764 -1.96304e-16
0.0342263 -0.00129728 -1.96304e-16
0.034224 -0.00129692 -1.96303e-16
0.0342217 -0.00129657 -1.96302e-16
0.0342194 -0.00129622 -1.96302e-16
0.0342172 -0.00129588 -1.96301e-16
0.0342149 -0.00129554 -1.963e-16
0.0342127 -0.0012952 -1.963e-16
0.0342105 -0.00129487 -1.96299e-16
0.0342084 -0.00129454 -1.96299e-16
0.0342063 -0.00129421 -1.96298e-16
0.0342042 -0.00129389 -1.96298e-16
0.0342021 -0.00129357 -1.96297e-16
0.0342001 -0.00129326 -1.96297e-16
0.034198 -0.00129295 -1.96296e-16
0.034196 -0.00129264 -1.96296e-16
0.0341941 -0.00129234 -1.96295e-16
0.0341921 -0.00129204 -1.96295e-16
0.0341902 -0.00129175 -1.96294e-16
0.0341883 -0.00129145 -1.96294e-16
0.0341864 -0.00129116 -1.96293e-16
0.0341846 -0.00129088 -1.96293e-16
0.0341827 -0.0012906 -1.96293e-16
0.0341809 -0.00129032 -1.96292e-16
0.0341791 -0.00129004 -1.96292e-16
0.0341773 -0.00128977 -1.96291e-16
0.0341756 -0.0012895 -1.96291e-16
0.0341739 -0.00128924 -1.96291e-16
0.0341722 -0.00128898 -1.9629e-16
0.0341705 -0.00128872 -1.9629e-16
0.0341688 -0.00128846 -1.9629e-16
0.0341672 -0.00128821 -1.96289e-16
0.0341656 -0.00128796 -1.96289e-16
0.034164 -0.00128771 -1.96289e-16
0.0341624 -0.00128747 -1.96288e-16
0.0341608 -0.00128723 -1.96288e-16
0.0341593 -0.00128699 -1.96288e-16
0.0341577 -0.00128676 -1.96288e-16
0.0341562 -0.00128652 -1.96287e-16
0.0341548 -0.0012863 -1.96287e-16
0.0341533 -0.00128607 -1.96287e-16
0.0341518 -0.00128585 -1.96287e-16
0.0341504 -0.00128562 -1.96286e-16
0.034149 -0.00128541 -1.96286e-16
0.0341476 -0.00128519 -1.96286e-16
0.0341462 -0.00128498 -1.96286e-16
0.0341448 -0.00128477 -1.96285e-16
0.0341435 -0.00128456 -1.96285e-16
0.0341421 -0.00128435 -1.96285e-16
0.0341408 -0.00128415 -1.96285e-16
0.0341395 -0.00128395 -1.96285e-16
0.0341382 -0.00128375 -1.96285e-16
0.034137 -0.00128356 -1.96284e-16
0.0341357 -0.00128336 -1.96284e-16
0.0341345 -0.00128317 -1.96284e-16
0.0341332 -0.00128298 -1.96284e-16
0.034132 -0.00128279 -1.96284e-16
0.0341308 -0.00128261 -1.96284e-16
0.0341296 -0.00128243 -1.96284e-16
0.0341284 -0.00128225 -1.96284e-16
0.0341273 -0.00128207 -1.96283e-16
0.0341261 -0.00128189 -1.96283e-16
0.034125 -0.00128171 -1.96283e-16
0.0341238 -0.00128154 -1.96283e-16
0.0341227 -0.00128137 -1.96283e-16
0.0341216 -0.0012812 -1.96283e-16
0.0341205 -0.00128103 -1.96283e-16
0.0341194 -0.00128086 -1.96283e-16
0.0341183 -0.0012807 -1.96283e-16
0.0341173 -0.00128053 -1.96283e-16
0.0341162 -0.00128037 -1.96283e-16
0.0341151 -0.00128021 -1.96283e-16
0.0341141 -0.00128005 -1.96283e-16
0.0341131 -0.00127989 -1.96283e-16
0.034112 -0.00127973 -1.96283e-16
0.034111 -0.00127958 -1.96283e-16
0.03411 -0.00127942 -1.96282e-16
0.034109 -0.00127927 -1.96282e-16
0.034108 -0.00127912 -1.96282e-16
0.034107 -0.00127897 -1.96282e-16
0.034106 -0.00127882 -1.96282e-16
0.034105 -0.00127867 -1.96282e-16
0.034104 -0.00127852 -1.96282e-16
0.0341031 -0.00127837 -1.96282e-16
0.0341021 -0.00127823 -1.96282e-16
0.0341011 -0.00127808 -1.96282e-16
0.0341002 -0.00127794 -1.96282e-16
0.0340992 -0.0012778 -1.96282e-16
0.0340983 -0.00127766 -1.96282e-16
0.0340974 -0.00127751 -1.96282e-16
0.0340964 -0.00127738 -1.96282e-16
0.0340955 -0.00127724 -1.96282e-16
0.0340946 -0.0012771 -1.96282e-16
0.0340937 -0.00127696 -1.96282e-16
0.0340928 -0.00127682 -1.96282e-16
0.0340919 -0.00127669 -1.96282e-16
0.034091 -0.00127655 -1.96282e-16
0.0340901 -0.00127642 -1.96282e-16
0.0340892 -0.00127629 -1.96282e-16
0.0340883 -0.00127615 -1.96282e-16
0.0340874 -0.00127602 -1.96282e-16
0.0340865 -0.00127589 -1.96282e-16
0.0340857 -0.00127576 -1.96283e-16
0.0340848 -0.00127563 -1.96283e-16
0.0340839 -0.00127549 -1.96283e-16
0.0340831 -0.00127536 -1.96283e-16
0.0340822 -0.00127524 -1.96283e-16
0.0340813 -0.00127511 -1.96283e-16
0.0340805 -0.00127498 -1.96283e-16
0.0340796 -0.00127485 -1.96283e-16
0.0340788 -0.00127472 -1.96283e-16
0.0340779 -0.00127459 -1.96283e-16
0.0340771 -0.00127447 -1.96283e-16
0.0340762 -0.00127434 -1.96283e-16
0.0340754 -0.00127421 -1.96283e-16
0.0340745 -0.00127408 -1.96283e-16
0.0340737 -0.00127396 -1.96283e-16
0.0340728 -0.00127383 -1.96283e-16
0.034072 -0.00127371 -1.96283e-16
0.0340712 -0.00127358 -1.96283e-16
0.0340703 -0.00127345 -1.96283e-16
0.0340695 -0.00127333 -1.96283e-16
0.0340687 -0.0012732 -1.96283e-16
0.0340678 -0.00127308 -1.96283e-16
0.034067 -0.00127295 -1.96283e-16
0.0340662 -0.00127283 -1.96283e-16
0.0340653 -0.0012727 -1.96283e-16
0.0340645 -0.00127258 -1.96283e-16
0.0340637 -0.00127245 -1.96283e-16
0.0340629 -0.00127233 -1.96283e-16
0.034062 -0.0012722 -1.96283e-16
0.0340612 -0.00127208 -1.96283e-16
0.0340604 -0.00127195 -1.96283e-16
0.0340596 -0.00127183 -1.96283e-16
0.0340588 -0.0012717 -1.96283e-16
0.0340579 -0.00127158 -1.96283e-16
0.0340571 -0.00127145 -1.96283e-16
0.0340563 -0.00127133 -1.96282e-16
0.0340555 -0.0012712 -1.96282e-16
0.0340547 -0.00127107 -1.96282e-16
0.0340538 -0.00127095 -1.96282e-16
0.034053 -0.00127082 -1.96282e-16
0.0340522 -0.00127069 -1.96282e-16
0.0340514 -0.00127057 -1.96282e-16
0.0340505 -0.00127044 -1.96282e-16
0.0340497 -0.00127031 -1.96282e-16
0.0340488 -0.00127018 -1.96282e-16
0.034048 -0.00127005 -1.96282e-16
0.0340471 -0.00126992 -1.96282e-16
0.0340463 -0.00126978 -1.96282e-16
0.0340454 -0.00126965 -1.96282e-16
0.0340446 -0.00126952 -1.96282e-16
0.0340437 -0.00126938 -1.96282e-16
0.0340428 -0.00126925 -1.96281e-16
0.0340419 -0.00126911 -1.96281e-16
0.0340411 -0.00126897 -1.96281e-16
0.0340402 -0.00126883 -1.96281e-16
0.0340393 -0.00126869 -1.96281e-16
0.0340383 -0.00126855 -1.96281e-16
0.0340374 -0.00126841 -1.96281e-16
0.0340365 -0.00126827 -1.96281e-16
0.0340356 -0.00126812 -1.9628e-16
0.0340346 -0.00126798 -1.9628e-16
0.0340337 -0.00126783 -1.9628e-16
0.0340328 -0.00126768 -1.9628e-16
0.0340318 -0.00126753 -1.9628e-16
0.0340308 -0.00126738 -1.9628e-16
0.0340299 -0.00126723 -1.96279e-16
0.0340289 -0.00126707 -1.96279e-16
0.0340279 -0.00126692 -1.96279e-16
0.0340269 -0.00126676 -1.96279e-16
0.0340259 -0.00126661 -1.96279e-16
0.0340249 -0.00126645 -1.96278e-16
0.0340238 -0.00126629 -1.96278e-16
0.0340228 -0.00126613 -1.96278e-16
0.0340218 -0.00126596 -1.96278e-16
0.0340207 -0.0012658 -1.96277e-16
0.0340197 -0.00126563 -1.96277e-16
0.0340186 -0.00126546 -1.96277e-16
0.0340175 -0.00126529 -1.96276e-16
0.0340164 -0.00126512 -1.96276e-16
0.0340153 -0.00126495 -1.96276e-16
0.0340142 -0.00126477 -1.96276e-16
0.0340131 -0.0012646 -1.96275e-16
0.0340119 -0.00126442 -1.96275e-16
0.0340108 -0.00126424 -1.96275e-16
0.0340096 -0.00126405 -1.96274e-16
0.0340084 -0.00126387 -1.96274e-16
0.0340072 -0.00126368 -1.96274e-16
0.034006 -0.00126349 -1.96273e-16
0.0340048 -0.0012633 -1.96273e-16
0.0340035 -0.00126311 -1.96273e-16
0.0340023 -0.00126291 -1.96272e-16
0.034001 -0.00126271 -1.96272e-16
0.0339997 -0.00126251 -1.96271e-16
0.0339984 -0.00126231 -1.96271e-16
0.0339971 -0.0012621 -1.9627e-16
0.0339957 -0.00126189 -1.9627e-16
0.0339944 -0.00126168 -1.9627e-16
0.033993 -0.00126146 -1.96269e-16
0.0339916 -0.00126125 -1.96269e-16
0.0339902 -0.00126103 -1.96268e-16
0.0339888 -0.00126081 -1.96268e-16
0.0339873 -0.00126058 -1.96267e-16
0.0339859 -0.00126035 -1.96267e-16
0.0339844 -0.00126012 -1.96266e-16
0.0339829 -0.00125989 -1.96266e-16
0.0339813 -0.00125966 -1.96265e-16
0.0339798 -0.00125942 -1.96264e-16
0.0339782 -0.00125918 -1.96264e-16
0.0339766 -0.00125893 -1.96263e-16
0.033975 -0.00125868 -1.96263e-16
0.0339734 -0.00125843 -1.96262e-16
0.0339718 -0.00125818 -1.96261e-16
0.0339701 -0.00125792 -1.96261e-16
0.0339684 -0.00125767 -1.9626e-16
0.0339667 -0.00125741 -1.9626e-16
0.033965 -0.00125714 -1.96259e-16
0.0339633 -0.00125688 -1.96258e-16
0.0339616 -0.00125661 -1.96257e-16
0.0339598 -0.00125634 -1.96257e-16
0.033958 -0.00125606 -1.96256e-16
0.0339562 -0.00125578 -1.96255e-16
0.0339544 -0.0012555 -1.96255e-16
0.0339525 -0.00125522 -1.96254e-16
0.0339506 -0.00125493 -1.96253e-16
0.0339487 -0.00125464 -1.96252e-16
0.0339468 -0.00125434 -1.96251e-16
0.0339448 -0.00125404 -1.96251e-16
0.0339428 -0.00125374 -1.9625e-16
0.0339408 -0.00125344 -1.96249e-16
0.0339388 -0.00125313 -1.96248e-16
0.0339368 -0.00125282 -1.96247e-16
0.0339347 -0.0012525 -1.96246e-16
0.0339326 -0.00125219 -1.96246e-16
0.0339305 -0.00125186 -1.96245e-16
0.0339283 -0.00125154 -1.96244e-16
0.0339262 -0.00125121 -1.96243e-16
0.033924 -0.00125088 -1.96242e-16
0.0339217 -0.00125054 -1.96241e-16
0.0339195 -0.0012502 -1.9624e-16
0.0339172 -0.00124986 -1.96239e-16
0.0339149 -0.00124952 -1.96238e-16
0.0339126 -0.00124917 -1.96237e-16
0.0339102 -0.00124881 -1.96236e-16
0.0339078 -0.00124846 -1.96235e-16
0.0339054 -0.0012481 -1.96234e-16
0.033903 -0.00124773 -1.96233e-16
0.0339006 -0.00124736 -1.96232e-16
0.0338981 -0.00124699 -1.96231e-16
0.0338956 -0.00124662 -1.9623e-16
0.033893 -0.00124624 -1.96228e-16
0.0338905 -0.00124586 -1.96227e-16
0.0338879 -0.00124547 -1.96226e-16
0.0338853 -0.00124508 -1.96225e-16
0.0338826 -0.00124469 -1.96224e-16
0.0338799 -0.00124429 -1.96223e-16
0.0338772 -0.00124389 -1.96222e-16
0.0338745 -0.00124349 -1.9622e-16
0.0338718 -0.00124308 -1.96219e-16
0.033869 -0.00124267 -1.96218e-16
0.0338662 -0.00124226 -1.96217e-16
0.0338634 -0.00124184 -1.96215e-16
0.0338605 -0.00124142 -1.96214e-16
0.0338577 -0.001241 -1.96213e-16
0.0338548 -0.00124057 -1.96212e-16
0.0338518 -0.00124014 -1.9621e-16
0.0338489 -0.00123971 -1.96209e-16
0.0338459 -0.00123927 -1.96208e-16
0.0338429 -0.00123883 -1.96206e-16
0.0338399 -0.00123839 -1.96205e-16
0.0338369 -0.00123794 -1.96204e-16
0.0338338 -0.00123749 -1.96202e-16
0.0338307 -0.00123704 -1.96201e-16
0.0338276 -0.00123658 -1.962e-16
0.0338245 -0.00123613 -1.96198e-16
0.0338214 -0.00123567 -1.96197e-16
0.0338182 -0.0012352 -1.96195e-16
0.033815 -0.00123473 -1.96194e-16
0.0338118 -0.00123427 -1.96192e-16
0.0338086 -0.00123379 -1.96191e-16
0.0338053 -0.00123332 -1.96175e-16
0.0338021 -0.00123285 -1.96157e-16
0.0337988 -0.00123238 -1.96193e-16
0.0337955 -0.0012319 -1.96173e-16
0.0337922 -0.00123142 -1.96181e-16
0.0337888 -0.00123094 -1.96173e-16
0.0337855 -0.00123046 -1.96178e-16
0.0337821 -0.00122997 -1.96167e-16
0.0337788 -0.00122949 -1.96155e-16
0.0337754 -0.001229 -1.96193e-16
0.0337719 -0.00122851 -1.96125e-16
0.0337685 -0.00122801 -1.96158e-16
0.0337651 -0.00122752 -1.96161e-16
0.0337616 -0.00122702 -1.96164e-16
0.0337582 -0.00122652 -1.96157e-16
0.0337548 -0.00122603 -1.96149e-16
0.0337515 -0.00122554 -1.96159e-16
0.0337482 -0.00122506 -1.96167e-16
0.0337449 -0.00122457 -1.96161e-16
0.0337416 -0.00122408 -1.96159e-16
0.0337383 -0.00122359 -1.96183e-16
0.033735 -0.0012231 -1.96124e-16
0.0337316 -0.0012226 -1.96146e-16
0.0337283 -0.00122211 -1.96123e-16
0.0337249 -0.00122161 -1.96131e-16
0.0337215 -0.00122111 -1.96125e-16
0.0337181 -0.00122061 -1.96135e-16
0.0337147 -0.00122011 -1.96117e-16
0.0337113 -0.00121961 -1.96106e-16
0.0337079 -0.0012191 -1.96121e-16
0.0337044 -0.0012186 -1.9611e-16
0.033701 -0.00121809 -1.9613e-16
0.0336976 -0.00121759 -1.96086e-16
0.0336941 -0.00121708 -1.96086e-16
0.0336906 -0.00121657 -1.96077e-16
0.0336872 -0.00121606 -1.96094e-16
0.0336837 -0.00121555 -1.96099e-16
0.0336802 -0.00121504 -1.96072e-16
0.0336767 -0.00121452 -1.96086e-16
0.0336732 -0.00121401 -1.96083e-16
0.0336697 -0.0012135 -1.9604e-16
0.0336662 -0.00121298 -1.96086e-16
0.0336627 -0.00121246 -1.96087e-16
0.0336592 -0.00121195 -1.96077e-16
0.0336556 -0.00121143 -1.96063e-16
0.0336521 -0.00121092 -1.96092e-16
0.0336486 -0.0012104 -1.96055e-16
0.0336451 -0.0012099 -1.95798e-16
0.0336416 -0.0012094 -1.95809e-16
0.0336381 -0.0012089 -1.9581e-16
0.0336346 -0.00120839 -1.95825e-16
0.0336311 -0.00120789 -1.95777e-16
0.0336276 -0.00120739 -1.95763e-16
0.0336241 -0.00120689 -1.95783e-16
0.0336206 -0.00120639 -1.95772e-16
0.0336171 -0.00120589 -1.95763e-16
0.0336137 -0.00120539 -1.95808e-16
0.0336102 -0.00120489 -1.95784e-16
0.0336067 -0.00120439 -1.95735e-16
0.0336032 -0.00120389 -1.95764e-16
0.0335997 -0.00120339 -1.95757e-16
0.0335962 -0.00120289 -1.95736e-16
0.0335927 -0.0012024 -1.95737e-16
0.0335893 -0.0012019 -1.95751e-16
0.0335858 -0.0012014 -1.95742e-16
0.0335823 -0.00120091 -1.95758e-16
0.0335789 -0.00120041 -1.95756e-16
0.0335754 -0.00119992 -1.95716e-16
0.033572 -0.00119942 -1.95728e-16
0.0335685 -0.00119893 -1.95734e-16
0.0335651 -0.00119844 -1.95711e-16
0.0335616 -0.00119795 -1.95734e-16
0.0335582 -0.00119746 -1.95699e-16
0.0335548 -0.00119697 -1.95703e-16
0.0335514 -0.00119648 -1.95695e-16
0.033548 -0.001196 -1.95702e-16
0.0335446 -0.00119551 -1.95725e-16
0.0335412 -0.00119503 -1.95664e-16
0.0335379 -0.00119455 -1.95702e-16
0.0335345 -0.00119407 -1.95664e-16
0.0335312 -0.00119359 -1.95646e-16
0.0335278 -0.00119311 -1.95649e-16
0.0335245 -0.00119263 -1.95638e-16
0.0335212 -0.00119216 -1.95634e-16
0.0335179 -0.00119169 -1.95647e-16
0.0335146 -0.00119122 -1.95652e-16
0.0335114 -0.00119075 -1.95624e-16
0.0335081 -0.00119028 -1.95598e-16
0.0335049 -0.00118982 -1.95605e-16
0.0335017 -0.00118935 -1.95576e-16
0.0334984 -0.00118889 -1.95582e-16
0.0334953 -0.00118843 -1.95562e-16
0.0334921 -0.00118798 -1.95591e-16
0.0334889 -0.00118752 -1.95551e-16
0.0334858 -0.00118707 -1.95516e-16
0.0334826 -0.00118662 -1.95571e-16
0.0334795 -0.00118618 -1.9558e-16
0.0334764 -0.00118573 -1.95576e-16
0.0334734 -0.00118529 -1.95537e-16
0.0334703 -0.00118485 -1.95562e-16
0.0334673 -0.00118441 -1.95545e-16
0.0334643 -0.00118398 -1.9555e-16
0.0334613 -0.00118355 -1.95505e-16
0.0334583 -0.00118312 -1.95497e-16
0.0334554 -0.00118269 -1.95534e-16
0.0334524 -0.00118227 -1.95513e-16
0.0334495 -0.00118185 -1.95484e-16
0.0334466 -0.00118144 -1.95487e-16
0.0334438 -0.00118102 -1.95487e-16
0.0334409 -0.00118061 -1.95519e-16
0.0334381 -0.0011802 -1.95501e-16
0.0334353 -0.0011798 -1.95486e-16
0.0334325 -0.0011794 -1.95497e-16
0.0334298 -0.001179 -1.95459e-16
0.0334271 -0.00117861 -1.95491e-16
0.0334244 -0.00117822 -1.95469e-16
0.0334217 -0.00117783 -1.95478e-16
0.0334191 -0.00117745 -1.95464e-16
0.0334165 -0.00117707 -1.95432e-16
0.0334139 -0.00117669 -1.95447e-16
0.0334113 -0.00117632 -1.95463e-16
0.0334088 -0.00117595 -1.95431e-16
0.0334063 -0.00117558 -1.95475e-16
0.0334038 -0.00117522 -1.9542e-16
0.0334013 -0.00117487 -1.9542e-16
0.0333989 -0.00117451 -1.95438e-16
0.0333965 -0.00117416 -1.95443e-16
0.0333942 -0.00117382 -1.95433e-16
0.0333918 -0.00117348 -1.95444e-16
0.0333895 -0.00117314 -1.95431e-16
0.0333873 -0.00117281 -1.95432e-16
0.033385 -0.00117248 -1.95388e-16
0.0333828 -0.00117216 -1.95401e-16
0.0333807 -0.00117185 -1.94795e-16
0.0333785 -0.00117154 -1.94749e-16
0.0333765 -0.00117124 -1.94771e-16
0.0333744 -0.00117095 -1.94747e-16
0.0333724 -0.00117065 -1.94741e-16
0.0333704 -0.00117037 -1.94738e-16
0.0333684 -0.00117008 -1.9473e-16
0.0333665 -0.00116981 -1.94716e-16
0.0333646 -0.00116954 -1.94719e-16
0.0333628 -0.00116928 -1.94724e-16
0.033361 -0.00116903 -1.94704e-16
0.0333593 -0.00116878 -1.94694e-16
0.0333575 -0.00116853 -1.94721e-16
0.0333558 -0.00116829 -1.94716e-16
0.0333542 -0.00116805 -1.94707e-16
0.0333525 -0.00116782 -1.9471e-16
0.0333509 -0.00116759 -1.94664e-16
0.0333494 -0.00116737 -1.94678e-16
0.0333478 -0.00116715 -1.94664e-16
0.0333463 -0.00116693 -1.94615e-16
0.0333449 -0.00116672 -1.94626e-16
0.0333434 -0.00116652 -1.94652e-16
0.033342 -0.00116632 -1.94647e-16
0.0333407 -0.00116612 -1.94648e-16
0.0333394 -0.00116593 -1.94627e-16
0.0333381 -0.00116574 -1.94611e-16
0.0333368 -0.00116556 -1.9461e-16
0.0333356 -0.00116538 -1.94634e-16
0.0333344 -0.00116521 -1.94596e-16
0.0333332 -0.00116504 -1.94587e-16
0.0333321 -0.00116488 -1.94568e-16
0.033331 -0.00116472 -1.94596e-16
0.0333299 -0.00116456 -1.9457e-16
0.0333289 -0.00116441 -1.94571e-16
0.0333279 -0.00116426 -1.94522e-16
0.0333269 -0.00116412 -1.94574e-16
0.033326 -0.00116399 -1.94535e-16
0.0333251 -0.00116385 -1.94561e-16
0.0333243 -0.00116373 -1.94549e-16
0.0333234 -0.0011636 -1.94579e-16
0.0333226 -0.00116348 -1.94562e-16
0.0333219 -0.00116337 -1.94548e-16
0.0333211 -0.00116326 -1.94543e-16
0.0333204 -0.00116316 -1.94535e-16
0.0333198 -0.00116306 -1.9456e-16
0.0333191 -0.00116296 -1.9454e-16
0.0333185 -0.00116287 -1.94541e-16
0.033318 -0.00116278 -1.94514e-16
0.0333174 -0.0011627 -1.94529e-16
0.0333169 -0.00116262 -1.94526e-16
0.0333165 -0.00116255 -1.94495e-16
0.033316 -0.00116248 -1.94514e-16
0.0333156 -0.00116242 -1.94527e-16
0.0333153 -0.00116236 -1.94558e-16
0.0333149 -0.0011623 -1.94517e-16
0.0333146 -0.00116225 -1.94475e-16
0.0333144 -0.00116221 -1.94501e-16
0.0333141 -0.00116217 -1.94498e-16
0.0333139 -0.00116213 -1.94495e-16
0.0333137 -0.0011621 -1.94518e-16
0.0333136 -0.00116207 -1.94479e-16
0.0333135 -0.00116205 -1.94511e-16
0.0333134 -0.00116203 -1.94457e-16
0.0333134 -0.00116201 -1.94476e-16
0.0333133 -0.001162 -1.9448e-16
0.0333133 -0.001162 -1.94481e-16
0.0333134 -0.001162 -1.94535e-16
0.0333135 -0.001162 -1.94474e-16
0.0333136 -0.00116201 -1.94504e-16
0.0333137 -0.00116202 -1.94452e-16
0.0333139 -0.00116204 -1.94452e-16
0.0333141 -0.00116206 -1.9447e-16
0.0333143 -0.00116209 -1.9447e-16
0.0333146 -0.00116212 -1.9447e-16
0.0333149 -0.00116215 -1.9447e-16
0.0333152 -0.0011622 -1.94469e-16
0.0333156 -0.00116224 -1.94469e-16
0.0333159 -0.00116229 -1.94469e-16
0.0333164 -0.00116235 -1.94469e-16
0.0333168 -0.00116241 -1.9447e-16
0.0333173 -0.00116248 -1.9447e-16
0.0333178 -0.00116255 -1.9447e-16
0.0333184 -0.00116262 -1.9447e-16
0.033319 -0.0011627 -1.9447e-16
0.0333196 -0.00116279 -1.9447e-16
0.0333202 -0.00116288 -1.9447e-16
0.0333209 -0.00116297 -1.9447e-16
0.0333216 -0.00116307 -1.9447e-16
0.0333223 -0.00116317 -1.94471e-16
0.0333231 -0.00116328 -1.94471e-16
0.0333239 -0.00116339 -1.94471e-16
0.0333247 -0.00116351 -1.94471e-16
0.0333256 -0.00116363 -1.94471e-16
0.0333265 -0.00116376 -1.94472e-16
0.0333274 -0.00116389 -1.94472e-16
0.0333283 -0.00116402 -1.94472e-16
0.0333293 -0.00116416 -1.94473e-16
0.0333303 -0.0011643 -1.94473e-16
0.0333313 -0.00116445 -1.94473e-16
0.0333324 -0.00116461 -1.94474e-16
0.0333334 -0.00116476 -1.94474e-16
0.0333345 -0.00116492 -1.94474e-16
0.0333357 -0.00116509 -1.94475e-16
0.0333368 -0.00116526 -1.94475e-16
0.033338 -0.00116543 -1.94476e-16
0.0333393 -0.00116561 -1.94476e-16
0.0333405 -0.00116579 -1.94477e-16
0.0333418 -0.00116598 -1.94477e-16
0.0333431 -0.00116617 -1.94478e-16
0.0333444 -0.00116637 -1.94478e-16
0.0333458 -0.00116656 -1.94479e-16
0.0333471 -0.00116677 -1.94479e-16
0.0333485 -0.00116697 -1.9448e-16
0.03335 -0.00116719 -1.9448e-16
0.0333514 -0.0011674 -1.94481e-16
0.0333529 -0.00116762 -1.94481e-16
0.0333544 -0.00116784 -1.94482e-16
0.033356 -0.00116807 -1.94483e-16
0.0333575 -0.0011683 -1.94483e-16
0.0333591 -0.00116854 -1.94484e-16
0.0333607 -0.00116878 -1.94485e-16
0.0333624 -0.00116902 -1.94485e-16
0.033364 -0.00116927 -1.94486e-16
0.0333657 -0.00116952 -1.94487e-16
0.0333674 -0.00116977 -1.94487e-16
0.0333692 -0.00117003 -1.94488e-16
0.0333709 -0.00117029 -1.94489e-16
0.0333727 -0.00117056 -1.9449e-16
0.0333745 -0.00117083 -1.9449e-16
0.0333763 -0.0011711 -1.94491e-16
0.0333782 -0.00117138 -1.94492e-16
0.0333801 -0.00117166 -1.94493e-16
0.033382 -0.00117195 -1.94494e-16
0.0333839 -0.00117224 -1.94494e-16
0.0333859 -0.00117253 -1.94495e-16
0.0333879 -0.00117283 -1.94496e-16
0.0333899 -0.00117313 -1.94497e-16
0.0333919 -0.00117343 -1.94498e-16
0.033394 -0.00117374 -1.94499e-16
0.033396 -0.00117405 -1.945e-16
0.0333981 -0.00117436 -1.94501e-16
0.0334003 -0.00117468 -1.94501e-16
0.0334024 -0.001175 -1.94502e-16
0.0334046 -0.00117533 -1.94503e-16
0.0334068 -0.00117566 -1.94504e-16
0.033409 -0.00117599 -1.94505e-16
0.0334113 -0.00117633 -1.94506e-16
0.0334135 -0.00117667 -1.94507e-16
0.0334158 -0.00117701 -1.94508e-16
0.0334181 -0.00117736 -1.94509e-16
0.0334205 -0.00117771 -1.9451e-16
0.0334228 -0.00117806 -1.94511e-16
0.0334252 -0.00117842 -1.94513e-16
0.0334276 -0.00117878 -1.94514e-16
0.0334301 -0.00117915 -1.94515e-16
0.0334325 -0.00117952 -1.94516e-16
0.033435 -0.00117989 -1.94517e-16
0.0334375 -0.00118027 -1.94518e-16
0.03344 -0.00118064 -1.94519e-16
0.0334426 -0.00118103 -1.9452e-16
0.0334452 -0.00118141 -1.94522e-16
0.0334477 -0.0011818 -1.94523e-16
0.0334504 -0.0011822 -1.94524e-16
0.033453 -0.00118259 -1.94525e-16
0.0334557 -0.00118299 -1.94526e-16
0.0334584 -0.0011834 -1.94527e-16
0.0334611 -0.0011838 -1.94529e-16
0.0334638 -0.00118421 -1.9453e-16
0.0334666 -0.00118463 -1.94531e-16
0.0334694 -0.00118505 -1.94532e-16
0.0334722 -0.00118547 -1.94534e-16
0.033475 -0.00118589 -1.94535e-16
0.0334779 -0.00118632 -1.94536e-16
0.0334808 -0.00118675 -1.94538e-16
0.0334837 -0.00118719 -1.94539e-16
0.0334866 -0.00118763 -1.9454e-16
0.0334896 -0.00118807 -1.94542e-16
0.0334926 -0.00118852 -1.94543e-16
0.0334956 -0.00118897 -1.94544e-16
0.0334986 -0.00118942 -1.94546e-16
0.0335017 -0.00118988 -1.94547e-16
0.0335048 -0.00119034 -1.94548e-16
0.0335079 -0.0011908 -1.9455e-16
0.033511 -0.00119127 -1.94551e-16
0.0335142 -0.00119175 -1.94553e-16
0.0335174 -0.00119222 -1.94554e-16
0.0335206 -0.0011927 -1.94556e-16
0.0335238 -0.00119318 -1.94557e-16
0.0335271 -0.00119367 -1.94558e-16
0.0335304 -0.00119416 -1.9456e-16
0.0335337 -0.00119465 -1.94561e-16
0.033537 -0.00119515 -1.94563e-16
0.0335404 -0.00119565 -1.94564e-16
0.0335438 -0.00119616 -1.94566e-16
0.0335472 -0.00119667 -1.94568e-16
0.0335507 -0.00119718 -1.94569e-16
0.0335542 -0.0011977 -1.94571e-16
0.0335577 -0.00119822 -1.94572e-16
0.0335612 -0.00119874 -1.94574e-16
0.0335647 -0.00119927 -1.94575e-16
0.0335683 -0.0011998 -1.94577e-16
0.0335719 -0.00120034 -1.94579e-16
0.0335756 -0.00120088 -1.9458e-16
0.0335792 -0.00120142 -1.94582e-16
0.0335829 -0.00120197 -1.94583e-16
0.0335866 -0.00120252 -1.94585e-16
0.0335904 -0.00120307 -1.94587e-16
0.0335941 -0.00120363 -1.94588e-16
0.0335979 -0.00120419 -1.9459e-16
0.0336018 -0.00120476 -1.94592e-16
0.0336056 -0.00120533 -1.94593e-16
0.0336095 -0.0012059 -1.94595e-16
0.0336134 -0.00120648 -1.94597e-16
0.0336173 -0.00120706 -1.94599e-16
0.0336213 -0.00120765 -1.946e-16
0.0336253 -0.00120824 -1.94602e-16
0.0336293 -0.00120883 -1.94604e-16
0.0336333 -0.00120942 -1.94606e-16
0.0336374 -0.00121003 -1.94607e-16
0.0336415 -0.00121063 -1.94609e-16
0.0336456 -0.00121124 -1.94611e-16
0.0336498 -0.00121185 -1.94613e-16
0.033654 -0.00121247 -1.94615e-16
0.0336582 -0.00121309 -1.94617e-16
0.0336625 -0.00121371 -1.94618e-16
0.0336667 -0.00121434 -1.9462e-16
0.033671 -0.00121497 -1.94622e-16
0.0336754 -0.00121561 -1.94624e-16
0.0336797 -0.00121625 -1.94626e-16
0.0336841 -0.00121689 -1.94628e-16
0.0336885 -0.00121754 -1.9463e-16
0.033693 -0.00121819 -1.94632e-16
0.0336974 -0.00121885 -1.94633e-16
0.0337019 -0.00121951 -1.94635e-16
0.0337065 -0.00122017 -1.94637e-16
0.033711 -0.00122084 -1.94639e-16
0.0337156 -0.00122151 -1.94641e-16
0.0337202 -0.00122219 -1.94643e-16
0.0337249 -0.00122287 -1.94645e-16
0.0337295 -0.00122355 -1.94647e-16
0.0337342 -0.00122424 -1.94649e-16
0.033739 -0.00122493 -1.94651e-16
0.0337437 -0.00122563 -1.94653e-16
0.0337485 -0.00122633 -1.94655e-16
0.0337533 -0.00122703 -1.94657e-16
0.0337582 -0.00122774 -1.94659e-16
0.033763 -0.00122845 -1.94661e-16
0.0337679 -0.00122917 -1.94664e-16
0.0337728 -0.00122989 -1.94666e-16
0.0337778 -0.00123061 -1.94668e-16
0.0337828 -0.00123134 -1.9467e-16
0.0337878 -0.00123207 -1.94672e-16
0.0337928 -0.0012328 -1.94674e-16
0.0337979 -0.00123354 -1.94676e-16
0.0338029 -0.00123428 -1.94678e-16
0.0338081 -0.00123503 -1.94681e-16
0.0338132 -0.00123578 -1.94683e-16
0.0338184 -0.00123653 -1.94685e-16
0.0338235 -0.00123729 -1.94687e-16
0.0338288 -0.00123805 -1.94689e-16
0.033834 -0.00123881 -1.94691e-16
0.0338392 -0.00123958 -1.94694e-16
0.0338445 -0.00124035 -1.94696e-16
0.0338497 -0.00124112 -1.94698e-16
0.033855 -0.00124189 -1.947e-16
0.0338603 -0.00124267 -1.94703e-16
0.0338657 -0.00124345 -1.94705e-16
0.033871 -0.00124423 -1.94707e-16
0.0338764 -0.00124502 -1.94709e-16
0.0338818 -0.00124581 -1.94712e-16
0.0338872 -0.00124661 -1.94714e-16
0.0338927 -0.00124741 -1.94716e-16
0.0338982 -0.00124821 -1.94719e-16
0.0339037 -0.00124901 -1.94721e-16
0.0339092 -0.00124982 -1.94723e-16
0.0339147 -0.00125063 -1.94726e-16
0.0339203 -0.00125145 -1.94728e-16
0.0339259 -0.00125227 -1.9473e-16
0.0339315 -0.00125309 -1.94733e-16
0.0339371 -0.00125391 -1.94735e-16
0.0339428 -0.00125474 -1.94737e-16
0.0339485 -0.00125557 -1.9474e-16
0.0339542 -0.0012564 -1.94742e-16
0.0339599 -0.00125724 -1.94744e-16
0.0339656 -0.00125808 -1.94747e-16
0.0339714 -0.00125892 -1.94749e-16
0.0339772 -0.00125977 -1.94752e-16
0.033983 -0.00126062 -1.94754e-16
0.0339888 -0.00126147 -1.94757e-16
0.0339946 -0.00126232 -1.94759e-16
0.0340005 -0.00126318 -1.94761e-16
0.0340063 -0.00126404 -1.94764e-16
0.0340122 -0.0012649 -1.94766e-16
0.0340182 -0.00126577 -1.94769e-16
0.0340241 -0.00126664 -1.94771e-16
0.03403 -0.00126751 -1.94774e-16
0.034036 -0.00126839 -1.94776e-16
0.034042 -0.00126926 -1.94779e-16
0.034048 -0.00127014 -1.94781e-16
0.034054 -0.00127103 -1.94784e-16
0.0340601 -0.00127191 -1.94786e-16
0.0340662 -0.0012728 -1.94789e-16
0.0340722 -0.00127369 -1.94791e-16
0.0340783 -0.00127459 -1.94794e-16
0.0340845 -0.00127548 -1.94796e-16
0.0340906 -0.00127638 -1.94799e-16
0.0340967 -0.00127729 -1.94801e-16
0.0341029 -0.00127819 -1.94804e-16
0.0341091 -0.0012791 -1.94806e-16
0.0341153 -0.00128001 -1.94809e-16
0.0341215 -0.00128092 -1.94811e-16
0.0341278 -0.00128183 -1.94814e-16
0.034134 -0.00128275 -1.94816e-16
0.0341403 -0.00128367 -1.94819e-16
0.0341465 -0.00128459 -1.94822e-16
0.0341528 -0.00128552 -1.94824e-16
0.0341592 -0.00128644 -1.94827e-16
0.0341655 -0.00128737 -1.94829e-16
0.0341718 -0.00128831 -1.94832e-16
0.0341782 -0.00128924 -1.94835e-16
0.0341846 -0.00129018 -1.94837e-16
0.0341909 -0.00129111 -1.9484e-16
0.0341973 -0.00129206 -1.94842e-16
0.0342038 -0.001293 -1.94845e-16
0.0342102 -0.00129394 -1.94848e-16
0.0342166 -0.00129489 -1.9485e-16
0.0342231 -0.00129584 -1.94853e-16
0.0342295 -0.00129679 -1.94855e-16
0.034236 -0.00129775 -1.94858e-16
0.0342425 -0.0012987 -1.94861e-16
0.034249 -0.00129966 -1.94863e-16
0.0342555 -0.00130062 -1.94866e-16
0.0342621 -0.00130158 -1.94869e-16
0.0342686 -0.00130255 -1.94871e-16
0.0342752 -0.00130351 -1.94874e-16
0.0342818 -0.00130448 -1.94876e-16
0.0342883 -0.00130545 -1.94879e-16
0.0342949 -0.00130642 -1.94882e-16
0.0343015 -0.0013074 -1.94884e-16
0.0343082 -0.00130837 -1.94887e-16
0.0343148 -0.00130935 -1.9489e-16
0.0343214 -0.00131033 -1.94892e-16
0.0343281 -0.00131131 -1.94895e-16
0.0343348 -0.00131229 -1.94898e-16
0.0343414 -0.00131328 -1.949e-16
0.0343481 -0.00131427 -1.94903e-16
0.0343548 -0.00131526 -1.94906e-16
0.0343616 -0.00131625 -1.94908e-16
0.0343683 -0.00131724 -1.94911e-16
0.034375 -0.00131824 -1.94914e-16
0.0343818 -0.00131923 -1.94917e-16
0.0343886 -0.00132023 -1.94919e-16
0.0343953 -0.00132123 -1.94922e-16
0.0344021 -0.00132223 -1.94925e-16
0.0344089 -0.00132324 -1.94927e-16
0.0344157 -0.00132424 -1.9493e-16
0.0344225 -0.00132525 -1.94933e-16
0.0344293 -0.00132626 -1.94935e-16
0.0344361 -0.00132727 -1.94938e-16
0.034443 -0.00132828 -1.94941e-16
0.0344498 -0.00132929 -1.94943e-16
0.0344567 -0.00133031 -1.94946e-16
0.0344635 -0.00133132 -1.94949e-16
0.0344704 -0.00133234 -1.94952e-16
0.0344773 -0.00133336 -1.94954e-16
0.0344842 -0.00133438 -1.94957e-16
0.0344911 -0.0013354 -1.9496e-16
0.0344979 -0.00133642 -1.94962e-16
0.0345048 -0.00133744 -1.94965e-16
0.0345117 -0.00133846 -1.94968e-16
0.0345187 -0.00133949 -1.9497e-16
0.0345256 -0.00134051 -1.94973e-16
0.0345325 -0.00134154 -1.94976e-16
0.0345394 -0.00134257 -1.94979e-16
0.0345463 -0.00134359 -1.94981e-16
0.0345533 -0.00134462 -1.94984e-16
0.0345602 -0.00134565 -1.94987e-16
0.0345671 -0.00134668 -1.94989e-16
0.034574 -0.00134771 -1.94992e-16
0.034581 -0.00134874 -1.94995e-16
0.0345879 -0.00134978 -1.94997e-16
0.0345948 -0.00135081 -1.95e-16
0.0346018 -0.00135184 -1.95003e-16
0.0346087 -0.00135287 -1.95006e-16
0.0346156 -0.0013539 -1.95008e-16
0.0346226 -0.00135494 -1.95011e-16
0.0346295 -0.00135597 -1.95014e-16
0.0346364 -0.001357 -1.95016e-16
0.0346434 -0.00135804 -1.95019e-16
0.0346503 -0.00135907 -1.95022e-16
0.0346572 -0.0013601 -1.95024e-16
0.0346641 -0.00136114 -1.95027e-16
0.0346711 -0.00136217 -1.9503e-16
0.034678 -0.0013632 -1.95032e-16
0.0346849 -0.00136423 -1.95035e-16
0.0346918 -0.00136527 -1.95038e-16
0.0346987 -0.0013663 -1.9504e-16
0.0347056 -0.00136733 -1.95043e-16
0.0347124 -0.00136836 -1.95046e-16
0.0347193 -0.00136939 -1.95048e-16
0.0347262 -0.00137042 -1.95051e-16
0.0347331 -0.00137145 -1.95054e-16
0.0347399 -0.00137248 -1.95056e-16
0.0347468 -0.00137351 -1.95059e-16
0.0347536 -0.00137453 -1.95061e-16
0.0347604 -0.00137556 -1.95064e-16
0.0347673 -0.00137658 -1.95067e-16
0.0347741 -0.00137761 -1.95069e-16
0.0347808 -0.00137863 -1.95072e-16
0.0347876 -0.00137965 -1.95074e-16
0.0347944 -0.00138067 -1.95077e-16
0.0348011 -0.00138168 -1.9508e-16
0.0348079 -0.0013827 -1.95082e-16
0.0348146 -0.00138371 -1.95085e-16
0.0348213 -0.00138472 -1.95087e-16
0.034828 -0.00138573 -1.9509e-16
0.0348346 -0.00138674 -1.95092e-16
0.0348412 -0.00138774 -1.95095e-16
0.0348479 -0.00138875 -1.95097e-16
0.0348545 -0.00138975 -1.951e-16
0.034861 -0.00139074 -1.95102e-16
0.0348676 -0.00139174 -1.95105e-16
0.0348741 -0.00139273 -1.95107e-16
0.0348806 -0.00139372 -1.9511e-16
0.0348871 -0.00139471 -1.95112e-16
0.0348936 -0.00139569 -1.95115e-16
0.0349 -0.00139667 -1.95117e-16
0.0349064 -0.00139765 -1.9512e-16
0.0349128 -0.00139863 -1.95122e-16
0.0349192 -0.0013996 -1.95125e-16
0.0349255 -0.00140057 -1.95127e-16
0.0349319 -0.00140153 -1.95129e-16
0.0349381 -0.0014025 -1.95132e-16
0.0349444 -0.00140346 -1.95134e-16
0.0349506 -0.00140441 -1.95136e-16
0.0349569 -0.00140537 -1.95139e-16
0.034963 -0.00140631 -1.95141e-16
0.0349692 -0.00140726 -1.95143e-16
0.0349753 -0.0014082 -1.95146e-16
0.0349814 -0.00140914 -1.95148e-16
0.0349875 -0.00141008 -1.9515e-16
0.0349935 -0.00141101 -1.95153e-16
0.0349995 -0.00141193 -1.95155e-16
0.0350054 -0.00141285 -1.95157e-16
0.0350113 -0.00141376 -1.95145e-16
0.0350172 -0.00141465 -1.9509e-16
0.035023 -0.00141553 -1.95035e-16
0.0350287 -0.00141641 -1.9498e-16
0.0350345 -0.00141729 -1.94925e-16
0.0350402 -0.00141816 -1.94871e-16
0.0350458 -0.00141902 -1.94818e-16
0.0350514 -0.00141988 -1.94764e-16
0.035057 -0.00142074 -1.94711e-16
0.0350625 -0.00142159 -1.94658e-16
0.035068 -0.00142243 -1.94606e-16
0.0350735 -0.00142327 -1.94554e-16
0.0350789 -0.00142411 -1.94502e-16
0.0350842 -0.00142494 -1.94451e-16
0.0350896 -0.00142576 -1.944e-16
0.0350948 -0.00142658 -1.94349e-16
0.0351001 -0.0014274 -1.94299e-16
0.0351053 -0.00142821 -1.94249e-16
0.0351104 -0.00142898 -9.03785e-17
0.0351154 -0.00142972 -3.26497e-16
0.0351203 -0.00143046 -5.37311e-17
0.0351252 -0.0014312 -9.25878e-17
0.0351301 -0.00143192 1.88602e-16
0.0351349 -0.00143265 -3.31216e-16
0.0351397 -0.00143336 -3.72007e-16
0.0351445 -0.00143407 -4.96319e-16
0.0351492 -0.00143476 1.29861e-16
0.0351539 -0.00143546 -6.42119e-16
0.0351586 -0.00143615 -5.37671e-16
0.0351633 -0.00143684 5.54892e-16
0.0351679 -0.00143752 2.17317e-16
0.0351724 -0.0014382 -3.2228e-16
0.035177 -0.00143887 4.20587e-16
0.0351815 -0.00143954 1.54075e-17
0.0351859 -0.0014402 3.62413e-16
0.0351903 -0.00144086 -1.73268e-16
0.0351947 -0.00144151 -7.98266e-16
0.035199 -0.00144216 -2.2076e-16
0.0352034 -0.00144281 -1.53181e-16
0.0352076 -0.00144345 -6.10514e-16
0.0352119 -0.00144409 -4.21061e-16
0.0352161 -0.00144473 2.06856e-16
0.0352202 -0.00144535 -7.57172e-17
0.0352244 -0.00144598 -5.356e-16
0.0352285 -0.0014466 -8.15017e-16
0.0352325 -0.00144722 2.60432e-17
0.0352366 -0.00144783 -1.07377e-16
0.0352406 -0.00144844 2.51253e-16
0.0352446 -0.00144905 1.11804e-16
0.0352485 -0.00144965 -3.63698e-16
0.0352525 -0.00145025 9.07176e-17
0.0352563 -0.00145083 -1.87316e-15
0.03526 -0.00145138 1.85297e-16
0.0352638 -0.00145192 -6.43607e-17
0.0352675 -0.00145246 3.18864e-16
0.0352711 -0.001453 -1.34366e-15
0.0352747 -0.00145354 -1.53904e-15
0.0352783 -0.00145407 -3.67679e-16
0.0352819 -0.00145459 -6.6449e-16
0.0352854 -0.00145509 -2.09332e-15
0.0352888 -0.00145558 -2.12769e-15
0.0352922 -0.00145602 9.51485e-19
0.0352954 -0.00145646 1.36202e-15
0.0352987 -0.0014569 -2.38973e-15
0.0353019 -0.00145733 1.05656e-15
0.0353051 -0.00145776 4.70339e-16
0.0353083 -0.00145818 -1.02199e-15
0.0353114 -0.00145861 -2.37277e-15
0.0353146 -0.00145903 -6.31846e-16
0.0353176 -0.00145943 -1.79817e-15
0.0353209 -0.00145983 -1.38785e-15
0.0353241 -0.00146023 2.70514e-15
0.0353273 -0.00146063 3.55791e-15
0.0353311 -0.00146108 1.26794e-15
0.035335 -0.00146153 1.38445e-15
0.0353389 -0.00146199 -9.69363e-16
0.0353427 -0.00146244 -9.30633e-16
0.0353466 -0.00146289 1.25302e-16
0.0353504 -0.00146334 2.43855e-16
0.0353543 -0.00146379 -1.37204e-15
0.0353581 -0.00146424 5.06588e-16
0.0353619 -0.00146469 -5.68501e-16
0.0353657 -0.00146513 5.42829e-16
0.0353694 -0.00146557 -1.12534e-16
0.0353728 -0.00146595 4.38794e-16
0.0353763 -0.00146632 1.15251e-15
0.0353797 -0.00146669 -7.17275e-16
0.0353831 -0.00146707 8.60246e-16
0.0353863 -0.00146739 -1.60996e-15
0.0353894 -0.0014677 1.09704e-16
0.0353926 -0.00146802 6.9492e-16
0.0353957 -0.00146834 2.60785e-16
0.0353989 -0.00146866 -3.77972e-16
0.035402 -0.00146897 -3.98402e-16
0.0354049 -0.00146924 -2.59994e-15
0.0354079 -0.00146951 -5.44297e-16
0.0354108 -0.00146979 -1.16426e-15
0.0354138 -0.00147006 3.23754e-16
0.0354168 -0.00147034 -1.56603e-15
0.0354197 -0.00147061 -9.91135e-17
0.0354227 -0.00147089 -1.07918e-15
0.0354257 -0.00147117 -2.82775e-16
0.0354286 -0.00147144 -1.538e-15
0.0354316 -0.00147172 -4.45031e-16
0.0354346 -0.00147199 5.59699e-16
0.0354376 -0.00147227 4.51768e-16
0.0354405 -0.00147254 1.12882e-15
0.0354435 -0.00147282 2.74581e-17
0.0354465 -0.00147309 1.88954e-15
0.0354495 -0.00147337 6.92533e-16
0.0354525 -0.00147364 1.90038e-15
0.0354555 -0.00147392 5.82029e-16
0.0354585 -0.00147419 9.83991e-17
0.0354619 -0.00147452 -1.21309e-15
0.0354655 -0.00147489 -1.7438e-17
0.0354692 -0.00147526 -2.09702e-16
0.0354729 -0.00147563 1.27774e-15
0.0354766 -0.001476 1.92558e-15
0.0354804 -0.00147638 6.47423e-16
0.0354842 -0.00147675 1.42542e-16
0.035488 -0.00147713 3.03157e-16
0.0354918 -0.00147751 8.12248e-16
0.0354956 -0.00147789 -1.44616e-16
0.0354995 -0.00147827 -4.60392e-16
0.0355034 -0.00147865 -1.26925e-16
0.0355073 -0.00147903 7.19571e-16
0.0355112 -0.00147942 -4.14976e-16
0.0355152 -0.00147981 -9.69004e-16
0.0355191 -0.00148019 -8.67128e-16
0.0355231 -0.00148058 -6.37886e-16
0.0355272 -0.00148097 -3.56827e-16
0.0355312 -0.00148137 -5.88728e-16
0.0355353 -0.00148176 -2.17517e-16
0.0355394 -0.00148216 -2.52995e-16
0.0355435 -0.00148256 -2.51219e-16
0.0355477 -0.00148295 -1.05834e-15
0.0355518 -0.00148336 -5.88616e-16
0.0355561 -0.00148376 -2.99463e-17
0.0355603 -0.00148417 -2.01897e-16
0.0355646 -0.00148457 -5.07337e-16
0.0355689 -0.00148499 -6.32841e-16
0.0355732 -0.0014854 4.75118e-16
0.0355776 -0.00148581 -3.02601e-16
0.0355821 -0.00148623 -7.93043e-16
0.0355866 -0.00148665 -2.31884e-16
0.0355911 -0.00148706 6.2394e-16
0.0355958 -0.00148749 1.56836e-16
0.0356004 -0.00148791 2.44671e-16
0.0356051 -0.00148834 9.24101e-17
0.0356099 -0.00148877 -1.28053e-15
0.0356147 -0.00148921 -8.35879e-16
0.0356195 -0.00148964 3.59969e-16
0.0356244 -0.00149009 5.35156e-16
0.0356293 -0.00149052 -1.85904e-15
0.0356343 -0.00149098 -5.51907e-16
0.0356394 -0.00149142 -1.31548e-15
0.0356444 -0.00149188 4.54074e-16
0.0356496 -0.00149233 1.40197e-15
0.0356547 -0.00149279 1.35338e-15
0.03566 -0.00149325 1.89896e-15
0.0356653 -0.00149372 2.51837e-16
0.0356706 -0.00149418 -3.69755e-16
0.035676 -0.00149466 -7.09538e-18
0.0356814 -0.00149513 -1.60611e-15
0.0356868 -0.00149561 -8.4058e-16
0.0356924 -0.00149609 2.01258e-15
0.0356979 -0.00149657 1.88003e-16
0.0357036 -0.00149706 -1.5648e-16
0.0357092 -0.00149755 6.0064e-16
0.0357149 -0.00149804 1.27101e-15
0.0357207 -0.00149854 -6.2229e-16
0.0357265 -0.00149903 -2.74642e-16
0.0357323 -0.00149953 1.1402e-15
0.0357379 -0.00149999 1.6297e-15
0.0357435 -0.00150045 -9.38238e-16
0.0357493 -0.00150092 -3.42278e-16
0.035755 -0.00150138 9.89604e-16
0.0357608 -0.00150186 2.84367e-16
0.0357667 -0.00150233 7.28909e-17
0.0357726 -0.00150281 1.06569e-15
0.0357786 -0.0015033 3.26843e-16
0.0357847 -0.00150378 1.53933e-16
0.0357908 -0.00150427 3.90013e-16
0.0357969 -0.00150477 8.19319e-16
0.0358031 -0.00150526 7.13229e-16
0.0358094 -0.00150576 -1.13525e-15
0.0358157 -0.00150626 1.40354e-16
0.035822 -0.00150677 -4.90485e-16
0.0358284 -0.00150727 -2.19759e-16
0.0358348 -0.00150778 -2.46105e-16
0.0358413 -0.0015083 1.41199e-17
0.0358479 -0.00150881 6.51621e-16
0.0358544 -0.00150933 -3.02111e-16
0.0358611 -0.00150985 -4.52525e-16
0.0358677 -0.00151037 8.96066e-16
0.0358744 -0.00151089 -1.19367e-16
0.0358812 -0.00151142 3.15161e-16
0.035888 -0.00151195 -2.84658e-17
0.0358949 -0.00151248 -1.49423e-15
0.0359018 -0.00151301 -8.26068e-16
0.0359087 -0.00151355 -2.15324e-16
0.0359157 -0.00151409 -1.0283e-15
0.0359227 -0.00151463 -6.05596e-16
0.0359298 -0.00151517 1.72742e-16
0.0359369 -0.00151572 -5.5334e-16
0.035944 -0.00151626 1.27963e-15
0.0359512 -0.0015168 -3.31459e-16
0.0359584 -0.00151733 1.51418e-17
0.0359657 -0.00151787 4.29368e-17
0.035973 -0.00151841 7.66444e-16
0.0359803 -0.00151895 7.60176e-16
0.0359877 -0.0015195 2.62625e-16
0.0359951 -0.00152004 3.41106e-16
0.0360026 -0.00152059 4.99319e-16
0.0360101 -0.00152114 -8.03819e-16
0.0360176 -0.00152169 -1.13468e-15
0.0360252 -0.00152224 5.71332e-16
0.0360328 -0.00152279 -1.01174e-15
0.0360404 -0.00152335 2.39757e-16
0.0360482 -0.0015239 4.08259e-16
0.0360559 -0.00152446 7.12386e-16
0.0360637 -0.00152502 -1.55352e-16
0.0360715 -0.00152558 7.29069e-19
0.0360793 -0.00152615 8.66626e-17
0.0360872 -0.00152671 -2.29514e-17
0.0360951 -0.00152728 3.53851e-16
0.0361031 -0.00152784 3.49639e-16
0.0361111 -0.00152841 -1.27172e-16
0.0361191 -0.00152898 3.85866e-16
0.0361272 -0.00152955 6.91034e-16
0.0361353 -0.00153012 9.002e-16
0.0361434 -0.0015307 9.48768e-17
0.0361516 -0.00153127 -4.6103e-16
0.0361598 -0.00153185 4.47566e-16
0.0361681 -0.00153242 4.06446e-16
0.0361764 -0.001533 4.82361e-16
0.0361847 -0.00153358 1.60079e-17
0.036193 -0.00153416 2.35374e-16
0.0362014 -0.00153474 -8.05085e-16
0.0362098 -0.00153532 -7.99671e-16
0.0362182 -0.0015359 -8.64195e-16
0.0362267 -0.00153648 -2.49961e-16
0.0362351 -0.00153706 8.04428e-16
0.0362437 -0.00153764 -1.40836e-15
0.0362522 -0.00153823 -5.74616e-17
0.0362608 -0.00153881 -2.24343e-16
0.0362694 -0.00153939 -4.92166e-16
0.036278 -0.00153998 2.72746e-16
0.0362867 -0.00154056 -1.17646e-16
0.0362954 -0.00154115 -7.91053e-16
0.0363041 -0.00154174 -4.61e-16
0.0363128 -0.00154233 8.68852e-17
0.0363216 -0.00154292 5.59436e-16
0.0363304 -0.00154351 -1.7658e-17
0.0363392 -0.0015441 5.27072e-16
0.0363481 -0.00154469 -6.18381e-16
0.036357 -0.00154528 6.13535e-16
0.0363659 -0.00154587 1.17222e-15
0.036375 -0.00154645 3.14858e-16
0.0363842 -0.00154702 4.02855e-16
0.0363935 -0.0015476 -5.01639e-17
0.0364028 -0.00154818 1.13218e-15
0.0364121 -0.00154875 1.06072e-15
0.0364214 -0.00154933 2.23678e-17
0.0364308 -0.00154991 -3.80869e-16
0.0364403 -0.00155049 -8.44699e-16
0.0364497 -0.00155107 -1.81357e-16
0.0364592 -0.00155165 -3.38454e-15
0.0364687 -0.00155223 -1.27395e-15
0.0364782 -0.00155281 6.33485e-16
0.0364878 -0.00155339 4.85042e-16
0.0364974 -0.00155397 9.49743e-16
0.036507 -0.00155455 -5.98651e-16
0.0365166 -0.00155513 1.58584e-15
0.0365262 -0.00155571 4.47024e-16
0.0365359 -0.00155628 -3.28898e-15
0.0365455 -0.00155686 -7.37134e-16
0.0365552 -0.00155744 -1.79067e-16
0.036565 -0.00155802 -7.55874e-16
0.0365747 -0.0015586 -5.73457e-16
0.0365844 -0.00155917 4.35568e-16
0.0365942 -0.00155975 -1.00749e-15
0.036604 -0.00156033 -2.50327e-15
0.0366138 -0.00156091 1.40369e-16
0.0366237 -0.00156148 -1.57965e-15
0.0366335 -0.00156206 -6.53457e-16
0.0366434 -0.00156264 9.47943e-16
0.0366533 -0.00156321 6.17729e-16
0.0366632 -0.00156379 2.11218e-15
0.0366731 -0.00156436 -2.24506e-16
0.0366831 -0.00156494 1.5905e-15
0.0366932 -0.00156554 9.88546e-16
0.0367048 -0.00156632 -1.25801e-16
0.0367164 -0.0015671 1.75401e-15
0.0367282 -0.0015679 2.95492e-15
0.03674 -0.00156869 8.67626e-16
0.0367519 -0.00156949 1.04283e-15
0.0367639 -0.00157028 5.17218e-16
0.0367759 -0.00157108 1.67887e-15
0.0367879 -0.00157188 3.2327e-15
0.0368 -0.00157268 6.02363e-16
0.0368121 -0.00157348 4.93312e-16
0.0368243 -0.00157429 -7.38045e-17
0.0368365 -0.00157509 -1.52079e-15
0.0368487 -0.00157589 -5.98166e-16
0.0368609 -0.00157669 4.984e-16
0.0368732 -0.00157749 4.18833e-15
0.0368856 -0.00157829 2.57772e-15
0.0368979 -0.00157909 5.36404e-16
0.0369103 -0.00157989 -2.70127e-15
0.0369228 -0.00158069 -1.29434e-15
0.0369352 -0.0015815 -4.26699e-15
0.0369477 -0.0015823 -2.9985e-15
0.0369603 -0.0015831 3.49312e-16
0.0369729 -0.0015839 -9.35534e-16
0.0369855 -0.0015847 8.40912e-17
0.0369982 -0.0015855 -8.13007e-16
0.0370109 -0.00158631 -5.1203e-16
0.0370236 -0.00158711 -4.22133e-16
0.0370364 -0.00158791 -1.81052e-15
0.0370492 -0.00158872 -1.26282e-15
0.0370621 -0.00158952 -1.42791e-15
0.037075 -0.00159032 2.20595e-15
0.0370879 -0.00159112 1.87215e-15
0.0371007 -0.00159191 1.75854e-15
0.0371136 -0.00159271 -5.25569e-16
0.0371264 -0.00159349 -4.67582e-16
0.0371392 -0.00159428 1.07155e-15
0.037152 -0.00159507 -9.62038e-16
0.0371649 -0.00159585 1.31381e-15
0.0371779 -0.00159661 -3.72355e-16
0.037191 -0.00159737 2.68186e-15
0.0372041 -0.00159813 -3.47018e-16
0.0372173 -0.00159888 -2.45712e-15
0.0372306 -0.00159964 5.89564e-16
0.0372439 -0.0016004 -1.43697e-15
0.0372573 -0.00160115 -2.04644e-15
0.0372707 -0.00160191 -8.59106e-16
0.0372841 -0.00160267 5.17755e-16
0.0372976 -0.00160342 -1.33145e-15
0.0373112 -0.00160418 1.00843e-15
0.0373247 -0.00160493 -2.8129e-15
0.0373383 -0.00160569 -3.66109e-16
0.0373519 -0.00160644 2.01652e-15
0.0373656 -0.0016072 -5.77313e-16
0.0373793 -0.00160795 1.47679e-15
0.0373931 -0.0016087 1.43266e-15
0.0374068 -0.00160945 -1.09195e-15
0.0374206 -0.0016102 1.43115e-15
0.0374344 -0.00161095 -1.53966e-16
0.0374483 -0.0016117 3.12439e-15
0.0374622 -0.00161245 1.27181e-16
0.0374761 -0.00161319 -3.37156e-16
0.0374901 -0.00161395 9.92469e-16
0.037504 -0.00161468 -8.06197e-16
0.037518 -0.00161544 -2.45127e-15
0.0375321 -0.00161617 -1.24507e-15
0.0375462 -0.00161692 -4.01832e-15
0.0375602 -0.00161766 -5.79228e-15
0.0375744 -0.0016184 -6.52752e-15
0.0375885 -0.00161914 -7.61569e-15
0.0376027 -0.00161989 -7.97459e-15
0.0376169 -0.00162063 -3.60177e-15
0.0376311 -0.00162137 -4.78704e-15
0.0376454 -0.00162211 -4.38624e-15
0.0376597 -0.00162284 -1.85401e-15
0.037674 -0.00162358 6.7517e-16
0.0376883 -0.00162432 3.04392e-15
0.0377027 -0.00162505 -9.36054e-16
0.0377171 -0.00162579 -3.55755e-15
0.0377315 -0.00162652 -1.2322e-15
0.037746 -0.00162726 2.5086e-15
0.0377605 -0.00162799 3.88174e-16
0.037775 -0.00162872 -3.02593e-15
0.0377895 -0.00162945 -1.69686e-15
0.0378041 -0.00163018 3.1942e-16
0.0378187 -0.00163091 -5.15053e-16
0.0378333 -0.00163164 -4.04754e-16
0.037848 -0.00163237 3.1836e-16
0.0378626 -0.0016331 1.63597e-15
0.0378774 -0.00163382 1.97575e-15
0.0378921 -0.00163455 -1.7426e-15
0.0379069 -0.00163527 -3.52212e-15
0.0379217 -0.001636 -1.47472e-15
0.0379365 -0.00163672 -4.58935e-15
0.0379514 -0.00163745 -5.16615e-15
0.0379663 -0.00163817 -4.11507e-15
0.0379812 -0.00163889 -5.54242e-15
0.0379962 -0.00163962 -3.55756e-15
0.0380112 -0.00164034 -1.71825e-15
0.0380262 -0.00164106 -4.74512e-16
0.0380413 -0.00164178 -2.3959e-15
0.0380564 -0.0016425 -2.9162e-15
0.0380716 -0.00164322 2.60179e-16
0.0380868 -0.00164394 5.20841e-15
0.0381021 -0.00164467 4.12058e-15
0.0381174 -0.00164537 -4.15078e-16
0.0381327 -0.00164607 1.06837e-15
0.038148 -0.00164676 -8.34017e-16
0.0381633 -0.00164743 -2.13697e-15
0.0381786 -0.00164809 -1.81566e-15
0.0381941 -0.00164874 -2.35892e-16
0.0382095 -0.0016494 2.52458e-16
0.0382251 -0.00165006 -2.64154e-15
0.0382406 -0.00165071 -3.33455e-15
0.0382562 -0.00165136 -1.27256e-16
0.0382719 -0.00165201 -2.37525e-15
0.0382876 -0.00165266 2.99704e-15
0.0383034 -0.00165331 7.00704e-16
0.0383191 -0.00165396 8.61518e-16
0.038335 -0.00165461 -2.02756e-15
0.0383509 -0.00165526 -8.75955e-16
0.0383668 -0.0016559 -7.87215e-16
0.0383828 -0.00165655 2.94366e-16
0.0383988 -0.0016572 -4.90466e-17
0.0384149 -0.00165784 -3.82801e-15
0.038431 -0.00165849 -1.2261e-15
0.0384472 -0.00165913 8.93161e-16
0.0384635 -0.00165978 -1.61546e-15
0.0384812 -0.00166063 -1.48673e-15
0.0384992 -0.00166151 2.23808e-16
0.0385175 -0.00166241 6.69052e-17
0.0385358 -0.0016633 -1.20804e-15
0.0385543 -0.00166421 1.30141e-15
0.0385729 -0.00166511 8.3829e-16
0.0385916 -0.00166602 5.672e-16
0.0386104 -0.00166693 1.18001e-15
0.0386293 -0.00166785 -5.42864e-16
0.0386483 -0.00166876 5.79744e-16
0.0386674 -0.00166968 3.20183e-16
0.0386865 -0.0016706 1.193e-15
0.0387057 -0.00167152 -1.18107e-15
0.0387251 -0.00167244 -3.45912e-15
0.0387445 -0.00167336 5.55394e-16
0.0387639 -0.00167428 5.44813e-16
0.0387835 -0.00167521 2.15193e-15
0.0388032 -0.00167613 -1.18338e-16
0.0388229 -0.00167706 -1.70294e-15
0.0388427 -0.00167799 7.06781e-16
0.0388626 -0.00167892 -1.52938e-16
0.0388826 -0.00167985 -5.05402e-16
0.0389027 -0.00168078 -4.82574e-16
0.0389229 -0.00168171 2.01443e-16
0.0389431 -0.00168264 -7.09979e-16
0.0389635 -0.00168358 -1.83633e-15
0.0389839 -0.00168451 -8.38207e-17
0.0390045 -0.00168545 -5.61085e-16
0.0390251 -0.00168639 -1.31148e-15
0.0390458 -0.00168733 2.24082e-16
0.0390666 -0.00168827 -7.16386e-16
0.0390875 -0.00168921 3.82513e-16
0.0391085 -0.00169015 -1.94589e-17
0.0391296 -0.00169109 1.6993e-15
0.0391508 -0.00169204 -3.00269e-16
0.0391721 -0.00169298 1.19676e-15
0.0391935 -0.00169393 5.00406e-16
0.039215 -0.00169488 6.85347e-16
0.0392365 -0.00169583 2.2117e-16
0.0392582 -0.00169678 1.35636e-16
0.03928 -0.00169773 -1.08625e-15
0.0393019 -0.00169868 -6.7461e-16
0.0393238 -0.00169963 -1.04903e-16
0.0393459 -0.00170059 -1.30019e-15
0.0393681 -0.00170154 1.36081e-16
0.0393903 -0.0017025 -9.80976e-16
0.0394127 -0.00170345 -5.30486e-16
0.0394351 -0.00170441 -1.92268e-15
0.0394576 -0.00170537 -1.57016e-15
0.0394803 -0.00170633 2.50654e-16
0.039503 -0.00170729 1.11431e-15
0.0395259 -0.00170825 -3.84094e-16
0.0395485 -0.00170919 -8.51905e-16
0.039571 -0.00171008 1.08863e-15
0.0395936 -0.00171098 1.72477e-16
0.0396163 -0.00171188 1.60716e-15
0.039639 -0.00171277 -9.96909e-16
0.0396619 -0.00171367 -1.57505e-15
0.0396849 -0.00171456 8.11057e-17
0.0397079 -0.00171545 -4.56465e-16
0.039731 -0.00171635 8.14597e-16
0.0397542 -0.00171724 -9.91153e-16
0.0397775 -0.00171813 -8.8687e-16
0.0398008 -0.00171902 -1.28068e-15
0.0398243 -0.00171991 7.27768e-16
0.0398478 -0.00172079 8.30301e-16
0.0398715 -0.00172168 -1.50306e-15
0.0398952 -0.00172257 -1.12763e-15
0.039919 -0.00172346 -1.31075e-15
0.0399429 -0.00172435 5.04889e-16
0.0399668 -0.00172524 -3.97364e-16
0.0399909 -0.00172613 -6.68896e-16
0.0400151 -0.00172702 -8.81881e-16
0.0400393 -0.00172791 -2.85154e-16
0.0400637 -0.0017288 3.58549e-16
0.0400881 -0.00172969 -1.86667e-15
0.0401126 -0.00173058 -1.03566e-15
0.0401372 -0.00173147 -7.85988e-16
0.0401619 -0.00173236 3.53176e-16
0.0401867 -0.00173326 -1.93084e-16
0.0402116 -0.00173415 -7.23123e-17
0.0402365 -0.00173504 3.04247e-16
0.0402616 -0.00173593 7.88771e-16
0.0402867 -0.00173682 8.43031e-16
0.0403119 -0.00173771 -6.51817e-16
0.0403372 -0.0017386 -3.2698e-16
0.0403626 -0.00173949 -7.0591e-16
0.0403881 -0.00174039 4.75904e-16
0.0404136 -0.00174128 1.40183e-15
0.0404392 -0.00174217 -6.15835e-16
0.040465 -0.00174306 -1.1681e-15
0.0404908 -0.00174395 1.64938e-15
0.0405166 -0.00174484 8.69658e-16
0.0405426 -0.00174573 1.12825e-15
0.0405686 -0.00174662 -4.29953e-16
0.0405948 -0.00174751 -8.04328e-16
0.0406209 -0.0017484 1.11802e-15
0.0406472 -0.00174928 -1.09803e-15
0.0406735 -0.00175017 -5.10569e-16
0.0406999 -0.00175106 -1.18499e-15
0.0407264 -0.00175194 3.78641e-17
0.0407529 -0.00175283 1.13225e-16
0.0407795 -0.00175371 -1.62434e-15
0.0408061 -0.00175459 -1.35237e-15
0.0408329 -0.00175547 -5.41937e-16
0.0408596 -0.00175636 -7.75491e-16
0.0408865 -0.00175724 1.05708e-15
0.0409134 -0.00175811 -1.08226e-15
0.0409403 -0.00175899 -1.84628e-15
0.0409674 -0.00175987 -7.83437e-16
0.0409944 -0.00176074 5.67667e-16
0.0410216 -0.00176162 -5.44049e-16
0.0410488 -0.00176249 -4.68233e-16
0.041076 -0.00176337 2.92926e-16
0.0411034 -0.00176424 -2.24874e-16
0.0411307 -0.00176511 1.48979e-15
0.0411581 -0.00176598 -1.10057e-15
0.0411856 -0.00176684 -2.94299e-16
0.0412131 -0.00176771 8.86306e-16
0.0412396 -0.00176853 1.43015e-15
0.041266 -0.00176933 -6.10602e-16
0.0412924 -0.00177013 -2.33989e-15
0.0413188 -0.00177092 -1.70737e-15
0.0413452 -0.00177171 -5.99731e-16
0.0413716 -0.00177249 -3.11289e-16
0.041398 -0.00177327 9.76899e-16
0.0414244 -0.00177405 4.73151e-16
0.0414508 -0.00177482 1.66892e-15
0.0414773 -0.00177559 -7.7322e-16
0.041504 -0.00177636 -5.00796e-16
0.0415309 -0.00177714 4.00738e-16
0.0415577 -0.0017779 -2.74603e-16
0.0415845 -0.00177866 -6.56484e-16
0.0416111 -0.00177941 -9.47849e-16
0.0416378 -0.00178016 -3.03117e-16
0.0416644 -0.0017809 2.52994e-16
0.041691 -0.00178163 -7.18405e-17
0.0417176 -0.00178237 -9.35962e-16
0.0417442 -0.00178309 3.3738e-16
0.0417707 -0.00178381 -2.38258e-16
0.0417972 -0.00178453 -5.62352e-16
0.0418237 -0.00178525 -1.5145e-16
0.0418506 -0.00178598 -8.64989e-17
0.0418779 -0.00178672 -1.8239e-16
0.0419049 -0.00178745 -2.68149e-16
0.0419319 -0.00178816 -1.19918e-16
0.0419587 -0.00178887 -1.17118e-17
0.0419853 -0.00178956 -2.08396e-16
0.0420119 -0.00179025 -2.56369e-16
0.0420384 -0.00179092 -8.5075e-17
0.0420648 -0.00179159 -1.68491e-16
0.0420912 -0.00179226 -2.7335e-16
0.042117 -0.00179291 -2.46659e-16
0.0421416 -0.00179354 -1.14972e-18
0.0421661 -0.00179415 -9.87152e-17
0.0421904 -0.00179476 -2.52204e-16
0.0422145 -0.00179536 -1.08374e-16
0.0422385 -0.00179594 -6.69782e-17
0.0422625 -0.00179652 -2.6072e-16
0.0422863 -0.00179709 -1.22716e-16
0.0423099 -0.00179766 -2.4063e-16
0.0423335 -0.00179821 -3.06284e-16
0.042357 -0.00179877 -3.71376e-16
0.0423804 -0.00179931 -2.81226e-16
0.0424037 -0.00179985 -3.28054e-16
0.0424269 -0.00180038 -1.45838e-16
0.0424501 -0.00180091 -1.40129e-16
0.0424731 -0.00180143 -1.82772e-16
0.042496 -0.00180195 -2.67095e-16
0.0425189 -0.00180247 -1.47813e-16
0.0425417 -0.00180297 -1.93725e-16
0.0425643 -0.00180348 3.22617e-17
0.0425869 -0.00180398 -4.07537e-16
0.0426094 -0.00180447 -3.38471e-16
0.0426318 -0.00180496 -1.30376e-16
0.0426541 -0.00180545 -4.52751e-16
0.0426764 -0.00180593 -1.15782e-16
0.0426985 -0.0018064 7.11675e-17
0.0427205 -0.00180688 -4.44662e-16
0.0427424 -0.00180734 6.61789e-17
0.0427642 -0.00180781 -3.25757e-16
0.042786 -0.00180826 -2.296e-16
0.0428076 -0.00180872 -2.72308e-16
0.0428291 -0.00180917 -9.30221e-17
0.0428505 -0.00180961 -3.13148e-16
0.0428718 -0.00181005 -3.2077e-16
0.0428929 -0.00181049 -2.36481e-16
0.042914 -0.00181092 -2.12679e-16
0.0429349 -0.00181134 -3.67371e-16
0.0429557 -0.00181176 -5.07104e-16
0.0429764 -0.00181218 -1.1482e-16
0.042997 -0.00181259 3.86154e-17
0.0430174 -0.001813 3.73444e-17
0.0430377 -0.0018134 -1.04708e-16
0.0430579 -0.0018138 -2.33163e-17
0.0430766 -0.00181426 -2.12804e-16
0.0430938 -0.00181485 -6.20855e-17
0.0431107 -0.00181542 -2.52956e-16
0.0431273 -0.00181599 -1.84178e-16
0.0431438 -0.00181655 -1.93483e-16
0.04316 -0.00181711 -2.31893e-16
0.0431761 -0.00181765 -1.21102e-16
0.043192 -0.00181819 -2.44002e-16
0.0432077 -0.00181873 -1.28566e-16
0.0432232 -0.00181926 -1.31476e-16
0.0432385 -0.00181978 -2.92411e-16
0.0432537 -0.0018203 -2.05409e-16
0.0432687 -0.00182081 -1.56205e-16
0.0432836 -0.00182131 -2.42971e-16
0.0432983 -0.00182181 -2.75366e-16
0.0433129 -0.0018223 -2.08111e-16
0.0433273 -0.00182278 -1.83506e-16
0.0433415 -0.00182326 -1.40307e-16
0.0433556 -0.00182373 -2.17393e-16
0.0433695 -0.00182419 -2.93718e-16
0.0433833 -0.00182465 -2.00674e-16
0.0433969 -0.00182511 -1.65172e-16
0.0434104 -0.00182555 -1.15702e-16
0.0434237 -0.00182599 -1.03233e-15
0.0434368 -0.00182643 -3.57093e-16
0.0434498 -0.00182685 1.3061e-15
0.0434626 -0.00182727 -1.47588e-15
0.0434752 -0.00182769 -1.58495e-15
0.0434877 -0.00182809 1.93631e-15
0.0435 -0.00182849 -8.98785e-16
0.0435122 -0.00182889 -9.40575e-16
0.0435242 -0.00182928 -3.13958e-16
0.043536 -0.00182966 -9.39579e-16
0.0435477 -0.00183003 1.33453e-15
0.0435591 -0.0018304 -3.61886e-15
0.0435705 -0.00183076 7.43931e-16
0.0435816 -0.00183111 1.90271e-15
0.0435926 -0.00183146 6.51597e-16
0.0436034 -0.0018318 -2.65954e-15
0.043614 -0.00183214 2.71298e-15
0.0436245 -0.00183246 8.51881e-17
0.0436348 -0.00183279 -1.56337e-15
0.0436449 -0.0018331 6.73602e-16
0.0436548 -0.0018334 2.04589e-16
0.0436646 -0.0018337 3.4062e-16
0.0436742 -0.001834 1.57161e-16
0.0436836 -0.00183429 -1.52839e-16
0.0436929 -0.00183457 9.94958e-17
0.043702 -0.00183485 -2.9743e-16
0.043711 -0.00183511 6.20726e-18
0.0437198 -0.00183538 -6.41038e-17
0.0437285 -0.00183564 -1.12826e-16
0.043737 -0.00183589 -4.15713e-16
0.0437453 -0.00183613 -3.70899e-16
0.0437534 -0.00183637 -2.12254e-16
0.0437614 -0.0018366 -3.77891e-16
0.0437693 -0.00183683 -3.38408e-16
0.043777 -0.00183705 -1.51997e-16
0.0437845 -0.00183727 -8.97712e-16
0.0437918 -0.00183748 -9.19158e-17
0.043799 -0.00183768 -1.34938e-16
0.0438061 -0.00183788 2.84653e-16
0.0438129 -0.00183807 -3.45539e-16
0.0438196 -0.00183825 3.92129e-17
0.0438262 -0.00183843 -3.91326e-16
0.0438325 -0.00183861 -5.76693e-16
0.0438387 -0.00183878 -2.17089e-16
0.0438448 -0.00183894 -5.42951e-17
0.0438506 -0.00183909 -5.17652e-16
0.0438563 -0.00183924 -3.63392e-16
0.0438619 -0.00183939 -3.03306e-16
0.0438672 -0.00183953 -5.13615e-16
0.0438724 -0.00183966 -3.37332e-16
0.0438774 -0.00183979 1.07731e-16
0.0438823 -0.00183991 1.3207e-16
0.0438869 -0.00184002 -7.45859e-17
0.0438914 -0.00184013 -5.98684e-17
0.0438958 -0.00184023 -1.07199e-16
0.0438999 -0.00184032 -1.93657e-16
0.0439039 -0.00184041 -2.06169e-16
0.0439077 -0.0018405 9.46358e-17
0.0439113 -0.00184058 -8.32197e-16
0.0439148 -0.00184065 1.26364e-16
0.043918 -0.00184071 -4.35832e-16
0.0439212 -0.00184077 2.62879e-16
0.0439241 -0.00184083 2.87929e-16
0.0439268 -0.00184088 -4.08429e-16
0.0439294 -0.00184092 -1.83882e-16
0.0439318 -0.00184095 -4.44878e-16
0.0439341 -0.00184098 -8.82021e-16
0.0439362 -0.001841 -3.89351e-16
0.0439382 -0.00184102 -4.20027e-16
0.04394 -0.00184103 -5.0224e-16
0.0439416 -0.00184103 4.0732e-16
0.0439431 -0.00184103 -9.55901e-17
0.0439445 -0.00184102 9.64663e-17
0.0439456 -0.001841 -3.16339e-16
0.0439467 -0.00184098 -3.12151e-16
0.0439476 -0.00184095 -6.05687e-16
0.0439483 -0.00184091 -6.87662e-16
0.0439489 -0.00184087 -4.79542e-16
0.0439493 -0.00184082 4.83529e-16
0.0439496 -0.00184077 8.67213e-16
0.0439498 -0.0018407 -3.81135e-16
0.0439499 -0.00184063 -2.19385e-16
0.0439499 -0.00184056 -2.91783e-16
0.0439497 -0.00184048 -5.57011e-16
0.0439495 -0.00184039 -6.09478e-16
0.0439491 -0.00184029 -3.23028e-16
0.0439486 -0.00184019 -1.17182e-16
0.043948 -0.00184008 -9.79653e-17
0.0439473 -0.00183996 -1.249e-16
0.0439465 -0.00183983 -1.23433e-16
0.0439455 -0.00183969 -1.61174e-16
0.0439445 -0.00183953 -2.19155e-16
0.0439433 -0.00183936 -1.72955e-16
0.0439419 -0.00183918 -1.87058e-16
0.0439405 -0.00183899 -1.95394e-16
0.0439389 -0.00183878 -1.91528e-16
0.0439372 -0.00183857 -8.23278e-16
0.0439353 -0.00183832 -4.80663e-16
0.0439334 -0.00183805 -2.30882e-16
0.0439313 -0.00183777 -2.56376e-16
0.0439291 -0.00183747 -3.27395e-16
0.0439268 -0.00183715 -2.12379e-16
0.0439243 -0.00183682 -1.99359e-16
0.0439217 -0.00183647 -2.15972e-16
0.0439191 -0.00183611 -2.17222e-16
0.0439162 -0.00183572 -2.33408e-16
0.0439133 -0.00183533 -2.16683e-16
0.0439103 -0.00183491 -2.21535e-16
0.0439071 -0.00183448 -2.32766e-16
0.0439038 -0.00183403 -2.35512e-16
0.0439004 -0.00183357 -2.2518e-16
0.0438969 -0.00183309 -2.28858e-16
0.0438933 -0.0018326 -2.29661e-16
0.0438895 -0.00183209 -2.37675e-16
0.0438856 -0.00183156 -2.32314e-16
0.0438817 -0.00183102 -2.27039e-16
0.0438776 -0.00183046 -2.26416e-16
0.0438734 -0.00182989 -2.3274e-16
0.0438691 -0.0018293 -2.28693e-16
0.0438647 -0.0018287 -2.28688e-16
0.0438601 -0.00182809 -2.28683e-16
0.0438555 -0.00182746 -2.28677e-16
0.0438508 -0.00182681 -2.28671e-16
0.0438459 -0.00182616 -2.28666e-16
0.043841 -0.00182549 -2.2866e-16
0.0438359 -0.0018248 -2.28653e-16
0.0438308 -0.0018241 -2.28647e-16
0.0438255 -0.00182339 -2.28641e-16
0.0438202 -0.00182267 -2.28634e-16
0.0438148 -0.00182193 -2.28627e-16
0.0438092 -0.00182118 -2.28621e-16
0.0438036 -0.00182042 -2.28614e-16
0.0437979 -0.00181964 -2.28607e-16
0.0437921 -0.00181885 -2.28599e-16
0.0437862 -0.00181805 -2.28592e-16
0.0437802 -0.00181724 -2.28584e-16
0.0437741 -0.00181642 -2.28577e-16
0.043768 -0.00181559 -2.28569e-16
0.0437617 -0.00181474 -2.28561e-16
0.0437554 -0.00181388 -2.28553e-16
0.043749 -0.00181302 -2.28545e-16
0.0437425 -0.00181214 -2.28537e-16
0.043736 -0.00181125 -2.28529e-16
0.0437294 -0.00181036 -2.2852e-16
0.0437227 -0.00180945 -2.28512e-16
0.0437159 -0.00180853 -2.28503e-16
0.0437091 -0.0018076 -2.28494e-16
0.0437022 -0.00180667 -2.28486e-16
0.0436952 -0.00180572 -2.28477e-16
0.0436882 -0.00180476 -2.28468e-16
0.0436811 -0.0018038 -2.28459e-16
0.043674 -0.00180283 -2.28449e-16
0.0436667 -0.00180185 -2.2844e-16
0.0436595 -0.00180086 -2.28431e-16
0.0436522 -0.00179986 -2.28421e-16
0.0436448 -0.00179886 -2.28412e-16
0.0436373 -0.00179785 -2.28402e-16
0.0436299 -0.00179683 -2.28392e-16
0.0436223 -0.0017958 -2.28383e-16
0.0436148 -0.00179477 -2.28373e-16
0.0436071 -0.00179373 -2.28363e-16
0.0435995 -0.00179268 -2.28353e-16
0.0435918 -0.00179163 -2.28343e-16
0.043584 -0.00179057 -2.28333e-16
0.0435762 -0.0017895 -2.28322e-16
0.0435684 -0.00178843 -2.28312e-16
0.0435605 -0.00178736 -2.28302e-16
0.0435526 -0.00178628 -2.28291e-16
0.0435447 -0.00178519 -2.28281e-16
0.0435368 -0.0017841 -2.2827e-16
0.0435288 -0.001783 -2.2826e-16
0.0435207 -0.0017819 -2.28249e-16
0.0435127 -0.00178079 -2.28239e-16
0.0435046 -0.00177968 -2.28228e-16
0.0434965 -0.00177857 -2.28217e-16
0.0434884 -0.00177745 -2.28206e-16
0.0434803 -0.00177633 -2.28195e-16
0.0434721 -0.00177521 -2.28185e-16
0.0434639 -0.00177408 -2.28174e-16
0.0434558 -0.00177295 -2.28163e-16
0.0434475 -0.00177181 -2.28152e-16
0.0434393 -0.00177068 -2.28141e-16
0.0434311 -0.00176954 -2.2813e-16
0.0434228 -0.0017684 -2.28119e-16
0.0434146 -0.00176725 -2.28108e-16
0.0434063 -0.00176611 -2.28096e-16
0.0433981 -0.00176496 -2.28085e-16
0.0433898 -0.00176381 -2.28074e-16
0.0433815 -0.00176266 -2.28063e-16
0.0433732 -0.0017615 -2.28052e-16
0.0433649 -0.00176035 -2.28041e-16
0.0433567 -0.00175919 -2.28029e-16
0.0433484 -0.00175804 -2.28018e-16
0.0433401 -0.00175688 -2.28007e-16
0.0433318 -0.00175572 -2.27996e-16
0.0433235 -0.00175457 -2.27984e-16
0.0433153 -0.00175341 -2.27973e-16
0.043307 -0.00175225 -2.27962e-16
0.0432987 -0.00175109 -2.2795e-16
0.0432905 -0.00174993 -2.27939e-16
0.0432822 -0.00174877 -2.27928e-16
0.043274 -0.00174762 -2.27917e-16
0.0432658 -0.00174646 -2.27905e-16
0.0432576 -0.0017453 -2.27894e-16
0.0432494 -0.00174415 -2.27883e-16
0.0432412 -0.00174299 -2.27871e-16
0.0432331 -0.00174184 -2.2786e-16
0.0432249 -0.00174069 -2.27849e-16
0.0432168 -0.00173953 -2.27838e-16
0.0432087 -0.00173838 -2.27826e-16
0.0432006 -0.00173724 -2.27815e-16
0.0431925 -0.00173609 -2.27804e-16
0.0431845 -0.00173494 -2.27793e-16
0.0431765 -0.0017338 -2.27782e-16
0.0431685 -0.00173266 -2.27771e-16
0.0431605 -0.00173152 -2.27759e-16
0.0431525 -0.00173038 -2.27748e-16
0.0431446 -0.00172925 -2.27737e-16
0.0431367 -0.00172812 -2.27726e-16
0.0431288 -0.00172699 -2.27715e-16
0.043121 -0.00172586 -2.27704e-16
0.0431132 -0.00172473 -2.27693e-16
0.0431054 -0.00172361 -2.27682e-16
0.0430976 -0.00172249 -2.27671e-16
0.0430899 -0.00172138 -2.2766e-16
0.0430822 -0.00172026 -2.27649e-16
0.0430745 -0.00171915 -2.27638e-16
0.0430668 -0.00171805 -2.27628e-16
0.0430592 -0.00171694 -2.27617e-16
0.0430516 -0.00171584 -2.27606e-16
0.0430441 -0.00171474 -2.27595e-16
0.0430366 -0.00171365 -2.27585e-16
0.0430291 -0.00171256 -2.27574e-16
0.0430216 -0.00171147 -2.27563e-16
0.0430142 -0.00171039 -2.27553e-16
0.0430068 -0.00170931 -2.27542e-16
0.0429995 -0.00170823 -2.27532e-16
0.0429921 -0.00170716 -2.27521e-16
0.0429848 -0.00170609 -2.27511e-16
0.0429776 -0.00170502 -2.275e-16
0.0429704 -0.00170396 -2.2749e-16
0.0429632 -0.0017029 -2.2748e-16
0.0429561 -0.00170185 -2.27469e-16
0.0429489 -0.0017008 -2.27459e-16
0.0429419 -0.00169975 -2.27449e-16
0.0429348 -0.00169871 -2.27439e-16
0.0429278 -0.00169767 -2.27429e-16
0.0429208 -0.00169663 -2.27418e-16
0.0429139 -0.0016956 -2.27408e-16
0.042907 -0.00169458 -2.27398e-16
0.0429001 -0.00169355 -2.27388e-16
0.0428933 -0.00169253 -2.27378e-16
0.0428865 -0.00169152 -2.27369e-16
0.0428798 -0.00169051 -2.27359e-16
0.042873 -0.0016895 -2.27349e-16
0.0428663 -0.0016885 -2.27339e-16
0.0428597 -0.0016875 -2.27329e-16
0.0428531 -0.0016865 -2.2732e-16
0.0428465 -0.00168551 -2.2731e-16
0.0428399 -0.00168453 -2.273e-16
0.0428334 -0.00168354 -2.27291e-16
0.0428269 -0.00168256 -2.27281e-16
0.0428205 -0.00168159 -2.27272e-16
0.0428141 -0.00168062 -2.27262e-16
0.0428077 -0.00167965 -2.27253e-16
0.0428014 -0.00167868 -2.27244e-16
0.042795 -0.00167772 -2.27234e-16
0.0427888 -0.00167677 -2.27225e-16
0.0427825 -0.00167581 -2.27216e-16
0.0427763 -0.00167487 -2.27207e-16
0.0427701 -0.00167392 -2.27197e-16
0.0427639 -0.00167298 -2.27188e-16
0.0427578 -0.00167204 -2.27179e-16
0.0427517 -0.00167111 -2.2717e-16
0.0427456 -0.00167018 -2.27161e-16
0.0427396 -0.00166925 -2.27152e-16
0.0427336 -0.00166832 -2.27143e-16
0.0427276 -0.0016674 -2.27134e-16
0.0427217 -0.00166648 -2.27125e-16
0.0427157 -0.00166557 -2.27116e-16
0.0427098 -0.00166466 -2.27108e-16
0.042704 -0.00166375 -2.27099e-16
0.0426981 -0.00166285 -2.2709e-16
0.0426923 -0.00166195 -2.27081e-16
0.0426865 -0.00166105 -2.27073e-16
0.0426807 -0.00166015 -2.27064e-16
0.042675 -0.00165926 -2.27055e-16
0.0426692 -0.00165837 -2.27047e-16
0.0426635 -0.00165748 -2.27038e-16
0.0426579 -0.0016566 -2.2703e-16
0.0426522 -0.00165572 -2.27021e-16
0.0426466 -0.00165484 -2.27013e-16
0.0426409 -0.00165396 -2.27004e-16
0.0426353 -0.00165309 -2.26996e-16
0.0426298 -0.00165222 -2.26988e-16
0.0426242 -0.00165135 -2.26979e-16
0.0426187 -0.00165048 -2.26971e-16
0.0426131 -0.00164961 -2.26963e-16
0.0426076 -0.00164875 -2.26954e-16
0.0426021 -0.00164789 -2.26946e-16
0.0425966 -0.00164703 -2.26938e-16
0.0425912 -0.00164617 -2.2693e-16
0.0425857 -0.00164532 -2.26921e-16
0.0425803 -0.00164447 -2.26913e-16
0.0425749 -0.00164361 -2.26905e-16
0.0425695 -0.00164276 -2.26897e-16
0.0425641 -0.00164192 -2.26889e-16
0.0425587 -0.00164107 -2.26881e-16
0.0425533 -0.00164022 -2.26873e-16
0.0425479 -0.00163938 -2.26865e-16
0.0425426 -0.00163854 -2.26857e-16
0.0425373 -0.0016377 -2.26849e-16
0.0425319 -0.00163686 -2.2684e-16
0.0425266 -0.00163602 -2.26832e-16
0.0425213 -0.00163518 -2.26825e-16
0.042516 -0.00163435 -2.26817e-16
0.0425107 -0.00163351 -2.26809e-16
0.0425054 -0.00163268 -2.26801e-16
0.0425001 -0.00163184 -2.26793e-16
0.0424948 -0.00163101 -2.26785e-16
0.0424895 -0.00163018 -2.26777e-16
0.0424843 -0.00162935 -2.26769e-16
0.042479 -0.00162852 -2.26761e-16
0.0424737 -0.00162769 -2.26753e-16
0.0424685 -0.00162686 -2.26745e-16
0.0424632 -0.00162604 -2.26737e-16
0.042458 -0.00162521 -2.2673e-16
0.0424527 -0.00162438 -2.26722e-16
0.0424475 -0.00162356 -2.26714e-16
0.0424422 -0.00162273 -2.26706e-16
0.042437 -0.0016219 -2.26698e-16
0.0424317 -0.00162108 -2.2669e-16
0.0424265 -0.00162026 -2.26729e-16
0.0424213 -0.00161945 -2.26748e-16
0.0424161 -0.00161864 -2.26679e-16
0.0424109 -0.00161782 -2.2671e-16
0.0424057 -0.00161701 -2.26696e-16
0.0424004 -0.0016162 -2.26698e-16
0.0423952 -0.00161539 -2.26686e-16
0.04239 -0.00161458 -2.26699e-16
0.0423848 -0.00161377 -2.26684e-16
0.0423796 -0.00161296 -2.26663e-16
0.0423744 -0.00161215 -2.26686e-16
0.0423691 -0.00161133 -2.26615e-16
0.0423639 -0.00161052 -2.26626e-16
0.0423586 -0.00160971 -2.26627e-16
0.0423534 -0.0016089 -2.26628e-16
0.0423482 -0.00160809 -2.2662e-16
0.0423429 -0.00160727 -2.2658e-16
0.0423376 -0.00160646 -2.26588e-16
0.0423324 -0.00160565 -2.26594e-16
0.0423271 -0.00160483 -2.26574e-16
0.0423218 -0.00160402 -2.26606e-16
0.0423166 -0.0016032 -2.26576e-16
0.0423113 -0.00160239 -2.26578e-16
0.042306 -0.00160157 -2.26574e-16
0.0423007 -0.00160076 -2.2654e-16
0.0422954 -0.00159994 -2.26548e-16
0.04229 -0.00159912 -2.26518e-16
0.0422848 -0.00159832 -2.26813e-16
0.0422795 -0.00159753 -2.2677e-16
0.0422742 -0.00159673 -2.26795e-16
0.0422689 -0.00159594 -2.26776e-16
0.0422636 -0.00159515 -2.26746e-16
0.0422583 -0.00159435 -2.26759e-16
0.042253 -0.00159356 -2.26716e-16
0.0422476 -0.00159276 -2.2669e-16
0.0422423 -0.00159196 -2.26796e-16
0.042237 -0.00159116 -2.26729e-16
0.0422316 -0.00159036 -2.26736e-16
0.0422262 -0.00158956 -2.26742e-16
0.0422209 -0.00158876 -2.26688e-16
0.0422155 -0.00158796 -2.26718e-16
0.0422101 -0.00158716 -2.26644e-16
0.0422046 -0.00158635 -2.26678e-16
0.0421992 -0.00158555 -2.26666e-16
0.0421938 -0.00158474 -2.26677e-16
0.0421883 -0.00158394 -2.26629e-16
0.0421829 -0.00158313 -2.2666e-16
0.0421774 -0.00158232 -2.26604e-16
0.0421719 -0.00158151 -2.26643e-16
0.0421664 -0.0015807 -2.26587e-16
0.042161 -0.0015799 -2.26621e-16
0.0421556 -0.0015791 -2.26639e-16
0.0421502 -0.0015783 -2.26615e-16
0.0421448 -0.00157749 -2.26564e-16
0.0421393 -0.00157669 -2.26604e-16
0.0421339 -0.00157588 -2.26629e-16
0.0421284 -0.00157507 -2.26575e-16
0.0421229 -0.00157426 -2.26546e-16
0.0421174 -0.00157345 -2.26572e-16
0.0421119 -0.00157264 -2.26548e-16
0.0421063 -0.00157183 -2.26553e-16
0.0421008 -0.00157101 -2.2656e-16
0.0420952 -0.0015702 -2.26546e-16
0.0420897 -0.00156938 -2.26531e-16
0.0420841 -0.00156857 -2.26554e-16
0.0420785 -0.00156775 -2.26505e-16
0.0420729 -0.00156693 -2.26478e-16
0.0420673 -0.00156611 -2.26487e-16
0.0420617 -0.00156529 -2.26455e-16
0.042056 -0.00156447 -2.26433e-16
0.0420504 -0.00156365 -2.26435e-16
0.0420447 -0.00156283 -2.26438e-16
0.0420391 -0.00156201 -2.26397e-16
0.0420334 -0.00156118 -2.26404e-16
0.0420277 -0.00156036 -2.26703e-16
0.0420221 -0.00155956 -2.26661e-16
0.0420164 -0.00155876 -2.26712e-16
0.0420107 -0.00155795 -2.26652e-16
0.042005 -0.00155715 -2.26667e-16
0.0419993 -0.00155634 -2.2666e-16
0.0419936 -0.00155554 -2.26661e-16
0.0419879 -0.00155473 -2.26649e-16
0.0419822 -0.00155393 -2.26585e-16
0.0419764 -0.00155312 -2.26626e-16
0.0419707 -0.00155231 -2.26594e-16
0.0419649 -0.0015515 -2.26574e-16
0.0419591 -0.00155069 -2.26606e-16
0.0419534 -0.00154988 -2.26603e-16
0.0419476 -0.00154907 -2.26574e-16
0.0419418 -0.00154826 -2.26576e-16
0.0419359 -0.00154745 -2.26603e-16
0.0419301 -0.00154664 -2.26553e-16
0.0419243 -0.00154582 -2.26513e-16
0.0419184 -0.00154501 -2.2657e-16
0.0419126 -0.00154419 -2.26508e-16
0.0419067 -0.00154338 -2.26528e-16
0.0419008 -0.00154256 -2.26531e-16
0.0418949 -0.00154174 -2.26532e-16
0.041889 -0.00154093 -2.26517e-16
0.0418831 -0.00154011 -2.26494e-16
0.0418771 -0.00153929 -2.26479e-16
0.0418712 -0.00153847 -2.26464e-16
0.0418652 -0.00153765 -2.26453e-16
0.0418593 -0.00153683 -2.26472e-16
0.0418533 -0.00153601 -2.26483e-16
0.0418473 -0.00153518 -2.26434e-16
0.0418414 -0.00153438 -2.26434e-16
0.0418355 -0.00153359 -2.26433e-16
0.0418296 -0.0015328 -2.26425e-16
0.0418237 -0.00153201 -2.26402e-16
0.0418177 -0.00153122 -2.2641e-16
0.0418118 -0.00153042 -2.26431e-16
0.0418058 -0.00152963 -2.26387e-16
0.0417999 -0.00152883 -2.26422e-16
0.0417939 -0.00152803 -2.26351e-16
0.0417879 -0.00152724 -2.26368e-16
0.0417819 -0.00152644 -2.26368e-16
0.0417759 -0.00152564 -2.26346e-16
0.0417699 -0.00152485 -2.26352e-16
0.0417639 -0.00152405 -2.26364e-16
0.0417579 -0.00152326 -2.26638e-16
0.0417519 -0.00152248 -2.2661e-16
0.0417459 -0.00152171 -2.26629e-16
0.0417399 -0.00152093 -2.26587e-16
0.0417339 -0.00152016 -2.26586e-16
0.041728 -0.00151938 -2.26606e-16
0.041722 -0.00151861 -2.27148e-16
0.041716 -0.00151784 -2.26567e-16
0.04171 -0.00151706 -2.26554e-16
0.041704 -0.00151629 -2.26576e-16
0.041698 -0.00151552 -2.26529e-16
0.0416919 -0.00151474 -2.26583e-16
0.0416859 -0.00151397 -2.26524e-16
0.0416799 -0.0015132 -2.26547e-16
0.0416739 -0.00151243 -2.26524e-16
0.0416679 -0.00151166 -2.26502e-16
0.0416619 -0.00151089 -2.26501e-16
0.0416558 -0.00151012 -2.26507e-16
0.0416498 -0.00150935 -2.26482e-16
0.0416438 -0.00150858 -2.26464e-16
0.0416378 -0.00150781 -2.26473e-16
0.0416317 -0.00150704 -2.26439e-16
0.0416257 -0.00150628 -2.26463e-16
0.0416197 -0.00150551 -2.26441e-16
0.0416137 -0.00150475 -2.26437e-16
0.0416077 -0.00150398 -2.26473e-16
0.0416017 -0.00150322 -2.2646e-16
0.0415956 -0.00150245 -2.26419e-16
0.0415896 -0.00150169 -2.26384e-16
0.0415836 -0.00150093 -2.26407e-16
0.0415776 -0.00150017 -2.26424e-16
0.0415716 -0.00149942 -2.26416e-16
0.0415657 -0.00149866 -2.26416e-16
0.0415597 -0.0014979 -2.26397e-16
0.041554 -0.00149722 -2.26424e-16
0.0415483 -0.00149654 -2.26354e-16
0.0415426 -0.00149586 -2.26409e-16
0.0415368 -0.00149517 -2.26343e-16
0.0415311 -0.00149449 -2.26352e-16
0.0415253 -0.00149381 -2.26337e-16
0.0415196 -0.00149312 -2.26305e-16
0.0415138 -0.00149245 -2.2631e-16
0.041508 -0.00149178 -2.26322e-16
0.0415023 -0.0014911 -2.26275e-16
0.0414966 -0.00149044 -2.26257e-16
0.041491 -0.00148978 -2.26283e-16
0.0414856 -0.00148914 -2.26273e-16
0.0414802 -0.0014885 -2.26261e-16
0.0414748 -0.00148786 -2.26266e-16
0.0414695 -0.00148722 -2.26281e-16
0.0414641 -0.00148658 -2.26304e-16
0.0414588 -0.00148595 -2.26278e-16
0.0414534 -0.00148532 -2.26283e-16
0.0414481 -0.00148469 -2.26251e-16
0.0414428 -0.00148406 -2.26279e-16
0.0414375 -0.00148343 -2.26228e-16
0.0414323 -0.0014828 -2.26193e-16
0.041427 -0.00148218 -2.26194e-16
0.0414217 -0.00148155 -2.26179e-16
0.0414165 -0.00148094 -2.26006e-16
0.0414113 -0.00148034 -2.26005e-16
0.0414061 -0.00147974 -2.26013e-16
0.041401 -0.00147914 -2.25973e-16
0.0413958 -0.00147854 -2.25954e-16
0.0413907 -0.00147795 -2.25208e-16
0.0413856 -0.00147736 -2.25998e-16
0.0413806 -0.00147677 -2.25959e-16
0.0413755 -0.00147618 -2.25939e-16
0.0413705 -0.00147559 -2.25879e-16
0.0413654 -0.00147501 -2.25862e-16
0.0413604 -0.00147443 -2.2592e-16
0.0413555 -0.00147385 -2.25896e-16
0.0413505 -0.00147328 -2.25874e-16
0.0413455 -0.0014727 -2.25877e-16
0.0413406 -0.00147213 -2.25867e-16
0.0413357 -0.00147156 -2.25861e-16
0.0413309 -0.001471 -2.25821e-16
0.041326 -0.00147043 -2.25875e-16
0.0413212 -0.00146987 -2.25845e-16
0.0413163 -0.00146932 -2.25976e-16
0.0413115 -0.00146877 -2.25987e-16
0.0413067 -0.00146823 -2.25944e-16
0.0413019 -0.00146768 -2.25949e-16
0.0412971 -0.00146714 -2.25914e-16
0.0412923 -0.00146661 -2.25927e-16
0.0412876 -0.00146607 -2.25899e-16
0.0412828 -0.00146554 -2.2591e-16
0.0412782 -0.00146501 -2.25911e-16
0.0412735 -0.00146449 -2.25891e-16
0.0412689 -0.00146396 -2.25935e-16
0.0412642 -0.00146344 -2.25896e-16
0.0412597 -0.00146292 -2.25859e-16
0.0412551 -0.00146241 -2.25849e-16
0.0412506 -0.0014619 -2.25844e-16
0.0412461 -0.00146139 -2.25869e-16
0.0412416 -0.00146088 -2.25904e-16
0.0412372 -0.00146038 -2.25857e-16
0.0412328 -0.00145988 -2.25818e-16
0.0412284 -0.00145938 -2.25811e-16
0.0412241 -0.00145888 -2.25774e-16
0.0412198 -0.00145839 -2.25815e-16
0.0412155 -0.0014579 -2.25768e-16
0.0412113 -0.00145742 -2.25795e-16
0.041207 -0.00145694 -2.25795e-16
0.0412029 -0.00145646 -2.25757e-16
0.0411987 -0.00145598 -2.25755e-16
0.0411946 -0.00145551 -2.25748e-16
0.0411905 -0.00145504 -2.25739e-16
0.0411865 -0.00145457 -2.25721e-16
0.0411825 -0.00145411 -2.25781e-16
0.0411785 -0.00145365 -2.25768e-16
0.0411746 -0.00145319 -2.25735e-16
0.0411707 -0.00145273 -2.25732e-16
0.0411668 -0.00145228 -2.25727e-16
0.0411629 -0.00145183 -2.25692e-16
0.0411591 -0.00145139 -2.25669e-16
0.0411554 -0.00145095 -2.25671e-16
0.0411516 -0.00145051 -2.25646e-16
0.041148 -0.00145007 -2.25654e-16
0.0411443 -0.00144964 -2.25651e-16
0.0411407 -0.00144921 -2.25628e-16
0.0411371 -0.00144878 -2.25614e-16
0.0411335 -0.00144836 -2.25614e-16
0.04113 -0.00144794 -2.25652e-16
0.0411265 -0.00144752 -2.25633e-16
0.0411231 -0.00144711 -2.25643e-16
0.0411197 -0.0014467 -2.25601e-16
0.0411163 -0.00144629 -2.25632e-16
0.041113 -0.00144589 -2.25581e-16
0.0411097 -0.00144548 -2.25602e-16
0.0411064 -0.00144509 -2.25606e-16
0.0411031 -0.00144469 -2.25556e-16
0.0410999 -0.0014443 -2.25595e-16
0.0410968 -0.00144391 -2.25583e-16
0.0410936 -0.00144352 -2.2557e-16
0.0410905 -0.00144313 -2.25599e-16
0.0410875 -0.00144275 -2.25559e-16
0.0410844 -0.00144237 -2.25588e-16
0.0410814 -0.00144199 -2.25585e-16
0.0410785 -0.00144163 -2.25719e-16
0.0410758 -0.0014413 -2.25662e-16
0.041073 -0.00144098 -2.25594e-16
0.0410703 -0.00144065 -2.25582e-16
0.0410676 -0.00144033 -2.25563e-16
0.0410649 -0.00144001 -2.25509e-16
0.0410622 -0.00143969 -2.25572e-16
0.0410596 -0.00143937 -2.25579e-16
0.041057 -0.00143905 -2.25553e-16
0.0410544 -0.00143874 -2.25572e-16
0.0410518 -0.00143842 -2.25589e-16
0.0410493 -0.00143811 -2.25551e-16
0.0410468 -0.0014378 -2.25532e-16
0.0410443 -0.00143749 -2.25565e-16
0.0410418 -0.00143719 -2.25566e-16
0.0410394 -0.00143689 -2.2552e-16
0.041037 -0.00143658 -2.25551e-16
0.0410346 -0.00143628 -2.25537e-16
0.0410322 -0.00143598 -2.25502e-16
0.0410299 -0.00143569 -2.25529e-16
0.0410275 -0.00143539 -2.25495e-16
0.0410252 -0.0014351 -2.25501e-16
0.041023 -0.00143481 -2.25473e-16
0.0410207 -0.00143451 -2.25478e-16
0.0410185 -0.00143422 -2.25494e-16
0.0410162 -0.00143394 -2.25465e-16
0.041014 -0.00143365 -2.25476e-16
0.0410118 -0.00143336 -2.25478e-16
0.0410097 -0.00143308 -2.25441e-16
0.0410075 -0.00143279 -2.25443e-16
0.0410054 -0.00143251 -2.25479e-16
0.0410032 -0.00143222 -2.25465e-16
0.0410011 -0.00143194 -2.25449e-16
0.040999 -0.00143166 -2.25467e-16
0.0409969 -0.00143138 -2.25455e-16
0.0409948 -0.0014311 -2.25429e-16
0.0409928 -0.00143082 -2.25442e-16
0.0409907 -0.00143054 -2.25452e-16
0.0409886 -0.00143026 -2.25466e-16
0.0409866 -0.00142998 -2.2545e-16
0.0409845 -0.0014297 -2.25443e-16
0.0409824 -0.00142941 -2.25411e-16
0.0409804 -0.00142913 -2.25435e-16
0.0409783 -0.00142885 -2.25407e-16
0.0409763 -0.00142857 -2.25405e-16
0.0409742 -0.00142829 -2.25393e-16
0.0409722 -0.001428 -2.25378e-16
0.0409701 -0.00142772 -2.25396e-16
0.0409681 -0.00142744 -2.25378e-16
0.040966 -0.00142715 -2.25056e-16
0.0409639 -0.00142687 -2.25041e-16
0.0409618 -0.00142659 -2.25029e-16
0.0409597 -0.00142631 -2.25005e-16
0.0409577 -0.00142602 -2.25006e-16
0.0409554 -0.00142572 -2.2504e-16
0.0409531 -0.00142541 -2.24988e-16
0.0409508 -0.0014251 -2.25029e-16
0.0409485 -0.00142479 -2.25032e-16
0.0409461 -0.00142448 -2.24986e-16
0.0409437 -0.00142416 -2.25031e-16
0.0409413 -0.00142384 -2.25003e-16
0.0409389 -0.00142352 -2.24989e-16
0.0409364 -0.00142319 -2.24996e-16
0.0409339 -0.00142287 -2.25023e-16
0.0409314 -0.00142254 -2.25006e-16
0.0409289 -0.0014222 -2.24986e-16
0.0409263 -0.00142187 -2.25003e-16
0.0409237 -0.00142153 -2.24957e-16
0.0409211 -0.00142119 -2.24992e-16
0.0409184 -0.00142084 -2.26137e-16
0.0409157 -0.00142049 -2.24959e-16
0.0409129 -0.00142014 -2.2495e-16
0.0409102 -0.00141979 -2.24927e-16
0.0409073 -0.00141943 -2.24922e-16
0.0409045 -0.00141906 -2.24942e-16
0.0409016 -0.0014187 -2.24962e-16
0.0408986 -0.00141833 -2.2493e-16
0.0408957 -0.00141795 -2.24968e-16
0.0408926 -0.00141757 -2.2495e-16
0.0408896 -0.00141719 -2.2492e-16
0.0408865 -0.0014168 -2.24887e-16
0.0408833 -0.00141641 -2.24934e-16
0.0408801 -0.00141602 -2.24914e-16
0.0408768 -0.00141562 -2.24911e-16
0.0408735 -0.00141521 -2.24888e-16
0.0408702 -0.00141481 -2.2487e-16
0.0408668 -0.00141439 -2.24894e-16
0.0408633 -0.00141397 -2.24898e-16
0.0408598 -0.00141355 -2.24873e-16
0.0408563 -0.00141313 -2.24878e-16
0.0408526 -0.00141269 -2.24911e-16
0.040849 -0.00141226 -2.2484e-16
0.0408452 -0.00141181 -2.24863e-16
0.0408415 -0.00141137 -2.24829e-16
0.0408376 -0.00141091 -2.2484e-16
0.0408337 -0.00141046 -2.24884e-16
0.0408297 -0.00140999 -2.24842e-16
0.0408257 -0.00140953 -2.24871e-16
0.0408216 -0.00140905 -2.24831e-16
0.0408175 -0.00140857 -2.24787e-16
0.0408133 -0.00140809 -2.24821e-16
0.040809 -0.0014076 -2.24797e-16
0.0408046 -0.0014071 -2.24774e-16
0.0408002 -0.0014066 -2.24768e-16
0.0407957 -0.00140609 -2.24789e-16
0.0407912 -0.00140558 -2.24799e-16
0.0407866 -0.00140506 -2.24812e-16
0.0407819 -0.00140454 -2.24753e-16
0.0407771 -0.00140401 -2.2502e-16
0.0407722 -0.00140348 -2.24938e-16
0.0407673 -0.00140294 -2.24949e-16
0.0407622 -0.0014024 -2.24974e-16
0.0407571 -0.00140185 -2.24964e-16
0.040752 -0.0014013 -2.24949e-16
0.0407467 -0.00140074 -2.24984e-16
0.0407414 -0.00140017 -2.24956e-16
0.040736 -0.0013996 -2.24939e-16
0.0407305 -0.00139902 -2.24978e-16
0.040725 -0.00139844 -2.2495e-16
0.0407193 -0.00139785 -2.24902e-16
0.0407136 -0.00139725 -2.24895e-16
0.0407079 -0.00139665 -2.2493e-16
0.040702 -0.00139604 -2.24898e-16
0.0406961 -0.00139543 -2.24885e-16
0.04069 -0.00139481 -2.24859e-16
0.040684 -0.00139419 -2.24866e-16
0.0406778 -0.00139356 -2.2484e-16
0.0406716 -0.00139292 -2.24855e-16
0.0406652 -0.00139228 -2.24847e-16
0.0406588 -0.00139163 -2.24817e-16
0.0406524 -0.00139098 -2.24851e-16
0.0406458 -0.00139032 -2.2484e-16
0.0406392 -0.00138965 -2.24793e-16
0.0406325 -0.00138898 -2.24804e-16
0.0406257 -0.00138831 -2.24791e-16
0.0406189 -0.00138763 -2.27045e-16
0.0406119 -0.00138694 -2.24699e-16
0.0406049 -0.00138625 -2.24718e-16
0.0405979 -0.00138557 -2.24572e-16
0.0405912 -0.00138494 -2.24631e-16
0.0405843 -0.0013843 -2.24657e-16
0.0405772 -0.00138365 -2.24608e-16
0.0405701 -0.001383 -2.24592e-16
0.0405629 -0.00138234 -2.24531e-16
0.0405556 -0.00138167 -2.24491e-16
0.0405476 -0.00138091 -2.23792e-16
0.0405388 -0.00138004 -2.23886e-16
0.0405298 -0.00137914 -2.23812e-16
0.0405206 -0.00137824 -2.23864e-16
0.0405113 -0.00137733 -2.23763e-16
0.0405019 -0.00137641 -2.23784e-16
0.0404924 -0.00137548 -2.238e-16
0.0404828 -0.00137455 -2.24002e-16
0.0404731 -0.0013736 -2.23861e-16
0.0404633 -0.00137266 -2.23785e-16
0.0404534 -0.0013717 -2.23779e-16
0.0404434 -0.00137074 -2.23718e-16
0.0404333 -0.00136978 -2.23702e-16
0.0404232 -0.0013688 -2.237e-16
0.0404129 -0.00136783 -2.23743e-16
0.0404025 -0.00136684 -2.23725e-16
0.0403921 -0.00136585 -2.23733e-16
0.0403815 -0.00136486 -2.23726e-16
0.0403709 -0.00136386 -2.23692e-16
0.0403602 -0.00136286 -2.23665e-16
0.0403494 -0.00136185 -2.23685e-16
0.0403385 -0.00136084 -2.23632e-16
0.0403275 -0.00135982 -2.23627e-16
0.0403165 -0.0013588 -2.23644e-16
0.0403053 -0.00135777 -2.23582e-16
0.0402941 -0.00135674 -2.23615e-16
0.0402828 -0.0013557 -2.23631e-16
0.0402714 -0.00135466 -2.23576e-16
0.04026 -0.00135361 -2.23534e-16
0.0402484 -0.00135256 -2.23574e-16
0.0402368 -0.00135151 -2.23564e-16
0.0402251 -0.00135045 -2.21001e-16
0.0402132 -0.00134941 -2.21582e-16
0.0402012 -0.00134836 -2.21031e-16
0.0401892 -0.00134731 -2.20998e-16
0.0401771 -0.00134625 -2.20982e-16
0.0401649 -0.00134519 -2.20883e-16
0.0401526 -0.00134413 -2.20903e-16
0.0401403 -0.00134307 -2.20861e-16
0.0401279 -0.001342 -2.20832e-16
0.0401154 -0.00134093 -2.20805e-16
0.0401028 -0.00133985 -2.2074e-16
0.0400901 -0.00133878 -2.2074e-16
0.0400774 -0.0013377 -2.20221e-16
0.0400646 -0.00133663 -2.20199e-16
0.0400518 -0.00133556 -2.20146e-16
0.0400389 -0.00133449 -2.20115e-16
0.0400259 -0.00133342 -2.20085e-16
0.0400129 -0.00133235 -2.20044e-16
0.0399998 -0.00133127 -2.19988e-16
0.0399867 -0.00133019 -2.19976e-16
0.0399734 -0.00132911 -2.19986e-16
0.03996 -0.00132802 -2.19927e-16
0.0399465 -0.00132693 -2.19859e-16
0.0399329 -0.00132584 -2.19903e-16
0.0399193 -0.00132475 -2.19849e-16
0.0399056 -0.00132365 -2.19753e-16
0.0398919 -0.00132256 -2.19728e-16
0.0398782 -0.00132148 -2.19708e-16
0.0398645 -0.0013204 -2.19634e-16
0.0398509 -0.00131932 -2.19616e-16
0.0398372 -0.00131824 -2.19569e-16
0.0398235 -0.00131717 -2.19504e-16
0.0398097 -0.00131609 -2.19505e-16
0.0397959 -0.00131501 -2.1943e-16
0.039782 -0.00131394 -2.19416e-16
0.0397681 -0.00131286 -2.19351e-16
0.0397541 -0.00131178 -2.19343e-16
0.03974 -0.00131069 -2.19347e-16
0.0397258 -0.00130961 -2.19218e-16
0.0397116 -0.00130852 -2.19178e-16
0.0396973 -0.00130743 -2.19182e-16
0.0396829 -0.00130634 -2.19166e-16
0.0396685 -0.00130526 -2.1907e-16
0.0396527 -0.00130394 -2.18093e-16
0.0396361 -0.00130246 -2.18143e-16
0.0396192 -0.00130098 -2.18109e-16
0.0396022 -0.0012995 -2.18102e-16
0.0395851 -0.00129801 -2.18106e-16
0.0395679 -0.00129652 -2.18177e-16
0.0395507 -0.00129502 -2.1818e-16
0.0395333 -0.00129353 -2.18185e-16
0.039516 -0.00129204 -2.18215e-16
0.0394985 -0.00129055 -2.13361e-16
0.039481 -0.00128908 -2.13477e-16
0.0394634 -0.00128762 -2.13458e-16
0.0394458 -0.00128615 -2.13415e-16
0.0394281 -0.00128469 -2.13382e-16
0.0394104 -0.00128323 -2.13377e-16
0.0393926 -0.00128178 -2.13328e-16
0.0393748 -0.00128032 -2.13262e-16
0.039357 -0.00127887 -2.13184e-16
0.0393391 -0.00127743 -2.13187e-16
0.0393212 -0.00127598 -2.1317e-16
0.0393033 -0.00127454 -2.13084e-16
0.0392853 -0.00127311 -2.13071e-16
0.0392673 -0.00127168 -2.12989e-16
0.0392493 -0.00127025 -2.12954e-16
0.0392313 -0.00126882 -2.12894e-16
0.0392132 -0.0012674 -2.12857e-16
0.0391956 -0.00126605 -2.12383e-16
0.0391779 -0.00126471 -2.12407e-16
0.0391602 -0.00126336 -2.12266e-16
0.0391424 -0.00126202 -2.12168e-16
0.0391245 -0.00126067 -2.1207e-16
0.0391066 -0.00125933 -2.11889e-16
0.0390887 -0.00125798 -2.11817e-16
0.0390707 -0.00125664 -2.11722e-16
0.0390527 -0.00125531 -2.11558e-16
0.0390347 -0.00125398 -2.11461e-16
0.0390167 -0.00125265 -2.11352e-16
0.0389987 -0.00125133 -2.1122e-16
0.0389806 -0.00125 -2.11118e-16
0.0389625 -0.00124869 -2.10985e-16
0.0389445 -0.00124738 -2.10849e-16
0.0389264 -0.00124607 -2.10778e-16
0.0389083 -0.00124481 -2.1069e-16
0.0388902 -0.00124353 -2.10504e-16
0.0388721 -0.00124217 -2.10463e-16
0.038854 -0.00124093 -2.10316e-16
0.0388358 -0.00123965 -2.10169e-16
0.0388177 -0.00123832 -2.1007e-16
0.0387996 -0.00123708 -2.09962e-16
0.0387815 -0.00123582 -2.09854e-16
0.0387634 -0.0012345 -2.09721e-16
0.0387452 -0.00123328 -2.09567e-16
0.0387271 -0.00123198 -2.09474e-16
0.038709 -0.00123077 -2.09346e-16
0.0386909 -0.00122948 -2.09262e-16
0.0386727 -0.00122828 -2.09164e-16
0.0386546 -0.001227 -2.09056e-16
0.0386365 -0.00122581 -2.08979e-16
0.0386184 -0.00122454 -2.0886e-16
0.0386003 -0.00122335 -2.08662e-16
0.0385822 -0.00122209 -2.08591e-16
0.0385641 -0.00122091 -2.08475e-16
0.038546 -0.00121967 -2.08392e-16
0.0385279 -0.0012185 -2.0828e-16
0.0385098 -0.00121726 -2.08102e-16
0.0384917 -0.0012161 -2.08043e-16
0.0384736 -0.00121487 -2.07921e-16
0.0384555 -0.00121372 -2.07833e-16
0.0384375 -0.0012125 -2.07709e-16
0.0384194 -0.00121135 -2.0763e-16
0.0384014 -0.00121015 -2.07512e-16
0.0383833 -0.00120901 -2.07382e-16
0.0383653 -0.00120781 -2.073e-16
0.0383473 -0.00120666 -2.05006e-16
0.0383293 -0.00120552 -2.04922e-16
0.0383117 -0.0012044 -2.04798e-16
0.0382948 -0.00120334 -2.04749e-16
0.0382786 -0.00120231 -2.04503e-16
0.0382627 -0.0012013 -2.0443e-16
0.0382472 -0.00120032 -2.04301e-16
0.0382318 -0.00119935 -2.04153e-16
0.0382167 -0.00119839 -2.04042e-16
0.0382016 -0.00119745 -2.03904e-16
0.0381866 -0.00119651 -2.03795e-16
0.0381717 -0.00119557 -2.03652e-16
0.0381568 -0.00119464 -2.03531e-16
0.038141 -0.00119361 -2.06281e-16
0.0381246 -0.0011923 -2.06388e-16
0.038108 -0.00119104 -2.06453e-16
0.0380913 -0.00118979 -2.06421e-16
0.0380747 -0.00118853 -2.06322e-16
0.038058 -0.00118728 -2.063e-16
0.0380412 -0.00118603 -2.06267e-16
0.0380245 -0.00118478 -2.06139e-16
0.0380078 -0.00118353 -2.06089e-16
0.037991 -0.00118229 -2.0602e-16
0.0379743 -0.00118106 -2.05985e-16
0.0379576 -0.00117982 -2.05832e-16
0.0379409 -0.00117859 -2.05821e-16
0.0379243 -0.00117737 -2.05757e-16
0.0379076 -0.00117615 -2.05656e-16
0.037891 -0.00117494 -2.05642e-16
0.0378743 -0.00117373 -2.05516e-16
0.0378577 -0.00117252 -2.05526e-16
0.0378412 -0.00117132 -2.05346e-16
0.0378246 -0.00117013 -2.05376e-16
0.0378081 -0.00116893 -2.05232e-16
0.0377916 -0.00116775 -2.05208e-16
0.0377751 -0.00116657 -2.05151e-16
0.0377586 -0.00116539 -2.05094e-16
0.0377421 -0.00116422 -2.05065e-16
0.0377257 -0.00116305 -2.04982e-16
0.0377093 -0.00116189 -2.04957e-16
0.0376929 -0.00116074 -2.0485e-16
0.0376766 -0.00115958 -2.04827e-16
0.0376602 -0.00115844 -2.04735e-16
0.0376439 -0.0011573 -2.04677e-16
0.0376276 -0.00115616 -2.04597e-16
0.0376114 -0.00115502 -2.04539e-16
0.0375951 -0.0011539 -2.04406e-16
0.0375789 -0.00115277 -2.04357e-16
0.0375627 -0.00115165 -2.04344e-16
0.0375466 -0.00115054 -2.0425e-16
0.0375304 -0.00114943 -2.04264e-16
0.0375143 -0.00114833 -2.04224e-16
0.0374982 -0.00114722 -2.04136e-16
0.0374821 -0.00114613 -2.04076e-16
0.0374661 -0.00114504 -2.04003e-16
0.0374501 -0.00114395 -2.0404e-16
0.0374341 -0.00114287 -2.03938e-16
0.0374181 -0.00114179 -2.03877e-16
0.0374024 -0.00114074 -1.99663e-16
0.0373868 -0.00113971 -1.9955e-16
0.0373711 -0.00113868 -1.9942e-16
0.0373555 -0.00113765 -1.99353e-16
0.0373398 -0.00113662 -1.99251e-16
0.0373242 -0.0011356 -1.99154e-16
0.0373085 -0.00113457 -1.99089e-16
0.0372929 -0.00113355 -1.99004e-16
0.0372773 -0.00113253 -1.98921e-16
0.0372616 -0.00113152 -1.98839e-16
0.037246 -0.00113051 -1.98802e-16
0.0372304 -0.00112949 -1.98735e-16
0.0372148 -0.00112849 -1.98594e-16
0.0371992 -0.00112748 -1.98578e-16
0.0371836 -0.00112648 -1.98469e-16
0.037168 -0.00112549 -1.98383e-16
0.0371525 -0.00112449 -1.98355e-16
0.037137 -0.0011235 -1.98279e-16
0.0371215 -0.00112252 -1.98219e-16
0.037106 -0.00112153 -1.98113e-16
0.0370905 -0.00112055 -1.98059e-16
0.037075 -0.00111958 -1.9795e-16
0.0370596 -0.0011186 -1.97952e-16
0.0370442 -0.00111764 -1.97818e-16
0.0370287 -0.00111667 -1.97745e-16
0.0370134 -0.00111571 -1.97686e-16
0.036998 -0.00111475 -1.97593e-16
0.0369826 -0.00111379 -1.97512e-16
0.0369673 -0.00111284 -1.97492e-16
0.036952 -0.00111189 -1.9739e-16
0.0369367 -0.00111095 -1.97295e-16
0.0369214 -0.00111001 -1.97177e-16
0.0369061 -0.00110907 -1.97132e-16
0.0368908 -0.00110813 -1.97089e-16
0.0368756 -0.0011072 -1.96934e-16
0.0368604 -0.00110627 -1.96911e-16
0.0368451 -0.00110534 -1.96863e-16
0.0368299 -0.00110442 -1.96779e-16
0.0368148 -0.0011035 -1.96683e-16
0.0367996 -0.00110258 -1.96577e-16
0.0367844 -0.00110167 -1.96554e-16
0.0367693 -0.00110076 -1.96471e-16
0.0367542 -0.00109985 -1.96406e-16
0.0367391 -0.00109895 -1.96326e-16
0.036724 -0.00109805 -1.96282e-16
0.0367089 -0.00109715 -1.96192e-16
0.0366938 -0.00109625 -1.96169e-16
0.0366788 -0.00109536 -1.96064e-16
0.0366638 -0.00109447 -1.96029e-16
0.0366488 -0.00109359 -1.95944e-16
0.0366338 -0.0010927 -1.95827e-16
0.0366188 -0.00109183 -1.95819e-16
0.0366038 -0.00109095 -1.95709e-16
0.0365889 -0.00109007 -1.95643e-16
0.0365739 -0.0010892 -1.95637e-16
0.036559 -0.00108834 -1.95514e-16
0.0365441 -0.00108747 -1.95453e-16
0.0365293 -0.00108661 -1.95375e-16
0.0365144 -0.00108575 -1.95259e-16
0.0364995 -0.00108489 -1.98929e-16
0.0364846 -0.00108403 -1.98792e-16
0.0364697 -0.00108318 -1.98713e-16
0.0364549 -0.00108233 -1.98692e-16
0.0364401 -0.00108148 -1.98632e-16
0.0364253 -0.00108064 -1.9856e-16
0.0364105 -0.00107981 -1.98495e-16
0.0363958 -0.00107897 -1.98427e-16
0.0363811 -0.00107814 -1.98389e-16
0.0363665 -0.00107732 -1.98352e-16
0.0363518 -0.00107649 -1.98241e-16
0.0363372 -0.00107567 -1.98259e-16
0.0363226 -0.00107486 -1.98172e-16
0.036308 -0.00107404 -1.98145e-16
0.0362935 -0.00107323 -1.9808e-16
0.036279 -0.00107243 -1.98025e-16
0.0362645 -0.00107162 -1.97948e-16
0.0362501 -0.00107083 -1.97093e-16
0.0362358 -0.00107005 -1.97112e-16
0.0362215 -0.00106927 -1.97098e-16
0.0362072 -0.00106849 -1.97043e-16
0.036193 -0.00106771 -1.96971e-16
0.0361787 -0.00106694 -1.96937e-16
0.0361645 -0.00106618 -1.96829e-16
0.0361503 -0.00106541 -1.96802e-16
0.0361362 -0.00106465 -1.96729e-16
0.036122 -0.00106389 -1.96691e-16
0.0361079 -0.00106313 -1.96605e-16
0.0360939 -0.00106238 -1.96598e-16
0.0360798 -0.00106163 -1.96504e-16
0.0360658 -0.00106088 -1.96459e-16
0.0360518 -0.00106014 -1.96319e-16
0.0360379 -0.0010594 -1.9629e-16
0.0360239 -0.00105866 -1.96201e-16
0.0360101 -0.00105793 -1.96182e-16
0.0359962 -0.0010572 -1.96101e-16
0.0359824 -0.00105647 -1.95968e-16
0.0359686 -0.00105575 -1.9597e-16
0.0359548 -0.00105503 -1.95965e-16
0.0359411 -0.00105431 -1.9586e-16
0.0359274 -0.0010536 -1.95854e-16
0.0359138 -0.00105289 -1.95735e-16
0.0359002 -0.00105218 -1.95683e-16
0.0358866 -0.00105147 -1.95564e-16
0.035873 -0.00105077 -1.95533e-16
0.0358595 -0.00105007 -1.95481e-16
0.0358461 -0.00104938 -1.95433e-16
0.0358326 -0.00104869 -1.95347e-16
0.0358192 -0.001048 -1.95297e-16
0.0358059 -0.00104731 -1.95207e-16
0.0357925 -0.00104663 -1.95198e-16
0.0357793 -0.00104595 -1.95147e-16
0.035766 -0.00104528 -1.95077e-16
0.0357528 -0.0010446 -1.95004e-16
0.0357396 -0.00104393 -1.94931e-16
0.0357265 -0.00104327 -1.94827e-16
0.0357134 -0.0010426 -1.94846e-16
0.0357003 -0.00104194 -1.94726e-16
0.0356873 -0.00104129 -1.94724e-16
0.0356743 -0.00104063 -1.9463e-16
0.0356614 -0.00103998 -1.9464e-16
0.0356485 -0.00103933 -1.94534e-16
0.0356357 -0.00103869 -1.94501e-16
0.0356229 -0.00103805 -1.94422e-16
0.0356101 -0.00103741 -1.9434e-16
0.0355974 -0.00103678 -1.94336e-16
0.0355848 -0.00103615 -1.94248e-16
0.0355721 -0.00103552 -1.94226e-16
0.0355595 -0.0010349 -1.94124e-16
0.035547 -0.00103427 -1.94098e-16
0.0355345 -0.00103366 -1.94079e-16
0.0355221 -0.00103304 -1.94021e-16
0.0355097 -0.00103243 -1.93968e-16
0.0354974 -0.00103183 -1.93868e-16
0.0354851 -0.00103123 -1.93809e-16
0.0354729 -0.00103064 -1.93752e-16
0.0354607 -0.00103004 -1.93704e-16
0.0354485 -0.00102945 -1.93705e-16
0.0354365 -0.00102887 -1.93627e-16
0.0354244 -0.00102828 -1.9353e-16
0.0354124 -0.00102771 -1.93503e-16
0.0354005 -0.00102713 -1.93475e-16
0.0353886 -0.00102656 -1.93369e-16
0.0353767 -0.00102599 -1.93399e-16
0.0353649 -0.00102542 -1.93338e-16
0.0353531 -0.00102486 -1.93276e-16
0.0353414 -0.0010243 -1.93252e-16
0.0353297 -0.00102374 -1.93149e-16
0.0353181 -0.00102319 -1.93141e-16
0.0353065 -0.00102264 -1.93031e-16
0.035295 -0.00102209 -1.92988e-16
0.0352835 -0.00102155 -1.92951e-16
0.0352721 -0.00102101 -1.92894e-16
0.0352607 -0.00102047 -1.92845e-16
0.0352494 -0.00101993 -1.92819e-16
0.0352381 -0.0010194 -1.92741e-16
0.0352268 -0.00101887 -1.92736e-16
0.0352156 -0.00101835 -1.9264e-16
0.0352044 -0.00101783 -1.92648e-16
0.0351933 -0.00101731 -1.92584e-16
0.0351823 -0.00101679 -1.92512e-16
0.0351712 -0.00101628 -1.92489e-16
0.0351603 -0.00101577 -1.92401e-16
0.0351493 -0.00101526 -1.92405e-16
0.0351384 -0.00101475 -1.92358e-16
0.0351276 -0.00101425 -1.92277e-16
0.0351168 -0.00101375 -1.92231e-16
0.0351061 -0.00101326 -1.92162e-16
0.0350954 -0.00101276 -1.9213e-16
0.0350847 -0.00101227 -1.92056e-16
0.0350741 -0.00101179 -1.92026e-16
0.0350628 -0.00101118 -1.88054e-16
0.0350515 -0.00101054 -1.8799e-16
0.0350401 -0.00100991 -1.87859e-16
0.0350287 -0.00100927 -1.87843e-16
0.0350174 -0.00100864 -1.87804e-16
0.0350061 -0.00100802 -1.87777e-16
0.0349949 -0.00100739 -1.87722e-16
0.0349836 -0.00100677 -1.87682e-16
0.0349724 -0.00100615 -1.87673e-16
0.0349614 -0.00100554 -1.87655e-16
0.0349504 -0.00100494 -1.87623e-16
0.0349394 -0.00100434 -1.876e-16
0.0349285 -0.00100374 -1.87509e-16
0.0349176 -0.00100315 -1.87498e-16
0.0349067 -0.00100256 -1.87492e-16
0.0348959 -0.00100197 -1.87435e-16
0.0348852 -0.00100139 -1.87399e-16
0.0348745 -0.00100081 -1.87393e-16
0.0348638 -0.00100023 -1.87303e-16
0.0348532 -0.000999654 -1.87303e-16
0.0348426 -0.000999084 -1.8724e-16
0.0348321 -0.000998516 -1.87023e-16
0.0348216 -0.000997952 -1.87261e-16
0.0348112 -0.000997391 -1.87229e-16
0.0348009 -0.000996834 -1.87215e-16
0.0347905 -0.00099628 -1.87147e-16
0.0347803 -0.000995729 -1.87117e-16
0.03477 -0.000995182 -1.8711e-16
0.0347599 -0.000994637 -1.87099e-16
0.0347497 -0.000994097 -1.78289e-16
0.0347396 -0.000993559 -1.87163e-16
0.0347296 -0.000993025 -1.87031e-16
0.0347196 -0.000992494 -1.87005e-16
0.0347097 -0.000991966 -1.86943e-16
0.0346998 -0.000991442 -1.86942e-16
0.03469 -0.000990921 -1.86908e-16
0.0346802 -0.000990403 -1.86859e-16
0.0346704 -0.000989888 -1.86814e-16
0.0346607 -0.000989376 -1.86822e-16
0.0346511 -0.000988868 -1.86782e-16
0.0346415 -0.000988363 -1.86633e-16
0.0346319 -0.00098786 -1.86681e-16
0.0346224 -0.000987361 -1.86654e-16
0.0346129 -0.000986866 -1.86653e-16
0.0346035 -0.000986373 -1.86586e-16
0.0345942 -0.000985883 -1.86607e-16
0.0345849 -0.000985397 -1.86593e-16
0.0345756 -0.000984913 -1.8654e-16
0.0345664 -0.000984433 -1.8652e-16
0.0345572 -0.000983955 -1.86527e-16
0.0345481 -0.000983481 -1.8649e-16
0.034539 -0.00098301 -1.86474e-16
0.03453 -0.000982541 -1.86442e-16
0.034521 -0.000982076 -1.86419e-16
0.0345121 -0.000981614 -1.86421e-16
0.0345032 -0.000981154 -1.86376e-16
0.0344943 -0.000980698 -1.86341e-16
0.0344855 -0.000980245 -1.86345e-16
0.0344768 -0.000979795 -1.86317e-16
0.0344681 -0.000979347 -1.86313e-16
0.0344595 -0.000978903 -1.86234e-16
0.0344509 -0.000978462 -1.86276e-16
0.0344423 -0.000978024 -1.86226e-16
0.0344338 -0.000977589 -1.86241e-16
0.0344254 -0.000977157 -1.86136e-16
0.034417 -0.000976728 -1.86145e-16
0.0344086 -0.000976302 -1.86116e-16
0.0344003 -0.000975879 -1.86104e-16
0.0343921 -0.000975459 -1.86129e-16
0.0343839 -0.000975042 -1.8607e-16
0.0343758 -0.000974629 -1.86068e-16
0.0343677 -0.000974218 -1.8602e-16
0.0343597 -0.000973811 -1.85993e-16
0.0343517 -0.000973407 -1.85966e-16
0.0343437 -0.000973006 -1.86047e-16
0.0343359 -0.000972608 -1.86002e-16
0.0343281 -0.000972213 -1.85962e-16
0.0343203 -0.000971822 -1.86001e-16
0.0343126 -0.000971434 -1.86014e-16
0.034305 -0.000971052 -1.859e-16
0.0342975 -0.000970673 -1.85919e-16
0.03429 -0.0009703 -1.85909e-16
0.0342826 -0.000969931 -1.85878e-16
0.0342754 -0.000969565 -1.85821e-16
0.0342682 -0.000969203 -1.85847e-16
0.034261 -0.000968847 -1.85842e-16
0.034254 -0.000968496 -1.85814e-16
0.0342471 -0.000968149 -1.85757e-16
0.0342403 -0.000967808 -1.85788e-16
0.0342335 -0.000967472 -1.85763e-16
0.0342269 -0.000967141 -1.85744e-16
0.0342203 -0.000966815 -1.85678e-16
0.0342138 -0.000966494 -1.85678e-16
0.0342075 -0.000966178 -1.85678e-16
0.0342012 -0.000965867 -1.85712e-16
0.034195 -0.000965562 -1.85695e-16
0.0341889 -0.000965261 -1.85659e-16
0.0341829 -0.000964966 -1.85632e-16
0.034177 -0.000964676 -1.85603e-16
0.0341712 -0.000964392 -1.85607e-16
0.0341656 -0.000964113 -1.85609e-16
0.03416 -0.000963839 -1.85599e-16
0.0341545 -0.00096357 -1.85548e-16
0.0341491 -0.000963307 -1.85552e-16
0.0341438 -0.00096305 -1.85526e-16
0.0341386 -0.000962798 -1.85494e-16
0.0341336 -0.000962551 -1.85482e-16
0.0341286 -0.00096231 -1.855e-16
0.0341237 -0.000962075 -1.85502e-16
0.034119 -0.000961845 -1.85497e-16
0.0341143 -0.000961621 -1.8548e-16
0.0341098 -0.000961403 -1.85469e-16
0.0341054 -0.00096119 -1.85459e-16
0.0341011 -0.000960983 -1.85442e-16
0.0340969 -0.000960782 -1.85451e-16
0.0340928 -0.000960587 -1.85464e-16
0.0340888 -0.000960398 -1.85463e-16
0.0340849 -0.000960214 -1.85435e-16
0.0340812 -0.000960037 -1.85443e-16
0.0340776 -0.000959865 -1.85482e-16
0.0340741 -0.0009597 -1.85431e-16
0.0340707 -0.00095954 -1.8539e-16
0.0340674 -0.000959387 -1.85403e-16
0.0340643 -0.000959241 -1.85352e-16
0.0340612 -0.000959102 -1.85352e-16
0.0340584 -0.000958969 -1.85368e-16
0.0340556 -0.000958843 -1.85369e-16
0.034053 -0.000958724 -1.85455e-16
0.0340505 -0.000958612 -1.85396e-16
0.0340481 -0.000958507 -1.85285e-16
0.0340459 -0.000958409 -1.85332e-16
0.0340438 -0.000958318 -1.84948e-16
0.0340418 -0.000958233 -1.85222e-16
0.03404 -0.000958158 -1.85285e-16
0.0340383 -0.000958091 -1.85289e-16
0.0340368 -0.000958032 -1.85304e-16
0.0340354 -0.000957983 -1.85284e-16
0.0340342 -0.000957943 -1.85249e-16
0.0340331 -0.000957914 -1.85276e-16
0.0340323 -0.000957895 -1.85279e-16
0.0340315 -0.000957885 -1.85278e-16
0.0340309 -0.000957876 -1.85309e-16
0.0340305 -0.000957883 -1.85277e-16
0.0340302 -0.000957902 -1.85284e-16
0.0340301 -0.000957932 -1.85282e-16
0.0340301 -0.000957971 -1.85282e-16
0.0340301 -0.000958022 -1.85319e-16
0.0340303 -0.000958082 -1.85262e-16
0.0340306 -0.000958152 -1.85267e-16
0.034031 -0.000958241 -1.85266e-16
0.0340314 -0.000958338 -1.85261e-16
0.034032 -0.000958444 -1.85268e-16
0.0340326 -0.000958561 -1.85268e-16
0.0340333 -0.000958689 -1.85269e-16
0.0340341 -0.000958829 -1.8527e-16
0.034035 -0.000958981 -1.85271e-16
0.034036 -0.000959144 -1.85272e-16
0.0340371 -0.000959319 -1.85273e-16
0.0340382 -0.000959506 -1.85274e-16
0.0340394 -0.000959704 -1.85276e-16
0.0340408 -0.000959913 -1.85277e-16
0.0340422 -0.000960134 -1.85278e-16
0.0340437 -0.000960367 -1.8528e-16
0.0340452 -0.000960611 -1.85281e-16
0.0340469 -0.000960867 -1.85283e-16
0.0340486 -0.000961134 -1.85285e-16
0.0340504 -0.000961412 -1.85287e-16
0.0340524 -0.000961702 -1.85289e-16
0.0340544 -0.000962003 -1.85291e-16
0.0340564 -0.000962316 -1.85293e-16
0.0340586 -0.00096264 -1.85295e-16
0.0340608 -0.000962975 -1.85297e-16
0.0340632 -0.000963322 -1.85299e-16
0.0340656 -0.00096368 -1.85302e-16
0.0340681 -0.00096405 -1.85304e-16
0.0340707 -0.000964431 -1.85307e-16
0.0340733 -0.000964823 -1.85309e-16
0.0340761 -0.000965227 -1.85312e-16
0.0340789 -0.000965641 -1.85315e-16
0.0340818 -0.000966067 -1.85318e-16
0.0340848 -0.000966504 -1.85321e-16
0.0340879 -0.000966952 -1.85324e-16
0.0340911 -0.000967412 -1.85327e-16
0.0340943 -0.000967882 -1.8533e-16
0.0340977 -0.000968363 -1.85333e-16
0.0341011 -0.000968856 -1.85337e-16
0.0341046 -0.000969359 -1.8534e-16
0.0341081 -0.000969873 -1.85344e-16
0.0341118 -0.000970397 -1.85347e-16
0.0341155 -0.000970933 -1.85351e-16
0.0341193 -0.000971479 -1.85355e-16
0.0341232 -0.000972035 -1.85358e-16
0.0341271 -0.000972601 -1.85362e-16
0.0341311 -0.000973178 -1.85366e-16
0.0341352 -0.000973764 -1.8537e-16
0.0341394 -0.00097436 -1.85374e-16
0.0341437 -0.000974967 -1.85378e-16
0.034148 -0.000975582 -1.85383e-16
0.0341523 -0.000976207 -1.85387e-16
0.0341568 -0.000976842 -1.85391e-16
0.0341613 -0.000977485 -1.85396e-16
0.0341659 -0.000978138 -1.854e-16
0.0341705 -0.000978799 -1.85405e-16
0.0341752 -0.000979469 -1.85409e-16
0.03418 -0.000980148 -1.85414e-16
0.0341848 -0.000980835 -1.85419e-16
0.0341897 -0.000981531 -1.85423e-16
0.0341947 -0.000982235 -1.85428e-16
0.0341997 -0.000982946 -1.85433e-16
0.0342048 -0.000983666 -1.85438e-16
0.0342099 -0.000984393 -1.85443e-16
0.0342151 -0.000985128 -1.85448e-16
0.0342203 -0.000985871 -1.85453e-16
0.0342256 -0.000986621 -1.85459e-16
0.0342309 -0.000987378 -1.85464e-16
0.0342363 -0.000988143 -1.85469e-16
0.0342417 -0.000988914 -1.85474e-16
0.0342472 -0.000989693 -1.8548e-16
0.0342527 -0.000990478 -1.85485e-16
0.0342583 -0.00099127 -1.85491e-16
0.0342639 -0.000992068 -1.85496e-16
0.0342696 -0.000992873 -1.85502e-16
0.0342753 -0.000993684 -1.85507e-16
0.0342811 -0.000994501 -1.85513e-16
0.0342868 -0.000995324 -1.85519e-16
0.0342927 -0.000996153 -1.85524e-16
0.0342986 -0.000996987 -1.8553e-16
0.0343045 -0.000997828 -1.85536e-16
0.0343104 -0.000998673 -1.85542e-16
0.0343164 -0.000999524 -1.85548e-16
0.0343224 -0.00100038 -1.85554e-16
0.0343285 -0.00100124 -1.8556e-16
0.0343345 -0.00100211 -1.85566e-16
0.0343407 -0.00100298 -1.85572e-16
0.0343468 -0.00100385 -1.85578e-16
0.034353 -0.00100473 -1.85584e-16
0.0343592 -0.00100561 -1.8559e-16
0.0343654 -0.0010065 -1.85596e-16
0.0343716 -0.00100739 -1.85602e-16
0.0343779 -0.00100829 -1.85608e-16
0.0343842 -0.00100918 -1.85614e-16
0.0343905 -0.00101009 -1.85621e-16
0.0343968 -0.00101099 -1.85627e-16
0.0344032 -0.0010119 -1.85633e-16
0.0344095 -0.00101281 -1.8564e-16
0.0344159 -0.00101372 -1.85646e-16
0.0344223 -0.00101464 -1.85652e-16
0.0344287 -0.00101555 -1.85659e-16
0.0344351 -0.00101647 -1.85665e-16
0.0344416 -0.0010174 -1.85671e-16
0.034448 -0.00101832 -1.85678e-16
0.0344545 -0.00101925 -1.85684e-16
0.0344609 -0.00102018 -1.8569e-16
0.0344674 -0.00102111 -1.85697e-16
0.0344739 -0.00102204 -1.85703e-16
0.0344803 -0.00102297 -1.8571e-16
0.0344868 -0.00102391 -1.85716e-16
0.0344933 -0.00102484 -1.85723e-16
0.0344998 -0.00102578 -1.85729e-16
0.0345063 -0.00102672 -1.85736e-16
0.0345128 -0.00102766 -1.85742e-16
0.0345193 -0.0010286 -1.85749e-16
0.0345258 -0.00102954 -1.85755e-16
0.0345323 -0.00103048 -1.85762e-16
0.0345388 -0.00103143 -1.85768e-16
0.0345453 -0.00103237 -1.85775e-16
0.0345518 -0.00103332 -1.85781e-16
0.0345583 -0.00103426 -1.85788e-16
0.0345648 -0.00103521 -1.85794e-16
0.0345713 -0.00103615 -1.85801e-16
0.0345778 -0.0010371 -1.85807e-16
0.0345843 -0.00103804 -1.85814e-16
0.0345908 -0.00103899 -1.8582e-16
0.0345973 -0.00103994 -1.85827e-16
0.0346037 -0.00104088 -1.85833e-16
0.0346102 -0.00104183 -1.8584e-16
0.0346166 -0.00104277 -1.85846e-16
0.0346231 -0.00104372 -1.85853e-16
0.0346295 -0.00104466 -1.85859e-16
0.0346359 -0.0010456 -1.85865e-16
0.0346423 -0.00104654 -1.85872e-16
0.0346487 -0.00104748 -1.85878e-16
0.0346551 -0.00104842 -1.85885e-16
0.0346615 -0.00104936 -1.85891e-16
0.0346678 -0.0010503 -1.85898e-16
0.0346741 -0.00105124 -1.85904e-16
0.0346805 -0.00105217 -1.8591e-16
0.0346868 -0.0010531 -1.85917e-16
0.0346931 -0.00105404 -1.85923e-16
0.0346993 -0.00105497 -1.85929e-16
0.0347056 -0.0010559 -1.85936e-16
0.0347118 -0.00105682 -1.85942e-16
0.034718 -0.00105775 -1.85948e-16
0.0347242 -0.00105867 -1.85955e-16
0.0347304 -0.00105959 -1.85961e-16
0.0347366 -0.00106051 -1.85967e-16
0.0347427 -0.00106143 -1.85974e-16
0.0347488 -0.00106235 -1.8598e-16
0.0347549 -0.00106326 -1.85986e-16
0.034761 -0.00106418 -1.85992e-16
0.0347671 -0.00106509 -1.85998e-16
0.0347731 -0.00106599 -1.86004e-16
0.0347791 -0.0010669 -1.86011e-16
0.0347851 -0.0010678 -1.86017e-16
0.0347911 -0.0010687 -1.86023e-16
0.0347971 -0.0010696 -1.86029e-16
0.034803 -0.0010705 -1.86035e-16
0.0348089 -0.00107139 -1.86041e-16
0.0348148 -0.00107229 -1.86047e-16
0.0348207 -0.00107318 -1.86053e-16
0.0348265 -0.00107406 -1.86059e-16
0.0348323 -0.00107495 -1.86065e-16
0.0348381 -0.00107583 -1.86071e-16
0.0348439 -0.00107671 -1.86077e-16
0.0348497 -0.00107759 -1.86083e-16
0.0348554 -0.00107847 -1.86089e-16
0.0348611 -0.00107934 -1.86095e-16
0.0348668 -0.00108021 -1.861e-16
0.0348724 -0.00108108 -1.86106e-16
0.0348781 -0.00108194 -1.86112e-16
0.0348837 -0.0010828 -1.86118e-16
0.0348893 -0.00108366 -1.86123e-16
0.0348949 -0.00108452 -1.86129e-16
0.0349004 -0.00108538 -1.86135e-16
0.0349059 -0.00108623 -1.86141e-16
0.0349115 -0.00108708 -1.86146e-16
0.0349169 -0.00108792 -1.86152e-16
0.0349224 -0.00108877 -1.86158e-16
0.0349278 -0.00108961 -1.86163e-16
0.0349332 -0.00109045 -1.86169e-16
0.0349386 -0.00109129 -1.86174e-16
0.034944 -0.00109212 -1.8618e-16
0.0349493 -0.00109295 -1.86185e-16
0.0349547 -0.00109378 -1.86191e-16
0.03496 -0.00109461 -1.86196e-16
0.0349652 -0.00109543 -1.86202e-16
0.0349705 -0.00109625 -1.86207e-16
0.0349757 -0.00109707 -1.86212e-16
0.0349809 -0.00109788 -1.86218e-16
0.0349861 -0.0010987 -1.86223e-16
0.0349913 -0.00109951 -1.86229e-16
0.0349965 -0.00110031 -1.86234e-16
0.0350016 -0.00110112 -1.86239e-16
0.0350067 -0.00110192 -1.86244e-16
0.0350118 -0.00110272 -1.8625e-16
0.0350168 -0.00110352 -1.86255e-16
0.0350219 -0.00110431 -1.8626e-16
0.0350269 -0.00110511 -1.86265e-16
0.0350319 -0.0011059 -1.8627e-16
0.0350369 -0.00110668 -1.86276e-16
0.0350419 -0.00110747 -1.86281e-16
0.0350468 -0.00110825 -1.86286e-16
0.0350517 -0.00110903 -1.86291e-16
0.0350566 -0.00110981 -1.86296e-16
0.0350615 -0.00111059 -1.86301e-16
0.0350664 -0.00111136 -1.86306e-16
0.0350713 -0.00111213 -1.86311e-16
0.0350761 -0.0011129 -1.86316e-16
0.0350809 -0.00111367 -1.86321e-16
0.0350857 -0.00111443 -1.86326e-16
0.0350905 -0.0011152 -1.86331e-16
0.0350953 -0.00111596 -1.86336e-16
0.0351001 -0.00111672 -1.86341e-16
0.0351048 -0.00111748 -1.86345e-16
0.0351096 -0.00111823 -1.8635e-16
0.0351143 -0.00111899 -1.86355e-16
0.035119 -0.00111974 -1.8636e-16
0.0351237 -0.00112049 -1.86365e-16
0.0351284 -0.00112124 -1.86369e-16
0.0351331 -0.00112198 -1.86374e-16
0.0351377 -0.00112273 -1.86379e-16
0.0351424 -0.00112347 -1.86384e-16
0.035147 -0.00112422 -1.86388e-16
0.0351516 -0.00112496 -1.86393e-16
0.0351562 -0.00112569 -1.86398e-16
0.0351608 -0.00112643 -1.86403e-16
0.0351654 -0.00112717 -1.86407e-16
0.03517 -0.0011279 -1.86412e-16
0.0351745 -0.00112863 -1.86416e-16
0.0351791 -0.00112936 -1.86421e-16
0.0351836 -0.00113009 -1.86426e-16
0.0351881 -0.00113081 -1.8643e-16
0.0351926 -0.00113154 -1.86435e-16
0.0351971 -0.00113226 -1.86439e-16
0.0352016 -0.00113298 -1.86444e-16
0.0352061 -0.0011337 -1.86448e-16
0.0352105 -0.00113442 -1.86453e-16
0.035215 -0.00113514 -1.86457e-16
0.0352194 -0.00113585 -1.86462e-16
0.0352238 -0.00113656 -1.86466e-16
0.0352282 -0.00113728 -1.86471e-16
0.0352327 -0.00113799 -1.86475e-16
0.035237 -0.00113869 -1.8648e-16
0.0352414 -0.0011394 -1.86484e-16
0.0352458 -0.00114011 -1.86488e-16
0.0352502 -0.00114081 -1.86493e-16
0.0352545 -0.00114151 -1.86497e-16
0.0352589 -0.00114222 -1.86502e-16
0.0352632 -0.00114292 -1.86506e-16
0.0352676 -0.00114361 -1.8651e-16
0.0352719 -0.00114431 -1.86514e-16
0.0352762 -0.00114501 -1.86519e-16
0.0352805 -0.00114571 -1.86523e-16
0.0352848 -0.0011464 -1.86527e-16
0.0352891 -0.00114709 -1.86532e-16
0.0352934 -0.00114779 -1.86536e-16
0.0352977 -0.00114848 -1.8654e-16
0.035302 -0.00114917 -1.86544e-16
0.0353062 -0.00114986 -1.86549e-16
0.0353105 -0.00115055 -1.86553e-16
0.0353148 -0.00115123 -1.86557e-16
0.035319 -0.00115192 -1.86561e-16
0.0353233 -0.00115261 -1.86565e-16
0.0353276 -0.00115329 -1.8657e-16
0.0353318 -0.00115398 -1.86574e-16
0.035336 -0.00115466 -1.86578e-16
0.0353403 -0.00115535 -1.86582e-16
0.0353445 -0.00115603 -1.86586e-16
0.0353487 -0.00115671 -1.8659e-16
0.035353 -0.00115739 -1.86594e-16
0.0353572 -0.00115807 -1.86599e-16
0.0353614 -0.00115875 -1.86603e-16
0.0353656 -0.00115943 -1.86607e-16
0.0353698 -0.00116011 -1.86611e-16
0.035374 -0.00116079 -1.86615e-16
0.0353782 -0.00116146 -1.86619e-16
0.0353824 -0.00116214 -1.86623e-16
0.0353866 -0.00116281 -1.86627e-16
0.0353908 -0.00116349 -1.86631e-16
0.035395 -0.00116416 -1.86635e-16
0.0353992 -0.00116484 -1.86639e-16
0.0354034 -0.00116551 -1.86643e-16
0.0354076 -0.00116619 -1.86647e-16
0.0354118 -0.00116686 -1.86651e-16
0.035416 -0.00116753 -1.86655e-16
0.0354201 -0.00116821 -1.86659e-16
0.0354243 -0.00116888 -1.86663e-16
0.0354285 -0.00116955 -1.86667e-16
0.0354327 -0.00117023 -1.86671e-16
0.0354369 -0.0011709 -1.86675e-16
0.0354411 -0.00117157 -1.86679e-16
0.0354453 -0.00117225 -1.86683e-16
0.0354495 -0.00117292 -1.86687e-16
0.0354537 -0.00117359 -1.86691e-16
0.0354579 -0.00117427 -1.86695e-16
0.0354621 -0.00117494 -1.86699e-16
0.0354663 -0.00117562 -1.86703e-16
0.0354706 -0.00117629 -1.86707e-16
0.0354748 -0.00117697 -1.86711e-16
0.035479 -0.00117765 -1.86715e-16
0.0354833 -0.00117832 -1.86719e-16
0.0354875 -0.001179 -1.86723e-16
0.0354917 -0.00117968 -1.86727e-16
0.035496 -0.00118036 -1.86731e-16
0.0355002 -0.00118104 -1.86735e-16
0.0355045 -0.00118172 -1.86739e-16
0.0355088 -0.0011824 -1.86743e-16
0.035513 -0.00118308 -1.86747e-16
0.0355173 -0.00118376 -1.86751e-16
0.0355216 -0.00118444 -1.86755e-16
0.0355259 -0.00118513 -1.86759e-16
0.0355302 -0.00118581 -1.86763e-16
0.0355345 -0.0011865 -1.86767e-16
0.0355388 -0.00118718 -1.86771e-16
0.0355431 -0.00118787 -1.86775e-16
0.0355474 -0.00118855 -1.86779e-16
0.0355517 -0.00118924 -1.86783e-16
0.0355561 -0.00118993 -1.86787e-16
0.0355604 -0.00119062 -1.86791e-16
0.0355647 -0.00119131 -1.86795e-16
0.0355691 -0.001192 -1.86799e-16
0.0355734 -0.00119269 -1.86803e-16
0.0355778 -0.00119338 -1.86807e-16
0.0355822 -0.00119407 -1.86811e-16
0.0355865 -0.00119477 -1.86815e-16
0.0355909 -0.00119546 -1.86819e-16
0.0355953 -0.00119616 -1.86823e-16
0.0355997 -0.00119685 -1.86827e-16
0.0356041 -0.00119755 -1.86831e-16
0.0356085 -0.00119825 -1.86835e-16
0.0356129 -0.00119895 -1.86839e-16
0.0356174 -0.00119965 -1.86843e-16
0.0356218 -0.00120035 -1.86848e-16
0.0356263 -0.00120105 -1.86852e-16
0.0356307 -0.00120176 -1.86856e-16
0.0356352 -0.00120246 -1.8686e-16
0.0356396 -0.00120317 -1.86864e-16
0.0356441 -0.00120387 -1.86868e-16
0.0356486 -0.00120458 -1.86872e-16
0.0356531 -0.00120529 -1.86876e-16
0.0356576 -0.001206 -1.8688e-16
0.0356621 -0.00120671 -1.86884e-16
0.0356667 -0.00120743 -1.86888e-16
0.0356712 -0.00120814 -1.86893e-16
0.0356758 -0.00120886 -1.86897e-16
0.0356803 -0.00120957 -1.86901e-16
0.0356849 -0.00121029 -1.86905e-16
0.0356894 -0.00121101 -1.86909e-16
0.035694 -0.00121173 -1.86913e-16
0.0356986 -0.00121245 -1.86917e-16
0.0357032 -0.00121317 -1.86922e-16
0.0357078 -0.00121389 -1.86926e-16
0.0357124 -0.00121462 -1.8693e-16
0.035717 -0.00121534 -1.86934e-16
0.0357216 -0.00121607 -1.86938e-16
0.0357263 -0.00121679 -1.86943e-16
0.0357309 -0.00121752 -1.86947e-16
0.0357355 -0.00121825 -1.86951e-16
0.0357402 -0.00121898 -1.86955e-16
0.0357448 -0.00121971 -1.86959e-16
0.0357495 -0.00122044 -1.86964e-16
0.0357542 -0.00122117 -1.86968e-16
0.0357589 -0.0012219 -1.86972e-16
0.0357635 -0.00122264 -1.86976e-16
0.0357682 -0.00122337 -1.8698e-16
0.0357729 -0.00122411 -1.86985e-16
0.0357776 -0.00122484 -1.86989e-16
0.0357824 -0.00122558 -1.86993e-16
0.0357871 -0.00122632 -1.86997e-16
0.0357918 -0.00122706 -1.87002e-16
0.0357966 -0.0012278 -1.87006e-16
0.0358013 -0.00122854 -1.8701e-16
0.0358061 -0.00122928 -1.87014e-16
0.0358108 -0.00123003 -1.87019e-16
0.0358156 -0.00123077 -1.87023e-16
0.0358204 -0.00123152 -1.87027e-16
0.0358251 -0.00123226 -1.87032e-16
0.0358298 -0.001233 -1.87036e-16
0.0358345 -0.00123374 -1.8704e-16
0.0358392 -0.00123448 -1.87044e-16
0.0358439 -0.00123522 -1.87049e-16
0.0358486 -0.00123595 -1.87053e-16
0.0358533 -0.0012367 -1.87057e-16
0.035858 -0.00123744 -1.87062e-16
0.0358627 -0.00123818 -1.87066e-16
0.0358674 -0.00123892 -1.8707e-16
0.0358722 -0.00123966 -1.87074e-16
0.0358769 -0.00124041 -1.87079e-16
0.0358816 -0.00124115 -1.87083e-16
0.0358864 -0.0012419 -1.87087e-16
0.0358911 -0.00124264 -1.87092e-16
0.0358959 -0.00124339 -1.87096e-16
0.0359006 -0.00124414 -1.871e-16
0.0359053 -0.00124488 -1.87105e-16
0.03591 -0.00124562 -1.87109e-16
0.0359145 -0.00124635 -1.87113e-16
0.0359191 -0.00124708 -1.87117e-16
0.0359237 -0.00124781 -1.87122e-16
0.0359282 -0.00124855 -1.87126e-16
0.0359328 -0.00124928 -1.8713e-16
0.0359373 -0.00125001 -1.87134e-16
0.0359419 -0.00125074 -1.87138e-16
0.0359465 -0.00125147 -1.87143e-16
0.0359511 -0.00125221 -1.87147e-16
0.0359556 -0.00125294 -1.87151e-16
0.0359602 -0.00125367 -1.87155e-16
0.0359648 -0.00125441 -1.8716e-16
0.0359694 -0.00125514 -1.87164e-16
0.035974 -0.00125587 -1.87168e-16
0.0359785 -0.00125661 -1.87172e-16
0.0359831 -0.00125734 -1.87177e-16
0.0359877 -0.00125808 -1.87181e-16
0.0359923 -0.00125881 -1.87192e-16
0.0359968 -0.00125951 -1.87196e-16
0.0360012 -0.00126022 -1.872e-16
0.0360057 -0.00126092 -1.87204e-16
0.0360102 -0.00126163 -1.87208e-16
0.0360147 -0.00126234 -1.87212e-16
0.0360192 -0.00126304 -1.87216e-16
0.0360238 -0.00126375 -1.8722e-16
0.0360283 -0.00126446 -1.87224e-16
0.0360328 -0.00126516 -1.87228e-16
0.0360373 -0.00126587 -1.87233e-16
0.0360418 -0.00126658 -1.87237e-16
0.0360463 -0.00126729 -1.87241e-16
0.0360508 -0.001268 -1.87245e-16
0.0360554 -0.0012687 -1.87249e-16
0.0360599 -0.00126941 -1.87253e-16
0.0360644 -0.00127012 -1.87257e-16
0.0360689 -0.00127083 -1.87261e-16
0.0360734 -0.00127154 -1.87265e-16
0.0360779 -0.00127224 -1.87269e-16
0.0360825 -0.00127295 -1.87273e-16
0.036087 -0.00127366 -1.87277e-16
0.0360915 -0.00127437 -1.87282e-16
0.036096 -0.00127508 -1.87286e-16
0.0361006 -0.00127579 -1.8729e-16
0.0361051 -0.00127649 -1.87294e-16
0.0361096 -0.0012772 -1.87298e-16
0.0361141 -0.00127791 -1.87302e-16
0.0361187 -0.00127862 -1.87306e-16
0.0361232 -0.00127933 -1.8731e-16
0.0361277 -0.00128004 -1.87314e-16
0.0361323 -0.00128075 -1.87318e-16
0.0361368 -0.00128146 -1.87323e-16
0.0361414 -0.00128217 -1.87327e-16
0.0361459 -0.00128289 -1.87331e-16
0.0361505 -0.0012836 -1.87335e-16
0.036155 -0.00128431 -1.87339e-16
0.0361596 -0.00128502 -1.87343e-16
0.0361641 -0.00128574 -1.87347e-16
0.0361687 -0.00128645 -1.87351e-16
0.0361733 -0.00128716 -1.87355e-16
0.0361778 -0.00128788 -1.8736e-16
0.0361824 -0.00128859 -1.87364e-16
0.036187 -0.00128931 -1.87368e-16
0.0361916 -0.00129002 -1.87372e-16
0.0361961 -0.00129072 -1.87377e-16
0.0362003 -0.00129136 -1.87381e-16
0.0362046 -0.001292 -1.87371e-16
0.036209 -0.00129265 -1.87375e-16
0.0362133 -0.00129329 -1.87379e-16
0.0362177 -0.00129394 -1.87383e-16
0.0362221 -0.00129459 -1.87386e-16
0.0362265 -0.00129525 -1.8739e-16
0.0362309 -0.0012959 -1.87394e-16
0.0362354 -0.00129655 -1.87398e-16
0.0362398 -0.00129721 -1.87402e-16
0.0362443 -0.00129787 -1.87406e-16
0.0362487 -0.00129852 -1.8741e-16
0.0362532 -0.00129918 -1.87414e-16
0.0362576 -0.00129984 -1.87418e-16
0.0362621 -0.0013005 -1.87421e-16
0.0362666 -0.00130116 -1.87425e-16
0.0362711 -0.00130183 -1.87429e-16
0.0362756 -0.00130249 -1.87433e-16
0.0362801 -0.00130316 -1.87437e-16
0.0362846 -0.00130382 -1.87441e-16
0.0362892 -0.00130449 -1.87445e-16
0.0362937 -0.00130516 -1.87449e-16
0.0362982 -0.00130583 -1.87453e-16
0.0363028 -0.0013065 -1.87457e-16
0.0363074 -0.00130718 -1.87461e-16
0.036312 -0.00130785 -1.87465e-16
0.0363165 -0.00130853 -1.87469e-16
0.0363211 -0.00130921 -1.87473e-16
0.0363257 -0.00130989 -1.87477e-16
0.0363303 -0.00131057 -1.87481e-16
0.036335 -0.00131125 -1.87485e-16
0.0363396 -0.00131193 -1.87489e-16
0.0363442 -0.00131262 -1.87493e-16
0.0363489 -0.00131331 -1.87498e-16
0.0363536 -0.001314 -1.87502e-16
0.0363583 -0.00131469 -1.87506e-16
0.036363 -0.00131538 -1.8751e-16
0.0363677 -0.00131607 -1.87514e-16
0.0363724 -0.00131677 -1.87518e-16
0.0363772 -0.00131747 -1.87523e-16
0.0363819 -0.00131817 -1.87527e-16
0.0363867 -0.00131887 -1.87531e-16
0.0363915 -0.00131958 -1.87535e-16
0.0363962 -0.00132028 -1.87539e-16
0.036401 -0.00132099 -1.87544e-16
0.0364059 -0.0013217 -1.87548e-16
0.0364107 -0.00132241 -1.87552e-16
0.0364155 -0.00132312 -1.87557e-16
0.0364204 -0.00132384 -1.87561e-16
0.0364252 -0.00132456 -1.87565e-16
0.0364301 -0.00132528 -1.8757e-16
0.036435 -0.001326 -1.87574e-16
0.0364399 -0.00132672 -1.87578e-16
0.0364449 -0.00132745 -1.87583e-16
0.0364498 -0.00132818 -1.87587e-16
0.0364548 -0.00132891 -1.87592e-16
0.0364597 -0.00132964 -1.87596e-16
0.0364647 -0.00133038 -1.87601e-16
0.0364697 -0.00133112 -1.87605e-16
0.0364748 -0.00133186 -1.8761e-16
0.0364798 -0.0013326 -1.87614e-16
0.0364849 -0.00133335 -1.87619e-16
0.0364899 -0.0013341 -1.87623e-16
0.036495 -0.00133485 -1.87628e-16
0.0365001 -0.0013356 -1.87633e-16
0.0365052 -0.00133636 -1.87637e-16
0.0365104 -0.00133712 -1.87642e-16
0.0365155 -0.00133787 -1.87647e-16
0.0365207 -0.00133864 -1.87651e-16
0.0365258 -0.0013394 -1.87656e-16
0.036531 -0.00134017 -1.87661e-16
0.0365364 -0.00134094 -1.87667e-16
0.0365415 -0.00134168 -1.87663e-16
0.0365467 -0.00134243 -1.87658e-16
0.0365519 -0.00134318 -1.87654e-16
0.0365571 -0.00134393 -1.87649e-16
0.0365623 -0.00134468 -1.87645e-16
0.0365675 -0.00134544 -1.8764e-16
0.0365727 -0.00134619 -1.87636e-16
0.036578 -0.00134695 -1.87631e-16
0.0365831 -0.00134768 -1.87654e-16
0.036588 -0.00134836 -1.87649e-16
0.036593 -0.00134905 -1.87644e-16
0.036598 -0.00134974 -1.8764e-16
0.0366031 -0.00135044 -1.87635e-16
0.0366082 -0.00135113 -1.8763e-16
0.0366133 -0.00135184 -1.87625e-16
0.0366184 -0.00135254 -1.87621e-16
0.0366236 -0.00135325 -1.87616e-16
0.0366288 -0.00135395 -1.87611e-16
0.036634 -0.00135466 -1.87607e-16
0.0366392 -0.00135538 -1.87602e-16
0.0366444 -0.00135609 -1.87597e-16
0.0366497 -0.00135681 -1.87592e-16
0.036655 -0.00135753 -1.87588e-16
0.0366602 -0.00135825 -1.87583e-16
0.0366655 -0.00135898 -1.87578e-16
0.0366709 -0.0013597 -1.87573e-16
0.0366762 -0.00136043 -1.87569e-16
0.0366816 -0.00136117 -1.87564e-16
0.0366869 -0.0013619 -1.87559e-16
0.0366923 -0.00136264 -1.87555e-16
0.0366977 -0.00136338 -1.8755e-16
0.0367032 -0.00136412 -1.87545e-16
0.0367086 -0.00136486 -1.8754e-16
0.0367141 -0.00136561 -1.87535e-16
0.0367195 -0.0013663 -2.22154e-16
0.0367248 -0.00136698 1.30909e-15
0.0367302 -0.00136766 2.65956e-16
0.0367356 -0.00136835 8.08811e-15
0.0367409 -0.00136904 1.53476e-14
0.0367464 -0.00136973 2.16347e-14
0.0367518 -0.00137042 1.05777e-14
0.0367572 -0.00137112 -7.44335e-15
0.0367627 -0.00137182 2.69605e-15
0.0367682 -0.00137252 -4.22098e-15
0.0367737 -0.00137322 2.32322e-15
0.0367792 -0.00137393 8.95632e-15
0.0367848 -0.00137464 -1.40241e-14
0.0367903 -0.00137535 5.15385e-15
0.0367959 -0.00137606 8.41967e-15
0.0368015 -0.00137677 -7.93191e-15
0.0368071 -0.00137749 1.01818e-14
0.0368127 -0.0013782 3.41035e-14
0.0368183 -0.00137893 3.76083e-14
0.036824 -0.00137965 2.96971e-14
0.0368297 -0.00138037 5.48806e-14
0.0368354 -0.0013811 3.46009e-14
0.0368411 -0.00138183 5.125e-14
0.0368469 -0.00138257 2.49881e-14
0.0368527 -0.0013833 3.62411e-14
0.0368585 -0.00138404 3.55173e-14
0.0368643 -0.00138478 2.90363e-14
0.0368702 -0.00138553 3.52035e-14
0.036876 -0.00138627 -1.07699e-15
0.0368819 -0.00138702 1.17272e-16
0.0368879 -0.00138777 3.78032e-16
0.0368938 -0.00138853 -1.04335e-16
0.0368998 -0.00138929 2.22145e-16
0.0369058 -0.00139005 3.88661e-16
0.0369119 -0.00139082 -3.86962e-16
0.036918 -0.00139159 3.10829e-16
0.0369241 -0.00139236 5.81333e-16
0.0369302 -0.00139314 5.11922e-16
0.0369364 -0.00139392 -1.6029e-16
0.0369426 -0.0013947 7.94177e-16
0.0369488 -0.00139549 -9.22477e-16
0.0369551 -0.00139628 -2.37206e-16
0.0369614 -0.00139707 -4.99346e-16
0.0369677 -0.00139787 1.09548e-15
0.0369741 -0.00139867 -6.35537e-16
0.0369805 -0.00139948 2.29158e-16
0.0369869 -0.00140028 4.09445e-16
0.0369933 -0.00140109 3.51588e-16
0.0369998 -0.00140191 6.08232e-16
0.0370064 -0.00140273 2.33396e-16
0.0370128 -0.00140352 3.7518e-16
0.0370193 -0.00140426 -1.937e-15
0.0370259 -0.00140504 3.54737e-16
0.0370329 -0.00140585 1.20472e-15
0.03704 -0.00140667 6.68083e-16
0.0370466 -0.0014074 -1.12241e-15
0.0370533 -0.00140814 -5.40109e-16
0.0370602 -0.00140888 1.76969e-15
0.0370671 -0.00140964 -3.33651e-15
0.0370741 -0.00141039 5.33691e-16
0.0370811 -0.00141115 3.19689e-16
0.0370882 -0.00141192 -4.95021e-16
0.0370953 -0.00141269 2.62863e-15
0.0371025 -0.00141347 8.81552e-16
0.0371097 -0.00141425 -4.63601e-16
0.037117 -0.00141503 2.47866e-15
0.0371243 -0.00141581 -1.35441e-15
0.0371317 -0.0014166 1.13093e-15
0.0371391 -0.0014174 2.60356e-15
0.0371465 -0.00141819 1.03179e-15
0.037154 -0.00141899 2.22431e-15
0.0371615 -0.0014198 2.39587e-15
0.0371691 -0.00142061 5.2883e-16
0.0371767 -0.00142142 3.85601e-16
0.0371844 -0.00142224 2.17555e-15
0.0371921 -0.00142306 2.37813e-15
0.0371999 -0.00142388 1.22381e-15
0.0372077 -0.00142471 1.48227e-15
0.0372156 -0.00142555 5.78969e-16
0.0372235 -0.00142638 1.03721e-15
0.0372315 -0.00142724 -6.25797e-16
0.0372396 -0.00142811 -1.38231e-15
0.0372478 -0.00142898 1.30231e-15
0.0372559 -0.00142985 3.01341e-15
0.0372642 -0.00143073 -9.12347e-16
0.0372724 -0.00143161 -2.23059e-15
0.0372808 -0.00143249 -2.37902e-15
0.0372891 -0.00143339 -3.38564e-15
0.0372976 -0.00143428 -1.41e-16
0.0373061 -0.00143518 -2.51084e-15
0.0373146 -0.00143608 8.82531e-16
0.0373232 -0.00143699 5.58247e-16
0.0373319 -0.0014379 1.81187e-15
0.0373406 -0.00143882 3.62179e-15
0.0373493 -0.00143974 2.09771e-15
0.037358 -0.00144061 -2.38721e-15
0.0373667 -0.00144146 -9.33802e-16
0.0373755 -0.0014423 5.08852e-17
0.0373842 -0.00144316 6.06665e-16
0.0373931 -0.00144401 1.1891e-15
0.0374019 -0.00144487 2.76517e-16
0.0374115 -0.00144583 -5.23943e-16
0.0374222 -0.00144694 3.01158e-16
0.0374331 -0.00144806 -1.82732e-15
0.037444 -0.00144919 -1.63476e-16
0.0374551 -0.00145033 6.87168e-16
0.0374662 -0.00145148 8.69483e-17
0.0374774 -0.00145263 -3.71063e-15
0.0374888 -0.00145378 -1.19298e-15
0.0375002 -0.00145494 -1.91823e-15
0.0375116 -0.00145611 -1.67474e-15
0.0375231 -0.00145728 -2.04141e-15
0.0375347 -0.00145845 -2.52777e-16
0.0375464 -0.00145963 -9.20704e-16
0.0375581 -0.00146081 -4.27295e-17
0.0375699 -0.00146199 7.15683e-16
0.0375817 -0.00146318 -7.29605e-16
0.0375936 -0.00146437 8.14685e-16
0.0376056 -0.00146556 -5.0204e-16
0.0376176 -0.00146676 9.51768e-16
0.0376297 -0.00146797 2.99301e-15
0.0376419 -0.00146917 -1.30857e-15
0.0376541 -0.00147038 -1.58554e-15
0.0376664 -0.0014716 3.12607e-16
0.0376787 -0.00147281 -1.48791e-15
0.0376912 -0.00147404 3.29352e-16
0.0377037 -0.00147526 -5.97578e-16
0.0377162 -0.00147649 1.73619e-15
0.0377288 -0.00147772 1.04542e-15
0.0377415 -0.00147896 1.34186e-15
0.0377543 -0.0014802 -5.01056e-17
0.0377671 -0.00148145 8.32775e-16
0.03778 -0.00148269 -1.90382e-15
0.0377929 -0.00148394 5.43662e-16
0.0378059 -0.0014852 4.95539e-16
0.037819 -0.00148646 -6.27546e-16
0.0378322 -0.00148772 -1.14691e-15
0.0378454 -0.00148898 -1.45273e-15
0.0378586 -0.00149025 3.6151e-16
0.0378718 -0.00149143 -2.86462e-15
0.037885 -0.00149262 -5.93219e-16
0.0378983 -0.00149381 1.12005e-15
0.0379116 -0.00149501 -2.56445e-15
0.037925 -0.00149621 -3.4362e-15
0.0379383 -0.0014974 -1.93583e-15
0.0379518 -0.0014986 -1.23488e-15
0.0379652 -0.0014998 4.18774e-16
0.0379787 -0.001501 1.62433e-15
0.0379923 -0.0015022 -5.68923e-15
0.0380059 -0.00150341 -1.62304e-15
0.0380196 -0.00150461 -1.0431e-15
0.0380333 -0.00150582 -8.74857e-16
0.0380471 -0.00150703 -2.22954e-16
0.0380609 -0.00150824 -1.18964e-15
0.0380747 -0.00150945 8.36484e-16
0.0380887 -0.00151067 -1.4532e-15
0.0381026 -0.00151188 -6.99344e-16
0.0381167 -0.0015131 1.52653e-16
0.0381307 -0.00151432 -1.37672e-15
0.0381444 -0.00151547 -6.33748e-16
0.0381581 -0.00151663 6.82522e-16
0.038172 -0.00151779 -1.35375e-15
0.0381859 -0.00151895 -1.12891e-15
0.0381999 -0.00152012 -1.09373e-15
0.038214 -0.00152129 3.42864e-16
0.0382295 -0.00152269 3.27664e-15
0.0382462 -0.00152427 9.99425e-16
0.038263 -0.00152586 5.40378e-16
0.03828 -0.00152745 -2.02463e-16
0.0382971 -0.00152906 -1.57742e-15
0.0383143 -0.00153066 -1.10064e-15
0.0383316 -0.00153227 -2.5786e-15
0.038349 -0.00153388 -2.96525e-15
0.0383665 -0.00153549 -2.70308e-15
0.038384 -0.0015371 -2.07492e-15
0.0384016 -0.00153871 -2.77653e-15
0.0384192 -0.00154032 4.04136e-16
0.0384369 -0.00154192 1.6582e-15
0.0384547 -0.00154352 -2.11412e-15
0.0384727 -0.00154511 -8.93837e-16
0.0384908 -0.00154669 -1.18011e-15
0.038509 -0.00154827 -1.44023e-15
0.0385272 -0.00154985 1.96314e-15
0.0385454 -0.00155143 -9.39035e-17
0.0385637 -0.00155301 -9.17093e-16
0.038582 -0.00155458 -1.50106e-15
0.0386004 -0.00155615 1.87491e-16
0.0386188 -0.00155772 -1.8216e-15
0.0386372 -0.00155929 5.04482e-16
0.0386557 -0.00156086 -1.87717e-15
0.0386742 -0.00156242 -4.86958e-16
0.0386927 -0.00156397 2.65855e-15
0.0387113 -0.00156547 -1.31038e-15
0.0387298 -0.00156696 -1.64487e-15
0.0387483 -0.00156845 -9.80817e-16
0.0387668 -0.00156993 1.16747e-15
0.0387859 -0.00157135 3.28963e-15
0.0388051 -0.00157278 -2.15129e-15
0.0388244 -0.0015742 -3.40946e-16
0.0388438 -0.00157562 3.00177e-15
0.0388632 -0.00157704 -2.48768e-16
0.0388827 -0.00157846 -1.16776e-15
0.0389022 -0.00157987 -2.44477e-15
0.0389217 -0.00158128 1.42498e-15
0.0389413 -0.00158268 -8.38032e-17
0.0389609 -0.00158408 5.80353e-16
0.0389806 -0.00158548 1.97109e-16
0.0390003 -0.00158688 3.86717e-15
0.03902 -0.00158827 2.09684e-15
0.0390397 -0.00158965 6.91716e-16
0.0390594 -0.00159104 -1.71659e-15
0.0390792 -0.00159242 2.98744e-16
0.039099 -0.00159379 1.05983e-15
0.0391188 -0.00159516 -3.87774e-15
0.0391387 -0.00159653 3.10422e-16
0.0391585 -0.00159789 -1.04343e-15
0.0391784 -0.00159925 -1.64688e-15
0.0391982 -0.0016006 4.05084e-15
0.0392181 -0.00160195 3.32473e-15
0.039238 -0.00160329 1.45078e-15
0.0392579 -0.00160463 9.15575e-16
0.0392778 -0.00160597 -1.71994e-16
0.0392977 -0.00160729 9.13291e-16
0.0393179 -0.00160858 2.31752e-16
0.0393384 -0.00160985 -6.31076e-16
0.039359 -0.00161112 1.43479e-15
0.0393796 -0.00161238 1.30884e-15
0.0394003 -0.00161364 -2.02553e-15
0.0394211 -0.0016149 -2.43064e-16
0.0394418 -0.00161615 -4.10744e-15
0.0394626 -0.0016174 4.06663e-16
0.0394834 -0.00161864 -3.27799e-16
0.0395042 -0.00161988 1.65949e-15
0.039525 -0.00162111 3.2273e-16
0.0395459 -0.00162234 -6.49977e-16
0.0395685 -0.00162386 4.45882e-15
0.0395923 -0.00162556 -2.30197e-15
0.0396162 -0.00162726 3.02119e-15
0.0396403 -0.00162897 -8.38882e-16
0.0396645 -0.00163067 5.07492e-15
0.0396888 -0.00163238 2.94041e-15
0.0397131 -0.00163407 5.69667e-15
0.0397374 -0.00163577 -7.68035e-16
0.0397618 -0.00163745 -2.66211e-15
0.0397863 -0.00163914 1.10418e-15
0.0398107 -0.00164081 2.33771e-15
0.0398352 -0.00164249 -1.20449e-15
0.0398597 -0.00164415 -4.22932e-15
0.0398842 -0.00164581 -1.90733e-15
0.0399087 -0.00164746 -4.46017e-15
0.0399332 -0.0016491 -2.63489e-15
0.0399577 -0.00165074 -8.77602e-15
0.0399823 -0.00165237 -5.62942e-15
0.0400068 -0.00165399 2.38799e-15
0.0400316 -0.00165553 3.82821e-15
0.0400565 -0.00165709 -2.22603e-16
0.0400814 -0.00165862 2.45635e-15
0.0401065 -0.00166015 6.04698e-15
0.0401315 -0.00166168 6.7575e-15
0.0401566 -0.0016632 -3.36812e-16
0.0401817 -0.00166471 8.84297e-16
0.0402067 -0.00166621 -1.88511e-15
0.0402318 -0.00166771 -7.04116e-15
0.0402569 -0.0016692 -1.63891e-15
0.040282 -0.00167068 -1.15926e-15
0.0403071 -0.00167215 -3.90364e-15
0.0403321 -0.00167362 -4.32773e-15
0.0403572 -0.00167507 6.41874e-16
0.0403822 -0.00167652 -2.43997e-15
0.0404072 -0.00167797 -3.64247e-15
0.0404322 -0.0016794 -2.22472e-15
0.0404573 -0.00168082 5.99821e-16
0.0404824 -0.00168221 9.30713e-15
0.0405074 -0.0016836 5.40755e-15
0.0405323 -0.00168497 3.30535e-15
0.0405572 -0.0016863 -1.05119e-15
0.040582 -0.00168765 6.83798e-16
0.0406069 -0.00168899 -1.38408e-15
0.0406317 -0.00169032 -5.47692e-15
0.0406564 -0.00169164 -5.5166e-15
0.0406812 -0.00169296 -1.0122e-14
0.0407059 -0.00169427 -1.68305e-14
0.0407307 -0.00169557 -8.24177e-15
0.0407554 -0.00169687 6.83886e-15
0.0407801 -0.00169815 6.87432e-15
0.0408048 -0.00169947 8.93456e-16
0.0408295 -0.00170074 2.52193e-15
0.0408542 -0.00170201 4.0468e-15
0.0408789 -0.00170327 -9.98839e-16
0.0409036 -0.00170453 2.84641e-15
0.0409283 -0.00170578 -2.94798e-15
0.040953 -0.00170703 1.20692e-17
0.0409776 -0.00170821 6.68995e-16
0.0410023 -0.00170937 2.57452e-15
0.041027 -0.00171054 -3.75322e-15
0.0410518 -0.0017117 -2.5169e-15
0.0410766 -0.00171286 -1.75368e-15
0.0411014 -0.00171401 -1.89415e-15
0.0411262 -0.00171515 4.70143e-15
0.041151 -0.00171629 -1.93627e-16
0.0411759 -0.00171742 4.92043e-16
0.0412007 -0.00171855 -1.95758e-15
0.0412255 -0.00171967 -3.8832e-15
0.0412502 -0.00172078 -1.71145e-15
0.041275 -0.00172189 4.14119e-16
0.0412997 -0.00172299 -5.85233e-16
0.0413245 -0.00172409 -1.69989e-16
0.0413492 -0.00172518 -1.90106e-15
0.0413739 -0.00172626 -4.09675e-15
0.0413986 -0.00172734 -3.83675e-15
0.0414233 -0.00172841 2.07979e-15
0.0414479 -0.00172948 -2.38608e-15
0.0414726 -0.00173054 1.47331e-15
0.0414972 -0.0017316 1.33239e-16
0.0415218 -0.00173265 4.78504e-16
0.0415464 -0.00173369 2.46301e-15
0.041571 -0.00173473 1.75701e-15
0.0415955 -0.00173577 1.60269e-15
0.0416201 -0.0017368 -9.07641e-16
0.0416446 -0.00173782 -2.19218e-15
0.0416691 -0.00173884 -5.60411e-16
0.0416936 -0.00173986 2.39382e-16
0.041718 -0.00174087 -2.8824e-15
0.0417425 -0.00174187 1.64908e-16
0.0417669 -0.00174287 -3.54309e-15
0.0417913 -0.00174387 -4.44608e-17
0.0418157 -0.00174486 -3.82006e-15
0.0418401 -0.00174584 -5.3487e-15
0.0418645 -0.00174682 -4.93788e-15
0.0418888 -0.0017478 3.17847e-15
0.0419131 -0.00174877 -3.89365e-15
0.0419374 -0.00174974 -2.08162e-15
0.0419617 -0.0017507 1.66148e-15
0.0419859 -0.00175165 -1.38632e-15
0.0420102 -0.00175261 2.83665e-16
0.0420344 -0.00175355 -1.44579e-15
0.0420586 -0.0017545 3.51359e-15
0.0420828 -0.00175543 2.62757e-15
0.0421069 -0.00175637 9.46693e-16
0.042131 -0.0017573 -3.45382e-15
0.0421551 -0.00175822 -1.58097e-15
0.0421791 -0.00175913 -8.50362e-16
0.0422028 -0.00175999 -1.52343e-15
0.0422265 -0.00176086 2.11386e-15
0.0422503 -0.00176171 8.87797e-16
0.042274 -0.00176257 8.74463e-16
0.0422978 -0.00176342 5.67168e-16
0.0423215 -0.00176426 -9.22862e-16
0.0423452 -0.0017651 -1.52346e-15
0.0423688 -0.00176593 -3.35477e-15
0.0423925 -0.00176676 -3.08299e-15
0.0424161 -0.00176758 -2.28416e-15
0.0424396 -0.0017684 -7.48178e-16
0.0424631 -0.00176922 -3.66393e-15
0.0424866 -0.00177003 -3.27469e-15
0.0425101 -0.00177083 1.99677e-15
0.0425335 -0.00177163 -2.86578e-15
0.0425569 -0.00177243 -9.01863e-16
0.0425802 -0.00177322 -2.74467e-15
0.0426036 -0.00177401 3.70874e-16
0.0426268 -0.00177479 -2.9576e-15
0.0426501 -0.00177558 -4.21125e-16
0.0426733 -0.00177635 4.14206e-15
0.0426965 -0.00177712 -6.73144e-16
0.0427197 -0.00177789 -1.12076e-15
0.0427428 -0.00177866 1.00481e-15
0.0427659 -0.00177942 6.99455e-16
0.042789 -0.00178018 -9.14075e-16
0.042812 -0.00178093 -4.01762e-16
0.042835 -0.00178168 1.92382e-15
0.042858 -0.00178243 -1.01763e-15
0.0428809 -0.00178317 -2.24285e-15
0.0429038 -0.00178391 -4.17569e-15
0.0429286 -0.00178488 -3.2518e-15
0.0429534 -0.00178586 -5.10844e-16
0.0429783 -0.00178684 -1.98336e-16
0.0430033 -0.00178782 -1.56147e-15
0.0430283 -0.0017888 -1.63325e-15
0.0430532 -0.00178978 -2.15426e-15
0.0430782 -0.00179076 2.10121e-15
0.0431032 -0.00179173 4.86286e-16
0.0431281 -0.0017927 6.77631e-16
0.0431531 -0.00179367 -4.84969e-16
0.043178 -0.00179464 2.6147e-15
0.0432029 -0.0017956 -6.38968e-16
0.0432277 -0.00179657 1.01868e-15
0.0432525 -0.00179752 8.86293e-16
0.0432773 -0.00179848 1.68809e-15
0.0433021 -0.00179943 1.72385e-15
0.0433268 -0.00180037 -1.91383e-15
0.0433515 -0.00180131 -8.73479e-16
0.0433761 -0.00180225 3.43201e-16
0.0434007 -0.00180319 1.36412e-16
0.0434253 -0.00180412 4.08897e-16
0.0434499 -0.00180505 3.58571e-16
0.0434744 -0.00180597 -1.28256e-15
0.0434988 -0.00180689 -1.82228e-15
0.0435233 -0.00180781 1.22015e-16
0.0435477 -0.00180872 -2.94849e-16
0.043572 -0.00180963 8.74023e-16
0.0435963 -0.00181053 -1.10271e-15
0.0436208 -0.00181144 -7.66586e-16
0.0436453 -0.00181235 -1.04488e-15
0.0436697 -0.00181325 -4.62332e-16
0.043694 -0.00181414 -1.6613e-15
0.0437182 -0.00181502 2.55761e-16
0.0437423 -0.00181589 1.27282e-16
0.0437664 -0.00181676 -3.01478e-16
0.0437904 -0.00181762 6.71591e-16
0.0438143 -0.00181848 -2.82716e-15
0.0438382 -0.00181933 -1.09809e-16
0.043862 -0.00182017 4.55788e-16
0.0438857 -0.00182101 -1.91633e-17
0.0439094 -0.00182185 9.30359e-16
0.043933 -0.00182268 -5.43594e-16
0.0439566 -0.0018235 -1.48806e-15
0.0439801 -0.00182432 -2.45215e-15
0.0440036 -0.00182514 -1.6885e-16
0.0440267 -0.00182593 -1.81646e-15
0.0440491 -0.00182669 -5.45742e-16
0.0440715 -0.00182743 -1.13378e-15
0.0440938 -0.00182817 -6.70145e-16
0.0441161 -0.00182891 5.17486e-16
0.0441383 -0.00182963 -1.52325e-15
0.0441604 -0.00183036 2.56414e-16
0.0441824 -0.00183107 5.13153e-16
0.0442044 -0.00183179 -1.78437e-16
0.0442263 -0.00183249 -1.52418e-15
0.0442481 -0.0018332 -4.64592e-16
0.0442699 -0.00183389 1.09848e-15
0.0442917 -0.00183459 3.03658e-17
0.0443133 -0.00183528 2.76427e-16
0.044335 -0.00183597 -9.23583e-16
0.0443565 -0.00183665 1.96178e-16
0.044378 -0.00183733 1.08185e-15
0.0444001 -0.00183804 -3.11824e-16
0.044422 -0.00183874 -2.99669e-16
0.0444438 -0.00183943 -4.53392e-16
0.0444654 -0.00184012 -3.66372e-16
0.044487 -0.00184079 -3.20065e-16
0.0445084 -0.00184146 -2.89967e-16
0.0445297 -0.00184212 -3.81501e-16
0.044551 -0.00184278 -2.64654e-16
0.0445721 -0.00184343 -3.31184e-16
0.0445932 -0.00184407 -3.12681e-16
0.0446142 -0.00184471 -2.12069e-16
0.0446351 -0.00184534 -2.44451e-16
0.0446559 -0.00184597 -3.37504e-16
0.0446766 -0.00184659 -1.7596e-16
0.0446973 -0.00184721 -3.28005e-16
0.0447179 -0.00184783 -3.54216e-16
0.0447384 -0.00184844 -5.17825e-16
0.0447589 -0.00184905 -3.50174e-16
0.0447792 -0.00184965 -4.9607e-16
0.0447996 -0.00185025 -3.48361e-16
0.0448198 -0.00185084 -3.77573e-16
0.04484 -0.00185144 -2.41453e-16
0.0448601 -0.00185202 -4.05996e-16
0.0448801 -0.00185261 -3.56284e-16
0.0449001 -0.00185319 -3.52376e-16
0.04492 -0.00185377 -3.78754e-16
0.0449399 -0.00185435 -3.22329e-16
0.0449597 -0.00185492 -3.38405e-16
0.0449794 -0.00185549 -2.46382e-16
0.0449991 -0.00185605 -3.57788e-16
0.0450187 -0.00185661 -3.99977e-16
0.0450383 -0.00185717 -3.14221e-16
0.0450578 -0.00185773 -3.53834e-16
0.0450772 -0.00185829 -4.07011e-16
0.0450966 -0.00185884 -2.73292e-16
0.0451159 -0.00185938 -3.40877e-16
0.0451351 -0.00185993 -4.0364e-16
0.0451543 -0.00186047 -3.56448e-16
0.0451734 -0.00186101 -2.85588e-16
0.0451925 -0.00186155 -2.40573e-16
0.0452114 -0.00186208 -3.97696e-16
0.0452304 -0.00186261 -3.28905e-16
0.0452492 -0.00186314 -3.29047e-16
0.0452479 -0.00186297 2.27817e-13
0.0450789 -0.00185276 -3.59488e-12
0.0450934 -0.00185276 -4.27601e-12
0.0451103 -0.00185459 -3.99254e-12
0.045123 -0.00185539 -3.97088e-12
0.0451338 -0.00185602 -3.96951e-12
0.0451435 -0.00185659 -3.96764e-12
0.0451506 -0.00185686 -4.17714e-12
0.0451596 -0.00185753 -4.07954e-12
0.045166 -0.00185777 -4.33726e-12
0.0451744 -0.0018584 -4.22051e-12
0.0451804 -0.00185866 -4.39953e-12
0.0451884 -0.00185923 -4.31649e-12
0.0451943 -0.0018595 -4.49881e-12
0.0452033 -0.00186028 -3.83406e-12
0.0452087 -0.00186049 -3.85839e-12
0.0452161 -0.00186101 -3.8472e-12
0.0452215 -0.00186123 -4.07513e-12
0.045229 -0.00186177 -3.98684e-12
0.0452346 -0.00186201 -4.1492e-12
